date,open,close,range_pct,oc_move_pct,fh_range_pct,move_0915_1430,move_1430_1525,move_1500_1525,move_1415_1525,range_1430_1525_pct,range_1500_1525_pct,straddle_open_pts,straddle_open_pct,sigma_day,is_expiry,is_monthly,gap_pct,rv20,vol_regime,range20,range_gt_straddle,range_gt_2straddle,close_outside_straddle,last_hour_same_sign
2016-05-27,17372.25,17510.35,1.177452546446196,0.7949459626703348,0.9103599130797764,0.19226064556980837,0.7641196967651309,0.5768993666149802,0.8145105894998839,0.8566183968998697,0.6428471073313943,150.919171460092,0.8687370459214668,0.010761218637812032,False,False,-0.02794873567988354,0.9782926034374574,mid,1.5323710436579971,True,False,False,True
2016-05-30,17646.95,17495.15,1.0265229968918224,-0.8602053045993707,0.9001555509592432,-0.48705300349352054,-0.29895791811400674,-0.16137493727474972,-0.19665963632218286,0.43334662035190785,0.22495552210209804,152.9318910850834,0.8666193936350666,0.010541120620302031,False,False,0.40261902246385706,0.95828369275473,low,1.4976249813427285,True,False,False,True
2016-05-31,17582.0,17593.5,1.0581845068820344,0.06540780343533559,0.8062222727789786,-0.36457740871345123,0.5511505374502512,0.10200892222884672,0.7979971387696683,0.7803446760171067,0.3688233455516805,148.92783780216814,0.8470471948707095,0.010561249286263754,False,False,0.685618585722314,0.9601135714785229,low,1.5026170804444072,True,False,False,False
2016-06-01,17625.6,17453.7,1.5772512708787219,-0.975285947712401,0.5693423202614297,-0.820397603485834,-0.2885990503975755,-0.01491411477559934,-0.3575695559963621,0.5320061781362623,0.2733298342525674,144.50207030779256,0.8198419929409074,0.010179111543442792,False,False,0.4396510074743398,0.9253737766766172,low,1.4466056192802705,True,False,True,True
2016-06-02,17404.3,17564.95,1.4131565187913375,0.9230477525669079,0.4498888205788183,0.5808909292531306,0.27620048670695674,-0.09533024102900134,0.3338029819352162,0.6597964056805328,0.2646481318118437,142.54070534885432,0.8189970602026759,0.01026294473040678,True,False,-0.27816451526037067,0.9329949754915254,low,1.4593659068292988,True,False,True,True
2016-06-03,17672.8,17662.4,0.6365714544384591,-0.058847494454739024,0.5867774206690548,0.09591009913538784,-0.1153210192343157,-0.06928106053750716,-0.25290516338635216,0.266538532200859,0.23555560582751459,147.0506061375536,0.8320730508892399,0.01030598322578636,False,False,0.5251936384675249,0.936907565980578,low,1.4672456141714396,False,False,False,False
2016-06-06,17701.35,17673.2,0.6623788581096922,-0.1590274188126739,0.37002827467961485,-0.28133447448922544,0.1297336494528789,0.08550711096388941,-0.2781578390577577,0.33538131212271494,0.17073108579874943,144.71933642361728,0.8175610132764861,0.010246759500371102,False,False,0.2720468339523441,0.9315235909428272,low,1.4500689860528018,False,False,False,False
2016-06-07,17782.7,17945.65,1.6173022094507705,0.9163400383518816,0.23927750004217171,1.0839186400265488,-0.17357006361454763,0.03344807882597056,0.052969793278401234,0.4812118750851856,0.22187225621230003,139.70629523880962,0.7856303893042654,0.009793435263620654,False,False,0.6416495032025793,0.8903122966927867,low,1.3747463840269027,True,True,True,False
2016-06-08,17906.4,17935.75,0.7796095250860149,0.16390787651341387,0.7237635705669603,0.12341955948709238,0.07195247789832937,-0.08409211149165152,0.002229530126540702,0.26912457818557045,0.21552084203490152,141.8626682940594,0.7922456121501775,0.009924704523696815,False,False,0.170514860147164,0.9022458657906194,low,1.396227482843751,False,False,False,True
2016-06-09,17940.95,17868.35,1.028094944805045,-0.40466084571888494,0.6081060367483246,-0.4512024168173978,0.14165733482642828,0.050905673465262424,0.4157484735770822,0.5142777155655217,0.45563374766449655,140.01231426305003,0.7804063567595363,0.00951919673716119,True,False,0.11178790962182994,0.8653815215601081,low,1.3314404333833072,True,False,False,False
2016-06-10,17839.75,17826.55,1.3242898583220057,-0.07399206827450877,0.40415364565085576,0.15106713939376792,-0.2417905936742737,-0.023278446682550857,-0.06111783968062445,0.40606267525619877,0.16687561176038343,138.87773147457483,0.778473529475328,0.009507144713479283,False,False,-0.21350600363211347,0.8642858830435711,low,1.3288078505787486,True,False,False,False
2016-06-13,17662.1,17608.75,0.7869958838416723,-0.3020592115320242,0.6315783513851653,-0.5707135618074788,0.26734922813231865,0.26021278231236344,0.2533627499822,0.43362393444677483,0.34789936541107175,135.26479689769258,0.765847758181035,0.009343418372339306,False,False,-1.1555797392092115,0.8494016702126641,low,1.3071004093192278,True,False,False,False
2016-06-14,17655.25,17676.15,0.8150550119652671,0.11837838603248052,0.6774188980614955,-0.10988232961868238,0.21036695140865813,-0.028283822502039868,0.5384479727846392,0.6724938123197837,0.20534055136483173,130.49962055488868,0.739154758810488,0.008894411118928202,False,False,0.5122453325761445,0.8085828289934729,low,1.242805268661225,True,False,False,False
2016-06-15,17749.6,17885.4,1.592430251949348,0.7650876639473836,0.5118425203948176,0.4467706314508657,0.4386137114460009,-0.12604784240674016,0.44143052657557025,0.6918542366606943,0.23173840053095854,131.50181095010794,0.7408719686646907,0.008860212537697983,False,False,0.39544810380087725,0.8054738670634529,low,1.23489451423379,True,True,True,True
2016-06-16,17767.5,17645.8,1.5860419304910611,-0.6849584916279738,0.733924299985917,-0.7277332207682563,0.15024208819494067,-0.21296547360810658,-0.09134176241525349,0.5278316381490092,0.33413548445409347,130.19216254436833,0.7327545380293701,0.008990248102862473,True,False,-0.3231686179789306,0.8172952820784065,low,1.2542201688376071,True,True,False,False
2016-06-17,17796.55,17685.5,1.4168476474372924,-0.6239973478005534,0.5234160553590524,-0.7360977268065949,0.20803201711805386,-0.00028244837549928903,-0.03726939561464748,0.7126865566031143,0.3070213841665213,129.7979790850368,0.7293434912105817,0.009138055155982145,False,False,0.7168844710922606,0.8307322869074677,low,1.276335678116449,True,False,False,False
2016-06-20,17533.95,17708.9,2.0143778213123724,0.997778595239529,1.6011794261988885,1.2789474134464962,-0.299016792242468,-0.07280731459533563,-0.1652156261277682,0.45190390917998446,0.21080257365390306,132.19514440889725,0.7539381851145763,0.009256237037436017,False,False,-1.4684345933109078,0.841476094312365,low,1.2967349906849586,True,True,True,False
2016-06-21,17690.1,17585.65,1.004234006591245,-0.590443242265426,0.8224939372869573,-0.0777270902934446,-0.33293072382023503,-0.25110619782184873,-0.2973958760727813,0.4794541859603369,0.34594337512775947,134.16328651673757,0.7584088643746365,0.009486128432209235,False,False,0.29787282101090273,0.8623753120190213,low,1.3267782922293847,True,False,False,True
2016-06-22,17642.55,17610.8,1.343910035680775,-0.1799626471230109,0.9015136700760337,-0.3559576138369991,0.3191171660575254,0.1615797903154137,0.4050738128177356,0.37912939603806345,0.2777241387144124,138.23421190941735,0.7835273920687053,0.009527589664282535,False,False,0.13903381450215413,0.8661445149347758,low,1.3364768049163547,True,False,False,False
2016-06-23,17621.8,17897.6,1.6825749923390347,1.565106856280285,0.3087085314780638,1.046714864542797,0.5357669357669348,0.09617293235184565,0.8049575700924017,0.7281151281151363,0.18591569771505412,127.44279648752399,0.7232110027779455,0.008984606718457964,True,False,0.11356667499489159,0.816782428950724,low,1.2755631967123813,True,True,True,True
2016-06-24,17215.9,17413.75,2.9754471157476514,1.149228329625518,1.5244628512015097,0.6197759048321538,0.6058559338667502,0.13962909226723497,0.033578812630219446,0.8257998221975874,0.4280809618893023,117.03110626758826,0.6797850026288967,0.008473474924234795,False,False,-3.8203446272125907,0.770315902203163,low,1.2273093523233352,True,True,True,True
2016-06-27,17427.1,17503.6,1.5200463645701319,0.43897148693701205,1.125545845263994,0.5459887187197143,-0.09673415229208837,-0.10642577729337299,0.019997943068705837,0.38180028249795445,0.1629198896367501,132.2356990861117,0.758793483058637,0.009388816228272293,False,False,-0.3873375924197897,0.8535287480247539,low,1.3171456920809064,True,True,False,False
2016-06-28,17548.45,17558.3,0.8200154429593579,0.05613031350346631,0.6447862916667937,0.016810601506112022,-0.020226306733384103,-0.11697138043306188,-0.08170958080423452,0.24214592568114224,0.21003620136152307,138.83548000984592,0.7911552302901163,0.009531207508152874,False,False,-0.004570488356681057,0.8664734098320793,low,1.3419829087007005,True,False,False,False
2016-06-29,17624.05,17685.35,0.842314904916865,0.34782016619334666,0.40229118732641733,0.5750664574828201,-0.20620127049321146,-0.161141025206879,-0.10645086600745701,0.2964672165367172,0.24495693499044904,134.58754150911773,0.7636584185196804,0.009479424357054102,False,False,0.47812145822774266,0.861765850641282,low,1.3302808119577025,True,False,False,False
2016-06-30,17809.3,17914.0,1.0059351013234537,0.5878950885211731,0.4930008478716136,0.7818948526893355,0.014764423867119625,0.2305987191441483,-0.08182167328105727,0.2869312562853267,0.2713582990413042,131.88531825340579,0.7405418419219497,0.0092690593335873,True,True,0.7913329394103163,0.8426417575988453,low,1.2936924909501557,True,False,False,True
2016-07-01,17990.25,17955.8,0.6628590486513528,-0.19149261405484452,0.5099984713942274,0.3235085671405402,-0.4302308508487007,-0.23372138856043723,-0.4498116552182574,0.523313636351048,0.35085966168690613,131.6519330780502,0.7317960177209889,0.009153219086678184,False,False,0.590041308473821,0.8321108260616531,low,1.273289724333257,False,False,False,False
2016-07-04,18086.9,18104.7,0.5061674471578838,0.09841376908148458,0.19738042450611817,0.004699533916796561,0.06993683570373221,0.0298424979276124,0.04919437304813368,0.2659258337825445,0.12904117159437514,132.61212025701752,0.7331943022685894,0.009157326376375518,False,False,0.7571369696699692,0.832484216034138,low,1.2745218174746578,False,False,False,True
2016-07-05,18071.05,18006.7,0.7423475669648496,-0.3560944162071311,0.3923402347954405,-0.2943935189156144,-0.12654117999649772,-0.16311177317478442,-0.056095061690697445,0.337165644069631,0.1936258804013518,133.8443730849176,0.7406563154045703,0.009135470985660076,False,False,0.08285141427364362,0.8304973623327341,low,1.2667214795156918,True,False,False,True
2016-07-07,17999.75,18073.65,0.8197336074112099,0.4105612577952611,0.35361602244476426,0.6994541590855441,-0.16578715797780363,0.13751504503132228,-0.16248231039363015,0.4634316562440519,0.28028720446025457,127.65114789107975,0.709182893601743,0.008888246146149595,True,False,0.16438325734309256,0.8080223769226904,low,1.2228918210717092,True,False,False,False
2016-07-08,18059.3,18008.65,0.9319298090180642,-0.28046491281499275,0.9319298090180642,-0.33389998504924634,0.07361520084450124,-0.007494337611568813,0.14984459530840155,0.3472415134174121,0.12684860327751557,132.41039147646006,0.7331978065398994,0.008895630319692177,False,False,0.024344833500689056,0.8086936654265615,low,1.224966432711539,True,False,False,False
2016-07-11,18291.3,18398.9,0.9083553383302525,0.58825780562346,0.6216069934887117,0.29030194682719834,0.29981901833802116,0.14287152720138252,0.10963450630467886,0.3616907612132432,0.23893562072916974,129.70554423207795,0.7091105838955021,0.008872559625934332,False,False,1.4409741985101698,0.8065963296303937,low,1.2201523607791154,True,False,False,True
2016-07-12,18507.8,18661.4,1.189768638087729,0.8299203579031689,0.3695739093787563,0.5286960092501625,0.3060898168029347,0.11211423850827629,0.4053854120432021,0.4735120783202873,0.23495711228052846,129.47435681136994,0.6995664358344587,0.008759500354595164,False,False,0.7008571164580424,0.7963182140541057,low,1.199377724645829,True,False,True,True
2016-07-13,18699.0,18611.0,0.884271886197115,-0.4706134017861907,0.6037756029734094,-0.2684635542007596,-0.19974475569474182,-0.046186523739077945,-0.11163379820580133,0.3512290335034962,0.19360746288294814,132.13842405507967,0.7066603778548568,0.008856305090625582,False,False,0.23310148220390126,0.8051186446023255,low,1.219359198197639,True,False,False,True
2016-07-14,18601.55,18835.9,1.616531955670365,1.2598412497883293,0.47361644594132507,1.3705847093387513,-0.00556837164903401,0.026259250417770552,0.11149781384642843,0.27921406411582983,0.17638789422031245,131.66883338043408,0.7078379671609843,0.008871440677190876,True,False,0.12089624415667632,0.8064946070173523,low,1.2229067173370554,True,True,True,False
2016-07-15,18870.9,18954.7,1.291141387003258,0.4440699701657058,0.7024042308528099,0.6457031726096796,-0.21850442932171976,-0.11568949887209579,-0.12437515975092239,0.3351278777428306,0.25456960344065793,135.7916999177096,0.7195825313986592,0.008878334586457209,False,False,0.27606857118587236,0.8071213260415643,low,1.2239572850499127,True,False,False,False
2016-07-18,19010.0,18890.9,1.4360862703840083,-0.6265123619147772,0.559968437664391,0.19805365597054259,-0.7628237604114019,-0.3555651614671751,-0.8448125727834599,0.848661120925686,0.41776929646069016,133.22627374937838,0.7008220607542262,0.00877006126594325,False,False,0.23002210533533685,0.7972782969039317,low,1.2094214948968889,True,True,False,False
2016-07-19,18957.9,18925.85,1.0362434657847162,-0.16905880925631722,0.7202801998111759,-0.5441003486673202,0.21851257640648214,0.042619878334804184,0.19194315937380857,0.476537742478678,0.3293113580652202,137.0929632979778,0.7231442475061995,0.008774332968832139,False,False,0.419514157610279,0.7976666335301944,low,1.2103309831196485,True,False,False,False
2016-07-20,18929.6,18960.5,0.6864909982250059,0.1632364128137942,0.6014390161440399,0.3399437917335879,-0.17058063225395825,-0.10904924337210575,-0.1529704169431101,0.2640314415906194,0.205981904147307,128.95787247863063,0.6812498546119867,0.008399549016735864,False,False,-0.15349376646226487,0.7635953651578058,low,1.1607657144206354,True,False,False,False
2016-07-21,18986.95,18665.05,1.8736553264215683,-1.6953749812371188,0.5211474196750965,-1.2250519435717755,-0.5249448794546141,-0.21101503849886294,-0.6721807673775393,0.6665120358743438,0.34286600678779583,126.65303464486897,0.6670530793248466,0.008329099874701295,True,False,0.03639144537328498,0.7571908977001177,low,1.145140412520166,True,True,True,True
2016-07-22,18671.9,18706.35,0.9859735752655175,0.18450184501843658,0.8282499370712216,0.08863586458796036,0.0034780840572512517,-0.02433981592681045,-0.1887905919800148,0.2900187013904349,0.2899380270840672,129.54567617660814,0.6938001819665279,0.008557187901897731,False,False,0.1754616248014429,0.7779261728997936,low,1.171600416720001,True,False,False,True
2016-07-25,18592.2,18972.95,2.4916362775787695,2.047901808285202,0.6731317434192912,2.2885941416292743,-0.2584434500491728,-0.2419200033658475,-0.11716199422878715,0.3341623855671449,0.29451130844537476,123.64781359362678,0.6650520841730767,0.00832290090681259,False,False,-0.595519703202374,0.7566273551647809,low,1.1367450030733823,True,True,True,False
2016-07-26,18942.0,18857.85,1.2126491394784116,-0.44425087108014294,0.5466687783760916,0.2824411360996759,-0.7438603879866279,-0.3762139769833195,-0.8433015769502727,1.0123450290858322,0.6676212920202402,124.63231949513829,0.6579681105223223,0.007947594755594208,False,False,0.032414569162919626,0.7225086141449278,low,1.1125183194860724,True,False,False,False
2016-07-27,18942.95,19002.75,1.280687538107837,0.31568472703564776,1.2479576834653603,0.14834014765385817,0.22455267367911258,0.28931155980338463,0.1374584925385447,0.6180469715698393,0.47365867037997805,123.19527003726398,0.6503489162842322,0.007833599629395841,False,False,0.2683232712106687,0.7121454208541673,low,1.0966759121125098,True,False,False,True
2016-07-28,19097.7,19083.15,0.6699759656922075,-0.07618718484424525,0.451101441534833,-0.29637076716045874,0.08402875884272465,-0.129442715047845,0.09611950333003882,0.4563811964644785,0.2588854300956818,121.40281798633623,0.6356933975627234,0.007965866289274141,True,True,0.2507531804607277,0.7241696626612855,low,1.1197194164491302,True,False,False,False
2016-07-29,19060.05,18950.35,0.8265980414532119,-0.575549382084517,0.7938069417446592,-0.6833665179262427,0.1693097655548259,0.08497948088621587,0.1687806063423336,0.31590402434258635,0.2074343850204025,124.9167466643903,0.6553851992224067,0.007930654151416205,False,False,-0.18917212305097353,0.720968559219655,low,1.1112290904466657,True,False,False,False
2016-08-01,19056.65,18771.8,2.3304200895750227,-1.4947537998546534,0.95504718825187,-1.8127530284703819,0.2682885116935374,0.2779351555902476,0.10270966778092028,0.4390418572833266,0.3466172084620487,125.00885438895148,0.6559854664327228,0.007887186225771843,False,False,-0.28416361703080817,0.717016929615622,low,1.1023355923516427,True,True,True,False
2016-08-02,18730.6,18726.2,1.039475510661702,-0.023490971992345955,0.8267220484127501,-0.26774369214012106,0.21573356102235763,0.05397995259384114,0.1583637175882613,0.4665305171984693,0.21912654023243444,130.21847251389136,0.6952178387979636,0.008564823140846445,False,False,0.06286024781854138,0.7786202855314949,low,1.186755339516108,True,False,False,False
2016-08-03,18696.2,18585.5,1.2382195312416426,-0.5920989291941736,0.7945464853820718,-0.06391673174228618,-0.465900424154031,-0.4054003395294825,-0.510628509066402,0.8202095347685885,0.7730454294726504,129.3625858804553,0.691919138009089,0.008668684196063557,False,False,-0.24164005510994846,0.7880621996421415,low,1.213280877566423,True,False,False,True
2016-08-04,18662.1,18627.7,1.507065121288601,-0.1843308095015983,1.4331184593373776,-0.9468387802015643,0.7830504073484956,0.4900400770255775,0.9129761234129452,0.8882685795276114,0.6362160383617348,134.52165578344193,0.7208280728505471,0.008792064511262047,True,False,0.7500470797126901,0.7992785919329133,low,1.238224673468884,True,True,False,False
2016-08-05,18761.3,18903.1,1.252045433951813,0.7558111644715426,0.7166347747757391,0.5764525912383522,0.22099213278605756,0.0481429262963573,0.2946074375782315,0.4115117292766957,0.24045010990871746,138.25518807209482,0.7369168878067875,0.008991299994418974,False,False,0.523414055412097,0.8173909085835429,low,1.2724215859113825,True,False,True,True
2016-08-08,19003.8,18912.65,0.6982813963523123,-0.47964091392246333,0.5825150759321859,-0.2625790631347269,-0.1965294741451573,-0.27781658306688106,-0.32615768854837857,0.3658877592474295,0.36558975399788896,137.6023374293909,0.724078012973147,0.00907370701741716,False,False,0.4425200099454685,0.8248824561288327,low,1.2885963854843265,False,False,False,True
2016-08-09,18912.05,18927.55,0.8965183573436138,0.08195832815585113,0.39472188366677047,0.16867552697883426,-0.018739492027797233,0.09724130641581841,0.07053397122109839,0.22856901543764246,0.2288341612937283,136.60991055174054,0.7223432179575485,0.009033670734666764,False,False,0.29609811422512955,0.8212427940606148,low,1.2780664861467455,True,False,False,False
2016-08-10,18962.65,18624.75,1.9722981756241875,-1.7819239399556541,1.342639346293891,-1.3713800550028798,-0.3301679980323602,-0.2413578116178261,-0.10744390677835947,0.36759594922631084,0.32671606206802045,138.96581604651146,0.7328396402744946,0.008960588750586416,False,False,0.20763384590187783,0.8145989773260378,low,1.2633345930504567,True,True,True,True
2016-08-11,18583.35,18657.7,0.8722862131962331,0.4000893272741557,0.4805376856164411,0.11542590544761921,0.22171697626418574,0.09689714408416261,0.4714807999547377,0.42945906432749326,0.23593515138501572,139.1660344052416,0.7488748498265468,0.0093386774930199,True,False,-0.020134498449642102,0.8489706811836272,low,1.3177280164259062,True,False,False,True
2016-08-12,18726.75,18931.65,1.5544608648056846,1.0941567543754305,0.5868610410241917,1.1758580639993577,0.026389471656385055,-0.05379136859481326,-0.04772955012920521,0.318257028176035,0.2299317324248492,137.89428195596338,0.7363492434937369,0.009123645390380993,False,False,0.2176045278892813,0.8294223082164539,low,1.280566134684967,True,True,True,True
2016-08-16,19001.05,18976.65,1.1715142057938828,-0.1284139560708386,0.5036563768844392,-0.19288407745886582,0.1260256058720488,-0.2039196724671566,0.31301095406266466,0.5225580561472999,0.3316322508422313,139.6252708559132,0.7348292376258848,0.00920983995136768,False,False,0.5147464695364423,0.8372581773970618,low,1.2939084708200024,True,False,False,False
2016-08-17,18980.0,19031.05,0.9062170706006323,0.26896733403583006,0.3751317175974749,0.23551106427819324,0.05151198179209615,-0.1096801956400939,0.09175976294957255,0.423396952382951,0.2167364631548165,139.238695264552,0.733607456609863,0.00912891181091058,False,False,0.34041835624305516,0.8299010737191436,low,1.2805493032901905,True,False,False,True
2016-08-18,19146.8,19335.3,1.4856268410387155,0.9844987151899964,0.9134685691603895,0.9852821359182862,0.05740750797109673,-0.07308620039565561,0.20977879990986548,0.2182519672415213,0.12680326641081816,143.804991293694,0.7510654067191072,0.00909757332890632,True,False,0.33261433289282216,0.8270521208096654,low,1.2739356898628869,True,False,True,True
2016-08-19,19415.85,19424.0,0.6705861448249792,0.04197601444182464,0.542855450572588,-0.18927834732963555,0.17080256565062957,0.03297983077226174,0.0729454764783144,0.3338648337642137,0.18061610446361023,144.58978044088872,0.7446997192545715,0.009301442441183154,False,False,0.4328869994259188,0.8455856764711958,low,1.3140369457531873,False,False,False,False
2016-08-22,19392.7,19337.05,1.23989954983061,-0.286963651270844,1.0617397268044235,-0.16836232190464706,-0.16089834478731913,-0.013190940151930342,-0.32616290612438315,0.3631188969036904,0.24442036163867686,138.28894798344845,0.7130979594561275,0.008927773702244455,False,False,0.04427512355846819,0.8116157911131322,low,1.2537814874954003,True,False,False,True
2016-08-23,19324.7,19366.85,0.6447706820804575,0.21811464084822152,0.4126842848789373,-0.06157922244589553,0.22316805434738907,0.2795054385696716,0.4147655498172531,0.4515140217886433,0.3569587528721078,140.02688715512159,0.7246005741621944,0.008996602271590173,False,False,-0.13006120375134156,0.8178729337809248,low,1.2664187830134161,False,False,False,False
2016-08-24,19369.8,19346.8,0.5508575204700138,-0.118741546118184,0.4290183688009094,-0.24755031027682284,0.14750140385109134,-0.20242810578866566,0.22686601179391364,0.38738526590363853,0.23414614019887703,130.3660665568077,0.6730377523609314,0.008282645040718718,False,False,-0.042082217810324174,0.7529677309744289,low,1.174115295416748,False,False,False,False
2016-08-25,19419.6,19294.0,0.772158025911969,-0.6467692434447558,0.23378442398400492,-0.43203773507177745,-0.2141117208065979,-0.2762595133801171,-0.4265377162040562,0.3855562508727342,0.3765295706219182,126.83584707137197,0.6531331596499,0.008127314141692812,True,True,0.19072921620113537,0.738846740153892,low,1.141160030380831,True,False,False,True
2016-08-26,19309.4,19188.05,1.1605746424021384,-0.6284503920370499,0.6905962898898905,-0.7214102975752867,0.1896182075211028,0.050529386484687855,0.1436474458910597,0.27699386023024686,0.16435073645278117,123.26503855217743,0.6383680412243644,0.007987889604295126,False,False,0.22001658546699776,0.7261717822086478,low,1.1156882234558616,True,False,False,False
2016-08-29,19171.9,19225.25,0.788393429967806,0.27827184577426944,0.37737522102661797,-0.025036642169018464,0.2786023968153861,0.07341302899033231,0.4103552668353938,0.4233817322390859,0.14422275908031035,126.17705325237876,0.6581353608790925,0.008110604580470214,False,False,-0.07087744716111066,0.7373276891336558,low,1.1400538064299965,True,False,False,False
2016-08-30,19326.15,19531.25,1.241064567955845,1.0612563806034814,0.7419998292469087,0.7748568649213583,0.2533900872360162,0.060983890515986516,0.3928252827288148,0.41897935397079744,0.19115118623916078,126.58204610068424,0.6549780794451261,0.008101630316036439,False,False,0.4226212923108985,0.7365118469124035,low,1.1381101249534953,True,False,True,True
2016-08-31,19613.8,19788.2,1.1598976231021016,0.8891698701934514,0.5429850411445003,0.9738041582967094,-0.07094239780255363,-0.07724912337391254,0.09052817373318423,0.3226490547746074,0.27340130919593486,118.47613247058689,0.6040447667998393,0.007540436226632906,False,False,0.3310080000000104,0.6854942024211732,low,1.082717977300437,True,False,True,False
2016-09-01,19784.95,19818.0,0.9598204695993744,0.1670461638770826,0.47055969310006945,0.6166303174887977,-0.5259469682698747,0.11425884684510557,-0.5679036522079683,0.9077231821047459,0.286405472290973,120.26520499000799,0.6078620617692133,0.007577422705494315,True,False,0.08894189466448488,0.6888566095903923,low,1.0889387084595215,True,False,False,False
2016-09-02,19832.35,19891.85,0.6234762900009402,0.3000148746870712,0.426575771403785,0.11849326983439656,0.1377427810947518,0.0037721709346794086,0.12362371057448307,0.30091887277552964,0.18709967835956196,121.18381104201853,0.6110411072919676,0.007487262387477323,False,False,0.06231708547783654,0.680660217043393,low,1.0749176937902247,True,False,False,True
2016-09-06,20101.35,20444.95,2.3306892323152426,1.709337930039534,0.883771487984627,0.7817882878513149,0.9603376360540095,0.3264415176710056,0.9448908279701573,0.9985931831083212,0.42013096902362573,115.55426867163442,0.5748582491804501,0.007204724197511395,False,False,0.49819398396830916,0.6549749270464904,low,1.0309941177588389,True,True,True,True
2016-09-07,20522.75,20442.7,0.9698992581403529,-0.39005493903107036,0.8636756769926057,-0.02704315942063662,-0.45547150683329374,-0.04942778771498402,-0.41761338703228956,0.7059930204901183,0.3136951675773217,128.29538884987414,0.6251374150631575,0.0077601720881227635,False,False,0.29762850972978594,0.7054701898293421,low,1.0854491792437673,True,False,False,True
2016-09-08,20417.95,20407.15,0.6964460193114428,-0.05289463437807562,0.3406316500921947,-0.028651260288137248,-0.036987865040827295,0.020833026965294543,0.019117037937510517,0.3372999348425796,0.2825938834232901,128.2085347164866,0.6279207007387451,0.007823917306894102,True,False,-0.01712102608755206,0.7112652097176456,low,1.0990388053984905,True,False,False,True
2016-09-09,20298.0,20247.45,1.0372943147108054,-0.24903931421814685,0.8481131145925778,0.009114198443183064,-0.23399187678726507,-0.06118999740930553,-0.34616463363629224,0.42882090261750344,0.2928730924388337,126.0095278566223,0.6207977527668849,0.007779558418036452,False,False,-0.5926844267817977,0.7072325834578592,low,1.0891327395799286,True,False,False,False
2016-09-12,19758.25,19798.9,0.6361899459719395,0.20573684410309934,0.6361899459719395,0.10223577492947111,0.1117377752048343,0.12034333244845818,0.04067197170645187,0.35290935336186235,0.20099359095908073,120.97211447494465,0.6122612806040244,0.00736505321631423,False,False,-1.9064129063166013,0.6695502923922027,low,1.0424345521909575,True,False,False,True
2016-09-14,19838.1,19939.4,1.0759598953528853,0.510633578820574,0.7548605965289015,0.20742913887923375,0.20523913125494175,0.17878246875706605,0.18482847414664771,0.4763761208295118,0.35831929392240186,119.60425280449454,0.6029017537188266,0.007312281571937129,False,False,-0.21137537944028173,0.6647528701761026,low,1.0305526410760466,True,False,False,True
2016-09-15,19918.1,19866.7,1.0954860152323804,-0.2580567423599578,0.7249687470190503,-0.4674140605780641,0.13266078184110963,0.11751059108331408,0.0458618499964647,0.43152585119797865,0.285707080895692,114.1224521503209,0.5729585259152274,0.007126337527292079,True,False,-0.05917931331936854,0.6478488661174617,low,1.0067300320570212,True,False,False,False
2016-09-16,20021.6,19868.7,2.1981260238941873,-0.7636752307507821,1.1767291325368712,-0.964208654652976,0.2612394754028857,0.08659250924449857,0.0984351083541446,0.4907065821756975,0.41055925167961405,114.67195583464127,0.5727412186570567,0.007100244531120142,False,False,0.34806988578877096,0.6454767755563765,low,1.0029888542128105,True,True,True,False
2016-09-19,19973.6,19904.35,0.8213341610926387,-0.34670765410341753,0.8213341610926387,-0.2047702967917564,-0.10008679205526505,0.019086893080744183,0.020594063384504757,0.29348758572596784,0.16525231114650174,124.4995411645632,0.623320488868122,0.0076939199521181756,False,False,0.11827648512483524,0.6994472683743795,low,1.0682027929050821,True,False,False,True
2016-09-20,19882.7,19863.75,0.8117609781367795,-0.09530898720998549,0.8117609781367795,-0.19036649951968965,0.014865317702073,-0.03223499309970013,0.04889581159486234,0.14991294970735483,0.12768079298084123,119.46068341040336,0.6008272689846116,0.007476466400633382,False,False,0.26627345278795733,0.6796787636939438,low,1.0349521638163184,True,False,False,False
2016-09-21,19879.25,19828.9,0.9424399813876204,-0.25327917300702607,0.3953871499176203,-0.4768791579159104,0.2754688657000903,0.0845012158085412,0.012855155169289034,0.37251477802011546,0.21390158509147045,120.27880125495722,0.6050469774008437,0.007506825198079351,False,False,0.1960858347492378,0.68243865437085,low,1.0418645257010177,True,False,False,False
2016-09-22,20239.2,20079.5,1.3090932447922878,-0.7890628088066731,0.8209316573777692,-0.76732281908376,0.028380941948502603,-0.1252808877045819,0.006471428642540467,0.3906113852389263,0.3658997355181187,123.64215818517187,0.6109043746055767,0.007411874128228548,True,False,1.6349873164925866,0.673806738929868,low,1.0270633178593456,True,True,True,False
2016-09-23,20027.8,19868.8,1.3673493843557383,-0.7938964838874019,0.8275996365052577,-0.15653241993628386,-0.6058575397133059,-0.38641967883563666,-0.7264962601301161,0.7178774232426218,0.4753814077504388,123.43324740995922,0.6163095667520108,0.007603147743027593,False,False,0.2851166612714451,0.6911952493661447,low,1.0605377198372075,True,True,True,True
2016-09-26,19764.6,19604.7,1.1277738987887511,-0.8090221911903006,0.4793924491262156,-0.7207330277364421,-0.21327938069988228,-0.1305729397783395,-0.23234603253864394,0.3185175936378022,0.286138356311103,126.72919400393766,0.6411928093861635,0.007825269874378,False,False,-0.38552907070380504,0.7113881703979998,low,1.1009766177630602,True,False,True,True
2016-09-27,19685.45,19553.15,1.0921772171832496,-0.6720699806202046,0.4792880020522882,-0.7800177288301735,0.049662347237067195,0.25986419338204225,-0.19535389699103511,0.3404686692026889,0.32220081627626806,124.98215869704836,0.6348961222478956,0.007919885204834552,False,False,0.24611445214668404,0.7199895640758682,low,1.1186072734098749,True,False,True,False
2016-09-28,19574.0,19660.8,0.9693981812608563,0.44344538673750655,0.42760805149688735,0.4776744661285415,-0.027710690224991286,0.2948340283356998,-0.03660536116019131,0.5409940256768855,0.33232589872094803,125.18648384566222,0.639554939438348,0.007899062078231345,False,False,-0.05702406006193872,0.7180965525664859,low,1.1153588857042398,True,False,False,False
2016-09-29,19761.0,19233.05,3.7019887657507176,-2.6716765345883298,0.5652547947978378,-3.356611507514795,0.6280861046094488,0.2666103184975954,-0.022630319425653855,0.8419862077632347,0.4760898544599837,129.19498563056823,0.6537876910610203,0.007942488233944448,True,True,0.5162556966145759,0.7220443849040407,low,1.124493735084313,True,True,True,False
2016-09-30,19180.75,19323.2,1.2645490921887792,0.7426716890632568,1.0067385269084814,0.5654106330565734,0.1511208344565862,0.35558626278575645,0.37983398500927024,0.5072786844451931,0.508314328905616,146.63522341035969,0.7644916043969067,0.00952393505276151,False,False,-0.6085878214843632,0.8658122775237735,mid,1.2474646115212737,True,False,False,True
2016-10-03,19419.1,19595.1,1.2667940326791665,0.9063241859818438,0.8646126751497313,0.7085807272221745,0.18919347333650194,0.14285166681573536,0.2268617626673075,0.2937612173833046,0.2287159960645516,148.7417367020571,0.7659558718069175,0.00955395991826611,False,False,0.3744203858573991,0.8685418107514645,mid,1.252858374157293,True,False,True,True
2016-10-04,19614.8,19708.05,1.0986601953626853,0.4754063258356034,0.5679384954218133,0.5256235087790939,-0.1280562331688495,0.24025919487717928,0.6593861574910598,1.0503146886838972,0.40823702180403465,151.13254054242134,0.7705025824500955,0.00963093595654484,False,False,0.2380697215120131,0.8755396324131671,mid,1.268334480329027,True,False,False,False
2016-10-05,19780.85,19501.8,1.6151985379799152,-1.4107078310588217,1.0929762876721532,-0.9117403953823988,-0.43366240657125577,-0.359442251824027,-0.27084344737716703,0.6043213183337196,0.5067420950786025,154.2897722325397,0.7799956636471117,0.009722994657090572,False,False,0.4731569079640119,0.883908605190052,mid,1.2920151592085918,True,True,True,True
2016-10-06,19452.2,19415.95,1.2530716320004935,-0.18635424270776468,0.724339663379985,-0.15628052353976463,-0.007208394690494391,0.4188340899924592,0.01596514448456432,0.5805332152529632,0.5023423684292245,151.2100326005493,0.7773415480025361,0.009412437163862647,True,False,0.0858895076351951,0.8556761058056951,mid,1.2555136573916639,True,False,False,True
2016-10-07,19372.5,19403.0,0.6963479158601185,0.15743966963479572,0.44367015098722795,0.08568847593237727,0.05570139923980477,0.057249546129733986,-0.010050587959375967,0.312288863330443,0.19676307971613227,148.3465087802615,0.7657582076668551,0.009484705155697467,False,False,-0.09219224400558446,0.8622459232452241,mid,1.269419210147913,False,False,False,True
2016-10-10,19477.9,19393.35,0.7285179613818813,-0.4340817028529953,0.38376827070680103,-0.4985137001422224,0.023476843061165376,0.008512306731933705,-0.06134890255062864,0.19968215966317554,0.18494920990317731,148.53633167379303,0.7625890453991089,0.009484544889925626,False,False,0.44580734937895716,0.8622313536296022,mid,1.269404649158909,False,False,False,False
2016-10-13,19233.0,18975.4,2.4473561066916276,-1.3393646337024778,1.0479384391410558,-1.7313991576977106,0.3579365079365182,0.23833997003577245,0.3258216285263238,0.6187830687830727,0.3350499800502652,146.84460156637124,0.7635033617551668,0.009421271219867841,True,False,-0.504296575888119,0.8564792018061673,mid,1.2539139826075725,True,True,True,False
2016-10-14,18993.3,19033.0,0.6523352971837515,0.2090210758530775,0.542559744752093,0.19796454539233732,0.06778449784297091,0.11855161989879903,0.24345244518371167,0.22883836287300793,0.22106854176249863,152.56346060937904,0.8032488330589158,0.010059316011884187,False,False,0.21765022081221552,0.9144832738076534,mid,1.344240895364095,False,False,False,True
2016-10-17,19108.5,19082.05,1.2429023732893738,-0.13842007483580998,1.000863490069864,-0.3142580526990568,0.2092033735028309,0.2876499654557385,0.006286968685653704,0.4735293422824276,0.473900034412903,152.27114172734582,0.7968764776269505,0.009979712424396225,False,False,0.5427415541428005,0.9072465840360203,mid,1.3227988333169454,True,False,False,False
2016-10-18,19243.45,19466.4,1.8073682213948086,1.158576034962544,0.5077052191784776,0.9468156697473695,0.37090135980004657,0.10473730958604488,0.306872345734277,0.521990255152326,0.2366857829370526,157.50813257847585,0.8185025688141983,0.010016049637666882,False,False,0.4855348350937261,0.9105499670606256,mid,1.3301054830618952,True,True,True,True
2016-10-19,19502.75,19402.0,1.2734101601056187,-0.5165938136929449,0.8086039148325086,-0.1556190793605916,-0.3353464390624783,0.0420125831552598,-0.19388216901177202,0.5756866128469125,0.24949803984237012,153.11868271887397,0.7851132928375433,0.009839658936148016,False,False,0.5324559240537319,0.8945144487407287,mid,1.3104188651166124,True,False,False,True
2016-10-20,19503.8,19675.95,1.168490242927008,0.8826485095212222,1.0723551307950134,0.7101180282816699,0.1293127586891707,0.08702024365669914,0.3443842409771358,0.24615243632364106,0.2239117380639777,154.77320766949197,0.7935541159645402,0.009944827051363707,True,False,0.4736625090197011,0.9040751864876095,mid,1.3326356594748257,True,False,True,True
2016-10-21,19609.85,19698.05,1.1550317824970615,0.44977396563461447,0.6430441844277164,-0.09255552694180658,0.661759826865449,0.06977003795489711,0.648916516111897,0.829943292312572,0.2950638332420054,156.94051496047905,0.8003147140874565,0.01002042614395834,False,False,-0.20100681288577338,0.9109478312689401,mid,1.3506536123172255,True,False,False,False
2016-10-24,19803.4,19822.35,0.7268953816011429,0.0956906389811607,0.4547198965834113,0.3239342739125517,-0.3417633276372678,-0.19708903030684066,-0.3893937983755036,0.4421783259637056,0.2994140255812561,159.0951003268201,0.80337265483109,0.010068225957502182,False,False,0.3340432174758323,0.9152932688638347,mid,1.36126063820805,False,False,False,False
2016-10-25,19849.9,19833.55,1.011088217069089,-0.08236817313942435,0.9642365956503449,0.009571836633925912,-0.040046746390753896,0.046887879987189685,0.184275029218961,0.250355131524601,0.20292872790156571,162.194904493198,0.8171069098242207,0.009936754849069973,False,False,0.43057457869526417,0.903341349915452,mid,1.3319438339312761,True,False,False,False
2016-10-26,19576.0,19479.65,1.0615038823048593,-0.4921843073150689,0.5149162239476873,-0.42986309767062414,-0.058742500070529946,-0.028482060151024946,-0.4189169501619072,0.4117105354289101,0.16088515058284839,155.02693835117498,0.791923469305144,0.009843090133818346,False,False,-1.2698180608110898,0.8948263758016677,mid,1.3143538985112353,True,False,False,True
2016-10-27,19421.85,19509.15,1.4856978094259965,0.4494937402976795,1.0557696614895231,-0.34806159042520823,0.9401035948176872,0.29519423780848264,1.010299470549314,1.037239882713099,0.5711366774990118,153.1827600941324,0.7887135370427246,0.009826257426379915,True,True,-0.14194300205599975,0.8932961296709014,mid,1.3111035815292589,True,False,False,False
2016-10-28,19434.85,19570.75,1.1654322004028848,0.6992593202417297,0.7463396939003866,0.7000311296459838,-0.07587796166759198,-0.0730697202656061,0.13517907386972894,0.3144975448242181,0.31450638338099685,156.46506966931338,0.8050747480392871,0.009937578982851955,False,False,-0.006663539928719597,0.9034162711683595,mid,1.330574165411074,True,False,False,False
2016-11-01,19531.15,19452.0,0.8796205036569749,-0.4052500748803922,0.6625313921607167,-0.3676178822035747,-0.005909755464583721,0.0035975844789870592,-0.32808718257372194,0.3638353799073416,0.13002698188358872,157.43086022596617,0.8060501313336191,0.009983114933197675,False,False,0.040110879756771745,0.9075559030179703,mid,1.340078439734487,True,False,False,True
2016-11-02,19211.3,19243.85,0.7084372218433866,0.1694315324834772,0.44166714381639216,0.22851134488557356,-0.11191781960196989,0.07414383383457235,-0.046511386195202675,0.4777930117578628,0.23595949925597146,128.89655357487027,0.670941339601538,0.008390881505522186,False,False,-1.174686407567349,0.7628074095929259,low,1.1988656119556693,True,False,False,False
2016-11-03,19211.3,19176.45,0.97390598241661,-0.18140365305835404,0.97390598241661,0.24594899876635434,-0.44915115623969104,-0.12944798378906608,-0.041449426485928864,0.5618283827183289,0.21722257239450496,126.70374845593687,0.6595271973054238,0.008247424756651594,True,False,-0.21773189876245214,0.7497658869683266,low,1.170823373335987,True,False,False,False
2016-11-04,19184.85,19077.6,1.3656609251570901,-0.5590348634469389,0.639045913833043,-0.9322460170394842,0.35672945385667454,0.37600612555814816,0.3116034825962233,0.603230558770922,0.471783753062129,125.56282263839967,0.6544894676705821,0.008161450132453445,False,False,0.24717817948576304,0.7419500120412221,low,1.156125775195991,True,True,False,False
2016-11-07,19241.7,19338.05,0.7483746238637958,0.5007353820088545,0.43577230702068187,0.47267133361397207,0.08715825300720237,0.029725363489507828,0.1278150356019303,0.3082867584112811,0.25537964458805273,130.89608457384384,0.6802729726263471,0.008251659312596565,False,False,1.2593303140856271,0.7501508465996877,low,1.1694126561632374,True,False,False,True
2016-11-08,19409.2,19517.75,1.1543494837499704,0.5592708612410568,0.6661789254580265,-0.04765781175937178,0.5994860811496805,0.5911898791591375,0.6755118569225171,0.8270639872783215,0.7702992802121518,123.63003533360825,0.636966156944172,0.007971004603220325,False,False,0.7896349425097204,0.7246367821109385,low,1.1260073633481855,True,False,False,False
2016-11-09,18411.25,19564.75,7.566569352977112,6.265191119560054,5.3947993753819,6.0902980514631055,0.09599361066527923,0.5022206686680075,0.21759355369486144,0.8025065851616917,0.5705884771970227,116.91630068449376,0.6350264142005229,0.007937808022092768,False,False,-6.3882875843783165,0.7216189110993425,low,1.1210427441682291,True,True,True,True
2016-11-10,19838.6,20206.25,2.47774540542175,1.8532053673142368,1.0477049791819915,1.8418638411984878,-0.024500098990298813,-0.1428716207030445,-0.21168961411726084,0.42318352801425463,0.3702797367009581,214.82182119555546,1.0828476868103367,0.013443977826459374,True,False,1.3429765266614657,1.2221798024053976,high,1.4675058487310344,True,True,True,False
2016-11-11,20058.5,19780.0,2.9917491337836934,-1.3884388164618455,1.7598524316374604,-1.4004038188299317,-0.1461249089879324,-0.010379352682809984,-0.4656999863918765,0.5293867810047769,0.42985709403441114,224.8612364568653,1.1210271777892928,0.013882013943813274,False,False,-0.8532013609650502,1.2620012676193884,high,1.5550582569737466,True,True,True,True
2016-11-15,19690.25,19292.85,3.1297215627023527,-2.0182577671690405,0.9811962773453718,-1.605870925965902,-0.46221621189167506,-0.18478069585201595,-0.47916768804815435,1.0235340571537852,0.4565170132814398,221.8345612259036,1.1266213543550925,0.014108042258376531,False,False,0.14332659251767854,1.2825492962160483,high,1.5828586406321432,True,True,True,True
2016-11-16,19480.65,19096.2,2.5769160679956773,-1.9734967775715928,2.2034685700939134,-1.473000130899127,-0.46187030119259065,-0.08419995659257884,-0.4143959592484592,0.6637594627403859,0.32084890291639645,231.06253325672697,1.1861130570937157,0.014825250024023405,False,False,1.5466869850747855,1.3477500021839457,high,1.7058350980780623,True,True,True,True
2016-11-17,19106.4,19161.55,1.6570363857136987,0.2886467361721712,1.3152660888498056,-0.018841854038453842,0.23609104424482386,0.49254620408785144,0.0998494416795781,0.699897397240199,0.701688092557754,231.77716926389803,1.213086553531267,0.01520278730947746,True,False,0.10316188561074746,1.3820715735888598,high,1.7718986801040575,True,False,False,False
2016-11-18,19161.15,18956.05,1.6556939432132205,-1.0703950441388055,1.103795962142147,-0.9714970134882428,0.024505928853768566,0.2273375368334385,-0.19036750920941037,0.4621870882740486,0.3041728715820081,234.16869804859743,1.2221014816365272,0.015166355350687655,False,False,0.09785220924194427,1.3787595773352412,high,1.7640169018180392,True,False,False,False
2016-11-21,19016.35,18467.55,3.794892290055671,-2.8859376273575044,2.0387718989185664,-2.4975876022475196,-0.37915152038143773,0.2145777213527822,0.4740548141177303,0.8036070631128177,0.42318741505733376,231.6245871278934,1.2180286286689792,0.015248184429655604,False,False,0.5684201086196827,1.3861985845141458,high,1.7832673953708755,True,True,True,True
2016-11-22,18546.05,18582.0,1.7658746741219828,0.19384181537309697,1.490613904308449,0.13210360157553946,0.03527089935408956,0.09941455870980942,0.5436591589925488,0.5993360455129185,0.4914150544355366,242.04350895934567,1.3050946641432848,0.016186910035910038,False,False,0.8617818822745926,1.4715372759918215,high,1.9140855504161869,True,False,False,True
2016-11-23,18559.05,18519.9,1.1519986206190471,-0.21094829746133303,0.9860418502024619,0.05980909583196414,-0.28701976020658604,-0.20237787263399643,-0.11328174518620004,0.5029577036265267,0.47401155521062777,243.9606114348062,1.3145102332005474,0.01630826236053645,False,False,0.42272091271122747,1.4825693055033136,high,1.944323485063769,False,False,False,False
2016-11-24,18393.1,18296.4,1.395088375532121,-0.5257406309974733,0.6192539593652047,-0.11281404439708043,-0.640092312632834,-0.538857393488501,-0.40889921820870256,1.067364817238941,0.9897213905680766,240.2229410449345,1.3060492306622293,0.016361713747424664,True,True,-0.23704231664318787,1.487428522493151,high,1.96519261418045,True,False,False,True
2016-11-25,18345.3,18482.9,1.5167372569540973,0.7500558726213358,0.8282775424768237,0.46660452540978614,0.3472429452712644,-0.11260683472178457,0.34588183591366395,0.7126618884590472,0.34322131158607816,242.81534896837184,1.323583419013981,0.01642361684703357,False,False,0.4435298747294425,1.4930560770030519,high,1.9842264205029725,True,False,False,True
2016-11-28,18211.3,18302.35,1.5600204268778097,0.4999643078747784,0.6375162673724476,0.6512440078412896,-0.11020245609633106,-0.09521393124408695,0.04343846899887982,0.39280083361065793,0.2665444436259786,239.84755795266938,1.3170260110627434,0.01650011059369099,False,False,-1.3293368464905475,1.5000100539719081,high,2.0068704558291626,True,False,False,False
2016-11-29,18304.9,18244.55,1.2925500822184344,-0.32969314227339064,0.6711317734595575,-0.19339084070386647,-0.1784394756287777,0.020841217346490026,-0.4353962105515974,0.5161608144722039,0.3307172121032588,241.16676595011086,1.3174984072576787,0.016512621558609414,False,False,0.03524137610744216,1.5011474144190375,high,2.010590950956504,False,False,False,True
2016-11-30,18300.85,18601.4,2.209187004975175,1.6422734463153565,0.7401295568238675,1.610854140654694,-0.02151040700378859,-0.326764097230392,0.37495545885477544,0.5017302433633632,0.37501474325293577,241.41540309040283,1.3191485810243941,0.0165335826908477,False,False,0.3373610201402588,1.5030529718952452,high,2.0171511358121745,True,False,True,False
2016-12-01,18631.5,18421.45,1.7110806966696146,-1.1273917827335334,0.9934787859270707,-0.9983093148699829,-0.13661868748475747,-0.17504308335952734,-0.28717043741389725,0.4431975278523217,0.24007456943736533,250.7464580086962,1.3458200252727703,0.016796662988356303,True,False,0.40507703721224253,1.5269693625778455,high,2.083704373131246,True,False,False,True
2016-12-02,18280.9,18254.95,1.7775383050068687,-0.14195143565142176,0.7390226958191455,-0.12800245064521487,0.053128851157069334,0.1672451704529898,0.022175802093271635,0.49322196357662834,0.4312732018402532,247.9046750451671,1.3560857235976733,0.016955196647648527,False,False,-0.49968922098966306,1.5413815134225932,high,2.1336517468200924,True,False,False,False
2016-12-05,18201.75,18426.05,1.3438268298377825,1.2322990921202592,0.5353880808164091,0.9196917878775412,0.2588579221139753,0.26677264981462834,0.38017218120722784,0.6407482109950492,0.4717520429884951,248.27216792065883,1.364001636769315,0.017095985021317674,False,False,-0.054505764189993755,1.5541804564834247,high,2.173574481467434,False,False,False,True
2016-12-06,18451.15,18429.05,0.7235321375632413,-0.11977573213595161,0.6108020367294218,0.21434978307584007,-0.4372468321913292,-0.11014560380682159,-0.4138188447151525,0.5827253700508904,0.31415913598099554,254.93132251296902,1.3816554659897566,0.017089677157011447,False,False,0.18262188586268824,1.5536070142737677,high,2.172462026648777,False,False,False,False
2016-12-07,18496.45,18269.45,3.3822706519359236,-1.2272625287555128,0.2930292029011012,-1.5097491680836073,0.2599191972421533,0.21178594257089678,-1.5552656968377265,3.3207627955997667,0.5379692142247889,252.2170804083289,1.3635972330275752,0.017087647281936354,False,False,0.46909634517242615,1.553422480176032,high,2.171350649143811,True,True,False,False
2016-12-08,18382.4,18490.25,1.1755809905126762,0.5867024980416025,0.5521585864740186,0.7847179911219415,-0.14411671834897444,-0.09936090418422028,-0.2816377572471218,0.3341132908539938,0.24894226537462671,260.6746246047369,1.4180663275999699,0.017738747669632612,True,False,0.4003951952576523,1.6126134245120554,high,2.2828142040916832,False,False,False,False
2016-12-09,18525.6,18679.45,1.649339292654485,0.830472427343798,0.7754134818845156,0.840188711836598,0.016594178655071623,-0.09677876427955923,0.05515675496210459,0.408698561391762,0.24542239118405051,209.30161988659347,1.1297967131245061,0.014102066127385342,False,False,0.4202214680710137,1.2820060115804854,high,1.9604861522478412,True,False,False,True
2016-12-12,18602.7,18402.55,1.349266504324641,-1.0759190870142543,0.48353196041435237,-0.9385734328887896,-0.15492644385476373,0.0818624384671729,-0.41566651421952594,0.39016501972531875,0.22382985667274855,205.46556732321187,1.1044932580927063,0.01384312436866149,False,False,-0.33941042161306223,1.258465851696499,high,1.9188083993537575,True,False,False,True
2016-12-13,18323.0,18440.05,1.0967090541941862,0.6388146045953169,0.5078316869508427,0.5820553402827056,0.1524716964239614,-0.07335704579536362,0.23323630992462263,0.42350234540536186,0.2409142832394038,194.70590694918064,1.0626311572841818,0.013267156953837877,False,False,-0.2632787303933459,1.2061051776216252,high,1.83645183334279,True,False,False,True
2016-12-14,18445.75,18360.25,0.8533130938020834,-0.4635214073702598,0.4968624208828473,-0.31145385793476255,-0.16722589907712804,0.08696078858987377,-0.19300768496796072,0.4959675445799815,0.19409429929776326,187.75305531467438,1.017866203947654,0.012527658790683023,False,False,0.21854604515714193,1.1388780718802747,high,1.7356412829720047,False,False,False,True
2016-12-15,18210.1,18415.45,2.107347021707734,1.127670907902778,1.8827463879934683,0.9261343979440007,0.13711487451539828,0.002988578197493652,0.12785323536692594,0.3776100115622543,0.17741286936108444,174.39216033886441,0.9576672304867322,0.011993150604534599,True,False,-1.1805394806715608,1.0902864185940544,high,1.6501086362967374,True,True,True,True
2016-12-16,18394.95,18333.9,0.860290460153466,-0.33188456614451356,0.6287051609273078,-0.39657623423821065,0.0008186879161709015,0.027842911385844715,0.13006637210459804,0.3007313612051007,0.2797939624557448,178.28609985160983,0.9692122014553441,0.012142578552120248,False,False,0.013304046330664399,1.103870777465477,high,1.6730521185770364,False,False,False,False
2016-12-19,18246.5,18250.85,0.5494204367960979,0.023840188529300477,0.4496752801907175,0.2331954073383935,-0.21050847364952885,-0.13542869337301866,-0.15755483646846535,0.36333215776653643,0.28453705274332025,177.8267297237162,0.9745799453249456,0.011959010566043751,False,False,-0.41344176634542373,1.08718277873125,high,1.633310999218582,False,False,False,False
2016-12-20,18243.2,18087.65,1.4523219610594673,-0.8526464655323585,0.39028240659533814,-0.745757323276619,-0.08974355434179238,0.1766432249847849,0.14115380783155107,0.48047318324529253,0.30040423057755133,157.18306223136187,0.8615980871303383,0.010546013326895509,False,False,0.07259935838603848,0.9587284842632281,mid,1.4714922296229742,True,False,False,True
2016-12-21,18126.0,18052.85,0.6678252234359443,-0.40356394129980044,0.6173452499172539,0.04441134282247017,-0.3030211122170723,-0.18082084381220165,-0.45370701759216425,0.4226855004811471,0.3042207173756529,152.32368637624313,0.8403601808244683,0.010441448318188799,False,False,0.20428303289812266,0.9492225743807998,mid,1.4561137925669692,False,False,False,False
2016-12-22,18017.05,17903.05,1.0354081273016353,-0.632733993633805,0.7409648083343278,-0.8872151656347693,0.2640391550746912,0.045260878675690286,0.137865847860974,0.33795891853145255,0.293357546972131,149.323629034443,0.8287906679197926,0.01034903734362671,True,False,-0.14319068734298668,0.9408215766933372,mid,1.4322210042392318,True,False,False,False
2016-12-23,17885.15,17886.2,0.7936751998166116,0.005870792249429435,0.49957646427342534,-0.10511513741848777,0.1424465545564857,0.043055004165726274,0.11947097023297104,0.3990742373232321,0.24714690702915287,146.9020501255436,0.8213632545745694,0.01025647373670991,False,False,-0.30050745543356294,0.9324067033372645,mid,1.414521398395538,False,False,False,False
2016-12-26,17785.95,17656.15,1.3968891175337876,-0.7297895248777775,1.3968891175337876,-0.5712374093034267,-0.07351132498508717,0.053221756374566276,-0.09695564915058741,0.3449377556992482,0.21600106443513573,143.52460714259723,0.8069549680652269,0.010078813913321872,False,False,-0.33936778074716845,0.9162558103019882,mid,1.3785811940123014,True,False,False,True
2016-12-27,17674.35,17869.2,1.6450392800866793,1.1024450687012743,0.5281665238042824,0.34626450194774616,0.8215138521218801,0.3428702900929448,0.8667275886188763,0.9762877384687693,0.5058879975757656,143.03892447335875,0.8093023193122167,0.010031143144372845,False,False,0.12205378862322203,0.911922104033895,mid,1.3703804374784443,True,True,True,True
2016-12-28,17901.2,17871.45,1.2806404039952628,-0.1661899760909913,0.7999463723102402,0.07066565369917566,-0.1641188242616609,-0.01733048964223105,-0.22427216152058893,0.42425274298936305,0.2680635414016849,144.83359648620535,0.8090719978895569,0.010140375477751772,False,False,0.3357732858773721,0.921852316159252,mid,1.38800307672647,True,False,False,False
2016-12-29,17843.8,18020.2,1.252816104193049,0.9885786659792339,0.5382822044631709,0.37548055907374867,0.6878531388882836,0.2295375346668349,0.6763301205559236,0.7838845836031973,0.5193773030173389,143.63348997293542,0.8049490017425405,0.009794240377562349,True,True,-0.05595516871882422,0.8903854888693044,mid,1.3415074265828522,True,False,True,True
2016-12-30,18069.6,18149.5,1.2343936777792497,0.44217912958781636,0.9836963740204543,0.6975804666401242,-0.23439668272362546,-0.32505683003700714,-0.23055847913844296,0.5545281427154372,0.39945750650662737,141.1667783102439,0.7812390883596976,0.009636954593306612,False,False,0.03412836705474209,0.876086781209692,mid,1.3187395778958813,True,False,False,False
2017-01-02,18181.2,17977.8,2.2157503355114194,-1.1187380370932698,1.390447275207353,-0.8187028358964343,-0.34964938014179214,-0.05923264525208305,-0.4275079032164286,0.5667591855748182,0.19382701286712245,137.98327397296816,0.7589338106008853,0.009450489985862308,False,False,0.5113088514835162,0.8591354532602097,mid,1.291965598738091,True,True,True,True
2017-01-03,17935.8,18043.0,1.5792437471425864,0.5976873069503563,1.3252823961016555,0.6924698089853853,-0.1384274640088612,0.04576532098132802,0.046875303371973764,0.3842746400885815,0.19249171370323043,143.18626260465953,0.7983266015714913,0.009812870338787246,False,False,0.13878227591808123,0.8920791217079314,mid,1.3353499848391681,True,False,False,False
2017-01-04,18040.65,17914.95,1.2189139526569244,-0.6967598174123513,0.5224312871210294,-0.5695471061186841,-0.25755523221782095,-0.0798614989389046,-0.3383939239490985,0.42312645292928075,0.18652965486429943,147.8206632522415,0.8193754839888888,0.010028331243556943,False,False,-0.03075985146593352,0.9116664766869947,mid,1.3778586706720106,True,False,False,True
2017-01-05,17997.7,18095.75,1.0237419225789963,0.5447918345121927,0.4653372375359073,0.614800780099678,-0.06571554006852276,-0.3337546572818706,-0.16550400105922458,0.3926365461237616,0.3915834345337056,127.05331268245936,0.705941940817212,0.008846210759403455,True,False,0.47892960906952275,0.8042009781275868,low,1.269875643455411,True,False,False,False
2017-01-06,18163.5,18259.25,0.911993833787549,0.5271561097806021,0.911993833787549,0.6248795661629059,-0.018602615308871417,0.1402893467777222,-0.11123896151461476,0.3370356185369511,0.21235203857957038,131.0405828870962,0.7214500668213516,0.008805127643869705,False,False,0.40175179254797744,0.8004661494427004,low,1.2621474775434898,True,False,False,False
2017-01-09,18268.0,18277.6,0.63033720166412,0.05255090869278334,0.63033720166412,0.19460258375301187,-0.17018556509528215,-0.10769676527023764,-0.3101599901796259,0.3510248011997673,0.20145308630500897,127.61076864821825,0.698548109526047,0.008569262874296607,False,False,0.30121719128661795,0.7790238976633278,low,1.2254558725780265,False,False,False,False
2017-01-10,18351.6,18436.85,0.882756816844308,0.4645371520739294,0.7350857690882421,0.12914405283463992,0.3153690007782206,0.3336608253342588,0.32028256704978997,0.4565911849058326,0.39979425156284837,128.92577472332414,0.7025315216293083,0.00838294809055555,False,False,0.4040464831269075,0.7620861900505045,low,1.1894781956659997,True,False,False,True
2017-01-11,18544.15,18808.8,2.01492114763956,1.4271347028577575,0.5594756297808203,1.7210279252486416,-0.30111380299311374,-0.31881653605702054,-0.2715071297135996,0.47128551207901825,0.3818907967233148,128.0925191489332,0.6907435452632403,0.008328747742315425,False,False,0.5342561229277232,0.7571588856650386,low,1.1788738601896902,True,True,True,False
2017-01-12,18867.15,18879.05,0.8451196921633671,0.06307258912976454,0.8451196921633671,-0.042666751470166187,0.007688595956323319,-0.12550140990508218,-0.011398156149444727,0.3046274742697198,0.2756265141586204,134.36389190846876,0.7121578611950864,0.008745390670959892,True,False,0.4075220109736044,0.7950355155418084,low,1.237081975086654,True,False,False,False
2017-01-13,18936.05,18908.9,0.8901011562601646,-0.1433773146986672,0.7683756644073078,-0.27038373895295065,0.12364408507350433,-0.011369435256347593,0.2114657918307561,0.2525834200430543,0.1850838297546053,128.20533954214625,0.6770437316237877,0.008275151338576375,False,False,0.37422433861873383,0.7522864853251249,low,1.1735428868258084,True,False,False,False
2017-01-16,18882.2,19110.65,1.4185317388863508,1.2098696126510822,0.4731969791655556,1.1389033057588538,0.014399979054569023,-0.15395110680129775,0.021994365253097392,0.32543952663342346,0.31888005143901155,125.64506566312411,0.6654153947269075,0.008282300544214688,False,False,-0.04865433737551994,0.7529364131104261,low,1.1750549625145312,True,True,True,True
2017-01-17,19145.15,19031.85,1.1506830711694758,-0.5917947887585262,0.38652086820944204,-0.5014324776771106,0.011811550646623203,-0.17448532070192257,-0.09360619846086049,0.29686363958496453,0.26539584064720856,134.68282816633473,0.7034827523750649,0.008501510930949559,False,False,0.09157197688201002,0.7728646300863234,low,1.218462307097583,True,False,False,False
2017-01-18,19130.4,19155.95,1.0527746414084465,0.1335570610128345,0.943524442771714,0.02561368293396704,0.13143248342069036,-0.0015657007162994674,0.03941961791686932,0.272010368272247,0.18762313583758844,130.3740016191059,0.6815017021029665,0.00839803850954664,False,False,0.2259370476333178,0.7634580463224216,low,1.2035145918040704,True,False,False,True
2017-01-19,19129.9,19114.5,0.7161563834625376,-0.08050225040382442,0.6257220372296809,-0.1254580525773763,0.02407633244181362,-0.12986436098633147,0.05235465040183129,0.2687651458449931,0.23751851938951068,131.56938061897472,0.6877682613028543,0.008482852994488388,True,False,0.04907091530306218,0.7711684540443989,low,1.2229127785863996,True,False,False,False
2017-01-20,19040.6,18806.85,1.4532105080722284,-1.2276398852977377,0.7764986397487399,-1.1336302427444434,0.010358703302837391,-0.10108379873445816,-0.22179764740798413,0.34635254120241027,0.34596659724341416,131.71078070517888,0.6917365036037671,0.008409449906840808,False,False,-0.6168092285961047,0.764495446076437,low,1.2069125326158245,True,True,True,False
2017-01-23,18770.3,18878.25,0.9786737558803043,0.5751106801702655,0.7719642200710775,0.11161249420628128,0.4683030665868504,0.35028317657408437,0.4912984811265231,0.5122064790793588,0.4281534123375118,131.11176495558084,0.6985064967293055,0.008602711354075056,False,False,-0.23847693792420355,0.7820646685522779,low,1.2399777791151796,True,False,False,True
2017-01-24,18967.55,19051.3,0.7027792202999487,0.44154358364680846,0.41175586725751184,0.2741524340254875,0.09148481430949484,0.13939701585181652,0.1789195888006967,0.2300264727609223,0.20935853701516413,130.95135803498397,0.6903967989275577,0.00847364382203775,False,False,0.27942208626330345,0.7703312565488862,low,1.2192436245914018,True,False,False,True
2017-01-25,19147.45,19460.0,2.085656314548424,1.6323322426746056,0.28358867629894796,0.788877892356421,1.101899111329896,0.6564726396648846,1.1962864033609133,1.1462030727776806,0.7808026248587858,130.61822061707153,0.6821703183299683,0.008187245544550689,True,True,0.36086776230492834,0.744295049504608,low,1.1722140513425476,True,True,True,True
2017-01-27,19539.5,19702.1,1.3244965326646172,0.8321604954067308,0.6003224238081983,1.066813378029119,-0.2374930056031177,-0.16292339813107626,-0.38856501448587544,0.40611810339807786,0.3200190541827875,136.60158938001769,0.6991048357430727,0.008532017837834065,False,False,0.6598150051387641,0.7756379852576422,low,1.2127142881195758,True,False,True,False
2017-01-30,19712.35,19590.3,1.0356451666087578,-0.6191549967406229,0.7122438471313743,-0.5745129322480613,-0.07423810277001897,-0.06276518930338204,-0.06760962965230988,0.4061410983157501,0.22860816917006005,134.87164505566398,0.6841987132719538,0.008554927517976344,False,False,0.08476253800355771,0.7777206834523949,low,1.2161948867564623,True,False,False,True
2017-01-31,19533.4,19491.4,0.9581025320732767,-0.21501633100228235,0.6683424288654267,0.12286647485844071,-0.2367390348410492,-0.08986796322327795,-0.2663163490635556,0.4931637129679851,0.3361727513166627,135.02473536943398,0.6912505522307124,0.008499267541633332,False,False,-0.2914707789058779,0.77266068560303,low,1.206092441362955,True,False,False,False
2017-02-01,19527.35,20045.9,2.9420274640440205,2.6555062514883154,0.5571672551575247,1.9608395404394408,0.6268128225411562,0.16523347665233779,0.5558539070381396,0.741828957446545,0.27197280271973534,125.85595950219067,0.6445112086493594,0.007960362440613745,False,False,0.15904450167765205,0.7236693127830677,low,1.1435816087860042,True,True,True,True
2017-02-02,20013.55,20018.4,1.149721063979165,0.024233581748367428,0.5963459756015227,0.43720379442926394,-0.3208787600647689,-0.35731336158024707,-0.5003153352236889,0.5765867952171725,0.4915856060153893,139.9449555728679,0.699251035287932,0.008740581598967224,True,False,0.0401578377623224,0.7945983271788384,low,1.2120517435094933,True,False,False,False
2017-02-03,20017.65,20183.25,1.0800468586472474,0.8272699342829926,0.6853951387900215,0.7608285687880301,0.04883502438031151,-0.0693282096485115,-0.13831327089854906,0.5061985775869656,0.26121878992562075,139.9016319517632,0.6988913881088099,0.008718609920654269,False,False,0.2173000839228001,0.7926009018776606,low,1.2084654773489751,True,False,True,True
2017-02-06,20350.95,20381.0,0.7574584970234697,0.1476589544959772,0.7574584970234697,0.2228397200130683,-0.1397312257615302,-0.03582804501572889,-0.17252364848306945,0.25176134887211005,0.18061261049026955,147.33450331862514,0.7239686762466869,0.00873300185359724,False,False,0.6138753669503227,0.7939092594179308,low,1.2111702856265372,True,False,False,False
2017-02-07,20323.25,20308.3,0.7102702569716879,-0.07356106921875272,0.4721193706715251,0.13408288536529422,-0.1813223262327801,-0.0826348719159653,-0.32801042175223394,0.3542910493599594,0.2154409160665944,142.23494214814673,0.6998631722197322,0.00870135037436501,False,False,-0.06721946911338872,0.7910318522150008,low,1.2035376296332216,True,False,False,False
2017-02-08,20333.05,20322.3,1.4242821416364106,-0.052869589166404385,0.43672739702112034,-0.9216521869566896,0.8508040197263256,0.8285318683282084,0.20640980113635354,1.4375311791875773,1.0910615828209398,143.72323489727387,0.7068454309475158,0.00871483873968152,False,False,0.13270436225583104,0.7922580672437745,low,1.2075370657540447,True,True,False,False
2017-02-09,20370.65,20175.15,1.984227307425147,-0.9597140984700991,0.6362094483975648,-1.2483646815393823,0.2025715400656658,0.18563848954384898,0.2033187182469698,0.3298312069535405,0.26193168404180334,146.2134244239951,0.7177651396690586,0.008872849807589187,True,False,-0.04748478272635914,0.8066227097808352,low,1.2346052668157066,True,True,True,False
2017-02-10,20258.1,20227.0,0.7014478159353651,-0.15351883937781974,0.41069991756382435,-0.044426673774933256,-0.1637109797472336,-0.09488439670574111,-0.17800711040883987,0.44940268950224954,0.3115865214737685,147.46209697035374,0.7279167195855176,0.008874238989896033,False,False,0.25080358758173826,0.8067489990814575,low,1.233306028266567,False,False,False,True
2017-02-13,20301.6,20255.25,0.9216022382472426,-0.22830712850218093,0.4467628167238087,-0.2913563462978219,0.023959550350860503,0.06944015420162764,-0.03702825996800829,0.39323303256276876,0.2513189922528619,143.30903467839016,0.7059001984000777,0.00884717342541276,False,False,0.2306323231324514,0.8042884932193418,low,1.226219476905857,True,False,False,False
2017-02-14,20256.4,20256.8,0.7185383385004209,0.001974684544125971,0.5657471218972696,-0.1641456527319729,0.14290553153191166,-0.10826674558548355,0.12037947962446616,0.41759073141424913,0.22541185755154744,147.46418365893624,0.7279881107153109,0.008854425768989505,False,False,0.24314683847397323,0.804947797180864,low,1.2278901169837866,False,False,False,False
2017-02-15,20304.5,20157.55,1.2319929079760716,-0.7237311925927803,0.5252530227289589,-0.5762269447659341,-0.1471207430340571,-0.18173264997896066,-0.22743302604715243,0.4146130030959788,0.31592760405062226,140.51271948913927,0.6920274790767529,0.008671433996748669,False,False,0.12489633110857046,0.7883121815226062,low,1.192871012313703,True,False,True,True
2017-02-16,20234.2,20255.65,1.0237617499085598,0.10600863883920564,0.7956825572545493,0.06795425566614721,-0.045436698529977004,-0.04469621390965628,-0.21324326989449194,0.29558547902381316,0.20668912178114254,142.92030551197604,0.7063303985923636,0.008696035354302361,True,False,0.4251508739901544,0.7905486685729419,low,1.1969534031174438,True,False,False,False
2017-02-17,21003.85,20549.45,2.7568755252013464,-2.1634128981115275,2.012726238284886,-2.0003475553291294,-0.1197549517336638,0.0674123396219084,0.059863482059197004,0.31724131230050606,0.14261238634816362,145.64585826519942,0.6934245781854251,0.008689678669632397,False,False,3.272173442965287,0.7899707881483996,low,1.1953265791352128,True,True,True,True
2017-02-20,20508.05,20676.45,1.1105395198470844,0.8211409665960456,0.4171532642060211,0.4807868129832027,0.38628306881516306,0.354871416720437,0.4242955310612029,0.5248305765371928,0.4271555467154347,156.53484211824616,0.7632848667632767,0.009560211175900954,False,False,-0.265700541863656,0.8691101069000867,mid,1.297991519705054,True,False,True,True
2017-02-21,20658.4,20850.9,1.360947604848398,0.931824342640275,0.3344886341633357,0.4208941641172359,0.48083064397563824,-0.055138421410971805,0.5341377954939608,0.7743904055607713,0.3238782927227013,159.52892199338385,0.7722230278888192,0.009455490828578984,False,False,0.09406837247207811,0.8595900753253621,mid,1.280725436637303,True,False,True,True
2017-02-22,20867.35,20879.85,0.6105231378205735,0.059902191701399765,0.5010219313904223,0.07907089304584058,-0.08068435657218043,-0.026110974035153944,-0.0016772613676274695,0.270065146033904,0.2040967878711037,161.36509870038208,0.7732898461011201,0.009556612388762662,False,False,0.4158093895227477,0.8687829444329692,mid,1.299694182966574,False,False,False,False
2017-02-23,20870.85,20851.2,0.8531037308015864,-0.09415045386267362,0.40271479120401377,0.23190239017578662,-0.24546769124131895,-0.13423653865940466,-0.41303875787720434,0.699594870753025,0.5084717373462322,160.7193478900499,0.7700661347767337,0.009542764184706625,True,True,0.03735659020540627,0.8675240167915113,mid,1.2949111146008159,True,False,False,False
2017-02-27,20786.0,20599.15,1.2787453093428234,-0.8989223515827871,0.6879630520542672,-0.6877225055325731,-0.24221226998917267,-0.15345677755314036,-0.49671794103648415,0.357505310504016,0.22060926946816198,151.8471529797098,0.7305260895781285,0.009127915160898063,False,False,0.010790745856348316,0.8298104691725511,mid,1.2330997351616488,True,False,True,True
2017-02-28,20625.95,20609.15,0.5822762103078993,-0.08145079378161224,0.4273742542767797,-0.011151001529619009,0.0019395208898487226,0.11844861441818733,0.02837299085274303,0.3386888353904306,0.22670288087417545,151.38154534183195,0.7339373233321711,0.009117587884009529,False,False,0.1635989834531948,0.8288716258190479,mid,1.230770692422904,False,False,False,False
2017-03-01,20699.75,20786.15,0.7379316175316127,0.4173963453665053,0.7379316175316127,0.32923102936026627,0.09148734344830434,-0.048324393721188574,0.06619121317661403,0.2783141290164287,0.19714429279293358,149.11956854809432,0.7203930895208605,0.009028756502611097,False,False,0.4354861796823206,0.820796045691918,mid,1.2081094463460853,True,False,False,True
2017-03-02,20896.3,20542.75,1.830467594741653,-1.6919263218847291,0.4462512502213311,-0.7848279360460952,-0.8947391268696703,-0.2548630293262355,-0.9520687610572565,1.0428172465187209,0.5539023170690196,149.8156964248501,0.7169484378806301,0.008983106217486018,True,False,0.4755570415877708,0.8166460197714562,mid,1.1971019252769852,True,True,True,True
2017-03-03,20485.25,20507.1,0.7280848415323113,0.10666211054295438,0.7039211139722341,0.043689972053062576,0.10905524489854823,0.1777330732440907,0.2234890673544765,0.2995969591396661,0.29980249168097617,137.0037749652056,0.6687923016082576,0.008348066226767792,False,False,0.14652371274537224,0.7589151115243447,low,1.141536153012126,True,False,False,True
2017-03-06,20580.7,20667.3,0.9239238704222783,0.4207825778520524,0.9239238704222783,0.18779730524227656,0.1884152507232395,0.055214367359601724,0.29128758823586676,0.3145103992124009,0.16152624135460306,136.31493291374863,0.6623435204524075,0.0082441498152726,False,False,0.2040756616001449,0.7494681650247818,low,1.1204151406346021,True,False,False,True
2017-03-07,20688.45,20631.2,0.5510320976196863,-0.27672445253269506,0.43115844831293343,-0.3487453144145669,0.08779460911998438,0.012359531501071608,0.14098280300991473,0.15206414342049032,0.10008797078302632,135.76859326248086,0.65625309417806,0.008203662262752766,False,False,0.0902391700899452,0.7457874784320695,low,1.1127994800848993,False,False,False,False
2017-03-08,20645.15,20689.65,0.865336410730839,0.21554699287726908,0.3921017769306452,-0.012109381622316118,0.2250195590197901,0.22817556438328168,0.20899982805342443,0.32893063632817404,0.3006007169847848,139.20007748194348,0.6742507440340394,0.008168086556895836,False,False,-0.0050893791926798215,0.7425533233541669,low,1.1023998026689321,True,False,False,False
2017-03-09,20627.8,20730.45,0.8304327170129772,0.4976294127342795,0.5393207225200942,0.5713163788673592,-0.14942891642344414,-0.19248744856560362,0.08648700882989413,0.4036990887246242,0.4035250016863732,136.70633789064232,0.6627286375214144,0.008201061527398074,True,False,-0.33398341682919774,0.7455510479452794,low,1.1102613772145988,True,False,False,False
2017-03-10,20868.25,20760.9,1.0571082865117991,-0.5144178357073481,0.6294250835599466,-0.9174224000575104,0.2652731563878463,-0.004582155638932495,0.3011698452785261,0.35232724599552245,0.17532774471123827,135.98515603123633,0.6516366059982813,0.008017151831229604,False,False,0.4604338063090907,0.7288319846572366,low,1.0805912090239727,True,False,False,False
2017-03-14,21213.35,21062.0,0.9913568578277324,-0.713465812801839,0.9458666358684407,-0.47281546761827054,-0.04546950819516171,0.03531475161169251,-0.18847578192617842,0.24131994193165238,0.1253792188092564,129.30554229457084,0.6095479605746893,0.007615971490605445,False,False,2.0661435679570683,0.692361044600495,low,1.034059456300017,True,False,True,True
2017-03-15,21095.45,21157.9,0.7245638277448557,0.29603540099880643,0.5965741427653934,0.4524672381959194,-0.185928865692353,-0.0425320762741932,-0.17344518778096285,0.31452179945165826,0.136811512015315,129.44047163859068,0.6135942662450465,0.0076864280755177625,False,False,0.1300921090114926,0.6987661886834329,low,1.0485537837959533,True,False,False,False
2017-03-16,21284.05,21266.55,0.4461087058149212,-0.08222119380475457,0.3523765448775022,-0.21588936316161433,0.07698428767168863,0.01646985193604067,-0.1294521191617326,0.22389008432957408,0.12493559111474674,130.39611103167226,0.6126470809440508,0.007638833957374373,True,False,0.3762188118858534,0.6944394506703975,low,1.0386487284579693,False,False,False,False
2017-03-17,21257.1,21175.7,0.888409049211786,-0.38293087956493554,0.6430792535199867,-0.5026555833109847,0.05082682237798064,-0.11022287679347542,0.005198512280291112,0.2659543031406248,0.24664433886335907,133.43525164988023,0.6277208633815536,0.007593313882767873,False,False,0.19702302442099473,0.6903012620698066,low,1.0251612460660273,True,False,False,False
2017-03-20,21156.6,21113.05,0.5492375901609934,-0.20584592987530348,0.5464015957195322,-0.132582740137821,-0.06413123475107474,0.0379021177808303,0.04833023767105704,0.17843155351407028,0.1326574122329085,131.22182407624314,0.620240606128788,0.007486899088631411,False,False,0.1267962806424272,0.6806271898755828,low,1.0078069748398282,False,False,False,True
2017-03-21,21127.55,21052.4,0.8242791994339215,-0.35569670879963544,0.2650567623789791,-0.572238617350318,0.14090776016164597,0.2334750860641499,0.13637921514120244,0.34846108256195407,0.32686512048981425,126.20967257467782,0.5973701284563417,0.007376723104141694,False,False,-0.01136737704877655,0.6706111912856085,low,0.984044135962194,True,False,False,False
2017-03-22,20855.75,20776.6,0.6839840331802874,-0.3795116454694769,0.4145139829543446,-0.1098018532059597,-0.25080581869499907,-0.10023339719107405,-0.3992542142169153,0.43777015626761145,0.25094404476609605,109.83951650741528,0.5266629898585057,0.0062370673003527425,False,False,-1.125999885998763,0.5670061182138856,low,0.8868845632179095,True,False,False,True
2017-03-23,20866.1,20888.5,0.7586468003124651,0.10735115809854534,0.45025184389990025,-0.038579322441656405,0.16372575576337756,0.18990437643269242,0.24663160723197297,0.4382001193783765,0.4354373075779484,105.27632666164936,0.5045328387271669,0.006103653185999885,True,False,0.3472656738831237,0.554877562363626,low,0.8655874023329033,True,False,False,False
2017-03-24,20956.1,21122.75,1.1578967460548377,0.795233845992338,0.9314710275289634,0.9157238226578546,-0.15533383771514364,-0.008997468869931247,-0.2402437872058849,0.3525156043124783,0.19557656017295463,104.50094991758579,0.4986660204789335,0.00587448013417104,False,False,0.47442372597361615,0.5340436485610036,low,0.8356272274605623,True,True,True,False
2017-03-27,21097.45,21043.5,0.9403980101860547,-0.2557181081125903,0.5967545840847961,0.09385020464558469,-0.34403153819745347,-0.34190786482800606,-0.3064999786823841,0.4998283393907962,0.419334368843778,101.86115099636481,0.4828126195173578,0.006049595125077457,False,False,0.26203974387803974,0.5499631931888597,low,0.8630114359091463,True,False,False,False
2017-03-28,21200.8,21230.1,0.5627146145428441,0.13820233198746923,0.4398418927587638,0.14173993434209997,0.06240918286362085,0.15912042941299553,0.04732964272005091,0.2451621107963142,0.22889768438521416,102.82580950458942,0.48500910109330503,0.006078694555495296,False,False,0.8815073538147145,0.5526085959541178,low,0.867231397366479,True,False,False,True
2017-03-29,21274.35,21397.5,0.7527844563993628,0.5788660993167882,0.29542618223352796,0.37133919485201616,0.21308131979291822,0.1043199206607115,0.09682783589786137,0.333437142181424,0.18501582341397127,101.21580336194711,0.47576449274336047,0.005835272389846797,False,False,0.28897650034622746,0.5304793081678906,low,0.831599291522879,True,False,True,True
2017-03-30,21401.05,21559.05,1.6758523530387597,0.7382815329154413,0.7513650031190025,0.44039895238785487,0.5633789712169657,0.2946239253186267,0.5294720858688873,1.2237558908226585,0.9956896751713327,100.35454280532758,0.46892345378066774,0.005877031771106837,True,True,-0.10819020913658273,0.5342756155551669,low,0.8401042104761446,True,True,True,True
2017-03-31,21485.5,21430.95,0.7200204789276523,-0.25389215982871693,0.5061553140490098,-0.02094435782271642,-0.06238070853312738,-0.008849763618157258,-0.19595764711352048,0.32982635817698686,0.2682875707398801,108.2946251441681,0.5040358620658961,0.0062788224734304735,False,False,-0.033396647811478886,0.5708020430391338,low,0.8871034025467237,True,False,False,True
2017-04-03,21506.3,21548.55,0.7237414153062194,0.19645406229802376,0.6072639180147315,0.143446338979758,0.06871847017826394,0.09172309378511212,0.014385918506110151,0.2061554105348268,0.1530266298845484,98.85107207498731,0.4596377437075988,0.005754099478514042,False,False,0.505110599390135,0.5230999525921856,low,0.8314206937380526,True,False,False,True
2017-04-05,21552.2,21613.15,0.9175397407225249,0.28280175573722754,0.4683976577797196,0.5312682695965965,-0.17053819917201007,-0.24443393942189529,-0.1604006554501658,0.38330710260445416,0.38302337111297813,106.29653792898898,0.4932050460230927,0.00575321525055887,False,False,0.24897266869465806,0.5230195682326245,low,0.8313032592579594,True,False,False,False
2017-04-06,21543.05,21621.4,0.8262525501263749,0.36369037810339844,0.4293728139701667,0.5468120809263288,-0.2673025296791143,0.051639974434736224,0.16042024540590116,0.8217590722432407,0.3181763447234632,104.66972077383707,0.4858630545528005,0.005751082101634746,True,False,-0.18715457950368997,0.5228256456031587,low,0.830806489530949,True,False,False,False
2017-04-07,21547.15,21436.75,1.0082539918272253,-0.5123647442933366,0.40214135048023264,-0.06033280503453531,-0.42769275778241633,0.06346702631314649,-0.6737695425593548,0.6965680094175994,0.29773502049846307,106.97565898417452,0.4964724289948996,0.005821839486064165,False,False,-0.39266652483188613,0.5292581350967422,low,0.8445074014111148,True,True,True,True
2017-04-10,21472.75,21534.65,0.7129967051262579,0.28827234518169487,0.44963965956851953,0.12550791118977056,0.1555835662823135,0.18913574502734676,0.1320638463595314,0.3020972385661229,0.23287193206932313,103.01029629446566,0.4797256815939535,0.005872242654383671,False,False,0.2579682088003077,0.5338402413076064,low,0.851646751092424,True,False,False,True
2017-04-11,21526.1,21704.85,1.2426774938330678,0.8303872972809767,0.6276102034274773,0.9507063518240821,-0.023699136016941402,0.01242927970022123,0.1535106927342822,0.21237186935562655,0.16756510410671605,102.38590288134947,0.4756361016689018,0.005839256368849893,False,False,-0.06129656158795349,0.5308414880772628,low,0.8457283380814135,True,True,True,False
2017-04-12,21755.0,21651.9,1.079751781199731,-0.4739140427487909,1.0255113766950228,-0.3128016547919943,-0.12403772775794186,-0.10998943916916692,-0.15511415756649383,0.28842230004681574,0.2202094641646567,108.9700416719852,0.5008965372189621,0.005913965139054539,False,False,0.14190376805185423,0.5376331944595035,low,0.8549127404743369,True,True,False,True
2017-04-13,21665.9,21680.95,0.6030213376780924,0.06946399641833967,0.5896362486672605,0.11261936960844654,0.07422672807662067,0.09614697344546563,-0.03039653663703401,0.23581969820611728,0.205205770662953,106.48841371894196,0.49150237801772345,0.0059485482749773696,True,False,-0.0030020460098256763,0.5407771159070336,low,0.8593255768854207,True,False,False,True
2017-04-17,21702.95,21654.75,0.7639514443888931,-0.22208962376082386,0.7639514443888931,-0.45938455371274944,0.2636177427007613,0.12665951702970357,0.1627745664739999,0.29092844826587916,0.2156447616582126,102.51805289399272,0.47236920738421606,0.005919120248323777,False,False,0.09017132551847329,0.538101840756707,low,0.8532584607329584,True,False,False,False
2017-04-18,21708.2,21651.5,1.4411604831353984,-0.26119162344183655,1.0330197805437578,0.4470660856266351,-0.621639284117359,0.14002236660906053,-0.6448773174203892,0.7982022678024755,0.26479477249830985,103.93493231485809,0.4787818995350056,0.005989872668972445,False,False,0.23689952550824955,0.5445338789974951,low,0.8691060194079961,True,True,False,False
2017-04-19,21643.6,21586.45,1.0876194348444705,-0.2640503428265051,1.0266314291522534,-0.4507106026723773,0.2278839972988278,0.3100555545233252,0.20858275097215273,0.6298138173818437,0.4721669980119352,112.84320357317665,0.5213698440794353,0.006216805769255167,False,False,0.10438075883887343,0.5651641608413788,low,0.8968577747804046,True,True,False,False
2017-04-20,21474.7,21500.25,0.6596134055423257,0.1189772150484103,0.5464569935784832,0.12153836840560484,-0.02744083941061959,0.0926658905704425,-0.1614053177826813,0.2937100014883235,0.1408614668218859,111.07988683067742,0.5172593183172637,0.006370578155421734,True,False,-0.7736334598787642,0.579143468674703,low,0.923759856762876,True,False,False,False
2017-04-21,21597.95,21573.55,1.0341259239881495,-0.11297368500251537,0.47504508529744044,-0.6387180264793679,0.49277726001863975,0.04453485432232007,0.6106877351602646,0.5568499534016775,0.1964636542239787,109.06014899235743,0.5049560212536719,0.0063276836269973435,False,False,0.3127870606155714,0.5752439660906675,low,0.9155786448616909,True,True,False,False
2017-04-24,21620.4,21879.05,1.3804092431222228,1.1963238422970868,0.8582172392740155,0.9703798264601993,0.0961970114795152,-0.1092566433981923,-0.011897244415148833,0.3623420765728145,0.20639905646144624,112.0951227754922,0.5184692363485051,0.006431977151077834,False,False,0.08505786020382988,0.5847251955525302,low,0.9330923643689113,True,True,True,True
2017-04-25,21949.4,22087.0,0.8483147603123581,0.6268964071910688,0.3621966887477562,0.32073769670240004,0.16757645391876075,0.11006492695999626,0.27071688832416285,0.3478687363191244,0.21899516395135357,122.95112135569343,0.5601570947529018,0.006650371192243989,False,False,0.3729595206373393,0.604579199294908,low,0.964240022644893,True,False,True,True
2017-04-26,22096.45,22241.8,1.2268939128231104,0.6577979720724381,1.1212208295902737,0.28036177757060354,0.38269911184922734,0.16707121016297233,0.33334385839878244,0.7708137771680232,0.4480750784694296,115.5090296077924,0.5227492633784722,0.006549205722921772,False,False,0.32439896771856436,0.5953823384474337,low,0.9488260881914753,True,True,True,True
2017-04-27,22212.35,22264.05,0.9096291027288841,0.23275340069826012,0.4598793013796281,0.3597098010791333,0.06302638809452255,-0.1314042797053272,0.013002501860692739,0.3671679619598837,0.28519429700947624,118.24702487829381,0.5323481075991231,0.00665062152613452,True,True,0.14499725741621283,0.60460195692132,low,0.9631577471166304,True,False,False,True
2017-04-28,22252.6,22349.15,0.8843910374518001,0.43388188346531464,0.40781751345910144,0.2628906285108368,0.2431525115301314,0.09219167813467877,0.2377612348345881,0.36596133763015476,0.2756799695678053,125.6015223934628,0.5644352677595553,0.006733188595030967,False,False,0.14709812455506732,0.6121080540937243,low,0.9804148607999869,True,False,False,True
2017-05-02,22411.75,22359.3,1.0019297912925107,-0.23402902495343048,0.4941604292391268,-0.3536091559115162,0.009851113847525461,-0.12386863664007874,0.007388153431797662,0.22635172954214383,0.18557936536328837,121.35989785838137,0.5415012119017095,0.00676819746465699,False,False,0.2836796925162588,0.6152906786051808,low,0.9869377608845108,True,False,False,False
2017-05-03,22408.45,22285.45,0.9159491174088347,-0.5489000801037092,0.705983680263459,-0.5158768232519484,-0.013008655241464329,-0.11449440971521563,-0.22694057693040115,0.22092285194580327,0.2121843561650072,115.96229932650567,0.517493621051459,0.006476075524785173,False,False,0.38708725228429053,0.5887341386168339,low,0.9531351741859746,True,False,True,True
2017-05-04,22478.5,22729.75,1.2787774984985523,1.1177347242921076,0.7335898747692142,1.1433147229575003,-0.030349013657060553,0.0852075696026855,0.1939641871578024,0.21574190143167854,0.180322996135939,118.44004457923256,0.5269036838722894,0.006530764992629387,True,False,1.4935754045801053,0.5937059084208534,low,0.9629661304554518,True,True,True,False
2017-05-05,22731.9,22580.25,1.4495048808062678,-0.6671241735182742,0.8404488846070908,-0.3904205103840819,-0.2128679092794128,-0.286629685038331,-0.2144103164263389,0.3771560052377936,0.35591507464729083,124.28705453144539,0.5467517212879055,0.00671094690771802,False,False,0.506384804056359,0.61008608251982,low,0.9903780127788178,True,True,True,True
2017-05-08,22666.45,22754.15,0.8916261699560298,0.38691546316251824,0.6480944303143977,0.5708878099569992,-0.17590921154507777,-0.0689459827986405,-0.23083600778661673,0.2844816052044497,0.17236495699659002,127.99898170757479,0.5647067878188899,0.006914744538948457,False,False,0.43489332491890575,0.628613139904405,low,1.0167241220325713,True,False,False,False
2017-05-09,22797.1,22714.75,0.7441736010282074,-0.36123015646726264,0.7432962964587633,-0.2640686754016852,-0.16207134657759692,-0.027085113317071308,-0.1407704100598095,0.22210591593401033,0.13784781249173914,126.11990421484188,0.5532278413256155,0.006932088635857059,False,False,0.29291360037617675,0.6301898759870053,low,1.0200259944145853,True,False,False,True
2017-05-10,22797.6,22850.05,0.5002719584517636,0.23006807734147205,0.4447836614380525,0.03267887847844264,0.16334101438058024,0.14204358633749248,0.16949041052638503,0.2734043556142266,0.1939947128220641,124.77831117305323,0.547330908398486,0.006858620204791297,False,False,0.23332856403879276,0.6235109277082996,low,1.006758403133558,False,False,False,True
2017-05-11,22910.45,22773.85,0.8954429092401128,-0.5962344694233512,0.3203778188555782,-0.006328989609549751,-0.5371251473220151,-0.3938617025229352,-0.3984333678656693,0.6124230651708904,0.4391055273965599,124.8722313024773,0.5450448651269499,0.0068174360614601534,True,False,0.28883963054784356,0.6197669146781958,low,0.9961869740352162,True,False,True,True
2017-05-12,22814.8,22695.25,1.2185072847449903,-0.5240019636376325,0.6427845083016193,-0.5706821887546676,0.044744011355724034,0.30075088280658857,0.2595423219650117,0.5263482715146022,0.3453884128043482,122.49752340942905,0.5369213116460765,0.006700107417112665,False,False,0.29222112203250994,0.6091006742829695,low,0.9788008789639069,True,True,False,False
2017-05-15,22744.7,22805.9,0.6825766002629183,0.2690736743065525,0.35766574190909767,0.3581054047756105,-0.062209351993225415,-0.06045803533289984,-0.013368397983781755,0.1682281067985526,0.1682310548393714,127.5782196284672,0.5609140574659907,0.006752390621573821,False,False,0.17889205891099547,0.6138536928703473,low,0.9856223056656596,True,False,False,False
2017-05-16,22834.65,22936.85,0.9341067193935659,0.4475654323582656,0.7944067458883821,0.42807750501978603,-0.01613437756188274,0.06306119554426726,-0.004797250739208003,0.18576337409081553,0.14336057256948048,126.31443432788001,0.5531700040415772,0.006768594350480378,False,False,0.22669572347504552,0.6153267591345798,low,0.9895929522715106,True,False,False,False
2017-05-17,22883.85,22906.85,0.6434668991450303,0.1005075631941299,0.5073446994277561,0.30829602536288636,-0.11479280660788849,-0.07234802012670016,-0.15394061854953067,0.18602098072699388,0.14295271446721963,125.13590177839069,0.5468306328628736,0.006814615896495484,False,False,0.15477277830215908,0.6195105360450439,low,0.9980495093534755,True,False,False,False
2017-05-18,22795.75,22672.45,0.7486044547777451,-0.540890297533525,0.37265718390489777,-0.20245001809549024,-0.24044378802263733,0.025562935506484585,-0.32872561183148186,0.36066568203398264,0.1952479384374123,119.11024719138732,0.5225107627140467,0.006545448002502643,True,False,-0.6827651990561678,0.5950407275002402,low,0.9580337463131776,True,False,True,True
2017-05-19,22769.55,22815.25,1.192381931131709,0.20070664549804995,0.6649231100307272,-0.2749285778594568,0.3930514666214524,0.22686703657133211,0.11946067020949247,0.41837411012927755,0.3403005548569675,119.59210874608834,0.5252282488941957,0.006440207206704591,False,False,0.3947522213082477,0.5854733824276901,low,0.9412340526456981,True,True,False,False
2017-05-22,22885.65,22671.05,1.1948535435960992,-0.9377055054149763,0.6390467388953339,-0.7963505515464986,-0.1979879665600759,-0.14542922554530158,-0.2511500957495971,0.37020886739430775,0.29394331345066416,121.19584164139451,0.5295713324349298,0.0066054042640665625,False,False,0.2610096317156252,0.6004912967333238,low,0.9678073138045157,True,True,True,True
2017-05-23,22686.0,22571.7,1.0693819977078471,-0.5038349642951578,0.9349378471303984,-0.04209644714802119,-0.38409892200940154,-0.3625689465431403,-0.4361278720750428,0.7247607098994708,0.670664334816099,121.19590973271079,0.5342321684418178,0.0066650225251262555,False,False,0.01698201009658895,0.6059111386478413,low,0.9757990306417085,True,True,False,True
2017-05-24,22645.65,22538.1,0.8902371978724486,-0.4749256479721353,0.46300282835777373,-0.6376500564126086,0.2013221487695116,0.036826284205737636,0.15503083958749997,0.3744236431309372,0.19477998513636957,123.68648815835695,0.5461821063133844,0.006543610685084442,False,False,0.23392123765599848,0.5948736986440402,low,0.9601827401672745,True,False,False,False
2017-05-25,22611.5,23149.8,3.066581164451707,2.3806470158989956,0.5811202264334424,1.9509983857771473,0.35982847958910824,-0.11721406137009671,0.36918938851651095,0.9847024094843759,0.665724061262159,118.62444427226546,0.5246199689196447,0.006557096382452301,True,True,0.15773290561318376,0.5960996711320273,low,0.9623422016774205,True,True,True,True
2017-05-26,23124.45,23300.85,1.3208962807764106,0.7628289537697119,0.6218526278462965,0.9574281766701276,0.03490984479039838,-0.08770241074675944,0.22810326661903968,0.31033352822878896,0.1324092493957121,143.81506470754903,0.6219177740770008,0.007726417683269224,False,False,0.006911506794882172,0.7024016075699294,low,1.0547558526740783,True,True,True,True
2017-05-29,23296.5,23141.85,1.3789625050973322,-0.6638336230764375,0.9127980597943803,-0.17942609404846266,-0.3827183322081096,-0.2231075697211149,-0.5657259362592537,0.5235500780487385,0.3766555400021567,146.00432369672126,0.6267221415093308,0.0078527905068131,False,False,0.04184396706556903,0.7138900460739183,low,1.0753683157930967,True,True,True,True
2017-05-30,23134.0,23318.25,1.0439180427077028,0.7964467882769943,1.039379268608977,0.5561078931442864,0.2727548237195565,0.16188316930316748,0.27728101248409853,0.31015383028159493,0.21405506604145644,150.17037440462263,0.6491327673753896,0.008006974950392853,False,False,0.0010802939263809819,0.7279068136720774,low,1.1001428426823954,True,False,True,True
2017-05-31,23322.7,23452.4,0.9456452297546993,0.5561105703885127,0.43176819150441725,0.2103101270436003,0.19489340763956253,0.22877222718002965,0.20625526870954314,0.42144897151475613,0.4046850155261196,150.21690320101516,0.6440802445729489,0.008017236227861567,False,False,0.01265103513343746,0.7288396570783241,mid,1.102225774248207,True,False,False,True
2017-06-01,23364.15,23314.45,0.7239724107232568,-0.21271905890006826,0.4275781485737672,-0.23861343126113654,-0.04011429355941232,-0.03668331359727439,-0.11103989504801515,0.23982770160114572,0.10104000411884069,152.41613639312345,0.6523504445619611,0.008023709643604809,True,False,-0.24858863058793146,0.729428149418619,mid,1.1037899302205298,True,False,False,True
2017-06-02,23448.0,23362.75,0.6126322074377408,-0.3635704537700457,0.6126322074377408,-0.08700102354145534,-0.19400194642215096,-0.10616482248899661,-0.054926266296206894,0.24885178165923644,0.16618960140129643,152.11527674154058,0.6487345476865429,0.00787387963312896,False,False,0.517919144564849,0.7158072393753598,low,1.0763985286983897,False,False,False,True
2017-06-05,23416.65,23462.9,0.6153741034691221,0.1975090373729893,0.4454095696865389,0.21587203976656255,-0.027059044112642816,-0.08070767212667862,-0.004049135189976294,0.16917229153883176,0.14075929096499662,143.12373543652575,0.6112049991630986,0.007629931642934732,False,False,0.14831301965736454,0.6936301493577028,low,1.034929959279721,True,False,False,False
2017-06-06,23486.45,23415.6,0.6239768036463547,-0.3016632994769397,0.5005013529077373,-0.3608463603481993,0.08866877192683642,0.02370083145077917,0.02028380242296013,0.17285069033446598,0.14006977866412407,142.32538337128062,0.6059893401143238,0.0075708191740096785,False,False,0.2563621717690312,0.6882562885463344,low,1.0211662602363578,True,False,False,False
2017-06-07,23460.2,23586.2,0.7595843172692506,0.5370798202913862,0.32416603439015557,0.148975712057009,0.43881396798912675,0.39373428572644364,0.470030249682285,0.7071672238738694,0.50562204061142,144.9376842745878,0.6178024239971859,0.007546901720603303,False,False,0.2872016945967726,0.6860819746003002,low,1.0151465196377818,True,False,False,True
2017-06-08,23638.75,23521.1,0.5884405901327208,-0.4976997514674064,0.48987361852889544,-0.06641637142403845,-0.4197171830055746,-0.18436523410564343,-0.45195444908530114,0.45760390804743056,0.24122355716700666,146.4319513369519,0.6194572527606236,0.007593592833334016,True,False,0.18718572724727434,0.6903266212121832,low,1.0280427108927834,False,False,False,True
2017-06-09,23532.1,23698.3,0.9701641587448758,0.7062693087314775,0.3884056246573891,0.6325402322784779,0.03863865258784127,0.09083764988211396,0.10542929159542691,0.2159964021713717,0.16562027327345397,143.55883975105098,0.6100553701159309,0.007527723173690509,False,False,-0.15794329346840996,0.6843384703355008,low,1.012713994713698,True,False,True,True
2017-06-12,23593.35,23473.75,0.7889935087641284,-0.506922501467566,0.45351762255042205,-0.5899967575609066,0.1432582293538598,0.0166071576849669,-0.01319662762309104,0.3131641948226677,0.1984342431074911,140.28847083017172,0.594610222076016,0.007445968511575207,False,False,-0.3719676094909641,0.6769062283250188,low,1.0004645829910412,True,False,False,False
2017-06-13,23516.0,23450.8,0.7107926518115388,-0.2772580370811406,0.6006548732777683,0.15733968361966166,-0.41502144100539207,-0.14155863507674393,-0.3661626620280467,0.43327813866599973,0.31100325691296976,140.68830302378046,0.5982662996418628,0.007469738864657014,False,False,-0.11395707971670888,0.6790671695142739,low,1.005744072916357,True,False,False,False
2017-06-14,23526.35,23494.7,0.6692495861023947,-0.13453000571698182,0.5791378603140734,-0.0025503318619279902,-0.13857156519982983,-0.12647250126472942,-0.08888302950788018,0.24207517294879324,0.1825880312376481,140.71191104494756,0.5981034501524782,0.007415819793230992,False,False,0.445613795691413,0.6741654357482719,low,0.9947298499618086,True,False,False,True
2017-06-15,23449.35,23395.8,0.6791233019252133,-0.22836453888913644,0.3609908163765796,-0.563768292084843,0.2691152220575921,0.03166114022890021,0.1507836896597503,0.42565236317474475,0.17199700502727877,144.2545826512105,0.6151751867374171,0.007421173649286983,True,False,-0.21281395378531798,0.6746521499351802,low,0.9961018046019564,True,False,False,False
2017-06-16,23438.8,23495.0,0.546529685820087,0.2397733672372393,0.2813710599518778,-0.1107138590712875,0.42241760400805184,0.08747956681651736,0.2806454846146167,0.5471354405807005,0.24179267129818516,141.84665054815378,0.6051788084208823,0.007406565958326409,False,False,0.22568153258277768,0.6733241780296735,low,0.9925599518791873,False,False,False,False
2017-06-19,23558.25,23707.55,1.1429117188246156,0.633748262286038,0.24556153364531977,0.8077849585601538,-0.04610807817740925,-0.13105443071259604,0.14343812754180618,0.3332835057298296,0.2013147515119734,140.2458704478613,0.5953153160691533,0.007239113807952915,False,False,0.32496275803362007,0.6581012552684468,low,0.9602360126555597,True,False,True,False
2017-06-20,23678.25,23669.0,0.44281144087928176,-0.03906538701128337,0.40057859005626917,0.17378818113671368,-0.16695194650793166,-0.12652995807640455,-0.13727024103473706,0.3159860704739457,0.3161140119275451,137.50840857313597,0.580737210617913,0.007216810565907668,False,False,0.0550457554660877,0.6560736878097879,low,0.9575788250072357,False,False,False,False
2017-06-21,23621.35,23691.35,0.6345953978074982,0.2963420803637318,0.25506586202736087,0.5613565693747491,-0.21554309914771919,-0.13776861192857925,0.025530981107069195,0.2690078913191341,0.18284886109174864,134.29454794779485,0.568530367433677,0.007070967902545545,False,False,-0.13033926232624005,0.6428152638677768,low,0.9261845934719567,True,False,False,False
2017-06-22,23759.7,23710.45,0.8493373232827136,-0.20728376200036536,0.41225267995808335,0.14520385358400834,-0.31373191786234766,-0.07119851536351307,-0.5135894639711425,0.4162779164670351,0.20559097927448827,136.8617306866745,0.5760246580835384,0.007009418098537107,True,False,0.10763422092874286,0.6372198271397369,low,0.9133383417275821,True,False,False,False
2017-06-23,23734.0,23549.85,1.1405578494986126,-0.7758911266537494,0.7244880761776386,-0.5241425802646082,-0.2956424505285993,-0.08997920292008743,-0.2966982001156304,0.4457932366494986,0.2951912058062021,108.3852724291537,0.4566666909461266,0.0055432323135126485,False,False,0.26085544559466545,0.5039302103193316,low,0.8022957839285555,True,True,True,True
2017-06-27,23578.15,23210.65,2.46796292329974,-1.558646458691626,1.218925148919647,-2.0359951904623697,0.5234196752113895,0.2465255441047587,0.5706612957368185,0.6920482637100116,0.394397696216641,104.25989637618841,0.44218862114367924,0.005461085968657356,False,False,0.3698537357987419,0.4964623607870323,low,0.7932638648676772,True,True,True,False
2017-06-28,23150.55,23259.95,0.8922034249726217,0.47255896728155555,0.8922034249726217,0.4431860150190925,0.03440394097142807,0.2298796094416522,-0.08054158308240522,0.3152261091508157,0.28589525935246846,122.47683286492975,0.5290450242647788,0.006263569883375445,False,False,-0.004739203770687261,0.5694154439432222,low,0.8474486217736958,True,False,False,True
2017-06-29,23331.7,23183.7,1.5022480145038724,-0.6343301173939331,0.7560529237046656,-0.2950920850173899,-0.002149349714242188,0.09380156665828032,0.22727664414725623,0.437392666848645,0.4339398163984869,118.3341340738225,0.5071817916132236,0.0062127380756002385,True,True,0.2254948957328029,0.5647943705091125,low,0.8397677584504534,True,True,True,True
2017-06-30,23091.0,23241.95,1.1032436880169763,0.6537178987484404,0.6028322723138917,0.4257069854055606,0.24149068751535552,0.2626766273873704,0.3906309045405232,0.43101775387785357,0.36986076844774934,119.05742858604572,0.5156010072584372,0.0064490826259592324,False,False,-0.20035628480354895,0.5862802387235666,low,0.867657041006658,True,True,True,True
2017-07-03,23247.1,23289.7,0.7983791526684986,0.18324866327414924,0.528668091934054,0.09291481518125533,0.11453153807474692,0.1763110987836658,0.19548471176218385,0.29073390434360946,0.24361033527061154,127.3935074540168,0.5479974166843039,0.006564270255833075,False,False,-0.006884103958582077,0.5967518414393703,low,0.8865566817388146,True,False,False,True
2017-07-04,23323.0,23206.7,0.8448741585559287,-0.4986494018779708,0.36101702182395373,-0.2235990224242257,-0.2700803795306128,-0.2561501830872004,-0.20961656293334574,0.3779406424776093,0.3539256304904768,124.26465282305799,0.5327987515459331,0.006607421621816517,False,False,0.15371602038669607,0.6006746928924106,low,0.8958388926020545,True,False,False,True
2017-07-05,23243.5,23363.0,0.7479510400757294,0.5141222277195823,0.45733215737734384,0.3536472562221782,0.19206283198360818,0.2535240268709771,0.20881750122203613,0.31060161109849105,0.31079214461594207,128.30353352822385,0.551997476835347,0.006663159933790791,False,False,0.1516803336967465,0.6057418121627991,low,0.9072840530499369,True,False,False,True
2017-07-06,23386.2,23460.65,0.7220069955785984,0.3183501381156528,0.32006054852862875,0.5729874883478203,-0.23022763411876257,-0.1094001085487517,-0.27729024745763997,0.39753063324291454,0.24008428490852243,125.3610818348152,0.536047249381324,0.006690396150213661,True,False,0.15622993622395054,0.6082178318376055,low,0.9135338822839977,True,False,False,False
2017-07-07,23433.0,23444.8,0.38748773097767797,0.05035633508299053,0.29317628984765387,0.037340502709848344,0.010024848827416832,-0.036243316306083795,-0.042423376772882104,0.19367154755938212,0.1739679182692022,127.5968127581491,0.5445176151502117,0.0066812606044013255,False,False,0.01321361513852981,0.6073873276728478,low,0.9116711294194315,False,False,False,True
2017-07-10,23506.1,23644.45,2.1745419274145767,0.5885706263480728,0.7204512871127008,0.7181114689378543,-0.11488960882622967,-0.12100682748817926,-0.2074115336004434,0.2785650625768249,0.25637397656311356,124.77902254827677,0.5308367723623943,0.0066488629669990565,False,False,0.01855422097865045,0.6044420879090051,low,0.9015876369065762,True,True,True,False
2017-07-11,23702.35,23560.2,0.8073039171221359,-0.5997295626804844,0.4499553841707587,-0.055057831818361436,-0.5253426652539361,-0.15803645006917666,-0.4848044629038095,0.5973160878540101,0.28387244382397364,136.7872988223644,0.5771043749770145,0.007232625448947355,False,False,0.4233551636853461,0.6575114044497595,low,0.9619711282817345,True,False,True,True
2017-07-12,23622.2,23719.35,0.89661420189484,0.41126567381530865,0.5875828669641392,0.006984954830624446,0.36679034111712916,0.2638689789031812,0.3565948891593118,0.43494180669111937,0.35372820649439685,137.4863239758124,0.5820216744241112,0.007237013281266489,False,False,0.26973455233825216,0.6579102982969535,low,0.9628429804048318,True,False,False,True
2017-07-13,23833.75,23866.4,0.5265642209052289,0.13699061205223462,0.4336287827135828,0.18503173021449104,0.09548598387210117,0.050861293090820325,-0.05206351330441228,0.21526226188706882,0.17811917868430113,140.99080612251055,0.5915594739498005,0.007281921869534551,True,False,0.4127431822541494,0.6619928972304137,low,0.9720265301932255,False,False,False,True
2017-07-14,23896.3,23943.2,0.8616396680657584,0.19626469369735666,0.8089118399082672,0.012135769972765331,0.11694952132288439,-0.12501513121370156,0.03240047827286485,0.30754167503514757,0.15945168655637407,138.38639076891013,0.5791122088729642,0.0072558975268205905,False,False,0.34818824791338354,0.6596270478927809,low,0.9649516276138232,True,False,False,True
2017-07-17,23974.95,24015.7,0.6269043313958914,0.1699690718854452,0.4171020168968027,0.18727880558666588,0.010616219501802249,-0.037658984372557214,0.104803675421139,0.3012092082173793,0.18226116193572553,141.10663355088764,0.5885586145159328,0.007298065474833007,False,False,0.28484078986936723,0.6634604977120916,low,0.9739750113218374,True,False,False,True
2017-07-18,23992.45,24012.05,0.8202580395082589,0.08169236572337368,0.7481520228238466,0.5624686099168663,-0.4745641884330687,-0.03018299219613718,-0.4788952460684337,0.5468885996833506,0.16631869492905216,140.1291337181883,0.584055124500367,0.0073121421222237795,False,False,-0.23963490549931965,0.6647401929294344,low,0.9779575813599803,True,False,False,False
2017-07-19,24098.1,24160.6,0.5062639793178715,0.25935654678168607,0.3406907598524305,0.22449902689425372,0.005796573397032212,-0.05317289051557372,0.0876413294133016,0.17017083329883895,0.13365637071228614,138.80557220582887,0.5760021421017794,0.007218416813000782,False,False,0.2380055014045146,0.6562197102727984,low,0.9619153732519162,False,False,False,True
2017-07-20,24201.2,24222.45,0.5328248186040241,0.08780556336049905,0.3303555195610015,-0.003305621208860021,0.05908993239780447,-0.07613537653998748,-0.017341828076422594,0.2764417117072505,0.1792998433963423,139.56123032304276,0.5766707036140472,0.007227520281821654,True,False,0.04159664908984784,0.657047298347423,low,0.9651579229178303,False,False,False,False
2017-07-21,24226.55,24280.65,0.9173819631767628,0.22330872534472856,0.42783640262438444,-0.009287331460727799,0.23819057723031278,0.17099447000996637,0.4249511461273503,0.3440759898118771,0.2961978998001253,140.8959309356269,0.5815765386967063,0.007209772038680625,False,False,0.03694919382639661,0.6554338216982386,low,0.9601256174504785,True,False,False,False
2017-07-24,24261.4,24422.7,0.9084389194358176,0.6648420948502487,0.5988937159438419,0.7211043056047695,0.0016369056753617883,0.13912337928434493,-0.013297872340423122,0.32185657841699544,0.18112675594604197,143.41729205514457,0.5911336198865051,0.00722878395726414,False,False,0.11140558428213154,0.6571621779331036,low,0.9634419423230737,True,False,True,True
2017-07-25,24518.6,24515.8,0.694778657835285,-0.011419901625697726,0.694778657835285,0.10053591966916464,-0.1391421266539794,-0.20501273440570733,-0.14544832306639943,0.2860256893443237,0.28583701996584093,140.69114253188854,0.573813931186481,0.00715422267394193,False,False,0.8197291863716982,0.6503838794492663,low,0.9518413572504754,True,False,False,False
2017-07-26,24536.3,24678.3,0.9437038184241426,0.5787343650020649,0.37515843872141647,0.20744774069441085,0.37824559120192003,0.2017823430299881,0.4906411723270221,0.5893310340339748,0.37798664257730125,125.09511937140269,0.509836932917362,0.00621919961152194,False,False,0.2543257817407607,0.5653817828656308,low,0.8633419625357162,True,False,True,True
2017-07-27,24828.75,24913.75,0.9285606403866603,0.3423450636862446,0.453909278558126,0.6919397875446709,-0.4365903950113048,-0.4128891840637472,-0.397746370664398,0.6523856475157489,0.6195338193049641,125.5860331814547,0.5058089238542202,0.006235731831012985,True,True,0.7261440212656511,0.5668847119102713,low,0.8659500400785258,True,False,False,False
2017-07-28,24776.1,24806.9,0.838913307582705,0.12431335036588997,0.6425547200729618,-0.26981647636229456,0.5002175298724154,0.4165007066359028,0.48822039316611665,0.7300909578396814,0.5303307541291251,119.89534329692106,0.4839153187827021,0.005984562928426713,False,False,-0.6791430435000745,0.5440511753115194,low,0.8371497885813353,True,False,False,False
2017-07-31,24853.45,25091.55,1.1775025197709028,0.9580158891421497,0.34985082553931435,0.7668955416652468,0.2623377608653499,0.08290502392487298,0.2733484283963028,0.2996719779748055,0.17557530307166808,122.78071742774955,0.4940188079632789,0.005891113910120843,False,False,0.2970947599256535,0.5355558100109857,low,0.8240970174251103,True,True,True,True
2017-08-01,25132.15,25151.85,0.690151857282408,0.07838565343591952,0.3213015997437545,-0.4788687000515379,0.6173086303264963,0.5779006938005704,0.504997054683054,0.6934726808946207,0.6434440643284203,123.46307192074346,0.4912555110515553,0.006025465857192415,False,False,0.2443053537944051,0.5477696233811286,low,0.8429773463712188,True,False,False,False
2017-08-02,25145.0,24956.45,1.050705905746672,-0.7498508649830926,0.2966792602903248,-0.2736130443428131,-0.19022020880357093,0.02437815717117875,-0.2937983646884246,0.6701573603656027,0.4671814054606985,125.24282637128817,0.49808242740619674,0.0059819440641896435,False,False,0.15326904382779727,0.5438130967445131,low,0.8352173602815975,True,True,True,True
2017-08-03,24960.1,24642.35,1.5256349133216587,-1.27303175868686,0.8810060857127889,-0.9797637028697737,-0.27553503765846976,-0.06284730739833932,-0.43204440422712764,0.43333043367435553,0.326197798722378,125.38086801377176,0.5023251830472305,0.006082156669634346,True,False,0.185923879397909,0.5529233336031224,low,0.850257846082663,True,True,True,True
2017-08-04,24660.85,24823.95,1.1530421700793045,0.6613721749250345,0.5340448524685918,0.7110460507241401,-0.026171475507530406,0.08807695951080774,0.08928733389634846,0.4032420418582611,0.23016907954538,129.94290051205826,0.5269197960007796,0.006403248754861691,False,False,-0.05214600068580433,0.5821135231692446,low,0.8903293340667101,True,True,True,False
2017-08-07,24865.05,24897.4,0.5208113396112214,0.13010229217316205,0.4001600640256103,0.3245519313253009,-0.22528887686279475,-0.12559764213500024,-0.21628881271674727,0.35958028922762686,0.21568285190914438,133.9853368384247,0.5388500599774572,0.006599849729460903,False,False,0.12165670652737326,0.5999863390419002,low,0.9287058300636332,False,False,False,False
2017-08-08,24933.55,24598.55,1.7243834111067244,-1.3435712122822463,1.4747198052423371,-1.3425685471984528,0.09228092427273626,0.1981866128402121,0.09899520879450563,0.5266517065873102,0.4588406693579894,119.00167792676075,0.4772753094796399,0.005831019182296164,False,False,0.17993846747048625,0.5300926529360149,low,0.8457666598955086,True,True,True,False
2017-08-09,24482.0,24356.85,0.8302017809002532,-0.5111918960869266,0.5318192958091689,-0.1784984886855634,-0.33390211266740577,-0.30861039370335686,-0.26084748816563863,0.828003584537395,0.47171548904924265,123.12185219668754,0.5029076554067786,0.006257595167605179,False,False,-0.32237672545739615,0.5688722879641072,low,0.8916624726725034,True,False,True,True
2017-08-10,24291.5,24276.7,0.9867649177695783,-0.060926661589444375,0.5534857872095208,-0.376469135294244,0.2440077603145463,0.4037406540557287,0.07342840524229288,0.7458662275491167,0.4726517959319694,121.11814105926715,0.49860297247706875,0.0062381706683565675,True,False,-0.23155703631626556,0.5671064243960515,low,0.8882817303235517,True,False,False,False
2017-08-11,23978.6,23977.7,1.3351488410499273,-0.0037533467341588356,0.5302644858332073,-0.0950847839323421,0.1331619065111589,0.22541390296131336,0.2392349496143975,0.5186635386837426,0.4249229644330735,122.93424160674476,0.5126831491694459,0.0063602187019098175,False,False,-1.3117515972104976,0.5782017001736197,low,0.9112553540663748,True,True,False,False
2017-08-14,24124.9,24100.8,0.6858059515272632,-0.09989678713695493,0.6858059515272632,0.06963759435272276,-0.2104242866078132,-0.19368082642676754,-0.18851195704413515,0.34380346040254,0.30678214324923625,127.28484471354568,0.5276077609173331,0.0065345825119984945,False,False,0.30590924066944414,0.5940529556362267,low,0.9350832158683915,True,False,False,False
2017-08-16,24128.05,24447.85,2.122011517714859,1.325428287822672,1.0083699262891088,0.8220722354272292,0.40079913180741666,-0.08182000417281676,0.6789176889592463,0.6710816232570376,0.1906406097226651,127.95844911948188,0.5303306695712331,0.006547530028516619,False,False,0.3649256456217165,0.5952300025924199,low,0.9381811699629866,True,True,True,True
2017-08-17,24400.45,24258.0,1.5298898176058198,-0.583800708593496,0.6938396627931012,-0.20675848191324953,-0.3856262833675572,-0.40893918056144063,-0.2994375014129358,1.1026694045174539,1.0820875606120919,139.26976007249868,0.5707671787712878,0.007153563186903078,True,False,0.1936775626486753,0.650323926082098,low,1.002943875135547,True,True,True,True
2017-08-18,24078.55,24072.7,0.8277076485087319,-0.02429548290905359,0.8277076485087319,-0.1225156830456986,0.029107178869858252,-0.04113695906458048,-0.03179062238974906,0.27028094664862023,0.2563788256852403,144.5447756450303,0.6003051497911225,0.00746735040567815,False,False,-0.5470360293511445,0.6788500368798318,mid,1.053798884669449,True,False,False,False
2017-08-21,24137.1,23926.25,1.5581822174163364,-0.8735515037017638,0.6241429169204165,-0.5568191704885761,-0.26955300861987164,-0.18763290664221,-0.5318706889387514,0.7311677436288417,0.5139056831922612,147.84879214938337,0.6125375134104072,0.007526294164514201,False,False,0.2818545489288615,0.6842085604103819,mid,1.0684291569284887,True,True,True,True
2017-08-22,24099.85,24006.8,1.1321647230169574,-0.386101988186649,1.1321647230169574,-0.6603775542171286,0.243518359947692,0.23409813744754704,0.3277509761460795,0.2825731912600778,0.2825466369014739,149.10631905523223,0.6187022701603215,0.007754275817499279,False,False,0.6451073611619007,0.7049341652272071,mid,1.1004672162720608,True,False,False,False
2017-08-23,24128.45,24285.9,1.116731493320129,0.6525491691343754,0.4179713160190503,0.5184750781753511,0.20739231988717854,0.05351809426183962,0.5103296257927381,0.5261085490577758,0.27108973131857694,152.1814530858228,0.6307137552798576,0.007820686330003115,False,False,0.32553276571638534,0.7109714845457377,mid,1.1117852762811886,True,False,True,True
2017-08-24,24290.15,24320.5,0.7663600265951485,0.12494776689315756,0.6206219393457841,-0.004322739876050363,-0.11301365633142879,-0.31104454675631166,-0.20709937479433949,0.7206936444742674,0.5193663237780524,153.83361532245908,0.6333168602188916,0.007925493758789376,True,False,0.36585014349890255,0.7204994326172158,mid,1.1331309153365754,True,False,False,True
2017-08-28,24377.95,24367.25,0.4936838413402216,-0.04389212382501784,0.3946189076603943,-0.05619832676660996,0.04986814697764963,0.0250304674132229,0.08108668474522407,0.11841119673291214,0.10135287624691007,154.4286438664003,0.6334767438049561,0.007884104178040727,False,False,0.12643654530128945,0.7167367434582479,mid,1.1242110751707788,False,False,False,False
2017-08-29,24271.05,24119.6,0.8520438959171494,-0.6239944295776234,0.5656945208386093,-0.6031877483668735,-0.01844586346331223,-0.0238332583794576,-0.1269106470372594,0.17554658824066746,0.15584878522917667,152.881581004478,0.6298927364266399,0.007798922693993288,False,False,-0.2677774471883332,0.7089929721812079,mid,1.102547998591,True,False,False,True
2017-08-30,24253.65,24321.6,0.5506387698346404,0.2801640165500663,0.3830351307947523,0.15152358510988062,0.09983367914896402,0.01233976303540718,-0.13697223591259133,0.21284128709284622,0.11434847079486282,155.6348133540596,0.6416964595187099,0.007802382863626256,False,False,0.5532844657456959,0.7093075330569323,mid,1.1030967897453026,False,False,False,True
2017-08-31,24279.3,24301.35,0.6038065347847695,0.09081810431108561,0.5329642946872348,0.11182365224697843,0.04463835730843524,-0.06780691877141809,0.16703224278373785,0.27235569159625156,0.16047637442569296,149.2030841435153,0.6145279482666934,0.007651291177332299,True,True,0.13465397013354696,0.6955719252120272,mid,1.0718185285874289,False,False,False,True
2017-09-01,24331.9,24406.3,0.7190149556754742,0.3057714358516872,0.47119213871501126,0.5184551966759487,-0.21833302327862736,-0.21425314990972666,-0.1113300875701051,0.2784359341811737,0.27844731887123975,150.31187530595525,0.6177564238960181,0.007635095137680927,False,False,0.36150255026985434,0.6940995579709933,mid,1.0674366270615816,True,False,False,False
2017-09-04,24354.7,24214.85,1.2307685990794384,-0.5742218134487498,0.5341884728614951,-0.5362414646864933,0.08153037677354202,0.1700223528779743,0.05654112747959239,0.2718367245842041,0.2720770823090076,151.26127939919752,0.6210763400871188,0.007549260452255748,False,False,0.20486513728013023,0.6862964047505226,mid,1.0508622998418347,True,False,False,False
2017-09-05,24293.15,24308.35,0.5404815760821435,0.06256907811459378,0.5404815760821435,0.3136686679166667,-0.19286521798899114,-0.16213875383027654,-0.07395127843272675,0.26324050497859586,0.22843092786467967,144.09507031803514,0.5931510335960348,0.007427664885841699,False,False,0.238490017489279,0.6752422623492453,mid,1.0359937589449137,False,False,False,False
2017-09-06,24151.9,24290.15,0.7365880117092146,0.5724187331017427,0.24345910673694107,0.6359748094352691,-0.10121165991235914,0.01709454519243092,-0.04075617106064078,0.31021785192650975,0.19133533112956672,145.54300714236342,0.6026151447395999,0.007274783249634547,False,False,-0.47699658759231545,0.6613439317849589,mid,1.0053152254552682,True,False,False,False
2017-09-07,24360.8,24290.0,0.6732127023743063,-0.2906308495615906,0.35836261534926156,-0.033865882893824306,-0.31085040375649076,-0.3671053873587682,-0.3736472982899808,0.6370996055854431,0.6207343749358746,145.71865818254082,0.5981686076916227,0.007314924504870868,True,False,0.14285626066532497,0.6649931368064425,mid,1.0160309834037027,True,False,False,True
2017-09-08,24384.6,24355.5,0.5772085660621868,-0.11933761472404658,0.32705067952724265,-0.371956070634738,0.3212740646828971,0.02441927275711464,0.1732443341087908,0.45587575481911097,0.25116966264465684,135.2775671868676,0.5547663984107495,0.006922012654644133,False,False,0.4919720049403109,0.6292738776949212,low,0.9635520964046951,True,False,False,False
2017-09-11,24501.65,24671.6,1.125434409519359,0.6936267557490883,0.22937230757928842,0.8505549626249609,-0.17462530427901912,-0.1566446473673877,-0.08668073540907262,0.3154586898852778,0.2311216890097733,134.21586471107366,0.5477829644577963,0.00686535569440601,False,False,0.46396091231959424,0.6241232449460009,low,0.9509360580236625,True,True,True,False
2017-09-12,24707.85,24794.2,0.6752914559542759,0.34948407085197974,0.5044955348199113,0.3045590773782525,0.026832801384824023,-0.001411853925548101,-0.03407505383455911,0.178347341535162,0.1782969814563101,136.32731319179766,0.5517570860750639,0.006909056013379933,False,False,0.4359263282478709,0.6280960012163574,low,0.9579639412821622,True,False,False,True
2017-09-13,24772.4,24831.55,0.8428735205309105,0.23877379664465348,0.5485944034490056,0.5049974972146432,-0.24902098604278056,-0.0696098628725883,-0.40542816582853636,0.4490410683803565,0.20681774287002455,134.27616219556694,0.5420393752545855,0.006697330261510497,False,False,0.09740181171402629,0.6088482055918633,low,0.9248172138120067,True,False,False,False
2017-09-14,24836.6,24921.65,0.6969552998397468,0.3424381759178141,0.6055579266083179,0.4052487055394183,-0.18466350539855236,-0.1059492085915048,-0.058420244321089054,0.48521789692127243,0.48560053937778924,136.56508882308663,0.5498542023589648,0.006735699443565665,True,False,0.10349736524704056,0.612336313051424,low,0.932487275099058,True,False,False,False
2017-09-15,24846.55,24844.45,0.5018805427715346,-0.008451877624859883,0.4153494147074774,0.12476581255747021,-0.14430681477878293,-0.21049206537304688,-0.09591602823187939,0.34448729878947376,0.2667304034498116,125.6253779811268,0.505604914892115,0.006054666405949258,False,False,-0.326423009712451,0.5504242187226598,low,0.861471766727643,False,False,False,False
2017-09-18,25024.35,25039.2,0.6263898962410612,0.05934220069652163,0.5029101654987984,0.21279273987135916,-0.13398411331226878,-0.06564127938644138,-0.17876467036153088,0.24025425080549975,0.1584169478201737,114.6682799726259,0.4582268069805046,0.005662341165698961,False,False,0.4173970444103281,0.5147582877908146,low,0.8103735055306919,True,False,False,False
2017-09-19,25052.95,25024.05,0.438670895044302,-0.11535567667680935,0.23071135335359416,0.04729981898339286,-0.10213526539210038,-0.07303202633941464,-0.20147669865183682,0.21983020012127982,0.12172004389903222,118.37162577526033,0.4724857782227655,0.005605049966704982,False,False,0.08207131218249675,0.50954999697318,low,0.8004834747199787,False,False,False,False
2017-09-20,25005.7,24946.95,0.4560960101096921,-0.23494643221345646,0.2707382716740467,-0.09537825375814935,-0.1485078166749032,-0.17288332976495013,-0.17667844522968323,0.3078234798463743,0.20910078657913111,102.81402262905067,0.41116234550142833,0.005148702613156569,False,False,-0.15744853450979646,0.4680638739233244,low,0.7445130911316207,True,False,False,True
2017-09-21,24949.45,24815.95,1.1288826006184562,-0.5350819356739311,1.0813865636316602,-0.49740575443547597,-0.06787416894423748,-0.04734037731287666,0.12107270415884219,0.3236610964195814,0.22622656903134117,105.57125818112763,0.42314062306434663,0.004913345976383478,True,False,-0.051509302740426754,0.4466678160348616,low,0.7106836163757343,True,True,True,True
2017-09-22,24621.2,24366.35,1.4751514954592007,-1.0350835865026942,0.9172989131317666,-0.921969684661994,-0.14798599667135148,-0.18460731503925354,-0.1694710331585414,0.2828541210615638,0.27291558671728255,98.15749899778166,0.3986706537365427,0.004923588972357178,False,False,-0.44890483741304443,0.44759899748701615,low,0.7112250731971853,True,True,True,True
2017-09-25,24237.55,24173.4,1.4271244412079513,-0.2646719656070773,1.4271244412079513,-0.558431029538875,0.3232070101484519,0.2911666991567641,0.4006876048431307,0.34623395374696386,0.3160527418197534,106.17129162504898,0.43804465230623135,0.005267802741764785,False,False,-0.01969929841769691,0.47889115834225315,low,0.7465487922968215,True,True,False,False
2017-09-26,24055.0,24178.4,0.9106214924132167,0.5129910621492373,0.465599667428809,0.68197879858658,-0.18559770098331985,-0.06407712405330779,0.0037231314017116546,0.29171251556110356,0.23274465059364055,114.03557920906678,0.47406185495350983,0.005628460031540866,False,False,-0.280473578396101,0.5116781846855333,low,0.7928305549125679,True,False,True,False
2017-09-27,24254.25,23815.5,2.249090365606028,-1.808961316058011,1.0435284537761362,-1.7735036127689008,-0.02329573834898291,-0.010494919409509418,-0.11595138848119468,0.30872100100318284,0.30855063063970734,115.4148240474351,0.4758540216557309,0.0056467667305099434,False,False,0.5389107633259504,0.5133424300463585,low,0.7957181169359097,True,True,True,True
2017-09-28,23744.5,24016.75,1.9214976099728358,1.146581313567352,0.6654172545220999,0.33881530459685116,0.9848918885454028,0.6385172512595627,1.102225882768204,1.1487956952690381,0.8951371881398505,128.41692816072646,0.5408280998156476,0.006516494399655582,True,True,-0.0480779324389613,0.5924085817868711,low,0.880388124370235,True,True,True,True
2017-09-29,24088.1,24026.4,0.9155973281412785,-0.25614307479625564,0.6465848281931742,0.26070964501145877,-0.3865280382925773,-0.1813183963487397,-0.6701114994518975,0.6399347436327394,0.428401016544785,135.806825630385,0.5637921863093602,0.007047056394739687,False,False,0.4049257289183483,0.6406414904308806,mid,0.9461253640484509,True,False,False,False
2017-10-03,24186.35,24099.25,0.8920320759436625,-0.36012048118049256,0.8920320759436625,-0.3165008362154609,-0.01161353474520288,0.09882407653467595,0.22533759063394498,0.29386390596354406,0.22339224023386803,137.42480490980233,0.5681915828961475,0.007096815577845785,False,False,0.7250357939599716,0.645165052531435,mid,0.9559897748327746,True,False,False,True
2017-10-04,24140.7,24098.45,0.7008910263579643,-0.175015637491871,0.3802706632367714,-0.1893068552278998,0.04046482672752649,-0.35591969691018965,-0.08269532885383235,0.7003527702842913,0.5454541696550586,138.3344995932439,0.5730343345190648,0.006985175578456593,False,False,0.10332271751196664,0.635015961677872,mid,0.9392823380872783,True,False,False,False
2017-10-05,24078.55,24065.7,0.641026972139097,-0.05336700091990165,0.4636907122729476,0.03571643641333555,-0.14821180587990535,-0.09989408319660553,-0.12996854595093144,0.2582289727095182,0.21349504683184756,135.9407129562369,0.5645718407305959,0.007016296136737817,True,False,0.06763920501111631,0.6378451033398015,mid,0.947303972878947,True,False,False,False
2017-10-06,24151.0,24200.5,0.6753343546851002,0.20496045712392608,0.6173657405490396,-0.06107407560763667,0.2678543684292434,0.15871669173990188,0.22051835271754694,0.2987208037702716,0.20258623365497735,140.57594348097155,0.5820709017472219,0.006996242634382801,False,False,0.07417195427517065,0.6360220576711637,mid,0.9425394621715195,True,False,False,False
2017-10-09,24210.65,24254.25,0.6391815172248576,0.18008603651697985,0.6391815172248576,0.16934696094488277,0.023091212350490053,0.06889282627664528,0.07260830911337557,0.1387534456418489,0.11984051516982608,135.39013157434783,0.5592172518059112,0.006996475014944785,False,False,0.03739592157185889,0.6360431831767986,mid,0.9426903666403172,True,False,False,True
2017-10-10,24299.45,24326.35,0.42819899215825574,0.11070209408030607,0.23230978478937064,0.17407801411142287,-0.016432672260624503,-0.08416039740128944,-0.003081537481763874,0.20047860157958763,0.19870064557181988,135.8730206368491,0.5591608889783477,0.0070079409512244575,False,False,0.20841708154240024,0.6370855410204052,mid,0.9458199066787569,False,False,False,False
2017-10-11,24414.35,24055.55,1.6615228339071137,-1.4696274936666365,0.26214091302860815,-1.1712374075082743,-0.13676828965036858,-0.11627690069205832,-0.24054484857266578,0.28244724059615,0.2820906628197844,133.6693056540007,0.5475030285631226,0.006838705627349486,False,False,0.3498264227884684,0.621700511577226,low,0.9108771859262937,True,True,True,True
2017-10-12,24127.4,24363.3,1.7094672447093375,0.9777265681341518,0.716405414590889,0.40783507547434983,0.6014249271437899,0.1355876491977659,0.8140742180875016,0.7941946189599428,0.3151385664687665,140.29859945081625,0.5814907509753071,0.007202617999918265,True,False,0.3986606001525672,0.654783454538024,mid,0.9602957788237954,True,True,True,True
2017-10-13,24428.55,24662.85,1.541229422131072,0.9591236483540655,0.5720765252133262,1.3132175262142054,-0.2915228076696863,-0.22762649847373195,-0.2713750815842686,0.44445611702933613,0.3169789960984149,148.4248162168351,0.6075874999409916,0.007528815908388096,False,False,0.19619673853705777,0.6844378098534631,mid,1.003618377728701,True,True,True,False
2017-10-16,24867.05,24709.05,1.4424710611029483,-0.6353789452307357,0.6060228294067882,-0.5839052078955964,-0.030944286127443377,-0.003439200001609244,-0.12467139892624601,0.2803188272722279,0.2721014118927536,156.9686983033098,0.6312316833050555,0.007793881096033553,False,False,0.6185416527287213,0.7085346450939594,mid,1.0459161199241305,True,True,True,True
2017-10-17,24669.95,24636.3,0.9600749089479395,-0.13640076287143588,0.3980551237436668,-0.013579273569674921,-0.05513528414941016,-0.07397274155139799,0.06291222729579715,0.26979802648114976,0.2478593504585208,160.3546883612671,0.6500000541600899,0.0080497340005364,False,False,-0.04775578178844997,0.7317940000487635,mid,1.093089447716161,True,False,False,True
2017-10-18,24417.4,24328.35,0.7506941771032103,-0.3646989441955406,0.5965008559469797,-0.32743043894927215,0.05588095712574237,0.05053669559857976,-0.023607370426326213,0.3363129662310644,0.3143135945765497,158.76707338808774,0.6502210447799017,0.00812097206373489,True,False,-1.1428258301774186,0.7382701876122627,mid,1.1096249754529506,True,False,False,False
2017-10-23,23985.5,24125.75,0.9785078484918003,0.5847282733318027,0.9785078484918003,0.2163807300243903,0.29121285995989954,0.1863892230873354,0.2163759828894829,0.32699043989781984,0.23064887137896856,156.84853395641767,0.653930641247494,0.008171012092803546,False,False,-0.9984236497748378,0.7428192811639588,mid,1.1253286452956741,True,False,False,True
2017-10-24,24118.3,24212.75,0.9756077335467229,0.39161134905860706,0.8153559745089738,0.594776580438916,-0.17331808299071438,-0.04787196724896914,0.02333356047419244,0.28934433831030626,0.144647625179001,159.7530227222578,0.66237264949129,0.008269974946657899,False,False,0.06714817155943908,0.7518159042416271,mid,1.1512269927767866,True,False,False,False
2017-10-25,25083.5,25056.0,2.213407219885585,-0.1096338230310745,2.210815874977572,-0.08132836326669723,-0.18772617912389267,0.017991687840224202,-0.2679078668035517,0.5067210361048713,0.43599856866127557,165.20071152337914,0.6586031117004372,0.008225403674781813,False,False,3.171469576979069,0.7477639704347102,mid,1.143480714761289,True,True,False,True
2017-10-26,24942.6,24968.4,1.2388443867118906,0.1034374924827608,1.1159622493244432,0.22752239141068387,-0.05780150283906105,-0.354553358485743,-0.3454121213329775,0.48161252192557596,0.48018250125629725,174.15723368991712,0.6982320756052582,0.008589007720789566,True,True,-0.4072876756066379,0.7808188837081423,high,1.181098000168866,True,False,False,False
2017-10-27,24875.15,24845.9,0.7746686954651413,-0.11758723062976761,0.5503484401099,0.2932645632287567,-0.4304937049314339,-0.22653240738880198,-0.5769496314766642,0.600246110926283,0.36570524277927663,170.3981735590205,0.6850136524162488,0.008522689965310158,False,False,-0.3236090418288873,0.7747899968463778,high,1.1720190261029237,True,False,False,False
2017-10-30,24870.15,25005.35,1.0058242511605338,0.5436235808790713,0.9569705048019412,0.6246444030293175,-0.09630177219235314,-0.008198868556141825,-0.09210991650165923,0.2787157099758247,0.1715763224675053,170.32630042055462,0.684862376867669,0.008493796642799721,False,False,0.11168844759095187,0.7721633311636109,high,1.1652975840448971,True,False,False,False
2017-10-31,25043.0,25047.85,0.5135167511879509,0.01936668929440888,0.4342530846943258,-0.011180769077179242,-0.04472807725177663,0.04096927304522158,-0.03634461081311047,0.15714730713012892,0.15368473644765263,162.28748289756913,0.648035310855605,0.007943751557921867,False,False,0.14696854873057497,0.7221592325383515,mid,1.103379093025367,False,False,False,True
2017-11-01,25276.55,25503.1,1.4638073629510358,0.8962852920987974,1.2290047494614489,0.7285408807768512,0.1264694215005857,-0.02294230109318729,0.08224733481339008,0.2690420923226777,0.17314574243834627,151.73151333675196,0.600285693010921,0.007462453901079262,False,False,0.5966579965945185,0.6784049000981147,mid,1.0332213210019723,True,True,True,True
2017-11-02,25480.6,25426.3,0.7556729433372955,-0.21310330212004347,0.4452406929193219,-0.006279286986954347,-0.20683700302209784,-0.04658357624277576,-0.2980123361422282,0.25884061383885054,0.12952985967926411,156.33649648808387,0.6135510799905963,0.007648982907459411,True,False,0.020781787312151856,0.69536208249631,mid,1.0609111900424422,True,False,False,True
2017-11-03,25537.8,25643.25,1.1569124983358032,0.4129173225571492,0.6114465615675644,0.23964476188238493,0.2627055744365059,0.19577531318195618,0.14944621009482795,0.3806789327708142,0.32811395958010503,157.99503101473965,0.6186712677471813,0.007616063674968547,False,False,0.4133515297153112,0.6923694249971406,mid,1.0540783180826154,True,False,False,True
2017-11-06,25551.1,25558.2,0.6332408389462657,0.027787453377747795,0.47179964854741785,0.13952432576289642,-0.1971723646027712,-0.2938127524495737,-0.3041281789007755,0.39668969290746187,0.32934359693184734,162.66826894669248,0.6366390055484598,0.007736410596520867,False,False,-0.2895498815477793,0.7033100542291697,mid,1.0768698501714808,False,False,False,False
2017-11-07,25643.15,25291.75,1.7020139881410854,-1.3703464667952359,0.8614386298095118,-1.4261118466335043,0.04153900017604961,-0.13939758917200784,-0.21328229816115485,0.4187526827271033,0.22351001549958455,161.85785142785244,0.6311933262015487,0.007734894609914441,False,False,0.4339116213191829,0.7031722372649492,mid,1.0765064920494445,True,True,True,False
2017-11-08,25333.7,25223.85,1.233534777786111,-0.4336121450873809,0.6163726577641697,-0.3688762399491563,-0.057051732847346326,0.24857629961094752,-0.2863828794820278,0.5782430839631173,0.467545989595965,165.36995646077412,0.6527666959850875,0.008077247868523978,False,False,0.3323218045410137,0.734295260774907,mid,1.127659872428979,True,False,False,True
2017-11-09,25356.45,25345.4,0.8603333668553673,-0.043578655529452615,0.4073914132301615,-0.5152535153777449,0.3290282171427572,0.14640824951130949,0.34195590850250035,0.3946356508019683,0.2459262893818464,170.2028321452799,0.6712407775744629,0.008227242364596883,True,False,0.2265712807521414,0.747931124054262,high,1.1572737578730221,True,False,False,False
2017-11-10,25299.25,25515.15,1.4030060179649624,0.8533849817682349,0.45278022075752944,0.4723460181625949,0.5033685763462081,0.7262690980778697,0.20239183215600143,1.0045733956233183,0.9721044849679616,167.57486490874908,0.6623708801990141,0.008301435740066521,False,False,-0.3728487220560739,0.7546759763696836,high,1.1790135706893978,True,True,True,True
2017-11-13,25568.9,25366.8,1.0626190411007148,-0.7904133537226965,0.5176210161563547,-0.49904376019305197,-0.3217209812391597,-0.049070034171661,-0.3771294555782734,0.47698034298561215,0.23510261352124914,169.01175221100675,0.6610051750799085,0.008189408466676807,False,False,0.21595013158848264,0.7444916787888006,mid,1.1662121833399162,True,False,True,True
2017-11-14,25360.4,25273.55,0.715485560164669,-0.34246305263324617,0.5575621835617648,-0.160486427658868,-0.17594995201364316,-0.19329413483597513,-0.048838358872960175,0.5750463078156477,0.31116604341318854,164.08074268015844,0.6469958781413481,0.007949965952586083,False,False,-0.056175788826340334,0.7227241775078257,mid,1.133952082397003,True,False,False,True
2017-11-15,25232.85,25236.15,0.5944631700343006,0.013078189740767243,0.3980921695329584,-0.09531226159549266,0.09361810161532258,0.11923491261729424,-0.08572882369362045,0.3167544666941645,0.2295420863530526,157.0278295871467,0.6223150757332078,0.007694648599022999,False,False,-0.12621891265769403,0.6995135090020907,mid,1.0926208796902834,False,False,False,False
2017-11-16,25311.35,25490.6,0.86976791044333,0.708180322266494,0.3889559426897305,0.21077500804975724,0.32525517747106214,0.004519365481092663,0.24009060022649464,0.406667534013798,0.23618596992459948,150.52292640580163,0.5946854924996163,0.007441453540672707,True,False,0.22487582297616715,0.6764957764247914,mid,1.0500600070328583,True,False,True,True
2017-11-17,25824.45,25700.25,0.9467771820890668,-0.48093957470537463,0.4673865271090022,-0.02846139995238417,-0.4746853829438624,-0.34208918753818596,-0.620191917199453,0.56106224169253,0.3607062861797132,153.99348216320868,0.5963088552252175,0.007416775326512384,False,False,1.5107529834527345,0.6742523024102167,mid,1.0456294425585997,True,False,False,True
2017-11-20,25715.6,25762.6,0.46450403646036154,0.18276843627993422,0.44603275832568845,0.275124826953288,-0.06825316494967204,0.03571490961604695,0.06912366339881792,0.23171173896266825,0.15431170187367405,153.635078823585,0.5974392151984982,0.007465430739732108,False,False,0.13015437593020263,0.678675521793828,mid,1.055243278346592,False,False,False,False
2017-11-21,25847.9,25740.75,0.5553642655689601,-0.41454044622580843,0.27120191582294323,-0.45516270180556706,0.029148570262638174,-0.0694993137428157,-0.22909773867738625,0.21511644853819353,0.18694927132493822,156.37383006644632,0.604976922947111,0.007356705903666628,False,False,0.2589024399711315,0.6687914457878752,mid,1.0297297831158296,False,False,False,False
2017-11-22,25828.15,25761.95,0.6419352528152394,-0.2563094917754527,0.6301264318195456,-0.29812433333398225,0.06912312653997166,-0.062051700701382106,-0.10060128164870452,0.18756443886971755,0.17645952386954405,151.24523230271006,0.5855829097427034,0.007261483099590603,False,False,0.25212940570884523,0.6601348272355093,mid,1.0087853923220682,True,False,False,False
2017-11-23,25768.6,25743.75,0.8081541100409027,-0.09643519632420716,0.43910030036555275,-0.34557562304510236,0.3206831895418816,0.29959178429392885,0.26699567591552675,0.3931143653218251,0.3930317170171666,136.81334140016588,0.5309304401487309,0.006537081903673517,True,False,0.24978699205611132,0.5942801730612288,low,0.9297841286641223,True,False,False,False
2017-11-24,25764.1,25793.45,0.377463214317597,0.11391820401256414,0.377463214317597,0.08616640984937529,-0.05758871959140599,-0.0728957648723827,-0.00795390614390934,0.18924777885931396,0.13667955913571989,134.56352405766484,0.5222908002129507,0.006390289813125018,False,False,0.12760378732701305,0.5809354375568199,low,0.9081875113499084,False,False,False,False
2017-11-27,25687.8,25926.35,0.9959981002655043,0.9286509549280231,0.2353257188237246,0.338292886117153,0.538124595048628,0.2749362964281632,0.5732427219132363,0.5970971534101186,0.3720636861585646,129.76248447443686,0.505152190823803,0.006311799935325658,False,False,-0.3892461070543196,0.5737999941205143,low,0.888337461385078,True,False,True,True
2017-11-28,25878.55,25837.2,0.6089985721765654,-0.15978484111358604,0.36632655229910205,-0.11611933435219379,0.019923786680076105,0.06715357849227388,0.1353670014369479,0.16964233901386366,0.16662602617247543,131.42089819740613,0.5078371786572514,0.006307834032337311,False,False,-0.3698939495918152,0.57343945748521,low,0.8878430544906992,True,False,False,False
2017-11-29,25839.5,25768.55,0.49904216412856567,-0.27457961647865403,0.3641711333423578,-0.24323226068615478,-0.08243895153171588,-0.11808802114336991,-0.21889128657711643,0.3041512376511356,0.30404272110479763,134.1203732851045,0.5190517358505563,0.00632625736696078,False,False,-0.029221432662984714,0.5751143060873436,low,0.8926729248951804,False,False,False,True
2017-11-30,25658.85,25349.9,1.6473848204420727,-1.2040679921352604,0.46436219861762246,-0.32094189724012345,-0.920767110433407,-0.34723724207901263,-0.9501995379943007,1.228275956444398,0.7823652243671699,127.16568148413899,0.4956016403078821,0.005993527250801605,True,True,-0.29008229023363974,0.5448661137092369,low,0.8442139835539061,True,True,True,True
2017-12-01,25379.15,25192.85,1.125530208852548,-0.734067137788319,0.3812184411219446,-0.41648360957715624,-0.3185160712130708,0.007542361275136855,-0.5129754352294347,0.5185283370493512,0.37334688311920017,130.28067083871065,0.5133374082217514,0.006378307891230834,False,False,0.23530664815245572,0.5798461719300757,low,0.888728712641081,True,True,True,True
2017-12-04,25248.55,25137.0,1.194127979626553,-0.44180754934441957,0.7285566893940473,-0.6808311764437858,0.10388149932307744,0.17638725382604914,0.1252428075129819,0.44025019290854817,0.24961589879681254,133.96384927682266,0.5305803670976063,0.006367548598341131,False,False,0.40567065655534584,0.5788680543946482,low,0.8870777686555753,True,True,False,False
2017-12-05,25023.45,25180.9,1.1607112528448345,0.6292098012064651,0.48514493405186515,0.49753331375170795,-0.10617167602130495,-0.030244121796252355,-0.06782479324377588,0.4020208406649535,0.19499499579168966,131.91540085166343,0.5271671206474864,0.006543112690766792,False,False,-0.4226836933603817,0.5948284264333448,low,0.9150345326921476,True,True,True,False
2017-12-06,25045.45,24845.65,1.048693475261965,-0.7977496910616444,0.2950635744216926,-0.28308535083219066,-0.44645449067149956,-0.16864049660610947,-0.6149842706330566,0.9295462781111085,0.39269144209708184,130.42997272274624,0.5207731253491003,0.006271667326498165,False,False,-0.455106846856157,0.5701515751361967,low,0.8880385023279244,True,True,True,True
2017-12-07,24920.9,25071.8,0.8825925227419585,0.6055158521562243,0.40287469553666927,0.5068035263573911,0.0772541441757868,0.17143781982242867,0.0538856546408617,0.4128205947171798,0.3824382134500791,124.31965711126577,0.49885701203112953,0.0061981798173249315,True,False,0.36082775053176697,0.5634708924840847,low,0.878855147822182,True,False,True,True
2017-12-08,25186.6,25340.65,0.8599811010616699,0.6116347581650583,0.5334185638394962,0.6773443021289127,-0.13112646506712178,-0.046574504405827444,-0.022700624168470185,0.21453472780906982,0.13992086281243196,125.15544839633003,0.49691283617610177,0.006203444383948085,False,False,0.29395575905997173,0.5639494894498258,low,0.8798142396984081,True,False,True,False
2017-12-11,25427.05,25396.4,0.48472001274233545,-0.12054092000447492,0.20155700327013948,-0.1195577151104743,-0.016143861493556066,-0.03818559379582531,0.10743022948673797,0.17699184734994863,0.11278528476808729,123.29330200453296,0.48489031171344277,0.005986059940046764,False,False,0.37134011953126045,0.5441872672769785,low,0.8525989526418305,False,False,False,True
2017-12-12,25289.65,25120.3,1.2026659127350574,-0.6696415331963967,1.0128649467272242,-0.34381654154961305,-0.2803271078098857,-0.1396659143647394,-0.294371435655838,0.38706170370636045,0.21734638736133033,117.73884071197244,0.4655613688286411,0.005819381872481632,False,False,0.06693862122191252,0.5290347156801484,low,0.8236994692151844,True,True,True,True
2017-12-13,25082.75,25029.95,1.3176386161804428,-0.21050323429447904,0.35781563026382673,-0.30479114132222485,0.0873779807488706,0.25556443488414793,0.2828803308017047,0.3463127291922523,0.34008496115461234,120.75364490214452,0.48142107584752275,0.005992259257039964,False,False,-0.008359772773403051,0.5447508415490876,low,0.8477545921484726,True,True,False,False
2017-12-14,25052.35,25162.95,1.2645520280532683,0.44147555019788953,0.4983564416112748,0.07105121874795284,0.5073763020962962,0.31730675441372647,0.4681030065849301,0.5917395787420585,0.4033020605032832,130.56429270870285,0.5211658495458624,0.006238469937225496,True,False,0.1296446856665634,0.5671336306568632,low,0.8838307458808309,True,True,False,True
2017-12-15,25473.95,25452.7,0.5727419579609815,-0.08341855110809426,0.5727419579609815,-0.04573299390161489,-0.1233195744296367,-0.2588549980585886,-0.09977883667303677,0.32047379851781727,0.2972910432248598,131.5026324333503,0.516223955976008,0.006384980119265381,False,False,1.2884021944962853,0.5804527381150346,low,0.9035128747777765,True,False,False,True
2017-12-18,24704.05,25608.0,4.625152555957418,3.6591166225780736,4.429840451262034,3.9651393192614126,-0.29201513806476065,0.23033493478408218,-0.27260053118161043,0.6955800588702575,0.4115500151664803,123.95051550031349,0.5017416800092029,0.006286787503990044,False,False,-1.0645236065329078,0.5715261367263677,low,0.8848900426091507,True,True,True,False
2017-12-19,25659.8,25731.4,0.5239713481788663,0.27903569006773044,0.4014060904605648,0.125488117600292,0.09769578078779872,0.0007776987117402712,0.1218572129347617,0.2685660906118636,0.18373132064906733,190.48936043266804,0.74236494607389,0.009163527269082105,False,False,0.12847547641363644,0.8330479335529186,high,1.0885518267860355,False,False,False,True
2017-12-20,25688.05,25587.4,0.8287900405052069,-0.3918164282613823,0.6454363020937723,0.0019464303440797082,-0.45000593649698883,-0.373604582986764,-0.3522533106550707,0.5973478456354956,0.4667135457957769,188.014503563596,0.7319142697230658,0.009159278412967044,False,False,0.1851823064427105,0.8326616739060948,high,1.0869814957396389,True,False,False,False
2017-12-21,25593.25,25516.5,0.4550027839371738,-0.29988375841286663,0.3905326599787082,-0.0005860920359923583,-0.17270279880122752,-0.06043572396715602,-0.01663200036002843,0.23717330061617034,0.154512045094047,187.80114324099304,0.7337916960174775,0.00919175230075896,True,False,0.08148541860446556,0.8356138455235418,high,1.0961499685225173,False,False,False,True
2017-12-22,25602.25,25633.45,0.5126502553486509,0.1218642892714561,0.23923678582937047,0.02909900497027884,0.09703354588299629,-0.004290899587111596,0.18113818088023592,0.3125768751683904,0.21064416154846863,186.6764117719449,0.7291406488568188,0.009138433596850619,False,False,0.3883761487664783,0.8307666906227834,high,1.0785693534962446,False,False,False,True
2017-12-26,25631.7,25679.85,0.6406129909448094,0.1878533222532841,0.3460558605164727,-0.21009141024591615,0.49886913872745353,0.5493839233326803,0.5232356926518245,0.5827307611859593,0.5830236651672321,188.77546961533517,0.7364921937106597,0.009152772202240783,False,False,0.10260031326254637,0.8320702002037075,high,1.0853244990075395,False,False,False,False
2017-12-27,25621.1,25434.5,1.18164325497344,-0.7283059665666114,0.5333494658699333,-0.0128800090550385,-0.644473764335729,-0.21757709285641358,-0.7964672477934864,0.6854608904746005,0.3545918567362681,186.39205374283665,0.7274943454529145,0.009084242534378973,False,False,-0.10514080105608059,0.8258402303980884,high,1.06753040506586,True,False,True,True
2017-12-28,25498.95,25421.75,0.5411987552428629,-0.3027575645271674,0.4184486027856077,0.006274768176717238,-0.19528990551184178,-0.12302753697692737,-0.1919630427024699,0.4192066445625597,0.4195101659596258,187.3251360586164,0.7346386265262547,0.009207080639429694,True,True,0.1144115276494384,0.8370073308572449,high,1.0960328123079186,False,False,False,False
2017-12-29,25467.0,25530.55,0.42250755880158064,0.24953861860446125,0.3318019397651863,0.2475752935170883,0.10046983848446267,0.07871363899811801,0.05128686977833308,0.30748079224286673,0.16408465044877668,189.1584546665199,0.7427590790690694,0.009212244939670194,False,False,0.24821265255146052,0.8374768126972904,high,1.098168692635301,False,False,False,True
2018-01-01,25535.8,25271.55,1.2384573814017967,-1.0348217012977834,0.3504883340251725,0.057174633259982066,-1.0307079341223657,-0.26681443677110117,-0.9463876859920228,1.0835446803181106,0.46855218164679235,183.4974408493108,0.7185889647056712,0.008902205929350477,False,False,0.1378740371829057,0.8092914481227707,high,1.0370220757853332,True,False,True,False
2018-01-02,25386.65,25319.5,0.7474400915441777,-0.2645091022249968,0.7474400915441777,-0.44019199067226733,0.18813130813573054,-0.02960921754682211,0.14751741634912996,0.5309615468310487,0.24299297866755723,181.35301871389493,0.7143637254773471,0.008935436434005947,False,False,0.4378441369840891,0.8123124030914497,high,1.0426632216894254,True,False,False,False
2018-01-03,25426.3,25326.15,0.6005592634398127,-0.3938834985821704,0.2796317199120539,-0.3814947514974687,-0.05191616033604074,-0.09076863272841074,-0.17743674872787718,0.23253702234170634,0.19712579151233206,180.22616879262569,0.708817912132814,0.008827748903222936,False,False,0.41963703864609236,0.8025226275657213,high,1.0204451378663062,False,False,False,True
2018-01-04,25360.0,25478.4,0.6981466876971724,0.4668769716088317,0.1892744479495268,0.28075709779180613,0.16495485859888692,0.13601404168084308,0.18209097863086665,0.3010082103872523,0.21915557293949536,179.17413217571266,0.7065226032165326,0.008705727115182445,True,False,0.16386225304674262,0.7914297377438585,high,0.992455113515198,False,False,False,True
2018-01-05,25532.85,25619.9,0.5471382943933041,0.3409333466495301,0.29041019705987176,0.11573326126932404,0.24802053015364756,0.261552215564409,0.20921074756670155,0.32567364566707346,0.3049812296670915,177.59680928020862,0.6955620280548729,0.00862733830077425,False,False,0.1807413338357211,0.784303481888568,high,0.9749608621516292,False,False,False,True
2018-01-08,25712.8,25670.0,0.47311066861640044,-0.16645406179023325,0.3272689088702818,-0.18259388320214232,-0.02201368744848553,-0.11249907548336324,-0.0986936234575464,0.2304618783324839,0.1942458085335719,176.00921930305594,0.6845198473252853,0.00856687979963352,False,False,0.2745912357191127,0.7788072545121382,high,0.9582226384102566,False,False,False,True
2018-01-09,25714.55,25688.0,0.7157426437561586,-0.10324893883034703,0.7157426437561586,-0.06727708631882878,-0.05214565760928158,-0.15142208468751361,-0.12094132012702152,0.19165474904902277,0.18932620088015586,174.76282244087088,0.679626213333972,0.008501454214569208,False,False,0.22574990261006178,0.772859474051746,high,0.9388295993764768,True,False,False,True
2018-01-10,25685.6,25590.15,0.7309543090291837,-0.37160899492321153,0.34591366368705495,-0.3025041268259199,0.05388962000008046,0.014052564397837308,0.01131981201305532,0.21165343507277334,0.12256958946995075,175.38176923355604,0.682801917158081,0.00853688942860038,False,False,0.08525381501089946,0.776080857145489,high,0.9503694288556916,True,False,False,False
2018-01-11,25589.1,25658.4,0.6264386008104985,0.27081843441154607,0.37086103067322207,0.3288509560711361,-0.007984964895368929,0.1339868197536065,-0.0003895400700337781,0.28531642857838413,0.2182405404720187,172.1570407057843,0.6727748951928139,0.008419443943911064,True,False,0.1486900233097499,0.7654039949010059,high,0.9270421229663283,False,False,False,False
2018-01-12,25736.35,25721.9,0.8419997396678268,-0.05614626782739496,0.23119051458345882,-0.05381493490723699,0.007386529303143874,-0.10058135245025746,0.01846836951513442,0.26144426086111383,0.25494848603706155,171.64310197506347,0.6669286902574121,0.008243775275176222,False,False,0.28840457705858746,0.749434115925111,high,0.8925273164476877,True,False,False,False
2018-01-15,25919.8,26053.45,0.9413652883124098,0.5156289786186763,0.5088773833131485,0.4515852745777371,0.08852837420809667,-0.03183955930980975,0.03243581451319866,0.22410545054412706,0.17108968014668655,168.7222378208662,0.6509395821760439,0.008125549280858868,False,False,0.5297042597941726,0.7386862982598972,high,0.871431518713392,True,False,False,True
2018-01-16,26061.55,25969.4,0.7710592808178988,-0.3535860299943683,0.4804012040726553,-0.2593859536366705,-0.030968744650194946,0.06045390486018043,0.04023029437412173,0.2900674964751469,0.15768072637099725,173.38219671952174,0.6652796810608799,0.00819974580740373,False,False,0.290556528981778,0.7454314370367027,high,0.8899897349478497,True,False,False,True
2018-01-17,25973.95,26330.35,1.5850496362701887,1.372144013521237,0.6427593800711895,0.7948348248918657,0.4394508869230318,0.11841145887867555,0.6366464975831709,0.5844066553604986,0.2385362668407854,102.90605148960094,0.39618945708912556,0.0048599994462848566,False,False,-0.08952844501606272,0.44181813148044147,low,0.7015723063609173,True,True,True,True
2018-01-18,26831.0,26561.4,1.6495844359136764,-1.0048078714919306,0.7370206104878685,-0.6024747493570959,-0.5226974035737575,0.10584146797021354,-0.7591768943885691,1.0288964672929704,0.3629928420226502,116.77049369039014,0.43520738582382373,0.005332860718163689,True,False,1.64031241514071,0.4848055198330626,low,0.7546918247710769,True,True,True,True
2018-01-19,26557.3,26893.6,1.9687618846795503,1.2663184887017787,1.0296603946937406,0.83931724987103,0.48113905049251837,0.2542770707281372,0.6380324962740769,0.7546620264225143,0.4766996512771629,126.48408133833254,0.4762686016211458,0.005741024453498298,False,False,0.20424375221186342,0.5219113139543907,low,0.7960897081870526,True,True,True,True
2018-01-22,26925.85,27034.5,0.8521550851690876,0.40351558075233385,0.7108410690841755,0.2631300404629888,0.13835024280743902,-0.10180477133650001,0.22076405494078077,0.4393129530646419,0.2693854021935194,138.838439635525,0.5156325227821035,0.006393597623414189,False,False,0.17439093315883003,0.581236147583108,low,0.8715751813672948,True,False,False,True
2018-01-23,27116.95,27382.6,1.3078535749780174,0.9796455722343334,0.41929494283096264,0.764466505267003,0.23257728940409006,0.0010953902327637266,0.22505791124300956,0.41483297803234187,0.23021451392059483,140.63770134511833,0.5186339221229465,0.006471975484457355,False,False,0.20510828755848642,0.5883614076779413,low,0.8885406119616637,True,True,True,True
2018-01-24,27316.6,27418.2,0.948141423163937,0.37193501387435823,0.948141423163937,0.2463703389148142,0.10918824564798424,0.08269094214736761,-0.03591790297791109,0.2636585731031764,0.2635887868891986,146.2591215141856,0.5354221298191781,0.0066849549762684245,False,False,-0.26458407894063285,0.6077231796607658,mid,0.922002831070779,True,False,False,True
2018-01-25,27362.15,27381.4,1.347299097475898,0.07035265869093088,0.44002390163052907,-0.17195286189134462,0.5366994812393333,0.371893954484559,0.323308929902244,0.9011499134178586,0.6858565165506569,147.38776243089524,0.5386556335335316,0.0066022058069234515,True,True,-0.014953570985698494,0.6002005279021319,mid,0.9104120606558309,True,True,False,False
2018-01-29,27490.45,27475.2,0.8521140978048741,-0.055473809995831846,0.7864549325311179,-0.08348353701013167,0.016565031400750385,-0.17151630222480563,-0.2570540085720996,0.3691635569309104,0.3550242103255021,150.46093213662243,0.5473207318782429,0.00684966586002378,False,False,0.2362917893168337,0.6226968963657982,mid,0.9505518543629616,True,False,False,False
2018-01-30,27386.05,27268.5,0.8201255748820971,-0.4292331314665665,0.5902640212808997,-0.3169496878885347,-0.13095597864409836,-0.02181928861785254,-0.10772032286785471,0.28517266957882925,0.2031577461224977,152.00612877734784,0.5550494824092844,0.006936069747318848,False,False,-0.03039104355928579,0.6305517952108043,mid,0.9721158241896186,True,False,False,True
2018-01-31,27244.2,27392.65,1.2354923249719152,0.5448866180691736,0.7697051115466804,-0.1952709200490399,0.6024052076054609,-0.01352413326753954,0.5933414112589519,0.9984921481372514,0.23849991775864904,151.8328829094753,0.5573035101396822,0.006797443810845776,False,False,-0.4849918404019271,0.6179494373496159,mid,0.9511511465201519,True,True,False,False
2018-02-01,27474.7,27189.35,2.057529290583711,-1.0385918681550699,0.7426832686071292,-0.48044200664610903,-0.4935503809060604,-0.40157481756166735,-0.8537991877428985,0.7559604574529974,0.6021791931530944,153.7584918093853,0.5596366541195547,0.006949931912554512,True,False,-0.21100550695168918,0.6318119920504102,mid,0.9757929501131184,True,True,True,True
2018-02-02,26867.85,26368.1,2.4291113728861875,-1.8600297381442865,1.1225312036504678,-0.9178255796425838,-0.8692304080387014,-0.486071176054681,-1.0140584091642313,1.0480349344978166,0.6533113363186425,163.75967660451352,0.6095004870300881,0.007539765581560315,False,False,-0.6324167367002032,0.6854332346873013,mid,1.0491671363788628,True,True,True,True
2018-02-05,25968.75,26147.3,1.1234657039711191,0.6875571600481356,0.8552587244283939,0.3979783393501801,0.16588613882273506,0.22470142150992078,0.3024588463931499,0.4761795175685942,0.39222007307113976,173.81565344341107,0.6693262226461075,0.008296728363417138,False,False,-1.5167949150678206,0.7542480330379215,high,1.1350536018325095,True,False,True,True
2018-02-06,25137.35,25905.9,4.431652501158634,3.057402629951067,1.135163412213309,3.132589552995846,-0.10299018700240525,-0.0123545922405488,0.7488640607494101,1.280819909893227,0.8406913938682614,171.40101852575935,0.6818579465447208,0.008421267152914535,False,False,-3.8520229622178936,0.7655697411740486,high,1.1638622671506933,True,True,True,False
2018-02-07,25994.5,25619.3,1.9506049356594775,-1.4433822539383412,0.6947623535748031,-0.9419300236588435,-0.5904934630179604,-0.5968630709905942,-0.5018132912499529,1.089529372243906,0.9657764850706595,219.3885437098179,0.8439806255547053,0.01057454264019161,False,False,0.6156898621549445,0.9613220581992373,high,1.361744356523052,True,True,True,True
2018-02-08,25664.8,25929.05,1.8891633677254394,1.0296203360244283,0.9347433060066621,0.7798619120351624,0.2047171945045445,-0.207724902153672,-0.31385218946518023,0.5992665750368742,0.2531587083707938,225.4129055419362,0.8782959755849887,0.010914375589964767,True,False,0.5486098371149772,0.9922159627240696,high,1.4232408201119604,True,True,True,True
2018-02-09,25525.9,25494.7,0.8746018749583756,-0.12222879506696982,0.8746018749583756,-0.09950677547119202,-0.059018450618608664,0.24544655342297883,-0.08468247014060681,0.4245014803631301,0.3900004130110331,229.08112312134836,0.8974458221702206,0.011207639073262072,False,False,-1.7846778034675381,1.018876279387461,high,1.48083727999275,False,False,False,True
2018-02-12,25518.2,25723.55,1.0502308156531417,0.8047197686357199,0.6381719713773,0.6887241263098476,-0.014011080429443545,-0.0365762312863005,0.06797050586415665,0.3487202240216025,0.2573954999562309,229.31545615042705,0.8986349199803554,0.011244167722187977,False,False,0.1388523889278792,1.0221970656534523,high,1.4933955740442832,True,False,False,False
2018-02-14,25698.55,25253.2,2.3193915610024662,-1.7329771524074222,1.1804167939436216,-0.7587976753552272,-1.0165251504202333,-0.8532473474709867,-1.2281772581793748,1.1247453785845585,0.9105887112135835,231.32089403277496,0.9001320854008298,0.011281083145851727,False,False,0.3370452367577492,1.0255530132592479,high,1.503776188876387,True,True,True,True
2018-02-15,25323.4,25442.2,1.2559529920942656,0.4691313172796585,1.0774619521865094,0.4375399827827309,0.0025556140943905348,0.3325371638879693,-0.023584117669028792,0.6141337254562782,0.4252373222671669,237.33492704586934,0.9372158835143359,0.011715299381017886,True,False,0.42648060443826186,1.0650272164561714,high,1.5720633982263033,True,False,False,True
2018-02-16,25574.25,25183.95,1.9466846535088949,-1.5261444617144182,0.7212332717479383,-1.4301494667487757,-0.14796596386139615,-0.08038441614118819,-0.2300900740212275,0.49388103219152274,0.26735261368439905,241.87679945029595,0.9457825721195967,0.01180486101589446,False,False,0.27415082029069726,1.0731691832631325,high,1.596314970041035,True,True,True,True
2018-02-19,25175.4,25096.9,1.9801075653217026,-0.3118123247296989,1.5348316213446371,-1.1848868339728535,0.8127957036792921,0.31298685455209974,0.8429953779003574,1.0598100260882557,0.5775757418188494,240.58136993295193,0.9556208438910678,0.011931202053633422,False,False,0.558490625974084,1.084654732148493,high,1.614549495340917,True,True,False,False
2018-02-20,25042.45,24837.7,1.3031871881545078,-0.8176116953413137,0.772887636792723,0.11720099271437245,-0.8730924784020155,-0.1829431149328542,-0.8817899018903952,1.138530141433805,0.41267629109442555,242.74465363835225,0.9693326876497796,0.012039828398922654,False,False,0.03446640820179425,1.094529854447514,high,1.6302804788814964,True,False,False,False
2018-02-21,24957.95,24924.45,0.8017485410460335,-0.1342257677413361,0.7119975799294296,-0.18511135730299166,0.12785131514245762,0.10072837450085803,0.003808737243216065,0.3404016177105152,0.2648634548628529,238.45551869606425,0.9554291065414597,0.01184509842957268,False,False,0.6397532782826065,1.0768271299611527,high,1.5970537809944383,False,False,False,False
2018-02-22,24811.95,24948.4,0.816138997539492,0.5499366232803116,0.37864819169795494,0.05017743466353419,0.5148160680620739,0.09948891581150754,0.6579504701663241,0.7307326662477152,0.38973178109228324,234.49141134194724,0.9450744957246296,0.011837873837489512,True,True,-0.4483549285942079,1.0761703488626828,high,1.5944946399073199,False,False,False,True
2018-02-23,25015.6,25318.6,1.522649866483306,1.2112441836294119,0.6599881673835468,0.9885831241305487,0.2717423573698863,0.1914318429467654,0.30787445849733697,0.4316606565358659,0.3209647532051893,234.6280784474402,0.937927047312238,0.011742340734945062,False,False,0.2158455051225694,1.067485521358642,high,1.569842502038275,True,False,True,True
2018-02-26,25420.55,25652.15,1.3337634315543891,0.9110739146084734,0.5530958220809629,1.0991107588152138,-0.07782116307619713,-0.015573928465051345,-0.06148876759775046,0.23949462936698035,0.14561623114825195,241.2423239406562,0.9490051314415157,0.011871358817372106,False,False,0.5268853728089384,1.0792144379429187,high,1.5985973788880903,True,False,False,False
2018-02-27,25627.45,25383.85,1.4215226251538848,-0.9505432651317314,1.0539480127753582,-0.7484162489830193,-0.19460874795808047,-0.162226574482649,-0.197747720299013,0.3689703231488174,0.3144245970881833,243.49045708494486,0.9501158214529533,0.011866024670456315,False,False,0.12650011792383342,1.0787295154960286,high,1.5979658490126858,True,False,True,True
2018-02-28,25106.55,25111.5,0.99197221442213,0.01971597053358476,0.5271532727515417,-0.06651650664866171,0.02132336383040556,-0.2317768898960404,0.018732189474102157,0.48326315223088223,0.36157989941757895,240.12817512575748,0.956436368699632,0.011985947982849467,False,False,-1.0542136043192762,1.089631634804497,high,1.6262092797828231,True,False,False,False
2018-03-01,25086.15,24866.0,1.4747181213538176,-0.8775758735397932,0.8692047205330402,-0.0671685372207409,-0.7237936440187775,-0.205100445086015,-0.6469087700949006,0.8705867335745314,0.49139901359316446,240.79713056217406,0.9598807731045779,0.012014397845575642,True,False,-0.3550166258487253,1.0922179859614218,high,1.6349030858862896,True,False,False,True
2018-03-05,24707.95,24800.6,0.7546154173049594,0.3749805224634084,0.6550523212164446,0.3391620915535354,0.07401655792753647,-0.028004940152037694,-0.18345892491461457,0.3408391904565027,0.2181967639183604,238.07805387243206,0.9635686241571317,0.012074270103065372,False,False,-0.1393468993806879,1.0976609184604882,high,1.646806637689678,False,False,False,True
2018-03-06,24982.5,24382.0,2.7026918843190115,-2.403682577804467,0.482938056639639,-1.0669468628039636,-1.304825426495848,-0.6380829405990163,-1.3752547142348748,1.3762368025505707,0.6690400446434027,234.39276965535828,0.9382278381081087,0.011734004828877858,False,False,0.6592582437521699,1.0667277117161689,high,1.5809471055770075,True,True,True,True
2018-03-07,24324.3,24161.1,1.1282955727400201,-0.6709340042673428,0.5815172481839178,-0.6172839506172756,0.03226587077518328,0.1285666372681682,0.1891342086401071,0.39194759691654096,0.35381704201500036,231.11135810520682,0.9501254223357171,0.011872028868955253,False,False,-0.19748174883110758,1.0792753517232048,high,1.5953980288810587,True,False,False,False
2018-03-08,24308.3,24479.3,1.994997593414598,0.7034634260725703,0.8618455424690332,0.131436587503031,0.4069391234683195,-0.20641204417339853,0.48351883297630405,0.8549624593009462,0.45467816258571836,230.36842679092297,0.9476945191186671,0.011874777051681096,True,False,0.46686616089499644,1.0795251865164632,high,1.5956160840245013,True,True,False,True
2018-03-09,24490.35,24290.25,1.1949604640194926,-0.8170565140963593,0.8440059043664168,-0.09289373161265324,-0.7164576828131874,-0.20560874360938675,-0.37279766396536296,0.8870915005967046,0.30851581708421144,203.55193632345436,0.8311516018491135,0.010407480379614295,False,False,0.3172067828737024,0.9461345799649359,high,1.4739489384338251,True,False,False,True
2018-03-12,24435.55,24679.6,1.4515736294046875,0.9987497723603411,0.5266916439367932,0.1774054604868791,0.7700509418315349,0.24403277882423247,0.738568724463029,0.9736957134511703,0.48623683574215765,199.78466847284653,0.8175984108106694,0.010150346019861423,False,False,0.6313232675662084,0.922758729078311,high,1.4362699646116295,True,False,True,True
2018-03-13,24640.2,24732.75,1.6414233650700918,0.37560571748604943,1.4096882330500653,0.10957703265395136,0.13519977946421236,-0.3403281836924954,0.16037468066987248,1.1626775637283489,0.7095045773838191,198.98397005191146,0.8075582586663722,0.009996493268050612,False,False,-0.2228561240862903,0.9087721152773284,high,1.4147151119271633,True,True,False,True
2018-03-14,24675.3,24862.1,1.6394937447568998,0.7570323359797015,0.6573374994427655,-0.00040526356315240264,0.7793249902736221,0.13146848078406936,0.7713613606109337,0.9258283620801482,0.24683056269717463,201.898290283003,0.8182202051565857,0.01020075864770259,False,False,-0.4168561926999548,0.92734169524569,high,1.4530058359405928,True,True,False,False
2018-03-15,24847.5,24745.8,0.8272462018311673,-0.4092967099305844,0.39863165308380827,-0.16983599959754514,-0.2120514567451215,-0.37651557076017195,-0.08839698723691614,0.6438140236159091,0.46888363435126024,208.87009626855797,0.8406080944503793,0.010369539829581293,True,False,-0.03137305376456068,0.9426854390528449,high,1.4826453954568204,False,False,False,True
2018-03-16,24720.05,24544.95,1.3824810224898412,-0.7083319006231714,0.4457919785760833,-0.1644414149647666,-0.7346207768422319,-0.3299537820596332,-0.6690156549663318,1.0018476948386101,0.6438370654862648,194.9452008808039,0.7886116770831931,0.009854445010570114,False,False,0.031722554938617975,0.8958586373245557,high,1.4085286969483977,True,False,False,True
2018-03-19,24538.35,24239.05,1.62704501321401,-1.2197234125358891,0.823608759350169,-1.3786583042462053,0.1388426883415672,-0.32985314954232514,0.04169496213397572,0.5867756471577539,0.5554447362305817,195.99213165332912,0.7987176466768513,0.009894952176870815,False,False,-0.06029753574563479,0.8995411069882558,high,1.4148541271743789,True,True,True,False
2018-03-20,24162.65,24227.3,1.1209449294675964,0.26756171198107914,0.6719047786563085,0.0457317388614209,0.08976697816223123,0.21330439572728732,0.04114043774252618,0.5679726314134752,0.37607842974829775,190.74335923587387,0.7894140718665952,0.009764326032328147,False,False,-0.4335978514009353,0.8876660029389224,high,1.3986616502916047,True,False,False,True
2018-03-21,24355.1,24259.55,1.021141362589343,-0.39232029431207627,0.5327426288539157,-0.26544748327864687,-0.08912967853622611,0.14566612334165896,0.0457586663203724,0.32790664643922945,0.26760476200302136,187.43171137013996,0.769578902858703,0.00945761061795841,False,False,0.4292678094546254,0.8597827834507645,high,1.356353460319309,True,False,False,True
2018-03-22,24229.3,24097.0,0.9022134357988145,-0.5460331086742043,0.4484240155514252,-0.06190851572269729,-0.34710893975873347,-0.22741133542137915,-0.5897402094473869,0.44209413445773477,0.27971594256830695,182.75267273947793,0.7542631142438202,0.00938111288528399,True,False,-0.027205780816208502,0.8528284441167264,high,1.3424648820063034,True,False,False,True
2018-03-23,23755.25,23652.8,0.7581481988192023,-0.43127308700182665,0.5527199250691922,-0.28772587112322334,-0.20222148107181814,-0.22580985543948495,-0.23170520682539442,0.55579244223601,0.5556610741795989,181.91206789314128,0.7657762721635903,0.009400826242576668,False,False,-1.2920695522264158,0.8546205675069698,high,1.347506121155738,False,False,False,True
2018-03-26,23693.7,24270.6,2.6561913082380486,2.4348244470048908,0.4925359905797774,1.4083912601239978,0.9803391128461625,0.42320793685612923,1.093940100998303,1.118306599965043,0.5910424780739089,177.62947832281134,0.7496907546006378,0.009391002810647238,False,False,0.09343502671987913,0.8537275282406579,high,1.3445593659086383,True,True,True,True
2018-03-27,24381.6,24435.0,0.9367719919939538,0.21901761984448598,0.5965564195950926,0.3080191619910133,-0.14147452436347185,-0.08734446242245619,-0.003685050976542925,0.4348501637588004,0.19800805532771132,193.4348447564371,0.7933640317142316,0.009910937421700705,False,False,0.5183225795818869,0.9009943110637004,high,1.4013012496438142,True,False,False,False
2018-03-28,24257.15,24306.1,0.6472318471048742,0.20179617143809558,0.30485856747392304,0.12449937441123549,-0.07699481417279275,-0.2308343747944419,-0.09920655339555884,0.6367512305788726,0.6357709004801595,193.1626996888499,0.7963124261871237,0.009813243570033929,True,True,-0.5545324329854662,0.8921130518212661,high,1.3815056670334631,False,False,False,False
2018-04-02,24253.05,24334.9,1.263758578817922,0.33748332683931626,0.9481281735699251,0.11565555672379269,0.1676200831099095,0.10433623018999416,0.0825043463948072,0.5796689606319319,0.35231484434969795,190.31478298108414,0.7847045339909172,0.00963183211427816,False,False,-0.2898449360448474,0.8756211012980144,high,1.3428928765168875,True,False,False,True
2018-04-03,24351.95,24500.7,1.116748350748095,0.6108340399844758,0.8432589587281452,0.15707161028173378,0.5428409771137455,0.2303172737955217,0.4818684695758968,0.6219711195480182,0.3114494456649496,192.56157765931675,0.7907439759826903,0.00970119868768198,False,False,-0.20115143271597358,0.8819271534256344,high,1.356546715738913,True,False,False,True
2018-04-04,24486.3,24106.05,2.3082294997610937,-1.5529091777851334,0.5374433867101136,-1.220682585772448,-0.30718473254670586,-0.030472068307196842,-0.3007957131959338,0.4452731587520805,0.24294737453074955,187.8263469283047,0.7670670821165497,0.00959480943462022,False,False,0.007346728868973251,0.8722554031472927,high,1.3386119661743905,True,True,True,True
2018-04-05,24444.7,24790.25,1.8003902686471853,1.4135988578301228,0.3604053230352532,0.3587689765061519,1.0123347083856427,0.3641024914087687,1.218217093842533,1.4372829401118459,0.6733263536897272,200.55524965350196,0.8204447166604703,0.010127260515270521,True,False,1.1963801618265935,0.9206600468427747,high,1.4164038691766536,True,True,True,True
2018-04-06,24723.0,24811.35,1.2346802572503337,0.35735954374469525,0.6053067993366412,0.36322452776766934,0.06710246324477254,-0.30115099911862675,0.21087935682804204,0.5575751225174193,0.37362800623984577,191.26945782996336,0.7736498719005112,0.009655991264215987,False,False,-0.05607043091538921,0.8778173876559988,high,1.3713746170281385,True,False,False,True
2018-04-09,24892.65,25074.1,1.2732674102596577,0.7289300255296061,0.7703077012692502,0.9464641169180332,-0.25310158884920275,-0.32251971009016334,-0.3203394683677141,0.4108921234069225,0.40901543998489676,192.4258281313032,0.773022671878258,0.009682509765267806,False,False,0.1511405062602389,0.8802281604788915,high,1.3765830620807575,True,False,False,False
2018-04-10,25179.55,25227.8,0.6276919166545838,0.19162375816883515,0.4855130453085937,0.30064079779026365,-0.08315102800408036,0.0348854034318391,0.06880306461143348,0.3440868730263918,0.2091142080716102,189.8462593314889,0.7539700246092124,0.009410816803479395,False,False,0.31706023346800283,0.8555288003163085,high,1.3404674080712757,False,False,False,False
2018-04-11,25163.3,25095.4,0.990529858961265,-0.269837421959751,0.990529858961265,-0.28632969443593836,-0.03766253175908618,-0.013354514523544747,-0.15147383443769868,0.2229861007323299,0.15228132979073566,188.92838104853217,0.7508092382498806,0.00928907954669791,False,False,-0.11673629884493275,0.8444617769725372,high,1.3122983993953874,True,False,False,True
2018-04-12,24991.5,25165.2,1.090170658023731,0.6950363123461978,0.44235039913570323,0.6542224356281157,0.1311866428145514,-0.04662744670086427,-0.023616781012902877,0.2907970582389245,0.16587466145497187,182.78556746005597,0.7313909427607626,0.009158787270273952,True,False,-0.0737186894809394,0.8326170245703592,high,1.2892012236051138,True,False,False,True
2018-04-13,25252.05,25231.4,1.3165267770339466,-0.08177553901563828,0.4655067608372505,-0.4843171148480985,0.29984381062286847,0.08477688985952803,0.2272551042927784,0.3959450452153324,0.1586340398074184,185.1414425450148,0.73317391081126,0.008980665491263943,False,False,0.29584505587081367,0.8164241355694494,high,1.261400964964797,True,False,False,False
2018-04-16,25096.1,25338.05,1.098776303887855,0.9640940225772221,0.6879554990615986,0.8250285900996746,0.06777812248672799,-0.03434798057563304,0.1752650735875827,0.18653803973023408,0.11666469264479164,177.5395088676105,0.7074386413331574,0.008864406719482314,False,False,-0.5917230118027694,0.8058551563165739,high,1.2451330198656745,True,False,True,True
2018-04-17,25332.75,25347.4,0.7016608935074162,0.05783027898669246,0.4932350415963554,0.09335741283515997,-0.07355145052136969,-0.000394666477221417,0.07286931313266187,0.303670868104305,0.19713590537476833,182.21366696838413,0.719281037267506,0.00892714647102628,False,False,0.18036115644257666,0.8115587700932982,high,1.2587515065019628,False,False,False,False
2018-04-18,25371.45,25118.05,1.450449225408875,-0.9987604177136178,0.5786031149185374,-0.48223495306733977,-0.5126915414806699,0.10500810973448349,-0.5103273461789737,0.8089397245842426,0.35886073174910943,178.6924343403225,0.7043051711286604,0.008750044708890934,False,False,0.313049859157144,0.7954586098991757,high,1.2247338399226555,True,True,True,True
2018-04-19,25136.95,25152.65,0.6196057994307185,0.06245785586556085,0.4411831984389572,-0.2094526185555612,0.22543981693727844,0.21605116665635027,0.04695760484378919,0.3001877668501783,0.2923865880856892,176.4648354410856,0.7020137106573614,0.008680592706242248,True,False,0.35193814806484536,0.7891447914765679,high,1.2157191286185611,False,False,False,False
2018-04-20,25034.0,25009.7,1.1484381241511543,-0.09706798753694734,0.779939282575697,-0.6451226332188198,0.5693034475826586,0.4856748027573632,0.6291812999593693,0.6770529701477447,0.5226326868381669,173.2288336721267,0.6919742497089028,0.00857100480594202,False,False,-0.1027724712903133,0.7791822550856381,high,1.190500101138643,True,False,False,False
2018-04-23,24905.35,24986.2,1.199742224060304,0.32462904556651573,1.129877717036707,0.2965226346949734,-0.04223513963617087,-0.19227117831052132,-0.12260343289611786,0.542251152959265,0.37574824867338885,171.0603946790925,0.6868419623859633,0.008606557463149627,False,False,0.2231134319883754,0.7824143148317841,high,1.1966029225602708,True,False,False,False
2018-04-24,25052.5,25055.3,0.6636064265043409,0.01117652928848134,0.6037321624588364,0.1401057778664727,-0.18196240373730133,-0.04191206848033202,0.03215639592712982,0.3497743905355634,0.17603068761738744,177.88247030837738,0.7100387997540261,0.008684861596362644,False,False,-0.05603092907284779,0.789532872396604,high,1.2111400778951118,False,False,False,False
2018-04-25,24946.35,24805.6,1.0278056709699073,-0.5642107963690024,0.4411467008199713,-0.6698374712132193,0.0974605768939707,-0.06829073723777501,0.09948040155376425,0.40114208460708645,0.2312618476371262,176.3149658923685,0.7067766061663069,0.008667650254780277,False,False,-0.2470535176190225,0.7879682049800252,high,1.2065681318755954,True,False,False,False
2018-04-26,24775.25,25017.6,1.242570710689089,0.9781939637339532,0.32996639791727633,0.3186647965207179,0.7248271921848071,0.3248067389884257,0.7118604520182981,0.8600156110436062,0.5406098592170087,157.48835159115333,0.6356680622441886,0.007899945593227495,True,True,0.11126519818105418,0.7181768721115904,mid,1.1249466452183727,True,False,True,True
2018-04-27,25108.9,25432.1,1.6356749997012896,1.2871929873470966,1.341556181274363,1.0890560717514486,0.13533025901857343,0.1268490614351414,0.254415790345619,0.3344843956528905,0.29191041777463483,160.18425952037978,0.6379580926300227,0.00798919301349921,False,False,0.05016468406242591,0.7262902739544737,mid,1.1401200143832113,True,True,True,True
2018-04-30,25560.3,25546.45,0.5745237731951446,-0.054185592500866075,0.3959264953854248,-0.24002065703453423,0.12235797944621929,-0.001958430357240637,-0.11971479710102262,0.3178562254524177,0.16489983607938763,172.11942466090477,0.6733857766180552,0.008288232283322951,False,False,0.22825484328861112,0.7534756621202683,high,1.1898558814018347,False,False,False,False
2018-05-02,25602.55,25579.25,0.8370259993633419,-0.0910065598934473,0.5458440663137071,-0.1954883400286267,0.10233832306036916,0.17663035496435775,-0.032243061879322354,0.38880735740142275,0.25809180470401283,165.86138388662403,0.6478315007162334,0.008119179497208338,False,False,0.23721495550261817,0.7381072270189397,mid,1.1554278310267427,True,False,False,False
2018-05-03,25491.75,25603.25,0.7194484490080039,0.43739641256483885,0.43700412878675576,0.5368403503094088,-0.12115371108839534,-0.14180440744483436,-0.141414850704924,0.42901289965117384,0.20188110275845658,163.81077509348506,0.6426030974471547,0.008046048443648056,True,False,-0.12256027835061412,0.7314589494225504,mid,1.1412826138883594,True,False,False,False
2018-05-04,25554.1,25644.8,0.5560751503672544,0.3549332592421628,0.4193064909349099,0.24497047440528164,0.13253073190535591,-0.011304478327556211,0.13155352217966154,0.4026670101925612,0.159042315780854,154.58286943837265,0.6049239434704123,0.007357018045140333,False,False,0.11346215812444438,0.6688198222854848,mid,1.061840805105907,False,False,False,True
2018-05-07,25756.95,25895.0,0.8739388786327518,0.5359718444924555,0.3641735531574945,0.3467025404793711,0.08279731102192045,0.17232599431129536,0.1248287233795553,0.3124244329448179,0.312703911025572,146.35307069268674,0.568208078567869,0.0069148145031021745,False,False,0.12263694784127033,0.6286195002820159,mid,0.9993547937013426,True,False,False,True
2018-05-08,25988.95,26090.6,0.6106441391437543,0.3911277677628222,0.4727008978816081,0.25260735812719926,0.18365279067804607,0.19326656968152722,0.2785253141093236,0.41393842162227995,0.24758080922459227,141.19818079230208,0.5433008289765539,0.006794538727208604,False,False,0.6918324000772413,0.6176853388371458,low,0.9815879930644236,True,False,False,True
2018-05-09,25986.35,26155.5,0.995907466804685,0.6509186553709911,0.5983910783930795,0.7513560003617359,-0.1380740672838887,0.08402396309836746,-0.04052599685349101,0.361513429278569,0.24728692556509865,137.1681490424562,0.5278469236443603,0.006592952194162858,False,False,-0.392861796969024,0.5993592903784416,low,0.9482448456561123,True,False,True,False
2018-05-10,26216.85,26062.7,0.7731668755018271,-0.5879806307775293,0.27768400856702047,0.07380749403533837,-0.42079264527637994,-0.13245185002551674,-0.2592226375044415,0.592692539315907,0.3381058047548904,140.54492830959134,0.5360862510545369,0.006690148584476569,True,False,0.23169123128978786,0.6081953258615062,low,0.9666198917389087,True,False,True,False
2018-05-11,26192.75,26408.45,1.2824159357074054,0.8235103225129103,0.4401981464336616,0.2951198327781457,0.5256937082342983,0.11885444784811572,0.6298858546232688,0.683097291402189,0.27827484759334514,138.6275402033134,0.5292592041817427,0.006626596253787748,False,False,0.4258960123087796,0.6024178412534316,low,0.9558217380915421,True,True,True,True
2018-05-14,26419.5,26447.6,0.8563750260224455,0.10636083196122748,0.5670054315940987,-0.03330873029391279,0.15959440681239112,0.020228755080808902,0.14442715609110923,0.3797703203625775,0.23442669439455527,142.07037613757166,0.5377481638092003,0.006701539996912757,False,False,-0.01514666707057577,0.6092309088102505,low,0.9656663011553258,True,False,False,False
2018-05-15,26459.1,26444.6,2.1257336795280293,-0.05480156165553751,2.0854828773465437,-0.03873903496339759,-0.06540927110252337,-0.49486127319956497,-0.46657089222740256,0.544069023794991,0.5417309791815739,141.93355668285403,0.5364262453479296,0.006536269807236717,False,False,0.17884420514528987,0.5942063461124287,low,0.9426507795687499,True,True,False,True
2018-05-16,26284.7,26201.55,1.2368412041986485,-0.3163437284808279,0.7679372410565926,-0.20829608099007801,-0.18528437911624618,0.15205649233405172,-0.02367537245752116,0.49066048543745117,0.30143526027480827,148.54911508219448,0.5651543106148994,0.00705713438408384,False,False,-0.6627061857619299,0.641557671280349,mid,0.9938243683852918,True,True,False,True
2018-05-17,26219.75,26095.4,1.0309022778630585,-0.47426081484376326,0.49027927421123113,-0.44031693666034544,-0.16855460594614735,-0.21289712397428717,0.0023024056301501616,0.4384335147849233,0.42215661723317977,151.7253555150237,0.5786682005550156,0.007215970404508196,True,False,0.12079438048513413,0.6559973095007451,mid,1.0206900075923033,True,False,False,True
2018-05-18,25989.0,25928.0,0.7135711262457082,-0.23471468698295084,0.4380699526722789,-0.2554927084535863,-0.08158903813659801,0.19438169214582857,0.06142423089330329,0.4222184503097571,0.2570480287181914,146.57502696569645,0.5639887143241235,0.007054381112491272,False,False,-0.26748009227680614,0.6413073738628428,mid,0.9998439598464369,True,False,False,True
2018-05-21,25977.5,25760.3,1.4631892984313433,-0.8361081705321904,0.8542007506496063,-0.9587142719661212,0.009133857655618804,-0.08445765564963903,-0.041178801463803705,0.28878537183545555,0.15124715804842911,147.78412959962589,0.568892809545283,0.007074030460328939,False,False,0.34518667078062837,0.6430936782117217,mid,1.004577470970354,True,True,True,False
2018-05-22,25811.5,25808.4,0.9358231795904898,-0.012010150514296658,0.9358231795904898,-0.16097475931270422,0.061311721598222846,-0.04651568450736443,-0.1444445950420259,0.3771835024903064,0.17831012394491766,148.56094093002503,0.5755610519730547,0.00720142699450257,False,False,0.07744475025524,0.6546751813184154,mid,1.0204146268414034,True,False,False,False
2018-05-23,25797.55,25632.8,1.0471924659512297,-0.6386265362408494,0.5673019337107538,-0.10059094758998466,-0.4863881171522033,-0.39749733966117917,-0.6619630749327587,0.6652671933446006,0.4402181089457235,146.4896237235862,0.5678431623297027,0.007115902043226064,False,False,-0.315594922583351,0.6469001857478239,mid,1.0076586666326812,True,False,True,True
2018-05-24,25723.65,26065.2,1.600278343081164,1.3277664717098903,0.4046859601961562,0.5133408361566172,0.7619209690706397,0.6235697388113692,0.9878730204261332,0.8791098287804981,0.7253415729252133,149.2402499337786,0.5801674720880536,0.007216138206630801,True,False,0.35150276208608666,0.6560125642391637,mid,1.0268749602589116,True,True,True,True
2018-05-25,26077.7,26294.9,1.1277835085149326,0.8328955391004644,0.595911449245899,0.7826610475617057,0.12974758197688008,0.2289018045536606,0.19989795685251277,0.3810621799115655,0.38143952955155747,155.78827077306414,0.5974003488538642,0.0074350400705620375,False,False,0.005946626152875112,0.675912733687458,mid,1.0555976688757245,True,False,True,True
2018-05-28,26373.6,26585.65,1.6027391027391056,0.8040237206903944,0.7784299450966229,1.036642703309365,-0.2585656921979984,-0.48879295658897925,-0.25968859884490936,0.5139415318797641,0.5127552309832235,157.13494341136357,0.5958039229053431,0.007396007911371745,False,False,-0.012359811218143335,0.6723643555792495,mid,1.0500269777318403,True,True,True,False
2018-05-29,26489.05,26237.65,1.3158267284028655,-0.9490714087519114,0.5200261995050786,-0.8884803343268244,0.005142132347057959,-0.14509454916100673,-0.00285651170408574,0.3186217561715166,0.2540580834588383,156.26650926086586,0.5899287035996604,0.00738058016711392,False,False,-0.06921026944988196,0.6709618333739927,mid,1.0483726580038326,True,True,True,False
2018-05-30,26054.15,26336.75,1.6003208701876697,1.084664055438389,0.8073569853555084,0.7215741062364334,0.40297765236461114,0.31734790811188685,0.7839589640801892,0.6279973249143187,0.4803052022593247,162.07065218551543,0.6220531170102092,0.007586609192541187,False,False,-0.7536879255573559,0.6896917447764715,mid,1.0851650949809264,True,True,True,True
2018-05-31,26506.35,26874.4,3.046817083453596,1.3885352000558404,1.0967183335314017,0.23560392132451202,1.4351419710336932,0.6394972151529954,1.5662627899526882,2.328483032730125,1.5786712274798955,165.98949255613297,0.6262253858269169,0.00784587365476413,True,True,0.9501931711391798,0.7132612413421936,mid,1.1233809809201334,True,True,True,True
2018-06-01,26797.65,26676.35,1.2474974484703056,-0.45265163176623213,0.8066005787821,-0.11624153610485521,-0.31905553583770896,-0.1805131812034344,-0.17341721713071134,0.7294565968654848,0.3060306367345368,191.63248304858644,0.7151092840177643,0.008961773762873774,False,False,0.14511951894740083,0.8147067057157975,high,1.239366357550927,True,False,False,True
2018-06-04,26940.4,26265.25,3.0599025998129146,-2.5060875116924786,2.12116375406453,-2.2566480081958717,-0.21247548177248943,0.012940992878651691,0.03559579170180349,0.6311604123429485,0.4194404162432326,198.3676338025598,0.7363202988914782,0.009112059208258355,False,False,1.3020896786854363,0.8283690189325777,high,1.2737540334020045,True,True,True,True
2018-06-05,26205.85,26263.75,1.0264883604233408,0.22094303371194002,0.596813306952447,-0.40372664882077913,0.6017229852049999,0.04877249536090478,0.3608190286170654,0.7158990116877115,0.22538227348413872,211.50723314388415,0.8070993047120554,0.01011419805265976,False,False,-0.008566451870817282,0.9194725502417962,high,1.382443276393808,True,False,False,False
2018-06-06,26251.7,26373.1,1.0412658989703607,0.46244624157671943,0.3988313137815726,0.27445841602637966,0.09820029441094391,-0.26891844068939186,0.21355128368472087,1.0384158791965514,0.42788500661414186,217.04841327288887,0.8267975531980362,0.010187503680633552,False,False,0.011993717576519458,0.9261366982394138,high,1.4032235693437864,True,False,False,True
2018-06-07,26552.6,26523.25,1.045848617461193,-0.1105353148090904,0.3470469935147512,0.37510450953957,-0.5795018797697726,-0.4663453773021464,-0.8247218177939275,0.7560351490683695,0.5634458847790729,219.5408248925669,0.8268147936268647,0.010197822056122512,True,False,0.7767384190709548,0.9270747323747737,high,1.405464716367987,True,False,False,False
2018-06-08,26404.45,26447.2,0.7402161378100929,0.1619045274565467,0.6298180799069827,-0.12422148539356082,0.2927386037657742,0.025905755994237722,0.1029458796100835,0.4250776875925418,0.19968232357612611,215.95070617558122,0.8178572406377758,0.010249843393040525,False,False,-0.2488382833928715,0.9318039448218659,high,1.4190478210888597,False,False,False,False
2018-06-11,26463.35,26457.35,0.8702601900364199,-0.022672866436035388,0.6652596893439527,0.37221289065820784,-0.34767909614729087,0.11725324810409887,-0.5003270357032741,0.6563925328996368,0.29294400211812593,216.10762723924563,0.8166298947005789,0.010133539230029078,False,False,0.09830908375934033,0.9212308390935524,high,1.3918173007236727,True,False,False,False
2018-06-12,26528.7,26635.25,0.7755751318383486,0.4016404874720658,0.43952398722892017,0.03373704704716651,0.3843595796914956,0.30253056368203524,0.3525948304926807,0.48384088267047554,0.40531941730392546,215.64858846197967,0.8128878854296655,0.010135853890901117,False,False,0.41292873246943085,0.9214412628091924,high,1.3924709630292518,False,False,False,True
2018-06-13,26637.8,26643.0,0.6205467418480478,0.019521131624977706,0.4266493479191279,0.32829287703939336,-0.2738982797167555,-0.05681136377273521,-0.2772565446201636,0.48736681602604276,0.2054958900821956,208.50573564748265,0.7827438288728148,0.009713629732068366,False,False,0.3255084896894189,0.8830572483698513,high,1.3250513286744448,False,False,False,False
2018-06-14,26585.9,26540.55,0.44854603379987135,-0.17057914157505571,0.4400829010866662,-0.02520132852377177,-0.0942466289429289,-0.14609107659909748,-0.14759301179991802,0.2947793763544371,0.25288609784529764,203.66025757924945,0.7660461281327675,0.009583792835224363,True,False,-0.11522726419698204,0.8712538941113056,high,1.2941027612340157,False,False,False,True
2018-06-15,26507.7,26406.9,0.9050200507777041,-0.3802668658540731,0.3840393546026221,-0.3176435526281107,-0.023842413003571927,0.05472914753197333,0.18203055079411,0.2516699150377505,0.1401369175559364,200.66363564463973,0.7570013077130031,0.00948456899644233,False,False,-0.10116595172292575,0.8622335451311209,high,1.2649891282915253,True,False,False,True
2018-06-18,26393.6,26416.65,0.5675618331716753,0.08733177740058995,0.49633244422890405,0.08808953685741638,-0.017034582094388462,-0.09342948627021341,-0.029901306762813995,0.30794738963957546,0.22865637429289853,200.57485026183167,0.7599374479488652,0.00952019769238835,False,False,0.14162964982635806,0.8654725174898501,high,1.2746015093282823,False,False,False,False
2018-06-19,26363.0,26265.5,0.8436065698137459,-0.369836513295152,0.5029776580813964,-0.4089064218791405,-0.025518754380082775,-0.23128659582999367,-0.11435181925942839,0.47628660227307074,0.37876268322857776,198.13527198620795,0.7515657246375904,0.009307440111285127,False,False,0.11905370287299544,0.8461309192077389,high,1.2298782058447486,True,False,False,True
2018-06-20,26342.8,26565.9,0.9623122826730643,0.8469107308258783,0.2755971271087301,0.47470276508192466,0.36534890442556645,-0.019006684330957757,0.3907615504239237,0.4225881588417729,0.11121733108514721,198.0514037132034,0.751823662303185,0.00928844033908527,False,False,0.20920979992766764,0.8444036671895699,high,1.2250749362281823,True,False,True,True
2018-06-21,26660.7,26513.7,0.8510654258890481,-0.5513733697914858,0.4572273046094118,-0.2597456180820412,-0.3390187447469106,0.010755346067403693,-0.45917993655992806,0.5091862233913588,0.25473188054395635,199.76528237618913,0.7492874619803273,0.00926722581962889,True,False,0.2988793904968423,0.8424750745117171,high,1.2207280989299925,True,False,False,True
2018-06-22,26478.2,26761.05,1.664954566398026,1.0682372668836981,0.6033265101102039,0.19978699458420568,0.9931740485694229,0.3695317079931426,0.9868935560769287,1.0672380715462286,0.4871525456108483,192.11359243467814,0.7255538232760465,0.00905237394302161,False,False,0.017726684695085204,0.8229430857292372,high,1.1832897143329686,True,True,True,True
2018-06-25,26688.55,26607.1,0.8587952511470303,-0.30518705587228023,0.5065842842717222,-0.2201318542970676,-0.08036109921966128,-0.06291044369702847,-0.14935342724836653,0.29834996883191284,0.2516417747881233,196.79969171317316,0.7373937202027581,0.009229945779158083,False,False,-0.16030761124843362,0.8390859799234621,high,1.2099983819134883,True,False,False,True
2018-06-26,26510.1,26586.85,0.862501461707053,0.2895122990860033,0.42210327384657714,0.42002859287593175,-0.08996504698279839,-0.2645487765322141,-0.1272933454493641,0.3839009520518256,0.383230119937531,190.79432721172088,0.719704290861675,0.009013851407649575,False,False,-0.4188731579164884,0.8194410370590521,high,1.1725038344212702,True,False,False,False
2018-06-27,26579.8,26429.3,1.106291243726436,-0.5662194598905934,0.3228015259708473,-0.7861232966388076,0.16476526164306282,-0.24585149210329948,0.21207660556026298,0.4814027610031558,0.3716096286169681,189.3248279227264,0.7122883841214998,0.0088914153953596,False,False,0.11076904559961243,0.8083104904872364,high,1.150054745381563,True,False,False,False
2018-06-28,26386.75,26312.55,1.2297838877466911,-0.28120173950941796,0.5377699034553383,-0.7416601135039391,0.44022671866916774,0.14237341043321639,0.18642363676524276,0.8155457684972482,0.419887357507625,184.15315205843035,0.6979000902287336,0.008730282882794758,True,True,-0.1180507996806579,0.7936620802540688,high,1.1252336212306606,True,False,False,False
2018-06-29,26328.0,26360.9,0.6493087207535732,0.12496201762381975,0.6470297781829176,0.26226830750530894,-0.16270757527829804,-0.01403759039070307,-0.35729679453733176,0.2210474276481597,0.20259657482795018,163.69798527001876,0.621763845601712,0.007723637890916904,False,False,0.0005700701756428117,0.7021488991742639,mid,1.0348176402910092,True,False,False,False
2018-07-02,26322.25,26214.4,1.1628945093979373,-0.4097294114294936,0.5937942235181235,-0.29233823096430633,-0.06877421862200306,0.03146573095846872,-0.025920511701393867,0.3918796889347752,0.18192913535985633,159.74089605971312,0.6068664193209666,0.007561941780605819,False,False,0.013466915014270775,0.6874492527823471,mid,1.0051953453455398,True,False,False,True
2018-07-03,26147.45,26221.35,0.6467169838741529,0.2826279426865641,0.46926182094238916,0.2881734165281813,-0.0074362768277991265,-0.013918282522074055,-0.02554565714296686,0.23986759613771777,0.1738832008236656,136.0006333191577,0.5201296238033066,0.006263246395031393,False,False,-0.016403198242198602,0.5693860359119448,low,0.9107234763811627,True,False,False,False
2018-07-04,26217.0,26424.5,1.3241408246557496,0.7914711828203025,0.4853720868138994,0.7010718236258873,0.14431380867248045,-0.009643949178272937,0.3227232453702378,0.33578527923395435,0.14522652880232156,129.3424131208867,0.49335321783913766,0.006151112215817103,False,False,0.10640184429864252,0.5591920196197365,low,0.8917693004551671,True,True,True,True
2018-07-05,26427.0,26500.75,0.6816891815188929,0.279070647443902,0.5570060922541368,0.5829265523896066,-0.2870465989868731,-0.03696083848301335,-0.22004126008914326,0.42962937882437713,0.15915789632483707,133.83134453032108,0.5064189825947746,0.0062670955173718965,True,False,0.2158981248462588,0.5697359561247178,low,0.9058618320665989,True,False,False,False
2018-07-06,26457.55,26503.45,0.7495025049560495,0.17348545122282122,0.5590086761623864,0.40120872869937596,-0.2629528266017256,-0.10331338077956831,-0.29898431884636256,0.4184281557162512,0.1885280671159919,134.46755043939265,0.5082388597560721,0.006157193670887946,False,False,-0.2762185975868636,0.5597448791716314,low,0.8876335252737111,True,False,False,False
2018-07-09,26639.9,26740.75,0.6323221934016297,0.37856748711517785,0.2372381277707526,0.4410677217256742,-0.022984295933092813,-0.021863355894313763,-0.012708071307232505,0.15434982472138276,0.09399374371661286,134.67144905419445,0.5055253550283388,0.006159091298722099,False,False,0.5240827137598991,0.559917390792918,low,0.8882142460472927,True,False,False,False
2018-07-10,26810.6,26892.3,0.5872677224679818,0.3047302186448775,0.5257248998530459,0.1971235257696602,0.13326657596102187,0.047235513667609474,-0.025830477733757018,0.18091496066215823,0.10488515633280242,130.6499740385807,0.4873071622365061,0.006095884769620209,False,False,0.3881716107438926,0.5541713426927463,low,0.8763306289112018,True,False,False,True
2018-07-11,26869.1,26814.5,0.6062726328756879,-0.20320740181100083,0.4203713559441914,-0.07592364463266943,-0.12235229266222003,0.05802173856261916,0.03618572603674153,0.22682662475278673,0.1729458252332942,132.10646977537,0.49166689533839986,0.00604974609124622,False,False,0.031049780048575393,0.54997691738602,low,0.8669334448022592,True,False,False,True
2018-07-12,26995.15,26972.85,0.8386691683506164,-0.08260743133490234,0.7384659837044748,0.2683815426104186,-0.29149241159170947,-0.14743669194240416,-0.09143610208267594,0.3849620949031341,0.31614718510612194,130.312734649111,0.4827264699366775,0.006046876542993078,True,False,0.4587070428313078,0.5497160493630071,low,0.8662818945718899,True,False,False,False
2018-07-13,27015.1,26950.7,0.7351444192322153,-0.23838519938848002,0.6050320006218771,-0.30575492965044804,0.025062656641594572,0.05831326106697787,0.10106996679926095,0.16318574213311327,0.15265446050018866,132.77757753019796,0.49149393313442474,0.006136241028150869,False,False,0.2743499481886458,0.5578400934682608,low,0.8859000431256183,True,False,False,False
2018-07-16,26866.05,26652.9,1.010382992661745,-0.7933804932247157,0.5734002579463646,-0.5819612484901926,-0.10333324597431304,0.01836774474082148,-0.1119347109913238,0.2184599602391586,0.17524327890483257,133.34478177663368,0.49633191993848624,0.006086123783742842,False,False,-0.1343193312233093,0.5532839803402583,low,0.8773733528665886,True,True,True,True
2018-07-17,26736.3,27015.15,1.412499111694593,1.0429640600980727,0.5888997355655073,0.7282234265773457,0.29891203445842063,-0.00906938822349268,0.4365269705995045,0.49961011473766026,0.19101242136006968,135.56618018570225,0.5070491436201054,0.006211245128848073,False,False,0.03733177252756015,0.5646586480770975,low,0.899477876588981,True,True,True,True
2018-07-18,27134.7,26912.3,1.293915171348858,-0.8196147368498718,0.5363980438331704,-0.8087430485688052,-0.008731109686876959,0.21354989936903657,0.06785736196603942,0.45420347200936273,0.31855612713200543,141.86021949953647,0.5228000291123044,0.006429613770371604,False,False,0.34128997988165377,0.5845103427610548,low,0.9282527795122018,True,True,True,True
2018-07-19,26914.1,26796.95,1.0938504352736962,-0.4352737041179111,0.5913257363240884,-0.24299530729244845,-0.20652769035373053,0.19857779406622367,-0.22770942564347418,0.47804921653561827,0.3376944407566871,141.26458319049743,0.5248720306103397,0.006559108971868773,True,False,0.17798553077961188,0.5962826338062521,low,0.9448573414699505,True,True,False,True
2018-07-20,26762.45,26872.1,0.846708728087296,0.40971585187454806,0.6324159409919495,0.3347974494113837,0.07522703108329143,-0.12692147593138525,0.23387188520509472,0.4036935727439859,0.196421669193941,144.9723134597807,0.5417004551518292,0.006636907357726696,False,False,-0.12146904778341794,0.6033552143387906,low,0.9568784774462931,True,False,False,True
2018-07-23,26875.15,27005.2,1.2582255354853886,0.483904275883118,0.836460447662615,0.5121831878147631,-0.03387283065805491,-0.003703065953453155,0.08839946923253628,0.21526831724220172,0.18311661139840998,136.46204290276,0.5077629070079981,0.006293190490680864,False,False,-0.6356034697697632,0.5721082264255329,low,0.9160892986657163,True,True,False,False
2018-07-24,27071.2,26968.9,0.9515647625520796,-0.3778923727060457,0.5659150684121763,-0.22994917107479473,-0.13291890280814345,-0.011120975828560198,-0.053543307086612035,0.25954359573401475,0.12807657162556887,141.03041504472094,0.5209610768814125,0.00643821449031034,False,False,-0.0779479507650338,0.5852922263918491,low,0.9365179944004854,True,False,False,True
2018-07-25,27015.9,27017.75,0.47749658534418615,0.00684781924717992,0.29556668480414194,0.02776142938047954,-0.01628218506923851,-0.06454249725833527,0.0035161678951789455,0.22832064062997523,0.21119636638685385,139.93979803446018,0.517990509420231,0.006467193464516412,False,False,0.08769360263116699,0.587926678592401,low,0.9411011260779173,False,False,False,False
2018-07-26,27112.1,27421.95,1.4770157973746068,1.1428476584255831,0.6727623459636023,0.5492012791336709,0.6373573970140489,0.17746196526344793,0.4259034204052936,0.7288800851032637,0.3523678939902104,136.49698501746207,0.5034541220247125,0.0062954607835005606,True,True,0.13676194353711146,0.5723146166818691,low,0.9097579012418272,True,True,True,True
2018-07-27,27484.55,27631.45,0.7365956510112072,0.534482099943423,0.6057948920393458,0.4307874787835342,0.06031963974864052,-0.0660326327843852,0.11091376998078051,0.26681930735663334,0.1461763487391438,141.04974787088395,0.5131964971989135,0.006405531922768203,False,False,0.2766032320823175,0.5823210838880184,low,0.922302618200143,True,False,True,True
2018-07-30,27731.9,27815.2,0.9407938150649534,0.30037610116868674,0.4992445523025855,0.29929431448980637,0.06812895246790518,-0.001975972178325236,0.0852206838150682,0.25831478811715497,0.1462219411950706,144.37588878763745,0.5206130441391951,0.006425881748810421,False,False,0.4929165859916873,0.5841710680736746,low,0.9266303404136801,True,False,False,True
2018-07-31,27772.25,27773.15,0.6663125962066425,0.0032406448883470773,0.44396834970158794,-0.13376661955729618,0.1584634632649573,0.09386372644397678,0.23688901397878048,0.24914278297175257,0.2093467372896571,142.38734733084675,0.5126964769899693,0.00634405254932034,False,False,-0.06471281889038893,0.5767320499382127,low,0.9155578123223341,True,False,False,False
2018-08-01,27766.85,27485.2,1.2230411443862095,-1.0143390409787179,0.4890724010825964,-0.6669823908725614,-0.2311319301056991,-0.5137382501807619,-0.24704515506931424,0.8095962351781091,0.7843456254519188,143.22395001201767,0.5158091393586873,0.006349079480914091,False,False,-0.31811299762540823,0.5771890437194628,low,0.9165849821263968,True,True,True,True
2018-08-02,27427.65,27340.85,0.5246530417297792,-0.316468964712624,0.45665596578635065,-0.18393847084967607,-0.11889455459287435,-0.08312810131763104,-0.05172010468295074,0.26189676080826646,0.2018825317713776,139.75515985191487,0.5095411376910339,0.006308929658563166,True,False,-0.05712165092486288,0.5735390598693787,low,0.9117925781012763,True,False,False,True
2018-08-03,27479.15,27709.25,0.9616381874985215,0.8373621454812019,0.4030328449024078,0.7145417525651121,0.09033260465032278,0.0074011361646642015,0.2878244813728781,0.20650033423064246,0.1213064268939184,138.67271644390348,0.5046470376409149,0.00627665365954565,False,False,0.47950228321358423,0.5706048781405136,low,0.9039710168798785,True,False,True,True
2018-08-06,27844.85,27898.25,0.8042779903644687,0.19177693541176932,0.700488600225892,0.36685419386350837,-0.2062833220023652,-0.024196930753761503,-0.2434060391881987,0.3173864815543734,0.18909453292754186,145.2361426031166,0.5215906805140506,0.006338566909488561,False,False,0.21761686079557752,0.576233355408051,low,0.9145478616031826,True,False,False,False
2018-08-07,27926.55,27872.3,0.5192191659907865,-0.19425958451724235,0.511520399046793,-0.038493834720010334,-0.14740756130935395,-0.09121831104547118,-0.08011614152059199,0.23427592976019967,0.18315346539976038,143.68937359419215,0.5145260463401035,0.006380945456341302,False,False,0.2677587303863138,0.580085950576482,low,0.9232576029702562,True,False,False,True
2018-08-08,27912.9,28066.1,0.9409627806497992,0.5488501732173967,0.2919796939766201,0.3061308570589061,0.30448222841703565,0.29427310258129946,0.18139497551969974,0.484850000089291,0.36427010270988386,142.17190096623017,0.5093412041250825,0.006368362044924276,False,False,0.20898885273192835,0.5789420040840251,low,0.9198492480718929,True,False,True,True
2018-08-09,28170.05,28312.8,0.7763564494915596,0.5067438644943856,0.4483485119834692,0.4286467365162583,0.12565922490703763,0.1104431509342696,0.08214647865427693,0.24972782671397703,0.23979416930846173,147.13744481941467,0.5223187208379633,0.0064555683009654965,True,False,0.3832025112145976,0.5868698455423178,low,0.9365895774482176,True,False,False,True
2018-08-10,28203.9,28107.05,0.9954297100755568,-0.3433922258978428,0.6259772584642523,0.12498271515641868,-0.45220907853105174,-0.13392944369545745,-0.8375986369841493,0.6429017870580485,0.20569004747923633,144.91123003491884,0.513798552806239,0.006438481233568933,False,False,0.12768076629652292,0.5853164757789938,low,0.9333792379652431,True,False,False,False
2018-08-13,27838.5,27822.6,0.591626704025004,-0.05711514629020975,0.5542683693446101,-0.002155288539251732,-0.09249979344706505,0.19074757197614645,0.09231101434150624,0.37897973625884135,0.30998731951930497,147.83742286549204,0.5310538386245381,0.006513927529959521,False,False,-1.231897335366039,0.5921752299963201,low,0.9461819910395425,True,False,False,True
2018-08-14,27929.1,28026.05,0.6865598963088679,0.3471289801676436,0.5651811193343093,0.26066002842914937,0.09874329956180983,0.061758694856717256,0.09838582958359154,0.24409057956780983,0.17652991102106075,144.42147814338387,0.5171003653658152,0.0063995614487260466,False,False,0.1502375766463393,0.5817783135205497,low,0.9254179139128806,True,False,False,True
2018-08-16,27812.3,27849.8,0.8321857595380489,0.13483243025567138,0.7129938911920239,0.24683323565473092,-0.055593514568186286,0.21091963116934842,-0.11989720024804251,0.3825192470127505,0.2704374469554236,136.51273526073237,0.49083583616145504,0.0061371505363184186,True,False,-0.6775838907016829,0.5579227760289471,low,0.8890061058892684,True,False,False,False
2018-08-17,27972.95,28121.2,0.7476866043803083,0.529976280656852,0.2752659265468962,0.6359715367882046,-0.05612619157148169,-0.04121271980858099,0.056189265360906404,0.2623366612375774,0.16467323820063326,134.75575100411152,0.4817359306190856,0.005956509366549408,False,False,0.5096984538488725,0.5415008515044916,low,0.8658187096014949,True,False,True,False
2018-08-20,28262.3,28264.35,0.5296808823061007,0.0072534790162226415,0.49960548150715645,-0.00955336260672901,0.05396396268877446,-0.04789949237143931,-0.0841029519076053,0.20099364463757194,0.19583999095035937,135.13726553746892,0.4781538145779676,0.005837229018038127,False,False,0.1794020169836319,0.5306571834580115,low,0.8485789300240082,True,False,False,False
2018-08-21,28293.25,28259.75,0.5241532874448827,-0.1184027992542358,0.3377130587684316,-0.3053731897184053,0.22246369233005492,0.022821235424919095,0.164048853252452,0.26092952598394425,0.120651802789139,130.06395594080823,0.45969959598423027,0.005755858428677686,False,False,0.11144781323468855,0.5232598571525169,low,0.8328158418749737,True,False,False,False
2018-08-23,28215.6,28034.95,1.2604729298685886,-0.640248656771425,0.8147974879144922,-0.7006762216645979,0.07298905342654205,0.1108639533264455,0.10157123017218161,0.20647514624578767,0.20655329146329185,124.46496505171854,0.44112109985865455,0.00550239973459092,True,False,0.2201010270791448,0.5002181576900836,low,0.7957002111247864,True,True,True,False
2018-08-24,27988.25,27837.3,1.1969308549123294,-0.5393334702955777,0.6131144319491163,-0.47037596134092974,-0.08579654372751211,-0.01993659802609349,-0.15300256319650263,0.22831214146738005,0.09195980350775837,126.2543885957748,0.4510978306817139,0.005636874187780977,False,False,-0.2878549810147679,0.5124431079800887,low,0.8107554774338318,True,True,True,True
2018-08-27,28062.55,28262.8,1.233316288077891,0.7135844746824604,0.798929534201278,0.7289073872474239,0.032546670864719296,0.05838682510137527,0.08973149575499662,0.1492901641837935,0.14525934366131138,134.81372750404444,0.4804044090934161,0.0058660211471637195,False,False,0.48118890840707085,0.5332746497421562,low,0.8467793276426214,True,True,True,True
2018-08-28,28375.15,28275.9,0.8199075599600406,-0.34977788663672627,0.7968239815472418,-0.6604370373372581,0.3027911060655697,0.15409357553772818,0.27290959936019377,0.4161382160690474,0.23946495876669238,131.61530821846645,0.46384004390625755,0.005744264423508164,False,False,0.41432554453204595,0.5222058566825604,low,0.8346389495735904,True,False,False,False
2018-08-29,28226.15,28199.35,0.6162724990832994,-0.09494741578289778,0.5308906811591327,0.18918626876140987,-0.29314469289645206,-0.44030386969546864,-0.3125325923058253,0.6045004252189329,0.5444655710268075,131.5667455824423,0.466116511045404,0.005770338604725117,False,False,-0.150304676420554,0.5245762367931924,low,0.8388154302221249,True,False,False,False
2018-08-30,28188.3,28106.9,0.9587311047491335,-0.28877229205024335,0.8029927310267103,-0.5495187719727568,0.33905983576734133,0.23304665743746344,0.5003858741478684,0.6160508536246074,0.3937562025510414,127.98006678503953,0.4540183933938532,0.00567393509639565,True,True,0.1218113183459879,0.5158122814905136,low,0.8226420140150472,True,True,False,False
2018-08-31,28021.2,28046.8,0.7592465704537993,0.09135939931195214,0.6461179392745466,-0.015167087776402077,0.1722171756740165,0.07737978497690534,0.13379620875062503,0.30802781887394204,0.1882789238147981,129.9635867269135,0.463804500617081,0.005765529287155806,False,False,-0.3874493451785921,0.5241390261050732,low,0.8372157602945073,True,False,False,False
2018-09-03,28046.85,27804.35,1.478775691387803,-0.8646247261278939,0.748212366094596,-0.3362231409231309,-0.5781225684239888,-0.23602939328779549,-0.6451232330165868,0.6224834585753357,0.346415763532651,130.45515714173234,0.46513300831192217,0.0055861397544325776,False,False,0.544268864897246,0.5078308867665979,low,0.8138762507605144,True,True,True,True
2018-09-04,27849.3,27454.05,1.7312822943485167,-1.4192457261044233,0.9531657887271878,-1.4804680907599121,0.06724496118379886,0.1599687723445653,-0.07697458928687118,0.2877501184531863,0.22891768448394112,137.8932040732834,0.49514064652714224,0.0059492680721861535,False,False,0.14817825268349516,0.540842552016923,low,0.8612222326338304,True,True,True,False
2018-09-05,27427.9,27371.0,1.3402411413195998,-0.20745299494311364,0.605405444820782,-0.591550939007357,0.4931112957145656,0.3685049176724853,0.8528290219519619,0.6730079789038589,0.5721716514954513,140.1902005698539,0.5111226181000146,0.006327572645991021,False,False,-0.16299963029133835,0.5752338769082745,low,0.8997034941176347,True,True,False,False
2018-09-06,27353.85,27424.15,1.1183069293719219,0.2570022135823802,0.6680960815387963,0.4737907095345051,-0.1988469424326289,-0.3299466562013964,-0.09615664792098633,0.5581540890972619,0.5574208927455394,147.26807041227767,0.5383815090463597,0.006525400486520432,True,False,0.34068905045485653,0.5932182260473119,low,0.926438082029476,True,True,False,False
2018-09-07,27282.5,27460.45,1.0032071840923695,0.6522496105562103,0.7502978099514368,0.26500503986071067,0.3944463128957354,-0.1383598629128291,0.30094630080752527,0.5916694693435834,0.17908602492659292,146.2723964111774,0.536140003339787,0.006686654119198433,False,False,0.055060959045216684,0.6078776471998575,mid,0.9562107659197376,True,False,True,True
2018-09-10,27353.3,27209.25,0.9539982378725812,-0.5266275001553744,0.5255307403494277,-0.6761524203661051,0.03846387432435705,-0.1542937753482576,-0.16969696969697523,0.3161767276996867,0.23015488156116448,151.1979691809429,0.5527595177947191,0.00670612443010427,False,False,-0.2376144600689356,0.6096476754640245,mid,0.9590661699095856,True,False,False,False
2018-09-11,27232.4,26787.4,2.0027614165479406,-1.6340829306267568,0.5868010164363011,-1.03534760065217,-0.5354270522384574,-0.05946588820412435,-0.76574242031614,0.6749423479014318,0.31224251643234496,149.00889274905785,0.5471750295569169,0.006757322885105431,False,False,0.3158852228561937,0.61430208046413,mid,0.9678802640835438,True,True,True,True
2018-09-12,26715.55,26869.2,1.2638706670834083,0.5751332089363848,1.0566879588853793,0.4959658326330496,0.036501719864201476,0.25981540414172777,0.1545695917423595,0.4491946342471881,0.45019738131457704,154.72272031924513,0.5791485495123444,0.007237272628932182,True,False,0.40224135227755475,0.657933875357471,mid,1.0182711150203136,True,True,False,True
2018-09-14,27096.35,27143.85,0.7908814286795058,0.1753003633330641,0.3792023648941647,0.20851516901723155,0.0003682854654352141,-0.045278434765005926,-0.059074680702264626,0.29131380315509625,0.2453502176493786,160.513861349933,0.5923818571502546,0.007422700508363167,False,False,0.7095484792997153,0.6747909553057424,mid,1.0513785248973702,True,False,False,True
2018-09-17,26861.8,26800.95,0.9649390584398555,-0.2265298676931482,0.7492051910147496,-0.019916759115168325,-0.16569576395987218,-0.10897426344574912,-0.1519397454636806,0.24072429528101377,0.20081069400771134,162.5882141238544,0.6052766907796738,0.007445438011486766,False,False,-0.5203757020466937,0.6768580010442514,mid,1.056568232802767,True,False,False,True
2018-09-18,26784.45,26436.95,1.823259391176605,-1.2973945703570577,0.6449637756235428,-0.5331451644517649,-0.785612002259628,-0.1256347862886198,-0.7828188987609397,0.8738197521549875,0.34044193216855917,160.39863874693037,0.5988498503681441,0.007480806033835319,False,False,-0.163986724351195,0.6800732758032108,mid,1.0629899738667299,True,True,True,True
2018-09-19,26498.2,26285.7,1.2825399461095415,-0.8019412639349133,0.5360741484327209,-0.648723309507826,-0.21537397963253824,-0.26519156626277907,-0.3385959554381146,0.4231509934931905,0.3927568722961075,166.58994759710913,0.6286840147523572,0.00787884559492899,True,False,0.3595346664422294,0.71625869044809,mid,1.116887245580966,True,True,True,True
2018-09-21,26341.15,25621.8,5.439967503317056,-2.730898233372503,0.9018209151840343,-3.544074575331768,1.0473244226137046,0.4933917601031679,0.07152504253500336,1.8584990317857535,0.6417419997533906,172.58597014583574,0.6551952748677857,0.00806707297904867,False,False,0.17252726767784665,0.7333702708226063,mid,1.1543632855839345,True,True,True,False
2018-09-24,25506.05,24919.3,2.8995081559081055,-2.300434602770718,1.9701208144734288,-1.7264531356286028,-0.5858603589766198,-0.7100436107032482,-0.5844721896961391,1.0332845282597334,0.8118484044937553,233.80547579408267,0.9166667351239517,0.01148769036441193,False,False,0.09074303913074733,1.0443354876738116,high,1.40026073697595,True,True,True,True
2018-09-25,24844.75,25404.15,2.9193290332967847,2.2515823262460044,1.2125298101208504,0.6051580313748417,1.5110961748502794,0.5548333914587422,1.090880114745607,1.9727866661865816,0.753384483687907,242.9103535203394,0.9777130118851646,0.012131227077288604,False,False,0.11396788834356908,1.1028388252080548,high,1.4816633661126042,True,True,True,True
2018-09-26,25482.4,25343.3,1.2789219225818518,-0.5458669513075831,0.847643864000251,-0.22368379744450717,-0.37541198958521704,-0.06904047547189318,-0.30522483518645727,0.4995004995004995,0.4556671381144849,259.5246272567929,1.0184465641258,0.012741312593603036,False,False,0.47610331382863524,1.1583011448730032,high,1.567108135332613,True,False,False,True
2018-09-27,25356.15,25092.8,1.7183208018567515,-1.0386040467500135,0.5825016810517397,-1.0841551260739601,-0.0183403937204063,0.19518295655231999,0.04069184108639323,0.41983553451283034,0.36339590375502734,260.60135463609186,1.027763894108892,0.012753198897913497,True,True,0.3898466261299749,1.1593817179921362,high,1.5690801627132767,True,False,True,True
2018-09-28,25224.15,25133.75,1.7164106620044708,-0.3583867048047251,1.344544811222584,-0.38058765112005677,0.054520527774615246,0.5567409854555283,0.3106048515799431,1.2046250917795265,1.0876847054212138,261.19618418436767,1.035500439794275,0.012948968007400627,False,False,0.17136389721355005,1.1771789097636933,high,1.613717439661088,True,False,False,False
2018-10-01,24782.55,25392.65,2.787445198335116,2.4618128481532553,1.2141607703807633,1.5048895291243314,0.9580409850728389,0.272233200605676,0.8752331075243758,1.1118840810160828,0.4868216625769144,260.7853017185771,1.052294060613525,0.013165192260656013,False,False,-0.7553588302581127,1.1968356600596375,high,1.6690339115727924,True,True,True,True
2018-10-03,25184.3,25089.55,1.7304431729291632,-0.3762264585475905,0.5797262580258336,0.029978994849955143,-0.4578861814436008,0.05386426205959971,-1.186868786375439,0.7180893820818948,0.3574991022622932,275.79768827967564,1.0951175465654222,0.013706928566258374,False,False,-0.40208485526324056,1.2460844151143975,high,1.7596451669877222,True,False,False,False
2018-10-04,24750.5,24691.45,1.574917678430736,-0.23858103876689407,0.6044322336922574,0.09615967354195121,-0.19152912493995977,-0.5149900321265277,0.1721738672478823,0.7441178963684082,0.7417063470509722,277.54510535781446,1.1213717111081167,0.013897009673332239,True,False,-1.4125402807144694,1.2633645157574762,high,1.807810045724257,True,False,False,False
2018-10-05,24727.55,24306.35,3.314521657018178,-1.7033632527282405,0.7505798188659959,1.0286097894858237,-2.5304320327917518,-1.8058235591822513,-2.0260890907847218,3.280775281303658,2.3292623666450862,275.36617090758045,1.1136007041036433,0.013920195232714719,False,False,0.2033092426730665,1.2654722938831562,high,1.8130661290153305,True,True,True,False
2018-10-08,24426.65,24624.9,2.0313878489273014,0.8116135450420003,1.2951018661994114,-0.6838842002485079,1.4557123777803493,0.5233902126234424,0.942461843214204,2.0431087074807412,1.2552788283247371,283.8965194651846,1.1622409109115848,0.014533632915462955,False,False,0.676366463907585,1.3212393559511777,high,1.8921219939251799,True,False,False,False
2018-10-09,24658.3,24530.45,1.1829688178017168,-0.5184866758860096,0.6358913631515526,0.10604948435213313,-0.5537899365795074,-0.04051682364391018,-0.387530053868701,1.1817156144860457,0.6226153100656879,291.46149808815426,1.1820015900859113,0.014704841004908329,False,False,0.31979825298782405,1.3368037277189389,high,1.9264508113659378,True,False,False,False
2018-10-10,24611.25,25316.3,3.2865051551627755,2.8647468129412434,1.1777134440550503,2.6814972827467143,0.18815885276519673,-0.09903783363616192,0.07984647341447992,0.49938269650828104,0.3639936315910961,289.0591372617164,1.1745000244267008,0.014716571228852433,False,False,0.2696648451210537,1.3378701117138574,high,1.929800090276764,True,True,True,True
2018-10-11,24692.25,24818.7,1.6958762364709574,0.5121040002429966,0.7261387682370092,0.11096599135356211,0.41647029792086787,0.2028471259287068,0.26396308152156767,0.8845189960213748,0.47512650192653133,303.60275365458256,1.2295467349252602,0.015404621192550033,True,False,-3.0594913158715875,1.4004201084136394,high,2.04434940978045,True,False,False,True
2018-10-12,25199.7,25348.7,1.9095465422207434,0.5912768802803114,1.8516093445556832,0.5837371079814302,0.06075717644831169,-0.1413491560392277,-0.24543158987750946,0.5061782946959889,0.46460168280304437,312.498301614105,1.2400873883978976,0.015542249913378587,False,False,0.7383545471761233,1.4129318103071442,high,2.082036255223803,True,False,False,True
2018-10-15,25273.2,25393.2,1.2436098317585398,0.474811262523156,1.1710032761977143,-0.07775034423816995,0.6341682654517955,0.13850279074258953,0.4478190068141208,0.7294024008505764,0.23661714321739927,313.6907322281277,1.2411991050920645,0.01551184372998259,False,False,0.37595616343244487,1.410167611816599,high,2.078361073014367,True,False,False,False
2018-10-16,25372.3,25543.1,1.394237022264438,0.6731750767569267,1.1644588783831213,1.0123244640809048,-0.27332158889390445,-0.20518006454095516,-0.1353846153846261,0.30492622658184704,0.24051554663601207,314.8936708949441,1.2410923365045505,0.015508085394379367,False,False,0.08269930532582848,1.4098259449435788,high,2.077352619985465,True,False,False,False
2018-10-17,25881.85,25185.35,3.063536802817424,-2.6910750197532196,1.0949758228256536,-1.7717048819925862,-0.9705663702194389,-0.7572338299436598,-1.164363260923762,1.293498483674419,1.120280346017627,322.5637440122682,1.2462932286999122,0.015598903627325704,True,False,1.158825671120578,1.4180821479387002,high,2.1073521273194586,True,True,True,True
2018-10-19,24948.9,25097.7,1.402266232178567,0.5964190806007519,1.402266232178567,0.35252055200829524,0.28158494379284527,0.2077404780625125,0.4073103917138221,0.49546967769508915,0.38973789976572404,324.48947909760864,1.3006163762635172,0.01619831164204037,False,False,-0.8689575487336842,1.4725737856400334,high,2.212787015630673,True,False,False,True
2018-10-22,25365.45,25113.85,1.841875464460519,-0.9919003999534937,1.361891864721504,-0.5004839259701743,-0.5422271529607503,-0.031263067763187546,-0.5863436001219746,0.9451829546129892,0.45341404647642747,327.2817334758438,1.2902658280292436,0.01610275903030174,False,False,1.5401809727584537,1.4638871845728854,high,2.191594407609549,True,False,False,True
2018-10-23,24922.1,25029.55,1.3459941176706502,0.4311434429682848,1.272364688368952,-0.346078380232806,0.7883764799674786,0.6576698662141611,0.6360195308652505,0.8131390711411155,0.6926544448510341,322.90777501671073,1.295668402809999,0.01622192441513496,False,False,-1.3018712781990738,1.4747204013759052,high,2.2192135632464547,True,False,False,False
2018-10-24,25245.75,25081.5,2.0409375835536676,-0.6506045572026942,0.8054821108503498,-1.1768317439568965,0.6483316732568634,0.30338193968710847,0.7937734444147804,1.1074747531429527,0.45916726750536596,286.664095549766,1.1354944715437885,0.014128065232291685,False,False,1.1312628473144848,1.2843695665719712,high,2.0147776473393444,True,False,False,False
2018-10-25,24957.45,24845.85,1.0942624346638066,-0.44716106813798007,0.6018243049670569,-0.6609248941698787,0.23636180296460196,0.25091875799247987,0.4015885777542527,0.5416960774427868,0.35882996018379487,276.8939619032699,1.1094641556059208,0.013788248011152159,True,True,-0.956880569343943,1.2534770919229232,high,1.9723650015141512,False,False,False,False
2018-10-26,24727.9,24359.8,1.6663364054367709,-1.4886019435536468,0.7534000056616181,-0.9721812204028679,-0.40918836140888537,-0.41040844828853507,-0.6930672910516189,0.7522205206738161,0.54884473084557,261.3919121188792,1.0570728291479632,0.013207801558199322,False,False,-0.29783645960995697,1.2007092325635746,high,1.8819694001052434,True,False,True,True
2018-10-29,24508.65,24975.7,2.4929973703161945,1.9056537181770583,0.9821022373733385,1.1310292488570184,0.7923875921140633,0.3488596286864265,0.5613296407812385,0.9656719458884749,0.6113579215437419,260.1940734047239,1.0616418015872922,0.01330347042001393,False,False,1.1828914851517824,1.2094064018194481,high,1.901299277342688,True,True,True,True
2018-10-30,24907.05,24807.2,1.7382628613183848,-0.4008905109195937,0.8937228615994355,-0.5187286330577079,0.18988733889342413,0.17492852545544224,-0.37022693205281954,0.6279802323446084,0.3716474554658548,269.4511719068887,1.0818269201165482,0.013557757371211131,False,False,-0.20399828633431705,1.23252339738283,high,1.9396188829846523,True,False,False,False
2018-10-31,24841.9,25086.15,2.702691823089222,0.9832178698086613,1.1945543617839216,0.9335034759821115,0.13121266022702027,-0.167800579747035,0.5329628087260341,0.6169786789397727,0.377551304430813,270.6660907420264,1.089554706934761,0.013562252759536321,False,False,0.06691605662871858,1.2329320690487564,high,1.940348121472318,True,True,False,True
2018-11-01,25193.75,25336.8,1.0802282312081282,0.5677995534606683,0.6182088811709253,0.6793351525676172,-0.11787943181326144,-0.0855789594071843,0.11064132453471043,0.4269679754306119,0.287695165380356,272.2090934250391,1.0804627871001304,0.013537744449493785,True,False,0.7934657171387416,1.2307040408630712,high,1.937110516209246,False,False,False,False
2018-11-02,25520.5,25723.4,1.388099762935679,0.7950471189827946,0.5916811974687016,0.7166787484571335,-0.041823260735929235,-0.17251394390576102,-0.2531267167096507,0.4427429834185332,0.38485374197897304,273.0377618366456,1.069876224355501,0.01339029208316438,False,False,0.8231110479618442,1.2172992802876708,high,1.9047679185178072,True,False,False,False
2018-11-05,25603.4,25747.55,0.9807291219135043,0.5630111625799517,0.7684526273854253,0.27476819484910653,0.26934125322557456,0.28027790167486355,0.20650178961731935,0.5842543453916939,0.5126417214789565,272.55788538403976,1.0645378558474254,0.013342327428108772,False,False,0.03168321450506273,1.2129388571007973,high,1.8953106392969292,False,False,False,True
2018-11-06,25822.05,25601.8,1.14727529378961,-0.8529531931043444,0.42676704599362597,-0.9518996361636667,0.09755143932359545,-0.1328249188129571,-0.1164603088831706,0.3962660671521374,0.3438624550179843,257.8265477601144,0.9984743572261475,0.012490243702316394,True,False,-0.0005825797017466883,1.1354767002105812,high,1.778471243387895,True,False,False,False
2018-11-09,25603.85,25766.5,0.8684240846591375,0.6352560259492268,0.610064502018254,0.5249210567942031,0.045069109205164715,-0.16361630812595784,0.009903951093903629,0.33432731440559976,0.29408286661974736,250.15660067305907,0.9770272856350083,0.012245294972373486,False,False,0.5497660320758602,1.113208633852135,high,1.7346149750865627,False,False,False,True
2018-11-12,25832.25,25532.6,1.5921958017594398,-1.1599841283666756,0.6712539558110557,-0.8257120459890244,-0.412780383270972,-0.2625061815025864,-0.39567355272686067,0.5634501023656402,0.387015814873526,252.3401083445424,0.9768413837143198,0.012186643778788846,False,False,0.19269206139755912,1.1078767071626223,high,1.718762368838253,True,False,True,True
2018-11-13,25466.15,25793.4,1.6160668181095268,1.285039159825896,0.4445116360345035,0.9822843264490233,0.25975743011241725,0.20014301481448005,0.2942726719297184,0.4392155947784119,0.31420510189806383,234.45398372947056,0.9206495042614237,0.011454093448501082,False,False,-0.4331717098924437,1.0412812225910073,high,1.6339986751733733,True,False,True,True
2018-11-14,25924.5,25902.95,0.9126501957607611,-0.08312600050145447,0.7004956701189938,-0.39730756620185437,0.35571132583311904,-0.32195960695540204,0.16195458700614118,0.754797358790147,0.4081232293664033,237.06633369965311,0.9144490103942338,0.011427306554975272,False,False,0.6164367628928247,1.0388460504522974,high,1.6296285440191707,False,False,False,False
2018-11-15,25925.9,26114.55,1.2956155813298584,0.7276507276507083,0.5158933730362301,0.6476149333292103,0.13623925990080554,-0.15571205306819103,0.08139236482165302,0.4106339436954288,0.26385073041371365,231.59341479571776,0.8932897789304046,0.011156639046162362,True,False,0.16696939923830367,1.0142399132874873,high,1.578979502936479,True,False,False,True
2018-11-16,26181.95,26247.0,0.7997876399580544,0.24845361021619272,0.6624793034896067,0.22630094397093625,-0.0032391811350174216,0.04060282809181803,-0.10373996863055623,0.4332881118241571,0.14620830585177177,233.8378981977021,0.8931263645286242,0.011168624100083506,False,False,0.34769888816770234,1.015329463643955,high,1.58194651072278,False,False,False,False
2018-11-19,26303.25,26338.25,0.6470683280583226,0.13306340471235245,0.6236871869445764,-0.2408447625293353,0.342036364467857,0.14205679989960363,-0.0664208462774929,0.49237992522837626,0.2803102048888866,231.74989716592427,0.8810694388181091,0.011042614852273593,False,False,0.4480512058520958,1.0038740774794175,high,1.5523032660464042,False,False,False,False
2018-11-20,26203.3,26078.95,0.8145920551991571,-0.47455854796913943,0.4459361988757086,-0.4453637518938458,0.07915941517868674,0.07091179148099869,-0.0344613028287033,0.410555610926691,0.32542762685065957,210.9104082933627,0.8049001778148657,0.010087819563810123,False,False,-0.48123926228963443,0.9170745058009202,high,1.431151130035858,True,False,False,False
2018-11-21,26111.8,26256.55,1.063120887874442,0.5543470768005321,0.4467328947065994,0.7441080277881928,-0.17410410513151175,-0.0759125198580679,-0.12835603492045156,0.3886931168056078,0.2011015876941893,207.44224487418433,0.79443870156092,0.009948837783199709,False,False,0.10161452052326325,0.9044397984727007,high,1.4018041053489707,True,False,False,False
2018-11-22,26279.6,26004.3,1.4145953515274206,-1.0475806328863468,0.43969466810757885,-0.5521393019680576,-0.5198109778262405,-0.23024984026417394,-0.4743028532819271,0.7377221680154696,0.49311840789910444,203.98186932548379,0.7761985316575739,0.009693428089503343,True,False,-0.08721633268650164,0.8812207354093947,high,1.3633086202225948,True,False,True,True
2018-11-26,26098.95,26390.8,1.40522894599208,1.118244220552933,0.34484145913916076,0.8082700645045238,0.2333722287047868,0.1810159305415393,0.17854225943330082,0.35823017191247397,0.25813289570405595,202.36603389518132,0.775379982317991,0.00971770641779382,False,False,0.35263398745593033,0.8834278561630745,high,1.3664954840048247,True,False,True,True
2018-11-27,26327.95,26427.6,0.8422607912883456,0.3784950974154766,0.4588279755924898,0.3148744964951655,0.10658498306568287,-0.09937540855383675,0.1803617845206995,0.34985621439672643,0.29755944576483173,199.886440630813,0.7592176399256798,0.009460909077884527,False,False,-0.39672916319323237,0.8600826434440477,mid,1.334987900335608,True,False,False,True
2018-11-28,26486.3,26446.45,0.6199431404159776,-0.15045514095965995,0.33621155087724325,0.04813809403352298,-0.24208415018650564,-0.17710276491778032,0.019864054196716552,0.45435591087226834,0.2707519881578937,199.06017010618052,0.7515589950509528,0.00940277844720252,False,False,0.234792413991447,0.8547980406547745,mid,1.3221994876185592,False,False,False,False
2018-11-29,26602.4,26943.7,1.5897061919225248,1.2829669503503505,0.2309941960123789,1.3173623432472192,0.009089947816276478,0.008347849315759603,0.015027132322242842,0.28512754680860164,0.2851254310736714,193.50352465880496,0.7273912303356275,0.0091164935143174,True,True,0.737906221818041,0.828772137665218,mid,1.270023724303087,True,True,True,True
2018-11-30,26935.3,26845.85,0.9184972879455503,-0.3320920873352118,0.49229078569757356,-0.5830638604359284,0.37044989870511635,0.03144888161077386,0.16546758568258824,0.4673569034571021,0.19743942833748662,188.379946567773,0.6993794261351202,0.008672230421170029,False,False,0.24347064434357968,0.7883845837427298,mid,1.2254466814476954,True,False,False,False
2018-12-03,26982.1,26852.25,0.8941112811827101,-0.48124497351947904,0.6304179437479003,-0.5331312240337005,0.058498598082956654,-0.02922365589795861,0.012662682887309984,0.22430672640726237,0.1401618655488382,181.33471834383454,0.6720556159225358,0.008394015637947188,False,False,0.6967557369202515,0.7630923307224715,mid,1.1843942982551865,True,False,False,False
2018-12-04,26802.6,26710.0,0.6506831426801931,-0.34548887048271304,0.42757045958228757,-0.37832150612253646,0.01947478015968951,-0.010670460608208643,0.031463030938660985,0.16366305634202616,0.16043131124984245,160.4683512454194,0.5987044213823264,0.007503401619891138,False,False,-0.1592045359327443,0.6821274199901034,mid,1.0937827289402937,True,False,False,False
2018-12-05,26603.45,26542.9,0.6884445438467622,-0.2276020591314265,0.3514581755373833,0.027440050068694433,-0.25346899279427015,0.2617662612374394,-0.0630646403150581,0.6882556861418843,0.3042607841655937,157.00051047993293,0.5901509408739578,0.007395804579762664,False,False,-0.5162860351928145,0.6723458708875149,mid,1.0724924463955,True,False,False,False
2018-12-06,26333.45,26203.3,0.793097752098575,-0.49423831666569606,0.6318959346382698,-0.5680987489296019,0.08593083140944202,0.08382853913015964,-0.004006501980369226,0.2629483441128871,0.15238080689265918,153.1650876085805,0.5816369963243726,0.007182209319891381,True,False,-0.7678136149403492,0.6529281199901255,mid,1.0376178128601885,True,False,False,False
2018-12-07,26328.45,26642.9,1.5223076178050712,1.1943354052365462,0.4960413545043424,0.18003338593801654,0.9254678048290499,0.4513147939555706,0.8377274724608696,0.9914372427808014,0.5550870082848045,151.47287155151753,0.5753201253834446,0.007132697857129329,False,False,0.3972782054168844,0.648427077920848,mid,1.0284719526644508,True,True,True,True
2018-12-10,26259.7,26099.35,0.9903007269694598,-0.6106314999790641,0.7751421379528299,-0.5201887302596853,-0.09015009704054222,0.025294188660152095,-0.1541707393118097,0.26585665560366395,0.17878392439336224,156.00726880653565,0.594093873146059,0.007279237028804485,False,False,-2.13659173738594,0.6617488208004076,mid,1.0471181569569303,True,False,True,True
2018-12-11,25811.45,26222.55,2.4181128917592827,1.5927040131414438,0.8788735231844724,1.0464348186560501,0.45376904363430004,0.35180720122720555,0.6389831582707783,0.6922518025194166,0.6915491582098353,150.88567750175025,0.584568776654354,0.007314671843819554,False,False,-1.9046451348405213,0.6649701676199594,mid,1.05379925840553,True,True,True,True
2018-12-12,26227.9,26623.35,1.7153489223307918,1.507745568650165,0.9756785712923939,1.3050987688682625,0.2852820076627127,0.03604090642879143,0.3646060898256698,0.45276286968106855,0.19353215900046278,164.30675376087675,0.6264579084138522,0.007783025030441744,False,False,0.24292069230491542,0.7075477300401585,mid,1.0960334039898247,True,True,True,True
2018-12-13,26806.75,26820.95,0.8359834743115019,0.052971732865803034,0.5677674466319145,-0.20405308364498387,0.2541861277920665,0.34270599305235017,-0.056455699976154516,0.45772193159027846,0.45756487937010665,167.45449659171936,0.6246728775092816,0.007826067791464856,True,False,0.8293471708106015,0.7114607083149869,mid,1.1006667934036718,True,False,False,False
2018-12-14,26768.7,26803.65,0.6500128881865761,0.1305629335754066,0.642728260991379,0.07452733976622827,0.14857038335265305,0.11885836262810479,0.22582934847579228,0.3217780664572523,0.3045162445981899,168.70995674591177,0.6302508405186347,0.007807131838771865,False,False,-0.03765712996743886,0.7097392580701695,mid,1.0968242785906102,True,False,False,True
2018-12-17,26940.25,27006.2,0.5202253134250849,0.2448009947940477,0.3678510778481957,0.11729661009083348,0.13958997992351563,-0.07085074541274272,0.2535150624322524,0.3140311102130582,0.23808070325377767,167.04813880682377,0.6200690001274071,0.007631237180392845,False,False,0.41710737157065747,0.6937488345811677,mid,1.0645437325823575,False,False,False,True
2018-12-18,26870.75,27191.85,1.3617037112845807,1.1949796712038108,0.19817087353348903,0.6974126140878223,0.4761966357640812,0.1536177533495664,0.6141508194537293,0.5741338561579493,0.2831060993984306,164.24143880587872,0.6112275943391186,0.007578495192262041,False,False,-0.3291836689352845,0.6889541083874582,mid,1.0506252915527443,True,True,True,True
2018-12-19,27273.7,27281.05,0.5442972533979648,0.026949038817614124,0.40551886982698415,0.15747771662810717,-0.09755954701620162,-0.08786702789778111,-0.1405131657909009,0.2597317020937806,0.1953210807644378,170.6698013158857,0.6257669524702761,0.0077794352240468725,False,False,0.136805697295328,0.707221384004261,mid,1.0863146020430112,False,False,False,False
2018-12-20,27117.75,27296.85,0.7834352038793806,0.6604530243106366,0.6256050004148495,0.4886098588562815,0.13082448784873524,0.11300637311917328,0.11870013264327905,0.3781616682415864,0.27921379851845046,167.73931808727139,0.6185591285680833,0.007727322535007566,True,False,-0.5586295248899753,0.7024838668188695,mid,1.0728572305288022,True,False,True,True
2018-12-21,27226.8,26897.35,1.9967458533503808,-1.2100210087120034,0.6798448587421297,-1.3622607137085407,0.0869455129040464,0.010045932234614696,-0.19753123091289515,0.30160970215111016,0.26361270326734104,167.57897978213077,0.615492748990446,0.0076546118485794935,False,False,-0.1304179786312254,0.6958738044163175,mid,1.0588442776358915,True,True,True,False
2018-12-24,26884.15,26721.5,0.9500021388066864,-0.6050033197999571,0.6555907477082221,-0.5771058411740748,-0.0692132141120183,-0.010107362652178598,-0.43537739541437137,0.31969022410116626,0.24351257056436246,170.72648572821527,0.6350451315299731,0.007934906323026713,False,False,-0.07547211900056361,0.7213551202751556,mid,1.0877017505541486,True,False,False,True
2018-12-26,26579.8,27011.85,2.318866206668216,1.6254825092739678,0.8529033326059667,1.146359265306729,0.4629061355055919,0.0889384638474322,0.5637148585779572,0.5302311740966092,0.24736010257569496,166.0372010076917,0.6246743805735622,0.007789161163269425,False,False,-0.3274516774881664,0.7081055602972204,mid,1.0649450154579827,True,True,True,True
2018-12-27,27215.15,26897.1,1.4416602517347954,-1.1686505494182597,1.0714620349327568,-0.8618361464111102,-0.36452117447350885,-0.13095569796600648,-0.6884360476714702,0.5893123207045062,0.5557722671124814,182.98836873095934,0.672376851610075,0.008410940083442519,True,True,0.6989524967745853,0.7646309166765927,mid,1.1384722944071721,True,True,True,True
2018-12-28,27075.45,27120.75,0.6193802873082468,0.16731023861098482,0.5715509806854548,0.25724410859282454,-0.07330973177478439,-0.06539451312402855,-0.03169478657614189,0.30392225484525753,0.19673616906046623,187.5744708031907,0.6927843149539185,0.00863131711207144,False,False,0.5625141743905493,0.7846651920064944,mid,1.1796004957003903,False,False,False,False
2018-12-31,27273.7,27159.75,0.6597931340448884,-0.41780176507038025,0.5158816002229281,-0.3917693602261574,-0.00773000918398159,-0.040661176487899464,-0.001656531150151519,0.20337286067394636,0.14498193245461571,183.22857113466125,0.6718141327896884,0.008360412018766916,False,False,0.54220476941087,0.7600374562515377,mid,1.1312321246572057,False,False,False,True
2019-01-01,27183.45,27411.15,1.4983381432452438,0.8376420211562596,0.7385008157537031,0.03936218544740022,0.7873016806923427,0.2285547114268205,1.2192509814204167,0.9158219690631966,0.3759267893548331,180.70834260526135,0.6647733919177343,0.008306900077824923,False,False,0.2638094975101035,0.7551727343477201,mid,1.1184298798213912,True,True,True,True
2019-01-02,27219.4,27155.85,1.1710397731030073,-0.23347318456690136,0.5602621659551643,-0.32495205625400203,0.07869241585716225,-0.15242472994714262,0.043846074486730835,0.4159456266736041,0.3035623994484134,185.03859157652732,0.6798040793571031,0.008493235033292669,False,False,-0.4164363771676949,0.7721122757538789,mid,1.1485933169411622,True,False,False,False
2019-01-03,27141.75,26930.55,0.9728554717363445,-0.7781370029567025,0.49996776184291997,-0.5364429338565069,-0.1946573863310208,-0.14805316572504834,-0.16544236843811788,0.3231942332517785,0.23088140737597268,189.36157610276496,0.6976763698094816,0.008613640822568444,True,False,0.09482303076500109,0.7830582565971312,mid,1.1744530700426674,True,False,True,True
2019-01-04,27032.9,27202.55,1.2841759485663684,0.6275686293368388,0.5844729940183997,0.2865027429539424,0.32146394273773193,-0.07458354459214389,0.48120884094247085,0.43249164986803934,0.25259205372954463,188.81023930320953,0.6984461130815026,0.00867373524583507,False,False,0.25677158468728756,0.7885213859850063,mid,1.188561691305788,True,False,False,True
2019-01-07,27414.75,27296.85,0.7092897071831795,-0.4300604601537583,0.3319380990160406,0.012219699249493843,-0.3922591280942078,0.055137293693086065,-0.47357008800860134,0.537783435030147,0.16303053616896557,192.78887273768487,0.7032304607471703,0.008799634973659659,False,False,0.6473657800463606,0.7999668157872416,mid,1.213203061415671,True,False,False,False
2019-01-08,27204.45,27499.05,1.3749588762132638,1.082911067858383,0.6522829904666225,0.9974471088369574,0.17105962337766734,0.17725785376045966,0.1725179615219341,0.3745113882034425,0.27425830145483265,186.13983279943932,0.6842256792526197,0.008574664429563627,False,False,0.018500303148538677,0.7795149481421478,mid,1.172538023318253,True,True,True,True
2019-01-09,27666.35,27711.2,1.2305562533547099,0.16211028921415682,0.36524514437213174,-0.4843428930813021,0.6973614675100492,0.17759582586573952,0.8266341298430069,0.9103836032885004,0.35175897554490004,193.74379912585027,0.700286807352073,0.00868657878328822,False,False,0.5534736654539074,0.7896889802989291,mid,1.1911722280655113,True,False,False,False
2019-01-10,27606.1,27526.25,0.8045323316223535,-0.28924766627664855,0.5623757068184205,-0.31098199311021535,0.0027252659405396784,-0.16469324975332267,-0.10453796397795756,0.2945104059737803,0.2940173544605,179.1541254093754,0.6489657192047243,0.008131497508971179,True,False,0.008480325644488751,0.739227046270107,mid,1.1308400567264747,True,False,False,False
2019-01-11,27595.9,27420.4,0.8276591812551917,-0.6359640381361054,0.336100652633181,-0.4917397149576619,-0.10506114303611147,-0.19174757723116054,-0.06320882227573987,0.35742638436718527,0.35711621831570606,172.3197619259663,0.624439724473441,0.007824219617941178,False,False,0.2780981790109438,0.7112926925401071,mid,1.0853336478364188,True,False,True,True
2019-01-14,27285.35,27252.2,0.758465623493929,-0.12149376863407335,0.6098510739279558,0.04342989919499107,-0.21339184971352898,-0.09481089169918189,-0.18011514176508037,0.2615652887475692,0.1744006924679547,170.76162282926998,0.625836292476622,0.00782320203218869,False,False,-0.11378389811964595,0.7112001847444263,mid,1.084965324239149,True,False,False,False
2019-01-15,27358.25,27388.9,0.47316622956512466,0.11203201959191222,0.39677245437847547,0.1412736560269856,0.06387583996729784,0.10096123125233891,0.14520733598419877,0.1894374911030133,0.13820551909225645,174.5976201154681,0.6381900162308192,0.007844706970184334,False,False,0.23979715399122803,0.7131551791076666,mid,1.09029526462213,False,False,False,True
2019-01-16,27452.45,27451.85,0.5431209236334045,-0.002185597278214768,0.5316465379228341,0.2327661101285905,-0.20823982832025578,-0.20570111918127854,-0.04895804895804767,0.3123597424803825,0.2723904396225447,176.007960619203,0.6411375327856094,0.007838262464893678,False,False,0.06115616180277783,0.7125693149903344,mid,1.0879535917045629,False,False,False,False
2019-01-17,27557.2,27495.35,0.9991944029146594,-0.22444225102695725,0.3304036694584329,-0.13063736518950098,-0.010537331221027735,-0.27469640249183636,0.3674653643378045,0.4342107175559205,0.4017163089211179,171.16227841487307,0.6211163631097247,0.007621046963935684,True,False,0.4252900988457986,0.6928224512668802,mid,1.0471885706297448,True,False,False,True
2019-01-18,27556.95,27465.1,0.5827930884949116,-0.33330974581731176,0.5129377525451784,-0.2104732200043924,-0.13055043919859566,0.02440236957934605,-0.20657778552974904,0.2698284843603013,0.1433183944697622,173.37393187010275,0.6291477535434898,0.007721817237746976,False,False,0.19894273031622056,0.701983385249725,mid,1.0698681423298786,False,False,False,True
2019-01-21,27409.9,27523.7,0.8469567565003938,0.41517845741867454,0.7792804789510438,0.5249927945742083,-0.12811300074762055,-0.22316855843262928,-0.13826088849857587,0.2897966886599981,0.28643892958859757,168.1980880521769,0.613639918613993,0.007683753553001786,False,False,0.1800466774197096,0.6985230502728895,mid,1.0598590734745152,True,False,False,False
2019-01-22,27462.25,27470.55,0.5110651894873819,0.030223306538967876,0.3719651521634164,0.0826589227029828,-0.02965259169109835,-0.018921475875122162,-0.14173674761409627,0.162452542209469,0.11825922421948912,160.692709092109,0.5851403621047402,0.0071979456740258385,False,False,0.010354712484139661,0.6543586976387126,low,1.0023347153137556,False,False,False,False
2019-01-23,27464.95,27229.55,1.3185896934092283,-0.8570924032266669,0.3833977487670623,-0.26342665834091505,-0.5819089827179491,-0.43178934822110104,-0.9725224676507715,0.7909070332863541,0.5857125621085546,158.17643353222593,0.5759210686064454,0.007099263199503037,False,False,0.08208790868766691,0.6453875635911852,low,0.9803156294012748,True,True,True,True
2019-01-24,27221.3,27297.95,0.7236979865032163,0.28158096784502984,0.386462071980387,0.047940399613533025,0.331750161101696,0.5451390997017747,0.43390127046145643,0.6829610400101344,0.6844135845057595,142.72502662680563,0.5243137786468891,0.006526999241819759,True,False,0.1614055318578611,0.5933635674381599,low,0.9304702427922432,True,False,False,True
2019-01-25,27351.5,27119.2,1.4105259309361569,-0.8493135659835782,0.6213553187210965,-0.4990585525473934,-0.36193275767040234,0.16215657158900054,-0.334100281541061,0.7356237369097951,0.42977032128425857,142.11077606336767,0.5195721480115082,0.006256958927652973,False,False,-0.1337096741696686,0.568814447968452,low,0.8944644479078938,True,True,True,True
2019-01-28,27009.1,26710.25,2.0128401168494983,-1.1064789274725872,1.1605347827213819,-1.3821267646830115,0.17194903100339332,-0.06554528055252584,0.20317341094733266,0.6262248552699723,0.3760426381413524,140.972031656509,0.5219427217364111,0.006534008118356694,False,False,-0.28669724770642446,0.5940007380324267,low,0.934223721649777,True,True,True,False
2019-01-29,26587.35,26680.5,1.1242188484373128,0.3503545859214974,0.592763099744798,-0.2480502945949703,0.538621641391468,0.6211402792112297,0.5917215569991807,0.8315926006922684,0.6364234999330235,151.3888147354519,0.5694016693482122,0.0071188230764292525,False,False,-0.35192482286762194,0.6471657342208411,low,1.0017485335401382,True,False,False,False
2019-01-30,26783.25,26831.45,0.8212222191108275,0.17996322328321934,0.3703807416949053,0.44841458747537644,-0.24197730022468278,0.23735093203658408,-0.018440424390542276,0.6580964824083219,0.3475295708261877,149.54713810422254,0.5583606847720965,0.006967810692426682,False,False,0.4094750847997597,0.6334373356751528,low,0.9831134511046017,True,False,False,False
2019-01-31,26927.8,27250.25,1.5987195389151732,1.1974613596357653,0.3613366112344836,1.1014639146161187,0.185862682005844,-0.028223013118200413,0.437839012229313,0.47383964384890026,0.24429400315950334,148.9353000534502,0.5530912293371542,0.006857923081640068,True,True,0.5132037217518981,0.6234475528763698,low,0.965779062526075,True,True,True,True
2019-02-01,27259.05,27060.2,2.2009204282614427,-0.7294825021414875,0.5365190643107518,-0.9213453880454248,0.17143132194654687,-0.24207361028913965,-0.33009379674179273,0.9660136478585813,0.5342949905696435,158.04805041021973,0.5798002880152453,0.0071032524603503,False,False,0.3093549600462264,0.645750223668209,low,0.9970210188613468,True,True,True,False
2019-02-04,26925.65,27180.2,1.5392386070531285,0.9453810771513416,0.5448336437560495,0.7892102883310104,0.11257215396038855,-0.20038018972752258,0.3231023736023575,0.44494558398416983,0.21470617946057405,164.06831691386105,0.6093383703415184,0.007580748562764782,False,False,-0.31854901294151583,0.6891589602513437,mid,1.042475333875203,True,True,True,True
2019-02-05,27191.0,27275.15,0.7129197160825353,0.30947740061049167,0.43507042771506343,0.2649773822220647,-0.0476835863925662,-0.020362787830752183,-0.08250053625348253,0.24447007946653607,0.18840164956927086,170.31181009817374,0.6263536100113042,0.007841917623966002,False,False,0.16868897211941292,0.7129016021787274,mid,1.0837880656190673,True,False,False,False
2019-02-06,27314.15,27405.7,0.4920526540273135,0.3351742594955409,0.3075329087670676,0.11459261957629252,0.28213103093932546,0.10367158011548305,0.23228145714122572,0.3185173401790738,0.18343298946492323,167.054176499616,0.611603057388262,0.007649768791393916,False,False,0.18716670669087776,0.695433526490356,mid,1.050885603420435,False,False,False,True
2019-02-07,27402.05,27344.7,0.9634315680761112,-0.20929091071653083,0.3507036882277136,0.36949790252918113,-0.565204902684413,-0.48270591874238766,-0.5360925978123543,0.7277308541156933,0.6202580011280753,163.20646591075456,0.5955994748960555,0.00746465407667609,True,False,0.06713931773316695,0.6786049160614627,mid,1.0139159748971223,True,False,False,False
2019-02-08,27287.45,27261.5,0.9555674861520589,-0.09509866257199073,0.2517640893524339,0.4927173480849367,-0.5736291066629318,-0.5961039955374225,-0.5598491507434855,0.8305405533533415,0.7224342918393963,163.7454292544462,0.600075966257185,0.007505044244128193,False,False,-0.15377751447264165,0.6822767494661993,mid,1.0219781701938206,True,False,False,False
2019-02-11,27217.6,27259.95,0.5654429486802711,0.15559784845100566,0.3508759038269355,-0.023330492034556727,0.12127337038907449,0.03873876851105962,0.02570009821107888,0.24603794386513198,0.20287364552007253,164.22192243804056,0.6033666540695748,0.0075368023188627595,False,False,-0.07703171138785381,0.6851638471693418,mid,1.028357330832216,False,False,False,False
2019-02-12,27242.05,26996.15,1.0900427831238866,-0.9026486626373509,0.43884362593857396,-0.01872105807014801,-0.8460932666836785,-0.007034848417530881,-0.8118615152666986,0.9261315969666207,0.16754046889115978,166.33014197126067,0.6105639699334693,0.007499681097360143,False,False,-0.3413432526471971,0.6817891906691038,mid,1.018826221275572,True,False,True,True
2019-02-13,27094.7,26842.9,0.9701159267310661,-0.9293330429936408,0.35394376021879353,-0.22587443300720045,-0.6523387648658119,-0.4176894155685118,-0.6604230702367597,0.6933989309560388,0.4662622637171948,165.23576893422614,0.6098453532765675,0.007640045644602214,False,False,0.2692976591106344,0.6945496040547467,mid,1.049785566462508,True,False,True,True
2019-02-14,26939.6,26992.8,0.7789647953198955,0.1974788044365905,0.6813389953822598,0.22569006221326848,-0.10592435667620137,0.08664691290221072,-0.04761966525413941,0.35592065302735715,0.17570583836917722,169.09296126821027,0.6276743577046812,0.0077330426193520044,True,False,0.5032988238975689,0.7030038744865458,mid,1.0711352645485168,True,False,False,False
2019-02-15,26891.5,26792.9,1.432051019838977,-0.36665860959782526,0.7476340107468875,-0.2723909041890571,-0.13908439215831736,0.19660735397555307,-0.1470895288660845,0.7204049481230159,0.5047066042112563,164.88172617496457,0.6131369621440402,0.007676832587016489,False,False,0.09039447556384861,0.6978938715469535,mid,1.060089004984763,True,True,False,True
2019-02-18,26800.2,26633.7,0.786747860090591,-0.6212640204177555,0.36193759748061577,-0.26716218535682845,-0.34120754547561916,-0.15574076191153807,-0.40511109241654353,0.45962003247457234,0.2659400013868639,169.300652716247,0.6317141391342116,0.007917409317848649,False,False,-0.14294831839779532,0.7197644834407863,mid,1.1022114659971676,True,False,False,True
2019-02-19,26719.65,26656.5,1.3800704724799913,-0.2363429161684416,0.9264717165082599,0.7451444910393512,-0.9235198514046861,-0.1865643712574805,-0.7760777565920973,1.198421174831664,0.4504116766467011,169.19545787830248,0.6332248284625827,0.00790502776812013,False,False,0.12333997904909744,0.7186388880109209,mid,1.0994291345875609,True,True,False,False
2019-02-20,26769.25,26966.75,0.9333470306414956,0.7377868263025666,0.7004305312999057,0.06742811247979486,0.6835328681875419,0.3217539121928015,0.6993215871202496,0.7503555789497263,0.4244175882219415,175.41057711368376,0.6552689265245898,0.008126932393196921,False,False,0.48581021514453315,0.7388120357451746,mid,1.1430764931429465,True,False,True,True
2019-02-21,27019.05,27060.75,0.43210253506322394,0.15433555213821837,0.3664081453641042,0.254635155566163,-0.12976297491309463,-0.066861710773225,-0.037689974097387946,0.2944124395254699,0.215361200998873,173.2317441473915,0.64114668779025,0.008007395176014086,True,False,0.1038315703598025,0.7279450160012804,mid,1.1238526824208481,False,False,False,False
2019-02-22,26948.0,26859.9,0.5161793082974564,-0.3269259314234718,0.27627282173074336,-0.135631586759688,-0.14937879601434334,-0.03180827238297157,-0.12005850529018813,0.244877180530969,0.09189056466192863,175.29861511999843,0.6505069582900342,0.007961405063369727,False,False,-0.37212568018255565,0.7237640966699752,mid,1.1093616141796157,False,False,False,True
2019-02-25,26976.15,27138.65,0.9736378245227648,0.6023839576811296,0.3497533932751654,0.4246343529376917,0.21834061135370675,0.14533141279469142,0.27515803119810833,0.46694991270066855,0.34175013693980666,167.31217807699431,0.6202225969124368,0.007719392688561572,False,False,0.27662053842345546,0.7017629716874155,mid,1.0643997851269464,True,False,False,True
2019-02-26,26910.4,26947.6,1.4208261489981513,0.13823651822342242,0.8814436054462242,0.6882097627682882,-0.5181653109729956,-0.012982821871976302,-0.26363062851392227,0.8278096812766622,0.22979594713395204,156.06764002491582,0.5799528807632581,0.0072597640776400005,False,False,-1.0496100579800438,0.6599785525127273,low,1.012635891724233,True,True,False,False
2019-02-27,27110.15,26778.3,1.7299793619732828,-1.2240802798951789,0.4533357432548379,-1.0638082046761088,-0.15957198915059756,-0.08954238246162705,-0.23693725074555028,0.31280583854520233,0.2691867872752731,159.63459437057463,0.5888370015310672,0.007371867034061495,False,False,0.4842731820273505,0.6701697303692267,low,1.0276770251673468,True,True,True,True
2019-02-28,26898.05,26811.95,0.5812689023925472,-0.3200975535401218,0.3472370673710602,-0.16488184087694036,-0.1545410874479125,0.09912023788856139,-0.25779811394452956,0.4194952650845053,0.34776083462599494,165.53399123433155,0.6154126088483424,0.007712452075482438,True,True,0.37231639051023,0.7011320068620397,mid,1.0732272263036717,False,False,False,True
2019-03-01,26998.55,27022.95,0.5013232192099152,0.09037522385462182,0.3433517725951976,0.07593000364833902,0.07383679292942702,-0.0049925389279281696,0.16855909756052778,0.25333977323405926,0.199701557117419,159.35691512918493,0.5902424949828229,0.007397215902496599,False,False,0.4813152344383731,0.6724741729542362,mid,1.0224989352443874,False,False,False,True
2019-03-05,26994.45,27527.3,2.2980649726147493,1.9739242696183767,0.47268975659812357,1.6525619155048465,0.37699681675475993,-0.12654601887674977,0.6813463169283995,0.5863585095779839,0.17567778265268277,144.04362992138704,0.5336046110270334,0.006683905856141855,False,False,0.16726523196024523,0.607627805103805,low,0.937876574909421,True,True,True,True
2019-03-06,27613.75,27610.7,0.6828120048888662,-0.011045222036121238,0.3543524512244753,-0.05993390973699775,0.12283854883827772,0.08276511549989429,0.3588512401797139,0.47704114910208806,0.19975912997021344,157.44053584021822,0.5701526806037508,0.00713021040387915,False,False,0.3298543627598738,0.6482009458071954,low,0.9756429912478289,True,False,False,False
2019-03-07,27627.55,27754.7,0.9162955093737876,0.46022901053477394,0.3682917956894477,0.5914386183356823,-0.07160604441374119,-0.050386808733471344,0.01710706864075373,0.2531399610304741,0.168255950592135,158.50226028175166,0.5737108801965851,0.007124256963823064,True,False,0.18217575070533787,0.6476597239839148,low,0.9741781179318686,True,False,False,False
2019-03-08,27655.6,27759.35,0.5881268169918623,0.37515006002399875,0.327058534257079,0.16832034018428033,0.21171641912269834,0.03441286428538248,0.2323402457715673,0.4005104296958926,0.1709832890410237,163.25044548819096,0.5902979703502761,0.00721476086974401,False,False,-0.2469851953002533,0.65588735179491,low,0.9953457066240372,False,False,False,True
2019-03-11,27860.6,27973.05,0.8368448633554247,0.4036165768145805,0.8237439251128834,0.4098978485747029,-0.04843644994780849,-0.1364312513281507,0.09629721113968426,0.2641663211175824,0.24821916144781414,161.63589993134883,0.5801594363773531,0.007126437386921061,False,False,0.2908929784018799,0.647857944265551,low,0.9765867526897992,True,False,False,False
2019-03-12,28192.95,28422.65,1.1926740550385824,0.8147426927654022,0.45827059601778847,0.733694061813317,0.10299368305410894,-0.12927771347069905,0.290863807299635,0.323769885703423,0.20709025024721583,159.69619889203386,0.5664401876782453,0.007093996555482104,False,False,0.6976357601334193,0.6449087777711003,low,0.970708031295854,True,True,True,True
2019-03-13,28394.5,28893.55,1.9988025850076703,1.7575586821391376,1.060768810861261,1.5018753631865334,0.313660722495257,0.027678452497714723,0.12970191072212423,0.4078630301915768,0.3112096002712514,164.54769938642494,0.5795055358834456,0.007259753992407828,False,False,0.2028311927283255,0.6599776356734388,low,1.0021457510549083,True,True,True,True
2019-03-14,28974.15,28913.45,0.8609398377519296,-0.20949708619579788,0.441427962511416,0.13235936170690188,-0.3291684618698887,-0.02420135527589906,0.04532260352407835,0.5040930633347696,0.1842760337436014,178.33698514506068,0.6155037685145576,0.007658916102973489,True,False,0.46844364918814385,0.6962651002703171,mid,1.0471318949792079,True,False,False,False
2019-03-15,29109.6,29411.45,1.77346992057603,1.0369431390331751,1.2949336301426357,1.3224159727375229,-0.29869925121759344,-0.1744865969512288,-0.2087013178724728,0.6480858328063924,0.5000364928193988,177.33703876958316,0.609204656778462,0.007629396911780113,False,False,0.32355184178989305,0.6935815374345556,mid,1.0415455799987972,True,True,True,False
2019-03-18,29715.7,29688.3,1.4788478817594641,-0.09220714975586297,0.9750737825459269,-0.6964331986121786,0.5056127419833079,0.5672984488303889,0.6878207184773055,0.7909518363197282,0.6678387895824633,189.55935395002598,0.6379097714340431,0.007979653461297146,False,False,0.3745140072998643,0.7254230419361041,mid,1.091639919491723,True,True,False,False
2019-03-19,29681.2,29754.15,0.8444739431020235,0.24577847256850305,0.6724795493443612,0.300695389674277,-0.01595541888013141,0.04184416828414417,-0.014276140873603627,0.43314763465112915,0.25862720879230705,190.09694245745413,0.6404624558894322,0.007999439358709266,False,False,0.04816712307542659,0.7272217598826605,mid,1.0947990599408657,True,False,False,False
2019-03-20,29716.55,29859.2,0.8416185593549795,0.48003553575364233,0.4578256897250957,0.46808933069284464,-0.042370539579617006,0.04693419155854528,0.00016754375824490353,0.240657965912657,0.15085990143819772,190.3690557933005,0.6406162754199277,0.008011832368409091,True,False,0.05209357350151045,0.7283483971280992,mid,1.0975878970875235,True,False,False,False
2019-03-22,29922.5,29579.0,1.5735650430278292,-1.1479655777425046,0.38048291419501107,-0.9741833068760974,-0.13263136579932944,-0.1636291253095501,-0.2375080700488641,0.47365934325538184,0.3620083535198793,188.17538873140802,0.628875891825242,0.007848756224457994,False,False,0.20613412281642596,0.7135232931325449,mid,1.0704528379887754,True,True,True,True
2019-03-25,29310.45,29259.4,0.5876743618743485,-0.1741699632724858,0.40582795555851486,-0.4476219232389833,0.4791075850133275,0.14858815632841083,0.3297094382106902,0.5760943135961293,0.27975563225968925,188.94689419792485,0.644640031790453,0.00807295290233986,False,False,-0.8438419148720344,0.7339048093036237,mid,1.1024975226682268,False,False,False,False
2019-03-26,29364.65,29935.65,2.271268344761476,1.9445149184478705,0.7173591376025303,0.7452838702317166,1.1994862000777484,0.36255204457227297,1.4276542799984249,1.264218229756452,0.478541880376263,191.85956837938465,0.6533691645546078,0.008094620437553535,False,False,0.14012590825511761,0.7358745852321394,mid,1.1102376805176437,True,True,True,True
2019-03-27,30065.4,30014.15,1.5481250873096672,-0.17046172676897786,0.5446460050423411,-0.23016490716903926,0.027003420433246994,-0.21168719516960754,-0.05612709706324104,0.6495822804221941,0.45530207413542145,211.077764943866,0.7020620545340025,0.008718252902732735,False,False,0.32903912225055176,0.7925684457029758,high,1.1982526900373573,True,True,False,False
2019-03-28,30014.05,30414.3,1.74268384306684,1.3335421244383916,0.7138323551803238,1.3218809191028802,0.050311073697506536,0.0023007092757820757,0.0539301604422171,0.45592355347442837,0.45570477298573375,213.3615812007265,0.7108723454539674,0.008899264240728268,True,True,0.16875373782032632,0.8090240218843879,high,1.226981770994727,True,True,True,True
2019-03-29,30416.15,30383.2,0.8299867011439669,-0.1083306072596324,0.7182039804511772,0.10537165288835304,-0.08177823319605038,-0.03663611466611094,0.22038186346207134,0.30412306803028927,0.15804458434438126,219.18405653246737,0.7206173579906311,0.009018393878890365,False,False,0.21716758235434952,0.819853988990033,high,1.2427778369780567,True,False,False,False
2019-04-01,30575.35,30241.75,1.3972039567821817,-1.0910749999591074,0.3465209719594403,0.032379024279372004,-1.0912122673510938,-0.693306896630963,-1.2668225648791775,1.26335406772873,0.8953572729928732,213.9928712159035,0.6998869063343625,0.008731110199068713,False,False,0.5081755707101232,0.7937372908244283,high,1.197588413592231,True,False,True,False
2019-04-02,30309.45,30445.75,0.9643856948905349,0.4496947321709799,0.9284233135210233,-0.24563296265686096,0.6143542252356582,0.5945580413313722,0.7309602649006708,0.8261948073424815,0.7005401616020612,216.1186056671395,0.7130403411052971,0.008932616122588534,False,False,0.688948225549102,0.8120560111444121,high,1.238449845897141,True,False,False,False
2019-04-03,30541.3,30081.0,1.8386578174472041,-1.5071395127253862,0.5265001817211543,-0.7701047434130248,-0.6658725471109794,-0.45071857039873375,-0.7974613050025892,1.0182768485552485,0.6904624908236044,222.00542265241165,0.7269023343878999,0.009015199123912772,False,False,-0.016094200339955567,0.8195635567193429,high,1.2613266981764508,True,True,True,True
2019-04-04,30055.4,29937.75,1.4400074529036475,-0.3914438004485099,0.36399449017481533,-0.43220186721854015,0.026900135336083153,0.16295882361798686,-0.39713305537901755,0.4583047902290738,0.19943215375015164,214.21092954131746,0.7127202750298365,0.00880141520130829,True,False,0.22040490675176994,0.80012865466439,high,1.2389725580928377,True,True,False,False
2019-04-05,30028.6,30130.5,1.06448519078479,0.3393431595212659,0.40877696595911894,-0.28922427285986707,0.6935132382041909,0.5952420673317693,0.6815760737077348,0.841133200297239,0.7243668879917206,216.7094780572861,0.721676928186083,0.008998816369511286,False,False,0.2174512112633753,0.8180742154101169,high,1.2766182243449522,True,False,False,False
2019-04-08,30202.2,29846.35,1.7031871850395053,-1.178225427286761,0.5714815477018302,-1.3936070882253682,0.24847807181016535,0.21247314715360233,0.10461338313645374,0.5100516095670822,0.40866675617615467,217.7207919109187,0.7208772603019604,0.00903492276230338,False,False,0.23564162559532864,0.8213566147548526,high,1.2841287912991377,True,True,True,False
2019-04-09,29804.0,30143.5,1.540229499396052,1.1391088444504094,0.6309555764327034,0.8326063615622159,0.3004776696509115,0.39435052899259304,0.5016337690050721,0.6794854943822558,0.5678780844023376,222.20306029812127,0.7455477798219073,0.009343752816051362,False,False,0.1847797134322926,0.8494320741864875,high,1.3399162316229751,True,True,True,True
2019-04-10,30043.55,29788.85,1.2829708872619938,-0.847769321534908,0.7505770789404048,-0.8316260894601246,0.05722686339728611,-0.14955418450264268,-0.25078883880920166,0.5108462527312846,0.43777675060458315,231.03716885813265,0.7690075535618549,0.009534975303902652,False,False,-0.7527327616235757,0.8668159367184229,high,1.3748035411985515,True,False,True,False
2019-04-11,29768.55,29781.7,0.673361651810374,0.04417413679873583,0.5331129665368219,0.061306311526765356,0.023332482844762303,0.08751095986589963,0.34724736575317827,0.2828434071467899,0.2240683694071115,228.6419581051341,0.7680654855716322,0.009562990617766142,True,False,0.17791891932719128,0.8693627834332857,high,1.3795381976396375,False,False,False,True
2019-04-12,29771.2,29868.65,0.971744504756272,0.32732976836673533,0.4027382168001217,0.5963817380555625,-0.13473016403021676,-0.263443979804856,-0.1043766376694455,0.34342000918234833,0.3386422297364869,218.862171213912,0.7351472940758585,0.009158288418940303,False,False,-0.0038614316845597685,0.8325716744491184,high,1.3134845331778124,True,False,False,False
2019-04-15,29975.35,30088.85,0.7879807908831782,0.37864445285875625,0.6048303022316647,0.552787540429045,-0.12292206144112194,-0.08861393860747357,-0.012289215051297653,0.28814523714337154,0.20477453228766912,220.56518701390632,0.7358218903662721,0.00918163082832377,False,False,0.3845168763904505,0.8346937116657972,high,1.3190907007650985,True,False,False,False
2019-04-16,30281.6,30564.1,1.1820709605833268,0.9329097537778663,0.5496737292613361,0.8221164007185866,0.09891731396911574,0.1482852976356197,0.06171849164589016,0.3598035410433228,0.3124641575592803,215.12316088867374,0.7104088320586552,0.008880211615843726,False,False,0.48988246476684427,0.8072919650767023,high,1.2694918899784793,True,False,True,True
2019-04-18,30601.65,30191.5,1.6709883290606833,-1.3402872067355909,0.9677582744721328,-0.5146781301008319,-0.928585623182121,-0.7216752741049381,-0.8354279307788204,0.9675093572985263,0.7978749666729253,214.34803709071457,0.7004460121944881,0.008778888175340392,True,False,0.30231546160364164,0.7980807432127628,high,1.254255530769856,True,True,True,True
2019-04-22,30042.7,29656.3,2.1041717289058623,-1.2861693522885798,1.4327939898877289,-0.8551162179165073,-0.3652747282261948,-0.1505631397882068,-0.6103636226629905,0.5114853386512987,0.24863946436531437,219.16740953342196,0.7295196820972215,0.00903802192823756,False,False,0.3014093370650617,0.8216383571125054,high,1.2954621862593778,True,True,True,True
2019-04-23,29735.5,29500.4,1.5040944325805854,-0.7906374535487815,0.7938322880059164,0.04455953321786943,-0.8872641707634799,0.0035612837580023537,-0.8524360841070222,1.0343291734946871,0.22775257557129422,226.5466837218264,0.7618727908453747,0.009479228469352717,False,False,0.3562480821950098,0.8617480426684287,high,1.357831782243684,True,False,True,False
2019-04-24,29576.35,29854.7,1.61311317995629,0.9411235666334727,0.42466362482185444,0.338446089527622,0.5260063114018054,0.14955686853765915,0.5461653831246416,0.9032414591367878,0.49667651403249874,223.95409800585367,0.7572066803572911,0.009452647061157768,False,False,0.16982820571924684,0.8593315510143424,high,1.3542868141617845,True,True,True,True
2019-04-25,29874.05,29567.75,1.8111036166840548,-1.025304570354535,0.5359166232901202,-0.23850130799137892,-0.8802864160414425,-0.43277713831172404,-1.098976520571704,1.1413357134229047,0.9066748458399972,232.4136430995095,0.7779783561301848,0.009707513769892371,True,True,0.24234040201374096,0.8825012518083973,high,1.4056482956099523,True,True,True,True
2019-04-26,29715.15,29980.8,1.6227412616123447,0.8939884200483528,0.76358355922821,0.8492301065281538,0.077250354550773,-0.03649805343713952,0.10948716279708393,0.4144489864019379,0.3204829075782552,225.651396296631,0.7593816497531763,0.0095062246578635,False,False,0.6666046621741639,0.8642022416239545,high,1.3822306662357602,True,True,True,True
2019-04-30,29755.25,29729.45,1.2419657035313194,-0.08670738777190046,1.2419657035313194,-0.3530469412960757,0.2672831886462834,-0.046733135305865314,0.02237339685360329,0.7161840392307591,0.3417570650246239,229.25094936234382,0.7704554636991583,0.009530773034924387,False,False,-0.20146226918560384,0.8664339122658534,high,1.3857454561197295,True,False,False,False
2019-05-02,29696.95,29689.9,0.9366281722533845,-0.023739811664158506,0.7751637794453664,0.3099644913029831,-0.30413911175265484,0.1848628371722727,-0.5087059572365327,0.6029071133640007,0.333967534307574,221.88879024391827,0.7471770341530637,0.009363465553930474,True,False,-0.09973275657639835,0.8512241412664067,high,1.3605138729314405,True,False,False,False
2019-05-03,29832.3,29924.65,1.0735008698625317,0.3095637949470875,0.3967176516728464,0.6541567361551204,-0.2590962602551983,-0.2609231384041566,-0.3198455688408486,0.37066084532652377,0.33385506860263753,224.74304635792032,0.7533547408611482,0.009384594773473028,False,False,0.4100721120650519,0.8531449794066389,high,1.3659288615466423,True,False,False,False
2019-05-06,29565.4,29616.55,0.7552747468324436,0.17300628437293408,0.6451798385951145,0.37780649001872835,-0.26670395692300897,-0.16612024069726505,-0.2961006674897182,0.45439075920490396,0.2679848349928517,220.96176557497165,0.7473660615955531,0.009287855154654363,False,False,-0.9963357967428199,0.8443504686049421,high,1.349694527101965,True,False,False,False
2019-05-07,29810.9,29279.15,1.9630403644304624,-1.783743530051085,0.3986796775676084,-0.8421416327584974,-0.9504446064509731,-0.11019678484675,-1.0724313512161965,1.0620825207164473,0.35003684598378276,220.03219302917205,0.7380930902091921,0.009245117478608199,False,False,0.4490732377673945,0.840465225328018,high,1.3393838243668743,True,True,True,True
2019-05-08,29187.05,29011.4,1.0568043019078692,-0.6018079936136012,0.38133350235806385,-0.29259551753260116,-0.36956667405457777,0.11723005578354595,-0.3832589205188808,0.5822693902235809,0.3128436834753913,216.9478498619319,0.7433017377978656,0.009303299737687126,False,False,-0.060964884568037725,0.8457545216079205,high,1.345501998356497,True,False,False,True
2019-05-09,28873.1,28871.3,0.8786725360283474,-0.006234176447972306,0.4355264935181883,0.24780851380696856,-0.14873214911910182,-0.026289208971541633,0.2264506888886464,0.5564067971110352,0.21377277821592872,212.9138268309871,0.7374124248209826,0.009190686542485796,True,False,-0.40484085566363515,0.8355169584077995,high,1.3264272432295003,True,False,False,False
2019-05-10,29027.1,28975.85,1.0281771172456111,-0.1765591464527927,0.7003799897337291,0.3650037378863269,-0.49977602757005357,-0.19934344051628639,-0.5859395095050068,0.7996073188354831,0.4752912256178675,212.85784517874163,0.7333073065471288,0.00914732175150613,False,False,0.1950033424196418,0.8315747046823754,high,1.3170592279789584,True,False,False,False
2019-05-13,28923.15,28690.95,1.437948494545032,-0.8028171205418544,0.5025386239050801,-0.10804493978007201,-0.7837836902384376,-0.4319238063480779,-0.9231816760015943,1.0866367390168203,0.6186218730244816,206.57352809760778,0.7142151809108197,0.008919055014183615,False,False,0.17531841171183338,0.8108231831076014,mid,1.2834835778098381,True,True,True,True
2019-05-14,28682.25,28878.6,1.647708948914406,0.6845697251784522,0.5750943527791603,1.0865605034472647,-0.4711335832709662,0.2954230283988446,-0.4068996935310265,1.1314448901320722,0.5957118478536699,203.9099742071794,0.7109274000720983,0.008885899328130227,False,False,0.09689466539100078,0.8078090298300207,mid,1.278364275504507,True,True,False,False
2019-05-15,28939.7,28566.85,1.4639059838215374,-1.2883685732747785,0.30459887282866727,-0.46164956789462863,-0.7269293656551823,-0.373989036390332,-0.8742101085310039,1.0365860008817527,0.5969540883603482,210.35642808995544,0.7268783991885038,0.009012002671520218,False,False,0.1622308560664365,0.8192729701382016,high,1.2962242590698454,True,True,True,True
2019-05-16,28611.4,28890.75,1.467247320997934,0.9763590736559413,0.2743661617397261,0.7088083770804721,0.32987207696204557,0.7233033640922981,0.5794514781144455,0.9776429677034265,0.951164828502891,210.56956391385575,0.7359638602579942,0.009217195732358418,True,False,0.20670812497702862,0.8379268847598561,high,1.3358702333298145,True,False,True,True
2019-05-17,28895.35,29521.15,2.394502921750391,2.165746391720469,0.6184386069038815,1.2969214769850579,0.7714356971790348,0.347181468232316,0.6933444395892607,0.9390128492898848,0.6334658440456107,215.78976801996942,0.7467975574615618,0.009357616989097027,False,False,-0.03236329967203355,0.8506924535542751,high,1.3606234681936988,True,True,True,True
2019-05-20,30342.2,30766.9,2.34557810574051,1.3997007468146805,0.9333535472048734,1.037334141888202,0.3069450809685792,0.008455710775656655,0.1077545864877072,0.6913603603750441,0.34570848286661365,242.4204585655698,0.7989547843121784,0.009922980100535453,False,False,2.4025148071806113,0.9020891000486774,high,1.4410181124549415,True,True,True,True
2019-05-21,30807.05,30330.1,2.1439897685756995,-1.5481845876187506,0.9082336672936854,-1.4066585408210042,-0.26815962493867973,-0.05955071378376253,-0.37049949185822273,0.45071887850344694,0.2814224867454274,254.70797906247208,0.8267847101961144,0.01036091409789825,False,False,0.3094234388254735,0.9419012816271136,high,1.4995385512959611,True,True,True,True
2019-05-22,30322.9,30583.75,1.3189701512718133,0.8602409400156219,0.6313710100287265,0.653961197642694,0.10730246517174358,0.055834089249406915,-0.21798979121966378,0.4460833781109571,0.2647616490213432,255.85290910525327,0.8437613457329386,0.010551990369980129,False,False,0.26557775938755857,0.9592718518163753,high,1.5231468920791162,True,False,True,True
2019-05-23,30972.0,30517.75,4.540714193465072,-1.4666472943303588,1.789681002195541,-0.6126501356063518,-0.6989417602676906,0.21490711127793993,-0.7315128595251741,1.666869705755759,0.8863483986879427,254.7927855181315,0.822655254804764,0.010266097978219878,True,False,1.2393836596231722,0.9332816343836252,high,1.4845296406964612,True,True,True,True
2019-05-24,30754.15,31216.0,2.3035915478073714,1.5017485445053769,0.9026424076100369,1.0102701586615082,0.4503482231525302,0.34681913631262606,0.4547137315498828,0.8582046911541454,0.5908949123546077,298.32338698882086,0.9700264419235155,0.012056575760286575,False,False,0.5496801042016441,1.0960523418442338,high,1.6364949238700952,True,True,True,True
2019-05-27,31153.95,31617.95,1.7790681438469278,1.4893777514568773,0.9401697056071471,1.4418717369707457,0.0522099853970337,-0.14132590543323165,0.13395677598027067,0.5121324931217368,0.2750723209661392,308.05883201705,0.9888275227284181,0.012295428948382061,False,False,0.06054587391082222,1.1177662680347327,high,1.6712059680637132,True,False,True,True
2019-05-28,31646.8,31660.7,1.1996473577107254,0.04392229230127942,0.8329436151522382,-0.9143104516096345,0.9715394587251236,0.5401371776959207,0.6096233744568247,1.0895337471637452,0.6203162707989285,312.060219330373,0.9860719546063836,0.01227872576184575,False,False,0.2952436827814431,1.1162477965314317,high,1.669534028908498,True,False,False,False
2019-05-29,31510.05,31302.1,0.8992369101286802,-0.659948175264724,0.4722302884317953,-0.42208755619238536,-0.23934691119782414,-0.08028192842618465,-0.3869709183080827,0.41320009369906174,0.27053254211210104,306.14105664085764,0.971566394343575,0.012174617513030514,False,False,-0.6362777828664568,1.1067834102755012,high,1.648392810057841,False,False,False,True
2019-05-30,31268.95,31563.0,1.2034302399025207,0.9403897476570222,0.6404116543727884,0.8211020836964567,0.0675639240365733,0.23767007072907909,-0.019807785251912957,0.5763551641993698,0.47867641918900317,303.27007659998344,0.9698761122454814,0.012108984645993836,True,True,-0.144558991249788,1.1008167859994396,high,1.631671734726384,True,False,False,True
2019-05-31,31692.0,31350.85,3.596648996592207,-1.0764546257730712,0.46289284361984323,-1.2348542218856395,0.2996742879141534,0.02214257268020603,0.26123627351883894,0.4330580994324376,0.3034647550776583,307.57312613417344,0.970507150492785,0.012159423791842306,False,False,0.3672021037290474,1.105402162894755,high,1.645039625365704,True,True,True,False
2019-06-03,31367.25,31650.8,1.2331332839187346,0.9039683108975183,0.6342602555212749,0.7008902597454236,0.17633780878902883,0.030664082875220267,0.2179008044593589,0.40934432094114137,0.18856830345429773,331.7780676192524,1.057721246265619,0.013208549177109737,False,False,0.17607178114789068,1.200777197919067,high,1.7712342170703455,True,False,False,True
2019-06-04,31561.7,31619.95,0.7315828995269629,0.1845591333800245,0.6235405570675827,0.5134387564674991,-0.2762914220418522,0.053448537597411416,-0.09316103279268795,0.5995508097245777,0.34883868029551435,336.1743094977519,1.065133720609954,0.013286163638669368,False,False,-0.3725024327979054,1.2078330580608516,high,1.795128853158713,False,False,False,False
2019-06-06,31481.7,30895.8,2.2943487804025806,-1.8610811995540266,0.46312619712404124,-1.8526636109231664,0.00323640829880123,0.07027714130725116,0.021526051377662725,0.485137603989837,0.3371359635983793,327.0789589318774,1.038949481546033,0.01300462741788108,True,False,-0.30360579317804115,1.1822388561710073,high,1.7333869781404971,True,True,True,False
2019-06-07,30891.45,31072.6,1.639288541004057,0.5864082132758242,1.3390436512368238,0.6857884625033783,-0.2149289625216544,-0.15682704309446516,0.11209062728818608,0.4460941443512425,0.31864038191808086,329.32008884691095,1.0660557819296632,0.013356411603533245,False,False,0.15325707701370206,1.2142192366848403,high,1.7952445329777937,True,False,False,False
2019-06-10,31323.05,31062.45,1.6099964722464741,-0.831975174831312,0.670752050007897,-0.8690086054838231,0.0732669153984622,0.08148594286965238,0.4215795741545181,0.4173798784896458,0.23382922736510064,338.0748768660378,1.0793165954976858,0.013512261910308269,False,False,0.6005290835012334,1.2283874463916609,high,1.8331700892680736,True,False,False,False
2019-06-11,31148.55,31266.7,1.3539956113526954,0.37931139651765644,0.6517157299456957,0.7981109875098591,-0.46023285552988513,-0.17392220933908353,-0.41440029060596517,0.5092818934202558,0.29561984342209685,340.9052227091597,1.0944497342866994,0.013638593250131323,False,False,0.3534814542961007,1.239872113648302,high,1.8622486588349016,True,False,False,False
2019-06-12,31151.45,31016.55,0.9871129594288548,-0.4330456527705806,0.5829584176659466,-0.6181092693919532,0.11515267015300701,0.11305073878657979,0.0419604571107568,0.28521685201993374,0.21156638258631022,340.9618359591823,1.0945295835641111,0.013618375745170124,False,False,-0.1515989855021549,1.2380341586518293,high,1.8582559069405253,False,False,False,False
2019-06-13,30894.8,30992.4,1.2798270259072655,0.3159107681551587,0.8059608736745343,0.1743011768970959,0.08013273599978277,0.005488872924530597,0.07285733209696499,0.4927517032245348,0.36323423765205387,332.3576222994234,1.0757720467503378,0.013480720132982899,True,False,-0.45072711181610714,1.2255200120893543,high,1.8252235486159065,True,False,False,True
2019-06-14,31020.25,30587.1,1.6731006358749527,-1.3963459353164565,0.8449319396200938,-0.812533748116151,-0.5461807970566945,-0.6472507670579053,-0.5259744587062909,1.0930116158891299,0.9599181804899359,332.88503046201913,1.07312168812959,0.013438215649785543,False,False,-0.028878047521330164,1.221655968162322,high,1.816020949575297,True,False,True,True
2019-06-17,30523.1,30305.95,1.3820680075090621,-0.711428393577318,0.7910402285482168,-0.5428675331142552,-0.2638565885089039,-0.06205419179365901,-0.19465097152425725,0.3918319750703312,0.15711593241373822,329.0655607967474,1.0780869597018239,0.013495803876540004,False,False,0.21218095210073784,1.2268912615036367,high,1.8264501355369487,True,False,False,True
2019-06-18,30295.55,30359.45,1.0656680601606459,0.21092206611201814,0.560643394822019,0.3832245989922711,-0.17213798001752822,0.25758471399841554,-0.34646486032263724,0.6706311561523322,0.5159950200288627,318.96229306866735,1.0528354595597946,0.0131936448108865,False,False,-0.0214479334916029,1.1994222555351364,high,1.775479962802164,True,False,False,False
2019-06-19,30561.45,30432.75,1.4912577773633122,-0.42111876236239354,0.6707796914086209,-0.49654057644515914,-0.032884244172093346,0.2813844245638908,-0.11877440584047161,0.5560725689500342,0.36352360594304056,314.5772155606792,1.0293268662340274,0.012830781295999927,False,False,0.5502405346605288,1.1664346632727205,high,1.7110438737856026,True,False,False,True
2019-06-20,30318.0,30788.65,1.987433207995248,1.5523781252061442,0.8940233524638805,1.2136354640807534,0.2897091339847613,0.059011532446584525,0.31406359502583747,0.5364018386264676,0.2900181098752372,305.59977909217196,1.0079813282280228,0.012623040094492723,True,False,-0.13981648060066298,1.1475490994993385,high,1.6786838579363537,True,False,True,True
2019-06-21,30667.3,30624.1,0.8584061850896558,-0.14086665601471537,0.7190068900750962,-0.1751050793516229,0.158426320328231,-0.1891263728751813,0.2532316047428873,0.6519978048971771,0.5880495569690349,314.6874913016345,1.02613367104908,0.012809607671856222,False,False,0.05294158724074016,1.1645097883505655,high,1.712061221542244,False,False,False,False
2019-06-24,30690.6,30616.8,0.8230533127407161,-0.24046450704775513,0.5944816979791883,-0.3294168246955054,0.1596953202896323,0.01697507438835899,-0.0003263872682901514,0.36826361986956785,0.25886988442259207,269.2518221780301,0.8773103887771179,0.010989560376909367,False,False,0.1856381085485026,0.9990509433553969,high,1.5276865751046085,False,False,False,False
2019-06-25,30481.95,30806.4,1.5020364510800606,1.064400407454258,0.4578119182007689,1.3229140524146255,-0.2323119163871401,-0.26686388808870865,-0.10633383312396161,0.33235983577895384,0.3322447315015955,256.48116925715294,0.8414198214259683,0.01052591893543059,False,False,-0.16053277938908872,0.9569017214027808,high,1.4534149257432563,True,False,True,False
2019-06-26,30801.2,31127.65,1.3926405464722176,1.0598613041050475,0.7605223173123125,0.9186330402711551,0.19286356551488915,-0.1128954145859562,0.20898254939403227,0.5073325151242698,0.16533405175869656,256.4145627503185,0.8324823797459792,0.010433797193280313,False,False,0.009089020463282083,0.9485270175709376,high,1.4395833206183009,True,False,True,True
2019-06-27,31231.2,31245.4,1.0579164425318317,0.04546735315966721,0.5323202438587054,0.3952777991239609,-0.3693232104329147,-0.21513310462465407,0.09003308155042244,0.7274838022430439,0.46891670020634657,262.2630920854972,0.839747086520842,0.010482361860036012,True,True,0.2070506446840481,0.9529419872760009,high,1.4493369018692366,True,False,False,False
2019-06-28,31253.55,31121.6,0.7850308204987984,-0.4221920389843703,0.5508174271402816,-0.3471605625600893,-0.1049926071719276,-0.16685732254964059,-0.358694416376959,0.337292764018678,0.2677739147455252,264.976014140444,0.8478269321099331,0.010513373142807335,False,False,0.11393677149276193,0.9557611948006667,high,1.4572645807731186,False,False,False,True
2019-07-01,31265.5,31360.65,0.6467192272632798,0.30432905278983124,0.3575826390110482,0.5731557147654831,-0.247418483878048,0.013551150811563772,-0.2217160888900116,0.31229428170725343,0.1431639226914748,261.7490403036609,0.8371816868550347,0.010428518571963606,False,False,0.48005243946327436,0.9480471429057823,high,1.4362868721145738,False,False,False,False
2019-07-02,31352.05,31268.75,0.9889305484011389,-0.26569235504536604,0.7989908155926009,-0.1089242968163151,-0.15262836907967703,-0.11419590907131294,-0.007834346735402509,0.26342762445757856,0.1590756999091201,227.9378261116599,0.7270268646281819,0.008975203822210053,False,False,0.17219030855546436,0.8159276202009138,mid,1.2887103312241819,True,False,False,True
2019-07-03,31310.85,31374.45,0.7162054048357039,0.20312447602031103,0.4963135782005326,0.45703007104567206,-0.21873246444404915,-0.010194865292367794,-0.13554899730333636,0.4048776067870603,0.13301113311148882,222.74792360609717,0.7114081016839121,0.00891101376913446,False,False,0.2524885068958538,0.8100921608304054,mid,1.2764778348497754,True,False,False,False
2019-07-04,31476.3,31434.65,0.5605805002493963,-0.1323217786080244,0.5329406569387126,-0.0478137519339894,-0.021772815765419562,-0.21920154805145087,-0.0589395020168082,0.35488100441019177,0.3146858692721326,224.6121078912438,0.7135912031949238,0.008908426443001449,True,False,0.30773447821395017,0.809856949363768,mid,1.27563345535709,False,False,False,True
2019-07-05,31538.7,31424.85,1.0246142041364985,-0.3609850754787036,0.26618091424187024,-0.16741336833794307,-0.172616949174087,-0.36154011969973254,-0.15136979338737921,0.7230220511403447,0.37057466017447066,210.15835643800165,0.6663507260540278,0.008265593108700413,False,False,0.2812183370898058,0.7514175553364011,mid,1.1891035118321334,True,False,False,True
2019-07-08,31155.15,30642.5,2.594434627982851,-1.6454743437280928,0.9877981649903788,-1.5764648862226727,-0.09555178711192491,0.21017027881500283,0.06745268920642644,0.4003065483955127,0.22603527262438786,203.36022863191647,0.6527339095845036,0.008046700672471882,False,False,-0.24821120864538804,0.7315182429519893,mid,1.1585321757500806,True,True,True,True
2019-07-09,30439.85,30573.25,1.160321092252428,0.43824131853476,0.7936964209744863,0.4372557683431477,0.05233384413345643,0.17372993754891652,-0.027126620856443573,0.27066410012772724,0.2709925039052394,211.08017311302683,0.6934336835202106,0.008597007496055244,False,False,-0.35604144570449137,0.7815461360050222,mid,1.2067963483311623,True,False,False,True
2019-07-10,30593.2,30529.7,0.9711308395329634,-0.20756246486147711,0.5403161486866338,-0.4092412693016745,0.21826178285413445,-0.08703875187737742,-0.012934513703222184,0.3938558487593541,0.30921661851176824,208.42156502244325,0.6812676183676216,0.008534606917213736,False,False,0.14653332570138122,0.7758733561103395,mid,1.1969863410014852,True,False,False,False
2019-07-11,30674.55,30675.15,0.7201409637631243,0.0019560189147060925,0.5070979036367377,0.2260831862244128,-0.20117811988720202,-0.16740690126409996,-0.10565042569470329,0.391947670920085,0.28470561439471587,209.84244168737496,0.6840929750799114,0.008530020505171359,True,False,0.5807459621286704,0.7754564095610326,mid,1.1962550922590949,True,False,False,False
2019-07-12,30765.55,30587.4,1.0097332893447426,-0.5790567696660642,0.8065839876095225,0.06874572370720866,-0.5890530651222803,0.028434485474715387,-0.5636987736708843,0.7800446296615026,0.261466533100846,207.7714712276902,0.6753380688064742,0.00838482116661378,False,False,0.37359230517208797,0.7622564696921618,mid,1.1681953300526189,True,False,False,False
2019-07-15,30603.15,30452.45,1.1573971960402674,-0.49243296850161045,0.7330944690334117,-0.46384114053619196,-0.013459745512334198,-0.02182922325715264,0.1650941069296641,0.19631531259437998,0.12605145459767042,198.87206714068634,0.6498418206644947,0.008144350615675297,False,False,0.3316725187495484,0.740395510515936,mid,1.134887921763344,True,False,False,True
2019-07-16,30474.55,30577.9,0.6628481798746824,0.33913544252499594,0.6628481798746824,0.28843740104447235,0.04744384039891969,-0.06324294113994045,-0.03645208430729241,0.2817182522997945,0.20002418593098098,197.29640685670893,0.6474136840632886,0.008067613195517416,False,False,0.2633614044190269,0.7334193814106742,mid,1.1237833755928162,True,False,False,True
2019-07-17,30579.45,30773.6,0.7496864724512704,0.6349035054587171,0.5688460714630273,0.40321196097379275,0.14184397163119478,-0.002439258400399602,0.23096645688978068,0.2919933882144155,0.20912575352757182,195.30261578616773,0.6386727550239384,0.007973625274990896,False,False,0.14503939119427933,0.7248750249991723,mid,1.1035861739019623,True,False,False,True
2019-07-18,30699.8,30458.6,1.2674349670030376,-0.7856728708330318,0.40668017381220256,-0.5244333839308446,-0.2719491270121943,-0.17879208005164848,-0.18631647253920525,0.6411515842141776,0.4649249597676802,189.60194831239642,0.617599946294101,0.007740458807732933,True,False,-0.22031871474250675,0.7036780734302666,mid,1.0663698501323682,True,True,True,True
2019-07-19,30530.85,29835.75,2.7242936243176983,-2.276713553667842,1.13262486959912,-2.435569268461235,-0.012589278970032147,-0.18365657560919235,-0.036919565691651,0.5529211323636694,0.5087421200269427,182.15277524578778,0.596618748727231,0.00741246982063562,False,False,0.18549769194906585,0.6738608927850563,low,1.0305936388636476,True,True,True,True
2019-07-22,29515.15,29274.0,1.4311294369162881,-0.8170380296220858,1.1421253153041693,-0.708957941938293,-0.11397022442580784,0.07487025907162437,-0.26949127134465733,0.5128660099160895,0.41178642489385087,197.31852150073246,0.6685330127095152,0.00836524305727455,False,False,-0.7330132475302342,0.7604766415704135,mid,1.1241501031142738,True,True,True,True
2019-07-23,29220.6,29115.55,0.9773926613416637,-0.3595066494185617,0.8432407274320222,0.0944539126506827,-0.39130613165938577,-0.11485484576022609,-0.6137072660688858,0.6070459036795403,0.24582365495546235,199.8056262315713,0.6837834480865257,0.008543913753591316,False,False,0.2338252374120442,0.776719432144665,mid,1.154294769504465,True,False,False,False
2019-07-24,29088.2,28938.9,1.3010430346326027,-0.5132665479472776,1.020516910637298,-0.38211370933918243,-0.04658859338683152,-0.03537678868494876,-0.2230581880440785,0.3614929746126676,0.23780104784321635,194.75766897047106,0.6695418381696738,0.00837997252476228,False,False,-0.10338118290741383,0.761815684069298,mid,1.128070196533116,True,False,False,True
2019-07-25,28968.15,29103.05,1.0539161113153557,0.4656838631393434,1.0539161113153557,0.5495690957137311,-0.10539922100705201,0.1654124467272089,0.19593832591533467,0.672220438865887,0.5363425431862565,194.79930046803747,0.6724602726374914,0.00835124120902117,True,True,0.1456517006520608,0.7592037462746518,mid,1.1235145523966477,True,False,False,False
2019-07-26,29105.45,29363.9,1.2988976291381829,0.8879780247341929,0.6448964025637836,0.80758071082907,0.012951381196635303,0.07076223717796815,0.21806358850358087,0.3152638843918815,0.2881642911584716,193.9364408149304,0.6663234576855207,0.008349832412425408,False,False,-0.13933247546219496,0.7590756738568551,mid,1.1232247738560344,True,False,True,True
2019-07-29,29448.55,29332.55,1.6187554225929652,-0.3939073400897497,1.0025960531163673,-0.6146312806572851,0.11326537410887294,-0.07826447253326263,-0.2422387421970318,0.28837398415650717,0.23053064676463722,203.0043971902669,0.6893527769288027,0.008487022182585452,False,False,0.7476867854746772,0.771547471144132,mid,1.1490485374309547,True,True,False,False
2019-07-30,29376.55,28758.75,2.6851349120301715,-2.103037967358312,0.6540931457233672,-1.6348073548459574,-0.3773839557313585,-0.05277328838345641,-0.6971525749973617,0.6627146035997689,0.33868646590827955,206.44931360881128,0.7027690917034549,0.008768135947910361,False,False,0.3487593134589462,0.7971032679918509,mid,1.1972869597239233,True,True,True,True
2019-07-31,28659.3,28868.55,1.5255082992257338,0.7301294867634534,1.0820222405990325,0.9468130763835791,-0.21188601016569608,0.057706904379828394,0.4346933663600394,0.5689467744416464,0.28454875973479843,220.3819624729149,0.7689718955903141,0.00952531343573,False,False,-0.6373712348415661,0.8659375850663635,high,1.2819297950385318,True,False,False,False
2019-08-01,28736.55,28412.25,2.675512544129348,-1.1285279548171157,0.590363143801192,-1.7696974758626194,0.5884228425676596,0.7027605028381734,0.1212988853901864,1.3872750460535714,0.8965826652409402,224.8401854264157,0.7824188548257035,0.009729321589771155,True,False,-0.7206804636879949,0.8844837808882866,high,1.322660853391905,True,True,True,False
2019-08-02,28135.7,28231.95,2.145494869507428,0.34209207519273477,0.9104091954349863,1.018634688314135,-0.8440555479324208,-0.12067428751667553,-1.040947931535141,0.9740591014801706,0.2516262676559241,236.94668159398498,0.8421566962754968,0.010484838156269683,False,False,-0.6616864204700423,0.9531671051154257,high,1.4287577059002088,True,True,False,False
2019-08-05,27717.2,27629.7,1.6356269753077457,-0.315688453379126,1.6356269753077457,-0.38243401209356875,0.16225299878309674,0.1000783615380696,0.011210397462835253,0.4333386451874654,0.31597978163733725,240.14782986242244,0.866421679904256,0.010844648292137745,False,False,-1.384070175811447,0.9858771174670676,high,1.484439744177974,True,False,False,False
2019-08-06,27667.0,27998.05,2.2731051433115317,1.1965518487728977,1.4782954422235877,1.638052553583691,-0.3991792377010084,-0.09613018059633216,-0.2446873113423509,0.5741424314194092,0.36133533559955366,231.68223958800627,0.8373955961542858,0.010420885229166186,False,False,-0.4024654628895785,0.9473532026514714,high,1.4369284276107805,True,True,True,False
2019-08-07,28007.45,27655.95,1.8873549716236164,-1.2550232170368991,0.6994567516857173,-0.37097272332897724,-0.816383578433566,-0.331499074467545,-1.1532698897982585,0.9554339859981921,0.6361685117294185,241.56544185484927,0.8625042331767058,0.010808104046761103,False,False,0.1992995940788722,0.9825549133419184,high,1.4933587089009699,True,True,True,True
2019-08-08,27797.75,28208.75,2.493187398260648,1.4785369319459285,1.108542957613468,0.5574192155839874,0.7557409481016242,0.5550100862238283,1.7976549341082837,1.1125937744833236,0.7499509077601546,245.57929689215962,0.8834502680690329,0.011071719723598392,True,False,0.6658603302363453,1.006519974872581,high,1.5390532439505038,True,True,True,True
2019-08-09,28289.15,28444.65,1.2283861480461589,0.5496807079746091,0.6171977595650577,0.29976156936493137,0.2637983079549988,0.14432655819880402,0.08091241055661058,0.46169109341491044,0.2875970684107783,262.38848490979217,0.9275233964604527,0.011616289694538933,False,False,0.30097044356804936,1.0560263358671755,high,1.627553986345497,True,False,False,True
2019-08-13,28168.7,27716.05,2.388999137340384,-1.6069254172184078,1.0417591156141417,-1.3346373812068046,-0.2804688273020828,-0.04219789731845225,-0.5927177318548527,0.5317933633771502,0.24903972733667398,263.4045915871866,0.9350967264630126,0.011660414202117634,False,False,-0.3088454243592498,1.0600376547379666,high,1.6385165420668653,True,True,True,True
2019-08-14,27829.9,27983.55,1.3481902558039989,0.5521040319943493,0.6911631015562346,0.8487274478168993,-0.29982790626413847,-0.10870186060458753,-0.24864803202657715,0.534452595836258,0.2520312433065305,268.8640651942369,0.9660978486959596,0.012066974220118803,True,False,0.6113786055372383,1.0969976563744366,high,1.6994658923984214,True,False,False,False
2019-08-16,27784.45,28200.55,1.8974642290921744,1.497600276413591,0.7102893884888798,1.3871068169425627,0.11554907108133339,-0.015067368865140374,0.25024882695863226,0.4325546639403553,0.3091469564801234,270.5980694018017,0.9739191144751891,0.012190088794939921,False,False,-0.2260256472105926,1.1081898904490837,high,1.73366165660006,True,False,True,True
2019-08-19,28365.3,28195.2,1.1279626868039496,-0.5996763651362702,0.6359883378635087,-0.475228536274952,-0.09440144524539562,0.04984072253084726,-0.5421826952915598,0.44898248348417497,0.2616194510071018,283.41002959333673,0.9991434238077395,0.012454876291139163,False,False,0.4634661380717775,1.132261481012651,high,1.7906413169353617,True,False,False,True
2019-08-20,28179.65,28006.2,1.3287957799333812,-0.615515096887298,1.3287957799333812,-0.5477356886973483,-0.051203733769122906,0.16162627499709536,0.026961011877135732,0.5755513767916951,0.24905464720238668,279.9324514321652,0.9933851251955407,0.012424857403372831,False,False,-0.11225314947225229,1.1295324912157119,high,1.7837478682152461,True,False,False,True
2019-08-21,27948.0,27711.6,1.5355302705023668,-0.8458565908115112,0.8505080864462599,-0.7267067410905881,-0.09983816845618998,-0.1385303532794202,-0.15777529627895026,0.3950275546136485,0.31759299457948725,267.9139178986661,0.9586157073803712,0.0119009388858607,False,False,0.052845441366544676,1.0819035350782455,high,1.713940651463648,True,False,False,True
2019-08-22,27625.95,27052.8,2.576200999422647,-2.0746797847675857,0.7319205312396523,-1.4785011918142188,-0.7109396527969158,-0.20458355798135264,-0.8604639645175549,0.8975842748231943,0.5574348028390612,263.6308567423566,0.954287026300839,0.01192890628283559,True,False,-0.07776526797441674,1.0844460257123263,high,1.7192068719940141,True,True,True,True
2019-08-23,26715.75,26978.0,2.394467682921126,0.9816306860185531,1.1251789674630217,1.4294938379046052,-0.502995647224036,-0.020766160058893757,-0.6221860181385042,0.953588226285297,0.27589326935378844,265.60832443068284,0.9942012649118324,0.012450256284575715,False,False,-0.8037984977525503,1.131841480415974,high,1.7990520453748604,True,True,False,False
2019-08-26,27394.55,27978.75,4.122535321806704,2.1325409616146374,2.9400008395830612,1.7879468726443637,0.24045746090550768,0.14600161587063898,0.35526497668967316,0.694296262957545,0.3803207736115119,279.6889013130203,1.0209654888035042,0.012793172828632089,False,False,2.5426273259693044,1.1630157116938262,high,1.8531835430490513,True,True,True,True
2019-08-27,28089.25,28138.25,1.1046930765328347,0.1744439598778902,1.1046930765328347,0.2388814226082836,-0.05327395063635665,-0.12687608022117214,0.137709433096167,0.5975561463044748,0.3806282406635175,315.74824968276516,1.1240892856974292,0.014080592349214277,False,False,0.4558816959299383,1.2800538499285705,high,2.0046306340023476,False,False,False,False
2019-08-28,28015.4,27782.65,1.5600348379819644,-0.8307930638149053,0.6748074273435298,-1.1356254060266857,0.421521992255558,0.21817107422681392,0.4567034641923984,0.7105398550397576,0.3379759993802546,314.09851411120144,1.1211637674678978,0.0140449211356996,False,False,-0.20612511439055403,1.2768110123363272,high,1.9947909208610821,True,False,False,False
2019-08-29,27649.25,27349.1,1.70510954185013,-1.0855628995361633,0.5235223378572655,-1.0331202473846557,-0.20337236328552555,-0.17108546047761575,-0.6504952386149676,0.8531406686254626,0.7258337217485054,311.7529814975751,1.1275278045428903,0.014031066519689354,True,True,-0.31566463242347353,1.2755515017899413,high,1.9920438251034411,True,False,False,True
2019-08-30,27456.1,27485.55,1.6865104657981262,0.10726213846832255,0.807106617472979,-0.2303677507002111,0.22670149327288502,0.18994340015108246,0.40851032704598556,0.7312127069655011,0.4660090720325248,302.08798889377795,1.1002581899606207,0.013685637830593178,False,False,0.21499793411849932,1.244148893690289,high,1.9431677898029918,True,False,False,False
2019-09-03,27084.2,26752.5,1.8202494443254738,-1.2246992711617888,1.2162072352146325,-0.4375244607557227,-0.7585562399641033,-0.39101175454659964,-0.5453788664295578,0.8286452790025874,0.5186814659311781,297.0525485668877,1.0967743133150976,0.01372974304934637,False,False,-0.8962891410213669,1.248158459031488,high,1.9511423766621605,True,False,True,True
2019-09-04,26702.85,27096.25,2.382142730083127,1.4732509825730267,1.2934948891223277,1.3693294910468445,0.09014167759573422,-0.08389988807201432,-0.348870355215114,0.5595064373718556,0.42595327790408855,285.7032549836604,1.0699354375419117,0.013410043458712556,False,False,0.1250350434538916,1.2190948598829594,high,1.9075063601396511,True,True,True,True
2019-09-05,27183.75,26897.25,1.5626983032142474,-1.053938474272309,0.8944682025106964,-0.7397801995677522,-0.25905535594169526,0.06320701226030234,0.03865833282223896,0.3954392915447546,0.323099374436487,292.98411370999384,1.0777913779739507,0.01349094424766958,True,False,-0.034322092540473026,1.226449477060871,high,1.9193057993240348,True,False,False,True
2019-09-06,27009.15,27235.85,1.2814175936673258,0.8393451848725197,0.6821762254643333,0.8815531033001811,-0.060006055656991464,0.047762685585595044,-0.014136351536175873,0.3002137830423227,0.2893316530665481,290.3812205418926,1.0751216552238505,0.01347277603887121,False,False,0.33181830856314765,1.2247978217155644,high,1.916302834946519,True,False,False,False
2019-09-09,27063.15,27491.35,2.0982405965307014,1.5822252768062706,1.5007491736919074,1.5731723764602412,0.05274856396582095,-0.010543039231003526,-0.027261921638332964,0.3726958881584824,0.140695040772467,286.47915429109344,1.0585580551084903,0.013187993805182908,False,False,0.01652234095870231,1.1989085277439007,high,1.8661589069132851,True,False,True,True
2019-09-11,27619.0,27729.3,1.0036569028567186,0.3993627575219927,0.4868025634526851,0.643578695825342,-0.15019741516544283,-0.12558519462106954,-0.1534302360091666,0.2890625702645041,0.2338979269446813,292.26902592008264,1.0582172631886841,0.013249580028423755,False,False,0.5372599017509083,1.2045072753112505,high,1.8761768102019976,False,False,False,False
2019-09-12,27873.25,27793.75,1.052980904630784,-0.2852196998914702,0.7720664077565433,0.16664723345860555,-0.4360720208311686,-0.38879900524788624,-0.6722980336667073,0.6919845127275749,0.5280141329334205,285.9577473287118,1.0259217971665011,0.01281606307889388,True,False,0.5102905590837148,1.1650966435358072,high,1.801853511867397,True,False,False,False
2019-09-13,27687.95,28103.35,1.9851596091440553,1.5002916431154922,1.1996193289860804,1.0246334596819118,0.408270516755338,0.06323905073730707,0.5263289761908041,0.6084732219944148,0.22694802996996852,282.6208068572123,1.020735759986609,0.012782924967892741,False,False,-0.07825500337306224,1.1620840879902492,high,1.7930976463565191,True,False,True,True
2019-09-16,27923.1,27827.75,0.9442003215975356,-0.3414735469915553,0.6503575892361599,0.2582091529951924,-0.5438432302680485,-0.1994723749578764,-0.19714710220642973,0.6122478139109483,0.29804362942942597,281.69745395388964,1.0088330233888416,0.01262204014353103,False,False,-0.8374446462788177,1.1474581948664573,high,1.77339762359803,False,False,False,False
2019-09-17,27773.35,27172.0,2.8750582842905157,-2.1652051336983114,0.7361373402920321,-1.9768951170816562,-0.34381049283176424,-0.3286168518542354,-0.044763169674510994,0.7441880966636504,0.6232515250650766,278.88840546130996,1.004158322497322,0.012542654561559936,False,False,-0.2251349821670856,1.1402413237781759,high,1.7534258751544705,True,True,True,True
2019-09-18,27317.55,27163.0,1.1818409776865002,-0.5657535174274364,1.1818409776865002,0.17388089341834334,-0.8096093374578173,-0.5131306467278773,-0.6134879471862087,0.9864772766722544,0.7396411750691917,282.7987895112892,1.0352274984809737,0.01296298607073133,False,False,0.48837038127484966,1.1784532791573936,high,1.802809910480595,True,False,False,False
2019-09-19,27073.4,26775.15,1.9587491781601103,-1.1016348149844535,1.32694822224028,-1.1394948547282624,-0.08182358237841525,0.04826020104675699,-0.25381325983130365,0.645434879263513,0.49232887269408715,281.1869850928142,1.0386097981517437,0.0129735940768774,True,False,0.045834407097888885,1.1794176433524908,high,1.8054638523549809,True,False,True,True
2019-09-20,26827.85,28964.05,10.008069972062618,7.9626209330975195,0.8597409035759537,8.880137618184092,-0.9862993064066683,-0.28718790294222085,-1.1348836573335075,1.3909524755051292,0.44784764216317585,282.1879760958727,1.051847151731774,0.013148890740400519,False,False,0.3865524562887579,1.1953537036727744,high,1.8365557637883572,True,True,True,False
2019-09-23,30488.2,30504.65,3.3288288583780004,0.053955300739305656,2.5749306288990588,0.42803445267349804,-0.1311290159281775,-0.2783403285296471,0.28548939868486833,0.7965720295113818,0.47449932983084336,466.5823962407667,1.5303704260689928,0.01917302695106076,False,False,3.712705923377446,1.7430024500964327,high,2.259437015653062,True,True,False,False
2019-09-24,30406.35,30158.85,2.5379567097004436,-0.8139747125189278,1.768380617864363,-0.40073866149669124,-0.3836946292657961,-0.35177771612033837,0.3092238481411602,0.9541184434281468,0.5740748080912154,471.2268819503479,1.549764710168593,0.01942463117413358,False,False,-0.2381604116093783,1.7658755612848707,high,2.2998532905187377,True,False,False,True
2019-09-25,29882.15,29541.2,1.8912628442063164,-1.1409821582449742,1.1495156807659421,-1.0815821485401833,0.06377087142810378,0.07663638993542499,0.009974691334013741,0.5411220628608281,0.3481626721569725,464.59524727034113,1.5547584336145195,0.019471340475685998,False,False,-0.4303877634591502,1.7701218614259995,high,2.307454368520631,True,False,False,False
2019-09-26,29722.05,30042.35,3.6064134203394502,1.077651104146593,1.6137850518386232,1.2342688340811092,-0.20372961457548744,0.018486412486828918,0.053812794783314466,0.7123889540661126,0.29761458661216855,443.8432040660209,1.4933128908201854,0.018708401718891807,True,True,0.33630996709679284,1.7007637926265278,high,2.1974354738480786,True,True,False,False
2019-09-27,29870.3,29886.2,1.334603268129217,0.053230131602299835,1.2991165137276803,0.24171166677269262,-0.2304416798864506,-0.07375679658009338,-0.41452970796239663,0.5037989479836427,0.2617446409248199,462.28443198888453,1.547639066192454,0.01936194526611402,False,False,-0.22434995930743495,1.7601768423740016,high,2.32305080959934,False,False,False,False
2019-09-30,29707.35,29098.3,2.7210437820943256,-2.0501660363512753,1.8830356797223509,-1.2744320849890634,-0.8571793888249579,-0.1253698840929629,0.022359167344609965,0.947022972339428,0.2589832674139553,457.99552875774134,1.541690957819332,0.019323337720394042,False,False,-0.7073498805468814,1.7566670654903673,high,2.311726400830015,True,False,True,True
2019-10-01,29394.4,28765.3,4.897361402171852,-2.1402035761913907,2.3859986936287254,-3.1722028685736037,1.1944016485166964,0.2586362940169229,2.075757897945163,1.7433801970701133,0.8624110611398098,459.36190002394505,1.562753109517272,0.019583726633574005,False,False,0.4393727468614994,1.7803387848703638,high,2.362813028963381,True,True,True,False
2019-10-03,28535.35,28419.35,1.8256303146798647,-0.4065133247007635,1.628681617712767,-0.406338103440107,-0.03747440128926138,0.07520942389933616,-0.23686446927609905,0.4862875359789337,0.2992524852575464,473.6466204508197,1.6598591587305562,0.020779556990951856,True,False,-0.5513587551668087,1.8890506355410774,high,2.524616943523683,True,False,False,True
2019-10-04,28647.3,27682.15,3.6876075581293923,-3.369078412276194,0.7424783487449105,-3.02873220163854,-0.26458216716193084,-0.4697002899029745,-0.4382261095798756,0.5891002946401465,0.5878887376108742,476.06713121906614,1.6618219909697116,0.02077976525812457,False,False,0.9238423820389974,1.889069568920415,high,2.5251762062145695,True,True,True,True
2019-10-07,27771.1,27739.5,2.2026495169438762,-0.11378735448001054,2.2026495169438762,0.6231298004040209,-0.7393318458425169,-0.3543946371990514,-0.7272532054436676,1.1163338301576433,0.43989481322880664,470.99232739367653,1.6959800922314079,0.021219817702174106,False,False,0.8227323383479979,1.9290743365612824,high,2.5905965377126416,True,False,False,False
2019-10-09,27794.8,28797.2,4.1520356325643615,3.6064299797084365,0.8204772115647505,2.8800351144818492,0.646959465366681,-0.10672988315246767,0.7801803379147376,1.0398562001447866,0.3618403355656944,473.3125273494443,1.7028815726302917,0.021340044295032667,False,False,0.5845455037041036,1.9400040268211516,high,2.6217671646274274,True,True,True,True
2019-10-10,28527.0,28064.5,2.2140428366109375,-1.6212710765240002,1.2444350965751745,-1.865951554667511,0.32595455568376064,0.4378922524004514,0.0496936449130736,0.6102940913815907,0.5446385466769286,503.12605932502447,1.7636837358468276,0.022095126135239816,True,False,-0.8828983373383559,2.0086478304763467,high,2.764449275615484,True,False,False,False
2019-10-11,28344.55,28038.65,3.0330345692558205,-1.0792198147439147,1.2582665803479027,-0.8474292236073655,-0.2839418097198454,-0.14288437589637937,-0.4399894843046259,0.6902846000708076,0.24461377569290127,501.3052855033311,1.768612609843272,0.02212827728200177,False,False,0.6451210604144109,2.0116615710910697,high,2.7708599851093227,True,False,False,True
2019-10-14,28293.6,28152.75,1.7981098198885967,-0.49781576045465625,1.0306217660530952,0.8839454859049578,-1.3137750186556052,-0.4859350850077271,-1.1131862190986386,1.7270010545234176,0.9383086774122272,508.7858418133783,1.7982364980539,0.02253434536920267,False,False,0.7127661281837616,2.048576851745697,high,2.872896808018303,False,False,False,False
2019-10-15,28297.5,28559.9,1.7833730894955435,0.9272903966781598,0.8884177047442404,1.3146037635833663,-0.4054831789881197,0.09236895701951742,0.023820825356568598,0.5976734857601234,0.194202664853166,511.11891431394724,1.8062334634294452,0.02263709036037458,False,False,0.3733205459502065,2.0579173054885977,high,2.910324052535493,False,False,False,False
2019-10-16,28634.4,28537.3,1.5659486491772185,-0.33910261783031137,0.755210516022686,-0.4106948285977796,0.12852073163889255,0.14379683261172005,0.3043896749898245,0.5928084497559308,0.3661558371869182,516.7740704809512,1.8047316181968234,0.022601074820198623,False,False,0.45360803084044665,2.054643165472602,high,2.9006602408234667,False,False,False,False
2019-10-17,28508.9,28987.35,1.9551789090424443,1.6782478454096639,0.6459386367064371,1.693857006057753,-0.039321463310304505,-0.03914906826941733,-0.15675655190708904,0.28835739760897405,0.28577095208119047,515.790457119303,1.8092260912181917,0.02267716293073188,True,False,0.2069221685303102,2.061560266430171,high,2.931504075613025,True,False,False,False
2019-10-18,28902.1,29099.6,1.3277581905813072,0.6833413488985141,1.0371218700371254,0.7790091377443131,-0.06196946158665284,-0.013396031339840686,-0.31607965344245814,0.3428061351483526,0.2394111242018223,517.6714904633991,1.7911206814155343,0.022449538115982413,False,False,-0.11229036114028812,2.0408671014529465,high,2.885168437811524,False,False,False,False
2019-10-22,29257.75,29411.35,1.5459151848655583,0.5249891054506906,0.8445625518025213,0.8742982628534346,-0.3910068426197344,-0.2361904115516067,-0.018535145356346483,0.5917620889388144,0.39449907101831666,525.9052476199886,1.7974904003896013,0.022466094972333584,False,False,1.088159287412882,2.0423722702121436,high,2.8923156576684192,False,False,False,False
2019-10-23,29514.95,29482.0,1.448249107655614,-0.11163833921453703,1.2346285526487473,0.21091006422169212,-0.3539888833290483,0.16432080450921038,-0.2808275955405892,0.8775340464952832,0.2535332371538419,527.3073615304947,1.7865771804813992,0.022391833190590415,False,False,0.2295032359956206,2.035621199144583,high,2.871625252120027,False,False,False,False
2019-10-24,29655.75,29129.05,2.340524181651108,-1.7760468037395838,1.2771553577299513,-2.084755907370406,0.21300043047782768,-0.058386439234314746,0.24009934670241595,0.588204907447264,0.3535814070101407,415.7996474344109,1.402087782080746,0.017496196723600078,True,False,0.41499898242995936,1.5905633385090978,high,2.444668636223682,True,False,True,False
2019-10-25,29127.05,29393.9,1.7972983875813036,0.9161586909762542,0.8320444397905115,0.590173052197196,0.3467701060959394,-0.11754653874704868,0.5026748936024727,0.6672594069070735,0.28758134407333225,398.756588817243,1.369024974438685,0.017141190443461917,False,False,0.341926702038009,1.5582900403147197,high,2.392969888835547,True,False,False,True
2019-10-29,29471.8,29863.35,2.0696055212101085,1.328558147110126,0.7418956426143006,1.593557230980136,-0.21324952532359998,0.004686004244169872,-0.22074760300163643,0.41781543646016533,0.16718993714060265,398.9603888557449,1.3537021452905655,0.016931225978833567,False,False,0.45485627970427434,1.5392023617121424,high,2.3557315560035184,True,False,False,False
2019-10-30,29939.25,29990.4,1.30414088529272,0.17084596307523903,0.8792805430997771,0.08283440633949368,0.158857030341375,0.04516952740341029,-0.07308481167758174,0.35492531884040557,0.22184738366762988,406.3345703863506,1.3571968916601138,0.016970624793809362,False,False,0.47667123748675877,1.5427840721644874,high,2.3649157334773845,False,False,False,True
2019-10-31,30170.6,30034.85,1.4007013450179928,-0.4499413336161662,0.43038587233929243,0.5888182535315867,-1.092979002084138,-0.3727324474714466,-1.2252829158014955,1.325611855708317,0.6158549031907932,392.15082925539355,1.299778026474096,0.016253374092337354,True,True,0.594356860862133,1.4775794629397594,high,2.2491618887510967,True,False,False,False
2019-11-01,30056.45,30360.95,1.2423290175652741,1.0130936953632208,0.8771827677586601,0.5937161574304461,0.3811820115164899,0.06313672480300347,0.12850035630393997,0.6790166330961878,0.2105106986251642,391.8976440879014,1.3038720277607683,0.016265563399147333,False,False,0.5370428019450868,1.4786875817406666,high,2.2527042910111943,False,False,False,True
2019-11-04,30447.1,30330.4,1.2391984786728434,-0.3832877351209074,0.6255111324231232,-0.10312969051239351,-0.31414697015028636,-0.11727596913270188,-0.18649100629426485,0.4150816847877905,0.2332342307470554,386.67418442378766,1.2699869098330798,0.01585388612094395,False,False,0.18098906654766544,1.441262374631268,high,2.1783319418174982,False,False,False,True
2019-11-05,30376.1,30213.7,1.181191792231402,-0.5346308446443016,0.5673868600643341,-0.5823657414875449,0.0730151792100342,0.042206663687371915,-0.01075286605237702,0.41226257649209247,0.14317162388069585,343.57534959378245,1.131071301430343,0.014148566215012575,False,False,0.24018806214227695,1.2862332922738704,high,1.9940776888048333,True,False,False,False
2019-11-06,30111.6,30584.8,2.270719589792638,1.5714874002045853,0.6977377489074051,1.7302302102844003,-0.08357109745825708,-0.18197946697626755,0.07029474751107934,0.41573356489491115,0.30411443181966424,336.3829451376332,1.1171207944368058,0.013998542192173708,False,False,0.038062203569899644,1.2725947447430643,high,1.9620306943719599,True,True,True,False
2019-11-07,30706.8,30650.35,1.151699297875394,-0.183835502234031,0.8255500410332566,0.010258314119360179,-0.17339657016699483,0.04634086644366153,-0.16982075199819535,0.5367967059536031,0.19923309129476796,325.4117894161318,1.059738525069795,0.013281574679253646,True,False,0.45055060029819405,1.2074158799321495,high,1.890982000921221,True,False,False,False
2019-11-08,30539.95,30754.1,1.9677504383602484,0.7012126738910718,1.0052406765564448,1.2151296907820797,-0.5347602232858462,-0.22586146190128886,-0.5767346503212645,0.9668063685963386,0.4771972409854156,317.98282103171914,1.0412028213265545,0.012992291346920499,False,False,-0.25790896351917114,1.1811173951745908,high,1.8389525800591098,True,False,False,False
2019-11-11,30675.3,31133.9,1.8524676205285684,1.4950139036945087,0.9349541813771969,0.9709766489651273,0.5604854527227587,0.6005981757577272,0.6418810847838907,1.0444530181786482,0.7958450686028832,291.1615135549928,0.9491725054196465,0.011864103773518002,False,False,-0.29085552820599103,1.0785548885016365,high,1.7304324424592508,True,False,True,True
2019-11-13,31092.25,30544.4,2.2510432664088365,-1.7620146499529588,0.6347240871921412,-1.0026614349234908,-0.7559981156901263,-0.01652873627173701,-0.8629278535197016,0.9686327382596172,0.3847431581669236,290.68883690924304,0.9349237733172833,0.011713487374063353,False,False,-0.1578665056417683,1.064862488551214,high,1.7124477113907157,True,True,True,True
2019-11-14,30529.0,30753.35,1.467293393167155,0.7348750368502133,0.9025844279209908,0.13282452749843188,0.612537639579247,-0.013491130800580287,0.33191921070101493,0.7392977652598746,0.3678364939964515,276.55549656059156,0.9058780063565512,0.011319079406984558,True,False,0.23375807021908113,1.0290072188167778,mid,1.6728437665655143,True,False,False,True
2019-11-15,30921.3,31012.05,0.9207245490972266,0.2934870138060264,0.631280056142532,0.6878753480610511,-0.45272049849039986,-0.24124501094373585,-0.5123159666994725,0.6242371683689809,0.49246813441483195,277.0947162537432,0.8961289345976502,0.011214074632554178,False,False,0.5171794292329279,1.019461330232198,mid,1.655919519408372,True,False,False,False
2019-11-18,31133.7,31007.0,0.9573227724298843,-0.4069545219488879,0.7760079913405801,-0.430401783276646,0.05919412123343015,0.07888725414280096,-0.03335653788143489,0.34968080336261786,0.21859351608073926,274.11380028903295,0.8804408094413222,0.010987387979309635,False,False,0.0798076876568965,0.9988534526645123,mid,1.6126752297044622,True,False,False,False
2019-11-19,31054.55,31286.2,1.0286737370208254,0.7459454411672395,0.4379390459691092,0.533738212274848,0.18353443112333334,0.3275007618161574,0.26719667887511456,0.5368302034253308,0.3882856730445358,271.04728071913814,0.8728102024313286,0.01083253485476903,False,False,0.12303673364080225,0.9847758958880934,mid,1.5825436177271797,True,False,False,True
2019-11-20,31264.5,31337.0,0.8335332405763679,0.2318924019255153,0.5386300756448937,0.08076252618784974,0.15995653528710907,-0.11680735073598125,0.1785260493000429,0.4295336332185507,0.16732294443762757,265.0162178171686,0.8476585834322269,0.010556910330462695,False,False,0.019657229065850323,0.959719120951154,mid,1.5365328873943136,False,False,False,True
2019-11-21,31352.3,31336.4,0.6847982444669038,-0.05071398270620753,0.5120836429863176,0.28610341187089716,-0.30182558361427914,-0.09274545674747836,-0.16497393220782364,0.4230010813561478,0.15919709843767163,264.3121795577845,0.8430392014550271,0.01044753192972701,True,False,0.24332258990968914,0.9497756299751827,mid,1.5119053791061792,False,False,False,False
2019-11-22,31285.45,31130.1,1.0645523717894396,-0.49655670607263724,0.5558494443902767,-0.390756725570518,-0.16445679519433432,-0.0480291966112989,-0.05573527191423677,0.30677209015761714,0.24721382469825368,256.14560086619895,0.8187371473518806,0.010248462108052435,False,False,0.16977061819480888,0.9316783734593121,mid,1.4691995809479768,True,False,False,True
2019-11-25,31144.55,31566.7,1.7088061956265246,1.3554538434493502,0.7399368428826255,1.250780634171944,0.11162519304499519,0.15974516917600656,0.1670545568770665,0.3960791650942994,0.28078346518522984,254.41003818428908,0.8168685634702991,0.01014447531895078,False,False,-0.20880112816855645,0.9222250289955254,mid,1.4497494593061169,True,True,True,True
2019-11-26,31645.6,31778.2,1.2093308390423854,0.4190155977450427,0.6408473847865084,0.03965796192837434,0.4324320909465662,0.4154625988914695,0.366964657752189,1.208851433201236,0.7057021491622755,251.15905168161225,0.7936618413985271,0.009848914383837223,False,False,0.3996299898310518,0.8953558530761111,mid,1.4181788917953397,True,False,False,True
2019-11-27,31819.8,31900.1,0.5696138882079711,0.2523585943343454,0.40147958189554933,0.11062294546162477,0.1522523936587694,0.12443568495332791,0.3201086734357039,0.3533197300266811,0.2182724309836987,245.49392514425745,0.7715130992157633,0.009652467233133755,False,False,0.17165855838279231,0.8774970211939777,mid,1.3890027406489476,False,False,False,True
2019-11-28,31999.7,32132.3,0.7753197686228263,0.4143788848020469,0.4245352300177769,0.15656396778720438,0.21310585401468352,0.0077843789311193845,0.14967212450225365,0.36599292351278095,0.22621405173810066,234.9357528217297,0.7341811105158164,0.009201580205026677,True,True,0.2557985711643562,0.8365072913660615,mid,1.314187125276425,True,False,False,True
2019-11-29,32004.6,31926.3,0.9623616605113015,-0.24465233122737962,0.4016610112296335,-0.5280490929428949,0.3686124967018145,0.06388465687832134,0.44101953153854456,0.5666612220281743,0.3294444070392146,231.6302947778222,0.7237406334646338,0.009070287773644058,False,False,-0.18097054988281958,0.8245716157858234,mid,1.2879122939546641,True,False,False,False
2019-12-02,31903.35,31871.8,0.9400266743147709,-0.09889243606078235,0.5736074738232819,-0.25592923627142383,0.2647564397879387,0.19438482228235632,0.130867665173362,0.359345980887263,0.2595461318519518,227.72154692147342,0.7137856899713461,0.008945860188988746,False,False,0.2568415381675848,0.813260017180795,mid,1.2658864430272625,True,False,False,False
2019-12-03,31826.6,31633.1,1.3231070865251149,-0.6079820024759153,0.6964300302262934,-0.9215561825642649,0.2697148728487031,0.015025179036864955,0.13808502046730453,0.37436614626442294,0.14803755345800312,226.0806227601097,0.7103511614816214,0.008867291399201097,False,False,0.15154462565654114,0.8061173999273724,mid,1.2509045927922524,True,False,False,False
2019-12-04,31543.9,31968.35,1.816991557797233,1.3455850417988913,1.3324287738675398,0.37915413122664443,0.9869407993430945,0.1481425801864722,1.1693834160170002,1.1236913165000688,0.40981937880339175,226.44935350554624,0.7178863536390434,0.008894862057924453,False,False,-0.26491238607661005,0.8086238234476776,mid,1.2548426844545446,True,True,True,True
2019-12-05,32112.8,31677.0,1.5322550509454151,-1.357091253331999,0.3783538028449715,-0.9007311726165312,-0.5808591436216259,-0.5331941663024975,-0.8446104763038975,0.6845559342059531,0.6646064077614894,233.84914527750516,0.7282116329859282,0.009119917770978692,True,False,0.3611384384868188,0.8290834337253356,mid,1.2866698628711728,True,True,True,True
2019-12-06,31812.2,31319.45,1.9740854137720747,-1.5489340567455212,0.3798857042266757,-1.7020199797561975,0.17268533693628463,-0.18958554051793364,0.0833901781706281,0.49551098070881167,0.37120530202251134,223.33454904398786,0.7020405663361473,0.008792123783584458,False,False,0.37929728193957235,0.7992839803258598,mid,1.250242604556793,True,True,True,False
2019-12-09,31303.7,31332.4,1.317895328667216,0.0916824528729876,0.9446167705414921,-0.03785495005383943,0.12782881165542825,0.07250276676307177,-0.007340234217312336,0.3587196027080534,0.21159948449574645,227.59740615205737,0.7270623158031075,0.009112178218811027,False,False,0.006226162975409011,0.8283798380737296,mid,1.291438243112904,True,False,False,False
2019-12-10,31367.2,31176.95,0.8673072508862737,-0.6065252875615323,0.546111862072481,-0.5127968068555755,-0.15381484858050243,-0.0200548057732175,-0.18691918107937022,0.33839266687708924,0.17423615255770739,223.41715475126512,0.7122636217171604,0.0088606993395173,False,False,0.1723455592294254,0.8055181217742999,mid,1.259009143523038,True,False,False,True
2019-12-11,31197.45,31285.35,1.087428619967337,0.28175379718533566,0.594439609647574,-0.5827399354754959,0.868432549374254,0.5688238253442446,0.48225702066977405,1.0402812773551464,0.8222951936878051,212.39399928647617,0.6808056404817578,0.008531919022224716,False,False,-0.08114969552825979,0.7756290020204287,mid,1.209692428546285,True,False,False,False
2019-12-12,31417.45,31665.8,1.1293087121965635,0.7904842690924951,0.3596727296454677,0.49208322126714776,0.3088174508782293,0.029374373228252537,0.38258129852593026,0.45309062921159465,0.2537882676226567,201.18615826192763,0.6403643779553325,0.008008765459075263,True,False,0.22838165467222726,0.7280695871886602,low,1.1515644784546968,True,False,True,True
2019-12-13,31810.7,32029.6,1.0152244370604881,0.6881332381871497,0.5004605368633847,0.6383072362444064,-0.07777907930186512,-0.23857528453611332,-0.01437794298521089,0.4337198859864856,0.37096117771986614,200.3475512069781,0.6298118281175142,0.00788769562111354,False,False,0.3465884329465929,0.717063238283049,low,1.1349824581905965,True,False,True,False
2019-12-16,32113.75,31995.6,0.8714335759604598,-0.36791094157487825,0.6716749056089705,-0.32120197734615274,-0.030927255346657745,0.07223806664666821,-0.06074300089162765,0.3098973465039729,0.22171770239167873,202.99776002114777,0.6321210074225145,0.007912592548525553,False,False,0.40400129879860636,0.7193265953205047,low,1.1397503501646986,True,False,False,True
2019-12-17,32036.9,32152.15,0.68936133021609,0.35974142317141133,0.6445692311053816,0.3144811139654591,0.07934618741569643,0.05755234541362508,0.062377306482575,0.24628434250792394,0.1577245358092158,203.73040307168594,0.6359242094949447,0.007890731216370047,False,False,0.27128730200403073,0.717339201488186,low,1.1352451390087874,True,False,False,True
2019-12-18,32195.1,32276.0,0.8529248239638906,0.2512804743578956,0.8105270677836091,0.04892048790032799,0.17618287005776168,0.0888676585310666,0.2898271449151224,0.3310996139499511,0.24039244454301395,200.68132057948242,0.6233287692210381,0.0078102103369401986,False,False,0.4357406891918547,0.710019121540018,low,1.1182150619218953,True,False,False,True
2019-12-19,32185.6,32249.6,0.7424127560151147,0.19884668920262527,0.5999577450785513,0.19138993835752238,0.0009303133295279764,-0.04277570959632104,-0.07421420481571461,0.24761839787641152,0.20116982266679104,201.07799312105453,0.6247452063067165,0.007815491940855585,True,False,0.017505267071515895,0.7104992673505076,low,1.1190934334786107,True,False,False,True
2019-12-20,32202.75,32381.15,0.7511780826171723,0.5539899542740923,0.606004145608687,0.718261639145723,-0.17635787081786702,0.07743000389468513,-0.03010504344389542,0.2671575088525726,0.1998343214287855,201.10696745215319,0.6245024647030244,0.007826865970045713,False,False,0.0534890355229134,0.7115332700041556,low,1.1219301457259707,True,False,False,False
2019-12-23,32341.8,32336.3,0.9348582948382543,-0.01700585619848205,0.447872412790873,-0.3320779919484984,0.3643622961804649,0.21994464210204345,0.06139428430038674,0.5422778150050854,0.3980688240861068,202.53179101625392,0.6262230024805481,0.007745921983726638,False,False,-0.0004632324670406085,0.7041747257933306,low,1.106363426353496,True,False,False,False
2019-12-24,32313.6,32286.8,0.4340277777777778,-0.08293721529015752,0.3080746187363812,0.03651713210537366,-0.11136753141492983,-0.04844443825345879,-0.12681562863434692,0.26929287804636376,0.17288318699397942,192.52313544709068,0.5957959974966908,0.007456905368763203,False,False,0.0046387496404953765,0.677900488069382,low,1.0673909286134342,False,False,False,False
2019-12-26,32281.4,32020.6,1.0459583537269184,-0.8078955683458622,0.2557200121432133,-0.7660758207512774,-0.11612625296167911,-0.01937312322868312,-0.035615762161678166,0.3696061384587095,0.22341585658889296,187.84868551695035,0.5819099714292142,0.007268262555151431,True,True,-0.03298561641289499,0.6607511413774028,low,1.028699683218289,True,False,True,True
2019-12-27,32114.7,32414.35,1.179677842234237,0.93306180658701,0.6520378518248584,0.7521477703356982,0.20057948618892318,0.19608933885906232,0.23961426740644054,0.40394050608460724,0.30054670140337536,189.5333880095477,0.5901764239103828,0.007384285812151595,False,False,0.38069242924867464,0.6712987101955995,low,1.0525369995487863,True,False,True,True
2019-12-30,32473.45,32372.1,1.1155266841065548,-0.31210111645052496,0.407409745499783,-0.3407398967464226,-0.03368064567960127,-0.07196866737502194,0.1389791686012387,0.2836590159071504,0.197991054881521,195.52293729517442,0.6021009079576528,0.007498658893209712,False,False,0.22289510664257328,0.6816962630190647,low,1.072682069803753,True,False,False,True
2019-12-31,32290.1,32179.4,0.7223576266409829,-0.34282953598779864,0.48683652264935917,-0.22390763732537122,-0.12368938909546046,-0.042091856545978246,-0.19029569500578214,0.4744271800060791,0.2909153037292385,194.5687844919994,0.6025648247976916,0.007544663685790276,False,False,-0.08077943661362053,0.685878516890025,low,1.0804220835828469,True,False,False,True
2020-01-01,32292.0,32128.9,0.8948036665427992,-0.5050786572525667,0.6664189272884947,-0.6314257401213941,0.10081619042574541,0.10674370913352771,0.10986373779811043,0.19508789862909362,0.1950994508542681,193.16699924631394,0.5981884034631301,0.007492174282308276,False,False,0.1817933211930578,0.681106752937116,low,1.0696303781240788,True,False,False,False
2020-01-02,32197.35,32432.65,1.025394947099677,0.7308054855446278,0.3800002174091922,0.5694568031219926,0.15132470885435012,0.035936769793365464,0.22189326254176134,0.2725388889060459,0.16194681666540708,188.87383753957693,0.5866129900118392,0.007351356851896399,True,False,0.01322796609906085,0.668305168354218,low,1.0484840693435282,True,False,True,True
2020-01-03,32266.95,32077.8,1.130258670249282,-0.5862035302376056,0.5203466705096126,-0.7625449569915954,0.24265401659540053,0.25799600199900574,0.2553343005323727,0.4586067224843728,0.39605197401299125,182.60282730525614,0.5659128839424121,0.00701447652295089,False,False,-0.3259061470462621,0.6376796839046263,low,1.0090222223955763,True,False,True,False
2020-01-06,31748.95,31228.7,2.3260611768263204,-1.638636868305876,1.3061849289504084,-1.596588233626628,0.011682972148108206,-0.08841393710619094,-0.06956115704990218,0.48012214307319784,0.2174375306770781,177.57167655628655,0.5592993675579399,0.006841951064152541,False,False,-0.5217003659851893,0.6219955512865946,low,0.9887482643306551,True,True,True,False
2020-01-07,31746.7,31400.95,2.0428894971760823,-1.089089574664448,0.8304800183956058,-1.1613805529393617,0.1491490853464228,0.2416341165043301,0.2651419674108313,0.49126776722543763,0.3776828962919062,183.0868870050508,0.5767115542876923,0.007080868277010021,False,False,1.1827261461412109,0.6437152979100019,low,1.005711720282593,True,True,True,False
2020-01-08,31041.0,31355.3,1.759125028188534,1.0125318127637728,1.4421249315421587,0.6821623014722444,0.37916663333625866,-0.15865135211688974,0.28450638940613615,0.7157770116229795,0.29820725563395534,187.4305746563805,0.603816161387779,0.00745588877982445,False,False,-1.2912029731584562,0.6778080708931318,low,1.042479195322352,True,True,True,True
2020-01-09,31865.25,32071.55,1.4631926628537355,0.6474137187061135,0.5560916672550842,0.7578788805987724,-0.09203672125019935,-0.09374815073207587,0.040699659900544916,0.21989145584650752,0.12582808271016702,200.0197919297916,0.6277050766267066,0.0077866923218784445,True,False,1.2532171594594965,0.7078811201707677,low,1.0872257278985795,True,True,True,False
2020-01-10,32169.9,32081.9,1.212935072847602,-0.2735476330358533,0.6290041311909648,-0.46487555136945913,0.23282069059209487,0.05159242916172868,0.23720328118193024,0.5007752882151575,0.26778185286961914,204.75382161322705,0.6364764006516248,0.007918174146357789,False,False,0.44946377708592333,0.7198340133052535,low,1.1062036026805289,True,False,False,False
2020-01-13,32244.2,32198.2,0.7661843060147342,-0.14266131583354769,0.7661843060147342,-0.20546330812983848,0.032009497186735736,0.04584518314763031,0.3238338940947827,0.14746122733112918,0.12494755000232206,207.34007603534155,0.6430306102658511,0.0079466437849184,False,False,0.178293679613728,0.722422162265309,low,1.1101894863554893,True,False,False,False
2020-01-14,32061.6,32061.45,0.6445405095191802,-0.00046784938991795144,0.5221199191556299,-0.04974798512862311,0.053361376661098525,-0.16456177060368837,0.034787654906476284,0.38445155582739227,0.21453748334142228,204.19794099488718,0.6368925474551712,0.007886850210593644,False,False,-0.005435086433402958,0.7169863827812404,low,1.0978066051851543,True,False,False,False
2020-01-15,31896.65,31835.85,1.0214238799372324,-0.19061562891401485,0.8631000434214855,-0.28686398101368527,0.1290671479304395,0.20137057849991535,0.4171672358177281,0.31818746335106335,0.24133005267099422,199.51714526270734,0.6255112849239883,0.007838526243549252,False,False,-0.2080380020242356,0.7125932948681137,low,1.0863882822529827,True,False,False,False
2020-01-16,31860.6,31849.45,0.9179048731034593,-0.03499620220585031,0.5582129652297891,0.07422961275054263,-0.0845244909320475,0.08498205323552721,-0.21127808361851574,0.30124591295074926,0.13242120310081704,203.85716005007635,0.6398409322174609,0.007918028622284036,True,False,-0.07947015707134852,0.7198207838440032,low,1.102883702326558,True,False,False,False
2020-01-17,31510.2,31553.7,1.00967305824781,0.1380505360168982,0.7810169405462427,0.2384942018774705,-0.07250196689286836,-0.27346835603020425,-0.25897157158928374,0.3113785346687695,0.3107523144491206,199.59968617373124,0.6334446819561007,0.007933752820395969,False,False,-0.8722285628166238,0.7212502563996335,low,1.106333214908837,True,False,False,False
2020-01-20,31730.1,31097.7,2.746445803826653,-1.9930602172700262,1.6107733666140422,-1.977302309163842,-0.07266250196928947,-0.10397766810393838,-0.2171906477996033,0.2985271375153879,0.27705950511772853,203.78878270499445,0.6422569821872433,0.007997088007278443,False,False,1.1733964638061423,0.7270080006616765,low,1.119708418133873,True,True,True,True
2020-01-21,30911.75,30955.1,0.9965466206216059,0.1402379354129124,0.9965466206216059,0.04593722451817772,0.08908376298868426,-0.028905981277327353,0.06966906386438598,0.36555061364323255,0.20056552372308567,219.99440270661944,0.7116853711181652,0.008913271512106653,False,False,-0.38218260514444324,0.8102974101915138,mid,1.21871256277877,True,False,False,True
2020-01-22,31142.05,30691.85,1.7083011555115994,-1.4456337973897004,0.8093558388095815,-1.5443748886152298,0.114151155698905,-0.01872851310262824,0.19584738266293922,0.31358953201288103,0.2162736121764697,224.20164271887916,0.7199321904591354,0.008927078099557527,False,False,0.3440466998976044,0.8115525545052296,mid,1.2217456397125335,True,True,True,False
2020-01-23,30695.45,31012.75,1.5077153128558116,1.033703692241028,1.071982981191021,0.9928181538306102,-0.017419242456506723,-0.10860982644987915,0.013875219825432161,0.23096625183062863,0.15082907649418847,226.84921736833348,0.7390320629550421,0.009260553858534424,True,False,0.16405006540824996,0.8418685325940385,mid,1.2856967750921204,True,True,True,False
2020-01-24,31095.4,31257.0,1.580458846002948,0.5196910153913326,1.0432411224811315,0.6111836477421084,-0.17995585807459857,-0.15825491189677132,-0.3443208598128966,0.3431307524743884,0.21436347156926294,233.13116910005556,0.7497287994367513,0.009394632127412811,False,False,0.08818953494933446,0.8540574661284374,mid,1.308661476372875,True,True,False,False
2020-01-27,31087.6,30819.2,1.3444267167616695,-0.8633667442967563,0.839402205380926,-0.43570426793961836,-0.3959337235054816,-0.09511017063121852,-0.43292699665576917,0.5064268556465382,0.23202344862674257,236.46413920935447,0.7606381297023717,0.009522971495288865,False,False,-0.4685350481492212,0.8657246813898968,mid,1.3288923262618912,True,False,True,True
2020-01-28,30865.8,30780.7,1.2640203720622873,-0.2757096851531471,0.9202742193625284,-0.12100771727930892,-0.12942590367015505,0.3067334758131812,-0.26804831672135876,0.6422638828744228,0.4359101334445466,237.8265246944593,0.7705179347188775,0.00958781774199301,False,False,0.3335583013186483,0.8716197947266373,mid,1.3403103165329895,True,False,False,True
2020-01-29,30918.25,30872.65,0.783032674876484,-0.14748570827908258,0.5055266711408287,0.2136278735051178,-0.33420151496079686,0.04730100773824297,-0.3190809435886788,0.5246205336250916,0.21382647333729668,239.89435132684775,0.7758988666138859,0.009709412237749338,False,False,0.436637243467497,0.8826738397953943,mid,1.3673409502445417,True,False,False,False
2020-01-30,30745.25,30620.0,1.212707654027865,-0.4073800017888929,0.868752083655206,-0.5726087769655441,0.1288879002394605,-0.11242353486353718,0.24103487800883894,0.6210499456969713,0.442188359187483,240.21214957041047,0.7812984105525586,0.00968762632667372,True,True,0.053769274746406914,0.8806933024248836,mid,1.3616813092033573,True,False,False,False
2020-01-31,30900.4,30812.75,1.0873645648600017,-0.28365328604160744,0.53316461922823,0.2849477676664325,-0.5447190808188229,-0.5116509539788483,-0.5016941054170942,0.7788385672726521,0.6162408019846294,240.0347782819117,0.7768015245171962,0.009735856185340546,False,False,1.0793598954931483,0.8850778350309587,mid,1.3706618398419195,True,False,False,False
2020-02-01,30608.4,29814.75,3.800427333673109,-2.5929156702081846,1.331007174501122,-0.9294834097829385,-1.7215793483028374,-0.2934135843463692,-1.716069414488397,1.8970185233429735,0.7733472066324233,237.55095357353275,0.7760972594893322,0.009724436691328615,False,False,-0.28089021590088636,0.8840396992116922,mid,1.3685340180425294,True,True,True,True
2020-02-03,29905.5,30046.5,1.6383273979702753,0.47148517831168135,1.1257126615505557,0.1939442577452377,0.2511388856442087,-0.06736751056255486,0.38280054270456443,0.6087406344385717,0.5041751222595539,255.55225189303928,0.8545326173882373,0.01070943482988005,False,False,-0.01006213367544806,0.9735849845345501,mid,1.4421124244535504,True,False,False,True
2020-02-04,30203.0,30679.8,1.9514617753203374,1.5786511273714554,0.6446379498725316,1.6394066814554797,-0.07459732915502393,-0.02623576994651433,-0.017111846286732568,0.2521324574933716,0.12286813999798174,254.269894171357,0.8418696625214614,0.01055137692784941,False,False,0.6283593763000583,0.9592160843499462,mid,1.4216613957220328,True,True,True,False
2020-02-05,30658.4,31018.0,1.4115218015291078,1.1729248754011934,0.8216345275683058,1.3024163035253,-0.15825383077304744,0.012417472189696355,0.1577857666579474,0.35965316169580197,0.1404625750289566,262.08947473986336,0.8548700347697967,0.010620550596234759,False,False,0.2677657611848794,0.9655045996577053,mid,1.4310448811238243,True,False,True,False
2020-02-06,31074.35,31286.7,1.7623860193374852,0.6833610357095177,0.5419260579867249,0.8135327046261631,-0.16168084233644242,-0.20277568159591253,-0.2099399214480102,0.2595192987552307,0.23611959776707442,263.81018538612625,0.8489644526309521,0.010603766956456706,True,False,0.17006254432909707,0.9639788142233368,mid,1.4279541558442814,True,True,False,False
2020-02-07,31225.05,31163.25,0.8180931655834041,-0.19791801774536877,0.7599667574591531,-0.06196947642997941,-0.06296926523039481,-0.04439116792042119,0.034001113055293075,0.2630929605809148,0.23413536581847783,268.91259889104913,0.8612079048425836,0.010768130002051323,False,False,0.2568183924798628,0.9789209092773931,mid,1.455523132569158,False,False,False,True
2020-02-10,31141.25,31066.3,0.9322040701641807,-0.24067755790150303,0.7674707983783567,-0.5194075382330521,0.3140786649235672,0.24499328244225183,0.1892443444311498,0.3571716780451636,0.27934717919025503,269.6012724371194,0.8657368359880204,0.01077623096341206,False,False,0.2740407370861453,0.9796573603101871,mid,1.4578081211155751,True,False,False,False
2020-02-11,31291.75,31299.95,0.8757899446339666,0.026204990133193995,0.8757899446339666,0.11600501729689405,-0.09033438085038759,0.07417697923843836,-0.11855033522780722,0.23876366387311979,0.16290159880166044,270.3183218369486,0.863864506897021,0.01082235138212391,False,False,0.5275813341144575,0.9838501256476281,mid,1.4721660803406968,True,False,False,False
2020-02-12,31442.3,31482.65,0.588856413175874,0.12833030662515732,0.476905315450844,0.24075846868709672,-0.11453772447489463,-0.1593611599589595,-0.08362889084604364,0.20575544133511703,0.2056631089221705,272.7029583468102,0.8673123732895184,0.01079367449922601,False,False,0.45111893149989424,0.9812431362932738,mid,1.4651272768703074,False,False,False,False
2020-02-13,31480.65,31197.75,1.325258531828284,-0.8986472642718679,0.9968027979091896,-0.7657084590057761,-0.06546178568226368,-0.01873498799038753,0.027715031800190637,0.24312091063906305,0.18414731785428343,270.3704704593092,0.8588465309938302,0.010743221694855967,True,False,0.3300230444387653,0.9766565177141787,mid,1.448603720244011,True,False,True,True
2020-02-14,31356.55,30861.95,2.088080480792689,-1.5773418950745466,0.5099413041294449,-1.6368191015912137,-0.015724646843884305,-0.05995407841669076,-0.26213231132456993,0.310440192845772,0.22912180238163762,273.0935870532048,0.8709299557929838,0.010819495300379432,False,False,0.2695707222476029,0.9835904818526755,mid,1.4642590943713198,True,True,True,True
2020-02-17,30867.5,30711.55,1.1808536486595933,-0.505223941038313,1.1218919575605386,-0.5902648416619471,0.02460461523920987,0.005213212234744802,0.15761367029374362,0.2716284344620993,0.21797743656578936,259.75863530702554,0.8415279349057279,0.010488741947215597,False,False,0.03855880785237353,0.9535219952014177,mid,1.432423995891723,True,False,False,False
2020-02-18,30580.35,30618.65,1.3775185699313448,0.12524382487448804,0.7874337605684673,-0.5639242193107519,0.6723581700808001,0.5828825084319034,0.903812526472425,0.9321590770819449,0.6868747936172162,257.5259651927918,0.8421289003977777,0.01053159554228577,False,False,-0.16296800389429267,0.9574177765714336,mid,1.4417351293448006,True,False,False,False
2020-02-19,30885.95,30841.05,1.0425452349692983,-0.14537354363391986,0.9068848456984439,-0.3087164228395167,0.17732684650511032,0.02999745427010314,0.21996588416863805,0.3312699330315096,0.17252589915342553,257.1250852093963,0.8324985477519593,0.010421574618958691,False,False,0.9352143219900189,0.9474158744507901,mid,1.4247924839178017,True,False,False,False
2020-02-20,30721.9,30939.55,1.212978363968379,0.708452276714655,0.7532086231645876,1.0238624564235854,-0.337345282724022,-0.03571105394469809,-0.20036232994610215,0.44351077523362953,0.20796437297205989,252.99247888632271,0.8234922934008727,0.010299995893396023,True,False,0.06890167487811905,0.9363632630360021,mid,1.401616488471714,True,False,False,False
2020-02-24,30507.55,30486.35,0.8940409832975772,-0.06949099485209498,0.6382026744199292,0.2004421856229177,-0.4076064732880469,-0.12220587342751665,-0.4530346454607481,0.46174681945911283,0.19798991842552427,248.06845703462568,0.8131379184320788,0.010189471853467781,False,False,-0.8830121963635529,0.9263156230425255,mid,1.3828257732834925,True,False,False,False
2020-02-25,30416.05,30465.25,0.9134979722876645,0.16175670410851772,0.7200145975562244,0.11211186199391321,0.03382577754131866,0.14268313330845217,0.2832977770754308,0.44285496130560453,0.27944853297739264,244.88947489014754,0.8051324050629438,0.010079727759049915,False,False,0.10053679761599099,0.9163388871863557,mid,1.3601245939813693,True,False,False,True
2020-02-26,30272.5,30345.35,1.2352795441407243,0.24064745230818474,0.4892228920637494,0.004954992154604376,0.2711897998282309,0.3764600848151112,0.10602180784493598,0.7854925018167501,0.5556795542659786,242.5546181865011,0.8012374867833879,0.009996295334381277,False,False,-0.6082339714921114,0.9087541213073888,mid,1.3425622481302995,True,False,False,True
2020-02-27,30206.95,30164.6,1.1624808198113397,-0.14019952361956634,1.1624808198113397,-0.44675149262007885,0.4100159616919452,0.07888238900948252,0.5211601681161859,0.5869247140196862,0.3031006081898384,243.34224097021433,0.805583618902982,0.010095075524203795,True,True,-0.24830822514816386,0.9177341385639813,mid,1.3651554061089615,True,False,False,False
2020-02-28,29529.15,29191.4,1.7294774824199037,-1.143785039528733,1.0049391872099265,-0.7814312298186743,-0.3486538514048565,0.31369234442937266,-0.3998164665025783,1.0234347268110153,0.5380528054506143,238.58135568968646,0.8079519921490678,0.010082887596357521,False,False,-2.1981063896090114,0.9166261451234109,mid,1.3628056676458837,True,True,True,True
2020-03-02,29698.75,28913.4,4.057914895408061,-2.644387390041658,1.5184140746664445,-0.9473462687823564,-1.9175725930911658,-0.9247113925267669,-2.4247302191726106,3.1190723857308913,2.20327168590717,243.63182721612793,0.8203437087962555,0.010281226444995106,False,False,1.7457196297539612,0.9346569495450097,mid,1.3950802202423205,True,True,True,True
2020-03-03,29110.0,29240.7,1.8026451391274476,0.44898660254208966,0.9209893507385852,0.14977670903468798,0.25451402228198194,0.46351435657092654,0.588848699267297,0.6942538828823934,0.5925834265689722,244.63151919829397,0.8403693548550119,0.010528720448848963,False,False,0.34292058353564414,0.9571564044408146,mid,1.4086677435882926,True,True,False,True
2020-03-04,29096.55,28671.25,3.8750298574916955,-1.4616853200808966,1.1267658880520275,-2.467474666240499,0.907902433523855,0.18279457038903324,1.243792967513957,1.4729408779855244,0.6703050657710556,245.84668427529868,0.8449341391859128,0.01058843691393536,False,False,0.04189366191644783,0.9625851739941235,mid,1.4169287699662316,True,True,True,False
2020-03-05,28891.5,28787.6,2.0561410795562685,-0.3596213419171823,1.2072754962532208,-0.3821193084471264,-0.0753967013074397,-0.3837867420385055,-0.42034846680146787,0.6349653070938914,0.4530623272440069,270.5972777891038,0.9365982305837489,0.011733171650532358,True,False,0.5547368879975645,1.0666519682302142,high,1.5121755237939156,True,True,False,True
2020-03-06,27294.25,27780.45,3.0819678137336646,1.7813275689934738,2.2218965533033543,1.8835469009040207,-0.1436618857285521,-0.37795416834834894,-0.12857792811504787,0.7467181619909181,0.6308803085340228,260.1566657674466,0.9531555758720118,0.01194298882864542,False,False,-3.9518751128958196,1.0857262571495836,high,1.5448622943075943,True,True,True,False
2020-03-09,26896.0,26502.25,4.084808149910759,-1.463972337894115,1.4801457465794114,-2.0945493753718014,0.3995040377629877,-0.5720206318552745,0.6740071246741808,1.329528171300642,0.980069537550836,268.19904015258,0.9971707322746134,0.012495948951720732,False,False,-2.696140631271271,1.1359953592473393,high,1.6088487908762708,True,True,True,False
2020-03-11,26443.85,26458.25,2.0522730237843607,0.05445500560621319,2.0522730237843607,0.6515692684688545,-0.5682640051247079,-0.6887830249038829,-0.4828283815848322,0.7891825076128564,0.7754672410590538,294.3837787945522,1.1132409947664663,0.013864890159319099,False,False,-0.86596421058589,1.2604445599380998,high,1.7713463033037289,True,False,False,False
2020-03-12,24935.75,24162.5,6.42791975376719,-3.100969491593397,1.727439519565283,-3.154707598528228,0.20207792422908266,2.200456985500643,-0.12959515957950973,2.4216223378925217,2.4699179368920885,282.24590462390006,1.1318925824324517,0.01412365739312237,True,False,-4.846692430527333,1.2839688539202152,high,1.8281782142396377,True,True,True,False
2020-03-13,22408.6,25346.35,18.9994020152977,13.109922083485802,6.08940317556652,9.887498549663976,2.5011929297338975,0.15912666839947853,0.3504691475826993,4.225306354508262,1.4291638310241506,305.50259727645243,1.3633274603342131,0.017085951521635806,False,False,-5.96689084324884,1.5532683201487094,high,2.1026326430451325,True,True,True,True
2020-03-16,23899.35,23084.9,4.390077554410464,-3.407833267431948,2.9337617968689433,-2.7023747507777363,-0.6749521577396944,-0.0010824010252541427,-0.8165605259654707,1.8478938654395987,1.0200547261958304,605.9193153666511,2.5352962125189644,0.03177611894709195,False,False,-5.068777161208615,2.8887380860992677,high,3.0101076412008454,True,False,True,True
2020-03-17,22869.2,22103.9,6.304767984887981,-3.346422262256654,4.54825704440908,-1.1294667063124209,-2.3647886638745064,-1.1779662344696629,-3.445380172717316,3.5878713363908554,1.8509938740384122,591.9385726246946,2.5883658922248904,0.03239198829675103,False,False,1.139922633409718,2.9447262087955477,high,3.162090612918639,True,True,True,True
2020-03-18,22366.2,20828.65,10.11414545161895,-6.874435532186962,4.550616555337962,-7.27481646412892,0.7579885337357872,2.4418821268543223,1.7205499723748297,3.0346061304492586,3.0853212538361334,600.2447852792484,2.683713752355109,0.0335776000955128,False,False,1.3931930564289319,3.052509099592072,high,3.366210385131666,True,True,True,False
2020-03-19,19066.75,20042.7,12.336134894515313,5.118596509630646,3.924633196533228,7.939475789004424,-2.789041109202617,-0.458982625828408,-4.398384861661975,3.7399389229150684,2.0471371425159566,563.8994910992769,2.957501887313134,0.03699559260654186,True,False,-6.720070671887046,3.363235691503805,high,3.811857059513077,True,True,True,False
2020-03-20,19547.4,20272.9,8.480411717159319,3.711491042286963,4.883258131516207,3.1955656506747587,0.6610632037894026,0.06825501255449673,1.9908031774494628,2.6923391524411184,1.0938050567847244,637.9346460686065,3.2635268427954944,0.04088269006495671,False,False,-0.7204618140270624,3.7166081877233372,high,4.348471479246549,True,True,True,True
2020-03-23,18430.15,17015.0,11.390032094150078,-7.678450799369518,6.358331321231797,-6.5392848132001085,-1.9674948258195268,-0.9627453050404133,-0.7529027309621794,2.516698161678263,1.809656191716222,626.8430464571902,3.401182553897772,0.04263420048343838,False,False,-9.67597137064753,3.8758364075853065,high,4.712919470782945,True,True,True,True
2020-03-24,17643.95,17256.15,9.52904536682546,-2.1979205336673413,8.258354846845531,-0.369815149102104,-2.2655258921308152,0.6376086599967357,-1.0017690140195712,3.9638881145932254,1.8234963330912117,647.8598460565881,3.671852652362924,0.046013738215188164,False,False,4.0602409638554215,4.183067110471651,high,5.2257444297021864,True,True,False,True
2020-03-25,17269.7,18536.9,12.147865915447294,7.337707082346534,3.729364146453032,6.9031309171554645,0.5920316761321542,0.5147204083123968,1.4883489627735225,1.6141394280638184,1.270563783925677,666.132151478243,3.8572305916040404,0.048273715303467954,False,False,-2.875496562095259,4.388519573042541,high,5.65606044363553,True,True,True,True
2020-03-26,18582.7,19660.5,10.949162392978403,5.800018296587672,7.790041274949272,4.595941386343205,1.1462821716593519,0.012972477997652554,1.910740528589816,2.0314610210040183,1.1909243526479043,761.6736344093224,4.0988318942313136,0.05134454814769656,True,True,1.3214183601357066,4.667686195245142,high,6.236403659508861,True,True,True,True
2020-03-27,21020.75,19931.1,8.887171009597667,-5.183687546828731,3.8806893188872897,-2.5550943710381357,-2.5708308821914216,0.2388307089580266,-2.432221681728519,3.574558245234617,1.0000251136392284,898.7006526708992,4.2753025114275145,0.0536067543536249,False,False,5.804023295440097,4.87334130487499,high,6.7163081235709665,True,True,True,True
2020-03-30,19134.85,18763.25,5.4343253278703445,-1.9420063392187492,3.251397319550443,-0.20224877644714478,-1.6649953000997586,0.33421227689125477,-1.0650488531560143,2.384773894214267,0.9529457966995457,843.0125754590917,4.405639842795171,0.055243796658754674,False,False,-3.394945587549092,5.022163332614061,high,7.107345128024159,True,False,False,True
2020-03-31,19140.8,19051.4,3.4854865000418034,-0.4670651174454421,2.6691674329181723,1.0205947504806634,-1.3891079661670136,-1.2709056076218084,-0.910472775460891,2.308112007819565,1.6939367265572487,851.2019322869546,4.447055150709242,0.05576145229341907,False,False,2.9014163324583953,5.069222935765369,high,7.290818840704688,False,False,False,False
2020-04-01,18958.4,18207.35,5.854396995527056,-3.961568486792144,3.7437230989956958,-4.324468309562002,0.3305115348249954,-0.3119616333752462,0.15464711839034972,1.0913220737049032,0.6340572267459854,843.4979331149589,4.4492042214266965,0.05566544832824266,True,False,0.3726760238092819,5.060495302567514,high,7.2607067731693435,True,False,False,False
2020-04-03,17834.05,17317.65,6.589641724678358,-2.89558456996587,4.521967808770306,-3.1044546807931894,0.052371472882573045,0.43509705452655645,0.21649538317076722,0.8544362399018626,0.5675431539017908,800.6567898867906,4.489483823847027,0.05629611251704297,False,False,0.646442233493616,5.11782841064027,high,7.460481159707716,True,False,False,False
2020-04-07,18301.25,19055.45,6.68916057646336,4.121029984290692,2.0143432825626744,3.2776449696058974,0.55869764193619,0.08293423972998148,0.6465585715344835,1.5626074672902561,1.2466464289569505,829.933155348419,4.534844097252478,0.05684539503423368,False,False,6.564978504589236,5.167763184930334,high,7.588419521449509,True,False,False,True
2020-04-08,18624.65,18936.2,9.817902618304233,1.6727831127027804,6.314749538917501,1.2682117516302105,0.3152031854343873,-0.6876171179919455,0.6142048838594372,1.855695793137637,1.0214526042842145,855.4034070010457,4.592856279184015,0.05759377355253763,False,False,-1.3437100671986224,5.235797595685239,high,7.817073953344959,True,True,False,True
2020-04-09,19367.1,19876.45,4.219785099472817,2.6299755771385547,2.311910404758586,1.2077182438258838,1.440487730217832,-0.1308427175103377,1.2581290772701648,2.070302535584934,0.7423629039549303,914.0211155493816,4.719452657080212,0.059083594988781296,True,False,3.258045436782453,5.371235908071027,high,8.151289956497992,False,False,False,True
2020-04-13,19702.3,19531.95,2.998634677169667,-0.8646198667160654,2.8468757454713485,-0.8925353892692667,-0.12367839520240897,0.22844250520999143,0.9950725395711402,1.11515406026185,0.34253527496613356,928.6804093891751,4.713563438731392,0.05908768459549081,False,False,-0.10841976308646473,5.371607690499164,high,8.157054635988649,False,False,False,True
2020-04-15,19878.5,19120.9,7.047563951002325,-3.8111527529743117,1.98430465075333,-4.458585909399604,0.552595275955392,0.24724344555526745,0.9163088711275691,0.9714514379587409,0.7194206839352281,939.13802293966,4.724390788739894,0.059178220002702314,False,False,2.8896244358602052,5.379838182063846,high,8.202552112919602,True,False,False,False
2020-04-16,18864.35,19494.35,4.2983193165945215,3.3396326934137743,2.3149485670060233,2.6481166857061256,0.46168385500853226,0.672502438759337,0.7011649847162182,1.2058521268959248,1.2083826044655819,894.2861084906617,4.74061448441458,0.0593373859451705,True,False,-0.8563927430194185,5.394307813197318,high,8.232780204699406,False,False,False,True
2020-04-17,20345.1,20749.25,5.368614555838999,1.9864734014578556,1.8599072995463355,-1.2204412856166802,3.330132160343946,1.6627991227039507,3.6542968311291446,3.7996098881414064,2.1019367093565293,865.0269831708192,4.251770613911061,0.05330731158934596,False,False,4.618774157640559,4.846119235395086,high,7.509725207294382,True,False,False,False
2020-04-20,20881.6,20488.55,3.2025802620488855,-1.8822791356984059,2.0862864914566006,0.5447379511148487,-2.2092987256702057,-0.07689574785981756,-1.2849329887613448,2.644156920460949,0.7188292379047404,891.6768780765597,4.2701559175377355,0.053494028553389396,False,False,1.7130739665289108,4.863093504853581,high,7.559478714819987,False,False,False,False
2020-04-21,19821.95,19354.25,3.12204399668044,-2.359505497693215,1.4471331024445049,-1.7205673508408625,-0.534112900328032,-0.22604688284438845,0.15791133188258755,1.1182748230318011,0.46779861745814233,835.9594439991324,4.217342108113139,0.05288038443429078,False,False,-3.30184420078532,4.807307675844616,high,7.409141877777422,False,False,False,True
2020-04-22,19179.05,19744.9,3.9172951736399835,2.9503546838868466,1.5464791008939367,2.1732046164955943,0.7514346149822604,0.09683634151287368,0.9146832343853273,1.2546023775442177,0.6626444940174444,776.8803142475172,4.050671510046207,0.05073362415893816,False,False,-0.24439076688582695,4.61214765081256,high,7.060644868068745,False,False,False,True
2020-04-23,19661.15,20221.7,3.8522670342274052,2.851053982091578,1.8157635743585698,2.4205094818970263,0.372944398509234,-0.5762618486617743,-0.12156102140906677,1.0830782065893574,0.7149778890566925,753.5886543070337,3.832881872662757,0.04795461817699736,True,False,0.6404185384580208,4.359510743363396,high,6.649904051063311,True,False,False,True
2020-04-24,19747.15,19636.6,2.185885051766971,-0.5598276206946418,1.4857840245301295,-0.8307527921750935,0.15472524779021057,0.07883477608627842,-0.20022643141544005,0.5959219939641686,0.48423432042637854,736.0654881958471,3.727451749725135,0.046715631791268926,False,False,-2.5915229679008167,4.246875617388084,high,6.423936808632969,False,False,False,False
2020-04-27,19874.4,20080.8,1.8013122408726803,1.0385219176427762,1.2958881777563058,1.2033067664935615,-0.2468485175416424,-0.15774597424310643,-0.06400438317953894,0.5391887558387112,0.3189752980752114,690.0870923097827,3.4722411358822542,0.04347445118484001,False,False,1.192670828962239,3.9522228349854553,high,5.960307745947146,False,False,False,False
2020-04-28,20420.85,20739.0,2.3782065878746548,1.5579664901314239,1.3282992627633032,1.0687606049699205,0.29434423012630884,0.15071097843597503,0.2562121766168657,0.7609343430672815,0.40302486368276313,668.0829567777364,3.2715727150326086,0.04101418260328294,False,False,1.7718417592924585,3.728562054843903,high,5.575603093374238,False,False,False,True
2020-04-29,20591.05,20982.7,4.507783721568355,1.902039963964941,1.6543595397029363,1.9253510627190051,0.007147111375815918,-1.2679604206307538,0.5128843639707004,1.8334723049434152,1.376622582443289,611.9350141412579,2.971849488691727,0.037238133131768186,False,False,-1.439799411736331,3.3852848301607437,high,5.068554759138004,True,False,False,True
2020-04-30,21626.4,21478.45,2.815771464506347,-0.6841175600192373,1.6001276217955798,-0.621693855657901,0.03466414169026599,0.19293503588406757,-0.807175301681462,1.2760591756448345,1.171591015006065,594.9949523685427,2.7512436298623104,0.03448286451810538,True,True,2.890476440114953,3.134805865282307,high,4.753951865382022,True,False,False,False
2020-05-04,20441.6,19813.25,4.251624139010638,-3.073878757044446,3.1822362241703197,-3.4275692705071914,0.2859538168122677,0.31873115609719616,-0.2391048559197806,0.8028995565056393,0.6615318351111146,522.7159409578635,2.5571185276977513,0.03201796325019708,False,False,-4.486822838705773,2.910723931836098,high,4.445943051418011,True,False,True,False
2020-05-05,20106.0,19333.35,5.0096985974336015,-3.842882721575658,2.3256739281806356,-2.7884711031532894,-1.1447735650679025,0.16693106058247587,-1.9235503577311297,1.752334954349756,0.6024033925368375,507.7212731412583,2.525222685473283,0.03165361044053273,False,False,1.6859929592570655,2.8776009491393384,high,4.387737764877021,True,False,True,True
2020-05-06,19130.5,19762.3,4.494393769112147,3.302579650296633,3.091659914795749,2.2121742766786134,0.8729805612237129,0.6816957916578659,0.4067296189773195,2.032607639474867,0.8971024738589699,490.63035044318167,2.5646499069192212,0.032130540771520694,False,False,-0.15982744842459873,2.9209582519564266,high,4.464940918209855,True,False,True,True
2020-05-07,19389.2,19528.4,2.154292080127085,0.717925443030154,2.154292080127085,0.8290697914302703,-0.2680313760393349,-0.011025810653508827,0.21999768694020982,0.6815874209396955,0.36692872198033444,488.82351187277163,2.5211123299196028,0.03158506444252144,True,False,-1.1448566209398714,2.871369494774676,high,4.397449371784447,False,False,False,False
2020-05-08,19813.05,19360.7,3.4348573288817184,-2.283091194944742,0.9531596599211052,-1.3094904620944314,-0.8678708779968791,-0.46113476124207686,-0.8820641835920684,1.55930365763848,0.9944181126339515,477.2731430877793,2.4088827469156913,0.03019477355085095,False,False,1.6161078224534497,2.7449794137137222,high,4.183700330627579,True,False,False,True
2020-05-11,19617.7,18974.8,4.210228518123924,-3.27714258042483,1.5840287087681024,-2.887188610285618,-0.5180748820290515,0.04856572737732545,-0.6382917373331187,0.9857595019762393,0.47166823273540415,454.48067144704873,2.316686825912562,0.029035459623715346,False,False,1.2899843497394148,2.6395872385195767,high,4.023495614405733,True,False,True,True
2020-05-12,18618.35,18888.85,3.7527493037782467,1.4528677353256247,2.383938426337469,1.0707178670505302,0.37092737157038425,-0.3190318741605358,1.714128772375756,1.4268481270293394,1.1761166775297707,389.9758470056695,2.094577913755352,0.02624681826838626,False,False,-1.1773510129223896,2.386074388035114,high,3.7477528559685753,True,False,False,True
2020-05-13,19988.75,19643.35,3.2880995560002497,-1.727971984241139,2.896879494715774,-1.483084234882126,-0.2551758809280824,0.38663218578787184,-0.010181199905312521,0.799804999923828,0.580587128955772,416.5616802808654,2.0839806405146164,0.02610615466925641,False,False,5.9765417164094226,2.373286788114219,high,3.7250772720842527,True,False,False,True
2020-05-14,19170.4,19092.15,1.8353816300129289,-0.40818136293452323,1.2182844385093647,-0.5805825647873908,0.2009538750518347,-0.04815090073585493,0.14079300282374696,0.8861908484660949,0.5424827023122977,401.5634072143439,2.0947054167588774,0.026188304155585162,True,False,-2.268706712449753,2.3807549232350143,high,3.7404646795403607,False,False,False,False
2020-05-15,18873.3,18818.2,2.2174182575384274,-0.2919468243497314,1.9509041873969952,-0.09828699803425822,-0.14982961853113874,-0.13367494708700356,-0.07324724128596749,0.49722218539094926,0.4116339640456751,363.58864267826175,1.9264709546198162,0.0240867770931637,False,False,0.03483106931381208,2.1897070084694272,high,3.4835449409534673,True,False,False,True
2020-05-18,18529.1,17638.45,6.8891635319578395,-4.806763415384441,5.070942463476362,-4.358279678991417,-0.6858880854101357,-0.1506250514139107,-0.8512148542907161,1.2544049476484804,0.6373907542882671,347.7136703716569,1.8765815413142404,0.023485915655816803,False,False,-0.12275350458599288,2.1350832414378913,high,3.3792428999248827,True,True,True,True
2020-05-19,17855.7,17520.55,4.356311990008784,-1.8769916609262083,2.69745795460274,-1.8282677240321066,-0.04164467960693363,0.4595282596979722,0.4051285724518294,0.8057960266411854,0.6407022211010331,350.0856262706802,1.9606379266602834,0.024417499046025252,False,False,2.2604026997837146,2.21977264054775,high,3.45104884256505,True,True,False,True
2020-05-20,17569.55,17939.7,3.326778432003096,2.10676995142165,1.830439595777935,1.7319737841891225,0.08839729549035003,0.45963004975349,0.9910184542257561,1.5354834017293464,0.8653511382652669,348.89056553390947,1.9857683636399879,0.0248065956072171,False,False,-0.1943432141114254,2.2551450552015546,high,3.5082369896766417,True,False,True,True
2020-05-21,17969.6,17740.15,3.008692458374131,-1.2768787285192595,1.6063240138901136,-0.8419775621048897,-0.395660641026363,0.2904545557288474,-0.9896681766451754,0.979049628752446,0.38906218213873184,357.34648563956216,1.9886168063816791,0.024845718596523486,True,False,-0.21042715318538852,2.258701690593044,high,3.5191857142448013,True,False,False,True
2020-05-22,17480.15,17359.5,4.808311141494781,-0.690211468437063,2.917023023257797,-1.5597692239483152,0.6671509516199325,0.3150354125284416,0.07539321461067505,1.148627052157498,0.8744549134521279,343.46912066252116,1.9649094582284543,0.024586945200245652,False,False,-1.0479054573946711,2.235176836385968,high,3.4756215759285247,True,True,False,False
2020-05-26,17666.1,17506.5,2.0638397835402187,-0.9034252042046553,0.9988056220671065,-1.380044265570779,0.29559817016122647,0.2924320647884837,0.6549501442964178,0.6778668717677836,0.4913088272010524,353.283715873873,1.99978329044822,0.024966629482583613,False,False,1.0262392350010252,2.269693589325783,high,3.5244464115112293,True,False,False,False
2020-05-27,17640.2,18711.95,7.428770648858861,6.075611387626001,0.6459677327921494,4.8244917858074166,1.1429730277834116,0.4012808778254051,1.0080498165095486,2.092340972081378,1.0674876596064418,352.18587534431754,1.9964959317032547,0.024947314124238455,False,False,0.5535086967697778,2.2679376476580413,high,3.5188252958661415,True,True,True,True
2020-05-28,18908.15,19156.3,3.2901156379656316,1.312397035140922,2.4938981338734845,1.0061798748158823,0.42071587148659884,0.09394204297847875,0.3967973532883695,0.750586436560123,0.4256096447164087,407.12735694042567,2.1531845100680163,0.026989359223916144,True,True,1.1356379212214662,2.4535781112651036,high,3.8009583932456836,True,False,False,True
2020-05-29,18911.95,19212.45,3.3039956218158473,1.588942441154928,1.4572796565134858,1.2875457052287098,0.5228277069972087,0.1448427403102137,0.23581099722544963,1.1696410160032935,0.7283743547737146,410.2384929949112,2.1692025042098315,0.027189005125738547,False,False,-1.014287727797114,2.471727738703504,high,3.8465037950470453,True,False,False,True
2020-06-01,19809.0,19917.7,2.797465798374465,0.5487404715028621,2.498106921096464,0.7029632995103174,-0.09173737044602115,-0.11777411926258141,0.41946520076385774,0.5794994548393897,0.3420461123264398,423.93645944879427,2.140120447517766,0.026825482205706516,False,False,2.688100684712258,2.438680200518774,high,3.784217181784225,True,False,False,False
2020-06-02,19938.55,20612.95,3.7924021556231597,3.382392400651013,2.0886674306807707,2.2032695456790874,0.8784047384782889,0.28710118060297773,0.6790510426971874,1.0783767669307607,0.6110352229485803,427.3227412987126,2.1431986844515403,0.026818014001551194,False,False,1.0186919172394227,2.43800127286829,high,3.7836271982517893,True,False,True,True
2020-06-03,21128.7,20918.5,3.7380435142720527,-0.9948553389465542,1.301547184635117,1.6766294187526842,-2.571574201867066,-0.320035051458023,-2.3183096290937955,3.6764038458405355,1.1820342227958334,449.0871835210837,2.1254842158821114,0.02662319664566042,False,False,1.7156690333018698,2.420290604150947,high,3.7597084341209914,True,False,False,False
2020-06-04,20979.75,20379.35,3.9240219735697517,-2.8618072188658195,1.747399277875087,-2.311038024761969,-0.4845107807308291,-0.1942716769511632,-0.06663661485997174,0.8075179678846932,0.4768709047579469,437.67155170467777,2.086161902332858,0.02611647642750165,True,False,0.06620933623346925,2.3742251297728774,high,3.698084154679484,True,False,True,True
2020-06-05,20601.75,21177.4,3.736575776329677,2.7941801060589633,1.5425874015556895,1.1258752290460805,1.5057334990904225,0.81400032893717,1.2813789371092454,1.800208316333629,1.2988251222192329,426.5663483966018,2.070534534185697,0.02595199349524416,False,False,0.6724944613052175,2.3592721359312874,high,3.6720116969817385,True,False,True,True
2020-06-08,21742.0,21223.75,4.088170361512273,-2.3836353601324634,1.2303375954374023,-2.8960077269800433,0.5589145689608221,0.33957983789021373,0.7137130631549304,0.8433452457921514,0.5988137155280417,457.5815766029991,2.1045974455109886,0.026332524616298744,False,False,2.1659882705147737,2.3938658742089767,high,3.7527127826873836,True,False,True,False
2020-06-09,21277.95,20653.85,4.397040128395838,-2.933083309247375,2.2170838826108716,-1.8575567665118142,-1.0834326978791053,-0.7013630671534599,-1.0165991010417486,1.279288597738805,0.9152812062098824,451.3290978943169,2.1211117513403166,0.026551008293045783,False,False,0.33806466811943103,2.4137280266405257,high,3.786646793136081,True,True,True,True
2020-06-10,20879.7,21240.25,2.761773397127343,1.726796840950784,1.4540438799407969,-0.17337413851732375,1.8506968599323548,1.755012438228265,1.480675924376773,2.4626382325425333,2.141819767915613,443.7714359698257,2.125372663255821,0.026607696413879948,False,False,0.5185473894697701,2.4188814921709043,high,3.7957283634513876,True,False,False,False
2020-06-11,20963.75,20534.4,3.713076143342682,-2.048059149722725,1.598950569435338,-1.9424005724166804,-0.07199651692525455,-0.19846860940794242,-0.3212352514442296,0.930603627554231,0.7394595434979095,441.9039577724561,2.1079432724224247,0.02634045608138478,True,False,-0.7323360129941947,2.394586916489525,high,3.748300793834294,True,False,False,True
2020-06-12,19734.6,20600.05,6.147578364902257,4.385444853202003,2.082383225401076,3.3828909630800874,0.9891090176549655,-0.1768368014340771,1.1460171669395391,2.072570605130812,0.7269688234296615,417.1643259957964,2.1138727209864725,0.02645931925377068,False,False,-4.894713261648754,2.405392659433698,high,3.768722816943245,True,True,True,True
2020-06-15,20407.15,19924.2,3.5046540060714046,-2.3665725003246485,1.721700482428963,-1.5634226239332971,-0.8868434545825532,-0.5837163607856355,-0.3431188527667217,1.3035080470527256,1.060076846833123,452.3594705890391,2.2166714636244604,0.027785408827813343,False,False,-0.6936876366804845,2.52594625707394,high,3.987694446561645,True,False,True,True
2020-06-16,20558.15,20251.8,5.4683908814752336,-1.4901632685820565,1.2523013987153548,-2.0133134547612563,0.5607059086339738,-0.2656176533578858,1.545194107960568,1.328915199126305,0.43621360681201476,462.39657340736085,2.2492129564545484,0.028088385373013662,False,False,2.8932152859336924,2.553489579364878,high,4.052936997510865,True,True,False,False
2020-06-17,20115.25,20197.1,3.197573979940596,0.40690520873465363,2.286573619517534,1.7310249686183443,-1.281064532129239,-0.15371384511971842,-0.924967753642747,1.6177624007681954,0.8207133113224296,439.37910107368407,2.184308428051772,0.027376979092705124,False,False,-0.5646411676986651,2.488816281155011,high,3.9875402365105757,True,False,False,False
2020-06-18,20120.3,20922.2,4.934817075292125,3.985527054765603,0.9443199157070222,3.824247153372462,0.3300661807824401,-0.06079694060258101,0.8337583111222235,1.2534855611005502,0.5836506297847858,433.7111394606327,2.1555898245087435,0.027011911298500436,True,False,-0.29459674903822286,2.455628299863676,high,3.9316182618570195,True,True,True,True
2020-06-19,21128.7,21332.95,2.784837685233836,0.9666945907699009,1.5857577607708913,0.41886154850985235,0.5940934713345669,0.13300555010813397,0.9690894296635388,1.0705936692871718,0.5416398857137529,464.04453664538596,2.1962758553313075,0.027512243376747226,False,False,0.2289434189520989,2.5011130342497476,high,4.011018215123505,True,False,False,True
2020-06-22,21509.15,21742.3,2.848322690575861,1.0839572925940733,1.616056422499255,1.969626879723263,-0.8500966588853243,-0.06433720045863067,-1.4139834302358545,1.838114604610453,0.9705726240616568,471.1684366683239,2.190548843949314,0.027457865335841866,False,False,0.7434508588826105,2.4961695759856237,high,4.000310103549781,True,False,False,False
2020-06-23,21879.1,22315.1,3.064568469452583,1.992769355229429,1.3937959056816813,0.6024013784845073,1.311168557396547,0.5226846018784315,1.644814061029276,1.397943746053095,0.6486788633920082,469.26035240613237,2.1447881878419697,0.026851935567160538,False,False,0.5378915754083113,2.4410850515600484,high,3.9034421514997684,True,False,False,True
2020-06-24,22390.8,21449.55,5.08735730746556,-4.203735462779356,1.1290351394322635,-2.723216678278584,-1.6280206877078873,-0.7078575665455666,-1.5769588534549017,2.306133083574939,1.1708033662045,483.4437136122742,2.1591176448017677,0.027052674709211064,False,False,0.7360486845230385,2.4593340644737327,high,3.952861926684423,True,True,True,True
2020-06-25,21039.2,21504.75,3.6691033879615227,2.212774249971483,1.8482166622304963,2.562359785543178,-0.2993748349035763,0.11703907429772009,-0.7892607050544398,0.9504919293920213,0.4530319635340783,437.75129475818176,2.08064610231464,0.026035324213438127,True,True,-1.0792767214230614,2.3668476557671023,high,3.83401276693746,True,False,True,False
2020-06-26,21759.25,21661.75,2.1066902581660574,-0.4480852970575766,0.9494812550983998,-0.8529705757321482,0.5098812671940012,0.60174585168844,0.9760618048295644,1.3085407429897085,0.8863804546266427,455.4373423828056,2.0930746343867805,0.026142082783316048,False,False,1.0709261907253076,2.376552980301459,high,3.8515574764437375,True,False,False,False
2020-06-29,21276.0,21370.25,1.924703891708968,0.44298740364729916,1.2452998683963186,-0.15110923105847718,0.5387441541905069,0.5586250244236535,0.7455100765321188,1.1182059749056752,1.0901780396569587,439.9889622161718,2.0680060265847517,0.02588017391415891,False,False,-1.7090031968792996,2.3527430831053553,high,3.7922455317430184,False,False,False,False
2020-06-30,21558.95,21378.25,2.0177234976657026,-0.8381669793751545,0.6741979549096879,-1.3794734901282357,0.6375358334646419,0.16243493240457596,-0.10551034795073244,0.8999814218624632,0.3426581283001944,443.8891971579578,2.058955548196725,0.02571101152071752,False,False,0.7208619459295074,2.3373646837015927,high,3.7479692620381018,False,False,False,False
2020-07-01,21337.85,21892.55,3.6386046391740567,2.599605864695831,1.4457876496460516,2.659124513481914,-0.06870499081270687,-0.45384265575261207,-0.10176839703365248,0.9919996347907433,0.8067303319690834,431.22650068150506,2.0209463497095776,0.025289675318546697,False,False,-0.11296528013284846,2.299061392595154,high,3.66111340808869,True,False,True,False
2020-07-02,22242.45,21992.6,2.0415916412085995,-1.123302513886748,0.9481869128625734,-0.17713875944421753,-1.0403976030320172,-0.12046248502741719,-1.1161090996644973,1.3658033468374842,0.5011693952555965,448.87177532550595,2.018086026159465,0.025245549353170364,True,False,1.1019730456251153,2.2950499411973055,high,3.6545580143918253,True,False,False,True
2020-07-03,22096.85,21854.0,1.6176513846996323,-1.0990254267010835,1.4047251078773573,-1.2031126608543663,0.10695799551097007,0.09870470118353847,0.05402299639922781,0.4193577939627269,0.31626726759738977,436.2267137338695,1.974157917231956,0.024740857218526,False,False,0.4963033020197738,2.249168838047818,high,3.560493299051926,False,False,False,False
2020-07-06,22233.2,22204.4,1.0025547379594546,-0.1295360092114506,0.6922080492236901,0.15967112246551007,-0.2476570253315269,0.019811654205570406,-0.2960120289952628,0.4632062042238723,0.2744364372341899,430.65799247279574,1.937004086109043,0.0242494517510101,False,False,1.9078887160245195,2.2044956137281906,high,3.45375192371674,False,False,False,False
2020-07-07,22150.45,22570.55,2.8489263197813104,1.8965754646067978,0.9649916818845666,2.0663237089991515,-0.14839781229336602,-0.20975110566903155,0.40362304498562374,0.7136806859473178,0.480725663677695,417.72629788627455,1.8858591942207699,0.023503746778422267,False,False,0.22473023364737443,2.1367042525838422,high,3.2983856769476283,True,False,True,False
2020-07-08,22671.05,22568.2,2.547301514486537,-0.4536622697228321,0.7637493631746278,1.5539641966296092,-2.1263195842481597,-0.4580894533407043,-2.267675486248011,2.2878946808348917,0.7675317504141358,416.1132962928059,1.8354390127180078,0.022954180128191108,False,False,0.5775224795142364,2.0867436480173733,high,3.2204964427507177,True,False,False,False
2020-07-09,22775.75,22954.9,1.3314599958288968,0.7865822201244876,0.6359834473069039,0.08912988595326521,0.6305917033872177,0.3514957708956157,0.49877442121795124,0.9705628826046617,0.7655477275262528,416.80334500202116,1.8300312613284793,0.02289961687289118,True,False,0.819515956079786,2.081783352081016,high,3.2088155233176203,False,False,False,True
2020-07-10,22712.1,22401.7,2.2494617406580697,-1.3666723904878775,0.7258245604765677,-1.4078398738998188,0.045997851944989954,-0.20513437303718574,0.04264706539069962,0.6062338253912609,0.6047120768685937,404.3251602137043,1.7802191792643758,0.022311783173909968,False,False,-1.0191723771395211,2.028343924900906,mid,3.090865822938036,True,False,False,False
2020-07-13,22623.5,22113.85,2.950029836232227,-2.2527460384113906,1.05553959378522,-2.5455831325833844,0.25422268183386,-0.07662540799072692,-0.003392989631023635,0.6320415827573004,0.4376011500592175,374.46299226875817,1.655194785372547,0.020729896167683344,False,False,0.9443479735912863,1.8845360152439403,mid,2.8926848894396286,True,False,True,False
2020-07-14,21809.65,21420.0,2.9897316096315127,-1.7865944662110667,1.0779631951911128,-2.192836657167818,0.3619077978941787,0.03761585566726122,-0.1108137931678077,0.5606758112454043,0.4661095158769284,357.3084327348879,1.638304295277035,0.020533234696940017,False,False,-1.0683350027245408,1.8666576997218194,mid,2.8654488316149704,True,False,True,False
2020-07-15,21591.8,21414.05,3.245676599449788,-0.8232291888587318,1.3479654313211464,-0.28899860132086674,-0.5211478257638458,0.15595881938941236,-1.2169613556538894,1.5441675104740527,0.8604624518035808,332.8938965989746,1.5417607452781825,0.01931600548920211,False,False,1.0002334267040114,1.7560004990183735,mid,2.740284691016438,True,True,False,True
2020-07-16,21213.05,21542.45,3.017482163102423,1.5528177230525575,2.004662224432602,1.0590179158584068,0.4711326308326047,-0.1957745140969247,0.8528999299980633,1.2699589974670789,0.6410746514866053,327.4772908207924,1.5437539195014032,0.019344554215800655,True,False,0.1830573852213968,1.7585958378000595,mid,2.7425476481516826,True,False,True,True
2020-07-17,21719.45,22057.45,2.3361549210500163,1.5562088358590964,1.0214347048383001,-0.19038235314431384,1.7003335163137123,0.8651453041505164,1.7700483537788747,1.8740110987586551,1.0197825927823634,321.0695059591362,1.4782579943743335,0.018514108451139013,False,False,0.30451503891153475,1.6831007682853647,mid,2.645203622296486,True,False,True,False
2020-07-20,22238.15,22281.7,1.427276999210822,0.19583463552499403,1.427276999210822,0.6219042501287131,-0.37896985446752574,-0.4194670222531838,-0.6964985744832397,0.7512362327357491,0.6354545677903827,327.21689560177583,1.4714213889274774,0.0183774758868669,False,False,1.1327238642726112,1.6706796260788088,mid,2.622318577612246,False,False,False,False
2020-07-21,22675.9,22802.95,1.1481352449075988,0.5602864715402722,0.6802376090915906,0.39138468594410725,0.007906996154116719,-0.13926538060021754,0.4247876613079349,0.5084637804666445,0.26822292988043556,326.8303493211952,1.4413114774769475,0.01802351843083672,False,False,1.6073728665227494,1.6385016755306108,mid,2.5509284451750376,False,False,False,True
2020-07-22,23014.25,22881.8,2.388302899290663,-0.575512997382055,2.349631206752338,-1.051739683022468,0.5164191426388243,0.6268903425476369,0.7480243047379265,1.2517455493979468,0.9326422592670649,322.05352577229314,1.399365722421079,0.01753316605642721,False,False,1.5614207810831449,1.593924186947928,mid,2.455059050139515,True,False,False,False
2020-07-23,22786.8,23109.2,1.6395457018975834,1.4148542138431086,0.8520283673003732,0.8116541155405832,0.55524720580713,0.2898072510425509,0.016453421662232515,0.7452632037175969,0.4428515296829921,293.9632529699902,1.2900593895149395,0.016153611296237044,True,False,-0.11777919569264661,1.4685101178397313,mid,2.3203619513254212,True,False,True,True
2020-07-24,22758.0,22676.1,1.9096581421917662,-0.35987345109412816,0.9789963968714266,-0.11270761929871309,-0.2573425096833337,0.13248630422830754,-0.07447968886000744,0.7438738185889209,0.23891696862502862,282.4487290088982,1.2410964452451807,0.01543062647524182,False,False,-1.1077839129004952,1.4027842250219835,mid,2.2201863508392066,True,False,False,True
2020-07-27,22481.65,21854.8,3.8297900732375068,-2.7882739923448807,2.725333772209767,-2.774262565247665,-0.042776198133864796,-0.3091299418014448,-0.5070594423029262,0.7612790769491259,0.6666256014345555,276.226374115673,1.2286748264281004,0.01537137733091267,False,False,-0.05071418806584793,1.397397939173879,mid,2.209819709726357,True,True,True,True
2020-07-28,22013.6,22084.1,2.8057655267652795,0.32025656866663255,1.8256895737180718,0.4717538249082498,-0.3117447987901034,-0.45217202854350713,0.12215279543721369,0.8613108654026572,0.5022879498298993,283.81782956196,1.289284031516699,0.016152127068797574,False,False,0.3905320570309678,1.4683751880725067,mid,2.3035985882262233,True,True,False,False
2020-07-29,22188.75,22067.4,1.954143428539247,-0.5468987662666791,1.1221902991380768,-0.14782265787842697,-0.4143356524996644,0.23896545222850119,-0.16605696161006156,1.2843051189409582,0.4938316474759875,290.69751113482016,1.310112156542483,0.016408014849117664,False,False,-0.041206116617831245,1.491637713556151,mid,2.3433079314645577,True,False,False,True
2020-07-30,22220.5,21652.95,3.0188339596318845,-2.554172948403499,0.7578587340518955,-2.604126819828545,-0.12129277303003505,-0.18954916850022485,-0.44834994784219706,0.9072699422646501,0.4151149877751243,280.4448365841199,1.262099577345784,0.015798583218730285,True,True,0.5784550966584145,1.4362348380663894,mid,2.259726789933885,True,True,True,True
2020-07-31,21505.15,21656.0,1.9602281314010963,0.7014598828652518,1.9602281314010963,0.799808417983594,-0.15407929547934796,0.15826336041240285,-0.3127353287290524,0.8631208438378761,0.3831639252089899,277.1163285103521,1.288604490135396,0.016150596027352845,False,False,0.3583807287228735,1.4682360024866221,mid,2.308260897045859,True,False,False,False
2020-08-03,21397.8,21132.6,2.3824879193188053,-1.2393797493200243,1.3950032246305695,-1.1802615222125556,-0.11089961102375145,0.1332151305839968,-0.18265207025370822,0.6322933046428901,0.35508232315810623,277.09057833518455,1.294948912202117,0.01622879596091205,False,False,-0.5181012190616952,1.4753450873556408,mid,2.324391043471452,True,False,False,True
2020-08-04,21240.05,21487.2,2.4249001297077895,1.1636036638331904,1.487284634452374,1.1683117506785523,-0.03350676185069901,-0.14317723296051188,0.1942689493851235,0.5195874945318724,0.277754534720479,281.9264932036931,1.3273344140135879,0.016544020630593993,False,False,0.5472587376849081,1.5040018755085447,mid,2.3926653775849296,True,False,False,False
2020-08-05,21691.65,21556.3,2.2326563447225047,-0.6239728190340577,1.2398780175781958,-0.7157131891764812,0.052701472855254394,0.3817700714625172,-0.23751044606128424,0.5778588807785753,0.5338724855351236,284.0221578437613,1.3093617029767735,0.016402926546049457,False,False,0.9291578241930054,1.4911751405499507,mid,2.372082005631305,True,False,False,False
2020-08-06,21585.85,21666.75,2.478475482781545,0.374782554312203,0.5983086142079254,-0.31224158418592385,0.6722138443986392,0.2445598732083054,-0.12655280755905496,0.6887113151737094,0.3380340347751612,281.1732144857251,1.302581156107937,0.016307100693714834,True,False,0.40800137314844775,1.482463699428621,mid,2.3565419307184654,True,False,False,False
2020-08-07,21515.45,21762.0,1.5133311178711044,1.145920722085747,0.9374658675509958,1.2084339393319654,-0.09023923730624439,0.18604308463117114,0.2975854319137827,0.40205828122954645,0.3921180360481568,285.044646582377,1.3248370198270405,0.016594979367887022,False,False,-0.214614559174775,1.5086344879897293,mid,2.4134922119881628,True,False,False,False
2020-08-10,21890.55,21927.15,1.2021168951899237,0.16719543364602796,1.1086975886855155,-0.08633862557130279,0.2500954431878588,0.14341206533925455,0.3390955164799925,0.5637434761437717,0.2843121359034846,286.71339357222496,1.3097587478260024,0.016406356606407345,False,False,0.28903593419722373,1.4914869642188493,mid,2.376362710992664,False,False,False,False
2020-08-11,22151.2,22244.7,1.0511845859366469,0.42209902849505987,0.8423922857452353,0.2473906605511278,0.15018463478337907,0.057138615130925,0.4770994521940519,0.43794469963073046,0.30346453469146595,284.0037082952931,1.282114324710594,0.01589936145970573,False,False,0.561176441078759,1.4453964963368842,mid,2.2890810056491757,False,False,False,True
2020-08-12,22032.35,22244.45,1.484862032420499,0.9626753387632414,0.9472434851479625,1.234775228243934,-0.24165635479995728,-0.06175819980461794,-0.14652326982496078,0.3019583579921385,0.24231671850612857,270.64708637522017,1.228407711275557,0.015336937167220944,False,False,-0.48888049737689787,1.3942670152019039,mid,2.1928586926159115,True,False,False,False
2020-08-13,22407.25,22225.65,1.321224157359796,-0.8104519742494043,0.35702730143145633,-0.8093362639324253,-0.02159642579154797,0.03376310008282868,-0.27152448657188355,0.3930099568521508,0.39322757229806155,263.3659109962864,1.1753602561505154,0.014729918437889997,True,False,0.6776971334422788,1.339083494353636,mid,2.1047889218482356,True,False,False,True
2020-08-14,22288.15,21695.65,3.919571610923303,-2.658363300677713,0.772832200070441,-3.3887962886107736,0.7230812456316738,0.2322271158085476,0.3987982816723967,1.0100845916820116,0.5573450779405137,252.48974009602898,1.1328429685551693,0.014184469066586398,False,False,0.4917741438383194,1.2894971878714907,mid,2.02170081928237,True,True,True,False
2020-08-17,21852.05,21755.2,2.3013859111616597,-0.4432078454881694,1.922474092819677,-1.6053413752943002,1.0917969885471779,0.48216275188728286,1.5409123079115128,1.1841172024882207,0.7574531821354704,264.100061513318,1.2085825426599244,0.014970704932604823,False,False,0.9739279532993805,1.3609731756913475,mid,2.0998588052954625,True,False,False,False
2020-08-18,21663.3,22159.7,2.750735114225448,2.291432976508667,0.8193580848716494,2.0103123716146643,0.24707223921662802,-0.11970270446957088,0.2457113638112185,0.6685883396383515,0.19206535632407729,264.83406250624466,1.2225010155712412,0.015214901035347927,False,False,-0.24453923659630838,1.383172821395266,mid,2.143497100544066,True,True,True,True
2020-08-19,22334.95,22295.7,0.8162095728891233,-0.175733547646173,0.4707868161782384,0.07186046980180993,-0.1939510536441258,-0.06853932835937382,-0.36957803344290774,0.547850208044386,0.4472975122015618,279.96806534514144,1.253497614031558,0.01564440977398227,False,False,0.7026268406160829,1.4222190703620243,mid,2.223290421945374,False,False,False,False
2020-08-20,22005.95,21980.65,0.8672654441185325,-0.1149689061367476,0.5764350096223909,-0.16677307728137913,0.050297575019619956,-0.2600101644462116,0.15925925082078685,0.49387211670858133,0.37436018441209573,268.400703009238,1.2196733293006572,0.015286162176245566,True,False,-1.3715649205900626,1.389651106931415,mid,2.1454678856141216,False,False,False,False
2020-08-21,22183.6,22318.6,0.7751221623181123,0.6085576732360876,0.7615986584684215,0.5837645828449922,-0.03226803985101334,0.08749730777515285,-0.11799079806109614,0.3688416221860668,0.36928350922535386,268.56772094084226,1.2106588693487184,0.015149876576986116,False,False,0.955613232547714,1.3772615069987377,mid,2.107129608966901,False,False,False,False
2020-08-24,22532.6,22811.2,2.04548077008424,1.236430771415642,1.0502560734225144,1.5060401374009214,-0.2538043323809247,-0.13045172191894494,-0.07642999647413662,0.42694217152449976,0.30621134054464505,269.404750871945,1.1956221247079564,0.014925722067772085,False,False,0.5298271396951382,1.3568838243429167,mid,2.0507881647278747,True,False,True,False
2020-08-25,22959.85,23102.9,1.389599670729553,0.6230441400967512,0.8991783482906062,0.09255286946561192,0.5067207400864193,0.004762636682253962,0.5809054548067127,0.6938310176623272,0.307406549491372,260.67588986126066,1.13535536974876,0.014109217792794605,False,False,0.711054218980145,1.2826561629813276,mid,1.96355487208399,True,False,False,True
2020-08-26,23164.6,23437.8,1.4636557505849412,1.1793857869335067,0.8603645217271151,0.6345889849166397,0.5630244170284238,0.24716645891285083,0.7371741157563116,0.765927692650866,0.3763087955766612,253.80055717271716,1.095639713928655,0.013636017936665962,False,False,0.31446268650254794,1.23963799424236,mid,1.8922359499147636,True,False,True,True
2020-08-27,23574.75,23635.8,0.8636358816106308,0.25896350968726,0.6481510938610289,0.06723295050847788,0.048748230227291245,-0.25525620707871344,-0.1603214890017024,0.5500072062601207,0.5098784997358752,254.8222512567827,1.080911785943786,0.013497645028684255,True,True,0.31423597777948675,1.2270586389712959,mid,1.867173514462991,False,False,False,True
2020-08-28,23730.7,24577.0,4.231649298166513,3.566266481814684,1.6676709915847403,2.972731524986627,0.42437126961487603,0.38534463186701284,0.5128068598157176,0.9062393216607392,0.6254691529985817,243.08972719557278,1.02436812734379,0.012781449488684054,False,False,-0.002115435060379145,1.1619499535167321,mid,1.759356791522078,True,True,True,True
2020-08-31,25170.9,23668.75,7.314796054173671,-5.967804091232343,2.378143014353871,-6.03415054686166,0.1820138212121014,0.5192447195272454,0.3797851767282534,2.2220061263188575,1.5176454118535423,280.07585446409394,1.1126970210206784,0.01388961492633164,False,False,1.878992554013914,1.262692266030149,mid,1.8747984903995412,True,True,True,False
2020-09-01,23677.45,23847.4,3.045724940819209,0.7177715505681581,2.6054325951485393,-0.24622583935347553,0.9731510236397067,0.7202751869315849,0.26949871557164773,1.533078032020621,0.9918301240157128,330.96380285867417,1.3978017179158828,0.01748482525533597,False,False,0.9508317929759702,1.5895295686669062,mid,2.124150764693871,True,True,False,False
2020-09-02,23802.25,23879.4,1.846254030606353,0.32412902141605304,1.0402377926456472,0.40017225262316547,-0.05126059211214562,0.10414745771234468,0.3957362206875814,0.5946228685008831,0.30510804512916495,335.9517296339436,1.4114284558558272,0.01769044660929217,False,False,-0.32875701334318386,1.608222419026561,mid,2.153859896719955,True,False,False,False
2020-09-03,24008.7,23576.25,2.4878481550437934,-1.801222057004337,1.366587945203191,-1.307234460841289,-0.6022405712633683,0.019747319248342166,-0.4484693500153125,1.1386440513444875,0.5949676186431618,337.0525825499699,1.403876855264841,0.017594669926108485,True,False,0.4470380327813883,1.5995154478280438,mid,2.1346442075425243,True,False,True,True
2020-09-04,22978.15,23084.2,2.218629437095672,0.461525405657115,1.596081494811375,0.5270224104203303,-0.20260398064871898,0.3659375489803329,-0.4248233322390549,1.0738443888870977,0.6352205639051978,323.4506573854778,1.4076444682686717,0.017608406465084245,False,False,-1.938815545305117,1.6007642240985676,mid,2.135564153852242,True,False,False,False
2020-09-07,22906.2,22979.8,1.662213723795304,0.32131038758065333,1.3673153993242035,-0.31170600099537094,0.6411267013505695,0.5460177455767212,-0.04306014066312036,1.2872895755601133,1.0436901699305354,324.7285482141142,1.417644778331256,0.01776811899422158,False,False,-0.20771783297667268,1.6152835449292344,mid,2.170519295564205,True,False,False,False
2020-09-08,22885.75,22664.5,1.7930371519395354,-0.9667587909507058,0.6423210950045334,-0.2429459379744925,-0.5109471466460014,-0.249885816674289,-0.8910143688066419,0.8405551430892824,0.4606858026209369,326.22271115875265,1.4254403336519565,0.01784906960685869,False,False,-0.03742417253412844,1.622642691532608,mid,2.192874139451288,True,False,False,True
2020-09-09,22544.75,22293.85,2.060346643897138,-1.1128976812783575,1.2461881369276693,-1.8308031803413227,0.6623893005602621,0.32580917534477116,0.7144939886214452,0.9108982468823521,0.7545173093160676,325.038778170936,1.4417493126822696,0.01797816254544425,False,False,-0.7844867524101518,1.6343784132222043,mid,2.229392528712201,True,False,False,False
2020-09-10,22476.6,22490.7,2.0065312369308526,0.0627319078508437,0.7002838507603366,-0.26583202085724844,0.3450529400874869,0.2906950822595844,0.8681380770024116,0.7804397138759492,0.5229836372553359,325.450781635529,1.4479537903220638,0.018108329056625252,True,False,0.774653099397371,1.6462117324204772,mid,2.2587801715106726,True,False,False,False
2020-09-11,22503.1,22509.35,2.036608289524551,0.027773951144505205,1.3238176073518664,-1.0003066244206327,0.9379208187449528,-0.01756265867528528,0.664547753877831,1.1136547266361367,0.3721505142079556,327.5626601627173,1.4556334912199533,0.01824464994118343,False,False,0.08559093314124411,1.6586045401075846,mid,2.2930548597330436,True,False,False,False
2020-09-14,22654.5,22091.15,3.1422013286543446,-2.48670242115252,0.8728950098214483,-2.31057847226821,-0.3068087596385993,-0.5700856029725587,-0.6233798991511774,0.8619112062012422,0.8596350100159309,319.221487407096,1.4090864393700853,0.017528080708064026,False,False,0.773012103859072,1.593461882551275,mid,2.1992863534398444,True,True,True,True
2020-09-15,22139.3,22512.35,2.0199373963946337,1.6850126246087171,1.2161631126548718,0.8810124981367906,0.6476570842670615,0.11512861224372006,1.009692508863469,0.8406333741523707,0.3387052596183576,316.0474102932294,1.4275402126229348,0.017819194958926754,False,False,0.5054060110043945,1.6199268144478867,mid,2.24141567249086,True,False,True,True
2020-09-16,22471.75,22545.15,1.9655790047504123,0.3266323272553384,0.5916317153759754,0.7478278282732731,-0.36219401231459836,-0.22910622036657058,-0.11733815083929677,0.5302608680288663,0.37307161559690816,316.78307054115976,1.4096947079829554,0.0176122431731741,False,False,-0.16013432626980073,1.6011130157430997,mid,2.2048321974277645,True,False,False,False
2020-09-17,22365.85,22324.45,1.0495912294860246,-0.1851036289700514,0.5689477484647354,0.32996733859882443,-0.5307569413961599,0.20201521399023648,-0.1487442850879983,0.8063851263277312,0.34275247973676154,319.2289569898039,1.427305275631393,0.01780989860710164,True,False,-0.8567252823778126,1.6190816915546944,mid,2.262245020771082,False,False,False,False
2020-09-18,22456.35,22063.4,3.0009329209777986,-1.7498391323612084,0.6450291342983101,-2.3614701409623517,0.672259709341172,0.6197150997151013,-0.9668468007689945,1.3322052991760875,0.7065527065527066,321.6904483556864,1.4325144039689728,0.017831078247219224,False,False,0.5146823325994587,1.6210071133835657,mid,2.271362178012769,True,True,True,False
2020-09-21,22056.3,21292.75,3.700076622098911,-3.4618226991834478,0.8845545263711436,-2.5666136205981904,-0.8071120789941544,-0.6735379497048166,-0.6742321697741804,1.0935216982624638,0.8382530415212397,325.20230751378585,1.4744191342781239,0.01835445575503932,False,False,-0.3625914410290365,1.6685868868217564,mid,2.382778791106209,True,True,True,True
2020-09-22,21322.9,21188.35,2.3542763882961513,-0.6310117291738138,1.4976855868573156,-1.1489994325349695,0.5334971700216684,0.6007937789002993,0.3136228289015941,1.2024442662694135,0.8512234259725181,322.5926367718148,1.5128928840439844,0.01894130110460464,False,False,0.7162062204271402,1.7219364640549673,mid,2.4656856241970546,True,False,False,False
2020-09-23,21323.75,21247.3,2.49440178205052,-0.3585204290990074,1.0657131133126208,-1.2326631103816155,0.6637892967537029,0.1239701621529754,1.3243418914527183,1.033194212972848,0.6540901888833004,326.21730969157215,1.5298308678894292,0.01915215168272699,False,False,0.7666949054551342,1.741104698429726,mid,2.513288856288008,True,False,False,False
2020-09-24,20901.8,20475.15,2.6210661282760266,-2.0412117616664505,0.6513793070453159,-0.9362829995502864,-1.3959654401359933,-0.7211158574981669,-1.3447465251856028,1.5106659390227966,0.8421933008677253,323.3912612541244,1.5471933577688257,0.019392140704344602,True,True,-1.6402084029500275,1.7629218822131456,mid,2.5647027235123767,True,False,True,True
2020-09-25,20621.55,20934.25,3.042690777366399,1.5163748602796678,1.3970821785947156,1.6465784579723586,-0.02003711637269534,-0.035059684939831026,0.1900354493800549,0.725868394311357,0.5211252489356881,325.1067445584649,1.5765388370828815,0.019741954602399386,False,False,1.2974263924806273,1.7947231456726713,mid,2.652476789834772,True,False,False,False
2020-09-28,21096.15,21694.45,3.097484612121172,2.8360625042958,1.6853786117372265,2.3919056320703014,0.3627188870756637,0.16726039486389954,0.18253572154753872,0.5592398412092139,0.48514755416325905,324.6138802832993,1.5387351734003563,0.01928286121797347,False,False,1.0404003009422347,1.7529873834521335,mid,2.59130014280231,True,True,True,True
2020-09-29,21750.6,21436.15,2.4298180280084227,-1.445707244857597,1.965003264277774,-0.8362987687695833,-0.6064343238118219,0.42605618132800505,-0.23454624144301217,1.2054504907574402,0.6642635130545548,286.572252543021,1.317537229055847,0.016337074304641663,False,False,0.35239427595537,1.4851885731492418,mid,2.3780956993345237,True,False,True,True
2020-09-30,21281.8,21416.85,1.9714027948763697,0.6345797817853827,1.3462207144132545,0.8878478324201966,-0.21913533528171714,0.018440924847396012,-0.456741938481553,0.6799948767509286,0.3692853558048165,274.3293659798692,1.2890327227014124,0.016126248578318264,False,False,-0.14414901929684643,1.466022598028933,mid,2.3485659697327046,True,False,False,False
2020-10-01,21761.1,22234.55,2.7907596582893297,2.175671266617951,1.3965286681279967,2.0396487309924716,0.12249520940150749,-0.1109770699806889,-0.06944569301855497,0.5528046674277581,0.35764270325764225,282.46288940752675,1.2980175147741924,0.016155266021751213,True,False,1.2532188440410374,1.4686605474319283,mid,2.3541257921994605,True,True,True,True
2020-10-05,22498.1,22370.6,2.3008609615923192,-0.5667145225596859,1.8419333188135953,-0.29713620261265783,-0.22624686542211947,0.05029225387529479,-0.24092304057803382,0.5554750626915511,0.3006359176101121,291.59095538181464,1.2960692475445246,0.016243092277095295,False,False,0.5286817138192568,1.4766447524632087,mid,2.3696424945036876,True,False,False,True
2020-10-06,22776.55,22836.8,1.5970373037180785,0.264526453742997,1.14459828200496,-0.20042543756625397,0.5232964818814745,0.04947774705486019,0.9353700178018398,1.0107386861056975,0.31963500309783244,296.4549382097375,1.3015796431405877,0.016272142033638613,False,False,1.3519977112817827,1.479285639421692,mid,2.3751820650705384,True,False,False,False
2020-10-07,22721.3,22962.75,1.8350622543604491,1.062659266855337,1.6660578400003492,1.0417537728915294,0.05836745361094131,0.08125388025401747,0.16635234866406723,0.520515724366234,0.39123852261711245,295.1098783592479,1.298824795937063,0.016259125538308536,False,False,0.0006568345827906441,1.4781023216644122,mid,2.3727569563528936,True,False,False,True
2020-10-08,23131.2,23171.95,1.6665802033616932,0.17616898388324032,0.8419364321781836,0.1517431002282521,0.04575611988104633,-0.16712827956942844,-0.5650275005791738,0.7083565351394145,0.3387793605189654,301.04697472985936,1.3014758193689016,0.01626680467561964,True,False,0.8165398308129568,1.4788004250563307,mid,2.3747270526375894,True,False,False,True
2020-10-09,23268.65,23885.4,3.296280617912943,2.6505620222917914,1.0299265320506408,2.424291912079113,0.1883962194878963,0.1583479796475551,0.5097541520128201,0.42126905203974135,0.3664025436348398,301.26509048821754,1.2947252654890486,0.016160172647930352,False,False,0.6069838749004575,1.4691066043573047,mid,2.354704218476499,True,True,True,True
2020-10-12,24084.5,23706.9,2.626585563329106,-1.5678133239220182,0.972202038655573,-1.7480122070211102,0.2387643417076868,-0.10255071206413113,0.37237643872714,0.5808523675703118,0.3689298717379174,319.332918033615,1.3258856029131392,0.016599891431374632,False,False,0.29390338868093835,1.5090810392158756,mid,2.4188360931819823,True,False,True,False
2020-10-13,23463.85,23443.6,1.437104311526016,-0.08630297244484053,0.9107627264920324,-0.05306034602163834,0.03859044662577471,-0.2650619824170475,-0.43880775000688654,0.4095704307632077,0.3636896968048145,315.82378510823764,1.3460015517838617,0.016786298057887804,False,False,-0.18496724582295343,1.5260270961716182,mid,2.4490725998491163,True,False,False,False
2020-10-14,23294.0,23858.65,3.4470249849746746,2.424014767751359,0.7536275435734493,1.6047050742680424,0.7548230084756469,-0.03500343746331014,2.2071019865846697,1.6575262593059046,0.6340443013565404,302.15861279894307,1.2971521112687519,0.016253435854804106,False,False,-0.3858195840229173,1.4775850777094641,mid,2.363412679983723,True,True,True,True
2020-10-15,23767.9,23035.5,4.682576079502188,-3.081467020645501,1.860492513011249,-1.7921229894100943,-1.3439322764379202,-0.9627087445865046,-1.3008025544590573,1.7817705890039084,1.366113168272964,318.9939344573668,1.342120820339057,0.01675550915719132,True,False,0.2586064173790037,1.5232281051992107,mid,2.4346193707540786,True,True,True,True
2020-10-16,23285.7,23528.4,2.0873325689156834,1.0422705780801067,1.1661663596112604,1.3342952971136857,-0.3792951467172956,-0.018714405413555735,-0.030832498729493896,0.5002881795528255,0.3870479301442285,333.23901514896534,1.4310886730867671,0.01792025617378813,False,False,0.8002865142931581,1.6291141976171024,mid,2.5689969618634105,True,False,False,False
2020-10-19,23828.9,24227.8,2.3593199853958877,1.6740176844084242,1.7902630839023141,1.599318474625333,0.13135068153655727,-0.16411570053930236,0.018979089993886866,0.6871127633209507,0.2617202702452233,344.9753515040411,1.4477183231455966,0.018115084080243978,False,False,1.591693442818043,1.6468258254767252,mid,2.6211474878936873,True,False,True,True
2020-10-20,24099.4,24303.95,1.4761778301534478,0.8487763180826002,0.8118459380731531,1.0263741006000027,-0.15813198886914792,-0.03248869578449387,-0.2017867260052486,0.30024541263207016,0.21446651710900552,343.89004764441233,1.426965184379745,0.01788435477592115,False,False,-0.4558812603703166,1.6258504341746498,mid,2.588587960059713,True,False,False,False
2020-10-21,24529.3,24642.7,2.928946199035442,0.46230426469568986,1.3779439282816877,-0.9820908056895172,1.5585629353930264,0.6639664547986701,2.1255674631679433,2.031834126578943,0.961261821928846,335.9893224255393,1.3697468840347637,0.017136037075554375,False,False,0.5770666908053945,1.557821552323125,mid,2.4767245878336017,True,True,False,False
2020-10-22,24474.25,24479.3,1.7888188606392403,0.020633931581137688,1.3442699980591846,-0.18223234624145102,0.30352461046310175,0.13383160918718495,0.08454811686429142,1.1694805287836736,0.4256049495219921,339.16316600653045,1.3857959529159443,0.017327563420944058,True,False,-0.7927296927690675,1.5752330382676414,mid,2.506639503763231,True,False,False,False
2020-10-23,24679.4,24473.95,1.6290914689984475,-0.8324756679660039,0.9220240362407631,-0.9050057943061907,0.022898219458999947,-0.12718023255813282,-0.014510406618373217,0.5998515704702956,0.2819195845309761,337.80015811288104,1.3687535276906286,0.017127516418669914,False,False,0.7757574767252473,1.5570469471518102,mid,2.471616783490446,True,False,False,False
2020-10-26,24431.2,24101.55,2.683658600478068,-1.3492992566881745,0.6847801172271492,-1.6067569337568366,0.351725242474088,0.27893133134631043,0.7353708799813008,0.7192583610144556,0.4678646995980351,329.169875745225,1.347334047223325,0.016848882724260387,False,False,0.21185791423123934,1.5317166112963985,mid,2.422032917074954,True,False,True,False
2020-10-27,24022.2,24776.6,3.676182864183972,3.1404284370290636,1.793133018624439,2.95913779753727,0.11240020943634743,-0.05307984176959879,0.43645361159279084,0.5262189661202377,0.3081860014531452,321.0310507685863,1.3363932144790498,0.01673160507709464,False,False,0.773809153353211,1.5210550070086035,mid,2.4044384460251935,True,True,True,True
2020-10-28,24570.45,24277.4,2.9283142962379607,-1.1926928485233246,1.3508096107315812,-1.4645641410719112,0.2973903992466109,0.255773482544841,0.4455033940161002,0.6728457782954483,0.4917291649893729,333.8592708854612,1.3587837051639722,0.016977270040880437,False,False,-0.15639756867367183,1.543388185534585,mid,2.43177073363353,True,True,False,False
2020-10-29,24034.25,24088.25,2.118435149838258,0.22467936382453146,1.1995381590854688,-0.3289056242653632,0.6182373764360038,0.3252841293394537,0.4699767200001759,0.9592906759283966,0.4836598314682617,329.7313438054789,1.3719227510967844,0.017147710048334763,True,True,-0.8810663415357523,1.5588827316667966,mid,2.4558180406572094,True,False,False,False
2020-10-30,24050.3,23898.85,2.758593447898767,-0.6297218745712096,1.1592370989135241,-0.7137125108626408,0.13191700535835071,-0.020280158896079925,0.19527689719258667,0.5270398452173742,0.25987873719423565,332.50727070886205,1.3825493682359973,0.017186182298579707,False,False,0.007887663072247975,1.5623802089617915,mid,2.463609388190519,True,False,False,False
2020-11-02,24284.5,24845.25,4.158002017747946,2.3090860425374116,0.9991970186744541,2.8528485247791835,-0.5108638643888552,-0.6133251743287271,0.19232319974196166,1.467132155997649,1.0752688172042952,333.3949957447203,1.3728715672330922,0.017189275052239227,False,False,1.9613914477056404,1.5626613683853843,mid,2.461284842322167,True,True,True,False
2020-11-03,25338.0,25674.35,2.573604862262209,1.3274528376351569,1.5492540847738545,0.5651590496487557,0.8967395570067316,0.31037664625450656,0.3808739211663248,1.1259281352526482,0.5450611877027527,362.9832199998964,1.4325646065194426,0.017905385345640137,False,False,1.0575462110463674,1.6277623041491032,mid,2.5526814594367777,True,False,False,True
2020-11-04,25708.85,25656.35,2.8921947111597732,-0.20420983435665008,1.3055815409868643,0.3212901393877976,-0.5094711619548442,-0.6919812607759201,0.3478536316388503,0.9406217952073208,0.9388962744084918,372.261216461844,1.447988597163405,0.018147953228687997,False,False,-0.5250376348378771,1.6498139298807268,mid,2.6023240882775722,True,False,False,False
2020-11-05,26189.95,26316.75,1.4198194345541026,0.4841551816631817,0.6641860713747094,0.5946937661202023,-0.10096524290492681,0.1686026154337883,0.1051672692072847,0.521717016439118,0.3204591471676311,385.80158390800716,1.4730901888243664,0.018455180209815413,True,False,2.0207473003759358,1.6777436554377647,mid,2.6566039721283556,False,False,False,False
2020-11-06,26189.35,26768.1,2.684297242963266,2.2098677515860476,1.3106472669233868,1.780112908491427,0.53609848605638,0.12628597795973917,0.14331037626915677,1.2203837474747257,0.4193964800585847,384.9031957893567,1.4696935807469704,0.018411904416067285,False,False,-0.16206408466091782,1.673809492369753,mid,2.64437559354831,True,False,True,True
2020-11-09,27253.35,27582.25,1.839957289654302,1.2068241152005221,1.32442433682465,0.6780817771026459,0.47889526079563094,0.18387329458426915,0.6764825100513905,0.6286867008161994,0.38391726428514833,397.78505801028587,1.4595822458900864,0.018197453794493005,False,False,1.19862821791612,1.6543139813175456,mid,2.6136542150899813,True,False,False,True
2020-11-10,28100.85,28603.5,3.1449226624817403,1.7887359279167736,1.3335895533409132,1.0236345163936456,0.8112439896436952,-0.14497380527452863,0.8819610414331436,1.0877644116455583,0.5015640074179136,403.0486539536996,1.4342934607091942,0.017976691197839904,False,False,1.6575877602443612,1.6342446543490818,mid,2.5741744718325443,True,True,True,True
2020-11-11,28682.65,28886.8,2.8428335596606362,0.7117543183771335,1.2382049775735557,0.630346219753064,-0.019401700073973238,0.09920480067986404,0.5421177782229503,0.6092480282156228,0.5062566664065168,422.2740823525619,1.4722282716295805,0.01843641125364098,False,False,0.383344695579213,1.6760373866946343,mid,2.660514613248415,True,False,False,False
2020-11-12,28599.1,28285.9,2.10076540870167,-1.0951393575322155,1.3390281512355309,-1.3122790577325794,0.2793741452249643,0.04878247083215381,0.09531152190751513,0.6033914639417771,0.3395330669150541,415.9404145106437,1.4543828809670363,0.018227924631327094,True,False,-0.8760056496392776,1.657084057393372,mid,2.6305905943461934,True,False,False,False
2020-11-13,27879.9,28466.0,2.919845480077042,2.1022313566404494,1.451045376776815,1.927732882829547,0.1002908434459826,-0.04884090689483145,0.17220159207238517,0.6071994749686346,0.2742469628159041,381.3721217584498,1.367910651610837,0.017123085256280354,False,False,-0.6264605333399342,1.5566441142073046,mid,2.502865110670012,True,True,True,True
2020-11-17,28759.5,29216.65,1.790886489681668,1.589561710043652,1.3186946921886682,1.0429597176585093,0.5982563331377477,0.2797430685979485,0.5619204711394321,0.9014279348026226,0.32862521117944177,400.4087288767805,1.3922659603845007,0.017380470554610842,False,False,1.1461041242183612,1.5800427776918944,mid,2.5430064271011714,True,False,True,True
2020-11-18,29120.75,29738.6,2.485684606337413,2.1216829923679903,1.4201213911042914,2.015744786792917,0.12017066253755537,0.031108958707481982,0.2891323332557816,0.3946781563733369,0.2088504146740191,400.64485698540375,1.3758054204833452,0.017234785044029356,False,False,-0.37221926538463235,1.566798640366305,mid,2.514848105390386,True,False,True,True
2020-11-19,29471.25,28837.65,2.7094201976502523,-2.1498918437460213,1.1097255800144183,-2.048437036094497,-0.003810506953305648,-0.6439832653840849,-0.6870534969371622,1.106432655351763,0.7076587886850392,411.8675295297762,1.3975231099114434,0.017479851254406403,True,False,-1.4661080212249433,1.5890773867642185,mid,2.5654332451232005,True,False,True,True
2020-11-20,28914.2,29150.35,2.8411645489067654,0.816726729427053,1.3149248466151604,0.9554129113030996,-0.07091360359295917,-0.5112612190118271,-0.4258478553994749,0.7461344378041548,0.7428465210191899,401.6441290935509,1.3890895445613258,0.017407221001982904,False,False,0.34018028514806176,1.5824746365439002,mid,2.5547268018617935,True,True,False,False
2020-11-23,29434.95,29031.45,2.116021939904768,-1.3708193830803128,1.9081058401662017,-0.7698331405353254,-0.6766900560969624,-0.36199903146368895,-0.9802750367773783,1.0111834458296978,0.5862735737272406,416.54976859700946,1.4151536476094215,0.01770724774759288,False,False,0.968942053868993,1.609749795235716,mid,2.6071398739239515,True,False,False,True
2020-11-24,29296.5,29802.55,1.979929343095589,1.7273394432782085,1.0603655726793229,1.3192702199921413,0.2594077418050844,0.24117163605987813,0.5566771694782036,0.5391975204662577,0.4383867099607977,416.6409839804346,1.4221527622085732,0.017822812536291376,False,False,0.8065391153387003,1.6202556851173975,mid,2.6314604468940876,True,False,True,True
2020-11-25,30074.3,29196.55,3.5309217504646875,-2.9186049218103194,0.6409126729466688,-2.1656364404158968,-0.794786391598401,-0.18517062027882947,-0.3740773923802121,1.0394929137069715,0.6138158142206933,423.2004189354702,1.407182940036743,0.017608404381966692,False,False,0.7360108447096003,1.6007640347242447,mid,2.5968960745489555,True,True,True,True
2020-11-26,29324.45,29603.2,2.3710589627426915,0.9505719629865128,1.299939129293135,0.2702522979970645,0.5630243812853486,0.5143118402199942,0.27689605122154237,0.9526012032499263,0.9263051980168571,411.8139686662471,1.4043365473734277,0.017588541441272667,True,True,0.5954470648073196,1.5989583128429696,mid,2.5919530830273256,True,False,False,True
2020-11-27,29554.9,29584.55,1.0615836967812442,0.10032177405439047,0.9775028844624799,-0.024192265918687728,0.2389352827203428,0.05540175562757099,0.19095524983170353,0.9230821297729945,0.29339283391804316,412.17526301923135,1.3946088906382066,0.017398953446771184,False,False,0.0635066479299562,1.581723040615562,mid,2.5648956292683223,False,False,False,False
2020-12-01,29679.4,29786.35,1.3692999184619683,0.36035095049089527,1.1245173419947843,0.5458331367884872,-0.2168128841140149,-0.40837759374957594,-0.24405728059551102,0.5291306708130364,0.5281148407293987,407.4938396604848,1.3729854365670626,0.017188060360567185,False,False,0.8796821313827641,1.562550941869744,mid,2.512061572692855,False,False,False,False
2020-12-02,29758.05,29431.3,2.449925314326709,-1.098022215837391,0.6436913709063573,-1.4997622492065155,0.37902888773273524,-0.29684399932905503,0.75524873040822,0.9706005270923777,0.41104083468737096,400.93465418584856,1.3473149422957773,0.01681542229451589,False,False,0.30332685945073656,1.528674754046899,mid,2.4424456266290187,True,False,False,False
2020-12-03,29611.25,29484.35,1.4487736924310861,-0.4285533369918548,0.6688336358647572,-0.6225674363628642,0.11044316594679415,-0.16453193122530907,-0.285340021730518,0.3804342285459927,0.30483310429900107,380.5511818266514,1.2851574378881383,0.01610581184218227,True,False,1.0111683819607142,1.4641647129256607,mid,2.3572643139909686,True,False,False,False
2020-12-04,29553.35,30138.3,2.306337521803784,1.9793018388778227,0.7232682589283449,0.9313664948305433,1.0109425182543097,0.37143575743745494,1.3960821529649836,1.1388399053257636,0.5361666830453758,374.7104765492277,1.2679120186010306,0.015799894241663816,False,False,0.3020246334072274,1.4363540219694375,mid,2.2995573186073073,True,False,True,True
2020-12-07,30027.45,30189.2,1.334112620285767,0.5386737801578168,0.7251698029636217,0.5308476077722224,0.03445208758119378,-0.25335313033152396,0.2120574048355195,0.5154562334261514,0.3377491209439138,373.5688230727119,1.2440910669161447,0.015572808946160444,False,False,-0.25117541467170046,1.4157099041964039,low,2.2692276688394895,True,False,False,True
2020-12-08,30194.0,30237.4,1.1167781678479194,0.14373716632443134,0.7175266609260166,0.4943035040074095,-0.2939698285450709,-0.10862764325889618,-0.16631220827304505,0.48000790950211814,0.301449964423619,374.80974607842654,1.24133849797452,0.015555213107963395,False,False,0.3680124017860553,1.4141102825421268,low,2.2648232444649476,False,False,False,False
2020-12-09,30399.8,30695.2,1.5526417936960113,0.9717169191902686,0.4567464259633359,1.0769807696103362,-0.11829909656592141,0.0006516642690801433,-0.2058258804096491,0.4881668358978364,0.2795639714375527,367.3122828806936,1.2082720375814764,0.015143537720576522,False,False,0.32294443305309617,1.3766852473251383,low,2.186684320555316,True,False,False,False
2020-12-10,30574.2,30514.9,1.3221932217359735,-0.1939543798365917,0.7406571553793626,-0.6505485016778945,0.4243579487280824,-0.12621653256500442,0.9551357576880859,0.7845190006353822,0.343944143863926,368.42208745750213,1.2050097384641367,0.015072735903943651,True,False,-0.4881870781099362,1.3702487185403318,low,2.171925925629728,True,False,False,False
2020-12-11,30582.85,30600.8,1.573103880115812,0.05869302566634538,0.8906952752931838,-0.32910601856922517,0.47043848541115096,0.30327842007007444,0.8660311270590526,0.7873447454580049,0.570038974224607,353.84846153022954,1.1570159796429356,0.014486260575419418,False,False,0.13239433850347204,1.3169327795835835,low,2.080507560822163,True,False,False,False
2020-12-14,30793.8,30746.05,0.7093960472562683,-0.15506368165020268,0.5530334028278396,0.0224071079243382,-0.2019434623239058,-0.015938380270241748,0.03189200974984541,0.28505845646364947,0.15304097790094548,345.39758772749155,1.1216465253638446,0.01405501336239505,False,False,0.43904080939061174,1.277728487490459,low,2.0172429831276264,False,False,False,False
2020-12-15,30645.85,30662.5,1.4920454156109229,0.05433035794406571,1.4218890975450185,0.14227048686854538,-0.04936549856709993,-0.07427411709900467,-0.054901820231567644,0.29603006896507494,0.1664652361298044,337.7682344011082,1.102166310939681,0.013742576125503343,False,False,0.1930329261807584,1.2493251023184857,low,1.9478693078101585,True,False,False,False
2020-12-16,30896.45,30667.7,1.069864013503167,-0.7403763215515058,0.5568600923407034,-0.5999071090691754,-0.10908108143309336,-0.24242207455414944,-0.32410197759066284,0.36827075552488253,0.33965104878846103,326.5485152418278,1.0569127367119129,0.013245274310597353,False,False,0.8409294741133166,1.2041158464179411,low,1.8772812701208348,True,False,False,True
2020-12-17,30654.55,30835.0,0.9642940444403801,0.5886564963439422,0.4622478555385766,0.5850681220243015,-0.007459322369218757,-0.028696079337375835,-0.27251393702583115,0.33096689033822924,0.2196790254357508,322.1882512712291,1.05102913359103,0.013079211585525344,True,False,0.4027038219364343,1.1890192350477584,low,1.8412906515283622,False,False,False,False
2020-12-18,30776.6,30652.45,1.5225853408108712,-0.4033908878823489,1.5225853408108712,-0.37707219121020374,0.05267354956124404,-0.24875460114719417,-0.08891349661281911,0.5259201155882722,0.3539469063381975,311.1600187450276,1.0110279197345635,0.012643789107625408,False,False,0.022215015404558613,1.1494353734204914,low,1.7649522820627506,True,False,False,False
2020-12-21,30420.9,29332.3,4.585663146060767,-3.5784608607897894,0.994875233803081,-1.7815054781416761,-1.789386842576468,0.0992659098351556,-2.2321064161190174,2.3098201242011442,1.4037086562602334,296.33738480893226,0.9741243185077767,0.012193746398401166,False,False,-0.1848139382007008,1.1085223998546514,low,1.7046697794733643,True,True,True,True
2020-12-22,29612.6,29633.85,2.4752976773400515,0.07175999405657496,2.0126567744811332,0.18336789069519632,-0.09775204015248784,0.22945514126624378,0.19404675377361347,0.8285328092925209,0.45738847245777403,315.91917020546134,1.0668403659437582,0.013367031610186259,False,False,0.9382148689328851,1.2151846918351144,low,1.7906898171939498,True,True,False,False
2020-12-23,29493.75,29933.95,1.6737444373807937,1.4925196016105202,0.9610510701419818,1.0983682983682908,0.35901494749761564,0.24370226450489696,0.24840371717822496,0.51194424787962,0.3699919603376683,317.8403690633968,1.077653296252246,0.013503390466333911,False,False,-0.24667736389297756,1.227580951484901,low,1.808667194486199,True,False,True,True
2020-12-24,30088.85,30374.7,1.6973064773163504,0.9500196916798265,1.2745585158621882,1.2831995905460136,-0.3770309713387654,-0.3714733413731741,-0.436981238501577,0.613290587843463,0.42890075722149995,322.2265698240826,1.0709168672916467,0.013414450574244917,True,False,0.4600127948366284,1.2194955067495377,low,1.7930637453898541,True,False,False,False
2020-12-28,30690.25,30916.45,1.2062462834287786,0.7370418944127266,0.7740243236858706,0.6370101253655447,0.013598504164535896,0.03594693455228892,0.11700322650172179,0.24833458795723182,0.1828112122051201,308.1267879051429,1.0039891754063355,0.012577211976700434,False,False,0.6062611317971811,1.1433829069727666,low,1.7011233796989174,True,False,False,True
2020-12-29,31143.8,31349.6,1.1292777374629848,0.660805682029797,0.9910479774465474,0.42255601435921,0.1646661593456944,0.06564163500377695,0.03288990503440559,0.2789732505419595,0.21944429804176177,305.1587725982845,0.9798379536160793,0.012208134550760759,False,False,0.29256269720487893,1.1098304137055235,low,1.6433275587791705,True,False,False,True
2020-12-30,31440.85,31259.25,1.5775654920270923,-0.5775925269195903,1.184446349255818,-0.347636911851934,-0.1554343784460066,-0.15973625167157168,0.02142207400845919,0.32730586262090217,0.3272917604179609,308.1082313288316,0.9799615192618254,0.01222096758023296,False,False,0.4153163038762786,1.1109970527484507,low,1.6470817925444003,True,False,False,True
2020-12-31,31154.65,31237.8,0.9587653849425389,0.26689434803470746,0.8367932234834952,0.3076587283118215,-0.056799091214543296,-0.1338146610987745,-0.22362252517750258,0.39711364618165645,0.39680763303127314,307.580926612829,0.9872713274353234,0.012278633012459019,True,True,0.11724529539256512,1.1162393647690017,low,1.657776908303615,False,False,False,False
2021-01-01,31337.25,31211.1,0.6130084803229338,-0.40255606347079365,0.4226599334657543,-0.12301653782638144,-0.2364315450801513,-0.11196524598764412,-0.2024734683049867,0.39346682130567023,0.25624046296029246,296.5758703089923,0.946400434974327,0.011808645911839317,False,False,0.1904743611906179,1.073513264712665,low,1.5834890207830201,False,False,False,True
2021-01-04,31437.55,31275.15,1.8557425753597256,-0.5165796953006785,0.4081106829253644,-1.0573343024504078,0.5177599207848216,0.26231064250072933,0.4441346121411893,0.5555350159057239,0.3655673990841575,293.53879934947327,0.9337203419142817,0.011648249991195982,False,False,0.8780530003748677,1.0589318173814528,low,1.5420265553856038,True,False,False,False
2021-01-05,31019.45,31705.6,2.6186795703985704,2.211999245634577,0.7688724332636458,2.2095814077941256,0.07727524337759473,0.0033093484365753767,0.40123344476947764,0.32234815808936834,0.25765641399003414,284.5891152869099,0.9174537758951556,0.011485124764820595,False,False,-0.7483577217055837,1.0441022513473268,low,1.5194347121294032,True,True,True,True
2021-01-06,31802.15,31739.4,1.3368593003932054,-0.19731370363323952,0.4612895669003419,-0.41365127829409154,0.2118684205540955,-0.3669799652169514,0.28897578702058446,0.7151743257153322,0.4060638024021717,303.1087977145744,0.9531078801734297,0.011945719323289694,False,False,0.4237421780379558,1.0859744839354266,low,1.583649732125408,True,False,False,False
2021-01-07,32076.55,31971.5,0.8270839600892331,-0.3274978138234963,0.49896263781485,0.1689707901878501,-0.5675248788154619,-0.1760676149634044,-0.48281490434034513,0.6861028765279389,0.3927542005483584,307.68097988532645,0.9592084556641113,0.011995320269410033,True,False,1.2300169505409686,1.0904836608554573,low,1.5947703285573747,False,False,False,False
2021-01-08,32207.1,32078.15,0.9024407661664596,-0.40037755650150775,0.7065212328958499,-0.4477273644631019,0.11726949215447036,-0.038458125018481226,0.14772339068078733,0.41558935716981305,0.30439528101678925,304.2720971480867,0.9447360897071972,0.011839832738340572,False,False,1.0213784151509975,1.0763484307582338,low,1.5582581936388764,False,False,False,False
2021-01-11,32065.4,32016.05,1.3796802784309499,-0.15390420827434692,0.8780492368721403,-0.2342088356920624,0.11659784372137771,0.12833519088490952,0.2560586994221348,0.3241607612307503,0.25635775036695113,302.0926723673583,0.9421141553430123,0.011751901168374641,False,False,0.6301797329334669,1.0683546516704219,low,1.5370810686338894,True,False,False,False
2021-01-12,31757.85,32353.85,2.077439121351099,1.8767013510045505,0.6423608651089416,1.7400422257804138,0.041163153097523164,-0.12544667203264748,0.013923590429842925,0.4572823962526056,0.33895320004882146,298.53182703082894,0.9400253072258637,0.011698616670446938,False,False,-0.5653414459310224,1.063510606404267,low,1.526879721530733,True,True,True,True
2021-01-13,32486.15,32554.85,1.6216141340232773,0.21147473615679147,0.748780634208732,-0.08034193033031878,0.22319743808159043,-0.19174720049087712,0.743674585466847,0.5777871568281716,0.38870992483509964,312.3745028545709,0.9615620898585117,0.012041354671691038,False,False,0.5957559919453237,1.094668606517367,low,1.5949623008833183,True,False,False,False
2021-01-14,32627.35,32569.6,0.843310903275937,-0.17699874491798884,0.5878503770609605,-0.32350160218344026,0.0974730795958445,0.25407286501801796,0.04225600995704237,0.38143645185691727,0.3783375935450161,315.04686127388413,0.9655913252957539,0.01207793921442732,True,False,-0.08646945078842894,1.0979944740388472,low,1.6016765291708217,False,False,False,False
2021-01-15,32466.5,32255.95,1.515870204672513,-0.6485146227650063,1.0555495664762162,-0.7153527482173905,0.12021374779931371,0.13916405378526786,0.48900935516464905,0.32558536339452826,0.32564698873500564,313.1405002205738,0.9645034118878654,0.01203794859992187,False,False,-0.1863701120062844,1.0943589636292608,low,1.5905206976872888,True,False,False,False
2021-01-18,32206.55,31678.55,2.427301278777143,-1.6394180686847837,0.9344372495656962,-0.45363443150538973,-1.189939629668335,-0.7127107926791942,-1.376202484356026,1.2346988267475925,0.9038953061067827,312.5974101472166,0.9706019742791967,0.012164303495526075,False,False,0.05952390179175815,1.1058457723205521,low,1.6182146261317034,True,True,True,True
2021-01-19,32020.95,32437.2,1.8704941608540682,1.2999302019459202,0.7156252391012804,0.7826126332916461,0.3775771538708339,-0.11362847958310551,0.41958518881333173,0.6662214861077327,0.25408376438663843,319.2773946651687,0.9970890765738326,0.012483677233594885,False,False,1.2764157450388502,1.134879748508626,low,1.6633535262143084,True,False,True,True
2021-01-20,32394.7,32496.95,0.8691236529432261,0.3156380519035551,0.5247772012088396,0.624639215674172,-0.25799880664046926,-0.24453366019639988,-0.1409754951418707,0.3242624716040166,0.30973240899404336,278.31474399774197,0.8591366612369986,0.010765609521996724,False,False,-0.14874896723514608,0.9786917747269749,low,1.5287251772997181,True,False,False,False
2021-01-21,32695.1,32291.05,2.607271425993489,-1.2358120941670103,0.26624784753678465,-0.3122792100345273,-1.0088055717485278,-0.2888034205203449,-0.9239953201433337,1.8958058478814401,1.2402013125180575,265.98380211937183,0.8135280275006709,0.01019424049281112,True,False,0.7257604175161081,0.9267491357101016,low,1.4484028718889426,True,True,True,True
2021-01-22,31952.7,31177.95,3.0873760276909303,-2.424677726764879,0.8670628773155297,-1.6734110106501165,-0.848558151378187,-0.20550655042117505,-0.32301570921865475,0.9701445031510577,0.5553321982153195,273.81300736768026,0.856932301081537,0.010629401355196008,False,False,-0.6288120082809323,0.9663092141087279,low,1.4951187537599853,True,True,True,True
2021-01-25,31521.55,31183.9,2.1420266452633223,-1.0711719442730416,1.8538111228667327,-1.4984986461642813,0.35379333444982564,-0.0654277095971878,-0.18531628701120573,0.8697486569702255,0.5689644942421942,284.999659959818,0.9041422771399821,0.011315017157694124,False,False,1.055874424072134,1.0286379234267384,low,1.5639227904781772,True,True,True,False
2021-01-27,31224.75,30295.75,3.559195830230822,-2.9752039648035633,1.5285951048447122,-3.001144925099475,-0.0028064244007142136,0.1613863350750755,0.17695719620418604,0.701936267752693,0.4312454527415762,290.0116922896759,0.928787875930715,0.01161826143452327,False,False,0.16787508938906903,1.0562055849566607,low,1.6105014211467275,True,True,True,True
2021-01-28,29992.45,30347.55,2.5523089977644373,1.1839646310988217,1.180630458665426,-0.05267992444765168,1.3578902245581226,0.777464153396612,1.0879437862439945,1.6851449378099335,1.1927308428388128,303.52123013078744,1.0119921184524352,0.012679430934146039,True,True,-1.5957683833541014,1.1526755394678216,low,1.7316825114323506,True,True,True,False
2021-01-29,30676.3,30612.8,2.7759214768404252,-0.20700019233088618,1.0403797068094844,0.6819596887499557,-0.8767868417218438,-0.3213581042802227,-0.5954912803062484,2.182901361480309,1.085356880058862,319.25635716618126,1.0407264147442203,0.013015722002207021,False,False,1.1635206136904053,1.1832474547460927,low,1.7812884385576477,True,True,False,False
2021-02-01,30959.55,33269.1,7.713613408463632,7.45989525041546,0.7905476662289989,5.588098018220555,1.4071753707601165,0.1954060683180714,2.4281796763353958,1.5787895844549906,0.5364977127062305,337.049031108545,1.0886754849748947,0.01357296768565901,False,False,1.1875751319709416,1.2339061532417281,low,1.8722525212264123,True,True,True,True
2021-02-02,33739.0,34315.3,3.125166721005347,1.7081122736299248,3.125166721005347,1.8711283677643076,-0.1642406379926964,-0.03728881204545509,-0.08386073876069933,0.7368280172125352,0.5162169917542117,470.3189732417959,1.3939920366394851,0.017443094027689583,False,False,0.9617032020704075,1.5857358206990528,mid,2.227034469729926,True,True,True,False
2021-02-03,34482.0,34696.45,2.5793167449683936,0.6219186822109979,1.5579142741140222,1.0608433385534521,-0.40504709049065113,-0.2167784820043761,0.0814628125865191,0.724435975872234,0.40092518986087466,490.5482951932245,1.422621353730133,0.01781785587432694,False,False,0.7002707247204532,1.6198050794842673,mid,2.2913435314697495,True,False,False,False
2021-02-04,34339.05,35322.35,3.389290035688249,2.8635037952418507,0.9580929000656687,2.2627300405806183,0.5756626955480293,-0.013588879766734951,0.580531890808178,1.0818414941316048,0.34028819749173167,488.81073575160553,1.4234835726428234,0.017814783131948543,True,False,-0.4252596447186785,1.6195257392680493,mid,2.2891920272850865,True,True,True,True
2021-02-05,35914.9,35753.85,2.970354922330274,-0.4484211288351192,2.723103781438901,-0.519979172989482,-0.03946467981129631,0.14876195283364257,-0.4167189482342737,0.7477297313183062,0.4709626763130713,526.7197060319595,1.4665771198916313,0.018380207043898783,False,False,0.8849920800852784,1.6709279130817074,mid,2.390863591909417,True,True,False,True
2021-02-08,36188.05,35995.5,1.6209770905036291,-0.5320817231102559,1.152175925478174,-0.2847625113815311,-0.2913953166135519,0.16146161737216058,-0.4223350478586352,0.5750311763890814,0.31916507640893066,544.5098609035631,1.5046675930412472,0.018852486785855327,False,False,0.895008509573092,1.713862435077757,mid,2.4992624410366266,True,False,False,True
2021-02-09,35915.9,35996.65,2.3181933349853368,0.22483078525110667,1.1614633073374228,1.2090745324494057,-0.8761999606604065,-0.3601857203299641,-0.9632484106194994,1.2555656579133827,0.6846985363047808,543.2696631039362,1.5126160366409755,0.01895714078455059,False,False,0.17585531524775266,1.7233764349591445,mid,2.5355728977197503,True,False,False,False
2021-02-10,36163.7,35901.65,2.2059413168453452,-0.7246216509925629,1.08368336204535,-1.346654241684342,0.560309669896597,0.6092371285511433,0.7986266711807355,1.3400903110433584,0.8491461566181182,553.6885523662568,1.5310616788831255,0.019153410832772236,False,False,0.12695625842960023,1.7412191666156576,mid,2.5824984518737053,True,False,False,False
2021-02-11,35760.25,35789.05,1.2147566082451926,0.08053634971791901,0.9123258366482337,0.06501632399102952,0.00698646024004379,0.3852880824378957,0.22615721777610176,0.4965975938630852,0.498476099375424,548.8849211472407,1.5349023598751146,0.019194617597128216,True,False,-0.5971870373645771,1.7449652361025647,mid,2.589546807320959,False,False,False,True
2021-02-12,35877.45,36124.2,1.7278262529806367,0.687757909215958,0.561355391757222,0.47954913183629877,0.14604918237424158,0.04808118653836235,0.190517157644976,0.4138753658164388,0.3282545559349008,548.0224289677462,1.5274843361714565,0.019128135824636724,False,False,-0.14655320551957285,1.7389214386033385,mid,2.5694787673943154,True,False,False,True
2021-02-15,36611.35,37426.55,2.717599869985666,2.2266319051332584,1.0562298303668045,1.2022228079543673,0.942067122788548,0.6293276364697897,0.9351204524201906,1.0631148536496537,0.8445743697642952,562.477565502777,1.5363475138250215,0.019256047105883925,False,False,1.0441753727418401,1.7505497368985385,mid,2.6139145559370487,True,False,True,True
2021-02-16,37592.1,37127.45,2.4952051095841945,-1.236030974593072,1.3469585365010357,-1.543808406553504,0.4063574405425374,0.06758749012105714,0.8550197980302432,0.6069694083635642,0.45641751296885447,585.9752634629331,1.5587723576574148,0.0195334421502973,False,False,0.17647899686183965,1.7757674682088453,high,2.6745091930254734,True,False,False,False
2021-02-17,36880.5,36864.55,1.5300768698905807,-0.04324778677078367,0.8816312143273388,0.1645856211276886,-0.1637737810358031,-0.2926549685784541,-0.3686129267110094,0.5667114224767971,0.44486258734026146,575.8026665392827,1.5612658899398941,0.019555562764627867,False,False,-0.23028783285682364,1.7777784331479876,high,2.678493438763968,False,False,False,False
2021-02-18,36904.65,36610.6,1.9443349279833377,-0.7967830612131577,0.9380931671212085,-0.931589921595255,0.02666787013978489,-0.028976632805921554,-0.10421005907058634,0.36719605807851846,0.21541119482139165,573.9044792596032,1.555100723783055,0.019491426442865785,True,False,0.6081723498591485,1.7719478584423438,mid,2.661319716866359,True,False,False,False
2021-02-19,36293.0,35928.7,2.9279750916154668,-1.0037748326123586,1.2291626484445997,-1.3207781114815464,0.33241515455697535,0.8014699694223859,0.6205353517533707,1.1467694580139056,1.1003731029259123,569.4443407209656,1.5690197578623026,0.019662221176278156,False,False,-0.6529529699048742,1.7874746523889231,high,2.7145900043512445,True,False,False,False
2021-02-22,35786.7,35165.5,2.866148597104503,-1.7358404099847125,1.2974093727558085,-1.5440093666082566,-0.16872835019435817,-0.6040106305870929,-0.14307979253430636,1.0773638643191294,0.7971527433385712,564.3745822055498,1.5770512011600675,0.01975856122050834,False,False,-0.15141098898650007,1.7962328382280308,high,2.7304591630629615,True,False,True,True
2021-02-23,35366.0,35123.95,1.9394333540688837,-0.6844144093196891,1.0970989085562404,-0.2879884634960139,-0.3778625034206118,-0.0011385858194823406,-0.02646541567775662,0.7869181590935836,0.4437638231434688,556.2148703369239,1.5727389875499744,0.019678752235644525,False,False,1.0665282734498405,1.788977475967684,high,2.7196987555373417,True,False,False,True
2021-02-25,36968.95,36544.45,1.9646216622327537,-1.1482609054355053,1.326789102747035,-0.5216539825989019,-0.7147304907263119,-0.06213058644977121,-0.5683249391712497,0.9303596629332677,0.35225579189810885,579.8061643051005,1.5683598379318338,0.019630590822400686,True,True,4.666901074622887,1.7845991656727895,mid,2.7090438853550682,True,False,False,True
2021-02-26,35511.3,34849.4,3.2227769752163518,-1.8639137401334271,0.9726481429854763,-1.0850067443320954,-1.1686500028468938,-0.7097371126870367,-1.2071816207878783,1.623156636110008,1.343538217548797,541.5025961901556,1.524874043445764,0.019112144364828953,False,False,-2.0189112163406353,1.7374676695299045,mid,2.629930592285828,True,True,True,True
2021-03-01,35257.0,35339.25,1.6766883172136073,0.23328700683551418,1.2754913917803474,0.08863488101653605,0.12383725461024842,0.14398623627629448,-0.029992176569049178,0.6214533166138952,0.43139183388295754,545.5508524971447,1.5473547167857296,0.01934331036275637,False,False,1.5060517541191532,1.7584827602505788,mid,2.661353686910701,True,False,False,True
2021-03-02,35622.05,35473.95,2.080874065361202,-0.415753725571677,0.8889157137222631,-1.0934238765034632,0.6963730981720095,0.6057117254560485,0.5994357251215776,1.0808187315422686,0.8552558820109813,541.9851486287298,1.5214878105800473,0.019065160681938798,False,False,0.33645309393945944,1.7331964256307997,mid,2.6062242400123727,True,False,False,False
2021-03-03,35689.8,36347.1,2.278662250839175,1.841702671351464,0.7084657241004391,1.8481470896446472,-0.007978123435326001,-0.09839949645844559,0.21492450070377256,0.29711632103968705,0.25740538668528773,452.3626019772855,1.2674842727537994,0.01588088603219524,False,False,0.7907210784251495,1.4437169120177489,low,2.325277372948732,True,False,True,False
2021-03-04,35635.2,35834.15,2.2184525413074594,0.5582962913074807,0.8692248114224138,1.287070088002884,-0.8795127147699588,-0.3488697594678847,-0.9564834629407604,1.1625249176798778,0.6278262976771303,443.40292077456616,1.2442835195945756,0.015571294187429037,True,False,-2.1224526853586556,1.415572198857185,low,2.282048562733659,True,False,False,False
2021-03-05,35272.15,35333.8,2.0110767276732657,0.17478378834292485,1.3286686521802653,-0.5743908437676692,0.5928219780407584,0.5824968672617059,0.9315672847073797,0.8363380767646089,0.7873544292428866,435.3635608045588,1.234298336802715,0.015443520992986983,False,False,-1.0483016898684694,1.4039564539079075,low,2.2644657101245667,True,False,False,False
2021-03-08,35513.9,35307.05,2.0666555911910462,-0.5824479992341036,1.1468748856081579,-0.14980050064905548,-0.3859201877007501,-0.10731919755216923,0.10286914223287535,1.1573375596082465,0.7008975787431594,423.1700529217924,1.1915617629204125,0.014931942669073455,False,False,0.3640989647306414,1.357449333552132,low,2.1960559174170986,True,False,False,True
2021-03-09,35787.65,35841.3,1.476626713405335,0.14991205066552382,0.8185784760943986,-0.4254260897264883,0.6130140253792549,0.17966138160439016,0.7814289749928705,0.9019121435426611,0.5899766831379591,417.1498535589453,1.1656251627557142,0.01460247846190394,False,False,1.1296610733550372,1.3274980419912672,low,2.1498541061443754,True,False,False,False
2021-03-10,36124.2,35945.15,1.1292983650849138,-0.495651114765161,0.5759297091700382,-0.3607000293431972,-0.12390988473046649,0.14513666804096825,-0.1265458808690556,0.474941587324531,0.2068406449528097,420.2092143289483,1.1632346580102766,0.01456858866207809,True,False,0.755971463088656,1.324417151098008,low,2.1425490482724623,False,False,False,True
2021-03-12,36424.9,35453.0,3.581204066449042,-2.668229700012903,0.6608116974926412,-3.0307564330993464,0.4491668542323968,-0.013527071050944972,0.6173802319217048,0.8909726380519128,0.7338436045135368,414.8363970857463,1.1388813616118267,0.01426237227237241,False,False,1.5362295052322672,1.2965792974884007,low,2.083582331449065,True,True,True,False
2021-03-15,35337.9,35213.95,3.1491684565296705,-0.350756553162479,2.333613485804197,-1.691668152323722,1.298787280405067,0.23798164222998963,1.4621952678673056,1.6440655035535348,0.6633862893520702,420.49214563312125,1.1899183189525162,0.014882886042904376,False,False,0.25738301413138487,1.352989640264034,low,2.1516186647167084,True,True,False,False
2021-03-16,35297.65,34814.2,1.8433238473382623,-1.3696379220713095,1.2553243629533368,-0.9588457021926566,-0.410621524519994,-0.36658916115184237,-0.2181031332621597,0.7196961028856455,0.7200143087104233,436.65206819641753,1.2370570510966523,0.015503707153145474,False,False,0.39203213499197087,1.4094279230132247,low,2.2473008995755173,True,False,True,True
2021-03-17,34701.1,34140.85,2.781035759673333,-1.6145021339381227,0.7865744889931361,-0.6581923915956578,-0.922178999614176,-0.9672817527052513,-0.9938358120045843,1.1791939708813062,1.146472437109272,430.180339935745,1.2396734971967602,0.015537373405469035,False,False,0.2609567360445153,1.4124884914062759,low,2.2525935861028015,True,True,True,True
2021-03-18,34575.8,33912.4,3.3501755563139493,-1.9186830095037632,0.6764847089582928,-2.276158469218359,0.2185635476844361,0.3606893107633402,0.5093340813064451,0.8886080594753291,0.8898682461519312,430.2217557136355,1.2442857597326322,0.0155737976853184,True,False,1.2789663994891898,1.4157997895744,low,2.254543602301088,True,True,True,False
2021-03-19,33612.75,34115.1,2.9412945980320013,1.4945221679273368,1.4928858840767354,1.4052703215297724,-0.04488764885535179,-0.8122554499720547,0.32878705112027173,1.155050153879546,1.0637926215763038,427.258762208583,1.271121113888578,0.01592981358739946,False,False,-0.9495051957396083,1.448164871581769,low,2.296952793201226,True,True,True,False
2021-03-22,33828.55,33659.85,2.2342074963307703,-0.4986911942723049,1.157602084629716,-0.8278510311556464,0.3471094087664106,0.4162515585197868,0.14755163935522564,0.7596464819589507,0.5959660436564601,441.6899495327525,1.3056721305901449,0.016349468245965407,False,False,-0.07826446353667027,1.486315295087764,mid,2.3679449793705896,True,False,False,False
2021-03-23,33781.75,34210.15,2.156193802866937,1.2681403420485848,0.6638199619617101,1.1426287862529305,-0.02253587081384456,-0.28038801848428996,0.477236762378741,0.7024167526395505,0.49319683209704873,443.17771346358495,1.3118850073296526,0.01642890861057623,False,False,0.2617361634112969,1.4935371464160208,mid,2.382069620352499,True,False,False,False
2021-03-24,33956.15,33370.3,2.239358702326387,-1.725313382111926,0.8774551885299042,-1.2190722446449476,-0.579568424253607,0.08869013228487432,-0.608015069236223,1.3891456135852878,0.4724137672296758,439.4087465507728,1.2940476071367712,0.016156679313113338,False,False,-0.9220947584269723,1.4687890284648488,low,2.343904702684884,True,False,True,True
2021-03-25,33218.65,33032.45,3.3965859539746477,-0.5605284982984071,1.7016043698344152,-0.5379508197955185,-0.14754864943803403,-0.5754599988246789,-0.4770832610594189,2.0623517892732934,1.2556449777968017,422.6556682254304,1.2723445059490088,0.0159412293428548,True,True,0.15118233878628207,1.4492026675322545,low,2.3131181388159687,True,True,False,True
2021-03-26,33518.8,33445.15,1.303000107402413,-0.21972743654308236,1.1137033545353738,-0.3284723796794786,0.11658639815379512,0.3635245225271255,0.19396157913182943,0.8919832259261808,0.8382218354762683,440.74413567779266,1.314916213223005,0.0164752887706348,False,False,1.7334469589752155,1.4977535246031637,mid,2.3854250431632833,False,False,False,False
2021-03-30,33679.85,33893.55,1.2596552538090282,0.6345040135273816,0.8904433956801892,0.7351576684575534,-0.2633560730323059,-0.22703751426356167,-0.26438495864749,0.46289951057328405,0.38758547077849426,439.2728182756382,1.3042600197911753,0.01633081737816537,False,False,0.5105374022840392,1.4846197616513972,mid,2.3516268555169706,False,False,False,False
2021-03-31,33572.6,33340.05,1.8172557383104253,-0.6926779576201914,1.0393892638639974,-0.9031174231367123,0.14082009293825415,0.1393151166670048,-0.08666927574175753,0.4041251119647396,0.3833795713242388,421.82231197343935,1.2564481510917813,0.01571981724445362,False,False,-0.3798657856730836,1.429074294950329,low,2.2549197347976437,True,False,False,False
2021-04-01,33541.9,33905.35,2.2014256795232274,1.0835701018725663,0.8189756692375717,0.6894361977109131,0.32659079771948374,0.4680420807932295,0.381130979890254,0.8674050244054947,0.6880529923856149,422.7205606750249,1.2602761342530533,0.01575569875737915,True,False,0.743700144420889,1.4323362506708317,low,2.2617087599438332,True,False,False,True
2021-04-05,33542.55,32714.45,4.037707329943604,-2.468804548252901,3.4398100323320655,-2.22150671311514,-0.26389286955673663,0.1130872041598785,0.0064203003783402934,0.6648392860409755,0.3204392496763494,423.58672698227383,1.2628340033249523,0.015786483190066238,False,False,-0.755632960579955,1.4351348354605669,low,2.2671043398029336,True,True,True,True
2021-04-06,32591.0,32540.9,2.02908778497132,-0.1537234205762239,2.02908778497132,-0.4082415390752048,0.2681931545276184,0.22203129378650655,0.39810648770126633,0.4190036647416118,0.4112660095033066,431.2170273113843,1.323116895190035,0.016578412423401807,False,False,0.6150187455390421,1.507128402127437,mid,2.354623034001579,True,False,False,False
2021-04-07,32379.5,32958.6,3.18673852283081,1.7884772772896351,2.2597631217282563,1.9566392316126002,-0.14039902402233073,-0.005004800058239223,-0.08153096358082257,0.5037401875924911,0.3391131190975676,427.47446938063877,1.320200958571438,0.016529101603146128,False,False,-0.03441822444985032,1.5026456002860116,mid,2.343968469334962,True,True,True,False
2021-04-08,33210.65,32798.4,1.7908411910034991,-1.2413186733773673,0.7201003292618526,-0.7309402254999542,-0.5714649704712804,0.0754087950468385,-0.8839844157493393,0.9037578978339558,0.37276979251896575,448.2403457524215,1.3496885660245177,0.016915711577138937,True,False,0.5934718100890191,1.537791961558085,mid,2.402544304284868,True,False,False,True
2021-04-09,32429.8,32446.55,1.9292440903120014,0.051650025593752424,1.9292440903120014,0.2661132661934351,-0.2615627335381565,-0.13364352591037632,-0.15193778401744185,0.3739685878687744,0.23911105499862645,436.4060793814442,1.345694636974154,0.016848658967358023,False,False,-0.4924020683935826,1.5316962697598202,mid,2.388756124730493,True,False,False,False
2021-04-12,31439.05,30904.95,3.581533157013332,-1.6988426813151158,2.5433338475558216,-2.3672789095090296,0.6742184343927926,0.8453889507125556,0.4076188495693245,1.3028265373939607,1.0266719316509387,425.93604353074807,1.3547993451797942,0.01694508886099224,False,False,-2.4922526431931824,1.540462623726567,mid,2.4106058454992922,True,True,True,False
2021-04-13,30983.4,31760.95,3.6872970687529474,2.509569640517184,1.9234493309320497,2.4380797459284675,0.08475430703114295,-0.12968863723179513,0.25121425483098925,0.6065131636986906,0.3705165066125439,437.65051265017064,1.4125322354879406,0.01769084798269756,False,False,-0.010192541971432156,1.60825890751796,mid,2.5320733705252936,True,True,True,True
2021-04-15,31771.95,32153.8,2.430760466386228,1.2018462826486775,1.5351591576846872,0.7124208617979022,0.40142757583996325,0.014476014955433492,0.26121108945622584,0.8592643984211685,0.26477098321715975,449.3275173187885,1.4142270692191965,0.017695118871661513,True,False,0.5294237105628152,1.6086471701510465,mid,2.5382203067357687,True,False,False,True
2021-04-16,32299.45,31946.15,1.26101218441801,-1.093826675067222,1.26101218441801,-0.40356724340507855,-0.6231134846793829,-0.10140276427996753,-0.18966949115499787,0.8262587389762204,0.3345197508835611,449.2726163871721,1.3909605779267822,0.01743316958247075,False,False,0.023791900179759295,1.5848335984064317,mid,2.5026158316039853,False,False,False,True
2021-04-19,30750.95,31206.6,2.8997478126691925,1.4817428404650945,1.9399400668922402,0.714449472292733,0.8774436442244404,0.5849835966349692,1.0412202927188918,1.4810796673624773,1.0447285476502461,427.04227531964534,1.3887124635812726,0.01731799048071512,False,False,-2.982205993523479,1.5743627709741015,mid,2.4739124851219056,True,True,True,True
2021-04-20,31548.5,31074.75,2.642597904813215,-1.5016561801670436,0.8233354993105853,-1.3052918522275192,-0.03821856523010814,0.6599128417001499,-0.592774285860298,0.9659019741976509,0.9018215922964423,438.2221520700623,1.389042750273586,0.01735453126779569,False,False,1.1611325809284034,1.577684660708699,mid,2.479526151296935,True,False,True,True
2021-04-22,30639.1,31726.55,4.156290491561439,3.549223051590933,1.3019311924958679,3.162135963523749,0.44308473026564155,0.02741081246278032,0.3857585530892216,0.8719325359600941,0.4864631545119189,418.340326772317,1.3653805979037146,0.017075918975159855,True,False,-1.0016170685202663,1.5523562704690774,mid,2.4440699120623943,True,True,True,True
2021-04-23,31505.75,31625.85,2.4309848202312323,0.381200257095915,1.4824278107964513,0.37818493449608415,0.13264864078621486,0.05339660884140507,-0.3281283934141399,0.8499631619388496,0.6902064616215846,442.1157047067845,1.403285764366138,0.017588463634386875,False,False,-0.7436988894159668,1.5989512394897158,mid,2.503881503835957,True,False,False,True
2021-04-26,32264.9,32271.2,1.3770382056042303,0.019525862469738087,1.3770382056042303,-0.03548748020294479,0.029144169073380688,-0.08562890014091051,-0.1480933560709108,0.5241299767931781,0.23737631811214274,455.1783662636353,1.4107539966453804,0.017638296092884077,False,False,2.1842891179209456,1.6034814629894614,mid,2.5146303958183687,False,False,False,False
2021-04-27,32387.9,32760.25,1.9834567847869042,1.1496577425520016,0.8771794404700588,0.9668734311270466,0.1755295319263439,0.22947393864478638,0.29191962795938053,0.4493739497661301,0.4496159371180126,451.6377871110326,1.3944645596381136,0.01746998666881276,False,False,-0.13092168868836795,1.5881806062557051,mid,2.4754543845518344,True,False,False,True
2021-04-28,32965.35,33662.65,2.791112486292443,2.1152513169130804,0.8751613436532601,2.057766715657494,0.06449944566147003,-0.2064618253122541,0.07297675296551454,0.4219214890157872,0.32844178384203637,458.57511279792925,1.3910821902328636,0.017393976563480427,False,False,0.3212734945551299,1.5812705966800387,mid,2.46294540506637,True,True,True,True
2021-04-29,34033.85,33664.2,2.8620035640986714,-1.0861245495293659,2.425820176089389,-0.8494484167968053,-0.2508538365227242,-0.2382892962463523,0.012479238409901505,0.5357870483556787,0.42219291356084554,465.88949633116135,1.3689003634063186,0.01713648498701635,True,True,0.709837163740823,1.5578622715469408,mid,2.434122703020706,True,True,False,True
2021-04-30,33111.15,32714.35,2.3605341403122466,-1.1983878542424664,1.306508532624202,-0.7313246444173638,-0.3646292859533218,-0.3584147601161547,-0.13082439188767392,1.0251300617603125,0.7221540179420316,463.6894171726635,1.4004026352834724,0.01755139387061582,False,False,-1.6391299956630356,1.5955812609650746,mid,2.5127983216583387,True,False,False,True
2021-05-03,32173.45,32535.55,1.9847109961785236,1.125462143475442,1.1764358500564907,0.6544215805267983,0.36715662055335496,0.3114005308314294,0.9607499627255267,0.6929347826086889,0.5019751867168738,457.58880860010686,1.4222559551434704,0.01779910844428258,False,False,-1.0570284905553673,1.6181007676620527,mid,2.56771799370703,True,False,False,True
2021-05-04,32765.85,32293.75,2.4897873853417485,-1.4408294001223787,1.1237309576891705,-0.19486752213050407,-1.2757629502782697,0.09735407739959179,-1.283460558240368,1.694850467861293,0.4517353209274083,467.3180981900059,1.4262352363512802,0.017835723369375615,False,False,0.2300560463861956,1.621429397215965,mid,2.5760098386582926,True,False,True,True
2021-05-05,32519.65,32851.55,2.425456608542846,1.0206136904917562,1.6666846045391017,0.6002524627417571,0.36604172111440736,0.43465626672782864,0.738481740448349,0.5607545197364411,0.46570314292268866,465.1587576189995,1.4303928782105573,0.017922783324500008,False,False,0.8774143603638374,1.6293439385909096,mid,2.5911724247321724,True,False,False,True
2021-05-06,32928.3,32875.7,1.1652590628729607,-0.15974101304958577,0.7239972910839545,-0.5012405742173209,0.3250593271424629,0.504360216237365,0.16791280723700286,0.6162392314559803,0.5967014016291231,453.4219020016062,1.376997603889682,0.017244308492097765,True,False,0.14976462297819904,1.567664408372524,mid,2.5109855927658944,False,False,False,False
2021-05-07,33146.7,32888.25,1.4583653878063323,-0.7797156278000483,0.6451622635134072,-0.7490941783043104,-0.06900031612481206,-0.10133990498055745,-0.2300350515151095,0.2839043844077568,0.2560086055355593,452.6962671336296,1.3657355547720578,0.01707104529897184,False,False,0.5047801263547314,1.5519132089974397,mid,2.468843597846612,True,False,False,True
2021-05-10,33141.05,33191.5,0.8082121719136797,0.15222812795609997,0.5897519843215501,-0.03847192530109789,0.172963900954759,0.19912650043101277,0.11207160515800396,0.3001965087251597,0.2785355521571031,438.9203924130197,1.324400984317092,0.016563031084611424,False,False,0.8728041169718814,1.5057300986010387,mid,2.383392481061975,False,False,False,False
2021-05-11,32699.45,32836.25,1.594980955337178,0.418355660416303,0.7461899206255762,0.2636129965488676,0.18361691776735967,-0.06571851482241042,0.07007313502636059,0.4062753064221606,0.20750012550409935,427.6522230133796,1.3078269604332171,0.016391217202207303,False,False,-1.6587078016962131,1.4901106547461183,mid,2.3340668516226923,True,False,False,True
2021-05-12,32714.85,32454.6,1.192730518403724,-0.7955102957831084,0.549291835359174,-0.1895163817043355,-0.5789693702081156,0.14359638772567518,-0.5482074886460242,0.942490471735239,0.45747248764160836,425.90443231156314,1.3018688219923464,0.01631407375285103,True,False,-0.3611861890441159,1.483097613895548,mid,2.3181087317490663,False,False,False,True
2021-05-14,32489.05,32163.35,1.5454437725941466,-1.0024916087112423,0.9721737016009966,-0.9469344286767267,-0.02237317208076961,-0.09966994035327525,-0.012120044378005623,0.5441031154642076,0.3326988818957714,402.289991403215,1.2382325472835156,0.015512824532189835,False,False,0.12494376760152637,1.4102567756536213,low,2.1997890256970667,True,False,False,True
2021-05-17,32390.3,33460.5,3.6229982433012355,3.304075602881107,1.7255165898432603,2.741252782468817,0.6175213803631285,0.07486853175484587,0.7134585595476084,0.6956506061024935,0.23073256093714806,380.6957275480654,1.1753386895090983,0.01472556954625905,False,False,0.8534558744658138,1.3386881405690043,low,2.092195017279466,True,True,True,True
2021-05-18,33977.1,33954.3,1.1878588814230717,-0.06710402006055993,1.1878588814230717,-0.37790158665690354,0.3562913789894706,0.16689912628604642,0.03047797414232889,0.39927678167847347,0.2900093475305669,413.2031283564356,1.2161224129087993,0.015221938346450647,False,False,1.2928677096875285,1.3838125769500587,low,2.1521395530705023,False,False,False,False
2021-05-19,33759.4,33659.15,1.0280099764806332,-0.2969543297570487,0.8086636610840239,-0.3760434130938517,0.09945751796258673,-0.15436881542322256,0.03550846185962353,0.6166663445571211,0.32490112833074264,411.16743649089403,1.2179346685394115,0.015208052947751884,False,False,-0.6985860406487632,1.382550267977444,low,2.148358545449027,False,False,False,False
2021-05-20,33783.2,33400.75,1.6375002960051066,-1.1320715621965904,0.6793317388524474,-0.8079459613062001,-0.41703657836035246,0.14885552311012518,-0.5322058299713439,0.7339545362985865,0.3085150761233809,395.89110191463624,1.171857911372032,0.014675121143230895,True,False,0.09923007562580022,1.3341019221118995,low,2.0559705537056074,True,False,False,True
2021-05-21,33696.4,34686.35,3.3462031552331872,2.93785092769554,1.383382201065972,1.9435310596977784,0.7986597304905363,0.34166238018995543,1.2940529439814163,0.9740533837147314,0.5588599662394637,385.74219954383807,1.1447578956322872,0.014346371456107034,False,False,0.4761869119705553,1.3042155869188212,low,2.006021550679563,True,True,True,True
2021-05-24,34991.85,34835.35,1.940166067241376,-0.4472470018018426,1.5650787254746505,-0.4353870972812146,-0.012916373656335356,-0.8864312428958243,0.0008612102300409319,1.1710845448413438,0.9729262189318639,388.239222926386,1.1095132807393322,0.013902229052422697,False,False,0.5274409097526966,1.2638390047656995,low,1.9670385447442427,True,False,False,True
2021-05-25,34999.8,34706.55,1.9980114172080856,-0.8378619306396051,1.1435779633026473,-1.5055800318859114,0.7214373050095979,0.2668272250401893,0.8336116394894733,0.8705401497120155,0.4952475010215382,383.7656784677565,1.0964796326486337,0.013742401933653892,False,False,0.7453635459382602,1.2493092666958083,low,1.942780071063123,True,False,False,False
2021-05-26,34730.8,34674.7,1.24745182950004,-0.16152809609916163,0.8462229490826627,0.0827795501399331,-0.28495765911814575,-0.06141549746553343,-0.30460444567168565,0.5515031120943656,0.3338927045308941,386.1581122088319,1.1118606890968012,0.013913123385343283,False,False,0.1457938054920449,1.264829398667571,low,1.9736679930823677,True,False,False,False
2021-05-27,34689.8,35134.3,1.9586449042658196,1.281356479426221,0.6344804524672916,0.40530645895910933,0.9707037530433116,0.6512415947477201,1.0062280735765539,1.377245165143085,0.902808881842071,380.09599315691594,1.0956995807324226,0.013727499007509216,True,True,-0.030281444396063062,1.2479544552281105,low,1.9363313489179537,True,False,True,True
2021-05-28,35414.3,35215.7,1.2869095252482752,-0.5607904151712861,0.6908226337948271,-0.7182126993898086,0.14704230239237503,0.42581287335277107,0.19876614174572094,0.7768782378814574,0.7720532137749021,379.2795807853727,1.0709786182004801,0.013419460754501273,False,False,0.601548913739558,1.219950977681934,low,1.8943563045930467,True,False,False,False
2021-05-31,35088.6,35484.55,1.8441887108633532,1.128429176427681,1.1758804853998124,1.0792679103754699,0.1233530604246802,0.09837595116719555,0.06889924647615064,0.5097653331378358,0.4660877801001477,360.4606910874463,1.0272871846908864,0.012869033667272815,False,False,-0.3357877310404156,1.169912151570256,low,1.8151683442928224,True,False,True,True
2021-06-01,35570.0,35333.75,1.3143098116390215,-0.6641833005341602,0.9063817824009036,-0.39077874613437924,-0.2365160452710957,-0.011739297084845113,0.017260356921533493,0.45327538031666775,0.2705695822083215,360.7911321184183,1.0143129944290648,0.012679237740707257,False,False,0.4373734484444558,1.1526579764279323,low,1.789332277276387,True,False,False,True
2021-06-02,35185.55,35397.4,0.9745477902150212,0.6020937572384089,0.5662836022173875,0.18146653953112768,0.39887203753823375,0.05993983397796221,0.48724530359129936,0.631500110640177,0.30337472574699426,350.8944344828742,0.9972685789560607,0.012489674879957977,False,False,-0.17589415219160243,1.1354249890870887,low,1.756281745162306,False,False,False,True
2021-06-03,35499.75,35653.7,0.8393016852231476,0.4336650258100372,0.43690448524287023,0.5007077514630476,-0.08801065097050476,0.024833566001869478,-0.1797800634550928,0.38567724756498784,0.2549298837592646,340.35867343942664,0.9587635784461205,0.012016347391671806,True,False,0.39282546175707367,1.0923952174247096,low,1.6798074617205636,False,False,False,False
2021-06-04,35592.2,35339.55,1.76077904709458,-0.7098465394103082,0.7441237124988019,-0.8126780586757754,0.08087142859167784,0.15349792430554565,0.13703425005986425,0.32546855149497195,0.29012950235774104,327.65412648873826,0.9205784595746773,0.011534458504851419,False,False,0.011639745664560053,1.0485871368046744,low,1.6006702421254075,True,False,False,False
2021-06-07,35399.2,35403.05,0.5810865782277485,0.010875951998934319,0.4333431263983408,0.28150353680309603,-0.2178943824940771,-0.16811743700528847,-0.1610827920453639,0.38804073934789435,0.31115113236183567,330.4197250612342,0.9334101478599354,0.011698474032935719,False,False,0.3431000111772775,1.0634976393577926,low,1.630235364530534,False,False,False,False
2021-06-08,35343.45,35083.5,1.3402766283427463,-0.7354969591253702,1.126234139564765,-0.720925659492766,0.007552299675261942,-0.09210318403696238,0.1001249422356354,0.33287117059220833,0.29794739441943374,326.7552285097736,0.9245142409973379,0.011528694087224713,False,False,0.08685692334418071,1.0480630988386102,low,1.5860891223619107,True,False,False,False
2021-06-09,35035.3,34808.7,2.1596789523708777,-0.6467762513807651,1.3983039962551889,-0.5915462405060024,-0.05742497785549139,0.11663191198678646,-0.3951794403675324,0.6204768857286176,0.30028043431365914,326.3784226733369,0.9315702239550878,0.011637820828116728,False,False,0.08764803967677981,1.057983711646975,low,1.6125631913134264,True,True,False,True
2021-06-10,34847.8,35146.0,1.2263327957575472,0.8557211646072371,0.642651759938947,0.6452344193894621,0.23080662567556143,0.24152454168793192,0.41031192560971874,0.33231021893126306,0.2834420241296253,331.12900425434054,0.9502149468670633,0.01183793281537392,True,False,0.2726329911775016,1.076175710488538,low,1.640412374346122,True,False,False,True
2021-06-11,35312.45,35055.4,1.235824758689928,-0.7279302342374838,0.479859086526132,-0.5869034858810407,-0.15695680412017854,-0.052611242837252714,-0.04220744961486167,0.2562298462905698,0.14942163277352913,333.7747322415089,0.9452041199109915,0.011843285551420914,False,False,0.5083082000796768,1.0766623228564467,low,1.6419995657154387,True,False,False,True
2021-06-14,34843.25,34934.4,1.7555767616396205,0.26160016645979667,1.5889734740588246,0.09786687521973203,0.21876662074384878,-0.06604387200068729,0.2838928465888513,0.5588153916510327,0.18397935771621382,328.6556480066756,0.9432405071475124,0.011763668578929543,False,False,-0.3390347849404063,1.069424416266322,low,1.6265117798705546,True,False,False,True
2021-06-15,35097.5,35225.55,1.1297100933114894,0.3648408006268422,1.0344041598404528,0.3823634161977285,-0.010218070657952438,-0.07148266970753436,-0.06552968409585525,0.240834248702159,0.17629555247310594,303.4753070616316,0.8646636001471092,0.01083638413041334,False,False,0.29669895575707983,0.9851258300375764,low,1.5331718315760319,True,False,False,False
2021-06-16,35121.75,34984.7,1.305743591933769,-0.39021404115684444,0.8555951796251611,-0.11744858954920723,-0.21279628283519259,-0.0335545554235539,-0.16740554206458036,0.3670130129274098,0.2354530293338332,303.67684213186294,0.8646404069611079,0.010822345859496645,False,False,-0.0831782612336851,0.983849623590604,low,1.5302130343248117,True,False,False,True
2021-06-17,34701.8,34532.7,1.21621933156206,-0.487294607196187,0.6394480977931812,-0.4442132684759903,-0.0455892079490261,-0.3720335767876337,-0.05759468392385614,0.662128972592926,0.4735890781674468,301.44436036759726,0.8686706752030074,0.010887384953052005,True,False,-1.0430273805406176,0.9897622684592733,low,1.5438970367240437,True,False,False,True
2021-06-18,34727.1,34692.25,2.5012166290879416,-0.1003539022838007,1.6086860117890682,-0.9475308908604374,0.7687935798686096,0.4851406647021328,0.9998732493476714,0.8760671026409884,0.8736010714549683,298.8825640124578,0.8606608787156366,0.010762746616750994,False,False,0.5862559255430444,0.9784315106137267,low,1.5227567393530432,True,True,False,False
2021-06-21,34041.1,34874.3,2.893854781425978,2.4476294831835776,1.2357121244613172,2.1275751958661715,0.30389453867141203,0.2462243444438572,0.47701441704401937,0.5475279265130325,0.4779310830565166,281.3401521660726,0.826471977010357,0.010293782860135672,False,False,-1.6799141018527308,0.9357984418305156,low,1.4797974194907664,True,True,True,True
2021-06-22,35065.15,34716.5,1.7594392152892668,-0.9942920535061184,0.649647869751029,-0.20690058362791142,-0.828317987231586,-0.4306677933081482,-0.5198643508073864,1.025502534821644,0.5846006854532699,302.18657812182937,0.8617860699920843,0.010749708828009168,False,False,0.6038830886928137,0.9772462570917425,low,1.5268509727784418,True,True,True,True
2021-06-23,34905.35,34590.5,1.1538345840967072,-0.9020107232845298,0.7057657350520724,-0.4920449157507334,-0.41933459244075655,0.09231379165151044,-0.5641929381730804,0.6562809498583421,0.24337272344494967,296.73476666149145,0.8501125663014164,0.010654345349901999,False,False,0.5627007330808009,0.9685768499910908,low,1.5151438354836613,True,False,True,True
2021-06-24,34659.95,34860.75,0.9653793499413548,0.5793430169403146,0.6370465046833678,0.5574156915979511,-0.05465790036195406,0.02196606315028049,-0.1931149091013329,0.3408587172178208,0.20085308723684758,295.9323558949527,0.8538164535579328,0.010632217659924736,True,True,0.28100200922218654,0.9665652418113396,low,1.510499517729197,True,False,False,False
2021-06-25,34953.75,35325.05,1.6420269642026881,1.0622608446876347,0.6637342202195758,1.427314665808388,-0.32056842013220566,-0.1638556939853708,-0.412985003755062,0.44919068109154037,0.20453710766449545,290.73869248966366,0.8317811178762325,0.010333497621890808,False,False,0.16035225862898184,0.939408874717346,low,1.4607253007190004,True,False,True,False
2021-06-28,35490.1,35401.4,0.9533644593844645,-0.24992885339853999,0.8413613937408061,-0.1851220481204563,-0.10684725782228455,0.11670575720110765,0.006782697902885104,0.5469393977032779,0.4826667194789648,295.68186379481267,0.8331389987484191,0.01043671347284265,False,False,0.46185355717824894,0.9487921338947864,low,1.4784434330003857,True,False,False,True
2021-06-29,35282.2,35011.85,1.1254967093888664,-0.7662504038863704,0.7023371558462784,-0.7648332586970175,0.07311705726693596,0.08969749946794447,0.017698230890550448,0.3701551024138584,0.2403835853576015,286.91155761940536,0.8131906673036414,0.010176811183506107,False,False,-0.22866327320389956,0.9251646530460097,low,1.4339280236085257,True,False,False,False
2021-06-30,34955.5,34780.55,1.3780377909055925,-0.500493484573239,0.5562786972007183,-0.21856360229435268,-0.32842017139202984,-0.1658420035437036,-0.5816755057130751,0.4690487999977022,0.2929157465187538,284.86874720865853,0.8149468530235829,0.010127586266655322,False,False,-0.028418949584207986,0.9206896606050291,low,1.424555036874946,True,False,False,True
2021-07-01,34820.5,34726.25,0.7471173590270141,-0.2706738846369183,0.5314398127539686,-0.12693671831247588,-0.20258049303694126,0.02550652794188757,-0.31380062099490846,0.41465020718134005,0.15692999394761611,284.58875640925544,0.817302325955272,0.010229479724790314,True,False,0.2456832913797946,0.9299527022536648,low,1.4447570749285563,False,False,False,True
2021-07-02,34750.55,34829.15,0.7361034573553595,0.2261834704774479,0.4401369186962633,0.17064478116173287,0.05386406433811608,0.10562818591135503,0.1879858758890407,0.27994949705326827,0.27908834971408114,286.1533313143791,0.8234497909079973,0.010214298888005437,False,False,0.005327382023678773,0.9285726261823125,low,1.4401424484737746,False,False,False,True
2021-07-05,35015.4,35218.6,0.8529104336948926,0.58031608949205,0.5457598656591057,0.3475613587164528,0.2403442515176435,0.08780741475364895,0.12038363578479316,0.3254394927299024,0.14449860971592893,277.7831260591047,0.7933170149679989,0.009935244994361641,False,False,0.5219765627355155,0.9032040903965128,low,1.3890945510475372,True,False,False,True
2021-07-06,35238.2,35530.45,1.7984743829139969,0.8293556424562087,0.8882406025279386,1.1856451237577392,-0.3964269688131017,-0.5807329356336766,-0.7719828615893043,0.6858593224141677,0.6462386029936609,282.03590157700637,0.8003697736462317,0.009977734390298514,False,False,-0.1277733924687552,0.9070667627544102,low,1.4027416353289635,True,True,True,False
2021-07-07,35463.2,35754.65,1.0245832299397646,0.8218378488123124,0.7623395519862803,0.6881781677908538,0.22348402635319342,0.13262580915034405,0.22095796057763906,0.4029993908800074,0.3082011155677279,288.2067944031987,0.8126925782309514,0.01012729053211665,False,False,0.056711918931506844,0.9206627756469682,low,1.4259875509484492,True,False,True,True
2021-07-08,35673.9,35282.95,1.8834498050395425,-1.0958992428638403,0.5809569461146665,-1.257221666260211,0.1341361631095772,0.08214234033316892,-0.04194125673574467,0.5714626377557186,0.36247613048573224,277.79811151998,0.7787152834985241,0.009728741375832657,True,False,-0.423441426499771,0.8844310341666051,low,1.3693496079932284,True,True,True,False
2021-07-09,35026.4,35090.4,1.0273679281913237,0.1827193202841304,0.8916131831989668,-0.09564214421122763,0.22447410760466635,0.04778246568932776,-0.0565667273654924,0.5593991924076027,0.2197993421709583,279.06112433039743,0.7967165461777328,0.009960642523449541,False,False,-0.33784023161327337,0.905512956677231,low,1.4024903577008483,True,False,False,False
2021-07-12,35301.35,35192.5,0.9370746444541155,-0.308345148273359,0.43666885260762395,-0.44715003817134,0.181825942208369,-0.05081574890775098,0.09595250990444004,0.4656622134960987,0.14535007508806763,279.03505379478156,0.7904373452992068,0.009906819124812026,False,False,0.5547101201468285,0.9006199204374569,low,1.3918882113559188,True,False,False,False
2021-07-13,35368.1,35641.15,1.0877033258783964,0.7720233769979323,0.39201992756184656,0.8971361198368166,-0.0626306556743006,-0.09580569931856298,-0.10643944645886139,0.15776760243685908,0.15771523016479674,273.86380574826217,0.7743243367561792,0.009658334394840509,False,False,0.8170775023087495,0.8780303995309553,low,1.3512191679422174,True,False,False,False
2021-07-14,35546.7,35643.1,1.031038042912563,0.2711925438929619,0.4271845206446895,0.3200015753923813,-0.11567436754162941,-0.21403198153274738,-0.23806723018580112,0.3495469070076274,0.3099821826779812,275.9559937890608,0.77631958462828,0.009646718436490153,False,False,-0.15515773200360794,0.8769744033172865,low,1.3488513878925599,True,False,False,False
2021-07-15,35672.8,35901.7,0.9790372496692157,0.6416653584804033,0.4619766320557837,0.7235204413446716,-0.052044340665013955,0.07398500514828044,-0.030760023104825507,0.2744156144154434,0.22042236938720222,273.4584728857044,0.7665741766435614,0.009573633329306268,True,False,0.3208194573423695,0.8703303026642061,low,1.3351975888414718,True,False,False,False
2021-07-16,35908.95,35755.9,0.8392058247317133,-0.4262168623699547,0.7166736983398249,-0.40644463288399546,-0.03509213432878466,-0.08928970667144709,0.04169517469296835,0.25361407040797573,0.17005566982652315,272.6164220854989,0.7591879519882896,0.00951296603991616,False,False,0.21238548592406037,0.8648150945378327,low,1.3230785630513107,True,False,False,True
2021-07-19,35218.95,35098.4,1.2601170676581661,-0.34228731975256554,0.8878742835887984,-0.5596418973308315,0.2322835601203277,0.19752240680481759,0.253037304438708,0.5193900379334657,0.319832163041625,248.70735765275458,0.7061748225110476,0.008836614417005893,False,False,-1.9168864439155553,0.8033285833641721,low,1.2399265329642366,True,False,False,False
2021-07-20,34835.1,34415.05,1.508392397323381,-1.205824010839629,1.0556880847191483,-1.0506644160631073,-0.11459539123447327,-0.038469522702100356,-0.3154446263667787,0.31042295853387525,0.2235587357027656,223.49730739510596,0.6415865244971479,0.007981589304845682,False,False,-0.8753960294486385,0.7255990277132438,low,1.158796286503423,True,True,True,True
2021-07-22,34716.25,34708.9,1.239765239621219,-0.021171641522332862,0.7555539552802957,-0.27566341410721895,0.23959758004998832,0.16350692775821685,-0.1552185214968249,0.43586829209819444,0.32715816878015125,218.33792469203036,0.6289213975934336,0.007870304648018635,True,False,1.0446011265420108,0.7154822407289668,low,1.1463887408092757,True,False,False,False
2021-07-23,34700.95,35012.1,1.9621941186048264,0.8966613305975812,1.2851233179495212,0.7348501986256917,0.12215373920607675,-0.13211603954348394,0.12716640632599585,0.4361203171419947,0.28491979586216715,218.62268973060418,0.6300193214612401,0.00789620236433654,False,False,0.11365960891873694,0.717836578576049,low,1.150592090662799,True,True,True,True
2021-07-26,34795.15,34921.85,1.130617341784707,0.3641312079413206,0.7887593529557915,0.6479351288900759,-0.24000159905882557,-0.046205300305823815,-0.23629826981121926,0.39605260903583706,0.16393583328327402,230.1732365885,0.6615095396585444,0.008289066782924358,False,False,-0.18350798723869577,0.7535515257203962,low,1.200337613230579,True,False,False,False
2021-07-27,35091.25,34801.2,1.3301036583193817,-0.8265593274676797,0.4948527054465186,-0.8269867844548084,0.02384985510492932,0.071727556030865,-0.03273909953117604,0.2800202867442343,0.1768033946251768,227.0365242158332,0.6469889907479306,0.008103981014514297,False,False,0.3076870211629723,0.736725546774027,low,1.1744328928028118,True,True,True,False
2021-07-28,34680.6,34558.4,2.081134697784929,-0.35235837903611067,0.9896022560163236,-0.87368730644799,0.4772002699432232,0.12638395503512534,0.07590803538706226,0.6088266778367183,0.30450996505598327,228.05372468807946,0.6575829849774211,0.008220284038218662,False,False,0.10991000310334176,0.7472985489289692,low,1.1933849163568557,True,True,False,False
2021-07-29,34681.2,34750.85,0.8098047357069704,0.2008292677300627,0.5671660726849255,0.02148137896036406,0.09801476851938329,0.003024054191058667,0.12702358226688304,0.2278843368075809,0.22133196626883136,239.13149870707275,0.6895133349107666,0.008622428245619415,True,True,0.5263553868234627,0.7838571132381286,low,1.2407533128893413,True,False,False,True
2021-07-30,34607.65,34576.15,0.8093586244659736,-0.09102033798885634,0.7374092144366841,0.1674485265540815,-0.1928424720760602,0.16414775614068677,-0.2919304150858615,0.4259265669712956,0.2592492339047709,233.77176830861208,0.6754915988476885,0.008464105857767844,False,False,-0.14992439033865157,0.7694641688879857,low,1.2123641176306479,True,False,False,False
2021-08-02,34756.9,34726.05,0.7687682158075212,-0.08875935425771697,0.33748694503825977,-0.10559054461130035,0.0033121929021273644,0.07551487743964191,-0.1603066385638785,0.4390815721107723,0.18215802496892033,237.72448042540964,0.6839634156826692,0.008476494148636647,False,False,0.5343278531589002,0.7705903771487861,low,1.2154186834464107,True,False,False,False
2021-08-03,34768.9,35199.5,1.658522415146874,1.238463109272936,0.5057680858468302,0.7381596771827814,0.5303271468970472,0.05768520360320828,0.7858487123158397,0.6146941304276532,0.19578869597340642,236.7429206029028,0.6809042581240787,0.008483007538640574,False,False,-0.18804327010991662,0.7711825035127794,low,1.2170237054662252,True,True,True,True
2021-08-04,35407.95,35994.5,2.5007095864064346,1.656548882383757,0.9349595218023153,2.184255230816823,-0.533976758744481,-0.2858029497413539,-0.4685051946273999,0.7154238302329953,0.40923989992049153,246.8632425942269,0.6971972186874047,0.008736194468493854,False,False,0.5359451128567283,0.7941994971358048,low,1.257557633898537,True,True,True,False
2021-08-05,36008.75,35799.65,1.22747943208248,-0.5806921928697806,1.0322491061200523,-0.20009025584060147,-0.36411245328591413,-0.3223682653775706,-0.6416998038132893,0.5946567158364691,0.5481374046014074,261.38625125122417,0.7258964869683735,0.009095653674365201,True,False,0.27629221131004744,0.8268776067604727,low,1.2925741982624923,True,False,False,True
2021-08-06,35821.65,35882.1,1.0247992484991577,0.16875269564633477,0.9455175850358569,-0.10203326759097298,0.27637200957941754,0.39532547904888027,0.22525825097372554,0.5145996518103945,0.5152100988453627,262.0860612878678,0.7316415108959743,0.00915261079612777,False,False,0.21271157678917074,0.8320555269207063,low,1.3027000799530446,True,False,False,False
2021-08-09,35875.05,36014.8,1.328778635848583,0.3895464954055905,1.328778635848583,0.38438970816763174,0.04081864995788553,0.10836749919767019,0.232304839591424,0.40985256692383865,0.35761274735228216,254.03386550588766,0.7081073489957161,0.008844443073613525,False,False,-0.1613617932060829,0.8040402794194114,low,1.2595033388502226,True,False,False,True
2021-08-10,36104.55,36009.55,1.1688277516268724,-0.26312473081647747,0.9991815436004603,-0.3049477143462709,0.15280133465020995,0.012068214542337863,0.19984684893772364,0.334496012579701,0.1939237233354719,257.2918945258716,0.7126301104040117,0.008931197219773942,False,False,-0.16729233537323696,0.8119270199794492,low,1.2748688252792673,True,False,False,False
2021-08-11,36126.5,35780.35,1.8973606632250486,-0.9581609068135655,1.3281109434902438,-1.016566786154205,0.14835322329187495,0.07167477257581378,-0.041867514437310405,0.31558268140410817,0.21851724036755907,259.9065987589165,0.7194347605190553,0.00899018556576743,False,False,0.5795684755849351,0.8172895968879481,low,1.2866786500580782,True,True,True,False
2021-08-12,35927.6,35991.75,0.8149723332479644,0.17855353544351527,0.7076732094545698,-0.3166089580155629,0.48598517054156964,0.26467630088402583,0.4566732636785531,0.532615175413981,0.2999200398964738,267.0040904908019,0.7431726318785611,0.009286118249046913,True,False,0.12590709705189163,0.8441925680951738,low,1.3270927933767656,True,False,False,False
2021-08-13,36082.95,36141.45,0.801902283488458,0.16212643367574664,0.48873498425156076,0.228085563957503,0.019908613931884922,-0.07610497237570124,0.14909215750333882,0.2564616586363982,0.17831491712705977,266.4292548940466,0.7383799132112165,0.009239993161526763,False,False,0.025005730479898958,0.8399993783206148,low,1.3164624676290049,True,False,False,True
2021-08-16,36083.3,36044.45,0.6152430625801963,-0.10766753595154999,0.6152430625801963,0.03408779130511519,-0.06524340916896909,-0.1605311921793584,-0.1443630585590716,0.26360553640887385,0.18862415081075573,265.367289917227,0.7354296583661334,0.009203514972832215,False,False,-0.11288977060963656,0.8366831793483831,low,1.3078131535684703,False,False,False,False
2021-08-17,35947.9,35880.3,1.030936438568055,-0.18804992781219498,0.727998019355802,-0.5692961202184321,0.423156819819126,0.2676074829532915,0.37485546183004814,0.5554894980171162,0.4257137829027352,265.4517050392351,0.7384345261871628,0.009164277614386616,False,False,-0.3035141332437985,0.8331161467624196,low,1.296680704327934,True,False,False,False
2021-08-18,36098.2,35480.95,2.1819647517050753,-1.7099190541356668,0.6634679845532464,-1.2323329141065154,-0.45577764782271935,-0.25308522268970846,-0.48954940986304374,0.6474847384607577,0.4821406990829431,262.1553312774595,0.726228264227744,0.00910158941264983,True,False,0.9537266968224767,0.8274172193318027,low,1.2849734078591435,True,True,True,True
2021-08-20,35122.35,35029.8,1.0685503675010442,-0.2635074247594349,0.9103889688474719,-0.1296894997060205,-0.18373967978836392,-0.2366406993509207,-0.0453919336535602,0.36605391597865666,0.3115792952922771,263.9386220658962,0.751483377581216,0.009399935054780005,False,False,-0.9426185037322732,0.8545395504345459,low,1.3181823734648763,True,False,False,True
2021-08-23,35328.4,35083.8,1.713352430339318,-0.6923608201899856,1.0910485614972574,-0.5424814030638325,-0.10629896049008103,-0.3479364430418963,-0.020366569771168574,0.48638533728930955,0.4446091144868429,264.5528500481232,0.7488390361525662,0.009354566341435121,False,False,1.1258985206880734,0.8504151219486474,low,1.3096888426878448,True,True,False,True
2021-08-24,35203.85,35680.45,2.056877301772408,1.3538291976587846,0.49653660040024866,1.5789466208951497,-0.18484495116010136,-0.15860006769174984,0.06756472616660236,0.3326370187669482,0.33272448063374116,259.89461197434866,0.7382562190622579,0.009252562166804732,False,False,0.3333447346068441,0.8411420151640665,low,1.2971489124933595,True,True,True,False
2021-08-25,35781.6,35554.65,1.135499809958199,-0.6342645381983925,0.8373018534666025,-0.7719051132425547,0.25489080534228936,0.052280527190085024,0.06029608328450564,0.35403065449198456,0.23315428658160423,274.2371472220402,0.7664194648144304,0.009589433924605525,False,False,0.24775472282441147,0.871766720418684,low,1.3437179717054073,True,False,False,False
2021-08-26,35465.55,35603.4,1.0417151291887397,0.3886870498272188,0.7139322525662145,0.6053762031041243,-0.2474758444797942,-0.10525001087583474,-0.406857251586934,0.27648348876479695,0.18538035248931128,271.30778882806953,0.7649896556745053,0.009533711611986639,True,True,-0.19322367116538786,0.866701055635149,low,1.3338904013271105,True,False,False,False
2021-08-27,35561.4,35608.0,1.0083967447850717,0.13104096014218136,0.650143132722571,0.33210166078949666,-0.18329853277092578,-0.19029202398969103,-0.039014258448411,0.37304334421726354,0.27142536853314986,261.5179161707256,0.7353982581414836,0.009147629662656363,False,False,-0.12260065049967128,0.8316026966051238,low,1.2823639253489427,True,False,False,False
2021-08-30,35808.3,36357.3,1.8861548858784174,1.5331640988262452,0.6728886878181792,1.4281605102727468,0.12321137013797667,0.03479882701817871,0.0923456341571427,0.32172622571223286,0.2929703618527831,262.6331387815044,0.7334420756682232,0.009190507608846106,False,False,0.4859862952145688,0.8355006917132822,low,1.2923647470820578,True,True,True,True
2021-08-31,36390.8,36389.15,0.9134176769952684,-0.004534113017584662,0.6761324290754885,-0.00041219209251375233,0.10346064167581215,0.011530827117223197,0.34266290949458433,0.2683381582906638,0.2031621920651437,276.6427633557105,0.7601997300298715,0.009523167872644563,False,False,0.027779840637220943,0.8657425338767785,low,1.3463826294210905,True,False,False,False
2021-09-01,36527.1,36512.8,1.3391427186937956,-0.03914901538856208,1.3391427186937956,0.605030237823434,-0.5680565797959614,-0.30939015489970245,-0.555067182316249,0.61907962588542,0.3846914624414266,279.09150708162633,0.7640669724167162,0.009550926858209876,False,False,0.5559349421462079,0.8682660780190796,low,1.3536489118306232,True,False,False,False
2021-09-02,36552.0,36875.35,1.1568450426789192,0.8846301159991299,0.46700590938935516,0.7392208360691432,0.10116179913204348,0.12889818537433761,0.2526753258056402,0.24034414021975875,0.21256655438443983,278.1969256881803,0.7610990525502853,0.009441682159006494,True,False,0.20705067811834788,0.858334741727863,low,1.3373034259462386,True,False,True,True
2021-09-03,36985.65,36763.25,1.5489791310954424,-0.6013142935165416,0.6894565865409963,-0.7889546351084853,0.3529201759967959,0.24105208140507983,0.42832246504282967,0.5650810694435132,0.4446737153870404,262.0564233299192,0.7085354004321113,0.008870000155918384,False,False,0.02250826093854741,0.8063636505380347,low,1.2699826958305696,True,True,False,False
2021-09-06,36912.4,36588.25,0.9977676878230504,-0.8781601846533982,0.7616681657112554,-0.8010858139812171,-0.10077369069302344,-0.07389327407301138,-0.195217911482104,0.22994972239441866,0.17633311798200513,264.61642991443296,0.7168767945580157,0.008979973058408416,False,False,0.3128123873705313,0.8163611871280377,low,1.2864167358821332,True,False,True,True
2021-09-07,36584.15,36465.0,1.4526782773414288,-0.3256874903476037,1.1738690115801436,-0.13024766189729808,-0.2112955537613037,-0.1652535005127298,-0.29261916026505075,0.4938896719718558,0.3176372172241519,262.34054797698263,0.7170879956948094,0.008974998529255653,False,False,-0.08035366545271483,0.8159089572050592,low,1.2851886957614156,True,True,False,True
2021-09-08,36443.65,36850.9,1.2328622407470242,1.117478627963986,0.9439230153950002,0.5321914791740046,0.5157270126864288,0.20489099010239098,0.3658805798491871,0.5681321920649864,0.30896908268425055,264.42423823327226,0.7255701287694076,0.009019649905668913,False,False,0.15000685588919538,0.8199681732426283,low,1.2913396375227424,True,False,True,True
2021-09-09,36783.4,36670.3,0.7822822251341637,-0.3074756547790547,0.6505652006068033,-0.403306926494007,0.160092588927796,0.11445565354994969,0.17513182662629578,0.3803734401891045,0.3492329834182542,265.59819919335496,0.7220599487631784,0.0090364071113048,True,False,-0.3402901964402516,0.8214915555731636,low,1.2941691804421667,True,False,False,False
2021-09-13,36513.3,36496.55,0.9895024552697116,-0.045873695338416454,0.9895024552697116,-0.03122150011092284,-0.012054167043362707,0.08350003633417202,0.0009589789887742839,0.33162657286333835,0.17728332837450295,252.53118659399115,0.6916142517767255,0.008662045029760252,False,False,-0.16866510500325171,0.7874586390691137,low,1.238717249084138,True,False,False,True
2021-09-14,36651.75,36614.95,0.6142953610673473,-0.10040448273275215,0.4177153887604434,-0.1193667423792899,0.012975305944062931,-0.017613710840203023,-0.06400773005933447,0.1585718968531548,0.12425175864027614,257.5307380854065,0.7026424061208714,0.008701287795048198,False,False,0.39291385076121177,0.7910261631861997,low,1.24719891849115,False,False,False,False
2021-09-15,36567.55,36860.95,1.2260870635303864,0.8023507180546563,0.40937935409947984,1.0111423926404628,-0.24893535802563704,-0.06563681954351308,-0.11832795684351138,0.341524691842667,0.2719045933568487,254.33719024084712,0.6955270184654074,0.008667955192016382,False,False,-0.19500231462830087,0.7879959265469437,low,1.237736915544978,True,False,True,False
2021-09-16,36988.9,37682.9,2.1744361146181572,1.876238547239839,0.5754429031412087,1.5653344652044154,0.3731909422671986,0.037671877943101784,0.372656588967768,0.4184423404023231,0.27603935915361083,260.10844731588804,0.7032067655861299,0.008806985493371644,True,False,0.23073198059193611,0.8006350448519675,low,1.268334161580243,True,True,True,True
2021-09-17,37932.1,37892.7,1.882706203980274,-0.10386980947535429,0.868921045763347,-1.1096142844714718,1.1018042611273593,0.48088387250615483,0.7460753672930087,1.4081127769839525,0.8969875208648038,280.68174618074045,0.7399583629188483,0.009239200694254861,False,False,0.6544082329120071,0.8399273358413509,low,1.325616955547849,True,True,False,False
2021-09-20,37481.55,37114.95,1.936552783969709,-0.9780812159582708,1.0000920452862767,-0.2685321178019673,-0.6860455473249871,-0.2829722426658354,-0.6117321389609076,0.8683579047053404,0.423719708405632,272.3028194162762,0.7264982889348924,0.009089778259824838,False,False,-1.331391006711058,0.8263434781658944,low,1.311034859075929,True,True,True,True
2021-09-21,37281.95,37298.35,2.152650277144846,0.04398911537621952,1.3974590921343975,-0.6460230755097274,0.679245486770097,0.3071667764971586,0.8091994912599043,0.8842879936071092,0.4501257447180651,280.01602582251144,0.7510766626276562,0.009398645466248086,False,False,0.33261529383712407,0.8544223151134622,low,1.3547134482520566,True,True,False,False
2021-09-22,37282.65,36987.2,1.1622027940610327,-0.7924597634556663,0.6831595930010261,-0.7114569377445035,-0.018369739635959448,0.10995416547763259,0.007160623595736659,0.47207529432104894,0.3471738533592784,285.9732311722182,0.7670410530695061,0.009599962654686666,False,False,-0.05697302963804107,0.8727238776987877,low,1.3770358925227013,True,False,True,True
2021-09-23,37251.45,37811.3,1.5887972146050848,1.502894518199982,1.0194234049949733,1.40665665363362,0.06128318789055953,0.15487484813918595,0.12622198911551585,0.37047871037937175,0.36035892809117076,278.56269819829686,0.7477902154098616,0.009274789491041283,True,False,0.6868592377903715,0.8431626810037529,low,1.332301761784439,True,True,True,True
2021-09-24,38014.8,37783.5,1.127192567105443,-0.6084472363395377,1.0612971789934562,-0.6898628955038566,0.1282032604419836,-0.10491363124048858,0.06313348563018462,0.39149673333325274,0.279064973778195,285.72616145380016,0.7516182156786307,0.00941395393843503,False,False,0.3774004067567116,0.8558139944031845,low,1.3549681520351506,True,False,False,False
2021-09-27,38082.45,38171.75,0.9927144918459893,0.2344912157699941,0.9927144918459893,0.14967524410851585,0.07538126533026546,0.0475752980664268,-0.15917214788232492,0.3917203840118151,0.23512420036145976,287.16273329474643,0.7540553018378452,0.00943729520133287,False,False,0.7179059642436592,0.8579359273938972,low,1.3593622514488746,True,False,False,True
2021-09-28,38272.1,37867.8,2.7449499766148264,-1.0563831093668652,0.8264505997841846,-2.3885545867616376,1.5481309868448534,0.4672952885141246,1.2927161725027947,1.973074004328392,0.8050879439404554,289.01822399843513,0.7551668813533492,0.009433066214118803,False,False,0.4931657573991277,0.8575514740108002,low,1.3586119290577598,True,True,True,False
2021-09-29,37525.65,37741.8,1.467796027517186,0.5760060118878751,0.8351620824689284,0.866607240647399,-0.29352048897184346,-0.07704761993018172,-0.18936113098315666,0.576341086131491,0.3112353169344656,297.22813647429575,0.7920665903836329,0.009906930202019154,False,False,-0.7042923011107205,0.9006300183653776,low,1.401165365348265,True,False,False,False
2021-09-30,37771.15,37411.05,1.3992160683484616,-0.9533731432588066,0.6969605108660976,-0.9948068830310963,-0.006016782812856558,-0.03328378638491891,-0.36596901187033737,0.4107457066911934,0.37882028359389264,303.8569586173144,0.8044683802778426,0.010049719595363651,True,True,-0.16957325829716208,0.9136108723057864,low,1.4287076334434494,True,False,True,True
2021-10-01,36943.35,37229.05,1.0899119868663818,0.7733462179255746,0.769962659044197,0.6614180901298949,0.06238621909933073,-0.1185074238257644,0.09980147308050746,0.3903172285459821,0.31230665372881944,298.7147545773696,0.8085751686768243,0.010071620693454091,False,False,-0.7234493552038757,0.915601881223099,low,1.4320023861765854,True,False,False,True
2021-10-04,37445.3,37602.7,0.8133196956627283,0.4203464787302824,0.6577594517869949,0.5028668484429177,-0.10389651800518651,-0.042674196468817094,-0.10429468229979921,0.2326378555333609,0.1765462084441771,302.4118762251128,0.807609703287496,0.010055281647837377,False,False,0.4380987427828442,0.9141165134397614,low,1.4284241490369127,True,False,False,False
2021-10-05,37405.9,37742.7,1.0836525788712437,0.900392718795695,0.4344234465685894,0.7169991899673489,0.15872973740580498,-0.019077345387386035,0.13547276811600728,0.34294117178644506,0.15950780448899765,294.3712253223057,0.7869646909239069,0.00986269621632894,False,False,-0.27365056232662166,0.8966087469389945,low,1.391484799315795,True,False,True,True
2021-10-06,37749.45,37479.4,1.7081043564873208,-0.7153746610877643,0.9932595044431034,-0.3470249235419276,-0.34105605095371416,-0.10378612863084502,-0.7886070103987675,0.558901283811534,0.3603870063497393,300.00611658663547,0.7947297684777804,0.009880204251466171,False,False,0.0691524453735548,0.8982003864969246,low,1.395597172196051,True,True,False,True
2021-10-07,37784.55,37756.0,0.7035944585816121,-0.07555998417343446,0.44846372392948197,0.30422487498196205,-0.4332510982994475,-0.1745971699385951,-0.2890761454047541,0.4602963099777157,0.24086473216530357,300.77400195601876,0.796023776797709,0.009966297064483638,True,False,1.1062076767504259,0.9060270058621488,low,1.408274455496924,False,False,False,False
2021-10-08,37865.45,37835.3,1.1313743795465299,-0.079624037215964,0.5626501203603698,-0.1507970986743823,-0.042715431908568746,0.186762279056496,0.01905518062721434,0.32003512451614524,0.2548927342978559,299.15448401511094,0.7900460288075567,0.00985511279133346,False,False,0.39834728255112584,0.8959193446666781,low,1.3818378240298697,True,False,False,True
2021-10-11,37881.6,38290.05,1.9282448471025626,1.078227952356836,1.1996589373205049,1.565139804020954,-0.5517940454067061,-0.22777320724756134,-0.511584429632117,0.640814045666599,0.3259490658951669,300.51673185416803,0.7933052771112309,0.00992836064912877,False,False,-0.13889145850568552,0.9025782408298882,low,1.3991696551951418,True,True,True,False
2021-10-12,38253.25,38516.05,1.1893107121617232,0.6870004509420768,0.7209844915138005,0.8220216582904616,-0.17281300155309598,-0.18368294017147013,0.023381451494519645,0.3231979091312198,0.19677537274544799,314.34128356431756,0.8217374564626994,0.010219811218892988,False,False,-0.2917206950630913,0.9290737471720896,low,1.4464876076749615,True,False,False,False
2021-10-13,38676.05,38584.25,0.6981064508914431,-0.23735619330309543,0.4339895103041955,0.03050983748338343,-0.1673652063890807,-0.1252859013926355,-0.20167359367875282,0.2872995010061148,0.21049065786088597,319.41048828552084,0.8258611939055844,0.010328931785039774,False,False,0.5692432115962154,0.9389937986399794,low,1.4753451456071915,False,False,False,False
2021-10-14,38740.7,39329.35,1.779265733453437,1.5194614449403288,0.5474862354061711,1.3591649092556501,0.13726451432174436,0.05178011643529601,0.4524314678731489,0.4978703627068358,0.203430973415292,317.4844000592857,0.8195112635013969,0.010222500416429501,True,False,0.2602098006310838,0.9293182196754091,low,1.4488524616832923,True,True,True,True
2021-10-18,39731.9,39668.35,0.9375338204314416,-0.15994704506958612,0.8729761224607897,0.19115622459533466,-0.3396315048413756,-0.210783407472237,-0.33750345416634353,0.4283074820669793,0.3150432194021348,319.7464521028269,0.8047600343875497,0.010058211613811614,False,False,1.182068862058494,0.914382873982874,low,1.4290965983232742,True,False,False,False
2021-10-19,39877.65,39569.4,1.5377034504289924,-0.7729893812699618,1.5377034504289924,-0.446365319922315,-0.44257317130000917,-0.4100870064782436,-0.3684134902609326,0.8503853308530391,0.7418102286156356,311.167252931049,0.7803048899096335,0.009760893304068274,False,False,0.652787423726986,0.8873539367334793,low,1.381758079502877,True,False,False,True
2021-10-20,39539.65,39557.35,1.193864892582498,0.04476519139646751,0.9759823367177034,-0.33573893547362843,0.3442290563327788,0.1564051387003218,0.2467980895014099,0.5803552169797601,0.26468561933902046,304.5533333332096,0.7702479241298534,0.009606160555434973,False,False,-0.06052656851002203,0.8732873232213612,low,1.36147824831071,True,False,False,False
2021-10-21,39701.6,40164.75,1.940979708626349,1.1665776694138374,0.49380881375056834,-0.07896407197693911,1.1620798961438306,0.42729695574379445,1.4283692352796917,1.2866064620212918,0.8333229063700404,292.1881041997949,0.7359605260236235,0.009224027844948694,True,False,0.30133464450980973,0.8385479859044266,low,1.313404348739962,True,True,True,False
2021-10-22,40257.45,40325.7,1.063778257192147,0.1695338378362221,0.5221393804128288,-0.015028274269723862,0.260612053245346,0.13398739029781837,-0.2237507046292886,0.3609812329509108,0.2702079037672824,307.24616226034414,0.7632032388051011,0.009501654161952663,False,False,0.0694638955800908,0.8637867419956966,low,1.3523958151326876,True,False,False,False
2021-10-25,40760.95,41266.4,3.112047192226874,1.240034886331176,1.0597152421619151,0.9063822114057762,0.31424445179235594,0.19268922275941236,0.4176396786900183,0.6366337307684792,0.45810739601217443,305.63046043329086,0.7498119166341581,0.009344011545922007,False,False,1.5760420773849093,0.8494555950838187,low,1.3262088625221016,True,True,True,True
2021-10-26,41089.4,41297.25,1.3036208851918047,0.5058482236294459,0.7472730193188581,0.4521847483779151,-0.04833410861727616,0.18042322967295465,-0.11476261208421823,0.5691068728922003,0.3642460895146907,336.43479571982243,0.8187873167284565,0.010257455710017438,False,False,-0.5056171606924842,0.9324959736379488,low,1.4246004154891727,True,False,False,False
2021-10-27,41195.7,40800.25,1.4199297499496237,-0.9599302839859436,0.6785902412144851,-0.6796825882313007,-0.29450797615585556,-0.4005200290532751,-0.9418912126576195,0.4993193321878959,0.4744959929686177,339.6896582274421,0.8245755217836865,0.010333501124058073,False,False,-0.1518260901149482,0.9394091930961884,mid,1.440159851194581,True,False,True,True
2021-10-28,40752.45,39559.9,3.8346160782971443,-2.9263271287983783,1.3281410074731703,-2.290414441340327,-0.8624012878258092,-0.47160178202693137,-1.3137122307733673,1.4043529416196627,0.9282020639038732,318.3663697541633,0.7812201959738944,0.009715574908947784,True,True,0.28161592147106784,0.8832340826316167,low,1.3741564447273742,True,True,True,True
2021-10-29,39122.15,39270.55,3.374558913556654,0.3793247559247259,2.897974676749616,0.12026435152463488,0.08999417909989482,0.19602456057401518,0.8313786611524376,0.7948847563902399,0.6267930049645073,346.27849724276166,0.8851213372546286,0.011082081275785614,False,False,-0.3421393886233193,1.0074619341623283,mid,1.4918822887375411,True,True,False,True
2021-11-01,39465.9,39834.75,1.822459388991509,0.9346043039687446,0.9703313493421012,0.6062195464945797,0.35033238761217333,0.36916496421708356,0.4968818770532568,0.6082334407501294,0.480002619799121,378.1856873910365,0.9582593768063986,0.011973751581646676,False,False,0.41150429520340204,1.0885228710587886,mid,1.5891818950893017,True,False,False,True
2021-11-02,39879.8,39897.15,1.2808489510980385,0.04350573473286268,0.6841809637962221,0.19521161089073313,-0.07220144327806377,-0.03167135895164597,0.12010762043985768,0.4553571093395059,0.26138259877896636,387.5818067409673,0.9718750012311176,0.012167101413345018,False,False,-0.09501754121714612,1.1061001284859107,mid,1.6261763861592518,True,False,False,False
2021-11-03,40025.0,39416.45,2.1256714553404015,-1.520424734540915,0.5049344159900027,-1.5019362898188615,-0.11706111909415284,-0.14201051384983288,-0.8326963976090673,0.6139684480333495,0.45481402962440387,391.7525903265414,0.9787697447258998,0.012255044919338454,True,False,0.35967481386514066,1.114094992667132,mid,1.649628450770551,True,True,True,True
2021-11-08,39470.1,39487.05,1.8739501546740482,0.04294389930605824,1.5146908672640957,0.000760069014282827,0.06688556487899344,0.15544369920503787,0.17119248883443738,0.40726721796586807,0.391398612924899,396.28641903606695,1.0040167596131424,0.012555974655980146,False,False,0.6535342477569817,1.1414522414527406,mid,1.70182352738891,True,False,False,True
2021-11-09,39434.45,39401.7,0.8479895117086748,-0.08304921204682625,0.5946577167933115,-0.20870076798331638,0.1548835324118203,0.29786708842236553,0.2810243075212382,0.5441888181458991,0.43630339436153087,397.5552824229053,1.0081420748175907,0.012610518790430243,False,False,0.07800025578004188,1.146410799130022,mid,1.7096779076152173,False,False,False,False
2021-11-10,39100.7,39022.8,0.8462764093737304,-0.1992291698102444,0.8462764093737304,0.028260363625220997,-0.20582050151168874,0.03344593036072041,-0.2824346350959961,0.48540400263347594,0.17799385927593886,394.0241526920363,1.007716364904046,0.012630035977343898,False,False,-0.49617148498668495,1.1481850888494451,mid,1.7169097890765275,False,False,False,False
2021-11-11,38827.5,38571.6,1.4546391088790236,-0.6590689588564791,0.5301654755006266,-0.825960981263274,0.1939917105550082,0.10352450339374819,0.4279344354467085,0.3360445427820578,0.20510305747556642,390.2521292240199,1.0050920847956213,0.012581562998641578,True,False,-0.28124583576780715,1.1437784544219616,mid,1.7026021390324917,True,False,False,False
2021-11-12,38716.55,38751.85,0.9076221925765633,0.09117547922010694,0.42333317405605986,0.10215269697324558,-0.077020133604766,-0.1552088422632103,-0.08849203636172032,0.291050957139639,0.22108236252608837,384.6754804212833,0.9935685912646742,0.012447936146238913,False,False,0.3514243640398762,1.131630558748992,mid,1.6785097107781541,False,False,False,False
2021-11-15,39019.45,38675.85,1.299608272284716,-0.8805864767442828,0.6804298881711557,-0.715412441743779,-0.11473839903151095,-0.028289602860487317,-0.10764748932238222,0.2568384860210169,0.12465509936238593,386.1738551852395,0.9896957932139985,0.012397144175566333,False,False,0.25185894350849836,1.1270131068696665,mid,1.6643196434087515,True,False,False,True
2021-11-16,38618.2,38239.55,1.3001641712974676,-0.9804962427041986,0.749387594450289,-0.9821793869211781,0.11127412137901249,-0.2275289135038383,-0.22791896562061043,0.43045171278462124,0.3148395504153847,385.4515071842907,0.9981084234487644,0.01250357922050987,False,False,0.09062502827992258,1.1366890200463518,mid,1.6947324717006527,True,False,False,False
2021-11-17,38051.2,38006.05,1.2347836599108533,-0.11865591623915206,1.0513466066773267,0.26135838028762404,-0.33302184890691144,-0.19463091652394127,-0.41276858768188873,0.39815835378951986,0.2697009665925153,378.0979581625252,0.9936558062886983,0.012379441490668537,False,False,-0.3298940494854241,1.1254037718789578,mid,1.6704928216315509,True,False,False,False
2021-11-18,38116.95,37941.95,1.2696451316277855,-0.4591133340941522,0.756881125063784,-0.6132442391114767,0.2552582675170001,-0.3430799527166295,0.030815261192262966,0.8679309034083788,0.6431273148057001,378.34487720305697,0.9925895886293551,0.012435158832824755,True,False,0.17326188856774394,1.1304689848022504,mid,1.6853280038244853,True,False,False,False
2021-11-22,38007.1,37252.3,4.155276251016265,-1.98594473137913,1.5939127163082762,-3.3333245630421726,1.3379077958203922,0.6183290791680118,0.6313829204973809,1.5639544694912002,0.7892613967264851,375.06942946627896,0.9868404310412502,0.012368033826791199,False,False,0.7648526235473074,1.1243667115264724,mid,1.6720958131264883,True,True,True,False
2021-11-23,36827.1,37257.55,2.1539844299442534,1.1688403376861167,1.5768279337770401,1.354844666020405,-0.18579517521947198,0.000536819078544859,-0.15837795250270847,0.4613400024915497,0.31202608940721754,404.0369198873959,1.0971184803782972,0.013735789260197685,False,False,-1.2490503942038544,1.2487081145634258,mid,1.8189521536727704,True,False,True,False
2021-11-24,37387.9,37346.7,1.7322449241599596,-0.11019607948027366,0.6835099056111814,0.5610103803636912,-0.5332780107267343,-0.3752197772923349,-0.5784964674761861,0.5556198326225021,0.418908839043103,411.9122985710128,1.1017262231123246,0.013802173236049643,False,False,0.34140731207499275,1.2547430214590582,mid,1.829658515852086,True,False,False,False
2021-11-25,37278.45,37382.25,1.0381332914861,0.2784450533753535,0.5665471606249841,0.3947320771115814,-0.09832841691247429,-0.024199252096035462,0.1506728042954375,0.5716675216963906,0.57209171115453,415.32288051372234,1.114109842318343,0.013947403371401186,True,True,0.041101355675343676,1.2679457610364713,mid,1.8630033940271082,False,False,False,False
2021-11-26,36824.25,35951.9,2.5799575008316413,-2.36895524009314,0.9759872909835271,-1.4189019464076025,-0.7578147059026041,-0.260653141680145,-0.6388881993915962,0.9856274146563062,0.5196451905827033,390.3405482691305,1.0600094999059873,0.01327337919821679,False,False,-1.4748978459028006,1.2066708362015264,mid,1.7599524480671878,True,True,True,True
2021-11-29,35932.35,35934.7,2.799983858556422,0.0065400676549032255,2.465466355526431,0.29819925498888455,-0.1778604031687392,-0.07652150726537021,-0.7878966716398539,0.5685428488186614,0.4410749674679517,393.0943387018124,1.0939844978182958,0.013687720276912594,False,False,0.7580962341350306,1.2443382069920539,mid,1.823695741835344,True,True,False,False
2021-11-30,36125.05,35600.45,3.43708866838939,-1.4521779208610197,1.8336306800959281,-0.17190287625901135,-1.3999132073221898,-0.991943331843681,-1.4613923340293655,1.5912453085507385,1.0948269981219125,408.09056307936044,1.1296608948066797,0.014146224949389321,False,False,0.06706609488880133,1.2860204499444836,mid,1.8916364385810926,True,True,True,True
2021-12-01,36039.6,36385.9,1.6921663947435561,0.9608874682293989,1.0079190668042932,0.5828311080034343,0.3120030124428741,0.027783394057934174,0.6783368288445502,0.5909022569873008,0.21140136963881812,400.2718786397418,1.1106446204723186,0.013884126002287271,False,False,0.849567912765159,1.2621932729352063,mid,1.8733170325040587,True,False,False,True
2021-12-02,36216.35,36535.65,1.0564289333408765,0.881645996904723,0.7028593439151182,0.5508561740760642,0.3076956874547898,0.12746221362118781,0.40033257976073156,0.4985466493298815,0.29179252989193694,381.43425636929896,1.0532101008779156,0.013195381738677212,True,False,-0.2859624195086674,1.1995801580615646,mid,1.7908137540358653,True,False,False,True
2021-12-03,36610.35,36213.6,2.1200288989315905,-1.0837099344857437,0.9647545024835793,-1.1712534843288713,0.1106917752279779,0.2377150574086162,-0.013664011615799332,0.6195146421311454,0.49604684564018414,380.10610840728623,1.0382476769746432,0.013011364352526953,False,False,-0.10496597159213028,1.1828513047751774,mid,1.752338879945702,True,True,True,False
2021-12-06,36056.7,35736.65,1.793564025548662,-0.8876297609043404,1.082461789348451,-0.5409535537084564,-0.3435424750395044,-0.15407782396853476,-0.598824879185067,0.5595113442911898,0.36961914979214977,383.02294366434944,1.0622795310284898,0.013251496986510292,False,False,0.1081085559016648,1.2046815442282082,mid,1.7944928103516766,True,False,False,True
2021-12-07,36021.45,36621.4,2.228116858149793,1.6655353962708563,1.082827037778867,2.187030227822606,-0.6353022677723641,-0.355392941452104,-0.39284143503546254,0.6778187547966883,0.46327765192742554,377.8975095397218,1.0490902213534488,0.013138907017564025,False,False,0.9802261823645964,1.1944460925058205,mid,1.777444012432986,True,True,True,False
2021-12-08,37029.6,37268.3,1.2599379955495142,0.6446194395834715,0.6227450472054946,0.6575820424741252,-0.016768125001676015,-0.17277703592288862,-0.10869157325357204,0.3027652650302726,0.2105468995897511,391.9610327163937,1.0585073366074538,0.013247695437540306,False,False,1.1778632165892144,1.2043359488673004,mid,1.795431804390494,True,False,False,False
2021-12-09,37337.15,37049.95,1.3285695346324047,-0.7692070765979886,1.1141718101140552,-0.9327171463274553,0.2038449372649742,-0.10807343603453923,0.014436458669253582,0.39606476537555857,0.20725304815601775,397.661917141093,1.0650569664291276,0.013318065618819621,True,False,0.17025192992434768,1.2107332380745108,mid,1.81607935056276,True,False,False,False
2021-12-10,36932.15,37104.0,0.8805336272055766,0.46531274242089804,0.7945651688298796,0.04345807108439015,0.40624441786070165,0.05326529759119847,0.44443963107314577,0.5806778138041986,0.2590446498042747,395.6736612845707,1.0713529033229061,0.01340508538163466,False,False,0.08960875790657852,1.2186441256031508,mid,1.840317477936686,False,False,False,True
2021-12-13,37387.1,36962.2,1.9148315862958116,-1.1364882539699583,0.6650689676385745,-1.1140206113873452,-0.0012171833835505907,0.12105471971228798,0.11373437337098835,0.5350197183708214,0.3450194919764051,396.7535983581329,1.061204528722829,0.01329355421048544,False,False,0.6851013367830783,1.208504928225949,mid,1.8115928308454319,True,False,True,True
2021-12-14,36663.55,36894.75,1.3402957433200042,0.6305990554651641,0.6348266875411682,0.32634592122147144,0.29510754909851666,0.0067770420921986485,0.15474517948403932,0.4121446747428134,0.19694084319958105,396.9783185014494,1.0827601759825476,0.013527267651117631,False,False,-0.49577676653446145,1.2297516046470574,mid,1.8620163446736058,True,False,False,True
2021-12-15,37004.1,36769.25,0.897738358722404,-0.6346594026067298,0.6842485021929924,-0.09944843949722948,-0.4901629277767272,-0.23120932648248438,-0.5821385619501962,0.7298342048242714,0.37739328774238384,399.57413749001716,1.0798104466532552,0.013533816474675832,False,False,0.0941868423014025,1.2303469522432575,mid,1.8635561027134842,False,False,False,True
2021-12-16,37087.65,36585.45,2.064568663692623,-1.3540895688996302,0.9225442970907948,-1.3511236220143275,-0.018312740610970657,0.11385329072957084,-0.009567193819048914,0.6089669564361846,0.3356756275957427,398.53537948454687,1.0745770613251227,0.013461568956400119,True,False,0.880355188098747,1.2237789960363743,mid,1.8436811600790317,True,False,True,True
2021-12-17,36341.35,35679.85,2.770810660583617,-1.8202405799454313,1.9065059498340204,-1.534477943169421,-0.3733543484882751,-0.008414415576762924,-0.503203983209799,0.7031134287398971,0.43292168142461257,398.0605981727567,1.0953379502213227,0.013688632387887227,False,False,-0.2559760779216713,1.244421126171566,mid,1.8852564171615689,True,True,True,True
2021-12-20,34995.95,34436.5,3.3649608026071554,-1.598613553854078,2.5117192132232447,-1.6814802855758981,0.24878296882946405,0.047133076252614536,0.6289840274232406,0.6260263024049819,0.445516339224722,395.78059192884757,1.1309325562782195,0.014172963700159667,False,False,-1.556901164102431,1.2884512454690604,high,1.9596683948439264,True,True,True,False
2021-12-21,34696.1,34664.75,1.8944492320462616,-0.09035597660831396,1.049541591129843,-0.4540856176918906,0.3245648702681514,0.28768857856082963,0.039986372875078224,0.7876705883715526,0.3781339314786048,378.92732385976706,1.0921323257074054,0.013686724913429404,False,False,1.2395278265793452,1.244247719402673,mid,1.9207605600224238,True,False,False,False
2021-12-22,34898.15,35095.25,1.1850198362950346,0.5647863855247293,0.6938763229569309,0.05200848755593235,0.4224388036533133,0.129789096288091,0.7865732110956758,0.6940884343415497,0.23744693853365867,378.88624163867644,1.0856914811778746,0.013606765873679197,False,False,0.5783973633157524,1.2369787157890177,mid,1.9072119894193738,True,False,False,True
2021-12-23,35284.25,35082.85,1.2210830611391728,-0.5707929175198578,0.6322934453757655,0.10358729461446003,-0.6474938279993792,-0.39877840409165977,-0.5406309297576573,0.7940080632375175,0.6962301958981048,379.80180656730226,1.0764060638026947,0.013480454943182583,True,False,0.7273064018634923,1.2254959039256892,mid,1.8798993483590862,True,False,False,False
2021-12-24,35128.3,34879.65,2.008921581744625,-0.7078338547552909,1.944301318310308,-0.43696962278276796,-0.34853666068140887,-0.051905594906942465,-0.5958051212430648,0.6880668366938314,0.2760173209830518,379.29743972575307,1.0797489196054266,0.013514177687138222,False,False,0.5682263556124889,1.2285616079216566,mid,1.8890485604105787,True,False,False,True
2021-12-27,34325.8,35097.6,2.638248780800464,2.2484545152625657,1.6101591222928653,1.8778877695494245,0.2590762473406061,0.18401787602224662,0.1820140410831561,0.4387996705785381,0.2918854974483277,364.46492440135626,1.0617812968710305,0.013291294004707476,False,False,-0.8773023811878833,1.208299454973407,mid,1.8600819125823533,True,True,True,True
2021-12-28,35270.95,35173.35,0.8854312118046237,-0.2767149736539465,0.5819236510499434,-0.10320107623977837,-0.16177303243549712,-0.010801177328312317,-0.21685482498439157,0.5869239141694604,0.19413695040126555,372.4525495017515,1.0559753834295689,0.013203678572318129,False,False,0.6003259482129986,1.2003344156652844,mid,1.8521784103590129,False,False,False,True
2021-12-29,35083.05,34946.45,1.378585955326009,-0.3893618143234523,0.9578699685460518,0.2605246693203611,-0.725668773783239,-0.6782307691213796,-0.8947209336317208,0.8322802488738275,0.832677952024666,343.5355938487264,0.9792067504071806,0.012260135854871883,False,False,-0.012793777106812065,1.1145578049883529,mid,1.7237541633383624,True,False,False,False
2021-12-30,34858.1,35131.1,1.1337393604355863,0.7831752160903704,0.8428457087448703,0.674448693417018,0.01994688429667324,0.1836690133106389,0.1750913628729256,0.39694299750379824,0.3975927514246205,340.4706395816829,0.97673321145353,0.012175041902874746,True,True,0.08927945470857956,1.1068219911704313,mid,1.7075848318987479,True,False,False,True
2021-12-31,35220.0,35510.95,1.3637137989778412,0.8260931289040263,1.3637137989778412,0.6956274843838761,0.09897081629774984,0.15601724371416825,0.1375123937452205,0.2554631326660047,0.17068794294226514,342.83814635562885,0.9734189277559026,0.012190306317671378,False,False,-0.04753622858377771,1.1082096652428524,mid,1.7113519621490063,True,False,False,True
2022-01-03,35664.45,36467.65,2.677596317901992,2.2521025839456588,0.9088882626817298,2.0168543185160592,0.1798879994503011,0.10560068111751253,0.42858736996691515,0.34713299206377274,0.34042144146990755,341.3240334934526,0.9570427512367431,0.011947332040531923,False,False,0.20909043548538175,1.0861210945938111,mid,1.6734129245269542,True,True,True,True
2022-01-04,36475.1,36856.75,1.3866994196040667,1.0463302362433646,1.1967067944981644,0.7676469701248356,0.29261245378193745,0.18031704274614757,0.3128086927889573,0.4260633218247224,0.24377450993713248,358.3585698123861,0.9824745369097991,0.012290427558021651,False,False,0.22924427540573777,1.1173115961837863,mid,1.7183976637753169,True,False,True,True
2022-01-05,36892.9,37644.9,2.9550401296726587,2.038332578897295,1.8397848908597587,2.503869308186668,-0.36544749468819804,0.015661270606837085,-0.13689335570274963,0.6243281729079805,0.2970332510010643,354.06711847571205,0.9597161472145374,0.012025633766443751,False,False,0.23550638621148146,1.0932394333130682,mid,1.676384549380493,True,True,True,False
2022-01-06,37418.6,37470.45,1.8413302475239586,0.1385674504123635,0.9902829074310716,0.761920542190242,-0.640520691603208,-0.39033210135872576,-0.09826915615197551,0.8631778843986058,0.5147704007019558,377.610293639882,1.0091513141589532,0.01264128808584711,True,False,-1.0688034766993648,1.1492080078042826,mid,1.760976446028129,True,False,False,False
2022-01-07,37795.9,37755.1,1.865149394511037,-0.10794821660551346,1.3308321802100227,-0.30796991208041913,0.3062673336960531,0.2706079924866378,0.5537855760341159,0.6672063058161638,0.6048884537936852,385.4173552803004,1.0197332390029088,0.012779394308166157,False,False,0.524680114596987,1.161763118924196,mid,1.7870400823051966,True,False,False,False
2022-01-10,38099.4,38344.95,1.208155509010629,0.6444983385565095,0.8380709407497116,0.3307138695097578,0.39698734349411513,0.29950957267614875,0.36442996197478816,0.43282738702537343,0.3652396403271606,395.4473447051423,1.0379358853555236,0.013008576946979163,False,False,0.46470543052463675,1.1825979042708328,mid,1.8367691558215546,True,False,False,True
2022-01-11,38437.45,38433.55,1.2258877735125624,-0.010146354661910717,1.0514485222094636,-0.0637399203120892,0.1451333469572047,0.1837328100442237,0.0550100071395887,0.5729838504983308,0.35131900885848455,394.08108030838775,1.0252529247085533,0.012818946484054204,False,False,0.06532802885386157,1.1653587712776547,mid,1.8016301956965137,True,False,False,False
2022-01-12,38696.75,38708.85,0.6129713735649748,0.031268775801573945,0.49913752446909415,0.006072861416006603,0.06150013824610667,-0.03743152612204481,0.21052468133395674,0.21512128189027652,0.1419816508077465,395.109719276581,1.0210410933129552,0.012796126724432871,False,False,0.7442716064480104,1.1632842476757155,mid,1.7962278155249454,False,False,False,True
2022-01-13,38559.95,38465.7,0.879539522224488,-0.24442459079951906,0.7781389758026215,-0.3747411498199571,0.13575267242738054,0.0643812828653445,0.09080808790431494,0.27241643661600073,0.22943148075649203,394.0487389718619,1.0219119552070528,0.012758998482132862,True,False,0.022475480413408633,1.1599089529211692,mid,1.7818807048051508,False,False,False,False
2022-01-14,38169.2,38312.8,1.1454261551198273,0.37621956970543824,0.6733177535814218,0.4064795699150192,0.035486577071752734,-0.13740306897243038,0.036661195755116616,0.42062031058582094,0.3038496302489964,380.1258403567808,0.9958967973045829,0.012450643669604213,False,False,-0.4246640513496436,1.1318766972367467,mid,1.7224649889307322,True,False,False,True
2022-01-17,38376.2,38243.85,1.235140529807537,-0.34487520911398173,1.053517544728232,-0.36949984625886945,-0.012292595149931973,0.12335461702450701,0.0013079007669558607,0.2616753499466525,0.18948421532320625,363.9866044763621,0.9484696360670472,0.011867498028671737,False,False,-0.2616618988954045,1.078863457151976,mid,1.6415678531075337,True,False,False,True
2022-01-18,38293.4,38214.8,1.977103103929133,-0.20525730282502375,0.5400408425472683,1.1243451874213273,-1.2625261627494,-0.2173893186945608,-1.4622787994056918,1.6571140082558653,0.7979205785217788,333.2277542575175,0.8701963112638665,0.010904045764584256,False,False,0.24461449357218168,0.9912768876894777,mid,1.5359563664043336,True,True,False,False
2022-01-19,37995.45,38058.85,1.4628067308059332,0.16686208480225506,0.6988994734895966,-0.16830962654738046,0.29408275443894016,-0.011827305568956614,0.24320994973749954,0.6308740756363521,0.35113956089156473,331.4791479468113,0.8724180078057012,0.010932882287999103,False,False,-0.1806891570805158,0.9938983898181002,mid,1.5404300157124984,True,False,False,False
2022-01-20,38056.3,37908.65,1.506452282539279,-0.3879778118209165,0.5581204688842429,-0.8628006401042776,0.4450281555186564,0.25808038985879467,0.5899356578612069,0.7253243285150703,0.42872298489615385,336.18136834178586,0.8833790156735832,0.01100543405977307,True,False,0.12414983637183408,1.0004940054339153,mid,1.5539752653062717,True,False,False,False
2022-01-21,37476.1,37738.65,1.368872428027463,0.7005798362156312,0.8456055993019591,0.015876785471280463,0.5181146708891138,0.6966345588471201,0.4290249578172034,1.1548194402387235,1.0841734463699673,332.0885511421475,0.8861342325966349,0.011084232705971898,False,False,-1.0190286385824976,1.007657518724718,mid,1.5682597099016022,True,False,False,True
2022-01-24,37542.05,36834.9,3.489820081748317,-1.8836211661323765,0.9958166908839515,-2.350164682003253,0.6874023963611364,0.2381595723446983,0.9735787842438448,1.5433820470679578,0.9867192772114922,326.99206904211314,0.871002167015688,0.010864815481996642,False,False,-0.3622281136182792,0.9877104983633309,mid,1.5366110317708443,True,True,True,False
2022-01-25,36551.95,37714.0,3.7393353842955115,3.1791737513320095,2.479758261871122,2.752247144133224,0.563129776784943,0.31486631129666875,0.8076472935408141,0.7184896939263153,0.5673171159255118,335.55677943520277,0.9180270257406316,0.011422808772087576,False,False,-0.6430043247029227,1.0384371610988705,mid,1.5798572800707082,True,True,True,True
2022-01-27,37151.1,38100.6,3.0190223169704224,2.5557789675137554,0.9737262153745112,2.008150498908523,0.45372805079009204,0.5359668199698131,0.8107152645648652,1.0635364400752976,1.0644071287944394,375.32615707059085,1.0102692977343628,0.01258492525513822,True,True,-1.738876809672807,1.1440841141034743,mid,1.7223638113130537,True,True,True,True
2022-01-28,38405.35,37687.5,2.154126964081816,-1.8691406275427758,0.9920492848001646,-1.4758360488838052,-0.37025731694265707,-0.03155632339663095,0.04498228573701635,0.8486054566044378,0.6002330925064301,403.84103746686014,1.0515228671704857,0.013179161828431494,False,False,0.38319606515382354,1.1981056207664993,mid,1.804932207832008,True,True,True,True
2022-01-31,38112.65,37957.65,1.4476820688144225,-0.4066891176551568,1.0584412262070506,-0.13000932761170203,-0.2406530209047575,0.0656185270880627,-0.142272574265756,0.5067900407481299,0.3663042275197251,409.45165602166526,1.0743195658702958,0.01346284306723964,False,False,1.072769485903824,1.2238948242945127,mid,1.85659239450569,True,False,False,True
2022-02-01,38272.5,38569.4,2.887582467829385,0.7757528251355339,1.4454242602390865,0.6951466457639333,0.08056867733736706,0.572751724578513,0.6659367418819784,0.722653031834358,0.627901731293008,412.51411644358814,1.0778342581320481,0.013484775199882034,False,False,1.3246341646545368,1.2258886545347303,mid,1.8606253725697708,True,True,False,True
2022-02-02,38865.0,39338.2,1.6028560401389538,1.2175479222951147,1.0375659333590634,1.02187057764056,0.12620297156420435,-0.0513578037165896,0.1095019697621824,0.31748134017113544,0.1342421800116519,422.55719875422074,1.087243532109149,0.013590750630656399,False,False,0.7056111839956136,1.235522784605127,mid,1.8701209656665643,True,False,True,True
2022-02-03,39355.8,38880.6,1.415420344650605,-1.207445916485006,0.6000386220074333,-0.38825281152968794,-0.7964951661862618,-0.5679711808636023,-0.7305316008520246,0.8911307808075876,0.7145979970802472,430.0551221368187,1.0927363238374488,0.013641686788987443,True,False,-0.20971981432805764,1.2401533444534039,mid,1.8811216325214517,True,False,True,True
2022-02-04,39040.3,38735.55,1.8226038222042422,-0.7806036326565069,0.8593683962469549,-0.6056562065353099,-0.1392903023797798,-0.1477820453189671,-0.14713878202071706,0.4919614935116012,0.4147431594435673,409.44192530620785,1.0487673642523438,0.013110573213099597,False,False,0.6363070528746961,1.1918702920999633,mid,1.804523675268003,True,False,False,True
2022-02-07,38651.05,37990.2,2.6615059616750307,-1.7097853745241198,0.7810913286961005,-1.55286855078971,-0.07726502824509929,0.15568056245200967,-0.030894060978303717,0.6658195546222977,0.3756353334290384,406.3263841136795,1.0512686825162048,0.013106392554611742,False,False,-0.37046072664516094,1.191490232237431,mid,1.802947888838665,True,True,True,True
2022-02-08,38181.55,37942.65,2.3388259512775145,-0.625694870952076,1.2128894714855696,-1.1753058741722167,0.6381715642623798,-0.08682702477991189,0.7856126717200596,1.1833206123054743,0.5342493145927363,408.979275630536,1.0711437215894482,0.013412954566422346,False,False,0.48933672368136616,1.219359506038395,mid,1.8426501527711665,True,True,False,False
2022-02-09,38267.05,38602.4,1.1027764094697656,0.8763413955348076,0.8021261111060222,0.7650184688916539,0.20876664298050684,0.1894094082414588,0.20356933545633282,0.34478913272372874,0.22467248766764925,420.6811711678347,1.0993300271848356,0.013745300488518027,False,False,0.8985930081319982,1.2495727716834568,high,1.8989314607156618,True,False,False,True
2022-02-10,38705.65,38962.25,1.7428980006794836,0.6629523079963784,0.8051796055614657,0.9939117415674437,-0.32642327326308784,-0.30193893412997497,-0.4543875157764554,0.4286224093670066,0.348253296060077,423.71933762802655,1.094722185593128,0.013720640422295175,True,False,0.5156415145172177,1.2473309474813796,high,1.892644307591197,True,False,False,False
2022-02-11,38588.75,38434.35,1.0074179650804962,-0.4001166142982071,0.9141265265135564,-0.16066858864306477,-0.1735158039543938,-0.2247931397232783,-0.3554671205867721,0.4180212449791454,0.41780652224389186,429.0150249063772,1.1117619122318738,0.01392890111697892,False,False,-1.0127751862379575,1.2662637379071744,high,1.9489435668990631,False,False,False,True
2022-02-14,37604.95,36847.45,2.3377241559954363,-2.0143624708981123,1.2938456240468421,-1.6523090710132582,-0.2674158275560057,-0.2668764905336074,-0.6726898167472406,0.5544349387295873,0.46507351947089776,418.48092063081276,1.1128346683902326,0.013947724096006954,False,False,-2.00432685865638,1.267974917818814,high,1.9555440550112888,True,True,True,True
2022-02-15,37041.1,38152.85,4.249198862884754,3.0013957468865593,1.3506618323969743,2.5801069622662487,0.5241230840491662,0.24276017001085837,0.29474552104968854,0.7442732019538563,0.4645248658586034,422.98069849394597,1.1419226170225667,0.014276800637243707,False,False,0.3863225270676951,1.297890967022155,high,2.0151747912370883,True,True,True,True
2022-02-16,38341.6,37863.65,1.8006551630604728,-1.2465572641725875,1.0137813758424385,-0.013692699313538892,-1.1427796334288476,-0.47427902890974094,-1.0527016601199146,1.3115489607122108,0.7466086817222569,473.9152076097562,1.236033988174088,0.0154618591792674,False,False,0.3765118464282624,1.4056235617515815,high,2.1659078798098887,True,False,True,True
2022-02-17,38058.6,37458.9,1.8309922067548428,-1.5757279563620274,1.3605334930869841,-0.8594640895881578,-0.7106794058015176,-0.45966200229299314,-0.3966761094368887,0.8222572651498086,0.6421983003133861,469.6652777409763,1.2340582095531005,0.015420060920632462,True,False,0.47129634887286276,1.4018237200574963,high,2.1573049666318456,True,False,True,True
2022-02-18,37386.05,37570.6,1.3678898947602152,0.49363332044973784,0.813137520545765,0.4357240200555834,0.19827451899454562,0.01302550606749886,-0.10394941394037405,0.4889617419395178,0.32789717825005926,462.8638022773739,1.238065541230951,0.015509625075203362,False,False,-0.3055348662133861,1.4099659159275781,high,2.1760421321830865,True,False,False,True
2022-02-21,37488.6,37702.7,2.383391217596816,0.5711069498460786,1.0484520627604204,0.7203523204387441,-0.11414603011494773,0.03567440540448441,-0.031277044372302054,0.5784105099096537,0.34016672811328813,463.15234896453694,1.2354485069182015,0.0154788654351669,False,False,-0.45407845496212573,1.4071695850151726,high,2.1692886385364707,True,False,False,False
2022-02-22,37098.4,37340.8,2.2247590192568913,0.6533974511030216,1.1465454035753524,1.2890043775472648,-0.72119350872617,-0.2885318287091265,-0.6365762320014068,0.9438054533938713,0.5897595924471253,465.98987608961033,1.2560915729239275,0.015742537271704663,False,False,-2.3067313481527796,1.431139751973151,high,2.2203812523119226,True,False,False,False
2022-02-23,37609.0,37358.15,1.201839985109947,-0.6669946023558193,0.6256481161424204,-0.20035097981865313,-0.45106191377604077,-0.4171014249410687,-0.5329492833003546,0.8147355772753132,0.7085393854350276,456.30631799568437,1.213290217755549,0.015206420693112397,False,False,0.7706048076099092,1.382401881192036,high,2.1582076882989645,False,False,False,True
2022-02-24,36407.8,35095.25,4.523481232043687,-3.60513406467845,2.073594119941323,-1.65198116887042,-1.9904290719383488,-1.2595206140461945,-2.2636601501958453,2.3666193286944956,1.628387256515659,415.6963519956771,1.1417782782691541,0.014310119748439749,True,True,-3.4074224767554173,1.3009199771308861,high,2.031537206345491,True,True,True,True
2022-02-25,35946.3,36485.4,2.504847508644823,1.499737107852539,2.1089792273474557,1.6058676414540507,-0.23669659712707292,0.025392659736978018,-0.15112797922847143,0.8998303834101598,0.3446538843220109,437.629256833563,1.2174528583847655,0.015213929170821419,False,False,2.2978893155056523,1.3830844700746743,high,2.108403723172005,True,True,True,False
2022-02-28,35854.05,36211.6,1.819459726307086,0.9972374111153259,0.9022690602595801,0.5285316442633414,0.4489013984471546,0.11946192358585073,0.44040214611087425,0.8131829411919707,0.4342938680360422,439.9769930604016,1.2271333170461958,0.015316620594401245,False,False,-1.4977223766218906,1.3924200540364766,high,2.125648280342789,True,False,False,True
2022-03-02,35462.9,35475.8,1.82415989668074,0.03637604369637337,0.9177196450374816,-1.388916304081178,1.4465111158452837,0.81172360193289,1.3052876858628437,1.8388434774029876,1.4685760807944053,436.98407788158875,1.2322288303595834,0.015400294359418728,False,False,-2.291254736051418,1.400026759947157,high,2.1439826338410404,True,False,False,False
2022-03-03,35780.5,34959.45,2.9978619639188984,-2.2946856527997217,1.6627772110507242,-2.113441679126893,-0.3199207407428628,0.16856269815082037,0.12633287637446866,1.3376427223384906,1.3441978567432253,429.8711160050334,1.201411707508373,0.01504363766835589,True,False,0.4097159190208588,1.3676034243959898,high,2.0917258657333933,True,True,True,True
2022-03-04,34385.1,34376.35,2.9041648853718574,-0.025447068643102977,0.8100892537756265,0.9408144806907659,-0.9728136542528354,-0.6420364784256005,-1.0363969836658549,1.540252271771278,0.8072430733919096,426.1285485589615,1.2392825629675688,0.015522849831264542,False,False,-1.239578997953339,1.4111681664785947,high,2.162098318578483,True,True,False,False
2022-03-07,33388.7,32914.55,3.4299029312312164,-1.4200912284695,1.910376864028844,-2.1403948042301724,0.825119628573745,0.6873734479465154,1.3987725151742847,1.2385976026847128,1.124278892072595,425.34251793747535,1.2739115866669724,0.01595999519916243,False,False,-3.194638174209874,1.4509086544693117,high,2.2357620720342513,True,True,True,False
2022-03-08,32669.05,33206.9,3.3657238272921908,1.6463594747934351,1.157211489161769,-0.012244004646599915,1.5715573678901418,0.054130749130387734,1.8321775120505812,1.8965224299365837,0.7854235994987918,432.19950436625186,1.3229631849296257,0.01654613488670697,False,False,-1.1625557694089794,1.5041940806097243,high,2.3169009900074604,True,True,True,False
2022-03-09,33046.75,33891.25,3.0753402376935792,2.555470658990666,1.0308124096923343,2.4793663522131526,-0.01373054470400481,0.36516416826597453,0.3883731168721427,0.7111831595607364,0.44860062392091626,444.59360921409643,1.3453474523639886,0.01681400393044911,False,False,0.21682240739122616,1.5285458118590098,high,2.352617907492409,True,True,True,False
2022-03-10,34844.55,34400.7,3.2996551828047713,-1.273800350413501,1.2931721029544032,-1.3428211872444917,0.19009996611072388,-0.02699462719840673,0.2456516171094547,1.079220924668343,0.7957609727354307,474.99902524356,1.3631946035852378,0.017048267063216813,True,False,3.7257404197248434,1.5498424602924374,high,2.3883542653236107,True,True,False,False
2022-03-11,34172.45,34546.7,2.2844425845966603,1.0951804743294602,2.2844425845966603,0.8045955148080042,0.2593809692458704,0.17620953706927178,0.1055061760242948,0.5864012958888044,0.4084000464090835,482.1746104796457,1.4110039241542405,0.017659030891615354,False,False,-0.20261215614797434,1.6053664446923046,high,2.4967699799035104,True,False,False,True
2022-03-14,34876.95,35343.65,2.2787256339788886,1.3381330649612444,0.9477606270043767,1.2442315053351916,-0.10917308819656801,-0.423039788607138,0.09662781689241395,0.7298029786836276,0.6977262846463559,495.5255172323741,1.420782256568806,0.017788950364482924,False,False,0.3286855184431614,1.6171773058620837,high,2.523534858898511,True,False,False,False
2022-03-15,35517.2,34941.7,2.6347797686754464,-1.6203416936019788,0.9465836270877128,-1.9903032896737227,0.37991628914431086,-0.43978243092693825,0.3188206077831879,1.3011953358632276,0.7426581834862742,511.2984481295571,1.4395798321082662,0.018040569705851987,False,False,0.3516897660541529,1.6400517914410897,high,2.587785028063604,True,False,True,False
2022-03-16,35582.65,35689.3,0.8411402748249376,0.2997247253928581,0.7739727086093965,0.1974276789390439,0.14276538514399473,-0.1934419813826027,0.34160290594327236,0.5676957554644965,0.30483884493892854,515.084595118009,1.4475723284185102,0.01813190265650615,False,False,1.7573558241299247,1.6483547869551043,high,2.6030039938810527,False,False,False,True
2022-03-17,36377.0,36388.55,0.8482007862110754,0.03175083156941039,0.662369079363326,0.5012782802320093,-0.4592532416468065,-0.2889286487345655,-0.4106290108506827,0.5834348805435625,0.4029109321613696,496.23655198899723,1.364149193141263,0.01708018569070207,True,False,1.7167610460278038,1.552744153700188,high,2.432338228994464,False,False,False,False
2022-03-21,36441.3,36046.15,1.8509218935658167,-1.0843466067346652,1.2666946568865505,-1.0918929895475826,0.060482640372416796,0.2008729499428874,-0.13568070177382152,0.40090557494575985,0.39730057872524854,492.6556567616244,1.3519157021336352,0.01691556559076075,False,False,0.43227883496317343,1.5377786900691588,high,2.3846971019969723,True,False,False,False
2022-03-22,35878.95,36439.95,2.9960464283374995,1.5635909077606813,1.4249302167426863,0.9916678163658821,0.5126294510104268,0.5012576282084069,0.3200722779395093,0.8236568487432764,0.5615520360055576,484.7870372142206,1.351173981440986,0.016919525460357826,False,False,-0.19572131836549378,1.5381386782143478,high,2.3853891235885394,True,True,True,True
2022-03-23,36737.3,36084.95,2.0490074120852646,-1.7757156895035986,0.9543434057483771,-1.2073560114651993,-0.495677630446012,-0.34465868717877823,-0.10400689322280776,0.7083864301705,0.5688661998551314,509.7950554318013,1.3876769807029947,0.017371311705700075,False,False,0.5152312228748901,1.5792101550636433,high,2.466318311552233,True,False,True,True
2022-03-24,35645.85,35526.85,1.4794148547446577,-0.3338397036401153,0.8853765585615115,-0.03226182009967715,-0.34825947435549454,-0.23655373239366284,-0.1399043869516281,0.4428311446680041,0.37730601259466834,492.63050837226183,1.3820136379754215,0.01728443628994633,True,False,-1.250521339228683,1.571312389995121,high,2.449623369759035,True,False,False,True
2022-03-25,35615.7,35536.45,1.410333083443546,-0.22251422827572753,0.9954879449231742,-0.716537931305572,0.5312424880869804,0.5541341547756984,0.7427822452088284,0.9373453429674476,0.9375587830546521,486.3066432916494,1.3654277279167597,0.017111400155751202,False,False,0.48850376546190066,1.5555818323410182,high,2.4115798587829533,True,False,False,False
2022-03-28,35364.9,35749.25,2.1268263164889523,1.0868120650701751,1.4959748224934974,0.6936256005247943,0.40564220363830117,0.13008216600109979,0.5831658337400736,0.507860107497286,0.35201998420530045,484.8803740355397,1.3710780294459752,0.017146914448132596,False,False,-0.13436907738392234,1.5588104043756905,high,2.4218684322923543,True,False,False,True
2022-03-29,35904.15,35923.9,1.269630390915809,0.05500756876293256,0.662876018510395,-0.6100966044315315,0.668766515996877,0.5702679587514581,0.7098292569080122,0.8305987653110162,0.6479554199952046,459.89639424734196,1.280900381285567,0.016054389697694706,False,False,0.5105002202843378,1.4594899725177004,high,2.299642736285309,False,False,False,False
2022-03-30,36087.75,36324.35,0.9517079895532539,0.6556241383849137,0.49975407167251645,0.5802523016813277,0.10841071544183123,0.07160463226889568,0.16401576756621683,0.3964498590109731,0.17336583082027812,453.45186656241276,1.2565257367456069,0.015742046488675325,False,False,0.8842302756660647,1.4310951353341204,high,2.2376775325658196,False,False,False,True
2022-03-31,36434.5,36371.0,0.8362952695933719,-0.17428536140197126,0.8269634549671208,-0.049540957059934776,-0.1097031698586659,0.06670838806401846,0.09988937870457626,0.4264556265094364,0.28966570157281296,453.39321502465464,1.2444063045318439,0.015575063548244348,True,True,0.36573262838839327,1.4159148680222133,high,2.1943029143672983,False,False,False,True
2022-04-01,36317.9,37158.9,2.639194446815482,2.3156625245402296,1.3077573317840434,2.1157610985216735,0.22515052728366847,0.17895934065341734,0.17072503567441277,0.4289993879141314,0.3278675269651877,445.97982164665154,1.2279890127090265,0.015386608502953827,False,False,-0.1997470512221322,1.3987825911776206,high,2.1446748441169037,True,True,True,True
2022-04-04,37954.9,38600.85,2.785674576932103,1.7018882937380964,2.785674576932103,1.571338615040485,0.13099428553642323,-0.15402979978711429,0.4704452377017221,0.5464147771929907,0.23317861378351815,462.36305141084085,1.2181906721156974,0.015212509643366536,False,False,1.7924373434089702,1.3829554221242304,high,2.12614199904507,True,True,True,True
2022-04-05,38571.55,37968.0,2.0639564653222537,-1.5647543331808067,1.662883653884797,-0.5991462619469701,-0.8817058746050099,-0.7349071081072189,-0.9706865685643495,1.097013728320869,0.8455284552845452,467.38076222830205,1.211724087386434,0.015163333803469998,False,False,0.33794592606122276,1.378484891224545,high,2.1212890128083015,True,False,True,True
2022-04-06,37650.6,37591.55,0.9355760598768679,-0.15683681003754169,0.7942768508337262,0.21473761374319889,-0.2815953269752369,-0.1686179562866985,0.12587185553210034,0.3886678089498129,0.3694736492985307,440.4744391365821,1.1699001852203739,0.014594180203538192,False,False,-0.676095659502729,1.3267436548671083,high,2.0519963359519626,False,False,False,False
2022-04-07,37454.35,37599.3,1.6678970533462658,0.38700444674650836,0.6386441094292041,0.40556036882231083,-0.08921389396709944,0.04593208176177921,0.14806561799070028,0.3523350506897125,0.25961611430564674,414.0336634303894,1.1054354525719694,0.013792499679125457,True,False,-0.45169725643130487,1.2538636071932232,high,1.929704181200324,True,False,False,False
2022-04-08,37675.55,37803.1,1.240061525312847,0.33854847507202024,0.9571194050252712,0.24750799921964273,0.054145220393553295,0.05970868516445016,-0.08975972419044131,0.3501567431318972,0.28649577537883136,399.5215044823599,1.0604264688434804,0.013270406837358377,False,False,0.054256329240165435,1.2064006215780343,mid,1.8604773335148788,True,False,False,True
2022-04-11,37618.6,37645.75,1.0792533480778126,0.0721717448283643,0.7404581776036206,0.4883222661130615,-0.4516920928091639,0.0018601758929204237,-0.498807515560451,0.6917568507736301,0.29590083668053885,374.6515204511561,0.9959209551954515,0.012475384216434451,False,False,-0.5590811335578261,1.1341258378576773,mid,1.759041760665303,True,False,False,False
2022-04-12,37434.65,37747.85,1.7374277574386334,0.8366580160359405,0.6510011446614417,0.9552647079644094,-0.07752912303449211,-0.02779730207328468,0.07711908538354795,0.5640045247372185,0.23826258919955684,362.99660717149527,0.9696807828348742,0.012123498182947749,False,False,-0.6331391989799595,1.1021361984497953,mid,1.6993483510145395,True,False,False,False
2022-04-13,37961.65,37439.8,1.4901881240673076,-1.3746768119931474,0.6945167030410802,-0.959125854645404,-0.3984302168625442,-0.1474546736865534,-0.5321649698125541,0.5552223482647141,0.3405056388746971,362.76739494083085,0.9556154564957816,0.01192817755526821,True,False,0.36942501361005853,1.0843797777516553,mid,1.6716343968290122,True,False,True,True
2022-04-18,36866.45,36791.6,1.4033084281236892,-0.20303012630724648,0.7843174485202711,-0.6600852536655877,0.48685119501081786,0.37845054844645176,0.5088064760167432,0.8441393546695979,0.8432287355114849,338.8453434296389,0.9191157364748678,0.011478207542282813,False,False,-1.6203345103339317,1.0434734129348011,mid,1.6143681019784641,True,False,False,False
2022-04-19,36935.35,36070.65,3.2272606053550326,-2.3411176555792723,0.8501340856388256,0.09272959373607392,-2.4648630225915347,-1.7171663484457644,-2.6686371366102524,2.5932117198995854,1.9333112554802898,342.8346179868495,0.9282018932725681,0.011599420864463639,False,False,0.04131377814502457,1.0544928058603307,mid,1.6425081259944911,True,True,True,False
2022-04-20,36314.15,36351.55,1.0834619562897778,0.10299015672954326,0.8079495183007215,-0.13741200055625846,0.21301970949350046,0.15709187118466694,0.34168329065167313,0.8682104276249986,0.3303063291488061,362.25542342118206,0.9975599688308332,0.012499002306153978,False,False,1.1420642544561765,1.1362729369230886,mid,1.7619370679827493,True,False,False,False
2022-04-21,36529.25,36911.25,1.4075022071353818,1.04573732009281,0.42732878446723804,0.646194487978824,0.2729475891669608,0.1928266842779136,0.4980515471084024,0.4701444024664521,0.38320736410406936,359.0360922719083,0.9828728820654907,0.012297415830245208,True,False,0.44441021084382637,1.1179468936586552,mid,1.7235786942577047,True,False,True,True
2022-04-22,36406.05,36008.2,1.5357337585373818,-1.0928128703883155,0.8211547256568539,-0.8226654635699271,-0.19954828140601455,-0.1938816491019124,-0.20783975430322954,0.3317957545099238,0.33181459374870975,338.7351073023892,0.9304363074334876,0.011661140606372373,False,False,-1.0758237664668546,1.0601036914883974,mid,1.6445850609952533,True,False,True,True
2022-04-25,35659.35,36192.85,2.054720571182585,1.4961013030243109,1.943389321454261,1.0939627334766389,0.31290352557391543,0.3525719296687768,0.27257136281522154,0.7794848465094475,0.42708240831187694,328.50431008638225,0.921229102847871,0.011482908389053005,False,False,-0.5994467926749958,1.0439007626411823,mid,1.6183874923646298,True,True,True,True
2022-04-26,36492.8,36390.15,0.9170302086986862,-0.28128836373202404,0.3526723079621106,-0.29348254998248224,0.09591680248008938,0.3282238037323637,-0.1821194094891343,0.513938168016556,0.46224048901628706,339.86900052654164,0.9313316613867438,0.011669758760275352,False,False,0.8910599745529879,1.060887160025032,mid,1.6467458018981744,False,False,False,False
2022-04-27,36133.45,36045.85,1.1807618702337979,-0.24243464158556494,0.4017053450473016,-0.4531811936031582,0.21559812842477655,-0.07373762434560449,0.17813893447349294,0.4371735099264103,0.4032006564311741,334.20528844198634,0.9249193986236751,0.011560498940768472,False,False,-0.8865036280422012,1.0509544491607703,mid,1.622219644973148,True,False,False,False
2022-04-28,36163.45,36424.0,1.512853447334252,0.720478825996973,0.48488183511251987,0.768317182127265,0.09714252784613908,0.08038982204490175,0.24279748875670748,0.4942194707653089,0.4941367559825901,326.4624401738547,0.9027414148093025,0.011263261290753104,True,True,0.39976862801125446,1.0239328446139184,mid,1.5753952574627896,True,False,False,True
2022-04-29,36515.05,36063.75,2.0150595439414785,-1.2359287471878089,0.7082011389824354,-0.34780179679337886,-1.0308329245452996,-0.714050388799059,-1.2970657399235863,1.232547498423246,1.1493730003487583,330.1425679514796,0.9041273884370404,0.011326451426292607,False,False,0.13740940039534966,1.0296774023902369,mid,1.5875497827357088,True,True,True,True
2022-05-02,35851.35,36138.45,1.6833396789800104,0.8008066641841838,1.203162502946189,0.2814398899902093,0.6010750370282869,-0.11047175582428181,0.5299115841201685,0.9073145630662811,0.402393370589925,335.1810574432038,0.9349189289753491,0.01163062700200346,False,False,-1.209386156459047,1.0573297274548599,mid,1.64103255598883,True,False,False,True
2022-05-04,36254.55,35317.55,3.233938912495113,-2.5845031864965895,0.5301403547968381,-1.5647691117390838,-1.1499905428409396,0.015309832740073581,-1.1499905428409396,1.5740915873316101,0.7647828484510845,344.2798663068097,0.9496183687476736,0.011828025472947328,False,False,0.353363246071714,1.0752750429952116,mid,1.6839394014799716,True,True,True,True
2022-05-05,35637.6,35160.1,2.240891642534847,-1.3398769838597446,0.7518744247648469,-0.8489628931241056,-0.5402567705437011,-0.30438464233384366,-0.2943437765086765,0.7249176101349833,0.5091989123851643,347.6818884895474,0.9756041049047844,0.012188229046313798,True,False,1.0980376611627873,1.1080208223921635,mid,1.7135538323360773,True,True,True,True
2022-05-06,34682.8,34681.5,1.2811826034806835,-0.0037482556195067573,0.8153897609189652,-0.2535839090269665,0.19439309608222377,0.38910731223436024,-0.08719501561583742,0.6379562275888011,0.5683834017565581,331.1524446491676,0.9548030858211204,0.011953506095490373,False,False,-1.6808825913464442,1.0866823723173067,mid,1.6856235658208323,True,False,False,False
2022-05-09,34205.25,34321.05,1.8098098976034254,0.33854452167432214,0.9605250655966427,-0.022657340612919352,0.34008333942541213,0.22080600031544328,0.2875897987455911,1.0065063235616767,0.4129890005899673,319.5367777238498,0.9341746595152787,0.011708102363732218,False,False,-1.7004743162781333,1.0643729421574744,mid,1.647121214098145,True,False,False,False
2022-05-10,34368.1,34418.2,1.741294979937804,0.14577471550651921,0.7962325528615242,0.8589360482540664,-0.5720747880323063,-0.29680972934191807,-0.6498906759641265,1.0111558911009626,0.511606243997265,328.26124306822203,0.9551335193630781,0.011929283595022764,False,False,-0.4074758785060695,1.0844803268202512,mid,1.6912094666009447,True,False,False,False
2022-05-11,34704.45,34776.25,1.851779814980483,0.20688989452362083,0.9134275287463136,-0.18801623422932678,0.2974953232176336,0.2802701099576588,0.33659969329140615,0.684340284995043,0.5091621771012723,330.9796509744119,0.9537095414980268,0.011953126228482,False,False,0.7789483470954428,1.086647838952909,mid,1.6952827763213474,True,False,False,False
2022-05-12,34239.5,33559.55,2.9812059171424816,-1.9858642795601456,1.4080228975306468,-2.252077279165876,0.2375374980578604,0.21073949999030894,0.19742068825450154,0.8888981845561783,0.4883899113878488,332.6472883327733,0.9715308001950184,0.01212854822756434,True,False,-1.400812336005175,1.10259529341494,mid,1.7258250896181024,True,True,True,False
2022-05-13,33877.95,33086.35,2.9305197038191384,-2.336623083746203,1.1367275764914895,-1.3130959813093757,-0.9807645716370939,-0.47036151243250446,-1.3685570043394213,1.275831436510511,0.8015236766666674,347.2112212823977,1.0248885227187527,0.012824480087819334,False,False,1.0917905633418545,1.165861826165394,mid,1.8206685558343332,True,True,True,True
2022-05-16,33185.95,33643.35,2.4368746412261952,1.3782941274846694,2.2943444439589693,1.6143880166154645,-0.29402432261717015,-0.006096726801196883,-0.23751876709807718,0.8829626027157587,0.4397078329556293,352.6212633149953,1.0625619074186374,0.013307787346873011,False,False,0.5127492153108593,1.2097988497157282,high,1.8800525586180228,True,True,True,False
2022-05-17,33822.25,34346.75,2.0159806044837523,1.5507543111413336,0.7679855716281442,1.2819963189911965,0.1532584945345139,-0.16513846896997197,0.07919792772714818,0.4618189301973367,0.36228615659491753,367.32485166064725,1.0860449900897997,0.013600221550007056,False,False,0.4543245544810448,1.2363837772733688,high,1.9269840172600219,True,False,True,True
2022-05-18,34393.9,34198.35,1.5081162648027617,-0.5685601225798864,0.9392653929911864,-0.4321987329148569,-0.23010490505983583,0.023566677596131846,-0.17442803236707993,0.4851767763412487,0.23347112276921633,377.72564953399706,1.0982344239356312,0.013762072818010031,False,False,0.2953700131744563,1.2510975289100028,high,1.9576318867030373,True,False,False,True
2022-05-19,33573.65,33359.0,1.313679031025828,-0.6393406734150231,0.6880395786576675,-1.07807759954609,0.4436689479912381,0.23828303998678635,0.34426643725598005,0.569979856496364,0.36944388103878295,351.18120096385974,1.0460024482409858,0.013081128876103704,True,False,-2.1560981743271146,1.1891935341912458,mid,1.8709922387674471,True,False,False,False
2022-05-20,33787.3,34311.55,1.9525087828858898,1.5516185075457267,1.3030043833037857,1.1665625841662308,0.22117259507716813,-0.2175828496945198,-0.0962378299244282,0.5251386351368945,0.47419662557254705,354.13290394636715,1.0481243069033843,0.013128537637249449,False,False,1.2175125153631727,1.1935034215681317,high,1.8829743562808503,True,False,True,True
2022-05-23,34467.5,34157.8,2.0223398853992767,-0.8985275984623065,1.0723144991658766,-0.1676942046855867,-0.721017620031561,-0.6531690038445559,-0.6817633394483713,0.8150318078913711,0.784471677591592,366.2101395605023,1.0624795519271844,0.013276591705418736,False,False,0.028707534343386243,1.206962882310794,high,1.9102576001300862,True,False,False,True
2022-05-24,34276.25,34305.7,1.300609022282201,0.08591955070931245,1.0340979541227442,-0.08110572189199416,0.06233858758573074,-0.3593712747213096,-0.13899613899612806,0.746311146927813,0.515505881942453,367.53914041043754,1.0722851549117465,0.01341667218317502,False,False,0.19146432147267856,1.219697471197729,high,1.9352456699450031,True,False,False,False
2022-05-25,34540.5,34313.9,1.2541798757979679,-0.6560414585776053,0.6864405552901625,-0.2512991994904623,-0.4546681488490134,-0.18088314046891263,-0.5610232367996404,0.6071916804291103,0.3332440801881301,365.36704600638586,1.0577931587741518,0.013213293631408636,False,False,0.542475448686397,1.2012085119462395,high,1.8980226519072627,True,False,False,True
2022-05-26,34678.35,35199.2,2.297687173697698,1.501945738479482,0.514009461234459,1.0587297261836381,0.4241628739781289,0.4245927063077026,1.0046177114633625,0.7745644947282943,0.6324662187708254,367.79112053141216,1.0605784892632208,0.013273660029674903,True,True,1.0395204275818193,1.206696366334082,high,1.9149969914907548,True,True,True,True
2022-05-27,35406.9,35617.7,1.1305705949970286,0.5953641804280929,0.6846123213272031,0.615840415286284,-0.03929830076954133,0.056615754633204673,0.0018253145859237208,0.2450529755129563,0.22632253278936026,383.77498244365415,1.0838988514771248,0.013584687786819172,False,False,0.36194004409191294,1.234971616983561,high,1.9707610669285227,True,False,False,False
2022-05-30,35967.8,35832.05,0.9255500753451535,-0.37742091537430467,0.37644782277481925,-0.3847886164847436,-0.002232803228641167,-0.061923304361422016,0.03238685540385422,0.37413409099788336,0.22133397302151847,388.54468615671067,1.080257024774133,0.013503420685578853,False,False,0.9576699225385399,1.2275836986889865,high,1.95183080703822,False,False,False,True
2022-05-31,35627.7,35362.85,1.6495591913033878,-0.743382255941305,0.48403349079509594,0.392531653741357,-1.21157305993842,-1.1533996335305607,-1.231593188501423,1.3379445894393183,1.1805351572881262,376.84625190578663,1.0577338753435856,0.013239140263745034,False,False,-0.6049053849835562,1.2035582057950032,high,1.8972536611431792,True,False,False,False
2022-06-01,35500.95,35679.7,1.351372287220483,0.5035076526121118,0.8492730476226694,-0.21675476290070606,0.8323453026196859,0.7576815396224346,0.8249450977514172,1.3026479223125482,1.0262268954379812,374.78140981356773,1.0556940301979745,0.013231409018330555,False,False,-0.011028522870759616,1.2028553653027776,high,1.895064763549983,True,False,False,False
2022-06-02,35447.95,35608.25,0.8104841041583587,0.4522123282164392,0.7512423144356808,0.23880083333451818,0.2713001581646113,0.057008540047798206,0.11464474179645467,0.46070369182104426,0.3779975118440116,354.56106994804213,1.0002301118909336,0.012471205201153173,True,False,-0.5850665784745912,1.133745927377561,mid,1.8012595048730293,False,False,False,True
2022-06-03,35914.6,35277.4,2.1627694586602666,-1.7742088175839221,0.6404080791655762,-1.4587382290210726,-0.27818042593109604,0.1910577587761031,-0.7233596066319015,0.639857363657676,0.5818319117557217,346.2955103806271,0.9642193157674792,0.012080385330116551,False,False,0.9023189850666746,1.0982168481924137,mid,1.7299254530981756,True,True,True,True
2022-06-06,35285.7,35314.05,0.9899194291171861,0.08034416208266837,0.9421663733467223,0.2522268227638902,-0.1621215162248668,-0.039200480028978024,-0.20359203603339537,0.47378493669205907,0.4743682637442426,348.20542909351207,0.9868174050493885,0.012358853926951045,False,False,-0.33520043994171855,1.1235321751773677,mid,1.7737491056869303,True,False,False,False
2022-06-07,35006.95,34972.05,0.9105334797804436,-0.09969448923712321,0.4199166165575693,-0.1806784081446633,0.17642665201453855,0.19635484124882474,0.36959036828576597,0.497514573442419,0.3042641344715683,339.5239889404802,0.9698759501769797,0.012155252415546533,False,False,-0.6605019815059454,1.1050229468678665,mid,1.7326314698758953,False,False,False,False
2022-06-08,35112.5,34888.75,1.7458170167319331,-0.6372374510501988,0.9687433250266834,-0.6042007831968732,0.07105945928909119,-0.07624786134048378,0.12198058630952247,0.4541501732790646,0.2640779587889691,335.0909914981967,0.9543353264455583,0.011957719504870115,False,False,0.5535849342546362,1.0870654095336467,mid,1.6905214919280513,True,False,False,False
2022-06-09,34825.3,35116.8,1.402285120300467,0.8370351439901391,0.41349248965550905,0.24192182120470473,0.6270490453185174,0.3786152397634579,0.7816444801468814,0.8248459232502198,0.5663512492159725,331.6580358532374,0.9523479649945222,0.011918168834046278,True,False,-0.2479309232918947,1.0834698940042071,mid,1.685042970803622,True,False,False,True
2022-06-10,34714.85,34479.4,1.143170718006843,-0.6782400039176184,0.5030988179410295,-0.9271248471475424,0.20905416799930077,0.0,0.05922571092626949,0.4655017009275101,0.2886995174801029,311.59223507587376,0.8975762103995085,0.011243775705506949,False,False,-1.2240580007290114,1.0221614277733588,mid,1.6063589878487488,True,False,False,False
2022-06-13,33603.3,33441.7,1.631089803679991,-0.4809051491966754,1.4595292724226403,-0.9579416307326949,0.48210111353488294,0.222671427779364,0.615423033760254,0.5651805512989193,0.3710191488437206,281.37894013843106,0.8373550816093391,0.010494793610134992,False,False,-2.177387077501347,0.9540721463759082,mid,1.5172448250150041,True,False,False,False
2022-06-14,33210.85,33329.55,1.480690798338495,0.35741331522680664,0.6794466266295328,0.1833738070540214,0.23187839533538313,0.35494019882069683,0.3957257405369896,0.5697025254157143,0.5574622452863972,269.2897100631035,0.8108485933455587,0.010158929685179927,False,False,-0.7807617435716452,0.9235390622890842,low,1.476909142017859,True,False,False,True
2022-06-15,33388.35,33330.0,0.9078016733381511,-0.17476155605172794,0.6634050499650327,-0.03803721956908701,-0.09857485921622722,0.08780224233417844,-0.30796140017790297,0.3192447188294329,0.2491482432047068,265.51203157544114,0.7952235782104871,0.00995884245787372,False,False,-0.03525400132915468,0.9053493143521564,low,1.4501344517589025,True,False,False,True
2022-06-16,33676.05,32573.8,3.599293860176601,-3.2730976465470407,0.5858763126910754,-2.8838002081598035,-0.4124764179068041,-0.3989241738263538,-0.45691407264780715,0.6469978504750008,0.6397465478303838,264.06996417979826,0.7841476781861241,0.009798600183529781,True,False,0.9564956495649701,0.8907818348663437,low,1.4203336957426238,True,True,True,True
2022-06-17,32308.4,32857.05,1.8304837132139054,1.6981651830483724,1.650035284941373,0.8986826955219129,0.7339238467732656,0.018427172312351914,0.6043059672341977,1.0020322865140578,0.7564278088873863,284.05954524113986,0.8792126668022553,0.01101771677939218,False,False,-0.5536658295931085,1.0016106163083798,mid,1.5345390470571743,True,True,True,True
2022-06-20,32776.3,32699.45,1.5134411144638023,-0.23446819805774677,1.430149223676864,-0.5124129325152715,0.2812163142262625,0.4900032574691293,0.18781356516410774,1.0481977775631066,0.8527808337891742,287.64614468567925,0.877604075767183,0.010971414139078364,False,False,0.04976101019416035,0.9974012853707603,mid,1.5281334515409537,True,False,False,False
2022-06-21,32945.8,33186.55,2.409715350666857,0.7307456489142883,1.0823837939889107,1.6839779273837507,-1.00998191077174,-0.32027004280287263,-1.000968727563667,1.146695880073794,0.4613932573462222,285.85475247547765,0.8676515746331175,0.01079248446743236,False,False,0.8520020978946219,0.9811349515847599,mid,1.5020345594324023,True,True,False,False
2022-06-22,32943.45,32793.5,0.971057979659087,-0.4551739420127432,0.9666564977256504,-0.08560123484333548,-0.3255329976226906,-0.16234828347501118,-0.22094994791785894,0.6076210874898413,0.3971218555480663,296.05685154577986,0.8986819885160172,0.011193080834441031,False,False,-0.4064899786208609,1.0175528031310028,mid,1.557271245148994,True,False,False,True
2022-06-23,32853.15,33171.05,2.3621783603703124,0.9676393283444717,1.8007405682560076,0.694910533693105,0.2564881527260976,-0.07231028342618018,0.4383501077326768,0.8326418582015129,0.5548307788721447,294.38105292173714,0.8960512246823734,0.011131302351052103,True,False,0.4083126229283307,1.011936577368373,mid,1.5428676637632144,True,True,True,True
2022-06-24,33566.5,33655.9,0.8587430920709636,0.2663369728747478,0.7717515975749718,0.3516899289470299,-0.14309230789785188,0.012041995343747836,-0.17480208634749195,0.3693087780599754,0.20471392084394627,300.19777800796874,0.894337443605883,0.011158769398441785,False,False,0.7951210468164271,1.014433581676526,mid,1.5458002117347416,False,False,False,False
2022-06-27,34019.85,33814.8,1.1694642980495382,-0.6027363436346578,0.6878337206072337,-0.6158169421675908,0.058561949225621746,0.17426039270029836,-0.05288340096402111,0.3975114129253363,0.39797105826545454,301.79597542946976,0.8871173018971859,0.011106336154834345,False,False,1.3973775771855657,1.0096669231667585,mid,1.5322494728852758,True,False,False,False
2022-06-28,33633.3,33692.25,0.7162544264166806,0.17527272078563527,0.5586725061174533,0.06437072782032871,-0.06091228779124824,-0.14636137603444288,0.08808252380236858,0.29000191650856283,0.2875273685382374,300.42848309654255,0.8932471184705115,0.011156849476871171,False,False,-0.6996936252765207,1.0142590433519245,mid,1.5442513769863666,False,False,False,False
2022-06-29,33273.05,33239.25,0.6864414293249385,-0.10158371414704659,0.4354875792871451,0.27229244087931814,-0.3302995925206109,-0.19029410043266415,-0.2764978340503266,0.44704341401495773,0.39349458307134627,291.29845346966795,0.8754786635720738,0.010938160185664016,False,False,-1.2427190229206908,0.9943781986967286,mid,1.49761618953334,False,False,False,False
2022-06-30,33339.45,33360.6,1.4328370743968615,0.06343835906110762,1.4328370743968615,0.48201155088043457,-0.3434312980688192,-0.25827904593603845,-0.4584235893598021,0.4022370049089332,0.3045870298805914,288.90539768458257,0.8665571798112525,0.010802346597716806,True,True,-0.17614717540258562,0.9820315088833458,mid,1.4640977782761617,True,False,False,False
2022-07-01,33152.9,33605.35,1.756859882544225,1.364737323130094,0.5498764813937933,0.8014381848948204,0.6921295326554722,0.5420021811554099,0.6833924270305047,0.8360613550537769,0.6326844644964669,292.0726689941057,0.8809867884682959,0.010941778230240378,False,False,-0.2873149763493399,0.9947071118400344,mid,1.4955844672533543,True,False,True,True
2022-07-04,33746.05,33964.75,1.359862858023366,0.6480758488771166,0.7912037112491683,0.05037626625929992,0.5365332812053314,0.1881616094237204,0.548147687367706,0.7330498873768808,0.3054859070643985,292.07263609831716,0.8655016990086756,0.010768449465085848,False,False,-0.13837082488353802,0.9789499513714406,mid,1.475038619126058,True,False,False,True
2022-07-05,34109.85,33769.4,1.7597556131146868,-0.998098789645796,0.6153647700004587,-0.1301676788376449,-0.8226810448709765,-0.33085182175007777,-0.8987551185629328,0.9403956207829298,0.4637530662426328,295.51274837522215,0.8663560478138197,0.0108559425625811,False,False,0.35316026174194715,0.9869038693255545,mid,1.4937369208167164,True,True,True,True
2022-07-06,34036.4,34355.55,1.3782303651384946,0.9376726093241361,0.7107097107802278,0.6459261261472893,0.2644772851669419,0.1511882198571124,0.27560072345189646,0.6074803867907274,0.30398017203674005,302.20294077178005,0.8878816231204829,0.011082341294715565,False,False,0.4738017258227867,1.0074855722468694,mid,1.5363587908554144,True,False,True,True
2022-07-07,34668.45,34935.45,1.1569597140916268,0.7701526892607058,0.4022389232861705,0.47420637496051743,0.3381865107219273,0.2637792000275585,0.7570330416382554,0.49091590266085033,0.366909838863739,304.5677066316439,0.8785154993420354,0.010967907494297515,True,False,0.7912840865595072,0.9970824994815922,mid,1.5183287111077595,True,False,False,True
2022-07-08,35169.0,35125.55,0.7951605106770208,-0.12354630498448982,0.5382581250533223,-0.4843754442833137,0.33215566886151127,0.09278169791933077,0.08108543326557083,0.5450210222394292,0.2746395267135712,307.1475573421776,0.873347429105683,0.010905447140135902,False,False,0.925850389790317,0.9914042854669001,mid,1.5060845806585137,False,False,False,False
2022-07-11,35081.5,35442.2,1.4936647520773056,1.0281772444165727,0.9591950173168193,1.1741231133218344,-0.21482867237289094,-0.24363692183760888,-0.09027014752116536,0.3986656674198583,0.3975647574263532,303.7658375331084,0.8658861152832928,0.01083664386229865,False,False,-0.3073261486297163,0.98514944202715,mid,1.4885367240930831,True,False,True,False
2022-07-12,35285.3,35054.05,1.0322995695091157,-0.6553720671214402,0.513244892348955,0.26073180616290603,-0.8666574328736409,-0.2569604718858143,-0.8368052953842242,0.9726576081272413,0.4341451691573529,304.0354040916245,0.8616489135465039,0.010788932039042362,False,False,-0.40488457262810584,0.9808120035493056,low,1.4821048443873412,True,False,False,False
2022-07-13,35241.05,34818.9,1.5530184259549669,-1.197892798313338,0.3317154284563072,-1.1136160812461715,-0.0053086781104494385,0.15405331221807206,0.05397963417312912,0.2945598962368688,0.29502933767135614,301.82403325201085,0.8564558469512423,0.010676836907726403,False,False,0.5869507232402427,0.9706215370660366,low,1.4595981933931323,True,False,True,True
2022-07-14,34878.15,34663.15,1.3439646311515947,-0.6164317774882022,0.7771341083170856,-0.8013613107346607,0.17992031480997817,0.06654570072912591,0.13882127591342552,0.3854196623278822,0.28624755866776214,302.2828074806275,0.8666824572995631,0.01084082106973419,True,False,-0.0027284032522723045,0.9855291881576536,mid,1.4917216259215569,True,False,False,False
2022-07-15,34875.0,34704.85,1.2361290322580603,-0.48788530465950775,1.0043010752688173,-0.7126881720430189,0.25154181268944864,0.13442197828192892,0.26442724279360785,0.3179650238473726,0.22211356926409737,268.1767011008942,0.7689654511853597,0.009607425153917309,False,False,0.20569394299132515,0.8734022867197553,low,1.37892560792226,True,False,False,False
2022-07-18,34934.55,35354.0,1.6460781661707475,1.2006738314934484,0.3619625843183813,0.9091286419890876,0.33529869809358903,-0.008056947067269782,0.49394115892205104,0.4453629069432644,0.19788992796806623,263.52376976284177,0.7543356641572362,0.00940691597857772,False,False,0.39475750507493856,0.8551741798707019,low,1.349698267994705,True,True,True,True
2022-07-19,35217.6,35708.15,1.8350199900049977,1.3929114987960567,1.0031915860251774,1.2313445549952284,0.18400476841624602,-0.06393450420679736,0.5560349499639017,0.3235510676343706,0.21936390064830275,265.8710753686464,0.754938085981573,0.00945092940446527,False,False,-0.6809696215421157,0.8591754004059337,low,1.3567726146072698,True,True,True,True
2022-07-20,36000.85,35890.85,0.8456744771303931,-0.3055483412197191,0.653317907771614,0.0027777121929029036,-0.22859936364379996,-0.2828870020501473,-0.3812019857447835,0.39303535790521876,0.3236960200102954,263.41191572804746,0.7316824900746718,0.00917039008545849,False,False,0.9889899084662757,0.8336718259507717,low,1.328428339180412,True,False,False,False
2022-07-21,35926.85,36226.15,1.231112663648505,0.8330816645489403,0.7284245626877868,0.7717069545479127,0.1447349885786542,0.3697095613730328,0.20202634357191496,0.40879347919158326,0.4097118313980448,262.8638018854217,0.731663927913028,0.009142957155698276,True,False,0.37809079472903573,0.8311779232452977,low,1.322247229210736,True,False,True,True
2022-07-22,36371.8,36737.05,1.471607124200617,1.0042120543937827,0.6741486536272726,1.2273244656574533,-0.3128887343759268,-0.19754919355606804,-0.2216963371850511,0.36191340152424617,0.3120271157681781,252.14407471832237,0.6932405729667555,0.008650447011237137,False,False,0.2670722668569603,0.7864042737488306,low,1.2657899260946215,True,True,True,False
2022-07-25,36894.55,36667.85,1.4605138157261865,-0.6144538963071877,1.1040926098841313,-0.022361026222028624,-0.5836855417865272,-0.37341969031566835,-0.25187957653766135,0.6113380848716189,0.5201251343102042,259.8743406172907,0.7043705387849715,0.008826116291075768,False,False,0.08070871232173094,0.8023742082796153,low,1.2963630559884896,True,True,False,True
2022-07-26,36652.9,36349.85,0.9645894322141028,-0.8268104297340817,0.8097585729915038,-0.5151024884797684,-0.23529992513182663,-0.1839740872292217,-0.3066576779518715,0.40313623536574333,0.30305649417551783,263.7776670558178,0.7196638384843158,0.008921620999332311,False,False,0.05645272357119868,0.8110564544847555,low,1.311351690801645,True,False,True,True
2022-07-27,36346.6,36795.4,1.5357695080144969,1.234778493724309,0.7539907446638631,1.1078065073486965,0.11061450233678105,0.008155076943161532,0.28130085289765905,0.23415443852594442,0.14040324137125296,262.7165886369057,0.7228092548874054,0.008973358638925639,False,False,0.05694658987589474,0.815759876265967,low,1.3236628101330832,True,True,True,True
2022-07-28,37153.8,37336.25,0.9977445106557185,0.4910668626089354,0.5619882757618411,0.6229510844112829,-0.04547247911943497,0.02556298800548973,-0.1050590054681555,0.3422472766666115,0.19259235465903357,275.3042576945627,0.7409854649983654,0.0091973109098979,True,True,0.8344793099137382,0.8361191736270818,low,1.3660791646277386,True,False,False,False
2022-07-29,37694.8,37486.0,1.3649097488247715,-0.5539225569574646,0.7570009656504306,-0.6900155989685741,0.22425717315752713,0.17742615921094718,0.44737099263618685,0.4869813301562338,0.33415927502256604,272.8907289882336,0.7239479423905514,0.009071698521699903,False,False,1.0205899092704973,0.824699865609082,low,1.3440508167981229,True,False,False,False
2022-08-01,37628.3,37867.15,1.405458125931808,0.6347616023046454,0.6589455277012171,0.6857870273171862,-0.027450519778238203,-0.13631216276253078,0.017032176289610845,0.22871034026767284,0.1849574123363864,268.9815785586761,0.7148385086721326,0.008930899475046177,False,False,0.288507709544894,0.8118999522769251,low,1.3247079636086174,True,False,False,False
2022-08-02,37724.4,37876.3,1.4480018237533265,0.4026571661842171,0.6616407418010586,1.0141977075844855,-0.5341538300049908,-0.5944122884545266,-0.3395770996460934,0.8296375993911917,0.723181948119727,269.8803387480548,0.7153999500271834,0.008945752082591279,False,False,-0.26262869003873535,0.8132501893264797,low,1.3266722784807916,True,True,False,False
2022-08-03,37926.15,37999.7,0.9846767995169483,0.1939295182874945,0.6623398367616989,-0.2225377477017898,0.42268129777296437,0.16156919800527358,0.44511052432643083,0.6533788738628631,0.4026051385857819,267.6018678906621,0.7055866938528221,0.00881933896659545,False,False,0.2065935690656273,0.8017580878723136,low,1.3109366602453978,True,False,False,False
2022-08-04,38146.2,37687.95,2.563427025496657,-1.2012992119791788,0.5117154526532246,-1.438675411967627,0.30268050450295014,-0.15184591412698012,0.3302999304281462,0.7242522089293485,0.47870516607071995,267.3606274771446,0.7008840395036585,0.008705415084559185,True,False,0.29302862917339745,0.7914013713235623,low,1.2910048222247696,True,True,True,False
2022-08-05,37785.95,37907.25,0.962527076863218,0.32101879137615974,0.7302979017333086,0.1834015024102964,0.22599243169707517,-0.08953305876528983,0.2082565742123732,0.43177630579643345,0.262015863151353,282.33635266118654,0.7471992967258639,0.00935566257854367,False,False,0.4784022479333627,0.8505147798676064,low,1.361377823353415,True,False,False,True
2022-08-08,37811.7,38251.2,1.6308444211712094,1.1623386412142223,0.8239513166559442,1.1718595038043844,-0.07057937827409377,-0.13153718243958945,-0.026152132183332455,0.36805838744417857,0.24896710002965897,283.3593114447576,0.7493958521959013,0.009388671923574806,False,False,-0.15801726582646003,0.8535156294158914,low,1.3697429289423027,True,True,True,False
2022-08-10,38337.75,38277.0,0.6133641123957495,-0.15846000352133238,0.5952357663138926,-0.022823457297316274,-0.10853400819222925,-0.07816302536578501,-0.11895755615265458,0.2428970231417427,0.21100102173036117,290.1368788501095,0.7567916188355067,0.00943831636550991,False,False,0.12457125528089197,0.8580287605009007,low,1.3763888226490797,False,False,False,True
2022-08-11,38685.6,38835.1,0.7175796678867552,0.3864487044274778,0.5168589862894646,0.4932067746138191,-0.011317920383580038,-0.037802127719754886,0.08380654205968341,0.2344610097642823,0.23439890759565984,289.13277569691854,0.7473912145524912,0.009358051605324188,True,False,1.138934608250386,0.8507319641203807,low,1.3554927933190764,False,False,False,False
2022-08-12,38886.4,39052.35,0.8945286784068616,0.42675588380511886,0.5946809167215272,0.28454678242264553,0.1373180791880202,0.09227314902626738,0.05880446298969222,0.33566641579299317,0.2823302045900803,283.5456380964788,0.7291640216026137,0.009130454691199814,False,False,0.27642519267363497,0.8300413355636194,low,1.3137367997636136,True,False,False,True
2022-08-16,39314.3,39247.35,0.8236188867664002,-0.1702942695151699,0.5678595320277863,-0.20221649628761051,0.05403366399217013,0.09970191422574715,0.14681702975500865,0.22441811860899738,0.22452055108895122,282.7502502420575,0.7192045902942632,0.009008217816140383,False,False,0.5934341979419999,0.8189288923763984,low,1.2910844419310028,True,False,False,False
2022-08-17,39291.6,39416.2,0.7584318276680003,0.31711612660212385,0.38786916287449275,0.24636309032974868,0.09749063175961137,-0.12172307177860109,0.21452682093618947,0.33880533354999026,0.19860746779278823,279.21173025429016,0.7106143049768656,0.008902740852573044,False,False,0.2648586465073599,0.8093400775066404,low,1.2702404983185154,True,False,False,True
2022-08-18,39326.7,39670.8,1.0372088174192127,0.8749780683352748,0.8579412968797319,0.5419981844395849,0.40022913592236975,0.1521275146451062,0.4375694968899557,0.4551104771515246,0.2677999283512056,271.85381967460125,0.6912703574787644,0.008640079184468578,True,False,-0.2328991632881805,0.7854617440425979,low,1.2255816731651819,True,False,True,True
2022-08-19,39669.8,38900.15,2.275030375751831,-1.9401408628226036,0.6627207598727531,-1.609536725670413,-0.26017580762106585,-0.1449228894802701,-0.18729424554135843,0.4258121046442326,0.2952322934368036,265.48656006043166,0.6692409844779446,0.008349870956970592,False,False,0.1559081238593496,0.7590791779064174,low,1.1854214809625223,True,True,True,True
2022-08-22,38607.8,38331.2,1.2140033879164238,-0.7164355389325583,0.9494195473453436,-0.6709784033278376,-0.15215619805077907,0.0032646324089169454,-0.09001980435695556,0.33729912969783515,0.3064836905494077,274.99892553619065,0.7122885156268698,0.008925857398206938,False,False,-0.5308462820837412,0.8114415816551762,low,1.2567802219065825,True,False,True,True
2022-08-23,38059.35,38852.2,2.391922090104024,2.0831937487108876,1.6118246895966546,1.4485271030640456,0.5520497582920836,0.5519195456181958,0.6871314886206514,0.8383697244154062,0.7718067789498766,273.0696457001068,0.7174837344833971,0.008923782471077765,False,False,-0.9802719455691444,0.8112529519161603,low,1.2559604313023658,True,True,True,True
2022-08-24,38702.5,39087.25,1.4598540145985401,0.9941218267553786,0.7383243976487307,0.3519152509527723,0.6841114661407355,0.5282925738260058,0.7633705806641133,0.7480940402227563,0.5690392273303321,288.38077870700727,0.745121836333589,0.00933882947048441,False,False,-0.7708701180370703,0.8489844973167645,low,1.302204506187005,True,False,True,True
2022-08-25,39192.3,38847.95,1.693700038017679,-0.8786164629276838,0.5469186549398697,0.33603539470763444,-1.1763808361306083,-0.48539152056479296,-1.390531193065614,1.2686908758010411,0.6894838665896733,291.99998918571146,0.7450442795796915,0.009334794994115185,True,True,0.26300136233683435,0.848617726737744,low,1.3022012013391142,True,True,True,False
2022-08-26,39204.85,39036.6,1.241555572843666,-0.42915608655561543,0.5399842111371537,-0.31909317342113663,-0.09391052911034148,0.19735077753384456,0.05714908093772397,0.8160236439588129,0.8184026392137642,299.01153253261873,0.7626901583161745,0.00955873066579478,False,False,0.7251347883221682,0.8689755150722527,low,1.3387084578401485,True,False,False,True
2022-08-29,38050.9,38346.85,1.1828892352086247,0.7777739816929419,1.1828892352086247,0.6221929047670383,0.041005389466297615,0.06923244728862521,-0.09025000032604202,0.30505920316342977,0.25067371008848527,290.3202981415052,0.7629787945659766,0.009468715680531627,False,False,-2.3695711204356984,0.8607923345937842,low,1.3241676283656678,True,False,True,True
2022-08-30,38633.85,39520.35,2.885034755790579,2.294619873504722,0.7723796618768294,1.8774986184395326,0.5804233825890792,0.31535709217702657,0.750776544722731,0.7380739445923699,0.48234811165845287,294.4038806298304,0.7620360917429415,0.009514579048371254,False,False,0.4435827193107089,0.8649617316701139,low,1.3332616215435373,True,True,True,True
2022-09-01,39038.15,39345.8,2.202589005882722,0.7880752545907033,2.1060168066365885,0.3573427531786244,0.3650040265304355,0.1806380932362739,0.6080648875470107,0.5803053526692025,0.5792393582124875,319.25018708411153,0.8177902566697232,0.010207747462778702,True,False,-1.80577854194105,0.9279770420707911,low,1.4097463912572732,True,True,False,True
2022-09-02,39505.45,39375.0,0.9897368590915938,-0.33020760426725193,0.9897368590915938,0.04100700029996407,-0.2640324986431408,0.21559778808872831,-0.3770866768604719,0.5240165833157232,0.5027648890866332,331.1642284916452,0.8382747911785468,0.010506083682403727,False,False,0.1944299010313788,0.9550985165821569,low,1.4501959317858844,True,False,False,False
2022-09-05,39579.55,39754.45,1.136824445957564,0.44189486742520767,1.0092333035620593,0.648567252533172,-0.11120524647777463,-0.04370832480309339,-0.04257841839389043,0.21927264740029132,0.1939242916551121,328.6697938472644,0.8304030587696534,0.010392082788711687,False,False,0.09409523809524867,0.9447347989737898,low,1.4274700672344827,True,False,False,False
2022-09-06,40034.85,39673.3,1.2576542687183792,-0.9030881844193095,0.8234076061231688,-0.539779716921629,-0.4808036415005379,-0.09806838063639578,-0.5640857069012517,0.5433369957620431,0.30340693083783815,334.0309502899145,0.8343504478970559,0.010425280447166098,False,False,0.3483886709538142,0.9477527679241907,low,1.4353558628822563,True,False,True,True
2022-09-07,39405.0,39457.65,0.7553609947976182,0.13361248572516526,0.5593198832635489,0.2597386118512901,-0.11605435444290713,0.0248405011697983,-0.12540795549600414,0.3176624096528874,0.2408007766458733,310.49744108296363,0.7879645757720177,0.009875522893645202,False,False,-0.845782932097916,0.8977748085132001,low,1.3701726870416917,False,False,False,False
2022-09-08,39782.9,40242.1,1.402486998182647,1.1542647720502952,0.6258970562729212,1.0284569500966567,0.12216346267481804,0.056939324809013314,0.29996909333811494,0.24059484400523076,0.19257426665756058,312.6130793984921,0.7857976150519246,0.009837050911571936,True,False,0.7761486048966315,0.8942773555974486,low,1.3599835436409928,True,False,True,True
2022-09-09,40538.35,40385.0,0.9935036823156345,-0.37828377326654117,0.36927995342680964,-0.3196972743093829,-0.06025922603396516,-0.10475736981082617,-0.021538332041848296,0.31787669749744074,0.28025997637701683,317.03487364542525,0.7820616123878384,0.009760513622863157,False,False,0.6924340429550258,0.887319420260287,low,1.348675987356256,True,False,False,True
2022-09-12,40601.8,40561.5,0.754646345728518,-0.09925668320124315,0.6475082385510037,-0.11058623016714231,-0.004191641866124751,-0.09398091066640246,-0.17156965309453875,0.17087104783650356,0.1462062135793142,318.4023648398652,0.7842075101100571,0.0098287410363703,False,False,0.3849201436176619,0.8935219123972999,low,1.3676733924555051,False,False,False,True
2022-09-13,40751.6,40864.95,0.5122498257737119,0.27814858803090203,0.27704433690945673,0.26183021034758003,0.011258422401327906,-0.07177399140423368,0.0663633380514117,0.19322879317055375,0.1676356766869099,322.31237390435854,0.7909195562980559,0.009835325445793382,False,False,0.5931733293887076,0.8941204950721257,low,1.3696091746446428,False,False,False,True
2022-09-14,40537.45,41373.65,3.2537813799338635,2.0627839195608066,1.3005258100842663,2.5959945679859153,-0.5342656132032442,-0.3251607431350667,-0.3568525198268113,0.747058172917391,0.6657422254777011,317.4464114974289,0.7830941795732809,0.009775543741757754,False,False,-1.3609462387694005,0.8886857947052502,low,1.350527906816687,True,True,True,False
2022-09-15,41634.7,41208.45,1.628209162069143,-1.0237854481958575,1.1485611761343408,-0.5071490847778248,-0.48812813001301025,-0.21797857250057673,-0.3685903052290329,0.8508445075325614,0.39262770082835335,359.7871950817171,0.8641522457990981,0.01080294998684993,True,False,0.38684041654530876,0.9820863624409027,low,1.4729272202708876,True,False,True,True
2022-09-16,40968.45,40825.15,1.599279445524537,-0.34978135614112116,0.8162378610857726,-0.7217749268034201,0.3614213447578507,0.005389838439584516,0.5858508698437737,0.6356835965111848,0.48349300729712047,360.99577884599785,0.881155569336887,0.011012557709251762,False,False,-0.561171313165143,1.0011416099319783,mid,1.5166715886894027,True,False,False,False
2022-09-19,40586.05,40966.05,1.6381244294529733,0.9362822940394588,1.5610043352334007,0.4686339271744666,0.4854541552987257,0.4184695166707719,0.11141353478985039,0.6641120750436906,0.6636693710948534,361.6590400712994,0.8910919886791135,0.011161030621571673,False,False,-0.3418236062819213,1.0146391474156065,mid,1.5447550119112246,True,False,True,True
2022-09-20,41319.8,41414.7,1.0624446391318447,0.22967197324283983,0.7923562069516344,0.7595632118257978,-0.3959537537544744,-0.05531220061818498,-0.2728327591700719,0.5018776878798865,0.27535594425397825,359.6609044368997,0.8704323458412183,0.010901385062663436,False,False,0.8253175495318565,0.9910350056966758,mid,1.5128892402120402,True,False,False,False
2022-09-21,41461.3,41197.6,1.4710103156437484,-0.6360147896954604,0.8087059498857865,-0.5741498698786596,-0.09157453621438938,-0.18056228793019713,-0.2006382622981917,0.3006798348019731,0.24866698982066365,360.92247073852195,0.8705044722151065,0.010865088846940145,False,False,-0.3189688685418468,0.9877353497218313,mid,1.505466106694675,True,False,False,True
2022-09-22,40951.5,40637.3,1.9454720828296819,-0.7672490629158757,0.8672454000463998,-0.2855817247231385,-0.4854957382902425,-0.2462159335830605,-0.6378195057601732,0.6750411110199609,0.4815080296342883,345.96620734628596,0.8448193774252125,0.010515479256398397,True,False,-0.7489513952268934,0.9559526596725814,low,1.4594115113626605,True,True,False,True
2022-09-23,40528.3,39555.35,2.7504237779527,-2.4006681750776693,1.8913944083517022,-2.650246864536643,0.15207506425172213,0.0031635198080692817,-0.10365261710217899,0.5752239305321217,0.42112775684934045,346.32349444241845,0.854522628490261,0.010690832674722506,False,False,-0.511721989403835,0.9718938795202278,low,1.4835573613807225,True,True,True,False
2022-09-26,39081.35,38661.45,1.8480681962112364,-1.0744255252185586,1.454785978478233,-0.5509021566552752,-0.5700347732790045,0.12151014570853658,-0.021990531136006908,0.8700395332172974,0.3747642340456439,349.0145413715509,0.8930462774995,0.011179885274885054,False,False,-1.333574345821742,1.0163532068077321,mid,1.5367252666696265,True,True,True,True
2022-09-27,38812.65,38526.3,2.2242748176174407,-0.737774926473711,0.9076937544846736,-1.1679181916205206,0.2922364430054225,0.5725123488822259,-0.15804901595672938,0.7840330975368457,0.7862241503485399,352.015015525154,0.9069594978058803,0.011364290619651607,False,False,0.38863001775670813,1.0331173290592368,mid,1.567058263819568,True,True,False,False
2022-09-28,38013.5,37676.8,1.938916437581374,-0.8857379615136662,1.1202599076643787,0.08049771791600602,-1.0104063442163191,-0.5763239875389514,-1.1482486222722854,1.088210786955139,0.6614657584877842,355.13091884548703,0.9342231545253319,0.01170550845937173,False,False,-1.1551848996659508,1.0641371326701572,mid,1.619224463984344,True,True,False,False
2022-09-29,38155.25,37695.3,1.9551699962652584,-1.2054697584211849,0.9242502670012684,-1.2246021189744494,-0.056914667798757534,0.08250189315939238,0.07013787139531491,0.8035714285714247,0.4655179285514928,345.73445675000767,0.906125518113517,0.011289206911050637,True,True,1.1042604467470518,1.0262915373682397,mid,1.571308264676091,True,True,True,True
2022-09-30,37563.3,38702.75,3.773896329662193,3.033412932303592,1.190124403340483,3.106356470278171,0.08701231469538939,0.46729759184935826,0.06983023894591156,0.6297419452287208,0.632134679157313,337.08346999617424,0.897374485192127,0.011198939041681798,False,False,-0.09364562690840073,1.018085367425618,mid,1.5584406212004107,True,True,True,True
2022-10-03,38547.6,37974.9,1.7473201963286837,-1.4856956075086303,1.154287167035035,-1.069197563531843,-0.3327612497033394,-0.05705984052167823,-0.5078195041954059,0.5256264184636529,0.18406400168287088,382.69111308578067,0.9927754596545069,0.012388797219708213,False,False,-0.6662317277196017,1.1262542927007466,mid,1.6970597026964953,True,False,True,True
2022-10-04,38723.35,39121.85,1.4034168014905848,1.0290948484570572,1.226908312426478,0.9086248994469637,0.14088219638030974,0.17831267312842236,0.2559546609241403,0.4660244861190879,0.2357874687024926,387.98016684853064,1.0019282082994645,0.012546681629247262,False,False,1.9104724436403986,1.1406074208406602,mid,1.7275763024510464,True,False,True,True
2022-10-06,39433.9,39239.25,0.9354895153662242,-0.4936108272324158,0.7222212360431074,-0.18626105964666406,-0.21925562334779158,-0.1840059674863559,-0.2475134360808262,0.3837608563926369,0.34005522720542364,396.4795214030164,1.0054281250472725,0.012577281806121172,True,False,0.567074409824686,1.1433892551019247,mid,1.7346823665633675,False,False,False,True
2022-10-07,39020.8,39199.4,1.0923661226832868,0.45770460882401665,0.7599792930949721,0.001409504674421136,0.4821719392076318,0.055885024854807064,0.6866604523125375,0.563922058052824,0.22277455113352929,392.65061001230424,1.0062597640548225,0.012603765315209741,False,False,-0.37143931140376507,1.145796846837249,mid,1.7437314619949944,True,False,False,True
2022-10-10,38669.1,39113.7,2.0552585914851913,1.1497552309208015,0.7539611731330588,0.9772660858411442,0.102568699259864,-0.00012791944143941691,0.4774904694701654,0.5256485773554946,0.3045761900985124,387.78848699483206,1.0028381498272059,0.012538340587528594,False,False,-1.4231085169670976,1.1398491443207812,mid,1.7280903407642225,True,True,True,True
2022-10-11,38957.45,38646.45,1.4076896716802603,-0.7983068707012375,0.6317148581336781,-0.1378426976098246,-0.6766699868264614,-0.33003640847131255,-0.9805717887971688,0.8470905761012645,0.48892849727032067,399.90632979702787,1.0265208061539652,0.012812120662937125,False,False,-0.140232194857548,1.164738242085193,mid,1.7812297762154192,True,False,False,True
2022-10-12,38661.75,39128.6,1.4073341222267448,1.207524232607149,0.8344164451945361,0.8464438366085236,0.3908794788273662,0.27719992211758804,0.2816959144484876,0.42883890328040497,0.3799329801297432,400.28688231647175,1.0353563465608042,0.012932154158020874,False,False,0.35643636090767483,1.1756503780018976,mid,1.8136421181381415,True,False,True,True
2022-10-13,38954.05,38658.1,1.5882815779103954,-0.7597412849241758,0.7422848201919992,-0.4321758584794333,-0.3157091402243517,0.03518789950232026,-0.04924733017427352,0.792817971571997,0.44308292571860286,408.2550030996463,1.0480425093145544,0.013074503177540744,True,False,-0.43689270763583865,1.1885911979582493,mid,1.8582058703499116,True,False,False,True
2022-10-14,39475.8,39370.65,0.9369031153263665,-0.2663657227972571,0.5113259262637003,-0.28105826861014593,-0.010034332659714096,0.2683696954952852,-0.3272968069252702,0.472502753090638,0.33358340413010923,391.3119975477821,0.991270595017155,0.012404872079895974,False,False,2.038253302671378,1.1277156436269067,mid,1.7740006947377993,False,False,False,True
2022-10-17,39466.0,39959.45,2.086099427355199,1.2503167283230976,1.2360006081183876,0.8593472862717277,0.3808552410931698,0.18177601434150592,0.45517740731151335,0.482852093259282,0.25448642007810096,386.7566181517759,0.9799742009622864,0.012246681153784049,False,False,-0.19062423404236917,1.1133346503440045,mid,1.7392727520520803,True,True,True,True
2022-10-18,40278.15,40303.95,0.722972629080524,0.06405458046110368,0.5033746584686735,-0.036123804097265566,0.13448871933956497,-0.03458817753776433,-0.04772293427870444,0.3470876921090017,0.17368471946385328,399.0588740497915,0.9907577037420823,0.012402163114518973,False,False,0.7322423106424392,1.1274693740471793,mid,1.7640831303768294,False,False,False,False
2022-10-19,40456.7,40379.95,1.0508766162341503,-0.18970899752080994,0.4227977071782991,0.05487348201906883,-0.1488429774524458,0.10464033445281018,-0.10269351115416159,0.6484860013488508,0.2950981266284301,395.97460435846733,0.9787615014533251,0.012213657894191073,False,False,0.6269856924693507,1.110332535835552,mid,1.7185493887402061,True,False,False,False
2022-10-20,40095.0,40116.0,0.838383838383842,0.05237560793116547,0.7346302531487789,-0.1997755331088591,0.2813951802953296,0.13062957967717725,0.28929002105630985,0.4635773174492501,0.3596992150996352,390.7305915578727,0.9745120128641294,0.012212374622232151,True,False,-0.5707040251411777,1.1102158747483772,mid,1.7178213679086252,False,False,False,False
2022-10-21,40446.4,40881.6,1.634508880889272,1.0759919300605159,0.9198593694370714,0.6043801178843955,0.4201190193864335,0.37016931500255534,0.2997076561683132,0.6538324955118974,0.5347435957269746,391.33410578587063,0.9675375454573723,0.012078819255076255,False,False,0.6350334031309135,1.0980744777342049,mid,1.6858147636843348,True,False,True,True
2022-10-25,41416.9,41045.5,1.1865929125550303,-0.8967353906255693,0.9389886737056646,-0.3014469938599884,-0.570327702305895,-0.43952393192653316,-0.6213502931868065,0.8349064771548034,0.5508295786875184,395.7570176209774,0.9555447597984817,0.011971536826342078,False,False,1.5460500567492597,1.0883215296674615,mid,1.670271181040007,True,False,False,True
2022-10-27,41319.35,41335.4,0.8009564526063561,0.03884378626479723,0.49044817984794403,-0.148356641621894,0.2243198600030638,0.19372120380947155,0.0365303431674846,0.4172519059916827,0.3249282480406743,375.3106550441735,0.9083169387809186,0.011377151091073776,True,True,0.962833928201623,1.0342864628248887,mid,1.5916047862731963,False,False,False,False
2022-10-28,41292.85,41034.55,1.5545064097053158,-0.6255320230984185,0.6812317386666285,-0.7837918671150135,0.11472032648915942,0.17413646143962236,0.32887535391707967,0.2857024301182245,0.282574875014952,365.9148525668206,0.8861457917455943,0.011103936290359358,False,False,-0.23853646027375275,1.0094487536690324,low,1.5390052597590826,True,False,False,False
2022-10-31,41323.75,41314.9,0.5921534226685728,-0.021416255785111638,0.5921534226685728,-0.14773586617865542,0.13074762436777743,0.06321058934792845,0.21380840923148625,0.27143158348823515,0.18975286112681602,358.1020985336654,0.8665769649019399,0.010848878353418911,False,False,0.5633057996249358,0.9862616684926283,low,1.5056197631975734,False,False,False,False
2022-11-01,41508.25,41268.6,1.1498918889618224,-0.5773551041058145,0.6732396571765784,-0.44569453060535613,-0.10587260198556825,0.08607312578798876,-0.11082799156933998,0.4387360626281709,0.2837988555911057,347.78416690667655,0.8378675730889077,0.010500323297703755,False,False,0.5748531401503998,0.9545748452457958,low,1.4384957380836276,True,False,False,True
2022-11-02,41368.95,41107.75,0.989751975817605,-0.6313914179595925,0.5737394833564753,-0.595132339592852,-0.011186022335563095,-0.11805644118129122,0.07825049895342495,0.21375029636878412,0.15315758470123494,338.7806869966262,0.8189250319300494,0.010232403344945382,False,False,0.4943225600092971,0.9302184859041256,low,1.3980106054548735,True,False,False,True
2022-11-03,40989.2,41304.65,1.528085446898204,0.7695929659520262,1.305831780078655,0.7922818693704592,-0.04308472077831915,-0.1279352246303156,-0.08939566594327042,0.264922622988112,0.2646977379165835,286.46758072720695,0.6988855130795599,0.008754141267113696,True,False,-0.5693573596219803,0.7958310242830632,low,1.2591642201280258,True,True,True,False
2022-11-04,41368.35,41297.15,1.1170375419855967,-0.17211225490018078,0.8222469593300228,-0.49711917444132947,0.2774356395474742,0.23786424860274824,0.3448397412911808,0.41165909913587884,0.3013675676528871,286.9571471421914,0.6936635063815487,0.008656724887323459,False,False,0.02469455618192562,0.786974989756678,low,1.2481849984821578,True,False,False,False
2022-11-07,41735.2,41721.6,1.044681707527459,-0.0325864018861699,0.4669918917364754,-0.5604381912630019,0.6013064650986832,0.3458556803610957,0.6965405714381978,0.6347993918262731,0.5020795804546938,286.58254814936663,0.6866686829088314,0.008568261093250895,False,False,1.0739239874906659,0.7789328266591723,low,1.2338967474862206,True,False,False,False
2022-11-09,41759.25,41690.65,0.6705101264989194,-0.16427498099222948,0.47678059352119245,0.29993354765711633,-0.3805703780634828,-0.16151184659485285,-0.4898582177651156,0.4736835822320941,0.39983154912591834,288.42105830361834,0.6906758581718262,0.008596873566786574,False,False,0.4631893311857649,0.7815339606169612,low,1.2392423010695481,False,False,False,False
2022-11-10,41550.25,41593.6,0.7592012081756533,0.1043315022171809,0.4140769309450675,-0.1511422915626337,0.33070241723702765,0.11412504930587986,0.2892450475369124,0.43470977367854274,0.18988772692725123,284.81219105067794,0.6854644461842658,0.00850183532184614,True,False,-0.5464054890005343,0.7728941201678308,low,1.2181266155367199,True,False,False,False
2022-11-11,42124.8,42149.7,1.0113994606502652,0.05911007292613846,0.5480144712853201,0.010919933151010142,0.025516622596089,-0.11555172095030208,-0.09412077093682303,0.3596063556566198,0.2659467300640793,270.46035317917995,0.6420454297211617,0.008027646376951041,False,False,1.369922295737802,0.7297860342682764,low,1.1533304966235733,True,False,False,True
2022-11-14,42083.1,42072.7,0.6272113983998431,-0.024713008309751316,0.47703234790212695,0.2452290824582981,-0.2900230643597679,-0.12761855466941752,-0.37291515676884934,0.32712041586960694,0.20110309917207517,265.5027127748617,0.6309010333717378,0.007895398328801092,False,False,0.06607401713418781,0.7177634844364629,low,1.133652413904226,False,False,False,False
2022-11-15,42265.9,42430.25,0.8594398794299897,0.38884774723830784,0.40422657508771503,0.028509980859259265,0.2999199346231274,0.21636274259568822,0.5474956637821826,0.45768538919223856,0.2804089503984607,260.3937898674558,0.6160848103730331,0.00767605726023503,False,False,0.38540431205984493,0.6978233872940935,low,1.094798213355958,True,False,False,True
2022-11-16,42374.2,42498.95,0.7263853948865181,0.2944008382459229,0.4980625002949977,0.3034865554984112,0.05105545987558191,-0.11274884021374998,0.007172850408454501,0.4870267370620288,0.2798755064889341,251.5927657608554,0.5937404499928151,0.007414214608491191,False,False,-0.13775549283824295,0.6740195098628354,low,1.058395058860872,True,False,False,True
2022-11-17,42468.65,42426.0,0.5893759278903448,-0.10042702087305067,0.4245484610412691,0.1870791748736833,-0.288144476486607,-0.25415201158612843,-0.3160244360902231,0.5254053647518994,0.3820508962326255,250.79321385544245,0.5905372877533014,0.007361620315496518,True,False,-0.2336528314228814,0.6692382104996834,low,1.0478358996488093,False,False,False,False
2022-11-18,42557.2,42422.65,0.8556718957074279,-0.31616271747200164,0.38536369873957876,-0.4933360277461829,0.20686113029770858,0.06331352574986404,0.4438148191543423,0.4029777612477822,0.2413459724580405,231.69542343062858,0.5444329594771945,0.0067452784861744075,False,False,0.28225616367321127,0.6132071351067643,low,0.9725953771114805,True,False,False,False
2022-11-21,42304.8,42360.9,0.4273746714320902,0.13260906563794528,0.393099600990911,-0.09337001947768986,0.26014248094772263,0.1781328088245937,0.18535659274863114,0.33206909687144254,0.2346341244305542,228.8715352207946,0.5410060683912808,0.006779953738320687,False,False,-0.3198762924994214,0.616359430756426,low,0.9792184151668772,False,False,False,False
2022-11-22,42403.95,42475.0,0.3714276618098078,0.16755514521642478,0.26011727681030405,0.058720944628976035,0.0848479277661296,0.12225025346002116,0.11717511313762419,0.22331503210669157,0.1492466932308559,224.31217301754805,0.5289888631072059,0.006629558671789025,False,False,0.25141108899953135,0.6026871519808205,low,0.9481818298682281,False,False,False,True
2022-11-23,42603.25,42675.8,0.6896187497432776,0.17029217254553863,0.2923485884292933,0.3837735384037533,-0.17197939988425892,-0.2856442176314755,-0.16019007663399254,0.4300069563387479,0.39214770351858896,222.16390261928245,0.5214717248549875,0.006535494533739987,False,False,0.4556798116539307,0.5941358667036352,low,0.924863176000138,True,False,False,False
2022-11-24,42799.65,43102.15,0.8706846901785446,0.7067814806896777,0.4129706668162006,0.3646057853276652,0.4164755783283791,0.3451103550554002,0.4115667003431245,0.5967776104219134,0.4433975980691635,210.476716763711,0.49177205132217433,0.0061634277721179355,True,True,0.38089502715823453,0.560311615647085,low,0.8774127559803258,True,False,True,True
2022-11-25,43104.75,42961.35,1.0933829798340158,-0.33267795312581505,0.5643229574466851,-0.25786021262158565,-0.02651557441107899,-0.07195473942271935,0.06041030117851509,0.2816698299281889,0.27177735180985685,207.90373582397297,0.4823221009841675,0.006044348772824968,False,False,0.209502310209575,0.549486252074997,low,0.8617162874265147,True,True,False,True
2022-11-28,42829.8,42983.2,0.9353300739205082,0.3581618405876119,0.4520217231927438,0.48354183302279363,-0.13790491415506256,-0.2910470268890686,-0.08241694371468045,0.38304338834813506,0.37131986172655185,211.2219980845075,0.49316596875191454,0.006143695765120241,False,False,-0.47519456441662555,0.5585177968291127,low,0.8763438822178339,True,False,False,False
2022-11-29,43090.4,43045.3,0.7398399643539991,-0.1046636837903514,0.6549022520097216,0.1334403950763896,-0.2442760829611701,-0.10223608063305578,-0.30331141013747454,0.3294482466122203,0.1883418375339733,201.62991702190266,0.4679230571586772,0.00585966723661507,False,False,-0.05537047032327935,0.5326970215104609,low,0.8453588270343815,True,False,False,False
2022-11-30,43203.5,43245.2,1.038110338282778,0.09651995787378631,0.3958012661011261,-0.3055308019026204,0.5388714114901827,0.5268515541482444,0.6440217075523114,0.678058577017292,0.6743792750829045,203.24543646163875,0.4704374332210093,0.005895749616081348,False,False,0.17992672835360768,0.535977237825577,low,0.852814306962658,True,True,False,False
2022-12-01,43419.0,43219.75,0.9414081392938576,-0.45890048135608374,0.34996199820354473,-0.24586010732629004,-0.19821182229046164,-0.23851972374638875,-0.19291179047770113,0.35648113409022664,0.3012941454774212,203.1981210648264,0.46799355366274303,0.0058503561522398,True,False,0.6171783226809113,0.5318505592945272,low,0.847383514501811,True,True,False,True
2022-12-02,43038.65,43098.6,0.45029293437409307,0.13929340255791622,0.34736219653729844,0.09131327306965975,0.09239065461565943,0.03120338342113005,0.2444632503034061,0.23747648158745466,0.13455734114693893,202.58021246166027,0.47069369615836065,0.0058328731814466595,False,False,-0.5623586439070127,0.5302611983133326,low,0.8449892906077734,False,False,False,True
2022-12-05,43146.7,43321.3,0.8936952304579461,0.4046659420071652,0.6565971441616523,0.32574913029270736,0.01189726767119037,-0.08527706969986282,0.15453805152503275,0.31002200416982917,0.1860170992641213,190.30958727252437,0.4410756495224997,0.005423299342133206,False,False,0.3961845628396299,0.4930272129212005,low,0.7909162178587703,True,True,False,True
2022-12-06,43223.15,43143.15,0.5262226376374629,-0.18508600136731834,0.4926757998896357,-0.19607548269851005,-0.051694082302544686,-0.0713840391777909,-0.09048746209896485,0.2161647163548022,0.1674511957985394,184.72496285184388,0.427375059087188,0.005330896086460891,False,False,-0.5249149956257138,0.48462691695099,low,0.7795501157101412,True,False,False,True
2022-12-07,43213.9,43108.8,0.8623382754160154,-0.24320878235937204,0.413871462654374,-0.2303656925202402,-0.05033127021513151,-0.05716962796835645,0.1295399993958668,0.22927401201689418,0.15689757939388935,178.2185255420918,0.41241018640319854,0.005159606174220269,False,False,0.032913683864066456,0.46905510674729717,low,0.7537128963653232,True,True,False,True
2022-12-08,43145.85,43629.4,1.247165138709745,1.120733512029548,0.6865086676934099,0.9487586871043119,0.13752663287047717,0.07284892051666603,0.21172737601655722,0.2576041437072889,0.2257742922469112,183.39186702866573,0.4250510003364535,0.005222197174007567,True,False,0.07759436588352653,0.4747451976370515,low,0.7634852571658026,True,True,True,True
2022-12-09,43677.55,43627.5,1.114187952392005,-0.11458976064363524,0.45904589428665293,-0.5378048906131472,0.4207846436623752,0.1748592973939811,0.33279094771823114,0.7798787596981206,0.49346372961219,189.75849330353594,0.43445315340154367,0.005419326479725648,False,False,0.31148720816698283,0.49266604361142247,low,0.7878086407388684,True,True,False,False
2022-12-12,43482.75,43675.1,0.8794291989352132,0.4423593263995551,0.8794291989352132,0.41706193835486793,0.11405250537628309,0.13354529544893357,0.062032467473005504,0.2924599384849272,0.2618220800996961,190.1055296035447,0.43719757743828236,0.005463989879369627,False,False,-0.3934445017477528,0.49672635266996606,low,0.7928826633531509,True,True,True,True
2022-12-13,43785.95,43921.85,0.4712698936531144,0.3103735330625579,0.2893622269244001,0.26446839682592316,0.15614411726183608,0.07180450058319465,0.23205717086292044,0.2669597453404411,0.18798896190719705,193.8591013905425,0.44274270945484223,0.005538784765152217,False,False,0.27155060892820604,0.5035258877411106,low,0.8055909996240338,True,False,False,True
2022-12-14,44043.1,44014.5,0.37065964929807393,-0.06493639185252142,0.25179880616941464,0.05880603318113575,-0.13785200481063464,-0.12074046587209342,-0.12425390917549795,0.21897478953459346,0.21901231121535947,194.01851816432827,0.4405196686071786,0.00543587186297834,False,False,0.3568838744269609,0.4941701693616672,low,0.7861467384658745,False,False,False,False
2022-12-15,44026.25,43391.8,1.6795661679111826,-1.441072087674955,0.42133954175066013,-0.5769285369523813,-0.7997075772892659,-0.41053915947267816,-1.008332478427898,0.9119933291069212,0.5223480087704008,189.2998362931976,0.4299703842439399,0.005357329077556952,True,False,-0.16903520430767704,0.4870299161415411,low,0.768343467926712,True,True,True,True
2022-12-16,43307.25,43216.6,1.1925255009265123,-0.2093183012082278,0.9702763394119854,-0.10229234135162857,-0.06009761239120781,0.013878945523981834,-0.10246919570346957,0.41629153814059966,0.38467810677304787,202.07516265859158,0.4666081606626872,0.005846166770028118,False,False,-0.2997110053051588,0.5314697063661925,low,0.822969673094839,True,True,False,True
2022-12-19,43299.4,43440.35,0.7831517295851641,0.32552414121211903,0.5802620821535633,0.14838542797359633,0.15081756263599644,0.01589050749444265,0.18801523961562427,0.23948629785545852,0.16535339682628084,206.3290525439843,0.4765171169669425,0.005972207815125638,False,False,0.30023185535188457,0.5429279831932399,low,0.8398635505293628,True,False,False,True
2022-12-20,43286.15,43407.8,1.078751517517738,0.2810367750423648,0.6883264046351941,-0.1177050858069073,0.3870688698097924,0.3222141707203585,0.6406770818237151,0.5924570720153983,0.48054753294663344,209.29162673229075,0.4835071419664044,0.006050447727662573,False,False,-0.6622874815695456,0.5500407025147793,low,0.8576009703530827,True,True,False,False
2022-12-21,43573.15,42658.05,2.8562314177423547,-2.1001465351942583,0.4919313843502215,-1.8099448857840206,-0.46044712454276215,-0.13541953675966223,-0.1876133033183347,0.9106101508723919,0.4750822190044578,217.84411841706242,0.4999503557054342,0.0062336157266305115,False,False,0.2717253581153489,0.5666923387845919,low,0.893161775391742,True,True,True,True
2022-12-22,42907.4,42360.55,1.6046183175862438,-1.2744887828206708,1.138381724364572,-0.8711783981318,-0.4010946639832924,-0.23244476787316337,-0.6176937712163655,0.5890637049297394,0.3494914240362526,256.49793081420285,0.597794158616469,0.00749091676725943,True,False,0.4827928140175075,0.6809924333872208,low,1.0017007017639565,True,True,True,True
2022-12-23,42123.7,41666.15,1.4268689597542374,-1.0862056277107568,0.7921906195324654,-0.8697004299242472,-0.25097378066375464,-0.14982602202322504,-0.12324971615397251,0.5879204499327664,0.307442997191661,261.33990574110067,0.62041061383758,0.007757496121924279,False,False,-0.9659931233187535,0.7052269201749344,low,1.038517945970399,True,True,True,True
2022-12-26,41717.05,42631.0,3.0452776502653025,2.190830847339398,1.4925552022494433,2.122393601656869,0.01596152333962486,-0.35150042505125434,0.33579291043677184,0.7264840402371225,0.6276960351547232,262.5151702821131,0.6292754887560675,0.007877827245597565,False,False,0.12048149397052565,0.7161661132361422,low,1.0555963502457328,True,True,True,True
2022-12-27,42752.95,42876.2,1.2268159273219745,0.2882842002715602,1.2171089948178981,-0.23378503705591136,0.5650247344852755,0.2765588874056979,0.3418885394236293,0.7934963543009802,0.45095696855925554,307.4538517129804,0.7191406714927986,0.008940593558004249,False,False,0.46151861321572785,0.8127812325458407,low,1.1610168764137647,True,False,False,False
2022-12-28,42787.55,42779.2,0.7796660477171479,-0.01951502247734549,0.6134962156047729,0.3929881472531038,-0.40867684614613875,-0.28913253247933035,-0.38606667217745416,0.5346205509396755,0.45368518699799604,309.42527489552594,0.7231666101366541,0.009057589998081149,False,False,-0.33258544367270604,0.8234172725528316,low,1.1851457378899855,True,False,False,False
2022-12-29,42623.95,43309.1,2.034302311259277,1.6074296258324239,0.5099245846525218,0.5476967761082863,1.0440437357375876,0.48158469324064423,0.9520601355123892,1.2146093790103825,0.7419258283001486,306.588813035105,0.7192876611273826,0.00899995360058006,True,True,-0.22043422971910198,0.8181776000527327,low,1.1721755424427482,True,True,True,True
2022-12-30,43343.7,43038.5,1.351984256074124,-0.7041392405355285,0.645653232188313,-0.5876286519148066,-0.11905590754021089,-0.12485060858871133,-0.22464564410009658,0.8528858873494395,0.7926157130756544,326.05241317581385,0.752248684758832,0.009378634034896222,False,False,0.21381187787323785,0.8526030940814746,low,1.2267757249534932,True,False,False,True
2023-01-02,43123.5,43234.3,0.9475112177815015,0.2569364731527024,0.9202638932368797,-0.10238037265064559,0.3642116234344295,0.20777998729912817,0.38192086460382413,0.42201193843454676,0.3053543036994804,329.65124163845394,0.7644352653157882,0.009567899972037745,False,False,-0.0005808752628455593,0.8698090883670677,low,1.2717375002302909,True,False,False,False
2023-01-03,43298.45,43448.35,0.7601888751213992,0.34620176934740954,0.6888237338750002,0.24157908654929283,0.14630308238707812,0.18831458446901816,0.13868938530883224,0.2964077409306522,0.29653208435663936,330.93806595805654,0.7643185055309291,0.009579110163298217,False,False,-0.19163025653243793,0.8708281966634743,low,1.2746488030081826,False,False,False,True
2023-01-04,43476.5,42979.6,1.649511805228115,-1.1429162881096744,0.9101468609478617,-1.0747185261003045,-0.10137354173811453,0.006982809486855146,-0.46644427456158377,0.4240948168126658,0.26767436366239045,334.0913268077202,0.7684411735252842,0.009613233165980723,False,False,-0.07100384709660679,0.8739302878164292,low,1.2863976840505844,True,True,True,True
2023-01-05,43057.35,42615.95,1.9280099681006877,-1.0251443714023312,0.9279484222786653,-1.2188395244946415,0.12237686195630815,0.12543717854518466,0.43265335963764695,0.4810433420991824,0.3830124908155802,339.8731938045894,0.789350003668571,0.009838405333277131,True,False,0.21742873363177484,0.8944004848433755,low,1.3258119395278443,True,True,True,False
2023-01-06,42669.5,42218.0,1.885304491498622,-1.0581328583648797,0.9205638688055939,-1.5392727826667785,0.4160646661604872,0.00509655603189163,0.5442197947289173,0.7025256648584868,0.3444323681088409,344.27820541710753,0.8068484641655223,0.010083469539360346,False,False,0.07919570020145095,0.9166790490327585,mid,1.3598138398218933,True,True,True,False
2023-01-09,42290.35,42563.5,1.2332600699686878,0.6458920297420123,0.8376615469013616,0.43154052874947446,0.18717839749393672,-0.10540586540210839,0.24606635428372492,0.5264539582344923,0.2102248384578714,348.9290904492591,0.825079694183801,0.01033718902550692,False,False,0.4425837320574111,0.9397444568642652,mid,1.3985251272076213,True,False,False,True
2023-01-10,42477.55,42053.5,1.9377294594438674,-0.9982920389711825,1.2092269916697036,-1.4385245853397954,0.4015143372386065,0.20572943361232277,0.044268849961914825,0.5301374607383096,0.34173017738503303,353.5303983364138,0.8322758688681757,0.010414922622305695,False,False,0.18443032175454732,0.9468111474823359,mid,1.4160229514365537,True,True,True,False
2023-01-11,41983.4,42190.65,1.3937651547992813,0.493647489245741,1.2419194252966683,0.4151640886635999,0.16521299786278476,-0.1568791569429906,0.324656040407989,0.4063314649518425,0.31517696489074176,361.51586803868486,0.8610924032800699,0.010782866370649733,False,False,0.04363489364738182,0.9802605791499757,mid,1.4889764544220268,True,False,False,True
2023-01-12,42112.25,42092.95,1.4163337271221488,-0.04582989510178992,0.6607341094337159,-0.30216860889645814,0.26092652137668093,0.05609571450135853,0.3444572771665433,0.42455638918661426,0.3130426101621121,368.46079924467267,0.874949211321344,0.010963652431452985,True,False,0.11341375399525067,0.9966956755866351,mid,1.5400001462645005,True,False,False,False
2023-01-13,42059.15,42339.25,1.3460804604943137,0.6659668585789369,0.7512039591860442,0.6725052693646871,0.07522082093429638,-0.01911190966908949,-0.062381634092223415,0.33276652023993714,0.19855150600667074,366.7205314287057,0.871916173837811,0.01087931524818264,False,False,0.18601689831669876,0.9890286589256945,mid,1.5264622047600889,True,False,False,True
2023-01-16,42662.3,42161.95,1.510115488382014,-1.1728153428202548,0.6218605185374508,-1.14703145400038,0.023593322259896077,0.07010119005963489,-0.0009482425509688142,0.3981224932094961,0.233552018997297,373.0091762160155,0.8743297389405059,0.010917601178552014,False,False,0.6690009860826462,0.9925091980501831,mid,1.533898333389971,True,False,True,False
2023-01-17,42110.5,42281.1,1.2367461796939074,0.4051246126262953,0.828178245330737,-0.17679676090285312,0.5332327847169083,0.2212635977508315,0.4943843737441167,0.706179576815628,0.5492459725519443,372.521242115301,0.8846279244257395,0.01108580135240263,False,False,0.18796568944272618,1.0078001229456937,mid,1.5703594400431216,True,False,False,False
2023-01-18,42159.8,42473.75,1.0272819131020512,0.7446667204303647,0.8882869463327624,0.8170105171276809,-0.05046554168112172,0.08139322586915299,0.19882778871895823,0.2457401318691592,0.2272178476144413,375.65026402899093,0.891015289515109,0.011121144259011728,False,False,-0.021995643443517565,1.0110131144556116,mid,1.5779009751468693,True,False,False,False
2023-01-19,42382.3,42298.9,0.6223116725614231,-0.1967802596838819,0.4183350124934126,-0.24373382284585965,0.08857825397952102,-0.03425389697137016,-0.12980438479212042,0.2794531564133357,0.17989201754270617,351.25465783579784,0.8287767719916045,0.010376655149873674,True,False,-0.1352600135377635,0.9433322863521523,mid,1.4861618863870165,False,False,False,False
2023-01-20,42452.15,42514.05,0.7278783288950029,0.14581122510874955,0.6495548517566248,0.29821811145018806,-0.17309103719578278,-0.037158241192247754,-0.18844530859239983,0.2965094090361976,0.2414109783788458,345.7636644258673,0.8144785704042488,0.01013975645184143,False,False,0.5133703240509879,0.9217960410764937,mid,1.436940378371939,False,False,False,False
2023-01-23,42855.35,42755.8,0.6370266489481476,-0.23229305092595798,0.5754240719070047,-0.08458687188414027,-0.049393845269984915,-0.05079437735434622,-0.07494737923492423,0.2006114093944092,0.1721170395869293,343.0716543741364,0.8005340158793159,0.009973711593364614,False,False,0.8877065346632351,0.9067010539422377,mid,1.4016430457168734,False,False,False,True
2023-01-24,42964.35,42715.15,1.071818845158835,-0.5800157572498965,0.44920963543030445,-0.7211793033061076,0.1352729489268345,-0.045984435497181675,0.09268231525343396,0.2779308162092995,0.11689173298136424,309.1799045327898,0.7196196486919733,0.0089770966050194,False,False,0.5581698857231032,0.8160996913654,low,1.2812011326851116,True,False,False,False
2023-01-25,42630.0,41687.6,2.7266009852216713,-2.2106497771522404,1.528618343889283,-1.95437485338964,-0.3354319763331337,-0.029518382392634823,-0.4555849481328589,0.6215779418783848,0.3509807662540093,304.7026100101539,0.7147609899370253,0.00893366113987513,True,True,-0.02703958665719597,0.8121510127159208,low,1.273520893687263,True,True,True,True
2023-01-27,41139.95,40365.3,3.017261809992484,-1.8829629107473211,1.7647080271123323,-2.050440022411293,0.13562005538956257,0.05020976524146015,0.39997213257925157,0.5859084186180367,0.42225792694416087,321.5469574444869,0.7815929709309003,0.009752258824699883,False,False,-0.7322321265796017,0.8865689840636256,low,1.3705834592679669,True,True,True,False
2023-01-30,39674.85,40467.3,3.439080425004769,1.9973610486240245,2.8150074921518438,0.4938897059472369,1.4422835759503094,0.40862684251357084,1.6011675913028656,1.729335754486993,1.0033204034135026,327.2996988981904,0.824955101022916,0.010316592287850803,False,False,-1.261355669349673,0.9378720261682547,mid,1.4189929826996137,True,True,True,True
2023-01-31,40490.7,40759.6,1.5634454331488536,0.6641031150362853,1.0109728900710497,0.20177472851792277,0.43613392355392744,0.45618930931876633,0.43143073324738435,0.6525371927714406,0.5545516624223691,365.1519175418325,0.9018167567906521,0.011299025360717108,False,False,0.23858769920404033,1.027184123701555,mid,1.5226559330009,True,False,False,True
2023-02-01,41070.05,40499.25,6.111144252320117,-1.3898205626728055,0.55234897449601,-1.0429741380884705,-0.2544184913524594,0.7703512941106272,-1.18911962248468,3.1842910114488356,1.3669447455031805,376.0220321135603,0.915562635335385,0.011447553749854124,False,False,0.8719418247480348,1.040686704532193,mid,1.5532178320525851,True,True,True,True
2023-02-02,40058.25,40722.4,2.4632878370872415,1.6579605948837006,2.270693302877699,1.1228648280940945,0.5690227004262027,0.4450411200735749,0.9974910874103404,0.7786106712122508,0.58927882380933,467.44746491411206,1.1669193360022267,0.014580482246928728,True,False,-1.3726180114446596,1.3254983860844296,high,1.8203020596536703,True,True,True,True
2023-02-03,41137.25,41480.75,2.241763851497115,0.8350096323891387,0.8241921859142156,0.47645382226571,0.4160089032437586,0.039769865047589725,0.7615648859594648,0.6626626263359436,0.2722428034621405,487.18178635107324,1.1842837971694105,0.014821979806690595,False,False,0.7292055478065995,1.3474527096991449,high,1.8612330767253407,True,False,False,True
2023-02-06,41556.7,41367.1,1.103913448372946,-0.45624411948013144,0.8052853089874834,-0.3603510384607045,-0.03296548043262293,-0.006522369311035003,-0.19686581900639766,0.25756545700661715,0.25763358778626305,495.99198616583817,1.1935307331088325,0.01491469663808862,False,False,0.11909138576327027,1.3558815125535109,high,1.8772780784448682,False,False,False,True
2023-02-07,41447.8,41464.4,1.2826977547662395,0.04005037661829469,0.4440525190721894,-0.0877006741009323,0.09985161108825302,-0.2908088527121544,0.10263147091424951,0.5544360315806343,0.38690325855047436,488.6100563444197,1.1788564322941621,0.01473828368654062,False,False,0.35293747930118524,1.3398439715036927,high,1.8382000502249103,True,False,False,False
2023-02-08,41517.8,41494.05,0.926470092345937,-0.05720437980817339,0.7419709136804042,0.11790123754147341,-0.10092201098232945,-0.052471201012826985,-0.049704600624123074,0.24971882574412393,0.2498399387675421,488.67329346463885,1.177021165535358,0.014748835864457903,False,False,0.1872690790171827,1.3408032604052638,high,1.8407375506009518,False,False,False,False
2023-02-09,41449.75,41576.25,0.9113444592548808,0.30518881296026645,0.9113444592548808,0.15947020187092598,0.18703699912203664,0.21576259609026316,0.17195662069116047,0.3375819114868212,0.3376787028704532,481.87445886013666,1.162550941465598,0.014529688170312978,True,False,0.33727727228360926,1.3208807427557252,high,1.7905211863353465,False,False,False,True
2023-02-10,41504.25,41542.6,0.5657251968172005,0.09240017588560967,0.5156098471843245,0.1933536926941315,-0.02512955548340523,0.045481727294927055,-0.04808380044741822,0.22532433959767964,0.11250109793852267,478.3790936072546,1.152602669864543,0.01444623453518508,False,False,-0.29788641351733425,1.313294048653189,high,1.7663450047159894,False,False,False,False
2023-02-13,41590.3,41260.85,1.192104889842092,-0.7921318191982385,1.0198291428530069,-0.6704688352813126,-0.08944251533169467,-0.0623482908699069,-0.10346767996417539,0.2554981730246594,0.1812337697713659,475.2390775805252,1.14266806822871,0.014317773851267862,False,False,0.050309802467829456,1.3016158046607147,high,1.7240616291736153,True,False,False,True
2023-02-14,41372.4,41625.5,1.2499879146484163,0.6117604973363777,0.5132648819019408,0.6162320774235841,0.04107876191974391,-0.00996432052938756,0.024979553994852743,0.23590259769117441,0.1624304298343622,472.3735630820702,1.141760118054718,0.01428963257022158,False,False,0.362571299427894,1.29905750638378,high,1.7165801920606583,True,False,False,True
2023-02-15,41574.2,41756.7,0.8163716920590034,0.4389741714813544,0.5256866037109449,-0.22598149814067048,0.6982841231670589,0.30376962495857196,0.6519379219192656,0.8136402263727919,0.450611621529448,472.68551101789126,1.1369683866866742,0.014231966372210145,False,False,0.11795654106256936,1.2938151247463767,high,1.7034458800774774,False,False,False,False
2023-02-16,41879.25,41554.1,1.0776219726953153,-0.776398813254775,0.3613961568079623,-0.48627900451895245,-0.24090834924992421,-0.3646289543908332,-0.5078085738763449,0.4899749493708654,0.4223848387208869,473.7431940805036,1.131212221041455,0.01416558997147226,True,False,0.4047254692061353,1.287780906497478,high,1.6825201509758816,False,False,False,True
2023-02-17,41431.8,41132.0,1.514054421965726,-0.7235987816122003,0.4215361147717313,-0.904136436263947,0.21263018423078872,0.09329504222603813,0.36773898460131793,0.49674600313709744,0.28961603069127834,469.0972692375035,1.1322155186052827,0.01417499381716023,False,False,-0.09650070630815577,1.2886358015600208,high,1.6851135486455653,True,False,False,False
2023-02-20,41145.85,40707.15,1.7305511977514207,-1.0662071630553216,0.4919086615053559,-1.258450123159438,0.2884706502034762,-0.000613564688123347,-0.04342178375215111,0.3978778208651447,0.29978770661791226,471.3704897643438,1.1456088275350826,0.014322830885059734,False,False,0.21771370222698483,1.3020755350054303,high,1.7295757321574772,True,False,False,False
2023-02-21,40633.5,40696.05,1.067838113871563,0.1539370224076242,0.7218182041911303,-0.009228838273833695,0.17597942394427246,0.11511654935685289,-0.10467824631417155,0.4611153157476936,0.25716741955678385,471.04922144424563,1.15926322232701,0.014511897592721286,False,False,0.19099838726119867,1.3192634175201168,high,1.7796051734912772,False,False,False,False
2023-02-22,40464.95,39968.7,1.5272476550693872,-1.226369981922626,0.45384956610596133,-0.9485987255637207,-0.23664520185323612,-0.3167278683130159,0.12507418063265607,0.45832075466989947,0.42367494073037393,471.3342109402802,1.1647962272047296,0.01456664230845272,False,False,-0.4961169450106384,1.324240209859338,high,1.8009743555174296,True,False,True,True
2023-02-23,39981.9,40076.05,1.3577393770681196,0.23548155540382698,1.268949199512776,0.1643243567714281,0.03770513089422778,0.12683710741416832,0.05531892044439157,0.4183771312138446,0.41874989846782185,467.8896401064994,1.1702536400383658,0.014656778898949003,True,True,0.037529366729471825,1.3324344453590002,high,1.8237282502260914,True,False,False,True
2023-02-24,40206.6,39904.7,1.3019006829724402,-0.750871747424553,0.7958892321161202,-0.8406580014226561,0.07298977139904572,0.08855462792003443,0.10663602240108538,0.3330942144946221,0.27268804688126425,456.2141902516778,1.134674879874642,0.014221380332555919,False,False,0.45675659153034953,1.2928527575050834,high,1.755517079602012,True,False,False,False
2023-02-27,39872.3,40355.85,1.5554658246451722,1.2127466938200104,0.9608174095800807,0.896110833837005,0.2738033686638719,0.341271884494887,0.282777308208626,0.5481038837075188,0.3685089627399293,434.2847346502349,1.0891890727403106,0.01362863592455233,False,False,-0.21125331101348177,1.23896690223203,high,1.670547826946331,True,False,True,True
2023-02-28,40335.25,40282.85,0.7686824799647842,-0.12991118190665008,0.4434086809924286,-0.31622464221742197,0.1737229436152843,-0.03598724810477405,0.475717099248274,0.48920977822655143,0.3200383202145264,415.050410091666,1.0290017046917175,0.01287267121249771,False,False,-0.13170333421300695,1.1702428374997917,high,1.5772506574755027,False,False,False,False
2023-03-01,40426.65,40703.45,0.8994067032514587,0.6846968522002062,0.5846390932714084,0.6227327765224278,0.09071153241031471,0.13009561658927637,0.18405285368043867,0.1671648835745752,0.15296686865506484,410.5421738199293,1.0155236058885149,0.01271488703678759,False,False,0.47414718670599765,1.1558988215261445,high,1.5376845210709067,False,False,False,True
2023-03-02,40715.35,40332.7,1.1189882931130541,-0.9398175381029494,0.5565468551787123,-0.600756225846022,-0.31887227194949963,-0.19309867082305532,-0.24171941013045872,0.38966414015061335,0.253960007174714,291.8890168022335,0.7169016520851068,0.008978837218647657,True,False,-0.24297694667158032,0.8162579289679688,low,1.277379257933111,True,False,True,True
2023-03-03,40710.25,41236.85,1.8626758617301609,1.2935317272676938,0.9140204248315985,1.6260032792724033,-0.35071859847917164,-0.13637442652495446,-0.3356625437104688,0.4269775356398601,0.31223203515212933,272.3680667213084,0.6690405161385854,0.008382477749753637,False,False,0.8397652525122368,0.762043431795785,low,1.209962661679212,True,True,True,False
2023-03-06,41473.2,41396.0,0.9819594340441539,-0.18614430523807846,0.6082241061697675,-0.24039620767145609,0.046648216853784064,0.2670619910833949,0.11767081920901479,0.3196490507208721,0.28898408649660184,271.2410406881718,0.6540152211263462,0.00816871099039459,False,False,0.44026156217074064,0.7426100900358718,low,1.1907750552925702,True,False,False,False
2023-03-08,41161.75,41573.5,1.2735124235485544,1.0003219007938213,0.6173206921474392,0.7804575850152151,0.30024347323001077,0.28598010552221,0.38409249101594156,0.5562519586336572,0.4199918532426745,269.010437592151,0.653544704955817,0.008134214030579671,False,False,-0.5257754372403167,0.73947400277997,low,1.1847070289959531,True,False,True,True
2023-03-09,41570.0,41227.9,1.0737310560500326,-0.8229492422419993,0.46884772672600783,-0.4476786143853717,-0.2790940438189726,-0.03875555900049177,-0.29270673394613533,0.46890215760234205,0.27613335787852067,270.74945520437177,0.6513097310665666,0.008128041161210506,True,False,-0.09825970870867007,0.7389128328373186,low,1.1843229772490187,True,False,True,True
2023-03-10,40742.5,40488.75,1.1432779039086842,-0.6228140148493599,1.0221513161931572,-0.7536356384610698,0.19030331058516037,0.22673997884750108,0.11021108140298885,0.4395895186031069,0.28562062801903565,267.57855939763976,0.6567553768120262,0.00816894575894525,False,False,-1.0251552953218557,0.7426314326313864,low,1.191761346502041,True,False,False,False
2023-03-13,40450.75,39627.0,3.0425888271540082,-2.036427013096176,0.8395394399362152,-2.0361797988912467,0.09930073106534376,0.1446635436508803,0.003907737067265771,0.5893693961960449,0.5747409373844211,268.8031212834867,0.6645194991031975,0.008233727871428,False,False,-0.3276218702726097,0.7485207155843636,low,1.2034717688943366,True,True,True,False
2023-03-14,39546.95,39481.35,1.5919053176034956,-0.16587878458389493,1.109820099906552,-0.25311686489096763,-0.10419082892549891,-0.1883227246131547,0.2771214486657403,0.5199401219615725,0.5195022302375084,297.6672541282751,0.7526933281284021,0.009364003313240924,False,False,-0.26396144043202563,0.8512730284764476,low,1.3276363689239736,True,True,False,True
2023-03-15,39898.4,39020.8,2.433180277905888,-2.19958695085517,0.7054167585667522,-1.5955527038678197,-0.5794436322328567,-0.3250633273410575,-0.7114513913618503,0.921251700125833,0.7089853325706852,302.20463210064554,0.7574354663361076,0.009492806383190184,False,False,0.7511141336352445,0.8629823984718349,low,1.347637398989141,True,True,True,True
2023-03-16,38889.2,39210.1,1.9626271561256083,0.8251648272528112,1.2152474208777722,1.1762905896752995,-0.44933939738199813,0.2292718188855014,-0.18729287892088609,0.9463321528008064,0.6302416182086934,310.37521036594626,0.7981012989877557,0.009997513509448669,True,False,0.104815893062149,0.9088648644953333,mid,1.407222988854473,True,True,True,False
2023-03-17,39486.2,39686.6,1.9292816224402525,0.5075190826162146,0.9485592434825222,-0.7306350066605516,1.1948405136015694,0.5205185418891922,1.1518742501150925,1.4063325144077332,0.8095406436538789,325.91965244695166,0.825401412257831,0.010337206009157843,False,False,0.5924493944162501,0.9397460008325311,mid,1.4642007428445343,True,True,False,False
2023-03-20,39329.65,39377.3,1.4461099958936832,0.1211554132823478,0.9972120270584587,-0.31871628656751083,0.5189481766030735,0.49805610207982465,0.8930091566721643,0.7332103876360612,0.6060575148964206,333.5588899871618,0.8481104967554042,0.010606746644764601,False,False,-0.4396950104065378,0.9642496949786,mid,1.5069505423070724,True,False,False,False
2023-03-21,39527.4,39867.5,1.527800968442129,0.8604158128285633,0.6165343533852393,0.7723756179257801,0.07795103018375382,-0.1625399306012132,0.16873300734234764,0.3661564493494003,0.294149689508672,334.41570990445325,0.8460351804177692,0.010584498136820277,False,False,0.5646654290669906,0.9622271033472978,mid,1.5033693406365518,True,False,True,True
2023-03-22,40018.85,39958.85,0.5944698560803258,-0.1499293457957962,0.5944698560803258,-0.21539849345995066,0.13309910561909444,0.050293126355871465,-0.024877643249587855,0.47755408168502983,0.27836369687006607,335.8856004195295,0.8393184722187906,0.010511266634585703,False,False,0.4226500282184631,0.9555696940532457,mid,1.4932513554577178,False,False,False,False
2023-03-23,39790.65,39580.15,1.6227430313402698,-0.5290187518927181,0.8151412454936167,0.007665117307698033,-0.5097540565466407,-0.5065037544857875,-0.8709597458104512,0.7538881782794765,0.6737467456097107,331.25382910835106,0.8324916258174999,0.010429910588681014,True,False,-0.30706589403848294,0.9481736898800922,mid,1.4697684092791186,True,False,False,False
2023-03-24,39523.0,39351.8,1.1958859398325064,-0.4331654985704425,0.5859879057763796,-0.17609999240948415,-0.3177165973021312,-0.2507171499661398,-0.6040379558243547,0.6080591279839036,0.5552046952715061,330.1731658236713,0.835394999933384,0.01045702098530307,False,False,-0.06291032247225381,0.950638271391188,mid,1.4745055692594287,True,False,False,True
2023-03-27,39430.5,39309.45,1.0635168207352326,-0.3069958534636985,0.67067371704646,0.49428741710098034,-0.719109460093792,-0.6803846003340053,-0.5186424262654254,1.0502102186981115,0.881596669523704,328.3697309293093,0.8327810474868675,0.010412708917555635,False,False,0.33772279794062054,0.9466099015959668,mid,1.4663672023522278,True,False,False,False
2023-03-28,39521.85,39605.95,0.790701852266531,0.21279368248197095,0.4315334428929894,-0.05262911528685077,0.18594442426214108,0.0673867226663516,0.43919703462691473,0.5111256536218509,0.421641125876628,326.8139709856987,0.8269197190559114,0.010352046273939963,False,False,0.5993469763632131,0.9410951158127238,mid,1.4544599030100025,False,False,False,False
2023-03-29,39684.95,40013.3,1.1096146020090705,0.8273917442254808,0.34383311557655255,0.31183105938146216,0.5837919851690687,0.7192778797212362,0.2804971812537804,0.9185178114331829,0.8493239240702184,322.10798553840505,0.8116628231569022,0.010163728494439528,True,True,0.014139289677439493,0.9239753176763207,mid,1.4160971442541794,True,False,True,True
2023-03-31,40311.9,40602.35,1.1987775321927272,0.7205068478538523,0.7774379277583082,0.6441026098993108,0.10191870904612266,0.0171157182629722,0.039904721319716785,0.3784671771228746,0.37814655241410594,329.15761949145235,0.8165271780577257,0.010230946228007513,False,False,0.5446938892817998,0.9300860207279558,mid,1.4332155149994892,True,False,False,True
2023-04-03,40645.7,40815.1,0.7895054089362502,0.4167722538915619,0.40853029963808135,0.3243885577072225,0.10128121969072978,0.023524078487113798,0.08814969018877683,0.23027376583439038,0.23009489270202577,335.7443222761831,0.8260266701672825,0.010297186704546,False,False,0.2301590917767271,0.9361078822314545,mid,1.4483566572821815,False,False,False,True
2023-04-05,40867.8,41008.55,0.6243301572387098,0.34440317315833635,0.3837984917221035,0.2829856268260045,0.03782014447295534,-0.013778941874820205,0.11953601953600401,0.22216284866208902,0.16681055296233638,334.6649105986653,0.8188963208165482,0.010229040727426926,False,False,0.38515157380480947,0.9299127934024477,mid,1.431681243223576,False,False,False,True
2023-04-06,40949.5,41039.05,1.1050195973088806,0.21868398881550455,0.8593511520287218,0.16996544524352508,0.034130441672286516,-0.0849810071101631,0.07206693079013782,0.3065645028779276,0.276005649167249,325.691148096852,0.7953482902034261,0.009900489902015697,True,False,-0.165453301811469,0.9000445365468814,mid,1.3695953772289307,True,False,False,True
2023-04-10,41065.9,40796.45,0.9859761992309957,-0.6561404961293982,0.6295977928159444,-0.7122697907509634,0.20000784825400242,0.11456030895751201,0.006731583611174763,0.2992146840832503,0.19505883621430453,326.5717724299284,0.7952383179960218,0.009928062356336137,False,False,0.1878698459150563,0.9025511233032851,mid,1.3756953006014028,True,False,False,False
2023-04-11,41090.8,41385.05,0.9151683588540571,0.7160970338859318,0.6484419870141177,0.616074644445952,0.12323447566089385,0.11439599880043172,0.12190255052062504,0.23123092979748144,0.2257688475268355,323.34770610597843,0.7869102234708948,0.009858851444436094,False,False,1.0676174029848218,0.896259222221463,mid,1.3612839081683323,True,False,False,True
2023-04-12,41396.65,41577.2,0.6650296581969867,0.4361464031509721,0.34942440994621893,0.30678810966588976,0.15882515144982623,0.17197277338614203,0.10916071417825801,0.34474329689225647,0.27120636251089536,324.4568425236466,0.7837756014644823,0.00982247913054918,False,False,0.09894877498033416,0.8929526482317436,mid,1.353150792565307,False,False,False,True
2023-04-13,41564.6,42137.8,1.6597056148741924,1.3790581408217761,0.6974685188838614,0.9457567256752064,0.47357219294672515,0.2964422175590897,0.7099992355324547,0.6740121598657592,0.4076675279193338,323.8748671692156,0.7792084301766782,0.009724571002584333,True,False,0.2474914135632167,0.8840519093258484,mid,1.3293027280606589,True,True,True,True
2023-04-17,42166.2,42216.7,1.9029459614572846,0.11976417130308281,1.9029459614572846,0.22553609288957777,0.00473246208705369,0.10623317530606968,0.05054217430777719,0.36984191210398853,0.2771300225375399,302.07732402345937,0.7163968392301402,0.008939249008342668,False,False,1.1053021277807495,0.8126590007584243,low,1.2595718065082084,True,True,False,True
2023-04-18,42337.6,42255.65,0.8931776954763477,-0.1935631684365613,0.4041324968822006,-0.1982871017724097,-0.0068633124002293044,-0.10485848242467455,-0.020468818771679498,0.38481882630259356,0.25227508623929745,307.6778744795265,0.726724883979079,0.009068733924279622,False,False,0.4506510456762314,0.8244303567526928,low,1.2740976549064602,True,False,False,True
2023-04-19,42271.2,42151.1,0.7468441870587944,-0.2841177917825788,0.4663931944207739,-0.26507409299947327,-0.02217786648923692,0.11032376283597323,0.15242725251956024,0.27716403200728323,0.22812911561669777,284.7232010730404,0.6735630904091685,0.008411452777994011,False,False,0.057862084715298856,0.7646775252721828,low,1.196655948973784,True,False,False,True
2023-04-20,42130.1,42274.2,0.6361247659037126,0.34203574166689066,0.6167799269406097,0.1818177502545648,0.16016414455526373,0.03537678643898978,0.3090590486676037,0.27839181930830886,0.16386906092971143,269.09188902315145,0.6387164735501493,0.007976005741175712,True,False,0.15990092785242993,0.7250914310159738,low,1.1362922969021965,False,False,False,True
2023-04-21,42335.65,42089.25,0.9820328730041938,-0.582015393645785,0.45127451686698006,-0.40970198874944463,-0.1884389334522285,-0.16760213885476105,-0.01734376651965075,0.33667597990618225,0.3157515170781143,254.9421559794755,0.6021926106708543,0.00750331961427967,False,False,-0.05121326955920269,0.6821199649345154,low,1.071460734543581,True,False,False,True
2023-04-24,42340.5,42641.85,0.9914856933668779,0.7117299039926195,0.4168585633140846,0.7170439649980542,0.026498390164175767,0.04702670436622647,-0.049793036707423965,0.21925659118142957,0.20628422189569068,249.8542887252188,0.5901070812229869,0.007337129101717831,False,False,0.9045064951264115,0.6670117365198027,low,1.0486873247335633,True,False,True,True
2023-04-25,42699.45,42654.15,0.609843920706242,-0.10609035947768408,0.47014657097456763,0.2017590390508639,-0.2886485172581388,-0.21950161322575878,-0.30717245940101723,0.5217877042743353,0.3953835664977691,243.07707005009797,0.5692744755496804,0.007134755037917101,False,False,0.21047398271885065,0.6486140943561001,low,1.0218598311907392,True,False,False,False
2023-04-26,42580.55,42866.45,1.0211234941775127,0.6714333187335386,0.48179274340045264,0.37611068903524725,0.28602713572776217,0.24181732501860065,0.13234033308180404,0.39224907406757836,0.2943202161856206,243.03786525066243,0.5707720197382664,0.007137343153600192,False,False,-0.22295603124197205,0.6488493776000174,low,1.0226183254781742,True,False,True,True
2023-04-27,42808.75,42961.75,0.7003241159809687,0.3574035681957577,0.4590183081729786,0.14798376500131383,0.29914559818622344,0.10615822464337121,0.22130081528197731,0.39897742354585597,0.23047509297574775,235.45719459876273,0.5500211863199994,0.006891179831073204,True,True,-0.2625596474632119,0.6264708937339276,low,0.9926558143234988,True,False,False,True
2023-04-28,43063.15,43226.25,1.135773857695033,0.3787460973012857,0.6279150503388662,-0.16858961780547022,0.6832896997130744,0.469569657861757,0.5941390213265008,0.7467920275502306,0.656886866904972,233.56290185380203,0.5423730076731544,0.0067405452900316035,False,False,0.19494084854549953,0.6127768445483275,low,0.9679713974625272,True,True,False,False
2023-05-02,43334.9,43309.65,0.4619832975269288,-0.058267124188582375,0.3786786170038602,0.2734516521325725,-0.2735113938149847,-0.19702856511153444,-0.20886465823454214,0.4412773223729328,0.3581290692559437,235.53129791236643,0.5435141142874829,0.006766789445675588,False,False,0.3905034556548559,0.6151626768795989,low,0.9716805280537374,False,False,False,False
2023-05-03,43145.1,43292.0,0.6359934268317874,0.34047898834399515,0.37652016103797903,0.32610887447241943,0.041006519459041435,0.0055425779684759036,0.15693049956402305,0.23529656376919408,0.23521315253753264,233.32123389411936,0.5407826935019721,0.006699798037974102,False,False,-0.35742611635052324,0.6090725489067365,low,0.9552357766580835,True,False,False,True
2023-05-04,43301.2,43635.9,1.1922302384229537,0.7729577933175191,0.33994438953192313,0.4114204687168055,0.459758483049999,0.1676369044274706,0.46900139964372034,0.6209844443396694,0.37655238997250867,226.8171408742528,0.5238125984366548,0.006565061615087142,True,False,-0.1291231636330048,0.5968237831897402,low,0.9314447278715026,True,True,True,True
2023-05-05,43342.2,42669.25,2.2933768936509913,-1.5526438436442969,1.1413818403311258,-1.051284890937687,-0.5113491292724759,-0.11120280465178878,-0.7423286694497211,0.8149408147775934,0.4596772777553387,229.31546314200386,0.5290812721597056,0.006562122525624261,False,False,-1.2037107060929197,0.5965565932385691,low,0.9310869623133794,True,True,True,True
2023-05-08,42879.85,43314.4,1.4498651464499162,1.0134130599803948,1.2126908093195288,1.0580727311312987,0.02249988750055998,-0.0032299219973719318,0.14880230320086785,0.3746519728939783,0.3693646512722399,250.40209826476348,0.5839621600000081,0.007302069161611032,False,False,0.29904439379646597,0.6638244692373665,low,1.0069450275165477,True,True,True,True
2023-05-09,43461.4,43171.6,0.9276047251124018,-0.6667985844910684,0.4877891646380466,-0.34743473519031065,-0.328789390077211,-0.19640278871151384,-0.2096688065059693,0.48787358232665345,0.37326933769834686,263.7574389694455,0.6068774567074358,0.007550595185645268,False,False,0.2866252331788166,0.6864177441495698,low,1.0484419878598437,True,False,True,True
2023-05-10,43261.3,43343.85,1.2823239246162272,0.19081719689422183,1.2674145252223017,-0.05732606278591179,0.21151110751331803,0.261947598910095,0.08604619467922348,0.46569449423520826,0.39002886745845555,260.83210124041943,0.602922476301959,0.007499912675312798,False,False,0.2400883914425167,0.6818102432102543,low,1.0395837657430258,True,True,False,False
2023-05-11,43485.5,43506.75,0.69413942578562,0.04886686366720738,0.5463890262271466,0.14763541870277397,-0.08404191073646539,0.0997245210750064,-0.20697950960190115,0.44386069249616633,0.24534302589732274,263.91741234498113,0.606908998045282,0.007597913430472994,True,False,0.44123906851836203,0.6907194027702721,low,1.0544407342432258,True,False,False,False
2023-05-12,43401.4,43794.2,1.280719055145683,0.9050399295875255,0.4067841129548883,0.9363753242982886,-0.006505690767411032,0.03950885694938844,-0.018373542099381357,0.3419482375284667,0.24036457768343358,261.3543464376198,0.6021795297792694,0.007547271883544376,False,False,-0.13699023714710545,0.6861156257767614,low,1.0435064464000199,True,True,True,False
2023-05-15,43795.35,44045.15,1.092924248807223,0.5703801887643412,0.6958501302078873,0.5507434008405143,0.0722127414613416,-0.01542819479911639,-0.1642469503872257,0.24547790415008855,0.21644849762281343,269.677025759509,0.6157663445080561,0.007716365725984019,False,False,0.061309488471095186,0.7014877932712744,low,1.0742470445845556,True,False,False,True
2023-05-16,43987.1,43856.0,0.7401033484817205,-0.29804192592828294,0.6573518145092572,0.09730125423135227,-0.3010454259491868,-0.1460367070769908,-0.24043733232734787,0.6152637185185554,0.45949244282788027,263.3593081399049,0.5987194157830475,0.0074970189222958,False,False,0.22476935599038406,0.6815471747541635,low,1.0461058886405632,True,False,False,False
2023-05-17,43844.35,43748.9,1.2311734579256002,-0.21770193879028232,0.4104291659016432,-0.7488992310297649,0.487981432116924,0.23139128162577016,0.4900597723548783,0.6503355087783803,0.36995099410004134,248.5709356054722,0.5669394930144299,0.007036488310676079,False,False,0.2109175483400172,0.6396807555160071,low,0.9888088479478242,True,True,False,False
2023-05-18,43966.1,43770.1,0.9147957176096972,-0.4457980125596728,0.491287605678011,-0.16808404657224774,-0.2946992859779174,-0.09724817345786452,-0.24901930839873465,0.5756148017187598,0.41147848041739105,252.30876034657558,0.5738711424178528,0.007148138751585128,True,False,0.5897291131891302,0.649830795598648,low,1.0056357858346958,True,False,False,True
2023-05-19,43907.75,43956.4,1.1126737307195265,0.1108004851079869,0.9550705741013796,-0.18140305526929135,0.34076311772583967,0.2251664533890585,0.3317207385919563,0.5117721279270672,0.3333056053456521,251.96908767360583,0.5738601674501788,0.007190754346624825,False,False,0.365317876815463,0.6537049406022567,low,1.0139988163258393,True,False,False,False
2023-05-22,43949.25,43826.2,0.7738471077435873,-0.2799820247217033,0.535959089176711,-0.3501766241744808,0.10035311968052962,-0.07954560994842819,-0.10117651884411494,0.4966280666783117,0.34382393297199393,259.46046175279116,0.5903637985922198,0.007317544053177787,False,False,-0.048002111182898766,0.6652312775616169,low,1.0378646848846589,True,False,False,False
2023-05-23,43937.65,43873.85,0.5312072903307333,-0.1452057631666781,0.4363000752202202,0.3032706573974808,-0.423975911542529,-0.3599923710225883,-0.3901856616416066,0.5010108711190443,0.42220486528952506,256.2496781207883,0.58321207010568,0.007262088941215926,False,False,0.3484217203408191,0.6601899037469023,low,1.0273711114999284,False,False,False,False
2023-05-24,43773.7,43662.9,0.8467413081370645,-0.253120024124065,0.5156064029314339,0.0575688141509767,-0.26610257335230036,-0.03604275700773707,-0.31128227071745007,0.445444976928641,0.19634720960406893,250.92549633398085,0.5732334628646444,0.007157085306390413,False,False,-0.27784204030418813,0.6506441187627647,low,1.0044833833382567,True,False,False,False
2023-05-25,43656.75,43679.2,0.7435276331838686,0.05142389206709286,0.4341825719963021,-0.20225967347546892,0.22424483772087722,-0.08866282728023922,0.3330560738215027,0.4665073005810398,0.19677427473807282,253.61304508491958,0.5809251606794358,0.007209334395681301,True,True,-0.07477744263436614,0.6553940359710273,low,1.0163722407735398,True,False,False,False
2023-05-26,43645.6,43996.5,1.0936955844346248,0.8039756584856228,0.40370621551770874,0.8555272467327679,-0.0007951112019788376,0.02465472029957727,-0.07638647698304801,0.21945069174674242,0.19871477329018286,251.02597615719787,0.57514612276426,0.007135741907860037,False,False,0.19723346581439483,0.6487038098054578,low,1.00248923521292,True,False,True,False
2023-05-29,44300.2,44323.45,0.5656859336978131,0.0524828330346061,0.5176048866596605,0.0417605338124849,-0.03181501262446984,-0.09155444106689892,-0.27079408169743413,0.2603866990683424,0.19088875458900054,255.9650006160482,0.5777964898940596,0.0072416358555071605,False,False,0.6370961326469304,0.6583305323188327,low,1.021963257953456,False,False,False,False
2023-05-30,44273.55,44457.5,0.6392078340227969,0.4154850921148201,0.45625435502687267,0.2499234870481315,0.2235029582599246,0.16313544294819238,0.2562559584581514,0.35181438439805485,0.2784223260254542,251.55196901514864,0.5681766404888441,0.007093799853166164,False,False,-0.1040081491851308,0.6448908957423785,low,0.9934505246814032,True,False,False,True
2023-05-31,44308.0,44147.8,1.1460684300803532,-0.3615599891667376,0.6240408052721855,-0.8609054798230487,0.7217730506948516,0.4593415725693717,0.8381604003113274,0.7459042424228495,0.6449627962843868,251.89595190266846,0.5685112212301807,0.007123601439247682,False,False,-0.31378282629477283,0.6476001308406983,low,1.0023410263972807,True,True,False,False
2023-06-01,44034.3,43790.0,1.0666684834322269,-0.5547947849744439,0.4538507481667832,-0.12535682411212168,-0.45760372540593064,-0.28903478553004014,-0.48871577995061033,0.6878267176909032,0.5517626224952882,256.5732735330166,0.5826668609084659,0.007263749877523251,True,False,0.05492912444107212,0.6603408979566592,low,1.0278390310218377,True,False,False,True
2023-06-02,43982.5,43880.75,0.6258170863411584,-0.2313420110271136,0.4878076507701993,-0.1795032115045725,-0.016285698992457576,-0.11718421130475498,-0.07011601012583135,0.40190371849200596,0.3832947649375672,253.92790988803245,0.5773385093799407,0.007223490625403988,False,False,0.47339575245490817,0.656680965945817,low,1.0213048674064287,True,False,False,True
2023-06-05,44167.0,44099.75,0.4291665723277626,-0.15226300178866614,0.3225258677292936,0.09067856091653503,-0.2557284415042438,-0.10534543106670569,-0.2605792459487999,0.31069704945253257,0.1770482889863084,228.40806659579175,0.5171464364701966,0.0064357700219072785,False,False,0.5070560553317893,0.5850700019915708,low,0.9373004577461078,False,False,False,False
2023-06-06,44120.65,44209.4,0.5126851032339831,0.2011529748541685,0.2783277218264076,-0.07830800316859232,0.2459959034707193,0.1911120431192348,0.2965012175499604,0.45320407112446537,0.35037207905192763,215.52839685937943,0.4884977824655335,0.006105916752015426,False,False,0.12913905407625492,0.5550833410923114,low,0.8861559533808384,True,False,False,False
2023-06-07,44289.9,44279.6,0.44513534688495904,-0.02325586646165778,0.25502428318872783,-0.15116313200076448,0.12663108182515703,0.04597976438476259,0.25063252449439855,0.22714450302389227,0.10867944309129937,212.10855917021036,0.47890954635302935,0.005997231627475872,False,False,0.24723248901816763,0.5452028752250793,low,0.8653646467915405,False,False,False,False
2023-06-08,44276.85,44007.7,1.2197118810394212,-0.607879738508954,0.5136995969677091,-0.12760618698033355,-0.5680642509613754,-0.2846150269930736,-0.561767895326637,0.7464888902959803,0.42034577890968305,203.17640662622216,0.4588772837864983,0.005725836227752809,True,False,-0.16102223145646466,0.5205305661593462,low,0.8235114227859214,True,True,True,True
2023-06-09,44058.35,43990.6,0.643578345534962,-0.1537733482983361,0.643578345534962,-0.18362013103078167,-0.006480594031710307,-0.028303784863958903,-0.033076338142479234,0.2373943918985786,0.1090093561627731,210.702061682794,0.47823411835167234,0.00591565066972962,False,False,0.08646214185246137,0.5377864245208744,low,0.8499241526718387,True,False,False,True
2023-06-12,44001.5,43956.45,0.49577855300386164,-0.10238287331114648,0.3856686703862302,-0.21510630319421242,0.09394889407916551,-0.040940633806496596,-0.07457782810266211,0.24073692373740566,0.1650134990367645,199.70145550000962,0.4538514721089272,0.005688187132873102,False,False,0.10138529594958534,0.517107921170282,low,0.8181437525725312,True,False,False,False
2023-06-13,44049.85,44109.05,0.563225527442218,0.1343931931663933,0.5205466079907262,-0.13189602234741082,0.3027840447356489,0.20176627812180659,0.31897491511241327,0.4149641694181362,0.2880591151350956,197.43220598875268,0.44820176683632906,0.0055045107149334005,False,False,-0.15185484724085097,0.5004100649939455,low,0.7882995455934527,True,False,False,False
2023-06-14,44157.15,43964.8,0.544532425666052,-0.4356032941437493,0.5241506754851639,-0.3684567504922853,-0.04182345727697934,-0.11549757080330236,-0.03773357594961668,0.18025000880793582,0.18011715564803088,195.4452119212583,0.44261283149220065,0.005458701471913652,False,False,0.16459207350871807,0.4962455883557865,low,0.7796900646907183,True,False,False,True
2023-06-15,43943.95,43453.2,1.5036199522346079,-1.1167635135212017,0.49449355372014336,-0.9407438339065877,-0.23420333535874027,-0.07259523954703528,-0.2760121978102825,0.31276884854430154,0.2516098080655464,185.85972851723272,0.4229472510259837,0.005207676023246661,True,False,0.20368567581336983,0.4734250930224237,low,0.7454887980566847,True,True,True,True
2023-06-16,43595.15,43906.65,1.2174519413283358,0.7145290244442437,0.4315847060968804,0.4634689868024289,0.25549578511867566,-0.3180534493248399,0.27655978806979675,0.7054103915318888,0.5075007037585147,191.42078286260949,0.4390873362349011,0.00550171986017177,False,False,0.29951764196882724,0.5001563509247063,low,0.7747840131569741,True,True,True,True
2023-06-19,43977.55,43644.05,1.1923128960117118,-0.7583414719555814,0.385423926526148,-1.0002830989902844,0.21211526115900714,-0.11835619950688603,0.18128150756411276,0.4718904212790639,0.28364280694204086,195.46213025392717,0.44445888926037747,0.005545584409099235,False,False,0.2474568203222116,0.5041440371908394,low,0.780067582446921,True,True,True,False
2023-06-20,43567.35,43796.5,1.091069344359936,0.5259672667720316,0.4994565884773771,0.07826962163179907,0.4941349427599384,0.38086488975537236,0.6395496394566269,0.5971131694014731,0.4447814637353658,200.17795521754306,0.45946782445465023,0.005707331693061586,False,False,-0.1065437327654073,0.5188483357328714,low,0.8009274568257163,True,True,True,True
2023-06-21,43796.15,43863.8,0.5602090594721192,0.15446563225307575,0.4499253929854465,0.05719680839524344,0.06549341414658905,-0.04638678831325738,-0.04775380463336587,0.2534161547378795,0.16867923023005338,205.44502361438572,0.46909379846033433,0.0058783117229064905,False,False,0.22353384402864496,0.5343919748096809,low,0.8289076826573794,True,False,False,True
2023-06-22,43887.4,43716.5,0.8537757989764648,-0.38940561527910367,0.4230143503602434,-0.285275500485338,-0.08192001316204012,-0.03166423564592291,-0.4278793330183328,0.4427336834071413,0.2916081773745957,203.49028384888152,0.46366447738731736,0.0058032483685861655,True,False,0.02507762665340252,0.5275680335078332,low,0.8144973270525675,True,False,False,True
2023-06-23,43678.0,43617.05,0.6884472732268061,-0.1395439351618566,0.49303997435779695,0.1590045331745893,-0.3144183260967104,-0.035644331462469925,-0.15454216597141635,0.3965945443677289,0.2742665118640643,204.19245780881465,0.4674949810174794,0.0058360025136564705,False,False,-0.17133119074034253,0.5305456830596791,low,0.8199994146725462,True,False,False,False
2023-06-26,43721.65,43653.65,0.5214807766861497,-0.15552935445025673,0.4006024475288592,-0.2988222082194958,0.12319056686012075,0.03816352094581088,0.12881823322867803,0.26083365832395927,0.24216071999549413,199.58954610439105,0.4565004891269909,0.005701308801949638,False,False,0.22399497444232086,0.5183008001772398,low,0.799915337210189,True,False,False,False
2023-06-27,43761.6,44164.05,1.1408403714672226,0.9196418778106841,0.2494195824649955,0.41211930093962845,0.4790410985402227,0.29439257113066386,0.49367767104313565,0.6537033518084655,0.42954965432723813,201.2028978845119,0.4597704331754596,0.005692409754280648,False,False,0.3456755620664165,0.5174917958436953,low,0.7976942468576745,True,True,True,True
2023-06-28,44254.35,44391.55,0.7558578987150416,0.31002602004097657,0.5714692453962186,0.4517070073337459,-0.18243475033320466,-0.026247724446215592,0.16501110043893874,0.5345945550762896,0.42131540527387756,210.1942833803114,0.47496863784082555,0.005859314594036392,True,True,0.5784116266510875,0.5326649630942174,low,0.822722687426998,True,False,False,False
2023-06-30,44518.85,44716.95,0.7634968109014529,0.4449800477775101,0.4963066206786662,0.44318305616610765,0.05546094643655852,-0.007040034328553713,0.07974445982914524,0.15262941912485756,0.11129959033705653,203.56680164438876,0.45725979364783403,0.005716442360295969,False,False,0.6182482927494126,0.5196765782087244,low,0.8030845783784493,True,False,False,True
2023-07-03,44943.8,45176.35,1.048197971689084,0.5174239828407812,1.048197971689084,0.5291052380973493,0.0009959806646975267,0.11899393618424181,0.004537405931825944,0.2704640827239504,0.17439148561823575,204.03910865061698,0.45398722104187217,0.005608121695477439,False,False,0.5389455228945517,0.5098292450434035,low,0.7879665491999593,True,True,True,True
2023-07-04,45300.05,45283.6,1.4464663946287033,-0.03631342570262763,0.8003302424611074,-0.0693155967819048,0.019549953444597534,-0.05717010202325179,-0.06742731148218217,0.3789598320250392,0.2922517956709522,207.5514067189324,0.4581703700524225,0.005742324973363026,False,False,0.2970580845951476,0.5220295430330023,low,0.8090796238033038,True,True,False,False
2023-07-05,45136.4,45197.3,0.7654575907693126,0.13492436259869844,0.7246922661089465,0.10224563766716432,0.016156679957179954,0.20422304882172782,0.05313749215392072,0.26890912531497224,0.2648690899213472,221.28520327200022,0.4902588670607319,0.006093643566577155,False,False,-0.25152593875045204,0.5539675969615595,low,0.8598968377313208,True,False,False,True
2023-07-06,45091.05,45314.85,0.8314288533977395,0.4963290941328635,0.3955330381528009,0.5097463909135014,0.05317634910162461,0.12365033451831042,0.18337678405726532,0.3738893093473366,0.37415266400228997,221.42402151690476,0.49105980347963674,0.006150719177051869,True,False,-0.30256232120060567,0.5591562888228971,low,0.8725281746599485,True,False,True,True
2023-07-07,45144.15,44892.1,0.8471751046370284,-0.5583226176592126,0.3578536753931637,-0.34987922023119733,-0.2160662603198249,-0.2968505852054548,-0.08836222726229526,0.544389168233801,0.5088549874340994,227.29476117599188,0.5034866337631606,0.006236771169770221,False,False,-0.43429471795668473,0.5669791972518382,low,0.8918854516294681,True,False,True,True
2023-07-10,44953.05,44869.45,1.0286287582266418,-0.18597180836451566,0.6640261339330701,-0.37216607104524346,0.22741608659004875,0.2275279832625099,0.009468990171179748,0.4529342480588101,0.4099522838763234,222.1066788502285,0.4940858937274078,0.006100127207419722,False,False,0.14824434588713853,0.5545570188563383,low,0.8731885515020942,True,True,False,False
2023-07-11,44986.95,44786.35,1.059196055745055,-0.44590709083411895,0.3206485436332092,-0.20783805081251439,-0.2596147099409696,-0.11265431410253379,-0.27616372945753476,0.516556424155404,0.40566706969397853,223.33287551965623,0.49643924631400055,0.006214283573081554,False,False,0.28649782870082685,0.5649348702801412,low,0.8924254605929892,True,True,False,True
2023-07-12,44857.45,44660.25,0.8356471444542626,-0.4396148242933995,0.5664610895180144,-0.08560450939586461,-0.45203992498726864,-0.24727765412654312,-0.42149031476188537,0.6952400820633158,0.5091996901204081,230.51052362747942,0.5138734449405382,0.00636694441434514,False,False,0.19258099845154142,0.5788131285768309,low,0.920602301466577,True,False,False,True
2023-07-13,44908.35,44726.45,1.0531449051234445,-0.40504716828830833,0.4579326561764159,-0.13093333422402598,-0.29710443025626754,0.1811340537622108,-0.06704464950174627,0.5361257805262357,0.25663458080965446,230.5581055748371,0.5133969642056256,0.006432398476105067,True,False,0.7815675013014944,0.5847634978277333,low,0.9341065174107795,True,True,False,True
2023-07-14,44871.8,44891.0,0.8380541899366543,0.042788566538431994,0.38576567019820585,-0.5023199425920111,0.5112394280389898,0.27899566031579504,0.59584589156636,0.7847217244839416,0.4067057282937577,236.33884722762377,0.5266979421989395,0.006569098042579279,False,False,0.3000461695484624,0.5971907311435708,low,0.9594341359854065,True,False,False,False
2023-07-17,44891.75,45502.1,1.9188380938591036,1.3596039361352563,0.6005557814074937,0.4609978448155694,0.9453709308694158,0.5444078929206064,0.9799648428185703,1.0457064172581438,0.7043070062976711,225.83637361018918,0.5030687678920719,0.006301784139717906,False,False,0.13410260408543984,0.5728894672470823,low,0.9263546659187778,True,True,True,True
2023-07-18,45711.9,45412.0,1.3662744274466727,-0.6560654884176786,0.712287172486811,-0.761617871932696,0.0907111956132356,-0.10307633919485193,-0.023119910867241966,0.5034857127111276,0.36907269797092523,243.35274498315266,0.5323619122879439,0.0066679656595173605,False,False,0.5553589834315531,0.6061786963197601,low,0.9612806050390674,True,True,True,False
2023-07-19,45593.4,45668.2,0.6018414946022921,0.16405883307670788,0.3162738466532532,0.06338636732510228,0.0821966450617273,-0.010182976034955882,0.08866851456674762,0.42040844060909444,0.14168570956182405,245.2535151875054,0.5379145121607632,0.006739729177195771,False,False,0.46353386770017213,0.6127026524723428,low,0.9699657599526953,True,False,False,True
2023-07-20,45701.85,46171.45,1.3462255904301468,1.0275295201397805,0.2910166656273214,1.0984238056008566,0.0015150252630657945,0.27301087811626434,0.17670123723387832,0.5934570387532578,0.41342267314109,240.83143504001418,0.5269621143126901,0.006604512301004343,True,False,0.045655401351507585,0.6004102091822129,low,0.9455229625985966,True,True,True,True
2023-07-21,46155.75,46133.45,0.9610936882186911,-0.04831467368637821,0.6881049490041837,-0.13887760463213716,0.08374618830091496,0.3395386320356186,-0.05189126883360373,0.44237947654293447,0.4352445885350758,254.65209437593876,0.5517234458890576,0.006844559502016119,False,False,-0.23282786223954854,0.6222326820014653,low,0.9849053432547148,True,False,False,False
2023-07-24,46039.6,45921.4,0.7227473739997741,-0.2567355059557408,0.37598067750371106,-0.095895707173832,-0.09511810407333288,-0.017080236860467224,0.05356314681310703,0.41101891600146456,0.22498044476065185,254.42847566861747,0.5526296398505145,0.0068754010189666795,False,False,-0.003359818092940614,0.6250364562696981,low,0.9903547456141849,True,False,False,True
2023-07-25,46112.85,45838.1,1.156402174231261,-0.5958209045851648,0.44965774182250406,-0.6696614934882494,0.09649801709672445,-0.09359092810821146,0.25036215049061283,0.3435285744382834,0.31443936963950153,253.42011348340748,0.549565063715228,0.006883108387678793,False,False,0.5080420022037568,0.6257371261526176,low,0.9919687370151177,True,True,True,False
2023-07-26,45882.4,46043.4,0.6361916551880491,0.35089707600299835,0.34381374993461544,0.46532003556918333,-0.07625407031862652,0.04854643080558496,0.12129129582796327,0.3347369288808829,0.16323330089664598,258.59081207314375,0.5635947816006656,0.0070518470344291964,False,False,0.2117234353081976,0.6410770031299269,low,1.0236582639143268,True,False,False,False
2023-07-27,46211.5,45774.6,1.6001428215920217,-0.9454356599547742,0.291269489196409,-1.1309955314153464,0.15747824688081558,0.23107941465723147,-0.013219175014222984,0.4403700246340127,0.3736696506210638,255.03353937310385,0.5518832744513894,0.006913225977962827,True,True,0.5265684115421498,0.6284750889057115,low,0.9984452285382022,True,True,True,False
2023-07-28,45574.0,45460.7,1.0728704963356235,-0.24860666169307377,0.7833413788563655,-0.45387721069030107,0.20532477795056625,0.033226831436561355,0.25184084188056843,0.5146895936817719,0.2512916655664501,263.622323524447,0.5784489479186531,0.007225232189752275,False,False,-0.46685279609215424,0.6568392899774795,low,1.040671469951257,True,False,False,False
2023-07-31,45418.65,45629.7,0.7379127296826336,0.4646769553916741,0.4477235673010944,0.5248945091939072,-0.03394875490203564,-0.04018843668076588,0.09309394264360726,0.2940400222966661,0.14739410292182617,265.3263372644833,0.5841792683500793,0.0073115890571314405,False,False,0.18840449003205695,0.6646899142846763,mid,1.05628134338354,True,False,False,False
2023-08-01,45754.85,45598.05,0.681239256603392,-0.3426959109252836,0.2635786151631981,-0.35985256207812233,0.007457743111460857,-0.025545304542795577,0.20791665750894417,0.2665046435418138,0.2325390168894933,266.50388555980317,0.5824604070602422,0.007229298867479567,False,False,0.2417285233082822,0.6572089879526878,low,1.040680131026796,True,False,False,False
2023-08-02,45320.1,44989.4,1.5057336590166428,-0.7296983016365721,0.3756611304917686,-1.1661492362108672,0.5892845980050021,0.23972252257062898,0.6753691906518533,0.7117405942185492,0.4634264635866397,252.85301369881927,0.5579268662223148,0.006980049672886176,False,False,-0.7969639052547217,0.6345499702623796,low,1.002446592500974,True,True,True,False
2023-08-03,44853.55,44582.05,1.6805804668749642,-0.6053032591623153,0.5461106200066597,-0.9629115198239613,0.37999488987914276,0.2679256059525903,0.5736860030539415,0.6181670424218788,0.4465801539419773,261.9689325355357,0.5840539545599751,0.007242421426128294,True,False,-0.28128848128671224,0.6584019478298448,mid,1.039630830890626,True,True,True,False
2023-08-04,44646.85,44858.5,1.3333527449304998,0.4740536006459628,0.537103961421697,0.1666410956204123,0.30332336417251415,-0.09220839096357736,0.3153240793543288,0.6138021634010676,0.361817708020119,271.79751889068575,0.6087719937480153,0.007561074141089185,False,False,0.3873756366071124,0.6873703764626531,mid,1.0820428541384868,True,True,False,True
2023-08-07,44912.05,44833.0,0.5256941065927708,-0.17601066974231028,0.41102554882264014,-0.07136169468996423,-0.10862299465240755,-0.025087807325641087,-0.029435080595252572,0.24676916221033868,0.14517477839103204,276.4182540064139,0.6154656801602553,0.007710103379242892,False,False,0.3013921553328691,0.700918489022081,mid,1.1061665021983014,False,False,False,True
2023-08-08,44883.1,44982.9,0.6168245954490633,0.22235540771471385,0.2689208187491441,0.3050145823260797,-0.0714127054642466,0.06405829304665378,0.004334691536667101,0.3556197245668559,0.22075644391952232,272.5059640373147,0.607146039460988,0.007598709517072175,False,False,0.12479646688823287,0.6907917742792886,mid,1.080978477044558,True,False,False,False
2023-08-09,44837.15,44881.05,0.9772030559480285,0.09790988053433036,0.6886030891793969,-0.3517172701654858,0.4339802750481514,0.06857318710333793,0.4112818321061473,0.5888613221514557,0.2395043998340896,269.5049998268041,0.601075224064875,0.0074906858424539915,False,False,-0.021007983033560773,0.6809714402230901,mid,1.0588688899030043,True,False,False,False
2023-08-10,44780.35,44544.2,1.250436854557852,-0.5273518407069244,0.6086374939007748,-0.5101567986851352,0.00280571647899297,0.021102848323284462,-0.0029177781343814324,0.250382138584444,0.24627472990038862,269.48667618481704,0.6017967170529419,0.007527986814460608,True,False,-0.18582452950632877,0.684362437678237,mid,1.06581271280143,True,True,False,False
2023-08-11,44416.9,44262.55,1.003109176912398,-0.3475028649005174,0.6506532423469445,-0.20149987955034865,-0.1351308671386109,0.1744722835729018,-0.09456232763251915,0.47002531165824873,0.3466816322097206,269.4127500727118,0.6065545998768752,0.007593965868325694,False,False,0.053766820371681234,0.6903605334841539,mid,1.075771268872683,True,False,False,True
2023-08-14,43962.05,44061.75,0.9815283864151012,0.22678651245788828,0.6971922373956628,0.3807829707668242,-0.18298437891249852,-0.2865854900815701,-0.15888918102942018,0.48278417247439737,0.4822830857968206,269.7164639434195,0.6135211254784968,0.007637356388969807,False,False,-0.4426993022318082,0.6943051262699824,mid,1.0838433918766714,True,False,False,False
2023-08-16,43637.0,43914.9,0.8901849348030442,0.6368448793455217,0.543919151179042,0.7460412035657837,-0.04469713426541455,0.032552824355902565,0.06421539939929222,0.33892483488787617,0.2739673014846952,253.83849693361844,0.5817047389454326,0.007244087982878218,False,False,-0.7614314002507894,0.6585534529889289,mid,1.0369883580005,True,False,True,False
2023-08-17,43923.85,43865.65,0.7368434233337957,-0.13250204615486982,0.37485329724055194,-0.1823610635224293,0.11130434782609111,0.04832310836115905,0.07843468089738792,0.222722736992163,0.17779256849857597,248.71808446932118,0.56624836955167,0.007077984486878238,True,False,-0.0401913701272294,0.6434531351707489,low,1.0131570865797388,True,False,False,False
2023-08-18,43747.1,43793.2,0.6246128314791153,0.10537841365485523,0.6123834494172219,0.3525948005696389,-0.2045495184088808,-0.19238655002733474,-0.12663248767298407,0.32880537842230034,0.29296519045015157,250.73741007267745,0.5731520719606041,0.0071057840767735445,False,False,-0.3212080523142813,0.6459803706157767,low,1.019948701941468,True,False,False,False
2023-08-21,43978.45,43961.35,0.5705066913454236,-0.038882680039875606,0.2849122695319995,0.2056689128425493,-0.24314198902174455,-0.24472652349918356,-0.1930900769181898,0.34559519298188884,0.34558970355981367,242.32650997283417,0.5510119387400743,0.006886815780420267,False,False,0.3645543143684371,0.6260741618563879,low,0.9838651700352907,True,False,False,False
2023-08-22,44077.75,43950.4,0.473141210701551,-0.28892128114524906,0.2609026095932755,-0.0865516048346393,-0.16337568915247846,-0.14829803590264978,-0.20665612013063273,0.25352183035268594,0.231190506200477,239.56220780453805,0.5434991754446133,0.006791304209411102,False,False,0.37225881370794855,0.6173912917646456,low,0.9642566672556722,False,False,False,True
2023-08-23,43999.15,44479.9,1.2941159090573373,1.0926347440802786,0.4530769344407756,1.0226333917814356,0.06501818934467885,-0.04427195113454463,0.0012365816835391286,0.19246733904624147,0.16158138510530087,236.730367077118,0.5380339553766789,0.006743175595350855,False,False,0.25961083403107654,0.6130159632137141,low,0.9518233296956364,True,True,True,True
2023-08-24,44631.6,44461.1,1.1564676148737698,-0.3820163292375778,0.7194454153559329,-0.14574875200529247,-0.2333588756589844,-0.05338722258313444,-0.296112085319733,0.30976146908388225,0.27660201005703533,243.11693770373677,0.5447192968742701,0.006792582371369102,True,False,0.5042727164404459,0.617507488306282,low,0.958665481710271,True,True,False,True
2023-08-25,44217.55,44167.95,0.8425387657163176,-0.11217265542755595,0.4839707310784971,0.0698817550949693,-0.10418444035892316,-0.07177720356015271,0.007239958234483979,0.2739078995987529,0.24664229632795925,245.21210394132504,0.5545583234288762,0.006940401220538837,False,False,-0.4158691530348979,0.6309455655035305,low,0.984621902824674,True,False,False,False
2023-08-28,44350.75,44507.75,0.9210667237870837,0.35399626838328313,0.39740026944301954,0.38139152100020723,-0.01999106017758212,-0.055685538375871424,-0.0535535653538699,0.194856682068019,0.1741295766551918,238.31740368646206,0.5373469528394944,0.0066383598777979,False,False,0.19403209793527054,0.6034872616179909,low,0.9468144142946091,True,False,False,False
2023-08-29,44611.35,44511.65,0.5392125546525781,-0.22348572728688731,0.3027256516559192,-0.28804328943194957,0.03237202652257576,0.11553371627079922,0.001910266897997559,0.21660033023964478,0.2167804004418986,234.618040399233,0.5259155806744987,0.006587311032567567,False,False,0.3325263577691473,0.5988464575061424,low,0.9393098505085227,True,False,False,False
2023-08-30,44706.25,44208.8,1.4050608136446279,-1.1127079547043173,0.2879910527051587,-0.4513910247448738,-0.6555524222858655,-0.3058738374708492,-0.69259372813536,0.8085708283104242,0.5569542046096416,233.5246255808961,0.5223534194455945,0.0065457055257689325,False,False,0.4378628965675313,0.5950641387062665,low,0.9294514812086534,True,True,True,True
2023-08-31,44238.25,44060.75,1.1348776228716166,-0.4012364865246698,0.6677479330669759,-0.5595836182489156,0.21720500014776878,0.17917441157622171,0.2766998903663387,0.39133271350535787,0.37925439812395517,241.70634439171408,0.5463741092645258,0.006795781243058455,True,True,0.12904670563325116,0.6177982948234959,low,0.9656310290375991,True,True,False,False
2023-09-01,43960.8,44403.7,1.6736501610525738,1.0074884897453895,0.46541464213571754,1.2130125020472837,-0.17867557572304182,-0.1575824469788989,-0.11840187823832782,0.40915583094817315,0.31572688556613815,234.86855017817288,0.5342681438421796,0.006633294728943646,False,False,-0.14672923179928077,0.6030267935403314,low,0.9469106276592509,True,True,True,False
2023-09-04,44524.65,44584.25,0.7750762779718781,0.13385843572042422,0.5764222739538692,0.02537920006107086,0.14673539017358017,0.10290548069877836,0.23574940894095509,0.2630459213287276,0.18258147993118362,235.95218976930482,0.529936091062602,0.006620467838984342,False,False,0.5493911543407615,0.6018607126349401,low,0.9465143893106014,True,False,False,True
2023-09-05,44605.65,44543.85,0.5985788795813983,-0.1385474710042356,0.27978518416387976,-0.21667658693461656,0.07953447617337073,0.02267914843165908,0.1506383016992796,0.20692444224763204,0.15291584239563336,228.7345127786757,0.5127926905642575,0.006426072926064806,False,False,0.09151213713363138,0.5841884478240733,low,0.9186545330751477,True,False,False,False
2023-09-06,44500.5,44468.55,0.8308895405669598,-0.07179694610172094,0.3037044527589611,-0.45381512567274074,0.4497889885786366,0.2791051957285795,0.44310012076340666,0.4522721398330325,0.3700369248173858,228.66338174915654,0.5138445225315593,0.00644012355272753,True,False,-0.1104529581524627,0.5854657775206845,low,0.9223334594282045,True,False,False,False
2023-09-07,44354.7,44855.55,1.2949022313306275,1.1291926222023907,0.3739175329784799,0.8005915945773712,0.2969147703635544,-0.09757977647991689,0.43742895699063755,0.5111854671682783,0.1669772659171538,232.74591600066924,0.5247378879818131,0.006493195185986578,False,False,-0.11356340604764537,0.5902904714533252,low,0.9330461880842957,True,True,True,True
2023-09-08,44893.15,45169.55,1.2723544683320218,0.6156841299842064,0.3778972961353824,1.0655300418883407,-0.41777327176752976,0.04705418649399995,-0.1591021336258991,0.675203596971664,0.31111120952509597,236.8272603667283,0.527535404324999,0.006609422531181504,False,False,0.21870203352762907,0.6008565937437731,low,0.9489868852918016,True,True,True,False
2023-09-11,45302.4,45618.95,0.869490358126725,0.6987488521579266,0.45218354877447064,0.4677456382001788,0.17280283339520253,0.11682101899987973,0.3028249731054311,0.2354205161894206,0.16765572933535766,239.11406628404438,0.5278176570866983,0.006615188468429282,False,False,0.3791270889349052,0.6013807698572073,low,0.9500212920444195,True,False,True,True
2023-09-12,45764.15,45490.1,1.247373763087495,-0.598831181175663,1.0759513724170588,-0.6290950449205357,0.12149198757593904,0.058675128777618824,0.009554738216643877,0.31686869519803973,0.21173590478366797,241.788099018293,0.5283351685069929,0.006572526814041392,False,False,0.6024908508416082,0.5975024376401264,low,0.9434737432288752,True,True,True,False
2023-09-13,45398.4,45899.6,1.5169036794248287,1.1040036653274132,0.43624885458519,1.1608338619863323,-0.06173054562398361,-0.07424155502311347,-0.02896950251957131,0.31311648891463745,0.23208650338605893,241.6897569865796,0.5323750550384586,0.006672133550541509,True,False,-0.0895799305782985,0.6065575955037735,low,0.9567062565208213,True,True,True,False
2023-09-14,46056.35,45983.65,0.7463683075189415,-0.15785011187381404,0.6744998246713027,-0.2187537657673655,0.01871371497705887,-0.11745340163957785,0.1500151976180586,0.28048812331903283,0.2089388449147924,256.4833851413132,0.5568903856717113,0.006911475823460307,False,False,0.2477145770333644,0.6283159839509369,mid,0.9880480173478208,True,False,False,False
2023-09-15,46145.75,46154.05,0.6013554877751472,0.01798648846318418,0.2777070477779518,0.16404544297143886,-0.10666043579332651,-0.1494336766415194,-0.04189082406935718,0.3044041240592936,0.3042737815262442,257.0513782827438,0.557042367461237,0.006913936105437834,False,False,0.3011940113496925,0.6285396459488939,mid,0.9885368517304085,True,False,False,False
2023-09-18,46087.1,45945.45,0.7465212608300276,-0.3073528167317985,0.2373766194878859,0.01898578994989908,-0.2697639809223551,-0.14368674335027976,-0.18336393017622798,0.5011297112429861,0.3046419615249692,254.32378645215795,0.5518329130107078,0.006909578823929848,False,False,-0.11504949186476043,0.628143529448168,mid,0.9873734061567074,True,False,False,False
2023-09-20,45632.75,45442.65,1.0160465893464703,-0.41658677156208856,0.5881740635837233,-0.6003363812174256,0.13327072144764252,0.28206175551703794,0.05793851247826165,0.34756210481757494,0.34807855778676833,254.16436046716626,0.5569779609319321,0.006946133671313241,True,False,-0.9832312013485556,0.6314666973921128,mid,0.9961463064874991,True,False,False,False
2023-09-21,45193.45,44610.2,1.5121660329096396,-1.2905631236384885,0.5214251180204243,-1.1666513620889774,-0.10690410198315181,-0.032823173832874364,-0.12423347387011674,0.2266814727915068,0.1916738922458795,255.1097930177748,0.5644839971672329,0.007072775164042715,False,False,-0.5788614880514298,0.6429795603675195,mid,1.0234721835611236,True,True,True,True
2023-09-22,44755.45,44639.95,0.9926165416725785,-0.258069129011107,0.8891654535927962,0.06200362190527109,-0.3286946890798226,0.04247255253315707,-0.22319906741461448,0.5048768288108009,0.2532664082452784,258.74421156225435,0.5781289464461967,0.00717329779048833,False,False,0.21777530699258474,0.6521179809534845,mid,1.0344938299429685,True,False,False,False
2023-09-25,44563.0,44758.4,1.195835109844493,0.43848035365663396,0.6370756008347602,0.23180665574580317,0.1686954146638442,-0.19307043334328977,0.29005486161313154,0.4680262300660579,0.27337702606840253,254.9813979328319,0.5721818502632944,0.007119959038025022,False,False,-0.055891639663563364,0.6472690034568201,mid,1.0264485790424671,True,True,False,True
2023-09-26,44678.8,44662.45,0.5401890829655358,-0.036594537006373606,0.3654977304672527,-0.05796932773485253,-0.04994076532544023,0.012324902353166856,-0.012433868064343212,0.19170087497116323,0.15462150224873444,258.29093113838826,0.5781062408533538,0.007228223226971954,False,False,-0.08020840780724736,0.6571112024519957,mid,1.044099510329395,False,False,False,True
2023-09-27,44447.95,44600.75,1.0922888457172941,0.3437728849137178,0.725230297460301,0.33376117458736587,0.015472135580751889,-0.05635431289752191,0.03184641952049816,0.27233200960618786,0.19987295071407382,256.1079959568233,0.5761975433216229,0.007144094136074054,True,True,-0.4400788581907067,0.6494631032794594,mid,1.0249281875408698,True,False,False,True
2023-09-28,44681.45,44288.2,1.138279979723142,-0.8801191545932396,0.4674199248233855,-0.7393448511630596,-0.11950098193731495,-0.1359381763093359,-0.13008445344240283,0.3624487329513812,0.24166786899436654,260.0355044986027,0.5819764230986297,0.007280666542967927,False,False,0.2233146303593614,0.6618787766334477,mid,1.0525867615495845,True,False,True,True
2023-09-29,44430.45,44603.15,0.9231281699825267,0.38869739109101964,0.5434336136590944,0.7037966079569413,-0.4186115640047783,-0.26011790370041865,-0.30352527885616487,0.48465519302956056,0.36129973887475825,255.48470661652755,0.5750216498291769,0.00717659220683249,False,False,0.35483492216887846,0.6524174733484082,mid,1.0392241271614735,True,False,False,False
2023-10-03,44404.05,44395.3,0.7278615351527717,-0.01970540975428925,0.7278615351527717,-0.026461550241474452,0.025229600628939863,0.03491934757140491,0.10460557610845189,0.17615667581989913,0.08853744255203125,251.8588676517029,0.5671979642661039,0.007108526266683234,False,False,-0.0933790550667446,0.6462296606075667,mid,1.0286565610171277,True,False,False,False
2023-10-04,44050.5,43993.3,0.6897765065095709,-0.12985096650434125,0.5928423059897197,-0.23904382470120167,0.13858168810245708,0.176650693740954,0.11545807279431664,0.274091368340563,0.27419556779766463,240.8557105037471,0.5467717971504231,0.006755797921551323,True,False,-0.6468027020878342,0.6141634474137566,low,0.9813056835133622,True,False,False,False
2023-10-05,44179.1,44208.25,0.6418193218060025,0.06598142560623188,0.29267232696002327,0.1602567729990012,-0.09717536084827838,-0.02035466879561909,-0.10496380500006897,0.22429429219049082,0.14497047442209374,238.06794837612324,0.5388700728990026,0.006735551885557145,False,False,0.4274514528348483,0.6123228986870132,low,0.9771023805848775,True,False,False,False
2023-10-06,44310.0,44368.05,0.5816971338298352,0.13100880162493223,0.3568043331076638,0.24633265628526413,-0.10929970519472088,-0.0023663758278114067,-0.14324535690374285,0.234470943275595,0.1693648985331883,238.5295595932912,0.5383199268636678,0.006743837218160602,False,False,0.42333727302030777,0.6130761107418728,low,0.9792757795283956,True,False,False,False
2023-10-09,43927.9,43868.5,0.7203849945023483,-0.13522157899649168,0.7203849945023483,0.0228783984665748,-0.1549913002313441,-0.127487572807361,-0.04773209875419404,0.21371047124411008,0.18144213487047914,235.32018677242013,0.5356964179312468,0.006685940685751169,False,False,-0.6992644481783605,0.6078127896137426,low,0.9667547487788278,True,False,False,False
2023-10-10,44101.7,44378.4,1.0945156309167154,0.6274134557171296,0.30577052585274167,0.7947539437255235,-0.21719959867002592,-0.04799789079690253,-0.1780138292665101,0.2918865657942689,0.18692136345557117,228.63665770554508,0.5184304861389586,0.0064975848936051185,False,False,0.3625608352234577,0.5906895357822834,low,0.9380150286982001,True,True,True,False
2023-10-11,44626.15,44519.85,0.6703468706128614,-0.23820114439628837,0.47169652770852966,-0.37085879019364,0.1338262036205018,0.007525248894801884,0.15815576430517897,0.24302388741504147,0.15252668655429288,229.75047621876,0.514833738108172,0.006427678738094106,True,False,0.39771600598488277,0.5843344307358278,low,0.9293008731795457,True,False,False,False
2023-10-12,44626.45,44570.85,0.36525423823763714,-0.12458978923933772,0.36525423823763714,-0.050978735704942935,-0.03374159542817168,-0.04584266438909523,-0.025000112108131134,0.1236444510208664,0.12362948367035914,227.95515929564863,0.5108072887170022,0.006376385981346503,False,False,0.1161279743754795,0.579671452849682,low,0.919434117497198,False,False,False,True
2023-10-13,44264.75,44220.5,0.8118197888839446,-0.09996667777407708,0.3752421509214574,0.5391423197917078,-0.597033035678185,-0.2597349891439005,-0.6684570027438941,0.6615224904164494,0.2932164525882087,218.27885447110748,0.49312117310299386,0.006126263273048181,False,False,-0.5582123742311262,0.5569330248225619,low,0.8755268275020338,True,False,False,False
2023-10-16,44135.8,44242.55,0.7081552843723137,0.24186714639815587,0.4048867359377129,0.35186855115347804,-0.1448372246342977,-0.10029059425565867,-0.0769300286934338,0.20839401143797043,0.17031330646117965,207.2236972693463,0.4695138578418116,0.0058305028040287555,False,False,-0.03561696498229905,0.5300457094571596,low,0.8403051811132973,True,False,False,False
2023-10-17,44533.95,44441.3,0.5678813579303014,-0.2080435263433711,0.3497331810899325,-0.36736018251244396,0.16711610343393968,0.11510720061991275,0.1799856417215029,0.1946119424345279,0.16421359931882093,208.47652859554728,0.46812943517372096,0.005819478876661335,False,False,0.7848779059977273,0.5290435342419395,low,0.8383043863069817,True,False,False,False
2023-10-18,44316.15,43894.45,1.243451879281036,-0.9515718310367793,0.3980490182473014,-0.872706676911239,-0.078079828087807,-0.005353386130624305,-0.11048240189425185,0.18996389661594368,0.13258173310751392,205.88797814417558,0.46458904517692895,0.005812404725361703,True,False,-0.08348090627413596,0.5284004295783366,low,0.8365797302113764,True,True,True,True
2023-10-19,43627.3,43752.45,1.1476758818446346,0.2868616668920465,0.5823188691484527,0.5626064413795984,-0.30030030030030463,-0.12364382814079589,-0.4634238752612707,0.4272583779225079,0.2592752850486769,209.83755381750598,0.48097763056046555,0.005997420817309772,False,False,-0.6326540143457682,0.5452200743008884,low,0.8613141916020153,True,True,False,False
2023-10-20,43606.6,43740.65,0.7110162223149774,0.3074075942632648,0.5283603858131601,0.366802273050415,-0.07688520114105257,0.07345403287810637,-0.05028008291643182,0.23248348339085442,0.1530864423534614,210.41088716242302,0.4825207357657397,0.006046072879149833,False,False,-0.38443561446273034,0.5496429890136212,low,0.8677542605417695,True,False,False,False
2023-10-23,43806.8,43186.0,1.8304235872056527,-1.4171315868769296,0.43109745518961856,-0.47914935580777307,-1.0959494826467076,-0.28744270802019134,-1.1584100200690228,1.3255529636281511,0.5614729646605098,199.64084677383653,0.45573026738733835,0.005710072873524329,False,False,0.18758294629823702,0.5190975339567572,low,0.8276918224163097,True,True,True,True
2023-10-25,43329.5,42848.15,1.4748612377248655,-1.110905964758413,0.5405093527504289,-1.0004731187758908,-0.14884837747108914,-0.14128261769179584,-0.37540514798150015,0.38884744498320506,0.37453882066316907,214.0501773368087,0.4940056481999762,0.006155924642246736,True,True,0.28319362756450417,0.5596295129315214,low,0.8694955713620154,True,True,True,True
2023-10-26,42665.4,42288.15,1.4316050007734502,-0.884205937363769,0.8351029171178417,-0.970575688965758,0.1615334912771882,-0.03200805043805932,0.16852729159837487,0.38436687155188465,0.32740337938870184,216.06275055781953,0.5064121057292784,0.006292227483391609,False,False,-0.3261517708465833,0.5720206803083281,low,0.88355266490728,True,True,True,False
2023-10-27,42574.5,42831.25,0.8394696355799867,0.603060517445897,0.5722909253191498,0.48056935489553254,0.06498500435960786,0.04674327890079599,0.19860938321076826,0.1827995446374447,0.12714171861013876,224.9848663621051,0.5284498147062328,0.00659399831061042,False,False,0.6324466783247829,0.5994543918736746,low,0.9280777837506744,True,False,True,True
2023-10-30,42619.95,43073.6,1.6940423440196435,1.0644076306987715,0.9839288877626523,0.6859463701857971,0.3921952447200283,0.22671674830718747,0.407521136444422,0.4329760931015014,0.2795281406783855,221.9655774593084,0.5208020597380063,0.006512001379780978,False,False,-0.2564716182693716,0.5920001254346343,low,0.9154775114754365,True,True,True,True
2023-10-31,43198.25,42827.75,1.2956543378493275,-0.8576736326124323,0.8342930558529603,-0.29653979038501976,-0.5637314938536364,-0.11439859689713616,-0.3894657028291948,0.6715788080608031,0.3001651258034655,233.21665280967864,0.5398752329311456,0.006766087201720207,False,False,0.6575953716429606,0.6150988365200187,mid,0.9430885527007616,True,True,True,True
2023-11-01,42703.3,42734.15,0.5280622340662197,0.07224266040328775,0.42561113543918155,-0.10221692468732613,0.17733385060589857,0.10447240265445412,0.14282584269005305,0.2621915557206835,0.16947485049436656,235.11454104052973,0.5505769836067229,0.006900306751112116,True,False,-0.3117137837033268,0.627300613737465,mid,0.9614933585760772,False,False,False,False
2023-11-02,43093.45,43033.5,1.1023717061409632,-0.13911626940984467,0.6617014882772242,-0.43092395712108766,0.2597432864692273,-0.07792765851194483,0.15936857912841607,0.4424608608002017,0.321117698637137,235.96470581088215,0.5475651306889613,0.006860519740314586,False,False,0.6658609098344037,0.6236836127558715,mid,0.951637578605044,True,True,False,False
2023-11-03,43272.3,43306.95,0.45086579636395235,0.08007432006154058,0.33878485774964245,0.25986601128202835,-0.1622690000518623,-0.0625267497972426,-0.11069510762216073,0.28858066486496836,0.14016605351228445,241.9970546670811,0.5592424129687609,0.006977511667530801,False,False,0.6618099852440551,0.6343192425028,mid,0.9724081909474899,False,False,False,False
2023-11-06,43505.05,43628.0,0.5367193004030566,0.2826108693128715,0.3750139351638521,0.1450406332138332,0.11154937724002778,0.022473481864704326,0.11246851168582594,0.25649471001178614,0.13541419429701668,241.09229020110433,0.5541708151148069,0.006944948105639256,False,False,0.7407587003933624,0.6313589186944778,mid,0.9628382100807279,False,False,False,True
2023-11-07,43491.0,43780.15,1.185302706307052,0.664850198891731,0.535053229403778,0.3150077027430864,0.35527642798203196,0.1901606182165061,0.3939355028066194,0.5081598973136451,0.2974835182689205,240.8555618407263,0.5538055272141967,0.0069371330904406305,False,False,-0.06681488952049452,0.63064846276733,mid,0.9605697924230119,True,True,True,True
2023-11-08,43728.75,43646.6,0.571248892319133,-0.18786267615699126,0.4238630191807582,-0.3055198239144685,0.14279111323163285,-0.03766555959686668,0.14026435759957323,0.27548936062841517,0.12226996246037722,247.82374198564867,0.5667295360275532,0.00707470451191499,True,False,0.026610233176449505,0.6431549556286353,mid,0.9837752736355976,True,False,False,False
2023-11-09,43574.85,43695.9,0.7667266783477132,0.2777978581681939,0.46552082221739965,0.38508451549461586,-0.14242392721978137,-0.0350149271151734,-0.15144034050645905,0.1819734286788885,0.1269005038259057,242.2023134491974,0.5558305156511093,0.006940335341552656,False,False,-0.04696814872178212,0.6309395765047868,mid,0.9574786457629747,True,False,False,False
2023-11-10,43542.85,43879.9,0.9272475274356181,0.7740650876091104,0.275131278728891,0.24355318955926464,0.535294131123587,0.28577958064333053,0.393842197737837,0.5557986570108263,0.3365137405016283,244.1449562662674,0.5607004508576435,0.00696130121596298,False,False,-0.34934627733952395,0.6328455650875435,mid,0.9621990010476773,True,False,True,True
2023-11-13,43846.7,43885.45,0.6599128326647126,0.08837609215743836,0.3448378099149927,0.2204270788907836,-0.14860041394203494,-0.09699310005657491,-0.11200336920703657,0.24053696406850433,0.17804836677052158,250.12321917295048,0.5704493591831324,0.00707322456557071,False,False,0.08021896130117057,0.6430204150518827,mid,0.990275744927416,True,False,False,False
2023-11-15,44252.6,44215.25,0.5513800319077298,-0.08440182045800215,0.46437949408622314,-0.058301659111548165,0.010513986994298286,0.15125218925089445,-0.0062169090884411915,0.1803205296336158,0.15521463432857643,251.54850930186876,0.5684378077262551,0.007039263435918502,True,False,1.1689523520893585,0.6399330396289548,mid,0.9826814811744994,False,False,False,False
2023-11-16,44192.25,44137.55,0.8073813847450529,-0.12377735915233279,0.2916801022803805,0.4484949284093931,-0.5717445982187486,-0.43088230483682155,-0.5189679693645477,0.8037764879608016,0.6333518695441784,247.22913717447227,0.5594400311694296,0.0070087470837924505,False,False,0.08243762050423875,0.6371588257993136,mid,0.9748073822779346,True,False,False,False
2023-11-17,43749.8,43545.35,0.8205751797722504,-0.4673164220179382,0.6828602645040662,-0.2129152590411909,-0.2495610634347889,-0.10700927987228326,-0.32718670928448823,0.2905628352152502,0.23454874312840998,249.4837747152087,0.5702512347832647,0.007059447730674907,False,False,-1.0904547261911923,0.6417679755159006,mid,0.9867637141259346,True,False,False,True
2023-11-20,43502.25,43566.45,0.6297375423110232,0.14757857352205583,0.3879109701222351,0.35653328276123997,-0.1904604837444368,-0.09526375219961469,-0.06398774370959259,0.2237882051934081,0.1592314702831073,240.24456514004487,0.5522577915855958,0.006921524539405449,False,False,0.10598146529996466,0.6292295035823136,mid,0.9658310820721336,True,False,False,False
2023-11-21,43760.6,43694.95,0.4673153475957825,-0.15002079496168053,0.25319579713257045,-0.17013020845234594,0.029757714973732696,0.05655480492601228,0.05666935321377853,0.10140513641051663,0.08231357235180836,238.79311636711282,0.5456806267901099,0.006776356264204619,False,False,0.5153047815463552,0.6160323876549654,mid,0.9398558183457176,False,False,False,False
2023-11-22,43621.0,43454.6,1.0580912863070606,-0.3814676417321916,0.3303454758029356,-0.5341463973774108,0.19821148704710634,0.0515516114481418,0.3969784375353669,0.23232230109708424,0.12876395805909188,234.7945791947168,0.5382604231785535,0.006730512608758624,True,False,-0.07174742161278891,0.6118647826144203,mid,0.9276363501475556,True,False,False,False
2023-11-23,43510.8,43590.4,0.45574891751014207,0.18294308539488213,0.42276859997978516,0.20408726109377717,-0.023394710043200817,-0.00389987864494179,0.010324676665551813,0.12167542821492774,0.12169915418513329,220.58997775809985,0.5069775268625257,0.006349968571468959,False,False,-0.004257316831812741,0.5772698701335417,low,0.8890013254708148,False,False,False,False
2023-11-24,43627.7,43754.6,0.5509114622132236,0.29087024986420573,0.18531804335318744,0.28101412634635725,0.057485320100658654,0.05256848473629283,0.16153813592769684,0.19919863406651256,0.15759117489419927,209.88119835546968,0.48107325931797845,0.0059976866988852824,False,False,0.03888470855968329,0.5452442453532075,low,0.8380400537520272,True,False,False,True
2023-11-28,43804.2,43943.95,0.5033763885654801,0.31903333470306716,0.28992653672478896,0.17897827148996015,0.10915488143363739,0.21626208775040734,0.2700161142330293,0.24519969190523308,0.24546203208801465,198.05855420554144,0.4521451235396183,0.005666266739672089,False,False,0.22157670279239206,0.515115158152008,low,0.794090300342012,True,False,False,True
2023-11-29,44054.9,44582.8,1.4229972148387613,1.1982776036263854,0.363296704793344,0.7100231756285824,0.5635856715583643,0.3066453693514326,0.6484278247609332,0.5883784825447407,0.33092520798043307,199.5015975736278,0.4528476913433643,0.005579144330991454,True,True,0.31358127796887736,0.5071949391810413,low,0.7772398197519202,True,True,True,True
2023-11-30,44713.9,44466.3,1.1410322069870988,-0.5537427958643648,0.9443372195223408,-0.7168911680707879,0.4114354965327083,0.4652965829042621,0.5474440206346021,0.5093105161020706,0.5056395658734392,193.30314874034957,0.43231109060124384,0.005410133493608287,False,False,0.28800344527484256,0.49183031760075335,low,0.7638453673350762,True,True,True,False
2023-12-01,44570.05,44815.7,0.9408784598626174,0.5511548674502098,0.9261824925033804,0.6490905888595577,-0.05394639021741865,0.05902871540572896,-0.08312450066799704,0.2790945477364186,0.11404035377058148,191.2569348378529,0.42911536971094466,0.005334121205517074,False,False,0.25603659400490475,0.4849201095924612,low,0.7563546821378588,True,True,True,False
2023-12-04,45528.85,46445.4,2.1969586317247196,2.01311915411877,0.7750031024284729,1.472363127994658,0.5504424319035861,0.12868098754574842,0.6454254738319953,0.6227380560702287,0.4142794942427589,199.4494817853847,0.4380727424158192,0.005455391417692016,False,False,1.9095986451176827,0.4959446743356378,low,0.7769792385103002,True,True,True,True
2023-12-05,46663.7,46968.95,1.2362928786187155,0.6541487280262714,0.8649121265566138,0.6911153637624068,0.025539413700181868,-0.025739040167804816,0.03245858337972418,0.23102527976300047,0.18506582599983407,229.70586504646053,0.4922581472246319,0.006117799651407549,False,False,0.9699561205199991,0.5561636046734134,low,0.8312697116737565,True,True,True,True
2023-12-06,47211.75,46801.85,1.0794982181342598,-0.8682160690929752,1.023474029240596,-0.7394345687249393,-0.07468634402877372,-0.08310822632748849,-0.07617893300414513,0.332460925705232,0.1957684150333073,239.23089082867955,0.5067189647252635,0.006346701145100122,True,False,0.6127452284967028,0.5769728313727384,low,0.870258936106224,True,True,True,True
2023-12-07,46570.6,46839.4,0.903037538704667,0.5771881831026615,0.5734304475355603,0.6962547186422308,-0.01865876530151578,0.11177836496116811,0.05313564313333963,0.2569578535809369,0.20167080364053078,242.64959980197455,0.5210360180070142,0.006497544032005165,False,False,-0.1419815669679636,0.5906858210913786,low,0.8974219589356555,True,False,True,False
2023-12-08,46893.6,47283.75,1.087035331047307,0.8319898664210124,0.7042538853916099,0.21911305593940167,0.6218568037730687,0.2703499282247446,0.6004507901592016,0.686329895832342,0.3457298493885913,239.43637725633744,0.5105950007172353,0.006397478065474187,False,False,-0.09009509088503398,0.5815889150431078,low,0.8832960879490971,True,True,True,True
2023-12-11,47422.5,47299.7,0.8464336549106468,-0.25894881121830693,0.6568611945806315,-0.09267752649058103,-0.25475663565053264,-0.16973606939004737,-0.279592786295102,0.3803408926613507,0.27768271712909315,248.06112397075412,0.52308740359693,0.006540285590202167,False,False,-0.10669627514737767,0.5945714172911061,low,0.9092384952049786,True,False,False,True
2023-12-12,47406.1,47063.8,0.9491394567365742,-0.7220589755326801,0.4829547252357758,-0.5393820626459433,-0.1756082663137648,-0.15718567637569292,-0.10314923529486375,0.299149105840026,0.21488406230576249,248.25444090823657,0.5236761532972266,0.006562479701683016,False,False,0.2579297543113368,0.596589063789365,low,0.9134384056388681,True,False,True,True
2023-12-13,47047.3,47113.3,0.669645229375534,0.1402843521307373,0.669645229375534,0.09267269322574823,0.03249035376260423,0.06893438487478587,0.00010614325305358108,0.28370661847617806,0.16930879736584478,249.44126120339934,0.5301925109483421,0.006571498836202689,True,False,0.2697402249711933,0.5974089851093354,low,0.9145178163976991,True,False,False,True
2023-12-14,47635.25,47751.4,0.9084658944794034,0.24383203614970483,0.9084658944794034,0.3624416792186391,-0.07300048736715858,0.16773950055564146,-0.08052455999080221,0.32023996034127944,0.23483530077789194,251.33425942089525,0.527622421255048,0.006573587904958004,False,False,0.9643773626555552,0.5975989004507276,low,0.9149540495569948,True,False,False,False
2023-12-15,47912.6,48071.65,1.2253561693583703,0.3319586079653325,0.669761190167099,0.08985110388499695,0.3735743337854869,0.07505400353857716,0.4402822814551399,0.6132749738560493,0.3724632890285895,254.73358848450516,0.5316630458052896,0.006659103309113722,False,False,0.3947528240009657,0.6053730281012474,low,0.9329634601177578,True,True,False,True
2023-12-18,47891.65,47862.05,0.563563794523683,-0.06180618124453918,0.5409084882228856,0.09448411153092362,-0.2611766718331854,-0.13034187587861457,-0.27178674231364,0.35171235520027067,0.23394695670519136,259.8341039601946,0.5425457338809472,0.006796987085008113,False,False,-0.006552718702190763,0.6179079168189194,mid,0.9538815434724777,True,False,False,False
2023-12-19,47808.1,47845.35,0.7759145416780777,0.07791566701040864,0.691200863452003,0.38319866298808236,-0.2488992796611189,0.11732535827628787,-0.23549099351148906,0.45049831948708274,0.29530018874534936,257.1300935660038,0.5378379261380473,0.006739252633234276,False,False,0.16369963258990872,0.6126593302940251,mid,0.9408393835311528,True,False,False,False
2023-12-20,48081.3,47216.5,2.0038975651656674,-1.7986202536121154,0.4390480290674306,-0.9354988321863211,-0.636763486348324,-0.4820485539069108,-0.5774833991903927,0.684630969001603,0.5033911616371388,260.2973066922932,0.5413691116760428,0.006772589600325036,True,False,0.5016161445156042,0.6156899636659123,mid,0.9481056366226144,True,True,True,True
2023-12-21,47049.4,47852.7,2.1524185218090017,1.7073543977181416,0.7564389769051283,1.0837545218429945,0.504948558956908,-0.03659790095352777,0.6952900184118427,0.8341165660554388,0.3337728566962256,279.28387274599663,0.5935970974039979,0.007368806265927247,False,False,-0.09329365793737665,0.6698914787206588,mid,1.0249425025727767,True,True,True,True
2023-12-22,47822.95,47458.75,1.3707853656037592,-0.7615590422589968,0.5567410626069701,-0.44236083303099694,-0.38541189715067814,-0.33035551044339195,-0.2933728841886585,0.682399593374699,0.5281064871146549,300.42340891684216,0.628199240985431,0.007860568378298328,False,False,-0.031241706319595774,0.7145971252998481,high,1.079429749510905,True,True,True,True
2023-12-26,47498.05,47762.5,0.8985632041736358,0.5567596985560419,0.44749205493698296,0.5812870212566601,-0.0701216034194263,0.005236901723248977,0.02734266965027654,0.223551858065508,0.15092750766421176,306.6086584573168,0.6455184127712964,0.008090125357512136,False,False,0.24789949166381664,0.7354659415920123,high,1.1251299247779998,True,False,False,False
2023-12-27,47881.65,48280.55,1.129764742860792,0.8330957684206775,0.4604060219311664,0.32914488118098717,0.5385179826912223,0.2467877635611293,0.5872000999666671,0.763958637988728,0.4606774106172794,312.0457153430543,0.651702093271753,0.008157335104316382,True,True,0.11724679403297689,0.7415759185742165,high,1.1424256685235172,True,False,True,True
2023-12-28,48441.65,48484.2,0.605470705477612,0.08783763558837254,0.605470705477612,0.09898506760195325,0.08414175410811353,0.039166051690942005,0.05566620071995043,0.3024359862733482,0.2367484756160378,322.0661803751718,0.6648538610372929,0.008291739360343563,False,False,0.4111386469292544,0.7537944873039603,high,1.1738468624268572,False,False,False,True
2023-12-29,48372.9,48268.9,0.797657366004516,-0.21499641328098784,0.5317026682295192,-0.4594514697278895,0.20778535699932377,-0.18235849632335377,0.30673666901230856,0.5246035100253029,0.33441010698434376,312.44874702039306,0.6459169225338838,0.008073704759455229,False,False,-0.22553739156261354,0.7339731599504752,high,1.1329905189845855,True,False,False,False
2024-01-01,48160.65,48064.3,0.8427004203639248,-0.20005959221895964,0.38215846339282306,0.5292702652476722,-0.7039060797615737,-0.7208232315514373,-0.5732964234120841,0.8103801361339456,0.7792655677580003,308.4476160850136,0.6404556750895463,0.007981917300621828,False,False,-0.13559455467185844,0.7256288455110751,high,1.1158167240417634,True,False,False,False
2024-01-02,48104.7,47710.55,1.1095589412261173,-0.8193586073709902,0.6874588137957505,-0.5411113674963053,-0.2575014003728837,-0.26375518836969647,-0.2905333758181472,0.41697669946744026,0.4015892190589126,305.4713705922113,0.6350135653942574,0.007958524828935215,False,False,0.27151128800377844,0.7235022571759286,high,1.1108810684327097,True,False,True,True
2024-01-03,47570.35,47738.55,0.6672223349208098,0.35358159021323665,0.6672223349208098,0.35347648272505694,0.009740565790727906,0.09035629941687162,0.02356914348684569,0.2159682436607739,0.2161423310877002,284.38714520729627,0.5978243700273307,0.007464308874110874,True,False,0.1797296405092741,0.6785735340100795,mid,1.0567504662475358,True,False,False,True
2024-01-04,47801.2,48245.8,1.1360593457904733,0.9301021731672021,0.5345054099060275,0.6550044768750762,0.2687350746035877,0.20115584125615094,0.31575062250801533,0.3066655859068834,0.24279935821212062,278.6761567630274,0.5829898763274299,0.0073067593820364055,False,False,0.14003357873249023,0.6642508529124004,mid,1.0284452978292895,True,False,True,True
2024-01-05,48330.5,48089.15,1.1568264346530628,-0.4993741012404129,0.30756975408902076,-0.90398402664984,0.44003791738354003,-0.14582373283846817,0.4177082409180688,0.8128434696911397,0.4588517600561201,283.3204628760468,0.58621463232544,0.00732225149431034,False,False,-0.0005181798208298005,0.6656592267554854,mid,1.031319761054754,True,False,False,False
2024-01-08,48048.05,47464.0,1.5966308726368739,-1.2155540131181253,0.4614131062550865,-1.0903668307038483,-0.09226887803358563,0.032866530284625384,-0.530861843938335,0.39737691258023244,0.23470073549395962,286.227609147194,0.5957111873368305,0.007402368698270603,False,False,0.015596033616738225,0.6729426089336911,mid,1.0442702680606526,True,True,True,True
2024-01-09,47694.3,47230.95,1.6422297842719151,-0.9714997389625335,0.43495763644713176,-0.8437066903172918,-0.09758542160497319,-0.03713240505847093,-0.9057712636542092,0.6321378502449617,0.33218162929799655,289.51995650687604,0.6070326150229189,0.007606650620762919,False,False,0.5085959885386959,0.691513692796629,high,1.0695574160818109,True,True,True,True
2024-01-10,47121.45,47359.35,0.875715836418434,0.504865618524053,0.6681670449444967,0.41838695540989956,0.15205437185379367,0.045599490805692255,0.13131650341022816,0.27536740309306623,0.275074706110217,296.9858733773435,0.6302562280603494,0.007887771805327208,True,False,-0.332620876776768,0.7170701641206552,high,1.109158591220298,True,False,False,True
2024-01-11,47605.3,47445.95,0.8929677998038001,-0.33473163702362196,0.42610801738461584,-0.3261191505987804,0.016754460743451105,0.07623068269162481,0.2721364400835036,0.26796599792835085,0.14444818158717976,298.8611597422059,0.6277896783387688,0.007867847341296197,False,False,0.3784891473383789,0.7152588492087452,high,1.1055472969986657,True,False,False,False
2024-01-12,47522.1,47724.65,0.9789129689134047,0.4262227468903923,0.4864052724942742,0.5822554137969504,-0.117994594006543,-0.15569825281255278,-0.11444208958283353,0.5667506297229097,0.49438639308108795,300.6300423431567,0.6326110216997075,0.007916806918704953,False,False,0.26714608939224505,0.7197097198822684,high,1.1168778494170337,True,False,False,False
2024-01-15,47907.65,48223.6,0.8822181843609558,0.6594980133652895,0.6344498216881794,0.30631851071800664,0.2988279949390771,0.22926836876335788,0.2557459638627524,0.3844601118732104,0.27928110589495847,303.3457663113295,0.6331885749172199,0.007934889481637782,False,False,0.3486667791172904,0.7213535892397983,high,1.1202835902383677,True,False,True,True
2024-01-16,48093.15,48111.7,0.6290916689798919,0.03857098152231231,0.46472314664354486,0.0642503142339379,0.021818612523261116,0.007375703808354395,-0.03904193581546478,0.20291309646632288,0.10554528266604815,300.6963415745595,0.6252373603612146,0.00783435573602389,False,False,-0.23567298998831143,0.7122141578203537,high,1.1031768704667055,True,False,False,True
2024-01-17,46815.05,46083.5,2.6340888239999773,-1.5626385104790086,1.4492134473849692,-1.2365681548989094,-0.38595341523894877,-0.01671536554551656,-0.5540405447129859,0.6056948945792479,0.3834765355342653,293.2394153445821,0.6263785157648707,0.007845184832145675,True,False,-3.196207990987643,0.7131986211041522,high,1.1065459513159213,True,True,True,True
2024-01-18,45580.7,45762.0,1.6527828664325162,0.3977560678094072,1.0857665634797218,-0.1467726471949593,0.5347828570675173,0.17020782868444329,0.1958712658276296,0.6144290303160671,0.34588857790538197,316.48613098498754,0.6943424102415882,0.008690167843106772,False,False,-1.281912181149436,0.7900152584642519,high,1.2002435252630614,True,True,False,False
2024-01-19,46108.7,45735.8,1.5003676095834315,-0.8087410835698972,0.3613200979424676,-0.8061385378464347,-0.030719111441512847,0.18833402721474268,0.3454364097437601,0.2909023329033291,0.24771566930340655,313.3224299519352,0.679529958450217,0.008515383585761977,False,False,0.7462523491106099,0.7741257805238161,high,1.1828559934603773,True,True,True,True
2024-01-20,46002.8,46108.8,1.1799281782847904,0.23042075699739595,0.6955011434086558,0.2697661881450708,-0.03544569437790024,0.09095122170934555,-0.04682201024664989,0.4560245756814321,0.41014876711168463,301.59965599376665,0.6556115192852753,0.008216919605160461,False,False,0.5541610729450364,0.7469926913782238,high,1.1505426398508145,True,False,False,False
2024-01-23,46401.35,45006.35,3.651186872795736,-3.006378047190439,1.4691382901575156,-3.150770397844027,0.20661180012617741,0.14299088905640467,-0.09140646146065246,0.48910364747154317,0.3699305504593406,301.80453720166406,0.6504218890219015,0.008151918726623525,False,False,0.8385601013255473,0.7410835206021386,high,1.14103836745414,True,True,True,False
2024-01-24,44877.75,45071.3,2.2195854293051647,0.4312827626162141,2.0239428224454117,0.007241896039800189,0.41899690292106495,-0.09852926507585291,0.5874232940564772,0.7055324079231617,0.3126558568942681,348.90693947714317,0.7774608563868357,0.009729026665414529,True,False,-1.14861569534076,0.8844569695831389,high,1.2783740662498382,True,True,False,True
2024-01-25,45056.55,44988.5,1.5759084972107338,-0.15103242480838386,0.737073743995043,-0.9981900522787468,0.9282217061075793,0.8623094165129297,1.096274306604239,1.1706735295963941,1.0466899438681252,365.94735323574787,0.8121956812844033,0.01012867292209244,False,False,-0.029619735840780148,0.9207884474629492,high,1.333759244274014,True,False,False,False
2024-01-29,45272.95,45499.05,1.2136386076012213,0.4994152137203445,0.8582387496286318,0.30592218974023755,0.23375161991083804,0.6532189942108024,0.17893182323382995,0.7371488908634277,0.740233778984658,374.8709048751043,0.8280240295255873,0.010357470966373657,False,False,0.40677061915823653,0.9415882696703323,high,1.3823020406416566,True,False,False,True
2024-01-30,45619.2,45319.55,1.0360769149831524,-0.6568506242985328,0.9087182589786661,-0.642711840628496,0.051736310285477316,-0.05212339469862215,-0.19158605966569375,0.54218329435644,0.23328800544815884,380.38493258948074,0.8338263989493037,0.010444228841017096,False,False,-0.03857223392577103,0.9494753491833723,high,1.4032389950528887,True,False,False,False
2024-01-31,45160.3,45974.0,2.4547002566413485,1.801803796697543,1.7447846892071228,1.7585135616902337,0.12588552360002225,-0.008257979272463523,-0.03801884865891614,0.4250948493562774,0.24208918182984102,379.2309046442824,0.8397439889555259,0.0104832497235953,True,True,-0.052736622495153096,0.9530227021450273,high,1.4131020731692898,True,True,True,True
2024-02-01,46060.15,46206.9,1.3863393844787801,0.3186051282942026,1.0223588069079268,0.12440254753838254,0.2413403169516215,0.11033440311145615,0.33924829263476397,0.41697882254982205,0.2854185344472948,404.14088934926986,0.877419828961195,0.010958020124058079,False,False,0.41523469787272393,0.9961836476416434,high,1.480096104660472,True,False,False,True
2024-02-02,46576.05,45954.65,2.1279176744270893,-1.3341620854494973,0.4261847022235677,-0.6628943416197797,-0.7061142534792508,-0.32944657964590895,-0.7452649909096998,0.9184672544107761,0.4933562872010366,413.2266039700371,0.8872083484323747,0.011104809565491994,False,False,0.7819178520956704,1.0095281423174538,high,1.5160523839573348,True,True,True,True
2024-02-05,45754.7,45756.65,0.9474436505976436,0.004261857251841583,0.9287570457242741,0.2948330991133119,-0.20429465499808286,0.014850712124392373,-0.25374436290017677,0.4806099857048283,0.3753080703792687,418.7842215633318,0.9152813187789054,0.01142290027729011,False,False,0.016538043484159992,1.0384454797536464,high,1.5656682260318406,True,False,False,False
2024-02-06,45693.4,45774.45,0.8866707226864304,0.1773779145346932,0.7439805311051582,-0.15286671598085944,0.2861460802589866,0.20400363987171932,0.31275041683611615,0.3509152619644866,0.2817505987063376,414.9257266545392,0.90806489920763,0.011379228712952539,False,False,0.29405561814510595,1.0344753375411397,high,1.554883323967061,False,False,False,False
2024-02-07,45995.75,45916.4,0.9617192892821588,-0.1725159389726172,0.5657044400841318,-0.4116684693694528,0.07880994795486096,0.09651013247216067,0.13499138283163958,0.277908763840867,0.22882945436839994,411.27932565428273,0.8941681039102151,0.01120589525734886,True,False,0.37171391464014825,1.018717750668078,high,1.5192748973153773,True,False,False,False
2024-02-08,45991.85,45105.45,2.799300310815932,-1.9272979886653885,0.5648826911724483,-1.5184211985384333,-0.5259032753043957,0.06885170896604453,-0.6730510619347929,0.8980317264066587,0.45997383635058964,404.88077657821486,0.8803315730465613,0.011030975454820466,False,False,0.12511869397426878,1.0028159504382241,high,1.485322012083352,True,True,True,True
2024-02-09,44937.3,45706.55,1.9101058586074342,1.7118295936783046,1.0978630224779826,1.152160899742527,0.48828458004115394,0.20698664952563117,0.6910842417362062,0.6026833102152501,0.29254551896390085,421.2499355699256,0.9374171024292192,0.011724332356188596,False,False,-0.2631611035916914,1.065848396017145,high,1.581511760684196,True,True,True,True
2024-02-12,45613.1,44887.75,2.443705865201009,-1.5902229841865623,0.9021531095233607,-1.6841652946192998,0.18809273741271504,0.13528406868508203,-0.012128711218717392,0.48099114949525384,0.48073762134055387,436.10102564368935,0.9560872329302094,0.011981126119239785,False,False,-0.0924375171611036,1.089193283567253,high,1.6322010381761487,True,True,True,False
2024-02-13,45000.65,45419.85,2.068525676851331,0.9315420999474355,1.3850911042395957,1.1642054059219253,-0.18693210586376852,-0.3004844612562785,-0.27324233302863377,0.4185653674775542,0.3459027040310368,446.6415131365284,0.9925223594248713,0.012439584705841507,False,False,0.3766060896347012,1.1308713368946823,high,1.7053557459804078,True,True,False,False
2024-02-14,45059.05,45920.55,2.906630299573553,1.9119355601149968,0.8839511707415112,1.5864737494465597,0.2846600355224105,-0.2520632244101484,0.49036562887203594,1.0926532368882576,0.936979847979794,459.35017773322033,1.019440440340443,0.01273869974028157,True,False,-0.8921209559256571,1.1580636127528698,high,1.764526940547282,True,True,True,True
2024-02-15,45973.55,46266.0,1.538928362069059,0.6361266423845713,1.110312342640506,0.35977208634094815,0.31979488046434135,0.1798568936485223,0.41631774654731224,0.452220954312992,0.28536860923654656,492.0182921107371,1.0702203595561732,0.013397121515295842,False,False,0.23203119300616581,1.2179201377541673,high,1.8785582031150778,True,False,False,True
2024-02-16,46371.25,46369.75,0.9251421947866404,-0.003234762918835621,0.4762649270830494,0.24271504434321134,-0.2948338991218491,-0.27498921452709935,-0.11390184398141212,0.5151256997061279,0.386555652502271,482.20827569858375,1.039886299589905,0.013014338989543064,False,False,0.40699433709419086,1.1831217263220966,high,1.8230288609211587,False,False,False,False
2024-02-19,46458.95,46556.1,0.8603293875561209,0.20910933200168902,0.6486371301977463,0.44749181804581983,-0.24653474575634382,-0.029420923215683903,-0.2201288192993145,0.5149265485028514,0.327495678130805,477.96574487705584,1.0287915350584889,0.012858065173442353,False,False,0.3992904857153645,1.1689150157674866,high,1.7864043656747728,False,False,False,False
2024-02-20,46411.6,47126.65,1.6568056261796558,1.5406708667660807,1.1011255806737876,1.2764050366718793,0.24200068079311965,0.1736965582781691,0.39589235052028826,0.3122074717045358,0.28658869101466405,471.33550585508783,1.01555539101235,0.012727321396741088,False,False,-0.23885162202159638,1.1570292178855532,high,1.7543053360048693,True,False,True,True
2024-02-21,47220.1,46933.6,1.008998286746543,-0.6067331496544925,0.6112862954546929,-0.4947045855472565,-0.12886680216658286,-0.19227353888594534,-0.33101962966582965,0.39724176093133445,0.3969895578878443,483.8810823757667,1.024735403728003,0.012838917336163708,True,False,0.5023696783030385,1.1671743032876098,high,1.7780724313373912,False,False,False,True
2024-02-22,46949.65,46944.85,1.2720009627334907,-0.010223718387680769,0.902136650645964,-0.42588176908667785,0.4989336829968938,0.27639373407934986,0.45048078721892093,0.707705076182304,0.40786751029006096,440.2018862147197,0.9376041913299028,0.01170963938648763,False,False,0.0020241362264972196,1.0645126714988753,high,1.6461798371014875,True,False,False,False
2024-02-23,46975.75,46768.6,1.111637387375395,-0.44097220374342827,0.5244195143238768,-0.35592832472072233,-0.02232498122672899,-0.15212484051428943,0.05580261695030675,0.5090950264428094,0.39930103649716325,427.86738503605375,0.9108260858763378,0.011400949288741406,False,False,0.24677893315241395,1.0364499353401277,high,1.5978523323558746,True,False,False,True
2024-02-26,46653.15,46565.6,0.8136642434648005,-0.18766149766951123,0.7289968630199645,0.18015932471868723,-0.40363992708162266,-0.1151233203582569,-0.28042318407778266,0.4496418270670931,0.29687439648773195,421.67849992880656,0.9038585817437976,0.01127792773805671,False,False,-0.326608023331898,1.0252661580051554,high,1.5745408934294254,False,False,False,False
2024-02-27,46497.8,46613.85,0.8545565596651853,0.2495817006396006,0.525401201777279,0.18226668788630107,0.05560021939545745,0.06129253175723992,-0.07460886623467111,0.31385143149098615,0.15951086198124706,415.5217833737697,0.8936375126861265,0.011199778929292026,False,False,-0.18339718590547616,1.0181617208447296,high,1.5544384435358531,False,False,False,True
2024-02-28,46638.15,45910.55,1.9340389788188423,-1.5600961873487695,0.44566519040742086,-0.8820032527019128,-0.6688760632360569,-0.2803675399105643,-0.701419382184354,0.733557157319993,0.42641492224198163,416.4281287501435,0.8928916107310078,0.011165398858600531,True,True,0.05802996319763665,1.0150362598727753,high,1.5452217633490446,True,True,True,True
2024-02-29,45871.8,46277.0,1.4560143704847017,0.8833313713435986,1.0735353746746303,0.5735549945718343,0.33943933984901253,0.6769210693721828,0.315194908339933,0.8594361318654641,0.7933841160063192,401.7969034935013,0.8759126598334952,0.010957388786469499,False,False,-0.0633841241283406,0.996126253315409,high,1.519549747898106,True,False,True,True
2024-03-01,46488.5,47255.95,2.4183400195747335,1.6508383793841341,0.87548533508287,1.6015788851006185,-0.00899793682601624,-0.08737024038449892,0.17349990455384212,0.3203265510061343,0.25936056830850485,407.2545590384143,0.8760329092967386,0.010975354629853716,False,False,-0.12749313914038884,0.9977595118048832,high,1.523175468381417,True,True,True,False
2024-03-04,47343.4,47425.65,0.7138270593155478,0.17373065728274462,0.38421406151649745,0.23392912211628314,-0.006111162037469864,0.01464875654186848,-0.10988675559353567,0.41008004568620143,0.3195325887408994,420.35479437113827,0.8878846774231218,0.011095261590324557,False,False,0.13236428428589075,1.0086601445749597,high,1.5383863411878782,False,False,False,False
2024-03-05,47224.1,47582.15,1.1458132606021048,0.7581933800750118,0.41070131564179535,0.8178027744308647,-0.03749188725969965,-0.007878780238756988,0.021226358092851783,0.3485590302938589,0.1825776007328347,416.9672814952246,0.8829544268609135,0.01105729287092991,False,False,-0.33726475019321134,1.0052084428118098,high,1.5269382099511652,True,False,False,False
2024-03-06,47473.05,47959.85,1.5145435146888602,1.0254238984013009,1.330333736720103,1.3578230174804418,-0.37823958568217186,-0.1201209335469744,-0.4099063115807322,0.6235757565051554,0.38171994840947454,421.41344927377577,0.8876898561895132,0.01110794774836348,True,False,-0.27426251230766585,1.0098134316694072,high,1.540035999733568,True,False,True,False
2024-03-07,47985.0,47788.0,0.6762529957278316,-0.4105449619672852,0.48827758674584903,-0.056371782848807506,-0.32424238317109166,-0.18823367284298564,-0.11137637587960159,0.4437220523395926,0.33543804262035093,430.4931981716909,0.8971411861450264,0.011237953364238253,False,False,0.15836162957141298,1.0216321240216593,high,1.567657828877062,False,False,False,True
2024-03-11,47728.7,47280.25,1.3056085751340418,-0.9395814258506885,0.5425456800625292,-0.9567618644547027,0.11476125956035865,-0.1294641114298778,0.05369876683107844,0.3414279685353215,0.331520976456943,399.66719724593713,0.8373728956496556,0.010480862232158024,False,False,0.008788817276306204,0.9528056574689111,high,1.4614149046663205,True,False,True,False
2024-03-12,47291.2,47277.3,1.962944480156991,-0.029392360523716743,1.3021450079507455,0.21557921981256722,-0.19063936454951635,0.10634346717797172,-0.20274732114036187,0.39087927263750144,0.27003833655537857,388.13940674768673,0.8207434083882134,0.010283898379950574,False,False,0.15037991550381768,0.9348998527227793,high,1.4312082850467633,True,True,False,False
2024-03-13,47430.35,46895.2,1.320989619515765,-1.1282860025279229,0.5123301852084161,-1.0078989507772862,-0.08402144303900627,-0.14282688678893818,-0.009271653039821803,0.6103002408827589,0.6099410493199666,380.7304588457191,0.80271484154285,0.010043410545353236,True,False,0.1350542437914104,0.9130373223048396,high,1.407182537572726,True,False,True,True
2024-03-14,46736.85,46834.7,1.4248927773266644,0.20936370337325538,0.6488456111184215,0.23289973543358933,-0.19927122446670165,-0.08142687236391,-0.12091704684680238,0.3481642925604667,0.2254733604827481,365.46384680403935,0.7819608013891379,0.009772515061088519,False,False,-0.14809618041931039,0.8884104600989562,high,1.3700590751965571,True,False,False,False
2024-03-15,46667.35,46542.05,1.0543774180449563,-0.26849606845041896,0.8224165289008332,-0.29495996665763746,0.17977764739511848,0.4333989769931268,0.09233342674039857,0.631102285207086,0.6047978764204177,337.9568119385658,0.724182564337949,0.00904611701289476,False,False,-0.5606953818429461,0.8223742738995236,high,1.2956935920446624,True,False,False,False
2024-03-18,46457.75,46617.9,1.5435530132216875,0.3447218171349187,0.8038486581894239,0.4762391635410701,-0.14214100559137854,0.03444457320920247,0.05258848011779893,0.5095439062533599,0.2929398282278106,331.5350321849146,0.7136269668352742,0.008893537161462487,False,False,-0.17897793500716297,0.8085033783147715,high,1.2716633892435985,True,True,False,False
2024-03-19,46524.85,46333.1,0.7385300543687913,-0.41214533738421766,0.5542199491239597,-0.362601921338801,-0.022111413480196962,-0.14736837569456762,0.11373148353162055,0.31096197591904023,0.3105723882510221,337.5671046646821,0.7255630156028061,0.009080331447774833,False,False,-0.42043935913028685,0.8254846770704393,high,1.302664966424762,True,False,False,True
2024-03-20,46476.5,46370.2,1.7788559809796347,-0.2287177390724371,0.9964175443503676,-0.4637827719385146,0.18536151981314308,0.04673497384244385,0.04716690933699308,0.45826987988789686,0.37862884119931106,336.4811188962922,0.7239811924226054,0.009057393593090686,True,False,0.12906539817107987,0.8233994175536986,high,1.2967455490594797,True,True,False,False
2024-03-21,46734.85,46679.25,0.8989009272523577,-0.11896903488509691,0.6515480417718256,-0.13523098929385524,0.08474095087702693,0.11423574571507444,0.0445487723386373,0.1973360701839308,0.19267905327928211,340.9503905796446,0.7295420667438638,0.009116392435070265,False,False,0.656995225381829,0.8287629486427515,high,1.3030677364222694,True,False,False,False
2024-03-22,46725.75,46849.05,0.8717891098591217,0.26388019453942313,0.7013263564522711,0.3625409972017657,-0.09307998801582062,-0.035951767024011705,-0.038617782101824094,0.368908085377699,0.22936587270514108,339.43935469059215,0.7264503077865891,0.009090537157161172,False,False,-0.09501009549210959,0.8264124688328338,high,1.2977732831858746,True,False,False,False
2024-03-26,46738.0,46617.45,0.554794813641995,-0.25792716847106156,0.5036586931404884,-0.1907441482305705,-0.04587465714589456,0.10820779761704369,0.006434392255560972,0.27417610509153856,0.21641559523412415,336.2948870088803,0.7195320446079856,0.008984904045264393,False,False,-0.6320298917480871,0.8168094586603993,high,1.2778271459747477,False,False,False,True
2024-03-27,46709.6,46851.15,0.6693484851079895,0.30304262935243464,0.5933469779231709,0.046350214945101165,0.3251571485890059,0.3064829979492867,0.2651884548922956,0.6081583522803201,0.6080451519524456,330.69149318075506,0.7079732928150853,0.008871689380952058,True,True,0.055773106422596364,0.8065172164501871,high,1.250195615658276,False,False,False,True
2024-03-28,46934.95,47146.75,1.3052107224999676,0.4512628648800199,0.7441149931980326,0.9890284319041598,-0.5261697730866488,-0.1591321527414591,-0.5118969622734393,0.9179489505613467,0.5156178202600746,332.29356775723863,0.7079874757664356,0.008845292047649894,False,False,-0.04973197029315424,0.8041174588772629,high,1.242994738469354,True,False,False,False
2024-04-01,47504.9,47558.7,0.5761510917821201,0.11325147511098699,0.5663626278552378,-0.03610153899913371,0.15656669351569175,0.0010512682500074533,0.10565774048185705,0.41884485999021104,0.24925570207899422,339.7283378858774,0.7151437807170995,0.008962896813919659,False,False,0.5181693329868953,0.8148088012654234,high,1.265660524874726,False,False,False,False
2024-04-02,47449.1,47562.6,0.6297274342400502,0.23920369406373876,0.6297274342400502,0.2637563199302084,-0.015659731892769813,0.11786793739527734,0.0341741578173016,0.2167138735765641,0.20826843580828855,325.17779891314785,0.6853192134585226,0.008530927663668954,False,False,-0.1428760668395035,0.7755388785153593,high,1.197841038074984,False,False,False,False
2024-04-03,47391.55,47661.1,0.8380185919219654,0.5687722811344997,0.502515743840398,0.46801592266974,0.08894564234609437,0.04912632814286777,0.15383807071926991,0.2874193897299934,0.2104664271933121,314.2815881739807,0.6631595467419417,0.008308842659618036,True,False,-0.446464238708566,0.7553493326925486,high,1.1565143890946201,True,False,False,True
2024-04-04,48005.85,48126.2,1.1289249122763254,0.2506986127732258,1.0045650686322605,0.03478742694902337,0.20656962197966866,0.27547664022686824,0.2788199954363524,0.29860971564399263,0.2988150545274839,291.62498685962055,0.6074780195739072,0.007613114837038959,False,False,0.8919223433785595,0.6921013488217235,high,1.076827173986926,True,False,False,True
2024-04-05,47962.75,48520.95,1.3821142449088124,1.1638198393544963,0.5613731489541363,0.7477677989689901,0.46521830907215733,0.18439085495651764,0.5630313375204921,0.5564822211277021,0.3382390724943975,297.12483728242296,0.6194908283666448,0.00772218012397258,False,False,-0.04477810423427764,0.7020163749065981,high,1.0974689658052368,True,True,True,True
2024-04-08,48562.2,48565.75,0.601908480258299,0.00731021246977992,0.42090350107697233,0.050759644332432075,-0.012246111859481879,-0.047938244020051535,0.021000315004737757,0.1567296501008019,0.15276457590084808,304.0432343275206,0.6260903219531253,0.0078050950187027075,False,False,0.13561152450642933,0.709554092609337,high,1.1091305889718306,False,False,False,False
2024-04-09,48663.8,48710.45,0.8065543586814017,0.09586181103817815,0.4824941743143834,0.11795215334600151,0.07758429595330352,0.13626286513468422,0.3371735656747532,0.18995837540947866,0.17476970343573114,294.09322805963166,0.6043367514654253,0.007534776792780386,False,False,0.5045736964836456,0.6849797084345804,mid,1.0634494787321174,True,False,False,True
2024-04-10,48748.55,48912.0,0.7962288109082248,0.3352920240704549,0.5596063882925808,0.34195888903361116,0.05509529236791266,-0.03257884540164291,0.0771913394384427,0.30706170366093266,0.27257974412841246,296.5348131266219,0.6082946326129124,0.0075621072150786305,True,False,0.34715343422202505,0.6874642922798755,high,1.0698788531567034,True,False,False,True
2024-04-12,48823.35,48477.55,0.8297259405591763,-0.7082676629112772,0.48061019983266506,-0.5077488537759134,-0.04405517601997477,-0.020076682631919862,-0.06452555706034646,0.28574104820439733,0.18130788776826134,288.942620016267,0.591812360307654,0.007403610039527837,False,False,-0.4923127248936954,0.6730554581388942,mid,1.0443899040613966,True,False,True,True
2024-04-15,48168.95,47757.35,1.099671053655928,-0.85449236489481,0.7277509682067035,-0.6285169180561323,-0.17298218784861374,-0.007219559355753358,-0.34276895161921006,0.3003162983483126,0.1918937950503211,267.3346107557627,0.5549936437388872,0.006923620401178574,False,False,-0.8664835578530705,0.6294200364707794,mid,0.9879833420579047,True,False,True,True
2024-04-16,47356.45,47598.25,0.6175505131824642,0.5105957055480337,0.5379415053282077,0.2631109384255037,0.1061476104677439,0.17038772955453307,0.07716634242063147,0.3366606256601287,0.29483294204920796,260.7809844839139,0.550676802175657,0.006836852737382195,True,False,-0.6714149759147081,0.621532067034745,mid,0.9769204757920923,True,False,False,True
2024-04-18,47780.45,47131.8,1.7739472943431855,-1.3575636060355056,0.6324762533630326,-0.870753624128684,-0.4339757286063062,0.1754600249594951,-0.4371288205227919,0.8202362956144276,0.37534850375719625,251.024023108057,0.5253697340817364,0.006570467640210883,False,False,-0.011660092545429102,0.5973152400191711,low,0.936636386151547,True,True,True,True
2024-04-19,46638.3,47614.15,2.3363844737050754,2.092379010384171,0.800736733543026,1.827575190347841,0.19130081394969078,0.15081083185908284,0.11930613069386364,0.5595838338704566,0.34982219476592136,258.7403608206114,0.5547808578370381,0.006907216631899327,False,False,-0.8207834201112707,0.6279287847181205,mid,0.9728569636300495,True,True,True,True
2024-04-22,47894.35,47999.85,1.081234007769196,0.22027650443110502,0.9918706486255747,-0.20994125611892844,0.3464884566617421,0.1912557175640872,0.24277196887754204,0.41532583724248745,0.27555029106174905,281.2868770904279,0.5873070144817246,0.007359438961629168,False,False,1.1163698186358317,0.6690399056026516,mid,1.0122336713133078,True,False,False,False
2024-04-23,48072.0,47935.6,0.8391579297719964,-0.28374105508404135,0.7487726743218446,-0.14228657014478951,-0.10915847978069104,-0.0944859578449031,-0.09084317467726866,0.2300869101483995,0.2301207065924469,286.7467698256005,0.5964943622599445,0.007451047931761665,False,False,0.6244811181701504,0.6773679937965149,mid,1.0290047418167814,True,False,False,True
2024-04-24,48092.35,48195.35,0.45225488045395995,0.21417127672072045,0.35442227298105494,0.22394414080411096,-0.037136890936839695,-0.055487679660815026,-0.06346868826191399,0.2353731998203261,0.23532999093527768,271.6319493691626,0.5648132174226517,0.007076548267309881,True,True,0.38656030173818134,0.6433225697554437,mid,0.9816618480635639,False,False,False,False
2024-04-25,48005.55,48497.3,1.850306891598992,1.0243607249578401,1.214234604123901,1.122370225942615,-0.16160480055865678,-0.12590928761307962,-0.1539946416045157,0.3912916745203038,0.2758258289199797,267.49231309281095,0.5572112247288301,0.0069830678431326235,False,False,-0.877055566563989,0.634824349375693,mid,0.9592583532870067,True,True,True,False
2024-04-26,48554.6,48284.3,1.2180102400184565,-0.5566928777087976,0.5523678498020875,-0.5654459103771714,0.047638724483500816,0.1853207698226944,-0.009936273297184162,0.45474269392845057,0.4459313431659466,288.48876490593466,0.594153313807414,0.00738407862747663,False,False,0.33548259387634616,0.6712798752251481,mid,1.0085503536793692,True,True,False,False
2024-04-29,48419.8,49380.65,2.3356147691646836,1.9844154664001135,0.5162144411996835,1.7349307514694212,0.24766620280005647,-0.12670772280031217,0.14845265485872172,0.44630667775074134,0.2213593018434752,292.3263874553086,0.6037331576241713,0.007557173102124539,False,False,0.15657263334043492,0.6870157365567763,high,1.0414689447602983,True,True,True,True
2024-04-30,49436.2,49291.35,1.4662332460828271,-0.29300391211298793,0.6442647290851643,1.0070555584773988,-1.303819738234735,-0.5213831691941895,-1.258536419216949,1.391034774868048,0.7308043995615691,325.9638801128567,0.6593627344190224,0.008234375629609372,True,False,0.1953194216762988,0.748579602691761,high,1.1248794433467544,True,True,False,False
2024-05-02,49450.35,49243.55,0.820519976097237,-0.4181972422844238,0.6226447335559839,-0.5274987942451292,0.10784821964038294,0.08943353005321786,-0.018882539437592438,0.1856087173075466,0.18059475330065325,329.77035497802717,0.6668716297822506,0.008293183598384135,False,False,-0.05954391592033481,0.753925781671285,high,1.1327207093968672,True,False,False,False
2024-05-03,49502.4,48877.85,1.9151596690261539,-1.2616560005171529,0.7306716442031035,-1.3878115000484859,0.24162456929575082,0.0419112768935026,0.1925703275845292,0.47577198998676645,0.2921522667356358,329.340758460341,0.6653026084802778,0.008338416988848223,False,False,0.2670400488998137,0.7580379080771112,high,1.1450268079103234,True,True,True,False
2024-05-06,49045.25,48931.85,0.9555461538069465,-0.23121505140660803,0.7707168380220307,-0.35222575070980033,0.026702133101452752,-0.012067549643124398,0.04266883865040594,0.4633485088751283,0.13141357026637582,344.66302319965325,0.7027449614379644,0.00876312696731977,False,False,0.6070234267669283,0.7966479061199792,high,1.2095730162231548,True,False,False,False
2024-05-07,48969.55,48275.6,1.6535786013961735,-1.4171051194058482,1.0229826494219307,-1.4007684367122075,0.01170169581390379,-0.11665992700481409,-0.19613861150811207,0.36554855064659636,0.2974414450938252,344.398958757698,0.7032920636552673,0.008789776041463469,False,False,0.06784946818891857,0.7990705492239517,high,1.2152872212640102,True,True,True,False
2024-05-08,48142.3,48101.6,0.7725015215309643,-0.08454103771527999,0.3834465740108092,-0.2596469217299502,0.11589572924757263,0.06015313030436342,0.10974536783960875,0.2683407855085532,0.26610995534306237,346.20211429100164,0.7191225061764843,0.008973837548509372,True,False,-0.31361598820107695,0.8158034135008518,high,1.2416218233841518,True,False,False,False
2024-05-09,48182.7,47515.45,1.6977047778559524,-1.384833145506581,0.6097624251027919,-0.9553221384438704,-0.5011273531926319,-0.12220940297236194,-0.6464443988767998,0.6320931051246405,0.3032097321594811,339.2493083779955,0.7040894519775677,0.008815589094087996,False,False,-0.2603863488948366,0.801417190371636,high,1.2113595638261738,True,True,True,True
2024-05-10,47457.05,47440.85,1.1702160163769104,-0.03413612940543764,1.0662272517992586,-0.04467197181452498,-0.005902708605398654,0.010647718647227578,-0.10603705716102363,0.2946084027165108,0.23298473475584042,347.44725869844115,0.7321299126229741,0.00912697551405039,False,False,0.08428837357112862,0.8297250467318535,high,1.2665296833677044,True,False,False,True
2024-05-13,47361.3,47784.9,1.8123446780388175,0.8944011249691242,1.0275266937351835,0.7675042703642054,0.1584082070537729,0.12033190240654523,0.14078251615228243,0.3222643154083472,0.28506826662365553,349.61679541947524,0.7381908761361602,0.009211917920212613,False,False,-0.10760768409502353,0.8374470836556921,high,1.2847130885572597,True,True,True,True
2024-05-14,47848.4,47872.0,0.6884242733299367,0.049322443383692516,0.62927913995034,0.02570618871267083,0.036251036863244046,0.09836716773641285,0.16946652565377196,0.22544592954135953,0.22558591708306633,365.3238557945442,0.7635027624634141,0.009520225320692226,False,False,-0.04478402173071494,0.8654750291538387,high,1.3355710820870292,False,False,False,True
2024-05-15,47912.9,47710.8,0.8822258723642216,-0.42180707074712664,0.5562176365863891,-0.6221706471534749,0.21285398657560073,0.11298237810595246,0.1848698562403328,0.289195796265036,0.21169771496549988,363.0917773316032,0.7578163236447871,0.009495315709063602,True,False,0.1067429812834142,0.8632105190057819,high,1.328437493277712,True,False,False,False
2024-05-16,47916.85,47977.4,1.4870551799627958,0.12636473390885694,0.5436500938605104,-0.8045186609720756,1.0368945969344345,0.2549995250725079,1.2810873794597777,1.162811491783853,0.37848067045147943,361.29758858128116,0.7540094738725128,0.00944525677766473,False,False,0.49265575089916247,0.8586597070604299,high,1.317428333334356,True,False,False,False
2024-05-17,47887.15,48121.35,0.897631201689803,0.4890664823444135,0.5566211394914828,0.46442521636806955,0.10611198816035117,0.13150412652671584,0.09799754538493133,0.3452536970310438,0.3453412714006043,369.16306814036943,0.7709021483641633,0.009656840032181157,False,False,-0.2802361111690188,0.877894548380105,high,1.3609108308594389,True,False,False,True
2024-05-21,48126.6,47989.85,0.6911977991381096,-0.2841463972106939,0.6059019336499951,-0.0460244438626467,-0.16807176882803754,-0.0706444668943873,-0.16319453828419483,0.29841314057224,0.2130778618552162,360.8053897297359,0.7497005600431693,0.009382451074138803,False,False,-0.4036669794176606,0.852950097648982,high,1.316786585191455,False,False,False,True
2024-05-22,48025.85,47906.05,1.4134054889189946,-0.24944899465599857,0.8576631126778631,-0.6991026707491854,0.4899339695240812,0.6860697688099382,0.4509669116260051,1.0587102983638144,0.7844999285672296,337.67344010433226,0.703107680768445,0.008798080316543467,True,False,0.25849216032141076,0.7998254833221333,high,1.234937636039105,True,True,False,False
2024-05-23,47918.75,48737.05,1.9961914699360805,1.7076822746837195,0.6913786357114817,1.5997913134211617,0.18742804560303306,0.15523295209542987,0.12583315713954324,0.4570163303745377,0.3514301554382747,340.64711838400035,0.7108848172875969,0.008902792122106816,False,False,-0.013985707441965811,0.8093447383733469,high,1.2516991163388702,True,True,True,True
2024-05-24,48744.2,48948.9,0.8373303900771666,0.4199473988700353,0.680901522642682,0.4245633326631859,0.05229703490112758,0.10188669218773594,0.06415318309094253,0.372309945731612,0.3724944764536482,362.78437502477755,0.7442616250236491,0.009287932241107834,False,False,-0.14167866130593287,0.8443574764643484,high,1.3097889340948203,True,False,False,True
2024-05-27,49104.7,49280.2,1.298450046533221,0.3573995971872357,0.4989339106032621,1.052750551372883,-0.6312768720911133,0.41114720047243924,-0.606339146771151,1.1526218898404166,0.8574221335261027,366.16685503911503,0.745685962930463,0.009345778728414545,False,False,0.32074265203099195,0.8496162480376858,high,1.3291216765063125,True,False,False,False
2024-05-28,49387.2,49060.1,0.946601548579389,-0.6623173615835642,0.5834507726698446,-0.3014951242427122,-0.30230531923320925,-0.15072141861197652,-0.3361080093391644,0.37582532297013277,0.30134113586183553,360.412491387051,0.7297690320306699,0.009141472366066505,False,False,0.22463382859647663,0.8310429423696821,high,1.3010762193040737,True,False,False,True
2024-05-29,48936.05,48563.05,1.2691052914977723,-0.762219263712538,0.6806842808113824,-0.8903456654143604,0.21948295218487957,0.338336474488532,0.11524000094746967,0.4363886033812007,0.4154375563808112,355.18897058660514,0.7258227228936646,0.009070300720959601,True,True,-0.5572756680072066,0.8245727928145091,high,1.287634152676447,True,False,True,False
2024-05-30,48572.6,48822.85,1.504963703816555,0.515208162626668,1.248234601400796,0.4259603150747582,-0.0023575477403392497,0.42286910718827286,-0.1891722664658757,0.5925644994311194,0.5232336104766161,334.5310409440717,0.6887237680175072,0.008611005059247006,False,False,-0.5136621361302551,0.7828186417497277,high,1.2343582853812503,True,True,False,False
2024-05-31,48934.55,48967.95,1.1311026667252482,0.06825443372830975,0.7347569355394151,-0.2258118241610485,0.48254907161531246,0.17294555686122592,0.11397075328851702,0.8187563301282872,0.566514105680566,337.81230096648505,0.6903349493690757,0.00862624936475809,False,False,0.14808639806975776,0.784204487705281,high,1.236758802167882,True,False,False,False
2024-06-03,50356.05,51106.05,2.06638527048884,1.4893940251469395,1.7820103046207922,0.7748820648164401,0.657684065325026,0.4409530879005752,0.6539154629282118,0.7815355814469022,0.5266857729951845,351.56895025185804,0.6981662585763935,0.008702737019511833,False,False,3.9248120454297153,0.7911579108647121,high,1.2521766489650332,True,True,True,True
2024-06-04,50023.15,47206.25,9.174152367453878,-5.631192757753167,3.849217812152973,-5.71545374491611,-0.1632597674926517,0.5374140073534095,-0.6565636320290058,2.159269444344324,1.026894186875733,350.2665241223258,0.7002088515463856,0.008765656560355758,False,False,-0.8589981029643257,0.7968778691232508,high,1.2584071974417084,True,True,True,True
2024-06-05,46945.4,48847.1,6.211684211871661,4.050876124178293,2.190629965875254,4.158660912464263,-0.030267272284778546,-0.5550723974306115,0.41742245741038797,1.0717273000570637,0.7426394674071759,617.9920273145362,1.3164059254251455,0.016478473517028764,True,False,0.5938832252085247,1.498043047002615,high,1.6636336683965898,True,True,True,False
2024-06-06,49315.15,49330.9,1.5532752105590268,0.03193744721450287,0.8389916688887694,-0.4939658502508881,0.5498094109519513,0.23239302861541855,0.29483924604085665,0.8148305892110571,0.3387372160980926,732.3041164510178,1.484947559626236,0.018611649456203166,False,False,1.1859455320786694,1.6919681323821059,high,1.8879916535543078,True,False,False,False
2024-06-07,49175.85,49806.6,1.754418073098889,1.2826417845344773,0.8658721709945083,1.3164998673129258,-0.034220971132958855,-0.07934477864212086,-0.07052377192833248,0.3539512175540506,0.24615940175442114,734.8459070557219,1.4943227357650593,0.018717795168432763,False,False,-0.028278421841088086,1.7016177425847965,high,1.926841003466603,True,False,False,False
2024-06-10,50066.15,49689.65,1.2587346939998323,-0.7520050972563253,1.1959178007496083,-0.3579264632890822,-0.44189913394183655,-0.39088352914278257,-0.7559226932668417,0.5414241600258155,0.4645878374855127,748.7143803695471,1.4954502800186296,0.018724433063544932,False,False,0.0031120373605197926,1.7022211875949937,high,1.9290605932500813,False,False,False,True
2024-06-11,49568.75,49652.25,0.887353423275765,0.16845290631697374,0.7288866473332551,0.5093935191022636,-0.3701231904057023,-0.3162008502981317,-0.3613235280833682,0.47409488922898785,0.4111916424169031,741.7278275135395,1.4963617753393812,0.018737880598361404,False,False,0.1238688539766164,1.7034436907601276,high,1.9339336613641525,False,False,False,False
2024-06-12,49777.05,49791.6,1.076901905597063,0.029230338077468332,1.0539997850415028,0.22640956022905723,-0.0182402196844067,-0.020845422174919914,-0.05199713064002465,0.36249931098072413,0.2667813164886404,738.791882354144,1.4842018206264613,0.018591978181840933,True,False,0.41327432291586863,1.690179834712812,high,1.8875758881354343,False,False,False,False
2024-06-13,50077.0,49889.3,0.7724104878487043,-0.3748227729296838,0.5328793657767009,-0.42075204185553217,0.07690564569657887,0.15694475524545837,0.025855978192801388,0.242548574889248,0.24274255942375403,744.8235191122403,1.4873565092003123,0.018631581023857008,False,False,0.7780428827352415,1.6937800930779097,high,1.9068517553016782,False,False,False,False
2024-06-14,49908.4,49981.5,0.8200022441112117,0.1464683299805314,0.755083312628733,0.15047567143005036,0.0048015845228954745,-0.16168382872099318,0.035122232373097084,0.3094021026938919,0.30888701805686086,741.4561168993168,1.485633915131154,0.01862073521502788,False,False,0.2097644184223757,1.6927941104570798,high,1.9012918699447656,False,False,False,True
2024-06-18,50113.25,50479.3,1.320908143055987,0.7304455408499777,0.6913341281996366,0.5723037320469304,0.11904750094493544,0.102065917323646,0.10166875624890714,0.3046623961682491,0.22238268866820055,740.8474432023504,1.478346431736817,0.018529152852337655,False,False,0.4258575672998921,1.6844684411216049,high,1.867914035663698,False,False,False,True
2024-06-19,50492.8,51450.1,3.00092290385956,1.895913872869004,1.6125071297293812,2.3413239115279705,-0.40967585873246115,0.17938083924537995,-0.15346588439808517,1.4023222060957938,0.5329839803080191,748.7684501062686,1.4829212285836169,0.018584056860401956,True,False,0.254757890858226,1.6894597145819958,high,1.888929707764802,True,True,True,False
2024-06-20,51695.55,51760.75,1.0846194691806104,0.12612304153838405,0.9619783521018789,0.07447449538693363,0.1381102001486445,0.17315741081813663,0.09177325244407175,0.345420472590097,0.2831814942972083,786.3665303331254,1.5211493645645038,0.019064053885285984,False,False,0.5107861792299717,1.733095807753271,high,2.0039308477529207,False,False,False,True
2024-06-21,51753.5,51557.5,1.3707285497599224,-0.3787183475513767,0.8804235462335908,-0.6421787898402975,0.4520513446315322,-0.13977523832355843,-0.015872462825539113,1.0029919595341605,0.4319886169211253,786.456003257168,1.519618969262307,0.019016131250911603,False,False,0.3217689079080266,1.7287392046283272,high,1.9876026808346636,False,False,False,False
2024-06-24,51298.0,51709.65,1.257456431049935,0.8024679324730055,0.4987523880073269,0.7214706226363665,0.1083840899897659,0.2121492755925658,0.18749769986032838,0.39956956032833485,0.3076648855168943,773.569403513171,1.5079913515403542,0.018899741449984755,False,False,-0.5377491150656999,1.7181583136349778,high,1.9560597198237695,False,False,False,True
2024-06-25,51824.75,52630.15,1.9273609617026586,1.55408371482737,0.6735198915575968,1.3887187106546461,0.23894055414035442,0.26737331654278496,0.10595988729289463,0.45371109603393217,0.4538397911270922,783.6388400233118,1.5120938162235453,0.018950075434172105,False,False,0.0963069755838486,1.722734130379282,high,1.977022233641802,True,False,True,True
2024-06-26,52552.95,52694.5,1.169487155335725,0.2693473915355904,0.6241324226327923,0.6469665356559462,-0.1978524548167493,-0.2516935461012948,-0.25536883933302557,0.43843272118496224,0.3763120848804389,800.6087756737325,1.5234326059217085,0.019064143135183054,True,True,0.043796189066513946,1.7331039213802777,high,2.0085909443571355,False,False,False,False
2024-06-27,52745.4,52759.8,1.0271037853537939,0.027300958946185894,1.0271037853537939,-0.006446059751186173,0.12011300291987492,-0.15127062598621066,-0.0777724899212684,0.5115467748663222,0.3372389518080121,803.8779590478225,1.5240721637295813,0.0190905092783231,False,False,0.5423715947584729,1.735500843483918,high,2.0196274370161684,False,False,False,False
2024-06-28,52927.2,52323.7,1.4888374975437961,-1.1402454692483244,0.466678758747865,-0.6218919572544834,-0.5415600007985244,-0.25359320599014357,-0.7389571492135705,0.7085814017819997,0.507186411980277,804.8679673749648,1.5207076274107922,0.019057498688288405,False,False,0.21825329133164928,1.7324998807534913,high,2.0071054123417413,False,False,False,True
2024-07-01,52278.45,52521.45,0.9374799750183843,0.46481867767693696,0.7252510355605306,0.49006808732854346,0.0026649078274987303,-0.028924145477027263,-0.0945122965822387,0.3201696404182846,0.30170547798578135,795.2343226847333,1.5211513017021994,0.01905670796484115,False,False,0.052461886296284455,1.7324279968037408,high,2.005969272868041,False,False,False,True
2024-07-02,52680.95,52148.1,1.578938876386997,-1.01146619413659,1.3443189615980673,-0.986789342257488,0.04486101711811408,-0.013028991421948355,0.10176198820481819,0.17465122476327866,0.1413070760835618,800.3071684733004,1.5191585733994935,0.01903324097301074,False,False,0.5184548408317058,1.7302946339100673,high,1.9961774719385315,True,False,False,False
2024-07-03,52615.95,53042.15,1.4711318526036223,0.8100205355980439,1.3662206992366357,0.8749248089220174,0.054261506548103355,0.04398875319671092,0.027688621671706493,0.18520507269723568,0.18518605735493443,794.8911042367326,1.5107417128014085,0.018935065517743252,True,False,1.3887370776691776,1.7213695925221137,high,1.9727202218635287,False,False,False,True
2024-07-04,53185.05,53083.75,1.018707324708721,-0.19046705794204533,0.5888872906954061,-0.16621212163945298,0.037572991893086716,-0.0295488808126243,0.21933817418187118,0.23438390180925608,0.15329658230493384,547.7960584205794,1.029981279364369,0.012904115933375641,False,False,0.5949042412496386,1.1731014484886946,high,1.59304202466107,False,False,False,False
2024-07-05,52746.6,52633.15,1.0006332161693752,-0.21508495334295885,1.0006332161693752,-0.5302711454387543,0.3728064741770565,0.19558711332066103,0.25614934525333144,0.5138477783135625,0.43436320983566434,396.1109017428462,0.7509695444689254,0.009374566182414583,False,False,-0.9864600748816788,0.8522332893104165,high,1.3367680652539629,True,False,False,False
2024-07-08,52349.4,52470.05,0.8865431122419852,0.23047064531780403,0.7442301153403971,0.258455684305825,-0.014385144623085822,0.030117410245833476,0.02620874743153312,0.30523181041331493,0.20329251915933194,386.5013390957174,0.738310924472329,0.009209406072880054,False,False,-0.19008932583363114,0.8372187338981867,high,1.309488301081743,True,False,False,False
2024-07-09,52559.8,52521.4,0.6348007412509208,-0.07305963873530663,0.5581261724740311,-0.03748111674702903,0.019033081398789342,-0.006755001793412596,-0.04441405310094959,0.20308297852498258,0.15850468996920844,376.35698480469364,0.7160548267015735,0.00893833732593277,False,False,-0.15161029958996597,0.8125761205393427,high,1.2661905249243501,False,False,False,False
2024-07-10,52423.45,52217.3,0.864880125211144,-0.3932400481082343,0.674507305413905,-0.4803193990475574,0.06651121825742567,0.1045025248385345,0.16087102498920647,0.26537401059771804,0.19050139160932128,368.148077401489,0.7022583927640951,0.008792119310392916,True,False,0.01408949494872136,0.7992835736720832,mid,1.234770390846751,True,False,False,False
2024-07-11,52340.85,52305.65,1.2434838180885597,-0.06725148712716233,0.55463371343798,-0.365011267489912,0.3527338551633896,0.07486432633581064,0.2986896751306478,0.40661709153247544,0.2170396178572931,368.3221899240889,0.7036992901798288,0.008788375192932314,False,False,0.1907413826452098,0.798943199357483,mid,1.2337227044779462,True,False,False,False
2024-07-12,52337.35,52348.7,1.191118770820459,0.021686233636208918,0.648867395846367,0.3698123806421316,-0.468105438894062,-0.10260094347012139,-0.557456431480019,0.6649419674896025,0.37066262631666436,370.19019503399613,0.7073155118361861,0.008839265850464234,False,False,-0.06309069861477612,0.8035696227694759,high,1.2421670931096451,True,False,False,False
2024-07-15,52375.05,52484.4,0.9704048015228623,0.2087826169139717,0.5301188256622217,0.37794713322469864,-0.26943488102257884,-0.07328024882885531,-0.23005675304101914,0.3467559393605,0.1822953394142944,374.1706277090052,0.7144062444026406,0.008938967932908607,False,False,-0.03562648165091886,0.812633448446237,high,1.2632547269052805,True,False,False,False
2024-07-16,52586.95,52399.95,0.54661850516146,-0.35560153231932734,0.4973667421289938,-0.406089343458782,0.12506348642631337,0.026609467438709622,0.054855786522267636,0.2388617122432352,0.1732953488749127,376.6225168884084,0.7161900754624645,0.008971596896690071,True,False,-0.033724306651128355,0.8155997178809155,high,1.2708867383004177,False,False,False,False
2024-07-18,52191.65,52559.25,1.1766249965272195,0.7043272247572174,0.9582950529442956,0.9854066694576558,-0.18859350794359075,-0.034774445912899576,-0.2941524873606327,0.33316921524040183,0.19211456184672934,366.34463666921147,0.7019219294067374,0.008795156623133354,False,False,-0.35286293212111186,0.799559693012123,mid,1.232341607836543,True,False,True,False
2024-07-19,52464.6,52222.95,0.839518456254307,-0.46059628778262196,0.513203188435631,-0.29095809364790837,-0.11842418414912403,-0.11384154518631062,-0.06063307046251243,0.2583539707466487,0.2553071093136968,328.8799392615947,0.626860662735625,0.00782484982017181,False,False,-0.05270242630934785,0.7113499836519828,mid,1.1414416046630467,True,False,False,True
2024-07-22,51967.65,52328.6,1.0630651953667274,0.6945667160242808,0.95155351454222,0.5698737580013713,0.07022068812447824,0.056532356882743606,0.100578108806193,0.203199920403806,0.19389354890241295,322.82654530848595,0.6212067417104409,0.007758324133497994,False,False,-0.14811495712133693,0.7053021939543631,mid,1.1291512516994429,True,False,True,True
2024-07-23,52428.0,51757.15,2.2981994354161928,-1.2795643549248448,0.8754863813229572,-1.3635843442435402,0.03819148339589962,-0.09144421999142116,-0.21102479155514775,0.8225188588578107,0.4375224506664766,320.6774614199894,0.6116530506980801,0.007649354349551476,False,False,0.3485665582492192,0.695395849959225,mid,1.1138160858145552,True,True,True,False
2024-07-24,51582.6,51429.75,2.2495957939305145,-0.2963208523804495,0.9205623601757154,-0.5992330747189967,0.30990667693837626,0.36011266814119924,0.7829270754033946,0.658429793168008,0.49514272306057716,336.78757898217737,0.6529092736352518,0.008174690755404323,True,False,-0.1922439701567802,0.7431537050367565,mid,1.165649844275259,True,True,False,False
2024-07-25,50869.5,50886.55,0.8771464236919905,0.033517136987781804,0.8533600684103413,0.04010261551616878,-0.006288084669070493,0.0001965153891170246,0.012087133492055813,0.17076079929416535,0.14650222258904239,340.5254439028904,0.6694098505054903,0.008365855086499086,False,False,-1.2977897034303965,0.7605322805908259,mid,1.18147659295587,True,False,False,False
2024-07-26,50652.25,51352.75,1.8958683967642023,1.3829592959838877,0.8649171557038405,1.080702239288489,0.22461091042613734,-0.020652602763748806,0.17638113161135838,0.3116232239868742,0.22464576402452135,337.3040222388372,0.6659211036801667,0.008288674978674561,False,False,-0.8459013236307156,0.7535159071522328,mid,1.1670635077128733,True,True,True,True
2024-07-29,51639.35,51389.6,2.2333743550219025,-0.4836428034047713,1.0079522689576843,-0.32659202720406455,-0.23557091704601296,-0.4209128019159736,-0.08289219830694972,0.6498843031083704,0.6486769511213676,356.10895352730586,0.6896077381440817,0.008612558251902536,False,False,0.3775844526339833,0.7829598410820487,mid,1.2110979460021298,True,True,False,True
2024-07-30,51314.85,51426.15,1.3596454047902256,0.21689627856265048,0.6654993632447527,0.9896745289131648,-0.8005179197533074,-0.38715190480481665,-0.8075042907710106,0.9992725195715504,0.6098902003869582,366.6162393379127,0.7144447257234752,0.00895088343706076,False,False,-0.01109173840621036,0.8137166760964327,high,1.2484520486417068,True,False,False,False
2024-07-31,51527.5,51620.8,0.6353888700208654,0.181068361554515,0.4442288098588161,-0.0730677793411294,0.3027781203480018,0.2182084205746504,0.5230939914747879,0.43911567036998267,0.342885085954125,373.289116516411,0.7244463956458416,0.009066331802423897,True,True,0.3058755127498314,0.8242119820385361,high,1.2695340590230146,False,False,False,False
2024-08-01,51773.25,51606.45,0.8130646617703241,-0.3221740956961372,0.4463695054878698,-0.531548627911127,0.22418324577337945,0.1506718138926555,0.13493339179477815,0.33943032794446176,0.33918136598116244,364.5765768846213,0.7041794302745554,0.008808187992656114,False,False,0.1003471468865147,0.8007443629687376,mid,1.2224907793178226,True,False,False,False
2024-08-02,51159.55,51337.75,1.0180894867136214,0.3483220630361217,0.5648016841430472,0.6792475696131062,-0.28860126914664885,0.03944435083851339,-0.26933555481764015,0.4214956981617193,0.22088836469565312,353.5997180778468,0.6911705010654838,0.008622946248985653,False,False,-0.8413676972548911,0.7839042044532412,mid,1.1900232430694127,True,False,False,False
2024-08-05,50687.6,50056.0,2.028997230091787,-1.2460641261373584,0.7908245803707531,-1.2703304161175488,0.0801299664093591,-0.10033091249268544,0.02146863432526125,0.4357191814354313,0.3130603720820701,348.85342477451195,0.6882421435903692,0.008621338088359623,False,False,-1.463835092110577,0.7837580080326929,mid,1.1901445296589814,True,True,True,False
2024-08-06,50569.85,49770.2,2.036292375793086,-1.581278172666123,0.8915391285519056,-1.6218161612106874,0.045326906493925456,0.10861202878218457,0.07006799712088174,0.30000180905613505,0.21933595812403478,364.65510868284036,0.7210919326097276,0.00901518894052588,False,False,0.7609477385328356,0.8195626309568981,high,1.2415884577600864,True,True,True,False
2024-08-07,50202.4,50226.45,1.016385670804583,0.047906076203529935,0.9918848501266814,-0.18266058993196,0.11185235887745115,0.26461820729160035,0.3735490460693658,0.5003921318201502,0.3822374029042048,377.3673407197457,0.7516918328999125,0.00942119875459204,True,False,1.0367649718104444,0.8564726140538218,high,1.2994993060061275,True,False,False,False
2024-08-08,50121.85,50109.45,1.2193284964541442,-0.024739709328369663,0.7101693173735694,0.2024067347873304,-0.22390006232168025,-0.11053236933958877,-0.22181403660728183,0.36755848381129586,0.24687888084231552,380.014643827908,0.7581815990988122,0.009494494025003563,False,False,-0.34752605449916985,0.8631358204548693,high,1.3183912961308903,True,False,False,False
2024-08-09,50459.45,50481.8,0.6367489142271724,0.04429299169927958,0.6367489142271724,0.1621103678300262,-0.13108104765908735,-0.051385171962103904,-0.21232681723287739,0.2140825563277463,0.1975210367329724,387.1486293008202,0.7672470256826426,0.009578526289016826,False,False,1.0031042048954886,0.8707751171833478,high,1.3362856470090374,False,False,False,False
2024-08-12,50268.55,50578.55,1.3556189705093882,0.6166877699874007,0.6184781538357511,0.9225450107472666,-0.2953739530831556,0.06726220091812785,-0.44559166365701897,0.46567965576171394,0.2101943778691533,379.80020687346405,0.7555423955404802,0.009445694497610463,False,False,-0.13707910573712567,0.8586994997827693,high,1.305824415082136,True,False,False,False
2024-08-13,50519.05,49853.7,1.5323922361960516,-1.3170279330272594,0.4961494723277683,-1.2084550283506967,-0.12092116481045023,0.032308491915844506,-0.22617551219746845,0.31447517509525796,0.16264616582484567,382.87640983124584,0.7578852132636021,0.009493018287500207,False,False,-0.362208881037529,0.8630016625000188,high,1.3137820315657656,True,True,True,True
2024-08-14,49791.9,49746.4,0.6117460872149858,-0.09138032491228243,0.6117460872149858,-0.11789066093079725,-0.011662229657438683,0.05070198099883516,-0.052860390282527536,0.15733956391304,0.12675495249707258,383.74499457873026,0.7706976327047778,0.009657144409344455,True,False,0.0670963238435851,0.877922219031314,high,1.3420277493074788,False,False,False,True
2024-08-16,50121.65,50510.95,1.5908295117977929,0.7767102639278489,0.83077871538547,0.7490774944559853,0.010792698986672455,0.04586029152486848,-0.132885766688573,0.26070804065976355,0.18720507771486983,386.8366292599785,0.7717954801168327,0.009665494754653413,False,False,0.7771416625122596,0.8786813413321283,high,1.3451630872195541,True,True,True,True
2024-08-19,50648.5,50418.85,0.8780121819994612,-0.45341915357809404,0.6755382686555406,-0.5330858761858681,0.077413976200158,0.25841386188032445,0.15753443706767456,0.29367686612343974,0.2942080097360024,397.52294627585434,0.7848661782201928,0.009794774359538707,False,False,0.34170808507858474,0.8904340326853369,high,1.3658816699972616,True,False,False,False
2024-08-20,50465.35,50719.1,1.2424366421713118,0.5028202519154146,0.8094662971722183,0.904184752508419,-0.3165647617467293,-0.2289838522159804,-0.29512460052601996,0.37744260054416356,0.30485318007466755,395.79728816184434,0.7842951414422853,0.009802327325649706,False,False,-0.003173416291724074,0.891120665968155,high,1.367829494145944,True,False,False,False
2024-08-21,50669.05,50737.7,0.8666039722473552,0.13548704781320975,0.6765471229478264,-0.4758328802296541,0.6276281308282394,0.16274525285222552,0.5106300378416861,0.7428420151919835,0.30881133788639287,398.99933593705646,0.7874616475680054,0.00984746807260172,True,False,-0.1034127182856115,0.8952243702365199,high,1.3770387218083333,True,False,False,False
2024-08-22,50872.9,50952.65,0.5613008104511497,0.1567632275730313,0.4288137692170123,0.17838574172104327,0.033651435876347335,-0.006080350855852679,-0.05450061362201053,0.19886723184073068,0.12896228024925516,379.05512768314657,0.7451022601093048,0.009320809111906116,False,False,0.3096316939869226,0.847346282900556,high,1.305642630271496,False,False,False,True
2024-08-23,50930.0,50961.35,0.5127626153544108,0.061555075593955344,0.5127626153544108,0.12644806597290614,-0.12001317791758837,0.020030241737512,-0.039349796136656234,0.25257675352588305,0.19647310645484933,355.9495832411012,0.6988996333027708,0.008742167585332077,False,False,0.17153180452833539,0.7947425077574615,mid,1.2213792192124278,False,False,False,False
2024-08-26,51107.5,51163.35,0.5014919532358179,0.10927945996184185,0.4920021523259739,0.12297607983171588,-0.02110597250164492,0.035783247378584626,0.0,0.17002033404109998,0.1398088627086745,353.9072676752403,0.6924761877909118,0.008678325151525052,False,False,0.27334440708497443,0.788938650138641,mid,1.2030121310998543,False,False,False,False
2024-08-27,51114.6,51171.5,0.9128507314935431,0.11131848825971513,0.6416953277537142,0.38032186498573317,-0.17306905221307067,-0.05219822838237187,-0.19086814314234202,0.29049484495896555,0.21435422010480343,336.7061149135916,0.6587278681895028,0.008252187990471341,False,False,0.09909437126380816,0.7501989082246673,mid,1.1329281571422327,True,False,False,False
2024-08-28,51194.4,51049.55,0.4435055396684069,-0.2829411029331319,0.2996421483599797,-0.042094447830232085,-0.1591664329815501,-0.13496753840123166,-0.29175912210753774,0.26674300923243477,0.23396979502720772,314.0145444908994,0.6133767452903041,0.007686357693709154,True,True,0.0731852691439494,0.6987597903371957,mid,1.066612523226322,False,False,False,True
2024-08-29,51068.7,51166.8,0.753005265456132,0.19209417901768777,0.5391756594548243,-0.06941629608742117,0.16606820063389538,-0.14708956054796385,0.0020541131659834733,0.5213267820489498,0.2933977688486522,304.73632400857605,0.5967183891670946,0.007451305065433226,False,False,0.10617135704427128,0.6773913695848387,mid,1.0208905843000724,True,False,False,False
2024-08-30,51401.05,51319.55,0.40962198243032566,-0.15855707227770965,0.29230920380031145,-0.05077717283986649,-0.05167888241253138,-0.055083335441930004,-0.12972842608494073,0.2806815383762016,0.28067197776424796,306.5531205174957,0.5963946660963068,0.007474764498082969,False,False,0.5289562763354239,0.6795240452802698,mid,1.0267800400091522,False,False,False,True
2024-09-02,51425.5,51431.8,0.551671835956864,0.012250731640928159,0.43665107777270595,0.08011589581042866,-0.0912240341813142,-0.024886963605741386,-0.19380973454762307,0.25676796841453103,0.16545942209748213,304.3233751877524,0.5917752383306966,0.007402048104760655,False,False,0.5065321110570897,0.6729134640691503,mid,1.006514226450258,False,False,False,False
2024-09-03,51393.65,51690.05,0.9924377817103779,0.5767249455915335,0.3816619368346118,0.04864414183465282,0.5760555751658236,0.23083296589350155,0.6429960814993585,0.6903137285790215,0.3308412030060559,299.1781794997769,0.5821306318966971,0.007294444719577761,False,False,0.09323025832266296,0.6631313381434327,mid,0.9831236216137862,True,False,False,True
2024-09-04,51422.35,51390.6,0.4738212080933708,-0.06174358036923344,0.4738212080933708,-0.031114875146698306,0.025094176108586552,0.07424909159203796,0.009919448245265805,0.22886277668031565,0.17058801777307503,279.3939813428369,0.5433318028888935,0.006797250400065041,True,False,-0.6295215423471223,0.6179318545513673,low,0.9310094007751267,False,False,False,False
2024-09-05,51560.9,51445.05,0.4802088404197726,-0.22468575994599727,0.3938061593184039,-0.23428605784616696,0.06143067373507449,0.058610209062504026,0.0009714170254415677,0.1949840688490023,0.15133680847485845,253.95584423132095,0.49253570870818963,0.0061238326066887505,False,False,0.2989846392141837,0.5567120551535227,low,0.8526440755544415,False,False,False,False
2024-09-06,51312.0,50627.8,1.8178009042719052,-1.3334112878079174,0.938961646398509,-1.286248830682879,-0.0760088446655649,0.20500911206604577,-0.4032984083536584,0.5056068862038983,0.3062762881372821,244.90343085307177,0.4772829569166507,0.005977988302669521,False,False,-0.47555595727869493,0.5434534820608654,low,0.8259276783333608,True,True,True,True
2024-09-09,50424.5,51126.55,1.6328372120695267,1.3922795466489557,0.6386776269472094,0.9846404029787204,0.3861864456707442,-0.0004890654741296352,0.2710896253294237,0.5371064983012902,0.1548381291093755,254.5657900821243,0.5048454423586239,0.006310141573263326,False,False,-0.1551519125855827,0.5736492339330296,low,0.8559642054849347,True,True,True,True
2024-09-10,51280.85,51277.65,0.7951311259466253,-0.006240146175418015,0.7245394723371452,0.03217575371703418,0.02495255602872337,0.1500978368540018,0.0034107475578970536,0.295531835465182,0.29590158734805727,273.9517830556215,0.5342184910266142,0.006683772870327573,False,False,0.3946090631971044,0.6076157154843248,low,0.9056631614208263,True,False,False,True
2024-09-11,51115.6,51094.5,0.9242775199743413,-0.041278983324066765,0.5278232085703692,-0.10574071320691436,-0.021150944301540076,0.16766309626352616,-0.008716056346846912,0.3045344295267182,0.22672288792571202,264.82825112156934,0.5180967280469551,0.006487202244747815,True,False,-0.11525489175108206,0.5897456586134376,low,0.8777956952666598,True,False,False,True
2024-09-12,51197.9,51668.05,1.6662792809861313,0.9182993833731556,0.3746247404678764,0.8006187753794691,0.21973422622161287,0.09047024206354504,0.3662740661466657,0.6525176426819201,0.4907647783382282,254.29192845063153,0.4966842945719092,0.006224761734839669,False,False,0.3454383544217121,0.5658874304399698,low,0.847108999068829,True,True,True,True
2024-09-13,51741.55,51896.6,0.6767288571757155,0.299662456961558,0.5964258898312977,0.4190056154096622,-0.09931031297183424,0.029388242775785223,-0.03351041856246573,0.21411380461465768,0.2061031190079244,275.52628080380964,0.5325048839932504,0.0066280263820598425,False,False,0.5506304186049249,0.6025478529145312,low,0.8997752738940774,True,False,False,False
2024-09-16,52026.2,52153.85,0.5521256597637345,0.24535714697595523,0.5222368729601707,0.2441077764664623,0.01399722356443256,0.07549718300536856,0.011696040985986755,0.1834019772516244,0.12116002812676653,261.4090274385562,0.5024565073723551,0.0062787600657914396,False,False,0.27381369877794715,0.5707963696174035,low,0.8539508259039721,True,False,False,True
2024-09-17,52193.45,52144.65,0.38146549040157063,-0.09349832210745479,0.38146549040157063,0.06839938727944972,-0.13852417663315908,-0.08247150135488601,-0.16031607630471179,0.2403830045099392,0.2405179325228002,258.1135545838879,0.49453246448335547,0.006196395714129563,False,False,0.18253685969493727,0.5633087012845057,low,0.8376802278867945,False,False,False,False
2024-09-18,52186.8,52633.1,1.532284025845605,0.8551970996497182,0.6323438110786636,1.1779798723048795,-0.2357885327230025,-0.1256083711106415,-0.23087580340138691,0.3258427072690018,0.32620256980506646,247.91860836098203,0.4750599928736424,0.005947873940513985,True,False,0.06223073699793691,0.5407158127739986,low,0.7945521071524346,True,True,True,False
2024-09-19,53097.85,53045.15,0.9518276163724171,-0.09925072295769999,0.8663250960255452,-0.2324011235859902,0.16479642544662276,0.1225545693324781,0.1955315701817728,0.31184844769507636,0.20972964405398337,263.84858231720136,0.4969101052438119,0.006227596949206076,False,False,0.5626687388734508,0.5661451772005522,low,0.8278483003354943,True,False,False,False
2024-09-20,53180.5,53937.15,1.9339795601771328,1.4227959496432074,0.745856093868996,0.30875978977256135,1.1018901596597352,0.8448850191611346,0.9214998863211976,1.405669166758832,1.2608298515444425,269.11003327554863,0.5060314086470579,0.006330398638164882,False,False,0.35941080381525214,0.5754907852877166,low,0.8475383138361179,True,True,True,True
2024-09-23,53780.75,54076.3,0.8489096935241618,0.5495460736415936,0.45508848426249165,0.6753345760332374,-0.1603133868142148,-0.060916877580174944,-0.03347187484107339,0.285627480078571,0.2751889902218679,296.35134382999604,0.5510360934535052,0.006895706978845384,False,False,-0.035689686978268576,0.6268824526223076,low,0.9185539922830742,True,False,False,False
2024-09-24,54021.35,53971.25,0.6350267070334148,-0.0927411106904974,0.3618013988913723,0.1114374224265191,-0.16447383627133938,0.00046302855867264014,-0.22931923047783132,0.6343198373567245,0.22947695367955176,300.80128772497847,0.5568192718711741,0.0069688801608035625,False,False,0.06352135778520118,0.6335345600730511,low,0.9358135502464687,True,False,False,False
2024-09-25,53854.9,54135.75,0.6470163346325114,0.5214938659249269,0.4417425341055344,0.378981299751735,0.049020514622921674,-0.03308479688892696,0.023209386578693092,0.15945540982999518,0.14851192346506606,298.85579413109735,0.5549277672618412,0.00690138738212148,True,True,-0.32841559163443446,0.6273988529201345,low,0.9219585800509116,True,False,False,True
2024-09-26,54075.2,54281.5,0.8441022871852478,0.38150575494866334,0.3114181732106427,0.2129441962304357,0.2191349566850853,-0.23595845147330596,0.21978224764716003,0.5376418495174853,0.2990582787065098,299.9831807964547,0.5547518655436405,0.006936053756327934,False,False,-0.1660640149993342,0.6305503414843575,low,0.9321770447079375,True,False,False,True
2024-09-27,54282.0,53834.3,1.0602041192292104,-0.8247669577392092,0.30599462068457045,-0.6588740282229888,-0.207976544918953,-0.024895217145748383,-0.16400559548502835,0.337324418375004,0.2426354745697188,301.7738834107695,0.5559372967296148,0.006958602900218529,False,False,0.10537660160458984,0.6326002636562299,low,0.9367806383913406,True,False,True,True
2024-09-30,53634.6,52989.7,1.4912947985069314,-1.202395468596762,1.1532667345333103,-1.1316389047368647,-0.11022551442503303,-0.04321398850017921,-0.04132769465061692,0.276365254730307,0.18314050584897681,305.351571072908,0.5693182592447934,0.0071083922952405254,False,False,-0.5151919872646404,0.6462174813855023,low,0.96926892501999,True,True,True,True
2024-10-01,53140.8,52980.0,0.7855546021136247,-0.3025923584138779,0.7362516183422154,-0.49820476921687007,0.1256712632656809,0.04091015166989287,-0.03191123766508319,0.24235925338598752,0.19831503084323923,315.37034264297836,0.5934617895157362,0.0074009953023908255,True,False,-0.2749590958242787,0.6728177547628023,mid,1.016440537312298,True,False,False,False
2024-10-03,52373.3,51860.85,1.7175736491685565,-0.9784565799749179,0.539301514321223,-1.2290613728751176,0.2585560298165923,-0.09400496800845426,0.16764346021509446,0.5466889363149834,0.2906833949277658,307.8539879937234,0.5878071230831805,0.007347539078277911,False,False,-1.2562287655719206,0.6679580980252646,mid,1.006399975671202,True,True,True,False
2024-10-04,51843.9,51555.75,1.9502776604383514,-0.5558030935172709,0.7985510349337144,-0.45338024338447136,-0.19240886010828406,0.19627047199255454,-0.0395886275845303,0.5274289196523408,0.3850519319219569,322.17292272807026,0.6214287943771017,0.007745493939390188,False,False,-0.41862021158541873,0.7041358126718352,mid,1.0686575919450099,True,True,False,True
2024-10-07,51708.5,50617.8,3.0758966127425857,-2.1093243857392863,0.7115851359060974,-2.5050040128798967,0.363595248863402,-0.07396223284968917,0.08476143661237945,2.324887132735069,0.8652297519747097,339.7202501552347,0.6569911139469037,0.008233221377372854,False,False,-0.024342580604497233,0.7484746706702594,mid,1.1425312008386974,True,True,True,False
2024-10-08,50506.0,51075.85,1.4058725695956973,1.1282817883023766,1.1068981903140278,1.2344077931334851,-0.17181878545534657,0.12888443362450985,-0.2342584113624535,0.4137537172803456,0.18881471440425768,364.24610631100586,0.721193732053629,0.009038609921800058,False,False,0.23371225142143626,0.8216918110727324,mid,1.2057310987936862,True,False,True,False
2024-10-09,51194.6,51088.2,1.5693061377567195,-0.2078344200364901,1.3681130431725108,-0.25266336683946733,-0.0020561928121387574,0.09477446715089322,-0.027115365602259356,0.44110231517519255,0.3826261838232571,365.89447672555616,0.7147130297444577,0.008956535949687355,True,False,0.16818124416921876,0.8142305408806685,mid,1.194265551884736,True,True,False,True
2024-10-10,51153.55,51533.4,1.1972776082989296,0.7425682088535446,0.717056782960328,0.8966142134807731,-0.19443077411929188,-0.050060489758463333,-0.1275746374641007,0.31678556620333953,0.15056953508746676,376.4829289371737,0.7359859265626212,0.009175205645953928,False,False,0.21042041019256885,0.8341096041776297,high,1.233061436179261,True,False,True,False
2024-10-11,51403.5,51189.25,1.078039433112534,-0.41680041242327937,0.559105897458347,-0.45629188673923515,0.012409869657292738,0.012800781727140276,0.0640366974270945,0.15839684027130302,0.09537070966166442,379.079922764864,0.7374593612591828,0.009242779195774464,False,False,-0.08053029685601842,0.8402526541613149,high,1.2467550445197624,True,False,False,False
2024-10-14,51305.45,51879.05,1.3100947365240954,1.1180098800420035,1.0082749493474923,0.8978578299186468,0.16226835709083343,0.09633167439508927,0.11372588393394611,0.2066023903674497,0.18503789560657788,370.64383512203494,0.7224258536316025,0.00905415401260244,False,False,0.14456160228955017,0.8231049102365854,mid,1.2173693000639525,True,False,True,True
2024-10-15,51943.6,51945.4,0.6224058401805092,0.0034652969759463303,0.604598064054095,-0.1108895032304269,0.15158231507534925,0.1586281269063683,0.10633901919594457,0.33438692518213003,0.2851644152587621,382.83171802992365,0.7370142193261993,0.009202729857949133,False,False,0.18678059833399097,0.836611805268103,high,1.2492289409216961,False,False,False,False
2024-10-16,51796.1,51796.4,0.6185793911124611,0.000579194186434151,0.6185793911124611,0.128001915202125,-0.12427114826927266,-0.0008687527027984032,-0.10934409932379374,0.2184627013019122,0.11612327793908972,380.76230781893537,0.7351177170075264,0.009212712341173568,True,False,-0.45085801630173616,0.8375193037430516,high,1.2527302117623509,False,False,False,False
2024-10-17,51892.9,51269.55,1.502999446937822,-1.2012240595534185,1.1156632217509468,-1.1946721035055008,0.03510623047824346,0.015892267972872354,0.04076453992143403,0.2681725939311079,0.19197469716942983,382.67021067058886,0.737423059167225,0.009240615370538729,False,False,0.10213065000657107,0.840055942776248,high,1.2646569828335221,True,True,True,False
2024-10-18,51182.6,52138.7,2.3417137855442975,1.8680176466221,1.1058445643636705,1.8601048012410581,0.018222046182336804,0.0506545274882475,0.08858305501171504,0.3404645470910421,0.2521213981800854,377.56339538473185,0.7376792022772033,0.00923764669810012,False,False,-0.016676565329720727,0.8397860634636471,high,1.2632417044022748,True,True,True,True
2024-10-21,52402.4,51855.15,1.3784673984397633,-1.0443223974474503,1.2029983359540812,-0.7515877135398363,-0.14891782216578386,-0.12827465777398572,-0.19334367318384338,0.31148724584707704,0.19750835612275344,407.798807205334,0.7782063554442812,0.00975352475250693,False,False,0.4265545554453798,0.8866840684097208,high,1.3324053419136672,True,False,True,True
2024-10-22,51891.0,51271.6,2.0768534042512274,-1.1936559326280127,0.7773024223853959,-0.6637952631477484,-0.4991604675773753,-0.1449467230748458,-0.6542119433629701,0.8076195206080774,0.4598578373442809,395.61726047327465,0.7624005327961971,0.00955290728138989,False,False,0.41693062309142714,0.86844611648999,high,1.3047845458228085,True,True,True,True
2024-10-23,51234.6,51241.8,0.865918734605133,0.014053003243907902,0.865918734605133,-0.02137227576676226,-0.011713339443797377,-0.0583442525545097,0.008103332129216767,0.2779965894660015,0.277866941931861,407.89408620772156,0.7961301273118587,0.009958518349683018,True,False,-0.2999711341171274,0.9053198499711833,high,1.3659300383392767,True,False,False,True
2024-10-24,51459.75,51565.9,1.126511496849488,0.20627772190886517,0.9274238603957461,0.2542764004877629,-0.06173605269176319,0.19900362151610285,-0.04672095473592375,0.36237221509344164,0.31123466783011516,411.84751666155717,0.8003294160223421,0.009996201236278542,False,False,0.059521718596933226,0.9087455669344128,high,1.3776259673283604,True,False,False,False
2024-10-25,51385.85,50854.7,2.177544985633213,-1.0336503142402087,1.7787970812976779,-1.8946850154273998,0.8817301350366291,0.15893319783637505,0.7219927038235596,0.9823009288416944,0.41909522304313873,413.8420786283896,0.8053619403559337,0.01008861153878473,False,False,-0.3803870387213304,0.9171465035258843,high,1.4017700258144359,True,True,True,False
2024-10-28,51131.1,51328.15,1.1276894101632833,0.3853818908648554,0.8645423235564963,0.34675569271931383,0.0150072892547648,0.1055362646794844,-0.03740116450084985,0.3975957153214678,0.35308805743045535,429.946546123796,0.840870910510034,0.010524426955292715,False,False,0.40635378834208424,0.9567660868447921,high,1.4684533645929059,True,False,False,True
2024-10-29,51374.85,52284.85,2.0943126841246196,1.7712947093762699,0.5090039192328543,1.684968423265465,0.16050765210899876,0.08511883641593165,0.18198597339040834,0.31862252466955154,0.19548640633054054,432.52899516348043,0.8419080448185843,0.010537856114282672,False,False,0.14796948652930908,0.9579869194802427,high,1.4719599643186108,True,True,True,True
2024-10-30,52178.45,51849.2,0.9333355053666791,-0.6310076286282884,0.7775240544707578,-0.663779778816731,0.09067739875483483,0.19477290174927386,0.16507831083376612,0.28611613266682795,0.28641369687079593,447.9368306338838,0.8584709408460462,0.010749238182357592,True,True,-0.5664164667202876,0.9772034711234174,high,1.5019431649067287,True,False,False,False
2024-10-31,51692.35,51555.6,1.3299840305190227,-0.26454591443414444,0.6889800908645118,-0.7139354275826015,0.43596183409875255,0.27848081565795546,0.41893945297279966,0.4706439375488382,0.3602839473269623,444.49925699020605,0.8598936921811566,0.010775407854221937,False,False,-0.38525184573725557,0.9795825322019941,high,1.5092819313249493,True,False,False,False
2024-11-04,51529.7,51227.2,1.3539764446523017,-0.5870400953236654,0.9544980855700664,-0.6738832168632802,0.14086859851376587,0.11231115855308005,0.06432833023568563,0.20553920337929185,0.19171026455626144,438.4898295421917,0.8509458225881225,0.010652551629833537,False,False,0.405193616212407,0.9684137845303216,high,1.489861077234996,True,False,False,False
2024-11-05,51116.2,52105.85,2.786005219480333,1.9360789730066053,0.44975956741698614,2.0854445361744522,-0.06774340675556045,-0.07032867637407625,0.11394288456922919,0.3561559305663729,0.30833471467541296,426.3185371393811,0.8340184464795527,0.010449768287056942,False,False,-0.3408345566417781,0.9499789351869946,high,1.4593610156932613,True,True,True,False
2024-11-06,52417.2,52384.55,0.5886426592797701,-0.06228871439144523,0.4532863258625004,-0.06448265073295545,-0.04476609002089793,0.10199477694974313,0.021299437618416128,0.3137444304875181,0.16154749113878555,427.8887974104,0.8163137241409308,0.01022743357078129,True,False,0.6420584253015837,0.9297666882528446,high,1.4445467597896464,False,False,False,True
2024-11-07,52238.55,51891.9,1.1964344339572976,-0.6635903944500754,1.1636042730895069,-0.6652175452802611,0.0505867582174524,-0.02869125513649262,-0.08438997212339983,0.22855579141296722,0.17465079468999406,420.0597860963826,0.8041183878503185,0.01005480341747714,False,False,-0.23976535066161375,0.9140730379524672,high,1.40399104122729,True,False,False,False
2024-11-08,51733.9,51532.15,0.9919027948791825,-0.3899763984543947,0.7695147669129885,-0.35663269152335086,-0.039282707461196775,-0.1676815387566144,-0.16903542285010564,0.32735589550993804,0.24982708749469074,411.24005387915895,0.7949140773828359,0.009944481458924797,False,False,-0.043841138983158334,0.9040437689931633,high,1.3852737227036274,True,False,False,True
2024-11-11,51354.95,51812.35,1.7203794376199375,0.8906638990009652,0.7398507836148305,0.928148114251881,-0.008392563609838088,0.03715642371835415,0.050964414676601955,0.3807522823914341,0.3809257257566371,407.26697802686977,0.7930432763090408,0.009896186138720984,False,False,0.05928337940488415,0.8996532853382712,high,1.3749249481777843,True,True,True,False
2024-11-12,52048.95,51120.6,2.232898069989893,-1.783609467626146,0.7424741517360185,-1.7443195299808978,0.10891446303897823,-0.014549587729129065,-0.03329180806735943,0.566570299201913,0.3254615832295036,420.53085565816946,0.8079526208658763,0.010087140856295156,False,False,0.4659120846670861,0.9170128051177413,high,1.4067879090402944,True,True,True,False
2024-11-13,51115.95,50290.5,2.8349272585171525,-1.614857984640794,0.9533227886794688,-1.5592980273280599,-0.04292621659057749,0.6490511366649576,-0.5425959578182926,0.9183428095606193,0.7862253479132241,426.15468068348855,0.8337019671618909,0.010445921043850843,True,False,-0.1753696161625684,0.949629185804622,high,1.4528638570540133,True,True,True,True
2024-11-14,50223.75,50239.2,1.239353891336279,0.030762338535050837,1.0205331143134533,-0.09039548022599098,0.05719598193245634,0.17028552503208783,-0.0007966945144488591,0.33361001308333466,0.33398707545833733,450.36913153772184,0.8967254168351066,0.011231545366349715,False,False,-0.47136139032223356,1.021049578759065,high,1.5637453979991287,True,False,False,False
2024-11-18,50273.5,50361.85,0.7395546361403182,0.1757387092603535,0.5834087541149968,0.12193302634588843,-0.002880710760755356,-0.06442864006925841,-0.023934659373059386,0.2741641965399684,0.24461043009343064,455.6033496036689,0.906249514363768,0.011342982447925592,False,False,0.14580248093123416,1.0311802225386901,high,1.5949441800814292,False,False,False,False
2024-11-19,50538.95,50466.0,1.0737263041673828,-0.14434411478670972,0.7710884377297201,0.5565014706478966,-0.5589312911007727,-0.25156127870896716,-0.608020800349296,0.6801429352895138,0.41726209744274284,451.4822881537766,0.8933353149477318,0.011174084617936775,False,False,0.4342572800641875,1.0158258743578885,high,1.5566801192760709,True,False,False,False
