ts,offset,side,strike,spot,open,high,low,close,iv,volume,oi
2026-08-20 09:15:00,ATM-3,CE,540.0,571.95,32.0,32.0,32.0,32.0,0.0,28175,433650
2026-08-20 09:20:00,ATM-3,CE,540.0,570.3,32.0,32.0,32.0,32.0,34.396763,0,433650
2026-08-20 09:25:00,ATM-3,CE,540.0,568.55,32.0,32.0,30.2,30.2,32.543465,3675,426300
2026-08-20 09:30:00,ATM-3,CE,540.0,569.0,30.2,30.2,29.05,29.8,17.87501,6125,427525
2026-08-20 09:35:00,ATM-3,CE,540.0,569.3,29.8,29.8,29.8,29.8,0.0,0,427525
2026-08-20 09:40:00,ATM-3,CE,540.0,568.2,29.8,29.8,29.3,29.3,25.882349,2450,428750
2026-08-20 09:45:00,ATM-3,CE,540.0,567.5,29.3,29.3,28.45,28.45,22.678006,3675,427525
2026-08-20 09:50:00,ATM-3,CE,540.0,568.1,28.45,28.45,28.45,28.45,0.0,0,427525
2026-08-20 09:55:00,ATM-3,CE,540.0,567.7,28.45,28.45,28.45,28.45,0.0,0,427525
2026-08-20 10:00:00,ATM-3,CE,540.0,567.15,28.45,28.45,28.45,28.45,27.887507,0,427525
2026-08-20 10:05:00,ATM-3,CE,540.0,568.05,28.45,28.45,28.45,28.45,0.0,0,427525
2026-08-20 10:10:00,ATM-3,CE,540.0,567.55,28.45,28.45,28.45,28.45,21.589826,0,427525
2026-08-20 10:15:00,ATM-3,CE,540.0,567.9,28.45,28.8,28.45,28.8,21.828045,1225,427525
2026-08-20 10:20:00,ATM-3,CE,540.0,569.4,29.2,29.75,28.8,29.75,0.0,4900,426300
2026-08-20 10:25:00,ATM-3,CE,540.0,569.0,29.75,29.75,29.15,29.15,0.0,2450,426300
2026-08-20 10:30:00,ATM-3,CE,540.0,571.7,29.15,31.05,29.15,31.05,0.0,6125,427525
2026-08-20 10:35:00,ATM-3,CE,540.0,571.95,31.05,31.05,31.05,31.05,0.0,0,427525
2026-08-20 10:40:00,ATM-3,CE,540.0,570.7,31.05,31.05,31.05,31.05,0.0,0,427525
2026-08-20 10:45:00,ATM-3,CE,540.0,570.25,31.05,31.2,30.6,30.6,0.0,7350,427525
2026-08-20 10:50:00,ATM-3,CE,540.0,569.45,30.6,31.15,30.6,31.15,33.998909,1225,427525
2026-08-20 10:55:00,ATM-3,CE,540.0,569.55,31.15,31.15,31.15,31.15,33.133728,0,427525
2026-08-20 11:00:00,ATM-3,CE,540.0,570.05,31.15,31.15,31.15,31.15,27.431852,0,427525
2026-08-20 11:05:00,ATM-3,CE,540.0,571.25,31.15,31.15,31.15,31.15,0.0,0,427525
2026-08-20 11:10:00,ATM-3,CE,540.0,570.85,31.15,31.15,30.75,30.75,0.0,1225,428750
2026-08-20 11:15:00,ATM-3,CE,540.0,570.0,30.75,30.75,30.75,30.75,0.0,0,428750
2026-08-20 11:20:00,ATM-3,CE,540.0,568.2,30.75,30.75,30.75,30.75,39.787612,0,428750
2026-08-20 11:25:00,ATM-3,CE,540.0,567.75,28.9,30.75,28.9,28.9,26.646463,6125,428750
2026-08-20 11:30:00,ATM-3,CE,540.0,568.35,28.9,28.9,28.9,28.9,0.0,0,428750
2026-08-20 11:35:00,ATM-3,CE,540.0,567.85,28.9,28.9,28.9,28.9,25.207134,0,428750
2026-08-20 11:40:00,ATM-3,CE,540.0,568.65,28.9,28.9,28.9,28.9,0.0,0,428750
2026-08-20 11:45:00,ATM-3,CE,540.0,569.85,28.9,30.75,28.9,30.6,0.0,15925,425075
2026-08-20 11:50:00,ATM-3,CE,540.0,568.6,30.6,30.6,30.6,30.6,36.09765,0,425075
2026-08-20 11:55:00,ATM-3,CE,540.0,569.7,30.6,30.6,30.6,30.6,23.370591,0,425075
2026-08-20 12:00:00,ATM-3,CE,540.0,569.15,30.6,30.7,30.6,30.7,32.521257,1225,423850
2026-08-20 12:05:00,ATM-3,CE,540.0,569.0,30.7,30.7,29.9,29.9,22.974826,1225,423850
2026-08-20 12:10:00,ATM-3,CE,540.0,571.2,29.9,32.1,29.9,32.1,24.369053,3675,425075
2026-08-20 12:15:00,ATM-3,CE,540.0,573.9,33.0,33.0,32.1,32.95,0.0,3675,422625
2026-08-20 12:20:00,ATM-3,CE,540.0,572.3,32.95,33.65,32.95,33.65,32.783446,3675,420175
2026-08-20 12:25:00,ATM-3,CE,540.0,573.2,33.65,34.9,33.0,34.9,37.310094,6125,421400
2026-08-20 12:30:00,ATM-3,CE,540.0,572.35,34.9,34.9,34.25,34.25,38.514534,1225,420175
2026-08-20 12:35:00,ATM-3,CE,540.0,571.95,34.25,34.25,34.25,34.25,41.519764,0,420175
2026-08-20 12:40:00,ATM-3,CE,540.0,571.7,34.25,34.25,34.25,34.25,43.205293,0,420175
2026-08-20 12:45:00,ATM-3,CE,540.0,573.15,34.25,34.25,34.25,34.25,29.942448,0,420175
2026-08-20 12:50:00,ATM-3,CE,540.0,572.35,34.25,34.25,34.25,34.25,38.583286,0,420175
2026-08-20 12:55:00,ATM-3,CE,540.0,571.35,34.25,34.25,34.25,34.25,45.411536,0,420175
2026-08-20 13:00:00,ATM-3,CE,540.0,570.8,34.25,34.25,34.25,34.25,48.493762,0,420175
2026-08-20 13:05:00,ATM-3,CE,540.0,570.65,34.25,34.25,34.25,34.25,49.295755,0,420175
2026-08-20 13:10:00,ATM-3,CE,540.0,570.5,34.25,34.25,34.25,34.25,50.079151,0,420175
2026-08-20 13:15:00,ATM-3,CE,540.0,570.25,34.25,34.25,34.25,34.25,51.33425,0,420175
2026-08-20 13:20:00,ATM-3,CE,540.0,570.1,34.25,34.25,34.25,34.25,52.074856,0,420175
2026-08-20 13:25:00,ATM-3,CE,540.0,569.95,34.25,34.25,34.25,34.25,52.801563,0,420175
2026-08-20 13:30:00,ATM-3,CE,540.0,570.0,34.25,34.25,34.25,34.25,52.587868,0,420175
2026-08-20 13:35:00,ATM-3,CE,540.0,569.65,34.25,34.25,34.25,34.25,54.217148,0,420175
2026-08-20 13:40:00,ATM-3,CE,540.0,569.85,34.25,34.25,34.25,34.25,53.326705,0,420175
2026-08-20 13:45:00,ATM-3,CE,540.0,569.75,34.25,34.25,34.25,34.25,53.8057,0,420175
2026-08-20 13:50:00,ATM-3,CE,540.0,569.95,34.25,34.25,34.25,34.25,52.903579,0,420175
2026-08-20 13:55:00,ATM-3,CE,540.0,569.75,34.25,34.25,34.25,34.25,53.847124,0,420175
2026-08-20 14:00:00,ATM-3,CE,540.0,570.05,34.25,34.25,34.25,34.25,52.474129,0,420175
2026-08-20 14:05:00,ATM-3,CE,540.0,570.95,34.25,34.25,34.25,34.25,47.938289,0,420175
2026-08-20 14:10:00,ATM-3,CE,540.0,570.25,34.25,34.25,34.25,34.25,51.554626,0,420175
2026-08-20 14:15:00,ATM-3,CE,540.0,570.25,34.25,34.25,30.0,30.0,0.0,1225,418950
2026-08-20 14:20:00,ATM-3,CE,540.0,569.6,30.95,30.95,30.0,30.35,15.218254,3675,412825
2026-08-20 14:25:00,ATM-3,CE,540.0,569.8,30.35,30.35,30.0,30.0,0.0,4900,412825
2026-08-20 14:30:00,ATM-3,CE,540.0,570.0,30.0,30.75,30.0,30.75,15.787714,3675,412825
2026-08-20 14:35:00,ATM-3,CE,540.0,570.15,30.15,30.75,30.15,30.15,0.0,1225,412825
2026-08-20 14:40:00,ATM-3,CE,540.0,570.4,30.15,30.15,30.15,30.15,0.0,0,412825
2026-08-20 14:45:00,ATM-3,CE,540.0,570.25,30.15,30.15,30.15,30.15,0.0,0,412825
2026-08-20 14:50:00,ATM-3,CE,540.0,571.25,30.15,30.15,30.15,30.15,0.0,0,412825
2026-08-20 14:55:00,ATM-3,CE,540.0,571.1,30.15,30.15,30.15,30.15,0.0,0,412825
2026-08-20 15:00:00,ATM-3,CE,540.0,571.2,30.15,30.15,30.15,30.15,0.0,0,412825
2026-08-20 15:05:00,ATM-3,CE,540.0,571.2,30.15,30.15,30.15,30.15,0.0,0,412825
2026-08-20 15:10:00,ATM-3,CE,540.0,573.0,30.15,30.15,30.15,30.15,0.0,0,412825
2026-08-20 15:15:00,ATM-3,CE,540.0,573.0,30.15,31.9,30.15,31.9,0.0,1225,414050
2026-08-20 15:20:00,ATM-3,CE,540.0,573.0,31.6,31.9,31.6,31.6,0.0,2450,414050
2026-08-20 15:25:00,ATM-3,CE,540.0,573.9,31.6,31.6,31.6,31.6,0.0,0,414050
2026-08-20 15:30:00,ATM-3,CE,540.0,573.9,31.6,32.85,31.6,32.85,0.0,2450,412825
2026-08-20 15:35:00,ATM-3,CE,540.0,573.9,32.85,32.85,32.05,32.15,0.0,4900,411600
2026-08-21 09:15:00,ATM-3,CE,560.0,589.05,28.0,31.0,23.05,29.25,0.0,121275,742350
2026-08-21 09:20:00,ATM-3,CE,560.0,587.9,29.95,29.95,28.2,28.85,26.927701,45325,731325
2026-08-21 09:25:00,ATM-3,CE,560.0,591.8,28.7,31.6,28.7,30.85,0.0,55125,722750
2026-08-21 09:30:00,ATM-3,CE,560.0,592.45,31.9,34.0,30.85,33.25,26.844183,41650,715400
2026-08-21 09:35:00,ATM-3,CE,560.0,593.8,32.65,34.8,32.65,34.35,0.0,19600,705600
2026-08-21 09:40:00,ATM-3,CE,560.0,593.65,34.6,35.6,34.35,35.1,38.315885,28175,699475
2026-08-21 09:45:00,ATM-3,CE,560.0,591.6,33.75,35.1,32.5,32.5,28.753954,11025,699475
2026-08-21 09:50:00,ATM-3,CE,560.0,592.95,32.05,32.5,32.05,32.05,0.0,1225,699475
2026-08-21 09:55:00,ATM-3,CE,560.0,592.35,33.95,34.05,32.05,33.85,37.85883,8575,695800
2026-08-21 10:00:00,ATM-3,CE,560.0,591.3,33.85,33.85,32.25,32.25,29.58277,31850,683550
2026-08-21 10:05:00,ATM-3,CE,560.0,591.4,32.25,33.55,32.25,33.0,38.146798,9800,666400
2026-08-21 10:10:00,ATM-3,CE,560.0,592.15,33.2,33.6,33.0,33.3,33.467914,4900,660275
2026-08-21 10:15:00,ATM-3,CE,560.0,592.0,33.3,33.55,33.3,33.5,37.648943,3675,659050
2026-08-21 10:20:00,ATM-3,CE,560.0,591.35,33.0,33.5,31.55,32.25,28.73323,9800,650475
2026-08-21 10:25:00,ATM-3,CE,560.0,592.45,32.7,33.25,32.25,33.25,27.129083,3675,652925
2026-08-21 10:30:00,ATM-3,CE,560.0,591.5,33.25,33.25,33.25,33.25,39.812432,0,652925
2026-08-21 10:35:00,ATM-3,CE,560.0,591.4,33.25,33.25,32.4,32.4,30.690602,4900,645575
2026-08-21 10:40:00,ATM-3,CE,560.0,591.3,32.8,32.8,32.4,32.7,36.059969,6125,645575
2026-08-21 10:45:00,ATM-3,CE,560.0,588.45,32.7,32.7,29.85,29.85,33.692434,9800,640675
2026-08-21 10:50:00,ATM-3,CE,560.0,587.45,29.7,29.85,28.3,28.3,25.039001,41650,635775
2026-08-21 10:55:00,ATM-3,CE,560.0,587.6,28.4,28.4,28.05,28.05,0.0,4900,630875
2026-08-21 11:00:00,ATM-3,CE,560.0,587.15,28.05,28.05,28.0,28.0,24.86789,18375,625975
2026-08-21 11:05:00,ATM-3,CE,560.0,589.55,28.1,29.7,28.0,29.7,0.0,7350,624750
2026-08-21 11:10:00,ATM-3,CE,560.0,589.0,29.7,29.7,29.7,29.7,21.568792,0,624750
2026-08-21 11:15:00,ATM-3,CE,560.0,588.3,29.7,29.7,29.3,29.3,28.520391,2450,624750
2026-08-21 11:20:00,ATM-3,CE,560.0,588.4,29.3,29.3,29.3,29.3,26.867598,0,624750
2026-08-21 11:25:00,ATM-3,CE,560.0,589.3,29.3,29.4,29.3,29.4,0.0,1225,622300
2026-08-21 11:30:00,ATM-3,CE,560.0,589.35,29.4,29.85,29.4,29.85,0.0,2450,622300
2026-08-21 11:35:00,ATM-3,CE,560.0,589.45,29.85,30.0,29.65,30.0,0.0,8575,619850
2026-08-21 11:40:00,ATM-3,CE,560.0,588.15,30.0,30.0,28.6,28.6,0.0,12250,612500
2026-08-21 11:45:00,ATM-3,CE,560.0,587.65,28.6,28.6,28.6,28.6,27.320511,0,612500
2026-08-21 11:50:00,ATM-3,CE,560.0,587.4,28.6,28.6,28.2,28.2,24.112357,4900,613725
2026-08-21 11:55:00,ATM-3,CE,560.0,587.0,28.35,28.35,28.2,28.2,30.433525,4900,612500
2026-08-21 12:00:00,ATM-3,CE,560.0,587.15,28.2,28.2,28.2,28.2,28.568255,0,612500
2026-08-21 12:05:00,ATM-3,CE,560.0,587.0,28.2,28.55,28.2,28.55,34.290077,4900,611275
2026-08-21 12:10:00,ATM-3,CE,560.0,586.95,28.55,28.55,27.9,28.55,34.748809,9800,610050
2026-08-21 12:15:00,ATM-3,CE,560.0,587.0,28.55,28.55,28.35,28.35,32.255024,1225,610050
2026-08-21 12:20:00,ATM-3,CE,560.0,587.45,28.35,29.4,28.35,29.4,38.37924,2450,611275
2026-08-21 12:25:00,ATM-3,CE,560.0,589.25,29.4,30.0,29.4,30.0,24.133482,3675,611275
2026-08-21 12:30:00,ATM-3,CE,560.0,589.4,30.35,30.65,30.0,30.65,33.16188,13475,610050
2026-08-21 12:35:00,ATM-3,CE,560.0,589.5,30.7,30.7,29.8,29.8,0.0,3675,610050
2026-08-21 12:40:00,ATM-3,CE,560.0,590.0,30.85,30.85,29.8,30.65,19.38844,6125,611275
2026-08-21 12:45:00,ATM-3,CE,560.0,590.0,31.15,31.35,30.65,31.0,30.185256,6125,616175
2026-08-21 12:50:00,ATM-3,CE,560.0,590.05,31.0,31.5,30.3,30.3,0.0,19600,617400
2026-08-21 12:55:00,ATM-3,CE,560.0,590.8,31.3,31.3,30.3,31.3,0.0,1225,617400
2026-08-21 13:00:00,ATM-3,CE,560.0,591.65,31.3,31.3,31.3,31.3,0.0,0,617400
2026-08-21 13:05:00,ATM-3,CE,560.0,592.75,31.3,33.8,31.3,33.8,33.179609,1225,616175
2026-08-21 13:10:00,ATM-3,CE,560.0,594.3,33.8,35.4,33.8,35.4,35.173727,12250,617400
2026-08-21 13:15:00,ATM-3,CE,570.0,595.2,35.4,35.4,26.1,26.5,29.746595,29400,1014300
2026-08-21 13:20:00,ATM-3,CE,560.0,593.55,35.15,36.75,35.15,35.25,41.858398,4900,618625
2026-08-21 13:25:00,ATM-3,CE,560.0,594.1,35.25,35.25,35.25,35.25,35.831543,0,618625
2026-08-21 13:30:00,ATM-3,CE,560.0,593.3,35.25,35.25,34.9,34.9,40.659466,1225,616175
2026-08-21 13:35:00,ATM-3,CE,560.0,592.45,34.9,34.9,34.9,34.9,47.534152,0,616175
2026-08-21 13:40:00,ATM-3,CE,560.0,592.4,34.9,34.9,34.0,34.0,39.924468,1225,616175
2026-08-21 13:45:00,ATM-3,CE,560.0,593.75,34.0,34.5,34.0,34.5,27.547347,8575,616175
2026-08-21 13:50:00,ATM-3,CE,560.0,594.35,34.5,34.5,34.5,34.5,0.0,0,616175
2026-08-21 13:55:00,ATM-3,CE,560.0,595.0,34.5,35.8,34.5,35.8,29.954082,2450,619850
2026-08-21 14:00:00,ATM-3,CE,570.0,595.75,26.65,27.35,26.65,27.35,33.405197,19600,1017975
2026-08-21 14:05:00,ATM-3,CE,560.0,594.75,27.35,36.85,27.35,36.85,46.908474,0,619850
2026-08-21 14:10:00,ATM-3,CE,570.0,597.2,36.2,36.85,26.55,27.5,0.0,9800,1024100
2026-08-21 14:15:00,ATM-3,CE,570.0,597.5,29.0,29.1,27.5,28.9,33.007743,30625,1029000
2026-08-21 14:20:00,ATM-3,CE,570.0,596.85,28.9,28.9,28.5,28.5,34.933921,2450,1027775
2026-08-21 14:25:00,ATM-3,CE,570.0,596.8,28.5,28.5,27.5,27.5,20.625704,13475,1029000
2026-08-21 14:30:00,ATM-3,CE,570.0,595.95,28.1,28.25,27.5,28.25,39.483655,2450,1027775
2026-08-21 14:35:00,ATM-3,CE,570.0,596.15,28.25,28.45,27.8,27.8,34.360678,6125,1027775
2026-08-21 14:40:00,ATM-3,CE,570.0,596.0,27.6,27.95,27.6,27.95,36.837606,11025,1019200
2026-08-21 14:45:00,ATM-3,CE,570.0,596.25,27.7,27.95,27.7,27.7,32.561956,3675,1020425
2026-08-21 14:50:00,ATM-3,CE,570.0,596.0,27.7,27.8,27.7,27.8,35.615051,2450,1017975
2026-08-21 14:55:00,ATM-3,CE,570.0,595.8,27.8,27.8,27.15,27.15,31.167802,11025,1017975
2026-08-21 15:00:00,ATM-3,CE,570.0,595.7,37.9,37.9,26.2,26.7,26.750284,6125,1015525
2026-08-21 15:05:00,ATM-3,CE,570.0,596.55,26.7,28.0,26.7,28.0,32.900716,12250,1006950
2026-08-21 15:10:00,ATM-3,CE,570.0,595.65,27.4,28.0,27.4,27.4,34.933543,20825,1004500
2026-08-21 15:15:00,ATM-3,CE,570.0,595.65,27.4,27.4,27.2,27.2,33.127504,12250,1005725
2026-08-21 15:20:00,ATM-3,CE,570.0,595.65,27.2,27.25,27.15,27.15,32.663416,6125,1000825
2026-08-21 15:25:00,ATM-3,CE,560.0,594.9,27.05,36.65,27.05,36.65,44.12939,7350,596575
2026-08-21 15:30:00,ATM-3,CE,560.0,594.9,36.65,36.65,36.65,36.65,44.153369,0,596575
2026-08-21 15:35:00,ATM-3,CE,560.0,594.9,36.65,37.1,36.65,37.1,48.369226,2450,596575
2026-08-24 09:15:00,ATM-3,CE,570.0,597.55,28.45,28.45,28.45,28.45,57.210998,1225,966525
2026-08-24 09:20:00,ATM-3,CE,560.0,594.95,34.95,34.95,23.8,34.55,0.0,51450,595350
2026-08-24 09:25:00,ATM-3,CE,560.0,593.5,34.55,34.55,34.55,34.55,70.641294,0,595350
2026-08-24 09:30:00,ATM-3,CE,560.0,595.0,33.0,34.55,33.0,33.0,0.0,2450,597800
2026-08-24 09:35:00,ATM-3,CE,560.0,594.9,33.0,34.9,33.0,34.65,0.0,7350,595350
2026-08-24 09:40:00,ATM-3,CE,570.0,596.0,34.65,34.65,25.1,25.25,0.0,6125,943250
2026-08-24 09:45:00,ATM-3,CE,570.0,596.9,27.5,27.5,25.25,27.5,50.076948,4900,946925
2026-08-24 09:50:00,ATM-3,CE,570.0,596.5,27.5,27.5,27.25,27.25,53.156724,8575,946925
2026-08-24 09:55:00,ATM-3,CE,570.0,598.65,27.25,29.05,27.25,29.05,46.307115,3675,946925
2026-08-24 10:00:00,ATM-3,CE,570.0,598.2,29.05,29.05,29.05,29.05,58.026229,0,946925
2026-08-24 10:05:00,ATM-3,CE,570.0,598.85,29.05,29.05,29.05,29.05,30.663561,0,946925
2026-08-24 10:10:00,ATM-3,CE,570.0,596.6,29.05,29.05,27.45,27.45,55.771983,1225,945700
2026-08-24 10:15:00,ATM-3,CE,570.0,596.5,27.0,27.45,26.55,26.55,0.0,4900,945700
2026-08-24 10:20:00,ATM-3,CE,570.0,596.05,26.55,26.55,25.75,25.75,0.0,4900,946925
2026-08-24 10:25:00,ATM-3,CE,570.0,595.3,26.95,27.25,25.75,25.85,47.131571,6125,946925
2026-08-24 10:30:00,ATM-3,CE,570.0,595.85,25.75,26.0,25.75,26.0,0.0,2450,946925
2026-08-24 10:35:00,ATM-3,CE,560.0,595.0,26.0,35.6,25.2,35.15,0.0,11025,561050
2026-08-24 10:40:00,ATM-3,CE,570.0,596.25,24.85,25.55,24.85,25.35,0.0,8575,951825
2026-08-24 10:45:00,ATM-3,CE,570.0,596.9,26.65,26.9,25.35,26.85,0.0,7350,949375
2026-08-24 10:50:00,ATM-3,CE,570.0,597.55,26.85,27.75,26.85,27.75,31.284559,2450,948150
2026-08-24 10:55:00,ATM-3,CE,570.0,598.0,27.75,27.95,27.75,27.95,0.0,1225,948150
2026-08-24 11:00:00,ATM-3,CE,570.0,597.75,27.9,28.5,27.9,28.5,56.281092,3675,946925
2026-08-24 11:05:00,ATM-3,CE,570.0,598.8,27.85,29.2,27.85,29.2,47.7347,6125,945700
2026-08-24 11:10:00,ATM-3,CE,570.0,598.25,29.2,29.2,28.5,28.5,39.029087,9800,935900
2026-08-24 11:15:00,ATM-3,CE,570.0,599.0,28.6,29.05,28.1,29.05,0.0,8575,929775
2026-08-24 11:20:00,ATM-3,CE,570.0,601.95,29.05,32.6,29.05,32.6,60.366019,14700,919975
2026-08-24 11:25:00,ATM-3,CE,570.0,602.8,32.6,32.75,32.6,32.75,0.0,1225,916300
2026-08-24 11:30:00,ATM-3,CE,570.0,602.7,33.35,33.35,32.75,32.9,37.834322,2450,915075
2026-08-24 11:35:00,ATM-3,CE,570.0,601.35,32.9,32.9,31.8,32.1,62.365973,15925,908950
2026-08-24 11:40:00,ATM-3,CE,570.0,601.5,32.1,32.1,32.05,32.05,57.251832,2450,907725
2026-08-24 11:45:00,ATM-3,CE,570.0,601.8,32.4,32.4,31.95,31.95,0.0,2450,905275
2026-08-24 11:50:00,ATM-3,CE,570.0,600.5,31.95,32.5,31.65,31.65,69.774795,3675,904050
2026-08-24 11:55:00,ATM-3,CE,570.0,601.3,31.65,31.65,31.65,31.65,49.739012,0,904050
2026-08-24 12:00:00,ATM-3,CE,570.0,602.6,32.5,33.8,31.65,33.8,74.357728,6125,899150
2026-08-24 12:05:00,ATM-3,CE,570.0,602.5,33.8,33.8,33.2,33.2,63.451026,2450,896700
2026-08-24 12:10:00,ATM-3,CE,570.0,602.8,33.7,33.7,33.0,33.25,56.258792,4900,894250
2026-08-24 12:15:00,ATM-3,CE,570.0,601.7,33.85,33.85,32.5,32.75,70.364112,7350,886900
2026-08-24 12:20:00,ATM-3,CE,570.0,602.0,32.75,33.05,32.2,32.2,38.834734,4900,884450
2026-08-24 12:25:00,ATM-3,CE,580.0,605.25,32.2,32.2,24.2,25.9,50.753666,31850,793800
2026-08-24 12:30:00,ATM-3,CE,580.0,606.75,26.0,26.7,25.9,26.2,0.0,11025,786450
2026-08-24 12:35:00,ATM-3,CE,580.0,609.5,26.7,28.4,26.2,28.4,0.0,28175,786450
2026-08-24 12:40:00,ATM-3,CE,580.0,610.45,30.5,30.5,28.4,30.0,0.0,28175,782775
2026-08-24 12:45:00,ATM-3,CE,580.0,609.6,30.0,30.0,30.0,30.0,49.73201,1225,782775
2026-08-24 12:50:00,ATM-3,CE,580.0,612.0,30.0,31.9,30.0,31.9,0.0,8575,784000
2026-08-24 12:55:00,ATM-3,CE,580.0,612.25,31.3,31.9,31.3,31.65,0.0,26950,766850
2026-08-24 13:00:00,ATM-3,CE,580.0,610.7,31.65,31.65,31.2,31.2,55.13645,1225,766850
2026-08-24 13:05:00,ATM-3,CE,580.0,608.65,29.85,31.2,27.85,27.85,0.0,8575,766850
2026-08-24 13:10:00,ATM-3,CE,580.0,607.75,27.85,27.85,27.85,27.85,0.0,0,766850
2026-08-24 13:15:00,ATM-3,CE,580.0,607.75,27.85,27.85,27.85,27.85,0.0,0,766850
2026-08-24 13:20:00,ATM-3,CE,580.0,607.7,27.85,27.85,27.85,27.85,0.0,0,766850
2026-08-24 13:25:00,ATM-3,CE,580.0,606.7,27.65,27.85,26.95,26.95,39.043314,4900,764400
2026-08-24 13:30:00,ATM-3,CE,580.0,607.4,26.95,26.95,26.95,26.95,0.0,0,764400
2026-08-24 13:35:00,ATM-3,CE,580.0,608.55,26.95,27.4,26.95,27.4,0.0,15925,760725
2026-08-24 13:40:00,ATM-3,CE,580.0,607.95,27.4,28.0,27.4,28.0,0.0,2450,760725
2026-08-24 13:45:00,ATM-3,CE,580.0,609.6,28.0,29.0,28.0,29.0,0.0,1225,759500
2026-08-24 13:50:00,ATM-3,CE,580.0,609.3,29.0,29.5,29.0,29.5,37.541343,2450,758275
2026-08-24 13:55:00,ATM-3,CE,580.0,608.2,29.5,29.5,29.5,29.5,70.295452,0,758275
2026-08-24 14:00:00,ATM-3,CE,580.0,608.65,29.5,29.5,27.95,28.0,0.0,6125,758275
2026-08-24 14:05:00,ATM-3,CE,580.0,608.1,27.6,28.0,27.4,27.4,0.0,2450,757050
2026-08-24 14:10:00,ATM-3,CE,580.0,608.7,27.4,27.4,27.4,27.4,0.0,0,757050
2026-08-24 14:15:00,ATM-3,CE,580.0,608.0,27.4,27.7,27.4,27.7,0.0,1225,757050
2026-08-24 14:20:00,ATM-3,CE,580.0,607.6,27.4,27.7,26.35,26.45,0.0,9800,754600
2026-08-24 14:25:00,ATM-3,CE,580.0,608.0,27.1,27.1,26.45,26.8,0.0,7350,754600
2026-08-24 14:30:00,ATM-3,CE,580.0,608.45,26.8,27.85,26.8,27.3,0.0,3675,754600
2026-08-24 14:35:00,ATM-3,CE,580.0,609.8,28.0,29.5,27.3,29.5,0.0,8575,754600
2026-08-24 14:40:00,ATM-3,CE,580.0,609.9,29.5,29.95,29.4,29.4,0.0,4900,754600
2026-08-24 14:45:00,ATM-3,CE,580.0,609.85,29.4,29.4,28.7,29.25,0.0,15925,754600
2026-08-24 14:50:00,ATM-3,CE,580.0,610.1,29.6,29.95,29.25,29.95,0.0,2450,744800
2026-08-24 14:55:00,ATM-3,CE,580.0,611.25,29.3,30.1,29.3,30.1,0.0,4900,743575
2026-08-24 15:00:00,ATM-3,CE,580.0,612.45,29.35,31.05,29.35,31.05,0.0,39200,744800
2026-08-24 15:05:00,ATM-3,CE,580.0,613.0,30.2,32.1,30.2,31.95,0.0,41650,747250
2026-08-24 15:10:00,ATM-3,CE,580.0,608.0,31.95,38.0,22.2,27.5,0.0,56350,737450
2026-08-24 15:15:00,ATM-3,CE,580.0,608.0,27.5,27.5,21.0,22.15,0.0,15925,730100
2026-08-24 15:20:00,ATM-3,CE,580.0,608.0,23.0,23.0,17.2,18.8,0.0,23275,726425
2026-08-24 15:25:00,ATM-3,CE,570.0,604.0,18.8,26.0,18.55,26.0,0.0,18375,781550
2026-08-24 15:30:00,ATM-3,CE,570.0,604.0,26.0,26.0,26.0,26.0,0.0,0,781550
2026-08-24 15:35:00,ATM-3,CE,570.0,604.0,26.0,28.55,26.0,28.55,0.0,11025,776650
2026-08-25 09:15:00,ATM-3,CE,560.0,594.4,29.3,39.6,27.4,36.9,0.0,8575,478975
2026-08-25 09:20:00,ATM-3,CE,560.0,592.45,36.0,36.9,36.0,36.0,0.0,2450,478975
2026-08-25 09:25:00,ATM-3,CE,560.0,590.05,33.0,36.0,31.8,31.8,0.0,4900,474075
2026-08-25 09:30:00,ATM-3,CE,560.0,594.0,31.8,31.8,31.8,31.8,0.0,0,471625
2026-08-25 09:35:00,ATM-3,CE,560.0,594.5,24.05,37.0,24.05,35.5,0.0,3675,469175
2026-08-25 09:40:00,ATM-3,CE,560.0,593.3,35.5,35.5,34.25,34.25,0.0,2450,467950
2026-08-25 09:45:00,ATM-3,CE,560.0,592.75,34.25,34.25,34.25,34.25,0.0,0,467950
2026-08-25 09:50:00,ATM-3,CE,560.0,592.45,34.25,34.25,34.25,34.25,0.0,0,467950
2026-08-25 09:55:00,ATM-3,CE,560.0,591.55,34.25,34.25,31.75,31.75,0.0,3675,466725
2026-08-25 10:00:00,ATM-3,CE,560.0,591.0,31.75,31.75,31.75,31.75,0.0,0,466725
2026-08-25 10:05:00,ATM-3,CE,560.0,591.0,31.75,31.75,31.75,31.75,0.0,0,466725
2026-08-25 10:10:00,ATM-3,CE,560.0,590.4,31.75,31.75,31.75,31.75,0.0,1225,464275
2026-08-25 10:15:00,ATM-3,CE,560.0,589.3,31.75,31.75,31.0,31.0,0.0,3675,463050
2026-08-25 10:20:00,ATM-3,CE,560.0,588.9,30.8,31.0,30.8,30.8,0.0,1225,459375
2026-08-25 10:25:00,ATM-3,CE,560.0,590.0,30.8,30.8,30.8,30.8,0.0,0,459375
2026-08-25 10:30:00,ATM-3,CE,560.0,590.85,30.8,30.8,30.8,30.8,0.0,0,459375
2026-08-25 10:35:00,ATM-3,CE,560.0,590.8,30.8,30.8,30.8,30.8,0.0,0,459375
2026-08-25 10:40:00,ATM-3,CE,560.0,590.05,30.8,30.85,30.8,30.85,0.0,2450,456925
2026-08-25 10:45:00,ATM-3,CE,560.0,590.0,30.85,31.3,30.0,31.3,0.0,7350,450800
2026-08-25 10:50:00,ATM-3,CE,560.0,589.25,31.3,31.3,29.8,29.8,0.0,1225,449575
2026-08-25 10:55:00,ATM-3,CE,560.0,589.2,29.8,30.0,29.8,30.0,0.0,1225,448350
2026-08-25 11:00:00,ATM-3,CE,560.0,588.75,30.0,30.0,30.0,30.0,0.0,0,448350
2026-08-25 11:05:00,ATM-3,CE,560.0,589.85,30.0,30.0,30.0,30.0,0.0,0,448350
2026-08-25 11:10:00,ATM-3,CE,560.0,588.6,30.0,31.0,30.0,31.0,0.0,1225,448350
2026-08-25 11:15:00,ATM-3,CE,560.0,587.9,31.0,31.0,29.3,29.3,0.0,3675,447125
2026-08-25 11:20:00,ATM-3,CE,560.0,587.45,29.3,29.3,28.1,28.1,0.0,4900,441000
2026-08-25 11:25:00,ATM-3,CE,560.0,587.95,28.1,28.1,28.1,28.1,0.0,0,441000
2026-08-25 11:30:00,ATM-3,CE,560.0,587.45,28.1,28.1,28.1,28.1,0.0,0,441000
2026-08-25 11:35:00,ATM-3,CE,560.0,588.2,28.1,28.1,28.1,28.1,0.0,0,441000
2026-08-25 11:40:00,ATM-3,CE,560.0,588.0,28.1,28.1,28.0,28.0,0.0,1225,438550
2026-08-25 11:45:00,ATM-3,CE,560.0,587.75,28.0,28.0,28.0,28.0,0.0,0,438550
2026-08-25 11:50:00,ATM-3,CE,560.0,588.3,28.0,28.0,28.0,28.0,0.0,0,438550
2026-08-25 11:55:00,ATM-3,CE,560.0,589.1,28.0,29.0,28.0,29.0,0.0,2450,437325
2026-08-25 12:00:00,ATM-3,CE,560.0,590.3,29.0,31.05,29.0,31.05,0.0,2450,433650
2026-08-25 12:05:00,ATM-3,CE,570.0,595.65,31.9,35.45,19.0,25.5,0.0,4900,710500
2026-08-25 12:10:00,ATM-3,CE,570.0,595.85,25.5,36.35,25.5,25.5,0.0,2450,709275
2026-08-25 12:15:00,ATM-3,CE,570.0,596.4,25.5,25.5,25.5,25.5,0.0,0,709275
2026-08-25 12:20:00,ATM-3,CE,570.0,597.3,25.5,28.2,25.5,28.2,0.0,4900,708050
2026-08-25 12:25:00,ATM-3,CE,570.0,595.85,28.2,28.2,28.2,28.2,0.0,0,708050
2026-08-25 12:30:00,ATM-3,CE,570.0,595.65,28.2,28.2,25.2,25.2,0.0,6125,709275
2026-08-25 12:35:00,ATM-3,CE,560.0,594.9,25.2,36.15,25.2,36.15,0.0,1225,406700
2026-08-25 12:40:00,ATM-3,CE,570.0,597.55,25.3,25.3,25.3,25.3,0.0,0,709275
2026-08-25 12:45:00,ATM-3,CE,570.0,597.65,25.3,25.3,25.3,25.3,0.0,0,709275
2026-08-25 12:50:00,ATM-3,CE,570.0,595.6,25.3,28.0,25.3,28.0,0.0,3675,709275
2026-08-25 12:55:00,ATM-3,CE,560.0,593.25,37.45,37.45,36.0,36.0,0.0,1225,406700
2026-08-25 13:00:00,ATM-3,CE,560.0,592.35,34.0,36.0,34.0,34.05,0.0,3675,404250
2026-08-25 13:05:00,ATM-3,CE,560.0,592.1,34.05,34.05,33.5,33.5,0.0,1225,403025
2026-08-25 13:10:00,ATM-3,CE,560.0,591.9,33.5,33.5,33.5,33.5,0.0,0,403025
2026-08-25 13:15:00,ATM-3,CE,560.0,594.5,33.5,33.5,33.5,33.5,0.0,0,403025
2026-08-25 13:20:00,ATM-3,CE,560.0,593.7,33.5,33.5,33.5,33.5,0.0,0,403025
2026-08-25 13:25:00,ATM-3,CE,560.0,594.05,33.5,34.1,33.5,33.5,0.0,11025,400575
2026-08-25 13:30:00,ATM-3,CE,570.0,595.25,33.5,33.5,23.2,23.2,0.0,0,708050
2026-08-25 13:35:00,ATM-3,CE,560.0,594.45,23.2,33.5,23.2,33.5,0.0,0,400575
2026-08-25 13:40:00,ATM-3,CE,560.0,594.25,33.5,33.5,33.5,33.5,0.0,0,400575
2026-08-25 13:45:00,ATM-3,CE,570.0,595.25,33.5,33.5,23.2,23.2,0.0,0,708050
2026-08-25 13:50:00,ATM-3,CE,570.0,595.5,33.5,33.5,23.2,25.25,0.0,1225,706825
2026-08-25 13:55:00,ATM-3,CE,570.0,595.45,25.25,33.5,25.15,25.15,0.0,7350,705600
2026-08-25 14:00:00,ATM-3,CE,560.0,595.0,25.15,36.3,25.15,36.3,0.0,0,400575
2026-08-25 14:05:00,ATM-3,CE,570.0,595.25,36.3,36.3,25.15,25.15,0.0,0,705600
2026-08-25 14:10:00,ATM-3,CE,560.0,595.0,25.15,36.3,25.15,36.3,0.0,0,400575
2026-08-25 14:15:00,ATM-3,CE,570.0,595.25,25.15,25.15,25.15,25.15,0.0,0,705600
2026-08-25 14:20:00,ATM-3,CE,560.0,595.0,36.3,36.3,36.3,36.3,0.0,0,400575
2026-08-25 14:25:00,ATM-3,CE,570.0,595.3,36.3,36.3,25.15,25.15,0.0,0,705600
2026-08-25 14:30:00,ATM-3,CE,560.0,592.6,35.0,36.3,34.55,34.55,0.0,4900,399350
2026-08-25 14:35:00,ATM-3,CE,560.0,592.15,34.55,34.55,34.55,34.55,0.0,0,399350
2026-08-25 14:40:00,ATM-3,CE,560.0,592.4,34.55,34.55,34.55,34.55,0.0,0,398125
2026-08-25 14:45:00,ATM-3,CE,560.0,592.65,34.55,34.55,34.55,34.55,0.0,0,398125
2026-08-25 14:50:00,ATM-3,CE,560.0,592.5,34.55,34.55,33.2,33.2,0.0,3675,395675
2026-08-25 14:55:00,ATM-3,CE,560.0,592.35,33.9,33.9,33.2,33.9,0.0,2450,395675
2026-08-25 15:00:00,ATM-3,CE,560.0,592.0,33.9,33.9,33.9,33.9,0.0,0,395675
2026-08-25 15:05:00,ATM-3,CE,560.0,592.35,33.9,33.9,32.0,33.8,0.0,8575,387100
2026-08-25 15:10:00,ATM-3,CE,560.0,591.7,33.8,33.8,33.35,33.35,0.0,1225,384650
2026-08-25 15:15:00,ATM-3,CE,560.0,591.7,33.35,33.35,33.35,33.35,0.0,0,384650
2026-08-25 15:20:00,ATM-3,CE,560.0,591.7,33.35,33.35,32.0,32.0,0.0,2450,384650
2026-08-25 15:25:00,ATM-3,CE,560.0,592.6,32.0,32.0,32.0,32.0,0.0,0,384650
2026-08-25 15:30:00,ATM-3,CE,560.0,592.6,32.0,32.0,31.4,31.4,0.0,3675,382200
2026-08-25 15:35:00,ATM-3,CE,560.0,592.6,33.2,33.2,31.4,32.5,0.0,3675,379750
2026-08-20 09:15:00,ATM-3,PE,540.0,571.95,1.05,1.3,0.9,0.95,35.957094,180075,1052275
2026-08-20 09:20:00,ATM-3,PE,540.0,570.3,0.9,0.95,0.9,0.9,34.184602,24500,1040025
2026-08-20 09:25:00,ATM-3,PE,540.0,568.55,0.8,0.9,0.8,0.8,31.840376,178850,1055950
2026-08-20 09:30:00,ATM-3,PE,540.0,569.0,0.9,0.9,0.7,0.7,31.180063,169050,1114750
2026-08-20 09:35:00,ATM-3,PE,540.0,569.3,0.7,0.75,0.6,0.65,30.878946,26950,1098825
2026-08-20 09:40:00,ATM-3,PE,540.0,568.2,0.65,0.7,0.65,0.7,30.581194,22050,1080450
2026-08-20 09:45:00,ATM-3,PE,540.0,567.5,0.65,0.7,0.65,0.7,30.046449,17150,1069425
2026-08-20 09:50:00,ATM-3,PE,540.0,568.1,0.7,0.75,0.7,0.75,31.037017,90650,1066975
2026-08-20 09:55:00,ATM-3,PE,540.0,567.7,0.65,0.75,0.65,0.7,30.221457,13475,1076775
2026-08-20 10:00:00,ATM-3,PE,540.0,567.15,0.7,0.7,0.7,0.7,29.801502,0,1076775
2026-08-20 10:05:00,ATM-3,PE,540.0,568.05,0.75,0.75,0.65,0.7,30.513198,41650,1068200
2026-08-20 10:10:00,ATM-3,PE,540.0,567.55,0.7,0.7,0.7,0.7,30.133222,0,1068200
2026-08-20 10:15:00,ATM-3,PE,540.0,567.9,0.7,0.7,0.7,0.7,30.415826,1225,1069425
2026-08-20 10:20:00,ATM-3,PE,540.0,569.4,0.7,0.7,0.65,0.65,31.043756,30625,1053500
2026-08-20 10:25:00,ATM-3,PE,540.0,569.0,0.65,0.65,0.65,0.65,30.748131,0,1063300
2026-08-20 10:30:00,ATM-3,PE,540.0,571.7,0.65,0.65,0.6,0.6,32.218488,31850,1075550
2026-08-20 10:35:00,ATM-3,PE,540.0,571.95,0.6,0.6,0.55,0.55,31.799673,111475,1058400
2026-08-20 10:40:00,ATM-3,PE,540.0,570.7,0.55,0.55,0.55,0.55,30.890293,37975,1058400
2026-08-20 10:45:00,ATM-3,PE,540.0,570.25,0.55,0.6,0.55,0.6,31.166471,18375,1064525
2026-08-20 10:50:00,ATM-3,PE,540.0,569.45,0.6,0.6,0.6,0.6,30.574229,0,1064525
2026-08-20 10:55:00,ATM-3,PE,540.0,569.55,0.6,0.6,0.6,0.6,30.659513,0,1046150
2026-08-20 11:00:00,ATM-3,PE,540.0,570.05,0.6,0.6,0.6,0.6,31.04613,0,1046150
2026-08-20 11:05:00,ATM-3,PE,540.0,571.25,0.6,0.6,0.6,0.6,31.955538,23275,1044925
2026-08-20 11:10:00,ATM-3,PE,540.0,570.85,0.6,0.6,0.6,0.6,31.666706,0,1044925
2026-08-20 11:15:00,ATM-3,PE,540.0,570.0,0.6,0.6,0.6,0.6,31.03842,0,1044925
2026-08-20 11:20:00,ATM-3,PE,540.0,568.2,0.6,0.65,0.6,0.65,30.240752,1225,1033900
2026-08-20 11:25:00,ATM-3,PE,540.0,567.75,0.7,0.7,0.65,0.7,30.434894,34300,1032675
2026-08-20 11:30:00,ATM-3,PE,540.0,568.35,0.7,0.7,0.7,0.7,30.91397,13475,1046150
2026-08-20 11:35:00,ATM-3,PE,540.0,567.85,0.7,0.7,0.7,0.7,30.532864,8575,1036350
2026-08-20 11:40:00,ATM-3,PE,540.0,568.65,0.7,0.75,0.7,0.7,31.167937,6125,1042475
2026-08-20 11:45:00,ATM-3,PE,540.0,569.85,0.65,0.7,0.6,0.6,30.985244,6125,1040025
2026-08-20 11:50:00,ATM-3,PE,540.0,568.6,0.6,0.6,0.6,0.6,30.046387,1225,1040025
2026-08-20 11:55:00,ATM-3,PE,540.0,569.7,0.65,0.65,0.6,0.65,31.463818,1225,1041250
2026-08-20 12:00:00,ATM-3,PE,540.0,569.15,0.65,0.65,0.65,0.65,31.051847,0,1041250
2026-08-20 12:05:00,ATM-3,PE,540.0,569.0,0.65,0.7,0.65,0.7,31.491198,9800,1046150
2026-08-20 12:10:00,ATM-3,PE,540.0,571.2,0.7,0.7,0.55,0.55,31.441042,24500,1046150
2026-08-20 12:15:00,ATM-3,PE,540.0,573.9,0.55,0.55,0.55,0.55,33.434935,91875,1002050
2026-08-20 12:20:00,ATM-3,PE,540.0,572.3,0.55,0.6,0.55,0.6,32.896166,112700,1019200
2026-08-20 12:25:00,ATM-3,PE,540.0,573.2,0.6,0.6,0.5,0.55,32.945304,8575,1027775
2026-08-20 12:30:00,ATM-3,PE,540.0,572.35,0.55,0.55,0.55,0.55,32.331825,0,1027775
2026-08-20 12:35:00,ATM-3,PE,540.0,571.95,0.55,0.55,0.55,0.55,32.047361,1225,1029000
2026-08-20 12:40:00,ATM-3,PE,540.0,571.7,0.55,0.6,0.55,0.6,32.490434,14700,1027775
2026-08-20 12:45:00,ATM-3,PE,540.0,573.15,0.55,0.6,0.55,0.55,32.951678,25725,1002050
2026-08-20 12:50:00,ATM-3,PE,540.0,572.35,0.55,0.55,0.5,0.55,32.374059,53900,993475
2026-08-20 12:55:00,ATM-3,PE,540.0,571.35,0.55,0.55,0.55,0.55,31.644716,0,993475
2026-08-20 13:00:00,ATM-3,PE,540.0,570.8,0.55,0.65,0.55,0.65,32.440052,2450,1002050
2026-08-20 13:05:00,ATM-3,PE,540.0,570.65,0.65,0.65,0.65,0.65,32.336035,0,1002050
2026-08-20 13:10:00,ATM-3,PE,540.0,570.5,0.65,0.65,0.6,0.6,31.649806,44100,999600
2026-08-20 13:15:00,ATM-3,PE,540.0,570.25,0.6,0.6,0.55,0.55,30.865572,3675,1000825
2026-08-20 13:20:00,ATM-3,PE,540.0,570.1,0.55,0.65,0.55,0.55,30.76328,15925,1004500
2026-08-20 13:25:00,ATM-3,PE,540.0,569.95,0.55,0.55,0.55,0.55,30.660805,3675,998375
2026-08-20 13:30:00,ATM-3,PE,540.0,570.0,0.55,0.55,0.55,0.55,30.708399,0,994700
2026-08-20 13:35:00,ATM-3,PE,540.0,569.65,0.55,0.55,0.55,0.55,30.455323,0,994700
2026-08-20 13:40:00,ATM-3,PE,540.0,569.85,0.55,0.55,0.55,0.55,30.615815,0,994700
2026-08-20 13:45:00,ATM-3,PE,540.0,569.75,0.55,0.55,0.55,0.55,30.550616,0,994700
2026-08-20 13:50:00,ATM-3,PE,540.0,569.95,0.55,0.55,0.55,0.55,30.711155,0,993475
2026-08-20 13:55:00,ATM-3,PE,540.0,569.75,0.55,0.55,0.55,0.55,30.570707,0,993475
2026-08-20 14:00:00,ATM-3,PE,540.0,570.05,0.55,0.55,0.55,0.55,30.806595,0,993475
2026-08-20 14:05:00,ATM-3,PE,540.0,570.95,0.55,0.6,0.55,0.6,32.10565,30625,994700
2026-08-20 14:10:00,ATM-3,PE,540.0,570.25,0.6,0.6,0.6,0.6,31.584739,14700,989800
2026-08-20 14:15:00,ATM-3,PE,540.0,570.25,0.6,0.6,0.6,0.6,31.595159,15925,994700
2026-08-20 14:20:00,ATM-3,PE,540.0,569.6,0.55,0.6,0.55,0.55,30.507868,3675,999600
2026-08-20 14:25:00,ATM-3,PE,540.0,569.8,0.55,0.55,0.55,0.55,30.668957,1225,999600
2026-08-20 14:30:00,ATM-3,PE,540.0,570.0,0.55,0.55,0.55,0.55,30.82996,2450,999600
2026-08-20 14:35:00,ATM-3,PE,540.0,570.15,0.55,0.55,0.5,0.5,30.316386,275625,999600
2026-08-20 14:40:00,ATM-3,PE,540.0,570.4,0.55,0.55,0.5,0.55,31.151708,6125,980000
2026-08-20 14:45:00,ATM-3,PE,540.0,570.25,0.55,0.55,0.55,0.55,31.049085,0,980000
2026-08-20 14:50:00,ATM-3,PE,540.0,571.25,0.55,0.55,0.55,0.55,31.810526,165375,981225
2026-08-20 14:55:00,ATM-3,PE,540.0,571.1,0.55,0.6,0.55,0.6,32.326054,89425,929775
2026-08-20 15:00:00,ATM-3,PE,540.0,571.2,0.6,0.6,0.6,0.6,32.412722,0,929775
2026-08-20 15:05:00,ATM-3,PE,540.0,571.2,0.6,0.6,0.6,0.6,32.423504,0,929775
2026-08-20 15:10:00,ATM-3,PE,540.0,573.0,0.55,0.6,0.55,0.6,33.79342,28175,916300
2026-08-20 15:15:00,ATM-3,PE,540.0,573.0,0.6,0.6,0.55,0.55,33.168684,25725,913850
2026-08-20 15:20:00,ATM-3,PE,540.0,573.0,0.5,0.55,0.5,0.5,32.512296,17150,902825
2026-08-20 15:25:00,ATM-3,PE,540.0,573.9,0.5,0.6,0.5,0.6,34.501811,1225,902825
2026-08-20 15:30:00,ATM-3,PE,540.0,573.9,0.6,0.6,0.55,0.6,34.513367,6125,901600
2026-08-20 15:35:00,ATM-3,PE,540.0,573.9,0.6,0.6,0.5,0.5,33.202693,49000,896700
2026-08-21 09:15:00,ATM-3,PE,560.0,589.05,0.6,1.1,0.4,0.95,35.961268,439775,994700
2026-08-21 09:20:00,ATM-3,PE,560.0,587.9,0.9,1.0,0.9,0.95,34.974285,162925,995925
2026-08-21 09:25:00,ATM-3,PE,560.0,591.8,0.9,0.95,0.8,0.8,36.75958,170275,949375
2026-08-21 09:30:00,ATM-3,PE,560.0,592.45,0.8,0.8,0.75,0.75,36.744213,944475,1124550
2026-08-21 09:35:00,ATM-3,PE,560.0,593.8,0.8,0.8,0.7,0.7,37.260065,100450,1062075
2026-08-21 09:40:00,ATM-3,PE,560.0,593.65,0.7,0.7,0.65,0.65,36.535336,211925,1070650
2026-08-21 09:45:00,ATM-3,PE,560.0,591.6,0.65,0.7,0.65,0.7,35.510004,44100,1057175
2026-08-21 09:50:00,ATM-3,PE,560.0,592.95,0.7,0.7,0.65,0.7,36.619513,15925,1049825
2026-08-21 09:55:00,ATM-3,PE,560.0,592.35,0.65,0.7,0.65,0.65,35.539771,35525,1049825
2026-08-21 10:00:00,ATM-3,PE,560.0,591.3,0.7,0.7,0.65,0.7,35.307335,66150,1047375
2026-08-21 10:05:00,ATM-3,PE,560.0,591.4,0.65,0.7,0.65,0.7,35.403092,53900,1037575
2026-08-21 10:10:00,ATM-3,PE,560.0,592.15,0.7,0.7,0.7,0.7,36.028713,11025,1048600
2026-08-21 10:15:00,ATM-3,PE,560.0,592.0,0.7,0.7,0.65,0.65,35.314662,7350,1046150
2026-08-21 10:20:00,ATM-3,PE,560.0,591.35,0.65,0.75,0.65,0.7,35.404454,118825,993475
2026-08-21 10:25:00,ATM-3,PE,560.0,592.45,0.7,0.7,0.65,0.65,35.705156,14700,989800
2026-08-21 10:30:00,ATM-3,PE,560.0,591.5,0.65,0.65,0.6,0.65,34.952916,28175,970200
2026-08-21 10:35:00,ATM-3,PE,560.0,591.4,0.7,0.7,0.65,0.65,34.885876,6125,968975
2026-08-21 10:40:00,ATM-3,PE,560.0,591.3,0.65,0.65,0.65,0.65,34.818736,0,968975
2026-08-21 10:45:00,ATM-3,PE,560.0,588.45,0.65,0.8,0.65,0.8,34.167672,84525,964075
2026-08-21 10:50:00,ATM-3,PE,560.0,587.45,0.8,0.95,0.8,0.85,33.838741,79625,938350
2026-08-21 10:55:00,ATM-3,PE,560.0,587.6,0.9,0.95,0.8,0.8,33.466453,35525,945700
2026-08-21 11:00:00,ATM-3,PE,560.0,587.15,0.8,0.9,0.8,0.9,34.103508,13475,948150
2026-08-21 11:05:00,ATM-3,PE,560.0,589.55,0.9,0.9,0.7,0.7,34.0446,78400,951825
2026-08-21 11:10:00,ATM-3,PE,560.0,589.0,0.7,0.75,0.7,0.7,33.599881,15925,944475
2026-08-21 11:15:00,ATM-3,PE,560.0,588.3,0.75,0.75,0.7,0.75,33.583029,23275,937125
2026-08-21 11:20:00,ATM-3,PE,560.0,588.4,0.75,0.8,0.75,0.8,34.220707,2450,937125
2026-08-21 11:25:00,ATM-3,PE,560.0,589.3,0.8,0.8,0.75,0.75,34.456015,9800,934675
2026-08-21 11:30:00,ATM-3,PE,560.0,589.35,0.75,0.8,0.75,0.75,34.512039,26950,927325
2026-08-21 11:35:00,ATM-3,PE,560.0,589.45,0.75,0.8,0.75,0.8,35.159072,15925,912625
2026-08-21 11:40:00,ATM-3,PE,560.0,588.15,0.8,0.85,0.8,0.8,34.061108,31850,894250
2026-08-21 11:45:00,ATM-3,PE,560.0,587.65,0.8,0.8,0.8,0.8,33.644093,0,894250
2026-08-21 11:50:00,ATM-3,PE,560.0,587.4,0.8,0.9,0.8,0.9,34.461126,7350,894250
2026-08-21 11:55:00,ATM-3,PE,560.0,587.0,0.85,0.9,0.85,0.85,33.622068,1225,894250
2026-08-21 12:00:00,ATM-3,PE,560.0,587.15,0.85,0.85,0.85,0.85,33.767048,4900,891800
2026-08-21 12:05:00,ATM-3,PE,560.0,587.0,0.85,0.85,0.85,0.85,33.649218,1225,889350
2026-08-21 12:10:00,ATM-3,PE,560.0,586.95,0.85,0.85,0.85,0.85,33.618945,3675,888125
2026-08-21 12:15:00,ATM-3,PE,560.0,587.0,0.85,0.9,0.85,0.9,34.17711,1225,886900
2026-08-21 12:20:00,ATM-3,PE,560.0,587.45,0.9,0.9,0.8,0.85,34.084545,12250,886900
2026-08-21 12:25:00,ATM-3,PE,560.0,589.25,0.85,0.85,0.75,0.75,34.581141,9800,889350
2026-08-21 12:30:00,ATM-3,PE,560.0,589.4,0.75,0.75,0.7,0.7,34.153326,2450,895475
2026-08-21 12:35:00,ATM-3,PE,560.0,589.5,0.7,0.7,0.7,0.7,34.25105,1225,894250
2026-08-21 12:40:00,ATM-3,PE,560.0,590.0,0.75,0.75,0.7,0.7,34.683487,7350,893025
2026-08-21 12:45:00,ATM-3,PE,560.0,590.0,0.7,0.7,0.7,0.7,34.697632,2450,890575
2026-08-21 12:50:00,ATM-3,PE,560.0,590.05,0.7,0.8,0.7,0.8,35.88644,23275,896700
2026-08-21 12:55:00,ATM-3,PE,560.0,590.8,0.7,0.8,0.7,0.7,35.393433,3675,896700
2026-08-21 13:00:00,ATM-3,PE,560.0,591.65,0.7,0.7,0.7,0.7,36.113498,3675,897925
2026-08-21 13:05:00,ATM-3,PE,560.0,592.75,0.7,0.75,0.7,0.75,37.635531,62475,915075
2026-08-21 13:10:00,ATM-3,PE,560.0,594.3,0.75,0.75,0.75,0.75,38.932875,14700,913850
2026-08-21 13:15:00,ATM-3,PE,570.0,595.2,0.75,1.35,0.75,1.35,36.069621,100450,1049825
2026-08-21 13:20:00,ATM-3,PE,560.0,593.55,0.8,0.8,0.75,0.8,38.932881,26950,924875
2026-08-21 13:25:00,ATM-3,PE,560.0,594.1,0.8,0.8,0.75,0.75,38.816074,9800,919975
2026-08-21 13:30:00,ATM-3,PE,560.0,593.3,0.75,0.75,0.75,0.75,38.170071,25725,918750
2026-08-21 13:35:00,ATM-3,PE,560.0,592.45,0.75,0.75,0.75,0.75,37.47845,0,918750
2026-08-21 13:40:00,ATM-3,PE,560.0,592.4,0.75,0.85,0.75,0.75,37.452171,34300,946925
2026-08-21 13:45:00,ATM-3,PE,560.0,593.75,0.75,0.75,0.75,0.75,38.590647,23275,944475
2026-08-21 13:50:00,ATM-3,PE,560.0,594.35,0.75,0.75,0.65,0.65,37.849708,4900,961625
2026-08-21 13:55:00,ATM-3,PE,560.0,595.0,0.7,0.7,0.65,0.65,38.3901,11025,965300
2026-08-21 14:00:00,ATM-3,PE,570.0,595.75,1.2,1.3,1.15,1.2,35.485439,73500,1095150
2026-08-21 14:05:00,ATM-3,PE,560.0,594.75,1.2,1.2,0.6,0.6,37.551983,8575,971425
2026-08-21 14:10:00,ATM-3,PE,570.0,597.2,0.6,1.2,0.6,1.1,35.973179,18375,1089025
2026-08-21 14:15:00,ATM-3,PE,570.0,597.5,1.1,1.2,1.1,1.2,37.146799,118825,1102500
2026-08-21 14:20:00,ATM-3,PE,570.0,596.85,1.15,1.2,1.15,1.2,36.563806,481425,1142925
2026-08-21 14:25:00,ATM-3,PE,570.0,596.8,1.2,1.25,1.2,1.25,36.960368,23275,1123325
2026-08-21 14:30:00,ATM-3,PE,570.0,595.95,1.25,1.25,1.15,1.15,35.329787,55125,1107400
2026-08-21 14:35:00,ATM-3,PE,570.0,596.15,1.15,1.3,1.15,1.3,36.801371,51450,1092700
2026-08-21 14:40:00,ATM-3,PE,570.0,596.0,1.3,1.3,1.2,1.2,35.835935,9800,1091475
2026-08-21 14:45:00,ATM-3,PE,570.0,596.25,1.25,1.3,1.2,1.2,36.0834,72275,1079225
2026-08-21 14:50:00,ATM-3,PE,570.0,596.0,1.15,1.2,1.15,1.2,35.865711,17150,1069425
2026-08-21 14:55:00,ATM-3,PE,570.0,595.8,1.15,1.2,1.15,1.2,35.694047,154350,1071875
2026-08-21 15:00:00,ATM-3,PE,570.0,595.7,0.65,1.2,0.65,1.1,34.748684,28175,1071875
2026-08-21 15:05:00,ATM-3,PE,570.0,596.55,1.15,1.15,1.0,1.0,34.63051,49000,1063300
2026-08-21 15:10:00,ATM-3,PE,570.0,595.65,1.05,1.1,1.0,1.0,33.830125,52675,1062075
2026-08-21 15:15:00,ATM-3,PE,570.0,595.65,1.05,1.05,1.0,1.0,33.844234,42875,1063300
2026-08-21 15:20:00,ATM-3,PE,570.0,595.65,1.0,1.0,1.0,1.0,33.858357,79625,1096375
2026-08-21 15:25:00,ATM-3,PE,560.0,594.9,1.0,1.0,0.6,0.6,37.924538,30625,1024100
2026-08-21 15:30:00,ATM-3,PE,560.0,594.9,0.6,0.6,0.55,0.55,37.235988,15925,1029000
2026-08-21 15:35:00,ATM-3,PE,560.0,594.9,0.55,0.6,0.55,0.55,37.251684,26950,1026550
2026-08-24 09:15:00,ATM-3,PE,560.0,594.35,0.4,0.95,0.25,0.25,55.615233,45325,1004500
2026-08-24 09:20:00,ATM-3,PE,560.0,594.95,0.25,0.55,0.2,0.2,54.332455,120050,973875
2026-08-24 09:25:00,ATM-3,PE,560.0,593.5,0.25,0.25,0.2,0.25,54.67541,22050,961625
2026-08-24 09:30:00,ATM-3,PE,560.0,595.0,0.25,0.25,0.2,0.25,56.676151,22050,960400
2026-08-24 09:35:00,ATM-3,PE,560.0,594.9,0.25,0.25,0.25,0.25,56.625997,7350,961625
2026-08-24 09:40:00,ATM-3,PE,570.0,596.0,0.25,0.4,0.25,0.4,48.579706,2450,1127000
2026-08-24 09:45:00,ATM-3,PE,570.0,596.9,0.4,0.4,0.4,0.4,49.922295,19600,1124550
2026-08-24 09:50:00,ATM-3,PE,570.0,596.5,0.4,0.4,0.35,0.4,49.424624,25725,1129450
2026-08-24 09:55:00,ATM-3,PE,570.0,598.65,0.4,0.4,0.35,0.35,51.115857,147000,1158850
2026-08-24 10:00:00,ATM-3,PE,570.0,598.2,0.35,0.35,0.35,0.35,50.566719,0,1158850
2026-08-24 10:05:00,ATM-3,PE,570.0,598.85,0.35,0.35,0.3,0.35,51.533869,60025,1162525
2026-08-24 10:10:00,ATM-3,PE,570.0,596.6,0.35,0.45,0.35,0.45,51.116991,95550,1167425
2026-08-24 10:15:00,ATM-3,PE,570.0,596.5,0.5,0.5,0.45,0.5,52.244423,2450,1163750
2026-08-24 10:20:00,ATM-3,PE,570.0,596.05,0.5,0.5,0.45,0.45,50.459342,23275,1155175
2026-08-24 10:25:00,ATM-3,PE,570.0,595.3,0.45,0.5,0.45,0.45,49.43096,15925,1152725
2026-08-24 10:30:00,ATM-3,PE,570.0,595.85,0.45,0.5,0.4,0.4,49.046308,31850,1149050
2026-08-24 10:35:00,ATM-3,PE,560.0,595.0,0.4,0.45,0.25,0.25,57.715324,4900,937125
2026-08-24 10:40:00,ATM-3,PE,570.0,596.25,0.45,0.45,0.4,0.4,49.763336,24500,1138025
2026-08-24 10:45:00,ATM-3,PE,570.0,596.9,0.4,0.4,0.4,0.4,50.770702,7350,1136800
2026-08-24 10:50:00,ATM-3,PE,570.0,597.55,0.4,0.4,0.35,0.35,50.374075,14700,1125775
2026-08-24 10:55:00,ATM-3,PE,570.0,598.0,0.35,0.35,0.35,0.35,51.079317,1225,1120875
2026-08-24 11:00:00,ATM-3,PE,570.0,597.75,0.35,0.35,0.35,0.35,50.801045,7350,1119650
2026-08-24 11:05:00,ATM-3,PE,570.0,598.8,0.4,0.4,0.35,0.35,52.35043,17150,1115975
2026-08-24 11:10:00,ATM-3,PE,570.0,598.25,0.4,0.4,0.35,0.35,51.653341,73500,1147825
2026-08-24 11:15:00,ATM-3,PE,570.0,599.0,0.4,0.4,0.35,0.35,52.783378,8575,1145375
2026-08-24 11:20:00,ATM-3,PE,570.0,601.95,0.35,0.4,0.3,0.3,55.310278,39200,1134350
2026-08-24 11:25:00,ATM-3,PE,570.0,602.8,0.35,0.35,0.3,0.35,58.221652,79625,1124550
2026-08-24 11:30:00,ATM-3,PE,570.0,602.7,0.3,0.35,0.3,0.3,56.487009,6125,1087800
2026-08-24 11:35:00,ATM-3,PE,570.0,601.35,0.3,0.4,0.3,0.35,56.385541,41650,1068200
2026-08-24 11:40:00,ATM-3,PE,570.0,601.5,0.35,0.4,0.35,0.4,58.203725,4900,1066975
2026-08-24 11:45:00,ATM-3,PE,570.0,601.8,0.3,0.4,0.3,0.35,57.179211,4900,1062075
2026-08-24 11:50:00,ATM-3,PE,570.0,600.5,0.35,0.35,0.3,0.3,53.815626,4900,1062075
2026-08-24 11:55:00,ATM-3,PE,570.0,601.3,0.3,0.3,0.3,0.3,54.995346,0,1060850
2026-08-24 12:00:00,ATM-3,PE,570.0,602.6,0.3,0.35,0.3,0.3,56.855715,9800,1059625
2026-08-24 12:05:00,ATM-3,PE,570.0,602.5,0.3,0.35,0.3,0.3,56.804497,82075,1038800
2026-08-24 12:10:00,ATM-3,PE,570.0,602.8,0.3,0.3,0.3,0.3,57.299889,23275,1027775
2026-08-24 12:15:00,ATM-3,PE,570.0,601.7,0.3,0.35,0.3,0.35,57.554535,51450,1021650
2026-08-24 12:20:00,ATM-3,PE,570.0,602.0,0.35,0.35,0.3,0.3,56.375226,33075,1004500
2026-08-24 12:25:00,ATM-3,PE,580.0,605.25,0.3,0.55,0.3,0.5,51.460862,208250,1283800
2026-08-24 12:30:00,ATM-3,PE,580.0,606.75,0.45,0.5,0.45,0.5,53.813036,230300,1270325
2026-08-24 12:35:00,ATM-3,PE,580.0,609.5,0.55,0.55,0.4,0.4,55.332497,89425,1221325
2026-08-24 12:40:00,ATM-3,PE,580.0,610.45,0.4,0.45,0.4,0.45,58.180563,182525,1160075
2026-08-24 12:45:00,ATM-3,PE,580.0,609.6,0.4,0.45,0.4,0.45,57.030096,20825,1169875
2026-08-24 12:50:00,ATM-3,PE,580.0,612.0,0.45,0.45,0.35,0.35,57.619119,126175,1240925
2026-08-24 12:55:00,ATM-3,PE,580.0,612.25,0.4,0.45,0.35,0.45,61.061822,64925,1244600
2026-08-24 13:00:00,ATM-3,PE,580.0,610.7,0.4,0.45,0.35,0.4,57.489443,89425,1228675
2026-08-24 13:05:00,ATM-3,PE,580.0,608.65,0.4,0.5,0.4,0.45,55.981335,46550,1243375
2026-08-24 13:10:00,ATM-3,PE,580.0,607.75,0.45,0.5,0.45,0.5,56.001773,29400,1232350
2026-08-24 13:15:00,ATM-3,PE,580.0,607.75,0.5,0.5,0.45,0.45,54.814915,66150,1217650
2026-08-24 13:20:00,ATM-3,PE,580.0,607.7,0.45,0.5,0.45,0.5,56.101461,100450,1220100
2026-08-24 13:25:00,ATM-3,PE,580.0,606.7,0.45,0.5,0.45,0.45,53.406584,36750,1210300
2026-08-24 13:30:00,ATM-3,PE,580.0,607.4,0.45,0.5,0.45,0.5,55.820389,1225,1229900
2026-08-24 13:35:00,ATM-3,PE,580.0,608.55,0.5,0.5,0.45,0.45,56.362193,58800,1231125
2026-08-24 13:40:00,ATM-3,PE,580.0,607.95,0.45,0.45,0.45,0.45,55.550607,0,1231125
2026-08-24 13:45:00,ATM-3,PE,580.0,609.6,0.45,0.45,0.35,0.4,56.702818,23275,1231125
2026-08-24 13:50:00,ATM-3,PE,580.0,609.3,0.4,0.4,0.35,0.35,54.848507,28175,1237250
2026-08-24 13:55:00,ATM-3,PE,580.0,608.2,0.35,0.4,0.35,0.4,54.815467,30625,1244600
2026-08-24 14:00:00,ATM-3,PE,580.0,608.65,0.4,0.4,0.35,0.35,54.080847,3675,1253175
2026-08-24 14:05:00,ATM-3,PE,580.0,608.1,0.4,0.4,0.35,0.35,53.364718,14700,1260525
2026-08-24 14:10:00,ATM-3,PE,580.0,608.7,0.35,0.35,0.35,0.35,54.329147,11025,1260525
2026-08-24 14:15:00,ATM-3,PE,580.0,608.0,0.35,0.35,0.3,0.3,51.788758,15925,1276450
2026-08-24 14:20:00,ATM-3,PE,580.0,607.6,0.3,0.35,0.3,0.3,51.296031,46550,1265425
2026-08-24 14:25:00,ATM-3,PE,580.0,608.0,0.35,0.35,0.3,0.3,51.958302,29400,1258075
2026-08-24 14:30:00,ATM-3,PE,580.0,608.45,0.35,0.35,0.3,0.3,52.693532,15925,1259300
2026-08-24 14:35:00,ATM-3,PE,580.0,609.8,0.3,0.3,0.2,0.25,52.887748,88200,1305850
2026-08-24 14:40:00,ATM-3,PE,580.0,609.9,0.25,0.25,0.2,0.25,53.115333,29400,1316875
2026-08-24 14:45:00,ATM-3,PE,580.0,609.85,0.25,0.25,0.2,0.25,53.133441,72275,1319325
2026-08-24 14:50:00,ATM-3,PE,580.0,610.1,0.25,0.25,0.2,0.2,51.487818,7350,1359750
2026-08-24 14:55:00,ATM-3,PE,580.0,611.25,0.2,0.25,0.2,0.25,55.273039,45325,1360975
2026-08-24 15:00:00,ATM-3,PE,580.0,612.45,0.2,0.25,0.2,0.2,54.854621,42875,1412425
2026-08-24 15:05:00,ATM-3,PE,580.0,613.0,0.2,0.25,0.15,0.15,53.114966,74725,1389150
2026-08-24 15:10:00,ATM-3,PE,580.0,608.0,0.2,0.55,0.15,0.35,54.374709,269500,1320550
2026-08-24 15:15:00,ATM-3,PE,580.0,608.0,0.5,0.7,0.35,0.55,59.985255,670075,1193150
2026-08-24 15:20:00,ATM-3,PE,580.0,608.0,0.45,0.9,0.4,0.7,63.571552,436100,1183350
2026-08-24 15:25:00,ATM-3,PE,570.0,604.0,0.7,0.7,0.4,0.4,66.295716,91875,931000
2026-08-24 15:30:00,ATM-3,PE,570.0,604.0,0.4,0.45,0.35,0.4,66.40945,13475,928550
2026-08-24 15:35:00,ATM-3,PE,570.0,604.0,0.45,0.6,0.4,0.4,66.523764,148225,989800
2026-08-25 09:15:00,ATM-3,PE,560.0,594.4,0.45,0.45,0.05,0.1,0.0,107800,662725
2026-08-25 09:20:00,ATM-3,PE,560.0,592.45,0.1,0.15,0.1,0.15,0.0,82075,622300
2026-08-25 09:25:00,ATM-3,PE,560.0,590.05,0.2,0.3,0.15,0.3,0.0,71050,590450
2026-08-25 09:30:00,ATM-3,PE,560.0,594.0,0.3,0.3,0.15,0.2,0.0,30625,591675
2026-08-25 09:35:00,ATM-3,PE,560.0,594.5,0.2,0.3,0.15,0.15,0.0,49000,591675
2026-08-25 09:40:00,ATM-3,PE,560.0,593.3,0.15,0.15,0.1,0.1,0.0,6125,591675
2026-08-25 09:45:00,ATM-3,PE,560.0,592.75,0.1,0.15,0.1,0.15,0.0,2450,586775
2026-08-25 09:50:00,ATM-3,PE,560.0,592.45,0.15,0.15,0.1,0.15,0.0,15925,591675
2026-08-25 09:55:00,ATM-3,PE,560.0,591.55,0.15,0.2,0.1,0.15,0.0,14700,596575
2026-08-25 10:00:00,ATM-3,PE,560.0,591.0,0.15,0.15,0.15,0.15,0.0,0,596575
2026-08-25 10:05:00,ATM-3,PE,560.0,591.0,0.15,0.15,0.15,0.15,0.0,0,596575
2026-08-25 10:10:00,ATM-3,PE,560.0,590.4,0.15,0.15,0.15,0.15,0.0,4900,592900
2026-08-25 10:15:00,ATM-3,PE,560.0,589.3,0.15,0.15,0.1,0.15,0.0,4900,591675
2026-08-25 10:20:00,ATM-3,PE,560.0,588.9,0.15,0.15,0.1,0.15,0.0,50225,588000
2026-08-25 10:25:00,ATM-3,PE,560.0,590.0,0.15,0.15,0.1,0.1,0.0,1225,608825
2026-08-25 10:30:00,ATM-3,PE,560.0,590.85,0.1,0.1,0.1,0.1,0.0,2450,605150
2026-08-25 10:35:00,ATM-3,PE,560.0,590.8,0.1,0.1,0.05,0.05,0.0,53900,595350
2026-08-25 10:40:00,ATM-3,PE,560.0,590.05,0.05,0.1,0.05,0.1,0.0,3675,595350
2026-08-25 10:45:00,ATM-3,PE,560.0,590.0,0.1,0.1,0.1,0.1,0.0,9800,596575
2026-08-25 10:50:00,ATM-3,PE,560.0,589.25,0.1,0.15,0.05,0.05,0.0,102900,572075
2026-08-25 10:55:00,ATM-3,PE,560.0,589.2,0.05,0.1,0.05,0.1,0.0,2450,573300
2026-08-25 11:00:00,ATM-3,PE,560.0,588.75,0.1,0.1,0.05,0.05,0.0,3675,573300
2026-08-25 11:05:00,ATM-3,PE,560.0,589.85,0.05,0.05,0.05,0.05,0.0,2450,573300
2026-08-25 11:10:00,ATM-3,PE,560.0,588.6,0.05,0.1,0.05,0.1,0.0,13475,574525
2026-08-25 11:15:00,ATM-3,PE,560.0,587.9,0.1,0.1,0.05,0.05,0.0,4900,573300
2026-08-25 11:20:00,ATM-3,PE,560.0,587.45,0.05,0.1,0.05,0.1,0.0,4900,567175
2026-08-25 11:25:00,ATM-3,PE,560.0,587.95,0.1,0.1,0.1,0.1,0.0,0,567175
2026-08-25 11:30:00,ATM-3,PE,560.0,587.45,0.1,0.1,0.1,0.1,0.0,0,567175
2026-08-25 11:35:00,ATM-3,PE,560.0,588.2,0.1,0.1,0.05,0.05,0.0,8575,564725
2026-08-25 11:40:00,ATM-3,PE,560.0,588.0,0.1,0.1,0.05,0.1,0.0,11025,551250
2026-08-25 11:45:00,ATM-3,PE,560.0,587.75,0.1,0.1,0.1,0.1,0.0,0,551250
2026-08-25 11:50:00,ATM-3,PE,560.0,588.3,0.1,0.1,0.1,0.1,0.0,0,551250
2026-08-25 11:55:00,ATM-3,PE,560.0,589.1,0.05,0.1,0.05,0.1,0.0,7350,545125
2026-08-25 12:00:00,ATM-3,PE,560.0,590.3,0.1,0.1,0.05,0.1,0.0,8575,539000
2026-08-25 12:05:00,ATM-3,PE,570.0,595.65,0.05,0.1,0.05,0.05,0.0,69825,618625
2026-08-25 12:10:00,ATM-3,PE,570.0,595.85,0.05,0.1,0.05,0.1,0.0,7350,612500
2026-08-25 12:15:00,ATM-3,PE,570.0,596.4,0.05,0.1,0.05,0.05,0.0,13475,607600
2026-08-25 12:20:00,ATM-3,PE,570.0,597.3,0.05,0.05,0.05,0.05,0.0,47775,597800
2026-08-25 12:25:00,ATM-3,PE,570.0,595.85,0.05,0.05,0.05,0.05,0.0,7350,599025
2026-08-25 12:30:00,ATM-3,PE,570.0,595.65,0.05,0.05,0.05,0.05,0.0,3675,600250
2026-08-25 12:35:00,ATM-3,PE,560.0,594.9,0.05,0.05,0.05,0.05,0.0,1225,513275
2026-08-25 12:40:00,ATM-3,PE,570.0,597.55,0.05,0.05,0.05,0.05,0.0,0,597800
2026-08-25 12:45:00,ATM-3,PE,570.0,597.65,0.05,0.05,0.05,0.05,0.0,0,596575
2026-08-25 12:50:00,ATM-3,PE,570.0,595.6,0.05,0.05,0.05,0.05,0.0,3675,595350
2026-08-25 12:55:00,ATM-3,PE,560.0,593.25,0.05,0.05,0.05,0.05,0.0,1225,509600
2026-08-25 13:00:00,ATM-3,PE,560.0,592.35,0.05,0.05,0.05,0.05,0.0,11025,498575
2026-08-25 13:05:00,ATM-3,PE,560.0,592.1,0.05,0.05,0.05,0.05,0.0,4900,493675
2026-08-25 13:10:00,ATM-3,PE,560.0,591.9,0.05,0.05,0.05,0.05,0.0,0,493675
2026-08-25 13:15:00,ATM-3,PE,560.0,594.5,0.05,0.05,0.05,0.05,0.0,0,493675
2026-08-25 13:20:00,ATM-3,PE,560.0,593.7,0.05,0.05,0.05,0.05,0.0,0,493675
2026-08-25 13:25:00,ATM-3,PE,560.0,594.05,0.05,0.05,0.05,0.05,0.0,6125,487550
2026-08-25 13:30:00,ATM-3,PE,570.0,595.25,0.05,0.05,0.05,0.05,0.0,1225,563500
2026-08-25 13:35:00,ATM-3,PE,560.0,594.45,0.05,0.05,0.05,0.05,0.0,1225,487550
2026-08-25 13:40:00,ATM-3,PE,560.0,594.25,0.05,0.05,0.05,0.05,0.0,0,487550
2026-08-25 13:45:00,ATM-3,PE,570.0,595.25,0.05,0.05,0.05,0.05,0.0,0,562275
2026-08-25 13:50:00,ATM-3,PE,570.0,595.5,0.05,0.05,0.05,0.05,0.0,1225,561050
2026-08-25 13:55:00,ATM-3,PE,570.0,595.45,0.05,0.05,0.05,0.05,0.0,7350,561050
2026-08-25 14:00:00,ATM-3,PE,560.0,595.0,0.05,0.05,0.05,0.05,0.0,0,486325
2026-08-25 14:05:00,ATM-3,PE,570.0,595.25,0.05,0.05,0.05,0.05,0.0,0,561050
2026-08-25 14:10:00,ATM-3,PE,560.0,595.0,0.05,0.1,0.05,0.1,0.0,0,476525
2026-08-25 14:15:00,ATM-3,PE,570.0,595.25,0.05,0.05,0.05,0.05,0.0,0,561050
2026-08-25 14:20:00,ATM-3,PE,560.0,595.0,0.1,0.1,0.1,0.1,0.0,0,476525
2026-08-25 14:25:00,ATM-3,PE,570.0,595.3,0.1,0.1,0.05,0.05,0.0,29400,547575
2026-08-25 14:30:00,ATM-3,PE,560.0,592.6,0.1,0.1,0.1,0.1,0.0,6125,475300
2026-08-25 14:35:00,ATM-3,PE,560.0,592.15,0.1,0.1,0.05,0.05,0.0,1225,471625
2026-08-25 14:40:00,ATM-3,PE,560.0,592.4,0.05,0.05,0.05,0.05,0.0,11025,459375
2026-08-25 14:45:00,ATM-3,PE,560.0,592.65,0.05,0.05,0.05,0.05,0.0,0,459375
2026-08-25 14:50:00,ATM-3,PE,560.0,592.5,0.05,0.05,0.05,0.05,0.0,0,459375
2026-08-25 14:55:00,ATM-3,PE,560.0,592.35,0.05,0.05,0.05,0.05,0.0,4900,456925
2026-08-25 15:00:00,ATM-3,PE,560.0,592.0,0.05,0.05,0.05,0.05,0.0,0,456925
2026-08-25 15:05:00,ATM-3,PE,560.0,592.35,0.05,0.05,0.05,0.05,0.0,7350,448350
2026-08-25 15:10:00,ATM-3,PE,560.0,591.7,0.05,0.05,0.05,0.05,0.0,1225,447125
2026-08-25 15:15:00,ATM-3,PE,560.0,591.7,0.05,0.05,0.05,0.05,0.0,0,447125
2026-08-25 15:20:00,ATM-3,PE,560.0,591.7,0.05,0.05,0.05,0.05,0.0,2450,448350
2026-08-25 15:25:00,ATM-3,PE,560.0,592.6,0.05,0.05,0.05,0.05,0.0,0,448350
2026-08-25 15:30:00,ATM-3,PE,560.0,592.6,0.05,0.05,0.05,0.05,0.0,3675,448350
2026-08-25 15:35:00,ATM-3,PE,560.0,592.6,0.05,0.05,0.05,0.05,0.0,3675,449575
2026-08-20 09:15:00,ATM-2,CE,550.0,571.95,20.05,24.5,18.35,23.6,26.510823,162925,1640275
2026-08-20 09:20:00,ATM-2,CE,550.0,570.3,23.15,23.6,22.0,22.15,26.702964,93100,1643950
2026-08-20 09:25:00,ATM-2,CE,550.0,568.55,23.35,23.35,20.35,20.55,26.23219,134750,1637825
2026-08-20 09:30:00,ATM-2,CE,550.0,569.0,20.4,21.45,19.8,21.3,28.634119,62475,1626800
2026-08-20 09:35:00,ATM-2,CE,550.0,569.3,21.0,21.6,20.9,21.55,28.605654,29400,1631700
2026-08-20 09:40:00,ATM-2,CE,550.0,568.2,21.05,21.55,19.5,19.95,24.174065,31850,1623125
2026-08-20 09:45:00,ATM-2,CE,550.0,567.5,20.0,20.3,19.25,19.4,24.639229,23275,1614550
2026-08-20 09:50:00,ATM-2,CE,550.0,568.1,19.65,19.85,19.4,19.85,24.109253,3675,1619450
2026-08-20 09:55:00,ATM-2,CE,550.0,567.7,20.0,20.0,19.6,19.6,24.842671,13475,1623125
2026-08-20 10:00:00,ATM-2,CE,550.0,567.15,19.6,19.6,19.5,19.55,27.561299,20825,1613325
2026-08-20 10:05:00,ATM-2,CE,550.0,568.05,19.6,20.6,19.55,20.1,26.207493,23275,1620675
2026-08-20 10:10:00,ATM-2,CE,550.0,567.55,20.1,20.1,19.6,19.8,27.046287,26950,1617000
2026-08-20 10:15:00,ATM-2,CE,550.0,567.9,19.8,20.2,19.7,19.7,24.356852,11025,1617000
2026-08-20 10:20:00,ATM-2,CE,550.0,569.4,19.7,21.05,19.7,21.0,24.127281,20825,1609650
2026-08-20 10:25:00,ATM-2,CE,550.0,569.0,21.0,21.0,20.2,20.2,20.058045,3675,1609650
2026-08-20 10:30:00,ATM-2,CE,550.0,571.7,20.7,23.0,20.2,23.0,23.22636,36750,1602300
2026-08-20 10:35:00,ATM-2,CE,550.0,571.95,23.3,24.1,23.0,23.65,27.129592,25725,1602300
2026-08-20 10:40:00,ATM-2,CE,550.0,570.7,23.4,23.65,23.4,23.55,33.801528,4900,1601075
2026-08-20 10:45:00,ATM-2,CE,550.0,570.25,22.0,23.55,22.0,22.15,27.237775,6125,1599850
2026-08-20 10:50:00,ATM-2,CE,550.0,569.45,22.15,22.15,20.9,20.9,22.954472,13475,1596175
2026-08-20 10:55:00,ATM-2,CE,550.0,569.55,20.9,20.9,20.9,20.9,22.114181,0,1596175
2026-08-20 11:00:00,ATM-2,CE,550.0,570.05,20.9,21.65,20.9,21.45,23.004965,8575,1588825
2026-08-20 11:05:00,ATM-2,CE,550.0,571.25,21.45,22.7,21.25,22.7,24.451944,30625,1597400
2026-08-20 11:10:00,ATM-2,CE,550.0,570.85,22.4,22.7,21.8,21.8,17.966674,7350,1596175
2026-08-20 11:15:00,ATM-2,CE,550.0,570.0,22.0,22.2,21.75,21.75,25.965738,40425,1575350
2026-08-20 11:20:00,ATM-2,CE,550.0,568.2,21.65,21.75,20.5,20.5,28.147088,9800,1575350
2026-08-20 11:25:00,ATM-2,CE,550.0,567.75,20.1,20.5,20.0,20.25,28.952126,12250,1577800
2026-08-20 11:30:00,ATM-2,CE,550.0,568.35,20.25,20.25,20.15,20.15,24.930261,2450,1577800
2026-08-20 11:35:00,ATM-2,CE,550.0,567.85,20.15,20.35,20.15,20.3,28.77305,7350,1577800
2026-08-20 11:40:00,ATM-2,CE,550.0,568.65,20.3,20.85,20.3,20.85,27.981923,9800,1576575
2026-08-20 11:45:00,ATM-2,CE,550.0,569.85,20.85,21.8,20.85,21.8,27.392905,24500,1577800
2026-08-20 11:50:00,ATM-2,CE,550.0,568.6,21.75,21.8,20.7,20.7,27.300473,6125,1577800
2026-08-20 11:55:00,ATM-2,CE,550.0,569.7,20.7,22.15,20.7,21.8,28.328432,3675,1577800
2026-08-20 12:00:00,ATM-2,CE,550.0,569.15,21.8,21.8,21.75,21.75,31.012284,1225,1577800
2026-08-20 12:05:00,ATM-2,CE,550.0,569.0,21.75,21.75,20.75,20.75,25.214826,7350,1577800
2026-08-20 12:10:00,ATM-2,CE,550.0,571.2,20.75,22.2,20.75,22.2,19.268459,1225,1577800
2026-08-20 12:15:00,ATM-2,CE,550.0,573.9,22.2,25.8,22.2,25.35,26.752089,73500,1581475
2026-08-20 12:20:00,ATM-2,CE,550.0,572.3,25.7,25.7,23.7,23.7,25.004977,9800,1583925
2026-08-20 12:25:00,ATM-2,CE,550.0,573.2,23.65,25.3,23.45,24.75,27.160262,33075,1582700
2026-08-20 12:30:00,ATM-2,CE,550.0,572.35,24.75,24.75,23.8,24.0,27.348264,2450,1583925
2026-08-20 12:35:00,ATM-2,CE,550.0,571.95,24.0,24.0,23.5,23.5,26.162349,1225,1583925
2026-08-20 12:40:00,ATM-2,CE,550.0,571.7,23.3,23.9,23.0,23.9,30.962358,34300,1568000
2026-08-20 12:45:00,ATM-2,CE,550.0,573.15,23.75,24.75,23.75,24.45,24.699523,14700,1561875
2026-08-20 12:50:00,ATM-2,CE,550.0,572.35,24.45,24.45,24.45,24.45,30.878717,1225,1561875
2026-08-20 12:55:00,ATM-2,CE,550.0,571.35,24.45,24.45,22.15,22.15,14.236241,6125,1563100
2026-08-20 13:00:00,ATM-2,CE,550.0,570.8,22.15,22.15,22.0,22.0,21.819042,1225,1559425
2026-08-20 13:05:00,ATM-2,CE,550.0,570.65,22.0,22.0,22.0,22.0,23.312845,0,1559425
2026-08-20 13:10:00,ATM-2,CE,550.0,570.5,22.0,22.0,22.0,22.0,24.60872,0,1559425
2026-08-20 13:15:00,ATM-2,CE,550.0,570.25,22.0,22.0,22.0,22.0,26.481493,0,1559425
2026-08-20 13:20:00,ATM-2,CE,550.0,570.1,22.0,22.0,20.9,21.0,16.87314,12250,1559425
2026-08-20 13:25:00,ATM-2,CE,550.0,569.95,21.0,21.0,21.0,21.0,19.354069,0,1561875
2026-08-20 13:30:00,ATM-2,CE,550.0,570.0,21.0,21.0,21.0,21.0,18.66149,0,1561875
2026-08-20 13:35:00,ATM-2,CE,550.0,569.65,21.0,21.0,21.0,21.0,22.584221,0,1561875
2026-08-20 13:40:00,ATM-2,CE,550.0,569.85,21.0,21.0,21.0,21.0,20.613338,0,1561875
2026-08-20 13:45:00,ATM-2,CE,550.0,569.75,21.0,21.0,21.0,21.0,21.674633,0,1561875
2026-08-20 13:50:00,ATM-2,CE,550.0,569.95,21.0,21.0,21.0,21.0,19.421953,0,1561875
2026-08-20 13:55:00,ATM-2,CE,550.0,569.75,21.0,21.0,21.0,21.0,21.699727,0,1561875
2026-08-20 14:00:00,ATM-2,CE,550.0,570.05,21.0,21.25,21.0,21.25,21.398688,4900,1560650
2026-08-20 14:05:00,ATM-2,CE,550.0,570.95,21.25,21.85,21.25,21.85,17.582511,3675,1560650
2026-08-20 14:10:00,ATM-2,CE,550.0,570.25,21.85,21.85,21.85,21.85,25.41087,0,1559425
2026-08-20 14:15:00,ATM-2,CE,550.0,570.25,21.85,21.85,21.85,21.85,25.423488,0,1559425
2026-08-20 14:20:00,ATM-2,CE,550.0,569.6,21.85,21.85,20.6,20.6,18.518841,11025,1559425
2026-08-20 14:25:00,ATM-2,CE,550.0,569.8,20.6,20.6,20.6,20.6,13.939435,0,1559425
2026-08-20 14:30:00,ATM-2,CE,550.0,570.0,20.6,21.3,20.6,21.3,22.506074,1225,1555750
2026-08-20 14:35:00,ATM-2,CE,550.0,570.15,21.3,21.3,21.3,21.3,20.983973,0,1555750
2026-08-20 14:40:00,ATM-2,CE,550.0,570.4,21.3,21.3,20.8,21.05,0.0,4900,1556975
2026-08-20 14:45:00,ATM-2,CE,550.0,570.25,21.35,21.35,20.95,20.95,0.0,6125,1554525
2026-08-20 14:50:00,ATM-2,CE,550.0,571.25,20.95,20.95,20.95,20.95,0.0,0,1554525
2026-08-20 14:55:00,ATM-2,CE,550.0,571.1,21.65,21.65,20.95,21.45,0.0,12250,1553300
2026-08-20 15:00:00,ATM-2,CE,550.0,571.2,21.5,21.7,21.3,21.7,0.0,24500,1553300
2026-08-20 15:05:00,ATM-2,CE,550.0,571.2,21.7,21.7,21.25,21.5,0.0,13475,1555750
2026-08-20 15:10:00,ATM-2,CE,550.0,573.0,21.8,23.95,21.5,23.95,20.179968,51450,1556975
2026-08-20 15:15:00,ATM-2,CE,550.0,573.0,22.95,23.95,22.15,22.15,0.0,8575,1554525
2026-08-20 15:20:00,ATM-2,CE,550.0,573.0,22.15,22.15,22.0,22.0,0.0,2450,1554525
2026-08-20 15:25:00,ATM-2,CE,550.0,573.9,22.0,22.0,22.0,22.0,0.0,1225,1552075
2026-08-20 15:30:00,ATM-2,CE,550.0,573.9,22.0,22.25,21.8,22.25,0.0,8575,1548400
2026-08-20 15:35:00,ATM-2,CE,550.0,573.9,22.55,23.0,22.25,23.0,0.0,18375,1539825
2026-08-21 09:15:00,ATM-2,CE,570.0,589.05,20.25,23.05,15.0,20.5,25.081186,600250,1331575
2026-08-21 09:20:00,ATM-2,CE,570.0,587.9,20.5,21.0,19.05,19.65,26.45801,171500,1243375
2026-08-21 09:25:00,ATM-2,CE,570.0,591.8,20.05,22.85,19.65,22.85,23.211563,178850,1227450
2026-08-21 09:30:00,ATM-2,CE,570.0,592.45,22.75,25.55,22.4,23.7,26.126099,280525,1222550
2026-08-21 09:35:00,ATM-2,CE,570.0,593.8,23.95,26.1,23.5,25.3,29.804528,147000,1193150
2026-08-21 09:40:00,ATM-2,CE,570.0,593.65,25.35,26.5,25.2,25.2,30.153154,113925,1207850
2026-08-21 09:45:00,ATM-2,CE,570.0,591.6,24.95,25.2,23.15,23.3,29.622466,80850,1174775
2026-08-21 09:50:00,ATM-2,CE,570.0,592.95,23.0,24.85,22.6,24.85,32.500833,46550,1158850
2026-08-21 09:55:00,ATM-2,CE,570.0,592.35,25.0,25.0,24.45,24.45,33.461961,60025,1122100
2026-08-21 10:00:00,ATM-2,CE,570.0,591.3,24.35,24.45,23.2,23.55,33.519331,56350,1095150
2026-08-21 10:05:00,ATM-2,CE,570.0,591.4,23.6,24.35,23.55,23.65,33.635763,18375,1089025
2026-08-21 10:10:00,ATM-2,CE,570.0,592.15,24.0,24.75,23.65,24.55,35.43597,9800,1082900
2026-08-21 10:15:00,ATM-2,CE,570.0,592.0,24.85,24.9,23.85,23.85,31.299571,25725,1100050
2026-08-21 10:20:00,ATM-2,CE,570.0,591.35,23.85,24.0,22.2,23.6,33.637079,36750,1086575
2026-08-21 10:25:00,ATM-2,CE,570.0,592.45,23.45,24.05,23.45,24.05,29.679136,8575,1091475
2026-08-21 10:30:00,ATM-2,CE,570.0,591.5,24.15,24.15,23.45,23.45,31.64437,12250,1089025
2026-08-21 10:35:00,ATM-2,CE,570.0,591.4,23.45,23.45,23.3,23.35,31.564816,19600,1103725
2026-08-21 10:40:00,ATM-2,CE,570.0,591.3,23.35,23.35,23.2,23.2,31.105458,6125,1102500
2026-08-21 10:45:00,ATM-2,CE,570.0,588.45,23.2,23.2,20.45,20.45,29.070064,41650,1106175
2026-08-21 10:50:00,ATM-2,CE,570.0,587.45,20.75,21.1,19.4,20.3,33.479455,57575,1090250
2026-08-21 10:55:00,ATM-2,CE,570.0,587.6,20.3,20.3,18.9,19.45,27.179647,15925,1084125
2026-08-21 11:00:00,ATM-2,CE,570.0,587.15,19.65,19.65,18.75,19.05,27.105062,8575,1078000
2026-08-21 11:05:00,ATM-2,CE,570.0,589.55,19.45,20.65,19.05,20.6,21.725416,22050,1075550
2026-08-21 11:10:00,ATM-2,CE,570.0,589.0,20.6,20.6,20.6,20.6,26.64708,1225,1075550
2026-08-21 11:15:00,ATM-2,CE,570.0,588.3,20.6,20.6,20.0,20.0,26.795061,9800,1078000
2026-08-21 11:20:00,ATM-2,CE,570.0,588.4,20.0,20.0,20.0,20.0,26.11189,9800,1080450
2026-08-21 11:25:00,ATM-2,CE,570.0,589.3,20.1,20.1,20.0,20.1,17.693957,1225,1079225
2026-08-21 11:30:00,ATM-2,CE,570.0,589.35,20.1,20.1,20.1,20.1,16.556227,0,1079225
2026-08-21 11:35:00,ATM-2,CE,570.0,589.45,20.1,20.8,20.1,20.8,24.939653,4900,1079225
2026-08-21 11:40:00,ATM-2,CE,570.0,588.15,20.8,20.8,19.7,19.8,26.333096,20825,1068200
2026-08-21 11:45:00,ATM-2,CE,570.0,587.65,19.8,19.8,19.45,19.45,27.008846,3675,1069425
2026-08-21 11:50:00,ATM-2,CE,570.0,587.4,19.45,19.45,19.35,19.35,27.857382,4900,1068200
2026-08-21 11:55:00,ATM-2,CE,570.0,587.0,19.35,19.35,19.2,19.2,29.160955,2450,1064525
2026-08-21 12:00:00,ATM-2,CE,570.0,587.15,19.55,19.55,19.2,19.55,30.626657,1225,1062075
2026-08-21 12:05:00,ATM-2,CE,570.0,587.0,19.55,19.8,19.55,19.8,32.930195,4900,1060850
2026-08-21 12:10:00,ATM-2,CE,570.0,586.95,19.8,19.8,19.8,19.8,33.186708,0,1060850
2026-08-21 12:15:00,ATM-2,CE,570.0,587.0,19.8,19.8,19.2,19.3,29.873656,14700,1058400
2026-08-21 12:20:00,ATM-2,CE,570.0,587.45,19.45,20.0,19.3,20.0,31.955179,13475,1044925
2026-08-21 12:25:00,ATM-2,CE,570.0,589.25,20.5,21.1,20.0,21.1,29.078206,9800,1041250
2026-08-21 12:30:00,ATM-2,CE,570.0,589.4,21.1,21.7,21.1,21.6,31.758099,4900,1041250
2026-08-21 12:35:00,ATM-2,CE,570.0,589.5,21.6,21.6,20.7,21.0,26.525644,11025,1035125
2026-08-21 12:40:00,ATM-2,CE,570.0,590.0,21.2,21.75,21.0,21.75,29.081941,20825,1031450
2026-08-21 12:45:00,ATM-2,CE,570.0,590.0,21.75,22.0,21.75,22.0,30.996059,7350,1032675
2026-08-21 12:50:00,ATM-2,CE,570.0,590.05,22.0,22.3,21.7,21.7,28.355074,26950,1026550
2026-08-21 12:55:00,ATM-2,CE,570.0,590.8,22.1,22.75,21.7,22.45,29.077804,7350,1035125
2026-08-21 13:00:00,ATM-2,CE,570.0,591.65,23.0,23.45,22.45,23.45,31.12448,22050,1029000
2026-08-21 13:05:00,ATM-2,CE,570.0,592.75,24.5,25.5,23.45,24.6,32.590006,34300,1031450
2026-08-21 13:10:00,ATM-2,CE,570.0,594.3,25.0,26.0,24.6,26.0,32.804288,11025,1020425
2026-08-21 13:15:00,ATM-2,CE,580.0,595.2,26.1,26.1,17.65,18.3,32.220466,132300,1233575
2026-08-21 13:20:00,ATM-2,CE,570.0,593.55,25.7,26.5,25.35,25.95,37.542863,9800,1011850
2026-08-21 13:25:00,ATM-2,CE,570.0,594.1,25.95,25.95,25.8,25.8,32.674528,2450,1011850
2026-08-21 13:30:00,ATM-2,CE,570.0,593.3,25.8,25.8,24.4,25.6,36.61928,9800,1006950
2026-08-21 13:35:00,ATM-2,CE,570.0,592.45,25.6,25.6,24.3,24.3,32.409327,4900,1009400
2026-08-21 13:40:00,ATM-2,CE,570.0,592.4,24.4,24.4,24.0,24.35,33.165289,7350,1006950
2026-08-21 13:45:00,ATM-2,CE,570.0,593.75,24.4,25.7,24.35,25.65,34.08685,13475,1008175
2026-08-21 13:50:00,ATM-2,CE,570.0,594.35,25.65,26.0,25.45,26.0,32.555277,15925,1011850
2026-08-21 13:55:00,ATM-2,CE,570.0,595.0,26.0,26.65,26.0,26.65,33.166415,6125,1011850
2026-08-21 14:00:00,ATM-2,CE,580.0,595.75,18.0,19.2,17.95,18.8,32.72137,93100,1167425
2026-08-21 14:05:00,ATM-2,CE,570.0,594.75,18.75,27.35,18.75,26.75,35.914903,7350,1024100
2026-08-21 14:10:00,ATM-2,CE,580.0,597.2,26.55,26.75,17.6,18.6,23.304343,13475,1169875
2026-08-21 14:15:00,ATM-2,CE,580.0,597.5,20.0,20.4,18.6,20.05,31.780362,139650,1155175
2026-08-21 14:20:00,ATM-2,CE,580.0,596.85,19.75,20.05,19.4,20.0,34.609143,30625,1160075
2026-08-21 14:25:00,ATM-2,CE,580.0,596.8,19.9,20.0,18.65,19.25,30.439925,22050,1157625
2026-08-21 14:30:00,ATM-2,CE,580.0,595.95,19.1,19.5,18.75,18.75,31.62032,24500,1163750
2026-08-21 14:35:00,ATM-2,CE,580.0,596.15,18.7,19.5,18.7,19.05,32.44017,22050,1158850
2026-08-21 14:40:00,ATM-2,CE,580.0,596.0,18.9,19.5,18.9,19.0,32.857536,19600,1158850
2026-08-21 14:45:00,ATM-2,CE,580.0,596.25,19.0,19.1,19.0,19.05,32.005809,11025,1160075
2026-08-21 14:50:00,ATM-2,CE,580.0,596.0,19.35,19.35,18.8,18.8,31.74126,19600,1161300
2026-08-21 14:55:00,ATM-2,CE,580.0,595.8,18.8,18.95,18.05,18.05,28.203979,72275,1108625
2026-08-21 15:00:00,ATM-2,CE,580.0,595.7,26.7,27.15,17.2,17.95,28.111854,41650,1117200
2026-08-21 15:05:00,ATM-2,CE,580.0,596.55,17.75,19.0,17.75,18.8,29.033877,22050,1118425
2026-08-21 15:10:00,ATM-2,CE,580.0,595.65,18.8,18.8,18.0,18.5,31.699553,41650,1118425
2026-08-21 15:15:00,ATM-2,CE,580.0,595.65,18.35,18.55,18.25,18.5,31.715782,35525,1104950
2026-08-21 15:20:00,ATM-2,CE,580.0,595.65,18.2,18.55,18.2,18.2,29.967787,22050,1104950
2026-08-21 15:25:00,ATM-2,CE,570.0,594.9,18.2,27.1,18.0,27.1,37.919737,19600,993475
2026-08-21 15:30:00,ATM-2,CE,570.0,594.9,27.1,27.15,27.0,27.0,37.173895,23275,984900
2026-08-21 15:35:00,ATM-2,CE,570.0,594.9,27.0,27.5,26.8,27.5,40.857061,17150,967750
2026-08-24 09:15:00,ATM-2,CE,570.0,594.35,18.2,28.45,17.7,23.95,0.0,123725,965300
2026-08-24 09:20:00,ATM-2,CE,570.0,594.95,25.1,26.25,14.9,26.25,60.140876,64925,949375
2026-08-24 09:25:00,ATM-2,CE,570.0,593.5,24.9,26.25,23.65,23.85,37.230085,19600,944475
2026-08-24 09:30:00,ATM-2,CE,570.0,595.0,23.4,24.1,22.95,24.1,0.0,13475,943250
2026-08-24 09:35:00,ATM-2,CE,570.0,594.9,24.1,24.85,23.7,24.85,0.0,25725,945700
2026-08-24 09:40:00,ATM-2,CE,580.0,596.0,25.2,25.2,16.0,16.7,35.129524,7350,857500
2026-08-24 09:45:00,ATM-2,CE,580.0,596.9,18.15,18.15,16.7,17.7,38.371605,24500,853825
2026-08-24 09:50:00,ATM-2,CE,580.0,596.5,18.05,18.05,17.6,17.6,42.383623,28175,853825
2026-08-24 09:55:00,ATM-2,CE,580.0,598.65,17.6,19.5,17.6,19.4,40.399703,19600,858725
2026-08-24 10:00:00,ATM-2,CE,580.0,598.2,19.65,19.65,19.0,19.0,40.65261,9800,861175
2026-08-24 10:05:00,ATM-2,CE,580.0,598.85,19.0,20.2,19.0,20.2,50.182661,20825,862400
2026-08-24 10:10:00,ATM-2,CE,580.0,596.6,19.9,20.2,18.4,18.4,51.716919,6125,862400
2026-08-24 10:15:00,ATM-2,CE,580.0,596.5,17.6,18.4,17.3,17.3,38.094656,18375,864850
2026-08-24 10:20:00,ATM-2,CE,580.0,596.05,17.3,17.3,17.2,17.2,42.692621,1225,863625
2026-08-24 10:25:00,ATM-2,CE,580.0,595.3,17.2,17.8,16.3,16.3,39.311453,14700,866075
2026-08-24 10:30:00,ATM-2,CE,580.0,595.85,16.3,16.3,16.3,16.3,30.238112,0,862400
2026-08-24 10:35:00,ATM-2,CE,570.0,595.0,16.3,26.4,16.25,25.55,46.865509,2450,945700
2026-08-24 10:40:00,ATM-2,CE,580.0,596.25,16.25,16.85,16.25,16.85,34.322203,8575,850150
2026-08-24 10:45:00,ATM-2,CE,580.0,596.9,16.85,16.85,16.85,16.85,0.0,0,850150
2026-08-24 10:50:00,ATM-2,CE,580.0,597.55,16.85,18.5,16.85,18.5,42.756489,2450,850150
2026-08-24 10:55:00,ATM-2,CE,580.0,598.0,18.5,18.5,18.5,18.5,34.928227,2450,848925
2026-08-24 11:00:00,ATM-2,CE,580.0,597.75,18.5,18.5,18.45,18.45,38.899697,1225,846475
2026-08-24 11:05:00,ATM-2,CE,580.0,598.8,18.45,18.45,18.25,18.25,0.0,1225,846475
2026-08-24 11:10:00,ATM-2,CE,580.0,598.25,18.25,18.65,18.25,18.65,32.753428,3675,845250
2026-08-24 11:15:00,ATM-2,CE,580.0,599.0,18.6,18.65,18.6,18.6,0.0,3675,845250
2026-08-24 11:20:00,ATM-2,CE,580.0,601.95,19.65,22.7,18.6,22.7,46.792846,31850,850150
2026-08-24 11:25:00,ATM-2,CE,580.0,602.8,22.0,22.75,22.0,22.65,0.0,9800,842800
2026-08-24 11:30:00,ATM-2,CE,580.0,602.7,22.65,23.3,22.6,23.3,44.80473,17150,847700
2026-08-24 11:35:00,ATM-2,CE,580.0,601.35,22.5,23.3,21.35,21.65,33.450944,23275,833000
2026-08-24 11:40:00,ATM-2,CE,580.0,601.5,21.65,22.55,21.65,22.55,51.830947,3675,829325
2026-08-24 11:45:00,ATM-2,CE,580.0,601.8,22.05,22.55,22.05,22.45,44.838105,4900,826875
2026-08-24 11:50:00,ATM-2,CE,580.0,600.5,22.45,22.45,22.45,22.45,62.813009,0,826875
2026-08-24 11:55:00,ATM-2,CE,580.0,601.3,21.65,22.45,21.65,21.65,35.830323,18375,826875
2026-08-24 12:00:00,ATM-2,CE,580.0,602.6,22.5,22.5,21.65,22.5,0.0,2450,825650
2026-08-24 12:05:00,ATM-2,CE,580.0,602.5,22.5,22.5,22.5,22.5,0.0,0,825650
2026-08-24 12:10:00,ATM-2,CE,580.0,602.8,22.5,23.3,22.5,23.3,43.003245,2450,825650
2026-08-24 12:15:00,ATM-2,CE,580.0,601.7,23.3,23.4,22.7,22.7,51.932286,13475,818300
2026-08-24 12:20:00,ATM-2,CE,580.0,602.0,22.7,22.7,22.4,22.4,38.966407,4900,812175
2026-08-24 12:25:00,ATM-2,CE,590.0,605.25,24.05,24.2,15.15,16.35,41.530008,41650,1164975
2026-08-24 12:30:00,ATM-2,CE,590.0,606.75,16.75,17.35,16.35,16.7,0.0,58800,1156400
2026-08-24 12:35:00,ATM-2,CE,590.0,609.5,17.25,19.7,16.7,19.7,24.04105,129850,1115975
2026-08-24 12:40:00,ATM-2,CE,590.0,610.45,19.95,21.5,19.7,20.45,0.0,67375,1081675
2026-08-24 12:45:00,ATM-2,CE,590.0,609.6,20.8,20.8,20.4,20.4,44.524051,12250,1080450
2026-08-24 12:50:00,ATM-2,CE,590.0,612.0,20.0,22.25,20.0,21.75,0.0,39200,1073100
2026-08-24 12:55:00,ATM-2,CE,590.0,612.25,21.65,22.95,21.2,21.7,0.0,73500,1057175
2026-08-24 13:00:00,ATM-2,CE,590.0,610.7,21.7,21.7,20.5,20.5,0.0,11025,1055950
2026-08-24 13:05:00,ATM-2,CE,590.0,608.65,20.35,20.5,18.45,18.6,0.0,20825,1055950
2026-08-24 13:10:00,ATM-2,CE,590.0,607.75,18.6,18.6,18.45,18.6,42.717313,4900,1055950
2026-08-24 13:15:00,ATM-2,CE,590.0,607.75,18.6,18.6,17.8,18.0,27.10854,14700,1051050
2026-08-24 13:20:00,ATM-2,CE,590.0,607.7,18.0,18.4,18.0,18.4,40.052866,2450,1044925
2026-08-24 13:25:00,ATM-2,CE,590.0,606.7,18.35,18.4,17.2,17.2,34.270844,23275,1044925
2026-08-24 13:30:00,ATM-2,CE,590.0,607.4,16.2,17.2,16.2,16.45,0.0,18375,1036350
2026-08-24 13:35:00,ATM-2,CE,590.0,608.55,17.3,18.2,16.45,18.2,0.0,29400,1032675
2026-08-24 13:40:00,ATM-2,CE,590.0,607.95,18.2,18.2,17.35,17.85,0.0,12250,1032675
2026-08-24 13:45:00,ATM-2,CE,590.0,609.6,17.95,19.3,17.85,19.0,0.0,17150,1024100
2026-08-24 13:50:00,ATM-2,CE,590.0,609.3,19.5,19.5,18.75,19.1,0.0,13475,1024100
2026-08-24 13:55:00,ATM-2,CE,590.0,608.2,19.1,19.1,17.9,17.9,0.0,3675,1024100
2026-08-24 14:00:00,ATM-2,CE,590.0,608.65,17.9,18.6,17.9,18.6,0.0,2450,1021650
2026-08-24 14:05:00,ATM-2,CE,590.0,608.1,18.6,18.6,17.25,17.75,0.0,4900,1021650
2026-08-24 14:10:00,ATM-2,CE,590.0,608.7,18.15,18.15,17.5,17.5,0.0,3675,1020425
2026-08-24 14:15:00,ATM-2,CE,590.0,608.0,17.8,18.1,17.5,17.5,0.0,14700,1016750
2026-08-24 14:20:00,ATM-2,CE,590.0,607.6,17.75,17.75,17.5,17.75,0.0,2450,1016750
2026-08-24 14:25:00,ATM-2,CE,590.0,608.0,17.75,17.75,17.0,17.0,0.0,2450,1013075
2026-08-24 14:30:00,ATM-2,CE,590.0,608.45,17.0,17.5,17.0,17.5,0.0,3675,1013075
2026-08-24 14:35:00,ATM-2,CE,590.0,609.8,17.8,18.95,17.5,18.95,0.0,13475,1004500
2026-08-24 14:40:00,ATM-2,CE,590.0,609.9,19.25,19.5,18.95,19.5,0.0,20825,999600
2026-08-24 14:45:00,ATM-2,CE,590.0,609.85,19.55,19.55,18.9,19.25,0.0,17150,1003275
2026-08-24 14:50:00,ATM-2,CE,590.0,610.1,19.85,19.85,19.25,19.85,0.0,1225,1004500
2026-08-24 14:55:00,ATM-2,CE,590.0,611.25,19.85,20.0,19.85,20.0,0.0,1225,1003275
2026-08-24 15:00:00,ATM-2,CE,590.0,612.45,20.0,21.0,19.65,21.0,0.0,78400,1004500
2026-08-24 15:05:00,ATM-2,CE,590.0,613.0,20.45,22.05,20.2,22.0,0.0,173950,1002050
2026-08-24 15:10:00,ATM-2,CE,590.0,608.0,21.75,27.7,13.15,17.0,0.0,138425,972650
2026-08-24 15:15:00,ATM-2,CE,590.0,608.0,16.35,17.0,11.4,13.2,0.0,64925,954275
2026-08-24 15:20:00,ATM-2,CE,590.0,608.0,13.7,13.7,7.35,10.0,0.0,145775,950600
2026-08-24 15:25:00,ATM-2,CE,580.0,604.0,9.9,19.75,9.7,19.75,0.0,13475,715400
2026-08-24 15:30:00,ATM-2,CE,580.0,604.0,20.65,20.9,18.05,18.05,0.0,12250,719075
2026-08-24 15:35:00,ATM-2,CE,580.0,604.0,18.75,19.7,18.05,18.75,0.0,17150,721525
2026-08-25 09:15:00,ATM-2,CE,570.0,594.4,19.85,29.35,15.65,27.4,179.014252,26950,772975
2026-08-25 09:20:00,ATM-2,CE,570.0,592.45,27.4,27.4,24.0,24.0,134.826909,8575,769300
2026-08-25 09:25:00,ATM-2,CE,570.0,590.05,24.0,24.0,24.0,24.0,182.545345,0,769300
2026-08-25 09:30:00,ATM-2,CE,570.0,594.0,19.85,24.05,19.85,24.05,58.654367,2450,766850
2026-08-25 09:35:00,ATM-2,CE,570.0,594.5,15.25,24.05,15.25,24.05,0.0,1225,766850
2026-08-25 09:40:00,ATM-2,CE,570.0,593.3,24.9,24.9,24.05,24.25,122.335095,6125,763175
2026-08-25 09:45:00,ATM-2,CE,570.0,592.75,24.2,24.25,24.2,24.2,137.824771,4900,763175
2026-08-25 09:50:00,ATM-2,CE,570.0,592.45,24.0,24.2,23.05,23.05,106.689531,3675,759500
2026-08-25 09:55:00,ATM-2,CE,570.0,591.55,23.05,23.05,22.8,22.8,128.648381,12250,755825
2026-08-25 10:00:00,ATM-2,CE,570.0,591.0,22.8,22.8,22.8,22.8,143.878796,0,749700
2026-08-25 10:05:00,ATM-2,CE,570.0,591.0,22.8,22.8,22.8,22.8,144.977796,0,735000
2026-08-25 10:10:00,ATM-2,CE,570.0,590.4,22.8,22.8,22.8,22.8,159.597115,0,735000
2026-08-25 10:15:00,ATM-2,CE,570.0,589.3,22.8,22.8,22.8,22.8,182.224558,0,735000
2026-08-25 10:20:00,ATM-2,CE,570.0,588.9,22.8,22.8,22.8,22.8,190.745169,0,735000
2026-08-25 10:25:00,ATM-2,CE,570.0,590.0,22.8,22.8,22.8,22.8,171.773368,0,735000
2026-08-25 10:30:00,ATM-2,CE,570.0,590.85,22.8,22.8,22.8,22.8,154.533683,0,735000
2026-08-25 10:35:00,ATM-2,CE,570.0,590.8,22.8,22.8,22.8,22.8,157.030372,0,735000
2026-08-25 10:40:00,ATM-2,CE,570.0,590.05,22.8,22.8,22.8,22.8,0.0,0,735000
2026-08-25 10:45:00,ATM-2,CE,570.0,590.0,22.8,22.8,20.25,20.25,86.740402,28175,735000
2026-08-25 10:50:00,ATM-2,CE,570.0,589.25,21.5,21.5,19.15,20.75,138.605475,18375,730100
2026-08-25 10:55:00,ATM-2,CE,570.0,589.2,20.75,20.75,20.0,20.0,114.663777,6125,723975
2026-08-25 11:00:00,ATM-2,CE,570.0,588.75,20.0,20.0,20.0,20.0,130.517859,0,721525
2026-08-25 11:05:00,ATM-2,CE,570.0,589.85,20.0,20.0,20.0,20.0,80.191735,0,721525
2026-08-25 11:10:00,ATM-2,CE,570.0,588.6,20.0,20.0,20.0,20.0,137.367168,0,721525
2026-08-25 11:15:00,ATM-2,CE,570.0,587.9,20.0,20.0,20.0,20.0,156.792778,0,721525
2026-08-25 11:20:00,ATM-2,CE,570.0,587.45,20.0,20.0,20.0,20.0,168.587119,0,721525
2026-08-25 11:25:00,ATM-2,CE,570.0,587.95,20.0,20.0,18.95,18.95,123.896698,2450,720300
2026-08-25 11:30:00,ATM-2,CE,570.0,587.45,18.95,18.95,18.0,18.0,103.320202,1225,719075
2026-08-25 11:35:00,ATM-2,CE,570.0,588.2,18.0,18.0,18.0,18.0,0.0,0,719075
2026-08-25 11:40:00,ATM-2,CE,570.0,588.0,18.0,18.0,18.0,18.0,0.0,0,719075
2026-08-25 11:45:00,ATM-2,CE,570.0,587.75,18.0,18.0,18.0,18.0,89.193292,0,719075
2026-08-25 11:50:00,ATM-2,CE,570.0,588.3,18.0,18.5,18.0,18.5,87.993763,1225,717850
2026-08-25 11:55:00,ATM-2,CE,570.0,589.1,18.5,19.0,18.5,19.0,0.0,3675,715400
2026-08-25 12:00:00,ATM-2,CE,570.0,590.3,19.0,19.0,19.0,19.0,0.0,0,715400
2026-08-25 12:05:00,ATM-2,CE,580.0,595.65,19.0,25.5,9.5,16.1,96.207722,11025,627200
2026-08-25 12:10:00,ATM-2,CE,580.0,595.85,16.1,25.5,16.1,16.25,95.396909,0,624750
2026-08-25 12:15:00,ATM-2,CE,580.0,596.4,16.25,19.0,16.25,19.0,182.233455,1225,623525
2026-08-25 12:20:00,ATM-2,CE,580.0,597.3,19.0,19.0,16.2,18.4,138.81597,6125,623525
2026-08-25 12:25:00,ATM-2,CE,580.0,595.85,18.4,18.4,16.0,16.0,79.24167,13475,617400
2026-08-25 12:30:00,ATM-2,CE,580.0,595.65,16.0,16.0,16.0,16.0,96.346771,0,617400
2026-08-25 12:35:00,ATM-2,CE,570.0,594.9,16.0,25.3,16.0,25.3,0.0,4900,709275
2026-08-25 12:40:00,ATM-2,CE,580.0,597.55,16.95,18.55,16.95,18.55,143.655261,1225,611275
2026-08-25 12:45:00,ATM-2,CE,580.0,597.65,18.55,18.55,18.1,18.1,117.168465,7350,606375
2026-08-25 12:50:00,ATM-2,CE,580.0,595.6,18.1,18.1,18.1,18.1,191.921409,0,606375
2026-08-25 12:55:00,ATM-2,CE,570.0,593.25,28.0,28.0,28.0,28.0,0.0,0,709275
2026-08-25 13:00:00,ATM-2,CE,570.0,592.35,23.0,28.0,23.0,23.0,0.0,1225,708050
2026-08-25 13:05:00,ATM-2,CE,570.0,592.1,23.0,23.0,23.0,23.0,0.0,0,708050
2026-08-25 13:10:00,ATM-2,CE,570.0,591.9,23.0,23.2,23.0,23.2,0.0,1225,708050
2026-08-25 13:15:00,ATM-2,CE,570.0,594.5,23.2,23.2,23.2,23.2,0.0,0,708050
2026-08-25 13:20:00,ATM-2,CE,570.0,593.7,23.2,23.2,23.2,23.2,0.0,0,708050
2026-08-25 13:25:00,ATM-2,CE,570.0,594.05,23.2,23.2,23.2,23.2,0.0,0,708050
2026-08-25 13:30:00,ATM-2,CE,580.0,595.25,23.2,23.2,16.5,16.5,166.825145,0,603925
2026-08-25 13:35:00,ATM-2,CE,570.0,594.45,15.0,23.2,15.0,23.2,0.0,1225,708050
2026-08-25 13:40:00,ATM-2,CE,570.0,594.25,23.2,23.2,23.2,23.2,0.0,0,708050
2026-08-25 13:45:00,ATM-2,CE,580.0,595.25,23.2,23.2,15.0,15.0,0.0,0,602700
2026-08-25 13:50:00,ATM-2,CE,580.0,595.5,23.2,23.2,15.0,15.0,0.0,0,602700
2026-08-25 13:55:00,ATM-2,CE,580.0,595.45,15.0,25.25,15.0,15.0,0.0,0,602700
2026-08-25 14:00:00,ATM-2,CE,570.0,595.0,15.0,25.15,15.0,25.15,0.0,3675,705600
2026-08-25 14:05:00,ATM-2,CE,580.0,595.25,25.15,25.15,15.4,15.4,113.266215,0,601475
2026-08-25 14:10:00,ATM-2,CE,570.0,595.0,15.4,25.15,15.4,25.15,0.0,0,705600
2026-08-25 14:15:00,ATM-2,CE,580.0,595.25,15.4,15.4,15.4,15.4,0.0,0,601475
2026-08-25 14:20:00,ATM-2,CE,570.0,595.0,25.15,25.15,25.15,25.15,0.0,0,705600
2026-08-25 14:25:00,ATM-2,CE,580.0,595.3,25.15,25.15,15.4,15.4,0.0,0,601475
2026-08-25 14:30:00,ATM-2,CE,570.0,592.6,25.15,25.15,24.0,24.0,0.0,3675,699475
2026-08-25 14:35:00,ATM-2,CE,570.0,592.15,24.0,24.0,24.0,24.0,0.0,0,699475
2026-08-25 14:40:00,ATM-2,CE,570.0,592.4,23.1,24.0,23.1,23.6,0.0,13475,697025
2026-08-25 14:45:00,ATM-2,CE,570.0,592.65,23.6,23.6,23.6,23.6,0.0,0,697025
2026-08-25 14:50:00,ATM-2,CE,570.0,592.5,23.6,23.6,23.6,23.6,0.0,1225,690900
2026-08-25 14:55:00,ATM-2,CE,570.0,592.35,23.6,23.6,23.6,23.6,0.0,0,690900
2026-08-25 15:00:00,ATM-2,CE,570.0,592.0,23.6,23.6,23.6,23.6,0.0,0,690900
2026-08-25 15:05:00,ATM-2,CE,570.0,592.35,22.25,23.6,22.25,22.25,0.0,7350,689675
2026-08-25 15:10:00,ATM-2,CE,570.0,591.7,22.25,23.25,22.25,23.25,0.0,1225,687225
2026-08-25 15:15:00,ATM-2,CE,570.0,591.7,21.25,23.25,21.25,21.25,0.0,1225,686000
2026-08-25 15:20:00,ATM-2,CE,570.0,591.7,21.25,21.25,21.25,21.25,0.0,0,686000
2026-08-25 15:25:00,ATM-2,CE,570.0,592.6,21.25,21.25,21.25,21.25,0.0,0,686000
2026-08-25 15:30:00,ATM-2,CE,570.0,592.6,21.25,25.55,21.25,25.55,0.0,3675,686000
2026-08-25 15:35:00,ATM-2,CE,570.0,592.6,25.55,25.55,25.55,25.55,0.0,0,689675
2026-08-20 09:15:00,ATM-2,PE,550.0,571.95,2.0,3.5,1.65,2.0,34.42985,520625,1495725
2026-08-20 09:20:00,ATM-2,PE,550.0,570.3,2.0,2.05,1.9,2.0,32.853385,88200,1478575
2026-08-20 09:25:00,ATM-2,PE,550.0,568.55,1.9,2.2,1.85,2.1,31.718258,227850,1470000
2026-08-20 09:30:00,ATM-2,PE,550.0,569.0,2.1,2.1,1.8,1.85,30.724873,84525,1465100
2026-08-20 09:35:00,ATM-2,PE,550.0,569.3,1.85,1.85,1.65,1.65,29.811028,69825,1451625
2026-08-20 09:40:00,ATM-2,PE,550.0,568.2,1.7,1.9,1.65,1.8,29.668867,77175,1455300
2026-08-20 09:45:00,ATM-2,PE,550.0,567.5,1.85,1.95,1.75,1.9,29.571099,144550,1440600
2026-08-20 09:50:00,ATM-2,PE,550.0,568.1,1.9,1.9,1.8,1.9,30.174894,37975,1490825
2026-08-20 09:55:00,ATM-2,PE,550.0,567.7,1.8,1.9,1.8,1.8,29.206775,34300,1465100
2026-08-20 10:00:00,ATM-2,PE,550.0,567.15,1.9,2.0,1.8,2.0,29.816871,150675,1429575
2026-08-20 10:05:00,ATM-2,PE,550.0,568.05,2.0,2.0,1.7,1.75,29.27201,79625,1392825
2026-08-20 10:10:00,ATM-2,PE,550.0,567.55,1.75,1.9,1.75,1.85,29.378126,17150,1407525
2026-08-20 10:15:00,ATM-2,PE,550.0,567.9,1.9,1.9,1.75,1.85,29.7334,8575,1403850
2026-08-20 10:20:00,ATM-2,PE,550.0,569.4,1.75,1.85,1.65,1.65,29.990552,15925,1406300
2026-08-20 10:25:00,ATM-2,PE,550.0,569.0,1.65,1.7,1.65,1.7,29.926307,12250,1405075
2026-08-20 10:30:00,ATM-2,PE,550.0,571.7,1.7,1.7,1.4,1.4,30.509218,134750,1389150
2026-08-20 10:35:00,ATM-2,PE,550.0,571.95,1.3,1.4,1.3,1.35,30.397486,124950,1412425
2026-08-20 10:40:00,ATM-2,PE,550.0,570.7,1.35,1.4,1.3,1.4,29.620497,75950,1389150
2026-08-20 10:45:00,ATM-2,PE,550.0,570.25,1.35,1.45,1.35,1.45,29.551202,36750,1380575
2026-08-20 10:50:00,ATM-2,PE,550.0,569.45,1.45,1.6,1.45,1.6,29.781434,45325,1378125
2026-08-20 10:55:00,ATM-2,PE,550.0,569.55,1.6,1.6,1.55,1.55,29.567833,11025,1379350
2026-08-20 11:00:00,ATM-2,PE,550.0,570.05,1.6,1.65,1.55,1.6,30.367096,116375,1435700
2026-08-20 11:05:00,ATM-2,PE,550.0,571.25,1.4,1.6,1.35,1.35,29.82521,67375,1422225
2026-08-20 11:10:00,ATM-2,PE,550.0,570.85,1.35,1.5,1.35,1.5,30.483641,25725,1430800
2026-08-20 11:15:00,ATM-2,PE,550.0,570.0,1.5,1.5,1.45,1.5,29.704198,20825,1438150
2026-08-20 11:20:00,ATM-2,PE,550.0,568.2,1.5,1.7,1.5,1.7,29.255979,35525,1460200
2026-08-20 11:25:00,ATM-2,PE,550.0,567.75,1.75,1.8,1.7,1.8,29.422294,61250,1481025
2026-08-20 11:30:00,ATM-2,PE,550.0,568.35,1.8,1.8,1.7,1.7,29.420439,19600,1482250
2026-08-20 11:35:00,ATM-2,PE,550.0,567.85,1.7,1.8,1.7,1.75,29.242473,17150,1481025
2026-08-20 11:40:00,ATM-2,PE,550.0,568.65,1.7,1.75,1.7,1.7,29.730372,26950,1466325
2026-08-20 11:45:00,ATM-2,PE,550.0,569.85,1.6,1.7,1.45,1.45,29.292757,84525,1452850
2026-08-20 11:50:00,ATM-2,PE,550.0,568.6,1.45,1.6,1.4,1.6,29.08313,40425,1445500
2026-08-20 11:55:00,ATM-2,PE,550.0,569.7,1.5,1.6,1.4,1.4,28.840174,9800,1452850
2026-08-20 12:00:00,ATM-2,PE,550.0,569.15,1.5,1.5,1.4,1.5,28.990851,6125,1455300
2026-08-20 12:05:00,ATM-2,PE,550.0,569.0,1.55,1.6,1.5,1.6,29.494471,34300,1462650
2026-08-20 12:10:00,ATM-2,PE,550.0,571.2,1.6,1.6,1.3,1.3,29.554115,72275,1452850
2026-08-20 12:15:00,ATM-2,PE,550.0,573.9,1.25,1.3,1.1,1.1,30.446614,267050,1477350
2026-08-20 12:20:00,ATM-2,PE,550.0,572.3,1.1,1.2,1.1,1.2,29.831328,120050,1433250
2026-08-20 12:25:00,ATM-2,PE,550.0,573.2,1.2,1.2,1.05,1.1,29.864945,145775,1435700
2026-08-20 12:30:00,ATM-2,PE,550.0,572.35,1.2,1.25,1.1,1.2,29.894622,17150,1390375
2026-08-20 12:35:00,ATM-2,PE,550.0,571.95,1.25,1.25,1.2,1.25,29.916779,31850,1396500
2026-08-20 12:40:00,ATM-2,PE,550.0,571.7,1.2,1.25,1.2,1.2,29.338835,8575,1398950
2026-08-20 12:45:00,ATM-2,PE,550.0,573.15,1.2,1.2,1.1,1.15,30.247022,62475,1395275
2026-08-20 12:50:00,ATM-2,PE,550.0,572.35,1.15,1.15,1.1,1.1,29.176653,2450,1383025
2026-08-20 12:55:00,ATM-2,PE,550.0,571.35,1.25,1.25,1.1,1.25,29.418449,20825,1385475
2026-08-20 13:00:00,ATM-2,PE,550.0,570.8,1.25,1.4,1.25,1.4,29.97891,17150,1402625
2026-08-20 13:05:00,ATM-2,PE,550.0,570.65,1.4,1.4,1.35,1.35,29.507403,1225,1403850
2026-08-20 13:10:00,ATM-2,PE,550.0,570.5,1.35,1.35,1.35,1.35,29.379319,0,1403850
2026-08-20 13:15:00,ATM-2,PE,550.0,570.25,1.35,1.35,1.35,1.35,29.158908,4900,1405075
2026-08-20 13:20:00,ATM-2,PE,550.0,570.1,1.35,1.4,1.35,1.4,29.370193,26950,1413650
2026-08-20 13:25:00,ATM-2,PE,550.0,569.95,1.4,1.4,1.4,1.4,29.240278,8575,1407525
2026-08-20 13:30:00,ATM-2,PE,550.0,570.0,1.35,1.4,1.35,1.35,28.956478,1225,1407525
2026-08-20 13:35:00,ATM-2,PE,550.0,569.65,1.35,1.45,1.35,1.45,29.312957,1225,1407525
2026-08-20 13:40:00,ATM-2,PE,550.0,569.85,1.45,1.45,1.45,1.45,29.510216,0,1407525
2026-08-20 13:45:00,ATM-2,PE,550.0,569.75,1.45,1.45,1.4,1.45,29.425923,7350,1402625
2026-08-20 13:50:00,ATM-2,PE,550.0,569.95,1.45,1.5,1.45,1.5,29.954411,2450,1400175
2026-08-20 13:55:00,ATM-2,PE,550.0,569.75,1.5,1.5,1.5,1.5,29.775285,0,1400175
2026-08-20 14:00:00,ATM-2,PE,550.0,570.05,1.5,1.5,1.35,1.35,29.059183,3675,1402625
2026-08-20 14:05:00,ATM-2,PE,550.0,570.95,1.35,1.35,1.25,1.25,29.190893,58800,1402625
2026-08-20 14:10:00,ATM-2,PE,550.0,570.25,1.25,1.3,1.25,1.3,28.916205,9800,1402625
2026-08-20 14:15:00,ATM-2,PE,550.0,570.25,1.35,1.35,1.3,1.35,29.272694,96775,1370775
2026-08-20 14:20:00,ATM-2,PE,550.0,569.6,1.35,1.35,1.3,1.3,28.335674,7350,1369550
2026-08-20 14:25:00,ATM-2,PE,550.0,569.8,1.3,1.3,1.3,1.3,28.529828,2450,1370775
2026-08-20 14:30:00,ATM-2,PE,550.0,570.0,1.3,1.3,1.3,1.3,28.723735,0,1360975
2026-08-20 14:35:00,ATM-2,PE,550.0,570.15,1.3,1.3,1.25,1.25,28.519296,23275,1360975
2026-08-20 14:40:00,ATM-2,PE,550.0,570.4,1.25,1.25,1.2,1.2,28.397838,9800,1357300
2026-08-20 14:45:00,ATM-2,PE,550.0,570.25,1.15,1.2,1.15,1.2,28.271013,17150,1359750
2026-08-20 14:50:00,ATM-2,PE,550.0,571.25,1.2,1.2,1.15,1.15,28.81323,175175,1372000
2026-08-20 14:55:00,ATM-2,PE,550.0,571.1,1.2,1.25,1.15,1.2,29.058676,50225,1403850
2026-08-20 15:00:00,ATM-2,PE,550.0,571.2,1.2,1.2,1.15,1.15,28.787457,40425,1412425
2026-08-20 15:05:00,ATM-2,PE,550.0,571.2,1.15,1.2,1.15,1.15,28.796912,23275,1418550
2026-08-20 15:10:00,ATM-2,PE,550.0,573.0,1.05,1.15,1.0,1.0,29.211735,134750,1400175
2026-08-20 15:15:00,ATM-2,PE,550.0,573.0,1.0,1.1,1.0,1.1,30.023513,37975,1412425
2026-08-20 15:20:00,ATM-2,PE,550.0,573.0,1.1,1.15,1.05,1.15,30.423132,8575,1413650
2026-08-20 15:25:00,ATM-2,PE,550.0,573.9,1.15,1.15,1.1,1.1,30.826868,2450,1418550
2026-08-20 15:30:00,ATM-2,PE,550.0,573.9,1.1,1.15,1.0,1.1,30.837082,30625,1419775
2026-08-20 15:35:00,ATM-2,PE,550.0,573.9,1.05,1.1,1.0,1.05,30.443765,96775,1372000
2026-08-21 09:15:00,ATM-2,PE,570.0,589.05,1.1,2.8,0.65,2.1,34.393709,764400,1053500
2026-08-21 09:20:00,ATM-2,PE,570.0,587.9,2.15,2.25,2.1,2.15,33.470384,203350,1053500
2026-08-21 09:25:00,ATM-2,PE,570.0,591.8,2.1,2.15,1.8,1.8,35.360612,208250,1037575
2026-08-21 09:30:00,ATM-2,PE,570.0,592.45,1.75,1.8,1.55,1.55,34.295872,649250,950600
2026-08-21 09:35:00,ATM-2,PE,570.0,593.8,1.7,1.7,1.4,1.5,35.254495,284200,987350
2026-08-21 09:40:00,ATM-2,PE,570.0,593.65,1.4,1.5,1.35,1.35,33.99908,357700,1063300
2026-08-21 09:45:00,ATM-2,PE,570.0,591.6,1.45,1.5,1.35,1.5,33.147206,202125,995925
2026-08-21 09:50:00,ATM-2,PE,570.0,592.95,1.5,1.5,1.35,1.35,33.36208,311150,1073100
2026-08-21 09:55:00,ATM-2,PE,570.0,592.35,1.45,1.45,1.35,1.4,33.175624,189875,1091475
2026-08-21 10:00:00,ATM-2,PE,570.0,591.3,1.45,1.6,1.4,1.5,32.891264,133525,1080450
2026-08-21 10:05:00,ATM-2,PE,570.0,591.4,1.5,1.55,1.45,1.55,33.356301,41650,1082900
2026-08-21 10:10:00,ATM-2,PE,570.0,592.15,1.5,1.55,1.4,1.5,33.75147,53900,1079225
2026-08-21 10:15:00,ATM-2,PE,570.0,592.0,1.45,1.5,1.4,1.45,33.256261,56350,1063300
2026-08-21 10:20:00,ATM-2,PE,570.0,591.35,1.5,1.55,1.4,1.4,32.271439,162925,1074325
2026-08-21 10:25:00,ATM-2,PE,570.0,592.45,1.4,1.4,1.3,1.3,32.596218,68600,1074325
2026-08-21 10:30:00,ATM-2,PE,570.0,591.5,1.3,1.4,1.3,1.4,32.443085,39200,1075550
2026-08-21 10:35:00,ATM-2,PE,570.0,591.4,1.4,1.4,1.4,1.4,32.358446,25725,1087800
2026-08-21 10:40:00,ATM-2,PE,570.0,591.3,1.45,1.45,1.4,1.45,32.636751,4900,1091475
2026-08-21 10:45:00,ATM-2,PE,570.0,588.45,1.45,1.7,1.4,1.7,31.478027,319725,1040025
2026-08-21 10:50:00,ATM-2,PE,570.0,587.45,1.7,2.0,1.7,1.8,31.076337,211925,1021650
2026-08-21 10:55:00,ATM-2,PE,570.0,587.6,1.9,2.0,1.8,1.85,31.562019,85750,1008175
2026-08-21 11:00:00,ATM-2,PE,570.0,587.15,1.8,1.95,1.7,1.9,31.400712,64925,997150
2026-08-21 11:05:00,ATM-2,PE,570.0,589.55,1.75,1.9,1.45,1.5,31.312236,127400,955500
2026-08-21 11:10:00,ATM-2,PE,570.0,589.0,1.5,1.6,1.5,1.6,31.447722,11025,959175
2026-08-21 11:15:00,ATM-2,PE,570.0,588.3,1.55,1.6,1.55,1.6,30.738594,20825,959175
2026-08-21 11:20:00,ATM-2,PE,570.0,588.4,1.65,1.65,1.6,1.65,31.185349,14700,959175
2026-08-21 11:25:00,ATM-2,PE,570.0,589.3,1.65,1.65,1.6,1.65,32.129251,11025,962850
2026-08-21 11:30:00,ATM-2,PE,570.0,589.35,1.65,1.65,1.5,1.6,31.856845,55125,1010625
2026-08-21 11:35:00,ATM-2,PE,570.0,589.45,1.6,1.6,1.55,1.55,31.630836,2450,1008175
2026-08-21 11:40:00,ATM-2,PE,570.0,588.15,1.55,1.85,1.55,1.85,32.26305,63700,1011850
2026-08-21 11:45:00,ATM-2,PE,570.0,587.65,1.85,1.85,1.85,1.85,31.741024,12250,1016750
2026-08-21 11:50:00,ATM-2,PE,570.0,587.4,1.85,1.9,1.85,1.85,31.484917,60025,1051050
2026-08-21 11:55:00,ATM-2,PE,570.0,587.0,1.9,1.95,1.85,1.85,31.065577,39200,1062075
2026-08-21 12:00:00,ATM-2,PE,570.0,587.15,1.85,1.9,1.85,1.9,31.550563,12250,1058400
2026-08-21 12:05:00,ATM-2,PE,570.0,587.0,1.85,1.9,1.85,1.85,31.090351,3675,1059625
2026-08-21 12:10:00,ATM-2,PE,570.0,586.95,1.9,1.95,1.85,1.95,31.665143,24500,1033900
2026-08-21 12:15:00,ATM-2,PE,570.0,587.0,1.95,1.95,1.85,1.85,31.115192,6125,1030225
2026-08-21 12:20:00,ATM-2,PE,570.0,587.45,1.8,1.9,1.8,1.8,31.299303,28175,1029000
2026-08-21 12:25:00,ATM-2,PE,570.0,589.25,1.8,1.8,1.55,1.55,31.552986,15925,1030225
2026-08-21 12:30:00,ATM-2,PE,570.0,589.4,1.55,1.55,1.5,1.5,31.372979,2450,1031450
2026-08-21 12:35:00,ATM-2,PE,570.0,589.5,1.5,1.65,1.5,1.55,31.834314,9800,1029000
2026-08-21 12:40:00,ATM-2,PE,570.0,590.0,1.55,1.55,1.4,1.5,32.007128,66150,1026550
2026-08-21 12:45:00,ATM-2,PE,570.0,590.0,1.5,1.5,1.45,1.45,31.665582,8575,1027775
2026-08-21 12:50:00,ATM-2,PE,570.0,590.05,1.45,1.5,1.4,1.4,31.369257,42875,1009400
2026-08-21 12:55:00,ATM-2,PE,570.0,590.8,1.45,1.55,1.4,1.55,33.207967,28175,1009400
2026-08-21 13:00:00,ATM-2,PE,570.0,591.65,1.4,1.55,1.35,1.4,32.982741,34300,1020425
2026-08-21 13:05:00,ATM-2,PE,570.0,592.75,1.4,1.45,1.3,1.45,34.450018,58800,1027775
2026-08-21 13:10:00,ATM-2,PE,570.0,594.3,1.4,1.45,1.3,1.3,34.801712,33075,1043700
2026-08-21 13:15:00,ATM-2,PE,580.0,595.2,1.3,2.85,1.3,2.85,34.384495,216825,1402625
2026-08-21 13:20:00,ATM-2,PE,570.0,593.55,1.5,1.5,1.35,1.4,34.893595,94325,1058400
2026-08-21 13:25:00,ATM-2,PE,570.0,594.1,1.4,1.4,1.4,1.4,35.439634,18375,1066975
2026-08-21 13:30:00,ATM-2,PE,570.0,593.3,1.4,1.5,1.35,1.35,34.294081,84525,1117200
2026-08-21 13:35:00,ATM-2,PE,570.0,592.45,1.35,1.45,1.35,1.45,34.239034,19600,1122100
2026-08-21 13:40:00,ATM-2,PE,570.0,592.4,1.45,1.6,1.4,1.5,34.573868,34300,1115975
2026-08-21 13:45:00,ATM-2,PE,570.0,593.75,1.45,1.5,1.3,1.3,34.376319,35525,1111075
2026-08-21 13:50:00,ATM-2,PE,570.0,594.35,1.3,1.3,1.25,1.3,34.963432,20825,1117200
2026-08-21 13:55:00,ATM-2,PE,570.0,595.0,1.25,1.3,1.25,1.3,35.595449,58800,1104950
2026-08-21 14:00:00,ATM-2,PE,580.0,595.75,2.65,2.65,2.45,2.45,32.97705,289100,1512875
2026-08-21 14:05:00,ATM-2,PE,570.0,594.75,2.5,2.5,1.1,1.1,33.715975,175175,1092700
2026-08-21 14:10:00,ATM-2,PE,580.0,597.2,1.2,2.55,1.1,2.5,34.942252,72275,1554525
2026-08-21 14:15:00,ATM-2,PE,580.0,597.5,2.3,2.5,2.2,2.3,34.143238,275625,1590050
2026-08-21 14:20:00,ATM-2,PE,580.0,596.85,2.35,2.5,2.3,2.4,34.004714,355250,1550850
2026-08-21 14:25:00,ATM-2,PE,580.0,596.8,2.4,2.55,2.35,2.4,33.961999,214375,1566775
2026-08-21 14:30:00,ATM-2,PE,580.0,595.95,2.45,2.5,2.4,2.5,33.567848,49000,1574125
2026-08-21 14:35:00,ATM-2,PE,580.0,596.15,2.45,2.5,2.35,2.4,33.249652,101675,1565550
2026-08-21 14:40:00,ATM-2,PE,580.0,596.0,2.5,2.5,2.35,2.4,33.091499,46550,1547175
2026-08-21 14:45:00,ATM-2,PE,580.0,596.25,2.4,2.4,2.3,2.3,32.820838,26950,1548400
2026-08-21 14:50:00,ATM-2,PE,580.0,596.0,2.35,2.45,2.3,2.35,32.835244,47775,1548400
2026-08-21 14:55:00,ATM-2,PE,580.0,595.8,2.4,2.45,2.35,2.35,32.619736,64925,1549625
2026-08-21 15:00:00,ATM-2,PE,580.0,595.7,1.2,2.45,1.2,2.35,32.518368,91875,1534925
2026-08-21 15:05:00,ATM-2,PE,580.0,596.55,2.4,2.4,2.15,2.15,32.340502,205800,1444275
2026-08-21 15:10:00,ATM-2,PE,580.0,595.65,2.15,2.2,2.1,2.2,31.630541,90650,1454075
2026-08-21 15:15:00,ATM-2,PE,580.0,595.65,2.2,2.25,2.15,2.2,31.643566,144550,1451625
2026-08-21 15:20:00,ATM-2,PE,580.0,595.65,2.2,2.2,2.05,2.05,30.782235,143325,1372000
2026-08-21 15:25:00,ATM-2,PE,570.0,594.9,2.1,2.1,1.0,1.0,33.188031,95550,1095150
2026-08-21 15:30:00,ATM-2,PE,570.0,594.9,1.0,1.0,0.95,0.95,32.741251,33075,1090250
2026-08-21 15:35:00,ATM-2,PE,570.0,594.9,0.95,0.95,0.85,0.9,32.283237,47775,1095150
2026-08-24 09:15:00,ATM-2,PE,570.0,594.35,1.1,1.4,0.45,0.6,50.348624,263375,1093925
2026-08-24 09:20:00,ATM-2,PE,570.0,594.95,0.55,1.55,0.5,0.5,49.19103,129850,1078000
2026-08-24 09:25:00,ATM-2,PE,570.0,593.5,0.5,0.5,0.45,0.45,45.994352,104125,1043700
2026-08-24 09:30:00,ATM-2,PE,570.0,595.0,0.5,0.5,0.45,0.45,48.246384,30625,1043700
2026-08-24 09:35:00,ATM-2,PE,570.0,594.9,0.4,0.5,0.4,0.5,49.319193,164150,1107400
2026-08-24 09:40:00,ATM-2,PE,580.0,596.0,0.5,1.25,0.4,1.1,44.042026,90650,1297275
2026-08-24 09:45:00,ATM-2,PE,580.0,596.9,1.05,1.15,1.05,1.05,45.051711,90650,1288700
2026-08-24 09:50:00,ATM-2,PE,580.0,596.5,1.0,1.05,0.9,1.05,44.402563,79625,1304625
2026-08-24 09:55:00,ATM-2,PE,580.0,598.65,1.0,1.05,0.85,0.9,46.089586,144550,1323000
2026-08-24 10:00:00,ATM-2,PE,580.0,598.2,0.8,0.9,0.8,0.85,44.64023,110250,1304625
2026-08-24 10:05:00,ATM-2,PE,580.0,598.85,0.85,0.9,0.8,0.85,45.798801,28175,1305850
2026-08-24 10:10:00,ATM-2,PE,580.0,596.6,0.8,1.05,0.8,1.0,44.149307,55125,1286250
2026-08-24 10:15:00,ATM-2,PE,580.0,596.5,1.1,1.25,1.0,1.25,47.313063,289100,1342600
2026-08-24 10:20:00,ATM-2,PE,580.0,596.05,1.2,1.3,1.15,1.2,45.913132,172725,1292375
2026-08-24 10:25:00,ATM-2,PE,580.0,595.3,1.15,1.25,1.1,1.25,45.201847,23275,1280125
2026-08-24 10:30:00,ATM-2,PE,580.0,595.85,1.25,1.25,1.1,1.1,44.383456,94325,1260525
2026-08-24 10:35:00,ATM-2,PE,570.0,595.0,1.05,1.2,0.4,0.45,49.128258,122500,1149050
2026-08-24 10:40:00,ATM-2,PE,580.0,596.25,1.3,1.3,1.05,1.1,45.242243,37975,1225000
2026-08-24 10:45:00,ATM-2,PE,580.0,596.9,1.05,1.1,1.0,1.0,45.123405,36750,1242150
2026-08-24 10:50:00,ATM-2,PE,580.0,597.55,1.0,1.0,1.0,1.0,46.346265,34300,1240925
2026-08-24 10:55:00,ATM-2,PE,580.0,598.0,0.95,1.0,0.95,0.95,46.487629,33075,1216425
2026-08-24 11:00:00,ATM-2,PE,580.0,597.75,0.95,1.0,0.9,1.0,46.834893,50225,1210300
2026-08-24 11:05:00,ATM-2,PE,580.0,598.8,1.05,1.05,0.9,0.9,47.268822,45325,1223775
2026-08-24 11:10:00,ATM-2,PE,580.0,598.25,0.95,1.0,0.9,1.0,47.858362,2450,1220100
2026-08-24 11:15:00,ATM-2,PE,580.0,599.0,0.95,1.0,0.9,0.9,47.751833,34300,1221325
2026-08-24 11:20:00,ATM-2,PE,580.0,601.95,0.85,0.9,0.65,0.7,49.416097,268275,1281350
2026-08-24 11:25:00,ATM-2,PE,580.0,602.8,0.75,0.75,0.7,0.7,50.85775,110250,1269100
2026-08-24 11:30:00,ATM-2,PE,580.0,602.7,0.6,0.7,0.6,0.65,49.828067,161700,1259300
2026-08-24 11:35:00,ATM-2,PE,580.0,601.35,0.7,0.7,0.65,0.65,47.737975,42875,1244600
2026-08-24 11:40:00,ATM-2,PE,580.0,601.5,0.65,0.75,0.65,0.75,49.867803,23275,1262975
2026-08-24 11:45:00,ATM-2,PE,580.0,601.8,0.75,0.75,0.7,0.7,49.535664,14700,1262975
2026-08-24 11:50:00,ATM-2,PE,580.0,600.5,0.7,0.7,0.7,0.7,47.474967,6125,1266650
2026-08-24 11:55:00,ATM-2,PE,580.0,601.3,0.7,0.7,0.65,0.7,48.863816,7350,1269100
2026-08-24 12:00:00,ATM-2,PE,580.0,602.6,0.65,0.7,0.65,0.65,50.111509,15925,1267875
2026-08-24 12:05:00,ATM-2,PE,580.0,602.5,0.65,0.65,0.6,0.6,49.041006,9800,1259300
2026-08-24 12:10:00,ATM-2,PE,580.0,602.8,0.6,0.65,0.6,0.6,49.591763,15925,1269100
2026-08-24 12:15:00,ATM-2,PE,580.0,601.7,0.65,0.75,0.6,0.7,49.816478,128625,1332800
2026-08-24 12:20:00,ATM-2,PE,580.0,602.0,0.7,0.7,0.7,0.7,50.385424,51450,1313200
2026-08-24 12:25:00,ATM-2,PE,590.0,605.25,0.6,1.25,0.55,1.15,44.663255,328300,1460200
2026-08-24 12:30:00,ATM-2,PE,590.0,606.75,1.15,1.3,1.1,1.25,48.865375,104125,1434475
2026-08-24 12:35:00,ATM-2,PE,590.0,609.5,1.2,1.25,0.9,0.95,49.730791,242550,1384250
2026-08-24 12:40:00,ATM-2,PE,590.0,610.45,0.95,1.05,0.9,0.9,50.674716,480200,1352400
2026-08-24 12:45:00,ATM-2,PE,590.0,609.6,0.9,0.95,0.85,0.9,49.28238,176400,1364650
2026-08-24 12:50:00,ATM-2,PE,590.0,612.0,0.9,0.9,0.65,0.65,49.069931,366275,1478575
2026-08-24 12:55:00,ATM-2,PE,590.0,612.25,0.65,0.75,0.65,0.75,51.405234,616175,1465100
2026-08-24 13:00:00,ATM-2,PE,590.0,610.7,0.75,0.75,0.75,0.75,48.906751,51450,1493275
2026-08-24 13:05:00,ATM-2,PE,590.0,608.65,0.8,0.95,0.75,0.9,47.918562,296450,1391600
2026-08-24 13:10:00,ATM-2,PE,590.0,607.75,0.85,0.9,0.75,0.9,46.393748,64925,1376900
2026-08-24 13:15:00,ATM-2,PE,590.0,607.75,0.95,1.0,0.9,0.9,46.466058,88200,1383025
2026-08-24 13:20:00,ATM-2,PE,590.0,607.7,0.9,0.95,0.85,0.9,46.449093,128625,1411200
2026-08-24 13:25:00,ATM-2,PE,590.0,606.7,0.95,1.0,0.9,1.0,46.177497,33075,1422225
2026-08-24 13:30:00,ATM-2,PE,590.0,607.4,1.0,1.05,0.9,0.9,46.054712,143325,1370775
2026-08-24 13:35:00,ATM-2,PE,590.0,608.55,0.9,0.9,0.8,0.8,46.594488,82075,1384250
2026-08-24 13:40:00,ATM-2,PE,590.0,607.95,0.8,0.9,0.8,0.8,45.613296,19600,1375675
2026-08-24 13:45:00,ATM-2,PE,590.0,609.6,0.8,0.8,0.7,0.75,47.722937,42875,1368325
2026-08-24 13:50:00,ATM-2,PE,590.0,609.3,0.75,0.8,0.65,0.75,47.282031,210700,1354850
2026-08-24 13:55:00,ATM-2,PE,590.0,608.2,0.75,0.75,0.75,0.75,45.444783,101675,1391600
2026-08-24 14:00:00,ATM-2,PE,590.0,608.65,0.75,0.75,0.65,0.65,44.548532,6125,1414875
2026-08-24 14:05:00,ATM-2,PE,590.0,608.1,0.65,0.7,0.65,0.65,43.678884,13475,1414875
2026-08-24 14:10:00,ATM-2,PE,590.0,608.7,0.65,0.65,0.6,0.65,44.77777,24500,1419775
2026-08-24 14:15:00,ATM-2,PE,590.0,608.0,0.6,0.65,0.55,0.6,42.734401,127400,1386700
2026-08-24 14:20:00,ATM-2,PE,590.0,607.6,0.6,0.65,0.55,0.6,42.120424,53900,1383025
2026-08-24 14:25:00,ATM-2,PE,590.0,608.0,0.6,0.6,0.55,0.55,41.9216,20825,1376900
2026-08-24 14:30:00,ATM-2,PE,590.0,608.45,0.55,0.6,0.5,0.6,43.711787,91875,1373225
2026-08-24 14:35:00,ATM-2,PE,590.0,609.8,0.6,0.6,0.4,0.45,42.940055,257250,1296050
2026-08-24 14:40:00,ATM-2,PE,590.0,609.9,0.4,0.45,0.35,0.35,40.777265,40425,1266650
2026-08-24 14:45:00,ATM-2,PE,590.0,609.85,0.35,0.4,0.35,0.4,42.002977,52675,1261750
2026-08-24 14:50:00,ATM-2,PE,590.0,610.1,0.4,0.4,0.35,0.4,42.469452,17150,1262975
2026-08-24 14:55:00,ATM-2,PE,590.0,611.25,0.35,0.4,0.35,0.4,44.356752,17150,1260525
2026-08-24 15:00:00,ATM-2,PE,590.0,612.45,0.35,0.4,0.3,0.35,44.989802,128625,1266650
2026-08-24 15:05:00,ATM-2,PE,590.0,613.0,0.35,0.35,0.25,0.25,42.875707,215600,1272775
2026-08-24 15:10:00,ATM-2,PE,590.0,608.0,0.25,1.1,0.25,0.85,47.889657,864850,1215200
2026-08-24 15:15:00,ATM-2,PE,590.0,608.0,0.9,1.8,0.85,1.2,53.280084,607600,1291150
2026-08-24 15:20:00,ATM-2,PE,590.0,608.0,1.2,2.35,0.95,1.85,61.913118,684775,1084125
2026-08-24 15:25:00,ATM-2,PE,580.0,604.0,1.7,1.85,0.55,0.55,53.677625,155575,1218875
2026-08-24 15:30:00,ATM-2,PE,580.0,604.0,0.6,1.0,0.55,0.8,59.011829,167825,1216425
2026-08-24 15:35:00,ATM-2,PE,580.0,604.0,1.0,1.2,0.8,0.9,60.993987,354025,1378125
2026-08-25 09:15:00,ATM-2,PE,570.0,594.4,0.3,0.55,0.2,0.3,94.286552,254800,977550
2026-08-25 09:20:00,ATM-2,PE,570.0,592.45,0.3,0.45,0.3,0.45,97.119505,77175,980000
2026-08-25 09:25:00,ATM-2,PE,570.0,590.05,0.5,0.8,0.45,0.65,98.36794,540225,754600
2026-08-25 09:30:00,ATM-2,PE,570.0,594.0,0.7,0.7,0.3,0.3,94.971883,216825,738675
2026-08-25 09:35:00,ATM-2,PE,570.0,594.5,0.75,0.75,0.2,0.2,89.927313,204575,731325
2026-08-25 09:40:00,ATM-2,PE,570.0,593.3,0.25,0.3,0.2,0.3,94.109071,45325,733775
2026-08-25 09:45:00,ATM-2,PE,570.0,592.75,0.2,0.3,0.2,0.3,93.037875,24500,738675
2026-08-25 09:50:00,ATM-2,PE,570.0,592.45,0.3,0.35,0.25,0.25,89.419445,31850,750925
2026-08-25 09:55:00,ATM-2,PE,570.0,591.55,0.25,0.25,0.15,0.2,83.561338,41650,754600
2026-08-25 10:00:00,ATM-2,PE,570.0,591.0,0.2,0.35,0.2,0.35,92.361843,13475,760725
2026-08-25 10:05:00,ATM-2,PE,570.0,591.0,0.3,0.35,0.2,0.2,83.094587,53900,741125
2026-08-25 10:10:00,ATM-2,PE,570.0,590.4,0.3,0.3,0.2,0.3,88.736018,9800,741125
2026-08-25 10:15:00,ATM-2,PE,570.0,589.3,0.3,0.3,0.2,0.2,78.930176,33075,730100
2026-08-25 10:20:00,ATM-2,PE,570.0,588.9,0.25,0.25,0.2,0.25,81.800973,28175,727650
2026-08-25 10:25:00,ATM-2,PE,570.0,590.0,0.25,0.25,0.2,0.2,82.478624,9800,727650
2026-08-25 10:30:00,ATM-2,PE,570.0,590.85,0.15,0.2,0.15,0.15,81.532305,49000,725200
2026-08-25 10:35:00,ATM-2,PE,570.0,590.8,0.15,0.15,0.05,0.05,69.038287,178850,755825
2026-08-25 10:40:00,ATM-2,PE,570.0,590.05,0.05,0.1,0.05,0.1,74.971312,102900,698250
2026-08-25 10:45:00,ATM-2,PE,570.0,590.0,0.15,0.15,0.1,0.1,75.458263,18375,701925
2026-08-25 10:50:00,ATM-2,PE,570.0,589.25,0.15,0.2,0.1,0.2,83.451876,20825,699475
2026-08-25 10:55:00,ATM-2,PE,570.0,589.2,0.2,0.2,0.15,0.15,79.632539,36750,674975
2026-08-25 11:00:00,ATM-2,PE,570.0,588.75,0.15,0.2,0.15,0.15,78.837788,6125,673750
2026-08-25 11:05:00,ATM-2,PE,570.0,589.85,0.2,0.2,0.15,0.15,83.286399,24500,661500
2026-08-25 11:10:00,ATM-2,PE,570.0,588.6,0.15,0.15,0.15,0.15,79.792359,11025,659050
2026-08-25 11:15:00,ATM-2,PE,570.0,587.9,0.15,0.2,0.15,0.2,82.493974,4900,656600
2026-08-25 11:20:00,ATM-2,PE,570.0,587.45,0.2,0.2,0.2,0.2,81.644451,8575,656600
2026-08-25 11:25:00,ATM-2,PE,570.0,587.95,0.2,0.2,0.1,0.15,79.837934,41650,646800
2026-08-25 11:30:00,ATM-2,PE,570.0,587.45,0.15,0.15,0.1,0.15,78.843858,26950,632100
2026-08-25 11:35:00,ATM-2,PE,570.0,588.2,0.15,0.15,0.15,0.15,82.387444,33075,628425
2026-08-25 11:40:00,ATM-2,PE,570.0,588.0,0.15,0.15,0.1,0.1,76.884287,3675,630875
2026-08-25 11:45:00,ATM-2,PE,570.0,587.75,0.2,0.2,0.1,0.1,76.830965,12250,633325
2026-08-25 11:50:00,ATM-2,PE,570.0,588.3,0.1,0.1,0.1,0.1,79.638571,14700,633325
2026-08-25 11:55:00,ATM-2,PE,570.0,589.1,0.1,0.15,0.05,0.15,89.436863,14700,622300
2026-08-25 12:00:00,ATM-2,PE,570.0,590.3,0.15,0.15,0.1,0.1,88.682038,24500,621075
2026-08-25 12:05:00,ATM-2,PE,580.0,595.65,0.05,0.3,0.05,0.2,81.179195,183750,1135575
2026-08-25 12:10:00,ATM-2,PE,580.0,595.85,0.15,0.25,0.05,0.15,78.450894,44100,1079225
2026-08-25 12:15:00,ATM-2,PE,580.0,596.4,0.15,0.35,0.15,0.15,81.614014,68600,1070650
2026-08-25 12:20:00,ATM-2,PE,580.0,597.3,0.15,0.25,0.15,0.15,86.255797,63700,1075550
2026-08-25 12:25:00,ATM-2,PE,580.0,595.85,0.2,0.3,0.15,0.3,93.960796,62475,1073100
2026-08-25 12:30:00,ATM-2,PE,580.0,595.65,0.3,0.3,0.3,0.3,94.303592,0,1078000
2026-08-25 12:35:00,ATM-2,PE,570.0,594.9,0.15,0.3,0.05,0.05,0.0,40425,597800
2026-08-25 12:40:00,ATM-2,PE,580.0,597.55,0.15,0.15,0.1,0.1,85.763781,36750,1027775
2026-08-25 12:45:00,ATM-2,PE,580.0,597.65,0.15,0.15,0.1,0.1,87.418201,23275,1020425
2026-08-25 12:50:00,ATM-2,PE,580.0,595.6,0.1,0.1,0.1,0.1,80.233112,18375,1003275
2026-08-25 12:55:00,ATM-2,PE,570.0,593.25,0.05,0.05,0.05,0.05,0.0,6125,592900
2026-08-25 13:00:00,ATM-2,PE,570.0,592.35,0.05,0.05,0.05,0.05,0.0,12250,586775
2026-08-25 13:05:00,ATM-2,PE,570.0,592.1,0.05,0.05,0.05,0.05,0.0,6125,567175
2026-08-25 13:10:00,ATM-2,PE,570.0,591.9,0.05,0.05,0.05,0.05,0.0,11025,564725
2026-08-25 13:15:00,ATM-2,PE,570.0,594.5,0.05,0.05,0.05,0.05,0.0,0,564725
2026-08-25 13:20:00,ATM-2,PE,570.0,593.7,0.05,0.05,0.05,0.05,0.0,0,564725
2026-08-25 13:25:00,ATM-2,PE,570.0,594.05,0.05,0.05,0.05,0.05,0.0,0,564725
2026-08-25 13:30:00,ATM-2,PE,580.0,595.25,0.05,0.05,0.05,0.05,80.947983,0,856275
2026-08-25 13:35:00,ATM-2,PE,570.0,594.45,0.05,0.05,0.05,0.05,0.0,1225,562275
2026-08-25 13:40:00,ATM-2,PE,570.0,594.25,0.05,0.05,0.05,0.05,0.0,0,562275
2026-08-25 13:45:00,ATM-2,PE,580.0,595.25,0.05,0.05,0.05,0.05,86.282841,0,855050
2026-08-25 13:50:00,ATM-2,PE,580.0,595.5,0.05,0.05,0.05,0.05,89.521635,0,853825
2026-08-25 13:55:00,ATM-2,PE,580.0,595.45,0.05,0.05,0.05,0.05,91.482386,6125,852600
2026-08-25 14:00:00,ATM-2,PE,570.0,595.0,0.05,0.05,0.05,0.05,0.0,0,561050
2026-08-25 14:05:00,ATM-2,PE,580.0,595.25,0.05,0.05,0.05,0.05,95.378416,0,852600
2026-08-25 14:10:00,ATM-2,PE,570.0,595.0,0.05,0.05,0.05,0.05,0.0,0,561050
2026-08-25 14:15:00,ATM-2,PE,580.0,595.25,0.05,0.05,0.05,0.05,101.157296,0,847700
2026-08-25 14:20:00,ATM-2,PE,570.0,595.0,0.05,0.05,0.05,0.05,0.0,0,561050
2026-08-25 14:25:00,ATM-2,PE,580.0,595.3,0.05,0.05,0.05,0.05,0.0,13475,847700
2026-08-25 14:30:00,ATM-2,PE,570.0,592.6,0.05,0.05,0.05,0.05,0.0,22050,512050
2026-08-25 14:35:00,ATM-2,PE,570.0,592.15,0.05,0.05,0.05,0.05,0.0,0,509600
2026-08-25 14:40:00,ATM-2,PE,570.0,592.4,0.05,0.05,0.05,0.05,0.0,12250,509600
2026-08-25 14:45:00,ATM-2,PE,570.0,592.65,0.05,0.05,0.05,0.05,0.0,0,509600
2026-08-25 14:50:00,ATM-2,PE,570.0,592.5,0.05,0.05,0.05,0.05,0.0,1225,503475
2026-08-25 14:55:00,ATM-2,PE,570.0,592.35,0.05,0.05,0.05,0.05,0.0,0,503475
2026-08-25 15:00:00,ATM-2,PE,570.0,592.0,0.05,0.05,0.05,0.05,0.0,0,503475
2026-08-25 15:05:00,ATM-2,PE,570.0,592.35,0.05,0.05,0.05,0.05,0.0,6125,503475
2026-08-25 15:10:00,ATM-2,PE,570.0,591.7,0.05,0.05,0.05,0.05,0.0,1225,503475
2026-08-25 15:15:00,ATM-2,PE,570.0,591.7,0.05,0.05,0.05,0.05,0.0,0,503475
2026-08-25 15:20:00,ATM-2,PE,570.0,591.7,0.05,0.05,0.05,0.05,0.0,0,503475
2026-08-25 15:25:00,ATM-2,PE,570.0,592.6,0.05,0.05,0.05,0.05,0.0,0,503475
2026-08-25 15:30:00,ATM-2,PE,570.0,592.6,0.05,0.05,0.05,0.05,0.0,1225,502250
2026-08-25 15:35:00,ATM-2,PE,570.0,592.6,0.05,0.05,0.05,0.05,0.0,0,502250
2026-08-20 09:15:00,ATM-1,CE,560.0,571.95,14.95,16.6,12.4,15.6,27.951109,869750,1024100
2026-08-20 09:20:00,ATM-1,CE,560.0,570.3,15.65,15.65,14.4,14.7,29.364964,101675,1051050
2026-08-20 09:25:00,ATM-1,CE,560.0,568.55,15.0,15.6,13.15,13.2,28.251578,191100,1048600
2026-08-20 09:30:00,ATM-1,CE,560.0,569.0,13.25,13.7,12.9,13.35,27.567307,224175,1051050
2026-08-20 09:35:00,ATM-1,CE,560.0,569.3,13.5,14.0,13.15,13.8,28.590864,58800,1032675
2026-08-20 09:40:00,ATM-1,CE,560.0,568.2,13.55,13.8,12.35,12.6,26.78964,64925,1029000
2026-08-20 09:45:00,ATM-1,CE,560.0,567.5,12.5,12.95,12.0,12.25,27.345823,52675,1016750
2026-08-20 09:50:00,ATM-1,CE,560.0,568.1,12.45,12.6,12.2,12.6,27.101309,25725,1020425
2026-08-20 09:55:00,ATM-1,CE,560.0,567.7,12.55,12.7,12.3,12.35,27.217001,49000,997150
2026-08-20 10:00:00,ATM-1,CE,560.0,567.15,12.25,12.35,12.15,12.35,28.744508,11025,997150
2026-08-20 10:05:00,ATM-1,CE,560.0,568.05,12.15,13.0,12.15,12.55,27.068466,137200,938350
2026-08-20 10:10:00,ATM-1,CE,560.0,567.55,12.55,12.55,12.25,12.55,28.490035,69825,918750
2026-08-20 10:15:00,ATM-1,CE,560.0,567.9,12.2,12.75,12.2,12.6,27.727533,35525,911400
2026-08-20 10:20:00,ATM-1,CE,560.0,569.4,12.85,13.4,12.6,13.35,26.44183,67375,895475
2026-08-20 10:25:00,ATM-1,CE,560.0,569.0,13.2,13.35,12.85,13.1,26.612649,31850,890575
2026-08-20 10:30:00,ATM-1,CE,560.0,571.7,13.1,14.9,13.1,14.9,25.711264,112700,879550
2026-08-20 10:35:00,ATM-1,CE,560.0,571.95,15.25,15.8,14.85,15.2,26.239997,101675,853825
2026-08-20 10:40:00,ATM-1,CE,560.0,570.7,15.05,15.25,14.4,14.4,26.923581,33075,841575
2026-08-20 10:45:00,ATM-1,CE,560.0,570.25,14.4,14.4,13.95,13.95,26.40448,13475,835450
2026-08-20 10:50:00,ATM-1,CE,560.0,569.45,14.0,14.05,13.55,13.55,27.221087,17150,833000
2026-08-20 10:55:00,ATM-1,CE,560.0,569.55,13.5,13.55,13.45,13.45,26.47812,9800,833000
2026-08-20 11:00:00,ATM-1,CE,560.0,570.05,13.1,13.5,13.1,13.5,25.064881,19600,831775
2026-08-20 11:05:00,ATM-1,CE,560.0,571.25,13.75,14.55,13.5,14.55,25.757157,47775,833000
2026-08-20 11:10:00,ATM-1,CE,560.0,570.85,14.55,14.55,13.8,13.85,23.882925,8575,829325
2026-08-20 11:15:00,ATM-1,CE,560.0,570.0,14.05,14.4,13.85,14.05,27.728783,33075,824425
2026-08-20 11:20:00,ATM-1,CE,560.0,568.2,13.7,14.05,12.85,12.85,28.050515,18375,821975
2026-08-20 11:25:00,ATM-1,CE,560.0,567.75,12.65,12.85,12.45,12.6,28.302955,22050,818300
2026-08-20 11:30:00,ATM-1,CE,560.0,568.35,12.6,12.75,12.55,12.75,27.213261,6125,818300
2026-08-20 11:35:00,ATM-1,CE,560.0,567.85,12.75,12.75,12.55,12.65,28.249999,22050,815850
2026-08-20 11:40:00,ATM-1,CE,560.0,568.65,12.65,13.15,12.65,13.15,28.042994,8575,815850
2026-08-20 11:45:00,ATM-1,CE,560.0,569.85,13.1,13.9,13.1,13.9,27.611752,60025,815850
2026-08-20 11:50:00,ATM-1,CE,560.0,568.6,13.9,13.9,13.0,13.2,28.424027,28175,810950
2026-08-20 11:55:00,ATM-1,CE,560.0,569.7,13.55,14.1,13.2,13.95,28.325036,23275,817075
2026-08-20 12:00:00,ATM-1,CE,560.0,569.15,13.95,14.0,13.65,13.75,29.151467,28175,812175
2026-08-20 12:05:00,ATM-1,CE,560.0,569.0,13.35,13.75,12.95,13.5,28.545343,25725,803600
2026-08-20 12:10:00,ATM-1,CE,560.0,571.2,13.65,15.05,13.5,15.05,28.392754,36750,809725
2026-08-20 12:15:00,ATM-1,CE,560.0,573.9,15.15,17.0,15.05,17.0,27.850405,115150,812175
2026-08-20 12:20:00,ATM-1,CE,560.0,572.3,17.45,17.45,15.55,15.65,27.341609,25725,809725
2026-08-20 12:25:00,ATM-1,CE,560.0,573.2,15.5,16.7,15.35,16.4,27.616546,33075,819525
2026-08-20 12:30:00,ATM-1,CE,560.0,572.35,16.0,16.4,15.45,15.45,26.199477,6125,818300
2026-08-20 12:35:00,ATM-1,CE,560.0,571.95,15.45,15.45,15.15,15.15,26.256904,12250,817075
2026-08-20 12:40:00,ATM-1,CE,560.0,571.7,15.25,15.25,15.0,15.2,27.42062,7350,817075
2026-08-20 12:45:00,ATM-1,CE,560.0,573.15,15.9,16.2,15.2,16.15,26.603689,25725,819525
2026-08-20 12:50:00,ATM-1,CE,560.0,572.35,16.15,16.15,15.7,15.95,28.659926,7350,820750
2026-08-20 12:55:00,ATM-1,CE,560.0,571.35,15.35,15.95,14.8,15.0,27.751008,11025,812175
2026-08-20 13:00:00,ATM-1,CE,560.0,570.8,15.0,15.0,13.9,13.9,24.531875,3675,812175
2026-08-20 13:05:00,ATM-1,CE,560.0,570.65,13.8,13.9,13.75,13.75,24.371819,85750,754600
2026-08-20 13:10:00,ATM-1,CE,560.0,570.5,13.8,13.95,13.75,13.8,25.160323,11025,752150
2026-08-20 13:15:00,ATM-1,CE,560.0,570.25,13.8,13.8,13.35,13.45,24.409963,6125,755825
2026-08-20 13:20:00,ATM-1,CE,560.0,570.1,13.3,13.45,13.0,13.0,22.812444,15925,763175
2026-08-20 13:25:00,ATM-1,CE,560.0,569.95,13.2,13.2,13.0,13.2,24.316941,6125,759500
2026-08-20 13:30:00,ATM-1,CE,560.0,570.0,13.2,13.2,13.1,13.1,23.677859,7350,755825
2026-08-20 13:35:00,ATM-1,CE,560.0,569.65,13.0,13.15,13.0,13.15,25.138653,2450,754600
2026-08-20 13:40:00,ATM-1,CE,560.0,569.85,13.0,13.15,13.0,13.0,23.760769,2450,755825
2026-08-20 13:45:00,ATM-1,CE,560.0,569.75,13.0,13.2,12.9,12.9,23.654351,4900,754600
2026-08-20 13:50:00,ATM-1,CE,560.0,569.95,13.0,13.0,12.9,13.0,23.421951,8575,752150
2026-08-20 13:55:00,ATM-1,CE,560.0,569.75,13.0,13.15,13.0,13.15,24.83993,2450,748475
2026-08-20 14:00:00,ATM-1,CE,560.0,570.05,13.15,13.2,13.1,13.2,24.033196,2450,748475
2026-08-20 14:05:00,ATM-1,CE,560.0,570.95,13.2,14.4,13.2,14.4,26.505986,22050,749700
2026-08-20 14:10:00,ATM-1,CE,560.0,570.25,13.75,14.4,13.35,13.5,24.759095,12250,750925
2026-08-20 14:15:00,ATM-1,CE,560.0,570.25,13.5,13.5,13.0,13.25,23.575946,9800,747250
2026-08-20 14:20:00,ATM-1,CE,560.0,569.6,13.25,13.25,12.9,13.0,24.71281,2450,744800
2026-08-20 14:25:00,ATM-1,CE,560.0,569.8,12.85,13.0,12.85,12.95,23.792691,13475,738675
2026-08-20 14:30:00,ATM-1,CE,560.0,570.0,12.95,13.25,12.8,13.25,24.508225,6125,737450
2026-08-20 14:35:00,ATM-1,CE,560.0,570.15,13.25,13.25,12.8,13.05,23.016362,3675,736225
2026-08-20 14:40:00,ATM-1,CE,560.0,570.4,12.95,13.35,12.95,13.35,23.554509,9800,738675
2026-08-20 14:45:00,ATM-1,CE,560.0,570.25,12.95,13.35,12.95,13.0,22.410021,9800,742350
2026-08-20 14:50:00,ATM-1,CE,560.0,571.25,13.0,13.65,13.0,13.65,21.707558,18375,742350
2026-08-20 14:55:00,ATM-1,CE,560.0,571.1,13.45,13.65,13.45,13.45,21.289882,24500,754600
2026-08-20 15:00:00,ATM-1,CE,560.0,571.2,13.15,13.45,12.95,13.25,19.737843,56350,747250
2026-08-20 15:05:00,ATM-1,CE,560.0,571.2,13.4,13.4,13.0,13.25,19.747159,66150,770525
2026-08-20 15:10:00,ATM-1,CE,560.0,573.0,13.8,15.05,13.25,15.05,21.562591,49000,763175
2026-08-20 15:15:00,ATM-1,CE,560.0,573.0,15.05,15.05,13.65,13.65,0.0,13475,759500
2026-08-20 15:20:00,ATM-1,CE,560.0,573.0,13.65,13.7,13.65,13.65,0.0,3675,754600
2026-08-20 15:25:00,ATM-1,CE,560.0,573.9,13.65,14.0,13.4,13.4,0.0,6125,752150
2026-08-20 15:30:00,ATM-1,CE,560.0,573.9,13.4,14.5,13.4,14.25,0.0,8575,752150
2026-08-20 15:35:00,ATM-1,CE,560.0,573.9,14.25,14.7,14.0,14.7,10.08878,23275,747250
2026-08-21 09:15:00,ATM-1,CE,580.0,589.05,11.0,15.4,9.05,13.4,30.022651,2625175,2184175
2026-08-21 09:20:00,ATM-1,CE,580.0,587.9,13.25,13.8,11.95,12.7,30.453794,942025,2132725
2026-08-21 09:25:00,ATM-1,CE,580.0,591.8,12.75,15.15,12.7,15.0,28.071741,1003275,1977150
2026-08-21 09:30:00,ATM-1,CE,580.0,592.45,15.1,17.4,14.75,15.8,29.626098,861175,1784825
2026-08-21 09:35:00,ATM-1,CE,580.0,593.8,15.85,17.9,15.4,17.25,31.759188,373625,1740725
2026-08-21 09:40:00,ATM-1,CE,580.0,593.65,17.1,18.25,17.1,17.1,31.59655,352800,1716225
2026-08-21 09:45:00,ATM-1,CE,580.0,591.6,16.75,17.1,15.15,15.3,30.367724,193550,1662325
2026-08-21 09:50:00,ATM-1,CE,580.0,592.95,15.1,16.65,14.75,16.65,32.046847,90650,1661100
2026-08-21 09:55:00,ATM-1,CE,580.0,592.35,16.25,16.85,16.2,16.4,33.034342,67375,1632925
2026-08-21 10:00:00,ATM-1,CE,580.0,591.3,16.4,16.45,15.0,15.45,32.192549,138425,1629250
2026-08-21 10:05:00,ATM-1,CE,580.0,591.4,15.45,16.2,15.3,15.65,32.809294,49000,1626800
2026-08-21 10:10:00,ATM-1,CE,580.0,592.15,15.8,16.55,15.65,16.2,32.828742,46550,1614550
2026-08-21 10:15:00,ATM-1,CE,580.0,592.0,16.5,16.5,16.1,16.1,32.894718,51450,1598625
2026-08-21 10:20:00,ATM-1,CE,580.0,591.35,15.65,16.1,14.15,15.3,31.363473,145775,1598625
2026-08-21 10:25:00,ATM-1,CE,580.0,592.45,15.3,16.1,15.0,16.1,31.291156,39200,1596175
2026-08-21 10:30:00,ATM-1,CE,580.0,591.5,16.0,16.1,14.9,15.1,29.882682,42875,1591275
2026-08-21 10:35:00,ATM-1,CE,580.0,591.4,15.35,15.45,14.8,15.15,30.50516,31850,1592500
2026-08-21 10:40:00,ATM-1,CE,580.0,591.3,15.15,15.2,14.8,14.8,29.169238,24500,1586375
2026-08-21 10:45:00,ATM-1,CE,580.0,588.45,14.7,14.8,12.4,12.4,27.630808,88200,1572900
2026-08-21 10:50:00,ATM-1,CE,580.0,587.45,13.0,13.05,11.7,12.0,28.961245,153125,1571675
2026-08-21 10:55:00,ATM-1,CE,580.0,587.6,12.05,12.05,11.65,12.05,28.743431,60025,1559425
2026-08-21 11:00:00,ATM-1,CE,580.0,587.15,12.05,12.05,11.25,11.5,27.673606,75950,1569225
2026-08-21 11:05:00,ATM-1,CE,580.0,589.55,11.25,12.9,11.25,12.7,25.31946,105350,1533700
2026-08-21 11:10:00,ATM-1,CE,580.0,589.0,12.55,12.8,12.25,12.5,26.322132,29400,1532475
2026-08-21 11:15:00,ATM-1,CE,580.0,588.3,12.55,12.7,12.1,12.2,27.276377,26950,1532475
2026-08-21 11:20:00,ATM-1,CE,580.0,588.4,12.15,12.3,12.1,12.25,27.193922,26950,1534925
2026-08-21 11:25:00,ATM-1,CE,580.0,589.3,12.25,12.45,12.15,12.45,25.05362,24500,1539825
2026-08-21 11:30:00,ATM-1,CE,580.0,589.35,12.8,13.05,12.45,12.85,26.829092,69825,1530025
2026-08-21 11:35:00,ATM-1,CE,580.0,589.45,12.85,12.85,12.6,12.65,25.51444,12250,1525125
2026-08-21 11:40:00,ATM-1,CE,580.0,588.15,12.6,12.65,11.7,12.1,27.36776,68600,1510425
2026-08-21 11:45:00,ATM-1,CE,580.0,587.65,12.0,12.1,11.75,12.0,28.502358,13475,1507975
2026-08-21 11:50:00,ATM-1,CE,580.0,587.4,12.0,12.0,11.75,11.75,28.161726,3675,1506750
2026-08-21 11:55:00,ATM-1,CE,580.0,587.0,11.8,11.9,11.7,11.9,30.032621,22050,1507975
2026-08-21 12:00:00,ATM-1,CE,580.0,587.15,11.9,12.05,11.9,12.0,30.046941,31850,1493275
2026-08-21 12:05:00,ATM-1,CE,580.0,587.0,12.0,12.15,12.0,12.15,31.154492,6125,1490825
2026-08-21 12:10:00,ATM-1,CE,580.0,586.95,12.0,12.15,11.55,11.9,30.220693,31850,1471225
2026-08-21 12:15:00,ATM-1,CE,580.0,587.0,11.9,11.9,11.9,11.9,30.089293,2450,1471225
2026-08-21 12:20:00,ATM-1,CE,580.0,587.45,12.0,12.25,11.9,12.25,30.320046,29400,1470000
2026-08-21 12:25:00,ATM-1,CE,580.0,589.25,12.85,13.05,12.25,12.75,26.843338,25725,1461425
2026-08-21 12:30:00,ATM-1,CE,580.0,589.4,13.35,13.5,12.75,13.35,29.194667,41650,1456525
2026-08-21 12:35:00,ATM-1,CE,580.0,589.5,13.55,13.6,12.65,13.4,29.106558,34300,1443050
2026-08-21 12:40:00,ATM-1,CE,580.0,590.0,13.4,14.1,13.4,14.1,30.731389,39200,1438150
2026-08-21 12:45:00,ATM-1,CE,580.0,590.0,13.95,14.3,13.85,14.0,30.273339,42875,1424675
2026-08-21 12:50:00,ATM-1,CE,580.0,590.05,13.7,14.2,13.65,13.65,28.435416,62475,1421000
2026-08-21 12:55:00,ATM-1,CE,580.0,590.8,13.65,14.5,13.65,14.15,28.175968,30625,1397725
2026-08-21 13:00:00,ATM-1,CE,580.0,591.65,14.65,15.1,14.15,14.7,27.709445,74725,1358525
2026-08-21 13:05:00,ATM-1,CE,580.0,592.75,15.7,17.2,14.7,16.15,30.87631,159250,1282575
2026-08-21 13:10:00,ATM-1,CE,580.0,594.3,16.45,17.7,16.15,17.05,29.221709,72275,1262975
2026-08-21 13:15:00,ATM-1,CE,590.0,595.2,17.4,17.65,10.7,11.3,32.082134,753375,1933050
2026-08-21 13:20:00,ATM-1,CE,580.0,593.55,17.5,18.3,16.55,17.25,33.44221,122500,1189475
2026-08-21 13:25:00,ATM-1,CE,580.0,594.1,16.7,17.55,16.7,17.35,31.777732,91875,1218875
2026-08-21 13:30:00,ATM-1,CE,580.0,593.3,17.35,17.35,16.2,16.85,32.399083,80850,1191925
2026-08-21 13:35:00,ATM-1,CE,580.0,592.45,16.55,16.85,15.8,15.8,30.34195,47775,1145375
2026-08-21 13:40:00,ATM-1,CE,580.0,592.4,16.0,16.65,15.3,16.0,31.571644,45325,1142925
2026-08-21 13:45:00,ATM-1,CE,580.0,593.75,15.9,17.1,15.6,17.0,31.423585,62475,1134350
2026-08-21 13:50:00,ATM-1,CE,580.0,594.35,16.9,17.3,16.7,17.2,29.961765,33075,1144150
2026-08-21 13:55:00,ATM-1,CE,580.0,595.0,17.5,18.15,17.2,17.95,31.284351,60025,1146600
2026-08-21 14:00:00,ATM-1,CE,590.0,595.75,11.0,11.95,10.85,11.6,32.031085,298900,1790950
2026-08-21 14:05:00,ATM-1,CE,580.0,594.75,11.65,18.8,11.4,17.8,31.582803,96775,1173550
2026-08-21 14:10:00,ATM-1,CE,590.0,597.2,17.85,17.85,10.6,11.7,28.410305,83300,1715000
2026-08-21 14:15:00,ATM-1,CE,590.0,597.5,12.75,13.1,11.7,12.75,32.146337,432425,1700300
2026-08-21 14:20:00,ATM-1,CE,590.0,596.85,12.6,12.75,11.8,12.45,32.709726,122500,1672125
2026-08-21 14:25:00,ATM-1,CE,590.0,596.8,12.45,12.45,11.5,12.1,31.359187,116375,1663550
2026-08-21 14:30:00,ATM-1,CE,590.0,595.95,12.05,12.1,11.4,11.4,30.732758,69825,1668450
2026-08-21 14:35:00,ATM-1,CE,590.0,596.15,11.6,12.2,11.4,11.75,31.693593,94325,1639050
2026-08-21 14:40:00,ATM-1,CE,590.0,596.0,11.85,12.15,11.75,11.85,32.541314,73500,1629250
2026-08-21 14:45:00,ATM-1,CE,590.0,596.25,11.7,11.95,11.7,11.75,31.44934,89425,1607200
2026-08-21 14:50:00,ATM-1,CE,590.0,596.0,11.85,11.85,11.5,11.5,31.08192,67375,1604750
2026-08-21 14:55:00,ATM-1,CE,590.0,595.8,11.5,11.75,10.9,10.9,29.078408,128625,1576575
2026-08-21 15:00:00,ATM-1,CE,590.0,595.7,17.7,18.05,10.25,10.65,28.29572,175175,1539825
2026-08-21 15:05:00,ATM-1,CE,590.0,596.55,10.7,11.65,10.6,11.65,30.239313,75950,1517775
2026-08-21 15:10:00,ATM-1,CE,590.0,595.65,11.2,11.65,11.1,11.2,30.813943,100450,1485925
2026-08-21 15:15:00,ATM-1,CE,590.0,595.65,11.2,11.3,10.95,11.05,30.189181,79625,1473675
2026-08-21 15:20:00,ATM-1,CE,590.0,595.65,11.25,11.3,11.05,11.15,30.63047,116375,1402625
2026-08-21 15:25:00,ATM-1,CE,580.0,594.9,11.15,18.1,10.75,18.0,32.292192,56350,1097600
2026-08-21 15:30:00,ATM-1,CE,580.0,594.9,18.0,18.1,17.65,17.65,30.332161,77175,1082900
2026-08-21 15:35:00,ATM-1,CE,580.0,594.9,17.75,18.45,17.5,18.2,33.421478,46550,1057175
2026-08-24 09:15:00,ATM-1,CE,580.0,594.35,11.0,17.7,9.5,14.75,26.003741,181300,884450
2026-08-24 09:20:00,ATM-1,CE,580.0,594.95,16.0,16.5,7.8,16.15,40.624948,68600,874650
2026-08-24 09:25:00,ATM-1,CE,580.0,593.5,15.8,16.15,14.55,14.55,36.121466,20825,867300
2026-08-24 09:30:00,ATM-1,CE,580.0,595.0,14.4,14.7,14.1,14.7,0.0,39200,851375
2026-08-24 09:35:00,ATM-1,CE,580.0,594.9,14.7,15.7,14.5,15.15,21.232441,19600,852600
2026-08-24 09:40:00,ATM-1,CE,590.0,596.0,15.15,16.0,8.4,8.95,38.199164,11025,1291150
2026-08-24 09:45:00,ATM-1,CE,590.0,596.9,9.4,10.2,8.95,9.7,39.28368,95550,1267875
2026-08-24 09:50:00,ATM-1,CE,590.0,596.5,10.35,10.35,9.5,9.5,39.989265,46550,1265425
2026-08-24 09:55:00,ATM-1,CE,590.0,598.65,9.5,11.4,9.5,10.95,39.23745,63700,1264200
2026-08-24 10:00:00,ATM-1,CE,590.0,598.2,10.8,10.95,10.7,10.85,41.331501,60025,1253175
2026-08-24 10:05:00,ATM-1,CE,590.0,598.85,11.1,11.8,10.85,11.7,44.661639,52675,1240925
2026-08-24 10:10:00,ATM-1,CE,590.0,596.6,11.5,11.7,9.85,9.85,42.524037,35525,1234800
2026-08-24 10:15:00,ATM-1,CE,590.0,596.5,9.6,9.85,9.4,9.4,39.464719,30625,1240925
2026-08-24 10:20:00,ATM-1,CE,590.0,596.05,9.4,9.4,8.8,9.2,40.412705,20825,1243375
2026-08-24 10:25:00,ATM-1,CE,590.0,595.3,9.2,9.8,8.75,8.75,40.880714,24500,1236025
2026-08-24 10:30:00,ATM-1,CE,590.0,595.85,8.45,9.15,8.45,9.15,41.220574,29400,1236025
2026-08-24 10:35:00,ATM-1,CE,580.0,595.0,9.0,16.3,8.2,16.25,42.334348,18375,862400
2026-08-24 10:40:00,ATM-1,CE,590.0,596.25,8.0,9.0,8.0,9.0,37.879446,33075,1238475
2026-08-24 10:45:00,ATM-1,CE,590.0,596.9,9.05,9.35,8.9,9.15,35.274768,30625,1239700
2026-08-24 10:50:00,ATM-1,CE,590.0,597.55,9.8,10.0,9.15,10.0,38.647265,11025,1233575
2026-08-24 10:55:00,ATM-1,CE,590.0,598.0,10.1,10.15,9.95,10.15,37.088439,15925,1226225
2026-08-24 11:00:00,ATM-1,CE,590.0,597.75,10.45,10.65,10.0,10.0,37.466733,52675,1227450
2026-08-24 11:05:00,ATM-1,CE,590.0,598.8,10.2,11.0,10.0,11.0,39.511376,20825,1225000
2026-08-24 11:10:00,ATM-1,CE,590.0,598.25,11.15,11.15,10.5,10.5,38.759225,28175,1210300
2026-08-24 11:15:00,ATM-1,CE,590.0,599.0,10.35,11.1,10.35,10.9,37.244695,20825,1204175
2026-08-24 11:20:00,ATM-1,CE,590.0,601.95,11.1,13.95,10.9,13.7,42.093991,40425,1198050
2026-08-24 11:25:00,ATM-1,CE,590.0,602.8,13.2,14.65,12.7,14.65,44.982583,45325,1188250
2026-08-24 11:30:00,ATM-1,CE,590.0,602.7,14.6,14.65,13.5,14.4,43.225275,57575,1182125
2026-08-24 11:35:00,ATM-1,CE,590.0,601.35,14.2,14.4,12.65,13.5,45.133411,78400,1187025
2026-08-24 11:40:00,ATM-1,CE,590.0,601.5,13.5,13.95,13.45,13.7,46.030264,25725,1179675
2026-08-24 11:45:00,ATM-1,CE,590.0,601.8,13.3,13.85,13.1,13.85,45.247544,4900,1174775
2026-08-24 11:50:00,ATM-1,CE,590.0,600.5,14.25,14.25,13.8,13.8,54.148055,12250,1174775
2026-08-24 11:55:00,ATM-1,CE,590.0,601.3,12.9,13.8,12.9,13.55,46.303547,6125,1174775
2026-08-24 12:00:00,ATM-1,CE,590.0,602.6,13.55,14.7,13.55,14.7,47.703185,9800,1174775
2026-08-24 12:05:00,ATM-1,CE,590.0,602.5,14.7,14.7,14.1,14.6,47.564947,11025,1167425
2026-08-24 12:10:00,ATM-1,CE,590.0,602.8,14.3,14.6,14.3,14.3,41.722848,8575,1167425
2026-08-24 12:15:00,ATM-1,CE,590.0,601.7,14.3,14.3,13.7,13.85,46.487518,26950,1171100
2026-08-24 12:20:00,ATM-1,CE,590.0,602.0,13.85,13.85,13.0,13.25,37.293371,17150,1160075
2026-08-24 12:25:00,ATM-1,CE,600.0,605.25,15.0,15.15,7.4,8.65,41.168119,398125,2868950
2026-08-24 12:30:00,ATM-1,CE,600.0,606.75,8.5,9.35,8.5,9.25,37.674238,377300,2741550
2026-08-24 12:35:00,ATM-1,CE,600.0,609.5,9.05,11.35,9.05,11.35,38.184732,514500,2529625
2026-08-24 12:40:00,ATM-1,CE,600.0,610.45,11.45,12.9,11.2,12.0,37.18999,547575,2343425
2026-08-24 12:45:00,ATM-1,CE,600.0,609.6,12.15,12.3,11.3,11.55,39.524349,112700,2314025
2026-08-24 12:50:00,ATM-1,CE,600.0,612.0,11.7,13.55,11.5,13.05,34.508528,323400,2182950
2026-08-24 12:55:00,ATM-1,CE,600.0,612.25,12.85,14.2,12.35,13.05,31.536065,378525,2055550
2026-08-24 13:00:00,ATM-1,CE,600.0,610.7,13.1,13.1,11.9,12.0,35.165227,71050,2038400
2026-08-24 13:05:00,ATM-1,CE,600.0,608.65,11.35,12.0,9.75,10.6,37.634904,278075,1982050
2026-08-24 13:10:00,ATM-1,CE,600.0,607.75,10.6,10.7,9.9,9.9,37.482763,88200,1940400
2026-08-24 13:15:00,ATM-1,CE,600.0,607.75,10.1,10.25,9.3,9.85,37.080639,72275,1904875
2026-08-24 13:20:00,ATM-1,CE,600.0,607.7,9.85,10.0,9.35,9.75,36.555896,40425,1891400
2026-08-24 13:25:00,ATM-1,CE,600.0,606.7,9.7,9.75,8.8,8.8,34.656129,94325,1908550
2026-08-24 13:30:00,ATM-1,CE,600.0,607.4,8.55,8.9,8.25,8.9,30.639086,110250,1920800
2026-08-24 13:35:00,ATM-1,CE,600.0,608.55,9.0,10.15,8.9,9.9,31.660982,62475,1920800
2026-08-24 13:40:00,ATM-1,CE,600.0,607.95,10.0,10.0,8.95,9.35,30.943911,188650,1947750
2026-08-24 13:45:00,ATM-1,CE,600.0,609.6,9.4,10.8,9.35,10.75,31.7083,104125,1806875
2026-08-24 13:50:00,ATM-1,CE,600.0,609.3,10.75,11.1,10.0,10.4,30.558058,111475,1798300
2026-08-24 13:55:00,ATM-1,CE,600.0,608.2,10.1,10.4,9.5,9.8,33.744613,60025,1773800
2026-08-24 14:00:00,ATM-1,CE,600.0,608.65,9.85,9.95,9.7,9.8,29.915022,31850,1657425
2026-08-24 14:05:00,ATM-1,CE,600.0,608.1,9.6,9.8,8.85,9.25,28.810356,62475,1650075
2026-08-24 14:10:00,ATM-1,CE,600.0,608.7,9.3,9.8,8.95,9.0,16.957632,33075,1650075
2026-08-24 14:15:00,ATM-1,CE,600.0,608.0,9.45,9.45,9.0,9.0,26.959194,60025,1624350
2026-08-24 14:20:00,ATM-1,CE,600.0,607.6,9.0,9.1,8.45,8.5,24.975285,44100,1623125
2026-08-24 14:25:00,ATM-1,CE,600.0,608.0,8.5,8.95,8.5,8.7,23.20386,57575,1615775
2026-08-24 14:30:00,ATM-1,CE,600.0,608.45,8.95,9.0,8.65,8.65,12.814919,42875,1614550
2026-08-24 14:35:00,ATM-1,CE,600.0,609.8,9.4,10.7,8.65,10.65,28.849491,58800,1608425
2026-08-24 14:40:00,ATM-1,CE,600.0,609.9,10.2,11.0,10.2,10.35,22.617773,52675,1572900
2026-08-24 14:45:00,ATM-1,CE,600.0,609.85,10.35,10.45,9.85,10.05,14.750544,96775,1553300
2026-08-24 14:50:00,ATM-1,CE,600.0,610.1,10.2,10.5,10.05,10.1,0.0,40425,1550850
2026-08-24 14:55:00,ATM-1,CE,600.0,611.25,10.1,11.15,10.1,11.15,0.0,58800,1527575
2026-08-24 15:00:00,ATM-1,CE,600.0,612.45,10.95,11.8,10.2,11.8,0.0,133525,1485925
2026-08-24 15:05:00,ATM-1,CE,600.0,613.0,12.05,12.8,11.75,12.25,0.0,346675,1527575
2026-08-24 15:10:00,ATM-1,CE,600.0,608.0,12.5,18.3,5.8,8.4,18.684671,323400,1485925
2026-08-24 15:15:00,ATM-1,CE,600.0,608.0,8.4,8.55,4.6,5.85,0.0,428750,1405075
2026-08-24 15:20:00,ATM-1,CE,600.0,608.0,6.0,6.25,2.75,3.9,0.0,460600,1413650
2026-08-24 15:25:00,ATM-1,CE,590.0,604.0,3.8,11.8,3.6,11.75,0.0,160475,948150
2026-08-24 15:30:00,ATM-1,CE,590.0,604.0,11.2,11.75,9.65,9.65,0.0,34300,954275
2026-08-24 15:35:00,ATM-1,CE,590.0,604.0,9.9,10.4,9.15,10.4,0.0,42875,946925
2026-08-25 09:15:00,ATM-1,CE,580.0,594.4,8.7,20.4,7.1,16.65,115.18085,60025,692125
2026-08-25 09:20:00,ATM-1,CE,580.0,592.45,16.35,16.65,14.4,14.9,111.071295,17150,693350
2026-08-25 09:25:00,ATM-1,CE,580.0,590.05,14.9,14.9,10.95,10.95,65.504211,17150,694575
2026-08-25 09:30:00,ATM-1,CE,580.0,594.0,11.75,15.25,10.95,15.25,91.836342,14700,687225
2026-08-25 09:35:00,ATM-1,CE,580.0,594.5,7.8,17.45,7.45,17.45,133.966838,12250,686000
2026-08-25 09:40:00,ATM-1,CE,580.0,593.3,15.05,17.45,14.9,14.9,98.992152,6125,686000
2026-08-25 09:45:00,ATM-1,CE,580.0,592.75,14.75,14.9,14.1,14.1,91.005031,2450,684775
2026-08-25 09:50:00,ATM-1,CE,580.0,592.45,14.1,14.1,14.1,14.1,97.740065,0,684775
2026-08-25 09:55:00,ATM-1,CE,580.0,591.55,14.1,14.2,12.25,12.65,80.431536,15925,676200
2026-08-25 10:00:00,ATM-1,CE,580.0,591.0,12.45,12.65,12.15,12.15,79.9076,8575,674975
2026-08-25 10:05:00,ATM-1,CE,580.0,591.0,12.15,13.0,12.15,12.35,85.673047,30625,674975
2026-08-25 10:10:00,ATM-1,CE,580.0,590.4,12.35,12.35,12.35,12.35,97.648058,0,674975
2026-08-25 10:15:00,ATM-1,CE,580.0,589.3,12.35,12.35,11.35,11.35,94.862952,2450,648025
2026-08-25 10:20:00,ATM-1,CE,580.0,588.9,10.4,11.35,10.4,11.35,102.053732,2450,649250
2026-08-25 10:25:00,ATM-1,CE,580.0,590.0,11.35,11.8,11.35,11.8,94.432266,1225,649250
2026-08-25 10:30:00,ATM-1,CE,580.0,590.85,11.8,11.8,11.8,11.8,77.4614,0,649250
2026-08-25 10:35:00,ATM-1,CE,580.0,590.8,11.8,11.85,11.7,11.85,80.773939,3675,648025
2026-08-25 10:40:00,ATM-1,CE,580.0,590.05,11.85,11.85,11.85,11.85,97.101875,0,648025
2026-08-25 10:45:00,ATM-1,CE,580.0,590.0,11.85,11.85,11.3,11.3,85.109689,1225,648025
2026-08-25 10:50:00,ATM-1,CE,580.0,589.25,10.7,11.3,10.05,10.05,68.038147,8575,645575
2026-08-25 10:55:00,ATM-1,CE,580.0,589.2,10.05,10.05,10.05,10.05,69.932012,0,645575
2026-08-25 11:00:00,ATM-1,CE,580.0,588.75,10.05,10.25,10.05,10.25,85.941766,12250,645575
2026-08-25 11:05:00,ATM-1,CE,580.0,589.85,10.25,10.25,10.25,10.25,58.378351,0,645575
2026-08-25 11:10:00,ATM-1,CE,580.0,588.6,11.4,11.4,10.25,10.85,104.897886,3675,632100
2026-08-25 11:15:00,ATM-1,CE,580.0,587.9,10.2,10.85,8.9,8.9,70.302944,17150,630875
2026-08-25 11:20:00,ATM-1,CE,580.0,587.45,8.9,9.2,8.55,9.2,87.89797,7350,630875
2026-08-25 11:25:00,ATM-1,CE,580.0,587.95,9.2,9.2,8.9,8.9,70.546001,2450,630875
2026-08-25 11:30:00,ATM-1,CE,580.0,587.45,8.9,9.5,8.9,9.5,96.999523,1225,629650
2026-08-25 11:35:00,ATM-1,CE,580.0,588.2,9.5,9.5,9.5,9.5,83.422481,0,629650
2026-08-25 11:40:00,ATM-1,CE,580.0,588.0,9.5,9.5,9.5,9.5,88.546936,0,629650
2026-08-25 11:45:00,ATM-1,CE,580.0,587.75,9.5,9.5,9.5,9.5,94.52184,0,629650
2026-08-25 11:50:00,ATM-1,CE,580.0,588.3,9.5,9.5,9.5,9.5,83.923421,0,629650
2026-08-25 11:55:00,ATM-1,CE,580.0,589.1,9.5,9.5,9.5,9.5,61.333752,0,629650
2026-08-25 12:00:00,ATM-1,CE,580.0,590.3,9.5,9.5,9.5,9.5,0.0,0,629650
2026-08-25 12:05:00,ATM-1,CE,590.0,595.65,9.5,15.1,4.7,7.1,75.489583,192325,994700
2026-08-25 12:10:00,ATM-1,CE,590.0,595.85,6.25,16.25,6.25,7.5,82.977905,64925,970200
2026-08-25 12:15:00,ATM-1,CE,590.0,596.4,7.4,10.0,7.4,8.0,86.522885,99225,959175
2026-08-25 12:20:00,ATM-1,CE,590.0,597.3,8.0,8.95,6.25,8.95,95.186779,19600,953050
2026-08-25 12:25:00,ATM-1,CE,590.0,595.85,8.0,8.95,7.5,7.5,86.223426,9800,950600
2026-08-25 12:30:00,ATM-1,CE,590.0,595.65,7.5,7.5,6.95,7.0,77.710899,8575,946925
2026-08-25 12:35:00,ATM-1,CE,580.0,594.9,6.55,16.95,6.2,16.95,164.75863,17150,612500
2026-08-25 12:40:00,ATM-1,CE,590.0,597.55,7.85,9.65,6.9,9.65,115.126442,95550,933450
2026-08-25 12:45:00,ATM-1,CE,590.0,597.65,9.8,9.8,8.15,8.15,65.392618,105350,797475
2026-08-25 12:50:00,ATM-1,CE,590.0,595.6,8.15,8.15,7.45,7.5,97.65355,4900,797475
2026-08-25 12:55:00,ATM-1,CE,580.0,593.25,16.5,18.1,16.5,16.5,201.291015,1225,603925
2026-08-25 13:00:00,ATM-1,CE,580.0,592.35,16.5,16.5,16.5,16.5,224.052529,0,603925
2026-08-25 13:05:00,ATM-1,CE,580.0,592.1,16.5,16.5,16.5,16.5,232.965198,0,603925
2026-08-25 13:10:00,ATM-1,CE,580.0,591.9,16.5,16.5,16.5,16.5,241.105025,0,603925
2026-08-25 13:15:00,ATM-1,CE,580.0,594.5,16.5,16.5,16.5,16.5,0.0,0,603925
2026-08-25 13:20:00,ATM-1,CE,580.0,593.7,16.5,16.5,16.5,16.5,0.0,0,603925
2026-08-25 13:25:00,ATM-1,CE,580.0,594.05,16.5,16.5,16.5,16.5,202.277709,0,603925
2026-08-25 13:30:00,ATM-1,CE,590.0,595.25,16.5,16.5,5.0,5.0,0.0,0,774200
2026-08-25 13:35:00,ATM-1,CE,580.0,594.45,5.0,15.0,5.0,15.0,127.36033,0,602700
2026-08-25 13:40:00,ATM-1,CE,580.0,594.25,15.0,15.0,15.0,15.0,0.0,0,602700
2026-08-25 13:45:00,ATM-1,CE,590.0,595.25,15.0,15.0,6.15,6.15,80.571658,0,776650
2026-08-25 13:50:00,ATM-1,CE,590.0,595.5,15.0,15.0,5.65,5.65,46.497957,0,776650
2026-08-25 13:55:00,ATM-1,CE,590.0,595.45,5.65,15.0,5.5,5.5,36.385292,3675,776650
2026-08-25 14:00:00,ATM-1,CE,580.0,595.0,5.1,15.4,3.95,15.4,135.449421,15925,601475
2026-08-25 14:05:00,ATM-1,CE,590.0,595.25,15.4,15.4,5.25,5.25,0.0,0,768075
2026-08-25 14:10:00,ATM-1,CE,580.0,595.0,5.25,15.4,5.25,15.4,0.0,0,601475
2026-08-25 14:15:00,ATM-1,CE,590.0,595.25,5.25,5.3,5.25,5.3,39.841782,2450,766850
2026-08-25 14:20:00,ATM-1,CE,580.0,595.0,15.4,15.4,15.4,15.4,0.0,0,601475
2026-08-25 14:25:00,ATM-1,CE,590.0,595.3,15.4,15.4,5.3,6.0,91.58925,3675,759500
2026-08-25 14:30:00,ATM-1,CE,580.0,592.6,14.7,15.4,14.7,14.7,0.0,3675,600250
2026-08-25 14:35:00,ATM-1,CE,580.0,592.15,14.7,14.7,12.95,12.95,0.0,1225,597800
2026-08-25 14:40:00,ATM-1,CE,580.0,592.4,12.6,12.95,12.6,12.6,0.0,4900,595350
2026-08-25 14:45:00,ATM-1,CE,580.0,592.65,12.6,12.6,12.6,12.6,0.0,0,595350
2026-08-25 14:50:00,ATM-1,CE,580.0,592.5,12.6,12.6,12.6,12.6,0.0,0,595350
2026-08-25 14:55:00,ATM-1,CE,580.0,592.35,11.85,12.6,11.85,11.85,0.0,8575,597800
2026-08-25 15:00:00,ATM-1,CE,580.0,592.0,13.1,13.1,11.85,13.0,0.0,6125,597800
2026-08-25 15:05:00,ATM-1,CE,580.0,592.35,13.0,13.0,10.0,10.0,0.0,1225,597800
2026-08-25 15:10:00,ATM-1,CE,580.0,591.7,14.45,14.45,10.0,14.45,0.0,2450,596575
2026-08-25 15:15:00,ATM-1,CE,580.0,591.7,14.45,14.45,14.45,14.45,0.0,0,596575
2026-08-25 15:20:00,ATM-1,CE,580.0,591.7,14.45,14.45,11.25,11.25,0.0,1225,594125
2026-08-25 15:25:00,ATM-1,CE,580.0,592.6,11.25,11.25,11.25,11.25,0.0,0,594125
2026-08-25 15:30:00,ATM-1,CE,580.0,592.6,11.25,12.8,11.25,12.8,0.0,4900,592900
2026-08-25 15:35:00,ATM-1,CE,580.0,592.6,12.8,12.8,12.8,12.8,0.0,0,592900
2026-08-20 09:15:00,ATM-1,PE,560.0,571.95,3.75,5.0,3.15,4.15,33.766337,542675,1082900
2026-08-20 09:20:00,ATM-1,PE,560.0,570.3,4.1,4.3,4.0,4.2,31.952554,184975,1177225
2026-08-20 09:25:00,ATM-1,PE,560.0,568.55,4.0,4.9,3.9,4.75,31.982483,279300,1227450
2026-08-20 09:30:00,ATM-1,PE,560.0,569.0,4.7,4.85,4.15,4.35,30.941751,202125,1264200
2026-08-20 09:35:00,ATM-1,PE,560.0,569.3,4.35,4.4,3.95,4.0,29.877958,85750,1280125
2026-08-20 09:40:00,ATM-1,PE,560.0,568.2,4.15,4.5,4.0,4.35,29.915741,197225,1310750
2026-08-20 09:45:00,ATM-1,PE,560.0,567.5,4.45,4.75,4.25,4.75,30.612763,94325,1310750
2026-08-20 09:50:00,ATM-1,PE,560.0,568.1,4.65,4.75,4.45,4.5,30.415045,192325,1351175
2026-08-20 09:55:00,ATM-1,PE,560.0,567.7,4.4,4.6,4.4,4.5,29.890516,42875,1342600
2026-08-20 10:00:00,ATM-1,PE,560.0,567.15,4.6,4.65,4.5,4.65,29.761762,91875,1303400
2026-08-20 10:05:00,ATM-1,PE,560.0,568.05,4.75,4.75,4.25,4.4,29.968101,127400,1294825
2026-08-20 10:10:00,ATM-1,PE,560.0,567.55,4.45,4.55,4.35,4.35,29.106799,29400,1286250
2026-08-20 10:15:00,ATM-1,PE,560.0,567.9,4.55,4.55,4.3,4.3,29.378062,15925,1283800
2026-08-20 10:20:00,ATM-1,PE,560.0,569.4,4.3,4.3,4.0,4.05,30.298693,34300,1271550
2026-08-20 10:25:00,ATM-1,PE,560.0,569.0,4.0,4.3,4.0,4.15,30.21467,57575,1285025
2026-08-20 10:30:00,ATM-1,PE,560.0,571.7,4.1,4.15,3.3,3.3,29.8787,109025,1276450
2026-08-20 10:35:00,ATM-1,PE,560.0,571.95,3.2,3.4,3.1,3.1,29.274045,316050,1136800
2026-08-20 10:40:00,ATM-1,PE,560.0,570.7,3.1,3.3,2.95,3.3,28.708303,109025,1108625
2026-08-20 10:45:00,ATM-1,PE,560.0,570.25,3.35,3.55,3.3,3.55,29.269083,35525,1107400
2026-08-20 10:50:00,ATM-1,PE,560.0,569.45,3.55,3.8,3.45,3.8,29.35934,50225,1106175
2026-08-20 10:55:00,ATM-1,PE,560.0,569.55,3.8,3.8,3.7,3.7,29.067062,14700,1108625
2026-08-20 11:00:00,ATM-1,PE,560.0,570.05,3.9,3.9,3.6,3.6,29.267325,111475,1125775
2026-08-20 11:05:00,ATM-1,PE,560.0,571.25,3.4,3.65,3.35,3.4,29.856976,53900,1130675
2026-08-20 11:10:00,ATM-1,PE,560.0,570.85,3.4,3.65,3.4,3.55,30.047458,11025,1133125
2026-08-20 11:15:00,ATM-1,PE,560.0,570.0,3.45,3.65,3.45,3.6,29.232831,53900,1129450
2026-08-20 11:20:00,ATM-1,PE,560.0,568.2,3.65,4.0,3.6,4.0,28.650661,42875,1130675
2026-08-20 11:25:00,ATM-1,PE,560.0,567.75,4.15,4.25,4.0,4.2,28.893885,33075,1133125
2026-08-20 11:30:00,ATM-1,PE,560.0,568.35,4.2,4.2,4.0,4.0,28.864453,20825,1130675
2026-08-20 11:35:00,ATM-1,PE,560.0,567.85,4.0,4.1,4.0,4.1,28.631778,50225,1133125
2026-08-20 11:40:00,ATM-1,PE,560.0,568.65,4.1,4.1,3.9,3.9,28.852484,14700,1129450
2026-08-20 11:45:00,ATM-1,PE,560.0,569.85,3.85,3.9,3.45,3.5,28.667137,94325,1138025
2026-08-20 11:50:00,ATM-1,PE,560.0,568.6,3.5,3.8,3.45,3.8,28.38405,13475,1136800
2026-08-20 11:55:00,ATM-1,PE,560.0,569.7,3.65,3.8,3.4,3.45,28.28151,20825,1145375
2026-08-20 12:00:00,ATM-1,PE,560.0,569.15,3.5,3.5,3.4,3.5,27.820925,19600,1145375
2026-08-20 12:05:00,ATM-1,PE,560.0,569.0,3.65,3.9,3.5,3.75,28.71139,12250,1147825
2026-08-20 12:10:00,ATM-1,PE,560.0,571.2,3.75,3.75,3.0,3.0,28.111607,93100,1162525
2026-08-20 12:15:00,ATM-1,PE,560.0,573.9,3.1,3.1,2.6,2.6,29.28901,110250,1134350
2026-08-20 12:20:00,ATM-1,PE,560.0,572.3,2.55,2.9,2.55,2.85,28.709412,86975,1142925
2026-08-20 12:25:00,ATM-1,PE,560.0,573.2,2.8,2.85,2.55,2.7,29.020664,69825,1138025
2026-08-20 12:30:00,ATM-1,PE,560.0,572.35,2.85,2.85,2.7,2.8,28.548713,6125,1141700
2026-08-20 12:35:00,ATM-1,PE,560.0,571.95,2.8,2.9,2.8,2.9,28.568484,4900,1140475
2026-08-20 12:40:00,ATM-1,PE,560.0,571.7,2.9,3.0,2.9,2.9,28.28793,46550,1130675
2026-08-20 12:45:00,ATM-1,PE,560.0,573.15,2.6,2.9,2.6,2.6,28.516,40425,1122100
2026-08-20 12:50:00,ATM-1,PE,560.0,572.35,2.65,2.8,2.6,2.8,28.58491,8575,1123325
2026-08-20 12:55:00,ATM-1,PE,560.0,571.35,2.75,3.1,2.75,3.1,28.826546,28175,1114750
2026-08-20 13:00:00,ATM-1,PE,560.0,570.8,3.1,3.25,3.1,3.25,28.858155,37975,1103725
2026-08-20 13:05:00,ATM-1,PE,560.0,570.65,3.25,3.25,3.1,3.25,28.686118,7350,1098825
2026-08-20 13:10:00,ATM-1,PE,560.0,570.5,3.25,3.25,3.05,3.2,28.289389,42875,1085350
2026-08-20 13:15:00,ATM-1,PE,560.0,570.25,3.2,3.2,3.2,3.2,27.995052,8575,1080450
2026-08-20 13:20:00,ATM-1,PE,560.0,570.1,3.3,3.4,3.2,3.25,28.044048,34300,1082900
2026-08-20 13:25:00,ATM-1,PE,560.0,569.95,3.25,3.4,3.25,3.3,28.090932,30625,1078000
2026-08-20 13:30:00,ATM-1,PE,560.0,570.0,3.3,3.35,3.3,3.3,28.161366,9800,1079225
2026-08-20 13:35:00,ATM-1,PE,560.0,569.65,3.35,3.45,3.3,3.45,28.397827,26950,1079225
2026-08-20 13:40:00,ATM-1,PE,560.0,569.85,3.5,3.5,3.4,3.4,28.436111,6125,1079225
2026-08-20 13:45:00,ATM-1,PE,560.0,569.75,3.4,3.45,3.4,3.45,28.540692,9800,1076775
2026-08-20 13:50:00,ATM-1,PE,560.0,569.95,3.45,3.5,3.45,3.45,28.798787,15925,1076775
2026-08-20 13:55:00,ATM-1,PE,560.0,569.75,3.45,3.45,3.3,3.3,27.897359,7350,1074325
2026-08-20 14:00:00,ATM-1,PE,560.0,570.05,3.3,3.4,3.3,3.4,28.720376,3675,1076775
2026-08-20 14:05:00,ATM-1,PE,560.0,570.95,3.35,3.4,3.05,3.05,28.249538,63700,1073100
2026-08-20 14:10:00,ATM-1,PE,560.0,570.25,3.05,3.2,3.05,3.2,28.093099,19600,1073100
2026-08-20 14:15:00,ATM-1,PE,560.0,570.25,3.25,3.35,3.15,3.15,27.877246,7350,1071875
2026-08-20 14:20:00,ATM-1,PE,560.0,569.6,3.2,3.3,3.15,3.3,27.755497,26950,1074325
2026-08-20 14:25:00,ATM-1,PE,560.0,569.8,3.3,3.3,3.3,3.3,28.012746,1225,1074325
2026-08-20 14:30:00,ATM-1,PE,560.0,570.0,3.3,3.3,3.15,3.15,27.598499,9800,1079225
2026-08-20 14:35:00,ATM-1,PE,560.0,570.15,3.25,3.3,3.15,3.15,27.790858,13475,1076775
2026-08-20 14:40:00,ATM-1,PE,560.0,570.4,3.25,3.25,3.1,3.1,27.878219,30625,1075550
2026-08-20 14:45:00,ATM-1,PE,560.0,570.25,3.1,3.3,3.1,3.3,28.604763,22050,1080450
2026-08-20 14:50:00,ATM-1,PE,560.0,571.25,3.25,3.3,2.95,2.95,28.226952,112700,1069425
2026-08-20 14:55:00,ATM-1,PE,560.0,571.1,2.95,3.15,2.95,3.15,28.978589,69825,1052275
2026-08-20 15:00:00,ATM-1,PE,560.0,571.2,3.15,3.15,2.8,2.8,27.486021,73500,1063300
2026-08-20 15:05:00,ATM-1,PE,560.0,571.2,2.9,3.05,2.8,2.9,27.962397,112700,1055950
2026-08-20 15:10:00,ATM-1,PE,560.0,573.0,2.7,2.9,2.45,2.5,28.12043,107800,1055950
2026-08-20 15:15:00,ATM-1,PE,560.0,573.0,2.5,2.65,2.5,2.65,28.868447,29400,1052275
2026-08-20 15:20:00,ATM-1,PE,560.0,573.0,2.7,2.75,2.65,2.7,29.122009,13475,1049825
2026-08-20 15:25:00,ATM-1,PE,560.0,573.9,2.65,2.7,2.6,2.7,30.145506,9800,1046150
2026-08-20 15:30:00,ATM-1,PE,560.0,573.9,2.6,2.7,2.5,2.5,29.157115,35525,1042475
2026-08-20 15:35:00,ATM-1,PE,560.0,573.9,2.5,2.7,2.45,2.5,29.166622,41650,1040025
2026-08-21 09:15:00,ATM-1,PE,580.0,589.05,4.6,6.55,2.6,4.75,34.8137,761950,814625
2026-08-21 09:20:00,ATM-1,PE,580.0,587.9,4.9,5.0,4.75,4.8,33.400195,610050,1021650
2026-08-21 09:25:00,ATM-1,PE,580.0,591.8,4.8,4.8,4.0,4.0,35.195565,470400,1092700
2026-08-21 09:30:00,ATM-1,PE,580.0,592.45,4.0,4.05,3.4,3.7,34.639569,840350,1298500
2026-08-21 09:35:00,ATM-1,PE,580.0,593.8,3.85,3.85,3.3,3.3,34.400875,416500,1354850
2026-08-21 09:40:00,ATM-1,PE,580.0,593.65,3.35,3.4,3.0,3.1,33.237723,627200,1445500
2026-08-21 09:45:00,ATM-1,PE,580.0,591.6,3.35,3.5,3.1,3.5,32.645065,319725,1511650
2026-08-21 09:50:00,ATM-1,PE,580.0,592.95,3.5,3.55,3.05,3.05,32.162708,245000,1430800
2026-08-21 09:55:00,ATM-1,PE,580.0,592.35,3.3,3.3,3.05,3.15,31.929655,200900,1503075
2026-08-21 10:00:00,ATM-1,PE,580.0,591.3,3.15,3.5,3.15,3.35,31.585486,262150,1525125
2026-08-21 10:05:00,ATM-1,PE,580.0,591.4,3.3,3.45,3.2,3.45,32.201666,102900,1565550
2026-08-21 10:10:00,ATM-1,PE,580.0,592.15,3.5,3.5,3.2,3.4,32.930348,56350,1581475
2026-08-21 10:15:00,ATM-1,PE,580.0,592.0,3.2,3.4,3.15,3.25,32.029207,61250,1623125
2026-08-21 10:20:00,ATM-1,PE,580.0,591.35,3.2,3.55,3.2,3.2,30.97887,248675,1620675
2026-08-21 10:25:00,ATM-1,PE,580.0,592.45,3.3,3.35,3.0,3.0,31.387706,145775,1659875
2026-08-21 10:30:00,ATM-1,PE,580.0,591.5,3.0,3.2,3.0,3.2,31.193136,61250,1657425
2026-08-21 10:35:00,ATM-1,PE,580.0,591.4,3.2,3.25,3.1,3.25,31.319503,31850,1641500
2026-08-21 10:40:00,ATM-1,PE,580.0,591.3,3.25,3.25,3.2,3.25,31.204276,18375,1642725
2026-08-21 10:45:00,ATM-1,PE,580.0,588.45,3.25,4.0,3.25,4.0,30.88041,401800,1575350
2026-08-21 10:50:00,ATM-1,PE,580.0,587.45,3.9,4.45,3.75,4.35,31.014929,518175,1419775
2026-08-21 10:55:00,ATM-1,PE,580.0,587.6,4.35,4.5,4.1,4.15,30.365385,282975,1407525
2026-08-21 11:00:00,ATM-1,PE,580.0,587.15,4.15,4.4,4.0,4.35,30.601722,334425,1465100
2026-08-21 11:05:00,ATM-1,PE,580.0,589.55,4.05,4.35,3.5,3.6,30.620668,268275,1452850
2026-08-21 11:10:00,ATM-1,PE,580.0,589.0,3.6,3.7,3.55,3.65,30.117219,110250,1485925
2026-08-21 11:15:00,ATM-1,PE,580.0,588.3,3.6,3.8,3.55,3.8,29.843969,137200,1543500
2026-08-21 11:20:00,ATM-1,PE,580.0,588.4,3.8,3.9,3.75,3.85,30.220373,58800,1543500
2026-08-21 11:25:00,ATM-1,PE,580.0,589.3,3.85,3.85,3.6,3.65,30.560915,26950,1522675
2026-08-21 11:30:00,ATM-1,PE,580.0,589.35,3.65,3.65,3.55,3.65,30.640725,96775,1509200
2026-08-21 11:35:00,ATM-1,PE,580.0,589.45,3.6,3.75,3.6,3.6,30.557506,56350,1509200
2026-08-21 11:40:00,ATM-1,PE,580.0,588.15,3.7,4.15,3.6,4.05,30.813408,166600,1433250
2026-08-21 11:45:00,ATM-1,PE,580.0,587.65,4.0,4.2,4.0,4.1,30.334152,89425,1419775
2026-08-21 11:50:00,ATM-1,PE,580.0,587.4,4.15,4.25,4.1,4.25,30.647269,56350,1419775
2026-08-21 11:55:00,ATM-1,PE,580.0,587.0,4.2,4.4,4.2,4.2,29.855071,62475,1406300
2026-08-21 12:00:00,ATM-1,PE,580.0,587.15,4.25,4.35,4.2,4.25,30.306166,85750,1373225
2026-08-21 12:05:00,ATM-1,PE,580.0,587.0,4.2,4.3,4.1,4.1,29.438662,60025,1364650
2026-08-21 12:10:00,ATM-1,PE,580.0,586.95,4.2,4.45,4.1,4.3,30.255143,139650,1289925
2026-08-21 12:15:00,ATM-1,PE,580.0,587.0,4.25,4.3,4.2,4.25,30.121401,20825,1287475
2026-08-21 12:20:00,ATM-1,PE,580.0,587.45,4.2,4.25,3.9,4.1,30.12842,90650,1267875
2026-08-21 12:25:00,ATM-1,PE,580.0,589.25,3.95,4.1,3.65,3.65,30.636992,58800,1233575
2026-08-21 12:30:00,ATM-1,PE,580.0,589.4,3.6,3.65,3.45,3.5,30.157254,123725,1270325
2026-08-21 12:35:00,ATM-1,PE,580.0,589.5,3.5,3.8,3.45,3.5,30.30431,153125,1254400
2026-08-21 12:40:00,ATM-1,PE,580.0,590.0,3.4,3.55,3.3,3.3,30.043164,93100,1289925
2026-08-21 12:45:00,ATM-1,PE,580.0,590.0,3.5,3.5,3.3,3.45,30.765077,39200,1275225
2026-08-21 12:50:00,ATM-1,PE,580.0,590.05,3.45,3.45,3.25,3.45,30.844016,133525,1297275
2026-08-21 12:55:00,ATM-1,PE,580.0,590.8,3.4,3.45,3.2,3.3,31.131052,39200,1314425
2026-08-21 13:00:00,ATM-1,PE,580.0,591.65,3.25,3.3,3.1,3.2,31.756216,142100,1313200
2026-08-21 13:05:00,ATM-1,PE,580.0,592.75,3.25,3.25,2.75,3.05,32.41239,281750,1335250
2026-08-21 13:10:00,ATM-1,PE,580.0,594.3,3.0,3.05,2.75,2.75,32.770571,104125,1337700
2026-08-21 13:15:00,ATM-1,PE,590.0,595.2,2.75,5.7,2.7,5.65,32.964463,470400,1455300
2026-08-21 13:20:00,ATM-1,PE,580.0,593.55,2.85,3.05,2.85,2.95,32.931141,196000,1370775
2026-08-21 13:25:00,ATM-1,PE,580.0,594.1,3.0,3.05,2.75,2.8,32.833461,62475,1375675
2026-08-21 13:30:00,ATM-1,PE,580.0,593.3,2.8,3.0,2.75,2.85,32.136596,101675,1370775
2026-08-21 13:35:00,ATM-1,PE,580.0,592.45,2.9,3.05,2.85,3.05,32.115086,98000,1374450
2026-08-21 13:40:00,ATM-1,PE,580.0,592.4,2.95,3.15,2.95,3.0,31.813675,211925,1381800
2026-08-21 13:45:00,ATM-1,PE,580.0,593.75,3.0,3.0,2.7,2.75,32.201874,161700,1428350
2026-08-21 13:50:00,ATM-1,PE,580.0,594.35,2.75,2.8,2.65,2.7,32.671067,71050,1457750
2026-08-21 13:55:00,ATM-1,PE,580.0,595.0,2.7,2.7,2.6,2.65,33.187321,78400,1461425
2026-08-21 14:00:00,ATM-1,PE,590.0,595.75,5.45,5.55,5.15,5.25,32.270943,220500,1553300
2026-08-21 14:05:00,ATM-1,PE,580.0,594.75,5.25,5.3,2.4,2.6,32.64902,205800,1556975
2026-08-21 14:10:00,ATM-1,PE,590.0,597.2,2.55,5.5,2.5,5.2,34.300613,144550,1629250
2026-08-21 14:15:00,ATM-1,PE,590.0,597.5,4.85,5.2,4.6,4.75,32.820512,639450,1858325
2026-08-21 14:20:00,ATM-1,PE,590.0,596.85,4.85,5.15,4.75,5.1,33.372446,278075,1858325
2026-08-21 14:25:00,ATM-1,PE,590.0,596.8,5.05,5.2,4.95,5.1,33.310264,268275,1854650
2026-08-21 14:30:00,ATM-1,PE,590.0,595.95,5.05,5.2,5.0,5.2,32.447848,83300,1870575
2026-08-21 14:35:00,ATM-1,PE,590.0,596.15,5.2,5.2,4.8,5.1,32.345069,127400,1860775
2026-08-21 14:40:00,ATM-1,PE,590.0,596.0,5.2,5.2,5.0,5.1,32.126786,131075,1852200
2026-08-21 14:45:00,ATM-1,PE,590.0,596.25,5.15,5.15,4.9,5.0,32.098302,80850,1814225
2026-08-21 14:50:00,ATM-1,PE,590.0,596.0,5.0,5.15,4.9,5.15,32.365237,121275,1777475
2026-08-21 14:55:00,ATM-1,PE,590.0,595.8,5.1,5.15,4.95,5.15,32.067676,151900,1778700
2026-08-21 15:00:00,ATM-1,PE,590.0,595.7,2.45,5.3,2.35,5.1,31.712523,116375,1757875
2026-08-21 15:05:00,ATM-1,PE,590.0,596.55,5.05,5.15,4.55,4.55,30.670487,224175,1746850
2026-08-21 15:10:00,ATM-1,PE,590.0,595.65,4.8,4.9,4.55,4.8,30.383741,68600,1737050
2026-08-21 15:15:00,ATM-1,PE,590.0,595.65,4.8,4.85,4.75,4.85,30.609181,123725,1675800
2026-08-21 15:20:00,ATM-1,PE,590.0,595.65,4.8,4.85,4.6,4.7,29.981165,94325,1632925
2026-08-21 15:25:00,ATM-1,PE,580.0,594.9,4.7,4.7,2.0,2.1,30.237832,197225,1374450
2026-08-21 15:30:00,ATM-1,PE,580.0,594.9,2.05,2.1,1.95,2.0,29.668393,107800,1345050
2026-08-21 15:35:00,ATM-1,PE,580.0,594.9,2.0,2.0,1.9,2.0,29.680612,122500,1340150
2026-08-24 09:15:00,ATM-1,PE,580.0,594.35,4.5,4.5,1.2,1.55,45.995709,448350,1281350
2026-08-24 09:20:00,ATM-1,PE,580.0,594.95,1.45,4.1,1.25,1.35,44.935239,285425,1304625
2026-08-24 09:25:00,ATM-1,PE,580.0,593.5,1.4,1.5,1.35,1.5,43.904278,139650,1298500
2026-08-24 09:30:00,ATM-1,PE,580.0,595.0,1.45,1.5,1.4,1.4,45.735728,79625,1271550
2026-08-24 09:35:00,ATM-1,PE,580.0,594.9,1.25,1.4,1.25,1.35,45.024116,110250,1278900
2026-08-24 09:40:00,ATM-1,PE,590.0,596.0,1.25,3.7,1.2,3.5,44.177157,34300,1504300
2026-08-24 09:45:00,ATM-1,PE,590.0,596.9,3.25,3.5,2.95,3.05,42.980897,111475,1499400
2026-08-24 09:50:00,ATM-1,PE,590.0,596.5,2.7,3.05,2.7,2.9,40.805721,191100,1512875
2026-08-24 09:55:00,ATM-1,PE,590.0,598.65,2.9,2.9,2.4,2.4,41.889686,95550,1489600
2026-08-24 10:00:00,ATM-1,PE,590.0,598.2,2.45,2.65,2.4,2.6,42.61348,62475,1492050
2026-08-24 10:05:00,ATM-1,PE,590.0,598.85,2.5,2.6,2.3,2.3,41.587999,94325,1494500
2026-08-24 10:10:00,ATM-1,PE,590.0,596.6,2.4,3.1,2.3,3.1,42.914427,172725,1468775
2026-08-24 10:15:00,ATM-1,PE,590.0,596.5,3.15,3.3,3.1,3.25,43.927719,106575,1456525
2026-08-24 10:20:00,ATM-1,PE,590.0,596.05,3.15,3.45,3.1,3.35,43.604516,94325,1449175
2026-08-24 10:25:00,ATM-1,PE,590.0,595.3,3.1,3.5,3.0,3.4,42.03797,60025,1438150
2026-08-24 10:30:00,ATM-1,PE,590.0,595.85,3.35,3.5,3.0,3.15,41.58924,77175,1465100
2026-08-24 10:35:00,ATM-1,PE,580.0,595.0,3.05,3.35,1.1,1.25,44.761103,49000,1210300
2026-08-24 10:40:00,ATM-1,PE,590.0,596.25,3.45,3.45,3.0,3.1,42.359825,78400,1477350
2026-08-24 10:45:00,ATM-1,PE,590.0,596.9,3.05,3.1,2.9,2.9,42.460269,68600,1488375
2026-08-24 10:50:00,ATM-1,PE,590.0,597.55,2.9,2.9,2.7,2.7,42.476069,84525,1477350
2026-08-24 10:55:00,ATM-1,PE,590.0,598.0,2.7,2.8,2.7,2.8,44.505961,66150,1466325
2026-08-24 11:00:00,ATM-1,PE,590.0,597.75,2.7,2.9,2.7,2.9,44.797423,128625,1433250
2026-08-24 11:05:00,ATM-1,PE,590.0,598.8,2.75,2.9,2.5,2.55,44.408408,122500,1489600
2026-08-24 11:10:00,ATM-1,PE,590.0,598.25,2.5,2.65,2.5,2.6,43.581661,20825,1498175
2026-08-24 11:15:00,ATM-1,PE,590.0,599.0,2.6,2.6,2.5,2.5,44.569595,34300,1525125
2026-08-24 11:20:00,ATM-1,PE,590.0,601.95,2.3,2.5,1.8,1.8,44.601386,199675,1563100
2026-08-24 11:25:00,ATM-1,PE,590.0,602.8,1.95,2.0,1.75,1.75,45.932871,175175,1585150
2026-08-24 11:30:00,ATM-1,PE,590.0,602.7,1.75,1.8,1.65,1.65,44.73125,132300,1560650
2026-08-24 11:35:00,ATM-1,PE,590.0,601.35,1.65,1.85,1.65,1.85,44.018364,142100,1568000
2026-08-24 11:40:00,ATM-1,PE,590.0,601.5,1.85,1.85,1.7,1.7,42.87123,52675,1559425
2026-08-24 11:45:00,ATM-1,PE,590.0,601.8,1.9,1.9,1.7,1.7,43.57117,53900,1543500
2026-08-24 11:50:00,ATM-1,PE,590.0,600.5,1.7,1.9,1.7,1.9,42.846882,40425,1541050
2026-08-24 11:55:00,ATM-1,PE,590.0,601.3,1.9,1.9,1.8,1.8,43.660636,29400,1538600
2026-08-24 12:00:00,ATM-1,PE,590.0,602.6,1.7,1.8,1.5,1.55,43.833196,57575,1541050
2026-08-24 12:05:00,ATM-1,PE,590.0,602.5,1.55,1.55,1.45,1.45,42.585678,79625,1509200
2026-08-24 12:10:00,ATM-1,PE,590.0,602.8,1.55,1.55,1.45,1.45,43.262082,61250,1503075
2026-08-24 12:15:00,ATM-1,PE,590.0,601.7,1.4,1.65,1.4,1.6,42.686595,128625,1505525
2026-08-24 12:20:00,ATM-1,PE,590.0,602.0,1.55,1.65,1.5,1.6,43.385096,42875,1500625
2026-08-24 12:25:00,ATM-1,PE,600.0,605.25,1.3,3.4,1.25,3.15,40.651329,170275,1196825
2026-08-24 12:30:00,ATM-1,PE,600.0,606.75,3.1,3.25,3.05,3.2,45.176383,178850,1206625
2026-08-24 12:35:00,ATM-1,PE,600.0,609.5,3.05,3.2,2.55,2.6,46.985898,458150,1287475
2026-08-24 12:40:00,ATM-1,PE,600.0,610.45,2.55,2.65,2.3,2.35,46.990233,689675,1526350
2026-08-24 12:45:00,ATM-1,PE,600.0,609.6,2.4,2.5,2.2,2.2,43.685254,213150,1418550
2026-08-24 12:50:00,ATM-1,PE,600.0,612.0,2.3,2.35,1.75,1.85,45.68568,441000,1473675
2026-08-24 12:55:00,ATM-1,PE,600.0,612.25,1.8,2.1,1.65,1.9,46.80901,363825,1522675
2026-08-24 13:00:00,ATM-1,PE,600.0,610.7,1.9,2.05,1.8,2.0,44.477708,124950,1493275
2026-08-24 13:05:00,ATM-1,PE,600.0,608.65,2.05,2.6,2.0,2.4,43.542616,651700,1288700
2026-08-24 13:10:00,ATM-1,PE,600.0,607.75,2.2,2.4,2.05,2.3,40.503311,120050,1289925
2026-08-24 13:15:00,ATM-1,PE,600.0,607.75,2.4,2.6,2.3,2.35,41.015804,200900,1362200
2026-08-24 13:20:00,ATM-1,PE,600.0,607.7,2.4,2.6,2.35,2.5,42.29586,142100,1320550
2026-08-24 13:25:00,ATM-1,PE,600.0,606.7,2.45,2.8,2.45,2.8,42.406801,143325,1316875
2026-08-24 13:30:00,ATM-1,PE,600.0,607.4,2.9,2.9,2.6,2.65,42.992273,221725,1243375
2026-08-24 13:35:00,ATM-1,PE,600.0,608.55,2.5,2.65,2.25,2.3,42.7864,240100,1210300
2026-08-24 13:40:00,ATM-1,PE,600.0,607.95,2.3,2.45,2.2,2.35,41.835027,64925,1199275
2026-08-24 13:45:00,ATM-1,PE,600.0,609.6,2.25,2.35,1.95,2.05,43.063018,183750,1245825
2026-08-24 13:50:00,ATM-1,PE,600.0,609.3,2.0,2.15,1.9,2.05,42.426917,167825,1259300
2026-08-24 13:55:00,ATM-1,PE,600.0,608.2,2.15,2.35,2.05,2.2,41.270368,61250,1240925
2026-08-24 14:00:00,ATM-1,PE,600.0,608.65,2.2,2.2,2.0,2.05,41.014829,44100,1211525
2026-08-24 14:05:00,ATM-1,PE,600.0,608.1,2.0,2.15,2.0,2.0,39.277651,47775,1216425
2026-08-24 14:10:00,ATM-1,PE,600.0,608.7,1.9,2.1,1.85,2.1,41.744291,86975,1249500
2026-08-24 14:15:00,ATM-1,PE,600.0,608.0,1.9,2.1,1.85,2.05,39.633697,63700,1243375
2026-08-24 14:20:00,ATM-1,PE,600.0,607.6,2.05,2.1,1.95,2.0,38.242145,85750,1231125
2026-08-24 14:25:00,ATM-1,PE,600.0,608.0,1.85,2.0,1.8,1.85,37.847659,66150,1190700
2026-08-24 14:30:00,ATM-1,PE,600.0,608.45,1.9,1.9,1.8,1.85,38.989432,64925,1204175
2026-08-24 14:35:00,ATM-1,PE,600.0,609.8,1.75,1.85,1.25,1.35,36.971355,307475,1289925
2026-08-24 14:40:00,ATM-1,PE,600.0,609.9,1.2,1.35,1.1,1.2,35.567161,183750,1319325
2026-08-24 14:45:00,ATM-1,PE,600.0,609.85,1.15,1.3,1.15,1.2,35.518223,126175,1287475
2026-08-24 14:50:00,ATM-1,PE,600.0,610.1,1.15,1.2,1.05,1.2,36.113098,98000,1277675
2026-08-24 14:55:00,ATM-1,PE,600.0,611.25,1.15,1.2,1.0,1.0,36.158547,79625,1282575
2026-08-24 15:00:00,ATM-1,PE,600.0,612.45,1.0,1.15,0.95,0.95,37.972429,351575,1376900
2026-08-24 15:05:00,ATM-1,PE,600.0,613.0,0.95,1.05,0.8,0.9,38.433996,407925,1397725
2026-08-24 15:10:00,ATM-1,PE,600.0,608.0,0.95,3.6,0.5,2.65,45.984108,1365875,1291150
2026-08-24 15:15:00,ATM-1,PE,600.0,608.0,2.8,5.0,2.35,3.75,55.905376,1443050,1234800
2026-08-24 15:20:00,ATM-1,PE,600.0,608.0,3.6,7.55,3.2,5.7,72.68453,795025,1062075
2026-08-24 15:25:00,ATM-1,PE,590.0,604.0,5.5,5.7,1.25,1.25,46.0899,154350,1115975
2026-08-24 15:30:00,ATM-1,PE,590.0,604.0,1.35,2.0,1.25,1.8,52.866291,308700,1128225
2026-08-24 15:35:00,ATM-1,PE,590.0,604.0,2.0,2.45,1.8,2.05,55.796599,341775,1195600
2026-08-25 09:15:00,ATM-1,PE,580.0,594.4,0.8,2.3,0.3,0.5,70.153974,611275,1275225
2026-08-25 09:20:00,ATM-1,PE,580.0,592.45,0.6,1.0,0.5,1.0,78.698444,220500,1218875
2026-08-25 09:25:00,ATM-1,PE,580.0,590.05,1.0,2.45,1.0,2.2,95.753839,1119650,1441825
2026-08-25 09:30:00,ATM-1,PE,580.0,594.0,2.2,2.2,0.7,0.7,77.077244,768075,1543500
2026-08-25 09:35:00,ATM-1,PE,580.0,594.5,2.55,2.55,0.6,0.8,82.739384,318500,1447950
2026-08-25 09:40:00,ATM-1,PE,580.0,593.3,0.8,0.9,0.8,0.85,80.081216,182525,1482250
2026-08-25 09:45:00,ATM-1,PE,580.0,592.75,0.8,0.95,0.75,0.85,78.405757,121275,1429575
2026-08-25 09:50:00,ATM-1,PE,580.0,592.45,0.85,0.85,0.65,0.65,71.513746,88200,1403850
2026-08-25 09:55:00,ATM-1,PE,580.0,591.55,0.65,0.65,0.35,0.6,66.790203,227850,1315650
2026-08-25 10:00:00,ATM-1,PE,580.0,591.0,0.6,0.9,0.6,0.75,69.763097,86975,1308300
2026-08-25 10:05:00,ATM-1,PE,580.0,591.0,0.75,0.75,0.6,0.65,67.176161,44100,1293600
2026-08-25 10:10:00,ATM-1,PE,580.0,590.4,0.75,0.8,0.65,0.7,66.724657,33075,1291150
2026-08-25 10:15:00,ATM-1,PE,580.0,589.3,0.7,0.8,0.65,0.8,65.349964,39200,1302175
2026-08-25 10:20:00,ATM-1,PE,580.0,588.9,0.8,0.9,0.75,0.8,64.036409,137200,1337700
2026-08-25 10:25:00,ATM-1,PE,580.0,590.0,0.75,0.8,0.4,0.4,56.270498,167825,1351175
2026-08-25 10:30:00,ATM-1,PE,580.0,590.85,0.4,0.55,0.4,0.45,62.113723,107800,1359750
2026-08-25 10:35:00,ATM-1,PE,580.0,590.8,0.45,0.45,0.2,0.3,56.097379,241325,1270325
2026-08-25 10:40:00,ATM-1,PE,580.0,590.05,0.35,0.4,0.3,0.35,55.831525,126175,1256850
2026-08-25 10:45:00,ATM-1,PE,580.0,590.0,0.4,0.5,0.35,0.5,61.9882,19600,1259300
2026-08-25 10:50:00,ATM-1,PE,580.0,589.25,0.45,0.65,0.45,0.55,60.996488,126175,1248275
2026-08-25 10:55:00,ATM-1,PE,580.0,589.2,0.6,0.65,0.55,0.6,63.01212,115150,1247050
2026-08-25 11:00:00,ATM-1,PE,580.0,588.75,0.6,0.7,0.5,0.7,64.708484,77175,1237250
2026-08-25 11:05:00,ATM-1,PE,580.0,589.85,0.7,0.75,0.6,0.6,67.184939,113925,1255625
2026-08-25 11:10:00,ATM-1,PE,580.0,588.6,0.45,0.6,0.45,0.45,56.599641,83300,1260525
2026-08-25 11:15:00,ATM-1,PE,580.0,587.9,0.65,0.95,0.45,0.85,66.821691,205800,1236025
2026-08-25 11:20:00,ATM-1,PE,580.0,587.45,0.7,1.0,0.7,0.85,65.080216,175175,1226225
2026-08-25 11:25:00,ATM-1,PE,580.0,587.95,0.9,0.9,0.75,0.75,65.353347,58800,1191925
2026-08-25 11:30:00,ATM-1,PE,580.0,587.45,0.85,0.95,0.75,0.95,69.304991,52675,1183350
2026-08-25 11:35:00,ATM-1,PE,580.0,588.2,1.0,1.2,0.95,1.1,78.568372,113925,1196825
2026-08-25 11:40:00,ATM-1,PE,580.0,588.0,1.0,1.1,0.85,0.95,73.860442,74725,1193150
2026-08-25 11:45:00,ATM-1,PE,580.0,587.75,0.95,1.0,0.9,0.9,71.726605,39200,1182125
2026-08-25 11:50:00,ATM-1,PE,580.0,588.3,0.9,0.9,0.55,0.55,63.773483,62475,1174775
2026-08-25 11:55:00,ATM-1,PE,580.0,589.1,0.5,0.6,0.5,0.5,66.640473,67375,1158850
2026-08-25 12:00:00,ATM-1,PE,580.0,590.3,0.45,0.6,0.35,0.35,66.532057,45325,1140475
2026-08-25 12:05:00,ATM-1,PE,590.0,595.65,0.35,2.35,0.15,1.4,74.804692,259700,853825
2026-08-25 12:10:00,ATM-1,PE,590.0,595.85,1.05,1.4,0.15,1.15,70.312653,178850,861175
2026-08-25 12:15:00,ATM-1,PE,590.0,596.4,1.35,1.35,0.8,0.95,68.931692,229075,989800
2026-08-25 12:20:00,ATM-1,PE,590.0,597.3,0.85,1.3,0.75,0.85,72.227128,139650,968975
2026-08-25 12:25:00,ATM-1,PE,590.0,595.85,0.95,1.1,0.8,1.1,71.582436,47775,965300
2026-08-25 12:30:00,ATM-1,PE,590.0,595.65,1.1,1.1,0.85,0.9,65.211925,72275,956725
2026-08-25 12:35:00,ATM-1,PE,580.0,594.9,0.85,0.9,0.15,0.15,79.690181,72275,1055950
2026-08-25 12:40:00,ATM-1,PE,590.0,597.55,0.8,0.95,0.65,0.9,79.531462,51450,891800
2026-08-25 12:45:00,ATM-1,PE,590.0,597.65,1.0,1.25,0.75,0.8,77.808952,112700,828100
2026-08-25 12:50:00,ATM-1,PE,590.0,595.6,0.8,0.85,0.65,0.65,60.25838,3675,828100
2026-08-25 12:55:00,ATM-1,PE,580.0,593.25,0.1,0.15,0.1,0.1,71.364697,3675,1000825
2026-08-25 13:00:00,ATM-1,PE,580.0,592.35,0.15,0.15,0.05,0.05,60.965051,135975,891800
2026-08-25 13:05:00,ATM-1,PE,580.0,592.1,0.05,0.05,0.05,0.05,60.924111,13475,880775
2026-08-25 13:10:00,ATM-1,PE,580.0,591.9,0.05,0.05,0.05,0.05,61.10986,12250,875875
2026-08-25 13:15:00,ATM-1,PE,580.0,594.5,0.05,0.05,0.05,0.05,73.334466,3675,863625
2026-08-25 13:20:00,ATM-1,PE,580.0,593.7,0.05,0.05,0.05,0.05,71.218177,0,863625
2026-08-25 13:25:00,ATM-1,PE,580.0,594.05,0.05,0.05,0.05,0.05,74.118225,7350,858725
2026-08-25 13:30:00,ATM-1,PE,590.0,595.25,0.05,0.45,0.05,0.4,55.827586,11025,706825
2026-08-25 13:35:00,ATM-1,PE,580.0,594.45,0.4,0.4,0.05,0.05,78.971412,1225,855050
2026-08-25 13:40:00,ATM-1,PE,580.0,594.25,0.05,0.05,0.05,0.05,79.732897,0,855050
2026-08-25 13:45:00,ATM-1,PE,590.0,595.25,0.05,0.35,0.05,0.35,56.95106,0,704375
2026-08-25 13:50:00,ATM-1,PE,590.0,595.5,0.05,0.35,0.05,0.25,54.349984,6125,703150
2026-08-25 13:55:00,ATM-1,PE,590.0,595.45,0.25,0.25,0.05,0.25,55.33008,4900,703150
2026-08-25 14:00:00,ATM-1,PE,580.0,595.0,0.25,0.25,0.05,0.05,91.560698,3675,852600
2026-08-25 14:05:00,ATM-1,PE,590.0,595.25,0.05,0.2,0.05,0.15,49.483372,0,710500
2026-08-25 14:10:00,ATM-1,PE,580.0,595.0,0.15,0.15,0.05,0.05,0.0,0,852600
2026-08-25 14:15:00,ATM-1,PE,590.0,595.25,0.15,0.15,0.1,0.1,47.661609,2450,710500
2026-08-25 14:20:00,ATM-1,PE,580.0,595.0,0.05,0.05,0.05,0.05,103.035018,0,847700
2026-08-25 14:25:00,ATM-1,PE,590.0,595.3,0.05,0.25,0.05,0.1,51.317034,15925,708050
2026-08-25 14:30:00,ATM-1,PE,580.0,592.6,0.05,0.05,0.05,0.05,95.665387,4900,846475
2026-08-25 14:35:00,ATM-1,PE,580.0,592.15,0.05,0.05,0.05,0.05,96.594033,4900,841575
2026-08-25 14:40:00,ATM-1,PE,580.0,592.4,0.05,0.05,0.05,0.05,102.612815,1225,837900
2026-08-25 14:45:00,ATM-1,PE,580.0,592.65,0.05,0.05,0.05,0.05,0.0,0,837900
2026-08-25 14:50:00,ATM-1,PE,580.0,592.5,0.05,0.05,0.05,0.05,0.0,0,837900
2026-08-25 14:55:00,ATM-1,PE,580.0,592.35,0.05,0.05,0.05,0.05,0.0,2450,835450
2026-08-25 15:00:00,ATM-1,PE,580.0,592.0,0.05,0.05,0.05,0.05,0.0,2450,834225
2026-08-25 15:05:00,ATM-1,PE,580.0,592.35,0.05,0.05,0.05,0.05,0.0,0,834225
2026-08-25 15:10:00,ATM-1,PE,580.0,591.7,0.05,0.05,0.05,0.05,0.0,0,834225
2026-08-25 15:15:00,ATM-1,PE,580.0,591.7,0.05,0.05,0.05,0.05,0.0,0,834225
2026-08-25 15:20:00,ATM-1,PE,580.0,591.7,0.05,0.05,0.05,0.05,0.0,0,834225
2026-08-25 15:25:00,ATM-1,PE,580.0,592.6,0.05,0.05,0.05,0.05,0.0,0,834225
2026-08-25 15:30:00,ATM-1,PE,580.0,592.6,0.05,0.05,0.05,0.05,0.0,1225,831775
2026-08-25 15:35:00,ATM-1,PE,580.0,592.6,0.05,0.05,0.05,0.05,0.0,0,831775
2026-08-20 09:15:00,ATM,CE,570.0,571.95,7.85,10.35,7.8,9.9,30.885067,1672125,1677025
2026-08-20 09:20:00,ATM,CE,570.0,570.3,9.95,9.95,8.85,8.95,30.704026,556150,1645175
2026-08-20 09:25:00,ATM,CE,570.0,568.55,9.2,9.4,7.9,7.9,30.149446,824425,1765225
2026-08-20 09:30:00,ATM,CE,570.0,569.0,7.95,8.3,7.8,8.1,30.069609,581875,1866900
2026-08-20 09:35:00,ATM,CE,570.0,569.3,8.05,8.4,7.9,8.15,29.706026,192325,1940400
2026-08-20 09:40:00,ATM,CE,570.0,568.2,8.0,8.15,7.1,7.2,28.238637,361375,1926925
2026-08-20 09:45:00,ATM,CE,570.0,567.5,7.35,7.45,6.9,7.25,29.672588,211925,1885275
2026-08-20 09:50:00,ATM,CE,570.0,568.1,7.2,7.4,6.9,7.35,28.990914,249900,2004100
2026-08-20 09:55:00,ATM,CE,570.0,567.7,7.35,7.5,7.15,7.15,28.973434,156800,2037175
2026-08-20 10:00:00,ATM,CE,570.0,567.15,7.05,7.25,7.0,7.0,29.388727,73500,2040850
2026-08-20 10:05:00,ATM,CE,570.0,568.05,7.05,7.65,7.0,7.5,29.665412,120050,2033500
2026-08-20 10:10:00,ATM,CE,570.0,567.55,7.5,7.5,7.25,7.4,30.193469,124950,2114350
2026-08-20 10:15:00,ATM,CE,570.0,567.9,7.25,7.6,7.25,7.5,29.95473,85750,2122925
2026-08-20 10:20:00,ATM,CE,570.0,569.4,7.45,8.1,7.35,7.8,28.326688,165375,2055550
2026-08-20 10:25:00,ATM,CE,570.0,569.0,7.8,7.85,7.35,7.75,28.90032,60025,2062900
2026-08-20 10:30:00,ATM,CE,570.0,571.7,7.8,9.05,7.75,8.75,27.308016,285425,1955100
2026-08-20 10:35:00,ATM,CE,570.0,571.95,8.85,9.55,8.75,9.05,27.910533,229075,1824025
2026-08-20 10:40:00,ATM,CE,570.0,570.7,9.0,9.1,8.4,8.45,28.250461,118825,1781150
2026-08-20 10:45:00,ATM,CE,570.0,570.25,8.35,8.45,8.05,8.15,28.039523,50225,1777475
2026-08-20 10:50:00,ATM,CE,570.0,569.45,8.05,8.2,7.8,7.85,28.479477,72275,1779925
2026-08-20 10:55:00,ATM,CE,570.0,569.55,7.75,8.0,7.75,7.75,27.931389,69825,1784825
2026-08-20 11:00:00,ATM,CE,570.0,570.05,7.6,7.85,7.5,7.85,27.351624,61250,1789725
2026-08-20 11:05:00,ATM,CE,570.0,571.25,8.2,8.65,7.85,8.65,27.935696,102900,1777475
2026-08-20 11:10:00,ATM,CE,570.0,570.85,8.45,8.65,8.1,8.2,27.087469,13475,1773800
2026-08-20 11:15:00,ATM,CE,570.0,570.0,8.3,8.45,8.0,8.0,28.033802,72275,1759100
2026-08-20 11:20:00,ATM,CE,570.0,568.2,8.1,8.1,7.35,7.35,29.002323,67375,1767675
2026-08-20 11:25:00,ATM,CE,570.0,567.75,7.15,7.35,7.1,7.15,29.076046,122500,1814225
2026-08-20 11:30:00,ATM,CE,570.0,568.35,7.25,7.5,7.15,7.5,29.308247,53900,1850975
2026-08-20 11:35:00,ATM,CE,570.0,567.85,7.5,7.5,7.3,7.35,29.662604,56350,1858325
2026-08-20 11:40:00,ATM,CE,570.0,568.65,7.5,7.65,7.35,7.6,29.152327,73500,1850975
2026-08-20 11:45:00,ATM,CE,570.0,569.85,7.8,8.25,7.6,8.15,28.942193,127400,1842400
2026-08-20 11:50:00,ATM,CE,570.0,568.6,8.05,8.15,7.55,7.7,29.636703,143325,1922025
2026-08-20 11:55:00,ATM,CE,570.0,569.7,7.7,8.25,7.7,8.15,29.252077,47775,1892625
2026-08-20 12:00:00,ATM,CE,570.0,569.15,8.1,8.2,8.0,8.05,29.93546,19600,1884050
2026-08-20 12:05:00,ATM,CE,570.0,569.0,7.75,8.05,7.75,7.85,29.485362,58800,1891400
2026-08-20 12:10:00,ATM,CE,570.0,571.2,7.95,9.0,7.85,9.0,29.477684,124950,1835050
2026-08-20 12:15:00,ATM,CE,570.0,573.9,9.0,10.55,8.95,10.4,28.924874,313600,1772575
2026-08-20 12:20:00,ATM,CE,570.0,572.3,10.3,10.65,9.2,9.2,27.948774,165375,1692950
2026-08-20 12:25:00,ATM,CE,570.0,573.2,9.1,9.9,9.1,9.6,27.494436,85750,1685600
2026-08-20 12:30:00,ATM,CE,570.0,572.35,9.7,9.7,9.25,9.25,28.050342,19600,1690500
2026-08-20 12:35:00,ATM,CE,570.0,571.95,9.25,9.25,8.9,9.0,27.976006,31850,1677025
2026-08-20 12:40:00,ATM,CE,570.0,571.7,8.75,9.0,8.65,8.95,28.325014,51450,1678250
2026-08-20 12:45:00,ATM,CE,570.0,573.15,8.9,9.7,8.9,9.3,26.51031,128625,1661100
2026-08-20 12:50:00,ATM,CE,570.0,572.35,9.3,9.4,8.95,8.95,26.96376,12250,1654975
2026-08-20 12:55:00,ATM,CE,570.0,571.35,8.85,8.95,8.15,8.15,26.091316,56350,1640275
2026-08-20 13:00:00,ATM,CE,570.0,570.8,8.1,8.15,7.9,8.05,26.854033,31850,1629250
2026-08-20 13:05:00,ATM,CE,570.0,570.65,7.75,8.05,7.65,7.75,26.046818,28175,1631700
2026-08-20 13:10:00,ATM,CE,570.0,570.5,7.75,7.9,7.7,7.75,26.357454,12250,1635375
2026-08-20 13:15:00,ATM,CE,570.0,570.25,7.75,7.75,7.45,7.65,26.491024,44100,1617000
2026-08-20 13:20:00,ATM,CE,570.0,570.1,7.65,7.65,7.2,7.4,25.863951,49000,1612100
2026-08-20 13:25:00,ATM,CE,570.0,569.95,7.45,7.45,7.25,7.45,26.354016,40425,1625575
2026-08-20 13:30:00,ATM,CE,570.0,570.0,7.45,7.55,7.3,7.5,26.452957,28175,1623125
2026-08-20 13:35:00,ATM,CE,570.0,569.65,7.5,7.5,7.3,7.4,26.769142,30625,1630475
2026-08-20 13:40:00,ATM,CE,570.0,569.85,7.4,7.45,7.25,7.35,26.205577,39200,1641500
2026-08-20 13:45:00,ATM,CE,570.0,569.75,7.45,7.45,7.3,7.45,26.783052,29400,1635375
2026-08-20 13:50:00,ATM,CE,570.0,569.95,7.45,7.5,7.35,7.5,26.591072,14700,1642725
2026-08-20 13:55:00,ATM,CE,570.0,569.75,7.5,7.5,7.3,7.4,26.616587,20825,1640275
2026-08-20 14:00:00,ATM,CE,570.0,570.05,7.45,7.6,7.4,7.6,26.789408,7350,1642725
2026-08-20 14:05:00,ATM,CE,570.0,570.95,7.6,8.0,7.6,8.0,26.494342,62475,1641500
2026-08-20 14:10:00,ATM,CE,570.0,570.25,7.9,8.0,7.45,7.45,25.853556,24500,1631700
2026-08-20 14:15:00,ATM,CE,570.0,570.25,7.65,7.65,7.3,7.5,26.050752,39200,1635375
2026-08-20 14:20:00,ATM,CE,570.0,569.6,7.45,7.5,7.05,7.05,25.647361,46550,1631700
2026-08-20 14:25:00,ATM,CE,570.0,569.8,7.2,7.3,7.05,7.2,25.83146,57575,1651300
2026-08-20 14:30:00,ATM,CE,570.0,570.0,7.3,7.5,7.2,7.5,26.574419,62475,1631700
2026-08-20 14:35:00,ATM,CE,570.0,570.15,7.4,7.5,7.25,7.4,25.914067,60025,1632925
2026-08-20 14:40:00,ATM,CE,570.0,570.4,7.35,7.45,7.25,7.45,25.613952,22050,1613325
2026-08-20 14:45:00,ATM,CE,570.0,570.25,7.55,7.55,7.3,7.3,25.360246,73500,1594950
2026-08-20 14:50:00,ATM,CE,570.0,571.25,7.3,7.8,7.3,7.7,24.834682,49000,1569225
2026-08-20 14:55:00,ATM,CE,570.0,571.1,7.65,7.7,7.5,7.55,24.591362,77175,1581475
2026-08-20 15:00:00,ATM,CE,570.0,571.2,7.55,7.6,7.25,7.5,24.203647,93100,1569225
2026-08-20 15:05:00,ATM,CE,570.0,571.2,7.5,7.5,7.25,7.5,24.213122,100450,1545950
2026-08-20 15:10:00,ATM,CE,570.0,573.0,8.0,8.7,7.5,8.4,23.695165,165375,1522675
2026-08-20 15:15:00,ATM,CE,570.0,573.0,8.4,8.4,7.45,7.45,20.025029,44100,1522675
2026-08-20 15:20:00,ATM,CE,570.0,573.0,7.6,7.6,7.35,7.5,20.228097,14700,1516550
2026-08-20 15:25:00,ATM,CE,570.0,573.9,7.5,7.7,7.45,7.6,18.379098,30625,1512875
2026-08-20 15:30:00,ATM,CE,570.0,573.9,7.6,8.1,7.45,8.0,19.988413,50225,1493275
2026-08-20 15:35:00,ATM,CE,570.0,573.9,8.05,8.2,7.75,8.0,19.996716,49000,1483475
2026-08-21 09:15:00,ATM,CE,590.0,589.05,7.85,9.5,5.5,8.3,33.184318,6586825,2949800
2026-08-21 09:20:00,ATM,CE,590.0,587.9,8.1,8.5,7.1,7.7,33.060832,2491650,3532900
2026-08-21 09:25:00,ATM,CE,590.0,591.8,7.65,9.3,7.65,9.25,31.224789,2813825,3089450
2026-08-21 09:30:00,ATM,CE,590.0,592.45,9.3,11.2,9.0,9.75,31.772627,3014725,2521050
2026-08-21 09:35:00,ATM,CE,590.0,593.8,9.8,11.45,9.6,10.65,32.250829,1127000,2301775
2026-08-21 09:40:00,ATM,CE,590.0,593.65,10.65,11.75,10.2,10.5,32.019152,955500,2235625
2026-08-21 09:45:00,ATM,CE,590.0,591.6,10.4,10.55,8.95,9.05,30.927344,749700,2065350
2026-08-21 09:50:00,ATM,CE,590.0,592.95,9.0,10.45,8.85,10.0,31.683551,487550,2100875
2026-08-21 09:55:00,ATM,CE,590.0,592.35,10.0,10.8,10.0,10.1,33.46301,341775,2191525
2026-08-21 10:00:00,ATM,CE,590.0,591.3,10.25,10.35,9.0,9.4,33.009455,412825,2187850
2026-08-21 10:05:00,ATM,CE,590.0,591.4,9.35,10.1,9.3,9.6,33.600734,178850,2180500
2026-08-21 10:10:00,ATM,CE,590.0,592.15,9.65,10.2,9.6,9.9,33.159188,134750,2216025
2026-08-21 10:15:00,ATM,CE,590.0,592.0,10.0,10.1,9.45,9.45,31.716847,187425,2209900
2026-08-21 10:20:00,ATM,CE,590.0,591.35,9.45,9.45,8.2,9.05,31.570916,415275,2174375
2026-08-21 10:25:00,ATM,CE,590.0,592.45,9.25,9.55,8.85,9.55,31.130587,187425,2135175
2026-08-21 10:30:00,ATM,CE,590.0,591.5,9.7,9.7,8.7,8.95,30.874393,127400,2137625
2026-08-21 10:35:00,ATM,CE,590.0,591.4,8.95,9.1,8.7,8.95,31.107012,62475,2125375
2026-08-21 10:40:00,ATM,CE,590.0,591.3,9.0,9.0,8.7,8.8,30.74228,80850,2113125
2026-08-21 10:45:00,ATM,CE,590.0,588.45,8.6,8.8,7.05,7.15,30.065128,516950,2131500
2026-08-21 10:50:00,ATM,CE,590.0,587.45,7.2,7.55,6.6,6.95,31.186801,986125,2323825
2026-08-21 10:55:00,ATM,CE,590.0,587.6,7.0,7.0,6.5,6.75,30.121298,425075,2462250
2026-08-21 11:00:00,ATM,CE,590.0,587.15,6.75,6.85,6.15,6.2,28.771281,367500,2510025
2026-08-21 11:05:00,ATM,CE,590.0,589.55,6.25,7.2,6.2,7.15,27.936659,525525,2551675
2026-08-21 11:10:00,ATM,CE,590.0,589.0,7.05,7.2,6.75,7.0,28.456843,301350,2562700
2026-08-21 11:15:00,ATM,CE,590.0,588.3,7.0,7.1,6.7,6.7,28.644102,213150,2590875
2026-08-21 11:20:00,ATM,CE,590.0,588.4,6.7,6.85,6.7,6.7,28.463964,124950,2608025
2026-08-21 11:25:00,ATM,CE,590.0,589.3,6.7,7.1,6.7,7.0,27.896269,167825,2644775
2026-08-21 11:30:00,ATM,CE,590.0,589.35,7.05,7.35,7.0,7.25,28.803229,247450,2713375
2026-08-21 11:35:00,ATM,CE,590.0,589.45,7.15,7.25,7.05,7.15,28.216085,111475,2706025
2026-08-21 11:40:00,ATM,CE,590.0,588.15,7.1,7.15,6.55,6.75,29.197535,258475,2732975
2026-08-21 11:45:00,ATM,CE,590.0,587.65,6.85,6.85,6.6,6.7,29.962427,150675,2741550
2026-08-21 11:50:00,ATM,CE,590.0,587.4,6.65,6.75,6.65,6.7,30.445758,139650,2773400
2026-08-21 11:55:00,ATM,CE,590.0,587.0,6.65,6.7,6.55,6.6,30.801025,82075,2796675
2026-08-21 12:00:00,ATM,CE,590.0,587.15,6.65,6.75,6.6,6.7,30.939565,116375,2769725
2026-08-21 12:05:00,ATM,CE,590.0,587.0,6.65,6.85,6.65,6.85,31.835731,79625,2793000
2026-08-21 12:10:00,ATM,CE,590.0,586.95,6.8,6.85,6.5,6.7,31.338184,107800,2850575
2026-08-21 12:15:00,ATM,CE,590.0,587.0,6.7,6.8,6.65,6.7,31.259848,67375,2844450
2026-08-21 12:20:00,ATM,CE,590.0,587.45,6.75,7.05,6.7,7.05,31.842167,160475,2851800
2026-08-21 12:25:00,ATM,CE,590.0,589.25,6.9,7.4,6.9,7.4,29.750087,222950,2745225
2026-08-21 12:30:00,ATM,CE,590.0,589.4,7.3,7.6,7.3,7.45,29.660027,287875,2729300
2026-08-21 12:35:00,ATM,CE,590.0,589.5,7.55,7.7,7.1,7.7,30.470308,240100,2670500
2026-08-21 12:40:00,ATM,CE,590.0,590.0,7.65,7.9,7.45,7.8,29.85344,331975,2581075
2026-08-21 12:45:00,ATM,CE,590.0,590.0,7.75,7.9,7.55,7.9,30.267672,229075,2576175
2026-08-21 12:50:00,ATM,CE,590.0,590.05,7.85,8.0,7.65,7.75,29.576165,356475,2494100
2026-08-21 12:55:00,ATM,CE,590.0,590.8,7.85,8.2,7.75,8.05,29.199177,219275,2397325
2026-08-21 13:00:00,ATM,CE,590.0,591.65,8.35,8.7,8.05,8.7,29.958202,367500,2328725
2026-08-21 13:05:00,ATM,CE,590.0,592.75,8.95,10.15,8.7,9.65,31.298797,633325,2203775
2026-08-21 13:10:00,ATM,CE,590.0,594.3,9.65,10.55,9.65,10.45,30.834919,263375,2118025
2026-08-21 13:15:00,ATM,CE,600.0,595.2,10.5,10.85,6.05,6.5,33.286363,2465925,5358150
2026-08-21 13:20:00,ATM,CE,590.0,593.55,11.3,11.3,9.95,10.1,31.273717,394450,1888950
2026-08-21 13:25:00,ATM,CE,590.0,594.1,10.05,10.55,9.9,10.4,31.17153,100450,1871800
2026-08-21 13:30:00,ATM,CE,590.0,593.3,10.4,10.4,9.4,9.9,31.087243,171500,1854650
2026-08-21 13:35:00,ATM,CE,590.0,592.45,9.9,9.9,9.05,9.05,29.645436,88200,1864450
2026-08-21 13:40:00,ATM,CE,590.0,592.4,9.5,9.65,8.9,9.15,30.182423,104125,1833825
2026-08-21 13:45:00,ATM,CE,590.0,593.75,9.2,10.2,9.15,9.95,30.240742,120050,1810550
2026-08-21 13:50:00,ATM,CE,590.0,594.35,10.0,10.5,9.95,10.3,30.202317,71050,1795850
2026-08-21 13:55:00,ATM,CE,590.0,595.0,10.3,11.2,10.3,11.0,31.467282,172725,1784825
2026-08-21 14:00:00,ATM,CE,600.0,595.75,6.35,7.0,6.25,6.7,33.265883,1187025,5256475
2026-08-21 14:05:00,ATM,CE,590.0,594.75,6.6,11.5,6.6,10.95,31.931372,254800,1726025
2026-08-21 14:10:00,ATM,CE,600.0,597.2,10.9,10.95,6.1,7.2,32.67083,781550,5280975
2026-08-21 14:15:00,ATM,CE,600.0,597.5,7.2,7.7,6.95,7.2,32.124966,1933050,4914700
2026-08-21 14:20:00,ATM,CE,600.0,596.85,7.2,7.25,6.65,7.2,33.349088,998375,5055575
2026-08-21 14:25:00,ATM,CE,600.0,596.8,7.2,7.2,6.45,6.9,32.25346,496125,4998000
2026-08-21 14:30:00,ATM,CE,600.0,595.95,6.9,6.9,6.4,6.4,31.789228,456925,4973500
2026-08-21 14:35:00,ATM,CE,600.0,596.15,6.5,6.85,6.4,6.7,32.658248,372400,4972275
2026-08-21 14:40:00,ATM,CE,600.0,596.0,6.65,7.1,6.65,6.85,33.548057,448350,5061700
2026-08-21 14:45:00,ATM,CE,600.0,596.25,6.7,6.85,6.65,6.7,32.508349,259700,5137650
2026-08-21 14:50:00,ATM,CE,600.0,596.0,6.7,6.75,6.65,6.65,32.770336,307475,5103350
2026-08-21 14:55:00,ATM,CE,600.0,595.8,6.65,6.7,6.05,6.05,30.708503,557375,5157250
2026-08-21 15:00:00,ATM,CE,600.0,595.7,10.75,10.9,5.65,6.0,30.695262,475300,5140100
2026-08-21 15:05:00,ATM,CE,600.0,596.55,6.0,6.7,5.9,6.65,31.822864,637000,4963700
2026-08-21 15:10:00,ATM,CE,600.0,595.65,6.6,6.65,6.25,6.3,32.032535,392000,4944100
2026-08-21 15:15:00,ATM,CE,600.0,595.65,6.25,6.45,6.2,6.25,31.84388,316050,4960025
2026-08-21 15:20:00,ATM,CE,600.0,595.65,6.35,6.35,6.2,6.25,31.858637,281750,4863250
2026-08-21 15:25:00,ATM,CE,590.0,594.9,6.2,10.9,6.0,10.9,31.576978,222950,1384250
2026-08-21 15:30:00,ATM,CE,590.0,594.9,10.9,11.0,10.5,10.6,30.327597,49000,1367100
2026-08-21 15:35:00,ATM,CE,590.0,594.9,10.55,11.1,10.55,10.8,31.186026,56350,1343825
2026-08-24 09:15:00,ATM,CE,590.0,594.35,5.45,9.8,3.65,7.9,38.242697,1029000,1332800
2026-08-24 09:20:00,ATM,CE,590.0,594.95,8.4,8.85,3.45,8.35,38.780378,387100,1319325
2026-08-24 09:25:00,ATM,CE,590.0,593.5,8.25,8.35,7.3,7.45,38.968936,98000,1311975
2026-08-24 09:30:00,ATM,CE,590.0,595.0,7.3,7.75,7.15,7.75,33.918934,73500,1297275
2026-08-24 09:35:00,ATM,CE,590.0,594.9,7.65,8.3,7.45,8.3,38.81493,101675,1293600
2026-08-24 09:40:00,ATM,CE,600.0,596.0,8.55,8.55,3.95,4.65,45.68836,187425,4229925
2026-08-24 09:45:00,ATM,CE,600.0,596.9,5.1,5.1,4.4,4.8,44.073978,308700,4212775
2026-08-24 09:50:00,ATM,CE,600.0,596.5,5.2,5.2,4.6,4.65,44.285469,209475,4174800
2026-08-24 09:55:00,ATM,CE,600.0,598.65,4.65,5.45,4.65,5.4,42.8129,262150,4128250
2026-08-24 10:00:00,ATM,CE,600.0,598.2,5.25,5.4,5.05,5.2,42.95289,178850,3998400
2026-08-24 10:05:00,ATM,CE,600.0,598.85,5.35,5.7,5.2,5.65,44.054033,307475,3981250
2026-08-24 10:10:00,ATM,CE,600.0,596.6,5.6,5.65,4.85,4.85,45.708095,184975,3955525
2026-08-24 10:15:00,ATM,CE,600.0,596.5,4.65,4.85,4.3,4.3,42.010482,275625,4000850
2026-08-24 10:20:00,ATM,CE,600.0,596.05,4.4,4.4,3.85,4.3,43.450909,379750,3975125
2026-08-24 10:25:00,ATM,CE,600.0,595.3,4.3,4.6,3.85,3.85,42.3528,211925,3950625
2026-08-24 10:30:00,ATM,CE,600.0,595.85,3.8,4.1,3.7,4.1,42.679381,229075,3993500
2026-08-24 10:35:00,ATM,CE,590.0,595.0,4.25,8.9,3.75,8.0,36.601407,113925,1238475
2026-08-24 10:40:00,ATM,CE,600.0,596.25,3.55,4.25,3.55,4.25,42.718229,159250,4027800
2026-08-24 10:45:00,ATM,CE,600.0,596.9,4.35,4.55,4.15,4.45,42.248576,252350,3884475
2026-08-24 10:50:00,ATM,CE,600.0,597.55,4.45,4.75,4.45,4.65,41.702886,101675,3901625
2026-08-24 10:55:00,ATM,CE,600.0,598.0,4.75,4.85,4.6,4.65,40.276868,63700,3923675
2026-08-24 11:00:00,ATM,CE,600.0,597.75,4.75,5.0,4.45,4.45,39.686923,155575,3837925
2026-08-24 11:05:00,ATM,CE,600.0,598.8,4.55,5.25,4.45,5.25,42.080046,316050,3731350
2026-08-24 11:10:00,ATM,CE,600.0,598.25,5.2,5.25,4.65,4.65,39.616001,52675,3716650
2026-08-24 11:15:00,ATM,CE,600.0,599.0,4.55,5.05,4.55,4.9,38.922739,77175,3730125
2026-08-24 11:20:00,ATM,CE,600.0,601.95,4.95,6.95,4.9,6.6,40.120379,471625,3537800
2026-08-24 11:25:00,ATM,CE,600.0,602.8,6.55,7.15,6.1,7.05,39.865847,403025,3388350
2026-08-24 11:30:00,ATM,CE,600.0,602.7,7.25,7.35,6.3,7.2,41.500402,394450,3216850
2026-08-24 11:35:00,ATM,CE,600.0,601.35,6.95,7.2,5.75,6.3,40.564807,198450,3166625
2026-08-24 11:40:00,ATM,CE,600.0,601.5,6.2,6.65,6.2,6.65,42.618094,44100,3144575
2026-08-24 11:45:00,ATM,CE,600.0,601.8,6.3,7.0,6.05,7.0,44.054021,220500,3149475
2026-08-24 11:50:00,ATM,CE,600.0,600.5,7.05,7.05,6.0,6.15,43.029838,52675,3166625
2026-08-24 11:55:00,ATM,CE,600.0,601.3,6.0,6.5,6.0,6.5,42.516301,55125,3156825
2026-08-24 12:00:00,ATM,CE,600.0,602.6,6.5,7.3,6.5,7.3,43.089483,90650,3126200
2026-08-24 12:05:00,ATM,CE,600.0,602.5,7.1,7.3,6.85,7.2,42.838749,86975,3107825
2026-08-24 12:10:00,ATM,CE,600.0,602.8,6.9,7.2,6.9,7.0,40.048522,44100,3093125
2026-08-24 12:15:00,ATM,CE,600.0,601.7,7.05,7.05,6.15,6.3,39.612536,113925,3058825
2026-08-24 12:20:00,ATM,CE,600.0,602.0,6.5,6.55,5.75,6.05,36.490782,145775,3026975
2026-08-24 12:25:00,ATM,CE,610.0,605.25,7.2,7.4,2.75,3.5,40.610699,798700,2491650
2026-08-24 12:30:00,ATM,CE,610.0,606.75,3.5,4.05,3.45,3.95,39.589136,956725,2599450
2026-08-24 12:35:00,ATM,CE,610.0,609.5,3.9,5.25,3.8,5.25,40.026343,1048600,2615375
2026-08-24 12:40:00,ATM,CE,610.0,610.45,5.4,6.35,5.0,5.5,38.355826,1478575,2377725
2026-08-24 12:45:00,ATM,CE,610.0,609.6,5.45,5.6,4.75,4.95,37.556742,445900,2328725
2026-08-24 12:50:00,ATM,CE,610.0,612.0,5.0,6.35,4.9,5.9,35.096562,628425,2296875
2026-08-24 12:55:00,ATM,CE,610.0,612.25,5.85,6.8,5.45,5.85,33.669534,755825,2114350
2026-08-24 13:00:00,ATM,CE,610.0,610.7,5.95,6.05,5.0,5.0,33.880103,322175,2082500
2026-08-24 13:05:00,ATM,CE,610.0,608.65,4.85,5.0,4.05,4.4,37.111679,704375,2227050
2026-08-24 13:10:00,ATM,CE,610.0,607.75,4.6,4.65,4.1,4.35,39.884548,208250,2250325
2026-08-24 13:15:00,ATM,CE,610.0,607.75,4.3,4.45,3.85,4.1,38.048149,316050,2303000
2026-08-24 13:20:00,ATM,CE,610.0,607.7,4.2,4.3,3.75,4.25,39.42125,251125,2333625
2026-08-24 13:25:00,ATM,CE,610.0,606.7,4.2,4.3,3.55,3.55,37.351295,275625,2391200
2026-08-24 13:30:00,ATM,CE,610.0,607.4,3.65,3.7,3.4,3.7,36.326973,307475,2337300
2026-08-24 13:35:00,ATM,CE,610.0,608.55,3.75,4.55,3.7,4.4,37.831987,441000,2337300
2026-08-24 13:40:00,ATM,CE,610.0,607.95,4.4,4.5,3.95,4.15,38.067739,258475,2367925
2026-08-24 13:45:00,ATM,CE,610.0,609.6,4.3,4.85,4.15,4.7,36.409478,442225,2360575
2026-08-24 13:50:00,ATM,CE,610.0,609.3,4.8,5.0,4.25,4.7,37.590339,361375,2328725
2026-08-24 13:55:00,ATM,CE,610.0,608.2,4.5,4.7,3.8,4.15,37.397661,254800,2280950
2026-08-24 14:00:00,ATM,CE,610.0,608.65,4.25,4.25,4.0,4.0,34.732865,111475,2309125
2026-08-24 14:05:00,ATM,CE,610.0,608.1,4.1,4.1,3.6,3.7,34.400612,169050,2321375
2026-08-24 14:10:00,ATM,CE,610.0,608.7,3.9,4.05,3.7,3.95,34.288815,162925,2334850
2026-08-24 14:15:00,ATM,CE,610.0,608.0,4.0,4.0,3.55,3.55,33.696166,132300,2323825
2026-08-24 14:20:00,ATM,CE,610.0,607.6,3.7,3.7,3.2,3.4,33.928296,410375,2366700
2026-08-24 14:25:00,ATM,CE,610.0,608.0,3.45,3.5,3.3,3.3,31.863275,145775,2353225
2026-08-24 14:30:00,ATM,CE,610.0,608.45,3.5,3.8,3.25,3.5,31.925789,352800,2354450
2026-08-24 14:35:00,ATM,CE,610.0,609.8,3.75,4.35,3.5,4.05,31.262419,648025,2100875
2026-08-24 14:40:00,ATM,CE,610.0,609.9,4.15,4.4,3.85,3.85,29.386825,287875,1988175
2026-08-24 14:45:00,ATM,CE,610.0,609.85,3.95,4.0,3.7,4.0,30.791336,322175,2051875
2026-08-24 14:50:00,ATM,CE,610.0,610.1,3.9,4.25,3.8,3.8,28.313934,166600,2035950
2026-08-24 14:55:00,ATM,CE,610.0,611.25,3.85,4.3,3.8,4.3,27.418961,161700,1972250
2026-08-24 15:00:00,ATM,CE,610.0,612.45,4.25,4.55,3.85,4.4,22.477448,356475,1869350
2026-08-24 15:05:00,ATM,CE,610.0,613.0,4.6,5.45,4.25,5.3,27.038567,764400,1706425
2026-08-24 15:10:00,ATM,CE,610.0,608.0,5.3,9.75,2.3,3.65,35.134893,984900,1619450
2026-08-24 15:15:00,ATM,CE,610.0,608.0,3.35,3.65,1.8,2.4,25.253134,725200,1679475
2026-08-24 15:20:00,ATM,CE,610.0,608.0,2.4,2.5,1.25,1.7,19.638488,739900,1798300
2026-08-24 15:25:00,ATM,CE,600.0,604.0,1.7,5.1,1.6,5.05,19.168163,339325,1409975
2026-08-24 15:30:00,ATM,CE,600.0,604.0,5.0,5.1,3.5,3.8,0.0,148225,1489600
2026-08-24 15:35:00,ATM,CE,600.0,604.0,3.7,4.05,3.6,3.8,0.0,89425,1501850
2026-08-25 09:15:00,ATM,CE,590.0,594.4,3.05,10.35,2.3,7.5,78.174117,172725,919975
2026-08-25 09:20:00,ATM,CE,590.0,592.45,7.55,7.55,6.55,6.55,82.691294,63700,956725
2026-08-25 09:25:00,ATM,CE,590.0,590.05,6.4,6.55,4.2,5.1,80.931103,151900,980000
2026-08-25 09:30:00,ATM,CE,590.0,594.0,4.7,7.45,4.5,7.45,83.246126,153125,948150
2026-08-25 09:35:00,ATM,CE,590.0,594.5,3.05,8.2,3.05,7.4,77.491107,298900,939575
2026-08-25 09:40:00,ATM,CE,590.0,593.3,7.15,7.4,6.45,6.6,77.343632,17150,939575
2026-08-25 09:45:00,ATM,CE,590.0,592.75,6.6,6.6,6.35,6.55,82.671892,18375,944475
2026-08-25 09:50:00,ATM,CE,590.0,592.45,6.55,6.55,6.55,6.55,86.244026,0,944475
2026-08-25 09:55:00,ATM,CE,590.0,591.55,5.95,6.55,4.95,4.95,68.519908,18375,940800
2026-08-25 10:00:00,ATM,CE,590.0,591.0,5.2,5.45,4.9,5.0,75.028629,36750,945700
2026-08-25 10:05:00,ATM,CE,590.0,591.0,5.25,5.25,5.0,5.2,79.002566,12250,955500
2026-08-25 10:10:00,ATM,CE,590.0,590.4,5.2,5.2,4.5,4.5,73.073687,6125,957950
2026-08-25 10:15:00,ATM,CE,590.0,589.3,4.5,4.55,4.35,4.35,80.539407,20825,961625
2026-08-25 10:20:00,ATM,CE,590.0,588.9,4.25,4.35,3.85,4.0,78.385907,88200,1006950
2026-08-25 10:25:00,ATM,CE,590.0,590.0,3.9,4.2,3.6,3.65,63.550185,181300,1062075
2026-08-25 10:30:00,ATM,CE,590.0,590.85,3.75,3.95,3.65,3.95,61.511226,57575,1059625
2026-08-25 10:35:00,ATM,CE,590.0,590.8,3.95,4.4,3.8,4.35,69.648395,61250,1055950
2026-08-25 10:40:00,ATM,CE,590.0,590.05,4.2,4.35,4.0,4.1,72.778158,20825,1048600
2026-08-25 10:45:00,ATM,CE,590.0,590.0,4.1,4.1,3.7,3.8,68.438549,9800,1051050
2026-08-25 10:50:00,ATM,CE,590.0,589.25,3.8,3.8,3.0,3.25,65.682633,80850,1059625
2026-08-25 10:55:00,ATM,CE,590.0,589.2,3.55,3.55,3.05,3.2,65.781353,51450,1064525
2026-08-25 11:00:00,ATM,CE,590.0,588.75,3.1,3.25,3.1,3.1,68.379185,22050,1060850
2026-08-25 11:05:00,ATM,CE,590.0,589.85,3.1,3.7,3.1,3.6,68.608987,17150,1060850
2026-08-25 11:10:00,ATM,CE,590.0,588.6,3.6,3.7,3.2,3.3,74.779128,33075,1044925
2026-08-25 11:15:00,ATM,CE,590.0,587.9,3.05,3.35,2.9,3.15,78.509005,113925,1054725
2026-08-25 11:20:00,ATM,CE,590.0,587.45,2.9,3.45,2.9,3.05,81.006961,34300,1057175
2026-08-25 11:25:00,ATM,CE,590.0,587.95,3.3,3.5,3.05,3.4,84.620426,128625,1066975
2026-08-25 11:30:00,ATM,CE,590.0,587.45,3.2,3.5,2.9,2.9,79.604774,26950,1060850
2026-08-25 11:35:00,ATM,CE,590.0,588.2,2.9,3.1,2.85,3.05,77.105757,19600,1055950
2026-08-25 11:40:00,ATM,CE,590.0,588.0,2.95,3.5,2.95,3.4,86.85328,67375,1059625
2026-08-25 11:45:00,ATM,CE,590.0,587.75,3.2,3.4,2.45,2.6,73.326207,115150,1057175
2026-08-25 11:50:00,ATM,CE,590.0,588.3,2.85,3.0,2.5,2.5,67.232153,67375,1058400
2026-08-25 11:55:00,ATM,CE,590.0,589.1,2.6,3.1,2.5,3.1,73.162065,19600,1054725
2026-08-25 12:00:00,ATM,CE,590.0,590.3,3.1,3.35,2.8,3.35,66.896376,23275,1055950
2026-08-25 12:05:00,ATM,CE,600.0,595.65,3.5,7.85,1.7,2.85,98.586346,1100050,1307075
2026-08-25 12:10:00,ATM,CE,600.0,595.85,2.25,8.9,2.25,2.75,95.878023,309925,1351175
2026-08-25 12:15:00,ATM,CE,600.0,596.4,2.6,3.65,2.45,2.5,86.767028,245000,1316875
2026-08-25 12:20:00,ATM,CE,600.0,597.3,2.85,2.85,1.2,2.3,75.565024,248675,1254400
2026-08-25 12:25:00,ATM,CE,600.0,595.85,2.2,2.3,1.2,1.6,71.801692,129850,1200500
2026-08-25 12:30:00,ATM,CE,600.0,595.65,1.55,1.7,1.35,1.45,70.467593,56350,1198050
2026-08-25 12:35:00,ATM,CE,590.0,594.9,1.3,6.9,0.85,6.9,90.62134,91875,949375
2026-08-25 12:40:00,ATM,CE,600.0,597.55,1.3,2.4,1.05,2.4,79.861573,39200,1123325
2026-08-25 12:45:00,ATM,CE,600.0,597.65,2.4,2.4,2.0,2.2,75.239068,68600,1091475
2026-08-25 12:50:00,ATM,CE,600.0,595.6,2.1,2.2,1.6,1.7,81.839664,45325,1079225
2026-08-25 12:55:00,ATM,CE,590.0,593.25,7.3,7.5,6.1,6.1,103.656666,4900,797475
2026-08-25 13:00:00,ATM,CE,590.0,592.35,6.1,6.1,3.35,3.35,47.924731,22050,792575
2026-08-25 13:05:00,ATM,CE,590.0,592.1,3.35,3.35,3.1,3.1,46.502671,8575,787675
2026-08-25 13:10:00,ATM,CE,590.0,591.9,2.8,3.1,2.8,2.8,42.645394,1225,786450
2026-08-25 13:15:00,ATM,CE,590.0,594.5,2.8,4.75,2.6,4.75,40.140294,4900,781550
2026-08-25 13:20:00,ATM,CE,590.0,593.7,4.75,5.0,4.65,4.65,61.778743,9800,779100
2026-08-25 13:25:00,ATM,CE,590.0,594.05,4.65,4.65,3.35,3.35,0.0,17150,774200
2026-08-25 13:30:00,ATM,CE,600.0,595.25,4.85,5.0,1.1,1.35,86.250509,34300,937125
2026-08-25 13:35:00,ATM,CE,590.0,594.45,1.5,6.15,1.35,6.15,97.2401,12250,776650
2026-08-25 13:40:00,ATM,CE,590.0,594.25,6.15,6.15,6.15,6.15,103.80419,0,776650
2026-08-25 13:45:00,ATM,CE,600.0,595.25,6.15,6.15,1.0,1.0,79.500314,1225,940800
2026-08-25 13:50:00,ATM,CE,600.0,595.5,5.65,6.15,0.95,0.95,77.170315,12250,933450
2026-08-25 13:55:00,ATM,CE,600.0,595.45,0.95,5.75,0.95,1.0,81.478655,11025,931000
2026-08-25 14:00:00,ATM,CE,590.0,595.0,0.95,5.4,0.95,5.4,61.427913,2450,775425
2026-08-25 14:05:00,ATM,CE,600.0,595.25,5.4,5.4,0.95,1.0,87.914489,3675,922425
2026-08-25 14:10:00,ATM,CE,590.0,595.0,1.0,5.25,0.85,5.25,55.830815,6125,766850
2026-08-25 14:15:00,ATM,CE,600.0,595.25,0.9,1.0,0.85,0.85,86.673206,7350,911400
2026-08-25 14:20:00,ATM,CE,590.0,595.0,5.3,5.75,5.3,5.3,62.961866,7350,761950
2026-08-25 14:25:00,ATM,CE,600.0,595.3,5.3,5.3,0.95,0.95,96.828022,24500,890575
2026-08-25 14:30:00,ATM,CE,590.0,592.6,6.0,6.0,6.0,6.0,174.548393,0,759500
2026-08-25 14:35:00,ATM,CE,590.0,592.15,3.4,6.0,3.4,3.4,85.413206,2450,759500
2026-08-25 14:40:00,ATM,CE,590.0,592.4,3.4,3.65,3.4,3.65,93.042044,2450,757050
2026-08-25 14:45:00,ATM,CE,590.0,592.65,3.65,3.65,2.5,2.5,0.0,4900,755825
2026-08-25 14:50:00,ATM,CE,590.0,592.5,2.5,2.5,2.4,2.4,0.0,3675,749700
2026-08-25 14:55:00,ATM,CE,590.0,592.35,2.05,2.4,2.05,2.05,0.0,2450,748475
2026-08-25 15:00:00,ATM,CE,590.0,592.0,2.05,2.7,2.05,2.7,77.358422,1225,747250
2026-08-25 15:05:00,ATM,CE,590.0,592.35,2.7,2.7,0.5,1.35,0.0,12250,743575
2026-08-25 15:10:00,ATM,CE,590.0,591.7,1.35,1.45,1.0,1.45,0.0,17150,743575
2026-08-25 15:15:00,ATM,CE,590.0,591.7,1.45,2.0,1.45,1.95,57.618336,11025,747250
2026-08-25 15:20:00,ATM,CE,590.0,591.7,1.2,1.95,1.2,1.2,0.0,3675,747250
2026-08-25 15:25:00,ATM,CE,590.0,592.6,1.2,1.2,1.2,1.2,0.0,0,747250
2026-08-25 15:30:00,ATM,CE,590.0,592.6,1.2,2.85,1.2,2.85,149.853012,1225,744800
2026-08-25 15:35:00,ATM,CE,590.0,592.6,2.85,2.85,2.85,2.85,0.0,0,744800
2026-08-20 09:15:00,ATM,PE,570.0,571.95,6.45,9.45,6.45,8.2,34.835402,482650,912625
2026-08-20 09:20:00,ATM,PE,570.0,570.3,8.4,8.65,8.15,8.5,33.166429,161700,981225
2026-08-20 09:25:00,ATM,PE,570.0,568.55,8.1,9.6,8.0,9.25,32.79595,389550,956725
2026-08-20 09:30:00,ATM,PE,570.0,569.0,9.4,9.55,8.55,9.0,32.712903,129850,1031450
2026-08-20 09:35:00,ATM,PE,570.0,569.3,8.95,9.0,8.25,8.45,31.245733,46550,1033900
2026-08-20 09:40:00,ATM,PE,570.0,568.2,8.55,9.2,8.45,9.0,31.252649,30625,1037575
2026-08-20 09:45:00,ATM,PE,570.0,567.5,9.0,9.6,8.8,9.35,31.216815,82075,1021650
2026-08-20 09:50:00,ATM,PE,570.0,568.1,9.4,9.4,9.15,9.15,31.635339,37975,1026550
2026-08-20 09:55:00,ATM,PE,570.0,567.7,9.1,9.35,9.0,9.25,31.25176,15925,1027775
2026-08-20 10:00:00,ATM,PE,570.0,567.15,9.45,9.45,9.25,9.4,30.746325,9800,1029000
2026-08-20 10:05:00,ATM,PE,570.0,568.05,9.5,9.5,8.8,9.1,31.384624,28175,1033900
2026-08-20 10:10:00,ATM,PE,570.0,567.55,9.1,9.45,9.1,9.1,30.43563,11025,1033900
2026-08-20 10:15:00,ATM,PE,570.0,567.9,9.25,9.25,9.0,9.15,31.302667,6125,1033900
2026-08-20 10:20:00,ATM,PE,570.0,569.4,9.15,9.15,8.4,8.4,31.326188,26950,1044925
2026-08-20 10:25:00,ATM,PE,570.0,569.0,8.55,8.95,8.4,8.95,32.636972,12250,1051050
2026-08-20 10:30:00,ATM,PE,570.0,571.7,8.65,8.95,7.2,7.2,30.879648,80850,1046150
2026-08-20 10:35:00,ATM,PE,570.0,571.95,6.95,7.3,6.65,6.95,30.372158,314825,1069425
2026-08-20 10:40:00,ATM,PE,570.0,570.7,6.9,7.45,6.8,7.3,29.58871,62475,1092700
2026-08-20 10:45:00,ATM,PE,570.0,570.25,7.35,7.7,7.25,7.55,29.743911,44100,1090250
2026-08-20 10:50:00,ATM,PE,570.0,569.45,7.8,8.15,7.55,8.15,30.550335,29400,1093925
2026-08-20 10:55:00,ATM,PE,570.0,569.55,8.2,8.2,8.1,8.1,30.554651,6125,1092700
2026-08-20 11:00:00,ATM,PE,570.0,570.05,8.15,8.15,8.0,8.0,31.082865,98000,1053500
2026-08-20 11:05:00,ATM,PE,570.0,571.25,7.6,8.0,7.45,7.45,31.12235,53900,1057175
2026-08-20 11:10:00,ATM,PE,570.0,570.85,7.45,7.75,7.45,7.75,31.564757,6125,1058400
2026-08-20 11:15:00,ATM,PE,570.0,570.0,7.55,7.85,7.55,7.7,29.913799,28175,1063300
2026-08-20 11:20:00,ATM,PE,570.0,568.2,7.95,8.4,7.7,8.4,29.216923,28175,1071875
2026-08-20 11:25:00,ATM,PE,570.0,567.75,8.9,8.9,8.4,8.85,30.031856,35525,1064525
2026-08-20 11:30:00,ATM,PE,570.0,568.35,8.85,8.85,8.5,8.5,29.889548,15925,1054725
2026-08-20 11:35:00,ATM,PE,570.0,567.85,8.55,8.8,8.5,8.8,30.057387,4900,1055950
2026-08-20 11:40:00,ATM,PE,570.0,568.65,8.8,8.8,8.4,8.4,30.100189,9800,1058400
2026-08-20 11:45:00,ATM,PE,570.0,569.85,8.3,8.4,7.7,7.7,29.702314,45325,1044925
2026-08-20 11:50:00,ATM,PE,570.0,568.6,7.7,8.35,7.7,8.35,29.83943,9800,1048600
2026-08-20 11:55:00,ATM,PE,570.0,569.7,8.1,8.35,7.5,7.6,29.081994,12250,1049825
2026-08-20 12:00:00,ATM,PE,570.0,569.15,7.6,7.65,7.55,7.65,28.279932,4900,1052275
2026-08-20 12:05:00,ATM,PE,570.0,569.0,8.0,8.25,7.65,8.0,29.311088,19600,1052275
2026-08-20 12:10:00,ATM,PE,570.0,571.2,7.95,8.0,6.9,6.9,29.114632,37975,1049825
2026-08-20 12:15:00,ATM,PE,570.0,573.9,6.9,6.9,5.8,5.95,29.882516,135975,1107400
2026-08-20 12:20:00,ATM,PE,570.0,572.3,5.8,6.55,5.8,6.45,29.266869,84525,1120875
2026-08-20 12:25:00,ATM,PE,570.0,573.2,6.6,6.6,6.0,6.4,30.521085,154350,1144150
2026-08-20 12:30:00,ATM,PE,570.0,572.35,6.3,6.55,6.3,6.55,29.740821,42875,1185800
2026-08-20 12:35:00,ATM,PE,570.0,571.95,6.55,6.65,6.45,6.65,29.473341,23275,1191925
2026-08-20 12:40:00,ATM,PE,570.0,571.7,6.5,6.65,6.5,6.65,29.070372,23275,1194375
2026-08-20 12:45:00,ATM,PE,570.0,573.15,6.4,6.65,5.95,6.1,29.346896,51450,1193150
2026-08-20 12:50:00,ATM,PE,570.0,572.35,6.35,6.35,6.05,6.05,27.897911,11025,1191925
2026-08-20 12:55:00,ATM,PE,570.0,571.35,6.6,6.75,6.05,6.75,28.887382,46550,1194375
2026-08-20 13:00:00,ATM,PE,570.0,570.8,6.9,7.25,6.75,7.2,29.64147,91875,1164975
2026-08-20 13:05:00,ATM,PE,570.0,570.65,7.0,7.25,7.0,7.05,28.832251,18375,1160075
2026-08-20 13:10:00,ATM,PE,570.0,570.5,7.05,7.25,6.95,7.05,28.580884,15925,1152725
2026-08-20 13:15:00,ATM,PE,570.0,570.25,7.05,7.4,7.05,7.3,29.084642,13475,1150275
2026-08-20 13:20:00,ATM,PE,570.0,570.1,7.45,7.6,7.3,7.45,29.388146,31850,1135575
2026-08-20 13:25:00,ATM,PE,570.0,569.95,7.45,7.45,7.45,7.45,29.130556,1225,1134350
2026-08-20 13:30:00,ATM,PE,570.0,570.0,7.35,7.55,7.35,7.4,29.042024,88200,1120875
2026-08-20 13:35:00,ATM,PE,570.0,569.65,7.4,7.7,7.4,7.7,29.542824,6125,1118425
2026-08-20 13:40:00,ATM,PE,570.0,569.85,7.7,7.7,7.7,7.7,29.911908,18375,1107400
2026-08-20 13:45:00,ATM,PE,570.0,569.75,7.7,7.8,7.7,7.7,29.741434,6125,1109850
2026-08-20 13:50:00,ATM,PE,570.0,569.95,7.7,7.85,7.7,7.85,30.669822,6125,1109850
2026-08-20 13:55:00,ATM,PE,570.0,569.75,7.85,7.85,7.5,7.75,29.946634,8575,1107400
2026-08-20 14:00:00,ATM,PE,570.0,570.05,7.75,7.75,7.55,7.55,29.745675,3675,1108625
2026-08-20 14:05:00,ATM,PE,570.0,570.95,7.55,7.55,7.0,7.0,29.269641,46550,1106175
2026-08-20 14:10:00,ATM,PE,570.0,570.25,7.15,7.2,7.0,7.2,28.809106,6125,1113525
2026-08-20 14:15:00,ATM,PE,570.0,570.25,7.2,7.55,7.2,7.55,30.128447,6125,1109850
2026-08-20 14:20:00,ATM,PE,570.0,569.6,7.35,7.7,7.35,7.7,29.534245,17150,1107400
2026-08-20 14:25:00,ATM,PE,570.0,569.8,7.7,7.7,7.55,7.6,29.530832,7350,1103725
2026-08-20 14:30:00,ATM,PE,570.0,570.0,7.6,7.6,7.3,7.3,28.775088,8575,1103725
2026-08-20 14:35:00,ATM,PE,570.0,570.15,7.5,7.5,7.3,7.5,29.801069,4900,1100050
2026-08-20 14:40:00,ATM,PE,570.0,570.4,7.5,7.7,7.4,7.4,29.877701,11025,1098825
2026-08-20 14:45:00,ATM,PE,570.0,570.25,7.4,7.5,7.4,7.5,29.997205,1225,1097600
2026-08-20 14:50:00,ATM,PE,570.0,571.25,7.5,7.5,7.0,7.0,29.865543,6125,1098825
2026-08-20 14:55:00,ATM,PE,570.0,571.1,7.0,7.3,7.0,7.25,30.559349,33075,1095150
2026-08-20 15:00:00,ATM,PE,570.0,571.2,7.35,7.4,6.9,6.9,29.422344,35525,1104950
2026-08-20 15:05:00,ATM,PE,570.0,571.2,6.95,7.2,6.9,7.1,30.185024,61250,1119650
2026-08-20 15:10:00,ATM,PE,570.0,573.0,7.0,7.1,5.9,5.9,28.613072,75950,1131900
2026-08-20 15:15:00,ATM,PE,570.0,573.0,5.9,6.4,5.9,6.4,30.529326,12250,1136800
2026-08-20 15:20:00,ATM,PE,570.0,573.0,6.45,6.6,6.4,6.5,30.920073,25725,1133125
2026-08-20 15:25:00,ATM,PE,570.0,573.9,6.5,6.5,6.3,6.45,32.161048,3675,1130675
2026-08-20 15:30:00,ATM,PE,570.0,573.9,6.45,6.55,6.3,6.3,31.595678,42875,1120875
2026-08-20 15:35:00,ATM,PE,570.0,573.9,6.3,6.5,6.15,6.5,32.373467,57575,1122100
2026-08-21 09:15:00,ATM,PE,590.0,589.05,6.95,13.4,6.3,9.3,36.093263,690900,720300
2026-08-21 09:20:00,ATM,PE,590.0,587.9,9.85,10.1,9.3,9.65,35.187397,182525,802375
2026-08-21 09:25:00,ATM,PE,590.0,591.8,9.6,9.65,8.1,8.1,36.518479,356475,882000
2026-08-21 09:30:00,ATM,PE,590.0,592.45,8.1,8.3,7.1,7.55,35.495708,681100,1062075
2026-08-21 09:35:00,ATM,PE,590.0,593.8,7.75,7.9,6.75,7.05,35.808222,728875,1297275
2026-08-21 09:40:00,ATM,PE,590.0,593.65,6.8,7.05,6.3,6.65,33.970032,543900,1460200
2026-08-21 09:45:00,ATM,PE,590.0,591.6,6.6,7.35,6.55,7.25,32.85126,591675,1407525
2026-08-21 09:50:00,ATM,PE,590.0,592.95,7.4,7.6,6.65,7.0,34.21978,483875,1455300
2026-08-21 09:55:00,ATM,PE,590.0,592.35,7.0,7.05,6.5,6.85,32.604702,218050,1552075
2026-08-21 10:00:00,ATM,PE,590.0,591.3,6.8,7.3,6.75,7.1,31.756542,291550,1559425
2026-08-21 10:05:00,ATM,PE,590.0,591.4,7.1,7.2,6.9,7.2,32.344809,188650,1498175
2026-08-21 10:10:00,ATM,PE,590.0,592.15,7.2,7.2,6.8,7.15,33.488158,122500,1528800
2026-08-21 10:15:00,ATM,PE,590.0,592.0,6.8,7.15,6.7,7.0,32.640719,106575,1550850
2026-08-21 10:20:00,ATM,PE,590.0,591.35,6.85,7.55,6.75,7.0,31.497624,317275,1492050
2026-08-21 10:25:00,ATM,PE,590.0,592.45,6.85,7.15,6.6,6.75,32.45314,118825,1521450
2026-08-21 10:30:00,ATM,PE,590.0,591.5,6.6,7.1,6.6,7.05,31.989504,145775,1531250
2026-08-21 10:35:00,ATM,PE,590.0,591.4,6.85,7.15,6.85,7.0,31.623399,40425,1523900
2026-08-21 10:40:00,ATM,PE,590.0,591.3,6.9,7.1,6.9,7.05,31.654124,37975,1514100
2026-08-21 10:45:00,ATM,PE,590.0,588.45,7.15,8.4,7.05,8.2,30.775081,432425,1359750
2026-08-21 10:50:00,ATM,PE,590.0,587.45,8.3,9.25,8.05,9.0,31.897839,532875,1237250
2026-08-21 10:55:00,ATM,PE,590.0,587.6,9.0,9.25,8.55,8.55,30.431011,133525,1209075
2026-08-21 11:00:00,ATM,PE,590.0,587.15,8.7,9.25,8.55,9.2,32.081953,182525,1198050
2026-08-21 11:05:00,ATM,PE,590.0,589.55,8.85,9.2,7.7,7.95,32.012958,99225,1206625
2026-08-21 11:10:00,ATM,PE,590.0,589.0,7.85,8.0,7.8,8.0,31.143605,58800,1213975
2026-08-21 11:15:00,ATM,PE,590.0,588.3,7.75,8.15,7.75,7.9,29.342886,42875,1217650
2026-08-21 11:20:00,ATM,PE,590.0,588.4,8.05,8.3,7.9,8.05,30.156677,25725,1216425
2026-08-21 11:25:00,ATM,PE,590.0,589.3,8.25,8.25,7.85,7.85,31.175331,28175,1216425
2026-08-21 11:30:00,ATM,PE,590.0,589.35,7.95,8.0,7.7,7.85,31.285352,52675,1207850
2026-08-21 11:35:00,ATM,PE,590.0,589.45,8.0,8.05,7.85,7.95,31.891186,50225,1210300
2026-08-21 11:40:00,ATM,PE,590.0,588.15,8.05,8.8,7.95,8.65,32.083906,28175,1210300
2026-08-21 11:45:00,ATM,PE,590.0,587.65,8.4,8.85,8.4,8.85,31.853029,53900,1210300
2026-08-21 11:50:00,ATM,PE,590.0,587.4,8.85,8.85,8.65,8.75,30.93314,44100,1205400
2026-08-21 11:55:00,ATM,PE,590.0,587.0,8.7,9.05,8.7,9.0,31.086345,13475,1202950
2026-08-21 12:00:00,ATM,PE,590.0,587.15,8.9,9.0,8.65,8.65,30.01554,17150,1196825
2026-08-21 12:05:00,ATM,PE,590.0,587.0,8.65,8.9,8.65,8.75,30.102623,12250,1198050
2026-08-21 12:10:00,ATM,PE,590.0,586.95,8.75,9.1,8.75,8.85,30.407711,26950,1200500
2026-08-21 12:15:00,ATM,PE,590.0,587.0,8.9,8.9,8.75,8.8,30.327014,15925,1196825
2026-08-21 12:20:00,ATM,PE,590.0,587.45,8.65,8.85,8.25,8.25,29.09924,74725,1191925
2026-08-21 12:25:00,ATM,PE,590.0,589.25,8.3,8.3,7.6,7.6,30.220003,67375,1184575
2026-08-21 12:30:00,ATM,PE,590.0,589.4,7.75,7.75,7.35,7.35,29.5279,31850,1183350
2026-08-21 12:35:00,ATM,PE,590.0,589.5,7.5,8.1,7.3,7.45,30.135835,106575,1191925
2026-08-21 12:40:00,ATM,PE,590.0,590.0,7.35,7.5,7.05,7.05,29.516524,91875,1184575
2026-08-21 12:45:00,ATM,PE,590.0,590.0,7.15,7.3,6.95,7.2,30.128627,100450,1177225
2026-08-21 12:50:00,ATM,PE,590.0,590.05,7.15,7.3,6.8,7.15,30.035858,151900,1173550
2026-08-21 12:55:00,ATM,PE,590.0,590.8,7.05,7.15,6.7,6.85,30.25995,55125,1204175
2026-08-21 13:00:00,ATM,PE,590.0,591.65,6.6,7.05,6.45,6.6,30.819382,222950,1248275
2026-08-21 13:05:00,ATM,PE,590.0,592.75,6.75,6.75,5.75,6.15,30.945587,537775,1309525
2026-08-21 13:10:00,ATM,PE,590.0,594.3,6.15,6.15,5.7,5.75,31.917815,232750,1340150
2026-08-21 13:15:00,ATM,PE,600.0,595.2,5.65,11.15,5.55,11.15,35.396716,161700,1044925
2026-08-21 13:20:00,ATM,PE,590.0,593.55,5.7,6.2,5.65,5.95,31.524995,401800,1454075
2026-08-21 13:25:00,ATM,PE,590.0,594.1,6.05,6.15,5.65,5.7,31.422141,248675,1478575
2026-08-21 13:30:00,ATM,PE,590.0,593.3,5.8,6.2,5.7,6.0,31.333607,198450,1445500
2026-08-21 13:35:00,ATM,PE,590.0,592.45,6.1,6.35,6.0,6.35,31.310799,105350,1440600
2026-08-21 13:40:00,ATM,PE,590.0,592.4,6.2,6.6,6.0,6.25,30.82925,193550,1419775
2026-08-21 13:45:00,ATM,PE,590.0,593.75,6.4,6.4,5.65,5.8,31.305206,196000,1424675
2026-08-21 13:50:00,ATM,PE,590.0,594.35,5.9,5.9,5.55,5.7,31.893755,89425,1430800
2026-08-21 13:55:00,ATM,PE,590.0,595.0,5.6,5.7,5.45,5.45,31.915953,123725,1467550
2026-08-21 14:00:00,ATM,PE,600.0,595.75,10.7,10.75,10.2,10.55,34.346406,62475,1051050
2026-08-21 14:05:00,ATM,PE,590.0,594.75,10.35,10.55,5.15,5.3,30.915448,197225,1607200
2026-08-21 14:10:00,ATM,PE,600.0,597.2,5.35,10.6,5.3,10.1,35.733132,78400,1078000
2026-08-21 14:15:00,ATM,PE,600.0,597.5,9.45,10.1,9.0,9.25,32.988049,191100,1049825
2026-08-21 14:20:00,ATM,PE,600.0,596.85,9.25,9.65,9.25,9.55,32.811101,56350,1073100
2026-08-21 14:25:00,ATM,PE,600.0,596.8,9.55,10.1,9.55,9.85,33.918122,35525,1078000
2026-08-21 14:30:00,ATM,PE,600.0,595.95,9.8,10.05,9.55,10.05,32.85823,24500,1079225
2026-08-21 14:35:00,ATM,PE,600.0,596.15,9.9,10.05,9.45,9.8,32.311346,28175,1078000
2026-08-21 14:40:00,ATM,PE,600.0,596.0,9.95,9.95,9.7,9.85,32.188274,47775,1102500
2026-08-21 14:45:00,ATM,PE,600.0,596.25,9.95,9.95,9.65,9.85,32.762004,12250,1103725
2026-08-21 14:50:00,ATM,PE,600.0,596.0,9.7,10.05,9.6,9.95,32.617882,31850,1106175
2026-08-21 14:55:00,ATM,PE,600.0,595.8,9.95,10.25,9.65,10.25,33.392555,41650,1107400
2026-08-21 15:00:00,ATM,PE,600.0,595.7,5.15,10.5,5.15,10.2,32.975124,170275,1085350
2026-08-21 15:05:00,ATM,PE,600.0,596.55,10.25,10.25,9.4,9.55,32.268923,41650,1086575
2026-08-21 15:10:00,ATM,PE,600.0,595.65,9.9,9.9,9.55,9.55,30.241155,29400,1076775
2026-08-21 15:15:00,ATM,PE,600.0,595.65,9.55,10.0,9.55,9.95,31.88236,24500,1085350
2026-08-21 15:20:00,ATM,PE,600.0,595.65,9.95,9.95,9.65,9.65,30.672455,23275,1084125
2026-08-21 15:25:00,ATM,PE,590.0,594.9,9.65,9.75,4.55,4.55,28.18456,51450,1619450
2026-08-21 15:30:00,ATM,PE,590.0,594.9,4.55,4.6,4.4,4.6,28.40835,102900,1602300
2026-08-21 15:35:00,ATM,PE,590.0,594.9,4.5,4.65,4.25,4.5,27.994464,194775,1550850
2026-08-24 09:15:00,ATM,PE,590.0,594.35,8.2,8.25,3.15,4.3,45.454634,389550,1559425
2026-08-24 09:20:00,ATM,PE,590.0,594.95,4.1,10.0,3.65,3.9,44.182752,177625,1561875
2026-08-24 09:25:00,ATM,PE,590.0,593.5,3.9,4.4,3.9,4.2,42.355415,171500,1531250
2026-08-24 09:30:00,ATM,PE,590.0,595.0,4.3,4.3,3.95,3.95,44.82263,229075,1519000
2026-08-24 09:35:00,ATM,PE,590.0,594.9,3.9,4.15,3.65,3.65,42.306654,147000,1494500
2026-08-24 09:40:00,ATM,PE,600.0,596.0,3.6,9.25,3.55,8.65,47.19902,50225,1108625
2026-08-24 09:45:00,ATM,PE,600.0,596.9,7.8,8.65,7.8,8.05,46.660481,24500,1101275
2026-08-24 09:50:00,ATM,PE,600.0,596.5,7.5,8.05,7.3,7.9,43.944996,31850,1108625
2026-08-24 09:55:00,ATM,PE,600.0,598.65,7.9,7.9,6.5,6.8,44.637977,35525,1092700
2026-08-24 10:00:00,ATM,PE,600.0,598.2,6.5,6.95,6.5,6.95,44.057919,18375,1093925
2026-08-24 10:05:00,ATM,PE,600.0,598.85,6.7,6.95,6.3,6.35,42.263073,50225,1101275
2026-08-24 10:10:00,ATM,PE,600.0,596.6,6.35,7.45,6.35,7.45,41.280845,14700,1097600
2026-08-24 10:15:00,ATM,PE,600.0,596.5,7.75,7.95,7.45,7.9,44.243506,34300,1095150
2026-08-24 10:20:00,ATM,PE,600.0,596.05,8.0,8.75,7.9,8.0,43.078851,26950,1090250
2026-08-24 10:25:00,ATM,PE,600.0,595.3,7.8,8.6,7.8,8.6,44.252929,8575,1091475
2026-08-24 10:30:00,ATM,PE,600.0,595.85,8.55,8.6,7.95,8.1,43.05024,36750,1091475
2026-08-24 10:35:00,ATM,PE,590.0,595.0,8.1,8.7,3.1,3.45,41.722231,19600,1473675
2026-08-24 10:40:00,ATM,PE,600.0,596.25,8.95,9.0,7.9,8.2,45.702809,19600,1109850
2026-08-24 10:45:00,ATM,PE,600.0,596.9,8.15,8.2,7.8,7.8,45.577367,20825,1111075
2026-08-24 10:50:00,ATM,PE,600.0,597.55,7.6,7.8,7.05,7.3,44.63759,18375,1112300
2026-08-24 10:55:00,ATM,PE,600.0,598.0,7.25,7.3,7.0,7.25,46.147088,30625,1130675
2026-08-24 11:00:00,ATM,PE,600.0,597.75,6.95,7.25,6.85,7.25,45.207808,51450,1162525
2026-08-24 11:05:00,ATM,PE,600.0,598.8,7.0,7.25,6.35,6.35,42.77967,39200,1169875
2026-08-24 11:10:00,ATM,PE,600.0,598.25,6.5,6.7,6.35,6.6,42.533277,36750,1164975
2026-08-24 11:15:00,ATM,PE,600.0,599.0,6.55,6.6,6.05,6.05,41.457018,42875,1153950
2026-08-24 11:20:00,ATM,PE,600.0,601.95,5.95,6.05,4.75,4.85,43.044138,94325,1153950
2026-08-24 11:25:00,ATM,PE,600.0,602.8,5.0,5.05,4.5,4.5,43.195697,238875,1171100
2026-08-24 11:30:00,ATM,PE,600.0,602.7,4.4,4.75,4.2,4.2,40.690365,140875,1194375
2026-08-24 11:35:00,ATM,PE,600.0,601.35,4.45,5.0,4.2,4.6,39.388918,134750,1185800
2026-08-24 11:40:00,ATM,PE,600.0,601.5,4.65,4.65,4.5,4.5,39.200729,24500,1213975
2026-08-24 11:45:00,ATM,PE,600.0,601.8,4.85,4.85,4.5,4.55,40.620556,57575,1217650
2026-08-24 11:50:00,ATM,PE,600.0,600.5,4.35,5.0,4.35,4.95,39.240609,39200,1222550
2026-08-24 11:55:00,ATM,PE,600.0,601.3,5.0,5.05,4.5,4.5,38.701841,33075,1218875
2026-08-24 12:00:00,ATM,PE,600.0,602.6,4.5,4.5,3.9,4.0,39.214082,86975,1221325
2026-08-24 12:05:00,ATM,PE,600.0,602.5,4.05,4.25,3.85,3.85,37.816482,85750,1231125
2026-08-24 12:10:00,ATM,PE,600.0,602.8,3.95,4.1,3.85,4.0,39.955001,72275,1220100
2026-08-24 12:15:00,ATM,PE,600.0,601.7,3.85,4.35,3.85,4.1,37.250621,62475,1217650
2026-08-24 12:20:00,ATM,PE,600.0,602.0,4.1,4.35,3.95,4.15,38.667117,44100,1218875
2026-08-24 12:25:00,ATM,PE,610.0,605.25,3.45,8.7,3.4,8.0,40.133943,94325,343000
2026-08-24 12:30:00,ATM,PE,610.0,606.75,7.9,8.1,7.5,8.1,47.833714,47775,355250
2026-08-24 12:35:00,ATM,PE,610.0,609.5,7.45,8.1,6.6,6.6,47.715792,73500,388325
2026-08-24 12:40:00,ATM,PE,610.0,610.45,6.35,6.6,5.55,5.55,43.45631,483875,559825
2026-08-24 12:45:00,ATM,PE,610.0,609.6,5.65,5.85,5.35,5.55,40.430698,182525,633325
2026-08-24 12:50:00,ATM,PE,610.0,612.0,5.35,5.8,4.45,4.7,42.523626,388325,872200
2026-08-24 12:55:00,ATM,PE,610.0,612.25,4.7,5.0,4.05,4.65,43.024504,230300,859950
2026-08-24 13:00:00,ATM,PE,610.0,610.7,4.6,5.2,4.6,5.2,41.991014,133525,878325
2026-08-24 13:05:00,ATM,PE,610.0,608.65,5.3,6.7,5.2,6.35,43.002879,281750,814625
2026-08-24 13:10:00,ATM,PE,610.0,607.75,6.1,6.5,5.85,6.3,39.003415,85750,846475
2026-08-24 13:15:00,ATM,PE,610.0,607.75,6.45,6.75,6.2,6.35,39.442797,63700,845250
2026-08-24 13:20:00,ATM,PE,610.0,607.7,6.35,6.85,6.35,6.7,41.955185,19600,846475
2026-08-24 13:25:00,ATM,PE,610.0,606.7,6.5,7.65,6.5,7.65,44.954115,66150,850150
2026-08-24 13:30:00,ATM,PE,610.0,607.4,7.75,7.85,7.3,7.3,45.390652,60025,826875
2026-08-24 13:35:00,ATM,PE,610.0,608.55,7.05,7.3,6.55,6.55,44.515527,63700,820750
2026-08-24 13:40:00,ATM,PE,610.0,607.95,6.55,7.2,6.55,6.85,44.412976,18375,814625
2026-08-24 13:45:00,ATM,PE,610.0,609.6,6.95,6.95,5.8,6.0,44.586264,37975,806050
2026-08-24 13:50:00,ATM,PE,610.0,609.3,6.4,6.4,5.75,5.85,42.367246,61250,802375
2026-08-24 13:55:00,ATM,PE,610.0,608.2,6.05,6.75,5.85,6.45,42.59804,30625,796250
2026-08-24 14:00:00,ATM,PE,610.0,608.65,6.45,6.45,6.2,6.25,42.976402,11025,795025
2026-08-24 14:05:00,ATM,PE,610.0,608.1,6.25,6.55,6.25,6.55,43.083538,11025,796250
2026-08-24 14:10:00,ATM,PE,610.0,608.7,6.25,6.7,6.0,6.7,46.761751,19600,803600
2026-08-24 14:15:00,ATM,PE,610.0,608.0,6.05,6.7,6.05,6.55,42.799134,19600,798700
2026-08-24 14:20:00,ATM,PE,610.0,607.6,6.55,6.95,6.35,6.75,42.702884,25725,807275
2026-08-24 14:25:00,ATM,PE,610.0,608.0,6.45,6.75,6.05,6.3,40.998335,44100,801150
2026-08-24 14:30:00,ATM,PE,610.0,608.45,6.3,6.55,6.2,6.55,44.884954,34300,796250
2026-08-24 14:35:00,ATM,PE,610.0,609.8,6.0,6.55,4.6,4.75,36.449156,165375,863625
2026-08-24 14:40:00,ATM,PE,610.0,609.9,4.7,4.8,4.3,4.55,35.348134,100450,894250
2026-08-24 14:45:00,ATM,PE,610.0,609.85,4.2,4.95,4.2,4.7,36.372276,57575,923650
2026-08-24 14:50:00,ATM,PE,610.0,610.1,4.7,4.75,4.5,4.75,37.767511,42875,933450
2026-08-24 14:55:00,ATM,PE,610.0,611.25,4.75,4.75,4.2,4.2,37.741271,63700,935900
2026-08-24 15:00:00,ATM,PE,610.0,612.45,4.15,4.5,3.85,3.9,39.517229,307475,945700
2026-08-24 15:05:00,ATM,PE,610.0,613.0,4.0,4.0,3.35,3.5,38.170146,335650,988575
2026-08-24 15:10:00,ATM,PE,610.0,608.0,3.55,10.65,1.65,7.65,52.206217,1734600,949375
2026-08-24 15:15:00,ATM,PE,610.0,608.0,7.9,12.05,7.1,10.45,74.257643,198450,933450
2026-08-24 15:20:00,ATM,PE,610.0,608.0,10.0,15.7,9.65,13.1,95.169424,91875,926100
2026-08-24 15:25:00,ATM,PE,600.0,604.0,13.3,13.3,4.05,4.1,47.194621,53900,1070650
2026-08-24 15:30:00,ATM,PE,600.0,604.0,4.2,6.0,4.05,5.5,58.748823,150675,1109850
2026-08-24 15:35:00,ATM,PE,600.0,604.0,5.8,6.4,5.45,5.8,61.294433,129850,1101275
2026-08-25 09:15:00,ATM,PE,590.0,594.4,5.5,7.2,1.35,1.9,58.332195,361375,1216425
2026-08-25 09:20:00,ATM,PE,590.0,592.45,2.05,3.25,1.9,3.25,69.585984,791350,1255625
2026-08-25 09:25:00,ATM,PE,590.0,590.05,3.65,5.8,3.25,4.65,75.190608,1187025,1064525
2026-08-25 09:30:00,ATM,PE,590.0,594.0,4.9,5.2,2.35,2.35,65.143178,347900,1064525
2026-08-25 09:35:00,ATM,PE,590.0,594.5,7.55,8.0,2.25,2.65,73.837341,162925,1106175
2026-08-25 09:40:00,ATM,PE,590.0,593.3,2.65,3.1,2.65,3.1,74.623689,267050,1139250
2026-08-25 09:45:00,ATM,PE,590.0,592.75,3.0,3.3,3.0,3.3,74.896786,173950,1177225
2026-08-25 09:50:00,ATM,PE,590.0,592.45,3.15,3.3,3.0,3.15,70.825677,120050,1211525
2026-08-25 09:55:00,ATM,PE,590.0,591.55,3.15,3.2,2.6,3.2,65.786256,338100,1163750
2026-08-25 10:00:00,ATM,PE,590.0,591.0,3.35,3.75,3.2,3.5,67.215804,306250,1163750
2026-08-25 10:05:00,ATM,PE,590.0,591.0,3.3,3.5,2.95,3.2,62.606595,193550,1153950
2026-08-25 10:10:00,ATM,PE,590.0,590.4,3.15,3.7,3.1,3.45,62.584156,72275,1138025
2026-08-25 10:15:00,ATM,PE,590.0,589.3,3.7,3.7,3.25,3.55,55.254589,84525,1117200
2026-08-25 10:20:00,ATM,PE,590.0,588.9,3.9,4.2,3.55,4.05,60.658579,73500,1091475
2026-08-25 10:25:00,ATM,PE,590.0,590.0,4.05,4.05,2.7,2.85,50.163012,180075,1013075
2026-08-25 10:30:00,ATM,PE,590.0,590.85,2.9,2.95,2.45,2.45,50.590846,41650,989800
2026-08-25 10:35:00,ATM,PE,590.0,590.8,2.5,2.95,2.35,2.8,56.861574,66150,1000825
2026-08-25 10:40:00,ATM,PE,590.0,590.05,3.0,3.5,2.2,2.85,51.850931,148225,983675
2026-08-25 10:45:00,ATM,PE,590.0,590.0,2.85,3.35,2.8,2.8,50.939239,35525,976325
2026-08-25 10:50:00,ATM,PE,590.0,589.25,3.3,3.65,2.8,3.2,51.603977,83300,934675
2026-08-25 10:55:00,ATM,PE,590.0,589.2,3.4,3.6,3.15,3.45,56.187672,82075,905275
2026-08-25 11:00:00,ATM,PE,590.0,588.75,3.4,3.45,3.4,3.45,52.031382,7350,899150
2026-08-25 11:05:00,ATM,PE,590.0,589.85,3.45,3.85,2.8,2.8,51.364394,33075,910175
2026-08-25 11:10:00,ATM,PE,590.0,588.6,2.9,3.0,2.6,2.75,37.70373,39200,897925
2026-08-25 11:15:00,ATM,PE,590.0,587.9,3.7,4.65,2.75,4.45,63.382682,169050,846475
2026-08-25 11:20:00,ATM,PE,590.0,587.45,4.7,5.0,4.45,5.0,69.584832,36750,841575
2026-08-25 11:25:00,ATM,PE,590.0,587.95,5.0,5.0,4.9,4.9,74.231641,41650,828100
2026-08-25 11:30:00,ATM,PE,590.0,587.45,4.85,5.5,4.8,5.5,81.180546,17150,829325
2026-08-25 11:35:00,ATM,PE,590.0,588.2,5.5,5.7,5.3,5.3,86.745301,15925,835450
2026-08-25 11:40:00,ATM,PE,590.0,588.0,5.3,5.3,5.05,5.05,80.221,4900,835450
2026-08-25 11:45:00,ATM,PE,590.0,587.75,5.2,5.2,4.85,5.05,78.054274,6125,839125
2026-08-25 11:50:00,ATM,PE,590.0,588.3,4.8,5.05,3.65,4.3,69.860304,33075,836675
2026-08-25 11:55:00,ATM,PE,590.0,589.1,4.3,4.35,4.3,4.35,80.984066,1225,839125
2026-08-25 12:00:00,ATM,PE,590.0,590.3,4.2,4.35,3.7,3.7,81.064135,3675,837900
2026-08-25 12:05:00,ATM,PE,600.0,595.65,3.15,8.0,1.25,6.7,87.815096,306250,543900
2026-08-25 12:10:00,ATM,PE,600.0,595.85,7.0,7.0,1.05,5.9,73.265345,128625,589225
2026-08-25 12:15:00,ATM,PE,600.0,596.4,5.9,5.9,4.2,4.35,44.958716,26950,584325
2026-08-25 12:20:00,ATM,PE,600.0,597.3,5.2,6.35,4.35,4.35,61.097927,36750,578200
2026-08-25 12:25:00,ATM,PE,600.0,595.85,4.35,4.35,4.35,4.35,31.524809,0,578200
2026-08-25 12:30:00,ATM,PE,600.0,595.65,5.25,5.25,4.35,5.25,56.205635,2450,572075
2026-08-25 12:35:00,ATM,PE,590.0,594.9,5.25,5.4,0.8,0.8,57.988988,35525,935900
2026-08-25 12:40:00,ATM,PE,600.0,597.55,4.55,5.55,3.75,3.75,53.6111,12250,524300
2026-08-25 12:45:00,ATM,PE,600.0,597.65,3.65,3.75,3.65,3.65,53.516357,3675,524300
2026-08-25 12:50:00,ATM,PE,600.0,595.6,3.45,4.95,3.45,4.8,43.415473,13475,527975
2026-08-25 12:55:00,ATM,PE,590.0,593.25,0.65,1.35,0.65,1.35,64.889593,14700,825650
2026-08-25 13:00:00,ATM,PE,590.0,592.35,1.3,1.35,0.25,0.3,27.211628,205800,728875
2026-08-25 13:05:00,ATM,PE,590.0,592.1,0.2,0.4,0.15,0.4,29.249211,26950,722750
2026-08-25 13:10:00,ATM,PE,590.0,591.9,0.5,0.5,0.35,0.35,26.531681,11025,717850
2026-08-25 13:15:00,ATM,PE,590.0,594.5,0.35,0.35,0.3,0.3,43.330786,2450,714175
2026-08-25 13:20:00,ATM,PE,590.0,593.7,0.3,0.65,0.3,0.65,52.233567,13475,711725
2026-08-25 13:25:00,ATM,PE,590.0,594.05,0.65,0.9,0.6,0.7,57.820049,17150,708050
2026-08-25 13:30:00,ATM,PE,600.0,595.25,0.6,6.3,0.45,6.15,88.329319,7350,497350
2026-08-25 13:35:00,ATM,PE,590.0,594.45,6.5,6.5,0.35,0.35,48.859674,7350,704375
2026-08-25 13:40:00,ATM,PE,590.0,594.25,0.35,0.35,0.35,0.35,48.427938,0,704375
2026-08-25 13:45:00,ATM,PE,600.0,595.25,0.35,6.7,0.35,6.7,112.49167,0,490000
2026-08-25 13:50:00,ATM,PE,600.0,595.5,0.35,6.7,0.35,6.2,104.106817,12250,487550
2026-08-25 13:55:00,ATM,PE,600.0,595.45,6.2,6.2,0.25,5.55,81.914182,11025,482650
2026-08-25 14:00:00,ATM,PE,590.0,595.0,5.55,5.55,0.15,0.15,46.455291,2450,705600
2026-08-25 14:05:00,ATM,PE,600.0,595.25,0.2,6.1,0.15,6.1,102.083479,7350,474075
2026-08-25 14:10:00,ATM,PE,590.0,595.0,5.7,6.1,0.15,0.15,49.103441,3675,710500
2026-08-25 14:15:00,ATM,PE,600.0,595.25,5.5,5.5,5.5,5.5,82.548957,0,471625
2026-08-25 14:20:00,ATM,PE,590.0,595.0,0.1,0.25,0.1,0.25,60.108425,2450,708050
2026-08-25 14:25:00,ATM,PE,600.0,595.3,0.25,5.6,0.25,5.1,69.045578,8575,469175
2026-08-25 14:30:00,ATM,PE,590.0,592.6,0.1,0.15,0.1,0.15,35.150851,4900,692125
2026-08-25 14:35:00,ATM,PE,590.0,592.15,0.15,0.15,0.1,0.1,28.391912,11025,692125
2026-08-25 14:40:00,ATM,PE,590.0,592.4,0.5,0.5,0.1,0.5,57.308359,8575,692125
2026-08-25 14:45:00,ATM,PE,590.0,592.65,0.5,0.5,0.05,0.05,30.442375,4900,688450
2026-08-25 14:50:00,ATM,PE,590.0,592.5,0.1,0.1,0.05,0.05,30.675162,11025,681100
2026-08-25 14:55:00,ATM,PE,590.0,592.35,0.05,0.05,0.05,0.05,31.022656,1225,678650
2026-08-25 15:00:00,ATM,PE,590.0,592.0,0.05,0.05,0.05,0.05,29.331998,9800,676200
2026-08-25 15:05:00,ATM,PE,590.0,592.35,0.05,0.05,0.05,0.05,35.808241,0,676200
2026-08-25 15:10:00,ATM,PE,590.0,591.7,0.05,0.05,0.05,0.05,30.70997,0,676200
2026-08-25 15:15:00,ATM,PE,590.0,591.7,0.05,0.05,0.05,0.05,34.3261,0,676200
2026-08-25 15:20:00,ATM,PE,590.0,591.7,0.05,0.05,0.05,0.05,39.626624,1225,671300
2026-08-25 15:25:00,ATM,PE,590.0,592.6,0.05,0.05,0.05,0.05,66.988737,0,671300
2026-08-25 15:30:00,ATM,PE,590.0,592.6,0.05,0.05,0.05,0.05,94.725403,0,671300
2026-08-25 15:35:00,ATM,PE,590.0,592.6,0.05,0.05,0.05,0.05,0.0,0,671300
2026-08-20 09:15:00,ATM+1,CE,580.0,571.95,2.6,6.35,2.6,5.9,32.835365,2589650,2438975
2026-08-20 09:20:00,ATM+1,CE,580.0,570.3,5.9,5.9,5.05,5.15,32.29205,867300,2655800
2026-08-20 09:25:00,ATM+1,CE,580.0,568.55,5.35,5.55,4.5,4.5,32.064363,797475,2707250
2026-08-20 09:30:00,ATM+1,CE,580.0,569.0,4.5,4.8,4.35,4.45,31.27763,429975,2736650
2026-08-20 09:35:00,ATM+1,CE,580.0,569.3,4.5,4.7,4.45,4.65,31.699177,145775,2737875
2026-08-20 09:40:00,ATM+1,CE,580.0,568.2,4.5,4.65,3.8,3.9,30.06803,418950,2701125
2026-08-20 09:45:00,ATM+1,CE,580.0,567.5,3.85,4.1,3.75,3.75,30.329896,247450,2670500
2026-08-20 09:50:00,ATM+1,CE,580.0,568.1,3.9,4.0,3.7,4.0,30.63657,118825,2621500
2026-08-20 09:55:00,ATM+1,CE,580.0,567.7,4.0,4.1,3.85,3.85,30.524718,74725,2611700
2026-08-20 10:00:00,ATM+1,CE,580.0,567.15,3.85,3.95,3.75,3.9,31.442671,231525,2725625
2026-08-20 10:05:00,ATM+1,CE,580.0,568.05,3.7,4.15,3.7,4.0,30.733221,128625,2706025
2026-08-20 10:10:00,ATM+1,CE,580.0,567.55,4.0,4.0,3.8,3.95,31.171396,61250,2709700
2026-08-20 10:15:00,ATM+1,CE,580.0,567.9,3.8,4.15,3.8,4.05,31.15738,80850,2708475
2026-08-20 10:20:00,ATM+1,CE,580.0,569.4,4.25,4.45,4.05,4.4,30.652659,139650,2681525
2026-08-20 10:25:00,ATM+1,CE,580.0,569.0,4.35,4.4,4.05,4.25,30.580392,56350,2695000
2026-08-20 10:30:00,ATM+1,CE,580.0,571.7,4.2,5.1,4.2,4.85,29.310122,360150,2604350
2026-08-20 10:35:00,ATM+1,CE,580.0,571.95,4.9,5.5,4.85,5.1,29.937772,478975,2572500
2026-08-20 10:40:00,ATM+1,CE,580.0,570.7,5.05,5.1,4.6,4.65,29.939014,265825,2615375
2026-08-20 10:45:00,ATM+1,CE,580.0,570.25,4.65,4.75,4.4,4.5,29.966461,297675,2704800
2026-08-20 10:50:00,ATM+1,CE,580.0,569.45,4.4,4.55,4.25,4.35,30.447714,117600,2692550
2026-08-20 10:55:00,ATM+1,CE,580.0,569.55,4.2,4.45,4.15,4.15,29.507934,80850,2697450
2026-08-20 11:00:00,ATM+1,CE,580.0,570.05,4.15,4.3,4.05,4.3,29.4622,151900,2649675
2026-08-20 11:05:00,ATM+1,CE,580.0,571.25,4.35,4.85,4.3,4.8,29.821805,153125,2636200
2026-08-20 11:10:00,ATM+1,CE,580.0,570.85,4.65,4.8,4.35,4.55,29.398083,56350,2648450
2026-08-20 11:15:00,ATM+1,CE,580.0,570.0,4.6,4.75,4.45,4.45,30.168858,128625,2644775
2026-08-20 11:20:00,ATM+1,CE,580.0,568.2,4.3,4.45,3.95,4.05,30.914405,178850,2680300
2026-08-20 11:25:00,ATM+1,CE,580.0,567.75,3.85,4.05,3.8,3.85,30.656967,247450,2584750
2026-08-20 11:30:00,ATM+1,CE,580.0,568.35,3.95,4.0,3.85,4.0,30.532209,77175,2570050
2026-08-20 11:35:00,ATM+1,CE,580.0,567.85,4.0,4.0,3.9,3.95,30.976413,197225,2546775
2026-08-20 11:40:00,ATM+1,CE,580.0,568.65,4.0,4.2,3.95,4.2,30.998914,44100,2548000
2026-08-20 11:45:00,ATM+1,CE,580.0,569.85,4.2,4.5,4.1,4.5,30.640064,129850,2563925
2026-08-20 11:50:00,ATM+1,CE,580.0,568.6,4.5,4.5,4.0,4.1,30.669847,36750,2550450
2026-08-20 11:55:00,ATM+1,CE,580.0,569.7,4.25,4.45,4.1,4.4,30.458363,31850,2551675
2026-08-20 12:00:00,ATM+1,CE,580.0,569.15,4.45,4.45,4.25,4.25,30.590018,26950,2544325
2026-08-20 12:05:00,ATM+1,CE,580.0,569.0,4.2,4.3,4.05,4.15,30.385682,64925,2535750
2026-08-20 12:10:00,ATM+1,CE,580.0,571.2,4.25,4.95,4.15,4.9,30.428232,139650,2469600
2026-08-20 12:15:00,ATM+1,CE,580.0,573.9,4.9,5.95,4.9,5.8,29.943558,742350,2367925
2026-08-20 12:20:00,ATM+1,CE,580.0,572.3,5.8,6.0,5.0,5.0,29.269624,406700,2397325
2026-08-20 12:25:00,ATM+1,CE,580.0,573.2,5.0,5.6,5.0,5.35,29.309601,327075,2367925
2026-08-20 12:30:00,ATM+1,CE,580.0,572.35,5.25,5.35,4.95,4.95,29.023612,47775,2381400
2026-08-20 12:35:00,ATM+1,CE,580.0,571.95,4.9,4.95,4.75,4.75,28.826081,67375,2364250
2026-08-20 12:40:00,ATM+1,CE,580.0,571.7,4.7,4.8,4.6,4.75,29.192606,71050,2352000
2026-08-20 12:45:00,ATM+1,CE,580.0,573.15,4.8,5.35,4.75,5.1,28.464644,142100,2317700
2026-08-20 12:50:00,ATM+1,CE,580.0,572.35,5.15,5.15,4.75,4.75,28.283962,96775,2290750
2026-08-20 12:55:00,ATM+1,CE,580.0,571.35,4.65,4.75,4.4,4.4,28.325971,117600,2309125
2026-08-20 13:00:00,ATM+1,CE,580.0,570.8,4.3,4.4,4.1,4.2,28.290488,94325,2334850
2026-08-20 13:05:00,ATM+1,CE,580.0,570.65,4.15,4.2,4.0,4.05,27.895011,112700,2366700
2026-08-20 13:10:00,ATM+1,CE,580.0,570.5,4.1,4.2,4.0,4.0,27.903644,89425,2396100
2026-08-20 13:15:00,ATM+1,CE,580.0,570.25,4.1,4.1,3.9,4.05,28.456162,37975,2398550
2026-08-20 13:20:00,ATM+1,CE,580.0,570.1,3.85,4.05,3.65,3.85,27.841979,120050,2375275
2026-08-20 13:25:00,ATM+1,CE,580.0,569.95,3.85,3.85,3.85,3.85,28.05169,36750,2388750
2026-08-20 13:30:00,ATM+1,CE,580.0,570.0,3.85,3.95,3.85,3.9,28.20309,42875,2392425
2026-08-20 13:35:00,ATM+1,CE,580.0,569.65,3.95,3.95,3.85,3.85,28.470013,11025,2404675
2026-08-20 13:40:00,ATM+1,CE,580.0,569.85,3.95,3.95,3.85,3.95,28.631479,20825,2397325
2026-08-20 13:45:00,ATM+1,CE,580.0,569.75,3.95,3.95,3.9,3.9,28.567037,50225,2419375
2026-08-20 13:50:00,ATM+1,CE,580.0,569.95,3.9,3.9,3.8,3.9,28.311219,19600,2414475
2026-08-20 13:55:00,ATM+1,CE,580.0,569.75,3.95,4.05,3.9,3.95,28.796398,156800,2514925
2026-08-20 14:00:00,ATM+1,CE,580.0,570.05,4.0,4.05,3.9,4.0,28.613139,29400,2496550
2026-08-20 14:05:00,ATM+1,CE,580.0,570.95,4.05,4.25,4.0,4.25,28.422444,107800,2470825
2026-08-20 14:10:00,ATM+1,CE,580.0,570.25,4.3,4.3,4.0,4.1,28.777322,56350,2479400
2026-08-20 14:15:00,ATM+1,CE,580.0,570.25,4.1,4.1,3.85,4.0,28.37536,60025,2467150
2026-08-20 14:20:00,ATM+1,CE,580.0,569.6,4.0,4.0,3.65,3.8,28.420581,58800,2458575
2026-08-20 14:25:00,ATM+1,CE,580.0,569.8,3.8,3.8,3.7,3.7,27.746147,18375,2464700
2026-08-20 14:30:00,ATM+1,CE,580.0,570.0,3.8,4.05,3.7,3.9,28.327834,39200,2472050
2026-08-20 14:35:00,ATM+1,CE,580.0,570.15,3.9,3.95,3.85,3.95,28.344909,15925,2475725
2026-08-20 14:40:00,ATM+1,CE,580.0,570.4,3.85,4.1,3.85,4.1,28.637159,50225,2476950
2026-08-20 14:45:00,ATM+1,CE,580.0,570.25,4.0,4.1,3.95,3.95,28.231113,69825,2517375
2026-08-20 14:50:00,ATM+1,CE,580.0,571.25,4.0,4.2,3.9,4.15,27.69476,107800,2501450
2026-08-20 14:55:00,ATM+1,CE,580.0,571.1,4.15,4.2,4.0,4.0,27.300546,131075,2516150
2026-08-20 15:00:00,ATM+1,CE,580.0,571.2,3.95,4.0,3.7,3.9,26.763922,360150,2593325
2026-08-20 15:05:00,ATM+1,CE,580.0,571.2,3.85,3.95,3.75,3.95,26.978719,159250,2585975
2026-08-20 15:10:00,ATM+1,CE,580.0,573.0,4.2,4.65,3.95,4.5,26.644168,275625,2497775
2026-08-20 15:15:00,ATM+1,CE,580.0,573.0,4.5,4.5,3.95,3.95,24.475639,96775,2469600
2026-08-20 15:20:00,ATM+1,CE,580.0,573.0,4.0,4.0,3.85,3.95,24.484883,96775,2503900
2026-08-20 15:25:00,ATM+1,CE,580.0,573.9,3.95,4.1,3.95,3.95,23.191331,61250,2512475
2026-08-20 15:30:00,ATM+1,CE,580.0,573.9,3.95,4.35,3.95,4.3,24.572326,127400,2491650
2026-08-20 15:35:00,ATM+1,CE,580.0,573.9,4.35,4.45,4.15,4.4,24.972343,158025,2532075
2026-08-21 09:15:00,ATM+1,CE,600.0,589.05,4.0,5.55,3.15,4.8,35.181586,5350800,5883675
2026-08-21 09:20:00,ATM+1,CE,600.0,587.9,4.9,5.0,4.0,4.3,34.622793,2218475,5851825
2026-08-21 09:25:00,ATM+1,CE,600.0,591.8,4.3,5.5,4.3,5.45,33.870934,4236050,6150725
2026-08-21 09:30:00,ATM+1,CE,600.0,592.45,5.5,6.9,5.3,5.9,34.721488,6993525,6744850
2026-08-21 09:35:00,ATM+1,CE,600.0,593.8,6.0,6.95,5.75,6.4,34.584879,3415300,6768125
2026-08-21 09:40:00,ATM+1,CE,600.0,593.65,6.4,7.05,5.95,6.05,33.436551,3491250,6548850
2026-08-21 09:45:00,ATM+1,CE,600.0,591.6,6.05,6.05,5.05,5.25,33.405769,2325050,6472900
2026-08-21 09:50:00,ATM+1,CE,600.0,592.95,5.2,6.25,5.0,6.0,34.393664,1842400,6765675
2026-08-21 09:55:00,ATM+1,CE,600.0,592.35,6.05,6.4,5.8,5.9,34.955035,1073100,6777925
2026-08-21 10:00:00,ATM+1,CE,600.0,591.3,6.0,6.05,5.05,5.45,34.742302,1374450,6755875
2026-08-21 10:05:00,ATM+1,CE,600.0,591.4,5.4,5.95,5.3,5.65,35.436762,650475,6829375
2026-08-21 10:10:00,ATM+1,CE,600.0,592.15,5.7,6.05,5.65,5.9,35.316414,772975,6991075
2026-08-21 10:15:00,ATM+1,CE,600.0,592.0,5.9,6.0,5.45,5.45,33.708704,750925,6869800
2026-08-21 10:20:00,ATM+1,CE,600.0,591.35,5.35,5.5,4.55,5.15,33.470226,1726025,6867350
2026-08-21 10:25:00,ATM+1,CE,600.0,592.45,5.3,5.5,5.0,5.5,33.242602,535325,6728925
2026-08-21 10:30:00,ATM+1,CE,600.0,591.5,5.5,5.5,5.0,5.0,32.641435,423850,6860000
2026-08-21 10:35:00,ATM+1,CE,600.0,591.4,5.05,5.2,4.85,4.95,32.596662,290325,6826925
2026-08-21 10:40:00,ATM+1,CE,600.0,591.3,5.05,5.05,4.85,4.85,32.339461,171500,6845300
2026-08-21 10:45:00,ATM+1,CE,600.0,588.45,4.85,4.85,3.85,4.0,32.764177,1330350,6946975
2026-08-21 10:50:00,ATM+1,CE,600.0,587.45,3.95,4.2,3.6,3.85,33.467012,1168650,7037625
2026-08-21 10:55:00,ATM+1,CE,600.0,587.6,3.85,3.85,3.5,3.7,32.58665,877100,6953100
2026-08-21 11:00:00,ATM+1,CE,600.0,587.15,3.6,3.7,3.25,3.35,31.563,632100,6992300
2026-08-21 11:05:00,ATM+1,CE,600.0,589.55,3.6,3.95,3.35,3.9,30.837072,851375,6971475
2026-08-21 11:10:00,ATM+1,CE,600.0,589.0,3.85,3.9,3.65,3.75,30.94425,306250,7000875
2026-08-21 11:15:00,ATM+1,CE,600.0,588.3,3.75,3.75,3.5,3.55,31.00302,215600,6966575
2026-08-21 11:20:00,ATM+1,CE,600.0,588.4,3.5,3.6,3.5,3.6,31.111075,99225,6966575
2026-08-21 11:25:00,ATM+1,CE,600.0,589.3,3.55,3.75,3.5,3.75,30.568675,240100,6962900
2026-08-21 11:30:00,ATM+1,CE,600.0,589.35,3.75,3.9,3.7,3.8,30.737516,205800,6931050
2026-08-21 11:35:00,ATM+1,CE,600.0,589.45,3.7,3.8,3.7,3.8,30.611255,155575,6921250
2026-08-21 11:40:00,ATM+1,CE,600.0,588.15,3.85,3.85,3.5,3.65,31.736974,380975,6948200
2026-08-21 11:45:00,ATM+1,CE,600.0,587.65,3.6,3.65,3.5,3.5,31.729891,200900,6944525
2026-08-21 11:50:00,ATM+1,CE,600.0,587.4,3.6,3.6,3.45,3.55,32.313814,144550,6863675
2026-08-21 11:55:00,ATM+1,CE,600.0,587.0,3.5,3.55,3.4,3.5,32.62705,109025,6817125
2026-08-21 12:00:00,ATM+1,CE,600.0,587.15,3.5,3.55,3.45,3.5,32.441436,109025,6834275
2026-08-21 12:05:00,ATM+1,CE,600.0,587.0,3.45,3.6,3.45,3.6,33.128507,96775,6802425
2026-08-21 12:10:00,ATM+1,CE,600.0,586.95,3.5,3.6,3.4,3.55,32.973788,162925,6775475
2026-08-21 12:15:00,ATM+1,CE,600.0,587.0,3.55,3.55,3.45,3.55,32.921508,66150,6771800
2026-08-21 12:20:00,ATM+1,CE,600.0,587.45,3.55,3.7,3.55,3.6,32.566972,151900,6747300
2026-08-21 12:25:00,ATM+1,CE,600.0,589.25,3.6,3.95,3.6,3.95,31.704508,203350,6705650
2026-08-21 12:30:00,ATM+1,CE,600.0,589.4,3.95,4.1,3.9,4.05,31.954876,247450,6668900
2026-08-21 12:35:00,ATM+1,CE,600.0,589.5,4.05,4.1,3.8,4.05,31.826775,376075,6639500
2026-08-21 12:40:00,ATM+1,CE,600.0,590.0,4.15,4.25,3.95,4.2,31.789868,275625,6534150
2026-08-21 12:45:00,ATM+1,CE,600.0,590.0,4.2,4.25,4.1,4.25,32.024926,246225,6611325
2026-08-21 12:50:00,ATM+1,CE,600.0,590.05,4.25,4.35,4.1,4.15,31.524734,365050,6602750
2026-08-21 12:55:00,ATM+1,CE,600.0,590.8,4.25,4.45,4.15,4.4,31.538216,351575,6579475
2026-08-21 13:00:00,ATM+1,CE,600.0,591.65,4.55,4.85,4.4,4.75,31.782608,645575,6601525
2026-08-21 13:05:00,ATM+1,CE,600.0,592.75,4.9,5.75,4.75,5.4,32.822465,1643950,6221775
2026-08-21 13:10:00,ATM+1,CE,600.0,594.3,5.4,6.0,5.4,5.9,32.368473,916300,6030675
2026-08-21 13:15:00,ATM+1,CE,610.0,595.2,5.85,6.1,3.2,3.45,34.404319,1428350,2996350
2026-08-21 13:20:00,ATM+1,CE,600.0,593.55,6.5,6.5,5.45,5.85,33.436973,1378125,5343450
2026-08-21 13:25:00,ATM+1,CE,600.0,594.1,5.6,5.95,5.5,5.7,31.926524,412825,5310375
2026-08-21 13:30:00,ATM+1,CE,600.0,593.3,5.7,5.8,5.05,5.55,32.635239,775425,5231975
2026-08-21 13:35:00,ATM+1,CE,600.0,592.45,5.55,5.6,5.0,5.05,31.917146,456925,5219725
2026-08-21 13:40:00,ATM+1,CE,600.0,592.4,5.1,5.55,4.9,5.05,32.010143,423850,5255250
2026-08-21 13:45:00,ATM+1,CE,600.0,593.75,5.05,5.7,5.05,5.6,32.151021,611275,5217275
2026-08-21 13:50:00,ATM+1,CE,600.0,594.35,5.55,5.95,5.5,5.9,32.40208,439775,5214825
2026-08-21 13:55:00,ATM+1,CE,600.0,595.0,5.9,6.45,5.9,6.25,32.738999,682325,5206250
2026-08-21 14:00:00,ATM+1,CE,610.0,595.75,3.25,3.75,3.25,3.5,34.070974,709275,3132325
2026-08-21 14:05:00,ATM+1,CE,600.0,594.75,3.4,6.6,3.4,6.1,32.586558,785225,5246675
2026-08-21 14:10:00,ATM+1,CE,610.0,597.2,6.1,6.1,3.05,3.75,33.361463,505925,3193575
2026-08-21 14:15:00,ATM+1,CE,610.0,597.5,3.8,4.05,3.6,3.7,32.740696,1040025,3120075
2026-08-21 14:20:00,ATM+1,CE,610.0,596.85,3.75,3.75,3.35,3.65,33.393775,512050,3057600
2026-08-21 14:25:00,ATM+1,CE,610.0,596.8,3.65,3.65,3.3,3.45,32.531708,298900,3026975
2026-08-21 14:30:00,ATM+1,CE,610.0,595.95,3.4,3.5,3.3,3.3,32.937101,256025,3094350
2026-08-21 14:35:00,ATM+1,CE,610.0,596.15,3.25,3.5,3.25,3.4,33.1751,202125,3084550
2026-08-21 14:40:00,ATM+1,CE,610.0,596.0,3.4,3.65,3.4,3.5,33.866613,192325,3079650
2026-08-21 14:45:00,ATM+1,CE,610.0,596.25,3.4,3.5,3.3,3.3,32.592429,171500,3068625
2026-08-21 14:50:00,ATM+1,CE,610.0,596.0,3.3,3.35,3.25,3.25,32.688739,181300,3026975
2026-08-21 14:55:00,ATM+1,CE,610.0,595.8,3.3,3.3,2.95,3.0,31.73006,384650,3057600
2026-08-21 15:00:00,ATM+1,CE,610.0,595.7,6.0,6.05,2.6,2.9,31.371669,677425,3106600
2026-08-21 15:05:00,ATM+1,CE,610.0,596.55,2.85,3.35,2.8,3.35,32.500748,291550,3104150
2026-08-21 15:10:00,ATM+1,CE,610.0,595.65,3.2,3.35,3.0,3.05,32.212881,229075,3022075
2026-08-21 15:15:00,ATM+1,CE,610.0,595.65,3.1,3.2,3.05,3.1,32.475741,159250,3014725
2026-08-21 15:20:00,ATM+1,CE,610.0,595.65,3.05,3.1,3.0,3.05,32.242178,151900,2962050
2026-08-21 15:25:00,ATM+1,CE,600.0,594.9,2.95,6.15,2.9,6.0,32.158122,271950,4768925
2026-08-21 15:30:00,ATM+1,CE,600.0,594.9,6.0,6.1,5.9,5.9,31.76211,172725,4610900
2026-08-21 15:35:00,ATM+1,CE,600.0,594.9,5.85,6.2,5.8,6.0,32.187923,445900,4414900
2026-08-24 09:15:00,ATM+1,CE,600.0,594.35,2.6,4.75,1.55,3.55,41.911662,782775,4149075
2026-08-24 09:20:00,ATM+1,CE,600.0,594.95,3.95,4.15,1.3,3.85,42.566828,465500,4253200
2026-08-24 09:25:00,ATM+1,CE,600.0,593.5,3.65,3.85,3.3,3.4,43.182446,427525,4223800
2026-08-24 09:30:00,ATM+1,CE,600.0,595.0,3.25,3.6,3.25,3.5,39.896574,305025,4229925
2026-08-24 09:35:00,ATM+1,CE,600.0,594.9,3.6,3.9,3.4,3.9,43.269184,259700,4191950
2026-08-24 09:40:00,ATM+1,CE,610.0,596.0,4.1,4.1,1.6,1.75,45.704071,297675,2568825
2026-08-24 09:45:00,ATM+1,CE,610.0,596.9,1.9,2.25,1.75,2.0,46.385797,256025,2525950
2026-08-24 09:50:00,ATM+1,CE,610.0,596.5,2.1,2.1,1.8,1.8,45.310916,170275,2566375
2026-08-24 09:55:00,ATM+1,CE,610.0,598.65,1.9,2.35,1.8,2.2,44.594617,144550,2538200
2026-08-24 10:00:00,ATM+1,CE,610.0,598.2,2.2,2.25,2.05,2.15,45.193772,84525,2548000
2026-08-24 10:05:00,ATM+1,CE,610.0,598.85,2.2,2.45,2.15,2.35,45.640022,142100,2543100
2026-08-24 10:10:00,ATM+1,CE,610.0,596.6,2.35,2.35,1.8,1.8,45.362469,211925,2527175
2026-08-24 10:15:00,ATM+1,CE,610.0,596.5,1.8,1.85,1.65,1.65,44.092191,274400,2529625
2026-08-24 10:20:00,ATM+1,CE,610.0,596.05,1.7,1.7,1.4,1.55,44.016034,98000,2495325
2026-08-24 10:25:00,ATM+1,CE,610.0,595.3,1.6,1.7,1.35,1.35,43.357018,117600,2479400
2026-08-24 10:30:00,ATM+1,CE,610.0,595.85,1.35,1.5,1.35,1.5,44.005742,74725,2487975
2026-08-24 10:35:00,ATM+1,CE,600.0,595.0,1.6,4.05,1.4,3.55,41.042264,268275,4021675
2026-08-24 10:40:00,ATM+1,CE,610.0,596.25,1.35,1.7,1.35,1.55,43.865507,132300,2523500
2026-08-24 10:45:00,ATM+1,CE,610.0,596.9,1.75,1.8,1.55,1.65,43.647298,78400,2511250
2026-08-24 10:50:00,ATM+1,CE,610.0,597.55,1.7,1.9,1.65,1.9,44.868892,116375,2563925
2026-08-24 10:55:00,ATM+1,CE,610.0,598.0,1.9,1.9,1.85,1.85,43.464216,36750,2563925
2026-08-24 11:00:00,ATM+1,CE,610.0,597.75,1.9,2.0,1.7,1.7,42.561467,139650,2481850
2026-08-24 11:05:00,ATM+1,CE,610.0,598.8,1.75,2.05,1.7,2.05,43.763238,117600,2514925
2026-08-24 11:10:00,ATM+1,CE,610.0,598.25,1.95,2.05,1.65,1.65,41.109535,148225,2456125
2026-08-24 11:15:00,ATM+1,CE,610.0,599.0,1.6,1.85,1.6,1.85,41.525105,47775,2435300
2026-08-24 11:20:00,ATM+1,CE,610.0,601.95,1.85,2.8,1.8,2.75,42.681215,290325,2461025
2026-08-24 11:25:00,ATM+1,CE,610.0,602.8,2.5,3.25,2.4,3.25,44.662504,502250,2495325
2026-08-24 11:30:00,ATM+1,CE,610.0,602.7,3.25,3.25,2.65,3.1,43.774971,459375,2559025
2026-08-24 11:35:00,ATM+1,CE,610.0,601.35,2.9,3.1,2.2,2.45,41.800026,240100,2507575
2026-08-24 11:40:00,ATM+1,CE,610.0,601.5,2.45,2.65,2.4,2.6,42.793427,61250,2514925
2026-08-24 11:45:00,ATM+1,CE,610.0,601.8,2.5,2.85,2.3,2.85,44.235068,298900,2638650
2026-08-24 11:50:00,ATM+1,CE,610.0,600.5,2.95,3.05,2.4,2.45,44.068751,256025,2634975
2026-08-24 11:55:00,ATM+1,CE,610.0,601.3,2.4,2.65,2.4,2.65,43.923879,138425,2622725
2026-08-24 12:00:00,ATM+1,CE,610.0,602.6,2.65,3.1,2.6,3.05,44.03119,150675,2605575
2026-08-24 12:05:00,ATM+1,CE,610.0,602.5,2.95,3.05,2.7,2.9,43.11419,107800,2598225
2026-08-24 12:10:00,ATM+1,CE,610.0,602.8,2.75,2.9,2.75,2.8,41.557659,62475,2603125
2026-08-24 12:15:00,ATM+1,CE,610.0,601.7,2.9,2.9,2.35,2.35,40.567279,218050,2587200
2026-08-24 12:20:00,ATM+1,CE,610.0,602.0,2.35,2.45,2.0,2.1,37.667891,192325,2615375
2026-08-24 12:25:00,ATM+1,CE,620.0,605.25,2.65,2.75,1.1,1.3,43.723826,443450,2184175
2026-08-24 12:30:00,ATM+1,CE,620.0,606.75,1.45,1.65,1.3,1.65,44.636845,456925,2262575
2026-08-24 12:35:00,ATM+1,CE,620.0,609.5,1.7,2.2,1.65,2.15,43.588339,679875,2271150
2026-08-24 12:40:00,ATM+1,CE,620.0,610.45,2.45,2.95,2.1,2.5,44.590795,1372000,2337300
2026-08-24 12:45:00,ATM+1,CE,620.0,609.6,2.5,2.55,1.95,2.1,43.024974,624750,2265025
2026-08-24 12:50:00,ATM+1,CE,620.0,612.0,2.1,2.85,2.0,2.55,41.331809,1075550,2414475
2026-08-24 12:55:00,ATM+1,CE,620.0,612.25,2.65,3.15,2.4,2.75,42.466818,1788500,2617825
2026-08-24 13:00:00,ATM+1,CE,620.0,610.7,2.7,2.85,2.25,2.25,42.017364,668850,2702350
2026-08-24 13:05:00,ATM+1,CE,620.0,608.65,2.3,2.3,1.75,1.95,44.035825,834225,2730525
2026-08-24 13:10:00,ATM+1,CE,620.0,607.75,2.0,2.0,1.75,1.75,44.095552,238875,2704800
2026-08-24 13:15:00,ATM+1,CE,620.0,607.75,1.9,2.0,1.55,1.75,44.166529,333200,2623950
2026-08-24 13:20:00,ATM+1,CE,620.0,607.7,1.75,1.8,1.55,1.7,43.826453,249900,2681525
2026-08-24 13:25:00,ATM+1,CE,620.0,606.7,1.8,1.8,1.6,1.6,44.989429,183750,2672950
2026-08-24 13:30:00,ATM+1,CE,620.0,607.4,1.5,1.6,1.45,1.6,43.558609,221725,2680300
2026-08-24 13:35:00,ATM+1,CE,620.0,608.55,1.6,2.1,1.6,2.05,45.682354,425075,2582300
2026-08-24 13:40:00,ATM+1,CE,620.0,607.95,2.05,2.1,1.75,1.8,44.600881,194775,2630075
2026-08-24 13:45:00,ATM+1,CE,620.0,609.6,1.9,2.2,1.8,2.15,44.343729,256025,2633750
2026-08-24 13:50:00,ATM+1,CE,620.0,609.3,2.15,2.2,1.9,2.1,44.645827,302575,2499000
2026-08-24 13:55:00,ATM+1,CE,620.0,608.2,2.05,2.1,1.65,1.7,43.221879,95550,2473275
2026-08-24 14:00:00,ATM+1,CE,620.0,608.65,1.75,1.8,1.65,1.65,41.767068,67375,2461025
2026-08-24 14:05:00,ATM+1,CE,620.0,608.1,1.7,1.75,1.45,1.55,41.990532,123725,2464700
2026-08-24 14:10:00,ATM+1,CE,620.0,608.7,1.6,1.75,1.5,1.5,40.203883,55125,2462250
2026-08-24 14:15:00,ATM+1,CE,620.0,608.0,1.65,1.65,1.4,1.4,40.698396,90650,2469600
2026-08-24 14:20:00,ATM+1,CE,620.0,607.6,1.35,1.45,1.25,1.35,41.057701,166600,2467150
2026-08-24 14:25:00,ATM+1,CE,620.0,608.0,1.25,1.35,1.25,1.3,39.701055,100450,2456125
2026-08-24 14:30:00,ATM+1,CE,620.0,608.45,1.35,1.5,1.3,1.35,39.369834,51450,2446325
2026-08-24 14:35:00,ATM+1,CE,620.0,609.8,1.6,1.75,1.35,1.5,38.084008,521850,2467150
2026-08-24 14:40:00,ATM+1,CE,620.0,609.9,1.55,1.7,1.5,1.55,38.446029,258475,2554125
2026-08-24 14:45:00,ATM+1,CE,620.0,609.85,1.6,1.6,1.35,1.45,37.571429,170275,2543100
2026-08-24 14:50:00,ATM+1,CE,620.0,610.1,1.45,1.6,1.4,1.45,37.071037,164150,2497775
2026-08-24 14:55:00,ATM+1,CE,620.0,611.25,1.4,1.65,1.4,1.65,36.516581,249900,2539425
2026-08-24 15:00:00,ATM+1,CE,620.0,612.45,1.55,1.8,1.5,1.65,33.687134,581875,2527175
2026-08-24 15:05:00,ATM+1,CE,620.0,613.0,1.75,2.2,1.65,2.05,36.100815,1146600,2589650
2026-08-24 15:10:00,ATM+1,CE,620.0,608.0,2.1,3.9,1.0,1.45,42.035724,1435700,2681525
2026-08-24 15:15:00,ATM+1,CE,620.0,608.0,1.5,1.65,0.8,1.0,36.742336,469175,2714600
2026-08-24 15:20:00,ATM+1,CE,620.0,608.0,1.0,1.1,0.65,0.75,33.463909,463050,2842000
2026-08-24 15:25:00,ATM+1,CE,610.0,604.0,0.75,2.0,0.7,2.0,33.825657,401800,1788500
2026-08-24 15:30:00,ATM+1,CE,610.0,604.0,1.9,2.0,1.4,1.5,29.219418,208250,1798300
2026-08-24 15:35:00,ATM+1,CE,610.0,604.0,1.5,1.65,1.45,1.55,29.750374,164150,1817900
2026-08-25 09:15:00,ATM+1,CE,600.0,594.4,1.8,3.65,0.65,2.6,76.239185,300125,1468775
2026-08-25 09:20:00,ATM+1,CE,600.0,592.45,2.45,2.75,2.1,2.1,78.373563,265825,1488375
2026-08-25 09:25:00,ATM+1,CE,600.0,590.05,2.05,2.3,1.55,1.75,84.046098,388325,1476125
2026-08-25 09:30:00,ATM+1,CE,600.0,594.0,2.0,3.15,1.75,3.15,89.790572,405475,1440600
2026-08-25 09:35:00,ATM+1,CE,600.0,594.5,1.2,3.3,0.95,2.9,83.044374,268275,1432025
2026-08-25 09:40:00,ATM+1,CE,600.0,593.3,2.65,2.9,2.15,2.15,76.89464,148225,1409975
2026-08-25 09:45:00,ATM+1,CE,600.0,592.75,2.25,2.3,1.95,1.95,76.583895,71050,1395275
2026-08-25 09:50:00,ATM+1,CE,600.0,592.45,2.25,2.7,1.95,2.15,82.709511,84525,1406300
2026-08-25 09:55:00,ATM+1,CE,600.0,591.55,2.15,2.5,1.9,2.0,85.188517,128625,1432025
2026-08-25 10:00:00,ATM+1,CE,600.0,591.0,2.0,2.1,1.9,2.0,88.765165,71050,1450400
2026-08-25 10:05:00,ATM+1,CE,600.0,591.0,2.1,2.35,1.9,1.9,87.321579,104125,1449175
2026-08-25 10:10:00,ATM+1,CE,600.0,590.4,1.9,1.95,1.9,1.9,91.183202,31850,1445500
2026-08-25 10:15:00,ATM+1,CE,600.0,589.3,1.9,2.15,1.7,1.7,93.133403,68600,1443050
2026-08-25 10:20:00,ATM+1,CE,600.0,588.9,1.6,1.7,1.6,1.65,94.746081,72275,1429575
2026-08-25 10:25:00,ATM+1,CE,600.0,590.0,1.7,1.75,1.55,1.7,90.967605,115150,1439375
2026-08-25 10:30:00,ATM+1,CE,600.0,590.85,1.65,1.8,1.6,1.8,89.435521,28175,1450400
2026-08-25 10:35:00,ATM+1,CE,600.0,590.8,1.8,1.9,1.65,1.65,87.013814,132300,1521450
2026-08-25 10:40:00,ATM+1,CE,600.0,590.05,1.8,1.8,1.6,1.65,91.803105,66150,1528800
2026-08-25 10:45:00,ATM+1,CE,600.0,590.0,1.6,1.65,1.55,1.55,90.436249,55125,1525125
2026-08-25 10:50:00,ATM+1,CE,600.0,589.25,1.55,1.55,1.25,1.25,87.465974,165375,1542275
2026-08-25 10:55:00,ATM+1,CE,600.0,589.2,1.3,1.35,1.25,1.25,88.503805,49000,1539825
2026-08-25 11:00:00,ATM+1,CE,600.0,588.75,1.25,1.3,1.15,1.3,93.014452,30625,1533700
2026-08-25 11:05:00,ATM+1,CE,600.0,589.85,1.3,1.4,1.25,1.3,88.049875,68600,1506750
2026-08-25 11:10:00,ATM+1,CE,600.0,588.6,1.45,1.5,1.2,1.2,92.723369,39200,1506750
2026-08-25 11:15:00,ATM+1,CE,600.0,587.9,1.1,1.2,1.05,1.05,92.756041,82075,1499400
2026-08-25 11:20:00,ATM+1,CE,600.0,587.45,1.05,1.4,1.05,1.15,99.070571,180075,1555750
2026-08-25 11:25:00,ATM+1,CE,600.0,587.95,1.15,1.35,1.15,1.25,100.436583,35525,1554525
2026-08-25 11:30:00,ATM+1,CE,600.0,587.45,1.2,1.3,1.2,1.25,104.155416,11025,1547175
2026-08-25 11:35:00,ATM+1,CE,600.0,588.2,1.1,1.25,1.1,1.15,98.098671,15925,1542275
2026-08-25 11:40:00,ATM+1,CE,600.0,588.0,1.15,1.3,1.0,1.0,95.415365,363825,1482250
2026-08-25 11:45:00,ATM+1,CE,600.0,587.75,1.1,1.1,0.75,0.75,88.992419,189875,1338925
2026-08-25 11:50:00,ATM+1,CE,600.0,588.3,0.85,1.0,0.75,0.85,90.753795,89425,1303400
2026-08-25 11:55:00,ATM+1,CE,600.0,589.1,0.8,1.0,0.8,1.0,92.547671,35525,1297275
2026-08-25 12:00:00,ATM+1,CE,600.0,590.3,0.9,1.1,0.85,0.9,83.548907,53900,1293600
2026-08-25 12:05:00,ATM+1,CE,610.0,595.65,1.1,3.45,0.35,1.0,112.055814,720300,1064525
2026-08-25 12:10:00,ATM+1,CE,610.0,595.85,0.8,3.3,0.8,0.9,108.581125,164150,1053500
2026-08-25 12:15:00,ATM+1,CE,610.0,596.4,0.9,1.15,0.75,0.75,101.033719,78400,1062075
2026-08-25 12:20:00,ATM+1,CE,610.0,597.3,0.75,0.75,0.2,0.35,78.904119,91875,1060850
2026-08-25 12:25:00,ATM+1,CE,610.0,595.85,0.5,0.5,0.25,0.25,80.371218,120050,1065750
2026-08-25 12:30:00,ATM+1,CE,610.0,595.65,0.25,0.25,0.1,0.15,74.138537,84525,1048600
2026-08-25 12:35:00,ATM+1,CE,600.0,594.9,0.1,1.2,0.05,1.05,66.01533,80850,1152725
2026-08-25 12:40:00,ATM+1,CE,610.0,597.55,0.05,0.2,0.05,0.2,72.066122,30625,1025325
2026-08-25 12:45:00,ATM+1,CE,610.0,597.65,0.2,0.25,0.2,0.2,72.652729,58800,1042475
2026-08-25 12:50:00,ATM+1,CE,610.0,595.6,0.15,0.2,0.1,0.1,73.07802,45325,1011850
2026-08-25 12:55:00,ATM+1,CE,600.0,593.25,1.6,1.7,0.95,1.2,86.950466,53900,1068200
2026-08-25 13:00:00,ATM+1,CE,600.0,592.35,0.95,1.2,0.5,0.6,73.089036,154350,984900
2026-08-25 13:05:00,ATM+1,CE,600.0,592.1,0.4,0.6,0.35,0.45,69.23633,26950,965300
2026-08-25 13:10:00,ATM+1,CE,600.0,591.9,0.45,0.45,0.35,0.35,66.580148,13475,959175
2026-08-25 13:15:00,ATM+1,CE,600.0,594.5,0.45,0.95,0.35,0.95,74.706371,20825,951825
2026-08-25 13:20:00,ATM+1,CE,600.0,593.7,0.95,1.0,0.9,1.0,84.123359,7350,950600
2026-08-25 13:25:00,ATM+1,CE,600.0,594.05,0.9,1.0,0.9,1.0,82.934613,23275,943250
2026-08-25 13:30:00,ATM+1,CE,610.0,595.25,1.1,1.15,0.05,0.05,76.602751,8575,755825
2026-08-25 13:35:00,ATM+1,CE,600.0,594.45,0.05,1.65,0.05,1.25,91.85617,3675,939575
2026-08-25 13:40:00,ATM+1,CE,600.0,594.25,1.25,1.25,1.1,1.15,92.028879,7350,940800
2026-08-25 13:45:00,ATM+1,CE,610.0,595.25,1.15,1.15,0.05,0.05,81.667229,0,754600
2026-08-25 13:50:00,ATM+1,CE,610.0,595.5,1.0,1.0,0.05,0.05,82.368111,0,754600
2026-08-25 13:55:00,ATM+1,CE,610.0,595.45,0.05,0.95,0.05,0.05,84.65656,2450,753375
2026-08-25 14:00:00,ATM+1,CE,600.0,595.0,0.05,0.95,0.05,0.85,81.879384,2450,922425
2026-08-25 14:05:00,ATM+1,CE,610.0,595.25,0.95,1.0,0.05,0.05,90.299301,2450,752150
2026-08-25 14:10:00,ATM+1,CE,600.0,595.0,0.05,0.95,0.05,0.9,88.756561,8575,916300
2026-08-25 14:15:00,ATM+1,CE,610.0,595.25,0.05,0.05,0.05,0.05,95.782743,0,749700
2026-08-25 14:20:00,ATM+1,CE,600.0,595.0,0.85,1.0,0.85,1.0,99.061539,7350,906500
2026-08-25 14:25:00,ATM+1,CE,610.0,595.3,1.0,1.0,0.05,0.05,102.103032,0,747250
2026-08-25 14:30:00,ATM+1,CE,600.0,592.6,0.75,0.95,0.55,0.55,107.297635,17150,882000
2026-08-25 14:35:00,ATM+1,CE,600.0,592.15,0.55,0.55,0.35,0.35,101.268269,26950,868525
2026-08-25 14:40:00,ATM+1,CE,600.0,592.4,0.5,0.5,0.3,0.3,98.95306,24500,850150
2026-08-25 14:45:00,ATM+1,CE,600.0,592.65,0.3,0.5,0.3,0.5,118.045813,26950,823200
2026-08-25 14:50:00,ATM+1,CE,600.0,592.5,0.5,0.55,0.45,0.45,122.032961,2450,820750
2026-08-25 14:55:00,ATM+1,CE,600.0,592.35,0.55,0.55,0.25,0.35,121.76747,17150,807275
2026-08-25 15:00:00,ATM+1,CE,600.0,592.0,0.2,0.7,0.2,0.2,116.128751,6125,804825
2026-08-25 15:05:00,ATM+1,CE,600.0,592.35,0.2,0.8,0.15,0.7,175.455196,19600,791350
2026-08-25 15:10:00,ATM+1,CE,600.0,591.7,0.6,0.7,0.25,0.25,0.0,2450,790125
2026-08-25 15:15:00,ATM+1,CE,600.0,591.7,0.25,0.75,0.2,0.75,0.0,17150,780325
2026-08-25 15:20:00,ATM+1,CE,600.0,591.7,0.15,0.75,0.1,0.2,0.0,116375,665175
2026-08-25 15:25:00,ATM+1,CE,600.0,592.6,0.2,0.2,0.2,0.2,0.0,0,665175
2026-08-25 15:30:00,ATM+1,CE,600.0,592.6,0.2,0.95,0.05,0.95,0.0,56350,614950
2026-08-25 15:35:00,ATM+1,CE,600.0,592.6,0.95,0.95,0.95,0.95,0.0,0,614950
2026-08-20 09:15:00,ATM+1,PE,580.0,571.95,13.45,15.7,13.3,13.9,35.821069,170275,648025
2026-08-20 09:20:00,ATM+1,PE,580.0,570.3,13.9,14.95,13.85,14.55,34.387305,45325,672525
2026-08-20 09:25:00,ATM+1,PE,580.0,568.55,14.6,15.85,13.75,15.75,34.636083,44100,673750
2026-08-20 09:30:00,ATM+1,PE,580.0,569.0,15.95,15.95,15.15,15.15,33.435747,19600,668850
2026-08-20 09:35:00,ATM+1,PE,580.0,569.3,15.15,15.2,14.75,14.75,32.638475,3675,666400
2026-08-20 09:40:00,ATM+1,PE,580.0,568.2,14.85,14.85,14.75,14.85,29.997085,1225,666400
2026-08-20 09:45:00,ATM+1,PE,580.0,567.5,14.85,16.1,14.85,16.1,33.203495,7350,667625
2026-08-20 09:50:00,ATM+1,PE,580.0,568.1,16.0,16.1,16.0,16.0,34.480425,4900,667625
2026-08-20 09:55:00,ATM+1,PE,580.0,567.7,16.0,16.0,15.65,15.65,31.920748,2450,667625
2026-08-20 10:00:00,ATM+1,PE,580.0,567.15,16.15,16.15,15.65,16.15,32.423178,2450,672525
2026-08-20 10:05:00,ATM+1,PE,580.0,568.05,16.3,16.3,15.25,15.45,32.111005,19600,674975
2026-08-20 10:10:00,ATM+1,PE,580.0,567.55,15.45,16.0,15.45,16.0,32.977321,1225,676200
2026-08-20 10:15:00,ATM+1,PE,580.0,567.9,16.0,16.0,15.5,15.5,31.907685,14700,677425
2026-08-20 10:20:00,ATM+1,PE,580.0,569.4,15.75,15.75,15.0,15.0,33.987012,4900,678650
2026-08-20 10:25:00,ATM+1,PE,580.0,569.0,15.1,15.25,15.0,15.2,33.742715,4900,677425
2026-08-20 10:30:00,ATM+1,PE,580.0,571.7,15.2,15.2,13.1,13.1,32.327563,20825,673750
2026-08-20 10:35:00,ATM+1,PE,580.0,571.95,13.1,13.2,12.9,12.9,32.166042,24500,677425
2026-08-20 10:40:00,ATM+1,PE,580.0,570.7,12.9,12.9,12.85,12.85,28.848149,3675,679875
2026-08-20 10:45:00,ATM+1,PE,580.0,570.25,13.35,13.75,12.85,13.7,31.070736,7350,677425
2026-08-20 10:50:00,ATM+1,PE,580.0,569.45,13.7,14.55,13.7,14.55,32.373733,4900,677425
2026-08-20 10:55:00,ATM+1,PE,580.0,569.55,14.55,14.55,14.55,14.55,32.648806,1225,677425
2026-08-20 11:00:00,ATM+1,PE,580.0,570.05,14.7,14.7,14.4,14.4,33.363253,9800,674975
2026-08-20 11:05:00,ATM+1,PE,580.0,571.25,14.4,14.4,13.7,13.7,33.627037,11025,673750
2026-08-20 11:10:00,ATM+1,PE,580.0,570.85,13.45,14.25,13.45,14.25,34.797838,20825,672525
2026-08-20 11:15:00,ATM+1,PE,580.0,570.0,14.25,14.25,13.85,14.05,31.868401,8575,672525
2026-08-20 11:20:00,ATM+1,PE,580.0,568.2,14.15,15.2,14.05,15.2,31.634947,14700,674975
2026-08-20 11:25:00,ATM+1,PE,580.0,567.75,15.5,15.5,15.2,15.4,31.173698,25725,673750
2026-08-20 11:30:00,ATM+1,PE,580.0,568.35,15.4,15.4,15.3,15.3,32.495045,2450,673750
2026-08-20 11:35:00,ATM+1,PE,580.0,567.85,15.1,15.5,15.1,15.5,31.907549,8575,674975
2026-08-20 11:40:00,ATM+1,PE,580.0,568.65,15.5,15.5,15.5,15.5,34.16294,0,674975
2026-08-20 11:45:00,ATM+1,PE,580.0,569.85,15.5,15.5,13.85,13.85,30.718371,29400,673750
2026-08-20 11:50:00,ATM+1,PE,580.0,568.6,13.85,14.7,13.85,14.55,30.120394,2450,673750
2026-08-20 11:55:00,ATM+1,PE,580.0,569.7,14.55,14.55,14.55,14.55,33.159044,0,673750
2026-08-20 12:00:00,ATM+1,PE,580.0,569.15,14.55,14.55,13.7,14.15,30.042736,8575,671300
2026-08-20 12:05:00,ATM+1,PE,580.0,569.0,14.15,14.95,14.15,14.45,30.87086,12250,674975
2026-08-20 12:10:00,ATM+1,PE,580.0,571.2,14.45,14.45,13.0,13.0,30.888585,14700,668850
2026-08-20 12:15:00,ATM+1,PE,580.0,573.9,12.6,13.0,11.3,11.3,30.761262,33075,678650
2026-08-20 12:20:00,ATM+1,PE,580.0,572.3,11.15,12.15,11.15,12.15,30.301637,30625,690900
2026-08-20 12:25:00,ATM+1,PE,580.0,573.2,12.15,12.15,11.4,11.45,29.75024,33075,697025
2026-08-20 12:30:00,ATM+1,PE,580.0,572.35,11.45,12.2,11.45,12.0,29.857976,6125,699475
2026-08-20 12:35:00,ATM+1,PE,580.0,571.95,12.0,12.6,12.0,12.6,31.228006,6125,697025
2026-08-20 12:40:00,ATM+1,PE,580.0,571.7,12.5,12.6,12.35,12.35,29.639254,7350,697025
2026-08-20 12:45:00,ATM+1,PE,580.0,573.15,11.5,12.35,11.5,11.6,30.244009,9800,690900
2026-08-20 12:50:00,ATM+1,PE,580.0,572.35,11.8,11.85,11.6,11.85,29.308634,7350,687225
2026-08-20 12:55:00,ATM+1,PE,580.0,571.35,12.35,12.8,11.85,12.8,30.558903,4900,688450
2026-08-20 13:00:00,ATM+1,PE,580.0,570.8,12.8,13.55,12.8,13.55,32.141817,2450,686000
2026-08-20 13:05:00,ATM+1,PE,580.0,570.65,13.25,13.6,13.25,13.6,31.96597,7350,683550
2026-08-20 13:10:00,ATM+1,PE,580.0,570.5,13.6,13.6,13.6,13.6,31.58707,0,683550
2026-08-20 13:15:00,ATM+1,PE,580.0,570.25,13.6,13.6,13.6,13.6,30.938368,2450,683550
2026-08-20 13:20:00,ATM+1,PE,580.0,570.1,13.6,14.15,13.6,14.15,32.767425,2450,683550
2026-08-20 13:25:00,ATM+1,PE,580.0,569.95,14.15,14.15,13.8,13.8,30.963697,1225,683550
2026-08-20 13:30:00,ATM+1,PE,580.0,570.0,13.8,14.1,13.8,14.1,32.322359,3675,682325
2026-08-20 13:35:00,ATM+1,PE,580.0,569.65,14.0,14.1,14.0,14.0,30.982626,1225,683550
2026-08-20 13:40:00,ATM+1,PE,580.0,569.85,14.0,14.45,14.0,14.45,33.357382,8575,681100
2026-08-20 13:45:00,ATM+1,PE,580.0,569.75,14.45,14.5,14.45,14.5,33.305145,2450,681100
2026-08-20 13:50:00,ATM+1,PE,580.0,569.95,14.5,14.5,14.5,14.5,33.84039,0,681100
2026-08-20 13:55:00,ATM+1,PE,580.0,569.75,14.5,14.5,14.0,14.3,32.51472,7350,676200
2026-08-20 14:00:00,ATM+1,PE,580.0,570.05,14.3,14.35,14.1,14.1,32.512107,6125,676200
2026-08-20 14:05:00,ATM+1,PE,580.0,570.95,14.1,14.1,13.5,13.5,32.449576,12250,674975
2026-08-20 14:10:00,ATM+1,PE,580.0,570.25,13.5,13.8,13.5,13.8,31.848027,2450,676200
2026-08-20 14:15:00,ATM+1,PE,580.0,570.25,13.8,13.8,13.8,13.8,31.85747,0,676200
2026-08-20 14:20:00,ATM+1,PE,580.0,569.6,13.8,13.95,13.8,13.95,30.720235,1225,673750
2026-08-20 14:25:00,ATM+1,PE,580.0,569.8,13.95,13.95,13.95,13.95,31.278976,0,677425
2026-08-20 14:30:00,ATM+1,PE,580.0,570.0,13.95,14.0,13.8,13.8,31.217478,8575,677425
2026-08-20 14:35:00,ATM+1,PE,580.0,570.15,13.8,13.8,13.8,13.8,31.629579,0,677425
2026-08-20 14:40:00,ATM+1,PE,580.0,570.4,13.8,13.95,13.8,13.95,32.902889,1225,677425
2026-08-20 14:45:00,ATM+1,PE,580.0,570.25,13.95,13.95,13.95,13.95,32.520775,0,677425
2026-08-20 14:50:00,ATM+1,PE,580.0,571.25,13.95,13.95,13.5,13.5,33.293219,7350,673750
2026-08-20 14:55:00,ATM+1,PE,580.0,571.1,13.5,13.7,13.5,13.5,32.927229,11025,670075
2026-08-20 15:00:00,ATM+1,PE,580.0,571.2,13.8,13.8,13.15,13.15,31.798596,64925,695800
2026-08-20 15:05:00,ATM+1,PE,580.0,571.2,13.35,13.7,13.15,13.5,33.198501,9800,698250
2026-08-20 15:10:00,ATM+1,PE,580.0,573.0,13.15,13.5,11.6,12.25,32.670054,20825,708050
2026-08-20 15:15:00,ATM+1,PE,580.0,573.0,12.25,12.5,12.25,12.5,33.64466,1225,706825
2026-08-20 15:20:00,ATM+1,PE,580.0,573.0,12.95,12.95,12.5,12.95,35.386871,2450,708050
2026-08-20 15:25:00,ATM+1,PE,580.0,573.9,12.95,12.95,12.8,12.8,36.836444,1225,709275
2026-08-20 15:30:00,ATM+1,PE,580.0,573.9,12.8,12.9,12.15,12.15,34.374187,15925,703150
2026-08-20 15:35:00,ATM+1,PE,580.0,573.9,12.5,12.75,12.15,12.75,36.669461,18375,700700
2026-08-21 09:15:00,ATM+1,PE,600.0,589.05,13.55,23.35,13.4,16.0,39.25095,184975,1127000
2026-08-21 09:20:00,ATM+1,PE,600.0,587.9,16.35,16.8,16.0,16.3,37.27366,64925,1107400
2026-08-21 09:25:00,ATM+1,PE,600.0,591.8,16.4,16.4,14.45,14.45,40.016417,95550,1097600
2026-08-21 09:30:00,ATM+1,PE,600.0,592.45,14.4,14.45,12.75,13.3,36.957135,192325,1063300
2026-08-21 09:35:00,ATM+1,PE,600.0,593.8,13.9,13.9,12.4,12.6,37.382214,132300,1090250
2026-08-21 09:40:00,ATM+1,PE,600.0,593.65,12.8,12.8,11.65,12.0,34.63574,144550,1136800
2026-08-21 09:45:00,ATM+1,PE,600.0,591.6,12.45,13.4,12.0,13.4,35.261692,113925,1177225
2026-08-21 09:50:00,ATM+1,PE,600.0,592.95,13.75,13.8,12.6,12.6,35.395054,50225,1168650
2026-08-21 09:55:00,ATM+1,PE,600.0,592.35,12.9,12.9,12.25,12.8,34.733439,24500,1184575
2026-08-21 10:00:00,ATM+1,PE,600.0,591.3,12.65,13.4,12.65,13.3,34.096432,28175,1183350
2026-08-21 10:05:00,ATM+1,PE,600.0,591.4,13.05,13.3,12.7,13.15,33.747426,30625,1178450
2026-08-21 10:10:00,ATM+1,PE,600.0,592.15,13.2,13.2,12.8,12.95,34.881258,56350,1178450
2026-08-21 10:15:00,ATM+1,PE,600.0,592.0,12.9,13.0,12.5,13.0,34.716743,37975,1190700
2026-08-21 10:20:00,ATM+1,PE,600.0,591.35,12.75,13.8,12.75,13.0,33.021127,66150,1178450
2026-08-21 10:25:00,ATM+1,PE,600.0,592.45,12.95,13.1,12.4,12.4,33.417899,18375,1183350
2026-08-21 10:30:00,ATM+1,PE,600.0,591.5,12.55,13.15,12.4,13.15,34.074716,11025,1183350
2026-08-21 10:35:00,ATM+1,PE,600.0,591.4,13.15,13.15,13.15,13.15,33.82154,0,1183350
2026-08-21 10:40:00,ATM+1,PE,600.0,591.3,12.9,13.25,12.9,13.25,33.986524,18375,1182125
2026-08-21 10:45:00,ATM+1,PE,600.0,588.45,13.25,14.95,13.25,14.95,33.170042,72275,1178450
2026-08-21 10:50:00,ATM+1,PE,600.0,587.45,14.9,16.15,14.8,15.9,34.336225,132300,1173550
2026-08-21 10:55:00,ATM+1,PE,600.0,587.6,15.8,16.5,15.6,15.6,33.457192,28175,1156400
2026-08-21 11:00:00,ATM+1,PE,600.0,587.15,15.5,16.4,15.5,16.0,33.849776,15925,1149050
2026-08-21 11:05:00,ATM+1,PE,600.0,589.55,15.9,16.0,14.4,14.45,34.304367,30625,1141700
2026-08-21 11:10:00,ATM+1,PE,600.0,589.0,14.55,14.9,14.45,14.75,34.013531,13475,1134350
2026-08-21 11:15:00,ATM+1,PE,600.0,588.3,14.55,15.05,14.55,15.05,33.224969,13475,1128225
2026-08-21 11:20:00,ATM+1,PE,600.0,588.4,14.95,15.15,14.95,15.0,33.323521,12250,1125775
2026-08-21 11:25:00,ATM+1,PE,600.0,589.3,14.95,15.0,14.55,14.55,34.060673,13475,1117200
2026-08-21 11:30:00,ATM+1,PE,600.0,589.35,14.55,14.55,14.3,14.3,33.120566,14700,1111075
2026-08-21 11:35:00,ATM+1,PE,600.0,589.45,14.3,14.55,14.3,14.55,34.525489,7350,1106175
2026-08-21 11:40:00,ATM+1,PE,600.0,588.15,14.45,15.45,14.45,15.4,34.398204,31850,1102500
2026-08-21 11:45:00,ATM+1,PE,600.0,587.65,15.3,15.6,15.3,15.5,33.278985,12250,1101275
2026-08-21 11:50:00,ATM+1,PE,600.0,587.4,15.5,15.75,15.5,15.55,32.701646,17150,1093925
2026-08-21 11:55:00,ATM+1,PE,600.0,587.0,15.65,15.7,15.55,15.7,32.067835,13475,1084125
2026-08-21 12:00:00,ATM+1,PE,600.0,587.15,15.7,15.8,15.55,15.55,31.880593,15925,1085350
2026-08-21 12:05:00,ATM+1,PE,600.0,587.0,15.55,15.8,15.55,15.55,31.372325,9800,1079225
2026-08-21 12:10:00,ATM+1,PE,600.0,586.95,15.6,16.25,15.55,15.7,31.929247,15925,1069425
2026-08-21 12:15:00,ATM+1,PE,600.0,587.0,15.6,15.75,15.6,15.6,31.634944,9800,1062075
2026-08-21 12:20:00,ATM+1,PE,600.0,587.45,15.45,15.8,14.95,15.65,33.404658,25725,1052275
2026-08-21 12:25:00,ATM+1,PE,600.0,589.25,14.85,15.65,14.5,14.5,33.841376,14700,1051050
2026-08-21 12:30:00,ATM+1,PE,600.0,589.4,14.3,14.5,14.0,14.0,32.081311,33075,1038800
2026-08-21 12:35:00,ATM+1,PE,600.0,589.5,14.0,14.6,13.9,13.9,31.950534,22050,1038800
2026-08-21 12:40:00,ATM+1,PE,600.0,590.0,14.0,14.0,13.6,13.6,32.130282,7350,1032675
2026-08-21 12:45:00,ATM+1,PE,600.0,590.0,13.6,13.7,13.35,13.45,31.479056,30625,1032675
2026-08-21 12:50:00,ATM+1,PE,600.0,590.05,13.5,13.85,13.2,13.65,32.521613,26950,1022875
2026-08-21 12:55:00,ATM+1,PE,600.0,590.8,13.35,13.65,13.0,13.25,32.948434,14700,1020425
2026-08-21 13:00:00,ATM+1,PE,600.0,591.65,13.05,13.25,12.6,12.9,33.801134,20825,1022875
2026-08-21 13:05:00,ATM+1,PE,600.0,592.75,12.05,12.9,11.3,11.95,32.715162,85750,1019200
2026-08-21 13:10:00,ATM+1,PE,600.0,594.3,11.85,11.95,11.1,11.4,34.299994,50225,1010625
2026-08-21 13:15:00,ATM+1,PE,610.0,595.2,11.1,18.05,10.85,17.6,34.570156,75950,282975
2026-08-21 13:20:00,ATM+1,PE,600.0,593.55,11.05,11.9,11.05,11.5,32.911598,138425,1055950
2026-08-21 13:25:00,ATM+1,PE,600.0,594.1,11.75,11.75,10.9,11.2,33.041659,23275,1053500
2026-08-21 13:30:00,ATM+1,PE,600.0,593.3,11.2,11.9,11.2,11.6,32.724093,31850,1043700
2026-08-21 13:35:00,ATM+1,PE,600.0,592.45,11.6,12.2,11.6,12.2,33.057116,13475,1049825
2026-08-21 13:40:00,ATM+1,PE,600.0,592.4,12.0,12.55,11.6,12.1,32.517482,22050,1044925
2026-08-21 13:45:00,ATM+1,PE,600.0,593.75,12.1,12.1,11.2,11.25,32.43888,36750,1043700
2026-08-21 13:50:00,ATM+1,PE,600.0,594.35,11.35,11.35,10.95,11.05,33.094544,15925,1048600
2026-08-21 13:55:00,ATM+1,PE,600.0,595.0,11.0,11.1,10.75,10.75,33.423864,25725,1051050
2026-08-21 14:00:00,ATM+1,PE,610.0,595.75,17.7,17.8,17.45,17.45,35.871841,14700,290325
2026-08-21 14:05:00,ATM+1,PE,600.0,594.75,17.15,17.45,10.35,10.4,31.432472,68600,1060850
2026-08-21 14:10:00,ATM+1,PE,610.0,597.2,10.5,17.35,10.4,17.35,40.033901,6125,275625
2026-08-21 14:15:00,ATM+1,PE,610.0,597.5,15.55,17.35,15.55,15.75,33.788542,28175,276850
2026-08-21 14:20:00,ATM+1,PE,610.0,596.85,15.75,16.15,15.75,16.15,33.519477,2450,278075
2026-08-21 14:25:00,ATM+1,PE,610.0,596.8,16.15,16.75,16.15,16.75,36.146591,6125,279300
2026-08-21 14:30:00,ATM+1,PE,610.0,595.95,16.35,16.75,16.35,16.35,31.34758,1225,280525
2026-08-21 14:35:00,ATM+1,PE,610.0,596.15,16.35,16.35,16.35,16.35,32.08625,0,280525
2026-08-21 14:40:00,ATM+1,PE,610.0,596.0,16.35,16.35,16.35,16.35,31.554048,0,280525
2026-08-21 14:45:00,ATM+1,PE,610.0,596.25,16.5,16.5,16.35,16.5,33.189287,1225,279300
2026-08-21 14:50:00,ATM+1,PE,610.0,596.0,16.5,16.6,16.5,16.6,32.802336,1225,280525
2026-08-21 14:55:00,ATM+1,PE,610.0,595.8,16.6,16.6,16.6,16.6,32.090731,0,280525
2026-08-21 15:00:00,ATM+1,PE,610.0,595.7,10.3,17.25,10.25,17.25,34.908706,11025,280525
2026-08-21 15:05:00,ATM+1,PE,610.0,596.55,17.25,17.25,16.05,16.2,32.844136,15925,287875
2026-08-21 15:10:00,ATM+1,PE,610.0,595.65,16.5,16.85,16.2,16.85,32.811993,3675,284200
2026-08-21 15:15:00,ATM+1,PE,610.0,595.65,16.85,16.85,16.7,16.7,32.080397,2450,284200
2026-08-21 15:20:00,ATM+1,PE,610.0,595.65,16.7,16.7,16.7,16.7,32.092098,0,284200
2026-08-21 15:25:00,ATM+1,PE,600.0,594.9,16.7,16.7,9.55,9.6,28.692053,2450,1080450
2026-08-21 15:30:00,ATM+1,PE,600.0,594.9,9.65,9.7,9.55,9.7,29.116232,11025,1084125
2026-08-21 15:35:00,ATM+1,PE,600.0,594.9,9.6,9.8,9.45,9.6,28.7141,52675,1096375
2026-08-24 09:15:00,ATM+1,PE,600.0,594.35,14.0,15.2,8.25,10.15,50.652258,66150,1141700
2026-08-24 09:20:00,ATM+1,PE,600.0,594.95,9.55,18.0,8.95,9.35,47.485971,23275,1134350
2026-08-24 09:25:00,ATM+1,PE,600.0,593.5,9.35,10.35,9.35,10.35,48.262355,23275,1129450
2026-08-24 09:30:00,ATM+1,PE,600.0,595.0,10.3,10.5,10.0,10.05,53.040328,22050,1117200
2026-08-24 09:35:00,ATM+1,PE,600.0,594.9,9.7,10.05,9.45,9.45,48.195756,14700,1112300
2026-08-24 09:40:00,ATM+1,PE,610.0,596.0,9.1,16.8,9.0,16.8,57.669319,7350,280525
2026-08-24 09:45:00,ATM+1,PE,610.0,596.9,15.0,16.8,15.0,15.45,51.638545,18375,278075
2026-08-24 09:50:00,ATM+1,PE,610.0,596.5,14.8,15.45,14.8,15.2,46.38471,9800,279300
2026-08-24 09:55:00,ATM+1,PE,610.0,598.65,15.2,15.2,13.35,13.55,46.471016,9800,275625
2026-08-24 10:00:00,ATM+1,PE,610.0,598.2,13.55,13.95,13.55,13.85,46.176764,7350,276850
2026-08-24 10:05:00,ATM+1,PE,610.0,598.85,13.85,13.85,13.0,13.0,42.939956,14700,282975
2026-08-24 10:10:00,ATM+1,PE,610.0,596.6,13.15,13.15,13.0,13.15,0.0,1225,287875
2026-08-24 10:15:00,ATM+1,PE,610.0,596.5,15.25,15.25,13.15,15.2,46.689825,7350,289100
2026-08-24 10:20:00,ATM+1,PE,610.0,596.05,15.2,16.1,15.2,15.95,50.681143,4900,291550
2026-08-24 10:25:00,ATM+1,PE,610.0,595.3,15.95,15.95,14.75,15.3,36.54024,6125,291550
2026-08-24 10:30:00,ATM+1,PE,610.0,595.85,15.3,15.3,15.3,15.3,42.365056,0,291550
2026-08-24 10:35:00,ATM+1,PE,600.0,595.0,15.3,16.2,8.15,9.0,46.023294,19600,1102500
2026-08-24 10:40:00,ATM+1,PE,610.0,596.25,16.2,16.5,16.2,16.5,57.57589,1225,298900
2026-08-24 10:45:00,ATM+1,PE,610.0,596.9,16.5,16.5,15.45,15.45,52.476717,1225,300125
2026-08-24 10:50:00,ATM+1,PE,610.0,597.55,15.45,15.45,14.65,14.65,49.6727,3675,300125
2026-08-24 10:55:00,ATM+1,PE,610.0,598.0,14.65,14.65,14.65,14.65,52.813432,0,300125
2026-08-24 11:00:00,ATM+1,PE,610.0,597.75,14.65,14.65,14.65,14.65,51.205119,0,300125
2026-08-24 11:05:00,ATM+1,PE,610.0,598.8,14.65,14.65,14.65,14.65,57.966859,0,300125
2026-08-24 11:10:00,ATM+1,PE,610.0,598.25,14.65,14.65,14.65,14.65,54.657943,0,300125
2026-08-24 11:15:00,ATM+1,PE,610.0,599.0,14.65,14.65,14.65,14.65,59.311246,0,298900
2026-08-24 11:20:00,ATM+1,PE,610.0,601.95,14.65,14.65,10.85,10.85,44.741262,20825,295225
2026-08-24 11:25:00,ATM+1,PE,610.0,602.8,11.25,11.25,10.85,10.85,49.437409,8575,295225
2026-08-24 11:30:00,ATM+1,PE,610.0,602.7,10.2,10.85,10.2,10.25,44.14642,29400,302575
2026-08-24 11:35:00,ATM+1,PE,610.0,601.35,10.6,11.4,10.25,11.4,46.046091,23275,305025
2026-08-24 11:40:00,ATM+1,PE,610.0,601.5,11.4,11.4,10.5,10.5,39.248221,14700,303800
2026-08-24 11:45:00,ATM+1,PE,610.0,601.8,10.85,11.1,10.5,10.6,42.054666,9800,309925
2026-08-24 11:50:00,ATM+1,PE,610.0,600.5,10.6,11.4,10.6,11.35,40.375891,4900,311150
2026-08-24 11:55:00,ATM+1,PE,610.0,601.3,11.5,11.5,10.7,10.7,39.89725,3675,309925
2026-08-24 12:00:00,ATM+1,PE,610.0,602.6,10.7,10.7,10.7,10.7,47.656708,0,308700
2026-08-24 12:05:00,ATM+1,PE,610.0,602.5,9.9,10.7,9.9,9.95,40.938381,19600,316050
2026-08-24 12:10:00,ATM+1,PE,610.0,602.8,9.95,9.95,9.95,9.95,42.731909,4900,319725
2026-08-24 12:15:00,ATM+1,PE,610.0,601.7,9.95,10.4,9.95,10.05,36.890045,14700,324625
2026-08-24 12:20:00,ATM+1,PE,610.0,602.0,10.05,10.05,10.05,10.05,38.911535,0,323400
2026-08-24 12:25:00,ATM+1,PE,620.0,605.25,9.6,18.4,8.7,15.95,44.803056,20825,352800
2026-08-24 12:30:00,ATM+1,PE,620.0,606.75,15.95,15.95,15.35,15.6,53.541541,14700,351575
2026-08-24 12:35:00,ATM+1,PE,620.0,609.5,15.15,15.6,14.15,14.15,58.442531,37975,340550
2026-08-24 12:40:00,ATM+1,PE,620.0,610.45,13.45,14.15,12.4,12.65,51.439332,24500,343000
2026-08-24 12:45:00,ATM+1,PE,620.0,609.6,12.65,13.15,12.3,12.5,44.792477,19600,331975
2026-08-24 12:50:00,ATM+1,PE,620.0,612.0,12.5,12.5,11.15,11.15,47.9708,13475,325850
2026-08-24 12:55:00,ATM+1,PE,620.0,612.25,11.15,11.9,10.7,11.3,50.647779,36750,317275
2026-08-24 13:00:00,ATM+1,PE,620.0,610.7,11.55,12.45,11.3,12.45,51.525992,7350,314825
2026-08-24 13:05:00,ATM+1,PE,620.0,608.65,12.7,14.5,12.45,14.45,56.395317,15925,312375
2026-08-24 13:10:00,ATM+1,PE,620.0,607.75,14.45,14.7,14.45,14.7,52.778874,14700,312375
2026-08-24 13:15:00,ATM+1,PE,620.0,607.75,14.7,14.7,14.7,14.7,52.858151,1225,312375
2026-08-24 13:20:00,ATM+1,PE,620.0,607.7,14.7,14.7,14.7,14.7,52.585758,0,312375
2026-08-24 13:25:00,ATM+1,PE,620.0,606.7,14.7,14.7,14.7,14.7,44.827289,0,312375
2026-08-24 13:30:00,ATM+1,PE,620.0,607.4,14.7,15.7,14.7,15.65,59.497442,3675,309925
2026-08-24 13:35:00,ATM+1,PE,620.0,608.55,15.65,15.65,14.6,14.6,57.609674,7350,312375
2026-08-24 13:40:00,ATM+1,PE,620.0,607.95,14.6,14.6,14.6,14.6,53.718827,0,312375
2026-08-24 13:45:00,ATM+1,PE,620.0,609.6,14.6,14.6,14.6,14.6,64.104073,0,312375
2026-08-24 13:50:00,ATM+1,PE,620.0,609.3,14.6,14.6,13.45,13.45,52.392334,3675,316050
2026-08-24 13:55:00,ATM+1,PE,620.0,608.2,13.45,13.45,13.45,13.45,44.585196,0,316050
2026-08-24 14:00:00,ATM+1,PE,620.0,608.65,13.45,13.8,13.45,13.8,51.406672,1225,314825
2026-08-24 14:05:00,ATM+1,PE,620.0,608.1,13.8,13.8,13.8,13.8,47.484068,0,314825
2026-08-24 14:10:00,ATM+1,PE,620.0,608.7,13.8,13.8,13.8,13.8,51.91222,0,314825
2026-08-24 14:15:00,ATM+1,PE,620.0,608.0,13.8,14.4,13.8,14.4,52.756764,2450,314825
2026-08-24 14:20:00,ATM+1,PE,620.0,607.6,14.4,14.4,14.4,14.4,49.873979,1225,316050
2026-08-24 14:25:00,ATM+1,PE,620.0,608.0,14.4,14.9,14.4,14.9,57.629628,1225,316050
2026-08-24 14:30:00,ATM+1,PE,620.0,608.45,14.9,14.9,14.9,14.9,60.671917,0,316050
2026-08-24 14:35:00,ATM+1,PE,620.0,609.8,14.9,14.9,14.9,14.9,68.81425,0,316050
2026-08-24 14:40:00,ATM+1,PE,620.0,609.9,14.9,14.9,11.65,11.9,42.751633,12250,314825
2026-08-24 14:45:00,ATM+1,PE,620.0,609.85,11.9,11.9,11.9,11.9,42.444419,0,314825
2026-08-24 14:50:00,ATM+1,PE,620.0,610.1,12.3,12.3,11.9,12.0,45.303351,3675,307475
2026-08-24 14:55:00,ATM+1,PE,620.0,611.25,12.0,12.0,11.25,11.25,46.160153,1225,307475
2026-08-24 15:00:00,ATM+1,PE,620.0,612.45,11.65,12.05,11.25,11.25,53.360982,19600,312375
2026-08-24 15:05:00,ATM+1,PE,620.0,613.0,11.5,11.5,9.75,10.35,48.925532,53900,323400
2026-08-24 15:10:00,ATM+1,PE,620.0,608.0,10.35,19.8,5.35,15.55,64.470057,418950,309925
2026-08-24 15:15:00,ATM+1,PE,620.0,608.0,15.55,21.1,15.1,19.05,94.816706,25725,303800
2026-08-24 15:20:00,ATM+1,PE,620.0,608.0,18.45,24.75,18.45,23.0,127.390285,17150,295225
2026-08-24 15:25:00,ATM+1,PE,610.0,604.0,22.4,23.0,12.05,12.05,69.432461,3675,927325
2026-08-24 15:30:00,ATM+1,PE,610.0,604.0,11.85,14.25,11.25,14.25,87.368316,39200,921200
2026-08-24 15:35:00,ATM+1,PE,610.0,604.0,13.8,14.25,13.55,14.25,87.51709,35525,929775
2026-08-25 09:15:00,ATM+1,PE,600.0,594.4,12.1,16.0,4.5,7.0,55.441761,105350,997150
2026-08-25 09:20:00,ATM+1,PE,600.0,592.45,6.8,9.0,6.75,9.0,66.548624,222950,905275
2026-08-25 09:25:00,ATM+1,PE,600.0,590.05,9.0,12.95,8.85,11.3,76.324412,134750,846475
2026-08-25 09:30:00,ATM+1,PE,600.0,594.0,12.15,12.2,8.0,8.0,69.997326,116375,834225
2026-08-25 09:35:00,ATM+1,PE,600.0,594.5,15.5,16.0,6.8,8.1,78.484697,13475,820750
2026-08-25 09:40:00,ATM+1,PE,600.0,593.3,8.05,8.15,7.9,7.9,58.878032,18375,818300
2026-08-25 09:45:00,ATM+1,PE,600.0,592.75,8.5,9.0,7.9,8.95,72.41358,12250,820750
2026-08-25 09:50:00,ATM+1,PE,600.0,592.45,8.95,9.0,8.95,9.0,69.326553,4900,823200
2026-08-25 09:55:00,ATM+1,PE,600.0,591.55,9.0,10.0,8.45,9.7,69.957775,28175,820750
2026-08-25 10:00:00,ATM+1,PE,600.0,591.0,9.65,10.25,9.65,10.25,73.16942,6125,824425
2026-08-25 10:05:00,ATM+1,PE,600.0,591.0,10.1,10.25,9.4,10.0,67.682287,29400,824425
2026-08-25 10:10:00,ATM+1,PE,600.0,590.4,10.0,11.3,10.0,11.0,80.775276,17150,812175
2026-08-25 10:15:00,ATM+1,PE,600.0,589.3,11.15,11.3,10.85,11.3,65.168967,11025,808500
2026-08-25 10:20:00,ATM+1,PE,600.0,588.9,11.55,11.8,11.3,11.3,51.71516,22050,790125
2026-08-25 10:25:00,ATM+1,PE,600.0,590.0,11.3,11.45,10.5,10.5,59.8761,19600,779100
2026-08-25 10:30:00,ATM+1,PE,600.0,590.85,10.5,10.9,10.5,10.5,79.807588,52675,775425
2026-08-25 10:35:00,ATM+1,PE,600.0,590.8,10.5,11.0,9.75,11.0,91.231453,144550,641900
2026-08-25 10:40:00,ATM+1,PE,600.0,590.05,10.65,11.05,10.45,10.45,61.110109,11025,629650
2026-08-25 10:45:00,ATM+1,PE,600.0,590.0,10.45,10.45,10.45,10.45,60.058079,0,629650
2026-08-25 10:50:00,ATM+1,PE,600.0,589.25,11.6,12.25,10.45,11.55,75.58318,23275,622300
2026-08-25 10:55:00,ATM+1,PE,600.0,589.2,11.55,11.65,11.35,11.5,73.316142,7350,618625
2026-08-25 11:00:00,ATM+1,PE,600.0,588.75,11.6,11.6,11.45,11.45,55.69812,17150,614950
2026-08-25 11:05:00,ATM+1,PE,600.0,589.85,11.9,11.9,10.25,10.7,66.483838,11025,608825
2026-08-25 11:10:00,ATM+1,PE,600.0,588.6,10.7,10.7,10.0,10.0,0.0,12250,603925
2026-08-25 11:15:00,ATM+1,PE,600.0,587.9,11.75,12.95,10.0,12.95,87.34568,33075,592900
2026-08-25 11:20:00,ATM+1,PE,600.0,587.45,12.95,12.95,12.35,12.6,51.106121,7350,590450
2026-08-25 11:25:00,ATM+1,PE,600.0,587.95,12.75,12.95,12.0,12.75,83.608229,13475,594125
2026-08-25 11:30:00,ATM+1,PE,600.0,587.45,12.75,13.35,12.45,13.35,90.471279,18375,584325
2026-08-25 11:35:00,ATM+1,PE,600.0,588.2,13.35,13.5,13.0,13.0,100.463078,8575,578200
2026-08-25 11:40:00,ATM+1,PE,600.0,588.0,13.0,13.35,12.6,12.6,82.130613,23275,562275
2026-08-25 11:45:00,ATM+1,PE,600.0,587.75,12.6,13.3,12.35,12.85,84.229728,6125,561050
2026-08-25 11:50:00,ATM+1,PE,600.0,588.3,12.75,12.85,11.35,11.7,43.112254,8575,561050
2026-08-25 11:55:00,ATM+1,PE,600.0,589.1,12.1,12.25,11.55,11.55,81.157019,6125,558600
2026-08-25 12:00:00,ATM+1,PE,600.0,590.3,11.55,12.05,11.2,11.45,109.442633,18375,556150
2026-08-25 12:05:00,ATM+1,PE,610.0,595.65,10.0,17.0,6.8,14.9,94.873976,156800,439775
2026-08-25 12:10:00,ATM+1,PE,610.0,595.85,14.9,14.9,4.8,14.7,95.013108,19600,428750
2026-08-25 12:15:00,ATM+1,PE,610.0,596.4,14.7,14.7,11.6,12.5,0.0,15925,421400
2026-08-25 12:20:00,ATM+1,PE,610.0,597.3,12.5,15.0,12.5,12.6,0.0,26950,423850
2026-08-25 12:25:00,ATM+1,PE,610.0,595.85,12.6,13.65,12.6,13.65,0.0,1225,416500
2026-08-25 12:30:00,ATM+1,PE,610.0,595.65,13.65,14.4,13.65,14.4,65.006486,2450,416500
2026-08-25 12:35:00,ATM+1,PE,600.0,594.9,14.4,14.4,5.4,5.55,47.680933,30625,569625
2026-08-25 12:40:00,ATM+1,PE,610.0,597.55,14.25,14.25,12.05,12.05,0.0,3675,412825
2026-08-25 12:45:00,ATM+1,PE,610.0,597.65,11.6,12.05,11.6,12.05,0.0,7350,414050
2026-08-25 12:50:00,ATM+1,PE,610.0,595.6,12.05,13.3,12.05,13.3,0.0,7350,412825
2026-08-25 12:55:00,ATM+1,PE,600.0,593.25,4.8,6.95,4.8,6.25,0.0,63700,515725
2026-08-25 13:00:00,ATM+1,PE,600.0,592.35,6.75,7.45,6.25,6.85,0.0,69825,499800
2026-08-25 13:05:00,ATM+1,PE,600.0,592.1,6.85,7.7,6.85,7.7,0.0,22050,499800
2026-08-25 13:10:00,ATM+1,PE,600.0,591.9,7.7,8.25,7.7,8.2,50.962471,2450,497350
2026-08-25 13:15:00,ATM+1,PE,600.0,594.5,8.2,8.25,6.55,6.55,78.61149,3675,501025
2026-08-25 13:20:00,ATM+1,PE,600.0,593.7,6.55,6.55,6.05,6.05,0.0,2450,501025
2026-08-25 13:25:00,ATM+1,PE,600.0,594.05,7.8,7.8,6.05,7.45,100.400997,6125,501025
2026-08-25 13:30:00,ATM+1,PE,610.0,595.25,6.75,15.0,6.3,15.0,103.727915,6125,399350
2026-08-25 13:35:00,ATM+1,PE,600.0,594.45,15.0,15.0,5.65,5.65,41.368583,3675,488775
2026-08-25 13:40:00,ATM+1,PE,600.0,594.25,5.65,6.7,5.65,6.7,85.086076,1225,488775
2026-08-25 13:45:00,ATM+1,PE,610.0,595.25,6.7,15.2,6.7,15.2,126.38466,0,395675
2026-08-25 13:50:00,ATM+1,PE,610.0,595.5,6.7,15.2,6.7,15.2,143.811605,0,395675
2026-08-25 13:55:00,ATM+1,PE,610.0,595.45,15.2,15.2,6.2,14.05,0.0,6125,394450
2026-08-25 14:00:00,ATM+1,PE,600.0,595.0,14.05,14.25,5.45,5.45,64.393878,3675,475300
2026-08-25 14:05:00,ATM+1,PE,610.0,595.25,6.0,14.8,5.45,14.8,92.959134,2450,399350
2026-08-25 14:10:00,ATM+1,PE,600.0,595.0,15.0,15.0,5.5,5.5,70.610261,7350,471625
2026-08-25 14:15:00,ATM+1,PE,610.0,595.25,14.8,14.8,14.8,14.8,98.30674,0,395675
2026-08-25 14:20:00,ATM+1,PE,600.0,595.0,5.5,5.5,5.5,5.5,75.119767,0,470400
2026-08-25 14:25:00,ATM+1,PE,610.0,595.3,5.5,14.8,5.5,14.8,0.0,0,395675
2026-08-25 14:30:00,ATM+1,PE,600.0,592.6,5.1,7.6,5.1,7.6,80.999857,6125,467950
2026-08-25 14:35:00,ATM+1,PE,600.0,592.15,7.6,7.6,7.6,7.6,0.0,0,467950
2026-08-25 14:40:00,ATM+1,PE,600.0,592.4,8.0,8.0,7.6,8.0,107.971632,12250,461825
2026-08-25 14:45:00,ATM+1,PE,600.0,592.65,8.0,8.0,7.95,7.95,125.836779,6125,460600
2026-08-25 14:50:00,ATM+1,PE,600.0,592.5,7.95,7.95,7.65,7.65,91.768866,1225,459375
2026-08-25 14:55:00,ATM+1,PE,600.0,592.35,7.5,7.65,7.5,7.5,0.0,2450,458150
2026-08-25 15:00:00,ATM+1,PE,600.0,592.0,7.5,7.5,7.5,7.5,0.0,1225,455700
2026-08-25 15:05:00,ATM+1,PE,600.0,592.35,8.05,8.85,7.5,8.0,141.012164,12250,452025
2026-08-25 15:10:00,ATM+1,PE,600.0,591.7,8.0,8.0,8.0,8.0,0.0,0,452025
2026-08-25 15:15:00,ATM+1,PE,600.0,591.7,8.0,8.1,8.0,8.1,0.0,3675,449575
2026-08-25 15:20:00,ATM+1,PE,600.0,591.7,6.5,9.1,6.5,9.1,0.0,4900,445900
2026-08-25 15:25:00,ATM+1,PE,600.0,592.6,9.1,9.1,9.1,9.1,0.0,0,445900
2026-08-25 15:30:00,ATM+1,PE,600.0,592.6,9.1,9.1,5.65,9.0,0.0,7350,450800
2026-08-25 15:35:00,ATM+1,PE,600.0,592.6,9.0,9.0,8.0,8.0,0.0,1225,448350
2026-08-20 09:15:00,ATM+2,CE,590.0,571.95,3.35,3.35,1.95,3.25,34.040265,1115975,2288300
2026-08-20 09:20:00,ATM+2,CE,590.0,570.3,3.2,3.25,2.75,2.85,33.948962,380975,2461025
2026-08-20 09:25:00,ATM+2,CE,590.0,568.55,2.95,3.0,2.45,2.55,34.293447,343000,2560250
2026-08-20 09:30:00,ATM+2,CE,590.0,569.0,2.55,2.65,2.35,2.45,33.309681,184975,2578625
2026-08-20 09:35:00,ATM+2,CE,590.0,569.3,2.45,2.5,2.4,2.45,33.008475,33075,2571275
2026-08-20 09:40:00,ATM+2,CE,590.0,568.2,2.35,2.45,1.95,1.95,31.399748,499800,2423050
2026-08-20 09:45:00,ATM+2,CE,590.0,567.5,2.0,2.1,1.85,2.05,32.679761,160475,2369150
2026-08-20 09:50:00,ATM+2,CE,590.0,568.1,2.05,2.1,1.95,2.1,32.373386,95550,2348325
2026-08-20 09:55:00,ATM+2,CE,590.0,567.7,2.1,2.1,2.0,2.0,32.216694,30625,2350775
2026-08-20 10:00:00,ATM+2,CE,590.0,567.15,2.05,2.1,2.0,2.05,33.062816,116375,2369150
2026-08-20 10:05:00,ATM+2,CE,590.0,568.05,2.1,2.25,2.05,2.2,33.016066,346675,2370375
2026-08-20 10:10:00,ATM+2,CE,590.0,567.55,2.2,2.2,2.1,2.15,33.25413,40425,2355675
2026-08-20 10:15:00,ATM+2,CE,590.0,567.9,2.15,2.25,2.1,2.2,33.19143,71050,2401000
2026-08-20 10:20:00,ATM+2,CE,590.0,569.4,2.25,2.5,2.2,2.35,32.47833,41650,2363025
2026-08-20 10:25:00,ATM+2,CE,590.0,569.0,2.3,2.35,2.2,2.25,32.365456,36750,2344650
2026-08-20 10:30:00,ATM+2,CE,590.0,571.7,2.25,2.7,2.25,2.7,31.848692,138425,2328725
2026-08-20 10:35:00,ATM+2,CE,590.0,571.95,2.7,2.9,2.6,2.75,31.833005,95550,2294425
2026-08-20 10:40:00,ATM+2,CE,590.0,570.7,2.7,2.75,2.45,2.45,31.683249,52675,2277275
2026-08-20 10:45:00,ATM+2,CE,590.0,570.25,2.5,2.5,2.4,2.45,32.170487,126175,2228275
2026-08-20 10:50:00,ATM+2,CE,590.0,569.45,2.35,2.45,2.35,2.4,32.760286,107800,2200100
2026-08-20 10:55:00,ATM+2,CE,590.0,569.55,2.35,2.4,2.35,2.35,32.401766,26950,2202550
2026-08-20 11:00:00,ATM+2,CE,590.0,570.05,2.3,2.4,2.3,2.4,32.153951,79625,2192750
2026-08-20 11:05:00,ATM+2,CE,590.0,571.25,2.4,2.7,2.35,2.7,32.417116,211925,2231950
2026-08-20 11:10:00,ATM+2,CE,590.0,570.85,2.55,2.7,2.5,2.5,31.847977,18375,2234400
2026-08-20 11:15:00,ATM+2,CE,590.0,570.0,2.6,2.6,2.4,2.4,32.240541,74725,2206225
2026-08-20 11:20:00,ATM+2,CE,590.0,568.2,2.3,2.4,2.15,2.15,32.757684,56350,2191525
2026-08-20 11:25:00,ATM+2,CE,590.0,567.75,2.2,2.2,2.1,2.1,32.943209,218050,2228275
2026-08-20 11:30:00,ATM+2,CE,590.0,568.35,2.1,2.25,2.1,2.25,33.183043,33075,2212350
2026-08-20 11:35:00,ATM+2,CE,590.0,567.85,2.25,2.25,2.1,2.2,33.429055,183750,2182950
2026-08-20 11:40:00,ATM+2,CE,590.0,568.65,2.2,2.25,2.2,2.25,32.897618,162925,2223375
2026-08-20 11:45:00,ATM+2,CE,590.0,569.85,2.25,2.45,2.25,2.4,32.46694,312375,2249100
2026-08-20 11:50:00,ATM+2,CE,590.0,568.6,2.4,2.45,2.2,2.2,32.696597,19600,2250325
2026-08-20 11:55:00,ATM+2,CE,590.0,569.7,2.2,2.4,2.2,2.3,32.114551,6125,2250325
2026-08-20 12:00:00,ATM+2,CE,590.0,569.15,2.35,2.35,2.3,2.35,32.968985,9800,2251550
2026-08-20 12:05:00,ATM+2,CE,590.0,569.0,2.35,2.35,2.25,2.3,32.866559,113925,2225825
2026-08-20 12:10:00,ATM+2,CE,590.0,571.2,2.3,2.7,2.3,2.65,32.369844,49000,2214800
2026-08-20 12:15:00,ATM+2,CE,590.0,573.9,2.65,3.15,2.65,3.15,31.771287,311150,2168250
2026-08-20 12:20:00,ATM+2,CE,590.0,572.3,3.15,3.25,2.6,2.65,31.191015,305025,2147425
2026-08-20 12:25:00,ATM+2,CE,590.0,573.2,2.6,2.95,2.6,2.85,31.17724,148225,2141300
2026-08-20 12:30:00,ATM+2,CE,590.0,572.35,2.8,2.85,2.6,2.6,30.91005,18375,2149875
2026-08-20 12:35:00,ATM+2,CE,590.0,571.95,2.6,2.6,2.5,2.55,31.107218,12250,2142525
2026-08-20 12:40:00,ATM+2,CE,590.0,571.7,2.5,2.55,2.4,2.5,31.136257,14700,2136400
2026-08-20 12:45:00,ATM+2,CE,590.0,573.15,2.6,2.8,2.5,2.75,30.795388,64925,2135175
2026-08-20 12:50:00,ATM+2,CE,590.0,572.35,2.75,2.75,2.5,2.5,30.45323,25725,2136400
2026-08-20 12:55:00,ATM+2,CE,590.0,571.35,2.45,2.5,2.35,2.35,30.772928,33075,2124150
2026-08-20 13:00:00,ATM+2,CE,590.0,570.8,2.2,2.35,2.2,2.2,30.572439,28175,2108225
2026-08-20 13:05:00,ATM+2,CE,590.0,570.65,2.2,2.2,2.1,2.15,30.470692,15925,2097200
2026-08-20 13:10:00,ATM+2,CE,590.0,570.5,2.2,2.25,2.1,2.1,30.365411,37975,2094750
2026-08-20 13:15:00,ATM+2,CE,590.0,570.25,2.1,2.15,2.1,2.15,30.909321,23275,2104550
2026-08-20 13:20:00,ATM+2,CE,590.0,570.1,2.05,2.15,2.0,2.0,30.246331,492450,1893850
2026-08-20 13:25:00,ATM+2,CE,590.0,569.95,2.0,2.1,2.0,2.1,30.967997,11025,1893850
2026-08-20 13:30:00,ATM+2,CE,590.0,570.0,2.1,2.1,2.05,2.05,30.650061,18375,1904875
2026-08-20 13:35:00,ATM+2,CE,590.0,569.65,2.05,2.1,2.05,2.05,31.021207,2450,1901200
2026-08-20 13:40:00,ATM+2,CE,590.0,569.85,2.15,2.15,2.05,2.15,31.381055,13475,1901200
2026-08-20 13:45:00,ATM+2,CE,590.0,569.75,2.15,2.15,2.1,2.1,31.219446,1225,1901200
2026-08-20 13:50:00,ATM+2,CE,590.0,569.95,2.1,2.1,2.1,2.1,31.023697,14700,1903650
2026-08-20 13:55:00,ATM+2,CE,590.0,569.75,2.15,2.15,2.05,2.15,31.518885,12250,1901200
2026-08-20 14:00:00,ATM+2,CE,590.0,570.05,2.15,2.15,2.1,2.15,31.218028,22050,1890175
2026-08-20 14:05:00,ATM+2,CE,590.0,570.95,2.15,2.3,2.15,2.3,31.091649,33075,1884050
2026-08-20 14:10:00,ATM+2,CE,590.0,570.25,2.3,2.3,2.15,2.15,31.031892,12250,1885275
2026-08-20 14:15:00,ATM+2,CE,590.0,570.25,2.15,2.15,2.1,2.1,30.768088,4900,1890175
2026-08-20 14:20:00,ATM+2,CE,590.0,569.6,2.1,2.1,2.0,2.0,30.891101,61250,1882825
2026-08-20 14:25:00,ATM+2,CE,590.0,569.8,2.0,2.0,2.0,2.0,30.696935,1225,1884050
2026-08-20 14:30:00,ATM+2,CE,590.0,570.0,2.0,2.15,2.0,2.15,31.337946,18375,1887725
2026-08-20 14:35:00,ATM+2,CE,590.0,570.15,2.15,2.15,2.05,2.05,30.638852,17150,1890175
2026-08-20 14:40:00,ATM+2,CE,590.0,570.4,2.05,2.2,2.05,2.1,30.667495,29400,1896300
2026-08-20 14:45:00,ATM+2,CE,590.0,570.25,2.1,2.25,2.1,2.15,31.110597,25725,1901200
2026-08-20 14:50:00,ATM+2,CE,590.0,571.25,2.15,2.3,2.15,2.2,30.339859,49000,1880375
2026-08-20 14:55:00,ATM+2,CE,590.0,571.1,2.2,2.2,2.1,2.1,29.96816,216825,1884050
2026-08-20 15:00:00,ATM+2,CE,590.0,571.2,2.15,2.15,2.05,2.15,30.145427,138425,1863225
2026-08-20 15:05:00,ATM+2,CE,590.0,571.2,2.15,2.15,2.0,2.0,29.335981,53900,1846075
2026-08-20 15:10:00,ATM+2,CE,590.0,573.0,2.2,2.5,2.0,2.4,29.541198,230300,1839950
2026-08-20 15:15:00,ATM+2,CE,590.0,573.0,2.35,2.4,2.15,2.15,28.261162,41650,1854650
2026-08-20 15:20:00,ATM+2,CE,590.0,573.0,2.1,2.2,2.1,2.1,28.008363,28175,1866900
2026-08-20 15:25:00,ATM+2,CE,590.0,573.9,2.05,2.15,2.05,2.05,26.791,12250,1874250
2026-08-20 15:30:00,ATM+2,CE,590.0,573.9,2.15,2.3,2.05,2.3,28.087788,49000,1839950
2026-08-20 15:35:00,ATM+2,CE,590.0,573.9,2.25,2.35,2.15,2.3,28.098128,72275,1842400
2026-08-21 09:15:00,ATM+2,CE,610.0,589.05,2.85,3.35,1.3,2.8,37.771081,1814225,2205000
2026-08-21 09:20:00,ATM+2,CE,610.0,587.9,2.75,2.8,2.3,2.3,36.246432,760725,2262575
2026-08-21 09:25:00,ATM+2,CE,610.0,591.8,2.35,3.0,2.3,3.0,35.658479,1114750,2347100
2026-08-21 09:30:00,ATM+2,CE,610.0,592.45,2.9,3.95,2.9,3.25,36.162127,1848525,2577400
2026-08-21 09:35:00,ATM+2,CE,610.0,593.8,3.25,3.95,3.15,3.55,35.986352,1258075,2920400
2026-08-21 09:40:00,ATM+2,CE,610.0,593.65,3.75,4.0,3.4,3.4,35.462227,977550,3030650
2026-08-21 09:45:00,ATM+2,CE,610.0,591.6,3.35,3.4,2.65,2.7,34.38531,831775,3073525
2026-08-21 09:50:00,ATM+2,CE,610.0,592.95,2.65,3.35,2.55,3.2,35.366105,682325,3121300
2026-08-21 09:55:00,ATM+2,CE,610.0,592.35,3.2,3.5,3.15,3.25,36.360959,289100,3187450
2026-08-21 10:00:00,ATM+2,CE,610.0,591.3,3.25,3.25,2.7,2.8,35.309884,358925,3236450
2026-08-21 10:05:00,ATM+2,CE,610.0,591.4,2.8,3.2,2.75,2.9,35.734281,221725,3229100
2026-08-21 10:10:00,ATM+2,CE,610.0,592.15,3.05,3.25,2.9,3.15,36.144727,204575,3232775
2026-08-21 10:15:00,ATM+2,CE,610.0,592.0,3.2,3.25,2.9,2.9,35.055558,175175,3247475
2026-08-21 10:20:00,ATM+2,CE,610.0,591.35,2.8,2.9,2.35,2.7,34.779759,526750,3202150
2026-08-21 10:25:00,ATM+2,CE,610.0,592.45,2.8,2.9,2.65,2.9,34.550748,101675,3203375
2026-08-21 10:30:00,ATM+2,CE,610.0,591.5,2.9,2.95,2.6,2.6,34.09835,166600,3186225
2026-08-21 10:35:00,ATM+2,CE,610.0,591.4,2.6,2.65,2.5,2.55,33.957784,41650,3194800
2026-08-21 10:40:00,ATM+2,CE,610.0,591.3,2.6,2.65,2.5,2.55,34.087637,52675,3188675
2026-08-21 10:45:00,ATM+2,CE,610.0,588.45,2.5,2.55,1.95,2.0,34.104205,616175,3165400
2026-08-21 10:50:00,ATM+2,CE,610.0,587.45,2.0,2.15,1.85,1.9,34.562507,474075,3173975
2026-08-21 10:55:00,ATM+2,CE,610.0,587.6,1.85,1.9,1.65,1.8,33.778997,229075,3071075
2026-08-21 11:00:00,ATM+2,CE,610.0,587.15,1.8,1.8,1.6,1.6,32.937843,209475,3050250
2026-08-21 11:05:00,ATM+2,CE,610.0,589.55,1.6,1.85,1.6,1.8,31.745392,416500,3052700
2026-08-21 11:10:00,ATM+2,CE,610.0,589.0,1.85,1.85,1.7,1.7,31.707012,58800,3023300
2026-08-21 11:15:00,ATM+2,CE,610.0,588.3,1.7,1.75,1.6,1.65,32.126888,140875,3053925
2026-08-21 11:20:00,ATM+2,CE,610.0,588.4,1.65,1.7,1.6,1.65,32.036753,34300,3046575
2026-08-21 11:25:00,ATM+2,CE,610.0,589.3,1.65,1.75,1.6,1.75,31.75129,23275,3044125
2026-08-21 11:30:00,ATM+2,CE,610.0,589.35,1.7,1.85,1.7,1.8,32.027632,99225,3051475
2026-08-21 11:35:00,ATM+2,CE,610.0,589.45,1.75,1.8,1.7,1.75,31.619799,100450,3044125
2026-08-21 11:40:00,ATM+2,CE,610.0,588.15,1.75,1.75,1.6,1.65,32.352881,222950,3073525
2026-08-21 11:45:00,ATM+2,CE,610.0,587.65,1.7,1.7,1.6,1.7,33.218787,107800,3072300
2026-08-21 11:50:00,ATM+2,CE,610.0,587.4,1.7,1.7,1.6,1.65,33.160467,64925,3058825
2026-08-21 11:55:00,ATM+2,CE,610.0,587.0,1.65,1.65,1.6,1.65,33.589268,18375,3058825
2026-08-21 12:00:00,ATM+2,CE,610.0,587.15,1.65,1.7,1.6,1.65,33.448549,51450,3034325
2026-08-21 12:05:00,ATM+2,CE,610.0,587.0,1.65,1.65,1.65,1.65,33.618522,36750,3044125
2026-08-21 12:10:00,ATM+2,CE,610.0,586.95,1.65,1.7,1.6,1.65,33.684967,64925,3040450
2026-08-21 12:15:00,ATM+2,CE,610.0,587.0,1.65,1.65,1.6,1.65,33.647852,9800,3041675
2026-08-21 12:20:00,ATM+2,CE,610.0,587.45,1.65,1.8,1.65,1.8,34.187646,44100,3036775
2026-08-21 12:25:00,ATM+2,CE,610.0,589.25,1.75,1.9,1.75,1.9,32.915322,95550,3015950
2026-08-21 12:30:00,ATM+2,CE,610.0,589.4,1.9,2.0,1.9,1.9,32.767494,64925,3028200
2026-08-21 12:35:00,ATM+2,CE,610.0,589.5,1.95,2.0,1.85,2.0,33.287254,78400,3044125
2026-08-21 12:40:00,ATM+2,CE,610.0,590.0,1.95,2.1,1.9,2.1,33.352766,113925,2993900
2026-08-21 12:45:00,ATM+2,CE,610.0,590.0,2.05,2.1,1.95,1.95,32.464827,115150,2996350
2026-08-21 12:50:00,ATM+2,CE,610.0,590.05,1.95,2.1,1.95,1.95,32.424403,149450,3000025
2026-08-21 12:55:00,ATM+2,CE,610.0,590.8,2.0,2.15,1.95,2.1,32.505945,94325,2990225
2026-08-21 13:00:00,ATM+2,CE,610.0,591.65,2.2,2.35,2.1,2.35,32.990388,161700,2970625
2026-08-21 13:05:00,ATM+2,CE,610.0,592.75,2.5,2.9,2.35,2.65,33.356938,456925,2968175
2026-08-21 13:10:00,ATM+2,CE,610.0,594.3,2.75,3.05,2.65,3.0,33.30456,349125,2976750
2026-08-21 13:15:00,ATM+2,CE,620.0,595.2,3.15,3.2,1.7,1.9,36.770329,731325,2503900
2026-08-21 13:20:00,ATM+2,CE,610.0,593.55,3.45,3.45,2.8,3.0,34.259862,694575,2982875
2026-08-21 13:25:00,ATM+2,CE,610.0,594.1,3.0,3.05,2.85,3.0,33.596656,246225,3033100
2026-08-21 13:30:00,ATM+2,CE,610.0,593.3,3.0,3.0,2.6,2.85,33.822655,279300,2883650
2026-08-21 13:35:00,ATM+2,CE,610.0,592.45,2.8,2.85,2.5,2.5,32.991544,101675,2889775
2026-08-21 13:40:00,ATM+2,CE,610.0,592.4,2.55,2.8,2.45,2.6,33.608114,129850,2935100
2026-08-21 13:45:00,ATM+2,CE,610.0,593.75,2.55,2.9,2.55,2.85,33.319069,214375,2943675
2026-08-21 13:50:00,ATM+2,CE,610.0,594.35,2.85,3.05,2.75,3.0,33.361313,216825,2989000
2026-08-21 13:55:00,ATM+2,CE,610.0,595.0,3.0,3.45,3.0,3.35,34.297177,264600,3018400
2026-08-21 14:00:00,ATM+2,CE,620.0,595.75,1.75,2.05,1.75,1.85,36.014,715400,2742775
2026-08-21 14:05:00,ATM+2,CE,610.0,594.75,1.85,3.4,1.8,3.05,33.158494,439775,3221750
2026-08-21 14:10:00,ATM+2,CE,620.0,597.2,3.05,3.15,1.65,1.85,34.527236,154350,2786875
2026-08-21 14:15:00,ATM+2,CE,620.0,597.5,2.1,2.1,1.85,1.95,34.861461,901600,2794225
2026-08-21 14:20:00,ATM+2,CE,620.0,596.85,1.95,1.95,1.8,1.9,35.248501,366275,2768500
2026-08-21 14:25:00,ATM+2,CE,620.0,596.8,1.85,1.9,1.65,1.8,34.668365,256025,2719500
2026-08-21 14:30:00,ATM+2,CE,620.0,595.95,1.8,1.85,1.7,1.7,34.899627,216825,2736650
2026-08-21 14:35:00,ATM+2,CE,620.0,596.15,1.7,1.85,1.7,1.75,35.045277,237650,2717050
2026-08-21 14:40:00,ATM+2,CE,620.0,596.0,1.7,1.85,1.65,1.8,35.550215,319725,2729300
2026-08-21 14:45:00,ATM+2,CE,620.0,596.25,1.75,1.8,1.65,1.65,34.297222,115150,2713375
2026-08-21 14:50:00,ATM+2,CE,620.0,596.0,1.7,1.7,1.65,1.7,34.910409,44100,2715825
2026-08-21 14:55:00,ATM+2,CE,620.0,595.8,1.7,1.7,1.5,1.55,34.093567,205800,2762375
2026-08-21 15:00:00,ATM+2,CE,620.0,595.7,2.9,3.0,1.25,1.45,33.49527,737450,2617825
2026-08-21 15:05:00,ATM+2,CE,620.0,596.55,1.4,1.7,1.4,1.7,34.38818,144550,2637425
2026-08-21 15:10:00,ATM+2,CE,620.0,595.65,1.65,1.7,1.5,1.6,34.643219,178850,2622725
2026-08-21 15:15:00,ATM+2,CE,620.0,595.65,1.6,1.6,1.5,1.6,34.658771,263375,2603125
2026-08-21 15:20:00,ATM+2,CE,620.0,595.65,1.6,1.6,1.45,1.45,33.60562,66150,2592100
2026-08-21 15:25:00,ATM+2,CE,610.0,594.9,1.5,3.0,1.4,2.95,32.703578,161700,2811375
2026-08-21 15:30:00,ATM+2,CE,610.0,594.9,2.95,3.0,2.9,2.9,32.464075,164150,2764825
2026-08-21 15:35:00,ATM+2,CE,610.0,594.9,2.9,3.1,2.85,3.0,32.986872,182525,2709700
2026-08-24 09:15:00,ATM+2,CE,610.0,594.35,1.55,1.95,0.8,1.45,45.451673,833000,2691325
2026-08-24 09:20:00,ATM+2,CE,610.0,594.95,1.45,1.6,0.55,1.45,44.352352,285425,2672950
2026-08-24 09:25:00,ATM+2,CE,610.0,593.5,1.4,1.45,1.25,1.35,46.058835,289100,2660700
2026-08-24 09:30:00,ATM+2,CE,610.0,595.0,1.25,1.4,1.25,1.4,43.822059,149450,2619050
2026-08-24 09:35:00,ATM+2,CE,610.0,594.9,1.4,1.5,1.3,1.5,45.191096,243775,2577400
2026-08-24 09:40:00,ATM+2,CE,620.0,596.0,1.6,1.6,0.7,0.75,50.120254,116375,2402225
2026-08-24 09:45:00,ATM+2,CE,620.0,596.9,0.95,0.95,0.75,0.85,50.387277,151900,2374050
2026-08-24 09:50:00,ATM+2,CE,620.0,596.5,0.9,0.9,0.75,0.75,49.456288,176400,2386300
2026-08-24 09:55:00,ATM+2,CE,620.0,598.65,0.75,1.05,0.75,1.0,49.865683,102900,2367925
2026-08-24 10:00:00,ATM+2,CE,620.0,598.2,0.95,1.0,0.9,0.9,49.215835,18375,2370375
2026-08-24 10:05:00,ATM+2,CE,620.0,598.85,0.9,1.05,0.9,1.0,49.66379,62475,2361800
2026-08-24 10:10:00,ATM+2,CE,620.0,596.6,1.0,1.0,0.85,0.85,51.245255,45325,2360575
2026-08-24 10:15:00,ATM+2,CE,620.0,596.5,0.8,0.85,0.7,0.7,48.935671,83300,2321375
2026-08-24 10:20:00,ATM+2,CE,620.0,596.05,0.75,0.75,0.6,0.6,47.866329,44100,2307900
2026-08-24 10:25:00,ATM+2,CE,620.0,595.3,0.7,0.7,0.6,0.65,50.075592,64925,2294425
2026-08-24 10:30:00,ATM+2,CE,620.0,595.85,0.65,0.7,0.6,0.7,50.195785,22050,2287075
2026-08-24 10:35:00,ATM+2,CE,610.0,595.0,0.75,1.6,0.55,1.35,44.072637,153125,2551675
2026-08-24 10:40:00,ATM+2,CE,620.0,596.25,0.6,0.75,0.6,0.65,48.779845,90650,2268700
2026-08-24 10:45:00,ATM+2,CE,620.0,596.9,0.7,0.75,0.65,0.7,48.714519,34300,2245425
2026-08-24 10:50:00,ATM+2,CE,620.0,597.55,0.7,0.8,0.7,0.8,49.430607,20825,2251550
2026-08-24 10:55:00,ATM+2,CE,620.0,598.0,0.8,0.85,0.75,0.8,48.750566,24500,2249100
2026-08-24 11:00:00,ATM+2,CE,620.0,597.75,0.8,0.85,0.7,0.7,47.540051,39200,2242975
2026-08-24 11:05:00,ATM+2,CE,620.0,598.8,0.75,0.85,0.7,0.85,48.345954,18375,2249100
2026-08-24 11:10:00,ATM+2,CE,620.0,598.25,0.85,0.85,0.7,0.7,46.858212,52675,2216025
2026-08-24 11:15:00,ATM+2,CE,620.0,599.0,0.7,0.75,0.7,0.7,45.687521,46550,2186625
2026-08-24 11:20:00,ATM+2,CE,620.0,601.95,0.7,1.2,0.7,1.15,47.262249,371175,2219700
2026-08-24 11:25:00,ATM+2,CE,620.0,602.8,1.1,1.3,1.05,1.3,47.641044,144550,2211125
2026-08-24 11:30:00,ATM+2,CE,620.0,602.7,1.4,1.4,1.1,1.3,47.903194,286650,2201325
2026-08-24 11:35:00,ATM+2,CE,620.0,601.35,1.15,1.3,0.9,1.0,46.535712,134750,2163350
2026-08-24 11:40:00,ATM+2,CE,620.0,601.5,0.9,1.1,0.9,1.1,47.711645,31850,2170700
2026-08-24 11:45:00,ATM+2,CE,620.0,601.8,0.95,1.2,0.95,1.2,48.553998,134750,2159675
2026-08-24 11:50:00,ATM+2,CE,620.0,600.5,1.2,1.2,1.0,1.0,48.27941,56350,2160900
2026-08-24 11:55:00,ATM+2,CE,620.0,601.3,0.9,1.05,0.9,1.05,47.610459,46550,2151100
2026-08-24 12:00:00,ATM+2,CE,620.0,602.6,1.05,1.3,1.05,1.2,47.268783,44100,2146200
2026-08-24 12:05:00,ATM+2,CE,620.0,602.5,1.2,1.2,1.05,1.15,46.881359,124950,2189075
2026-08-24 12:10:00,ATM+2,CE,620.0,602.8,1.1,1.15,1.05,1.1,45.732138,22050,2186625
2026-08-24 12:15:00,ATM+2,CE,620.0,601.7,1.2,1.2,0.9,0.9,45.029289,122500,2187850
2026-08-24 12:20:00,ATM+2,CE,620.0,602.0,0.95,1.0,0.75,0.8,43.060657,67375,2180500
2026-08-24 12:25:00,ATM+2,CE,630.0,605.25,1.05,1.1,0.35,0.45,46.930238,175175,851375
2026-08-24 12:30:00,ATM+2,CE,630.0,606.75,0.5,0.55,0.45,0.5,45.799147,357700,861175
2026-08-24 12:35:00,ATM+2,CE,630.0,609.5,0.55,0.8,0.5,0.8,46.877846,194775,932225
2026-08-24 12:40:00,ATM+2,CE,630.0,610.45,0.9,1.15,0.7,0.95,47.598346,883225,999600
2026-08-24 12:45:00,ATM+2,CE,630.0,609.6,0.9,0.95,0.75,0.85,47.648679,414050,960400
2026-08-24 12:50:00,ATM+2,CE,630.0,612.0,0.8,1.1,0.7,1.0,45.673596,592900,977550
2026-08-24 12:55:00,ATM+2,CE,630.0,612.25,1.05,1.35,1.0,1.05,45.977257,730100,1089025
2026-08-24 13:00:00,ATM+2,CE,630.0,610.7,1.15,1.15,0.9,0.9,46.709469,297675,1142925
2026-08-24 13:05:00,ATM+2,CE,630.0,608.65,0.85,0.9,0.7,0.75,47.94938,548800,1172325
2026-08-24 13:10:00,ATM+2,CE,630.0,607.75,0.8,0.8,0.7,0.75,49.555512,111475,1171100
2026-08-24 13:15:00,ATM+2,CE,630.0,607.75,0.8,0.8,0.55,0.6,46.885815,578200,1081675
2026-08-24 13:20:00,ATM+2,CE,630.0,607.7,0.6,0.6,0.55,0.6,47.043119,143325,1051050
2026-08-24 13:25:00,ATM+2,CE,630.0,606.7,0.6,0.65,0.55,0.55,47.743708,172725,1030225
2026-08-24 13:30:00,ATM+2,CE,630.0,607.4,0.5,0.55,0.45,0.5,45.643653,166600,1073100
2026-08-24 13:35:00,ATM+2,CE,630.0,608.55,0.6,0.75,0.5,0.75,48.585846,294000,1085350
2026-08-24 13:40:00,ATM+2,CE,630.0,607.95,0.75,0.75,0.6,0.65,47.887541,105350,1120875
2026-08-24 13:45:00,ATM+2,CE,630.0,609.6,0.65,0.85,0.65,0.75,46.930503,133525,1142925
2026-08-24 13:50:00,ATM+2,CE,630.0,609.3,0.85,0.85,0.7,0.8,48.367737,296450,1169875
2026-08-24 13:55:00,ATM+2,CE,630.0,608.2,0.8,0.8,0.6,0.6,46.750986,187425,1144150
2026-08-24 14:00:00,ATM+2,CE,630.0,608.65,0.7,0.7,0.6,0.6,46.077603,53900,1071875
2026-08-24 14:05:00,ATM+2,CE,630.0,608.1,0.6,0.6,0.55,0.55,46.076999,52675,1093925
2026-08-24 14:10:00,ATM+2,CE,630.0,608.7,0.6,0.6,0.55,0.55,45.163414,47775,1058400
2026-08-24 14:15:00,ATM+2,CE,630.0,608.0,0.6,0.6,0.5,0.5,45.349251,55125,1055950
2026-08-24 14:20:00,ATM+2,CE,630.0,607.6,0.5,0.5,0.45,0.45,44.964128,75950,1071875
2026-08-24 14:25:00,ATM+2,CE,630.0,608.0,0.45,0.5,0.4,0.5,45.501059,15925,1079225
2026-08-24 14:30:00,ATM+2,CE,630.0,608.45,0.5,0.55,0.4,0.4,42.593624,20825,1086575
2026-08-24 14:35:00,ATM+2,CE,630.0,609.8,0.5,0.6,0.4,0.55,43.704199,35525,1070650
2026-08-24 14:40:00,ATM+2,CE,630.0,609.9,0.55,0.6,0.5,0.55,43.610164,50225,1071875
2026-08-24 14:45:00,ATM+2,CE,630.0,609.85,0.5,0.55,0.4,0.45,41.696991,82075,1059625
2026-08-24 14:50:00,ATM+2,CE,630.0,610.1,0.5,0.5,0.45,0.45,41.359324,37975,1068200
2026-08-24 14:55:00,ATM+2,CE,630.0,611.25,0.45,0.55,0.45,0.5,40.564888,60025,1080450
2026-08-24 15:00:00,ATM+2,CE,630.0,612.45,0.55,0.6,0.45,0.55,39.557909,80850,1076775
2026-08-24 15:05:00,ATM+2,CE,630.0,613.0,0.5,0.75,0.5,0.65,40.438851,273175,1090250
2026-08-24 15:10:00,ATM+2,CE,630.0,608.0,0.7,1.55,0.35,0.55,47.268604,531650,1081675
2026-08-24 15:15:00,ATM+2,CE,630.0,608.0,0.5,0.6,0.4,0.5,46.2831,115150,1082900
2026-08-24 15:20:00,ATM+2,CE,630.0,608.0,0.5,0.5,0.3,0.35,42.784048,110250,1106175
2026-08-24 15:25:00,ATM+2,CE,620.0,604.0,0.3,0.9,0.3,0.9,43.505149,63700,2773400
2026-08-24 15:30:00,ATM+2,CE,620.0,604.0,0.8,0.9,0.65,0.65,39.632135,63700,2751350
2026-08-24 15:35:00,ATM+2,CE,620.0,604.0,0.7,0.8,0.65,0.8,42.137842,99225,2719500
2026-08-25 09:15:00,ATM+2,CE,610.0,594.4,0.2,1.3,0.15,0.7,79.193427,317275,1702750
2026-08-25 09:20:00,ATM+2,CE,610.0,592.45,0.8,0.8,0.55,0.55,81.516462,215600,1630475
2026-08-25 09:25:00,ATM+2,CE,610.0,590.05,0.5,0.7,0.4,0.45,86.228593,289100,1500625
2026-08-25 09:30:00,ATM+2,CE,610.0,594.0,0.5,1.0,0.45,1.0,91.587515,270725,1487150
2026-08-25 09:35:00,ATM+2,CE,610.0,594.5,0.45,1.1,0.4,0.9,87.27167,208250,1466325
2026-08-25 09:40:00,ATM+2,CE,610.0,593.3,0.9,0.9,0.7,0.7,86.139469,62475,1478575
2026-08-25 09:45:00,ATM+2,CE,610.0,592.75,0.65,0.7,0.6,0.65,87.063664,44100,1479800
2026-08-25 09:50:00,ATM+2,CE,610.0,592.45,0.7,0.8,0.6,0.6,86.95002,52675,1446725
2026-08-25 09:55:00,ATM+2,CE,610.0,591.55,0.6,0.85,0.6,0.65,92.895196,67375,1423450
2026-08-25 10:00:00,ATM+2,CE,610.0,591.0,0.65,0.7,0.65,0.7,97.589809,45325,1417325
2026-08-25 10:05:00,ATM+2,CE,610.0,591.0,0.8,0.8,0.65,0.65,96.403012,47775,1391600
2026-08-25 10:10:00,ATM+2,CE,610.0,590.4,0.8,0.8,0.6,0.6,97.411874,94325,1363425
2026-08-25 10:15:00,ATM+2,CE,610.0,589.3,0.6,0.7,0.6,0.7,106.501899,33075,1357300
2026-08-25 10:20:00,ATM+2,CE,610.0,588.9,0.6,0.7,0.6,0.6,104.694664,53900,1352400
2026-08-25 10:25:00,ATM+2,CE,610.0,590.0,0.6,0.65,0.6,0.6,101.296148,71050,1329125
2026-08-25 10:30:00,ATM+2,CE,610.0,590.85,0.6,0.65,0.6,0.6,98.801456,57575,1360975
2026-08-25 10:35:00,ATM+2,CE,610.0,590.8,0.6,0.7,0.6,0.65,101.923025,29400,1347500
2026-08-25 10:40:00,ATM+2,CE,610.0,590.05,0.75,0.75,0.6,0.6,103.648296,61250,1319325
2026-08-25 10:45:00,ATM+2,CE,610.0,590.0,0.55,0.6,0.4,0.4,94.998718,120050,1303400
2026-08-25 10:50:00,ATM+2,CE,610.0,589.25,0.45,0.45,0.4,0.45,101.36437,61250,1249500
2026-08-25 10:55:00,ATM+2,CE,610.0,589.2,0.45,0.5,0.45,0.5,105.039996,60025,1259300
2026-08-25 11:00:00,ATM+2,CE,610.0,588.75,0.5,0.5,0.5,0.5,107.778295,9800,1253175
2026-08-25 11:05:00,ATM+2,CE,610.0,589.85,0.5,0.5,0.4,0.45,101.777531,39200,1255625
2026-08-25 11:10:00,ATM+2,CE,610.0,588.6,0.45,0.45,0.35,0.35,101.833333,23275,1213975
2026-08-25 11:15:00,ATM+2,CE,610.0,587.9,0.25,0.35,0.15,0.25,98.459813,612500,1188250
2026-08-25 11:20:00,ATM+2,CE,610.0,587.45,0.25,0.35,0.25,0.3,104.849004,35525,1131900
2026-08-25 11:25:00,ATM+2,CE,610.0,587.95,0.3,0.35,0.3,0.3,103.978798,47775,1142925
2026-08-25 11:30:00,ATM+2,CE,610.0,587.45,0.3,0.4,0.3,0.35,110.475242,30625,1131900
2026-08-25 11:35:00,ATM+2,CE,610.0,588.2,0.3,0.35,0.25,0.25,101.34345,4900,1129450
2026-08-25 11:40:00,ATM+2,CE,610.0,588.0,0.25,0.35,0.25,0.3,107.054767,17150,1122100
2026-08-25 11:45:00,ATM+2,CE,610.0,587.75,0.3,0.3,0.25,0.25,105.282303,25725,1119650
2026-08-25 11:50:00,ATM+2,CE,610.0,588.3,0.2,0.25,0.2,0.2,99.894157,42875,1102500
2026-08-25 11:55:00,ATM+2,CE,610.0,589.1,0.2,0.2,0.2,0.2,97.920793,8575,1102500
2026-08-25 12:00:00,ATM+2,CE,610.0,590.3,0.25,0.3,0.2,0.3,102.362676,24500,1092700
2026-08-25 12:05:00,ATM+2,CE,620.0,595.65,0.35,1.1,0.1,0.45,0.0,379750,1625575
2026-08-25 12:10:00,ATM+2,CE,620.0,595.85,0.4,1.15,0.1,0.2,112.559447,80850,1624350
2026-08-25 12:15:00,ATM+2,CE,620.0,596.4,0.2,0.4,0.15,0.15,106.21164,67375,1583925
2026-08-25 12:20:00,ATM+2,CE,620.0,597.3,0.15,0.25,0.1,0.15,104.079866,123725,1516550
2026-08-25 12:25:00,ATM+2,CE,620.0,595.85,0.1,0.15,0.05,0.05,94.001798,47775,1496950
2026-08-25 12:30:00,ATM+2,CE,620.0,595.65,0.05,0.1,0.05,0.05,95.963576,20825,1455300
2026-08-25 12:35:00,ATM+2,CE,610.0,594.9,0.05,0.1,0.05,0.05,65.118816,77175,1032675
2026-08-25 12:40:00,ATM+2,CE,620.0,597.55,0.05,0.05,0.05,0.05,91.837669,2450,1394050
2026-08-25 12:45:00,ATM+2,CE,620.0,597.65,0.05,0.05,0.05,0.05,0.0,8575,1387925
2026-08-25 12:50:00,ATM+2,CE,620.0,595.6,0.05,0.1,0.05,0.05,0.0,63700,1373225
2026-08-25 12:55:00,ATM+2,CE,610.0,593.25,0.1,0.1,0.05,0.05,75.573555,41650,1004500
2026-08-25 13:00:00,ATM+2,CE,610.0,592.35,0.1,0.1,0.05,0.05,80.362074,274400,846475
2026-08-25 13:05:00,ATM+2,CE,610.0,592.1,0.05,0.05,0.05,0.05,82.699881,44100,784000
2026-08-25 13:10:00,ATM+2,CE,610.0,591.9,0.05,0.05,0.05,0.05,84.934938,0,784000
2026-08-25 13:15:00,ATM+2,CE,610.0,594.5,0.05,0.05,0.05,0.05,75.545696,2450,768075
2026-08-25 13:20:00,ATM+2,CE,610.0,593.7,0.05,0.05,0.05,0.05,80.363487,2450,763175
2026-08-25 13:25:00,ATM+2,CE,610.0,594.05,0.05,0.05,0.05,0.05,80.369964,3675,761950
2026-08-25 13:30:00,ATM+2,CE,620.0,595.25,0.05,0.05,0.05,0.05,0.0,0,1076775
2026-08-25 13:35:00,ATM+2,CE,610.0,594.45,0.05,0.05,0.05,0.05,81.836691,0,755825
2026-08-25 13:40:00,ATM+2,CE,610.0,594.25,0.05,0.05,0.05,0.05,84.529883,2450,754600
2026-08-25 13:45:00,ATM+2,CE,620.0,595.25,0.05,0.05,0.05,0.05,0.0,0,1073100
2026-08-25 13:50:00,ATM+2,CE,620.0,595.5,0.05,0.05,0.05,0.05,0.0,3675,1071875
2026-08-25 13:55:00,ATM+2,CE,620.0,595.45,0.05,0.05,0.05,0.05,0.0,7350,1069425
2026-08-25 14:00:00,ATM+2,CE,610.0,595.0,0.05,0.05,0.05,0.05,89.1721,1225,750925
2026-08-25 14:05:00,ATM+2,CE,620.0,595.25,0.05,0.05,0.05,0.05,0.0,24500,1069425
2026-08-25 14:10:00,ATM+2,CE,610.0,595.0,0.05,0.05,0.05,0.05,94.277327,0,749700
2026-08-25 14:15:00,ATM+2,CE,620.0,595.25,0.05,0.05,0.05,0.05,0.0,0,1069425
2026-08-25 14:20:00,ATM+2,CE,610.0,595.0,0.05,0.05,0.05,0.05,100.372851,1225,747250
2026-08-25 14:25:00,ATM+2,CE,620.0,595.3,0.05,0.05,0.05,0.05,0.0,37975,1054725
2026-08-25 14:30:00,ATM+2,CE,610.0,592.6,0.05,0.05,0.05,0.05,0.0,0,747250
2026-08-25 14:35:00,ATM+2,CE,610.0,592.15,0.05,0.05,0.05,0.05,0.0,0,747250
2026-08-25 14:40:00,ATM+2,CE,610.0,592.4,0.05,0.05,0.05,0.05,0.0,2450,747250
2026-08-25 14:45:00,ATM+2,CE,610.0,592.65,0.05,0.05,0.05,0.05,0.0,0,747250
2026-08-25 14:50:00,ATM+2,CE,610.0,592.5,0.05,0.05,0.05,0.05,0.0,7350,741125
2026-08-25 14:55:00,ATM+2,CE,610.0,592.35,0.05,0.05,0.05,0.05,0.0,3675,738675
2026-08-25 15:00:00,ATM+2,CE,610.0,592.0,0.05,0.05,0.05,0.05,0.0,0,738675
2026-08-25 15:05:00,ATM+2,CE,610.0,592.35,0.05,0.05,0.05,0.05,0.0,1225,737450
2026-08-25 15:10:00,ATM+2,CE,610.0,591.7,0.05,0.05,0.05,0.05,0.0,0,737450
2026-08-25 15:15:00,ATM+2,CE,610.0,591.7,0.05,0.05,0.05,0.05,0.0,0,737450
2026-08-25 15:20:00,ATM+2,CE,610.0,591.7,0.05,0.05,0.05,0.05,0.0,1225,737450
2026-08-25 15:25:00,ATM+2,CE,610.0,592.6,0.05,0.05,0.05,0.05,0.0,0,737450
2026-08-25 15:30:00,ATM+2,CE,610.0,592.6,0.05,0.05,0.05,0.05,0.0,2450,737450
2026-08-25 15:35:00,ATM+2,CE,610.0,592.6,0.05,0.05,0.05,0.05,0.0,0,737450
2026-08-20 09:15:00,ATM+2,PE,590.0,571.95,21.05,23.2,20.1,22.0,40.973851,72275,513275
2026-08-20 09:20:00,ATM+2,PE,590.0,570.3,22.0,22.45,21.85,21.85,34.68548,14700,502250
2026-08-20 09:25:00,ATM+2,PE,590.0,568.55,21.0,23.15,21.0,23.15,34.288939,14700,502250
2026-08-20 09:30:00,ATM+2,PE,590.0,569.0,24.0,24.35,23.15,23.35,37.106557,4900,503475
2026-08-20 09:35:00,ATM+2,PE,590.0,569.3,23.35,23.35,22.55,22.55,34.292664,4900,503475
2026-08-20 09:40:00,ATM+2,PE,590.0,568.2,22.8,23.95,22.55,23.8,36.240181,7350,502250
2026-08-20 09:45:00,ATM+2,PE,590.0,567.5,23.8,24.4,23.3,24.4,36.475389,4900,499800
2026-08-20 09:50:00,ATM+2,PE,590.0,568.1,24.4,24.4,24.4,24.4,38.872387,0,499800
2026-08-20 09:55:00,ATM+2,PE,590.0,567.7,23.65,24.4,23.65,24.2,36.283686,6125,498575
2026-08-20 10:00:00,ATM+2,PE,590.0,567.15,24.2,24.2,24.2,24.2,33.888635,0,498575
2026-08-20 10:05:00,ATM+2,PE,590.0,568.05,24.15,24.2,24.0,24.0,36.705052,4900,501025
2026-08-20 10:10:00,ATM+2,PE,590.0,567.55,24.0,24.2,24.0,24.2,35.680694,7350,501025
2026-08-20 10:15:00,ATM+2,PE,590.0,567.9,24.2,24.2,24.2,24.2,37.141123,0,501025
2026-08-20 10:20:00,ATM+2,PE,590.0,569.4,23.85,24.2,23.85,23.85,41.033779,2450,501025
2026-08-20 10:25:00,ATM+2,PE,590.0,569.0,23.85,23.85,23.3,23.3,36.971724,1225,501025
2026-08-20 10:30:00,ATM+2,PE,590.0,571.7,23.05,23.3,21.7,21.7,39.037605,12250,503475
2026-08-20 10:35:00,ATM+2,PE,590.0,571.95,20.8,21.7,20.0,20.0,32.034934,7350,502250
2026-08-20 10:40:00,ATM+2,PE,590.0,570.7,20.0,20.85,20.0,20.85,31.376477,2450,501025
2026-08-20 10:45:00,ATM+2,PE,590.0,570.25,20.85,21.55,20.85,21.55,33.148448,6125,499800
2026-08-20 10:50:00,ATM+2,PE,590.0,569.45,21.55,22.15,21.55,22.15,32.969629,4900,503475
2026-08-20 10:55:00,ATM+2,PE,590.0,569.55,22.15,22.15,22.15,22.15,33.39679,0,503475
2026-08-20 11:00:00,ATM+2,PE,590.0,570.05,22.15,22.9,22.15,22.9,38.983477,1225,502250
2026-08-20 11:05:00,ATM+2,PE,590.0,571.25,22.9,22.9,21.35,21.35,35.982664,19600,509600
2026-08-20 11:10:00,ATM+2,PE,590.0,570.85,21.35,21.35,21.35,21.35,34.529922,0,507150
2026-08-20 11:15:00,ATM+2,PE,590.0,570.0,21.8,22.05,21.35,22.0,34.483391,25725,516950
2026-08-20 11:20:00,ATM+2,PE,590.0,568.2,22.0,23.05,22.0,23.05,32.398969,1225,515725
2026-08-20 11:25:00,ATM+2,PE,590.0,567.75,23.95,23.95,23.05,23.95,35.345885,7350,515725
2026-08-20 11:30:00,ATM+2,PE,590.0,568.35,23.95,23.95,23.65,23.65,36.294733,1225,518175
2026-08-20 11:35:00,ATM+2,PE,590.0,567.85,23.65,23.65,23.35,23.35,32.491772,1225,516950
2026-08-20 11:40:00,ATM+2,PE,590.0,568.65,23.35,23.35,23.35,23.35,35.99165,1225,516950
2026-08-20 11:45:00,ATM+2,PE,590.0,569.85,23.35,23.35,21.95,21.95,33.683896,14700,512050
2026-08-20 11:50:00,ATM+2,PE,590.0,568.6,21.95,22.95,21.95,22.7,32.323294,4900,509600
2026-08-20 11:55:00,ATM+2,PE,590.0,569.7,22.7,22.7,21.85,21.85,32.554096,1225,507150
2026-08-20 12:00:00,ATM+2,PE,590.0,569.15,21.85,22.25,21.85,22.25,32.327755,1225,507150
2026-08-20 12:05:00,ATM+2,PE,590.0,569.0,22.25,23.15,22.25,22.45,32.764354,8575,515725
2026-08-20 12:10:00,ATM+2,PE,590.0,571.2,22.5,22.5,21.7,21.7,37.574236,7350,515725
2026-08-20 12:15:00,ATM+2,PE,590.0,573.9,20.25,21.7,18.6,18.6,32.600182,15925,518175
2026-08-20 12:20:00,ATM+2,PE,590.0,572.3,18.6,19.4,18.6,19.4,30.59052,4900,518175
2026-08-20 12:25:00,ATM+2,PE,590.0,573.2,19.4,19.45,18.6,19.45,34.122565,4900,516950
2026-08-20 12:30:00,ATM+2,PE,590.0,572.35,19.65,19.75,19.45,19.75,32.519824,3675,518175
2026-08-20 12:35:00,ATM+2,PE,590.0,571.95,19.75,19.75,19.75,19.75,30.995445,0,516950
2026-08-20 12:40:00,ATM+2,PE,590.0,571.7,19.75,20.5,19.75,20.5,33.750691,2450,515725
2026-08-20 12:45:00,ATM+2,PE,590.0,573.15,19.6,20.5,19.6,19.6,34.677362,1225,514500
2026-08-20 12:50:00,ATM+2,PE,590.0,572.35,19.6,19.6,19.6,19.6,31.825062,0,513275
2026-08-20 12:55:00,ATM+2,PE,590.0,571.35,20.25,20.25,19.6,20.25,31.165212,6125,513275
2026-08-20 13:00:00,ATM+2,PE,590.0,570.8,20.25,20.25,20.25,20.25,28.787511,0,513275
2026-08-20 13:05:00,ATM+2,PE,590.0,570.65,20.25,20.25,20.25,20.25,28.088098,0,513275
2026-08-20 13:10:00,ATM+2,PE,590.0,570.5,20.25,21.3,20.25,21.3,33.136657,1225,515725
2026-08-20 13:15:00,ATM+2,PE,590.0,570.25,21.3,21.95,21.3,21.95,35.43695,1225,514500
2026-08-20 13:20:00,ATM+2,PE,590.0,570.1,21.95,22.25,21.95,22.25,36.354784,1225,514500
2026-08-20 13:25:00,ATM+2,PE,590.0,569.95,22.25,22.3,22.25,22.25,35.789872,2450,512050
2026-08-20 13:30:00,ATM+2,PE,590.0,570.0,22.25,22.25,22.0,22.0,34.738647,1225,512050
2026-08-20 13:35:00,ATM+2,PE,590.0,569.65,22.0,22.0,22.0,22.0,33.312553,0,512050
2026-08-20 13:40:00,ATM+2,PE,590.0,569.85,22.0,22.0,22.0,22.0,34.152924,0,512050
2026-08-20 13:45:00,ATM+2,PE,590.0,569.75,22.0,22.0,22.0,22.0,33.750125,0,512050
2026-08-20 13:50:00,ATM+2,PE,590.0,569.95,22.0,22.0,22.0,22.0,34.576949,0,512050
2026-08-20 13:55:00,ATM+2,PE,590.0,569.75,22.0,22.0,22.0,22.0,33.768506,0,512050
2026-08-20 14:00:00,ATM+2,PE,590.0,570.05,22.0,22.0,22.0,22.0,34.995093,0,512050
2026-08-20 14:05:00,ATM+2,PE,590.0,570.95,22.0,22.0,20.95,20.95,33.25538,4900,512050
2026-08-20 14:10:00,ATM+2,PE,590.0,570.25,20.95,20.95,20.95,20.95,30.297222,0,512050
2026-08-20 14:15:00,ATM+2,PE,590.0,570.25,20.95,20.95,20.95,20.95,30.305037,0,512050
2026-08-20 14:20:00,ATM+2,PE,590.0,569.6,20.95,22.5,20.95,22.5,35.783981,3675,510825
2026-08-20 14:25:00,ATM+2,PE,590.0,569.8,22.5,22.5,22.5,22.5,36.577454,0,510825
2026-08-20 14:30:00,ATM+2,PE,590.0,570.0,22.5,22.5,22.5,22.5,37.349221,0,510825
2026-08-20 14:35:00,ATM+2,PE,590.0,570.15,22.5,22.5,22.1,22.1,35.957417,2450,508375
2026-08-20 14:40:00,ATM+2,PE,590.0,570.4,22.1,22.25,22.0,22.0,36.42728,2450,509600
2026-08-20 14:45:00,ATM+2,PE,590.0,570.25,22.0,22.0,22.0,22.0,35.865772,0,509600
2026-08-20 14:50:00,ATM+2,PE,590.0,571.25,22.35,22.35,21.55,21.55,37.393748,7350,508375
2026-08-20 14:55:00,ATM+2,PE,590.0,571.1,21.55,21.55,21.55,21.55,36.86705,0,508375
2026-08-20 15:00:00,ATM+2,PE,590.0,571.2,22.05,22.05,21.55,21.55,37.237374,8575,509600
2026-08-20 15:05:00,ATM+2,PE,590.0,571.2,21.55,22.0,21.55,22.0,39.352858,8575,512050
2026-08-20 15:10:00,ATM+2,PE,590.0,573.0,21.2,22.0,19.65,19.75,35.144721,15925,504700
2026-08-20 15:15:00,ATM+2,PE,590.0,573.0,19.75,19.75,19.75,19.75,35.154929,0,504700
2026-08-20 15:20:00,ATM+2,PE,590.0,573.0,19.75,19.75,19.75,19.75,35.165143,0,504700
2026-08-20 15:25:00,ATM+2,PE,590.0,573.9,19.75,20.9,19.75,20.9,43.061209,1225,505925
2026-08-20 15:30:00,ATM+2,PE,590.0,573.9,20.9,20.9,20.9,20.9,43.074477,0,505925
2026-08-20 15:35:00,ATM+2,PE,590.0,573.9,20.2,20.9,20.15,20.15,39.887614,8575,505925
2026-08-21 09:15:00,ATM+2,PE,610.0,589.05,22.5,25.1,22.5,24.8,46.762831,14700,298900
2026-08-21 09:20:00,ATM+2,PE,610.0,587.9,24.8,24.9,24.55,24.65,41.603111,14700,292775
2026-08-21 09:25:00,ATM+2,PE,610.0,591.8,24.3,24.65,21.85,22.65,46.077724,26950,285425
2026-08-21 09:30:00,ATM+2,PE,610.0,592.45,22.65,22.65,19.85,21.2,41.533723,19600,275625
2026-08-21 09:35:00,ATM+2,PE,610.0,593.8,21.1,21.2,19.5,19.6,38.640366,29400,270725
2026-08-21 09:40:00,ATM+2,PE,610.0,593.65,19.6,19.65,18.85,19.45,37.431155,25725,271950
2026-08-21 09:45:00,ATM+2,PE,610.0,591.6,19.6,20.85,19.45,20.8,36.516376,14700,269500
2026-08-21 09:50:00,ATM+2,PE,610.0,592.95,20.8,21.2,20.15,20.25,38.821209,8575,269500
2026-08-21 09:55:00,ATM+2,PE,610.0,592.35,19.9,20.25,19.75,19.8,34.361092,17150,274400
2026-08-21 10:00:00,ATM+2,PE,610.0,591.3,19.8,20.9,19.8,20.9,35.873207,4900,275625
2026-08-21 10:05:00,ATM+2,PE,610.0,591.4,20.9,20.9,20.9,20.9,36.289051,0,275625
2026-08-21 10:10:00,ATM+2,PE,610.0,592.15,20.9,20.9,20.15,20.15,35.408392,1225,271950
2026-08-21 10:15:00,ATM+2,PE,610.0,592.0,20.15,20.2,20.0,20.2,35.082689,3675,271950
2026-08-21 10:20:00,ATM+2,PE,610.0,591.35,20.35,21.55,20.2,21.55,39.437699,9800,270725
2026-08-21 10:25:00,ATM+2,PE,610.0,592.45,21.55,21.55,20.35,20.35,37.598605,2450,270725
2026-08-21 10:30:00,ATM+2,PE,610.0,591.5,20.35,20.55,20.35,20.55,34.919876,3675,270725
2026-08-21 10:35:00,ATM+2,PE,610.0,591.4,20.55,20.55,20.55,20.55,34.513901,0,270725
2026-08-21 10:40:00,ATM+2,PE,610.0,591.3,20.55,20.55,20.55,20.55,34.100296,0,270725
2026-08-21 10:45:00,ATM+2,PE,610.0,588.45,20.55,23.0,20.55,23.0,35.02442,15925,273175
2026-08-21 10:50:00,ATM+2,PE,610.0,587.45,23.0,24.3,23.0,24.3,37.913716,8575,281750
2026-08-21 10:55:00,ATM+2,PE,610.0,587.6,24.3,24.55,24.3,24.55,40.042252,1225,282975
2026-08-21 11:00:00,ATM+2,PE,610.0,587.15,24.55,24.55,24.55,24.55,37.977938,0,282975
2026-08-21 11:05:00,ATM+2,PE,610.0,589.55,24.55,24.55,22.7,22.7,38.360258,4900,284200
2026-08-21 11:10:00,ATM+2,PE,610.0,589.0,22.7,22.7,22.7,22.7,35.944058,0,284200
2026-08-21 11:15:00,ATM+2,PE,610.0,588.3,22.7,22.7,22.7,22.7,32.443061,0,284200
2026-08-21 11:20:00,ATM+2,PE,610.0,588.4,22.7,23.4,22.7,23.4,37.218167,1225,286650
2026-08-21 11:25:00,ATM+2,PE,610.0,589.3,23.4,23.4,23.4,23.4,41.098495,0,286650
2026-08-21 11:30:00,ATM+2,PE,610.0,589.35,23.4,23.4,23.4,23.4,41.31359,0,286650
2026-08-21 11:35:00,ATM+2,PE,610.0,589.45,23.4,23.4,22.85,22.85,38.828266,1225,285425
2026-08-21 11:40:00,ATM+2,PE,610.0,588.15,22.85,22.85,22.85,22.85,32.651575,0,285425
2026-08-21 11:45:00,ATM+2,PE,610.0,587.65,22.85,22.85,22.85,22.85,29.669714,0,285425
2026-08-21 11:50:00,ATM+2,PE,610.0,587.4,22.85,24.0,22.85,24.0,36.015459,4900,285425
2026-08-21 11:55:00,ATM+2,PE,610.0,587.0,24.0,24.0,24.0,24.0,33.882671,0,285425
2026-08-21 12:00:00,ATM+2,PE,610.0,587.15,24.0,24.0,24.0,24.0,34.724494,0,285425
2026-08-21 12:05:00,ATM+2,PE,610.0,587.0,24.0,24.0,24.0,24.0,33.904409,0,285425
2026-08-21 12:10:00,ATM+2,PE,610.0,586.95,24.0,24.4,24.0,24.4,36.238284,1225,281750
2026-08-21 12:15:00,ATM+2,PE,610.0,587.0,24.4,24.4,24.4,24.4,36.509655,0,281750
2026-08-21 12:20:00,ATM+2,PE,610.0,587.45,24.4,24.4,23.7,23.7,34.452058,1225,280525
2026-08-21 12:25:00,ATM+2,PE,610.0,589.25,23.7,23.7,23.7,23.7,42.638975,0,280525
2026-08-21 12:30:00,ATM+2,PE,610.0,589.4,23.7,23.7,23.7,23.7,43.240335,0,280525
2026-08-21 12:35:00,ATM+2,PE,610.0,589.5,23.7,23.7,23.7,23.7,43.641233,0,280525
2026-08-21 12:40:00,ATM+2,PE,610.0,590.0,23.7,23.7,23.7,23.7,45.521269,0,281750
2026-08-21 12:45:00,ATM+2,PE,610.0,590.0,21.45,23.7,21.45,21.45,33.591891,4900,282975
2026-08-21 12:50:00,ATM+2,PE,610.0,590.05,21.45,21.55,21.3,21.3,32.951769,6125,278075
2026-08-21 12:55:00,ATM+2,PE,610.0,590.8,21.3,21.3,21.3,21.3,36.370266,0,278075
2026-08-21 13:00:00,ATM+2,PE,610.0,591.65,20.95,21.3,20.35,20.35,34.838754,3675,276850
2026-08-21 13:05:00,ATM+2,PE,610.0,592.75,20.0,20.35,18.75,18.75,30.819162,15925,285425
2026-08-21 13:10:00,ATM+2,PE,610.0,594.3,18.75,18.75,18.75,18.75,36.923011,0,285425
2026-08-21 13:15:00,ATM+2,PE,620.0,595.2,18.0,26.6,18.0,25.15,30.565065,13475,417725
2026-08-21 13:20:00,ATM+2,PE,610.0,593.55,18.7,18.9,17.6,18.9,34.940065,2450,278075
2026-08-21 13:25:00,ATM+2,PE,610.0,594.1,18.9,19.0,18.8,18.8,36.493737,3675,275625
2026-08-21 13:30:00,ATM+2,PE,610.0,593.3,18.8,19.15,18.65,18.65,32.681683,7350,276850
2026-08-21 13:35:00,ATM+2,PE,610.0,592.45,18.65,19.55,18.65,19.5,33.706555,7350,282975
2026-08-21 13:40:00,ATM+2,PE,610.0,592.4,19.5,20.0,19.5,20.0,36.152401,3675,285425
2026-08-21 13:45:00,ATM+2,PE,610.0,593.75,20.0,20.0,19.35,19.35,37.972096,3675,282975
2026-08-21 13:50:00,ATM+2,PE,610.0,594.35,19.35,19.35,18.0,18.0,33.514433,2450,284200
2026-08-21 13:55:00,ATM+2,PE,610.0,595.0,18.0,18.05,17.75,17.8,34.929329,6125,287875
2026-08-21 14:00:00,ATM+2,PE,620.0,595.75,26.2,26.3,25.8,25.8,38.49734,6125,412825
2026-08-21 14:05:00,ATM+2,PE,610.0,594.75,25.8,25.8,17.15,17.35,31.783068,15925,287875
2026-08-21 14:10:00,ATM+2,PE,620.0,597.2,17.35,26.15,17.35,26.15,46.857913,0,410375
2026-08-21 14:15:00,ATM+2,PE,620.0,597.5,24.0,26.15,24.0,24.0,36.333706,2450,409150
2026-08-21 14:20:00,ATM+2,PE,620.0,596.85,24.0,24.0,24.0,24.0,32.839059,0,409150
2026-08-21 14:25:00,ATM+2,PE,620.0,596.8,24.0,25.05,24.0,25.05,39.214725,1225,406700
2026-08-21 14:30:00,ATM+2,PE,620.0,595.95,25.05,25.05,25.05,25.05,34.809601,0,406700
2026-08-21 14:35:00,ATM+2,PE,620.0,596.15,25.05,25.05,24.95,24.95,35.286229,1225,406700
2026-08-21 14:40:00,ATM+2,PE,620.0,596.0,24.95,24.95,24.95,24.95,34.43931,0,406700
2026-08-21 14:45:00,ATM+2,PE,620.0,596.25,24.95,25.0,24.65,24.65,33.849948,2450,406700
2026-08-21 14:50:00,ATM+2,PE,620.0,596.0,24.65,24.65,24.65,24.65,32.319259,0,406700
2026-08-21 14:55:00,ATM+2,PE,620.0,595.8,24.65,24.65,24.65,24.65,30.985927,0,406700
2026-08-21 15:00:00,ATM+2,PE,620.0,595.7,16.6,24.65,16.6,24.65,30.276901,0,406700
2026-08-21 15:05:00,ATM+2,PE,620.0,596.55,24.65,24.8,24.65,24.8,36.556973,1225,406700
2026-08-21 15:10:00,ATM+2,PE,620.0,595.65,24.8,24.8,24.8,24.8,31.15757,0,406700
2026-08-21 15:15:00,ATM+2,PE,620.0,595.65,24.8,24.8,24.8,24.8,31.166862,0,406700
2026-08-21 15:20:00,ATM+2,PE,620.0,595.65,24.8,24.8,24.8,24.8,31.176164,0,406700
2026-08-21 15:25:00,ATM+2,PE,610.0,594.9,24.8,24.8,16.7,16.7,29.144414,0,284200
2026-08-21 15:30:00,ATM+2,PE,610.0,594.9,16.7,16.7,16.7,16.7,29.154578,0,284200
2026-08-21 15:35:00,ATM+2,PE,610.0,594.9,16.7,16.7,16.15,16.15,26.077682,2450,285425
2026-08-24 09:15:00,ATM+2,PE,610.0,594.35,15.2,15.2,15.2,15.2,0.0,0,296450
2026-08-24 09:20:00,ATM+2,PE,610.0,594.95,17.6,18.0,15.2,16.05,41.623571,7350,294000
2026-08-24 09:25:00,ATM+2,PE,610.0,593.5,16.05,18.4,16.05,18.4,54.311878,3675,294000
2026-08-24 09:30:00,ATM+2,PE,610.0,595.0,18.45,18.65,18.25,18.35,64.675743,13475,289100
2026-08-24 09:35:00,ATM+2,PE,610.0,594.9,17.6,18.35,17.1,17.1,52.529665,7350,282975
2026-08-24 09:40:00,ATM+2,PE,610.0,594.75,16.8,17.1,16.8,16.8,48.310321,3675,282975
2026-08-24 10:10:00,ATM+2,PE,620.0,596.6,24.8,24.8,24.8,24.8,61.892347,0,406700
2026-08-24 10:15:00,ATM+2,PE,620.0,596.5,24.8,24.8,24.8,24.8,60.888052,0,406700
2026-08-24 10:20:00,ATM+2,PE,620.0,596.05,24.8,24.8,24.8,24.8,55.548188,0,406700
2026-08-24 10:25:00,ATM+2,PE,620.0,595.3,24.8,24.8,24.8,24.8,42.352711,0,406700
2026-08-24 10:30:00,ATM+2,PE,620.0,595.85,24.8,24.8,24.8,24.8,52.885789,0,406700
2026-08-24 10:35:00,ATM+2,PE,610.0,595.0,24.8,24.8,15.65,16.2,44.669167,6125,290325
2026-08-24 10:40:00,ATM+2,PE,620.0,596.25,24.8,25.6,23.15,25.6,68.504299,6125,401800
2026-08-24 10:45:00,ATM+2,PE,620.0,596.9,25.6,25.6,25.6,25.6,74.496011,0,401800
2026-08-24 10:50:00,ATM+2,PE,620.0,597.55,25.6,25.6,25.6,25.6,79.870105,0,401800
2026-08-24 10:55:00,ATM+2,PE,620.0,598.0,25.6,25.6,23.0,23.0,54.780671,3675,398125
2026-08-24 11:00:00,ATM+2,PE,620.0,597.75,23.0,23.1,22.9,22.9,50.09297,13475,389550
2026-08-24 11:05:00,ATM+2,PE,620.0,598.8,22.9,22.95,22.9,22.95,62.789482,1225,388325
2026-08-24 11:10:00,ATM+2,PE,620.0,598.25,22.95,22.95,22.75,22.75,54.548371,2450,387100
2026-08-24 11:15:00,ATM+2,PE,620.0,599.0,22.75,22.75,22.75,22.75,62.565747,0,385875
2026-08-24 11:20:00,ATM+2,PE,620.0,601.95,22.75,22.75,19.0,19.0,47.261081,14700,376075
2026-08-24 11:25:00,ATM+2,PE,620.0,602.8,19.0,19.45,19.0,19.45,60.259908,1225,373625
2026-08-24 11:30:00,ATM+2,PE,620.0,602.7,19.45,19.45,18.4,18.4,47.887545,2450,372400
2026-08-24 11:35:00,ATM+2,PE,620.0,601.35,18.4,19.35,18.4,19.35,45.073834,3675,371175
2026-08-24 11:40:00,ATM+2,PE,620.0,601.5,19.35,19.35,19.05,19.05,42.58729,7350,376075
2026-08-24 11:45:00,ATM+2,PE,620.0,601.8,19.5,19.5,19.0,19.0,45.82102,3675,373625
2026-08-24 11:50:00,ATM+2,PE,620.0,600.5,19.0,19.0,19.0,19.0,0.0,0,373625
2026-08-24 11:55:00,ATM+2,PE,620.0,601.3,19.0,19.4,19.0,19.4,45.402517,2450,372400
2026-08-24 12:00:00,ATM+2,PE,620.0,602.6,19.4,19.4,18.0,18.0,41.669217,4900,368725
2026-08-24 12:05:00,ATM+2,PE,620.0,602.5,18.0,18.25,18.0,18.0,40.342047,4900,367500
2026-08-24 12:10:00,ATM+2,PE,620.0,602.8,18.0,18.05,18.0,18.05,44.9835,1225,363825
2026-08-24 12:15:00,ATM+2,PE,620.0,601.7,17.9,18.9,17.9,18.9,43.419738,14700,357700
2026-08-24 12:20:00,ATM+2,PE,620.0,602.0,18.9,18.9,18.9,18.9,47.272932,0,357700
2026-08-24 12:25:00,ATM+2,PE,630.0,605.25,18.4,27.1,18.4,25.25,52.005571,7350,101675
2026-08-24 12:30:00,ATM+2,PE,630.0,606.75,25.25,25.25,24.3,24.75,64.297254,3675,98000
2026-08-24 12:35:00,ATM+2,PE,630.0,609.5,24.2,24.75,22.35,22.35,63.131944,8575,98000
2026-08-24 12:40:00,ATM+2,PE,630.0,610.45,21.5,22.35,20.95,21.05,57.281074,17150,91875
2026-08-24 12:45:00,ATM+2,PE,630.0,609.6,21.05,21.75,21.0,21.0,46.739474,12250,85750
2026-08-24 12:50:00,ATM+2,PE,630.0,612.0,21.0,21.0,19.2,19.2,50.793967,7350,90650
2026-08-24 12:55:00,ATM+2,PE,630.0,612.25,19.2,19.9,19.2,19.9,61.025879,2450,90650
2026-08-24 13:00:00,ATM+2,PE,630.0,610.7,19.9,21.2,19.9,21.2,61.693029,1225,90650
2026-08-24 13:05:00,ATM+2,PE,630.0,608.65,21.5,22.5,21.2,22.5,56.763892,4900,91875
2026-08-24 13:10:00,ATM+2,PE,630.0,607.75,22.5,23.0,22.5,23.0,52.695979,3675,89425
2026-08-24 13:15:00,ATM+2,PE,630.0,607.75,23.0,23.45,23.0,23.45,59.300659,4900,88200
2026-08-24 13:20:00,ATM+2,PE,630.0,607.7,23.45,23.45,23.45,23.45,58.801458,0,88200
2026-08-24 13:25:00,ATM+2,PE,630.0,606.7,23.4,23.45,23.4,23.4,41.432794,1225,86975
2026-08-24 13:30:00,ATM+2,PE,630.0,607.4,23.4,23.4,23.4,23.4,54.407583,0,86975
2026-08-24 13:35:00,ATM+2,PE,630.0,608.55,23.4,24.1,23.4,23.5,68.521662,6125,86975
2026-08-24 13:40:00,ATM+2,PE,630.0,607.95,23.5,23.5,23.5,23.5,62.643047,0,86975
2026-08-24 13:45:00,ATM+2,PE,630.0,609.6,23.5,23.5,21.75,21.75,58.222635,1225,82075
2026-08-24 13:50:00,ATM+2,PE,630.0,609.3,22.45,22.45,21.75,21.9,56.947453,7350,83300
2026-08-24 13:55:00,ATM+2,PE,630.0,608.2,21.9,22.9,21.9,22.9,57.772133,2450,80850
2026-08-24 14:00:00,ATM+2,PE,630.0,608.65,22.9,22.9,22.9,22.9,62.893676,0,80850
2026-08-24 14:05:00,ATM+2,PE,630.0,608.1,22.9,22.9,22.9,22.9,56.709629,0,80850
2026-08-24 14:10:00,ATM+2,PE,630.0,608.7,22.9,22.9,22.9,22.9,63.60611,0,80850
2026-08-24 14:15:00,ATM+2,PE,630.0,608.0,22.9,22.9,22.9,22.9,55.58475,0,80850
2026-08-24 14:20:00,ATM+2,PE,630.0,607.6,22.9,22.9,22.9,22.9,49.712038,0,80850
2026-08-24 14:25:00,ATM+2,PE,630.0,608.0,22.9,22.9,22.9,22.9,55.75248,0,80850
2026-08-24 14:30:00,ATM+2,PE,630.0,608.45,22.9,23.55,22.9,23.55,69.330301,1225,84525
2026-08-24 14:35:00,ATM+2,PE,630.0,609.8,23.55,23.55,21.05,21.05,51.822139,3675,85750
2026-08-24 14:40:00,ATM+2,PE,630.0,609.9,21.05,21.05,21.05,21.05,53.181935,0,85750
2026-08-24 14:45:00,ATM+2,PE,630.0,609.85,21.05,21.75,21.05,21.75,61.942997,1225,83300
2026-08-24 14:50:00,ATM+2,PE,630.0,610.1,21.75,21.75,21.75,21.75,64.511103,0,83300
2026-08-24 14:55:00,ATM+2,PE,630.0,611.25,21.75,21.75,21.75,21.75,74.498827,0,83300
2026-08-24 15:00:00,ATM+2,PE,630.0,612.45,21.75,21.75,20.7,20.7,73.286345,19600,89425
2026-08-24 15:05:00,ATM+2,PE,630.0,613.0,20.75,20.75,18.9,19.05,60.774375,37975,112700
2026-08-24 15:10:00,ATM+2,PE,630.0,608.0,19.05,21.65,12.95,21.65,96.020048,45325,113925
2026-08-24 15:15:00,ATM+2,PE,630.0,608.0,21.65,21.65,21.65,21.65,96.295501,0,107800
2026-08-24 15:20:00,ATM+2,PE,630.0,608.0,21.65,28.85,21.65,28.85,119.830933,4900,107800
2026-08-24 15:25:00,ATM+2,PE,620.0,604.0,28.85,28.85,20.7,20.7,85.995801,1225,296450
2026-08-24 15:30:00,ATM+2,PE,620.0,604.0,20.95,23.45,20.6,23.45,110.5602,17150,302575
2026-08-24 15:35:00,ATM+2,PE,620.0,604.0,23.5,23.5,22.65,22.65,103.782307,2450,303800
2026-08-25 09:15:00,ATM+2,PE,610.0,594.4,13.75,23.4,10.95,16.0,70.110713,3675,907725
2026-08-25 09:20:00,ATM+2,PE,610.0,592.45,15.8,17.3,15.45,17.3,0.0,105350,840350
2026-08-25 09:25:00,ATM+2,PE,610.0,590.05,18.35,20.05,17.3,20.05,68.255466,302575,630875
2026-08-25 09:30:00,ATM+2,PE,610.0,594.0,20.05,20.05,16.0,16.0,46.883721,12250,613725
2026-08-25 09:35:00,ATM+2,PE,610.0,594.5,31.85,31.85,15.5,15.5,45.829337,0,612500
2026-08-25 09:40:00,ATM+2,PE,610.0,593.3,15.5,17.0,15.5,17.0,71.801976,24500,601475
2026-08-25 09:45:00,ATM+2,PE,610.0,592.75,17.0,17.4,17.0,17.4,65.61315,66150,564725
2026-08-25 09:50:00,ATM+2,PE,610.0,592.45,17.4,17.4,17.4,17.4,0.0,6125,557375
2026-08-25 09:55:00,ATM+2,PE,610.0,591.55,17.5,18.7,16.9,18.7,76.586708,15925,558600
2026-08-25 10:00:00,ATM+2,PE,610.0,591.0,18.7,19.55,18.7,19.55,93.249477,50225,519400
2026-08-25 10:05:00,ATM+2,PE,610.0,591.0,19.35,19.55,18.8,19.0,56.54922,20825,505925
2026-08-25 10:10:00,ATM+2,PE,610.0,590.4,19.0,19.75,19.0,19.75,75.440317,8575,508375
2026-08-25 10:15:00,ATM+2,PE,610.0,589.3,19.55,20.3,19.55,20.3,0.0,11025,497350
2026-08-25 10:20:00,ATM+2,PE,610.0,588.9,20.35,20.5,20.3,20.5,0.0,4900,494900
2026-08-25 10:25:00,ATM+2,PE,610.0,590.0,20.5,20.5,19.9,19.9,0.0,3675,492450
2026-08-25 10:30:00,ATM+2,PE,610.0,590.85,19.9,20.0,19.5,19.5,88.74759,14700,481425
2026-08-25 10:35:00,ATM+2,PE,610.0,590.8,19.5,20.0,18.85,19.7,96.955684,29400,472850
2026-08-25 10:40:00,ATM+2,PE,610.0,590.05,19.9,19.9,19.6,19.6,0.0,2450,466725
2026-08-25 10:45:00,ATM+2,PE,610.0,590.0,19.7,19.85,19.6,19.85,0.0,2450,464275
2026-08-25 10:50:00,ATM+2,PE,610.0,589.25,20.35,20.35,19.85,20.35,0.0,1225,464275
2026-08-25 10:55:00,ATM+2,PE,610.0,589.2,20.35,21.1,20.35,21.0,88.975259,20825,454475
2026-08-25 11:00:00,ATM+2,PE,610.0,588.75,21.0,21.5,21.0,21.5,94.9706,24500,454475
2026-08-25 11:05:00,ATM+2,PE,610.0,589.85,21.5,21.5,21.5,21.5,138.719293,0,454475
2026-08-25 11:10:00,ATM+2,PE,610.0,588.6,21.5,21.5,19.65,19.65,0.0,3675,454475
2026-08-25 11:15:00,ATM+2,PE,610.0,587.9,20.65,22.4,19.65,22.2,87.411169,13475,449575
2026-08-25 11:20:00,ATM+2,PE,610.0,587.45,22.2,22.3,22.2,22.3,0.0,12250,442225
2026-08-25 11:25:00,ATM+2,PE,610.0,587.95,22.3,22.3,22.0,22.0,0.0,30625,444675
2026-08-25 11:30:00,ATM+2,PE,610.0,587.45,22.0,22.0,22.0,22.0,0.0,17150,433650
2026-08-25 11:35:00,ATM+2,PE,610.0,588.2,23.05,23.1,22.0,22.95,147.991527,7350,431200
2026-08-25 11:40:00,ATM+2,PE,610.0,588.0,22.95,22.95,22.7,22.7,131.498436,1225,428750
2026-08-25 11:45:00,ATM+2,PE,610.0,587.75,22.7,22.7,22.7,22.7,120.839792,0,428750
2026-08-25 11:50:00,ATM+2,PE,610.0,588.3,22.0,22.7,22.0,22.35,130.507095,8575,420175
2026-08-25 11:55:00,ATM+2,PE,610.0,589.1,22.5,22.5,22.35,22.5,166.334791,1225,421400
2026-08-25 12:00:00,ATM+2,PE,610.0,590.3,22.5,22.5,20.9,20.9,147.289048,2450,420175
2026-08-25 12:05:00,ATM+2,PE,620.0,595.65,17.0,31.0,14.7,25.25,0.0,50225,323400
2026-08-25 12:10:00,ATM+2,PE,620.0,595.85,25.25,25.25,13.95,23.7,0.0,3675,322175
2026-08-25 12:15:00,ATM+2,PE,620.0,596.4,23.7,23.7,23.7,23.7,102.807383,0,322175
2026-08-25 12:20:00,ATM+2,PE,620.0,597.3,23.7,24.0,23.7,24.0,0.0,1225,320950
2026-08-25 12:25:00,ATM+2,PE,620.0,595.85,24.0,24.0,24.0,24.0,0.0,0,320950
2026-08-25 12:30:00,ATM+2,PE,620.0,595.65,24.0,24.0,24.0,24.0,0.0,0,320950
2026-08-25 12:35:00,ATM+2,PE,610.0,594.9,24.0,24.4,14.25,14.25,0.0,2450,414050
2026-08-25 12:40:00,ATM+2,PE,620.0,597.55,24.4,24.4,24.4,24.4,0.0,0,322175
2026-08-25 12:45:00,ATM+2,PE,620.0,597.65,21.35,24.4,21.35,21.35,0.0,1225,320950
2026-08-25 12:50:00,ATM+2,PE,620.0,595.6,21.35,21.35,21.35,21.35,0.0,0,320950
2026-08-25 12:55:00,ATM+2,PE,610.0,593.25,14.05,15.45,13.3,15.45,0.0,20825,405475
2026-08-25 13:00:00,ATM+2,PE,610.0,592.35,16.05,16.05,15.45,15.65,0.0,2450,405475
2026-08-25 13:05:00,ATM+2,PE,610.0,592.1,15.65,17.0,15.65,17.0,0.0,1225,406700
2026-08-25 13:10:00,ATM+2,PE,610.0,591.9,17.0,17.0,17.0,17.0,0.0,4900,406700
2026-08-25 13:15:00,ATM+2,PE,610.0,594.5,17.0,17.0,16.25,16.25,133.479686,8575,405475
2026-08-25 13:20:00,ATM+2,PE,610.0,593.7,16.25,16.25,15.0,15.0,0.0,1225,401800
2026-08-25 13:25:00,ATM+2,PE,610.0,594.05,15.0,16.2,15.0,16.2,108.283975,2450,400575
2026-08-25 13:30:00,ATM+2,PE,620.0,595.25,16.2,26.0,15.0,26.0,0.0,1225,312375
2026-08-25 13:35:00,ATM+2,PE,610.0,594.45,26.0,26.0,15.0,15.0,0.0,0,399350
2026-08-25 13:40:00,ATM+2,PE,610.0,594.25,15.0,15.8,15.0,15.2,0.0,2450,395675
2026-08-25 13:45:00,ATM+2,PE,620.0,595.25,15.2,25.3,15.2,25.3,0.0,0,309925
2026-08-25 13:50:00,ATM+2,PE,620.0,595.5,15.2,25.5,15.2,25.5,0.0,11025,309925
2026-08-25 13:55:00,ATM+2,PE,620.0,595.45,25.5,25.5,13.6,25.0,0.0,12250,302575
2026-08-25 14:00:00,ATM+2,PE,610.0,595.0,25.0,25.0,14.25,14.25,0.0,1225,400575
2026-08-25 14:05:00,ATM+2,PE,620.0,595.25,14.8,23.9,14.25,23.9,0.0,1225,302575
2026-08-25 14:10:00,ATM+2,PE,610.0,595.0,23.9,23.9,14.8,14.8,0.0,0,395675
2026-08-25 14:15:00,ATM+2,PE,620.0,595.25,23.9,23.9,23.9,23.9,0.0,0,302575
2026-08-25 14:20:00,ATM+2,PE,610.0,595.0,14.8,14.8,14.8,14.8,0.0,0,395675
2026-08-25 14:25:00,ATM+2,PE,620.0,595.3,14.8,23.9,14.8,23.6,0.0,6125,301350
2026-08-25 14:30:00,ATM+2,PE,610.0,592.6,14.8,16.65,14.8,16.65,0.0,1225,393225
2026-08-25 14:35:00,ATM+2,PE,610.0,592.15,16.65,17.0,16.65,17.0,0.0,9800,395675
2026-08-25 14:40:00,ATM+2,PE,610.0,592.4,17.0,18.3,17.0,17.5,0.0,2450,401800
2026-08-25 14:45:00,ATM+2,PE,610.0,592.65,17.5,17.5,17.5,17.5,0.0,0,401800
2026-08-25 14:50:00,ATM+2,PE,610.0,592.5,17.15,17.5,17.0,17.0,0.0,9800,393225
2026-08-25 14:55:00,ATM+2,PE,610.0,592.35,17.0,17.55,17.0,17.55,0.0,4900,393225
2026-08-25 15:00:00,ATM+2,PE,610.0,592.0,17.55,17.55,17.55,17.55,0.0,0,393225
2026-08-25 15:05:00,ATM+2,PE,610.0,592.35,17.55,17.55,17.55,17.55,0.0,0,393225
2026-08-25 15:10:00,ATM+2,PE,610.0,591.7,17.55,17.55,17.55,17.55,0.0,0,393225
2026-08-25 15:15:00,ATM+2,PE,610.0,591.7,17.55,17.55,17.55,17.55,0.0,0,393225
2026-08-25 15:20:00,ATM+2,PE,610.0,591.7,19.0,19.0,17.55,19.0,0.0,2450,390775
2026-08-25 15:25:00,ATM+2,PE,610.0,592.6,19.0,19.0,19.0,19.0,0.0,0,390775
2026-08-25 15:30:00,ATM+2,PE,610.0,592.6,19.0,19.0,18.0,18.0,0.0,4900,390775
2026-08-25 15:35:00,ATM+2,PE,610.0,592.6,18.0,18.0,18.0,18.0,0.0,2450,387100
2026-08-20 09:15:00,ATM+3,CE,600.0,571.95,1.0,2.25,0.95,1.9,36.4595,1236025,6439825
2026-08-20 09:20:00,ATM+3,CE,600.0,570.3,1.95,1.95,1.6,1.75,37.034482,429975,6432475
2026-08-20 09:25:00,ATM+3,CE,600.0,568.55,1.8,1.8,1.5,1.55,37.256415,671300,6357750
2026-08-20 09:30:00,ATM+3,CE,600.0,569.0,1.6,1.6,1.4,1.5,36.512246,366275,6356525
2026-08-20 09:35:00,ATM+3,CE,600.0,569.3,1.45,1.55,1.45,1.45,35.899183,132300,6312425
2026-08-20 09:40:00,ATM+3,CE,600.0,568.2,1.45,1.45,1.15,1.25,35.364331,187425,6273225
2026-08-20 09:45:00,ATM+3,CE,600.0,567.5,1.15,1.25,1.15,1.25,35.976313,106575,6252400
2026-08-20 09:50:00,ATM+3,CE,600.0,568.1,1.25,1.3,1.2,1.3,35.863647,280525,6236475
2026-08-20 09:55:00,ATM+3,CE,600.0,567.7,1.35,1.35,1.3,1.3,36.221328,18375,6234025
2026-08-20 10:00:00,ATM+3,CE,600.0,567.15,1.25,1.3,1.2,1.3,36.708037,50225,6198500
2026-08-20 10:05:00,ATM+3,CE,600.0,568.05,1.3,1.4,1.3,1.35,36.327429,60025,6208300
2026-08-20 10:10:00,ATM+3,CE,600.0,567.55,1.35,1.35,1.3,1.3,36.388287,106575,6199725
2026-08-20 10:15:00,ATM+3,CE,600.0,567.9,1.35,1.35,1.3,1.35,36.483033,31850,6203400
2026-08-20 10:20:00,ATM+3,CE,600.0,569.4,1.4,1.55,1.35,1.45,35.922156,50225,6215650
2026-08-20 10:25:00,ATM+3,CE,600.0,569.0,1.45,1.45,1.3,1.4,35.92151,34300,6197275
2026-08-20 10:30:00,ATM+3,CE,600.0,571.7,1.4,1.5,1.4,1.5,34.246807,249900,6196050
2026-08-20 10:35:00,ATM+3,CE,600.0,571.95,1.5,1.75,1.5,1.65,35.047135,377300,6313650
2026-08-20 10:40:00,ATM+3,CE,600.0,570.7,1.6,1.65,1.4,1.4,34.457428,104125,6365100
2026-08-20 10:45:00,ATM+3,CE,600.0,570.25,1.4,1.5,1.4,1.45,35.228941,50225,6368775
2026-08-20 10:50:00,ATM+3,CE,600.0,569.45,1.45,1.5,1.4,1.45,35.952513,118825,6395725
2026-08-20 10:55:00,ATM+3,CE,600.0,569.55,1.45,1.45,1.45,1.45,35.876169,63700,6403075
2026-08-20 11:00:00,ATM+3,CE,600.0,570.05,1.4,1.45,1.35,1.45,35.44385,175175,6436150
2026-08-20 11:05:00,ATM+3,CE,600.0,571.25,1.45,1.6,1.45,1.6,35.424466,73500,6441050
2026-08-20 11:10:00,ATM+3,CE,600.0,570.85,1.55,1.6,1.45,1.55,35.456672,83300,6421450
2026-08-20 11:15:00,ATM+3,CE,600.0,570.0,1.5,1.6,1.4,1.4,35.162318,74725,6441050
2026-08-20 11:20:00,ATM+3,CE,600.0,568.2,1.35,1.4,1.35,1.35,36.385467,93100,6442275
2026-08-20 11:25:00,ATM+3,CE,600.0,567.75,1.25,1.35,1.25,1.25,36.010591,278075,6272000
2026-08-20 11:30:00,ATM+3,CE,600.0,568.35,1.25,1.3,1.25,1.3,35.895476,2450,6270775
2026-08-20 11:35:00,ATM+3,CE,600.0,567.85,1.25,1.3,1.25,1.3,36.342819,263375,6240150
2026-08-20 11:40:00,ATM+3,CE,600.0,568.65,1.3,1.35,1.3,1.35,36.041781,72275,6254850
2026-08-20 11:45:00,ATM+3,CE,600.0,569.85,1.3,1.4,1.3,1.4,35.369151,111475,6274450
2026-08-20 11:50:00,ATM+3,CE,600.0,568.6,1.4,1.45,1.35,1.35,36.110865,25725,6262200
2026-08-20 11:55:00,ATM+3,CE,600.0,569.7,1.35,1.5,1.35,1.5,36.253395,26950,6263425
2026-08-20 12:00:00,ATM+3,CE,600.0,569.15,1.45,1.5,1.35,1.35,35.652618,15925,6264650
2026-08-20 12:05:00,ATM+3,CE,600.0,569.0,1.35,1.45,1.3,1.45,36.54228,25725,6274450
2026-08-20 12:10:00,ATM+3,CE,600.0,571.2,1.45,1.6,1.45,1.6,35.63166,98000,6218100
2026-08-20 12:15:00,ATM+3,CE,600.0,573.9,1.65,1.85,1.6,1.8,34.442026,497350,6087025
2026-08-20 12:20:00,ATM+3,CE,600.0,572.3,1.85,1.9,1.5,1.5,33.966505,394450,5978000
2026-08-20 12:25:00,ATM+3,CE,600.0,573.2,1.55,1.7,1.5,1.65,34.160185,224175,5973100
2026-08-20 12:30:00,ATM+3,CE,600.0,572.35,1.65,1.65,1.55,1.55,34.287676,83300,5990250
2026-08-20 12:35:00,ATM+3,CE,600.0,571.95,1.55,1.55,1.45,1.45,33.971166,28175,5989025
2026-08-20 12:40:00,ATM+3,CE,600.0,571.7,1.5,1.5,1.4,1.4,33.852999,31850,5949825
2026-08-20 12:45:00,ATM+3,CE,600.0,573.15,1.5,1.65,1.4,1.6,33.92438,208250,5938800
2026-08-20 12:50:00,ATM+3,CE,600.0,572.35,1.65,1.65,1.5,1.5,33.992978,17150,5937575
2026-08-20 12:55:00,ATM+3,CE,600.0,571.35,1.45,1.5,1.4,1.4,34.202914,49000,5935125
2026-08-20 13:00:00,ATM+3,CE,600.0,570.8,1.35,1.4,1.3,1.4,34.707693,58800,5897150
2026-08-20 13:05:00,ATM+3,CE,600.0,570.65,1.35,1.4,1.3,1.35,34.486522,56350,5894700
2026-08-20 13:10:00,ATM+3,CE,600.0,570.5,1.35,1.35,1.35,1.35,34.632066,15925,5906950
2026-08-20 13:15:00,ATM+3,CE,600.0,570.25,1.35,1.35,1.3,1.35,34.866466,28175,5908175
2026-08-20 13:20:00,ATM+3,CE,600.0,570.1,1.2,1.35,1.2,1.25,34.252027,129850,5899600
2026-08-20 13:25:00,ATM+3,CE,600.0,569.95,1.25,1.3,1.25,1.3,34.779713,30625,5893475
2026-08-20 13:30:00,ATM+3,CE,600.0,570.0,1.3,1.3,1.3,1.3,34.747939,8575,5894700
2026-08-20 13:35:00,ATM+3,CE,600.0,569.65,1.3,1.35,1.25,1.35,35.448924,18375,5893475
2026-08-20 13:40:00,ATM+3,CE,600.0,569.85,1.35,1.35,1.3,1.3,34.905033,42875,5892250
2026-08-20 13:45:00,ATM+3,CE,600.0,569.75,1.3,1.35,1.3,1.3,35.005693,24500,5893475
2026-08-20 13:50:00,ATM+3,CE,600.0,569.95,1.3,1.35,1.3,1.35,35.220111,19600,5892250
2026-08-20 13:55:00,ATM+3,CE,600.0,569.75,1.3,1.35,1.3,1.3,35.030602,68600,5905725
2026-08-20 14:00:00,ATM+3,CE,600.0,570.05,1.3,1.3,1.3,1.3,34.77792,13475,5900825
2026-08-20 14:05:00,ATM+3,CE,600.0,570.95,1.3,1.4,1.3,1.4,34.733453,30625,5904500
2026-08-20 14:10:00,ATM+3,CE,600.0,570.25,1.4,1.4,1.35,1.35,35.003053,12250,5915525
2026-08-20 14:15:00,ATM+3,CE,600.0,570.25,1.35,1.35,1.25,1.3,34.638025,40425,5894700
2026-08-20 14:20:00,ATM+3,CE,600.0,569.6,1.3,1.3,1.2,1.25,34.83807,122500,5843250
2026-08-20 14:25:00,ATM+3,CE,600.0,569.8,1.2,1.25,1.2,1.25,34.674761,42875,5804050
2026-08-20 14:30:00,ATM+3,CE,600.0,570.0,1.25,1.35,1.25,1.35,35.276142,29400,5799150
2026-08-20 14:35:00,ATM+3,CE,600.0,570.15,1.3,1.35,1.3,1.35,35.154915,30625,5802825
2026-08-20 14:40:00,ATM+3,CE,600.0,570.4,1.25,1.35,1.25,1.3,34.566861,56350,5842025
2026-08-20 14:45:00,ATM+3,CE,600.0,570.25,1.3,1.4,1.3,1.3,34.712449,319725,5970650
2026-08-20 14:50:00,ATM+3,CE,600.0,571.25,1.3,1.3,1.25,1.3,33.835119,107800,6004950
2026-08-20 14:55:00,ATM+3,CE,600.0,571.1,1.3,1.3,1.25,1.3,33.981015,291550,6029450
2026-08-20 15:00:00,ATM+3,CE,600.0,571.2,1.3,1.3,1.25,1.3,33.904051,156800,6013525
2026-08-20 15:05:00,ATM+3,CE,600.0,571.2,1.3,1.3,1.2,1.2,33.151126,199675,5982900
2026-08-20 15:10:00,ATM+3,CE,600.0,573.0,1.35,1.5,1.2,1.5,33.735756,393225,5966975
2026-08-20 15:15:00,ATM+3,CE,600.0,573.0,1.5,1.5,1.3,1.3,32.327319,60025,5976775
2026-08-20 15:20:00,ATM+3,CE,600.0,573.0,1.3,1.3,1.3,1.3,32.339,29400,5987800
2026-08-20 15:25:00,ATM+3,CE,600.0,573.9,1.25,1.3,1.25,1.25,31.175161,45325,6004950
2026-08-20 15:30:00,ATM+3,CE,600.0,573.9,1.25,1.4,1.25,1.4,32.260598,101675,6020875
2026-08-20 15:35:00,ATM+3,CE,600.0,573.9,1.45,1.5,1.35,1.5,32.963298,89425,6017200
2026-08-21 09:15:00,ATM+3,CE,620.0,589.05,1.05,1.6,0.6,1.6,40.021062,933450,1718675
2026-08-21 09:20:00,ATM+3,CE,620.0,587.9,1.5,1.6,1.3,1.3,38.756447,643125,1803200
2026-08-21 09:25:00,ATM+3,CE,620.0,591.8,1.3,1.65,1.3,1.6,37.395415,785225,1937950
2026-08-21 09:30:00,ATM+3,CE,620.0,592.45,1.55,2.2,1.55,1.85,38.514019,1394050,2086175
2026-08-21 09:35:00,ATM+3,CE,620.0,593.8,1.75,2.15,1.75,2.1,38.793039,922425,2254000
2026-08-21 09:40:00,ATM+3,CE,620.0,593.65,2.05,2.15,1.9,1.9,37.670867,980000,2375275
2026-08-21 09:45:00,ATM+3,CE,620.0,591.6,1.6,1.9,1.35,1.5,36.919841,592900,2345875
2026-08-21 09:50:00,ATM+3,CE,620.0,592.95,1.45,1.85,1.35,1.85,38.076983,436100,2361800
2026-08-21 09:55:00,ATM+3,CE,620.0,592.35,1.8,1.9,1.7,1.7,37.6621,400575,2303000
2026-08-21 10:00:00,ATM+3,CE,620.0,591.3,1.75,1.8,1.4,1.4,36.497875,390775,2353225
2026-08-21 10:05:00,ATM+3,CE,620.0,591.4,1.4,1.7,1.4,1.55,37.546121,300125,2291975
2026-08-21 10:10:00,ATM+3,CE,620.0,592.15,1.6,1.75,1.55,1.7,37.907896,145775,2273600
2026-08-21 10:15:00,ATM+3,CE,620.0,592.0,1.7,1.75,1.55,1.55,36.995671,91875,2263800
2026-08-21 10:20:00,ATM+3,CE,620.0,591.35,1.5,1.55,1.3,1.45,36.894277,501025,2214800
2026-08-21 10:25:00,ATM+3,CE,620.0,592.45,1.45,1.55,1.45,1.55,36.589017,132300,2277275
2026-08-21 10:30:00,ATM+3,CE,620.0,591.5,1.55,1.55,1.4,1.4,36.400519,68600,2260125
2026-08-21 10:35:00,ATM+3,CE,620.0,591.4,1.4,1.45,1.35,1.35,36.123772,34300,2277275
2026-08-21 10:40:00,ATM+3,CE,620.0,591.3,1.4,1.4,1.3,1.3,35.839576,39200,2278500
2026-08-21 10:45:00,ATM+3,CE,620.0,588.45,1.3,1.35,1.05,1.05,36.351547,580650,2273600
2026-08-21 10:50:00,ATM+3,CE,620.0,587.45,1.05,1.15,0.9,0.9,35.825006,939575,2429175
2026-08-21 10:55:00,ATM+3,CE,620.0,587.6,0.95,0.95,0.85,0.9,35.709109,240100,2404675
2026-08-21 11:00:00,ATM+3,CE,620.0,587.15,0.9,0.9,0.8,0.8,35.088615,191100,2392425
2026-08-21 11:05:00,ATM+3,CE,620.0,589.55,0.85,0.95,0.8,0.9,34.026867,216825,2408350
2026-08-21 11:10:00,ATM+3,CE,620.0,589.0,0.95,0.95,0.8,0.85,34.032846,37975,2412025
2026-08-21 11:15:00,ATM+3,CE,620.0,588.3,0.85,0.85,0.8,0.8,34.144284,64925,2387525
2026-08-21 11:20:00,ATM+3,CE,620.0,588.4,0.75,0.8,0.75,0.75,33.544636,41650,2386300
2026-08-21 11:25:00,ATM+3,CE,620.0,589.3,0.75,0.85,0.75,0.85,33.814717,99225,2381400
2026-08-21 11:30:00,ATM+3,CE,620.0,589.35,0.85,0.9,0.8,0.9,34.276604,64925,2375275
2026-08-21 11:35:00,ATM+3,CE,620.0,589.45,0.9,0.9,0.85,0.85,33.712635,41650,2372825
2026-08-21 11:40:00,ATM+3,CE,620.0,588.15,0.8,0.85,0.75,0.8,34.347303,147000,2367925
2026-08-21 11:45:00,ATM+3,CE,620.0,587.65,0.8,0.85,0.8,0.85,35.313361,14700,2367925
2026-08-21 11:50:00,ATM+3,CE,620.0,587.4,0.85,0.85,0.75,0.75,34.48604,17150,2372825
2026-08-21 11:55:00,ATM+3,CE,620.0,587.0,0.75,0.8,0.75,0.8,35.384047,20825,2378950
2026-08-21 12:00:00,ATM+3,CE,620.0,587.15,0.8,0.8,0.75,0.8,35.27003,7350,2378950
2026-08-21 12:05:00,ATM+3,CE,620.0,587.0,0.75,0.8,0.75,0.8,35.414615,4900,2378950
2026-08-21 12:10:00,ATM+3,CE,620.0,586.95,0.8,0.8,0.7,0.75,34.93008,83300,2402225
2026-08-21 12:15:00,ATM+3,CE,620.0,587.0,0.75,0.8,0.75,0.8,35.445263,2450,2397325
2026-08-21 12:20:00,ATM+3,CE,620.0,587.45,0.8,0.85,0.75,0.85,35.594932,20825,2396100
2026-08-21 12:25:00,ATM+3,CE,620.0,589.25,0.85,0.9,0.8,0.9,34.528669,40425,2407125
2026-08-21 12:30:00,ATM+3,CE,620.0,589.4,0.95,0.95,0.9,0.95,34.891226,61250,2409575
2026-08-21 12:35:00,ATM+3,CE,620.0,589.5,0.95,1.0,0.9,1.0,35.285375,118825,2421825
2026-08-21 12:40:00,ATM+3,CE,620.0,590.0,0.85,1.0,0.85,1.0,34.848599,25725,2413250
2026-08-21 12:45:00,ATM+3,CE,620.0,590.0,1.0,1.05,0.95,1.0,34.863789,68600,2412025
2026-08-21 12:50:00,ATM+3,CE,620.0,590.05,1.0,1.0,0.9,0.95,34.368759,69825,2419375
2026-08-21 12:55:00,ATM+3,CE,620.0,590.8,1.0,1.05,0.95,1.05,34.617369,40425,2401000
2026-08-21 13:00:00,ATM+3,CE,620.0,591.65,1.0,1.15,1.0,1.1,34.285872,138425,2393650
2026-08-21 13:05:00,ATM+3,CE,620.0,592.75,1.2,1.5,1.1,1.4,35.680421,246225,2360575
2026-08-21 13:10:00,ATM+3,CE,620.0,594.3,1.4,1.6,1.35,1.55,35.278697,165375,2380175
2026-08-21 13:15:00,ATM+3,CE,630.0,595.2,1.55,1.75,0.9,1.0,38.626923,545125,918750
2026-08-21 13:20:00,ATM+3,CE,620.0,593.55,1.6,1.9,1.5,1.55,36.05665,633325,2725625
2026-08-21 13:25:00,ATM+3,CE,620.0,594.1,1.5,1.6,1.5,1.6,35.882043,171500,2659475
2026-08-21 13:30:00,ATM+3,CE,620.0,593.3,1.6,1.6,1.4,1.5,35.970448,165375,2641100
2026-08-21 13:35:00,ATM+3,CE,620.0,592.45,1.55,1.55,1.35,1.35,35.679284,109025,2625175
2026-08-21 13:40:00,ATM+3,CE,620.0,592.4,1.45,1.55,1.35,1.4,36.131043,191100,2680300
2026-08-21 13:45:00,ATM+3,CE,620.0,593.75,1.4,1.65,1.4,1.55,35.936777,433650,2730525
2026-08-21 13:50:00,ATM+3,CE,620.0,594.35,1.5,1.65,1.5,1.65,36.062243,173950,2823625
2026-08-21 13:55:00,ATM+3,CE,620.0,595.0,1.65,1.85,1.65,1.8,36.443171,198450,2773400
2026-08-21 14:00:00,ATM+3,CE,630.0,595.75,0.95,1.1,0.95,1.0,38.293865,143325,946925
2026-08-21 14:05:00,ATM+3,CE,620.0,594.75,1.0,1.8,1.0,1.6,35.353793,262150,2714600
2026-08-21 14:10:00,ATM+3,CE,630.0,597.2,1.65,1.65,0.85,0.95,36.560723,127400,973875
2026-08-21 14:15:00,ATM+3,CE,630.0,597.5,1.05,1.1,0.95,0.95,36.312361,311150,1047375
2026-08-21 14:20:00,ATM+3,CE,630.0,596.85,1.0,1.0,0.9,1.0,37.386154,73500,1060850
2026-08-21 14:25:00,ATM+3,CE,630.0,596.8,1.0,1.0,0.95,0.95,36.961787,91875,1065750
2026-08-21 14:30:00,ATM+3,CE,630.0,595.95,1.0,1.0,0.9,0.95,37.726306,49000,1063300
2026-08-21 14:35:00,ATM+3,CE,630.0,596.15,0.9,0.95,0.9,0.9,37.06424,55125,1031450
2026-08-21 14:40:00,ATM+3,CE,630.0,596.0,0.9,0.95,0.85,0.95,37.715718,31850,1033900
2026-08-21 14:45:00,ATM+3,CE,630.0,596.25,0.85,0.95,0.85,0.9,37.009763,37975,1047375
2026-08-21 14:50:00,ATM+3,CE,630.0,596.0,0.9,0.9,0.85,0.9,37.244551,22050,1055950
2026-08-21 14:55:00,ATM+3,CE,630.0,595.8,0.85,0.9,0.8,0.85,36.915756,94325,1073100
2026-08-21 15:00:00,ATM+3,CE,630.0,595.7,1.4,1.55,0.7,0.7,35.35862,116375,1043700
2026-08-21 15:05:00,ATM+3,CE,630.0,596.55,0.7,0.9,0.7,0.9,36.813,25725,1038800
2026-08-21 15:10:00,ATM+3,CE,630.0,595.65,0.85,0.9,0.8,0.8,36.558016,66150,1022875
2026-08-21 15:15:00,ATM+3,CE,630.0,595.65,0.8,0.8,0.75,0.75,36.020431,176400,1019200
2026-08-21 15:20:00,ATM+3,CE,630.0,595.65,0.7,0.75,0.7,0.7,35.463714,46550,991025
2026-08-21 15:25:00,ATM+3,CE,620.0,594.9,0.7,1.5,0.7,1.5,34.737339,50225,2595775
2026-08-21 15:30:00,ATM+3,CE,620.0,594.9,1.4,1.5,1.4,1.45,34.38738,46550,2592100
2026-08-21 15:35:00,ATM+3,CE,620.0,594.9,1.45,1.55,1.4,1.5,34.768594,96775,2593325
2026-08-24 09:15:00,ATM+3,CE,620.0,594.35,0.45,0.8,0.2,0.6,49.598844,320950,2484300
2026-08-24 09:20:00,ATM+3,CE,620.0,594.95,0.7,0.7,0.2,0.6,48.749127,172725,2451225
2026-08-24 09:25:00,ATM+3,CE,620.0,593.5,0.6,0.65,0.55,0.65,52.020625,107800,2436525
2026-08-24 09:30:00,ATM+3,CE,620.0,595.0,0.6,0.65,0.55,0.6,48.808792,91875,2414475
2026-08-24 09:35:00,ATM+3,CE,620.0,594.9,0.65,0.7,0.55,0.7,50.915025,36750,2409575
2026-08-24 09:40:00,ATM+3,CE,630.0,596.0,0.7,0.75,0.3,0.3,53.515754,25725,907725
2026-08-24 09:45:00,ATM+3,CE,630.0,596.9,0.3,0.3,0.25,0.25,50.668922,14700,901600
2026-08-24 09:50:00,ATM+3,CE,630.0,596.5,0.25,0.4,0.25,0.35,54.571348,34300,905275
2026-08-24 09:55:00,ATM+3,CE,630.0,598.65,0.35,0.4,0.35,0.4,53.094273,42875,896700
2026-08-24 10:00:00,ATM+3,CE,630.0,598.2,0.4,0.4,0.4,0.4,53.801575,6125,890575
2026-08-24 10:05:00,ATM+3,CE,630.0,598.85,0.4,0.45,0.35,0.45,54.268392,15925,895475
2026-08-24 10:10:00,ATM+3,CE,630.0,596.6,0.45,0.45,0.3,0.3,53.165241,40425,890575
2026-08-24 10:15:00,ATM+3,CE,630.0,596.5,0.3,0.35,0.3,0.35,54.961402,4900,882000
2026-08-24 10:20:00,ATM+3,CE,630.0,596.05,0.3,0.35,0.3,0.3,54.060745,18375,882000
2026-08-24 10:25:00,ATM+3,CE,630.0,595.3,0.3,0.3,0.3,0.3,55.151659,30625,867300
2026-08-24 10:30:00,ATM+3,CE,630.0,595.85,0.3,0.3,0.25,0.25,52.713237,3675,867300
2026-08-24 10:35:00,ATM+3,CE,620.0,595.0,0.25,0.7,0.25,0.6,49.723438,53900,2251550
2026-08-24 10:40:00,ATM+3,CE,630.0,596.25,0.25,0.3,0.25,0.25,52.336299,6125,872200
2026-08-24 10:45:00,ATM+3,CE,630.0,596.9,0.3,0.3,0.25,0.25,51.54902,8575,872200
2026-08-24 10:50:00,ATM+3,CE,630.0,597.55,0.25,0.35,0.25,0.35,54.058877,11025,868525
2026-08-24 10:55:00,ATM+3,CE,630.0,598.0,0.35,0.35,0.35,0.35,53.509267,0,868525
2026-08-24 11:00:00,ATM+3,CE,630.0,597.75,0.25,0.35,0.25,0.35,53.938003,15925,867300
2026-08-24 11:05:00,ATM+3,CE,630.0,598.8,0.35,0.35,0.25,0.25,49.306571,17150,868525
2026-08-24 11:10:00,ATM+3,CE,630.0,598.25,0.25,0.3,0.25,0.3,51.835579,3675,866075
2026-08-24 11:15:00,ATM+3,CE,630.0,599.0,0.3,0.3,0.25,0.25,49.183482,11025,862400
2026-08-24 11:20:00,ATM+3,CE,630.0,601.95,0.25,0.45,0.25,0.45,50.912936,94325,859950
2026-08-24 11:25:00,ATM+3,CE,630.0,602.8,0.4,0.5,0.4,0.5,50.896753,144550,846475
2026-08-24 11:30:00,ATM+3,CE,630.0,602.7,0.5,0.5,0.4,0.4,48.712146,75950,840350
2026-08-24 11:35:00,ATM+3,CE,630.0,601.35,0.35,0.4,0.3,0.3,47.909061,85750,840350
2026-08-24 11:40:00,ATM+3,CE,630.0,601.5,0.3,0.3,0.3,0.3,47.771296,1225,831775
2026-08-24 11:45:00,ATM+3,CE,630.0,601.8,0.3,0.4,0.3,0.4,50.250391,96775,831775
2026-08-24 11:50:00,ATM+3,CE,630.0,600.5,0.4,0.4,0.3,0.3,49.318773,91875,855050
2026-08-24 11:55:00,ATM+3,CE,630.0,601.3,0.3,0.35,0.3,0.35,49.75964,35525,855050
2026-08-24 12:00:00,ATM+3,CE,630.0,602.6,0.35,0.45,0.35,0.45,50.558853,23275,837900
2026-08-24 12:05:00,ATM+3,CE,630.0,602.5,0.4,0.45,0.4,0.4,49.526789,115150,835450
2026-08-24 12:10:00,ATM+3,CE,630.0,602.8,0.35,0.4,0.35,0.4,49.159769,30625,835450
2026-08-24 12:15:00,ATM+3,CE,630.0,601.7,0.4,0.4,0.3,0.3,48.000804,85750,852600
2026-08-24 12:20:00,ATM+3,CE,630.0,602.0,0.3,0.3,0.25,0.25,46.023736,67375,847700
2026-08-24 12:25:00,ATM+3,CE,640.0,605.25,0.35,0.35,0.2,0.2,52.425713,137200,720300
2026-08-24 12:30:00,ATM+3,CE,640.0,606.75,0.2,0.25,0.2,0.2,50.543835,28175,720300
2026-08-24 12:35:00,ATM+3,CE,640.0,609.5,0.25,0.3,0.2,0.3,50.596603,66150,714175
2026-08-24 12:40:00,ATM+3,CE,640.0,610.45,0.4,0.45,0.3,0.4,52.256321,153125,690900
2026-08-24 12:45:00,ATM+3,CE,640.0,609.6,0.4,0.4,0.3,0.35,52.154713,24500,688450
2026-08-24 12:50:00,ATM+3,CE,640.0,612.0,0.35,0.5,0.3,0.5,52.617837,62475,709275
2026-08-24 12:55:00,ATM+3,CE,640.0,612.25,0.5,0.6,0.5,0.5,52.321064,188650,760725
2026-08-24 13:00:00,ATM+3,CE,640.0,610.7,0.55,0.55,0.4,0.4,52.219914,25725,758275
2026-08-24 13:05:00,ATM+3,CE,640.0,608.65,0.4,0.4,0.3,0.3,52.270145,34300,750925
2026-08-24 13:10:00,ATM+3,CE,640.0,607.75,0.4,0.4,0.3,0.4,56.705989,9800,747250
2026-08-24 13:15:00,ATM+3,CE,640.0,607.75,0.4,0.4,0.3,0.3,53.701988,19600,743575
2026-08-24 13:20:00,ATM+3,CE,640.0,607.7,0.3,0.3,0.3,0.3,53.85827,17150,731325
2026-08-24 13:25:00,ATM+3,CE,640.0,606.7,0.3,0.3,0.3,0.3,55.351579,0,731325
2026-08-24 13:30:00,ATM+3,CE,640.0,607.4,0.25,0.3,0.25,0.25,52.662452,3675,730100
2026-08-24 13:35:00,ATM+3,CE,640.0,608.55,0.25,0.35,0.25,0.35,54.512585,25725,731325
2026-08-24 13:40:00,ATM+3,CE,640.0,607.95,0.35,0.35,0.35,0.35,55.469295,3675,739900
2026-08-24 13:45:00,ATM+3,CE,640.0,609.6,0.3,0.4,0.3,0.35,53.164569,19600,731325
2026-08-24 13:50:00,ATM+3,CE,640.0,609.3,0.35,0.35,0.3,0.3,52.107533,3675,731325
2026-08-24 13:55:00,ATM+3,CE,640.0,608.2,0.4,0.4,0.3,0.35,55.377888,18375,732550
2026-08-24 14:00:00,ATM+3,CE,640.0,608.65,0.35,0.35,0.35,0.35,54.813136,4900,728875
2026-08-24 14:05:00,ATM+3,CE,640.0,608.1,0.3,0.35,0.3,0.35,55.706106,3675,730100
2026-08-24 14:10:00,ATM+3,CE,640.0,608.7,0.35,0.35,0.35,0.35,54.92105,0,730100
2026-08-24 14:15:00,ATM+3,CE,640.0,608.0,0.35,0.35,0.35,0.35,56.03702,0,730100
2026-08-24 14:20:00,ATM+3,CE,640.0,607.6,0.35,0.35,0.25,0.25,53.252621,12250,730100
2026-08-24 14:25:00,ATM+3,CE,640.0,608.0,0.25,0.25,0.25,0.25,52.780691,17150,726425
2026-08-24 14:30:00,ATM+3,CE,640.0,608.45,0.25,0.25,0.25,0.25,52.236462,2450,726425
2026-08-24 14:35:00,ATM+3,CE,640.0,609.8,0.25,0.25,0.25,0.25,50.419173,12250,726425
2026-08-24 14:40:00,ATM+3,CE,640.0,609.9,0.25,0.25,0.25,0.25,50.362629,1225,726425
2026-08-24 14:45:00,ATM+3,CE,640.0,609.85,0.2,0.25,0.2,0.2,48.548145,7350,725200
2026-08-24 14:50:00,ATM+3,CE,640.0,610.1,0.2,0.25,0.2,0.2,48.285426,4900,722750
2026-08-24 14:55:00,ATM+3,CE,640.0,611.25,0.2,0.25,0.2,0.25,48.694564,6125,721525
2026-08-24 15:00:00,ATM+3,CE,640.0,612.45,0.25,0.3,0.2,0.3,48.726151,12250,722750
2026-08-24 15:05:00,ATM+3,CE,640.0,613.0,0.25,0.4,0.25,0.4,50.891889,42875,716625
2026-08-24 15:10:00,ATM+3,CE,640.0,608.0,0.3,0.45,0.2,0.3,55.42447,161700,708050
2026-08-24 15:15:00,ATM+3,CE,640.0,608.0,0.3,0.3,0.15,0.2,51.619019,14700,689675
2026-08-24 15:20:00,ATM+3,CE,640.0,608.0,0.2,0.25,0.15,0.15,49.296464,14700,682325
2026-08-24 15:25:00,ATM+3,CE,630.0,604.0,0.15,0.35,0.15,0.35,49.110559,36750,1113525
2026-08-24 15:30:00,ATM+3,CE,630.0,604.0,0.3,0.35,0.25,0.25,46.032513,18375,1113525
2026-08-24 15:35:00,ATM+3,CE,630.0,604.0,0.25,0.35,0.25,0.35,49.282555,33075,1112300
2026-08-25 09:15:00,ATM+3,CE,620.0,594.4,0.2,0.4,0.05,0.3,93.687305,287875,2523500
2026-08-25 09:20:00,ATM+3,CE,620.0,592.45,0.2,0.3,0.15,0.15,88.460075,367500,2487975
2026-08-25 09:25:00,ATM+3,CE,620.0,590.05,0.15,0.15,0.1,0.15,95.697184,231525,2369150
2026-08-25 09:30:00,ATM+3,CE,620.0,594.0,0.2,0.4,0.15,0.4,102.716155,98000,2358125
2026-08-25 09:35:00,ATM+3,CE,620.0,594.5,0.1,0.5,0.1,0.35,98.997411,88200,2300550
2026-08-25 09:40:00,ATM+3,CE,620.0,593.3,0.35,0.35,0.25,0.25,96.906685,73500,2277275
2026-08-25 09:45:00,ATM+3,CE,620.0,592.75,0.25,0.3,0.25,0.3,102.801659,34300,2269925
2026-08-25 09:50:00,ATM+3,CE,620.0,592.45,0.25,0.3,0.25,0.25,100.915807,29400,2244200
2026-08-25 09:55:00,ATM+3,CE,620.0,591.55,0.25,0.35,0.2,0.2,100.311258,51450,2233175
2026-08-25 10:00:00,ATM+3,CE,620.0,591.0,0.2,0.25,0.15,0.15,97.825982,50225,2205000
2026-08-25 10:05:00,ATM+3,CE,620.0,591.0,0.3,0.3,0.15,0.25,107.728714,78400,2174375
2026-08-25 10:10:00,ATM+3,CE,620.0,590.4,0.25,0.3,0.2,0.25,110.443563,41650,2156000
2026-08-25 10:15:00,ATM+3,CE,620.0,589.3,0.25,0.3,0.25,0.3,0.0,84525,2126600
2026-08-25 10:20:00,ATM+3,CE,620.0,588.9,0.3,0.3,0.2,0.2,0.0,67375,2100875
2026-08-25 10:25:00,ATM+3,CE,620.0,590.0,0.25,0.25,0.15,0.15,104.719365,56350,2056775
2026-08-25 10:30:00,ATM+3,CE,620.0,590.85,0.25,0.25,0.15,0.2,108.13359,31850,2034725
2026-08-25 10:35:00,ATM+3,CE,620.0,590.8,0.15,0.35,0.15,0.3,0.0,324625,1961225
2026-08-25 10:40:00,ATM+3,CE,620.0,590.05,0.3,0.35,0.3,0.3,0.0,230300,2038400
2026-08-25 10:45:00,ATM+3,CE,620.0,590.0,0.3,0.35,0.3,0.3,0.0,17150,2040850
2026-08-25 10:50:00,ATM+3,CE,620.0,589.25,0.3,0.35,0.3,0.35,0.0,219275,2191525
2026-08-25 10:55:00,ATM+3,CE,620.0,589.2,0.3,0.35,0.3,0.3,0.0,240100,2331175
2026-08-25 11:00:00,ATM+3,CE,620.0,588.75,0.3,0.3,0.3,0.3,0.0,235200,2513700
2026-08-25 11:05:00,ATM+3,CE,620.0,589.85,0.3,0.3,0.1,0.15,0.0,1460200,1832600
2026-08-25 11:10:00,ATM+3,CE,620.0,588.6,0.15,0.15,0.15,0.15,0.0,2450,1795850
2026-08-25 11:15:00,ATM+3,CE,620.0,587.9,0.15,0.15,0.1,0.1,0.0,37975,1786050
2026-08-25 11:20:00,ATM+3,CE,620.0,587.45,0.1,0.1,0.1,0.1,0.0,4900,1779925
2026-08-25 11:25:00,ATM+3,CE,620.0,587.95,0.1,0.15,0.1,0.15,0.0,19600,1762775
2026-08-25 11:30:00,ATM+3,CE,620.0,587.45,0.15,0.2,0.15,0.2,0.0,23275,1760325
2026-08-25 11:35:00,ATM+3,CE,620.0,588.2,0.15,0.2,0.1,0.15,0.0,34300,1745625
2026-08-25 11:40:00,ATM+3,CE,620.0,588.0,0.15,0.15,0.1,0.1,0.0,7350,1729700
2026-08-25 11:45:00,ATM+3,CE,620.0,587.75,0.1,0.1,0.1,0.1,0.0,11025,1727250
2026-08-25 11:50:00,ATM+3,CE,620.0,588.3,0.1,0.15,0.1,0.1,0.0,20825,1708875
2026-08-25 11:55:00,ATM+3,CE,620.0,589.1,0.1,0.15,0.1,0.15,0.0,3675,1706425
2026-08-25 12:00:00,ATM+3,CE,620.0,590.3,0.15,0.15,0.1,0.1,0.0,17150,1706425
2026-08-25 12:05:00,ATM+3,CE,630.0,595.65,0.1,0.45,0.05,0.15,0.0,186200,654150
2026-08-25 12:10:00,ATM+3,CE,630.0,595.85,0.15,0.45,0.1,0.1,0.0,73500,655375
2026-08-25 12:15:00,ATM+3,CE,630.0,596.4,0.1,0.1,0.1,0.1,0.0,12250,632100
2026-08-25 12:20:00,ATM+3,CE,630.0,597.3,0.1,0.1,0.05,0.05,0.0,60025,590450
2026-08-25 12:25:00,ATM+3,CE,630.0,595.85,0.05,0.05,0.05,0.05,0.0,26950,585550
2026-08-25 12:30:00,ATM+3,CE,630.0,595.65,0.05,0.05,0.05,0.05,0.0,0,585550
2026-08-25 12:35:00,ATM+3,CE,620.0,594.9,0.05,0.1,0.05,0.05,0.0,22050,1403850
2026-08-25 12:40:00,ATM+3,CE,630.0,597.55,0.05,0.05,0.05,0.05,0.0,0,585550
2026-08-25 12:45:00,ATM+3,CE,630.0,597.65,0.05,0.05,0.05,0.05,0.0,4900,578200
2026-08-25 12:50:00,ATM+3,CE,630.0,595.6,0.05,0.05,0.05,0.05,0.0,4900,576975
2026-08-25 12:55:00,ATM+3,CE,620.0,593.25,0.05,0.05,0.05,0.05,0.0,3675,1316875
2026-08-25 13:00:00,ATM+3,CE,620.0,592.35,0.05,0.1,0.05,0.1,0.0,39200,1300950
2026-08-25 13:05:00,ATM+3,CE,620.0,592.1,0.05,0.1,0.05,0.05,0.0,237650,1096375
2026-08-25 13:10:00,ATM+3,CE,620.0,591.9,0.05,0.05,0.05,0.05,0.0,11025,1087800
2026-08-25 13:15:00,ATM+3,CE,620.0,594.5,0.05,0.05,0.05,0.05,0.0,0,1087800
2026-08-25 13:20:00,ATM+3,CE,620.0,593.7,0.05,0.05,0.05,0.05,0.0,2450,1080450
2026-08-25 13:25:00,ATM+3,CE,620.0,594.05,0.05,0.05,0.05,0.05,0.0,0,1079225
2026-08-25 13:30:00,ATM+3,CE,630.0,595.25,0.05,0.05,0.05,0.05,0.0,7350,565950
2026-08-25 13:35:00,ATM+3,CE,620.0,594.45,0.05,0.05,0.05,0.05,0.0,4900,1073100
2026-08-25 13:40:00,ATM+3,CE,620.0,594.25,0.05,0.05,0.05,0.05,0.0,0,1073100
2026-08-25 13:45:00,ATM+3,CE,630.0,595.25,0.05,0.05,0.05,0.05,0.0,0,565950
2026-08-25 13:50:00,ATM+3,CE,630.0,595.5,0.05,0.05,0.05,0.05,0.0,3675,565950
2026-08-25 13:55:00,ATM+3,CE,630.0,595.45,0.05,0.05,0.05,0.05,0.0,0,565950
2026-08-25 14:00:00,ATM+3,CE,620.0,595.0,0.05,0.05,0.05,0.05,0.0,0,1069425
2026-08-25 14:05:00,ATM+3,CE,630.0,595.25,0.05,0.05,0.05,0.05,0.0,0,565950
2026-08-25 14:10:00,ATM+3,CE,620.0,595.0,0.05,0.05,0.05,0.05,0.0,0,1069425
2026-08-25 14:15:00,ATM+3,CE,630.0,595.25,0.05,0.05,0.05,0.05,0.0,0,565950
2026-08-25 14:20:00,ATM+3,CE,620.0,595.0,0.05,0.05,0.05,0.05,0.0,8575,1063300
2026-08-25 14:25:00,ATM+3,CE,630.0,595.3,0.05,0.05,0.05,0.05,0.0,4900,565950
2026-08-25 14:30:00,ATM+3,CE,620.0,592.6,0.05,0.05,0.05,0.05,0.0,0,1054725
2026-08-25 14:35:00,ATM+3,CE,620.0,592.15,0.05,0.05,0.05,0.05,0.0,0,1054725
2026-08-25 14:40:00,ATM+3,CE,620.0,592.4,0.05,0.05,0.05,0.05,0.0,12250,1008175
2026-08-25 14:45:00,ATM+3,CE,620.0,592.65,0.05,0.05,0.05,0.05,0.0,13475,1006950
2026-08-25 14:50:00,ATM+3,CE,620.0,592.5,0.05,0.05,0.05,0.05,0.0,1225,1006950
2026-08-25 14:55:00,ATM+3,CE,620.0,592.35,0.05,0.05,0.05,0.05,0.0,0,1006950
2026-08-25 15:00:00,ATM+3,CE,620.0,592.0,0.05,0.05,0.05,0.05,0.0,0,1006950
2026-08-25 15:05:00,ATM+3,CE,620.0,592.35,0.05,0.05,0.05,0.05,0.0,0,1006950
2026-08-25 15:10:00,ATM+3,CE,620.0,591.7,0.05,0.05,0.05,0.05,0.0,0,1006950
2026-08-25 15:15:00,ATM+3,CE,620.0,591.7,0.05,0.05,0.05,0.05,0.0,0,1006950
2026-08-25 15:20:00,ATM+3,CE,620.0,591.7,0.05,0.05,0.05,0.05,0.0,0,1006950
2026-08-25 15:25:00,ATM+3,CE,620.0,592.6,0.05,0.05,0.05,0.05,0.0,0,1006950
2026-08-25 15:30:00,ATM+3,CE,620.0,592.6,0.05,0.05,0.05,0.05,0.0,1225,1006950
2026-08-25 15:35:00,ATM+3,CE,620.0,592.6,0.05,0.05,0.05,0.05,0.0,0,1006950
2026-08-20 09:15:00,ATM+3,PE,600.0,571.95,30.05,32.2,29.95,30.65,45.227517,28175,1196825
2026-08-20 09:20:00,ATM+3,PE,600.0,570.3,30.85,30.85,30.4,30.7,37.779747,4900,1195600
2026-08-20 09:25:00,ATM+3,PE,600.0,568.55,30.85,32.75,29.6,32.75,41.332277,17150,1195600
2026-08-20 09:30:00,ATM+3,PE,600.0,569.0,32.75,32.75,32.1,32.1,39.650774,4900,1194375
2026-08-20 09:35:00,ATM+3,PE,600.0,569.3,32.1,32.25,31.65,31.65,38.403158,4900,1193150
2026-08-20 09:40:00,ATM+3,PE,600.0,568.2,32.25,32.25,31.65,32.25,35.843556,1225,1193150
2026-08-20 09:45:00,ATM+3,PE,600.0,567.5,32.25,32.95,32.25,32.95,36.456229,2450,1191925
2026-08-20 09:50:00,ATM+3,PE,600.0,568.1,32.95,33.7,32.95,33.6,44.254914,7350,1191925
2026-08-20 09:55:00,ATM+3,PE,600.0,567.7,33.6,33.6,33.6,33.6,42.199503,0,1191925
2026-08-20 10:00:00,ATM+3,PE,600.0,567.15,33.6,33.6,33.6,33.6,39.021936,0,1191925
2026-08-20 10:05:00,ATM+3,PE,600.0,568.05,33.6,33.6,33.6,33.6,44.040897,0,1191925
2026-08-20 10:10:00,ATM+3,PE,600.0,567.55,33.6,33.6,33.25,33.3,39.386703,6125,1191925
2026-08-20 10:15:00,ATM+3,PE,600.0,567.9,33.3,33.5,33.3,33.5,42.682167,3675,1191925
2026-08-20 10:20:00,ATM+3,PE,600.0,569.4,33.5,33.5,33.5,33.5,49.63417,0,1191925
2026-08-20 10:25:00,ATM+3,PE,600.0,569.0,32.3,33.5,32.3,32.3,41.032929,2450,1191925
2026-08-20 10:30:00,ATM+3,PE,600.0,571.7,32.3,32.3,30.9,31.35,47.972687,6125,1190700
2026-08-20 10:35:00,ATM+3,PE,600.0,571.95,31.35,31.35,29.35,29.9,41.41115,3675,1189475
2026-08-20 10:40:00,ATM+3,PE,600.0,570.7,29.9,29.9,29.9,29.9,34.851328,0,1189475
2026-08-20 10:45:00,ATM+3,PE,600.0,570.25,29.9,31.0,29.9,31.0,39.574236,4900,1189475
2026-08-20 10:50:00,ATM+3,PE,600.0,569.45,31.0,31.3,31.0,31.3,37.046055,2450,1188250
2026-08-20 10:55:00,ATM+3,PE,600.0,569.55,31.3,31.3,31.3,31.3,37.652208,0,1188250
2026-08-20 11:00:00,ATM+3,PE,600.0,570.05,31.3,31.3,31.3,31.3,40.413694,0,1188250
2026-08-20 11:05:00,ATM+3,PE,600.0,571.25,31.7,31.7,31.15,31.15,45.18951,13475,1188250
2026-08-20 11:10:00,ATM+3,PE,600.0,570.85,31.15,31.15,31.15,31.15,43.436525,0,1188250
2026-08-20 11:15:00,ATM+3,PE,600.0,570.0,31.0,31.15,31.0,31.1,38.923665,3675,1185800
2026-08-20 11:20:00,ATM+3,PE,600.0,568.2,31.1,31.1,31.1,31.1,22.753475,0,1185800
2026-08-20 11:25:00,ATM+3,PE,600.0,567.75,33.0,33.0,31.1,32.9,37.9174,8575,1184575
2026-08-20 11:30:00,ATM+3,PE,600.0,568.35,32.9,32.9,32.9,32.9,41.472373,0,1184575
2026-08-20 11:35:00,ATM+3,PE,600.0,567.85,32.9,32.9,32.9,32.9,38.571478,0,1184575
2026-08-20 11:40:00,ATM+3,PE,600.0,568.65,32.9,32.9,32.9,32.9,43.075415,0,1184575
2026-08-20 11:45:00,ATM+3,PE,600.0,569.85,32.9,32.9,31.5,31.5,40.70132,11025,1182125
2026-08-20 11:50:00,ATM+3,PE,600.0,568.6,31.0,31.5,31.0,31.0,27.565258,2450,1182125
2026-08-20 11:55:00,ATM+3,PE,600.0,569.7,31.0,31.0,31.0,31.0,36.583955,0,1182125
2026-08-20 12:00:00,ATM+3,PE,600.0,569.15,31.0,31.0,31.0,31.0,32.806488,0,1182125
2026-08-20 12:05:00,ATM+3,PE,600.0,569.0,31.0,32.45,31.0,32.0,39.303021,9800,1182125
2026-08-20 12:10:00,ATM+3,PE,600.0,571.2,32.0,32.0,29.5,29.5,35.251233,9800,1179675
2026-08-20 12:15:00,ATM+3,PE,600.0,573.9,29.3,29.5,27.75,27.75,38.547916,13475,1177225
2026-08-20 12:20:00,ATM+3,PE,600.0,572.3,27.75,28.7,27.75,28.7,36.241905,2450,1177225
2026-08-20 12:25:00,ATM+3,PE,600.0,573.2,28.7,28.95,27.4,27.4,32.767707,9800,1177225
2026-08-20 12:30:00,ATM+3,PE,600.0,572.35,27.4,27.4,27.4,27.4,26.485408,0,1177225
2026-08-20 12:35:00,ATM+3,PE,600.0,571.95,27.4,27.4,27.4,27.4,21.337856,0,1177225
2026-08-20 12:40:00,ATM+3,PE,600.0,571.7,27.4,27.4,27.4,27.4,0.0,0,1177225
2026-08-20 12:45:00,ATM+3,PE,600.0,573.15,28.75,28.75,27.4,28.25,37.91832,7350,1173550
2026-08-20 12:50:00,ATM+3,PE,600.0,572.35,28.25,28.25,28.25,28.25,33.576304,0,1173550
2026-08-20 12:55:00,ATM+3,PE,600.0,571.35,28.25,28.25,28.25,28.25,25.556472,0,1173550
2026-08-20 13:00:00,ATM+3,PE,600.0,570.8,28.25,28.25,28.25,28.25,0.0,0,1173550
2026-08-20 13:05:00,ATM+3,PE,600.0,570.65,28.25,30.55,28.25,30.55,39.165135,3675,1171100
2026-08-20 13:10:00,ATM+3,PE,600.0,570.5,30.55,30.55,30.15,30.55,38.356633,2450,1168650
2026-08-20 13:15:00,ATM+3,PE,600.0,570.25,30.55,31.2,30.55,30.7,37.942205,7350,1163750
2026-08-20 13:20:00,ATM+3,PE,600.0,570.1,30.7,31.55,30.7,31.55,42.483669,3675,1162525
2026-08-20 13:25:00,ATM+3,PE,600.0,569.95,31.55,31.55,31.1,31.1,38.904819,2450,1160075
2026-08-20 13:30:00,ATM+3,PE,600.0,570.0,31.1,31.15,31.1,31.15,39.517872,2450,1157625
2026-08-20 13:35:00,ATM+3,PE,600.0,569.65,31.6,31.6,31.15,31.4,39.20744,4900,1151500
2026-08-20 13:40:00,ATM+3,PE,600.0,569.85,31.4,31.5,31.4,31.5,40.95013,3675,1149050
2026-08-20 13:45:00,ATM+3,PE,600.0,569.75,31.5,31.95,31.5,31.55,40.744237,3675,1146600
2026-08-20 13:50:00,ATM+3,PE,600.0,569.95,31.55,31.55,31.55,31.55,41.79914,0,1146600
2026-08-20 13:55:00,ATM+3,PE,600.0,569.75,31.55,31.75,31.55,31.75,42.00669,3675,1147825
2026-08-20 14:00:00,ATM+3,PE,600.0,570.05,31.75,31.75,31.75,31.75,43.511324,0,1147825
2026-08-20 14:05:00,ATM+3,PE,600.0,570.95,31.0,31.75,29.9,29.9,36.712114,13475,1144150
2026-08-20 14:10:00,ATM+3,PE,600.0,570.25,29.9,29.9,29.9,29.9,32.053034,0,1144150
2026-08-20 14:15:00,ATM+3,PE,600.0,570.25,29.9,29.9,29.9,29.9,32.05958,0,1144150
2026-08-20 14:20:00,ATM+3,PE,600.0,569.6,29.9,31.75,29.9,31.75,41.280591,1225,1142925
2026-08-20 14:25:00,ATM+3,PE,600.0,569.8,31.75,31.75,31.75,31.75,42.331148,2450,1142925
2026-08-20 14:30:00,ATM+3,PE,600.0,570.0,31.75,31.75,31.75,31.75,43.340696,0,1142925
2026-08-20 14:35:00,ATM+3,PE,600.0,570.15,31.75,31.75,31.75,31.75,44.077117,0,1142925
2026-08-20 14:40:00,ATM+3,PE,600.0,570.4,31.75,31.75,31.35,31.35,42.963289,2450,1142925
2026-08-20 14:45:00,ATM+3,PE,600.0,570.25,31.35,31.35,31.35,31.35,42.234294,0,1142925
2026-08-20 14:50:00,ATM+3,PE,600.0,571.25,31.35,31.35,31.35,31.35,46.84548,0,1142925
2026-08-20 14:55:00,ATM+3,PE,600.0,571.1,31.35,31.35,31.35,31.35,46.214194,0,1142925
2026-08-20 15:00:00,ATM+3,PE,600.0,571.2,31.35,31.35,30.8,30.8,43.638605,8575,1139250
2026-08-20 15:05:00,ATM+3,PE,600.0,571.2,30.8,31.0,30.8,31.0,44.769223,8575,1134350
2026-08-20 15:10:00,ATM+3,PE,600.0,573.0,30.5,31.0,29.35,29.35,43.705237,2450,1133125
2026-08-20 15:15:00,ATM+3,PE,600.0,573.0,29.35,29.35,29.35,29.35,43.717892,0,1133125
2026-08-20 15:20:00,ATM+3,PE,600.0,573.0,29.35,29.35,29.35,29.35,43.730555,0,1133125
2026-08-20 15:25:00,ATM+3,PE,600.0,573.9,29.35,29.35,29.35,29.35,47.373853,0,1133125
2026-08-20 15:30:00,ATM+3,PE,600.0,573.9,29.35,29.35,29.35,29.35,47.388068,0,1133125
2026-08-20 15:35:00,ATM+3,PE,600.0,573.9,29.35,29.9,29.35,29.9,50.076244,1225,1131900
2026-08-21 09:15:00,ATM+3,PE,620.0,589.05,33.65,33.65,33.0,33.0,47.894368,4900,483875
2026-08-21 09:20:00,ATM+3,PE,620.0,587.9,33.0,33.0,33.0,33.0,41.317975,0,483875
2026-08-21 09:25:00,ATM+3,PE,620.0,591.8,32.0,33.0,31.0,31.0,49.268693,6125,482650
2026-08-21 09:30:00,ATM+3,PE,620.0,592.45,31.0,31.0,28.2,28.2,35.100964,4900,481425
2026-08-21 09:35:00,ATM+3,PE,620.0,593.8,28.2,28.2,27.7,27.7,39.555904,4900,481425
2026-08-21 09:40:00,ATM+3,PE,620.0,593.65,27.7,28.1,27.15,28.1,41.256498,6125,478975
2026-08-21 09:45:00,ATM+3,PE,620.0,591.6,28.75,29.65,28.1,29.65,40.228857,3675,477750
2026-08-21 09:50:00,ATM+3,PE,620.0,592.95,29.65,29.65,29.65,29.65,46.952908,0,477750
2026-08-21 09:55:00,ATM+3,PE,620.0,592.35,28.25,29.65,28.25,28.5,36.731529,4900,476525
2026-08-21 10:00:00,ATM+3,PE,620.0,591.3,28.5,29.05,28.5,29.05,33.807777,6125,475300
2026-08-21 10:05:00,ATM+3,PE,620.0,591.4,29.05,29.5,29.05,29.05,34.570382,8575,474075
2026-08-21 10:10:00,ATM+3,PE,620.0,592.15,29.05,29.05,28.7,28.9,38.378308,13475,459375
2026-08-21 10:15:00,ATM+3,PE,620.0,592.0,28.35,28.9,28.35,28.6,35.235886,3675,458150
2026-08-21 10:20:00,ATM+3,PE,620.0,591.35,29.05,30.4,28.6,30.4,43.80917,19600,438550
2026-08-21 10:25:00,ATM+3,PE,620.0,592.45,30.4,30.4,28.3,28.3,35.969157,2450,438550
2026-08-21 10:30:00,ATM+3,PE,620.0,591.5,28.3,29.35,28.3,29.35,37.639548,4900,436100
2026-08-21 10:35:00,ATM+3,PE,620.0,591.4,29.35,29.35,29.35,29.35,37.002782,1225,434875
2026-08-21 10:40:00,ATM+3,PE,620.0,591.3,29.35,29.35,29.35,29.35,36.342093,0,434875
2026-08-21 10:45:00,ATM+3,PE,620.0,588.45,29.35,32.1,29.35,32.1,38.21727,7350,433650
2026-08-21 10:50:00,ATM+3,PE,620.0,587.45,32.45,33.3,32.1,33.3,40.808397,11025,426300
2026-08-21 10:55:00,ATM+3,PE,620.0,587.6,33.3,33.3,33.3,33.3,41.855729,0,426300
2026-08-21 11:00:00,ATM+3,PE,620.0,587.15,33.3,33.3,33.3,33.3,38.580992,0,426300
2026-08-21 11:05:00,ATM+3,PE,620.0,589.55,33.3,33.3,33.3,33.3,52.449643,0,426300
2026-08-21 11:10:00,ATM+3,PE,620.0,589.0,33.3,33.3,32.0,32.0,41.286598,1225,426300
2026-08-21 11:15:00,ATM+3,PE,620.0,588.3,32.0,32.0,32.0,32.0,36.207432,0,426300
2026-08-21 11:20:00,ATM+3,PE,620.0,588.4,32.0,32.0,32.0,32.0,37.040584,0,426300
2026-08-21 11:25:00,ATM+3,PE,620.0,589.3,32.0,32.0,32.0,32.0,43.170729,0,426300
2026-08-21 11:30:00,ATM+3,PE,620.0,589.35,32.0,32.0,32.0,32.0,43.478868,0,426300
2026-08-21 11:35:00,ATM+3,PE,620.0,589.45,32.0,32.0,32.0,32.0,44.070735,0,426300
2026-08-21 11:40:00,ATM+3,PE,620.0,588.15,32.0,32.0,32.0,32.0,34.931332,0,426300
2026-08-21 11:45:00,ATM+3,PE,620.0,587.65,32.0,32.0,32.0,32.0,29.158158,0,426300
2026-08-21 11:50:00,ATM+3,PE,620.0,587.4,32.0,32.0,32.0,32.0,23.849534,0,426300
2026-08-21 11:55:00,ATM+3,PE,620.0,587.0,32.0,32.0,32.0,32.0,0.0,0,426300
2026-08-21 12:00:00,ATM+3,PE,620.0,587.15,32.0,32.0,32.0,32.0,0.0,0,426300
2026-08-21 12:05:00,ATM+3,PE,620.0,587.0,32.0,32.0,32.0,32.0,0.0,0,426300
2026-08-21 12:10:00,ATM+3,PE,620.0,586.95,32.0,32.0,32.0,32.0,0.0,0,426300
2026-08-21 12:15:00,ATM+3,PE,620.0,587.0,32.0,32.0,32.0,32.0,0.0,0,426300
2026-08-21 12:20:00,ATM+3,PE,620.0,587.45,32.0,32.0,32.0,32.0,25.269091,0,426300
2026-08-21 12:25:00,ATM+3,PE,620.0,589.25,32.0,32.0,32.0,32.0,43.046111,0,426300
2026-08-21 12:30:00,ATM+3,PE,620.0,589.4,32.0,32.0,32.0,32.0,43.94781,0,426300
2026-08-21 12:35:00,ATM+3,PE,620.0,589.5,32.0,32.0,32.0,32.0,44.537192,0,426300
2026-08-21 12:40:00,ATM+3,PE,620.0,590.0,30.8,32.0,30.8,30.95,40.170059,6125,426300
2026-08-21 12:45:00,ATM+3,PE,620.0,590.0,30.95,30.95,30.95,30.95,40.183151,0,426300
2026-08-21 12:50:00,ATM+3,PE,620.0,590.05,30.95,30.95,30.05,30.3,35.27495,13475,425075
2026-08-21 12:55:00,ATM+3,PE,620.0,590.8,30.3,30.3,30.3,30.3,40.504202,0,425075
2026-08-21 13:00:00,ATM+3,PE,620.0,591.65,30.3,30.3,30.3,30.3,45.221372,0,425075
2026-08-21 13:05:00,ATM+3,PE,620.0,592.75,30.3,30.3,30.3,30.3,50.347118,0,425075
2026-08-21 13:10:00,ATM+3,PE,620.0,594.3,27.6,30.3,26.8,27.0,38.320285,3675,426300
2026-08-21 13:15:00,ATM+3,PE,630.0,595.2,26.65,39.65,26.6,35.05,38.200759,4900,101675
2026-08-21 13:20:00,ATM+3,PE,620.0,593.55,25.15,25.15,25.15,25.15,0.0,0,417725
2026-08-21 13:25:00,ATM+3,PE,620.0,594.1,25.15,25.15,25.15,25.15,0.0,0,417725
2026-08-21 13:30:00,ATM+3,PE,620.0,593.3,25.15,25.15,25.15,25.15,0.0,0,417725
2026-08-21 13:35:00,ATM+3,PE,620.0,592.45,25.15,25.15,25.15,25.15,0.0,0,417725
2026-08-21 13:40:00,ATM+3,PE,620.0,592.4,25.15,25.15,25.15,25.15,0.0,0,417725
2026-08-21 13:45:00,ATM+3,PE,620.0,593.75,25.15,27.95,25.15,27.95,41.542834,8575,416500
2026-08-21 13:50:00,ATM+3,PE,620.0,594.35,27.95,27.95,27.95,27.95,44.468603,0,416500
2026-08-21 13:55:00,ATM+3,PE,620.0,595.0,27.95,27.95,26.3,26.3,37.703035,8575,410375
2026-08-21 14:00:00,ATM+3,PE,630.0,595.75,37.3,37.3,37.3,37.3,57.727952,0,102900
2026-08-21 14:05:00,ATM+3,PE,620.0,594.75,37.3,37.3,25.8,26.15,35.280946,1225,410375
2026-08-21 14:10:00,ATM+3,PE,630.0,597.2,26.15,37.3,26.15,37.3,64.064295,0,102900
2026-08-21 14:15:00,ATM+3,PE,630.0,597.5,37.3,37.3,37.3,37.3,65.285531,0,105350
2026-08-21 14:20:00,ATM+3,PE,630.0,596.85,37.3,37.3,37.3,37.3,62.677312,0,105350
2026-08-21 14:25:00,ATM+3,PE,630.0,596.8,37.3,37.3,37.3,37.3,62.492415,0,105350
2026-08-21 14:30:00,ATM+3,PE,630.0,595.95,37.3,37.3,37.3,37.3,58.789335,0,105350
2026-08-21 14:35:00,ATM+3,PE,630.0,596.15,37.3,37.3,37.3,37.3,59.720479,0,105350
2026-08-21 14:40:00,ATM+3,PE,630.0,596.0,37.3,37.3,37.3,37.3,59.063525,0,105350
2026-08-21 14:45:00,ATM+3,PE,630.0,596.25,37.3,37.3,37.3,37.3,60.213431,0,105350
2026-08-21 14:50:00,ATM+3,PE,630.0,596.0,37.3,37.3,37.3,37.3,59.10878,0,105350
2026-08-21 14:55:00,ATM+3,PE,630.0,595.8,37.3,37.3,37.3,37.3,58.204599,0,105350
2026-08-21 15:00:00,ATM+3,PE,630.0,595.7,24.65,37.3,24.65,37.3,57.754523,0,105350
2026-08-21 15:05:00,ATM+3,PE,630.0,596.55,37.3,37.3,37.3,37.3,61.621669,0,105350
2026-08-21 15:10:00,ATM+3,PE,630.0,595.65,34.65,37.3,34.65,34.65,38.552217,2450,106575
2026-08-21 15:15:00,ATM+3,PE,630.0,595.65,34.65,34.65,33.85,33.85,27.507375,1225,106575
2026-08-21 15:20:00,ATM+3,PE,630.0,595.65,33.85,33.85,33.85,33.85,27.505293,0,106575
2026-08-21 15:25:00,ATM+3,PE,620.0,594.9,33.85,33.85,24.8,24.8,24.352584,0,406700
2026-08-21 15:30:00,ATM+3,PE,620.0,594.9,24.8,24.8,24.8,24.8,24.355539,0,406700
2026-08-21 15:35:00,ATM+3,PE,620.0,594.9,24.8,24.8,24.8,24.8,24.358492,0,406700
2026-08-24 09:40:00,ATM+3,PE,630.0,596.0,38.0,38.0,38.0,38.0,109.444556,0,105350
2026-08-24 09:45:00,ATM+3,PE,630.0,596.9,38.0,38.0,38.0,38.0,116.557976,0,105350
2026-08-24 09:50:00,ATM+3,PE,630.0,596.5,38.0,38.0,38.0,38.0,113.692839,0,105350
2026-08-24 09:55:00,ATM+3,PE,630.0,598.65,38.0,38.0,38.0,38.0,129.012386,0,105350
2026-08-24 10:00:00,ATM+3,PE,630.0,598.2,38.0,38.0,38.0,38.0,126.212324,0,105350
2026-08-24 10:05:00,ATM+3,PE,630.0,598.85,38.0,38.0,38.0,38.0,130.665575,0,105350
2026-08-24 10:10:00,ATM+3,PE,630.0,596.6,38.0,38.0,38.0,38.0,115.087374,0,105350
2026-08-24 10:15:00,ATM+3,PE,630.0,596.5,38.0,38.0,38.0,38.0,114.473619,0,105350
2026-08-24 10:20:00,ATM+3,PE,630.0,596.05,38.0,38.0,38.0,38.0,111.052956,0,105350
2026-08-24 10:25:00,ATM+3,PE,630.0,595.3,38.0,38.0,38.0,38.0,104.811271,0,105350
2026-08-24 10:30:00,ATM+3,PE,630.0,595.85,38.0,38.0,38.0,38.0,109.708716,0,105350
2026-08-24 10:35:00,ATM+3,PE,620.0,595.0,38.0,38.0,24.8,24.8,24.737407,0,406700
2026-08-24 10:40:00,ATM+3,PE,630.0,596.25,38.0,38.0,38.0,38.0,113.292099,0,105350
2026-08-24 10:45:00,ATM+3,PE,630.0,596.9,38.0,38.0,38.0,38.0,118.506365,0,105350
2026-08-24 10:50:00,ATM+3,PE,630.0,597.55,38.0,38.0,38.0,38.0,123.448835,0,105350
2026-08-24 10:55:00,ATM+3,PE,630.0,598.0,38.0,38.0,38.0,38.0,126.792755,0,105350
2026-08-24 11:00:00,ATM+3,PE,630.0,597.75,38.0,38.0,38.0,38.0,125.223264,0,105350
2026-08-24 11:05:00,ATM+3,PE,630.0,598.8,38.0,38.0,38.0,38.0,132.560854,0,105350
2026-08-24 11:10:00,ATM+3,PE,630.0,598.25,38.0,38.0,38.0,38.0,129.060172,0,105350
2026-08-24 11:15:00,ATM+3,PE,630.0,599.0,38.0,38.0,38.0,38.0,134.254121,0,105350
2026-08-24 11:20:00,ATM+3,PE,630.0,601.95,38.0,38.0,29.45,29.45,70.613871,1225,104125
2026-08-24 11:25:00,ATM+3,PE,630.0,602.8,28.75,29.45,28.75,28.75,71.137936,1225,102900
2026-08-24 11:30:00,ATM+3,PE,630.0,602.7,28.75,28.75,27.6,27.6,51.168037,3675,104125
2026-08-24 11:35:00,ATM+3,PE,630.0,601.35,27.6,27.6,27.6,27.6,0.0,0,102900
2026-08-24 11:40:00,ATM+3,PE,630.0,601.5,27.6,27.6,27.6,27.6,0.0,0,102900
2026-08-24 11:45:00,ATM+3,PE,630.0,601.8,27.6,27.6,27.6,27.6,0.0,0,102900
2026-08-24 11:50:00,ATM+3,PE,630.0,600.5,27.6,27.6,27.6,27.6,0.0,0,102900
2026-08-24 11:55:00,ATM+3,PE,630.0,601.3,27.6,27.6,27.6,27.6,0.0,0,102900
2026-08-24 12:00:00,ATM+3,PE,630.0,602.6,27.6,27.6,27.6,27.6,49.260878,0,102900
2026-08-24 12:05:00,ATM+3,PE,630.0,602.5,27.6,27.6,27.6,27.6,46.653777,0,102900
2026-08-24 12:10:00,ATM+3,PE,630.0,602.8,27.6,27.6,27.6,27.6,53.731734,0,102900
2026-08-24 12:15:00,ATM+3,PE,630.0,601.7,27.6,28.25,27.35,28.25,42.235193,7350,102900
2026-08-24 12:20:00,ATM+3,PE,630.0,602.0,28.35,28.35,27.9,27.9,39.207641,4900,102900
2026-08-24 12:25:00,ATM+3,PE,640.0,605.25,27.1,42.6,27.1,42.6,151.529645,2450,42875
2026-08-24 12:30:00,ATM+3,PE,640.0,606.75,42.6,42.6,42.6,42.6,161.257804,0,42875
2026-08-24 12:35:00,ATM+3,PE,640.0,609.5,42.6,42.6,32.55,32.55,84.031387,2450,39200
2026-08-24 12:40:00,ATM+3,PE,640.0,610.45,30.15,32.55,30.15,30.5,67.126293,17150,29400
2026-08-24 12:45:00,ATM+3,PE,640.0,609.6,30.5,30.5,30.05,30.05,0.0,8575,23275
2026-08-24 12:50:00,ATM+3,PE,640.0,612.0,30.05,30.75,28.8,28.8,62.214899,9800,17150
2026-08-24 12:55:00,ATM+3,PE,640.0,612.25,28.8,29.4,28.8,29.4,74.192043,6125,15925
2026-08-24 13:00:00,ATM+3,PE,640.0,610.7,29.4,30.45,29.4,30.45,70.187755,1225,15925
2026-08-24 13:05:00,ATM+3,PE,640.0,608.65,30.45,30.45,30.45,30.45,0.0,0,15925
2026-08-24 13:10:00,ATM+3,PE,640.0,607.75,30.45,30.45,30.45,30.45,0.0,0,15925
2026-08-24 13:15:00,ATM+3,PE,640.0,607.75,30.45,30.45,30.45,30.45,0.0,0,15925
2026-08-24 13:20:00,ATM+3,PE,640.0,607.7,30.45,30.45,30.45,30.45,0.0,0,15925
2026-08-24 13:25:00,ATM+3,PE,640.0,606.7,30.45,30.45,30.45,30.45,0.0,0,15925
2026-08-24 13:30:00,ATM+3,PE,640.0,607.4,30.45,30.45,30.45,30.45,0.0,0,15925
2026-08-24 13:35:00,ATM+3,PE,640.0,608.55,30.45,30.45,30.45,30.45,0.0,0,15925
2026-08-24 13:40:00,ATM+3,PE,640.0,607.95,30.45,30.45,30.45,30.45,0.0,0,15925
2026-08-24 13:45:00,ATM+3,PE,640.0,609.6,30.45,30.45,30.45,30.45,49.452451,0,15925
2026-08-24 13:50:00,ATM+3,PE,640.0,609.3,30.45,30.45,30.45,30.45,0.0,0,14700
2026-08-24 13:55:00,ATM+3,PE,640.0,608.2,30.45,30.45,30.45,30.45,0.0,0,14700
2026-08-24 14:00:00,ATM+3,PE,640.0,608.65,30.45,30.45,30.45,30.45,0.0,0,14700
2026-08-24 14:05:00,ATM+3,PE,640.0,608.1,30.45,30.45,30.45,30.45,0.0,0,14700
2026-08-24 14:10:00,ATM+3,PE,640.0,608.7,30.45,30.45,30.45,30.45,0.0,0,14700
2026-08-24 14:15:00,ATM+3,PE,640.0,608.0,30.45,30.45,30.45,30.45,0.0,0,14700
2026-08-24 14:20:00,ATM+3,PE,640.0,607.6,30.45,30.45,30.45,30.45,0.0,0,14700
2026-08-24 14:25:00,ATM+3,PE,640.0,608.0,30.45,30.45,30.45,30.45,0.0,0,14700
2026-08-24 14:30:00,ATM+3,PE,640.0,608.45,30.45,30.45,30.45,30.45,0.0,0,14700
2026-08-24 14:35:00,ATM+3,PE,640.0,609.8,30.45,30.45,30.45,30.45,56.127103,0,14700
2026-08-24 14:40:00,ATM+3,PE,640.0,609.9,30.45,30.45,30.45,30.45,58.617746,0,14700
2026-08-24 14:45:00,ATM+3,PE,640.0,609.85,30.45,30.45,30.45,30.45,57.529424,0,14700
2026-08-24 14:50:00,ATM+3,PE,640.0,610.1,30.45,30.45,30.45,30.45,62.946448,0,14700
2026-08-24 14:55:00,ATM+3,PE,640.0,611.25,30.45,30.45,30.45,30.45,79.606341,0,14700
2026-08-24 15:00:00,ATM+3,PE,640.0,612.45,30.45,30.75,30.45,30.75,95.340595,4900,15925
2026-08-24 15:05:00,ATM+3,PE,640.0,613.0,30.05,30.75,30.05,30.05,92.628645,3675,17150
2026-08-24 15:10:00,ATM+3,PE,640.0,608.0,30.05,30.05,21.65,29.7,0.0,13475,20825
2026-08-24 15:15:00,ATM+3,PE,640.0,608.0,29.7,37.4,29.7,37.4,129.210275,1225,20825
2026-08-24 15:20:00,ATM+3,PE,640.0,608.0,37.4,37.4,37.4,37.4,129.427294,0,20825
2026-08-24 15:25:00,ATM+3,PE,630.0,604.0,37.4,37.4,28.85,28.85,90.214658,0,107800
2026-08-24 15:30:00,ATM+3,PE,630.0,604.0,28.85,28.85,28.85,28.85,90.365005,0,107800
2026-08-24 15:35:00,ATM+3,PE,630.0,604.0,28.85,28.85,28.85,28.85,90.516125,0,107800
2026-08-25 09:15:00,ATM+3,PE,620.0,594.4,23.4,23.4,23.4,23.4,0.0,1225,305025
2026-08-25 09:20:00,ATM+3,PE,620.0,592.45,23.4,27.15,23.4,27.15,0.0,1225,305025
2026-08-25 09:25:00,ATM+3,PE,620.0,590.05,27.95,31.85,27.15,31.85,0.0,3675,303800
2026-08-25 09:30:00,ATM+3,PE,620.0,594.0,31.85,31.85,31.85,31.85,0.0,0,303800
2026-08-25 09:35:00,ATM+3,PE,620.0,594.5,41.15,41.15,31.85,31.85,0.0,0,303800
2026-08-25 09:40:00,ATM+3,PE,620.0,593.3,31.85,31.85,31.85,31.85,0.0,0,303800
2026-08-25 09:45:00,ATM+3,PE,620.0,592.75,31.85,31.85,31.85,31.85,0.0,0,303800
2026-08-25 09:50:00,ATM+3,PE,620.0,592.45,31.85,31.85,31.85,31.85,0.0,0,303800
2026-08-25 09:55:00,ATM+3,PE,620.0,591.55,31.85,31.85,28.3,28.3,0.0,4900,303800
2026-08-25 10:00:00,ATM+3,PE,620.0,591.0,28.3,28.3,28.3,28.3,0.0,0,303800
2026-08-25 10:05:00,ATM+3,PE,620.0,591.0,28.5,28.5,28.3,28.5,0.0,2450,301350
2026-08-25 10:10:00,ATM+3,PE,620.0,590.4,28.5,28.85,28.5,28.85,0.0,2450,301350
2026-08-25 10:15:00,ATM+3,PE,620.0,589.3,29.3,29.95,28.85,29.95,0.0,3675,301350
2026-08-25 10:20:00,ATM+3,PE,620.0,588.9,30.3,30.3,29.95,30.3,0.0,1225,301350
2026-08-25 10:25:00,ATM+3,PE,620.0,590.0,30.3,30.3,30.3,30.3,0.0,0,301350
2026-08-25 10:30:00,ATM+3,PE,620.0,590.85,29.6,30.3,29.4,29.4,0.0,4900,301350
2026-08-25 10:35:00,ATM+3,PE,620.0,590.8,29.4,29.4,28.5,28.5,0.0,1225,300125
2026-08-25 10:40:00,ATM+3,PE,620.0,590.05,28.5,28.5,28.5,28.5,0.0,0,300125
2026-08-25 10:45:00,ATM+3,PE,620.0,590.0,28.5,28.5,28.5,28.5,0.0,0,300125
2026-08-25 10:50:00,ATM+3,PE,620.0,589.25,28.5,28.5,28.5,28.5,0.0,0,300125
2026-08-25 10:55:00,ATM+3,PE,620.0,589.2,28.5,28.5,28.5,28.5,0.0,0,300125
2026-08-25 11:00:00,ATM+3,PE,620.0,588.75,28.5,28.5,28.5,28.5,0.0,0,300125
2026-08-25 11:05:00,ATM+3,PE,620.0,589.85,28.5,28.5,28.5,28.5,0.0,0,300125
2026-08-25 11:10:00,ATM+3,PE,620.0,588.6,28.5,28.5,28.5,28.5,0.0,0,300125
2026-08-25 11:15:00,ATM+3,PE,620.0,587.9,28.5,32.2,28.5,32.2,0.0,9800,298900
2026-08-25 11:20:00,ATM+3,PE,620.0,587.45,32.2,32.2,32.2,32.2,0.0,0,298900
2026-08-25 11:25:00,ATM+3,PE,620.0,587.95,32.2,32.2,32.2,32.2,0.0,0,298900
2026-08-25 11:30:00,ATM+3,PE,620.0,587.45,32.2,32.2,32.0,32.0,0.0,1225,289100
2026-08-25 11:35:00,ATM+3,PE,620.0,588.2,32.0,32.0,32.0,32.0,0.0,0,289100
2026-08-25 11:40:00,ATM+3,PE,620.0,588.0,32.0,32.0,32.0,32.0,0.0,0,289100
2026-08-25 11:45:00,ATM+3,PE,620.0,587.75,32.0,33.0,32.0,33.0,0.0,1225,289100
2026-08-25 11:50:00,ATM+3,PE,620.0,588.3,33.0,33.0,33.0,33.0,0.0,0,289100
2026-08-25 11:55:00,ATM+3,PE,620.0,589.1,33.0,33.0,33.0,33.0,0.0,0,289100
2026-08-25 12:00:00,ATM+3,PE,620.0,590.3,33.0,33.0,31.0,31.0,0.0,1225,287875
2026-08-25 12:05:00,ATM+3,PE,630.0,595.65,31.0,36.6,24.75,33.7,0.0,40425,88200
2026-08-25 12:10:00,ATM+3,PE,630.0,595.85,33.7,33.7,25.25,33.7,0.0,0,88200
2026-08-25 12:15:00,ATM+3,PE,630.0,596.4,33.7,33.7,31.9,31.9,0.0,3675,85750
2026-08-25 12:20:00,ATM+3,PE,630.0,597.3,31.9,33.65,31.9,32.1,0.0,8575,83300
2026-08-25 12:25:00,ATM+3,PE,630.0,595.85,32.1,32.1,32.1,32.1,0.0,0,83300
2026-08-25 12:30:00,ATM+3,PE,630.0,595.65,32.1,32.1,32.1,32.1,0.0,0,83300
2026-08-25 12:35:00,ATM+3,PE,620.0,594.9,32.1,32.1,24.4,24.4,0.0,0,322175
2026-08-25 12:40:00,ATM+3,PE,630.0,597.55,32.1,32.1,32.1,32.1,0.0,0,83300
2026-08-25 12:45:00,ATM+3,PE,630.0,597.65,32.1,32.1,32.1,32.1,0.0,0,83300
2026-08-25 12:50:00,ATM+3,PE,630.0,595.6,32.1,32.1,32.1,32.1,0.0,0,83300
2026-08-25 12:55:00,ATM+3,PE,620.0,593.25,21.35,26.0,21.35,26.0,0.0,2450,319725
2026-08-25 13:00:00,ATM+3,PE,620.0,592.35,26.0,26.0,26.0,26.0,0.0,0,319725
2026-08-25 13:05:00,ATM+3,PE,620.0,592.1,26.0,26.0,26.0,26.0,0.0,0,319725
2026-08-25 13:10:00,ATM+3,PE,620.0,591.9,26.0,26.0,26.0,26.0,0.0,0,319725
2026-08-25 13:15:00,ATM+3,PE,620.0,594.5,26.0,26.0,26.0,26.0,0.0,0,319725
2026-08-25 13:20:00,ATM+3,PE,620.0,593.7,26.0,26.25,26.0,26.25,0.0,1225,317275
2026-08-25 13:25:00,ATM+3,PE,620.0,594.05,26.25,26.25,26.25,26.25,0.0,0,317275
2026-08-25 13:30:00,ATM+3,PE,630.0,595.25,26.2,36.45,26.0,36.45,0.0,9800,83300
2026-08-25 13:35:00,ATM+3,PE,620.0,594.45,36.45,36.45,25.3,25.3,0.0,2450,309925
2026-08-25 13:40:00,ATM+3,PE,620.0,594.25,25.3,25.3,25.3,25.3,0.0,0,309925
2026-08-25 13:45:00,ATM+3,PE,630.0,595.25,25.3,36.45,25.3,36.45,0.0,0,83300
2026-08-25 13:50:00,ATM+3,PE,630.0,595.5,25.0,36.45,25.0,36.45,0.0,3675,83300
2026-08-25 13:55:00,ATM+3,PE,630.0,595.45,36.45,36.45,25.0,36.45,0.0,0,83300
2026-08-25 14:00:00,ATM+3,PE,620.0,595.0,36.45,36.45,23.9,23.9,0.0,0,302575
2026-08-25 14:05:00,ATM+3,PE,630.0,595.25,23.9,36.45,23.9,36.45,0.0,0,83300
2026-08-25 14:10:00,ATM+3,PE,620.0,595.0,36.45,36.45,23.9,23.9,0.0,0,302575
2026-08-25 14:15:00,ATM+3,PE,630.0,595.25,36.45,36.45,36.45,36.45,0.0,0,83300
2026-08-25 14:20:00,ATM+3,PE,620.0,595.0,23.9,23.9,23.9,23.9,0.0,0,302575
2026-08-25 14:25:00,ATM+3,PE,630.0,595.3,23.9,36.45,23.9,36.45,0.0,0,83300
2026-08-25 14:30:00,ATM+3,PE,620.0,592.6,25.05,25.05,23.6,25.05,0.0,4900,301350
2026-08-25 14:35:00,ATM+3,PE,620.0,592.15,25.05,25.05,25.05,25.05,0.0,0,301350
2026-08-25 14:40:00,ATM+3,PE,620.0,592.4,27.6,27.6,25.05,27.6,0.0,1225,296450
2026-08-25 14:45:00,ATM+3,PE,620.0,592.65,27.6,28.05,27.6,28.05,0.0,13475,295225
2026-08-25 14:50:00,ATM+3,PE,620.0,592.5,27.5,28.05,27.5,27.5,0.0,1225,295225
2026-08-25 14:55:00,ATM+3,PE,620.0,592.35,27.5,27.5,27.5,27.5,0.0,0,295225
2026-08-25 15:00:00,ATM+3,PE,620.0,592.0,27.5,27.5,27.5,27.5,0.0,0,295225
2026-08-25 15:05:00,ATM+3,PE,620.0,592.35,27.5,27.5,27.5,27.5,0.0,0,295225
2026-08-25 15:10:00,ATM+3,PE,620.0,591.7,27.5,27.5,27.5,27.5,0.0,0,295225
2026-08-25 15:15:00,ATM+3,PE,620.0,591.7,27.5,27.5,27.5,27.5,0.0,0,295225
2026-08-25 15:20:00,ATM+3,PE,620.0,591.7,27.5,27.5,27.5,27.5,0.0,0,295225
2026-08-25 15:25:00,ATM+3,PE,620.0,592.6,27.5,27.5,27.5,27.5,0.0,0,295225
2026-08-25 15:30:00,ATM+3,PE,620.0,592.6,27.5,27.5,27.5,27.5,0.0,0,295225
2026-08-25 15:35:00,ATM+3,PE,620.0,592.6,27.5,27.5,27.5,27.5,0.0,0,295225
