ts,offset,side,strike,spot,open,high,low,close,iv,volume,oi
2026-08-20 09:15:00,ATM-3,CE,3250.0,3401.4,169.3,169.3,169.3,169.3,39.338682,0,231000
2026-08-20 09:20:00,ATM-3,CE,3250.0,3404.0,169.3,169.3,169.3,169.3,36.970584,0,231000
2026-08-20 09:25:00,ATM-3,CE,3250.0,3408.0,161.6,165.0,161.6,165.0,25.381068,800,230600
2026-08-20 09:30:00,ATM-3,CE,3250.0,3415.8,165.0,165.0,165.0,165.0,0.0,0,230600
2026-08-20 09:35:00,ATM-3,CE,3250.0,3420.7,165.0,165.0,165.0,165.0,0.0,0,230600
2026-08-20 09:40:00,ATM-3,CE,3250.0,3422.9,165.0,165.0,165.0,165.0,0.0,0,230600
2026-08-20 09:45:00,ATM-3,CE,3250.0,3425.0,165.0,165.0,165.0,165.0,0.0,0,230600
2026-08-20 09:50:00,ATM-3,CE,3250.0,3421.6,165.0,165.0,165.0,165.0,0.0,0,230600
2026-08-20 09:55:00,ATM-3,CE,3250.0,3420.8,165.0,167.7,165.0,167.7,0.0,200,230600
2026-08-20 10:00:00,ATM-3,CE,3250.0,3416.1,167.7,167.7,167.7,167.7,0.0,0,230600
2026-08-20 10:05:00,ATM-3,CE,3250.0,3417.8,167.7,167.7,167.7,167.7,0.0,0,230600
2026-08-20 10:10:00,ATM-3,CE,3250.0,3418.8,167.7,167.7,167.7,167.7,0.0,0,230600
2026-08-20 10:15:00,ATM-3,CE,3250.0,3422.4,167.7,167.7,167.7,167.7,0.0,0,230600
2026-08-20 10:20:00,ATM-3,CE,3250.0,3422.4,167.7,167.7,167.7,167.7,0.0,0,230600
2026-08-20 10:25:00,ATM-3,CE,3250.0,3421.5,167.7,167.7,167.7,167.7,0.0,200,230600
2026-08-20 10:30:00,ATM-3,CE,3250.0,3422.6,167.7,167.7,167.7,167.7,0.0,0,230600
2026-08-20 10:35:00,ATM-3,CE,3250.0,3420.0,167.7,167.85,167.7,167.85,0.0,200,230600
2026-08-20 10:40:00,ATM-3,CE,3250.0,3419.2,167.85,167.85,167.85,167.85,0.0,0,230600
2026-08-20 10:45:00,ATM-3,CE,3250.0,3422.3,167.85,167.85,167.85,167.85,0.0,0,230600
2026-08-20 10:50:00,ATM-3,CE,3250.0,3421.5,167.85,167.85,167.85,167.85,0.0,0,230600
2026-08-20 10:55:00,ATM-3,CE,3250.0,3420.3,167.85,167.85,167.85,167.85,0.0,0,230600
2026-08-20 11:00:00,ATM-3,CE,3300.0,3426.0,167.85,167.85,121.1,124.9,0.0,1400,433000
2026-08-20 11:05:00,ATM-3,CE,3300.0,3426.8,125.15,125.15,123.8,123.8,0.0,600,432600
2026-08-20 11:10:00,ATM-3,CE,3300.0,3426.8,126.0,126.45,123.8,126.45,0.0,400,432400
2026-08-20 11:15:00,ATM-3,CE,3300.0,3425.6,173.55,173.55,124.0,124.7,0.0,1200,432000
2026-08-20 11:20:00,ATM-3,CE,3300.0,3427.0,124.7,173.55,124.5,126.0,0.0,600,432000
2026-08-20 11:25:00,ATM-3,CE,3300.0,3430.3,126.0,129.65,126.0,129.65,0.0,200,431800
2026-08-20 11:30:00,ATM-3,CE,3300.0,3430.4,130.0,130.5,129.4,129.4,0.0,1800,432400
2026-08-20 11:35:00,ATM-3,CE,3300.0,3433.0,129.4,129.4,129.1,129.1,0.0,600,432600
2026-08-20 11:40:00,ATM-3,CE,3300.0,3430.9,131.5,131.5,129.1,131.5,0.0,400,432600
2026-08-20 11:45:00,ATM-3,CE,3300.0,3432.2,131.5,131.5,130.2,130.2,0.0,400,432600
2026-08-20 11:50:00,ATM-3,CE,3300.0,3431.2,130.2,130.2,130.2,130.2,0.0,0,432600
2026-08-20 11:55:00,ATM-3,CE,3300.0,3434.7,130.35,130.35,130.2,130.35,0.0,800,432600
2026-08-20 12:00:00,ATM-3,CE,3300.0,3433.2,133.15,133.95,130.35,133.95,0.0,600,433200
2026-08-20 12:05:00,ATM-3,CE,3300.0,3439.5,132.4,139.55,132.4,139.55,0.0,2800,433200
2026-08-20 12:10:00,ATM-3,CE,3300.0,3445.3,140.0,146.9,139.55,146.9,0.0,3200,434000
2026-08-20 12:15:00,ATM-3,CE,3300.0,3447.5,146.9,146.9,144.15,146.1,0.0,1000,433600
2026-08-20 12:20:00,ATM-3,CE,3300.0,3446.6,145.45,146.8,145.0,146.8,0.0,1000,434000
2026-08-20 12:25:00,ATM-3,CE,3300.0,3446.0,144.95,146.8,144.95,145.0,0.0,1400,433400
2026-08-20 12:30:00,ATM-3,CE,3300.0,3445.5,145.0,145.0,144.5,144.5,0.0,400,433600
2026-08-20 12:35:00,ATM-3,CE,3300.0,3446.1,144.5,144.5,144.5,144.5,0.0,0,433600
2026-08-20 12:40:00,ATM-3,CE,3300.0,3446.8,145.75,148.55,144.5,146.0,0.0,1000,434000
2026-08-20 12:45:00,ATM-3,CE,3300.0,3455.7,148.65,153.9,146.0,153.9,0.0,3600,432800
2026-08-20 12:50:00,ATM-3,CE,3300.0,3451.0,153.9,153.9,153.9,153.9,0.0,0,432800
2026-08-20 12:55:00,ATM-3,CE,3300.0,3442.6,153.9,153.9,141.65,141.65,0.0,1200,433200
2026-08-20 13:00:00,ATM-3,CE,3300.0,3442.8,141.65,141.65,140.6,140.6,0.0,200,432800
2026-08-20 13:05:00,ATM-3,CE,3300.0,3443.1,140.6,140.6,140.6,140.6,0.0,0,432800
2026-08-20 13:10:00,ATM-3,CE,3300.0,3442.0,140.6,141.6,140.6,141.6,0.0,200,432600
2026-08-20 13:15:00,ATM-3,CE,3300.0,3441.7,141.6,143.15,141.6,143.15,0.0,200,432800
2026-08-20 13:20:00,ATM-3,CE,3300.0,3441.9,143.15,143.15,138.0,138.0,0.0,1400,432600
2026-08-20 13:25:00,ATM-3,CE,3300.0,3440.5,140.0,140.2,138.0,140.1,0.0,800,432200
2026-08-20 13:30:00,ATM-3,CE,3300.0,3444.0,140.1,140.1,140.1,140.1,0.0,0,432200
2026-08-20 13:35:00,ATM-3,CE,3300.0,3444.1,142.1,142.1,140.1,140.25,0.0,1400,432000
2026-08-20 13:40:00,ATM-3,CE,3300.0,3447.3,140.25,142.2,140.25,142.0,0.0,1800,431800
2026-08-20 13:45:00,ATM-3,CE,3300.0,3444.4,143.85,144.25,141.75,141.75,0.0,3600,430600
2026-08-20 13:50:00,ATM-3,CE,3300.0,3447.3,140.1,141.75,140.1,140.2,0.0,400,430400
2026-08-20 13:55:00,ATM-3,CE,3300.0,3445.5,139.7,141.7,139.7,140.9,0.0,1600,430600
2026-08-20 14:00:00,ATM-3,CE,3300.0,3437.9,140.9,140.9,135.1,135.1,0.0,1400,430400
2026-08-20 14:05:00,ATM-3,CE,3300.0,3441.1,136.3,137.55,135.1,137.55,0.0,400,429600
2026-08-20 14:10:00,ATM-3,CE,3300.0,3440.8,138.75,138.75,136.05,136.05,0.0,800,429600
2026-08-20 14:15:00,ATM-3,CE,3300.0,3439.0,138.7,138.7,135.75,136.55,0.0,1400,429800
2026-08-20 14:20:00,ATM-3,CE,3300.0,3448.0,139.95,142.0,136.55,142.0,0.0,1800,429600
2026-08-20 14:25:00,ATM-3,CE,3300.0,3446.3,142.5,142.5,142.0,142.5,0.0,600,429400
2026-08-20 14:30:00,ATM-3,CE,3300.0,3447.2,142.5,145.45,142.5,144.75,0.0,1800,428200
2026-08-20 14:35:00,ATM-3,CE,3300.0,3451.5,144.75,149.65,144.6,148.85,0.0,8400,424000
2026-08-20 14:40:00,ATM-3,CE,3300.0,3448.5,149.6,149.8,144.1,144.1,0.0,2800,423000
2026-08-20 14:45:00,ATM-3,CE,3300.0,3450.2,144.2,148.05,143.95,147.45,0.0,3200,421800
2026-08-20 14:50:00,ATM-3,CE,3300.0,3450.0,146.8,147.45,145.35,145.9,0.0,2200,422000
2026-08-20 14:55:00,ATM-3,CE,3300.0,3452.0,146.3,147.5,145.9,147.35,0.0,3200,420800
2026-08-20 15:00:00,ATM-3,CE,3300.0,3450.5,145.6,147.35,141.15,146.2,0.0,4200,420400
2026-08-20 15:05:00,ATM-3,CE,3300.0,3444.4,144.2,146.2,140.0,140.0,0.0,6200,420600
2026-08-20 15:10:00,ATM-3,CE,3300.0,3441.0,140.0,141.05,140.0,141.05,0.0,200,420400
2026-08-20 15:15:00,ATM-3,CE,3300.0,3441.0,142.0,142.0,140.85,140.85,0.0,1200,420000
2026-08-20 15:20:00,ATM-3,CE,3300.0,3441.0,140.85,140.85,138.55,139.55,0.0,600,420200
2026-08-20 15:25:00,ATM-3,CE,3250.0,3424.8,139.55,197.6,139.05,197.6,49.390433,200,225600
2026-08-20 15:30:00,ATM-3,CE,3250.0,3424.8,197.6,197.6,197.6,197.6,49.410056,0,225200
2026-08-20 15:35:00,ATM-3,CE,3250.0,3424.8,197.6,197.6,197.6,197.6,49.42971,0,225200
2026-08-21 09:15:00,ATM-3,CE,3300.0,3431.1,139.45,139.45,138.05,138.05,25.689959,400,419800
2026-08-21 09:20:00,ATM-3,CE,3300.0,3425.9,138.05,182.1,122.55,122.9,0.0,800,419600
2026-08-21 09:25:00,ATM-3,CE,3250.0,3422.4,182.1,182.1,182.1,182.1,37.225988,0,225200
2026-08-21 09:30:00,ATM-3,CE,3250.0,3424.0,182.1,182.1,119.2,182.1,34.637066,0,225200
2026-08-21 09:35:00,ATM-3,CE,3250.0,3424.7,123.7,182.1,122.65,182.1,33.347484,600,225200
2026-08-21 09:40:00,ATM-3,CE,3300.0,3426.6,119.55,119.55,119.55,119.55,0.0,0,420000
2026-08-21 09:45:00,ATM-3,CE,3300.0,3431.2,119.55,119.55,119.55,119.55,0.0,0,419400
2026-08-21 09:50:00,ATM-3,CE,3300.0,3430.0,119.55,119.55,119.55,119.55,0.0,0,419400
2026-08-21 09:55:00,ATM-3,CE,3300.0,3432.8,119.55,124.25,119.55,124.25,0.0,400,419400
2026-08-21 10:00:00,ATM-3,CE,3300.0,3428.1,124.25,124.25,122.25,122.25,0.0,200,419200
2026-08-21 10:05:00,ATM-3,CE,3300.0,3426.7,122.25,122.25,120.2,120.2,0.0,200,419400
2026-08-21 10:10:00,ATM-3,CE,3300.0,3431.7,120.2,120.2,120.2,120.2,0.0,0,419400
2026-08-21 10:15:00,ATM-3,CE,3300.0,3429.5,120.2,120.2,120.2,120.2,0.0,0,419400
2026-08-21 10:20:00,ATM-3,CE,3300.0,3430.0,120.2,124.8,120.2,124.8,0.0,2000,419800
2026-08-21 10:25:00,ATM-3,CE,3300.0,3426.0,124.8,124.8,123.4,123.4,0.0,200,419400
2026-08-21 10:30:00,ATM-3,CE,3300.0,3426.5,123.4,123.4,120.5,120.5,0.0,400,419400
2026-08-21 10:35:00,ATM-3,CE,3250.0,3418.5,171.9,171.9,164.9,164.9,0.0,2600,222800
2026-08-21 10:40:00,ATM-3,CE,3250.0,3422.5,164.9,164.9,164.9,164.9,0.0,0,222800
2026-08-21 10:45:00,ATM-3,CE,3250.0,3423.2,164.0,164.9,164.0,164.0,0.0,200,222800
2026-08-21 10:50:00,ATM-3,CE,3300.0,3425.8,164.0,164.0,119.3,121.0,0.0,400,418000
2026-08-21 10:55:00,ATM-3,CE,3300.0,3425.2,164.0,164.0,121.0,121.0,0.0,0,417600
2026-08-21 11:00:00,ATM-3,CE,3250.0,3425.0,121.0,164.0,121.0,164.0,0.0,0,222800
2026-08-21 11:05:00,ATM-3,CE,3300.0,3426.2,121.0,121.0,121.0,121.0,0.0,0,417600
2026-08-21 11:10:00,ATM-3,CE,3300.0,3425.8,121.0,122.95,121.0,122.95,0.0,800,418000
2026-08-21 11:15:00,ATM-3,CE,3250.0,3421.4,122.95,164.0,122.95,164.0,0.0,0,222800
2026-08-21 11:20:00,ATM-3,CE,3250.0,3420.9,164.0,164.0,164.0,164.0,0.0,0,222800
2026-08-21 11:25:00,ATM-3,CE,3300.0,3428.6,164.0,164.0,117.35,124.05,0.0,200,417800
2026-08-21 11:30:00,ATM-3,CE,3300.0,3427.6,124.05,124.05,124.05,124.05,0.0,0,417800
2026-08-21 11:35:00,ATM-3,CE,3300.0,3426.0,124.05,124.05,124.05,124.05,0.0,0,417800
2026-08-21 11:40:00,ATM-3,CE,3300.0,3427.9,124.05,124.05,120.6,121.45,0.0,1000,417600
2026-08-21 11:45:00,ATM-3,CE,3300.0,3430.1,123.25,123.25,121.45,123.25,0.0,200,417200
2026-08-21 11:50:00,ATM-3,CE,3250.0,3416.2,123.25,167.0,123.0,167.0,0.0,200,223000
2026-08-21 11:55:00,ATM-3,CE,3250.0,3417.7,167.0,167.0,167.0,167.0,0.0,0,223000
2026-08-21 12:00:00,ATM-3,CE,3250.0,3422.3,167.0,167.0,159.05,159.05,0.0,600,223000
2026-08-21 12:05:00,ATM-3,CE,3300.0,3426.5,159.05,159.05,115.6,115.6,0.0,0,417000
2026-08-21 12:10:00,ATM-3,CE,3300.0,3427.5,115.6,119.55,115.6,119.55,0.0,200,416800
2026-08-21 12:15:00,ATM-3,CE,3300.0,3430.1,123.7,123.7,119.55,123.7,0.0,400,417200
2026-08-21 12:20:00,ATM-3,CE,3300.0,3431.3,123.7,123.7,123.7,123.7,0.0,0,417200
2026-08-21 12:25:00,ATM-3,CE,3300.0,3436.0,123.7,123.7,123.7,123.7,0.0,0,417200
2026-08-21 12:30:00,ATM-3,CE,3300.0,3435.0,123.7,133.05,123.7,133.05,0.0,35600,422200
2026-08-21 12:35:00,ATM-3,CE,3300.0,3430.5,133.05,133.05,133.05,133.05,0.0,0,422200
2026-08-21 12:40:00,ATM-3,CE,3300.0,3429.5,133.05,133.05,120.25,121.05,0.0,400,422400
2026-08-21 12:45:00,ATM-3,CE,3300.0,3427.1,121.15,121.7,119.7,121.7,0.0,1000,422600
2026-08-21 12:50:00,ATM-3,CE,3300.0,3431.1,120.25,121.7,120.25,120.25,0.0,200,423000
2026-08-21 12:55:00,ATM-3,CE,3300.0,3432.6,124.2,124.2,120.25,124.2,0.0,200,423000
2026-08-21 13:00:00,ATM-3,CE,3300.0,3433.2,124.2,124.2,124.2,124.2,0.0,0,423000
2026-08-21 13:05:00,ATM-3,CE,3300.0,3429.3,124.9,124.9,124.2,124.9,0.0,200,423000
2026-08-21 13:10:00,ATM-3,CE,3300.0,3428.8,124.9,124.9,124.9,124.9,0.0,0,423000
2026-08-21 13:15:00,ATM-3,CE,3300.0,3433.0,124.9,124.9,124.9,124.9,0.0,0,423000
2026-08-21 13:20:00,ATM-3,CE,3300.0,3429.9,124.9,126.65,124.9,126.65,0.0,400,423000
2026-08-21 13:25:00,ATM-3,CE,3300.0,3429.8,126.65,126.65,123.0,123.15,0.0,4000,423200
2026-08-21 13:30:00,ATM-3,CE,3300.0,3431.3,123.0,123.45,122.9,123.0,0.0,2000,385400
2026-08-21 13:35:00,ATM-3,CE,3300.0,3428.2,123.65,123.65,120.45,120.45,0.0,1600,387000
2026-08-21 13:40:00,ATM-3,CE,3300.0,3428.7,120.45,120.45,120.45,120.45,0.0,0,387000
2026-08-21 13:45:00,ATM-3,CE,3300.0,3427.6,120.45,120.45,120.15,120.15,0.0,200,387000
2026-08-21 13:50:00,ATM-3,CE,3250.0,3424.1,120.15,167.1,120.15,165.9,0.0,400,186600
2026-08-21 13:55:00,ATM-3,CE,3300.0,3429.8,165.9,165.9,116.8,122.6,0.0,400,387000
2026-08-21 14:00:00,ATM-3,CE,3300.0,3431.3,122.6,122.6,122.6,122.6,0.0,0,387000
2026-08-21 14:05:00,ATM-3,CE,3300.0,3433.4,122.6,122.6,122.6,122.6,0.0,0,387000
2026-08-21 14:10:00,ATM-3,CE,3300.0,3434.8,122.6,126.65,122.6,125.85,0.0,1200,387400
2026-08-21 14:15:00,ATM-3,CE,3300.0,3436.1,125.85,125.85,125.85,125.85,48.377193,0,387400
2026-08-21 14:20:00,ATM-3,CE,3300.0,3435.0,125.85,127.1,125.85,126.0,0.0,2200,388800
2026-08-21 14:25:00,ATM-3,CE,3300.0,3437.1,126.0,127.3,125.7,127.3,0.0,1000,388000
2026-08-21 14:30:00,ATM-3,CE,3300.0,3436.9,127.3,128.15,127.1,128.15,0.0,1000,388600
2026-08-21 14:35:00,ATM-3,CE,3300.0,3436.5,128.15,128.15,127.75,127.75,0.0,200,388600
2026-08-21 14:40:00,ATM-3,CE,3300.0,3436.4,127.75,127.75,126.2,126.3,48.468231,400,388600
2026-08-21 14:45:00,ATM-3,CE,3300.0,3438.1,126.3,126.3,126.3,126.3,0.0,0,388600
2026-08-21 14:50:00,ATM-3,CE,3300.0,3437.2,126.3,128.35,126.3,128.35,0.0,400,388600
2026-08-21 14:55:00,ATM-3,CE,3300.0,3435.3,127.8,128.35,127.8,127.8,0.0,200,388600
2026-08-21 15:00:00,ATM-3,CE,3300.0,3432.2,127.8,127.8,122.6,124.0,0.0,2000,387600
2026-08-21 15:05:00,ATM-3,CE,3300.0,3432.1,128.0,128.95,124.0,128.95,0.0,60800,404200
2026-08-21 15:10:00,ATM-3,CE,3250.0,3417.0,128.95,179.4,128.95,179.4,41.905901,400,184200
2026-08-21 15:15:00,ATM-3,CE,3250.0,3417.0,179.4,179.4,179.4,179.4,41.927835,0,184200
2026-08-21 15:20:00,ATM-3,CE,3250.0,3417.0,179.4,179.4,179.4,179.4,41.949797,0,184200
2026-08-21 15:25:00,ATM-3,CE,3250.0,3412.2,179.4,179.4,179.4,179.4,47.325151,0,184200
2026-08-21 15:30:00,ATM-3,CE,3250.0,3412.2,170.45,179.4,170.45,170.45,34.616182,200,184200
2026-08-21 15:35:00,ATM-3,CE,3250.0,3412.2,170.45,170.45,170.45,170.45,34.636403,0,184200
2026-08-24 09:25:00,ATM-3,CE,3250.0,3414.6,161.0,161.0,161.0,161.0,0.0,200,184200
2026-08-24 09:30:00,ATM-3,CE,3250.0,3409.8,161.0,161.0,161.0,161.0,31.475806,0,184200
2026-08-24 09:35:00,ATM-3,CE,3250.0,3411.0,161.0,161.0,161.0,161.0,0.0,0,184200
2026-08-24 09:40:00,ATM-3,CE,3250.0,3409.6,161.0,161.0,161.0,161.0,36.519684,0,184200
2026-08-24 09:45:00,ATM-3,CE,3250.0,3416.1,161.0,161.0,161.0,161.0,0.0,0,184200
2026-08-24 09:50:00,ATM-3,CE,3250.0,3415.0,161.0,161.0,161.0,161.0,0.0,0,184200
2026-08-24 09:55:00,ATM-3,CE,3250.0,3419.2,161.0,161.0,161.0,161.0,0.0,0,184200
2026-08-24 10:00:00,ATM-3,CE,3250.0,3421.0,161.0,161.0,161.0,161.0,0.0,0,184200
2026-08-24 10:05:00,ATM-3,CE,3300.0,3425.1,161.0,161.0,120.0,120.0,0.0,0,339600
2026-08-24 10:10:00,ATM-3,CE,3300.0,3441.7,120.0,140.0,120.0,140.0,0.0,400,339600
2026-08-24 10:15:00,ATM-3,CE,3300.0,3440.7,140.0,140.0,140.0,140.0,0.0,0,339400
2026-08-24 10:20:00,ATM-3,CE,3300.0,3436.9,140.0,140.0,140.0,140.0,44.297471,0,339000
2026-08-24 10:25:00,ATM-3,CE,3300.0,3440.0,140.0,140.0,140.0,140.0,0.0,0,339000
2026-08-24 10:30:00,ATM-3,CE,3300.0,3441.0,141.7,141.7,140.0,141.7,0.0,1400,338400
2026-08-24 10:35:00,ATM-3,CE,3300.0,3442.6,141.7,141.7,141.7,141.7,0.0,0,338400
2026-08-24 10:40:00,ATM-3,CE,3300.0,3441.9,141.7,141.7,141.7,141.7,0.0,0,338400
2026-08-24 10:45:00,ATM-3,CE,3300.0,3438.0,141.7,141.7,141.7,141.7,47.571452,0,337800
2026-08-24 10:50:00,ATM-3,CE,3300.0,3437.4,140.0,141.7,140.0,140.0,42.37425,2400,336800
2026-08-24 10:55:00,ATM-3,CE,3300.0,3431.7,140.0,140.0,140.0,140.0,60.111396,0,334400
2026-08-24 11:00:00,ATM-3,CE,3300.0,3432.0,136.0,140.0,136.0,136.0,47.416866,3000,333800
2026-08-24 11:05:00,ATM-3,CE,3300.0,3434.1,136.0,136.0,136.0,136.0,37.369068,0,333800
2026-08-24 11:10:00,ATM-3,CE,3300.0,3433.3,136.0,136.0,136.0,136.0,42.221908,0,333800
2026-08-24 11:15:00,ATM-3,CE,3300.0,3431.7,136.0,136.0,136.0,136.0,48.689099,0,333800
2026-08-24 11:20:00,ATM-3,CE,3300.0,3430.9,136.0,136.0,136.0,136.0,51.287957,0,333800
2026-08-24 11:25:00,ATM-3,CE,3300.0,3428.1,136.0,136.0,136.0,136.0,58.549892,0,333800
2026-08-24 11:30:00,ATM-3,CE,3250.0,3424.6,136.0,189.0,136.0,189.0,90.163466,0,184400
2026-08-24 11:35:00,ATM-3,CE,3250.0,3424.7,189.0,189.0,126.1,189.0,90.109691,0,184400
2026-08-24 11:40:00,ATM-3,CE,3300.0,3426.8,123.9,126.1,123.2,123.2,0.0,600,333400
2026-08-24 11:45:00,ATM-3,CE,3300.0,3430.0,123.2,126.0,123.2,126.0,0.0,600,333400
2026-08-24 11:50:00,ATM-3,CE,3300.0,3430.0,126.0,126.0,124.0,124.0,0.0,1600,332600
2026-08-24 11:55:00,ATM-3,CE,3300.0,3432.5,123.1,124.0,122.7,122.7,0.0,2000,331400
2026-08-24 12:00:00,ATM-3,CE,3300.0,3432.1,124.2,124.2,122.7,123.7,0.0,800,331400
2026-08-24 12:05:00,ATM-3,CE,3300.0,3431.5,123.7,123.7,123.7,123.7,0.0,0,331000
2026-08-24 12:10:00,ATM-3,CE,3300.0,3429.0,123.7,123.7,119.1,119.1,0.0,600,331000
2026-08-24 12:15:00,ATM-3,CE,3300.0,3428.4,119.1,119.1,119.1,119.1,0.0,0,330800
2026-08-24 12:20:00,ATM-3,CE,3300.0,3428.2,116.35,119.1,116.35,116.35,0.0,800,330800
2026-08-24 12:25:00,ATM-3,CE,3300.0,3430.0,116.35,120.3,116.35,120.3,0.0,200,330600
2026-08-24 12:30:00,ATM-3,CE,3300.0,3429.8,120.3,120.3,120.3,120.3,0.0,0,330600
2026-08-24 12:35:00,ATM-3,CE,3300.0,3428.5,120.3,120.3,120.0,120.0,0.0,400,330200
2026-08-24 12:40:00,ATM-3,CE,3300.0,3428.2,120.0,120.0,117.5,117.5,0.0,400,330400
2026-08-24 12:45:00,ATM-3,CE,3300.0,3425.9,117.5,117.5,117.5,117.5,0.0,0,330400
2026-08-24 12:50:00,ATM-3,CE,3250.0,3420.5,117.5,173.0,117.5,173.0,52.698765,0,184400
2026-08-24 12:55:00,ATM-3,CE,3250.0,3417.9,173.0,173.0,173.0,173.0,64.453171,0,184400
2026-08-24 13:00:00,ATM-3,CE,3250.0,3417.4,173.0,173.0,173.0,173.0,66.253706,0,184400
2026-08-24 13:05:00,ATM-3,CE,3250.0,3418.0,173.0,173.0,173.0,173.0,64.325473,0,184400
2026-08-24 13:10:00,ATM-3,CE,3250.0,3416.9,173.0,173.0,173.0,173.0,68.078372,0,184400
2026-08-24 13:15:00,ATM-3,CE,3250.0,3417.0,173.0,173.0,173.0,173.0,67.882989,0,184400
2026-08-24 13:20:00,ATM-3,CE,3250.0,3419.3,173.0,173.0,173.0,173.0,59.540082,0,184400
2026-08-24 13:25:00,ATM-3,CE,3250.0,3424.9,160.0,173.0,160.0,160.0,0.0,200,184000
2026-08-24 13:30:00,ATM-3,CE,3250.0,3418.7,160.0,160.0,160.0,160.0,0.0,0,184000
2026-08-24 13:35:00,ATM-3,CE,3250.0,3418.2,160.0,160.0,160.0,160.0,0.0,0,184000
2026-08-24 13:40:00,ATM-3,CE,3250.0,3418.0,160.0,160.0,160.0,160.0,0.0,0,184000
2026-08-24 13:45:00,ATM-3,CE,3250.0,3414.6,160.0,160.0,160.0,160.0,0.0,0,184000
2026-08-24 13:50:00,ATM-3,CE,3250.0,3412.0,160.0,160.0,160.0,160.0,0.0,0,184000
2026-08-24 13:55:00,ATM-3,CE,3250.0,3407.6,160.0,160.0,152.9,152.9,0.0,800,184000
2026-08-24 14:00:00,ATM-3,CE,3250.0,3407.1,152.9,152.9,152.9,152.9,0.0,0,184000
2026-08-24 14:05:00,ATM-3,CE,3250.0,3407.9,152.9,152.9,152.9,152.9,0.0,0,184000
2026-08-24 14:10:00,ATM-3,CE,3250.0,3403.8,152.9,152.9,150.0,150.0,0.0,400,182800
2026-08-24 14:15:00,ATM-3,CE,3250.0,3409.0,150.0,150.0,150.0,150.0,0.0,0,182800
2026-08-24 14:20:00,ATM-3,CE,3250.0,3407.2,150.0,150.0,150.0,150.0,0.0,0,182800
2026-08-24 14:25:00,ATM-3,CE,3250.0,3408.3,150.0,150.0,150.0,150.0,0.0,0,182800
2026-08-24 14:30:00,ATM-3,CE,3250.0,3410.0,150.0,150.0,150.0,150.0,0.0,0,182800
2026-08-24 14:35:00,ATM-3,CE,3250.0,3409.7,150.0,150.0,150.0,150.0,0.0,0,182800
2026-08-24 14:40:00,ATM-3,CE,3250.0,3412.7,150.0,150.0,150.0,150.0,0.0,0,182800
2026-08-24 14:45:00,ATM-3,CE,3250.0,3409.0,150.0,150.0,150.0,150.0,0.0,0,182800
2026-08-24 14:50:00,ATM-3,CE,3250.0,3412.0,150.0,150.0,150.0,150.0,0.0,0,182800
2026-08-24 14:55:00,ATM-3,CE,3250.0,3407.7,150.0,150.0,150.0,150.0,0.0,0,182800
2026-08-24 15:00:00,ATM-3,CE,3250.0,3402.2,150.0,150.0,150.0,150.0,0.0,0,182800
2026-08-24 15:05:00,ATM-3,CE,3250.0,3401.3,150.0,150.0,150.0,150.0,0.0,0,182800
2026-08-24 15:10:00,ATM-3,CE,3250.0,3410.1,155.0,155.0,150.0,155.0,0.0,600,182400
2026-08-24 15:15:00,ATM-3,CE,3250.0,3410.1,155.0,155.0,155.0,155.0,0.0,0,182000
2026-08-24 15:20:00,ATM-3,CE,3250.0,3410.1,155.0,155.0,155.0,155.0,0.0,0,182000
2026-08-24 15:25:00,ATM-3,CE,3250.0,3414.1,155.0,155.0,155.0,155.0,0.0,0,182000
2026-08-24 15:30:00,ATM-3,CE,3250.0,3414.1,155.0,155.0,155.0,155.0,0.0,0,182000
2026-08-24 15:35:00,ATM-3,CE,3250.0,3414.1,155.0,155.0,155.0,155.0,0.0,0,182000
2026-08-25 09:15:00,ATM-3,CE,3250.0,3407.7,158.0,158.0,158.0,158.0,65.686233,200,181800
2026-08-25 09:20:00,ATM-3,CE,3250.0,3402.3,158.0,158.0,158.0,158.0,132.924894,0,181800
2026-08-25 09:25:00,ATM-3,CE,3250.0,3409.7,158.0,158.0,149.25,149.25,0.0,200,181600
2026-08-25 09:30:00,ATM-3,CE,3250.0,3410.6,149.25,149.25,149.25,149.25,0.0,0,181400
2026-08-25 09:35:00,ATM-3,CE,3250.0,3408.3,149.25,149.25,149.25,149.25,0.0,0,181400
2026-08-25 09:40:00,ATM-3,CE,3250.0,3407.9,149.25,149.25,149.25,149.25,0.0,0,181400
2026-08-25 09:45:00,ATM-3,CE,3250.0,3408.7,149.25,149.25,149.25,149.25,0.0,0,181400
2026-08-25 09:50:00,ATM-3,CE,3250.0,3407.1,149.25,149.25,149.25,149.25,0.0,0,181400
2026-08-25 09:55:00,ATM-3,CE,3250.0,3402.6,149.25,149.25,149.25,149.25,0.0,0,181400
2026-08-25 10:00:00,ATM-3,CE,3250.0,3402.0,149.25,149.25,145.15,145.15,0.0,2400,180400
2026-08-25 10:05:00,ATM-3,CE,3250.0,3398.0,145.15,145.55,144.0,144.0,124.439033,3200,177000
2026-08-25 10:10:00,ATM-3,CE,3250.0,3400.3,144.0,144.0,144.0,144.0,0.0,0,177000
2026-08-25 10:15:00,ATM-3,CE,3250.0,3401.6,144.0,144.0,144.0,144.0,0.0,0,177000
2026-08-25 10:20:00,ATM-3,CE,3250.0,3399.1,144.0,144.0,144.0,144.0,0.0,0,177000
2026-08-25 10:25:00,ATM-3,CE,3250.0,3401.8,144.0,144.0,144.0,144.0,0.0,0,177000
2026-08-25 10:30:00,ATM-3,CE,3250.0,3401.7,144.0,144.0,144.0,144.0,0.0,0,177000
2026-08-25 10:35:00,ATM-3,CE,3250.0,3401.2,144.0,145.0,144.0,144.05,0.0,600,176600
2026-08-25 10:40:00,ATM-3,CE,3250.0,3404.5,144.05,144.05,144.05,144.05,0.0,0,176400
2026-08-25 10:45:00,ATM-3,CE,3250.0,3404.4,144.05,144.05,144.05,144.05,0.0,0,176400
2026-08-25 10:50:00,ATM-3,CE,3250.0,3406.2,144.05,144.05,144.05,144.05,0.0,0,176400
2026-08-25 10:55:00,ATM-3,CE,3250.0,3404.0,144.05,144.05,144.05,144.05,0.0,0,176400
2026-08-25 11:00:00,ATM-3,CE,3250.0,3404.9,154.65,154.65,144.05,154.65,0.0,2400,175600
2026-08-25 11:05:00,ATM-3,CE,3250.0,3406.7,154.65,154.65,154.65,154.65,0.0,0,175600
2026-08-25 11:10:00,ATM-3,CE,3250.0,3412.0,154.65,154.65,154.65,154.65,0.0,0,175600
2026-08-25 11:15:00,ATM-3,CE,3250.0,3411.5,157.0,157.0,154.65,157.0,0.0,1000,174000
2026-08-25 11:20:00,ATM-3,CE,3250.0,3407.4,157.0,157.0,150.05,150.05,0.0,4600,172800
2026-08-25 11:25:00,ATM-3,CE,3250.0,3410.9,150.05,150.65,150.05,150.65,0.0,3400,172000
2026-08-25 11:30:00,ATM-3,CE,3250.0,3404.8,150.65,150.65,150.2,150.2,0.0,1800,171600
2026-08-25 11:35:00,ATM-3,CE,3250.0,3408.3,150.2,150.2,150.2,150.2,0.0,0,171600
2026-08-25 11:40:00,ATM-3,CE,3250.0,3408.3,150.2,150.2,150.2,150.2,0.0,0,171600
2026-08-25 11:45:00,ATM-3,CE,3250.0,3406.1,150.2,150.2,150.2,150.2,0.0,0,171600
2026-08-25 11:50:00,ATM-3,CE,3250.0,3407.0,149.0,150.2,149.0,149.0,0.0,3600,170000
2026-08-25 11:55:00,ATM-3,CE,3250.0,3412.3,149.0,149.0,149.0,149.0,0.0,0,170000
2026-08-25 12:00:00,ATM-3,CE,3250.0,3413.9,149.0,149.0,149.0,149.0,0.0,0,170000
2026-08-25 12:05:00,ATM-3,CE,3250.0,3415.0,149.0,149.0,149.0,149.0,0.0,0,170000
2026-08-25 12:10:00,ATM-3,CE,3250.0,3415.7,149.0,149.0,149.0,149.0,0.0,0,170000
2026-08-25 12:15:00,ATM-3,CE,3250.0,3415.0,149.0,149.0,149.0,149.0,0.0,0,170000
2026-08-25 12:20:00,ATM-3,CE,3250.0,3418.9,149.0,149.0,149.0,149.0,0.0,0,169600
2026-08-25 12:25:00,ATM-3,CE,3250.0,3418.4,149.0,160.8,149.0,160.8,0.0,1800,169200
2026-08-25 12:30:00,ATM-3,CE,3250.0,3424.0,160.8,160.8,160.65,160.65,0.0,4200,169200
2026-08-25 12:35:00,ATM-3,CE,3250.0,3421.5,160.65,160.65,160.65,160.65,0.0,0,169200
2026-08-25 12:40:00,ATM-3,CE,3250.0,3416.0,160.65,160.65,156.5,156.5,0.0,2400,169200
2026-08-25 12:45:00,ATM-3,CE,3250.0,3417.7,156.5,156.5,156.5,156.5,0.0,0,169200
2026-08-25 12:50:00,ATM-3,CE,3250.0,3417.6,156.5,156.5,156.5,156.5,0.0,0,169200
2026-08-25 12:55:00,ATM-3,CE,3250.0,3413.9,156.5,158.5,156.5,158.5,0.0,5200,169000
2026-08-25 13:00:00,ATM-3,CE,3250.0,3408.1,152.65,159.85,152.65,159.85,0.0,13000,169000
2026-08-25 13:05:00,ATM-3,CE,3250.0,3409.4,159.85,160.1,159.85,160.1,0.0,400,168800
2026-08-25 13:10:00,ATM-3,CE,3250.0,3409.0,160.1,160.1,160.1,160.1,0.0,0,168800
2026-08-25 13:15:00,ATM-3,CE,3250.0,3407.1,160.1,160.1,150.65,150.65,0.0,4200,168600
2026-08-25 13:20:00,ATM-3,CE,3250.0,3407.6,150.65,150.65,150.65,150.65,0.0,0,168600
2026-08-25 13:25:00,ATM-3,CE,3250.0,3407.2,150.65,150.65,150.65,150.65,0.0,0,168600
2026-08-25 13:30:00,ATM-3,CE,3250.0,3410.2,150.65,150.65,150.65,150.65,0.0,0,168600
2026-08-25 13:35:00,ATM-3,CE,3250.0,3409.8,150.65,150.65,150.65,150.65,0.0,0,168600
2026-08-25 13:40:00,ATM-3,CE,3250.0,3409.6,150.65,160.0,150.65,160.0,0.0,3400,168600
2026-08-25 13:45:00,ATM-3,CE,3250.0,3410.9,160.0,160.0,160.0,160.0,0.0,0,168600
2026-08-25 13:50:00,ATM-3,CE,3250.0,3414.4,160.0,160.0,160.0,160.0,0.0,800,168400
2026-08-25 13:55:00,ATM-3,CE,3250.0,3414.3,160.0,160.0,160.0,160.0,0.0,0,168400
2026-08-25 14:00:00,ATM-3,CE,3250.0,3419.9,160.0,166.1,160.0,166.1,0.0,400,167600
2026-08-25 14:05:00,ATM-3,CE,3250.0,3418.7,166.1,166.1,166.1,166.1,0.0,0,167600
2026-08-25 14:10:00,ATM-3,CE,3250.0,3418.8,166.1,166.1,166.1,166.1,0.0,0,167600
2026-08-25 14:15:00,ATM-3,CE,3250.0,3422.0,166.1,166.1,166.1,166.1,0.0,0,167600
2026-08-25 14:20:00,ATM-3,CE,3250.0,3421.3,166.1,166.1,166.1,166.1,0.0,0,167600
2026-08-25 14:25:00,ATM-3,CE,3250.0,3424.0,166.1,167.25,165.0,167.25,0.0,1800,167600
2026-08-25 14:30:00,ATM-3,CE,3250.0,3424.0,171.85,171.85,118.9,171.85,0.0,400,167600
2026-08-25 14:35:00,ATM-3,CE,3250.0,3424.5,118.9,171.85,118.9,171.85,0.0,0,167600
2026-08-25 14:40:00,ATM-3,CE,3300.0,3426.9,171.85,171.85,126.25,126.25,0.0,0,236600
2026-08-25 14:45:00,ATM-3,CE,3300.0,3430.1,126.25,126.25,126.25,126.25,0.0,0,236600
2026-08-25 14:50:00,ATM-3,CE,3300.0,3433.4,126.25,130.0,126.25,130.0,0.0,1200,236600
2026-08-25 14:55:00,ATM-3,CE,3300.0,3435.3,130.0,138.0,130.0,138.0,0.0,400,236400
2026-08-25 15:00:00,ATM-3,CE,3300.0,3429.6,136.25,138.0,136.25,136.25,0.0,200,236200
2026-08-25 15:05:00,ATM-3,CE,3300.0,3436.9,136.25,136.25,136.05,136.05,0.0,200,236200
2026-08-25 15:10:00,ATM-3,CE,3300.0,3440.0,136.05,138.05,136.05,138.05,0.0,200,236000
2026-08-25 15:15:00,ATM-3,CE,3300.0,3440.0,139.0,139.0,138.05,139.0,0.0,800,236000
2026-08-25 15:20:00,ATM-3,CE,3300.0,3440.0,129.9,139.0,129.9,129.9,0.0,400,235400
2026-08-25 15:25:00,ATM-3,CE,3300.0,3443.0,129.9,129.9,129.9,129.9,0.0,0,235400
2026-08-25 15:30:00,ATM-3,CE,3300.0,3443.0,129.9,129.9,129.55,129.55,0.0,1200,235400
2026-08-25 15:35:00,ATM-3,CE,3300.0,3443.0,129.55,129.55,129.55,129.55,0.0,0,235400
2026-08-20 09:15:00,ATM-3,PE,3250.0,3401.4,2.65,2.65,2.65,2.65,25.277261,0,253200
2026-08-20 09:20:00,ATM-3,PE,3250.0,3404.0,2.65,2.7,2.35,2.35,24.954808,3200,252200
2026-08-20 09:25:00,ATM-3,PE,3250.0,3408.0,2.5,2.5,2.2,2.2,25.097615,400,252400
2026-08-20 09:30:00,ATM-3,PE,3250.0,3415.8,2.2,2.25,2.1,2.1,25.784761,5000,252400
2026-08-20 09:35:00,ATM-3,PE,3250.0,3420.7,2.1,2.1,1.9,1.9,25.849776,2000,250600
2026-08-20 09:40:00,ATM-3,PE,3250.0,3422.9,1.9,1.9,1.9,1.9,26.110484,0,249800
2026-08-20 09:45:00,ATM-3,PE,3250.0,3425.0,1.9,1.9,1.9,1.9,26.359326,0,249800
2026-08-20 09:50:00,ATM-3,PE,3250.0,3421.6,1.9,2.1,1.9,2.1,26.494952,2600,249600
2026-08-20 09:55:00,ATM-3,PE,3250.0,3420.8,2.1,2.1,2.1,2.1,26.410122,0,249600
2026-08-20 10:00:00,ATM-3,PE,3250.0,3416.1,2.1,2.1,1.95,2.1,25.868902,400,248800
2026-08-20 10:05:00,ATM-3,PE,3250.0,3417.8,2.1,2.1,2.0,2.0,25.823992,400,249200
2026-08-20 10:10:00,ATM-3,PE,3250.0,3418.8,2.05,2.1,1.8,2.05,26.075878,6000,246400
2026-08-20 10:15:00,ATM-3,PE,3250.0,3422.4,2.05,2.05,2.05,2.05,26.503171,0,246600
2026-08-20 10:20:00,ATM-3,PE,3250.0,3422.4,2.0,2.05,2.0,2.0,26.38269,6400,246600
2026-08-20 10:25:00,ATM-3,PE,3250.0,3421.5,2.0,2.0,2.0,2.0,26.286772,0,246600
2026-08-20 10:30:00,ATM-3,PE,3250.0,3422.6,2.0,2.0,1.9,1.9,26.159007,400,246600
2026-08-20 10:35:00,ATM-3,PE,3250.0,3420.0,1.9,1.9,1.9,1.9,25.867634,0,246600
2026-08-20 10:40:00,ATM-3,PE,3250.0,3419.2,1.9,1.9,1.9,1.9,25.78346,0,246600
2026-08-20 10:45:00,ATM-3,PE,3250.0,3422.3,1.9,1.9,1.9,1.9,26.149486,0,246600
2026-08-20 10:50:00,ATM-3,PE,3250.0,3421.5,1.9,1.9,1.9,1.9,26.065587,400,246200
2026-08-20 10:55:00,ATM-3,PE,3250.0,3420.3,1.9,1.9,1.9,1.9,25.935341,0,246200
2026-08-20 11:00:00,ATM-3,PE,3300.0,3426.0,1.9,3.05,1.9,2.85,22.298467,1000,663800
2026-08-20 11:05:00,ATM-3,PE,3300.0,3426.8,2.85,2.85,2.8,2.85,22.407561,2000,663200
2026-08-20 11:10:00,ATM-3,PE,3300.0,3426.8,2.85,2.85,2.8,2.8,22.322755,200,662800
2026-08-20 11:15:00,ATM-3,PE,3300.0,3425.6,1.95,3.0,1.9,2.95,22.449162,2200,662000
2026-08-20 11:20:00,ATM-3,PE,3300.0,3427.0,2.9,2.95,1.95,2.8,22.362333,3400,661400
2026-08-20 11:25:00,ATM-3,PE,3300.0,3430.3,2.8,2.8,2.7,2.7,22.599623,10800,660600
2026-08-20 11:30:00,ATM-3,PE,3300.0,3430.4,2.7,2.7,2.5,2.5,22.230466,4400,655600
2026-08-20 11:35:00,ATM-3,PE,3300.0,3433.0,2.5,2.55,2.5,2.5,22.561042,2400,654000
2026-08-20 11:40:00,ATM-3,PE,3300.0,3430.9,2.4,2.5,2.35,2.5,22.306917,9600,653000
2026-08-20 11:45:00,ATM-3,PE,3300.0,3432.2,2.5,2.55,2.45,2.55,22.575337,1400,653000
2026-08-20 11:50:00,ATM-3,PE,3300.0,3431.2,2.55,2.6,2.55,2.6,22.555718,1600,652200
2026-08-20 11:55:00,ATM-3,PE,3300.0,3434.7,2.55,2.6,2.35,2.35,22.4934,9600,651800
2026-08-20 12:00:00,ATM-3,PE,3300.0,3433.2,2.35,2.4,2.35,2.4,22.418962,1600,644600
2026-08-20 12:05:00,ATM-3,PE,3300.0,3439.5,2.4,2.4,2.1,2.15,22.662317,21800,644200
2026-08-20 12:10:00,ATM-3,PE,3300.0,3445.3,2.1,2.15,1.95,1.95,22.901486,14400,648200
2026-08-20 12:15:00,ATM-3,PE,3300.0,3447.5,1.95,2.05,1.95,2.05,23.406709,15200,648000
2026-08-20 12:20:00,ATM-3,PE,3300.0,3446.6,2.1,2.1,1.95,2.0,23.189366,7400,640400
2026-08-20 12:25:00,ATM-3,PE,3300.0,3446.0,2.0,2.0,1.9,1.9,22.885447,3200,639800
2026-08-20 12:30:00,ATM-3,PE,3300.0,3445.5,1.95,1.95,1.9,1.9,22.83383,5600,637400
2026-08-20 12:35:00,ATM-3,PE,3300.0,3446.1,1.9,2.0,1.9,1.95,23.033005,3200,636600
2026-08-20 12:40:00,ATM-3,PE,3300.0,3446.8,1.9,1.95,1.8,1.85,22.878721,8800,635400
2026-08-20 12:45:00,ATM-3,PE,3300.0,3455.7,1.75,1.85,1.55,1.55,23.120286,7400,633000
2026-08-20 12:50:00,ATM-3,PE,3300.0,3451.0,1.55,1.55,1.4,1.5,22.452186,17800,630000
2026-08-20 12:55:00,ATM-3,PE,3300.0,3442.6,1.55,1.7,1.5,1.7,22.03019,6800,631800
2026-08-20 13:00:00,ATM-3,PE,3300.0,3442.8,1.65,1.7,1.6,1.65,21.931254,1400,633000
2026-08-20 13:05:00,ATM-3,PE,3300.0,3443.1,1.65,1.65,1.6,1.65,21.97324,800,633200
2026-08-20 13:10:00,ATM-3,PE,3300.0,3442.0,1.5,1.65,1.5,1.5,21.451154,3600,632400
2026-08-20 13:15:00,ATM-3,PE,3300.0,3441.7,1.55,1.55,1.5,1.55,21.559525,2000,632400
2026-08-20 13:20:00,ATM-3,PE,3300.0,3441.9,1.55,1.55,1.55,1.55,21.589625,2600,630800
2026-08-20 13:25:00,ATM-3,PE,3300.0,3440.5,1.45,1.55,1.45,1.45,21.160951,1600,629800
2026-08-20 13:30:00,ATM-3,PE,3300.0,3444.0,1.45,1.5,1.45,1.5,21.709085,400,629600
2026-08-20 13:35:00,ATM-3,PE,3300.0,3444.1,1.45,1.5,1.45,1.45,21.587619,200,630000
2026-08-20 13:40:00,ATM-3,PE,3300.0,3447.3,1.5,1.5,1.45,1.45,21.960322,2400,630600
2026-08-20 13:45:00,ATM-3,PE,3300.0,3444.4,1.45,1.85,1.4,1.8,22.567114,58600,586000
2026-08-20 13:50:00,ATM-3,PE,3300.0,3447.3,1.8,1.8,1.7,1.7,22.658237,4400,585800
2026-08-20 13:55:00,ATM-3,PE,3300.0,3445.5,1.75,1.75,1.65,1.65,22.324302,1400,586600
2026-08-20 14:00:00,ATM-3,PE,3300.0,3437.9,1.85,1.9,1.65,1.85,21.940721,7600,585600
2026-08-20 14:05:00,ATM-3,PE,3300.0,3441.1,1.85,1.85,1.7,1.7,21.954027,400,583400
2026-08-20 14:10:00,ATM-3,PE,3300.0,3440.8,1.8,2.0,1.7,2.0,22.659605,26400,583200
2026-08-20 14:15:00,ATM-3,PE,3300.0,3439.0,2.0,2.1,2.0,2.1,22.679708,10800,561600
2026-08-20 14:20:00,ATM-3,PE,3300.0,3448.0,2.1,2.1,2.0,2.05,23.656899,4600,558800
2026-08-20 14:25:00,ATM-3,PE,3300.0,3446.3,2.0,2.4,2.0,2.4,24.251191,67800,539200
2026-08-20 14:30:00,ATM-3,PE,3300.0,3447.2,2.45,2.65,2.4,2.65,24.899046,56800,515400
2026-08-20 14:35:00,ATM-3,PE,3300.0,3451.5,2.65,3.2,2.65,2.9,25.952102,116800,505400
2026-08-20 14:40:00,ATM-3,PE,3300.0,3448.5,2.8,2.9,2.7,2.7,25.180289,25400,514000
2026-08-20 14:45:00,ATM-3,PE,3300.0,3450.2,2.7,2.7,2.5,2.55,25.085637,5400,513800
2026-08-20 14:50:00,ATM-3,PE,3300.0,3450.0,2.6,2.6,2.45,2.45,24.854107,8800,510200
2026-08-20 14:55:00,ATM-3,PE,3300.0,3452.0,2.55,2.55,2.35,2.4,24.997501,11400,507600
2026-08-20 15:00:00,ATM-3,PE,3300.0,3450.5,2.4,2.55,2.35,2.4,24.822319,21600,502200
2026-08-20 15:05:00,ATM-3,PE,3300.0,3444.4,2.35,2.5,2.35,2.5,24.294371,14400,498600
2026-08-20 15:10:00,ATM-3,PE,3300.0,3441.0,2.4,2.55,2.4,2.5,23.879327,9600,496000
2026-08-20 15:15:00,ATM-3,PE,3300.0,3441.0,2.5,2.6,2.5,2.6,24.094096,6400,495600
2026-08-20 15:20:00,ATM-3,PE,3300.0,3441.0,2.6,2.8,2.6,2.7,24.304926,5200,498400
2026-08-20 15:25:00,ATM-3,PE,3250.0,3424.8,2.75,2.8,1.75,1.8,26.645193,6400,245400
2026-08-20 15:30:00,ATM-3,PE,3250.0,3424.8,1.8,1.9,1.8,1.9,26.932917,1800,244800
2026-08-20 15:35:00,ATM-3,PE,3250.0,3424.8,1.6,1.9,1.6,1.85,26.803469,9600,240800
2026-08-21 09:15:00,ATM-3,PE,3300.0,3431.1,2.8,2.8,2.4,2.55,24.565575,42800,484800
2026-08-21 09:20:00,ATM-3,PE,3300.0,3425.9,2.85,3.4,1.0,3.15,25.061471,13000,476600
2026-08-21 09:25:00,ATM-3,PE,3250.0,3422.4,1.9,1.9,1.9,1.9,28.80353,1400,238000
2026-08-21 09:30:00,ATM-3,PE,3250.0,3424.0,1.85,2.95,1.85,1.85,28.869288,8600,236800
2026-08-21 09:35:00,ATM-3,PE,3250.0,3424.7,2.95,2.95,1.7,1.7,28.505892,800,236000
2026-08-21 09:40:00,ATM-3,PE,3300.0,3426.6,2.65,2.85,2.55,2.6,24.096891,13600,472400
2026-08-21 09:45:00,ATM-3,PE,3300.0,3431.2,2.6,2.65,2.4,2.45,24.417971,23000,467200
2026-08-21 09:50:00,ATM-3,PE,3300.0,3430.0,2.35,2.5,2.3,2.5,24.37233,8200,469800
2026-08-21 09:55:00,ATM-3,PE,3300.0,3432.8,2.55,2.6,2.4,2.4,24.544486,2400,468800
2026-08-21 10:00:00,ATM-3,PE,3300.0,3428.1,2.4,2.6,2.4,2.6,24.343449,3400,469800
2026-08-21 10:05:00,ATM-3,PE,3300.0,3426.7,2.55,2.6,2.55,2.6,24.157949,3800,471400
2026-08-21 10:10:00,ATM-3,PE,3300.0,3431.7,2.6,2.6,2.4,2.4,24.422886,7000,471800
2026-08-21 10:15:00,ATM-3,PE,3300.0,3429.5,2.5,2.5,2.4,2.5,24.351028,400,471800
2026-08-21 10:20:00,ATM-3,PE,3300.0,3430.0,2.5,2.5,2.45,2.5,24.429693,4000,471400
2026-08-21 10:25:00,ATM-3,PE,3300.0,3426.0,2.5,2.7,2.5,2.7,24.307153,1800,471800
2026-08-21 10:30:00,ATM-3,PE,3300.0,3426.5,2.7,2.9,2.65,2.9,24.794816,400,472400
2026-08-21 10:35:00,ATM-3,PE,3250.0,3418.5,1.7,2.0,1.7,2.0,28.751442,400,237000
2026-08-21 10:40:00,ATM-3,PE,3250.0,3422.5,1.95,2.0,1.95,1.95,29.135184,3200,235400
2026-08-21 10:45:00,ATM-3,PE,3250.0,3423.2,1.7,1.95,1.7,1.85,28.939231,400,235400
2026-08-21 10:50:00,ATM-3,PE,3300.0,3425.8,1.85,3.0,1.85,2.95,24.833888,4400,465200
2026-08-21 10:55:00,ATM-3,PE,3300.0,3425.2,1.85,3.1,1.85,2.95,24.757928,3600,465000
2026-08-21 11:00:00,ATM-3,PE,3250.0,3425.0,2.95,3.1,1.85,1.85,29.203868,600,235400
2026-08-21 11:05:00,ATM-3,PE,3300.0,3426.2,3.1,3.1,3.05,3.05,25.117856,800,464400
2026-08-21 11:10:00,ATM-3,PE,3300.0,3425.8,3.05,3.1,2.95,3.1,25.167677,6000,463000
2026-08-21 11:15:00,ATM-3,PE,3250.0,3421.4,3.1,3.2,1.7,1.7,28.315448,2000,234400
2026-08-21 11:20:00,ATM-3,PE,3250.0,3420.9,1.7,1.9,1.7,1.9,28.874662,2200,234200
2026-08-21 11:25:00,ATM-3,PE,3300.0,3428.6,1.85,3.25,1.85,3.0,25.403122,9600,452600
2026-08-21 11:30:00,ATM-3,PE,3300.0,3427.6,2.95,3.1,2.95,3.1,25.467174,2800,451800
2026-08-21 11:35:00,ATM-3,PE,3300.0,3426.0,3.1,3.25,3.1,3.25,25.534947,1800,452400
2026-08-21 11:40:00,ATM-3,PE,3300.0,3427.9,3.25,3.25,3.2,3.2,25.725073,2200,452200
2026-08-21 11:45:00,ATM-3,PE,3300.0,3430.1,3.15,3.2,3.05,3.05,25.758208,10200,449600
2026-08-21 11:50:00,ATM-3,PE,3250.0,3416.2,3.05,3.3,1.9,2.1,28.904892,5000,234200
2026-08-21 11:55:00,ATM-3,PE,3250.0,3417.7,2.1,2.1,2.1,2.1,29.113924,0,234200
2026-08-21 12:00:00,ATM-3,PE,3250.0,3422.3,2.1,2.1,2.05,2.05,29.587016,4600,234200
2026-08-21 12:05:00,ATM-3,PE,3300.0,3426.5,2.05,3.7,2.05,3.25,25.669012,2800,435000
2026-08-21 12:10:00,ATM-3,PE,3300.0,3427.5,3.35,3.35,3.0,3.1,25.534161,15000,430400
2026-08-21 12:15:00,ATM-3,PE,3300.0,3430.1,2.95,3.1,2.95,3.05,25.820113,11600,437600
2026-08-21 12:20:00,ATM-3,PE,3300.0,3431.3,3.0,3.05,2.85,2.85,25.594934,1800,438800
2026-08-21 12:25:00,ATM-3,PE,3300.0,3436.0,2.85,2.95,2.85,2.9,26.375775,1200,439600
2026-08-21 12:30:00,ATM-3,PE,3300.0,3435.0,2.75,3.05,2.75,3.0,26.451467,12800,443800
2026-08-21 12:35:00,ATM-3,PE,3300.0,3430.5,3.0,3.2,3.0,3.2,26.215959,5800,444200
2026-08-21 12:40:00,ATM-3,PE,3300.0,3429.5,3.3,3.35,3.15,3.3,26.274981,7200,440600
2026-08-21 12:45:00,ATM-3,PE,3300.0,3427.1,3.3,3.4,3.2,3.4,26.123986,4800,439200
2026-08-21 12:50:00,ATM-3,PE,3300.0,3431.1,3.15,3.4,3.05,3.05,26.036902,3600,439600
2026-08-21 12:55:00,ATM-3,PE,3300.0,3432.6,3.05,3.05,2.9,2.9,25.956224,8000,443600
2026-08-21 13:00:00,ATM-3,PE,3300.0,3433.2,3.0,3.05,2.9,2.95,26.155653,2800,442800
2026-08-21 13:05:00,ATM-3,PE,3300.0,3429.3,2.95,3.05,2.95,3.05,25.808857,1800,442200
2026-08-21 13:10:00,ATM-3,PE,3300.0,3428.8,3.1,3.1,3.05,3.05,25.747032,3200,442600
2026-08-21 13:15:00,ATM-3,PE,3300.0,3433.0,3.0,3.05,2.9,2.9,26.055388,400,444000
2026-08-21 13:20:00,ATM-3,PE,3300.0,3429.9,2.9,3.1,2.8,3.1,26.026838,1600,444400
2026-08-21 13:25:00,ATM-3,PE,3300.0,3429.8,3.1,3.1,3.1,3.1,26.022911,400,444800
2026-08-21 13:30:00,ATM-3,PE,3300.0,3431.3,3.1,3.3,3.1,3.3,26.644754,6800,447800
2026-08-21 13:35:00,ATM-3,PE,3300.0,3428.2,3.3,3.55,3.3,3.5,26.58024,3400,448400
2026-08-21 13:40:00,ATM-3,PE,3300.0,3428.7,3.45,3.55,3.45,3.55,26.758337,4600,445400
2026-08-21 13:45:00,ATM-3,PE,3300.0,3427.6,3.6,3.6,3.3,3.4,26.325183,2800,444200
2026-08-21 13:50:00,ATM-3,PE,3250.0,3424.1,3.4,3.45,1.95,1.95,29.795972,1400,231000
2026-08-21 13:55:00,ATM-3,PE,3300.0,3429.8,1.95,3.3,1.95,3.1,26.08656,200,441000
2026-08-21 14:00:00,ATM-3,PE,3300.0,3431.3,3.1,3.2,3.1,3.1,26.315025,2600,441200
2026-08-21 14:05:00,ATM-3,PE,3300.0,3433.4,3.0,3.2,3.0,3.2,26.830609,2000,441200
2026-08-21 14:10:00,ATM-3,PE,3300.0,3434.8,3.1,3.2,2.95,3.05,26.741374,2400,441800
2026-08-21 14:15:00,ATM-3,PE,3300.0,3436.1,3.05,3.05,2.9,2.9,26.6269,2800,441800
2026-08-21 14:20:00,ATM-3,PE,3300.0,3435.0,2.9,3.1,2.85,3.1,26.894333,3800,443800
2026-08-21 14:25:00,ATM-3,PE,3300.0,3437.1,3.05,3.1,2.85,2.85,26.685146,1400,443000
2026-08-21 14:30:00,ATM-3,PE,3300.0,3436.9,2.85,2.85,2.8,2.8,26.560238,2800,445200
2026-08-21 14:35:00,ATM-3,PE,3300.0,3436.5,2.9,2.9,2.8,2.8,26.514295,1600,445400
2026-08-21 14:40:00,ATM-3,PE,3300.0,3436.4,2.75,2.8,2.7,2.8,26.510988,8400,445400
2026-08-21 14:45:00,ATM-3,PE,3300.0,3438.1,2.8,2.8,2.7,2.7,26.544761,1600,446200
2026-08-21 14:50:00,ATM-3,PE,3300.0,3437.2,2.65,2.8,2.55,2.65,26.317704,7800,449200
2026-08-21 14:55:00,ATM-3,PE,3300.0,3435.3,2.6,2.75,2.55,2.7,26.169954,8800,452600
2026-08-21 15:00:00,ATM-3,PE,3300.0,3432.2,2.65,2.85,2.65,2.85,26.060138,13000,453000
2026-08-21 15:05:00,ATM-3,PE,3300.0,3432.1,3.0,3.0,2.8,2.85,26.056525,26200,449200
2026-08-21 15:10:00,ATM-3,PE,3250.0,3417.0,2.9,2.95,1.9,1.95,29.057626,8600,214400
2026-08-21 15:15:00,ATM-3,PE,3250.0,3417.0,1.95,1.95,1.95,1.95,29.069754,2800,215000
2026-08-21 15:20:00,ATM-3,PE,3250.0,3417.0,1.95,1.95,1.9,1.9,28.933648,400,215600
2026-08-21 15:25:00,ATM-3,PE,3250.0,3412.2,1.9,2.0,1.75,1.9,28.309656,4000,215600
2026-08-21 15:30:00,ATM-3,PE,3250.0,3412.2,1.95,1.95,1.9,1.95,28.467633,200,216600
2026-08-21 15:35:00,ATM-3,PE,3250.0,3412.2,1.95,1.95,1.95,1.95,28.479544,0,216600
2026-08-24 09:15:00,ATM-3,PE,3250.0,3421.8,3.55,3.6,1.55,1.65,50.663196,15800,218000
2026-08-24 09:20:00,ATM-3,PE,3250.0,3414.1,1.65,1.65,1.6,1.6,48.664016,1000,217200
2026-08-24 09:25:00,ATM-3,PE,3250.0,3414.6,1.55,1.6,1.25,1.25,46.677168,8800,214800
2026-08-24 09:30:00,ATM-3,PE,3250.0,3409.8,1.25,1.3,1.2,1.3,45.98424,7800,212800
2026-08-24 09:35:00,ATM-3,PE,3250.0,3411.0,1.3,1.45,1.3,1.45,47.258266,1000,211800
2026-08-24 09:40:00,ATM-3,PE,3250.0,3409.6,1.45,1.45,1.25,1.3,46.065088,4400,214400
2026-08-24 09:45:00,ATM-3,PE,3250.0,3416.1,1.2,1.3,1.15,1.15,46.58128,2600,212400
2026-08-24 09:50:00,ATM-3,PE,3250.0,3415.0,1.15,1.2,1.15,1.2,46.749038,600,212600
2026-08-24 09:55:00,ATM-3,PE,3250.0,3419.2,1.2,1.2,1.2,1.2,47.757067,800,211800
2026-08-24 10:00:00,ATM-3,PE,3250.0,3421.0,1.25,1.25,1.2,1.25,48.57549,600,211400
2026-08-24 10:05:00,ATM-3,PE,3300.0,3425.1,1.25,1.85,1.25,1.85,40.514038,400,401200
2026-08-24 10:10:00,ATM-3,PE,3300.0,3441.7,1.7,1.85,1.35,1.35,41.968291,12200,404400
2026-08-24 10:15:00,ATM-3,PE,3300.0,3440.7,1.2,1.35,1.15,1.2,40.887694,16000,395800
2026-08-24 10:20:00,ATM-3,PE,3300.0,3436.9,1.2,1.45,1.2,1.3,40.672789,8200,392400
2026-08-24 10:25:00,ATM-3,PE,3300.0,3440.0,1.4,1.4,1.3,1.35,41.748309,2600,393600
2026-08-24 10:30:00,ATM-3,PE,3300.0,3441.0,1.35,1.35,1.2,1.2,41.129891,7800,390800
2026-08-24 10:35:00,ATM-3,PE,3300.0,3442.6,1.2,1.2,1.15,1.15,41.236025,2600,390400
2026-08-24 10:40:00,ATM-3,PE,3300.0,3441.9,1.15,1.2,1.15,1.15,41.134076,1800,389600
2026-08-24 10:45:00,ATM-3,PE,3300.0,3438.0,1.2,1.2,1.15,1.2,40.610237,5000,387000
2026-08-24 10:50:00,ATM-3,PE,3300.0,3437.4,1.2,1.2,1.05,1.05,39.556885,17200,389200
2026-08-24 10:55:00,ATM-3,PE,3300.0,3431.7,1.05,1.15,1.05,1.15,38.944869,2800,384400
2026-08-24 11:00:00,ATM-3,PE,3300.0,3432.0,1.15,1.3,1.15,1.3,39.97815,3000,384400
2026-08-24 11:05:00,ATM-3,PE,3300.0,3434.1,1.3,1.3,1.2,1.2,39.930844,2000,384200
2026-08-24 11:10:00,ATM-3,PE,3300.0,3433.3,1.15,1.2,1.15,1.15,39.488275,4000,383800
2026-08-24 11:15:00,ATM-3,PE,3300.0,3431.7,1.15,1.15,1.1,1.1,38.851745,600,383600
2026-08-24 11:20:00,ATM-3,PE,3300.0,3430.9,1.1,1.1,1.1,1.1,38.721063,1000,382800
2026-08-24 11:25:00,ATM-3,PE,3300.0,3428.1,1.1,1.1,1.1,1.1,38.119958,800,382200
2026-08-24 11:30:00,ATM-3,PE,3250.0,3424.6,1.1,1.15,0.8,0.8,47.016655,2200,204600
2026-08-24 11:35:00,ATM-3,PE,3250.0,3424.7,0.8,1.1,0.8,0.8,47.107689,3800,204600
2026-08-24 11:40:00,ATM-3,PE,3300.0,3426.8,1.15,1.25,1.15,1.25,38.899968,1400,379600
2026-08-24 11:45:00,ATM-3,PE,3300.0,3430.0,1.15,1.25,1.15,1.2,39.423568,1400,378800
2026-08-24 11:50:00,ATM-3,PE,3300.0,3430.0,1.2,1.2,1.05,1.05,38.523017,1600,377800
2026-08-24 11:55:00,ATM-3,PE,3300.0,3432.5,1.15,1.15,1.05,1.1,39.499768,5400,378000
2026-08-24 12:00:00,ATM-3,PE,3300.0,3432.1,1.1,1.15,1.1,1.15,39.78728,5000,378000
2026-08-24 12:05:00,ATM-3,PE,3300.0,3431.5,1.15,1.15,1.15,1.15,39.70373,0,377200
2026-08-24 12:10:00,ATM-3,PE,3300.0,3429.0,1.15,1.2,1.15,1.2,39.477317,2000,377400
2026-08-24 12:15:00,ATM-3,PE,3300.0,3428.4,1.2,1.2,1.2,1.2,39.391804,0,377000
2026-08-24 12:20:00,ATM-3,PE,3300.0,3428.2,1.2,1.2,1.05,1.05,38.442701,2000,376800
2026-08-24 12:25:00,ATM-3,PE,3300.0,3430.0,1.1,1.1,1.05,1.05,38.928936,1200,375800
2026-08-24 12:30:00,ATM-3,PE,3300.0,3429.8,1.05,1.1,1.05,1.1,39.272077,600,375800
2026-08-24 12:35:00,ATM-3,PE,3300.0,3428.5,1.05,1.15,1.05,1.15,39.341585,2800,374600
2026-08-24 12:40:00,ATM-3,PE,3300.0,3428.2,1.15,1.15,1.05,1.15,39.32903,1200,374200
2026-08-24 12:45:00,ATM-3,PE,3300.0,3425.9,1.05,1.15,1.05,1.05,38.184157,600,374200
2026-08-24 12:50:00,ATM-3,PE,3250.0,3420.5,1.05,1.05,0.75,0.8,47.244552,3600,202800
2026-08-24 12:55:00,ATM-3,PE,3250.0,3417.9,0.8,0.8,0.8,0.8,46.732663,1200,203800
2026-08-24 13:00:00,ATM-3,PE,3250.0,3417.4,0.8,0.8,0.8,0.8,46.692263,0,203800
2026-08-24 13:05:00,ATM-3,PE,3250.0,3418.0,0.8,0.8,0.8,0.8,46.900485,0,203800
2026-08-24 13:10:00,ATM-3,PE,3250.0,3416.9,0.8,0.8,0.8,0.8,46.724583,0,203800
2026-08-24 13:15:00,ATM-3,PE,3250.0,3417.0,0.8,0.8,0.8,0.8,46.820413,0,203800
2026-08-24 13:20:00,ATM-3,PE,3250.0,3419.3,0.8,0.8,0.75,0.75,46.930044,400,203200
2026-08-24 13:25:00,ATM-3,PE,3250.0,3424.9,0.75,0.75,0.75,0.75,48.262577,0,203200
2026-08-24 13:30:00,ATM-3,PE,3250.0,3418.7,0.75,0.75,0.75,0.75,46.942784,0,205000
2026-08-24 13:35:00,ATM-3,PE,3250.0,3418.2,0.75,0.75,0.75,0.75,46.904043,0,205000
2026-08-24 13:40:00,ATM-3,PE,3250.0,3418.0,0.75,0.75,0.75,0.75,46.933299,0,203800
2026-08-24 13:45:00,ATM-3,PE,3250.0,3414.6,0.75,0.75,0.65,0.65,45.207114,12600,199000
2026-08-24 13:50:00,ATM-3,PE,3250.0,3412.0,0.65,0.7,0.6,0.7,45.216064,600,197000
2026-08-24 13:55:00,ATM-3,PE,3250.0,3407.6,0.7,0.7,0.7,0.7,44.285734,2600,191400
2026-08-24 14:00:00,ATM-3,PE,3250.0,3407.1,0.7,0.7,0.7,0.7,44.242608,0,190000
2026-08-24 14:05:00,ATM-3,PE,3250.0,3407.9,0.7,0.75,0.7,0.7,44.497466,6800,190000
2026-08-24 14:10:00,ATM-3,PE,3250.0,3403.8,0.75,0.8,0.7,0.75,44.112646,3200,188400
2026-08-24 14:15:00,ATM-3,PE,3250.0,3409.0,0.75,0.75,0.75,0.75,45.391495,0,188400
2026-08-24 14:20:00,ATM-3,PE,3250.0,3407.2,0.75,0.75,0.75,0.75,45.0478,0,188400
2026-08-24 14:25:00,ATM-3,PE,3250.0,3408.3,0.75,0.75,0.75,0.75,45.377405,0,188400
2026-08-24 14:30:00,ATM-3,PE,3250.0,3410.0,0.75,0.75,0.75,0.75,45.847387,0,188400
2026-08-24 14:35:00,ATM-3,PE,3250.0,3409.7,0.75,0.75,0.75,0.75,45.853118,0,188400
2026-08-24 14:40:00,ATM-3,PE,3250.0,3412.7,0.75,0.75,0.75,0.75,46.62767,0,188400
2026-08-24 14:45:00,ATM-3,PE,3250.0,3409.0,0.7,0.75,0.7,0.7,45.339967,200,188400
2026-08-24 14:50:00,ATM-3,PE,3250.0,3412.0,0.7,0.7,0.7,0.7,46.111389,600,188400
2026-08-24 14:55:00,ATM-3,PE,3250.0,3407.7,0.7,0.75,0.65,0.75,45.689439,800,188200
2026-08-24 15:00:00,ATM-3,PE,3250.0,3402.2,0.75,0.75,0.6,0.6,42.923928,1000,188200
2026-08-24 15:05:00,ATM-3,PE,3250.0,3401.3,0.55,0.6,0.4,0.4,40.288226,21200,176400
2026-08-24 15:10:00,ATM-3,PE,3250.0,3410.1,0.3,0.4,0.25,0.3,40.662079,11800,172800
2026-08-24 15:15:00,ATM-3,PE,3250.0,3410.1,0.3,0.3,0.2,0.2,38.667356,4400,165800
2026-08-24 15:20:00,ATM-3,PE,3250.0,3410.1,0.2,0.2,0.2,0.2,38.73305,400,165000
2026-08-24 15:25:00,ATM-3,PE,3250.0,3414.1,0.2,0.2,0.2,0.2,39.619697,200,164800
2026-08-24 15:30:00,ATM-3,PE,3250.0,3414.1,0.2,0.25,0.2,0.25,40.81449,1000,164600
2026-08-24 15:35:00,ATM-3,PE,3250.0,3414.1,0.25,0.35,0.25,0.35,42.744712,3200,163200
2026-08-25 09:15:00,ATM-3,PE,3250.0,3407.7,0.15,0.15,0.05,0.05,63.974257,2600,161000
2026-08-25 09:20:00,ATM-3,PE,3250.0,3402.3,0.05,0.1,0.05,0.1,67.153723,1200,160800
2026-08-25 09:25:00,ATM-3,PE,3250.0,3409.7,0.15,0.15,0.1,0.1,70.438808,1000,160800
2026-08-25 09:30:00,ATM-3,PE,3250.0,3410.6,0.1,0.15,0.1,0.1,71.264235,2000,159600
2026-08-25 09:35:00,ATM-3,PE,3250.0,3408.3,0.1,0.15,0.1,0.15,74.208071,1800,159000
2026-08-25 09:40:00,ATM-3,PE,3250.0,3407.9,0.15,0.15,0.15,0.15,74.565641,1600,156800
2026-08-25 09:45:00,ATM-3,PE,3250.0,3408.7,0.15,0.15,0.15,0.15,75.421186,0,156800
2026-08-25 09:50:00,ATM-3,PE,3250.0,3407.1,0.15,0.15,0.15,0.15,75.307054,800,156600
2026-08-25 09:55:00,ATM-3,PE,3250.0,3402.6,0.15,0.15,0.05,0.05,65.700802,17000,156600
2026-08-25 10:00:00,ATM-3,PE,3250.0,3402.0,0.05,0.15,0.05,0.15,74.286791,3000,151800
2026-08-25 10:05:00,ATM-3,PE,3250.0,3398.0,0.15,0.25,0.15,0.25,77.965653,4200,152000
2026-08-25 10:10:00,ATM-3,PE,3250.0,3400.3,0.15,0.25,0.1,0.15,74.694243,4400,151400
2026-08-25 10:15:00,ATM-3,PE,3250.0,3401.6,0.15,0.15,0.15,0.15,75.832267,1800,151400
2026-08-25 10:20:00,ATM-3,PE,3250.0,3399.1,0.15,0.15,0.15,0.15,75.347664,800,151400
2026-08-25 10:25:00,ATM-3,PE,3250.0,3401.8,0.15,0.15,0.15,0.15,77.129934,0,151400
2026-08-25 10:30:00,ATM-3,PE,3250.0,3401.7,0.15,0.15,0.15,0.15,77.714253,0,151400
2026-08-25 10:35:00,ATM-3,PE,3250.0,3401.2,0.15,0.15,0.15,0.15,78.136019,0,151200
2026-08-25 10:40:00,ATM-3,PE,3250.0,3404.5,0.15,0.15,0.1,0.1,76.637542,1000,151000
2026-08-25 10:45:00,ATM-3,PE,3250.0,3404.4,0.1,0.1,0.1,0.1,77.250355,200,151000
2026-08-25 10:50:00,ATM-3,PE,3250.0,3406.2,0.1,0.1,0.1,0.1,78.709516,0,151000
2026-08-25 10:55:00,ATM-3,PE,3250.0,3404.0,0.1,0.1,0.05,0.05,72.965006,5600,151000
2026-08-25 11:00:00,ATM-3,PE,3250.0,3404.9,0.15,0.15,0.05,0.1,79.547193,3000,149400
2026-08-25 11:05:00,ATM-3,PE,3250.0,3406.7,0.1,0.1,0.1,0.1,81.08604,0,149400
2026-08-25 11:10:00,ATM-3,PE,3250.0,3412.0,0.1,0.1,0.1,0.1,0.0,800,149600
2026-08-25 11:15:00,ATM-3,PE,3250.0,3411.5,0.1,0.1,0.1,0.1,84.814706,0,149600
2026-08-25 11:20:00,ATM-3,PE,3250.0,3407.4,0.1,0.15,0.05,0.15,87.709494,5600,149400
2026-08-25 11:25:00,ATM-3,PE,3250.0,3410.9,0.15,0.15,0.15,0.15,90.268651,1200,150600
2026-08-25 11:30:00,ATM-3,PE,3250.0,3404.8,0.15,0.15,0.15,0.15,88.208488,0,150600
2026-08-25 11:35:00,ATM-3,PE,3250.0,3408.3,0.15,0.15,0.15,0.15,90.847436,0,151000
2026-08-25 11:40:00,ATM-3,PE,3250.0,3408.3,0.1,0.15,0.1,0.1,87.672406,1400,150800
2026-08-25 11:45:00,ATM-3,PE,3250.0,3406.1,0.1,0.1,0.1,0.1,87.551309,0,150800
2026-08-25 11:50:00,ATM-3,PE,3250.0,3407.0,0.05,0.1,0.05,0.05,82.769138,3200,148600
2026-08-25 11:55:00,ATM-3,PE,3250.0,3412.3,0.05,0.05,0.05,0.05,0.0,0,148600
2026-08-25 12:00:00,ATM-3,PE,3250.0,3413.9,0.05,0.05,0.05,0.05,0.0,0,148600
2026-08-25 12:05:00,ATM-3,PE,3250.0,3415.0,0.05,0.05,0.05,0.05,0.0,1200,148400
2026-08-25 12:10:00,ATM-3,PE,3250.0,3415.7,0.05,0.05,0.05,0.05,0.0,800,148400
2026-08-25 12:15:00,ATM-3,PE,3250.0,3415.0,0.05,0.05,0.05,0.05,0.0,0,148400
2026-08-25 12:20:00,ATM-3,PE,3250.0,3418.9,0.05,0.05,0.05,0.05,0.0,0,148400
2026-08-25 12:25:00,ATM-3,PE,3250.0,3418.4,0.05,0.05,0.05,0.05,0.0,0,148400
2026-08-25 12:30:00,ATM-3,PE,3250.0,3424.0,0.05,0.05,0.05,0.05,0.0,200,147400
2026-08-25 12:35:00,ATM-3,PE,3250.0,3421.5,0.05,0.05,0.05,0.05,0.0,0,147400
2026-08-25 12:40:00,ATM-3,PE,3250.0,3416.0,0.05,0.05,0.05,0.05,0.0,2400,147000
2026-08-25 12:45:00,ATM-3,PE,3250.0,3417.7,0.05,0.05,0.05,0.05,0.0,0,147000
2026-08-25 12:50:00,ATM-3,PE,3250.0,3417.6,0.05,0.05,0.05,0.05,0.0,0,147000
2026-08-25 12:55:00,ATM-3,PE,3250.0,3413.9,0.05,0.05,0.05,0.05,0.0,4800,145000
2026-08-25 13:00:00,ATM-3,PE,3250.0,3408.1,0.05,0.1,0.05,0.05,0.0,14800,134600
2026-08-25 13:05:00,ATM-3,PE,3250.0,3409.4,0.05,0.1,0.05,0.1,0.0,9200,127000
2026-08-25 13:10:00,ATM-3,PE,3250.0,3409.0,0.15,0.15,0.1,0.15,0.0,3200,123600
2026-08-25 13:15:00,ATM-3,PE,3250.0,3407.1,0.15,0.2,0.15,0.2,0.0,5400,121800
2026-08-25 13:20:00,ATM-3,PE,3250.0,3407.6,0.2,0.2,0.2,0.2,0.0,0,121800
2026-08-25 13:25:00,ATM-3,PE,3250.0,3407.2,0.2,0.2,0.2,0.2,0.0,0,121800
2026-08-25 13:30:00,ATM-3,PE,3250.0,3410.2,0.2,0.2,0.2,0.2,0.0,0,121800
2026-08-25 13:35:00,ATM-3,PE,3250.0,3409.8,0.2,0.2,0.2,0.2,0.0,0,121800
2026-08-25 13:40:00,ATM-3,PE,3250.0,3409.6,0.2,0.2,0.2,0.2,0.0,0,122600
2026-08-25 13:45:00,ATM-3,PE,3250.0,3410.9,0.2,0.2,0.2,0.2,0.0,0,122600
2026-08-25 13:50:00,ATM-3,PE,3250.0,3414.4,0.2,0.2,0.1,0.1,0.0,13200,121600
2026-08-25 13:55:00,ATM-3,PE,3250.0,3414.3,0.1,0.1,0.1,0.1,0.0,0,121600
2026-08-25 14:00:00,ATM-3,PE,3250.0,3419.9,0.1,0.1,0.05,0.05,0.0,400,121200
2026-08-25 14:05:00,ATM-3,PE,3250.0,3418.7,0.05,0.05,0.05,0.05,0.0,4600,121200
2026-08-25 14:10:00,ATM-3,PE,3250.0,3418.8,0.05,0.05,0.05,0.05,0.0,0,121200
2026-08-25 14:15:00,ATM-3,PE,3250.0,3422.0,0.05,0.05,0.05,0.05,0.0,0,121200
2026-08-25 14:20:00,ATM-3,PE,3250.0,3421.3,0.05,0.05,0.05,0.05,0.0,0,121200
2026-08-25 14:25:00,ATM-3,PE,3250.0,3424.0,0.05,0.05,0.05,0.05,0.0,1800,116000
2026-08-25 14:30:00,ATM-3,PE,3250.0,3424.0,0.05,0.05,0.05,0.05,0.0,2200,113000
2026-08-25 14:35:00,ATM-3,PE,3250.0,3424.5,0.05,0.05,0.05,0.05,0.0,0,113000
2026-08-25 14:40:00,ATM-3,PE,3300.0,3426.9,0.05,0.05,0.05,0.05,0.0,800,211600
2026-08-25 14:45:00,ATM-3,PE,3300.0,3430.1,0.05,0.05,0.05,0.05,0.0,0,211600
2026-08-25 14:50:00,ATM-3,PE,3300.0,3433.4,0.05,0.05,0.05,0.05,0.0,0,211400
2026-08-25 14:55:00,ATM-3,PE,3300.0,3435.3,0.05,0.05,0.05,0.05,0.0,0,211400
2026-08-25 15:00:00,ATM-3,PE,3300.0,3429.6,0.05,0.05,0.05,0.05,0.0,400,211200
2026-08-25 15:05:00,ATM-3,PE,3300.0,3436.9,0.05,0.05,0.05,0.05,0.0,200,211000
2026-08-25 15:10:00,ATM-3,PE,3300.0,3440.0,0.05,0.05,0.05,0.05,0.0,200,210800
2026-08-25 15:15:00,ATM-3,PE,3300.0,3440.0,0.05,0.05,0.05,0.05,0.0,1200,209800
2026-08-25 15:20:00,ATM-3,PE,3300.0,3440.0,0.05,0.05,0.05,0.05,0.0,0,209800
2026-08-25 15:25:00,ATM-3,PE,3300.0,3443.0,0.05,0.05,0.05,0.05,0.0,0,209800
2026-08-25 15:30:00,ATM-3,PE,3300.0,3443.0,0.05,0.05,0.05,0.05,0.0,1200,209800
2026-08-25 15:35:00,ATM-3,PE,3300.0,3443.0,0.05,0.05,0.05,0.05,0.0,0,209800
2026-08-20 09:15:00,ATM-2,CE,3300.0,3401.4,125.0,126.15,113.8,113.8,25.138634,6200,444600
2026-08-20 09:20:00,ATM-2,CE,3300.0,3404.0,112.8,113.8,112.45,112.45,20.643349,14000,443400
2026-08-20 09:25:00,ATM-2,CE,3300.0,3408.0,111.75,117.65,111.75,114.0,16.589374,1000,440200
2026-08-20 09:30:00,ATM-2,CE,3300.0,3415.8,114.1,119.0,111.95,119.0,0.0,4400,437800
2026-08-20 09:35:00,ATM-2,CE,3300.0,3420.7,121.55,126.15,119.0,123.65,0.0,2400,437000
2026-08-20 09:40:00,ATM-2,CE,3300.0,3422.9,122.3,123.65,120.9,120.95,0.0,1800,437400
2026-08-20 09:45:00,ATM-2,CE,3300.0,3425.0,124.55,125.7,120.95,125.45,0.0,1200,436600
2026-08-20 09:50:00,ATM-2,CE,3300.0,3421.6,126.1,127.0,121.0,121.9,0.0,2000,436400
2026-08-20 09:55:00,ATM-2,CE,3300.0,3420.8,121.0,123.85,121.0,123.85,0.0,600,437000
2026-08-20 10:00:00,ATM-2,CE,3300.0,3416.1,121.1,123.85,120.0,120.0,0.0,600,436600
2026-08-20 10:05:00,ATM-2,CE,3300.0,3417.8,116.2,120.0,116.2,116.2,0.0,200,436400
2026-08-20 10:10:00,ATM-2,CE,3300.0,3418.8,116.2,116.2,116.2,116.2,0.0,0,436400
2026-08-20 10:15:00,ATM-2,CE,3300.0,3422.4,116.2,121.0,116.2,121.0,0.0,2600,436400
2026-08-20 10:20:00,ATM-2,CE,3300.0,3422.4,121.0,121.75,120.5,121.75,0.0,600,436400
2026-08-20 10:25:00,ATM-2,CE,3300.0,3421.5,120.75,121.75,120.75,120.75,0.0,200,436400
2026-08-20 10:30:00,ATM-2,CE,3300.0,3422.6,120.9,121.15,120.75,121.15,0.0,1000,436400
2026-08-20 10:35:00,ATM-2,CE,3300.0,3420.0,120.6,121.15,120.6,120.65,0.0,600,436000
2026-08-20 10:40:00,ATM-2,CE,3300.0,3419.2,120.65,120.65,119.5,119.5,0.0,200,436000
2026-08-20 10:45:00,ATM-2,CE,3300.0,3422.3,119.5,119.8,116.75,119.8,0.0,2200,435000
2026-08-20 10:50:00,ATM-2,CE,3300.0,3421.5,119.8,122.7,119.8,122.7,0.0,200,435000
2026-08-20 10:55:00,ATM-2,CE,3300.0,3420.3,122.7,122.7,118.35,118.35,0.0,200,435000
2026-08-20 11:00:00,ATM-2,CE,3350.0,3426.0,118.35,123.2,77.35,78.2,0.0,3600,324400
2026-08-20 11:05:00,ATM-2,CE,3350.0,3426.8,78.2,80.0,78.2,79.55,0.0,2400,324600
2026-08-20 11:10:00,ATM-2,CE,3350.0,3426.8,79.55,81.25,79.55,80.0,0.0,1000,324800
2026-08-20 11:15:00,ATM-2,CE,3350.0,3425.6,124.0,126.45,77.65,79.0,0.0,2000,324600
2026-08-20 11:20:00,ATM-2,CE,3350.0,3427.0,78.5,124.7,78.5,80.1,0.0,1200,324000
2026-08-20 11:25:00,ATM-2,CE,3350.0,3430.3,79.85,83.55,79.85,83.5,0.0,3600,323600
2026-08-20 11:30:00,ATM-2,CE,3350.0,3430.4,83.45,84.6,83.45,83.6,0.0,4000,322800
2026-08-20 11:35:00,ATM-2,CE,3350.0,3433.0,83.15,85.95,83.15,85.95,0.0,3800,321600
2026-08-20 11:40:00,ATM-2,CE,3350.0,3430.9,85.25,85.95,82.95,82.95,0.0,3800,321200
2026-08-20 11:45:00,ATM-2,CE,3350.0,3432.2,82.95,83.8,82.95,83.1,0.0,4600,321000
2026-08-20 11:50:00,ATM-2,CE,3350.0,3431.2,83.75,83.75,83.1,83.45,0.0,1800,320400
2026-08-20 11:55:00,ATM-2,CE,3350.0,3434.7,83.35,86.55,83.35,86.2,0.0,2200,320200
2026-08-20 12:00:00,ATM-2,CE,3350.0,3433.2,86.2,86.6,86.05,86.05,0.0,600,320400
2026-08-20 12:05:00,ATM-2,CE,3350.0,3439.5,86.05,92.25,86.05,92.25,0.0,10800,320200
2026-08-20 12:10:00,ATM-2,CE,3350.0,3445.3,94.1,99.2,92.25,97.9,0.0,2400,319600
2026-08-20 12:15:00,ATM-2,CE,3350.0,3447.5,97.9,98.75,96.6,97.85,0.0,3000,319200
2026-08-20 12:20:00,ATM-2,CE,3350.0,3446.6,98.0,98.9,97.85,98.7,0.0,1800,318800
2026-08-20 12:25:00,ATM-2,CE,3350.0,3446.0,98.55,98.7,97.95,98.05,0.0,2400,318600
2026-08-20 12:30:00,ATM-2,CE,3350.0,3445.5,96.7,98.05,96.25,97.5,0.0,4800,319600
2026-08-20 12:35:00,ATM-2,CE,3350.0,3446.1,97.5,97.65,96.2,97.65,0.0,1200,319600
2026-08-20 12:40:00,ATM-2,CE,3350.0,3446.8,98.4,100.1,97.1,98.65,0.0,5000,319800
2026-08-20 12:45:00,ATM-2,CE,3350.0,3455.7,100.45,106.5,98.65,106.5,0.0,5200,318400
2026-08-20 12:50:00,ATM-2,CE,3350.0,3451.0,106.3,106.5,101.65,101.65,0.0,1200,318000
2026-08-20 12:55:00,ATM-2,CE,3350.0,3442.6,99.8,101.65,92.5,93.45,0.0,6200,317600
2026-08-20 13:00:00,ATM-2,CE,3350.0,3442.8,95.2,95.2,93.45,94.4,0.0,1400,317800
2026-08-20 13:05:00,ATM-2,CE,3350.0,3443.1,94.4,94.4,93.75,94.0,0.0,2000,318400
2026-08-20 13:10:00,ATM-2,CE,3350.0,3442.0,94.0,94.0,93.3,93.3,0.0,400,318600
2026-08-20 13:15:00,ATM-2,CE,3350.0,3441.7,93.3,93.3,92.5,92.5,0.0,200,318800
2026-08-20 13:20:00,ATM-2,CE,3350.0,3441.9,92.3,92.5,90.0,90.85,0.0,3800,317800
2026-08-20 13:25:00,ATM-2,CE,3350.0,3440.5,93.35,93.35,90.85,91.25,0.0,1000,317400
2026-08-20 13:30:00,ATM-2,CE,3350.0,3444.0,91.25,93.9,91.25,93.9,0.0,1000,317600
2026-08-20 13:35:00,ATM-2,CE,3350.0,3444.1,93.8,93.95,93.45,93.95,0.0,2600,317600
2026-08-20 13:40:00,ATM-2,CE,3350.0,3447.3,92.3,94.9,92.3,94.9,0.0,2400,316600
2026-08-20 13:45:00,ATM-2,CE,3350.0,3444.4,95.15,97.05,92.45,92.45,0.0,5800,316200
2026-08-20 13:50:00,ATM-2,CE,3350.0,3447.3,92.4,95.05,92.3,94.5,0.0,2400,316000
2026-08-20 13:55:00,ATM-2,CE,3350.0,3445.5,91.85,94.5,91.85,92.45,0.0,5400,315600
2026-08-20 14:00:00,ATM-2,CE,3350.0,3437.9,92.85,92.85,87.05,87.55,0.0,7400,317200
2026-08-20 14:05:00,ATM-2,CE,3350.0,3441.1,89.0,91.25,87.55,91.1,0.0,2800,317600
2026-08-20 14:10:00,ATM-2,CE,3350.0,3440.8,91.15,91.15,88.15,88.5,0.0,4200,317600
2026-08-20 14:15:00,ATM-2,CE,3350.0,3439.0,88.65,89.9,87.15,88.0,0.0,9200,317000
2026-08-20 14:20:00,ATM-2,CE,3350.0,3448.0,89.25,94.3,88.0,94.3,0.0,7400,316000
2026-08-20 14:25:00,ATM-2,CE,3350.0,3446.3,94.2,94.9,93.85,94.15,0.0,1600,315600
2026-08-20 14:30:00,ATM-2,CE,3350.0,3447.2,94.15,98.15,93.35,96.7,0.0,4400,313600
2026-08-20 14:35:00,ATM-2,CE,3350.0,3451.5,96.75,100.7,96.7,100.55,0.0,13200,310200
2026-08-20 14:40:00,ATM-2,CE,3350.0,3448.5,101.0,101.65,96.4,96.4,0.0,13400,307200
2026-08-20 14:45:00,ATM-2,CE,3350.0,3450.2,96.6,99.4,96.4,98.75,0.0,2800,306000
2026-08-20 14:50:00,ATM-2,CE,3350.0,3450.0,98.45,98.95,98.05,98.95,0.0,2000,306200
2026-08-20 14:55:00,ATM-2,CE,3350.0,3452.0,97.45,99.0,97.45,99.0,0.0,1400,306200
2026-08-20 15:00:00,ATM-2,CE,3350.0,3450.5,97.8,99.0,93.7,97.7,0.0,8000,305400
2026-08-20 15:05:00,ATM-2,CE,3350.0,3444.4,97.3,97.7,92.4,92.4,0.0,4200,306600
2026-08-20 15:10:00,ATM-2,CE,3350.0,3441.0,92.15,93.95,92.0,92.75,0.0,3000,305800
2026-08-20 15:15:00,ATM-2,CE,3350.0,3441.0,94.0,94.0,92.75,92.8,0.0,5200,306000
2026-08-20 15:20:00,ATM-2,CE,3350.0,3441.0,92.35,92.8,90.95,90.95,0.0,1000,305600
2026-08-20 15:25:00,ATM-2,CE,3300.0,3424.8,90.95,139.05,90.95,139.05,31.746294,0,420200
2026-08-20 15:30:00,ATM-2,CE,3300.0,3424.8,139.05,139.05,136.85,136.85,29.25256,200,420200
2026-08-20 15:35:00,ATM-2,CE,3300.0,3424.8,136.85,139.4,136.85,139.4,32.152978,400,420000
2026-08-21 09:15:00,ATM-2,CE,3350.0,3431.1,105.0,105.0,84.75,86.15,14.2664,4600,307200
2026-08-21 09:20:00,ATM-2,CE,3350.0,3425.9,80.15,138.05,74.0,74.5,0.0,3200,308400
2026-08-21 09:25:00,ATM-2,CE,3300.0,3422.4,122.9,122.9,119.2,119.2,0.0,200,419600
2026-08-21 09:30:00,ATM-2,CE,3300.0,3424.0,119.2,123.7,74.0,123.7,0.0,600,419800
2026-08-21 09:35:00,ATM-2,CE,3300.0,3424.7,73.15,122.65,73.15,119.55,0.0,6800,420000
2026-08-21 09:40:00,ATM-2,CE,3350.0,3426.6,75.45,76.0,73.85,74.0,0.0,6000,307000
2026-08-21 09:45:00,ATM-2,CE,3350.0,3431.2,74.0,78.85,73.0,78.85,0.0,4400,306400
2026-08-21 09:50:00,ATM-2,CE,3350.0,3430.0,79.75,80.05,76.4,76.65,0.0,3200,306000
2026-08-21 09:55:00,ATM-2,CE,3350.0,3432.8,76.6,76.65,75.75,75.95,0.0,1200,306000
2026-08-21 10:00:00,ATM-2,CE,3350.0,3428.1,78.8,78.8,73.15,73.2,0.0,3000,305400
2026-08-21 10:05:00,ATM-2,CE,3350.0,3426.7,73.2,73.2,72.85,72.85,0.0,400,306000
2026-08-21 10:10:00,ATM-2,CE,3350.0,3431.7,74.55,77.55,72.85,77.55,0.0,1800,307000
2026-08-21 10:15:00,ATM-2,CE,3350.0,3429.5,77.55,77.55,75.75,76.55,0.0,400,307200
2026-08-21 10:20:00,ATM-2,CE,3350.0,3430.0,76.55,77.2,76.25,77.2,0.0,600,307000
2026-08-21 10:25:00,ATM-2,CE,3350.0,3426.0,77.2,77.2,75.25,75.25,0.0,9800,311000
2026-08-21 10:30:00,ATM-2,CE,3350.0,3426.5,74.25,75.65,73.1,73.2,0.0,13200,312400
2026-08-21 10:35:00,ATM-2,CE,3300.0,3418.5,120.5,120.5,110.65,110.65,0.0,1400,419400
2026-08-21 10:40:00,ATM-2,CE,3300.0,3422.5,110.65,116.85,110.65,116.85,0.0,200,418000
2026-08-21 10:45:00,ATM-2,CE,3300.0,3423.2,116.85,118.3,116.85,118.3,0.0,200,418000
2026-08-21 10:50:00,ATM-2,CE,3350.0,3425.8,118.3,119.3,71.45,74.0,0.0,1400,328200
2026-08-21 10:55:00,ATM-2,CE,3350.0,3425.2,121.0,121.0,72.8,74.15,0.0,3800,327400
2026-08-21 11:00:00,ATM-2,CE,3300.0,3425.0,74.15,121.0,74.0,121.0,0.0,400,417600
2026-08-21 11:05:00,ATM-2,CE,3350.0,3426.2,73.15,74.0,73.15,73.8,0.0,400,327800
2026-08-21 11:10:00,ATM-2,CE,3350.0,3425.8,74.4,74.4,73.8,74.4,0.0,400,328000
2026-08-21 11:15:00,ATM-2,CE,3300.0,3421.4,73.1,122.95,71.6,118.55,0.0,2400,417600
2026-08-21 11:20:00,ATM-2,CE,3300.0,3420.9,118.55,118.55,118.55,118.55,0.0,0,417600
2026-08-21 11:25:00,ATM-2,CE,3350.0,3428.6,117.35,118.55,71.7,76.05,0.0,2400,333000
2026-08-21 11:30:00,ATM-2,CE,3350.0,3427.6,75.35,76.5,73.65,73.65,0.0,2400,332400
2026-08-21 11:35:00,ATM-2,CE,3350.0,3426.0,73.65,73.65,73.65,73.65,0.0,0,332600
2026-08-21 11:40:00,ATM-2,CE,3350.0,3427.9,73.5,74.75,73.5,74.65,0.0,1600,333200
2026-08-21 11:45:00,ATM-2,CE,3350.0,3430.1,75.45,78.0,74.65,78.0,0.0,6400,333800
2026-08-21 11:50:00,ATM-2,CE,3300.0,3416.2,78.0,123.0,74.25,117.75,0.0,1800,417000
2026-08-21 11:55:00,ATM-2,CE,3300.0,3417.7,117.75,117.75,117.75,117.75,0.0,0,417000
2026-08-21 12:00:00,ATM-2,CE,3300.0,3422.3,117.75,117.75,115.6,115.6,0.0,400,417000
2026-08-21 12:05:00,ATM-2,CE,3350.0,3426.5,115.6,115.6,68.05,73.45,0.0,1800,339400
2026-08-21 12:10:00,ATM-2,CE,3350.0,3427.5,72.8,74.95,72.7,74.95,0.0,1800,339600
2026-08-21 12:15:00,ATM-2,CE,3350.0,3430.1,74.25,77.5,74.25,77.5,0.0,1000,340000
2026-08-21 12:20:00,ATM-2,CE,3350.0,3431.3,77.5,77.5,76.1,76.1,0.0,200,340200
2026-08-21 12:25:00,ATM-2,CE,3350.0,3436.0,76.1,83.2,76.1,83.15,0.0,3200,341000
2026-08-21 12:30:00,ATM-2,CE,3350.0,3435.0,83.15,85.35,81.9,81.9,0.0,5400,337200
2026-08-21 12:35:00,ATM-2,CE,3350.0,3430.5,81.9,81.9,76.95,76.95,0.0,3600,339000
2026-08-21 12:40:00,ATM-2,CE,3350.0,3429.5,76.4,76.95,73.5,73.5,0.0,1000,339000
2026-08-21 12:45:00,ATM-2,CE,3350.0,3427.1,73.5,75.25,72.8,72.8,8.106453,1600,339600
2026-08-21 12:50:00,ATM-2,CE,3350.0,3431.1,73.85,76.95,72.8,76.95,0.0,3000,339800
2026-08-21 12:55:00,ATM-2,CE,3350.0,3432.6,76.95,76.95,75.4,76.05,0.0,12400,346200
2026-08-21 13:00:00,ATM-2,CE,3350.0,3433.2,75.45,76.05,74.75,75.75,0.0,8600,350400
2026-08-21 13:05:00,ATM-2,CE,3350.0,3429.3,76.15,76.45,74.25,74.25,0.0,6000,351600
2026-08-21 13:10:00,ATM-2,CE,3350.0,3428.8,74.3,75.05,74.05,75.05,0.0,4800,352000
2026-08-21 13:15:00,ATM-2,CE,3350.0,3433.0,74.7,75.95,74.65,75.95,0.0,2000,351600
2026-08-21 13:20:00,ATM-2,CE,3350.0,3429.9,77.4,78.9,74.85,74.85,0.0,2000,351200
2026-08-21 13:25:00,ATM-2,CE,3350.0,3429.8,74.85,74.85,74.75,74.75,0.0,1000,351200
2026-08-21 13:30:00,ATM-2,CE,3350.0,3431.3,74.75,76.05,74.75,75.45,0.0,1400,351600
2026-08-21 13:35:00,ATM-2,CE,3350.0,3428.2,76.2,76.2,72.4,73.15,0.0,10200,356400
2026-08-21 13:40:00,ATM-2,CE,3350.0,3428.7,73.15,74.6,73.15,74.6,0.0,1400,356800
2026-08-21 13:45:00,ATM-2,CE,3350.0,3427.6,72.7,74.6,72.7,73.05,0.0,9800,358600
2026-08-21 13:50:00,ATM-2,CE,3300.0,3424.1,73.05,120.15,73.05,117.05,0.0,200,387200
2026-08-21 13:55:00,ATM-2,CE,3350.0,3429.8,117.05,117.05,69.75,76.7,0.0,1400,361800
2026-08-21 14:00:00,ATM-2,CE,3350.0,3431.3,76.7,77.45,76.2,76.25,0.0,7000,363400
2026-08-21 14:05:00,ATM-2,CE,3350.0,3433.4,76.25,77.85,76.25,77.3,0.0,1400,363400
2026-08-21 14:10:00,ATM-2,CE,3350.0,3434.8,77.95,79.1,77.2,77.2,0.0,2600,364000
2026-08-21 14:15:00,ATM-2,CE,3350.0,3436.1,80.6,80.7,77.2,80.7,0.0,400,364200
2026-08-21 14:20:00,ATM-2,CE,3350.0,3435.0,80.7,80.7,78.1,79.6,0.0,7000,365800
2026-08-21 14:25:00,ATM-2,CE,3350.0,3437.1,77.35,82.3,77.35,82.3,0.0,4800,366600
2026-08-21 14:30:00,ATM-2,CE,3350.0,3436.9,82.3,82.3,81.05,81.05,0.0,1400,365800
2026-08-21 14:35:00,ATM-2,CE,3350.0,3436.5,78.15,81.05,78.15,78.7,0.0,1400,366600
2026-08-21 14:40:00,ATM-2,CE,3350.0,3436.4,80.2,80.2,78.7,80.05,0.0,1200,365600
2026-08-21 14:45:00,ATM-2,CE,3350.0,3438.1,79.65,80.05,79.65,79.65,0.0,1000,365800
2026-08-21 14:50:00,ATM-2,CE,3350.0,3437.2,82.55,82.55,79.3,79.6,0.0,4000,366000
2026-08-21 14:55:00,ATM-2,CE,3350.0,3435.3,80.2,80.5,78.8,79.7,0.0,25400,378600
2026-08-21 15:00:00,ATM-2,CE,3350.0,3432.2,79.7,81.5,76.65,76.8,0.0,28200,390200
2026-08-21 15:05:00,ATM-2,CE,3350.0,3432.1,79.85,81.0,76.8,79.5,0.0,26800,378600
2026-08-21 15:10:00,ATM-2,CE,3300.0,3417.0,80.2,129.95,79.5,125.6,27.544077,3800,402800
2026-08-21 15:15:00,ATM-2,CE,3300.0,3417.0,125.6,125.6,125.6,125.6,27.560297,2200,402800
2026-08-21 15:20:00,ATM-2,CE,3300.0,3417.0,125.6,127.0,124.85,127.0,29.624188,1200,399800
2026-08-21 15:25:00,ATM-2,CE,3300.0,3412.2,127.0,127.0,126.35,126.35,33.979426,400,399400
2026-08-21 15:30:00,ATM-2,CE,3300.0,3412.2,124.95,126.35,122.25,124.0,31.197823,2000,399000
2026-08-21 15:35:00,ATM-2,CE,3300.0,3412.2,124.0,125.05,123.35,125.0,32.436617,1600,399000
2026-08-24 09:15:00,ATM-2,CE,3300.0,3421.8,120.0,120.35,120.0,120.35,0.0,600,339200
2026-08-24 09:20:00,ATM-2,CE,3300.0,3414.1,120.95,120.95,117.45,117.45,38.794548,400,339000
2026-08-24 09:25:00,ATM-2,CE,3300.0,3414.6,113.75,117.45,110.95,113.0,0.0,1400,339000
2026-08-24 09:30:00,ATM-2,CE,3300.0,3409.8,113.0,113.0,113.0,113.0,37.227657,0,338600
2026-08-24 09:35:00,ATM-2,CE,3300.0,3411.0,113.0,113.0,113.0,113.0,31.607547,0,338600
2026-08-24 09:40:00,ATM-2,CE,3300.0,3409.6,113.0,113.0,113.0,113.0,38.089949,0,338600
2026-08-24 09:45:00,ATM-2,CE,3300.0,3416.1,111.25,115.0,111.25,115.0,0.0,2800,339400
2026-08-24 09:50:00,ATM-2,CE,3300.0,3415.0,115.0,115.0,115.0,115.0,0.0,0,339400
2026-08-24 09:55:00,ATM-2,CE,3300.0,3419.2,115.0,121.8,115.0,120.0,0.0,400,339800
2026-08-24 10:00:00,ATM-2,CE,3300.0,3421.0,120.0,120.0,120.0,120.0,0.0,0,339800
2026-08-24 10:05:00,ATM-2,CE,3350.0,3425.1,120.0,120.0,74.05,74.05,0.0,0,183200
2026-08-24 10:10:00,ATM-2,CE,3350.0,3441.7,80.65,95.05,74.05,93.95,28.415861,6800,180200
2026-08-24 10:15:00,ATM-2,CE,3350.0,3440.7,93.75,93.95,90.15,90.9,0.0,1400,179400
2026-08-24 10:20:00,ATM-2,CE,3350.0,3436.9,90.9,90.9,84.9,87.7,0.0,2800,179200
2026-08-24 10:25:00,ATM-2,CE,3350.0,3440.0,87.05,90.8,86.95,90.8,0.0,1000,178800
2026-08-24 10:30:00,ATM-2,CE,3350.0,3441.0,90.85,92.15,90.7,92.15,17.528698,1400,178800
2026-08-24 10:35:00,ATM-2,CE,3350.0,3442.6,92.15,95.05,92.15,95.05,29.885644,400,178800
2026-08-24 10:40:00,ATM-2,CE,3350.0,3441.9,95.05,95.05,92.8,94.05,28.282678,800,178400
2026-08-24 10:45:00,ATM-2,CE,3350.0,3438.0,93.0,94.7,93.0,94.0,40.01371,3800,179000
2026-08-24 10:50:00,ATM-2,CE,3350.0,3437.4,91.2,94.0,91.2,92.35,37.170854,24200,185800
2026-08-24 10:55:00,ATM-2,CE,3350.0,3431.7,92.4,93.0,88.6,88.6,40.291777,10800,193000
2026-08-24 11:00:00,ATM-2,CE,3350.0,3432.0,85.7,89.2,82.05,83.85,24.452952,1600,192600
2026-08-24 11:05:00,ATM-2,CE,3350.0,3434.1,83.85,89.0,83.85,89.0,36.237129,1000,191600
2026-08-24 11:10:00,ATM-2,CE,3350.0,3433.3,89.0,89.0,88.2,88.85,37.75886,2400,190400
2026-08-24 11:15:00,ATM-2,CE,3350.0,3431.7,85.45,88.85,85.1,85.45,32.311593,4200,189400
2026-08-24 11:20:00,ATM-2,CE,3350.0,3430.9,85.45,85.45,84.7,84.7,32.296226,400,188800
2026-08-24 11:25:00,ATM-2,CE,3350.0,3428.1,84.7,84.7,81.55,81.55,30.442429,400,188800
2026-08-24 11:30:00,ATM-2,CE,3300.0,3424.6,80.95,136.0,76.15,126.1,32.071397,2800,333800
2026-08-24 11:35:00,ATM-2,CE,3300.0,3424.7,126.1,126.1,76.7,126.1,30.989852,27600,333800
2026-08-24 11:40:00,ATM-2,CE,3350.0,3426.8,77.05,79.35,76.45,76.7,0.0,2600,202600
2026-08-24 11:45:00,ATM-2,CE,3350.0,3430.0,76.6,79.2,76.6,77.45,0.0,6200,198200
2026-08-24 11:50:00,ATM-2,CE,3350.0,3430.0,77.85,77.95,73.35,73.35,49.903035,4000,195800
2026-08-24 11:55:00,ATM-2,CE,3350.0,3432.5,76.45,76.75,73.35,75.05,0.0,3200,193800
2026-08-24 12:00:00,ATM-2,CE,3350.0,3432.1,75.95,78.05,74.05,74.05,0.0,1600,193400
2026-08-24 12:05:00,ATM-2,CE,3350.0,3431.5,73.55,75.2,73.55,74.95,0.0,2000,192800
2026-08-24 12:10:00,ATM-2,CE,3350.0,3429.0,75.25,75.25,71.5,71.5,0.0,1600,191600
2026-08-24 12:15:00,ATM-2,CE,3350.0,3428.4,72.4,72.4,70.0,70.0,0.0,600,191400
2026-08-24 12:20:00,ATM-2,CE,3350.0,3428.2,70.4,71.35,68.2,71.35,48.981875,2000,190800
2026-08-24 12:25:00,ATM-2,CE,3350.0,3430.0,70.35,74.3,70.35,72.95,50.975738,2200,189800
2026-08-24 12:30:00,ATM-2,CE,3350.0,3429.8,72.95,72.95,71.1,71.1,0.0,200,189600
2026-08-24 12:35:00,ATM-2,CE,3350.0,3428.5,71.85,71.85,71.1,71.85,49.633947,800,189600
2026-08-24 12:40:00,ATM-2,CE,3350.0,3428.2,71.85,71.85,69.55,69.55,0.0,800,189400
2026-08-24 12:45:00,ATM-2,CE,3350.0,3425.9,68.9,69.55,68.9,68.9,0.0,400,189000
2026-08-24 12:50:00,ATM-2,CE,3300.0,3420.5,66.5,117.5,66.5,117.5,0.0,400,330400
2026-08-24 12:55:00,ATM-2,CE,3300.0,3417.9,117.5,117.5,108.85,108.85,0.0,1200,329600
2026-08-24 13:00:00,ATM-2,CE,3300.0,3417.4,108.85,108.85,108.85,108.85,0.0,0,329600
2026-08-24 13:05:00,ATM-2,CE,3300.0,3418.0,108.85,108.85,107.4,107.4,0.0,400,329200
2026-08-24 13:10:00,ATM-2,CE,3300.0,3416.9,107.4,107.4,107.4,107.4,0.0,0,328800
2026-08-24 13:15:00,ATM-2,CE,3300.0,3417.0,107.4,107.4,107.4,107.4,0.0,0,328800
2026-08-24 13:20:00,ATM-2,CE,3300.0,3419.3,107.4,108.0,107.4,108.0,0.0,1400,328600
2026-08-24 13:25:00,ATM-2,CE,3300.0,3424.9,108.0,108.0,108.0,108.0,0.0,0,328600
2026-08-24 13:30:00,ATM-2,CE,3300.0,3418.7,108.0,108.0,108.0,108.0,0.0,0,328600
2026-08-24 13:35:00,ATM-2,CE,3300.0,3418.2,108.0,108.0,108.0,108.0,0.0,0,328600
2026-08-24 13:40:00,ATM-2,CE,3300.0,3418.0,109.45,109.65,108.0,109.65,0.0,400,328400
2026-08-24 13:45:00,ATM-2,CE,3300.0,3414.6,109.65,109.65,108.0,108.0,0.0,200,328200
2026-08-24 13:50:00,ATM-2,CE,3300.0,3412.0,108.0,108.0,104.7,105.8,0.0,2400,326600
2026-08-24 13:55:00,ATM-2,CE,3300.0,3407.6,105.8,105.8,104.5,104.85,0.0,800,326200
2026-08-24 14:00:00,ATM-2,CE,3300.0,3407.1,104.85,104.85,104.4,104.4,0.0,400,326000
2026-08-24 14:05:00,ATM-2,CE,3300.0,3407.9,104.4,104.4,102.05,102.75,0.0,3600,323800
2026-08-24 14:10:00,ATM-2,CE,3300.0,3403.8,102.75,102.75,101.6,102.7,0.0,1400,322800
2026-08-24 14:15:00,ATM-2,CE,3300.0,3409.0,102.7,102.7,99.55,102.6,0.0,1800,322000
2026-08-24 14:20:00,ATM-2,CE,3300.0,3407.2,102.6,105.35,102.6,105.35,0.0,400,321600
2026-08-24 14:25:00,ATM-2,CE,3300.0,3408.3,105.35,105.35,103.1,103.1,0.0,400,321600
2026-08-24 14:30:00,ATM-2,CE,3300.0,3410.0,103.1,107.0,103.1,107.0,0.0,200,321400
2026-08-24 14:35:00,ATM-2,CE,3300.0,3409.7,107.0,107.0,107.0,107.0,0.0,0,321200
2026-08-24 14:40:00,ATM-2,CE,3300.0,3412.7,106.3,111.35,106.3,111.35,0.0,6000,321200
2026-08-24 14:45:00,ATM-2,CE,3300.0,3409.0,111.35,111.35,111.35,111.35,37.52899,0,321200
2026-08-24 14:50:00,ATM-2,CE,3300.0,3412.0,109.3,111.35,109.3,110.35,0.0,5800,319200
2026-08-24 14:55:00,ATM-2,CE,3300.0,3407.7,110.35,110.35,104.1,104.1,0.0,3800,318400
2026-08-24 15:00:00,ATM-2,CE,3300.0,3402.2,104.1,105.0,104.1,105.0,38.112801,200,317600
2026-08-24 15:05:00,ATM-2,CE,3300.0,3401.3,105.0,105.0,102.9,102.9,31.050674,600,317400
2026-08-24 15:10:00,ATM-2,CE,3300.0,3410.1,102.9,108.0,102.9,108.0,0.0,400,317400
2026-08-24 15:15:00,ATM-2,CE,3300.0,3410.1,108.0,108.0,108.0,108.0,0.0,0,317400
2026-08-24 15:20:00,ATM-2,CE,3300.0,3410.1,108.0,108.0,106.7,106.7,0.0,400,317000
2026-08-24 15:25:00,ATM-2,CE,3300.0,3414.1,106.7,106.7,106.7,106.7,0.0,0,317000
2026-08-24 15:30:00,ATM-2,CE,3300.0,3414.1,106.7,106.7,106.7,106.7,0.0,0,317000
2026-08-24 15:35:00,ATM-2,CE,3300.0,3414.1,106.7,111.55,106.7,109.4,0.0,1200,316200
2026-08-25 09:15:00,ATM-2,CE,3300.0,3407.7,104.0,104.0,99.4,99.4,0.0,2600,313600
2026-08-25 09:20:00,ATM-2,CE,3300.0,3402.3,100.85,104.15,96.85,96.85,0.0,4000,311600
2026-08-25 09:25:00,ATM-2,CE,3300.0,3409.7,98.9,107.7,96.85,107.05,0.0,37800,287400
2026-08-25 09:30:00,ATM-2,CE,3300.0,3410.6,108.25,114.75,103.85,106.85,0.0,20000,273000
2026-08-25 09:35:00,ATM-2,CE,3300.0,3408.3,107.2,107.5,103.95,107.5,0.0,3800,270000
2026-08-25 09:40:00,ATM-2,CE,3300.0,3407.9,101.15,107.5,100.15,100.15,0.0,1600,268800
2026-08-25 09:45:00,ATM-2,CE,3300.0,3408.7,103.45,103.55,100.15,103.3,0.0,1400,268000
2026-08-25 09:50:00,ATM-2,CE,3300.0,3407.1,103.3,103.3,103.3,103.3,0.0,0,268000
2026-08-25 09:55:00,ATM-2,CE,3300.0,3402.6,103.3,103.3,100.0,100.0,0.0,800,267600
2026-08-25 10:00:00,ATM-2,CE,3300.0,3402.0,100.0,100.0,93.8,93.8,0.0,1600,267200
2026-08-25 10:05:00,ATM-2,CE,3300.0,3398.0,93.8,93.9,90.85,90.85,0.0,2000,264200
2026-08-25 10:10:00,ATM-2,CE,3300.0,3400.3,93.5,95.4,90.85,95.4,0.0,1000,263600
2026-08-25 10:15:00,ATM-2,CE,3300.0,3401.6,95.4,95.4,95.4,95.4,0.0,0,263600
2026-08-25 10:20:00,ATM-2,CE,3300.0,3399.1,95.4,95.4,95.4,95.4,0.0,0,263600
2026-08-25 10:25:00,ATM-2,CE,3300.0,3401.8,95.4,95.4,95.4,95.4,0.0,0,263600
2026-08-25 10:30:00,ATM-2,CE,3300.0,3401.7,95.4,97.15,94.8,96.0,0.0,2000,262600
2026-08-25 10:35:00,ATM-2,CE,3300.0,3401.2,96.95,96.95,90.8,91.35,48.029185,10400,256400
2026-08-25 10:40:00,ATM-2,CE,3300.0,3404.5,91.35,100.0,91.35,96.85,0.0,2000,255800
2026-08-25 10:45:00,ATM-2,CE,3300.0,3404.4,102.6,104.55,96.85,100.6,0.0,2200,254600
2026-08-25 10:50:00,ATM-2,CE,3300.0,3406.2,100.6,104.85,99.55,103.6,0.0,2200,253000
2026-08-25 10:55:00,ATM-2,CE,3300.0,3404.0,103.6,103.6,102.4,102.4,0.0,200,251600
2026-08-25 11:00:00,ATM-2,CE,3300.0,3404.9,102.4,103.4,100.6,102.05,0.0,800,251200
2026-08-25 11:05:00,ATM-2,CE,3300.0,3406.7,103.0,103.75,100.85,100.85,0.0,2800,250600
2026-08-25 11:10:00,ATM-2,CE,3300.0,3412.0,106.9,108.25,100.85,108.25,0.0,800,248600
2026-08-25 11:15:00,ATM-2,CE,3300.0,3411.5,108.25,108.25,103.55,103.55,0.0,800,248000
2026-08-25 11:20:00,ATM-2,CE,3300.0,3407.4,103.55,105.3,103.55,105.3,0.0,200,247800
2026-08-25 11:25:00,ATM-2,CE,3300.0,3410.9,102.1,105.3,102.0,105.3,0.0,4600,245400
2026-08-25 11:30:00,ATM-2,CE,3300.0,3404.8,105.3,105.3,103.5,103.5,0.0,1000,245000
2026-08-25 11:35:00,ATM-2,CE,3300.0,3408.3,103.5,103.5,101.55,101.55,0.0,200,244600
2026-08-25 11:40:00,ATM-2,CE,3300.0,3408.3,101.55,103.8,101.25,103.8,0.0,800,244600
2026-08-25 11:45:00,ATM-2,CE,3300.0,3406.1,100.8,104.2,100.8,104.2,0.0,600,243600
2026-08-25 11:50:00,ATM-2,CE,3300.0,3407.0,104.2,104.2,100.1,100.1,0.0,400,243600
2026-08-25 11:55:00,ATM-2,CE,3300.0,3412.3,101.0,101.0,100.1,100.45,0.0,400,243200
2026-08-25 12:00:00,ATM-2,CE,3300.0,3413.9,100.45,106.85,100.45,106.85,0.0,200,243200
2026-08-25 12:05:00,ATM-2,CE,3300.0,3415.0,107.0,107.0,106.85,107.0,0.0,400,243000
2026-08-25 12:10:00,ATM-2,CE,3300.0,3415.7,107.0,107.65,107.0,107.65,0.0,200,242600
2026-08-25 12:15:00,ATM-2,CE,3300.0,3415.0,107.65,112.2,107.65,112.2,0.0,200,242600
2026-08-25 12:20:00,ATM-2,CE,3300.0,3418.9,112.2,113.0,112.2,113.0,0.0,1600,242600
2026-08-25 12:25:00,ATM-2,CE,3300.0,3418.4,113.0,113.0,112.85,112.85,0.0,800,243000
2026-08-25 12:30:00,ATM-2,CE,3300.0,3424.0,112.85,115.0,112.85,115.0,0.0,2000,242000
2026-08-25 12:35:00,ATM-2,CE,3300.0,3421.5,115.0,115.0,115.0,115.0,0.0,800,241600
2026-08-25 12:40:00,ATM-2,CE,3300.0,3416.0,115.0,115.7,110.8,110.8,0.0,600,241000
2026-08-25 12:45:00,ATM-2,CE,3300.0,3417.7,110.8,110.8,110.8,110.8,0.0,0,241000
2026-08-25 12:50:00,ATM-2,CE,3300.0,3417.6,110.8,110.8,110.8,110.8,0.0,0,241000
2026-08-25 12:55:00,ATM-2,CE,3300.0,3413.9,110.8,112.05,108.1,108.1,0.0,3400,239800
2026-08-25 13:00:00,ATM-2,CE,3300.0,3408.1,107.75,109.95,104.4,109.95,120.171067,8800,239200
2026-08-25 13:05:00,ATM-2,CE,3300.0,3409.4,109.95,109.95,106.0,106.0,0.0,400,238200
2026-08-25 13:10:00,ATM-2,CE,3300.0,3409.0,106.0,112.0,106.0,112.0,0.0,200,238200
2026-08-25 13:15:00,ATM-2,CE,3300.0,3407.1,112.0,112.0,98.45,102.55,0.0,20600,237400
2026-08-25 13:20:00,ATM-2,CE,3300.0,3407.6,102.55,102.55,102.55,102.55,0.0,0,237400
2026-08-25 13:25:00,ATM-2,CE,3300.0,3407.2,102.55,105.0,102.55,105.0,0.0,2600,237400
2026-08-25 13:30:00,ATM-2,CE,3300.0,3410.2,105.0,105.0,105.0,105.0,0.0,0,237400
2026-08-25 13:35:00,ATM-2,CE,3300.0,3409.8,105.0,105.0,105.0,105.0,0.0,0,237400
2026-08-25 13:40:00,ATM-2,CE,3300.0,3409.6,105.0,105.0,105.0,105.0,0.0,0,237400
2026-08-25 13:45:00,ATM-2,CE,3300.0,3410.9,105.0,105.0,105.0,105.0,0.0,0,237400
2026-08-25 13:50:00,ATM-2,CE,3300.0,3414.4,105.0,110.0,105.0,110.0,0.0,2000,237400
2026-08-25 13:55:00,ATM-2,CE,3300.0,3414.3,110.0,110.0,110.0,110.0,0.0,0,237400
2026-08-25 14:00:00,ATM-2,CE,3300.0,3419.9,110.0,115.0,110.0,115.0,0.0,4200,238200
2026-08-25 14:05:00,ATM-2,CE,3300.0,3418.7,115.0,115.0,115.0,115.0,0.0,0,238200
2026-08-25 14:10:00,ATM-2,CE,3300.0,3418.8,115.0,115.0,115.0,115.0,0.0,0,238200
2026-08-25 14:15:00,ATM-2,CE,3300.0,3422.0,115.0,115.0,115.0,115.0,0.0,0,238200
2026-08-25 14:20:00,ATM-2,CE,3300.0,3421.3,115.0,115.0,115.0,115.0,0.0,0,238200
2026-08-25 14:25:00,ATM-2,CE,3300.0,3424.0,119.15,124.75,115.0,124.75,0.0,1000,238000
2026-08-25 14:30:00,ATM-2,CE,3300.0,3424.0,118.9,124.75,68.3,118.9,0.0,600,237600
2026-08-25 14:35:00,ATM-2,CE,3300.0,3424.5,68.3,122.1,68.3,122.1,0.0,600,237200
2026-08-25 14:40:00,ATM-2,CE,3350.0,3426.9,125.8,126.25,68.3,68.3,0.0,600,88400
2026-08-25 14:45:00,ATM-2,CE,3350.0,3430.1,68.3,68.3,68.3,68.3,0.0,0,88400
2026-08-25 14:50:00,ATM-2,CE,3350.0,3433.4,68.3,68.3,68.3,68.3,0.0,0,88400
2026-08-25 14:55:00,ATM-2,CE,3350.0,3435.3,68.3,90.2,68.3,90.2,0.0,1000,88600
2026-08-25 15:00:00,ATM-2,CE,3350.0,3429.6,90.2,90.2,90.2,90.2,0.0,0,88600
2026-08-25 15:05:00,ATM-2,CE,3350.0,3436.9,90.2,90.2,90.2,90.2,0.0,0,88600
2026-08-25 15:10:00,ATM-2,CE,3350.0,3440.0,90.2,90.2,90.2,90.2,0.0,0,88600
2026-08-25 15:15:00,ATM-2,CE,3350.0,3440.0,89.0,90.2,89.0,89.0,0.0,2000,88400
2026-08-25 15:20:00,ATM-2,CE,3350.0,3440.0,89.0,89.0,89.0,89.0,0.0,0,88400
2026-08-25 15:25:00,ATM-2,CE,3350.0,3443.0,89.0,89.0,89.0,89.0,0.0,0,88400
2026-08-25 15:30:00,ATM-2,CE,3350.0,3443.0,89.0,89.0,71.25,71.25,0.0,400,87000
2026-08-25 15:35:00,ATM-2,CE,3350.0,3443.0,71.25,71.25,71.25,71.25,0.0,0,87000
2026-08-20 09:15:00,ATM-2,PE,3300.0,3401.4,2.05,4.75,2.0,4.75,21.727424,52400,682800
2026-08-20 09:20:00,ATM-2,PE,3300.0,3404.0,4.5,4.75,4.05,4.3,21.499708,56000,678000
2026-08-20 09:25:00,ATM-2,PE,3300.0,3408.0,4.1,4.3,3.7,3.95,21.566904,8800,679400
2026-08-20 09:30:00,ATM-2,PE,3300.0,3415.8,3.95,4.15,3.6,3.7,22.258436,13200,680000
2026-08-20 09:35:00,ATM-2,PE,3300.0,3420.7,3.45,3.7,3.2,3.4,22.440421,25800,681200
2026-08-20 09:40:00,ATM-2,PE,3300.0,3422.9,3.4,3.55,3.3,3.3,22.570296,10600,680800
2026-08-20 09:45:00,ATM-2,PE,3300.0,3425.0,3.3,3.3,3.2,3.2,22.681276,5800,678800
2026-08-20 09:50:00,ATM-2,PE,3300.0,3421.6,3.1,3.45,3.1,3.3,22.414626,9200,675600
2026-08-20 09:55:00,ATM-2,PE,3300.0,3420.8,3.25,3.3,2.95,3.1,21.98037,15200,669400
2026-08-20 10:00:00,ATM-2,PE,3300.0,3416.1,3.15,3.4,3.1,3.4,21.867913,5200,668200
2026-08-20 10:05:00,ATM-2,PE,3300.0,3417.8,3.45,3.5,3.3,3.35,22.01868,6600,669200
2026-08-20 10:10:00,ATM-2,PE,3300.0,3418.8,3.35,3.55,3.3,3.3,22.075366,15200,675800
2026-08-20 10:15:00,ATM-2,PE,3300.0,3422.4,3.25,3.3,3.15,3.2,22.38616,4400,675200
2026-08-20 10:20:00,ATM-2,PE,3300.0,3422.4,3.2,3.3,3.05,3.05,22.135912,5600,674000
2026-08-20 10:25:00,ATM-2,PE,3300.0,3421.5,3.25,3.25,3.05,3.25,22.367096,1800,673400
2026-08-20 10:30:00,ATM-2,PE,3300.0,3422.6,3.25,3.25,3.1,3.1,22.262214,600,673400
2026-08-20 10:35:00,ATM-2,PE,3300.0,3420.0,3.15,3.25,3.1,3.25,22.18467,400,673200
2026-08-20 10:40:00,ATM-2,PE,3300.0,3419.2,3.25,3.25,3.15,3.15,21.91887,1000,672400
2026-08-20 10:45:00,ATM-2,PE,3300.0,3422.3,3.2,3.25,3.15,3.25,22.499881,400,672400
2026-08-20 10:50:00,ATM-2,PE,3300.0,3421.5,3.05,3.25,2.95,3.0,21.974024,9400,664600
2026-08-20 10:55:00,ATM-2,PE,3300.0,3420.3,3.0,3.15,3.0,3.15,22.083352,200,664800
2026-08-20 11:00:00,ATM-2,PE,3350.0,3426.0,3.0,7.5,3.0,7.0,20.279882,5200,273200
2026-08-20 11:05:00,ATM-2,PE,3350.0,3426.8,7.05,7.05,6.8,6.85,20.261944,6600,270000
2026-08-20 11:10:00,ATM-2,PE,3350.0,3426.8,6.8,6.85,6.65,6.65,20.062876,12400,274000
2026-08-20 11:15:00,ATM-2,PE,3350.0,3425.6,3.05,7.25,2.8,6.95,20.183796,6600,274400
2026-08-20 11:20:00,ATM-2,PE,3350.0,3427.0,6.95,6.95,2.85,6.6,20.055336,6200,271600
2026-08-20 11:25:00,ATM-2,PE,3350.0,3430.3,6.55,6.6,6.2,6.25,20.212218,8200,269600
2026-08-20 11:30:00,ATM-2,PE,3350.0,3430.4,6.15,6.25,5.75,5.95,19.909665,18600,261200
2026-08-20 11:35:00,ATM-2,PE,3350.0,3433.0,6.05,6.05,5.65,5.7,20.03886,6000,258800
2026-08-20 11:40:00,ATM-2,PE,3350.0,3430.9,5.7,5.9,5.55,5.9,19.944579,6800,258200
2026-08-20 11:45:00,ATM-2,PE,3350.0,3432.2,5.9,6.0,5.85,6.0,20.261264,4200,257400
2026-08-20 11:50:00,ATM-2,PE,3350.0,3431.2,6.0,6.15,5.9,6.15,20.276137,6200,256800
2026-08-20 11:55:00,ATM-2,PE,3350.0,3434.7,6.1,6.15,5.6,5.6,20.209721,9400,254000
2026-08-20 12:00:00,ATM-2,PE,3350.0,3433.2,5.55,5.7,5.55,5.6,19.987895,2600,253400
2026-08-20 12:05:00,ATM-2,PE,3350.0,3439.5,5.65,5.65,4.9,4.9,20.113486,23000,252800
2026-08-20 12:10:00,ATM-2,PE,3350.0,3445.3,4.7,4.9,4.15,4.3,20.19441,21800,255800
2026-08-20 12:15:00,ATM-2,PE,3350.0,3447.5,4.25,4.3,4.1,4.25,20.44573,13800,253600
2026-08-20 12:20:00,ATM-2,PE,3350.0,3446.6,4.25,4.25,4.05,4.1,20.122596,7200,252200
2026-08-20 12:25:00,ATM-2,PE,3350.0,3446.0,4.15,4.2,4.05,4.05,19.976445,9000,253000
2026-08-20 12:30:00,ATM-2,PE,3350.0,3445.5,4.15,4.3,4.05,4.05,19.91237,16400,252600
2026-08-20 12:35:00,ATM-2,PE,3350.0,3446.1,4.0,4.1,4.0,4.0,19.934668,4000,252200
2026-08-20 12:40:00,ATM-2,PE,3350.0,3446.8,3.85,4.0,3.75,3.9,19.900752,13000,256000
2026-08-20 12:45:00,ATM-2,PE,3350.0,3455.7,3.65,3.9,3.1,3.1,19.924982,21400,259600
2026-08-20 12:50:00,ATM-2,PE,3350.0,3451.0,3.05,3.15,2.9,3.15,19.383969,22800,250400
2026-08-20 12:55:00,ATM-2,PE,3350.0,3442.6,3.2,3.65,3.15,3.6,18.912057,17200,255600
2026-08-20 13:00:00,ATM-2,PE,3350.0,3442.8,3.55,3.65,3.5,3.65,19.016627,3800,256800
2026-08-20 13:05:00,ATM-2,PE,3350.0,3443.1,3.65,3.65,3.45,3.45,18.778292,1600,256000
2026-08-20 13:10:00,ATM-2,PE,3350.0,3442.0,3.55,3.55,3.4,3.5,18.703899,5600,258200
2026-08-20 13:15:00,ATM-2,PE,3350.0,3441.7,3.5,3.6,3.5,3.55,18.739495,4200,257400
2026-08-20 13:20:00,ATM-2,PE,3350.0,3441.9,3.5,3.7,3.5,3.5,18.701829,5000,255600
2026-08-20 13:25:00,ATM-2,PE,3350.0,3440.5,3.6,3.65,3.5,3.65,18.724614,2000,256400
2026-08-20 13:30:00,ATM-2,PE,3350.0,3444.0,3.65,3.65,3.4,3.4,18.859364,2200,257600
2026-08-20 13:35:00,ATM-2,PE,3350.0,3444.1,3.4,3.55,3.4,3.55,19.097221,5000,257600
2026-08-20 13:40:00,ATM-2,PE,3350.0,3447.3,3.55,3.55,3.25,3.25,19.099426,3800,256600
2026-08-20 13:45:00,ATM-2,PE,3350.0,3444.4,3.25,3.5,3.2,3.5,19.078657,8600,256600
2026-08-20 13:50:00,ATM-2,PE,3350.0,3447.3,3.5,3.5,3.3,3.3,19.187385,5200,258000
2026-08-20 13:55:00,ATM-2,PE,3350.0,3445.5,3.5,3.55,3.3,3.35,19.021974,6800,259800
2026-08-20 14:00:00,ATM-2,PE,3350.0,3437.9,3.6,3.9,3.35,3.9,18.740851,7800,256800
2026-08-20 14:05:00,ATM-2,PE,3350.0,3441.1,3.7,3.9,3.5,3.6,18.786066,9000,259200
2026-08-20 14:10:00,ATM-2,PE,3350.0,3440.8,3.55,3.95,3.55,3.95,19.234613,8400,258800
2026-08-20 14:15:00,ATM-2,PE,3350.0,3439.0,3.8,4.0,3.7,3.95,18.98358,11000,258000
2026-08-20 14:20:00,ATM-2,PE,3350.0,3448.0,3.85,3.95,3.55,3.6,19.76632,8200,260200
2026-08-20 14:25:00,ATM-2,PE,3350.0,3446.3,3.6,3.9,3.6,3.9,19.963766,4400,262000
2026-08-20 14:30:00,ATM-2,PE,3350.0,3447.2,3.9,3.95,3.75,3.95,20.166894,6000,262000
2026-08-20 14:35:00,ATM-2,PE,3350.0,3451.5,3.95,4.25,3.95,4.05,20.918531,28000,250800
2026-08-20 14:40:00,ATM-2,PE,3350.0,3448.5,3.9,4.25,3.9,4.15,20.640989,7800,250400
2026-08-20 14:45:00,ATM-2,PE,3350.0,3450.2,4.15,4.15,3.95,3.95,20.608367,5200,251600
2026-08-20 14:50:00,ATM-2,PE,3350.0,3450.0,3.95,4.0,3.8,3.9,20.515998,5400,253200
2026-08-20 14:55:00,ATM-2,PE,3350.0,3452.0,3.85,3.9,3.7,3.7,20.51201,3000,254400
2026-08-20 15:00:00,ATM-2,PE,3350.0,3450.5,3.75,3.95,3.7,3.85,20.527762,13800,255800
2026-08-20 15:05:00,ATM-2,PE,3350.0,3444.4,3.75,3.9,3.75,3.85,19.676554,12400,253200
2026-08-20 15:10:00,ATM-2,PE,3350.0,3441.0,3.9,4.1,3.85,3.95,19.337251,6200,252200
2026-08-20 15:15:00,ATM-2,PE,3350.0,3441.0,4.0,4.05,3.95,4.05,19.479199,2400,251200
2026-08-20 15:20:00,ATM-2,PE,3350.0,3441.0,4.05,4.5,4.0,4.5,20.079591,2000,252200
2026-08-20 15:25:00,ATM-2,PE,3300.0,3424.8,4.25,4.5,2.8,2.8,22.433013,4400,497800
2026-08-20 15:30:00,ATM-2,PE,3300.0,3424.8,2.8,2.85,2.75,2.75,22.346751,8200,496200
2026-08-20 15:35:00,ATM-2,PE,3300.0,3424.8,2.75,2.8,2.7,2.8,22.44773,12000,494800
2026-08-21 09:15:00,ATM-2,PE,3350.0,3431.1,1.75,4.5,1.7,4.5,20.06425,24800,249200
2026-08-21 09:20:00,ATM-2,PE,3350.0,3425.9,5.0,6.45,2.85,6.0,21.071159,38600,253600
2026-08-21 09:25:00,ATM-2,PE,3300.0,3422.4,3.2,3.25,3.1,3.15,24.568659,14800,473800
2026-08-21 09:30:00,ATM-2,PE,3300.0,3424.0,2.95,5.85,2.75,2.95,24.422943,28400,472800
2026-08-21 09:35:00,ATM-2,PE,3300.0,3424.7,5.8,5.8,2.85,2.85,24.333863,9200,473400
2026-08-21 09:40:00,ATM-2,PE,3350.0,3426.6,5.35,5.5,5.0,5.2,20.25864,33200,249000
2026-08-21 09:45:00,ATM-2,PE,3350.0,3431.2,5.0,5.3,4.6,4.6,20.259949,24200,251800
2026-08-21 09:50:00,ATM-2,PE,3350.0,3430.0,4.4,4.8,4.4,4.8,20.333531,13400,250200
2026-08-21 09:55:00,ATM-2,PE,3350.0,3432.8,4.75,5.0,4.55,4.65,20.60332,7400,249400
2026-08-21 10:00:00,ATM-2,PE,3350.0,3428.1,4.55,5.15,4.55,4.95,20.22686,13600,247200
2026-08-21 10:05:00,ATM-2,PE,3350.0,3426.7,5.0,5.1,4.95,5.05,20.12676,10200,246000
2026-08-21 10:10:00,ATM-2,PE,3350.0,3431.7,4.95,5.05,4.6,4.6,20.380602,8000,250400
2026-08-21 10:15:00,ATM-2,PE,3350.0,3429.5,4.8,4.85,4.6,4.8,20.289823,4800,251800
2026-08-21 10:20:00,ATM-2,PE,3350.0,3430.0,4.85,4.95,4.75,4.8,20.380397,4600,252000
2026-08-21 10:25:00,ATM-2,PE,3350.0,3426.0,4.8,5.0,4.75,5.0,19.976863,4400,252000
2026-08-21 10:30:00,ATM-2,PE,3350.0,3426.5,5.15,5.65,4.9,5.65,20.87086,35000,271600
2026-08-21 10:35:00,ATM-2,PE,3300.0,3418.5,2.95,3.5,2.9,3.4,24.595431,8600,467800
2026-08-21 10:40:00,ATM-2,PE,3300.0,3422.5,3.5,3.5,3.2,3.2,24.822156,5800,467000
2026-08-21 10:45:00,ATM-2,PE,3300.0,3423.2,3.2,3.2,3.1,3.1,24.743291,400,466600
2026-08-21 10:50:00,ATM-2,PE,3350.0,3425.8,3.1,5.85,3.0,5.6,20.722157,5400,261000
2026-08-21 10:55:00,ATM-2,PE,3350.0,3425.2,3.05,5.9,2.95,5.7,20.746995,10800,260000
2026-08-21 11:00:00,ATM-2,PE,3300.0,3425.0,5.85,5.85,2.95,3.1,25.03249,4200,464800
2026-08-21 11:05:00,ATM-2,PE,3350.0,3426.2,5.75,5.75,5.7,5.7,20.935985,3800,263400
2026-08-21 11:10:00,ATM-2,PE,3350.0,3425.8,5.7,5.75,5.35,5.75,20.935011,8400,264200
2026-08-21 11:15:00,ATM-2,PE,3300.0,3421.4,5.65,5.9,3.1,3.4,25.101082,8400,462800
2026-08-21 11:20:00,ATM-2,PE,3300.0,3420.9,3.3,3.4,3.3,3.35,24.94584,5000,460800
2026-08-21 11:25:00,ATM-2,PE,3350.0,3428.6,3.25,6.2,3.25,5.55,21.198653,17000,272400
2026-08-21 11:30:00,ATM-2,PE,3350.0,3427.6,5.6,6.0,5.55,5.95,21.519818,7200,275200
2026-08-21 11:35:00,ATM-2,PE,3350.0,3426.0,5.9,5.95,5.9,5.95,21.249497,4200,276400
2026-08-21 11:40:00,ATM-2,PE,3350.0,3427.9,5.95,6.0,5.8,5.8,21.408193,2200,277600
2026-08-21 11:45:00,ATM-2,PE,3350.0,3430.1,5.6,5.9,5.55,5.55,21.48846,13400,279600
2026-08-21 11:50:00,ATM-2,PE,3300.0,3416.2,5.55,6.25,3.2,3.45,24.489387,11000,448600
2026-08-21 11:55:00,ATM-2,PE,3300.0,3417.7,3.8,3.8,3.45,3.65,25.077053,19400,439400
2026-08-21 12:00:00,ATM-2,PE,3300.0,3422.3,3.6,3.9,3.6,3.6,25.686777,17000,443400
2026-08-21 12:05:00,ATM-2,PE,3350.0,3426.5,3.6,7.5,3.6,6.65,22.205688,35000,279800
2026-08-21 12:10:00,ATM-2,PE,3350.0,3427.5,6.65,6.75,6.1,6.25,21.926373,9200,277400
2026-08-21 12:15:00,ATM-2,PE,3350.0,3430.1,5.75,6.25,5.75,5.9,21.969718,8600,276200
2026-08-21 12:20:00,ATM-2,PE,3350.0,3431.3,5.75,5.9,5.55,5.55,21.752864,4000,278000
2026-08-21 12:25:00,ATM-2,PE,3350.0,3436.0,5.6,5.6,5.35,5.5,22.496339,19800,283600
2026-08-21 12:30:00,ATM-2,PE,3350.0,3435.0,5.1,5.5,5.0,5.35,22.143701,14400,281000
2026-08-21 12:35:00,ATM-2,PE,3350.0,3430.5,5.35,5.9,5.35,5.9,22.073701,10000,282600
2026-08-21 12:40:00,ATM-2,PE,3350.0,3429.5,6.15,6.55,5.9,6.55,22.684403,11200,283400
2026-08-21 12:45:00,ATM-2,PE,3350.0,3427.1,6.35,6.8,6.35,6.6,22.325177,7200,283600
2026-08-21 12:50:00,ATM-2,PE,3350.0,3431.1,6.05,6.6,5.7,5.75,22.019236,10600,287000
2026-08-21 12:55:00,ATM-2,PE,3350.0,3432.6,5.7,5.9,5.7,5.8,22.348402,2200,287800
2026-08-21 13:00:00,ATM-2,PE,3350.0,3433.2,5.8,6.0,5.75,5.75,22.398182,5600,289200
2026-08-21 13:05:00,ATM-2,PE,3350.0,3429.3,5.65,6.05,5.65,6.05,22.099298,6400,290000
2026-08-21 13:10:00,ATM-2,PE,3350.0,3428.8,6.05,6.05,5.85,5.9,21.839022,4600,293200
2026-08-21 13:15:00,ATM-2,PE,3350.0,3433.0,5.9,5.95,5.45,5.55,22.138989,3200,293000
2026-08-21 13:20:00,ATM-2,PE,3350.0,3429.9,5.5,5.9,5.5,5.85,21.987009,2600,293800
2026-08-21 13:25:00,ATM-2,PE,3350.0,3429.8,5.85,6.05,5.85,6.05,22.222043,3600,295400
2026-08-21 13:30:00,ATM-2,PE,3350.0,3431.3,5.9,6.05,5.9,6.0,22.432044,17000,299400
2026-08-21 13:35:00,ATM-2,PE,3350.0,3428.2,5.95,6.7,5.95,6.5,22.493687,65000,316400
2026-08-21 13:40:00,ATM-2,PE,3350.0,3428.7,6.7,6.85,6.5,6.75,22.883884,9600,291600
2026-08-21 13:45:00,ATM-2,PE,3350.0,3427.6,6.85,7.05,6.55,6.65,22.579649,6600,290400
2026-08-21 13:50:00,ATM-2,PE,3300.0,3424.1,6.6,6.7,3.3,3.3,25.629215,9400,443000
2026-08-21 13:55:00,ATM-2,PE,3350.0,3429.8,3.3,6.7,3.3,6.05,22.275378,7600,288600
2026-08-21 14:00:00,ATM-2,PE,3350.0,3431.3,5.9,6.05,5.8,5.9,22.363022,5800,265600
2026-08-21 14:05:00,ATM-2,PE,3350.0,3433.4,5.8,5.95,5.6,5.95,22.799113,6600,264600
2026-08-21 14:10:00,ATM-2,PE,3350.0,3434.8,5.6,5.95,5.6,5.8,22.862907,9000,264400
2026-08-21 14:15:00,ATM-2,PE,3350.0,3436.1,5.75,5.8,5.3,5.4,22.582053,4400,264000
2026-08-21 14:20:00,ATM-2,PE,3350.0,3435.0,5.4,5.6,5.4,5.5,22.533319,10600,261600
2026-08-21 14:25:00,ATM-2,PE,3350.0,3437.1,5.65,5.65,5.15,5.15,22.439775,8400,259600
2026-08-21 14:30:00,ATM-2,PE,3350.0,3436.9,5.05,5.15,4.95,4.95,22.146517,3600,262600
2026-08-21 14:35:00,ATM-2,PE,3350.0,3436.5,5.3,5.35,4.95,5.15,22.356853,6400,261600
2026-08-21 14:40:00,ATM-2,PE,3350.0,3436.4,5.1,5.15,4.95,4.95,22.080715,2400,261800
2026-08-21 14:45:00,ATM-2,PE,3350.0,3438.1,5.15,5.15,4.7,4.7,22.029922,4600,261600
2026-08-21 14:50:00,ATM-2,PE,3350.0,3437.2,4.75,4.95,4.5,4.5,21.609932,15600,265000
2026-08-21 14:55:00,ATM-2,PE,3350.0,3435.3,4.6,4.7,4.5,4.7,21.582453,9000,267000
2026-08-21 15:00:00,ATM-2,PE,3350.0,3432.2,4.5,4.7,4.4,4.55,20.867389,15000,264800
2026-08-21 15:05:00,ATM-2,PE,3350.0,3432.1,4.6,4.6,4.35,4.4,20.651473,22200,267400
2026-08-21 15:10:00,ATM-2,PE,3300.0,3417.0,4.45,4.55,2.85,3.15,24.453013,12200,447400
2026-08-21 15:15:00,ATM-2,PE,3300.0,3417.0,3.1,3.15,2.9,3.0,24.174682,15600,438200
2026-08-21 15:20:00,ATM-2,PE,3300.0,3417.0,3.0,3.15,3.0,3.15,24.473189,4800,438600
2026-08-21 15:25:00,ATM-2,PE,3300.0,3412.2,3.05,3.15,2.9,3.05,23.573746,7400,439800
2026-08-21 15:30:00,ATM-2,PE,3300.0,3412.2,3.0,3.2,3.0,3.0,23.488271,11600,431000
2026-08-21 15:35:00,ATM-2,PE,3300.0,3412.2,3.0,3.15,2.75,2.75,23.009768,1800,430400
2026-08-24 09:15:00,ATM-2,PE,3300.0,3421.8,3.45,3.55,2.0,2.5,41.834061,27000,424800
2026-08-24 09:20:00,ATM-2,PE,3300.0,3414.1,2.45,2.5,2.3,2.3,39.14411,18600,417800
2026-08-24 09:25:00,ATM-2,PE,3300.0,3414.6,2.4,2.5,2.05,2.1,38.530372,33800,409800
2026-08-24 09:30:00,ATM-2,PE,3300.0,3409.8,2.05,2.2,1.95,2.2,37.754752,6800,410200
2026-08-24 09:35:00,ATM-2,PE,3300.0,3411.0,2.3,2.5,2.2,2.25,38.310504,15000,408400
2026-08-24 09:40:00,ATM-2,PE,3300.0,3409.6,2.25,2.4,2.25,2.4,38.57047,7400,407800
2026-08-24 09:45:00,ATM-2,PE,3300.0,3416.1,2.15,2.4,2.0,2.1,39.123405,7600,406400
2026-08-24 09:50:00,ATM-2,PE,3300.0,3415.0,2.1,2.15,2.1,2.15,39.101196,600,403800
2026-08-24 09:55:00,ATM-2,PE,3300.0,3419.2,2.05,2.15,2.0,2.0,39.595776,2200,402200
2026-08-24 10:00:00,ATM-2,PE,3300.0,3421.0,2.0,2.15,2.0,2.1,40.531883,3200,402600
2026-08-24 10:05:00,ATM-2,PE,3350.0,3425.1,2.15,3.8,1.85,3.8,32.931712,6400,242400
2026-08-24 10:10:00,ATM-2,PE,3350.0,3441.7,3.4,3.8,2.45,2.45,33.765106,26200,244000
2026-08-24 10:15:00,ATM-2,PE,3350.0,3440.7,2.3,2.45,2.3,2.4,33.372561,17200,239000
2026-08-24 10:20:00,ATM-2,PE,3350.0,3436.9,2.4,2.65,2.4,2.5,32.720097,4400,238800
2026-08-24 10:25:00,ATM-2,PE,3350.0,3440.0,2.65,2.7,2.45,2.5,33.613368,4200,237600
2026-08-24 10:30:00,ATM-2,PE,3350.0,3441.0,2.4,2.5,2.35,2.35,33.422201,800,237000
2026-08-24 10:35:00,ATM-2,PE,3350.0,3442.6,2.2,2.35,2.1,2.15,33.187477,8200,234600
2026-08-24 10:40:00,ATM-2,PE,3350.0,3441.9,2.15,2.25,2.1,2.1,32.865048,2400,231400
2026-08-24 10:45:00,ATM-2,PE,3350.0,3438.0,2.2,2.2,1.95,2.2,32.22779,9000,229800
2026-08-24 10:50:00,ATM-2,PE,3350.0,3437.4,2.15,2.2,2.05,2.05,31.573656,12200,226800
2026-08-24 10:55:00,ATM-2,PE,3350.0,3431.7,2.15,2.35,2.05,2.35,31.108287,5000,226400
2026-08-24 11:00:00,ATM-2,PE,3350.0,3432.0,2.3,2.5,2.15,2.35,31.235918,4400,225600
2026-08-24 11:05:00,ATM-2,PE,3350.0,3434.1,2.45,2.5,2.1,2.1,30.997758,3200,224800
2026-08-24 11:10:00,ATM-2,PE,3350.0,3433.3,2.1,2.25,2.05,2.25,31.347266,25200,225200
2026-08-24 11:15:00,ATM-2,PE,3350.0,3431.7,2.25,2.3,2.15,2.15,30.606215,5600,222000
2026-08-24 11:20:00,ATM-2,PE,3350.0,3430.9,2.15,2.25,2.15,2.15,30.42996,6600,221600
2026-08-24 11:25:00,ATM-2,PE,3350.0,3428.1,2.15,2.45,2.15,2.3,30.202521,9000,219600
2026-08-24 11:30:00,ATM-2,PE,3300.0,3424.6,2.4,2.55,1.1,1.1,37.349036,12000,381000
2026-08-24 11:35:00,ATM-2,PE,3300.0,3424.7,1.1,2.65,1.1,1.15,37.738264,13200,380800
2026-08-24 11:40:00,ATM-2,PE,3350.0,3426.8,2.75,2.85,2.5,2.85,31.692202,3400,215200
2026-08-24 11:45:00,ATM-2,PE,3350.0,3430.0,2.65,2.85,2.45,2.5,31.574789,9400,213800
2026-08-24 11:50:00,ATM-2,PE,3350.0,3430.0,2.45,2.55,2.45,2.5,31.621237,6800,215600
2026-08-24 11:55:00,ATM-2,PE,3350.0,3432.5,2.5,2.6,2.5,2.55,32.544499,5000,214200
2026-08-24 12:00:00,ATM-2,PE,3350.0,3432.1,2.45,2.6,2.45,2.6,32.640589,6000,212400
2026-08-24 12:05:00,ATM-2,PE,3350.0,3431.5,2.6,2.6,2.45,2.45,32.026341,2200,211600
2026-08-24 12:10:00,ATM-2,PE,3350.0,3429.0,2.5,2.65,2.45,2.65,32.001461,1200,210800
2026-08-24 12:15:00,ATM-2,PE,3350.0,3428.4,2.75,2.75,2.65,2.75,32.187016,1000,210200
2026-08-24 12:20:00,ATM-2,PE,3350.0,3428.2,2.75,2.75,2.5,2.5,31.384648,1200,209400
2026-08-24 12:25:00,ATM-2,PE,3350.0,3430.0,2.65,2.65,2.4,2.4,31.621592,5600,208000
2026-08-24 12:30:00,ATM-2,PE,3350.0,3429.8,2.4,2.45,2.35,2.35,31.443987,10600,208000
2026-08-24 12:35:00,ATM-2,PE,3350.0,3428.5,2.35,2.35,2.25,2.25,30.779431,1800,203800
2026-08-24 12:40:00,ATM-2,PE,3350.0,3428.2,2.25,2.4,2.25,2.35,31.078894,4200,204200
2026-08-24 12:45:00,ATM-2,PE,3350.0,3425.9,2.35,2.4,2.35,2.4,30.625134,1600,203400
2026-08-24 12:50:00,ATM-2,PE,3300.0,3420.5,2.4,2.6,1.05,1.25,38.17162,6400,375800
2026-08-24 12:55:00,ATM-2,PE,3300.0,3417.9,1.2,1.25,1.2,1.25,37.58309,3400,374400
2026-08-24 13:00:00,ATM-2,PE,3300.0,3417.4,1.25,1.3,1.25,1.3,37.803443,2400,374200
2026-08-24 13:05:00,ATM-2,PE,3300.0,3418.0,1.3,1.3,1.25,1.25,37.724455,3800,374800
2026-08-24 13:10:00,ATM-2,PE,3300.0,3416.9,1.3,1.3,1.25,1.25,37.507233,1800,374400
2026-08-24 13:15:00,ATM-2,PE,3300.0,3417.0,1.25,1.25,1.25,1.25,37.590854,0,374400
2026-08-24 13:20:00,ATM-2,PE,3300.0,3419.3,1.25,1.25,1.25,1.25,38.22769,0,374400
2026-08-24 13:25:00,ATM-2,PE,3300.0,3424.9,1.25,1.25,1.05,1.05,38.417583,9200,372200
2026-08-24 13:30:00,ATM-2,PE,3300.0,3418.7,1.05,1.05,1.0,1.05,36.958257,2000,372000
2026-08-24 13:35:00,ATM-2,PE,3300.0,3418.2,1.05,1.05,0.95,0.95,36.223064,10800,374200
2026-08-24 13:40:00,ATM-2,PE,3300.0,3418.0,0.95,0.95,0.9,0.9,35.880803,1200,372800
2026-08-24 13:45:00,ATM-2,PE,3300.0,3414.6,0.9,0.9,0.9,0.9,35.110462,0,373400
2026-08-24 13:50:00,ATM-2,PE,3300.0,3412.0,0.95,1.1,0.9,1.1,35.83857,6200,371000
2026-08-24 13:55:00,ATM-2,PE,3300.0,3407.6,1.05,1.15,1.05,1.15,35.081873,1600,368800
2026-08-24 14:00:00,ATM-2,PE,3300.0,3407.1,1.25,1.35,1.15,1.35,36.13839,2400,367800
2026-08-24 14:05:00,ATM-2,PE,3300.0,3407.9,1.3,1.35,1.25,1.25,35.851422,1600,367600
2026-08-24 14:10:00,ATM-2,PE,3300.0,3403.8,1.25,1.35,1.25,1.35,35.386439,8200,371400
2026-08-24 14:15:00,ATM-2,PE,3300.0,3409.0,1.35,1.35,1.2,1.25,36.253028,4400,369400
2026-08-24 14:20:00,ATM-2,PE,3300.0,3407.2,1.2,1.25,1.2,1.2,35.556661,3400,368600
2026-08-24 14:25:00,ATM-2,PE,3300.0,3408.3,1.2,1.25,1.15,1.15,35.604047,6000,368600
2026-08-24 14:30:00,ATM-2,PE,3300.0,3410.0,1.15,1.15,1.1,1.15,36.100386,2000,366000
2026-08-24 14:35:00,ATM-2,PE,3300.0,3409.7,1.15,1.15,1.15,1.15,36.082299,0,365600
2026-08-24 14:40:00,ATM-2,PE,3300.0,3412.7,1.15,1.15,1.1,1.1,36.603644,6200,366600
2026-08-24 14:45:00,ATM-2,PE,3300.0,3409.0,1.05,1.1,0.95,0.95,34.744334,17600,358600
2026-08-24 14:50:00,ATM-2,PE,3300.0,3412.0,0.95,0.95,0.85,0.85,34.850795,9400,358000
2026-08-24 14:55:00,ATM-2,PE,3300.0,3407.7,0.85,0.85,0.8,0.8,33.470546,1200,359000
2026-08-24 15:00:00,ATM-2,PE,3300.0,3402.2,0.75,0.8,0.75,0.75,31.783645,7800,355400
2026-08-24 15:05:00,ATM-2,PE,3300.0,3401.3,0.65,0.75,0.4,0.4,28.486322,25800,353600
2026-08-24 15:10:00,ATM-2,PE,3300.0,3410.1,0.35,0.4,0.35,0.4,30.561251,20600,347600
2026-08-24 15:15:00,ATM-2,PE,3300.0,3410.1,0.3,0.4,0.3,0.3,29.341052,13600,352200
2026-08-24 15:20:00,ATM-2,PE,3300.0,3410.1,0.35,0.35,0.3,0.3,29.390684,2000,352000
2026-08-24 15:25:00,ATM-2,PE,3300.0,3414.1,0.3,0.35,0.3,0.35,31.01272,1000,351800
2026-08-24 15:30:00,ATM-2,PE,3300.0,3414.1,0.35,0.35,0.25,0.3,30.381565,3200,350000
2026-08-24 15:35:00,ATM-2,PE,3300.0,3414.1,0.25,0.3,0.2,0.25,29.668342,11600,348000
2026-08-25 09:15:00,ATM-2,PE,3300.0,3407.7,0.3,0.75,0.3,0.65,63.372913,6000,346400
2026-08-25 09:20:00,ATM-2,PE,3300.0,3402.3,0.3,0.65,0.15,0.15,49.272894,6800,338600
2026-08-25 09:25:00,ATM-2,PE,3300.0,3409.7,0.15,0.15,0.15,0.15,52.659287,17000,322600
2026-08-25 09:30:00,ATM-2,PE,3300.0,3410.6,0.15,0.2,0.1,0.1,50.834135,20600,310200
2026-08-25 09:35:00,ATM-2,PE,3300.0,3408.3,0.2,0.2,0.1,0.1,50.26234,2000,309600
2026-08-25 09:40:00,ATM-2,PE,3300.0,3407.9,0.15,0.15,0.1,0.15,53.00001,5600,305800
2026-08-25 09:45:00,ATM-2,PE,3300.0,3408.7,0.15,0.15,0.1,0.1,51.135471,3800,304400
2026-08-25 09:50:00,ATM-2,PE,3300.0,3407.1,0.15,0.15,0.1,0.15,53.418344,6800,304000
2026-08-25 09:55:00,ATM-2,PE,3300.0,3402.6,0.15,0.15,0.15,0.15,51.866772,0,304000
2026-08-25 10:00:00,ATM-2,PE,3300.0,3402.0,0.15,0.2,0.15,0.2,53.983224,4000,303000
2026-08-25 10:05:00,ATM-2,PE,3300.0,3398.0,0.2,0.3,0.2,0.25,54.223699,4000,297800
2026-08-25 10:10:00,ATM-2,PE,3300.0,3400.3,0.3,0.3,0.15,0.15,52.026624,2000,294200
2026-08-25 10:15:00,ATM-2,PE,3300.0,3401.6,0.15,0.15,0.15,0.15,53.010998,600,293800
2026-08-25 10:20:00,ATM-2,PE,3300.0,3399.1,0.15,0.15,0.15,0.15,52.301467,0,293800
2026-08-25 10:25:00,ATM-2,PE,3300.0,3401.8,0.15,0.15,0.15,0.15,53.94716,1200,293800
2026-08-25 10:30:00,ATM-2,PE,3300.0,3401.7,0.15,0.15,0.15,0.15,54.340235,1800,291200
2026-08-25 10:35:00,ATM-2,PE,3300.0,3401.2,0.15,0.3,0.15,0.25,58.420982,9800,284400
2026-08-25 10:40:00,ATM-2,PE,3300.0,3404.5,0.25,0.25,0.1,0.1,53.816569,6800,283800
2026-08-25 10:45:00,ATM-2,PE,3300.0,3404.4,0.1,0.3,0.1,0.3,62.600328,4400,284400
2026-08-25 10:50:00,ATM-2,PE,3300.0,3406.2,0.3,0.3,0.3,0.3,64.05683,0,283000
2026-08-25 10:55:00,ATM-2,PE,3300.0,3404.0,0.3,0.3,0.3,0.3,63.500287,0,281400
2026-08-25 11:00:00,ATM-2,PE,3300.0,3404.9,0.3,0.3,0.1,0.1,55.917479,5800,281000
2026-08-25 11:05:00,ATM-2,PE,3300.0,3406.7,0.1,0.25,0.1,0.25,64.381544,2800,280800
2026-08-25 11:10:00,ATM-2,PE,3300.0,3412.0,0.25,0.25,0.1,0.1,60.281887,1000,278600
2026-08-25 11:15:00,ATM-2,PE,3300.0,3411.5,0.1,0.15,0.1,0.15,63.66532,2600,278600
2026-08-25 11:20:00,ATM-2,PE,3300.0,3407.4,0.15,0.25,0.15,0.25,66.609459,9800,270000
2026-08-25 11:25:00,ATM-2,PE,3300.0,3410.9,0.25,0.25,0.15,0.2,67.063227,2600,265800
2026-08-25 11:30:00,ATM-2,PE,3300.0,3404.8,0.2,0.2,0.2,0.2,64.561864,600,265400
2026-08-25 11:35:00,ATM-2,PE,3300.0,3408.3,0.2,0.2,0.2,0.2,67.075889,200,265000
2026-08-25 11:40:00,ATM-2,PE,3300.0,3408.3,0.2,0.2,0.15,0.15,65.308016,1000,264000
2026-08-25 11:45:00,ATM-2,PE,3300.0,3406.1,0.1,0.15,0.1,0.1,61.733902,2800,264000
2026-08-25 11:50:00,ATM-2,PE,3300.0,3407.0,0.1,0.2,0.1,0.2,68.56314,800,263600
2026-08-25 11:55:00,ATM-2,PE,3300.0,3412.3,0.2,0.2,0.1,0.1,66.298679,14600,263000
2026-08-25 12:00:00,ATM-2,PE,3300.0,3413.9,0.1,0.1,0.1,0.1,67.890562,0,261800
2026-08-25 12:05:00,ATM-2,PE,3300.0,3415.0,0.05,0.1,0.05,0.05,64.20653,1600,261800
2026-08-25 12:10:00,ATM-2,PE,3300.0,3415.7,0.05,0.05,0.05,0.05,65.330604,400,262200
2026-08-25 12:15:00,ATM-2,PE,3300.0,3415.0,0.05,0.05,0.05,0.05,65.788862,0,261800
2026-08-25 12:20:00,ATM-2,PE,3300.0,3418.9,0.05,0.1,0.05,0.05,68.60713,6800,260200
2026-08-25 12:25:00,ATM-2,PE,3300.0,3418.4,0.05,0.1,0.05,0.1,74.675184,4000,258000
2026-08-25 12:30:00,ATM-2,PE,3300.0,3424.0,0.1,0.1,0.05,0.05,73.081531,2800,255800
2026-08-25 12:35:00,ATM-2,PE,3300.0,3421.5,0.05,0.05,0.05,0.05,72.773572,0,255800
2026-08-25 12:40:00,ATM-2,PE,3300.0,3416.0,0.05,0.05,0.05,0.05,70.859622,4000,252000
2026-08-25 12:45:00,ATM-2,PE,3300.0,3417.7,0.05,0.05,0.05,0.05,72.817659,0,252000
2026-08-25 12:50:00,ATM-2,PE,3300.0,3417.6,0.05,0.05,0.05,0.05,73.855549,0,252000
2026-08-25 12:55:00,ATM-2,PE,3300.0,3413.9,0.05,0.05,0.05,0.05,72.920906,4200,250400
2026-08-25 13:00:00,ATM-2,PE,3300.0,3408.1,0.05,0.05,0.05,0.05,70.759693,16400,234800
2026-08-25 13:05:00,ATM-2,PE,3300.0,3409.4,0.05,0.05,0.05,0.05,72.687328,4400,230600
2026-08-25 13:10:00,ATM-2,PE,3300.0,3409.0,0.05,0.05,0.05,0.05,73.690501,3000,227800
2026-08-25 13:15:00,ATM-2,PE,3300.0,3407.1,0.05,0.1,0.05,0.05,73.842342,20800,212800
2026-08-25 13:20:00,ATM-2,PE,3300.0,3407.6,0.05,0.05,0.05,0.05,75.503912,0,212800
2026-08-25 13:25:00,ATM-2,PE,3300.0,3407.2,0.05,0.05,0.05,0.05,76.688794,0,212800
2026-08-25 13:30:00,ATM-2,PE,3300.0,3410.2,0.05,0.05,0.05,0.05,80.126087,2000,212800
2026-08-25 13:35:00,ATM-2,PE,3300.0,3409.8,0.05,0.05,0.05,0.05,81.515034,0,212800
2026-08-25 13:40:00,ATM-2,PE,3300.0,3409.6,0.05,0.05,0.05,0.05,83.13285,0,212800
2026-08-25 13:45:00,ATM-2,PE,3300.0,3410.9,0.05,0.05,0.05,0.05,85.884822,0,212800
2026-08-25 13:50:00,ATM-2,PE,3300.0,3414.4,0.05,0.05,0.05,0.05,0.0,600,213400
2026-08-25 13:55:00,ATM-2,PE,3300.0,3414.3,0.05,0.05,0.05,0.05,0.0,0,213400
2026-08-25 14:00:00,ATM-2,PE,3300.0,3419.9,0.05,0.05,0.05,0.05,0.0,0,213200
2026-08-25 14:05:00,ATM-2,PE,3300.0,3418.7,0.05,0.05,0.05,0.05,0.0,0,213200
2026-08-25 14:10:00,ATM-2,PE,3300.0,3418.8,0.05,0.05,0.05,0.05,0.0,0,213200
2026-08-25 14:15:00,ATM-2,PE,3300.0,3422.0,0.05,0.05,0.05,0.05,0.0,0,213200
2026-08-25 14:20:00,ATM-2,PE,3300.0,3421.3,0.05,0.05,0.05,0.05,0.0,0,213200
2026-08-25 14:25:00,ATM-2,PE,3300.0,3424.0,0.05,0.05,0.05,0.05,0.0,0,213200
2026-08-25 14:30:00,ATM-2,PE,3300.0,3424.0,0.05,0.05,0.05,0.05,0.0,1200,212600
2026-08-25 14:35:00,ATM-2,PE,3300.0,3424.5,0.05,0.05,0.05,0.05,0.0,0,212600
2026-08-25 14:40:00,ATM-2,PE,3350.0,3426.9,0.05,0.05,0.05,0.05,0.0,0,122800
2026-08-25 14:45:00,ATM-2,PE,3350.0,3430.1,0.05,0.05,0.05,0.05,0.0,0,122800
2026-08-25 14:50:00,ATM-2,PE,3350.0,3433.4,0.05,0.05,0.05,0.05,0.0,0,122800
2026-08-25 14:55:00,ATM-2,PE,3350.0,3435.3,0.05,0.05,0.05,0.05,0.0,10000,120200
2026-08-25 15:00:00,ATM-2,PE,3350.0,3429.6,0.05,0.05,0.05,0.05,0.0,200,120200
2026-08-25 15:05:00,ATM-2,PE,3350.0,3436.9,0.05,0.05,0.05,0.05,0.0,0,120000
2026-08-25 15:10:00,ATM-2,PE,3350.0,3440.0,0.05,0.05,0.05,0.05,0.0,0,120000
2026-08-25 15:15:00,ATM-2,PE,3350.0,3440.0,0.05,0.05,0.05,0.05,0.0,1800,118400
2026-08-25 15:20:00,ATM-2,PE,3350.0,3440.0,0.05,0.05,0.05,0.05,0.0,0,118400
2026-08-25 15:25:00,ATM-2,PE,3350.0,3443.0,0.05,0.05,0.05,0.05,0.0,0,118400
2026-08-25 15:30:00,ATM-2,PE,3350.0,3443.0,0.05,0.05,0.05,0.05,0.0,1200,117600
2026-08-25 15:35:00,ATM-2,PE,3350.0,3443.0,0.05,0.05,0.05,0.05,0.0,0,117600
2026-08-20 09:15:00,ATM-1,CE,3350.0,3401.4,68.4,69.4,67.15,68.15,20.180208,5600,324400
2026-08-20 09:20:00,ATM-1,CE,3350.0,3404.0,70.2,73.0,67.9,68.3,18.688568,6600,325400
2026-08-20 09:25:00,ATM-1,CE,3350.0,3408.0,69.5,73.4,68.3,70.45,17.792268,2200,325400
2026-08-20 09:30:00,ATM-1,CE,3350.0,3415.8,71.05,75.2,68.0,75.2,16.02865,5200,325200
2026-08-20 09:35:00,ATM-1,CE,3350.0,3420.7,77.65,81.55,75.2,78.0,14.085203,4000,325800
2026-08-20 09:40:00,ATM-1,CE,3350.0,3422.9,78.0,78.0,75.95,76.4,0.0,2200,325400
2026-08-20 09:45:00,ATM-1,CE,3350.0,3425.0,77.8,80.95,76.4,80.35,10.629806,2600,325000
2026-08-20 09:50:00,ATM-1,CE,3350.0,3421.6,80.35,80.35,77.5,77.5,11.746415,1400,324600
2026-08-20 09:55:00,ATM-1,CE,3350.0,3420.8,79.4,79.4,77.5,79.0,15.374189,400,324200
2026-08-20 10:00:00,ATM-1,CE,3350.0,3416.1,77.1,79.0,76.75,76.75,17.45924,600,324000
2026-08-20 10:05:00,ATM-1,CE,3350.0,3417.8,72.65,76.75,72.65,72.65,7.115047,1200,324000
2026-08-20 10:10:00,ATM-1,CE,3350.0,3418.8,72.65,72.65,72.65,72.65,0.0,400,324000
2026-08-20 10:15:00,ATM-1,CE,3350.0,3422.4,72.65,76.2,72.65,76.2,0.0,2800,324800
2026-08-20 10:20:00,ATM-1,CE,3350.0,3422.4,76.2,77.45,75.05,76.8,0.0,800,324800
2026-08-20 10:25:00,ATM-1,CE,3350.0,3421.5,75.05,76.8,74.95,74.95,0.0,800,325000
2026-08-20 10:30:00,ATM-1,CE,3350.0,3422.6,75.9,76.95,74.95,76.95,0.0,1000,324600
2026-08-20 10:35:00,ATM-1,CE,3350.0,3420.0,75.4,76.95,74.35,74.35,0.0,800,324800
2026-08-20 10:40:00,ATM-1,CE,3350.0,3419.2,74.35,74.85,74.35,74.85,10.980729,1200,324600
2026-08-20 10:45:00,ATM-1,CE,3350.0,3422.3,74.85,74.85,73.2,74.85,0.0,2000,325000
2026-08-20 10:50:00,ATM-1,CE,3350.0,3421.5,76.4,78.0,74.85,76.25,0.0,6400,324400
2026-08-20 10:55:00,ATM-1,CE,3350.0,3420.3,75.0,76.25,74.95,74.95,0.0,400,324200
2026-08-20 11:00:00,ATM-1,CE,3400.0,3426.0,74.75,77.65,38.9,40.2,13.147523,13400,755800
2026-08-20 11:05:00,ATM-1,CE,3400.0,3426.8,40.75,42.0,40.2,41.85,13.93274,10000,754200
2026-08-20 11:10:00,ATM-1,CE,3400.0,3426.8,41.85,43.1,41.85,42.55,14.440742,8200,753600
2026-08-20 11:15:00,ATM-1,CE,3400.0,3425.6,79.0,80.0,40.75,40.95,13.911852,7000,753000
2026-08-20 11:20:00,ATM-1,CE,3400.0,3427.0,41.45,79.7,40.85,42.65,14.423856,8600,752800
2026-08-20 11:25:00,ATM-1,CE,3400.0,3430.3,43.3,44.8,42.65,44.5,14.042929,13800,749600
2026-08-20 11:30:00,ATM-1,CE,3400.0,3430.4,44.75,45.35,43.8,44.45,13.957164,18000,746200
2026-08-20 11:35:00,ATM-1,CE,3400.0,3433.0,43.7,46.2,43.7,46.2,13.823558,11400,745000
2026-08-20 11:40:00,ATM-1,CE,3400.0,3430.9,45.95,46.2,44.0,44.0,13.348185,9800,743600
2026-08-20 11:45:00,ATM-1,CE,3400.0,3432.2,44.0,44.6,43.95,43.95,12.541841,8600,743800
2026-08-20 11:50:00,ATM-1,CE,3400.0,3431.2,44.5,44.9,43.95,44.55,13.6106,8400,742400
2026-08-20 11:55:00,ATM-1,CE,3400.0,3434.7,44.95,47.2,44.55,47.2,13.622089,14000,741800
2026-08-20 12:00:00,ATM-1,CE,3400.0,3433.2,47.2,47.3,46.5,46.55,14.010788,7200,741200
2026-08-20 12:05:00,ATM-1,CE,3400.0,3439.5,46.0,51.25,46.0,51.25,13.90239,42800,740000
2026-08-20 12:10:00,ATM-1,CE,3400.0,3445.3,51.25,57.5,51.25,55.7,13.731046,37600,732600
2026-08-20 12:15:00,ATM-1,CE,3400.0,3447.5,55.7,55.95,54.8,54.8,10.823595,19600,728600
2026-08-20 12:20:00,ATM-1,CE,3400.0,3446.6,56.1,56.7,54.8,55.65,12.651395,18600,731200
2026-08-20 12:25:00,ATM-1,CE,3400.0,3446.0,56.15,56.4,55.35,55.35,12.863592,16000,729400
2026-08-20 12:30:00,ATM-1,CE,3400.0,3445.5,55.0,55.35,53.6,54.9,12.838825,18400,725200
2026-08-20 12:35:00,ATM-1,CE,3400.0,3446.1,54.8,54.9,54.05,54.05,11.416506,13200,725200
2026-08-20 12:40:00,ATM-1,CE,3400.0,3446.8,55.7,56.1,54.05,56.1,12.964356,27400,722800
2026-08-20 12:45:00,ATM-1,CE,3400.0,3455.7,58.35,62.2,56.1,61.75,10.132548,57800,714200
2026-08-20 12:50:00,ATM-1,CE,3400.0,3451.0,61.75,62.9,57.9,57.9,10.848426,17600,711600
2026-08-20 12:55:00,ATM-1,CE,3400.0,3442.6,57.25,57.9,50.0,51.1,11.496181,29800,709200
2026-08-20 13:00:00,ATM-1,CE,3400.0,3442.8,52.4,52.5,50.25,51.35,11.586683,5000,709600
2026-08-20 13:05:00,ATM-1,CE,3400.0,3443.1,50.8,51.45,50.55,51.35,11.324839,6800,707600
2026-08-20 13:10:00,ATM-1,CE,3400.0,3442.0,51.9,51.95,50.55,50.55,11.472528,7400,704000
2026-08-20 13:15:00,ATM-1,CE,3400.0,3441.7,50.9,51.5,49.55,50.05,11.223491,6200,704400
2026-08-20 13:20:00,ATM-1,CE,3400.0,3441.9,49.8,50.65,48.0,50.65,11.67423,7800,703200
2026-08-20 13:25:00,ATM-1,CE,3400.0,3440.5,50.5,50.9,49.15,49.15,11.35328,5600,704000
2026-08-20 13:30:00,ATM-1,CE,3400.0,3444.0,50.05,51.0,49.15,51.0,10.043077,5400,705000
2026-08-20 13:35:00,ATM-1,CE,3400.0,3444.1,51.1,51.1,50.05,50.05,8.541247,8400,704800
2026-08-20 13:40:00,ATM-1,CE,3400.0,3447.3,50.4,52.45,49.9,52.45,7.188857,5400,702600
2026-08-20 13:45:00,ATM-1,CE,3400.0,3444.4,52.0,53.25,49.75,50.15,8.242576,13200,703200
2026-08-20 13:50:00,ATM-1,CE,3400.0,3447.3,49.55,52.1,49.55,51.75,0.0,4800,702200
2026-08-20 13:55:00,ATM-1,CE,3400.0,3445.5,49.05,51.75,49.0,51.15,8.208428,5600,702400
2026-08-20 14:00:00,ATM-1,CE,3400.0,3437.9,49.25,51.15,45.55,46.05,10.467605,14600,702200
2026-08-20 14:05:00,ATM-1,CE,3400.0,3441.1,46.8,48.95,46.05,48.6,10.265312,9000,698400
2026-08-20 14:10:00,ATM-1,CE,3400.0,3440.8,48.3,48.6,46.6,46.6,7.906625,5000,697600
2026-08-20 14:15:00,ATM-1,CE,3400.0,3439.0,47.65,47.65,45.85,46.6,10.069031,19200,697200
2026-08-20 14:20:00,ATM-1,CE,3400.0,3448.0,47.0,52.3,46.6,52.1,0.0,13400,696800
2026-08-20 14:25:00,ATM-1,CE,3400.0,3446.3,51.15,52.1,50.45,51.4,7.029908,5200,695400
2026-08-20 14:30:00,ATM-1,CE,3400.0,3447.2,51.4,55.0,50.0,53.35,9.370303,6400,693400
2026-08-20 14:35:00,ATM-1,CE,3400.0,3451.5,53.4,56.8,53.05,56.5,7.273549,13400,693600
2026-08-20 14:40:00,ATM-1,CE,3400.0,3448.5,58.15,58.15,53.4,53.4,6.541411,11000,693400
2026-08-20 14:45:00,ATM-1,CE,3400.0,3450.2,53.9,55.3,53.4,55.3,7.515365,12400,682400
2026-08-20 14:50:00,ATM-1,CE,3400.0,3450.0,55.3,55.35,54.3,55.35,8.20507,2800,682600
2026-08-20 14:55:00,ATM-1,CE,3400.0,3452.0,54.35,55.45,54.05,55.45,0.0,13800,677400
2026-08-20 15:00:00,ATM-1,CE,3400.0,3450.5,55.0,55.45,50.75,53.7,0.0,15400,678000
2026-08-20 15:05:00,ATM-1,CE,3400.0,3444.4,53.45,53.7,48.7,49.1,4.680477,13600,676400
2026-08-20 15:10:00,ATM-1,CE,3400.0,3441.0,50.0,51.5,48.8,51.35,13.200387,7600,675800
2026-08-20 15:15:00,ATM-1,CE,3400.0,3441.0,50.9,51.35,49.65,49.65,11.581499,5000,675400
2026-08-20 15:20:00,ATM-1,CE,3400.0,3441.0,49.5,49.65,48.05,49.1,11.015443,7800,675600
2026-08-20 15:25:00,ATM-1,CE,3350.0,3424.8,48.8,90.95,48.45,90.95,24.70792,5600,305600
2026-08-20 15:30:00,ATM-1,CE,3350.0,3424.8,90.95,90.95,89.05,89.15,23.100882,600,305600
2026-08-20 15:35:00,ATM-1,CE,3350.0,3424.8,89.15,89.65,89.15,89.65,23.568647,1600,306800
2026-08-21 09:15:00,ATM-1,CE,3400.0,3431.1,51.55,56.9,43.15,43.15,14.369105,21800,667000
2026-08-21 09:20:00,ATM-1,CE,3400.0,3425.9,40.25,79.05,35.4,36.0,11.610605,27000,666200
2026-08-21 09:25:00,ATM-1,CE,3350.0,3422.4,72.65,75.1,70.95,72.95,0.0,2000,308400
2026-08-21 09:30:00,ATM-1,CE,3350.0,3424.0,74.0,74.0,35.15,73.95,0.0,14200,308000
2026-08-21 09:35:00,ATM-1,CE,3350.0,3424.7,34.0,75.0,34.0,75.0,0.0,10200,307800
2026-08-21 09:40:00,ATM-1,CE,3400.0,3426.6,35.0,36.85,34.35,35.1,10.338003,21400,665200
2026-08-21 09:45:00,ATM-1,CE,3400.0,3431.2,35.45,39.0,35.1,39.0,10.537338,25000,663200
2026-08-21 09:50:00,ATM-1,CE,3400.0,3430.0,39.35,40.45,37.0,37.15,9.64108,13000,663000
2026-08-21 09:55:00,ATM-1,CE,3400.0,3432.8,36.6,37.75,35.7,37.45,6.63511,7200,662800
2026-08-21 10:00:00,ATM-1,CE,3400.0,3428.1,37.9,38.4,33.0,34.0,7.8783,16000,664200
2026-08-21 10:05:00,ATM-1,CE,3400.0,3426.7,33.9,34.35,33.85,34.35,9.567546,7600,665400
2026-08-21 10:10:00,ATM-1,CE,3400.0,3431.7,35.0,36.1,34.35,36.1,5.932875,9600,663200
2026-08-21 10:15:00,ATM-1,CE,3400.0,3429.5,36.1,36.5,35.85,36.5,9.422308,3400,664800
2026-08-21 10:20:00,ATM-1,CE,3400.0,3430.0,36.2,36.6,35.9,36.6,9.070994,5800,664600
2026-08-21 10:25:00,ATM-1,CE,3400.0,3426.0,36.7,36.7,35.6,36.05,11.677653,4200,662200
2026-08-21 10:30:00,ATM-1,CE,3400.0,3426.5,35.7,36.05,34.15,34.4,9.809093,13400,663200
2026-08-21 10:35:00,ATM-1,CE,3350.0,3418.5,72.15,73.2,66.6,67.9,0.0,38600,328000
2026-08-21 10:40:00,ATM-1,CE,3350.0,3422.5,67.7,70.5,67.7,70.5,0.0,3800,328000
2026-08-21 10:45:00,ATM-1,CE,3350.0,3423.2,70.5,70.5,70.5,70.5,0.0,0,328000
2026-08-21 10:50:00,ATM-1,CE,3400.0,3425.8,71.45,71.45,33.45,35.0,10.915805,2800,660000
2026-08-21 10:55:00,ATM-1,CE,3400.0,3425.2,73.65,74.0,34.25,34.5,10.889102,4000,659000
2026-08-21 11:00:00,ATM-1,CE,3350.0,3425.0,34.8,74.15,34.5,74.0,0.0,1000,328000
2026-08-21 11:05:00,ATM-1,CE,3400.0,3426.2,34.3,34.65,33.95,33.95,9.649709,6400,658000
2026-08-21 11:10:00,ATM-1,CE,3400.0,3425.8,34.85,35.75,33.95,35.5,11.39034,1600,657800
2026-08-21 11:15:00,ATM-1,CE,3350.0,3421.4,35.5,73.5,33.0,69.5,0.0,5800,329000
2026-08-21 11:20:00,ATM-1,CE,3350.0,3420.9,70.1,70.25,69.5,69.75,0.0,3200,332000
2026-08-21 11:25:00,ATM-1,CE,3400.0,3428.6,71.7,71.7,33.0,35.3,9.024306,12600,660000
2026-08-21 11:30:00,ATM-1,CE,3400.0,3427.6,35.95,35.95,34.0,34.85,9.441175,8800,659600
2026-08-21 11:35:00,ATM-1,CE,3400.0,3426.0,34.85,34.85,33.5,33.85,9.748765,2200,659800
2026-08-21 11:40:00,ATM-1,CE,3400.0,3427.9,33.5,34.6,33.5,34.6,8.918396,3600,659800
2026-08-21 11:45:00,ATM-1,CE,3400.0,3430.1,35.95,37.6,34.4,36.7,9.206275,14000,659600
2026-08-21 11:50:00,ATM-1,CE,3350.0,3416.2,36.75,74.25,34.35,71.2,12.536854,4600,331600
2026-08-21 11:55:00,ATM-1,CE,3350.0,3417.7,66.65,71.2,66.65,67.85,0.0,6400,337200
2026-08-21 12:00:00,ATM-1,CE,3350.0,3422.3,67.1,70.2,67.1,70.0,0.0,7400,339000
2026-08-21 12:05:00,ATM-1,CE,3400.0,3426.5,70.05,70.05,31.25,34.6,10.130077,12000,665000
2026-08-21 12:10:00,ATM-1,CE,3400.0,3427.5,34.6,36.15,33.3,34.9,9.631644,5600,664800
2026-08-21 12:15:00,ATM-1,CE,3400.0,3430.1,35.2,37.25,34.9,36.65,9.190594,12600,667000
2026-08-21 12:20:00,ATM-1,CE,3400.0,3431.3,35.85,37.35,35.85,37.0,8.347103,5600,665200
2026-08-21 12:25:00,ATM-1,CE,3400.0,3436.0,37.1,39.7,37.0,39.25,0.0,5000,664000
2026-08-21 12:30:00,ATM-1,CE,3400.0,3435.0,42.0,43.5,39.25,40.3,8.377676,23800,660800
2026-08-21 12:35:00,ATM-1,CE,3400.0,3430.5,40.3,40.4,36.45,36.9,9.113929,11600,661000
2026-08-21 12:40:00,ATM-1,CE,3400.0,3429.5,36.4,36.9,33.45,34.2,6.547221,13600,662000
2026-08-21 12:45:00,ATM-1,CE,3400.0,3427.1,34.6,35.15,32.85,33.0,7.931023,5800,663000
2026-08-21 12:50:00,ATM-1,CE,3400.0,3431.1,35.5,36.15,33.0,36.1,7.325984,11600,662600
2026-08-21 12:55:00,ATM-1,CE,3400.0,3432.6,36.1,36.1,35.35,35.35,0.0,4200,662000
2026-08-21 13:00:00,ATM-1,CE,3400.0,3433.2,35.0,35.35,34.65,35.05,0.0,5800,662800
2026-08-21 13:05:00,ATM-1,CE,3400.0,3429.3,35.85,36.0,33.85,34.15,6.823631,7800,663400
2026-08-21 13:10:00,ATM-1,CE,3400.0,3428.8,34.15,35.0,34.15,34.35,7.802382,3200,663600
2026-08-21 13:15:00,ATM-1,CE,3400.0,3433.0,34.35,35.5,34.35,35.5,0.0,3000,662800
2026-08-21 13:20:00,ATM-1,CE,3400.0,3429.9,36.6,37.35,34.75,34.85,7.106213,6600,662800
2026-08-21 13:25:00,ATM-1,CE,3400.0,3429.8,34.5,35.0,34.5,34.8,7.179643,4600,663000
2026-08-21 13:30:00,ATM-1,CE,3400.0,3431.3,35.5,36.05,34.55,35.35,5.278432,11400,664000
2026-08-21 13:35:00,ATM-1,CE,3400.0,3428.2,35.95,36.05,33.6,34.5,8.672822,30000,666200
2026-08-21 13:40:00,ATM-1,CE,3400.0,3428.7,35.15,35.4,34.5,34.85,8.590203,18800,666000
2026-08-21 13:45:00,ATM-1,CE,3400.0,3427.6,35.05,35.05,34.35,34.4,9.142794,3400,666000
2026-08-21 13:50:00,ATM-1,CE,3350.0,3424.1,34.15,73.05,33.75,70.9,0.0,9600,361000
2026-08-21 13:55:00,ATM-1,CE,3400.0,3429.8,70.8,70.95,32.6,36.15,9.04448,10000,664000
2026-08-21 14:00:00,ATM-1,CE,3400.0,3431.3,36.6,37.45,36.05,36.5,7.78228,3400,664600
2026-08-21 14:05:00,ATM-1,CE,3400.0,3433.4,36.5,37.65,36.5,37.65,6.26279,4400,664600
2026-08-21 14:10:00,ATM-1,CE,3400.0,3434.8,37.0,38.6,36.85,38.55,0.0,8000,664600
2026-08-21 14:15:00,ATM-1,CE,3400.0,3436.1,39.0,40.05,38.55,39.65,0.0,8200,664200
2026-08-21 14:20:00,ATM-1,CE,3400.0,3435.0,39.65,39.65,37.25,37.25,0.0,9200,664000
2026-08-21 14:25:00,ATM-1,CE,3400.0,3437.1,37.2,40.0,37.2,39.5,0.0,5600,663200
2026-08-21 14:30:00,ATM-1,CE,3400.0,3436.9,40.6,40.6,38.4,39.1,0.0,11400,663000
2026-08-21 14:35:00,ATM-1,CE,3400.0,3436.5,38.0,39.3,37.6,38.5,0.0,4400,664000
2026-08-21 14:40:00,ATM-1,CE,3400.0,3436.4,38.85,39.1,38.35,38.35,0.0,2400,664000
2026-08-21 14:45:00,ATM-1,CE,3400.0,3438.1,38.0,39.85,38.0,39.85,0.0,3400,664200
2026-08-21 14:50:00,ATM-1,CE,3400.0,3437.2,40.4,40.4,38.0,38.75,0.0,13000,663800
2026-08-21 14:55:00,ATM-1,CE,3400.0,3435.3,38.8,38.8,37.6,38.55,0.0,8000,665600
2026-08-21 15:00:00,ATM-1,CE,3400.0,3432.2,38.45,39.55,34.55,35.0,0.0,39000,663200
2026-08-21 15:05:00,ATM-1,CE,3400.0,3432.1,36.0,38.75,35.0,38.15,9.183349,22600,664400
2026-08-21 15:10:00,ATM-1,CE,3350.0,3417.0,38.5,82.7,37.65,77.65,21.142457,18800,377000
2026-08-21 15:15:00,ATM-1,CE,3350.0,3417.0,77.65,78.7,77.65,77.8,21.319214,2800,378000
2026-08-21 15:20:00,ATM-1,CE,3350.0,3417.0,78.55,80.45,77.8,79.7,23.33432,1200,378000
2026-08-21 15:25:00,ATM-1,CE,3350.0,3412.2,79.9,80.15,78.3,78.3,25.648577,4800,377400
2026-08-21 15:30:00,ATM-1,CE,3350.0,3412.2,77.1,78.3,75.3,75.75,23.24736,11000,380200
2026-08-21 15:35:00,ATM-1,CE,3350.0,3412.2,75.5,76.9,75.45,76.9,24.366415,3000,381000
2026-08-24 09:15:00,ATM-1,CE,3400.0,3434.9,39.75,44.35,37.15,41.9,23.091255,10400,640400
2026-08-24 09:20:00,ATM-1,CE,3350.0,3414.1,66.05,68.85,66.0,68.6,28.111896,2200,185200
2026-08-24 09:25:00,ATM-1,CE,3350.0,3414.6,67.0,68.6,64.7,67.2,22.700932,5400,184000
2026-08-24 09:30:00,ATM-1,CE,3350.0,3409.8,66.95,68.25,63.25,63.35,24.436977,5800,180600
2026-08-24 09:35:00,ATM-1,CE,3350.0,3411.0,63.35,63.35,59.65,62.9,18.921553,2800,182000
2026-08-24 09:40:00,ATM-1,CE,3350.0,3409.6,63.4,63.75,60.25,60.25,0.0,3800,181200
2026-08-24 09:45:00,ATM-1,CE,3350.0,3416.1,64.75,70.3,60.25,68.1,20.735958,3800,182200
2026-08-24 09:50:00,ATM-1,CE,3350.0,3415.0,67.3,69.3,67.1,67.8,23.732035,1200,182400
2026-08-24 09:55:00,ATM-1,CE,3350.0,3419.2,66.95,74.25,66.95,71.45,22.743027,1800,182200
2026-08-24 10:00:00,ATM-1,CE,3350.0,3421.0,70.95,74.15,70.95,74.15,26.626737,1600,183200
2026-08-24 10:05:00,ATM-1,CE,3400.0,3425.1,73.7,75.55,32.45,33.55,21.981483,22200,607600
2026-08-24 10:10:00,ATM-1,CE,3400.0,3441.7,35.95,50.2,33.55,48.85,26.265768,145000,609200
2026-08-24 10:15:00,ATM-1,CE,3400.0,3440.7,49.55,50.0,44.5,45.9,22.313914,39400,600600
2026-08-24 10:20:00,ATM-1,CE,3400.0,3436.9,46.1,46.1,39.55,41.25,19.354562,9200,600000
2026-08-24 10:25:00,ATM-1,CE,3400.0,3440.0,41.65,45.4,41.25,44.7,21.140637,7600,598400
2026-08-24 10:30:00,ATM-1,CE,3400.0,3441.0,45.35,46.6,43.8,46.6,23.313468,11200,596600
2026-08-24 10:35:00,ATM-1,CE,3400.0,3442.6,47.15,49.65,46.4,49.5,26.35127,13800,594400
2026-08-24 10:40:00,ATM-1,CE,3400.0,3441.9,48.75,49.5,46.85,48.35,25.317459,6200,594800
2026-08-24 10:45:00,ATM-1,CE,3400.0,3438.0,48.0,49.35,45.35,45.85,26.408391,24200,595800
2026-08-24 10:50:00,ATM-1,CE,3400.0,3437.4,45.95,47.2,45.0,46.75,28.705555,10200,594400
2026-08-24 10:55:00,ATM-1,CE,3400.0,3431.7,46.0,46.75,39.9,39.9,24.628325,17600,592800
2026-08-24 11:00:00,ATM-1,CE,3400.0,3432.0,39.9,44.05,39.45,40.4,25.111269,9800,591600
2026-08-24 11:05:00,ATM-1,CE,3400.0,3434.1,39.9,42.45,38.2,42.45,25.904459,6800,591000
2026-08-24 11:10:00,ATM-1,CE,3400.0,3433.3,41.85,43.05,41.55,42.1,26.360323,5600,589200
2026-08-24 11:15:00,ATM-1,CE,3400.0,3431.7,41.2,42.1,40.0,40.95,26.472475,5800,588000
2026-08-24 11:20:00,ATM-1,CE,3400.0,3430.9,41.0,41.0,38.25,39.2,24.669807,13200,587800
2026-08-24 11:25:00,ATM-1,CE,3400.0,3428.1,38.3,39.2,36.25,36.6,23.885459,14600,584400
2026-08-24 11:30:00,ATM-1,CE,3350.0,3424.6,35.85,78.4,32.5,78.4,30.587499,14600,187600
2026-08-24 11:35:00,ATM-1,CE,3350.0,3424.7,77.15,78.9,33.45,78.9,31.838293,14800,203200
2026-08-24 11:40:00,ATM-1,CE,3400.0,3426.8,33.4,35.2,32.75,32.75,19.280047,9800,580200
2026-08-24 11:45:00,ATM-1,CE,3400.0,3430.0,33.15,35.3,32.75,33.2,15.105067,5000,579400
2026-08-24 11:50:00,ATM-1,CE,3400.0,3430.0,34.85,34.85,32.05,32.2,12.544117,10400,580600
2026-08-24 11:55:00,ATM-1,CE,3400.0,3432.5,30.6,33.3,30.6,32.35,0.0,9800,578600
2026-08-24 12:00:00,ATM-1,CE,3400.0,3432.1,33.6,33.6,31.5,31.6,0.0,3400,577200
2026-08-24 12:05:00,ATM-1,CE,3400.0,3431.5,31.6,32.1,30.05,31.1,0.0,5000,575800
2026-08-24 12:10:00,ATM-1,CE,3400.0,3429.0,31.0,31.1,29.0,29.0,0.0,3400,574400
2026-08-24 12:15:00,ATM-1,CE,3400.0,3428.4,29.0,29.6,27.85,27.85,0.0,3800,573000
2026-08-24 12:20:00,ATM-1,CE,3400.0,3428.2,27.45,28.85,26.4,28.8,0.0,8600,571600
2026-08-24 12:25:00,ATM-1,CE,3400.0,3430.0,27.65,31.1,27.65,29.55,0.0,5200,569600
2026-08-24 12:30:00,ATM-1,CE,3400.0,3429.8,29.65,29.65,27.9,28.3,0.0,8000,569200
2026-08-24 12:35:00,ATM-1,CE,3400.0,3428.5,28.6,28.8,27.45,27.45,0.0,8200,565200
2026-08-24 12:40:00,ATM-1,CE,3400.0,3428.2,27.05,27.75,26.8,27.65,0.0,11400,566400
2026-08-24 12:45:00,ATM-1,CE,3400.0,3425.9,27.65,27.65,25.55,25.55,0.0,11800,565400
2026-08-24 12:50:00,ATM-1,CE,3350.0,3420.5,25.2,67.3,24.45,64.6,0.0,7400,188800
2026-08-24 12:55:00,ATM-1,CE,3350.0,3417.9,64.6,64.6,61.3,62.1,0.0,1600,187800
2026-08-24 13:00:00,ATM-1,CE,3350.0,3417.4,62.1,63.2,60.15,60.3,0.0,1000,187200
2026-08-24 13:05:00,ATM-1,CE,3350.0,3418.0,60.15,61.25,59.7,61.25,0.0,1600,186000
2026-08-24 13:10:00,ATM-1,CE,3350.0,3416.9,61.1,61.5,60.6,61.5,0.0,3200,185200
2026-08-24 13:15:00,ATM-1,CE,3350.0,3417.0,61.05,61.5,60.35,60.35,0.0,600,185200
2026-08-24 13:20:00,ATM-1,CE,3350.0,3419.3,60.35,61.5,60.35,61.5,0.0,200,185200
2026-08-24 13:25:00,ATM-1,CE,3350.0,3424.9,61.5,66.8,61.5,66.8,0.0,800,185000
2026-08-24 13:30:00,ATM-1,CE,3350.0,3418.7,66.8,66.8,62.65,62.65,0.0,1200,184400
2026-08-24 13:35:00,ATM-1,CE,3350.0,3418.2,62.65,63.95,62.65,63.95,0.0,200,184400
2026-08-24 13:40:00,ATM-1,CE,3350.0,3418.0,61.75,63.95,60.9,62.65,0.0,1200,184000
2026-08-24 13:45:00,ATM-1,CE,3350.0,3414.6,62.65,62.65,61.4,61.75,0.0,400,183800
2026-08-24 13:50:00,ATM-1,CE,3350.0,3412.0,61.75,61.75,58.15,58.15,0.0,600,183600
2026-08-24 13:55:00,ATM-1,CE,3350.0,3407.6,57.85,59.35,55.05,55.7,0.0,2600,182600
2026-08-24 14:00:00,ATM-1,CE,3350.0,3407.1,55.7,57.4,55.7,56.15,0.0,2400,184200
2026-08-24 14:05:00,ATM-1,CE,3350.0,3407.9,55.1,56.15,55.0,55.2,0.0,1200,184000
2026-08-24 14:10:00,ATM-1,CE,3350.0,3403.8,55.2,55.3,53.3,53.3,0.0,2200,183200
2026-08-24 14:15:00,ATM-1,CE,3350.0,3409.0,52.25,57.25,52.25,57.25,0.0,1600,183800
2026-08-24 14:20:00,ATM-1,CE,3350.0,3407.2,60.0,60.0,55.5,55.5,0.0,2000,183400
2026-08-24 14:25:00,ATM-1,CE,3350.0,3408.3,57.3,57.55,55.1,57.55,0.0,7000,182400
2026-08-24 14:30:00,ATM-1,CE,3350.0,3410.0,57.4,58.85,57.4,58.85,0.0,600,182000
2026-08-24 14:35:00,ATM-1,CE,3350.0,3409.7,58.3,60.0,58.3,60.0,0.0,2000,180600
2026-08-24 14:40:00,ATM-1,CE,3350.0,3412.7,60.0,65.25,60.0,64.8,23.114129,8400,181000
2026-08-24 14:45:00,ATM-1,CE,3350.0,3409.0,64.8,64.8,61.85,61.85,24.972851,2600,179200
2026-08-24 14:50:00,ATM-1,CE,3350.0,3412.0,61.85,63.3,61.85,62.0,0.0,800,179400
2026-08-24 14:55:00,ATM-1,CE,3350.0,3407.7,61.9,62.0,60.45,61.35,27.160455,2800,178800
2026-08-24 15:00:00,ATM-1,CE,3350.0,3402.2,61.35,61.35,57.45,57.45,29.44497,400,178800
2026-08-24 15:05:00,ATM-1,CE,3350.0,3401.3,55.6,58.6,54.6,58.6,33.62735,3400,176600
2026-08-24 15:10:00,ATM-1,CE,3350.0,3410.1,58.7,61.3,58.6,61.3,17.178931,2000,175800
2026-08-24 15:15:00,ATM-1,CE,3350.0,3410.1,61.3,62.4,61.3,62.4,23.58443,600,175600
2026-08-24 15:20:00,ATM-1,CE,3350.0,3410.1,62.4,62.45,60.9,62.45,23.837339,600,175400
2026-08-24 15:25:00,ATM-1,CE,3350.0,3414.1,61.65,62.45,61.65,61.65,0.0,400,175200
2026-08-24 15:30:00,ATM-1,CE,3350.0,3414.1,61.65,62.45,61.65,62.0,0.0,1200,174600
2026-08-24 15:35:00,ATM-1,CE,3350.0,3414.1,62.0,62.5,62.0,62.4,0.0,800,174400
2026-08-25 09:15:00,ATM-1,CE,3350.0,3407.7,50.15,54.1,50.0,52.0,0.0,3600,108400
2026-08-25 09:20:00,ATM-1,CE,3350.0,3402.3,52.4,59.25,49.4,49.4,0.0,2000,107400
2026-08-25 09:25:00,ATM-1,CE,3350.0,3409.7,49.8,49.8,49.4,49.8,0.0,800,107400
2026-08-25 09:30:00,ATM-1,CE,3350.0,3410.6,60.1,64.4,49.8,56.55,0.0,5200,106600
2026-08-25 09:35:00,ATM-1,CE,3350.0,3408.3,54.9,58.6,54.9,58.35,0.0,800,106400
2026-08-25 09:40:00,ATM-1,CE,3350.0,3407.9,58.35,58.35,58.35,58.35,32.597334,0,106200
2026-08-25 09:45:00,ATM-1,CE,3350.0,3408.7,58.35,59.95,56.2,56.2,0.0,600,106000
2026-08-25 09:50:00,ATM-1,CE,3350.0,3407.1,56.2,56.2,56.2,56.2,0.0,0,106000
2026-08-25 09:55:00,ATM-1,CE,3350.0,3402.6,56.2,56.2,56.2,56.2,56.388995,0,105600
2026-08-25 10:00:00,ATM-1,CE,3350.0,3402.0,50.05,56.2,46.8,46.8,0.0,2200,104600
2026-08-25 10:05:00,ATM-1,CE,3350.0,3398.0,46.8,46.8,44.95,44.95,0.0,400,103600
2026-08-25 10:10:00,ATM-1,CE,3350.0,3400.3,44.95,44.95,44.95,44.95,0.0,0,103600
2026-08-25 10:15:00,ATM-1,CE,3350.0,3401.6,45.9,46.25,44.8,45.55,0.0,1600,103200
2026-08-25 10:20:00,ATM-1,CE,3350.0,3399.1,45.9,45.9,45.55,45.8,0.0,1000,102600
2026-08-25 10:25:00,ATM-1,CE,3350.0,3401.8,46.15,48.15,45.8,45.95,0.0,2200,101600
2026-08-25 10:30:00,ATM-1,CE,3350.0,3401.7,46.15,47.35,45.95,46.4,0.0,2600,100400
2026-08-25 10:35:00,ATM-1,CE,3350.0,3401.2,46.4,46.9,44.3,45.5,0.0,6400,95400
2026-08-25 10:40:00,ATM-1,CE,3350.0,3404.5,46.0,52.0,45.5,52.0,0.0,1000,94800
2026-08-25 10:45:00,ATM-1,CE,3350.0,3404.4,52.0,54.15,52.0,53.0,0.0,1000,94400
2026-08-25 10:50:00,ATM-1,CE,3350.0,3406.2,52.9,54.0,52.9,54.0,0.0,600,93800
2026-08-25 10:55:00,ATM-1,CE,3350.0,3404.0,54.0,54.0,53.2,53.2,0.0,200,93600
2026-08-25 11:00:00,ATM-1,CE,3350.0,3404.9,53.2,53.2,53.2,53.2,0.0,0,93600
2026-08-25 11:05:00,ATM-1,CE,3350.0,3406.7,53.2,53.2,53.2,53.2,0.0,0,93600
2026-08-25 11:10:00,ATM-1,CE,3350.0,3412.0,53.2,59.35,53.2,58.0,0.0,400,93200
2026-08-25 11:15:00,ATM-1,CE,3350.0,3411.5,58.0,58.0,58.0,58.0,0.0,0,93200
2026-08-25 11:20:00,ATM-1,CE,3350.0,3407.4,58.0,58.0,58.0,58.0,42.645079,0,93200
2026-08-25 11:25:00,ATM-1,CE,3350.0,3410.9,58.0,58.0,51.55,51.55,0.0,400,92800
2026-08-25 11:30:00,ATM-1,CE,3350.0,3404.8,51.55,53.4,51.55,51.9,0.0,1600,92000
2026-08-25 11:35:00,ATM-1,CE,3350.0,3408.3,51.9,51.9,51.9,51.9,0.0,0,92000
2026-08-25 11:40:00,ATM-1,CE,3350.0,3408.3,51.9,53.8,51.9,53.15,0.0,400,91600
2026-08-25 11:45:00,ATM-1,CE,3350.0,3406.1,53.65,53.65,53.15,53.65,0.0,200,91400
2026-08-25 11:50:00,ATM-1,CE,3350.0,3407.0,53.65,53.65,53.65,53.65,0.0,0,91400
2026-08-25 11:55:00,ATM-1,CE,3350.0,3412.3,53.65,57.0,53.65,57.0,0.0,400,91200
2026-08-25 12:00:00,ATM-1,CE,3350.0,3413.9,57.0,57.0,57.0,57.0,0.0,0,91200
2026-08-25 12:05:00,ATM-1,CE,3350.0,3415.0,57.0,57.0,57.0,57.0,0.0,0,91200
2026-08-25 12:10:00,ATM-1,CE,3350.0,3415.7,57.0,57.0,57.0,57.0,0.0,0,91200
2026-08-25 12:15:00,ATM-1,CE,3350.0,3415.0,57.0,57.0,57.0,57.0,0.0,0,91200
2026-08-25 12:20:00,ATM-1,CE,3350.0,3418.9,57.0,57.0,57.0,57.0,0.0,0,91200
2026-08-25 12:25:00,ATM-1,CE,3350.0,3418.4,57.0,66.5,57.0,66.5,0.0,800,91000
2026-08-25 12:30:00,ATM-1,CE,3350.0,3424.0,66.5,66.5,64.5,64.5,0.0,1600,90200
2026-08-25 12:35:00,ATM-1,CE,3350.0,3421.5,67.4,67.4,64.5,67.4,0.0,200,90200
2026-08-25 12:40:00,ATM-1,CE,3350.0,3416.0,67.4,67.4,67.4,67.4,71.363034,0,90200
2026-08-25 12:45:00,ATM-1,CE,3350.0,3417.7,67.4,67.4,67.4,67.4,0.0,0,90200
2026-08-25 12:50:00,ATM-1,CE,3350.0,3417.6,67.4,67.4,64.35,64.35,0.0,800,89800
2026-08-25 12:55:00,ATM-1,CE,3350.0,3413.9,64.5,64.5,64.35,64.5,60.055562,1000,89800
2026-08-25 13:00:00,ATM-1,CE,3350.0,3408.1,59.95,64.5,50.15,53.6,0.0,9000,89400
2026-08-25 13:05:00,ATM-1,CE,3350.0,3409.4,53.6,53.6,53.6,53.6,0.0,0,89400
2026-08-25 13:10:00,ATM-1,CE,3350.0,3409.0,53.6,61.0,53.6,61.0,79.270435,800,89400
2026-08-25 13:15:00,ATM-1,CE,3350.0,3407.1,61.0,61.0,56.0,56.0,0.0,1600,88600
2026-08-25 13:20:00,ATM-1,CE,3350.0,3407.6,56.0,56.0,56.0,56.0,0.0,0,88600
2026-08-25 13:25:00,ATM-1,CE,3350.0,3407.2,56.0,56.0,54.9,54.9,0.0,200,88600
2026-08-25 13:30:00,ATM-1,CE,3350.0,3410.2,54.9,54.9,54.9,54.9,0.0,0,88600
2026-08-25 13:35:00,ATM-1,CE,3350.0,3409.8,54.9,54.9,54.9,54.9,0.0,0,88600
2026-08-25 13:40:00,ATM-1,CE,3350.0,3409.6,54.9,60.7,54.9,60.7,77.358989,200,88600
2026-08-25 13:45:00,ATM-1,CE,3350.0,3410.9,60.7,60.7,60.7,60.7,0.0,0,88600
2026-08-25 13:50:00,ATM-1,CE,3350.0,3414.4,60.7,60.7,60.7,60.7,0.0,0,88600
2026-08-25 13:55:00,ATM-1,CE,3350.0,3414.3,60.7,62.15,60.7,61.95,0.0,800,88400
2026-08-25 14:00:00,ATM-1,CE,3350.0,3419.9,61.95,65.95,59.95,59.95,0.0,1400,88800
2026-08-25 14:05:00,ATM-1,CE,3350.0,3418.7,59.95,59.95,59.95,59.95,0.0,0,88800
2026-08-25 14:10:00,ATM-1,CE,3350.0,3418.8,59.95,59.95,59.95,59.95,0.0,0,88800
2026-08-25 14:15:00,ATM-1,CE,3350.0,3422.0,59.95,59.95,59.95,59.95,0.0,0,88800
2026-08-25 14:20:00,ATM-1,CE,3350.0,3421.3,59.95,69.85,59.95,68.9,0.0,400,88800
2026-08-25 14:25:00,ATM-1,CE,3350.0,3424.0,68.9,68.9,68.9,68.9,0.0,0,88800
2026-08-25 14:30:00,ATM-1,CE,3350.0,3424.0,68.3,68.9,18.0,68.3,0.0,1400,88600
2026-08-25 14:35:00,ATM-1,CE,3350.0,3424.5,18.0,68.3,18.0,68.3,0.0,0,88600
2026-08-25 14:40:00,ATM-1,CE,3400.0,3426.9,68.3,68.3,22.15,25.0,0.0,1600,361400
2026-08-25 14:45:00,ATM-1,CE,3400.0,3430.1,22.8,28.05,20.35,20.35,0.0,5200,357000
2026-08-25 14:50:00,ATM-1,CE,3400.0,3433.4,28.0,39.5,20.35,39.5,143.338858,1600,357200
2026-08-25 14:55:00,ATM-1,CE,3400.0,3435.3,39.5,39.5,39.5,39.5,134.556828,0,357200
2026-08-25 15:00:00,ATM-1,CE,3400.0,3429.6,35.0,39.5,29.8,29.8,56.223392,4800,358000
2026-08-25 15:05:00,ATM-1,CE,3400.0,3436.9,29.8,38.0,29.8,38.0,104.972567,1000,358000
2026-08-25 15:10:00,ATM-1,CE,3400.0,3440.0,38.0,52.15,38.0,52.15,0.0,400,358000
2026-08-25 15:15:00,ATM-1,CE,3400.0,3440.0,52.15,52.15,35.45,35.45,0.0,200,357800
2026-08-25 15:20:00,ATM-1,CE,3400.0,3440.0,47.65,57.0,35.45,57.0,0.0,1400,357000
2026-08-25 15:25:00,ATM-1,CE,3400.0,3443.0,57.0,57.0,57.0,57.0,0.0,0,357000
2026-08-25 15:30:00,ATM-1,CE,3400.0,3443.0,57.0,57.0,28.0,28.0,0.0,200,356800
2026-08-25 15:35:00,ATM-1,CE,3400.0,3443.0,25.0,28.0,25.0,25.0,0.0,400,356600
2026-08-20 09:15:00,ATM-1,PE,3350.0,3401.4,8.0,11.25,7.5,11.25,19.649808,59200,298400
2026-08-20 09:20:00,ATM-1,PE,3350.0,3404.0,10.7,11.25,9.65,10.25,19.330288,38600,297200
2026-08-20 09:25:00,ATM-1,PE,3350.0,3408.0,10.1,10.25,9.1,9.45,19.388408,18000,293800
2026-08-20 09:30:00,ATM-1,PE,3350.0,3415.8,9.55,10.05,8.65,8.9,20.275944,22400,292000
2026-08-20 09:35:00,ATM-1,PE,3350.0,3420.7,7.95,8.9,7.5,8.15,20.424305,31600,287800
2026-08-20 09:40:00,ATM-1,PE,3350.0,3422.9,8.15,8.5,7.95,8.05,20.701134,14800,288200
2026-08-20 09:45:00,ATM-1,PE,3350.0,3425.0,7.9,8.05,7.35,7.35,20.37431,11800,288200
2026-08-20 09:50:00,ATM-1,PE,3350.0,3421.6,7.5,8.3,7.35,7.95,20.403964,9800,287200
2026-08-20 09:55:00,ATM-1,PE,3350.0,3420.8,7.75,7.95,7.3,7.95,20.277613,13200,284400
2026-08-20 10:00:00,ATM-1,PE,3350.0,3416.1,7.75,8.1,7.75,8.1,19.637277,4200,284600
2026-08-20 10:05:00,ATM-1,PE,3350.0,3417.8,8.5,8.5,8.1,8.25,20.068454,2200,284400
2026-08-20 10:10:00,ATM-1,PE,3350.0,3418.8,8.55,8.55,8.1,8.15,20.150012,3600,284400
2026-08-20 10:15:00,ATM-1,PE,3350.0,3422.4,8.15,8.15,7.7,7.7,20.328351,6000,284400
2026-08-20 10:20:00,ATM-1,PE,3350.0,3422.4,7.9,8.05,7.6,7.7,20.33457,3400,284400
2026-08-20 10:25:00,ATM-1,PE,3350.0,3421.5,7.9,8.05,7.7,7.85,20.335918,2400,284400
2026-08-20 10:30:00,ATM-1,PE,3350.0,3422.6,7.65,7.85,7.5,7.5,20.186423,5000,283800
2026-08-20 10:35:00,ATM-1,PE,3350.0,3420.0,7.75,7.8,7.5,7.75,20.004403,2200,282600
2026-08-20 10:40:00,ATM-1,PE,3350.0,3419.2,7.75,8.0,7.6,7.75,19.877571,4200,280200
2026-08-20 10:45:00,ATM-1,PE,3350.0,3422.3,7.75,7.95,7.7,7.7,20.349282,3800,279800
2026-08-20 10:50:00,ATM-1,PE,3350.0,3421.5,7.5,7.7,7.2,7.5,20.03058,7600,277200
2026-08-20 10:55:00,ATM-1,PE,3350.0,3420.3,7.5,7.85,7.5,7.6,19.935202,4200,276400
2026-08-20 11:00:00,ATM-1,PE,3400.0,3426.0,7.65,20.4,7.25,19.45,20.073499,12400,627400
2026-08-20 11:05:00,ATM-1,PE,3400.0,3426.8,19.25,19.45,18.65,18.95,19.931384,15600,629600
2026-08-20 11:10:00,ATM-1,PE,3400.0,3426.8,18.95,18.95,18.2,18.4,19.570774,8800,632000
2026-08-20 11:15:00,ATM-1,PE,3400.0,3425.6,7.3,19.25,6.65,18.9,19.63447,4600,630800
2026-08-20 11:20:00,ATM-1,PE,3400.0,3427.0,18.9,18.95,6.95,18.1,19.427304,21400,640600
2026-08-20 11:25:00,ATM-1,PE,3400.0,3430.3,18.45,18.45,17.1,17.25,19.599327,21400,639200
2026-08-20 11:30:00,ATM-1,PE,3400.0,3430.4,16.85,17.25,16.3,16.65,19.218205,18400,637600
2026-08-20 11:35:00,ATM-1,PE,3400.0,3433.0,16.65,16.65,16.1,16.15,19.446702,15200,641800
2026-08-20 11:40:00,ATM-1,PE,3400.0,3430.9,16.0,16.7,15.95,16.7,19.373791,4800,641200
2026-08-20 11:45:00,ATM-1,PE,3400.0,3432.2,16.7,16.8,16.3,16.55,19.560976,4400,638200
2026-08-20 11:50:00,ATM-1,PE,3400.0,3431.2,16.65,17.4,16.55,17.4,19.93005,8000,638600
2026-08-20 11:55:00,ATM-1,PE,3400.0,3434.7,16.85,17.4,15.6,15.6,19.451837,12600,643800
2026-08-20 12:00:00,ATM-1,PE,3400.0,3433.2,15.6,16.1,15.35,16.1,19.484423,7800,641800
2026-08-20 12:05:00,ATM-1,PE,3400.0,3439.5,15.8,16.1,13.8,13.8,19.181374,31600,644400
2026-08-20 12:10:00,ATM-1,PE,3400.0,3445.3,13.75,13.8,11.45,11.8,18.849876,60200,628000
2026-08-20 12:15:00,ATM-1,PE,3400.0,3447.5,11.7,11.95,11.35,11.6,19.12466,41600,627200
2026-08-20 12:20:00,ATM-1,PE,3400.0,3446.6,11.55,11.8,11.25,11.65,18.996681,35000,620000
2026-08-20 12:25:00,ATM-1,PE,3400.0,3446.0,11.7,11.7,11.2,11.3,18.61673,33000,612200
2026-08-20 12:30:00,ATM-1,PE,3400.0,3445.5,11.5,11.85,11.15,11.25,18.487815,35200,613400
2026-08-20 12:35:00,ATM-1,PE,3400.0,3446.1,11.45,11.5,11.15,11.2,18.56958,9600,613800
2026-08-20 12:40:00,ATM-1,PE,3400.0,3446.8,10.8,11.4,10.65,10.95,18.513588,44400,627000
2026-08-20 12:45:00,ATM-1,PE,3400.0,3455.7,10.55,10.95,8.6,9.05,18.603785,96200,615200
2026-08-20 12:50:00,ATM-1,PE,3400.0,3451.0,8.65,9.1,8.2,9.1,17.809825,53600,612600
2026-08-20 12:55:00,ATM-1,PE,3400.0,3442.6,9.35,11.2,9.1,10.95,17.724869,44400,606200
2026-08-20 13:00:00,ATM-1,PE,3400.0,3442.8,10.6,11.1,10.35,11.1,17.884518,23800,607400
2026-08-20 13:05:00,ATM-1,PE,3400.0,3443.1,10.85,11.1,10.55,10.65,17.599873,12400,607200
2026-08-20 13:10:00,ATM-1,PE,3400.0,3442.0,10.45,10.9,10.3,10.9,17.586149,9000,608400
2026-08-20 13:15:00,ATM-1,PE,3400.0,3441.7,10.65,11.1,10.5,10.85,17.494726,13000,607600
2026-08-20 13:20:00,ATM-1,PE,3400.0,3441.9,11.1,11.5,10.8,10.8,17.500317,15200,605400
2026-08-20 13:25:00,ATM-1,PE,3400.0,3440.5,10.6,11.2,10.6,11.2,17.538953,8400,603200
2026-08-20 13:30:00,ATM-1,PE,3400.0,3444.0,10.9,11.2,10.45,10.45,17.643067,5400,601400
2026-08-20 13:35:00,ATM-1,PE,3400.0,3444.1,10.55,10.65,10.45,10.65,17.824327,9000,603600
2026-08-20 13:40:00,ATM-1,PE,3400.0,3447.3,10.7,10.8,10.3,10.35,18.201219,7200,603000
2026-08-20 13:45:00,ATM-1,PE,3400.0,3444.4,10.25,10.8,9.7,10.5,17.77507,25400,602000
2026-08-20 13:50:00,ATM-1,PE,3400.0,3447.3,10.9,10.9,10.15,10.35,18.212419,8000,605200
2026-08-20 13:55:00,ATM-1,PE,3400.0,3445.5,10.7,11.0,10.15,10.7,18.153738,9600,606600
2026-08-20 14:00:00,ATM-1,PE,3400.0,3437.9,11.1,12.3,10.7,11.9,17.586491,25600,606600
2026-08-20 14:05:00,ATM-1,PE,3400.0,3441.1,11.95,11.95,10.85,11.35,17.814599,22000,607000
2026-08-20 14:10:00,ATM-1,PE,3400.0,3440.8,11.7,12.15,11.35,12.15,18.367174,14600,609800
2026-08-20 14:15:00,ATM-1,PE,3400.0,3439.0,11.5,12.25,11.3,12.25,18.086121,18200,608400
2026-08-20 14:20:00,ATM-1,PE,3400.0,3448.0,11.65,12.25,10.3,10.3,18.338104,41200,607000
2026-08-20 14:25:00,ATM-1,PE,3400.0,3446.3,10.65,10.85,10.3,10.75,18.379898,9600,594200
2026-08-20 14:30:00,ATM-1,PE,3400.0,3447.2,10.95,11.05,10.0,10.35,18.238551,21200,587600
2026-08-20 14:35:00,ATM-1,PE,3400.0,3451.5,10.65,10.8,10.1,10.1,18.846771,35000,597400
2026-08-20 14:40:00,ATM-1,PE,3400.0,3448.5,10.0,10.7,9.5,10.4,18.535568,29200,603600
2026-08-20 14:45:00,ATM-1,PE,3400.0,3450.2,10.75,10.75,10.0,10.2,18.6984,9000,606800
2026-08-20 14:50:00,ATM-1,PE,3400.0,3450.0,10.1,10.35,9.85,10.15,18.626159,5600,606200
2026-08-20 14:55:00,ATM-1,PE,3400.0,3452.0,10.15,10.15,9.55,9.55,18.507415,8600,607600
2026-08-20 15:00:00,ATM-1,PE,3400.0,3450.5,10.2,10.7,9.55,9.7,18.361508,25400,609000
2026-08-20 15:05:00,ATM-1,PE,3400.0,3444.4,10.0,10.75,9.7,10.5,17.862932,22400,611400
2026-08-20 15:10:00,ATM-1,PE,3400.0,3441.0,10.7,10.95,10.5,10.8,17.442479,18600,609400
2026-08-20 15:15:00,ATM-1,PE,3400.0,3441.0,10.8,10.85,10.45,10.85,17.486581,8000,618000
2026-08-20 15:20:00,ATM-1,PE,3400.0,3441.0,10.95,11.6,10.6,11.4,17.915621,40600,590200
2026-08-20 15:25:00,ATM-1,PE,3350.0,3424.8,11.35,11.95,4.4,4.5,17.671769,22200,251400
2026-08-20 15:30:00,ATM-1,PE,3350.0,3424.8,4.5,4.55,4.35,4.35,17.495888,3800,249000
2026-08-20 15:35:00,ATM-1,PE,3350.0,3424.8,4.3,4.4,4.25,4.3,17.440393,5000,250200
2026-08-21 09:15:00,ATM-1,PE,3400.0,3431.1,11.55,13.0,8.8,13.0,18.335643,58800,580800
2026-08-21 09:20:00,ATM-1,PE,3400.0,3425.9,14.6,18.1,5.15,16.85,19.999166,59600,571400
2026-08-21 09:25:00,ATM-1,PE,3350.0,3422.4,6.3,6.4,6.0,6.4,20.927401,12200,253800
2026-08-21 09:30:00,ATM-1,PE,3350.0,3424.0,5.85,16.6,5.45,5.8,20.523734,34600,253600
2026-08-21 09:35:00,ATM-1,PE,3350.0,3424.7,17.0,17.0,5.3,5.5,20.294833,20200,253400
2026-08-21 09:40:00,ATM-1,PE,3400.0,3426.6,16.2,16.6,15.0,16.1,19.646215,23600,575200
2026-08-21 09:45:00,ATM-1,PE,3400.0,3431.2,15.7,16.45,14.3,14.4,19.482148,28000,576000
2026-08-21 09:50:00,ATM-1,PE,3400.0,3430.0,13.8,14.75,13.5,14.75,19.471441,18400,581200
2026-08-21 09:55:00,ATM-1,PE,3400.0,3432.8,15.0,15.35,14.0,14.4,19.874085,10600,580400
2026-08-21 10:00:00,ATM-1,PE,3400.0,3428.1,13.95,16.0,13.95,15.65,19.707557,19800,572800
2026-08-21 10:05:00,ATM-1,PE,3400.0,3426.7,15.25,15.7,15.25,15.45,19.22077,13400,572200
2026-08-21 10:10:00,ATM-1,PE,3400.0,3431.7,15.15,15.45,14.2,14.35,19.598124,13000,574200
2026-08-21 10:15:00,ATM-1,PE,3400.0,3429.5,14.6,15.0,14.35,14.65,19.311018,10200,577200
2026-08-21 10:20:00,ATM-1,PE,3400.0,3430.0,14.9,15.0,14.5,14.5,19.323397,26400,572600
2026-08-21 10:25:00,ATM-1,PE,3400.0,3426.0,14.65,15.35,14.5,15.0,18.738271,6000,573200
2026-08-21 10:30:00,ATM-1,PE,3400.0,3426.5,15.7,16.7,14.85,16.2,19.768676,27000,566600
2026-08-21 10:35:00,ATM-1,PE,3350.0,3418.5,5.75,7.05,5.65,6.95,20.948204,39400,271400
2026-08-21 10:40:00,ATM-1,PE,3350.0,3422.5,7.05,7.05,6.15,6.15,20.779769,38400,259000
2026-08-21 10:45:00,ATM-1,PE,3350.0,3423.2,6.1,6.25,6.05,6.05,20.795311,5800,259200
2026-08-21 10:50:00,ATM-1,PE,3400.0,3425.8,6.15,17.1,5.85,16.25,19.660338,9600,551200
2026-08-21 10:55:00,ATM-1,PE,3400.0,3425.2,5.7,16.75,5.6,16.25,19.516883,4800,551000
2026-08-21 11:00:00,ATM-1,PE,3350.0,3425.0,16.35,16.35,5.75,5.75,20.780194,4600,261800
2026-08-21 11:05:00,ATM-1,PE,3400.0,3426.2,16.15,16.5,16.05,16.3,19.819985,5400,552800
2026-08-21 11:10:00,ATM-1,PE,3400.0,3425.8,15.65,16.3,15.0,15.6,19.202681,9000,550200
2026-08-21 11:15:00,ATM-1,PE,3350.0,3421.4,15.85,16.75,5.65,6.4,20.926366,12000,268400
2026-08-21 11:20:00,ATM-1,PE,3350.0,3420.9,6.4,6.65,6.35,6.5,20.957846,7000,271200
2026-08-21 11:25:00,ATM-1,PE,3400.0,3428.6,6.2,17.25,6.2,15.75,20.031513,13200,551800
2026-08-21 11:30:00,ATM-1,PE,3400.0,3427.6,15.25,16.45,15.15,16.15,20.094108,7800,551800
2026-08-21 11:35:00,ATM-1,PE,3400.0,3426.0,16.0,16.35,16.0,16.35,19.85168,2200,552600
2026-08-21 11:40:00,ATM-1,PE,3400.0,3427.9,16.45,16.45,15.65,15.85,19.957003,4400,554200
2026-08-21 11:45:00,ATM-1,PE,3400.0,3430.1,15.25,16.1,15.1,15.1,19.932284,10200,556600
2026-08-21 11:50:00,ATM-1,PE,3350.0,3416.2,15.1,16.75,6.05,6.65,20.320322,8400,283200
2026-08-21 11:55:00,ATM-1,PE,3350.0,3417.7,7.7,7.75,6.65,7.5,21.522465,25800,282400
2026-08-21 12:00:00,ATM-1,PE,3350.0,3422.3,7.5,7.8,7.15,7.25,22.110918,11000,281800
2026-08-21 12:05:00,ATM-1,PE,3400.0,3426.5,7.25,20.25,7.25,18.05,21.294489,6400,541000
2026-08-21 12:10:00,ATM-1,PE,3400.0,3427.5,18.3,18.3,16.5,16.5,20.39411,5600,540400
2026-08-21 12:15:00,ATM-1,PE,3400.0,3430.1,16.9,16.9,15.65,15.8,20.514607,8400,538400
2026-08-21 12:20:00,ATM-1,PE,3400.0,3431.3,15.55,15.9,14.95,14.95,20.160245,11600,541800
2026-08-21 12:25:00,ATM-1,PE,3400.0,3436.0,14.8,14.95,14.2,14.45,20.894414,8800,542400
2026-08-21 12:30:00,ATM-1,PE,3400.0,3435.0,13.25,14.45,12.75,14.2,20.469934,35800,549200
2026-08-21 12:35:00,ATM-1,PE,3400.0,3430.5,14.15,15.7,14.1,15.7,20.567235,18600,549000
2026-08-21 12:40:00,ATM-1,PE,3400.0,3429.5,15.85,17.9,15.7,17.4,21.623114,26200,549600
2026-08-21 12:45:00,ATM-1,PE,3400.0,3427.1,16.95,17.9,16.5,17.6,21.175825,11600,550200
2026-08-21 12:50:00,ATM-1,PE,3400.0,3431.1,17.3,17.6,14.85,15.15,20.312924,28000,545600
2026-08-21 12:55:00,ATM-1,PE,3400.0,3432.6,15.15,15.65,15.05,15.3,20.800379,10600,548600
2026-08-21 13:00:00,ATM-1,PE,3400.0,3433.2,15.7,15.75,15.3,15.65,21.225463,6800,550600
2026-08-21 13:05:00,ATM-1,PE,3400.0,3429.3,14.95,16.3,14.95,16.0,20.548688,6200,553200
2026-08-21 13:10:00,ATM-1,PE,3400.0,3428.8,16.1,16.1,15.8,15.85,20.317726,4800,555000
2026-08-21 13:15:00,ATM-1,PE,3400.0,3433.0,15.85,16.0,14.95,14.95,20.655661,3200,557200
2026-08-21 13:20:00,ATM-1,PE,3400.0,3429.9,14.95,15.4,14.25,15.4,20.259503,2600,557200
2026-08-21 13:25:00,ATM-1,PE,3400.0,3429.8,15.4,16.05,15.4,15.85,20.589066,4000,557600
2026-08-21 13:30:00,ATM-1,PE,3400.0,3431.3,15.55,16.1,15.45,16.1,21.159501,23600,567200
2026-08-21 13:35:00,ATM-1,PE,3400.0,3428.2,16.35,19.05,16.1,18.35,22.103388,81000,608000
2026-08-21 13:40:00,ATM-1,PE,3400.0,3428.7,18.25,18.65,18.25,18.65,22.465829,20600,620200
2026-08-21 13:45:00,ATM-1,PE,3400.0,3427.6,18.8,19.15,18.3,18.45,22.041796,13000,621000
2026-08-21 13:50:00,ATM-1,PE,3350.0,3424.1,18.15,18.5,6.6,6.6,21.900719,5600,288400
2026-08-21 13:55:00,ATM-1,PE,3400.0,3429.8,6.65,19.0,6.6,16.5,21.136267,14600,622400
2026-08-21 14:00:00,ATM-1,PE,3400.0,3431.3,16.1,16.5,15.75,16.0,21.131404,3600,622200
2026-08-21 14:05:00,ATM-1,PE,3400.0,3433.4,16.0,16.0,15.45,16.0,21.654419,5600,625400
2026-08-21 14:10:00,ATM-1,PE,3400.0,3434.8,15.4,16.0,15.3,15.55,21.649863,20800,629600
2026-08-21 14:15:00,ATM-1,PE,3400.0,3436.1,15.0,15.55,14.7,14.85,21.415614,8200,628800
2026-08-21 14:20:00,ATM-1,PE,3400.0,3435.0,14.75,15.65,14.75,14.95,21.241047,7600,627600
2026-08-21 14:25:00,ATM-1,PE,3400.0,3437.1,15.8,15.8,14.3,14.5,21.389418,7400,630200
2026-08-21 14:30:00,ATM-1,PE,3400.0,3436.9,14.1,14.5,13.9,14.15,21.06945,11600,632200
2026-08-21 14:35:00,ATM-1,PE,3400.0,3436.5,14.5,14.9,14.15,14.6,21.344548,10200,631000
2026-08-21 14:40:00,ATM-1,PE,3400.0,3436.4,14.35,14.6,14.0,14.45,21.209099,13400,624600
2026-08-21 14:45:00,ATM-1,PE,3400.0,3438.1,14.5,14.5,13.6,13.6,20.929214,5600,625200
2026-08-21 14:50:00,ATM-1,PE,3400.0,3437.2,12.85,14.3,12.85,13.35,20.524486,16400,625400
2026-08-21 14:55:00,ATM-1,PE,3400.0,3435.3,13.2,13.85,13.1,13.7,20.3709,15600,626000
2026-08-21 15:00:00,ATM-1,PE,3400.0,3432.2,13.25,13.85,12.9,13.5,19.48158,31400,624600
2026-08-21 15:05:00,ATM-1,PE,3400.0,3432.1,13.0,13.5,12.35,12.35,18.541159,27000,626800
2026-08-21 15:10:00,ATM-1,PE,3350.0,3417.0,12.65,12.65,4.55,4.9,18.735683,18400,266200
2026-08-21 15:15:00,ATM-1,PE,3350.0,3417.0,4.75,5.0,4.75,4.8,18.618298,9200,267000
2026-08-21 15:20:00,ATM-1,PE,3350.0,3417.0,4.65,4.8,4.5,4.5,18.244946,5800,266600
2026-08-21 15:25:00,ATM-1,PE,3350.0,3412.2,4.65,4.65,4.35,4.6,17.537404,18000,266600
2026-08-21 15:30:00,ATM-1,PE,3350.0,3412.2,4.6,5.1,4.6,5.05,18.094487,15200,257800
2026-08-21 15:35:00,ATM-1,PE,3350.0,3412.2,5.05,5.1,4.3,4.3,17.173613,6400,257200
2026-08-24 09:15:00,ATM-1,PE,3350.0,3421.8,9.0,9.85,2.8,4.3,32.711674,55400,257400
2026-08-24 09:20:00,ATM-1,PE,3350.0,3414.1,4.3,4.7,4.25,4.45,30.717493,28800,258000
2026-08-24 09:25:00,ATM-1,PE,3350.0,3414.6,4.8,5.05,4.45,4.55,31.139304,26200,259000
2026-08-24 09:30:00,ATM-1,PE,3350.0,3409.8,4.4,5.0,4.2,5.0,30.615435,31600,250800
2026-08-24 09:35:00,ATM-1,PE,3350.0,3411.0,5.2,5.6,5.0,5.1,31.258228,25600,250600
2026-08-24 09:40:00,ATM-1,PE,3350.0,3409.6,5.15,5.6,5.1,5.3,31.257269,13600,248000
2026-08-24 09:45:00,ATM-1,PE,3350.0,3416.1,4.75,5.3,4.4,4.55,31.782766,16000,244400
2026-08-24 09:50:00,ATM-1,PE,3350.0,3415.0,4.4,4.7,4.3,4.7,31.813015,6000,245400
2026-08-24 09:55:00,ATM-1,PE,3350.0,3419.2,4.55,4.7,3.95,4.2,32.028977,6200,244600
2026-08-24 10:00:00,ATM-1,PE,3350.0,3421.0,4.3,4.3,4.15,4.25,32.748447,6000,243600
2026-08-24 10:05:00,ATM-1,PE,3400.0,3425.1,4.3,11.5,3.8,11.5,28.102471,6000,585000
2026-08-24 10:10:00,ATM-1,PE,3400.0,3441.7,10.3,11.5,7.2,7.4,28.665722,45000,586400
2026-08-24 10:15:00,ATM-1,PE,3400.0,3440.7,6.8,7.4,6.7,6.9,27.485121,52400,579800
2026-08-24 10:20:00,ATM-1,PE,3400.0,3436.9,7.05,8.0,6.9,8.0,27.894607,30800,579800
2026-08-24 10:25:00,ATM-1,PE,3400.0,3440.0,7.8,8.0,7.1,7.35,28.058634,16800,576200
2026-08-24 10:30:00,ATM-1,PE,3400.0,3441.0,7.0,7.35,6.85,6.9,27.711339,13800,571800
2026-08-24 10:35:00,ATM-1,PE,3400.0,3442.6,6.75,6.9,6.2,6.5,27.647565,26000,571200
2026-08-24 10:40:00,ATM-1,PE,3400.0,3441.9,6.5,6.8,6.35,6.8,27.951707,13000,571800
2026-08-24 10:45:00,ATM-1,PE,3400.0,3438.0,6.7,7.0,6.0,6.75,26.44054,68400,574400
2026-08-24 10:50:00,ATM-1,PE,3400.0,3437.4,6.85,6.85,6.55,6.65,26.079729,21600,575400
2026-08-24 10:55:00,ATM-1,PE,3400.0,3431.7,6.75,7.25,6.65,7.25,24.890673,14600,569600
2026-08-24 11:00:00,ATM-1,PE,3400.0,3432.0,7.3,8.7,7.2,8.7,27.344273,30800,565000
2026-08-24 11:05:00,ATM-1,PE,3400.0,3434.1,8.8,8.85,7.3,7.3,25.996222,28600,558600
2026-08-24 11:10:00,ATM-1,PE,3400.0,3433.3,7.65,7.85,7.15,7.8,26.52587,12800,560800
2026-08-24 11:15:00,ATM-1,PE,3400.0,3431.7,7.8,8.2,7.7,7.8,25.915667,8600,560600
2026-08-24 11:20:00,ATM-1,PE,3400.0,3430.9,8.05,8.15,7.8,8.05,26.022068,13200,559200
2026-08-24 11:25:00,ATM-1,PE,3400.0,3428.1,8.5,9.05,8.05,8.95,26.280631,19200,550600
2026-08-24 11:30:00,ATM-1,PE,3350.0,3424.6,8.65,9.75,2.45,2.5,29.89453,31200,215400
2026-08-24 11:35:00,ATM-1,PE,3350.0,3424.7,2.45,9.75,2.45,2.65,30.430279,16200,216600
2026-08-24 11:40:00,ATM-1,PE,3400.0,3426.8,9.7,9.9,9.25,9.9,27.266178,14200,532800
2026-08-24 11:45:00,ATM-1,PE,3400.0,3430.0,9.5,9.9,8.75,9.5,28.094814,17600,531800
2026-08-24 11:50:00,ATM-1,PE,3400.0,3430.0,9.35,10.0,9.0,10.0,28.901521,17800,536600
2026-08-24 11:55:00,ATM-1,PE,3400.0,3432.5,10.3,10.55,9.25,10.05,30.101614,18200,537400
2026-08-24 12:00:00,ATM-1,PE,3400.0,3432.1,9.55,10.65,9.55,10.6,30.819364,14400,537600
2026-08-24 12:05:00,ATM-1,PE,3400.0,3431.5,10.6,11.0,10.0,10.3,30.142718,8600,537600
2026-08-24 12:10:00,ATM-1,PE,3400.0,3429.0,10.3,11.05,10.3,10.85,29.921096,6000,535200
2026-08-24 12:15:00,ATM-1,PE,3400.0,3428.4,10.95,11.2,10.85,11.2,30.221644,6600,534200
2026-08-24 12:20:00,ATM-1,PE,3400.0,3428.2,11.25,11.5,10.15,10.55,29.197203,5600,535200
2026-08-24 12:25:00,ATM-1,PE,3400.0,3430.0,10.55,10.55,9.3,9.8,28.891201,31800,535400
2026-08-24 12:30:00,ATM-1,PE,3400.0,3429.8,9.75,10.05,9.65,9.65,28.613946,7800,538600
2026-08-24 12:35:00,ATM-1,PE,3400.0,3428.5,10.0,10.0,9.55,9.7,28.161007,15000,540600
2026-08-24 12:40:00,ATM-1,PE,3400.0,3428.2,10.3,10.35,9.7,10.15,28.761097,9600,539600
2026-08-24 12:45:00,ATM-1,PE,3400.0,3425.9,10.2,10.75,10.15,10.4,28.141939,20200,480800
2026-08-24 12:50:00,ATM-1,PE,3350.0,3420.5,10.85,11.25,2.6,2.85,30.46225,26600,204600
2026-08-24 12:55:00,ATM-1,PE,3350.0,3417.9,2.9,3.1,2.85,3.1,30.427786,8200,204200
2026-08-24 13:00:00,ATM-1,PE,3350.0,3417.4,2.95,3.2,2.95,3.2,30.596709,8200,208800
2026-08-24 13:05:00,ATM-1,PE,3350.0,3418.0,3.2,3.2,3.0,3.0,30.269092,18000,212200
2026-08-24 13:10:00,ATM-1,PE,3350.0,3416.9,3.05,3.05,2.95,2.95,29.831132,6400,212200
2026-08-24 13:15:00,ATM-1,PE,3350.0,3417.0,2.95,3.1,2.95,2.95,29.908398,4400,212000
2026-08-24 13:20:00,ATM-1,PE,3350.0,3419.3,2.9,2.95,2.7,2.75,30.078449,9000,208400
2026-08-24 13:25:00,ATM-1,PE,3350.0,3424.9,2.65,2.75,2.3,2.3,30.37624,6200,208200
2026-08-24 13:30:00,ATM-1,PE,3350.0,3418.7,2.3,2.6,2.25,2.5,29.2228,37200,207000
2026-08-24 13:35:00,ATM-1,PE,3350.0,3418.2,2.5,2.5,2.35,2.5,29.116821,19200,208800
2026-08-24 13:40:00,ATM-1,PE,3350.0,3418.0,2.55,2.6,2.4,2.4,28.786593,8000,206400
2026-08-24 13:45:00,ATM-1,PE,3350.0,3414.6,2.45,2.75,2.4,2.75,28.855357,6000,203000
2026-08-24 13:50:00,ATM-1,PE,3350.0,3412.0,2.75,3.1,2.7,3.1,29.070429,14400,202200
2026-08-24 13:55:00,ATM-1,PE,3350.0,3407.6,3.05,3.25,2.95,3.25,28.085956,13000,199000
2026-08-24 14:00:00,ATM-1,PE,3350.0,3407.1,3.45,3.6,3.25,3.5,28.611574,10200,197000
2026-08-24 14:05:00,ATM-1,PE,3350.0,3407.9,3.6,3.6,3.45,3.5,28.925177,6200,196200
2026-08-24 14:10:00,ATM-1,PE,3350.0,3403.8,3.5,3.9,3.5,3.9,28.568167,8800,195000
2026-08-24 14:15:00,ATM-1,PE,3350.0,3409.0,3.85,3.9,3.3,3.3,28.862179,9000,194600
2026-08-24 14:20:00,ATM-1,PE,3350.0,3407.2,3.2,3.4,3.15,3.4,28.571042,7800,191600
2026-08-24 14:25:00,ATM-1,PE,3350.0,3408.3,3.3,3.55,3.3,3.3,28.722643,11600,187800
2026-08-24 14:30:00,ATM-1,PE,3350.0,3410.0,3.45,3.45,3.25,3.3,29.334606,3600,187400
2026-08-24 14:35:00,ATM-1,PE,3350.0,3409.7,3.4,3.4,3.15,3.15,28.876618,1400,187200
2026-08-24 14:40:00,ATM-1,PE,3350.0,3412.7,3.15,3.15,2.65,2.75,28.763391,13800,186400
2026-08-24 14:45:00,ATM-1,PE,3350.0,3409.0,2.75,2.8,2.75,2.8,27.761287,2600,184000
2026-08-24 14:50:00,ATM-1,PE,3350.0,3412.0,2.75,2.8,2.4,2.4,27.570796,7800,183400
2026-08-24 14:55:00,ATM-1,PE,3350.0,3407.7,2.4,2.6,2.4,2.6,26.84932,9200,181000
2026-08-24 15:00:00,ATM-1,PE,3350.0,3402.2,2.5,2.8,2.5,2.8,25.650955,15800,178600
2026-08-24 15:05:00,ATM-1,PE,3350.0,3401.3,2.85,2.95,2.45,2.45,24.410718,12400,178800
2026-08-24 15:10:00,ATM-1,PE,3350.0,3410.1,2.3,2.45,2.1,2.1,26.1909,1600,178600
2026-08-24 15:15:00,ATM-1,PE,3350.0,3410.1,1.85,2.1,1.75,1.85,25.385322,3000,177400
2026-08-24 15:20:00,ATM-1,PE,3350.0,3410.1,1.8,1.95,1.75,1.95,25.774176,5400,175600
2026-08-24 15:25:00,ATM-1,PE,3350.0,3414.1,1.85,1.95,1.7,1.7,26.13928,2200,173600
2026-08-24 15:30:00,ATM-1,PE,3350.0,3414.1,1.7,1.7,1.65,1.65,25.993626,800,173800
2026-08-24 15:35:00,ATM-1,PE,3350.0,3414.1,1.6,2.05,1.6,2.05,27.491085,2600,172200
2026-08-25 09:15:00,ATM-1,PE,3350.0,3407.7,1.85,2.25,1.35,1.35,44.290865,3400,169800
2026-08-25 09:20:00,ATM-1,PE,3350.0,3402.3,1.35,1.35,1.35,1.35,41.423045,0,169400
2026-08-25 09:25:00,ATM-1,PE,3350.0,3409.7,1.35,1.45,1.35,1.4,46.444095,4600,168200
2026-08-25 09:30:00,ATM-1,PE,3350.0,3410.6,1.4,1.4,0.95,0.95,43.343116,10000,162400
2026-08-25 09:35:00,ATM-1,PE,3350.0,3408.3,0.85,0.95,0.6,0.65,39.176148,6600,158400
2026-08-25 09:40:00,ATM-1,PE,3350.0,3407.9,0.6,0.65,0.5,0.5,37.324975,3200,155800
2026-08-25 09:45:00,ATM-1,PE,3350.0,3408.7,0.5,0.55,0.45,0.55,38.685048,3200,155400
2026-08-25 09:50:00,ATM-1,PE,3350.0,3407.1,0.5,0.55,0.45,0.45,36.724042,15400,155000
2026-08-25 09:55:00,ATM-1,PE,3350.0,3402.6,0.45,0.5,0.45,0.5,35.307346,1800,155200
2026-08-25 10:00:00,ATM-1,PE,3350.0,3402.0,0.55,0.75,0.5,0.7,37.65858,14200,155800
2026-08-25 10:05:00,ATM-1,PE,3350.0,3398.0,0.9,0.9,0.7,0.9,37.631477,4400,153800
2026-08-25 10:10:00,ATM-1,PE,3350.0,3400.3,0.75,0.9,0.5,0.6,36.099531,2400,152800
2026-08-25 10:15:00,ATM-1,PE,3350.0,3401.6,0.55,0.65,0.55,0.6,37.11996,9000,152000
2026-08-25 10:20:00,ATM-1,PE,3350.0,3399.1,0.65,0.65,0.5,0.6,35.971797,1800,151800
2026-08-25 10:25:00,ATM-1,PE,3350.0,3401.8,0.6,0.65,0.5,0.65,38.43556,5000,150800
2026-08-25 10:30:00,ATM-1,PE,3350.0,3401.7,0.6,0.75,0.6,0.6,38.074453,3600,148600
2026-08-25 10:35:00,ATM-1,PE,3350.0,3401.2,0.6,0.95,0.6,0.95,41.96008,7000,145200
2026-08-25 10:40:00,ATM-1,PE,3350.0,3404.5,1.0,1.0,0.4,0.5,38.981155,8600,143400
2026-08-25 10:45:00,ATM-1,PE,3350.0,3404.4,0.5,0.55,0.4,0.4,37.691572,7200,144200
2026-08-25 10:50:00,ATM-1,PE,3350.0,3406.2,0.4,0.5,0.4,0.5,40.645267,3400,144400
2026-08-25 10:55:00,ATM-1,PE,3350.0,3404.0,0.4,0.5,0.35,0.35,37.244579,800,144200
2026-08-25 11:00:00,ATM-1,PE,3350.0,3404.9,0.35,0.45,0.35,0.45,39.822365,600,144200
2026-08-25 11:05:00,ATM-1,PE,3350.0,3406.7,0.4,0.45,0.35,0.35,39.468023,1800,143800
2026-08-25 11:10:00,ATM-1,PE,3350.0,3412.0,0.4,0.5,0.3,0.3,41.792619,5600,144000
2026-08-25 11:15:00,ATM-1,PE,3350.0,3411.5,0.3,0.3,0.3,0.3,41.909098,1600,143200
2026-08-25 11:20:00,ATM-1,PE,3350.0,3407.4,0.3,0.3,0.2,0.2,37.500922,9200,143200
2026-08-25 11:25:00,ATM-1,PE,3350.0,3410.9,0.2,0.25,0.2,0.2,39.801115,1200,143200
2026-08-25 11:30:00,ATM-1,PE,3350.0,3404.8,0.2,0.25,0.2,0.2,36.797623,400,143200
2026-08-25 11:35:00,ATM-1,PE,3350.0,3408.3,0.2,0.2,0.2,0.2,39.157206,0,143000
2026-08-25 11:40:00,ATM-1,PE,3350.0,3408.3,0.35,0.45,0.2,0.45,45.206388,600,142800
2026-08-25 11:45:00,ATM-1,PE,3350.0,3406.1,0.45,0.45,0.45,0.45,44.292837,0,142800
2026-08-25 11:50:00,ATM-1,PE,3350.0,3407.0,0.45,0.45,0.3,0.4,44.418652,800,142800
2026-08-25 11:55:00,ATM-1,PE,3350.0,3412.3,0.35,0.4,0.3,0.3,46.033616,3200,142400
2026-08-25 12:00:00,ATM-1,PE,3350.0,3413.9,0.3,0.35,0.3,0.35,48.76449,600,142400
2026-08-25 12:05:00,ATM-1,PE,3350.0,3415.0,0.35,0.4,0.3,0.4,51.172636,1000,142800
2026-08-25 12:10:00,ATM-1,PE,3350.0,3415.7,0.4,0.4,0.4,0.4,52.246731,0,141000
2026-08-25 12:15:00,ATM-1,PE,3350.0,3415.0,0.4,0.4,0.2,0.2,46.98426,6400,140600
2026-08-25 12:20:00,ATM-1,PE,3350.0,3418.9,0.15,0.2,0.1,0.1,45.485979,3600,139800
2026-08-25 12:25:00,ATM-1,PE,3350.0,3418.4,0.1,0.15,0.1,0.1,45.79056,2600,138200
2026-08-25 12:30:00,ATM-1,PE,3350.0,3424.0,0.1,0.1,0.1,0.1,49.65944,2200,138000
2026-08-25 12:35:00,ATM-1,PE,3350.0,3421.5,0.15,0.15,0.05,0.05,45.013515,3000,137400
2026-08-25 12:40:00,ATM-1,PE,3350.0,3416.0,0.05,0.05,0.05,0.05,42.558824,2600,135000
2026-08-25 12:45:00,ATM-1,PE,3350.0,3417.7,0.05,0.05,0.05,0.05,44.150841,0,135000
2026-08-25 12:50:00,ATM-1,PE,3350.0,3417.6,0.05,0.05,0.05,0.05,44.75481,0,135000
2026-08-25 12:55:00,ATM-1,PE,3350.0,3413.9,0.05,0.05,0.05,0.05,43.261035,1400,134800
2026-08-25 13:00:00,ATM-1,PE,3350.0,3408.1,0.05,0.05,0.05,0.05,40.440831,8600,128200
2026-08-25 13:05:00,ATM-1,PE,3350.0,3409.4,0.05,0.05,0.05,0.05,41.91053,4200,124800
2026-08-25 13:10:00,ATM-1,PE,3350.0,3409.0,0.05,0.05,0.05,0.05,42.373888,200,124600
2026-08-25 13:15:00,ATM-1,PE,3350.0,3407.1,0.05,0.05,0.05,0.05,41.904947,1800,124400
2026-08-25 13:20:00,ATM-1,PE,3350.0,3407.6,0.05,0.05,0.05,0.05,42.998319,0,124400
2026-08-25 13:25:00,ATM-1,PE,3350.0,3407.2,0.05,0.05,0.05,0.05,43.549143,200,123200
2026-08-25 13:30:00,ATM-1,PE,3350.0,3410.2,0.05,0.05,0.05,0.05,46.440074,0,123200
2026-08-25 13:35:00,ATM-1,PE,3350.0,3409.8,0.05,0.05,0.05,0.05,47.119676,0,123200
2026-08-25 13:40:00,ATM-1,PE,3350.0,3409.6,0.05,0.05,0.05,0.05,47.990007,0,123200
2026-08-25 13:45:00,ATM-1,PE,3350.0,3410.9,0.05,0.05,0.05,0.05,50.001615,0,123200
2026-08-25 13:50:00,ATM-1,PE,3350.0,3414.4,0.05,0.05,0.05,0.05,53.742248,200,123000
2026-08-25 13:55:00,ATM-1,PE,3350.0,3414.3,0.05,0.05,0.05,0.05,54.992076,0,123000
2026-08-25 14:00:00,ATM-1,PE,3350.0,3419.9,0.05,0.05,0.05,0.05,60.702017,0,122800
2026-08-25 14:05:00,ATM-1,PE,3350.0,3418.7,0.05,0.05,0.05,0.05,61.423412,0,122800
2026-08-25 14:10:00,ATM-1,PE,3350.0,3418.8,0.05,0.05,0.05,0.05,63.282278,0,122800
2026-08-25 14:15:00,ATM-1,PE,3350.0,3422.0,0.05,0.05,0.05,0.05,67.880039,0,122800
2026-08-25 14:20:00,ATM-1,PE,3350.0,3421.3,0.05,0.05,0.05,0.05,69.505217,0,122800
2026-08-25 14:25:00,ATM-1,PE,3350.0,3424.0,0.05,0.05,0.05,0.05,74.327434,0,122800
2026-08-25 14:30:00,ATM-1,PE,3350.0,3424.0,0.05,0.05,0.05,0.05,77.129797,400,122800
2026-08-25 14:35:00,ATM-1,PE,3350.0,3424.5,0.05,0.05,0.05,0.05,80.752738,0,122800
2026-08-25 14:40:00,ATM-1,PE,3400.0,3426.9,0.05,0.05,0.05,0.05,34.222217,0,218600
2026-08-25 14:45:00,ATM-1,PE,3400.0,3430.1,0.05,0.05,0.05,0.05,39.545822,400,218000
2026-08-25 14:50:00,ATM-1,PE,3400.0,3433.4,0.05,0.05,0.05,0.05,45.608111,200,217400
2026-08-25 14:55:00,ATM-1,PE,3400.0,3435.3,0.05,0.05,0.05,0.05,50.748828,0,217400
2026-08-25 15:00:00,ATM-1,PE,3400.0,3429.6,0.05,0.05,0.05,0.05,46.573626,0,217400
2026-08-25 15:05:00,ATM-1,PE,3400.0,3436.9,0.05,0.05,0.05,0.05,60.888292,0,217200
2026-08-25 15:10:00,ATM-1,PE,3400.0,3440.0,0.05,0.05,0.05,0.05,71.541664,0,217200
2026-08-25 15:15:00,ATM-1,PE,3400.0,3440.0,0.05,0.05,0.05,0.05,79.981249,600,217000
2026-08-25 15:20:00,ATM-1,PE,3400.0,3440.0,0.05,0.05,0.05,0.05,0.0,200,216800
2026-08-25 15:25:00,ATM-1,PE,3400.0,3443.0,0.05,0.05,0.05,0.05,0.0,200,216800
2026-08-25 15:30:00,ATM-1,PE,3400.0,3443.0,0.05,0.05,0.05,0.05,0.0,1800,216600
2026-08-25 15:35:00,ATM-1,PE,3400.0,3443.0,0.05,0.05,0.05,0.05,0.0,400,214800
2026-08-20 09:15:00,ATM,CE,3400.0,3401.4,44.15,46.05,35.2,35.6,19.872215,36000,778600
2026-08-20 09:20:00,ATM,CE,3400.0,3404.0,35.75,37.3,33.95,34.55,18.359366,34800,785600
2026-08-20 09:25:00,ATM,CE,3400.0,3408.0,34.85,37.6,34.55,35.3,17.431906,31000,788800
2026-08-20 09:30:00,ATM,CE,3400.0,3415.8,35.55,39.0,34.3,39.0,16.824618,26200,785000
2026-08-20 09:35:00,ATM,CE,3400.0,3420.7,39.6,43.6,39.0,41.05,16.13005,34400,776600
2026-08-20 09:40:00,ATM,CE,3400.0,3422.9,41.0,41.15,39.55,40.65,14.885199,21000,773400
2026-08-20 09:45:00,ATM,CE,3400.0,3425.0,40.95,43.0,40.65,43.0,15.518723,15200,772800
2026-08-20 09:50:00,ATM,CE,3400.0,3421.6,43.45,43.45,39.2,39.9,14.98433,18400,769200
2026-08-20 09:55:00,ATM,CE,3400.0,3420.8,41.0,42.1,39.9,40.0,15.415298,9600,767000
2026-08-20 10:00:00,ATM,CE,3400.0,3416.1,40.0,40.0,36.6,36.8,15.321368,10200,764000
2026-08-20 10:05:00,ATM,CE,3400.0,3417.8,36.6,38.4,36.1,37.75,15.237192,6200,762200
2026-08-20 10:10:00,ATM,CE,3400.0,3418.8,36.9,37.75,36.5,37.45,14.614381,9200,761200
2026-08-20 10:15:00,ATM,CE,3400.0,3422.4,37.5,39.4,37.45,38.6,13.757187,19200,767400
2026-08-20 10:20:00,ATM,CE,3400.0,3422.4,39.0,40.45,38.6,40.05,14.758802,10600,766200
2026-08-20 10:25:00,ATM,CE,3400.0,3421.5,38.5,40.05,37.85,38.25,13.953179,7000,768000
2026-08-20 10:30:00,ATM,CE,3400.0,3422.6,39.6,40.3,38.25,40.3,14.849608,11000,767000
2026-08-20 10:35:00,ATM,CE,3400.0,3420.0,39.15,40.3,38.0,38.35,14.717337,7600,764800
2026-08-20 10:40:00,ATM,CE,3400.0,3419.2,38.35,40.25,37.75,38.7,15.309039,6600,763400
2026-08-20 10:45:00,ATM,CE,3400.0,3422.3,38.55,39.0,36.45,39.0,14.117696,19800,759400
2026-08-20 10:50:00,ATM,CE,3400.0,3421.5,38.95,40.35,38.95,39.05,14.530585,13800,755200
2026-08-20 10:55:00,ATM,CE,3400.0,3420.3,38.3,39.05,37.2,38.0,14.371919,3200,756800
2026-08-20 11:00:00,ATM,CE,3450.0,3426.0,38.1,39.65,15.9,16.9,15.48542,13000,841600
2026-08-20 11:05:00,ATM,CE,3450.0,3426.8,17.05,17.65,16.9,17.2,15.484945,19400,844800
2026-08-20 11:10:00,ATM,CE,3450.0,3426.8,17.6,18.4,17.2,17.6,15.746038,22600,843000
2026-08-20 11:15:00,ATM,CE,3450.0,3425.6,40.55,42.55,17.0,17.0,15.66612,16400,841000
2026-08-20 11:20:00,ATM,CE,3450.0,3427.0,17.0,41.15,16.6,18.05,15.994796,17800,845000
2026-08-20 11:25:00,ATM,CE,3450.0,3430.3,17.95,19.1,17.95,18.95,15.727763,27400,844800
2026-08-20 11:30:00,ATM,CE,3450.0,3430.4,19.1,19.35,18.45,18.45,15.393267,33600,843800
2026-08-20 11:35:00,ATM,CE,3450.0,3433.0,18.5,19.75,18.45,19.7,15.499108,18200,840800
2026-08-20 11:40:00,ATM,CE,3450.0,3430.9,19.5,19.7,18.6,18.6,15.369846,16800,841800
2026-08-20 11:45:00,ATM,CE,3450.0,3432.2,18.55,18.85,18.25,18.25,14.815881,10200,842800
2026-08-20 11:50:00,ATM,CE,3450.0,3431.2,19.05,19.55,18.25,19.0,15.555038,124400,906600
2026-08-20 11:55:00,ATM,CE,3450.0,3434.7,19.0,20.7,19.0,20.6,15.625262,40400,903600
2026-08-20 12:00:00,ATM,CE,3450.0,3433.2,20.75,20.85,20.1,20.2,15.788246,17800,905600
2026-08-20 12:05:00,ATM,CE,3450.0,3439.5,20.0,22.8,20.0,22.75,15.620709,64800,907000
2026-08-20 12:10:00,ATM,CE,3450.0,3445.3,23.0,26.85,22.75,25.9,15.827897,86400,884800
2026-08-20 12:15:00,ATM,CE,3450.0,3447.5,25.4,26.0,24.7,25.4,14.83726,63000,886800
2026-08-20 12:20:00,ATM,CE,3450.0,3446.6,25.75,26.05,25.3,25.65,15.281565,36200,892400
2026-08-20 12:25:00,ATM,CE,3450.0,3446.0,25.4,25.65,25.0,25.15,15.169059,29200,883600
2026-08-20 12:30:00,ATM,CE,3450.0,3445.5,24.65,25.15,23.95,24.55,14.962641,53800,876800
2026-08-20 12:35:00,ATM,CE,3450.0,3446.1,24.55,24.55,23.9,24.4,14.689552,18800,873800
2026-08-20 12:40:00,ATM,CE,3450.0,3446.8,24.85,25.75,24.05,24.9,14.782519,35800,873200
2026-08-20 12:45:00,ATM,CE,3450.0,3455.7,26.45,28.9,24.9,28.9,14.266475,97000,850800
2026-08-20 12:50:00,ATM,CE,3450.0,3451.0,28.25,29.0,25.3,25.3,13.672376,55600,841400
2026-08-20 12:55:00,ATM,CE,3450.0,3442.6,25.0,25.3,20.7,21.05,13.724115,74800,825200
2026-08-20 13:00:00,ATM,CE,3450.0,3442.8,22.4,22.45,21.05,21.4,13.885482,26800,830200
2026-08-20 13:05:00,ATM,CE,3450.0,3443.1,21.65,21.85,21.35,21.85,14.078236,8800,828400
2026-08-20 13:10:00,ATM,CE,3450.0,3442.0,21.75,22.5,21.2,21.2,14.012156,5400,829800
2026-08-20 13:15:00,ATM,CE,3450.0,3441.7,21.8,21.9,20.8,21.2,14.106757,11600,828800
2026-08-20 13:20:00,ATM,CE,3450.0,3441.9,20.9,21.2,19.45,21.2,14.053291,20600,826200
2026-08-20 13:25:00,ATM,CE,3450.0,3440.5,20.95,21.2,20.05,20.2,13.8522,12000,825800
2026-08-20 13:30:00,ATM,CE,3450.0,3444.0,20.25,21.65,20.2,21.65,13.710845,5600,826800
2026-08-20 13:35:00,ATM,CE,3450.0,3444.1,21.65,21.65,20.75,20.75,13.130897,6400,825600
2026-08-20 13:40:00,ATM,CE,3450.0,3447.3,20.8,22.0,20.75,22.0,12.906957,8600,826800
2026-08-20 13:45:00,ATM,CE,3450.0,3444.4,22.35,23.0,20.5,20.5,12.895757,24400,826800
2026-08-20 13:50:00,ATM,CE,3450.0,3447.3,20.85,21.8,20.5,21.35,12.516495,9000,826200
2026-08-20 13:55:00,ATM,CE,3450.0,3445.5,20.7,21.35,20.15,20.55,12.597185,12800,826400
2026-08-20 14:00:00,ATM,CE,3450.0,3437.9,19.55,20.55,17.8,18.4,13.516506,31600,819600
2026-08-20 14:05:00,ATM,CE,3450.0,3441.1,19.0,19.85,18.4,19.85,13.505183,17400,823000
2026-08-20 14:10:00,ATM,CE,3450.0,3440.8,19.6,19.85,18.55,18.55,12.791944,9800,826000
2026-08-20 14:15:00,ATM,CE,3450.0,3439.0,18.55,19.55,18.4,18.6,13.346684,27400,828000
2026-08-20 14:20:00,ATM,CE,3450.0,3448.0,19.3,22.35,18.6,21.6,12.477112,26600,829000
2026-08-20 14:25:00,ATM,CE,3450.0,3446.3,21.75,21.85,20.8,21.4,12.903585,7600,828600
2026-08-20 14:30:00,ATM,CE,3450.0,3447.2,21.4,23.5,20.65,23.0,13.612889,39600,830600
2026-08-20 14:35:00,ATM,CE,3450.0,3451.5,22.7,24.9,22.65,24.8,13.312686,48400,822800
2026-08-20 14:40:00,ATM,CE,3450.0,3448.5,24.85,25.5,23.0,23.0,13.203498,34200,824400
2026-08-20 14:45:00,ATM,CE,3450.0,3450.2,22.5,24.25,22.5,23.9,13.2046,12800,824000
2026-08-20 14:50:00,ATM,CE,3450.0,3450.0,23.5,23.9,22.95,22.95,12.686561,20200,823600
2026-08-20 14:55:00,ATM,CE,3450.0,3452.0,23.2,23.65,22.9,23.65,12.445224,11400,824400
2026-08-20 15:00:00,ATM,CE,3450.0,3450.5,23.15,23.65,20.65,22.4,12.18608,32200,819600
2026-08-20 15:05:00,ATM,CE,3450.0,3444.4,22.5,22.5,19.7,20.2,12.796717,53800,811200
2026-08-20 15:10:00,ATM,CE,3450.0,3441.0,20.5,20.75,19.95,20.35,13.919001,28600,808800
2026-08-20 15:15:00,ATM,CE,3450.0,3441.0,20.9,20.9,19.9,20.0,13.706729,25000,802200
2026-08-20 15:20:00,ATM,CE,3450.0,3441.0,20.1,20.25,19.2,20.0,13.71243,73000,766400
2026-08-20 15:25:00,ATM,CE,3400.0,3424.8,20.15,48.45,19.65,48.2,19.636869,10000,673200
2026-08-20 15:30:00,ATM,CE,3400.0,3424.8,47.75,48.2,46.9,47.65,19.274011,8200,671200
2026-08-20 15:35:00,ATM,CE,3400.0,3424.8,48.0,48.15,45.6,47.8,19.383446,8600,669800
2026-08-21 09:15:00,ATM,CE,3450.0,3431.1,20.5,24.45,16.85,17.05,16.017944,110000,761400
2026-08-21 09:20:00,ATM,CE,3450.0,3425.9,15.2,38.7,12.9,13.1,14.636,77600,773600
2026-08-21 09:25:00,ATM,CE,3400.0,3422.4,36.0,36.0,33.55,33.95,12.077108,9400,668600
2026-08-21 09:30:00,ATM,CE,3400.0,3424.0,34.35,36.6,12.45,34.65,11.691144,77800,665200
2026-08-21 09:35:00,ATM,CE,3400.0,3424.7,11.75,35.6,11.75,34.35,10.988546,23800,667000
2026-08-21 09:40:00,ATM,CE,3450.0,3426.6,12.4,13.45,12.0,12.3,13.901802,45200,810800
2026-08-21 09:45:00,ATM,CE,3450.0,3431.2,12.55,14.35,12.15,14.35,14.143688,54600,811000
2026-08-21 09:50:00,ATM,CE,3450.0,3430.0,14.65,15.05,13.2,13.2,13.664032,59400,816200
2026-08-21 09:55:00,ATM,CE,3450.0,3432.8,13.15,13.5,12.35,13.05,12.800402,28400,815600
2026-08-21 10:00:00,ATM,CE,3450.0,3428.1,13.5,13.5,10.8,11.5,12.95797,44200,822000
2026-08-21 10:05:00,ATM,CE,3450.0,3426.7,11.75,11.75,11.1,11.1,13.031905,27200,824600
2026-08-21 10:10:00,ATM,CE,3450.0,3431.7,11.6,12.6,11.1,12.6,12.802822,24800,827600
2026-08-21 10:15:00,ATM,CE,3450.0,3429.5,12.6,12.95,12.25,12.8,13.5451,25800,822000
2026-08-21 10:20:00,ATM,CE,3450.0,3430.0,12.7,12.8,12.2,12.8,13.417474,22600,827200
2026-08-21 10:25:00,ATM,CE,3450.0,3426.0,12.8,12.8,12.3,12.45,14.225618,13600,826000
2026-08-21 10:30:00,ATM,CE,3450.0,3426.5,12.15,12.5,11.65,11.65,13.518028,34800,830000
2026-08-21 10:35:00,ATM,CE,3400.0,3418.5,33.75,34.4,29.8,30.85,11.915084,22000,662200
2026-08-21 10:40:00,ATM,CE,3400.0,3422.5,30.85,33.1,30.85,33.1,11.418044,6200,661200
2026-08-21 10:45:00,ATM,CE,3400.0,3423.2,33.35,33.35,33.1,33.15,11.025321,1400,661800
2026-08-21 10:50:00,ATM,CE,3450.0,3425.8,33.2,33.5,11.7,12.2,14.127746,30600,810400
2026-08-21 10:55:00,ATM,CE,3450.0,3425.2,34.55,35.0,11.8,12.3,14.362464,25800,807600
2026-08-21 11:00:00,ATM,CE,3400.0,3425.0,12.5,34.8,12.05,34.2,10.764835,10400,659000
2026-08-21 11:05:00,ATM,CE,3450.0,3426.2,11.9,11.9,11.5,11.5,13.529689,15400,799400
2026-08-21 11:10:00,ATM,CE,3450.0,3425.8,11.65,12.55,11.5,11.55,13.675542,17200,810600
2026-08-21 11:15:00,ATM,CE,3400.0,3421.4,11.7,35.5,10.75,31.8,11.055663,24400,658200
2026-08-21 11:20:00,ATM,CE,3400.0,3420.9,31.95,32.15,31.6,31.6,11.20081,6000,659400
2026-08-21 11:25:00,ATM,CE,3450.0,3428.6,33.0,33.0,10.85,12.05,13.333283,42200,818800
2026-08-21 11:30:00,ATM,CE,3450.0,3427.6,12.15,12.15,10.95,11.2,12.97979,23000,818200
2026-08-21 11:35:00,ATM,CE,3450.0,3426.0,11.25,11.25,10.8,11.15,13.360397,13000,822000
2026-08-21 11:40:00,ATM,CE,3450.0,3427.9,11.15,11.4,10.95,11.4,13.06135,12400,824800
2026-08-21 11:45:00,ATM,CE,3450.0,3430.1,11.85,12.6,11.4,12.35,13.176002,38400,817400
2026-08-21 11:50:00,ATM,CE,3400.0,3416.2,12.7,34.7,11.25,29.6,12.271359,19000,659000
2026-08-21 11:55:00,ATM,CE,3400.0,3417.7,29.85,31.05,29.6,30.7,12.337885,9800,663000
2026-08-21 12:00:00,ATM,CE,3400.0,3422.3,30.75,32.75,30.4,32.3,10.97377,9600,664000
2026-08-21 12:05:00,ATM,CE,3450.0,3426.5,32.95,32.95,10.8,12.35,14.156986,28400,819000
2026-08-21 12:10:00,ATM,CE,3450.0,3427.5,12.3,13.1,12.05,12.45,13.974347,44000,811600
2026-08-21 12:15:00,ATM,CE,3450.0,3430.1,13.35,13.7,12.45,12.85,13.575392,27000,807600
2026-08-21 12:20:00,ATM,CE,3450.0,3431.3,12.85,13.2,12.5,13.15,13.469256,19200,807600
2026-08-21 12:25:00,ATM,CE,3450.0,3436.0,13.4,16.0,13.15,16.0,14.142854,75200,794200
2026-08-21 12:30:00,ATM,CE,3450.0,3435.0,15.95,16.65,14.95,14.95,13.709109,59200,786800
2026-08-21 12:35:00,ATM,CE,3450.0,3430.5,15.1,15.1,12.8,12.8,13.456704,38600,779200
2026-08-21 12:40:00,ATM,CE,3450.0,3429.5,12.9,12.9,11.25,11.85,13.044333,49600,783400
2026-08-21 12:45:00,ATM,CE,3450.0,3427.1,11.9,12.35,11.35,11.45,13.38948,17200,787000
2026-08-21 12:50:00,ATM,CE,3450.0,3431.1,12.65,12.8,11.45,12.45,13.059765,23800,780400
2026-08-21 12:55:00,ATM,CE,3450.0,3432.6,12.2,12.75,11.95,12.1,12.40162,17400,779600
2026-08-21 13:00:00,ATM,CE,3450.0,3433.2,11.8,12.1,11.75,11.8,12.026184,32400,765800
2026-08-21 13:05:00,ATM,CE,3450.0,3429.3,12.2,12.7,11.65,11.7,13.019919,19200,767200
2026-08-21 13:10:00,ATM,CE,3450.0,3428.8,11.7,11.8,11.45,11.8,13.232758,8000,766200
2026-08-21 13:15:00,ATM,CE,3450.0,3433.0,11.65,12.5,11.65,12.5,12.602075,5000,765200
2026-08-21 13:20:00,ATM,CE,3450.0,3429.9,12.6,13.1,11.8,11.8,12.951546,23600,764200
2026-08-21 13:25:00,ATM,CE,3450.0,3429.8,12.0,12.1,11.8,12.1,13.203918,24000,758800
2026-08-21 13:30:00,ATM,CE,3450.0,3431.3,12.3,12.5,12.1,12.5,13.092407,17200,755600
2026-08-21 13:35:00,ATM,CE,3450.0,3428.2,12.6,12.6,11.7,12.2,13.71924,29000,747000
2026-08-21 13:40:00,ATM,CE,3450.0,3428.7,12.2,12.45,11.9,11.9,13.371899,12800,741800
2026-08-21 13:45:00,ATM,CE,3450.0,3427.6,11.85,12.0,11.45,11.45,13.336877,16400,739000
2026-08-21 13:50:00,ATM,CE,3400.0,3424.1,11.5,33.75,10.8,32.85,10.397585,12400,665400
2026-08-21 13:55:00,ATM,CE,3450.0,3429.8,32.7,32.85,10.55,12.0,13.169728,24600,737000
2026-08-21 14:00:00,ATM,CE,3450.0,3431.3,12.35,12.95,12.0,12.5,13.131257,22800,734800
2026-08-21 14:05:00,ATM,CE,3450.0,3433.4,12.55,12.85,12.4,12.4,12.480574,20400,728800
2026-08-21 14:10:00,ATM,CE,3450.0,3434.8,12.9,13.65,12.4,13.5,12.873939,42200,733600
2026-08-21 14:15:00,ATM,CE,3450.0,3436.1,13.45,14.5,13.45,14.15,12.961377,33000,731800
2026-08-21 14:20:00,ATM,CE,3450.0,3435.0,14.2,14.25,13.1,13.45,12.793284,30800,728800
2026-08-21 14:25:00,ATM,CE,3450.0,3437.1,12.75,14.5,12.6,14.3,12.782712,32000,727600
2026-08-21 14:30:00,ATM,CE,3450.0,3436.9,14.35,14.75,13.4,13.4,12.213203,57400,723800
2026-08-21 14:35:00,ATM,CE,3450.0,3436.5,13.35,13.95,12.85,13.75,12.585748,22800,717800
2026-08-21 14:40:00,ATM,CE,3450.0,3436.4,13.75,13.75,13.45,13.45,12.409079,13600,719600
2026-08-21 14:45:00,ATM,CE,3450.0,3438.1,13.5,14.05,13.3,14.05,12.330677,14800,713000
2026-08-21 14:50:00,ATM,CE,3450.0,3437.2,13.8,14.05,13.05,13.05,11.900969,31400,705200
2026-08-21 14:55:00,ATM,CE,3450.0,3435.3,13.4,13.65,13.05,13.4,12.715358,61000,702800
2026-08-21 15:00:00,ATM,CE,3450.0,3432.2,13.6,13.6,10.8,10.8,11.719527,39400,705800
2026-08-21 15:05:00,ATM,CE,3450.0,3432.1,12.45,13.3,10.8,12.3,12.84845,43600,704000
2026-08-21 15:10:00,ATM,CE,3400.0,3417.0,12.55,38.0,12.3,35.95,16.957623,27200,655800
2026-08-21 15:15:00,ATM,CE,3400.0,3417.0,37.1,37.1,35.4,35.9,16.929267,2400,656000
2026-08-21 15:20:00,ATM,CE,3400.0,3417.0,36.1,37.3,35.7,37.3,17.97685,5400,653200
2026-08-21 15:25:00,ATM,CE,3400.0,3412.2,36.5,37.3,35.6,36.1,19.256863,7000,652400
2026-08-21 15:30:00,ATM,CE,3400.0,3412.2,35.65,36.1,33.15,33.75,17.564845,11200,650200
2026-08-21 15:35:00,ATM,CE,3400.0,3412.2,33.95,35.55,33.0,34.45,18.081965,8200,650600
2026-08-24 09:15:00,ATM,CE,3400.0,3421.8,11.5,41.9,5.0,30.95,21.304183,53400,634800
2026-08-24 09:20:00,ATM,CE,3400.0,3414.1,31.15,31.15,26.1,27.3,23.388735,19600,634400
2026-08-24 09:25:00,ATM,CE,3400.0,3414.6,25.45,27.3,24.2,25.75,20.930379,16000,635400
2026-08-24 09:30:00,ATM,CE,3400.0,3409.8,25.85,27.45,22.9,22.9,21.173357,13200,634200
2026-08-24 09:35:00,ATM,CE,3400.0,3411.0,22.3,23.7,21.8,23.5,21.031767,16000,635600
2026-08-24 09:40:00,ATM,CE,3400.0,3409.6,23.65,23.65,21.8,21.85,20.025472,3800,636000
2026-08-24 09:45:00,ATM,CE,3400.0,3416.1,24.55,28.4,21.85,26.75,21.081115,25800,631800
2026-08-24 09:50:00,ATM,CE,3400.0,3415.0,27.75,28.25,26.5,26.6,21.890458,15200,631200
2026-08-24 09:55:00,ATM,CE,3400.0,3419.2,27.75,30.7,26.6,29.2,21.651935,8600,628600
2026-08-24 10:00:00,ATM,CE,3400.0,3421.0,29.3,32.15,29.2,32.15,24.115688,9600,626400
2026-08-24 10:05:00,ATM,CE,3450.0,3425.1,31.45,32.6,7.85,8.15,22.019156,19000,681000
2026-08-24 10:10:00,ATM,CE,3450.0,3441.7,9.75,17.3,8.15,16.25,24.626248,116200,676000
2026-08-24 10:15:00,ATM,CE,3450.0,3440.7,16.9,17.4,13.45,14.0,22.353514,57000,673000
2026-08-24 10:20:00,ATM,CE,3450.0,3436.9,13.9,14.2,10.65,11.95,21.760312,64600,665400
2026-08-24 10:25:00,ATM,CE,3450.0,3440.0,12.15,13.35,11.95,13.35,21.968954,23200,664200
2026-08-24 10:30:00,ATM,CE,3450.0,3441.0,13.75,14.05,13.35,14.05,22.352936,16400,662400
2026-08-24 10:35:00,ATM,CE,3450.0,3442.6,14.2,15.55,14.05,15.45,23.27659,24400,661800
2026-08-24 10:40:00,ATM,CE,3450.0,3441.9,15.2,15.45,14.4,14.55,22.558543,17400,661600
2026-08-24 10:45:00,ATM,CE,3450.0,3438.0,14.0,15.35,13.55,13.55,23.443375,90200,661800
2026-08-24 10:50:00,ATM,CE,3450.0,3437.4,13.5,14.35,13.3,13.75,24.060958,16800,658800
2026-08-24 10:55:00,ATM,CE,3450.0,3431.7,14.0,14.0,10.95,11.0,23.333366,51600,653200
2026-08-24 11:00:00,ATM,CE,3450.0,3432.0,10.85,13.1,10.7,11.15,23.427094,43400,648600
2026-08-24 11:05:00,ATM,CE,3450.0,3434.1,11.2,12.35,10.3,12.35,24.036356,18800,648600
2026-08-24 11:10:00,ATM,CE,3450.0,3433.3,12.05,12.5,11.6,11.7,23.601513,21800,649800
2026-08-24 11:15:00,ATM,CE,3450.0,3431.7,11.75,11.75,10.75,11.3,23.888283,8000,648400
2026-08-24 11:20:00,ATM,CE,3450.0,3430.9,11.15,11.3,10.3,10.35,23.002998,20400,642600
2026-08-24 11:25:00,ATM,CE,3450.0,3428.1,10.3,10.35,9.5,9.55,23.237554,21800,642400
2026-08-24 11:30:00,ATM,CE,3400.0,3424.6,9.5,34.05,8.65,33.75,23.454227,33000,583000
2026-08-24 11:35:00,ATM,CE,3400.0,3424.7,33.75,34.8,8.35,33.6,23.153037,26400,583600
2026-08-24 11:40:00,ATM,CE,3450.0,3426.8,8.6,9.35,8.15,8.15,21.903755,14000,636600
2026-08-24 11:45:00,ATM,CE,3450.0,3430.0,8.4,9.4,8.15,9.0,21.702769,21400,639200
2026-08-24 11:50:00,ATM,CE,3450.0,3430.0,9.3,9.3,8.3,8.3,20.72924,29000,640000
2026-08-24 11:55:00,ATM,CE,3450.0,3432.5,8.3,9.2,8.25,8.55,19.941327,21800,639000
2026-08-24 12:00:00,ATM,CE,3450.0,3432.1,8.5,8.9,8.1,8.1,19.520963,16600,638600
2026-08-24 12:05:00,ATM,CE,3450.0,3431.5,8.0,8.15,7.5,7.95,19.618732,30400,638400
2026-08-24 12:10:00,ATM,CE,3450.0,3429.0,7.6,7.95,7.3,7.3,19.847033,7600,637400
2026-08-24 12:15:00,ATM,CE,3450.0,3428.4,7.05,7.3,6.5,6.5,18.937242,14800,637600
2026-08-24 12:20:00,ATM,CE,3450.0,3428.2,6.5,6.5,6.0,6.45,18.979034,18400,636600
2026-08-24 12:25:00,ATM,CE,3450.0,3430.0,6.45,7.5,6.45,7.0,19.038484,23000,636800
2026-08-24 12:30:00,ATM,CE,3450.0,3429.8,6.95,7.0,6.35,6.4,18.252782,22000,637600
2026-08-24 12:35:00,ATM,CE,3450.0,3428.5,6.25,6.6,6.25,6.35,18.783939,11000,636600
2026-08-24 12:40:00,ATM,CE,3450.0,3428.2,6.25,6.35,6.0,6.2,18.713929,20000,635200
2026-08-24 12:45:00,ATM,CE,3450.0,3425.9,6.1,6.2,5.7,5.7,18.945671,14000,634200
2026-08-24 12:50:00,ATM,CE,3400.0,3420.5,5.5,25.2,5.4,22.0,7.785058,22200,568000
2026-08-24 12:55:00,ATM,CE,3400.0,3417.9,21.75,22.5,21.0,21.2,11.488503,13800,566200
2026-08-24 13:00:00,ATM,CE,3400.0,3417.4,21.5,21.7,20.75,20.85,11.6142,13200,561400
2026-08-24 13:05:00,ATM,CE,3400.0,3418.0,20.4,20.95,20.1,20.95,10.867222,13400,559800
2026-08-24 13:10:00,ATM,CE,3400.0,3416.9,20.95,20.95,20.5,20.9,12.485147,11400,557800
2026-08-24 13:15:00,ATM,CE,3400.0,3417.0,20.7,20.9,20.1,20.3,11.243637,19400,546800
2026-08-24 13:20:00,ATM,CE,3400.0,3419.3,20.5,21.0,20.3,20.85,7.773919,14600,542400
2026-08-24 13:25:00,ATM,CE,3400.0,3424.9,21.3,25.2,20.85,25.2,0.0,27400,537000
2026-08-24 13:30:00,ATM,CE,3400.0,3418.7,24.3,25.2,21.35,21.4,10.697953,21000,529800
2026-08-24 13:35:00,ATM,CE,3400.0,3418.2,21.55,22.15,20.7,20.95,10.652608,20400,530800
2026-08-24 13:40:00,ATM,CE,3400.0,3418.0,20.95,22.4,20.35,22.4,13.794335,12800,531200
2026-08-24 13:45:00,ATM,CE,3400.0,3414.6,22.25,22.4,20.3,20.3,14.557785,10800,527400
2026-08-24 13:50:00,ATM,CE,3400.0,3412.0,20.5,20.5,18.85,19.4,15.988023,16600,528200
2026-08-24 13:55:00,ATM,CE,3400.0,3407.6,18.9,19.7,18.6,18.6,18.88704,16000,525800
2026-08-24 14:00:00,ATM,CE,3400.0,3407.1,18.0,19.45,17.75,17.75,18.147086,22000,524200
2026-08-24 14:05:00,ATM,CE,3400.0,3407.9,17.85,18.25,17.65,18.25,18.20513,8400,523000
2026-08-24 14:10:00,ATM,CE,3400.0,3403.8,17.4,18.25,16.0,16.2,18.707374,12200,520200
2026-08-24 14:15:00,ATM,CE,3400.0,3409.0,15.9,18.5,15.9,18.5,17.662141,21800,524600
2026-08-24 14:20:00,ATM,CE,3400.0,3407.2,18.55,19.8,17.15,17.15,17.343022,10800,521200
2026-08-24 14:25:00,ATM,CE,3400.0,3408.3,18.1,18.8,17.15,18.8,18.773612,21000,517000
2026-08-24 14:30:00,ATM,CE,3400.0,3410.0,18.2,20.0,18.2,20.0,19.023561,11800,516800
2026-08-24 14:35:00,ATM,CE,3400.0,3409.7,19.35,20.55,19.35,20.45,19.977223,5200,515800
2026-08-24 14:40:00,ATM,CE,3400.0,3412.7,20.7,24.35,20.45,23.4,21.561845,25600,511600
2026-08-24 14:45:00,ATM,CE,3400.0,3409.0,23.65,23.65,22.05,22.1,23.021849,5400,512000
2026-08-24 14:50:00,ATM,CE,3400.0,3412.0,22.25,23.1,21.3,21.3,19.202194,8000,510200
2026-08-24 14:55:00,ATM,CE,3400.0,3407.7,21.75,21.75,20.6,20.6,22.065519,12600,509000
2026-08-24 15:00:00,ATM,CE,3400.0,3402.2,21.05,21.15,18.35,18.35,23.272882,13000,509200
2026-08-24 15:05:00,ATM,CE,3400.0,3401.3,18.0,19.3,16.9,18.7,24.466895,14400,506000
2026-08-24 15:10:00,ATM,CE,3400.0,3410.1,18.7,20.2,18.7,19.7,18.772342,19800,503800
2026-08-24 15:15:00,ATM,CE,3400.0,3410.1,20.5,20.95,19.6,19.6,18.660006,21800,501400
2026-08-24 15:20:00,ATM,CE,3400.0,3410.1,20.2,20.55,19.6,20.45,19.946641,5600,501600
2026-08-24 15:25:00,ATM,CE,3400.0,3414.1,19.5,20.6,19.5,20.3,15.709333,13000,495200
2026-08-24 15:30:00,ATM,CE,3400.0,3414.1,20.2,20.6,19.75,19.75,14.841951,4200,494600
2026-08-24 15:35:00,ATM,CE,3400.0,3414.1,19.35,20.6,18.45,19.75,14.871503,13200,485600
2026-08-25 09:15:00,ATM,CE,3400.0,3407.7,16.35,16.35,11.1,12.95,22.965326,11000,406400
2026-08-25 09:20:00,ATM,CE,3400.0,3402.3,12.35,16.05,11.2,11.2,27.25237,9400,405400
2026-08-25 09:25:00,ATM,CE,3400.0,3409.7,10.8,16.05,10.8,14.85,25.036703,11400,405400
2026-08-25 09:30:00,ATM,CE,3400.0,3410.6,15.8,21.15,14.0,17.2,30.55608,17400,405400
2026-08-25 09:35:00,ATM,CE,3400.0,3408.3,15.1,17.2,12.3,12.55,21.177471,7200,404400
2026-08-25 09:40:00,ATM,CE,3400.0,3407.9,9.9,12.55,9.9,10.25,14.752982,5000,401800
2026-08-25 09:45:00,ATM,CE,3400.0,3408.7,11.05,14.1,10.25,12.4,20.136175,8200,399000
2026-08-25 09:50:00,ATM,CE,3400.0,3407.1,13.1,13.5,11.55,12.2,23.030791,11600,399200
2026-08-25 09:55:00,ATM,CE,3400.0,3402.6,12.0,13.0,10.7,10.7,26.720836,5800,397800
2026-08-25 10:00:00,ATM,CE,3400.0,3402.0,10.3,11.05,8.8,9.4,24.068858,11800,396000
2026-08-25 10:05:00,ATM,CE,3400.0,3398.0,9.4,9.4,6.85,6.85,22.693419,3600,395200
2026-08-25 10:10:00,ATM,CE,3400.0,3400.3,6.9,7.25,5.25,5.25,14.796445,9400,393400
2026-08-25 10:15:00,ATM,CE,3400.0,3401.6,5.5,6.05,5.25,6.0,15.071075,9400,392000
2026-08-25 10:20:00,ATM,CE,3400.0,3399.1,5.7,6.2,5.6,5.6,17.89616,6000,391400
2026-08-25 10:25:00,ATM,CE,3400.0,3401.8,5.6,6.35,5.6,6.35,16.053997,3600,391000
2026-08-25 10:30:00,ATM,CE,3400.0,3401.7,6.45,6.5,5.75,6.35,16.363485,6600,387200
2026-08-25 10:35:00,ATM,CE,3400.0,3401.2,6.35,6.35,5.9,6.1,16.581741,1000,386200
2026-08-25 10:40:00,ATM,CE,3400.0,3404.5,6.2,9.45,5.6,8.3,17.563046,14200,384200
2026-08-25 10:45:00,ATM,CE,3400.0,3404.4,8.5,10.0,8.2,8.4,18.258184,9800,383600
2026-08-25 10:50:00,ATM,CE,3400.0,3406.2,7.75,9.2,7.75,9.0,16.43548,7800,383200
2026-08-25 10:55:00,ATM,CE,3400.0,3404.0,9.0,9.0,6.65,6.65,13.520247,4000,381400
2026-08-25 11:00:00,ATM,CE,3400.0,3404.9,7.6,7.6,5.55,5.55,6.780348,5600,380200
2026-08-25 11:05:00,ATM,CE,3400.0,3406.7,6.3,6.85,5.55,6.1,0.0,5400,379800
2026-08-25 11:10:00,ATM,CE,3400.0,3412.0,6.85,9.1,6.1,8.75,0.0,16600,378800
2026-08-25 11:15:00,ATM,CE,3400.0,3411.5,8.5,8.75,5.9,6.55,0.0,6400,377800
2026-08-25 11:20:00,ATM,CE,3400.0,3407.4,6.65,6.65,5.0,5.0,0.0,30000,377800
2026-08-25 11:25:00,ATM,CE,3400.0,3410.9,5.0,6.6,5.0,5.95,0.0,5800,378000
2026-08-25 11:30:00,ATM,CE,3400.0,3404.8,5.0,6.2,5.0,5.0,3.787358,25400,382000
2026-08-25 11:35:00,ATM,CE,3400.0,3408.3,6.3,8.25,5.0,8.25,0.0,9000,383000
2026-08-25 11:40:00,ATM,CE,3400.0,3408.3,6.75,8.25,6.5,7.75,0.0,8400,379600
2026-08-25 11:45:00,ATM,CE,3400.0,3406.1,7.75,7.8,6.1,7.1,10.541795,13400,377400
2026-08-25 11:50:00,ATM,CE,3400.0,3407.0,7.0,7.45,7.0,7.0,0.0,11400,375200
2026-08-25 11:55:00,ATM,CE,3400.0,3412.3,7.0,9.5,7.0,9.0,0.0,6000,375000
2026-08-25 12:00:00,ATM,CE,3400.0,3413.9,9.15,9.15,9.0,9.0,0.0,5800,374800
2026-08-25 12:05:00,ATM,CE,3400.0,3415.0,9.2,10.4,9.0,10.4,0.0,8600,375600
2026-08-25 12:10:00,ATM,CE,3400.0,3415.7,10.0,11.35,10.0,10.55,0.0,2000,375800
2026-08-25 12:15:00,ATM,CE,3400.0,3415.0,10.7,10.95,10.0,10.95,0.0,4400,374800
2026-08-25 12:20:00,ATM,CE,3400.0,3418.9,10.0,13.0,10.0,13.0,0.0,4400,373400
2026-08-25 12:25:00,ATM,CE,3400.0,3418.4,13.65,15.6,12.55,13.7,0.0,22600,382200
2026-08-25 12:30:00,ATM,CE,3400.0,3424.0,13.0,16.85,12.5,16.85,0.0,3800,383800
2026-08-25 12:35:00,ATM,CE,3400.0,3421.5,16.15,16.85,11.95,11.95,0.0,4400,382000
2026-08-25 12:40:00,ATM,CE,3400.0,3416.0,16.65,16.65,11.95,12.55,0.0,2000,381200
2026-08-25 12:45:00,ATM,CE,3400.0,3417.7,12.55,14.8,11.65,12.15,0.0,1000,381000
2026-08-25 12:50:00,ATM,CE,3400.0,3417.6,15.4,17.85,12.15,17.85,16.346847,2600,379800
2026-08-25 12:55:00,ATM,CE,3400.0,3413.9,17.85,17.85,11.1,11.1,0.0,2600,378800
2026-08-25 13:00:00,ATM,CE,3400.0,3408.1,14.3,14.3,5.0,6.7,0.0,22800,370800
2026-08-25 13:05:00,ATM,CE,3400.0,3409.4,6.65,12.35,6.65,8.25,0.0,3400,370400
2026-08-25 13:10:00,ATM,CE,3400.0,3409.0,8.9,14.0,8.25,11.3,24.919415,5800,370400
2026-08-25 13:15:00,ATM,CE,3400.0,3407.1,10.05,11.3,5.0,10.3,27.236228,14200,369600
2026-08-25 13:20:00,ATM,CE,3400.0,3407.6,11.15,12.0,10.3,11.35,31.380209,2000,369200
2026-08-25 13:25:00,ATM,CE,3400.0,3407.2,11.35,11.35,11.35,11.35,33.357809,0,369200
2026-08-25 13:30:00,ATM,CE,3400.0,3410.2,11.35,13.05,11.35,11.75,23.972542,2400,369200
2026-08-25 13:35:00,ATM,CE,3400.0,3409.8,8.85,11.85,8.85,10.4,16.590612,2200,368600
2026-08-25 13:40:00,ATM,CE,3400.0,3409.6,11.5,11.5,10.4,10.5,19.369636,400,368000
2026-08-25 13:45:00,ATM,CE,3400.0,3410.9,10.5,12.95,10.5,10.7,0.0,1800,367600
2026-08-25 13:50:00,ATM,CE,3400.0,3414.4,10.7,11.0,10.7,11.0,0.0,400,367800
2026-08-25 13:55:00,ATM,CE,3400.0,3414.3,14.9,15.0,11.0,15.0,25.06981,800,367200
2026-08-25 14:00:00,ATM,CE,3400.0,3419.9,15.0,17.5,11.15,17.15,0.0,1600,366400
2026-08-25 14:05:00,ATM,CE,3400.0,3418.7,17.15,17.15,17.15,17.15,0.0,0,366400
2026-08-25 14:10:00,ATM,CE,3400.0,3418.8,17.15,17.15,17.15,17.15,0.0,0,366400
2026-08-25 14:15:00,ATM,CE,3400.0,3422.0,17.1,18.0,17.1,18.0,0.0,1200,365400
2026-08-25 14:20:00,ATM,CE,3400.0,3421.3,18.0,18.0,18.0,18.0,0.0,0,365400
2026-08-25 14:25:00,ATM,CE,3400.0,3424.0,18.15,21.7,18.0,21.7,0.0,3400,364000
2026-08-25 14:30:00,ATM,CE,3400.0,3424.0,25.0,25.0,0.05,18.0,0.0,8200,362000
2026-08-25 14:35:00,ATM,CE,3400.0,3424.5,0.05,23.15,0.05,23.15,0.0,600,361800
2026-08-25 14:40:00,ATM,CE,3450.0,3426.9,24.4,24.4,0.05,0.05,29.706242,400,522000
2026-08-25 14:45:00,ATM,CE,3450.0,3430.1,0.05,0.05,0.05,0.05,27.388329,0,522000
2026-08-25 14:50:00,ATM,CE,3450.0,3433.4,0.05,0.05,0.05,0.05,24.703668,400,521800
2026-08-25 14:55:00,ATM,CE,3450.0,3435.3,0.05,0.05,0.05,0.05,23.618888,1000,521400
2026-08-25 15:00:00,ATM,CE,3450.0,3429.6,0.05,0.05,0.05,0.05,33.458136,1600,519200
2026-08-25 15:05:00,ATM,CE,3450.0,3436.9,0.05,0.05,0.05,0.05,24.733382,200,519200
2026-08-25 15:10:00,ATM,CE,3450.0,3440.0,0.05,0.05,0.05,0.05,21.573935,0,519200
2026-08-25 15:15:00,ATM,CE,3450.0,3440.0,0.05,0.05,0.05,0.05,24.127241,0,519200
2026-08-25 15:20:00,ATM,CE,3450.0,3440.0,0.05,0.05,0.05,0.05,27.867469,0,519200
2026-08-25 15:25:00,ATM,CE,3450.0,3443.0,0.05,0.05,0.05,0.05,25.371072,0,519200
2026-08-25 15:30:00,ATM,CE,3450.0,3443.0,0.05,0.05,0.05,0.05,35.898632,1400,519000
2026-08-25 15:35:00,ATM,CE,3450.0,3443.0,0.05,0.05,0.05,0.05,0.0,0,519000
2026-08-20 09:15:00,ATM,PE,3400.0,3401.4,22.5,27.55,18.3,27.55,18.793698,80400,595400
2026-08-20 09:20:00,ATM,PE,3400.0,3404.0,26.5,27.55,24.7,26.05,18.604661,29400,601200
2026-08-20 09:25:00,ATM,PE,3400.0,3408.0,25.75,26.05,23.05,24.1,18.487963,31800,605600
2026-08-20 09:30:00,ATM,PE,3400.0,3415.8,24.8,25.75,22.8,22.8,19.688361,21200,613800
2026-08-20 09:35:00,ATM,PE,3400.0,3420.7,20.6,22.8,20.0,21.15,19.838197,29800,614200
2026-08-20 09:40:00,ATM,PE,3400.0,3422.9,21.2,22.0,21.15,21.15,20.367712,18000,612800
2026-08-20 09:45:00,ATM,PE,3400.0,3425.0,20.55,21.15,19.5,19.6,19.85338,23000,619000
2026-08-20 09:50:00,ATM,PE,3400.0,3421.6,19.5,21.95,19.5,21.05,20.006099,16800,623200
2026-08-20 09:55:00,ATM,PE,3400.0,3420.8,20.3,21.1,19.45,21.1,19.853018,16800,627800
2026-08-20 10:00:00,ATM,PE,3400.0,3416.1,20.7,22.6,20.7,22.35,19.511307,14800,623000
2026-08-20 10:05:00,ATM,PE,3400.0,3417.8,22.6,23.0,21.6,21.9,19.650567,6000,621000
2026-08-20 10:10:00,ATM,PE,3400.0,3418.8,22.35,22.65,21.7,21.95,19.93345,6800,620000
2026-08-20 10:15:00,ATM,PE,3400.0,3422.4,21.75,21.95,20.9,21.0,20.193455,11000,616800
2026-08-20 10:20:00,ATM,PE,3400.0,3422.4,21.1,21.45,20.0,21.15,20.29681,11400,620400
2026-08-20 10:25:00,ATM,PE,3400.0,3421.5,21.3,21.55,20.55,20.55,19.698816,5600,618600
2026-08-20 10:30:00,ATM,PE,3400.0,3422.6,20.5,20.8,20.0,20.0,19.607174,3000,618200
2026-08-20 10:35:00,ATM,PE,3400.0,3420.0,20.4,21.3,20.0,21.3,19.835929,3200,617600
2026-08-20 10:40:00,ATM,PE,3400.0,3419.2,21.4,21.45,20.75,20.75,19.292809,3200,618200
2026-08-20 10:45:00,ATM,PE,3400.0,3422.3,21.2,21.6,20.75,21.25,20.367887,15800,620000
2026-08-20 10:50:00,ATM,PE,3400.0,3421.5,20.25,21.25,19.55,20.0,19.369638,9000,625200
2026-08-20 10:55:00,ATM,PE,3400.0,3420.3,20.65,21.5,20.0,20.9,19.672852,7400,624000
2026-08-20 11:00:00,ATM,PE,3450.0,3426.0,21.15,46.2,19.65,45.75,21.649223,7400,234000
2026-08-20 11:05:00,ATM,PE,3450.0,3426.8,45.75,45.75,43.85,44.45,21.131571,3200,234000
2026-08-20 11:10:00,ATM,PE,3450.0,3426.8,43.9,44.45,42.75,42.95,20.197403,3200,233200
2026-08-20 11:15:00,ATM,PE,3450.0,3425.6,20.0,45.55,18.4,45.0,21.050399,2000,233400
2026-08-20 11:20:00,ATM,PE,3450.0,3427.0,44.25,45.0,18.7,42.7,20.124726,2400,233400
2026-08-20 11:25:00,ATM,PE,3450.0,3430.3,44.25,44.25,41.35,41.35,20.469978,1800,233000
2026-08-20 11:30:00,ATM,PE,3450.0,3430.4,40.5,41.55,40.05,41.55,20.63527,4200,233400
2026-08-20 11:35:00,ATM,PE,3450.0,3433.0,41.85,41.85,39.85,39.85,20.487236,1400,234400
2026-08-20 11:40:00,ATM,PE,3450.0,3430.9,39.2,40.8,39.2,40.8,20.355489,1600,234000
2026-08-20 11:45:00,ATM,PE,3450.0,3432.2,41.0,41.55,40.4,41.55,21.277932,1000,233200
2026-08-20 11:50:00,ATM,PE,3450.0,3431.2,40.65,41.55,40.5,41.2,20.720574,2400,232800
2026-08-20 11:55:00,ATM,PE,3450.0,3434.7,40.85,41.2,39.0,39.0,20.561449,4400,233400
2026-08-20 12:00:00,ATM,PE,3450.0,3433.2,39.0,39.85,38.0,39.85,20.584506,3400,233200
2026-08-20 12:05:00,ATM,PE,3450.0,3439.5,39.85,39.85,35.5,35.5,19.994944,16600,234200
2026-08-20 12:10:00,ATM,PE,3450.0,3445.3,34.0,35.5,31.35,31.65,19.449009,12200,240000
2026-08-20 12:15:00,ATM,PE,3450.0,3447.5,31.9,31.9,31.0,31.0,19.715849,4000,239800
2026-08-20 12:20:00,ATM,PE,3450.0,3446.6,31.4,31.4,30.45,30.8,19.330573,15000,238600
2026-08-20 12:25:00,ATM,PE,3450.0,3446.0,31.2,31.25,30.5,30.55,19.002448,25800,233800
2026-08-20 12:30:00,ATM,PE,3450.0,3445.5,31.3,31.9,30.55,30.9,19.07157,11200,239800
2026-08-20 12:35:00,ATM,PE,3450.0,3446.1,30.95,31.35,30.6,30.65,19.104847,3600,241000
2026-08-20 12:40:00,ATM,PE,3450.0,3446.8,30.35,30.65,29.25,29.75,18.767706,13600,243400
2026-08-20 12:45:00,ATM,PE,3450.0,3455.7,28.4,29.75,25.0,25.0,18.388615,27000,249200
2026-08-20 12:50:00,ATM,PE,3450.0,3451.0,25.0,26.35,24.95,26.35,17.915931,19400,251400
2026-08-20 12:55:00,ATM,PE,3450.0,3442.6,27.0,31.4,26.35,31.2,18.388863,11800,247400
2026-08-20 13:00:00,ATM,PE,3450.0,3442.8,31.2,31.7,30.35,31.7,18.764522,4600,246400
2026-08-20 13:05:00,ATM,PE,3450.0,3443.1,31.6,31.7,30.6,30.6,18.186255,2800,246200
2026-08-20 13:10:00,ATM,PE,3450.0,3442.0,30.6,31.35,30.0,31.35,18.307968,1800,246400
2026-08-20 13:15:00,ATM,PE,3450.0,3441.7,31.35,31.8,30.25,31.75,18.464822,5200,247800
2026-08-20 13:20:00,ATM,PE,3450.0,3441.9,32.0,33.0,30.8,30.8,17.947433,4800,248600
2026-08-20 13:25:00,ATM,PE,3450.0,3440.5,30.8,32.15,30.8,32.05,18.277085,2200,248800
2026-08-20 13:30:00,ATM,PE,3450.0,3444.0,31.55,32.05,31.55,31.7,19.170215,1200,249200
2026-08-20 13:35:00,ATM,PE,3450.0,3444.1,30.15,31.7,30.15,31.0,18.774945,2800,248600
2026-08-20 13:40:00,ATM,PE,3450.0,3447.3,31.0,31.0,30.45,30.5,19.444959,1800,248800
2026-08-20 13:45:00,ATM,PE,3450.0,3444.4,29.85,31.2,28.65,30.95,18.847531,8000,249800
2026-08-20 13:50:00,ATM,PE,3450.0,3447.3,31.15,31.15,29.8,30.2,19.271096,4000,251400
2026-08-20 13:55:00,ATM,PE,3450.0,3445.5,31.7,31.7,29.85,30.2,18.732818,6800,253000
2026-08-20 14:00:00,ATM,PE,3450.0,3437.9,30.95,34.3,30.2,33.95,18.64089,20800,263200
2026-08-20 14:05:00,ATM,PE,3450.0,3441.1,33.5,33.95,31.35,31.95,18.449601,3600,263000
2026-08-20 14:10:00,ATM,PE,3450.0,3440.8,32.05,33.8,31.95,33.8,19.50451,4600,260200
2026-08-20 14:15:00,ATM,PE,3450.0,3439.0,33.25,34.45,32.3,33.5,18.740266,23400,263800
2026-08-20 14:20:00,ATM,PE,3450.0,3448.0,32.95,33.5,29.0,29.75,19.23562,13400,263200
2026-08-20 14:25:00,ATM,PE,3450.0,3446.3,29.95,31.0,29.75,30.5,19.19444,3400,263600
2026-08-20 14:30:00,ATM,PE,3450.0,3447.2,30.5,31.25,28.5,29.8,19.038469,9000,262600
2026-08-20 14:35:00,ATM,PE,3450.0,3451.5,29.95,30.05,28.05,28.05,19.223655,15400,263800
2026-08-20 14:40:00,ATM,PE,3450.0,3448.5,27.55,29.4,26.95,29.35,19.159034,12600,261400
2026-08-20 14:45:00,ATM,PE,3450.0,3450.2,30.15,30.15,28.25,28.85,19.354787,2000,260600
2026-08-20 14:50:00,ATM,PE,3450.0,3450.0,28.85,29.0,28.05,28.8,19.271047,3400,260400
2026-08-20 14:55:00,ATM,PE,3450.0,3452.0,28.55,28.8,27.8,27.8,19.234608,5600,261000
2026-08-20 15:00:00,ATM,PE,3450.0,3450.5,28.15,30.3,27.8,28.25,19.086747,13000,261400
2026-08-20 15:05:00,ATM,PE,3450.0,3444.4,28.3,31.0,28.25,30.8,18.841891,12800,265200
2026-08-20 15:10:00,ATM,PE,3450.0,3441.0,31.2,31.5,30.05,30.2,17.39765,6200,263400
2026-08-20 15:15:00,ATM,PE,3450.0,3441.0,30.65,31.1,30.05,31.1,17.962661,3000,263200
2026-08-20 15:20:00,ATM,PE,3450.0,3441.0,30.85,32.6,30.85,32.3,18.714729,16800,253600
2026-08-20 15:25:00,ATM,PE,3400.0,3424.8,32.15,32.5,11.85,11.95,14.962771,8200,585400
2026-08-20 15:30:00,ATM,PE,3400.0,3424.8,12.15,12.15,11.65,11.65,14.754179,15200,581000
2026-08-20 15:35:00,ATM,PE,3400.0,3424.8,11.65,12.0,11.45,11.55,14.687372,13200,578800
2026-08-21 09:15:00,ATM,PE,3450.0,3431.1,29.95,39.2,25.9,38.85,20.804419,27400,239200
2026-08-21 09:20:00,ATM,PE,3450.0,3425.9,39.4,45.2,14.55,42.45,21.200906,47000,236400
2026-08-21 09:25:00,ATM,PE,3400.0,3422.4,17.0,18.4,16.85,18.1,20.031233,22200,574600
2026-08-21 09:30:00,ATM,PE,3400.0,3424.0,17.4,43.4,15.65,16.6,19.351724,18200,565600
2026-08-21 09:35:00,ATM,PE,3400.0,3424.7,44.2,44.75,15.5,16.6,19.535332,16600,567800
2026-08-21 09:40:00,ATM,PE,3450.0,3426.6,43.2,44.05,41.25,43.1,21.972589,17800,237800
2026-08-21 09:45:00,ATM,PE,3450.0,3431.2,43.1,44.0,39.7,39.7,21.471957,12400,234800
2026-08-21 09:50:00,ATM,PE,3450.0,3430.0,38.8,40.9,37.85,40.9,21.833772,9400,238600
2026-08-21 09:55:00,ATM,PE,3450.0,3432.8,41.55,42.05,39.1,39.1,21.695691,3000,239000
2026-08-21 10:00:00,ATM,PE,3450.0,3428.1,38.95,43.35,38.95,43.35,22.785828,6400,235200
2026-08-21 10:05:00,ATM,PE,3450.0,3426.7,43.35,43.35,42.35,42.35,21.528806,1400,234600
2026-08-21 10:10:00,ATM,PE,3450.0,3431.7,41.75,42.35,39.65,39.65,21.67059,4800,235800
2026-08-21 10:15:00,ATM,PE,3450.0,3429.5,40.8,41.2,39.65,40.65,21.499754,2600,233800
2026-08-21 10:20:00,ATM,PE,3450.0,3430.0,40.65,41.3,40.2,40.2,21.395314,2800,233200
2026-08-21 10:25:00,ATM,PE,3450.0,3426.0,40.2,41.95,40.2,41.1,20.389859,1800,233000
2026-08-21 10:30:00,ATM,PE,3450.0,3426.5,42.0,44.2,41.0,44.2,22.776198,8200,232800
2026-08-21 10:35:00,ATM,PE,3400.0,3418.5,16.25,20.3,16.2,20.0,20.472409,76800,554400
2026-08-21 10:40:00,ATM,PE,3400.0,3422.5,20.3,20.3,17.7,17.9,20.021886,21200,552000
2026-08-21 10:45:00,ATM,PE,3400.0,3423.2,18.35,18.35,17.7,17.7,20.064091,3600,551600
2026-08-21 10:50:00,ATM,PE,3450.0,3425.8,17.7,46.15,17.1,43.3,21.888343,2800,229200
2026-08-21 10:55:00,ATM,PE,3450.0,3425.2,16.2,44.2,16.2,43.9,22.066572,4600,230800
2026-08-21 11:00:00,ATM,PE,3400.0,3425.0,43.75,44.05,16.35,16.4,19.585419,3200,550600
2026-08-21 11:05:00,ATM,PE,3450.0,3426.2,44.0,44.0,43.5,43.5,22.218358,1600,229600
2026-08-21 11:10:00,ATM,PE,3450.0,3425.8,42.0,43.5,41.15,43.4,21.989396,1800,229600
2026-08-21 11:15:00,ATM,PE,3400.0,3421.4,43.2,43.5,15.8,18.0,19.859486,5000,549400
2026-08-21 11:20:00,ATM,PE,3400.0,3420.9,17.85,18.2,17.65,18.2,19.881148,6400,551800
2026-08-21 11:25:00,ATM,PE,3450.0,3428.6,18.25,44.9,17.25,41.45,21.799845,9000,230000
2026-08-21 11:30:00,ATM,PE,3450.0,3427.6,41.55,42.85,41.0,42.8,22.343897,3200,230200
2026-08-21 11:35:00,ATM,PE,3450.0,3426.0,42.8,43.3,42.8,43.3,22.041416,600,230400
2026-08-21 11:40:00,ATM,PE,3450.0,3427.9,43.6,43.6,42.35,42.35,22.167361,1000,230000
2026-08-21 11:45:00,ATM,PE,3450.0,3430.1,40.7,42.35,40.7,41.0,22.121346,1400,229600
2026-08-21 11:50:00,ATM,PE,3400.0,3416.2,40.4,43.15,16.75,20.8,20.526975,18000,553800
2026-08-21 11:55:00,ATM,PE,3400.0,3417.7,20.65,20.95,20.4,20.65,20.842928,13400,551200
2026-08-21 12:00:00,ATM,PE,3400.0,3422.3,20.6,21.15,19.35,19.55,21.298248,19400,541200
2026-08-21 12:05:00,ATM,PE,3450.0,3426.5,19.0,48.7,19.0,45.4,23.773793,5000,221600
2026-08-21 12:10:00,ATM,PE,3450.0,3427.5,45.4,46.3,43.5,43.5,22.858194,2400,221600
2026-08-21 12:15:00,ATM,PE,3450.0,3430.1,44.3,44.3,41.55,42.1,22.936401,3400,221600
2026-08-21 12:20:00,ATM,PE,3450.0,3431.3,41.8,42.15,40.9,40.9,22.583954,2000,220800
2026-08-21 12:25:00,ATM,PE,3450.0,3436.0,40.9,40.9,38.8,39.1,23.149991,3600,221200
2026-08-21 12:30:00,ATM,PE,3450.0,3435.0,36.85,39.1,35.35,37.8,21.883039,7200,221000
2026-08-21 12:35:00,ATM,PE,3450.0,3430.5,38.8,41.7,37.8,41.7,22.849596,5800,221200
2026-08-21 12:40:00,ATM,PE,3450.0,3429.5,42.15,45.25,41.7,45.1,24.834371,2800,220200
2026-08-21 12:45:00,ATM,PE,3450.0,3427.1,44.0,45.45,43.3,45.45,24.123919,2600,219400
2026-08-21 12:50:00,ATM,PE,3450.0,3431.1,43.95,45.45,41.75,41.9,23.251798,4000,221600
2026-08-21 12:55:00,ATM,PE,3450.0,3432.6,41.9,42.45,41.5,41.5,23.568228,1800,220800
2026-08-21 13:00:00,ATM,PE,3450.0,3433.2,42.3,42.3,41.5,42.25,24.329567,2600,219600
2026-08-21 13:05:00,ATM,PE,3450.0,3429.3,41.3,42.25,41.3,41.3,22.136358,600,219800
2026-08-21 13:10:00,ATM,PE,3450.0,3428.8,41.3,42.5,41.3,42.5,22.784938,2000,220000
2026-08-21 13:15:00,ATM,PE,3450.0,3433.0,42.5,42.55,41.45,41.45,23.723112,1200,220000
2026-08-21 13:20:00,ATM,PE,3450.0,3429.9,40.7,42.45,40.05,42.45,23.21049,3800,218000
2026-08-21 13:25:00,ATM,PE,3450.0,3429.8,42.45,43.0,42.45,42.65,23.319238,4000,217000
2026-08-21 13:30:00,ATM,PE,3450.0,3431.3,42.65,42.65,42.1,42.1,23.53906,1200,216400
2026-08-21 13:35:00,ATM,PE,3450.0,3428.2,42.4,45.9,42.1,45.25,24.519491,12600,210400
2026-08-21 13:40:00,ATM,PE,3450.0,3428.7,44.8,45.25,44.65,44.65,24.308317,2000,210000
2026-08-21 13:45:00,ATM,PE,3450.0,3427.6,44.65,45.45,44.65,45.45,24.434944,4000,209600
2026-08-21 13:50:00,ATM,PE,3400.0,3424.1,45.3,45.55,18.5,19.05,21.586532,6000,621600
2026-08-21 13:55:00,ATM,PE,3450.0,3429.8,19.0,46.85,18.55,42.7,23.405988,3400,207200
2026-08-21 14:00:00,ATM,PE,3450.0,3431.3,42.7,42.7,40.6,41.7,23.310856,1400,206600
2026-08-21 14:05:00,ATM,PE,3450.0,3433.4,41.15,41.7,40.0,40.4,23.232833,2600,205800
2026-08-21 14:10:00,ATM,PE,3450.0,3434.8,39.6,41.7,39.3,40.75,24.024158,2600,205200
2026-08-21 14:15:00,ATM,PE,3450.0,3436.1,40.0,40.75,38.0,39.0,23.307431,3400,203800
2026-08-21 14:20:00,ATM,PE,3450.0,3435.0,38.9,40.25,38.9,39.65,23.351282,3800,204000
2026-08-21 14:25:00,ATM,PE,3450.0,3437.1,41.25,41.7,37.55,37.55,22.691954,2800,204600
2026-08-21 14:30:00,ATM,PE,3450.0,3436.9,37.5,38.4,37.5,38.4,23.217082,3800,203800
2026-08-21 14:35:00,ATM,PE,3450.0,3436.5,40.05,40.05,38.4,39.25,23.667543,2400,204200
2026-08-21 14:40:00,ATM,PE,3450.0,3436.4,38.8,39.4,38.75,39.4,23.743358,3000,203400
2026-08-21 14:45:00,ATM,PE,3450.0,3438.1,39.0,39.4,37.4,37.95,23.377951,2000,202800
2026-08-21 14:50:00,ATM,PE,3450.0,3437.2,36.65,38.75,36.65,37.9,23.016084,10600,205000
2026-08-21 14:55:00,ATM,PE,3450.0,3435.3,37.7,39.15,37.15,38.1,22.443141,4200,202000
2026-08-21 15:00:00,ATM,PE,3450.0,3432.2,37.95,39.45,37.05,39.25,22.046525,7400,200000
2026-08-21 15:05:00,ATM,PE,3450.0,3432.1,36.05,39.25,35.95,36.45,20.036367,10000,199800
2026-08-21 15:10:00,ATM,PE,3400.0,3417.0,36.45,36.8,12.5,13.25,15.492015,10600,624200
2026-08-21 15:15:00,ATM,PE,3400.0,3417.0,12.95,13.3,12.95,13.1,15.384886,5400,622800
2026-08-21 15:20:00,ATM,PE,3400.0,3417.0,13.05,13.1,12.5,12.5,14.937439,8200,624400
2026-08-21 15:25:00,ATM,PE,3400.0,3412.2,12.55,12.55,11.6,12.25,13.473106,14400,621800
2026-08-21 15:30:00,ATM,PE,3400.0,3412.2,12.2,13.9,12.2,13.9,14.698081,16400,615000
2026-08-21 15:35:00,ATM,PE,3400.0,3412.2,14.0,14.05,12.35,12.9,13.965106,7600,614400
2026-08-24 09:15:00,ATM,PE,3400.0,3421.8,7.65,13.05,7.65,12.1,27.07902,24800,598600
2026-08-24 09:20:00,ATM,PE,3400.0,3414.1,11.7,14.8,11.7,13.2,24.933954,26000,596200
2026-08-24 09:25:00,ATM,PE,3400.0,3414.6,14.2,15.25,13.2,13.85,26.068373,18800,592000
2026-08-24 09:30:00,ATM,PE,3400.0,3409.8,13.8,16.45,13.4,16.45,27.001456,21400,588000
2026-08-24 09:35:00,ATM,PE,3400.0,3411.0,16.6,17.85,16.0,16.1,27.223384,26400,587800
2026-08-24 09:40:00,ATM,PE,3400.0,3409.6,15.9,17.5,15.9,16.85,27.479886,7400,586800
2026-08-24 09:45:00,ATM,PE,3400.0,3416.1,15.05,16.85,12.6,13.35,26.285867,34800,586600
2026-08-24 09:50:00,ATM,PE,3400.0,3415.0,13.25,13.75,13.0,13.75,26.309268,9000,584600
2026-08-24 09:55:00,ATM,PE,3400.0,3419.2,12.9,13.75,11.65,12.75,27.044434,12200,584400
2026-08-24 10:00:00,ATM,PE,3400.0,3421.0,13.0,13.0,12.15,12.3,27.311762,25000,584000
2026-08-24 10:05:00,ATM,PE,3450.0,3425.1,12.7,36.75,11.25,33.2,23.904998,7000,165000
2026-08-24 10:10:00,ATM,PE,3450.0,3441.7,32.05,33.2,22.9,24.0,25.397897,14000,164600
2026-08-24 10:15:00,ATM,PE,3450.0,3440.7,23.2,26.3,23.2,24.35,25.167844,9400,166600
2026-08-24 10:20:00,ATM,PE,3450.0,3436.9,25.45,28.75,24.35,26.7,25.407575,5800,163800
2026-08-24 10:25:00,ATM,PE,3450.0,3440.0,27.05,27.05,24.85,25.25,25.881437,3600,164600
2026-08-24 10:30:00,ATM,PE,3450.0,3441.0,24.8,25.85,23.0,23.0,23.756565,4000,165400
2026-08-24 10:35:00,ATM,PE,3450.0,3442.6,23.5,23.55,22.7,22.7,24.541741,2600,164400
2026-08-24 10:40:00,ATM,PE,3450.0,3441.9,22.25,23.95,22.25,23.25,24.784706,3600,166800
2026-08-24 10:45:00,ATM,PE,3450.0,3438.0,23.7,24.4,21.8,24.1,23.032818,18400,165600
2026-08-24 10:50:00,ATM,PE,3450.0,3437.4,24.6,25.05,23.45,24.65,23.317184,8800,164200
2026-08-24 10:55:00,ATM,PE,3450.0,3431.7,24.1,29.05,24.0,29.05,24.529684,5400,163200
2026-08-24 11:00:00,ATM,PE,3450.0,3432.0,28.55,29.5,26.0,28.9,24.61755,6400,162200
2026-08-24 11:05:00,ATM,PE,3450.0,3434.1,29.8,30.45,27.85,28.0,25.203541,3000,161600
2026-08-24 11:10:00,ATM,PE,3450.0,3433.3,27.65,28.0,26.7,27.5,23.897712,1800,161000
2026-08-24 11:15:00,ATM,PE,3450.0,3431.7,28.35,29.25,27.5,28.0,23.223116,7200,161800
2026-08-24 11:20:00,ATM,PE,3450.0,3430.9,28.0,29.6,28.0,29.1,24.059214,2800,161400
2026-08-24 11:25:00,ATM,PE,3450.0,3428.1,31.2,31.8,29.1,31.05,24.246022,3800,163000
2026-08-24 11:30:00,ATM,PE,3400.0,3424.6,32.05,34.25,9.35,9.8,26.063174,16600,537000
2026-08-24 11:35:00,ATM,PE,3400.0,3424.7,9.7,34.45,9.3,9.65,25.922797,4800,534400
2026-08-24 11:40:00,ATM,PE,3450.0,3426.8,34.3,35.35,33.0,35.35,29.192034,4000,159400
2026-08-24 11:45:00,ATM,PE,3450.0,3430.0,33.6,35.35,32.8,32.9,28.674611,800,159200
2026-08-24 11:50:00,ATM,PE,3450.0,3430.0,34.55,36.25,32.9,36.1,33.071892,5200,159400
2026-08-24 11:55:00,ATM,PE,3450.0,3432.5,35.1,37.05,35.1,36.1,35.141579,4200,160600
2026-08-24 12:00:00,ATM,PE,3450.0,3432.1,35.75,37.0,34.05,36.4,35.27619,1400,159800
2026-08-24 12:05:00,ATM,PE,3450.0,3431.5,36.4,37.45,35.9,37.05,35.720206,1800,159600
2026-08-24 12:10:00,ATM,PE,3450.0,3429.0,37.05,38.9,37.05,38.9,36.236774,1200,159200
2026-08-24 12:15:00,ATM,PE,3450.0,3428.4,38.4,39.7,38.4,39.7,36.880071,1200,158800
2026-08-24 12:20:00,ATM,PE,3450.0,3428.2,39.65,40.65,39.5,40.65,38.061689,1800,158600
2026-08-24 12:25:00,ATM,PE,3450.0,3430.0,38.8,40.65,36.7,36.7,34.225126,1600,157600
2026-08-24 12:30:00,ATM,PE,3450.0,3429.8,36.5,38.3,36.45,37.95,35.814909,1000,157200
2026-08-24 12:35:00,ATM,PE,3450.0,3428.5,37.95,38.3,37.4,38.3,35.258979,600,157000
2026-08-24 12:40:00,ATM,PE,3450.0,3428.2,39.2,39.2,38.2,39.05,36.089187,3000,156200
2026-08-24 12:45:00,ATM,PE,3450.0,3425.9,40.0,40.8,39.05,40.45,36.102649,3200,154800
2026-08-24 12:50:00,ATM,PE,3400.0,3420.5,41.25,41.85,10.7,12.55,28.781925,30600,474400
2026-08-24 12:55:00,ATM,PE,3400.0,3417.9,12.65,13.7,12.55,13.55,28.947005,13200,474600
2026-08-24 13:00:00,ATM,PE,3400.0,3417.4,13.4,13.55,12.95,13.5,28.663309,18200,464200
2026-08-24 13:05:00,ATM,PE,3400.0,3418.0,13.7,13.9,13.0,13.05,28.374145,32200,454600
2026-08-24 13:10:00,ATM,PE,3400.0,3416.9,13.1,13.45,12.4,12.5,27.070292,29600,457200
2026-08-24 13:15:00,ATM,PE,3400.0,3417.0,12.5,13.15,12.5,13.1,28.018313,35200,466800
2026-08-24 13:20:00,ATM,PE,3400.0,3419.3,12.55,13.1,11.9,11.9,27.502447,5200,462800
2026-08-24 13:25:00,ATM,PE,3400.0,3424.9,12.1,12.1,9.65,9.95,27.334358,31800,458000
2026-08-24 13:30:00,ATM,PE,3400.0,3418.7,10.2,11.8,9.7,11.8,27.140516,28000,458600
2026-08-24 13:35:00,ATM,PE,3400.0,3418.2,11.5,12.15,11.4,12.15,27.438138,12600,462000
2026-08-24 13:40:00,ATM,PE,3400.0,3418.0,12.0,12.75,11.8,11.8,26.870482,8600,458000
2026-08-24 13:45:00,ATM,PE,3400.0,3414.6,11.75,13.2,11.75,13.2,27.155615,17000,453600
2026-08-24 13:50:00,ATM,PE,3400.0,3412.0,13.2,14.35,12.9,14.15,27.125684,40000,448800
2026-08-24 13:55:00,ATM,PE,3400.0,3407.6,14.5,15.65,13.95,15.65,26.737028,20200,453600
2026-08-24 14:00:00,ATM,PE,3400.0,3407.1,16.45,16.75,15.65,16.7,27.931635,31400,447200
2026-08-24 14:05:00,ATM,PE,3400.0,3407.9,16.75,16.75,15.9,15.9,27.344723,34000,425000
2026-08-24 14:10:00,ATM,PE,3400.0,3403.8,16.25,17.75,15.85,17.75,27.434253,19800,423200
2026-08-24 14:15:00,ATM,PE,3400.0,3409.0,17.25,17.75,14.6,14.6,26.26317,19800,424200
2026-08-24 14:20:00,ATM,PE,3400.0,3407.2,15.0,15.3,13.5,15.3,26.220796,19000,421200
2026-08-24 14:25:00,ATM,PE,3400.0,3408.3,14.85,15.85,14.85,14.9,26.35667,24000,422000
2026-08-24 14:30:00,ATM,PE,3400.0,3410.0,15.25,15.25,14.0,14.6,26.968133,9200,418600
2026-08-24 14:35:00,ATM,PE,3400.0,3409.7,14.75,14.95,14.35,14.35,26.484505,6600,414800
2026-08-24 14:40:00,ATM,PE,3400.0,3412.7,14.5,14.65,12.0,12.75,25.94128,46600,402600
2026-08-24 14:45:00,ATM,PE,3400.0,3409.0,13.05,13.2,12.7,13.2,24.532924,8800,402000
2026-08-24 14:50:00,ATM,PE,3400.0,3412.0,12.9,13.2,12.25,12.45,25.20367,21000,403400
2026-08-24 14:55:00,ATM,PE,3400.0,3407.7,12.55,13.7,12.35,12.7,23.140487,17800,402600
2026-08-24 15:00:00,ATM,PE,3400.0,3402.2,12.25,13.7,12.15,13.7,21.184792,14600,400000
2026-08-24 15:05:00,ATM,PE,3400.0,3401.3,13.55,14.6,12.9,12.95,19.58097,11800,390400
2026-08-24 15:10:00,ATM,PE,3400.0,3410.1,12.75,12.95,11.15,11.15,22.415236,10600,390400
2026-08-24 15:15:00,ATM,PE,3400.0,3410.1,10.65,11.15,10.0,10.0,20.778662,6600,388200
2026-08-24 15:20:00,ATM,PE,3400.0,3410.1,10.0,10.5,9.8,10.5,21.542463,3200,383800
2026-08-24 15:25:00,ATM,PE,3400.0,3414.1,10.7,10.75,9.8,9.8,22.726099,9600,378200
2026-08-24 15:30:00,ATM,PE,3400.0,3414.1,10.05,10.05,9.05,9.05,21.632614,4000,378200
2026-08-24 15:35:00,ATM,PE,3400.0,3414.1,9.45,10.3,9.05,9.75,22.726111,4200,377600
2026-08-25 09:15:00,ATM,PE,3400.0,3407.7,10.6,14.0,10.6,12.3,43.710245,13800,372800
2026-08-25 09:20:00,ATM,PE,3400.0,3402.3,8.85,13.35,8.85,13.35,40.24684,6600,373400
2026-08-25 09:25:00,ATM,PE,3400.0,3409.7,13.05,13.35,8.9,8.9,36.855728,8400,371200
2026-08-25 09:30:00,ATM,PE,3400.0,3410.6,8.9,9.9,7.0,9.35,39.417725,20400,366200
2026-08-25 09:35:00,ATM,PE,3400.0,3408.3,8.7,9.35,6.75,7.75,32.405103,9600,363200
2026-08-25 09:40:00,ATM,PE,3400.0,3407.9,9.15,9.15,7.75,7.85,32.469824,7600,359400
2026-08-25 09:45:00,ATM,PE,3400.0,3408.7,7.85,9.5,7.5,9.5,38.510053,14000,359400
2026-08-25 09:50:00,ATM,PE,3400.0,3407.1,8.9,10.45,8.9,10.45,39.681158,8000,358800
2026-08-25 09:55:00,ATM,PE,3400.0,3402.6,10.7,10.9,10.45,10.9,35.520768,3600,357000
2026-08-25 10:00:00,ATM,PE,3400.0,3402.0,11.9,14.9,10.9,14.9,46.664627,14800,352800
2026-08-25 10:05:00,ATM,PE,3400.0,3398.0,14.5,15.0,14.3,14.45,39.845626,7400,348800
2026-08-25 10:10:00,ATM,PE,3400.0,3400.3,13.2,14.45,10.7,10.7,32.473992,13600,344000
2026-08-25 10:15:00,ATM,PE,3400.0,3401.6,10.7,10.7,10.35,10.7,34.595951,5200,342800
2026-08-25 10:20:00,ATM,PE,3400.0,3399.1,10.55,11.2,9.9,11.2,32.67517,5000,339600
2026-08-25 10:25:00,ATM,PE,3400.0,3401.8,10.75,11.2,8.95,9.55,31.928133,6000,337000
2026-08-25 10:30:00,ATM,PE,3400.0,3401.7,10.5,10.9,9.55,10.5,34.954044,7800,332400
2026-08-25 10:35:00,ATM,PE,3400.0,3401.2,10.7,11.4,10.5,11.4,37.285066,6600,326200
2026-08-25 10:40:00,ATM,PE,3400.0,3404.5,10.75,12.0,8.0,8.4,32.90461,17200,324200
2026-08-25 10:45:00,ATM,PE,3400.0,3404.4,8.5,8.5,5.3,5.7,24.401953,17600,317400
2026-08-25 10:50:00,ATM,PE,3400.0,3406.2,5.6,5.7,4.85,5.5,26.269676,15200,314200
2026-08-25 10:55:00,ATM,PE,3400.0,3404.0,5.65,6.05,4.55,5.2,22.65132,10800,315200
2026-08-25 11:00:00,ATM,PE,3400.0,3404.9,5.0,5.45,4.0,4.6,22.034528,11800,312800
2026-08-25 11:05:00,ATM,PE,3400.0,3406.7,4.5,4.6,3.5,4.0,22.420515,7000,308000
2026-08-25 11:10:00,ATM,PE,3400.0,3412.0,3.6,4.0,2.45,2.5,22.801626,25200,302400
2026-08-25 11:15:00,ATM,PE,3400.0,3411.5,2.25,3.2,2.2,2.2,21.2314,9000,304000
2026-08-25 11:20:00,ATM,PE,3400.0,3407.4,3.4,4.1,2.2,4.1,24.289034,8800,302800
2026-08-25 11:25:00,ATM,PE,3400.0,3410.9,3.4,4.15,2.45,2.8,23.560383,13000,299400
2026-08-25 11:30:00,ATM,PE,3400.0,3404.8,3.0,3.35,2.45,3.35,18.685539,18800,296800
2026-08-25 11:35:00,ATM,PE,3400.0,3408.3,2.95,4.15,2.95,3.8,25.009513,9200,286800
2026-08-25 11:40:00,ATM,PE,3400.0,3408.3,5.3,5.3,3.8,3.8,25.27029,6400,286000
2026-08-25 11:45:00,ATM,PE,3400.0,3406.1,3.8,6.5,3.8,6.0,30.89054,10400,281800
2026-08-25 11:50:00,ATM,PE,3400.0,3407.0,7.05,8.15,6.0,6.95,36.038668,8000,279800
2026-08-25 11:55:00,ATM,PE,3400.0,3412.3,5.05,6.95,2.5,2.5,25.324899,12400,279800
2026-08-25 12:00:00,ATM,PE,3400.0,3413.9,2.85,2.95,2.35,2.35,26.656288,9200,279800
2026-08-25 12:05:00,ATM,PE,3400.0,3415.0,1.95,2.35,0.95,0.95,20.241661,28800,295200
2026-08-25 12:10:00,ATM,PE,3400.0,3415.7,0.95,1.0,0.6,0.6,18.484029,19600,311400
2026-08-25 12:15:00,ATM,PE,3400.0,3415.0,0.5,0.75,0.4,0.75,19.294834,44200,274200
2026-08-25 12:20:00,ATM,PE,3400.0,3418.9,0.5,0.75,0.5,0.5,20.711781,9200,267600
2026-08-25 12:25:00,ATM,PE,3400.0,3418.4,0.35,1.7,0.35,1.7,29.560123,24000,270400
2026-08-25 12:30:00,ATM,PE,3400.0,3424.0,1.55,1.7,0.5,0.65,27.103887,4600,269400
2026-08-25 12:35:00,ATM,PE,3400.0,3421.5,0.65,0.65,0.4,0.45,23.165,9400,246000
2026-08-25 12:40:00,ATM,PE,3400.0,3416.0,0.6,0.6,0.3,0.6,20.262633,7000,246200
2026-08-25 12:45:00,ATM,PE,3400.0,3417.7,0.3,0.6,0.25,0.25,18.027904,6400,246000
2026-08-25 12:50:00,ATM,PE,3400.0,3417.6,0.25,0.5,0.25,0.45,20.787964,3400,246200
2026-08-25 12:55:00,ATM,PE,3400.0,3413.9,0.3,0.45,0.2,0.2,14.671974,5200,245800
2026-08-25 13:00:00,ATM,PE,3400.0,3408.1,0.9,0.9,0.15,0.15,9.214937,35600,234800
2026-08-25 13:05:00,ATM,PE,3400.0,3409.4,0.15,0.15,0.05,0.05,8.547049,1200,234200
2026-08-25 13:10:00,ATM,PE,3400.0,3409.0,0.15,0.15,0.05,0.15,10.327147,1200,233800
2026-08-25 13:15:00,ATM,PE,3400.0,3407.1,0.15,0.65,0.1,0.65,13.31852,8200,228800
2026-08-25 13:20:00,ATM,PE,3400.0,3407.6,0.05,0.65,0.05,0.3,11.161482,2000,228800
2026-08-25 13:25:00,ATM,PE,3400.0,3407.2,0.3,0.3,0.3,0.3,10.939722,0,228800
2026-08-25 13:30:00,ATM,PE,3400.0,3410.2,0.3,0.45,0.3,0.45,16.010725,2200,228400
2026-08-25 13:35:00,ATM,PE,3400.0,3409.8,0.45,0.45,0.05,0.45,15.880932,1800,226200
2026-08-25 13:40:00,ATM,PE,3400.0,3409.6,0.5,0.5,0.05,0.05,9.913167,2200,227200
2026-08-25 13:45:00,ATM,PE,3400.0,3410.9,0.05,0.05,0.05,0.05,11.260775,0,227200
2026-08-25 13:50:00,ATM,PE,3400.0,3414.4,0.05,0.05,0.05,0.05,14.553591,9200,226200
2026-08-25 13:55:00,ATM,PE,3400.0,3414.3,0.05,0.05,0.05,0.05,14.822783,0,226200
2026-08-25 14:00:00,ATM,PE,3400.0,3419.9,0.05,0.05,0.05,0.05,20.126386,2800,226200
2026-08-25 14:05:00,ATM,PE,3400.0,3418.7,0.05,0.05,0.05,0.05,19.60723,0,226200
2026-08-25 14:10:00,ATM,PE,3400.0,3418.8,0.05,0.05,0.05,0.05,20.264556,0,226200
2026-08-25 14:15:00,ATM,PE,3400.0,3422.0,0.05,0.05,0.05,0.05,23.886809,800,226200
2026-08-25 14:20:00,ATM,PE,3400.0,3421.3,0.05,0.05,0.05,0.05,23.993563,4000,225400
2026-08-25 14:25:00,ATM,PE,3400.0,3424.0,0.05,0.2,0.05,0.2,34.221516,1600,221400
2026-08-25 14:30:00,ATM,PE,3400.0,3424.0,0.05,25.0,0.05,0.05,28.543211,1600,219000
2026-08-25 14:35:00,ATM,PE,3400.0,3424.5,25.0,25.0,0.05,0.05,30.23654,0,219000
2026-08-25 14:40:00,ATM,PE,3450.0,3426.9,0.05,25.0,0.05,25.0,65.743445,600,78400
2026-08-25 14:45:00,ATM,PE,3450.0,3430.1,25.0,25.0,25.0,25.0,94.614123,0,76400
2026-08-25 14:50:00,ATM,PE,3450.0,3433.4,25.0,25.0,25.0,25.0,120.504752,0,76400
2026-08-25 14:55:00,ATM,PE,3450.0,3435.3,25.0,25.0,25.0,25.0,138.923183,0,75800
2026-08-25 15:00:00,ATM,PE,3450.0,3429.6,14.5,25.0,13.0,24.7,105.569265,5200,75600
2026-08-25 15:05:00,ATM,PE,3450.0,3436.9,24.7,24.7,15.0,15.0,62.241689,400,75400
2026-08-25 15:10:00,ATM,PE,3450.0,3440.0,15.0,15.0,13.35,13.35,76.992213,200,75400
2026-08-25 15:15:00,ATM,PE,3450.0,3440.0,13.35,13.35,13.35,13.35,86.04898,0,75400
2026-08-25 15:20:00,ATM,PE,3450.0,3440.0,13.35,13.35,0.65,0.65,0.0,800,75200
2026-08-25 15:25:00,ATM,PE,3450.0,3443.0,0.65,0.65,0.65,0.65,0.0,0,75200
2026-08-25 15:30:00,ATM,PE,3450.0,3443.0,0.65,0.65,0.1,0.1,0.0,800,75200
2026-08-25 15:35:00,ATM,PE,3450.0,3443.0,0.1,0.1,0.1,0.1,0.0,0,75200
2026-08-20 09:15:00,ATM+1,CE,3450.0,3401.4,18.5,24.6,15.9,15.9,20.281719,88400,802000
2026-08-20 09:20:00,ATM+1,CE,3450.0,3404.0,16.35,16.4,14.55,14.6,18.825797,82600,806600
2026-08-20 09:25:00,ATM+1,CE,3450.0,3408.0,15.05,16.2,14.6,14.9,18.184702,48800,826400
2026-08-20 09:30:00,ATM+1,CE,3450.0,3415.8,15.3,17.0,14.65,16.65,17.633251,35000,837400
2026-08-20 09:35:00,ATM+1,CE,3450.0,3420.7,18.55,19.7,16.65,18.35,17.598511,61000,838000
2026-08-20 09:40:00,ATM+1,CE,3450.0,3422.9,18.5,18.5,17.4,18.0,16.849408,32200,846200
2026-08-20 09:45:00,ATM+1,CE,3450.0,3425.0,17.9,19.2,17.9,19.2,17.104962,33600,852400
2026-08-20 09:50:00,ATM+1,CE,3450.0,3421.6,19.2,19.5,16.95,17.0,16.531083,41600,847800
2026-08-20 09:55:00,ATM+1,CE,3450.0,3420.8,17.15,18.5,17.0,17.25,16.889835,23400,847200
2026-08-20 10:00:00,ATM+1,CE,3450.0,3416.1,17.4,17.55,15.3,15.55,16.873807,27400,850400
2026-08-20 10:05:00,ATM+1,CE,3450.0,3417.8,15.1,16.35,15.1,15.8,16.656598,12600,851800
2026-08-20 10:10:00,ATM+1,CE,3450.0,3418.8,15.8,16.0,15.5,15.75,16.398706,11600,855600
2026-08-20 10:15:00,ATM+1,CE,3450.0,3422.4,16.1,16.75,15.75,16.65,16.144478,23000,862400
2026-08-20 10:20:00,ATM+1,CE,3450.0,3422.4,16.75,17.55,16.4,17.15,16.473885,31000,861400
2026-08-20 10:25:00,ATM+1,CE,3450.0,3421.5,17.1,17.15,16.15,16.7,16.404141,10400,859000
2026-08-20 10:30:00,ATM+1,CE,3450.0,3422.6,16.7,17.1,16.35,17.0,16.341332,9000,857600
2026-08-20 10:35:00,ATM+1,CE,3450.0,3420.0,16.6,17.0,15.9,15.9,16.24863,6000,856000
2026-08-20 10:40:00,ATM+1,CE,3450.0,3419.2,16.1,17.0,15.9,16.35,16.737699,8000,855000
2026-08-20 10:45:00,ATM+1,CE,3450.0,3422.3,15.95,16.35,15.3,16.2,15.913176,33800,847000
2026-08-20 10:50:00,ATM+1,CE,3450.0,3421.5,15.85,17.0,15.85,16.2,16.109663,16400,845400
2026-08-20 10:55:00,ATM+1,CE,3450.0,3420.3,15.75,16.2,15.25,15.35,15.841331,8000,844000
2026-08-20 11:00:00,ATM+1,CE,3500.0,3426.0,15.6,16.45,6.0,6.35,17.316717,31400,1301200
2026-08-20 11:05:00,ATM+1,CE,3500.0,3426.8,6.5,6.65,6.35,6.6,17.431164,19000,1301000
2026-08-20 11:10:00,ATM+1,CE,3500.0,3426.8,6.8,7.1,6.6,6.85,17.674413,11200,1300200
2026-08-20 11:15:00,ATM+1,CE,3500.0,3425.6,16.8,17.6,6.45,6.6,17.642775,11000,1297600
2026-08-20 11:20:00,ATM+1,CE,3500.0,3427.0,6.45,17.2,6.4,6.85,17.653898,17000,1297200
2026-08-20 11:25:00,ATM+1,CE,3500.0,3430.3,6.95,7.35,6.85,7.2,17.427954,15400,1296600
2026-08-20 11:30:00,ATM+1,CE,3500.0,3430.4,7.4,7.4,6.85,6.85,17.095494,50600,1284600
2026-08-20 11:35:00,ATM+1,CE,3500.0,3433.0,6.9,7.35,6.85,7.35,17.113994,12200,1281400
2026-08-20 11:40:00,ATM+1,CE,3500.0,3430.9,7.3,7.35,6.85,6.95,17.115892,12400,1280000
2026-08-20 11:45:00,ATM+1,CE,3500.0,3432.2,6.95,7.0,6.9,6.95,16.901366,5400,1279200
2026-08-20 11:50:00,ATM+1,CE,3500.0,3431.2,7.1,7.35,6.95,7.15,17.260827,12400,1279200
2026-08-20 11:55:00,ATM+1,CE,3500.0,3434.7,7.1,7.8,7.1,7.65,17.110706,35000,1273600
2026-08-20 12:00:00,ATM+1,CE,3500.0,3433.2,7.6,7.75,7.45,7.45,17.200558,5800,1274200
2026-08-20 12:05:00,ATM+1,CE,3500.0,3439.5,7.45,8.6,7.45,8.6,17.081894,39200,1274400
2026-08-20 12:10:00,ATM+1,CE,3500.0,3445.3,8.65,10.1,8.55,9.75,16.943417,79000,1265000
2026-08-20 12:15:00,ATM+1,CE,3500.0,3447.5,9.65,9.75,9.25,9.45,16.298022,39200,1264200
2026-08-20 12:20:00,ATM+1,CE,3500.0,3446.6,9.55,9.8,9.4,9.65,16.631353,40200,1269400
2026-08-20 12:25:00,ATM+1,CE,3500.0,3446.0,9.5,9.65,9.1,9.1,16.31674,25200,1273600
2026-08-20 12:30:00,ATM+1,CE,3500.0,3445.5,8.75,9.1,8.5,8.95,16.296523,39600,1265600
2026-08-20 12:35:00,ATM+1,CE,3500.0,3446.1,8.95,8.95,8.45,8.8,16.070543,8400,1266000
2026-08-20 12:40:00,ATM+1,CE,3500.0,3446.8,8.95,9.25,8.6,9.05,16.145269,22000,1267200
2026-08-20 12:45:00,ATM+1,CE,3500.0,3455.7,9.7,10.8,9.05,10.8,15.75407,78000,1264800
2026-08-20 12:50:00,ATM+1,CE,3500.0,3451.0,10.45,11.05,9.05,9.1,15.400908,72400,1274600
2026-08-20 12:55:00,ATM+1,CE,3500.0,3442.6,9.05,9.1,7.3,7.45,15.616485,65400,1261200
2026-08-20 13:00:00,ATM+1,CE,3500.0,3442.8,7.8,7.8,7.35,7.45,15.586645,21600,1259800
2026-08-20 13:05:00,ATM+1,CE,3500.0,3443.1,7.5,7.55,7.3,7.5,15.581452,21600,1259000
2026-08-20 13:10:00,ATM+1,CE,3500.0,3442.0,7.5,7.8,7.3,7.3,15.612256,10800,1259200
2026-08-20 13:15:00,ATM+1,CE,3500.0,3441.7,7.35,7.45,7.1,7.15,15.541428,17400,1260200
2026-08-20 13:20:00,ATM+1,CE,3500.0,3441.9,7.0,7.15,6.5,7.05,15.424864,37800,1252600
2026-08-20 13:25:00,ATM+1,CE,3500.0,3440.5,7.1,7.1,6.7,6.8,15.456497,22000,1261200
2026-08-20 13:30:00,ATM+1,CE,3500.0,3444.0,6.85,7.1,6.8,7.1,15.107367,6000,1260000
2026-08-20 13:35:00,ATM+1,CE,3500.0,3444.1,7.2,7.25,7.0,7.0,15.009031,10600,1264600
2026-08-20 13:40:00,ATM+1,CE,3500.0,3447.3,7.1,7.6,7.0,7.6,14.946386,7200,1265600
2026-08-20 13:45:00,ATM+1,CE,3500.0,3444.4,7.75,7.8,7.0,7.15,15.096186,36200,1257600
2026-08-20 13:50:00,ATM+1,CE,3500.0,3447.3,6.7,7.25,6.7,7.05,14.496088,15200,1260600
2026-08-20 13:55:00,ATM+1,CE,3500.0,3445.5,6.65,7.05,6.55,6.8,14.609688,10800,1260600
2026-08-20 14:00:00,ATM+1,CE,3500.0,3437.9,6.5,6.8,5.85,5.95,15.16777,22400,1254600
2026-08-20 14:05:00,ATM+1,CE,3500.0,3441.1,6.0,6.55,5.95,6.5,15.130109,8800,1255800
2026-08-20 14:10:00,ATM+1,CE,3500.0,3440.8,6.3,6.5,6.0,6.0,14.731882,10000,1256400
2026-08-20 14:15:00,ATM+1,CE,3500.0,3439.0,6.2,6.45,6.0,6.05,15.091586,20200,1257600
2026-08-20 14:20:00,ATM+1,CE,3500.0,3448.0,6.2,7.1,6.05,7.1,14.445221,8800,1257000
2026-08-20 14:25:00,ATM+1,CE,3500.0,3446.3,7.15,7.25,7.0,7.25,14.885651,59800,1287000
2026-08-20 14:30:00,ATM+1,CE,3500.0,3447.2,7.15,8.25,7.15,8.05,15.394629,57000,1302800
2026-08-20 14:35:00,ATM+1,CE,3500.0,3451.5,8.05,9.1,8.05,9.05,15.389625,60000,1296400
2026-08-20 14:40:00,ATM+1,CE,3500.0,3448.5,9.25,9.25,8.05,8.05,15.164927,28400,1294600
2026-08-20 14:45:00,ATM+1,CE,3500.0,3450.2,8.0,8.7,8.0,8.6,15.294843,34800,1291800
2026-08-20 14:50:00,ATM+1,CE,3500.0,3450.0,8.45,8.6,8.1,8.1,14.936807,11000,1297800
2026-08-20 14:55:00,ATM+1,CE,3500.0,3452.0,8.1,8.3,8.05,8.3,14.725461,17800,1286200
2026-08-20 15:00:00,ATM+1,CE,3500.0,3450.5,8.1,8.3,7.3,7.75,14.570076,29800,1291200
2026-08-20 15:05:00,ATM+1,CE,3500.0,3444.4,7.45,7.75,6.55,6.75,14.840726,31000,1290000
2026-08-20 15:10:00,ATM+1,CE,3500.0,3441.0,7.0,7.4,6.75,7.35,15.977798,97400,1311400
2026-08-20 15:15:00,ATM+1,CE,3500.0,3441.0,7.3,7.35,7.0,7.0,15.676145,49600,1314200
2026-08-20 15:20:00,ATM+1,CE,3500.0,3441.0,7.1,7.45,7.0,7.3,15.946303,48600,1326000
2026-08-20 15:25:00,ATM+1,CE,3450.0,3424.8,7.4,19.8,7.15,19.5,17.80465,18400,757000
2026-08-20 15:30:00,ATM+1,CE,3450.0,3424.8,19.4,19.7,18.5,18.9,17.421717,24200,754800
2026-08-20 15:35:00,ATM+1,CE,3450.0,3424.8,18.95,19.5,18.6,18.6,17.233272,25600,748800
2026-08-21 09:15:00,ATM+1,CE,3500.0,3431.1,7.3,9.15,5.9,6.05,18.018381,125200,1341800
2026-08-21 09:20:00,ATM+1,CE,3500.0,3425.9,5.3,14.65,4.55,4.6,17.306353,104200,1337800
2026-08-21 09:25:00,ATM+1,CE,3450.0,3422.4,13.15,13.15,11.55,12.0,14.727374,74600,777400
2026-08-21 09:30:00,ATM+1,CE,3450.0,3424.0,12.05,13.2,4.45,11.9,14.259391,66600,804000
2026-08-21 09:35:00,ATM+1,CE,3450.0,3424.7,4.1,12.65,4.1,12.0,14.162694,37200,805800
2026-08-21 09:40:00,ATM+1,CE,3500.0,3426.6,4.45,4.9,4.4,4.45,17.035817,51200,1355200
2026-08-21 09:45:00,ATM+1,CE,3500.0,3431.2,4.5,5.15,4.3,5.15,17.063919,56200,1357000
2026-08-21 09:50:00,ATM+1,CE,3500.0,3430.0,5.25,5.4,4.7,4.7,16.765248,31000,1370600
2026-08-21 09:55:00,ATM+1,CE,3500.0,3432.8,4.5,4.7,4.4,4.6,16.169989,30400,1371000
2026-08-21 10:00:00,ATM+1,CE,3500.0,3428.1,4.7,4.7,3.8,4.05,16.318045,26600,1373800
2026-08-21 10:05:00,ATM+1,CE,3500.0,3426.7,3.95,4.05,3.9,3.9,16.369562,27400,1370200
2026-08-21 10:10:00,ATM+1,CE,3500.0,3431.7,4.0,4.4,3.9,4.4,16.146895,18400,1372200
2026-08-21 10:15:00,ATM+1,CE,3500.0,3429.5,4.4,4.55,4.35,4.45,16.592259,47600,1357600
2026-08-21 10:20:00,ATM+1,CE,3500.0,3430.0,4.45,4.5,4.2,4.35,16.39346,24800,1352800
2026-08-21 10:25:00,ATM+1,CE,3500.0,3426.0,4.3,4.35,4.2,4.25,16.959021,18800,1356600
2026-08-21 10:30:00,ATM+1,CE,3500.0,3426.5,4.15,4.25,3.95,4.0,16.567312,44800,1350000
2026-08-21 10:35:00,ATM+1,CE,3450.0,3418.5,11.4,11.65,10.1,10.8,14.868902,121800,836000
2026-08-21 10:40:00,ATM+1,CE,3450.0,3422.5,10.65,11.65,10.65,11.65,14.543706,45200,825000
2026-08-21 10:45:00,ATM+1,CE,3450.0,3423.2,11.55,11.8,11.25,11.8,14.487253,10200,824200
2026-08-21 10:50:00,ATM+1,CE,3500.0,3425.8,11.65,11.8,4.1,4.4,17.217068,15400,1341400
2026-08-21 10:55:00,ATM+1,CE,3500.0,3425.2,12.25,12.25,4.25,4.45,17.388811,17400,1340200
2026-08-21 11:00:00,ATM+1,CE,3450.0,3425.0,4.5,12.5,4.3,11.75,14.014628,11800,800600
2026-08-21 11:05:00,ATM+1,CE,3500.0,3426.2,4.25,4.25,4.1,4.1,16.796856,17400,1334600
2026-08-21 11:10:00,ATM+1,CE,3500.0,3425.8,4.1,4.3,3.95,3.95,16.679859,10200,1331800
2026-08-21 11:15:00,ATM+1,CE,3450.0,3421.4,3.95,11.65,3.65,10.4,13.915101,19600,815200
2026-08-21 11:20:00,ATM+1,CE,3450.0,3420.9,10.5,10.7,10.2,10.5,14.119963,25400,816600
2026-08-21 11:25:00,ATM+1,CE,3500.0,3428.6,10.35,10.85,3.8,4.0,16.294594,41800,1313200
2026-08-21 11:30:00,ATM+1,CE,3500.0,3427.6,4.0,4.2,3.7,3.85,16.278722,14600,1313600
2026-08-21 11:35:00,ATM+1,CE,3500.0,3426.0,3.7,3.85,3.6,3.7,16.356878,8000,1311400
2026-08-21 11:40:00,ATM+1,CE,3500.0,3427.9,3.65,3.75,3.6,3.75,16.113358,15200,1311400
2026-08-21 11:45:00,ATM+1,CE,3500.0,3430.1,3.85,4.25,3.75,4.1,16.194322,33800,1315400
2026-08-21 11:50:00,ATM+1,CE,3450.0,3416.2,4.1,11.6,3.7,10.95,15.641764,27400,816600
2026-08-21 11:55:00,ATM+1,CE,3450.0,3417.7,9.5,10.95,9.5,10.15,14.663423,60800,824800
2026-08-21 12:00:00,ATM+1,CE,3450.0,3422.3,10.25,11.15,10.15,11.1,14.287579,27400,821600
2026-08-21 12:05:00,ATM+1,CE,3500.0,3426.5,10.95,11.1,3.95,4.45,17.274798,22800,1314000
2026-08-21 12:10:00,ATM+1,CE,3500.0,3427.5,4.4,4.75,4.35,4.6,17.292987,25400,1311600
2026-08-21 12:15:00,ATM+1,CE,3500.0,3430.1,4.9,4.9,4.6,4.7,16.966867,29200,1309800
2026-08-21 12:20:00,ATM+1,CE,3500.0,3431.3,4.55,4.7,4.4,4.65,16.70476,32800,1296400
2026-08-21 12:25:00,ATM+1,CE,3500.0,3436.0,4.75,5.3,4.65,5.3,16.611926,62200,1301200
2026-08-21 12:30:00,ATM+1,CE,3500.0,3435.0,5.7,5.85,5.1,5.15,16.634767,52400,1297000
2026-08-21 12:35:00,ATM+1,CE,3500.0,3430.5,5.15,5.15,4.2,4.25,16.384839,32200,1294000
2026-08-21 12:40:00,ATM+1,CE,3500.0,3429.5,4.05,4.25,3.65,3.85,16.060952,26400,1292200
2026-08-21 12:45:00,ATM+1,CE,3500.0,3427.1,3.85,4.0,3.7,3.7,16.276795,17000,1296600
2026-08-21 12:50:00,ATM+1,CE,3500.0,3431.1,4.15,4.15,3.7,4.05,16.056005,21000,1287600
2026-08-21 12:55:00,ATM+1,CE,3500.0,3432.6,4.0,4.15,3.8,3.8,15.492064,11800,1294200
2026-08-21 13:00:00,ATM+1,CE,3500.0,3433.2,3.8,3.85,3.8,3.85,15.459836,16000,1293200
2026-08-21 13:05:00,ATM+1,CE,3500.0,3429.3,4.1,4.1,3.85,3.9,16.195843,7800,1289800
2026-08-21 13:10:00,ATM+1,CE,3500.0,3428.8,3.9,3.95,3.8,3.95,16.352427,5600,1291000
2026-08-21 13:15:00,ATM+1,CE,3500.0,3433.0,4.0,4.05,3.95,4.05,15.765169,2200,1293200
2026-08-21 13:20:00,ATM+1,CE,3500.0,3429.9,4.2,4.3,3.95,3.95,16.179682,16600,1271600
2026-08-21 13:25:00,ATM+1,CE,3500.0,3429.8,3.9,4.1,3.9,3.95,16.204192,2000,1271600
2026-08-21 13:30:00,ATM+1,CE,3500.0,3431.3,4.05,4.1,3.85,4.05,16.080479,9200,1269600
2026-08-21 13:35:00,ATM+1,CE,3500.0,3428.2,4.1,4.15,3.75,3.75,16.232071,17800,1276000
2026-08-21 13:40:00,ATM+1,CE,3500.0,3428.7,3.9,4.0,3.75,3.8,16.22038,29600,1262800
2026-08-21 13:45:00,ATM+1,CE,3500.0,3427.6,3.85,3.85,3.55,3.55,16.081411,18800,1256000
2026-08-21 13:50:00,ATM+1,CE,3450.0,3424.1,3.5,11.25,3.4,10.75,13.718222,30200,741200
2026-08-21 13:55:00,ATM+1,CE,3500.0,3429.8,10.6,10.75,3.4,3.9,16.184896,49800,1256800
2026-08-21 14:00:00,ATM+1,CE,3500.0,3431.3,3.9,4.15,3.9,4.1,16.187576,15000,1256200
2026-08-21 14:05:00,ATM+1,CE,3500.0,3433.4,4.2,4.2,4.0,4.1,15.8304,15800,1250400
2026-08-21 14:10:00,ATM+1,CE,3500.0,3434.8,4.15,4.4,4.1,4.35,15.896035,18000,1247600
2026-08-21 14:15:00,ATM+1,CE,3500.0,3436.1,4.6,4.65,4.35,4.55,15.909017,15000,1246200
2026-08-21 14:20:00,ATM+1,CE,3500.0,3435.0,4.6,4.6,4.15,4.15,15.633999,37200,1248200
2026-08-21 14:25:00,ATM+1,CE,3500.0,3437.1,4.0,4.45,4.0,4.45,15.627894,16600,1250400
2026-08-21 14:30:00,ATM+1,CE,3500.0,3436.9,4.5,4.6,4.35,4.45,15.670918,19600,1247400
2026-08-21 14:35:00,ATM+1,CE,3500.0,3436.5,4.1,4.45,4.05,4.25,15.512178,15400,1248200
2026-08-21 14:40:00,ATM+1,CE,3500.0,3436.4,4.25,4.4,4.2,4.25,15.53713,20400,1249800
2026-08-21 14:45:00,ATM+1,CE,3500.0,3438.1,4.25,4.45,4.2,4.4,15.4194,12600,1249800
2026-08-21 14:50:00,ATM+1,CE,3500.0,3437.2,4.4,4.4,4.05,4.05,15.168849,14600,1245600
2026-08-21 14:55:00,ATM+1,CE,3500.0,3435.3,4.15,4.2,4.05,4.15,15.632293,39600,1246800
2026-08-21 15:00:00,ATM+1,CE,3500.0,3432.2,4.3,4.3,3.5,3.5,15.349157,57400,1261000
2026-08-21 15:05:00,ATM+1,CE,3500.0,3432.1,4.0,4.0,3.5,3.75,15.701098,52200,1245400
2026-08-21 15:10:00,ATM+1,CE,3450.0,3417.0,3.8,12.4,3.75,11.45,16.14302,32600,692400
2026-08-21 15:15:00,ATM+1,CE,3450.0,3417.0,11.65,11.65,10.8,11.15,15.913238,10800,693200
2026-08-21 15:20:00,ATM+1,CE,3450.0,3417.0,11.45,11.45,11.15,11.45,16.158569,14400,689000
2026-08-21 15:25:00,ATM+1,CE,3450.0,3412.2,11.3,11.45,10.8,11.1,17.045984,17600,680400
2026-08-21 15:30:00,ATM+1,CE,3450.0,3412.2,10.4,11.1,9.95,10.2,16.316063,20800,674400
2026-08-21 15:35:00,ATM+1,CE,3450.0,3412.2,10.0,10.75,9.85,10.2,16.323894,13000,673400
2026-08-24 09:15:00,ATM+1,CE,3450.0,3421.8,2.5,12.35,0.6,6.95,21.304999,94800,668800
2026-08-24 09:20:00,ATM+1,CE,3450.0,3414.1,6.45,6.95,5.75,5.95,22.752337,60600,694600
2026-08-24 09:25:00,ATM+1,CE,3450.0,3414.6,5.4,5.95,4.85,5.55,21.930677,52000,701000
2026-08-24 09:30:00,ATM+1,CE,3450.0,3409.8,5.7,5.8,4.85,4.85,22.484605,51600,697000
2026-08-24 09:35:00,ATM+1,CE,3450.0,3411.0,4.4,4.85,4.2,4.6,21.6372,58400,690600
2026-08-24 09:40:00,ATM+1,CE,3450.0,3409.6,4.75,4.75,4.35,4.55,22.069755,26200,692200
2026-08-24 09:45:00,ATM+1,CE,3450.0,3416.1,5.3,6.1,4.55,5.9,22.075156,66000,688400
2026-08-24 09:50:00,ATM+1,CE,3450.0,3415.0,5.95,6.2,5.8,5.8,22.359339,14400,688400
2026-08-24 09:55:00,ATM+1,CE,3450.0,3419.2,5.95,7.0,5.8,6.75,22.293632,23000,691200
2026-08-24 10:00:00,ATM+1,CE,3450.0,3421.0,6.9,7.75,6.75,7.75,23.128344,28200,686000
2026-08-24 10:05:00,ATM+1,CE,3500.0,3425.1,7.6,8.0,1.5,1.55,24.878398,20000,1116200
2026-08-24 10:10:00,ATM+1,CE,3500.0,3441.7,1.9,3.3,1.55,3.3,25.214557,93400,1084400
2026-08-24 10:15:00,ATM+1,CE,3500.0,3440.7,3.9,3.9,2.8,3.0,24.835811,37800,1085800
2026-08-24 10:20:00,ATM+1,CE,3500.0,3436.9,2.9,3.0,2.3,2.6,24.979325,20400,1085200
2026-08-24 10:25:00,ATM+1,CE,3500.0,3440.0,2.6,3.0,2.6,3.0,25.121693,28800,1085600
2026-08-24 10:30:00,ATM+1,CE,3500.0,3441.0,3.05,3.05,2.8,2.95,24.729916,11200,1088600
2026-08-24 10:35:00,ATM+1,CE,3500.0,3442.6,3.05,3.35,2.9,3.35,25.236812,4200,1089800
2026-08-24 10:40:00,ATM+1,CE,3500.0,3441.9,3.15,3.35,3.05,3.15,25.01676,13400,1096800
2026-08-24 10:45:00,ATM+1,CE,3500.0,3438.0,3.15,3.15,2.8,2.8,25.366925,57600,1097400
2026-08-24 10:50:00,ATM+1,CE,3500.0,3437.4,2.75,3.0,2.7,2.9,25.845263,5600,1097000
2026-08-24 10:55:00,ATM+1,CE,3500.0,3431.7,2.7,2.9,2.3,2.3,25.906716,9000,1095200
2026-08-24 11:00:00,ATM+1,CE,3500.0,3432.0,2.1,2.65,2.1,2.15,25.406349,13600,1097000
2026-08-24 11:05:00,ATM+1,CE,3500.0,3434.1,2.0,2.2,1.9,2.2,24.993743,14800,1091000
2026-08-24 11:10:00,ATM+1,CE,3500.0,3433.3,2.2,2.2,2.0,2.0,24.645918,10000,1090800
2026-08-24 11:15:00,ATM+1,CE,3500.0,3431.7,2.05,2.05,1.8,1.9,24.813705,44400,1086800
2026-08-24 11:20:00,ATM+1,CE,3500.0,3430.9,1.9,1.95,1.85,1.95,25.239352,10800,1083400
2026-08-24 11:25:00,ATM+1,CE,3500.0,3428.1,1.95,2.05,1.85,2.05,26.393476,8000,1081200
2026-08-24 11:30:00,ATM+1,CE,3450.0,3424.6,1.95,9.0,1.8,8.6,23.48304,28200,637400
2026-08-24 11:35:00,ATM+1,CE,3450.0,3424.7,8.35,9.2,1.9,8.95,23.993019,31600,638000
2026-08-24 11:40:00,ATM+1,CE,3500.0,3426.8,2.0,2.15,2.0,2.0,26.717804,7800,1073000
2026-08-24 11:45:00,ATM+1,CE,3500.0,3430.0,2.0,2.3,2.0,2.3,26.796598,20800,1070600
2026-08-24 11:50:00,ATM+1,CE,3500.0,3430.0,2.3,2.3,2.1,2.1,26.213412,13000,1075800
2026-08-24 11:55:00,ATM+1,CE,3500.0,3432.5,2.3,2.3,2.0,2.0,25.215741,12800,1072600
2026-08-24 12:00:00,ATM+1,CE,3500.0,3432.1,2.0,2.1,1.95,1.95,25.207406,7400,1074000
2026-08-24 12:05:00,ATM+1,CE,3500.0,3431.5,2.0,2.05,1.8,1.9,25.253055,3800,1073400
2026-08-24 12:10:00,ATM+1,CE,3500.0,3429.0,1.9,1.9,1.75,1.75,25.485486,3400,1072400
2026-08-24 12:15:00,ATM+1,CE,3500.0,3428.4,1.75,1.75,1.5,1.5,24.774191,5400,1072800
2026-08-24 12:20:00,ATM+1,CE,3500.0,3428.2,1.4,1.55,1.4,1.55,25.057912,13800,1073400
2026-08-24 12:25:00,ATM+1,CE,3500.0,3430.0,1.45,1.7,1.45,1.7,25.146636,1200,1074600
2026-08-24 12:30:00,ATM+1,CE,3500.0,3429.8,1.6,1.7,1.45,1.55,24.694146,7400,1073200
2026-08-24 12:35:00,ATM+1,CE,3500.0,3428.5,1.5,1.6,1.5,1.6,25.280922,1400,1072400
2026-08-24 12:40:00,ATM+1,CE,3500.0,3428.2,1.6,1.6,1.55,1.6,25.404458,1800,1073000
2026-08-24 12:45:00,ATM+1,CE,3500.0,3425.9,1.65,1.65,1.45,1.45,25.500092,4200,1073000
2026-08-24 12:50:00,ATM+1,CE,3450.0,3420.5,1.4,5.5,1.4,4.6,19.321097,37600,634800
2026-08-24 12:55:00,ATM+1,CE,3450.0,3417.9,4.6,4.8,4.55,4.75,20.64235,30400,632400
2026-08-24 13:00:00,ATM+1,CE,3450.0,3417.4,4.6,4.85,4.45,4.55,20.50419,22800,632800
2026-08-24 13:05:00,ATM+1,CE,3450.0,3418.0,4.4,4.55,4.25,4.5,20.212798,21800,630400
2026-08-24 13:10:00,ATM+1,CE,3450.0,3416.9,4.45,4.5,4.35,4.35,20.39076,26800,634800
2026-08-24 13:15:00,ATM+1,CE,3450.0,3417.0,4.5,4.5,4.2,4.4,20.479875,38600,644600
2026-08-24 13:20:00,ATM+1,CE,3450.0,3419.3,4.4,4.6,4.4,4.6,19.986801,13800,647600
2026-08-24 13:25:00,ATM+1,CE,3450.0,3424.9,4.6,5.45,4.6,5.35,19.043617,26000,643200
2026-08-24 13:30:00,ATM+1,CE,3450.0,3418.7,5.4,5.55,4.7,4.75,20.564358,62400,650200
2026-08-24 13:35:00,ATM+1,CE,3450.0,3418.2,4.75,5.0,4.65,4.65,20.613086,62000,634200
2026-08-24 13:40:00,ATM+1,CE,3450.0,3418.0,4.65,5.0,4.55,5.0,21.367364,20600,642800
2026-08-24 13:45:00,ATM+1,CE,3450.0,3414.6,5.0,5.0,4.55,4.6,21.996716,14800,636600
2026-08-24 13:50:00,ATM+1,CE,3450.0,3412.0,4.6,4.6,4.25,4.4,22.641487,35800,640000
2026-08-24 13:55:00,ATM+1,CE,3450.0,3407.6,4.25,4.6,4.25,4.25,24.026258,43400,647200
2026-08-24 14:00:00,ATM+1,CE,3450.0,3407.1,4.35,4.4,4.2,4.2,24.147272,31200,637200
2026-08-24 14:05:00,ATM+1,CE,3450.0,3407.9,4.2,4.2,4.0,4.1,23.681598,11400,636800
2026-08-24 14:10:00,ATM+1,CE,3450.0,3403.8,4.0,4.1,3.7,3.7,24.342564,34800,637400
2026-08-24 14:15:00,ATM+1,CE,3450.0,3409.0,3.75,4.15,3.7,4.15,23.457165,24800,638600
2026-08-24 14:20:00,ATM+1,CE,3450.0,3407.2,4.3,4.4,3.8,3.8,23.416024,13400,638200
2026-08-24 14:25:00,ATM+1,CE,3450.0,3408.3,4.05,4.3,3.8,4.3,24.112847,22800,635400
2026-08-24 14:30:00,ATM+1,CE,3450.0,3410.0,4.45,4.7,4.3,4.7,24.322375,19200,633200
2026-08-24 14:35:00,ATM+1,CE,3450.0,3409.7,4.65,4.9,4.6,4.6,24.278432,10000,632200
2026-08-24 14:40:00,ATM+1,CE,3450.0,3412.7,4.95,5.7,4.6,5.45,24.79788,56600,624400
2026-08-24 14:45:00,ATM+1,CE,3450.0,3409.0,5.45,5.45,4.75,4.85,25.137861,14000,623800
2026-08-24 14:50:00,ATM+1,CE,3450.0,3412.0,4.8,4.85,4.55,4.55,23.411209,17800,621600
2026-08-24 14:55:00,ATM+1,CE,3450.0,3407.7,4.5,4.55,4.2,4.3,24.590989,13400,619200
2026-08-24 15:00:00,ATM+1,CE,3450.0,3402.2,3.8,4.3,3.15,3.2,24.153805,39800,620000
2026-08-24 15:05:00,ATM+1,CE,3450.0,3401.3,3.05,3.4,2.95,3.3,24.758301,49400,622800
2026-08-24 15:10:00,ATM+1,CE,3450.0,3410.1,3.25,3.65,3.25,3.55,22.193106,26600,610600
2026-08-24 15:15:00,ATM+1,CE,3450.0,3410.1,3.55,3.65,3.4,3.65,22.453042,20600,604200
2026-08-24 15:20:00,ATM+1,CE,3450.0,3410.1,3.5,3.75,3.5,3.75,22.711948,18600,594000
2026-08-24 15:25:00,ATM+1,CE,3450.0,3414.1,3.5,3.75,3.45,3.6,20.911698,8400,596000
2026-08-24 15:30:00,ATM+1,CE,3450.0,3414.1,3.45,3.6,3.35,3.45,20.625691,4800,594800
2026-08-24 15:35:00,ATM+1,CE,3450.0,3414.1,3.45,3.45,3.25,3.25,20.223572,13400,595600
2026-08-25 09:15:00,ATM+1,CE,3450.0,3407.7,3.65,3.65,1.2,2.25,39.552913,34200,594400
2026-08-25 09:20:00,ATM+1,CE,3450.0,3402.3,2.2,2.5,1.8,1.85,41.060357,37200,598600
2026-08-25 09:25:00,ATM+1,CE,3450.0,3409.7,1.9,2.8,1.85,2.6,40.525181,36800,601400
2026-08-25 09:30:00,ATM+1,CE,3450.0,3410.6,2.5,3.2,2.0,2.0,37.04869,22000,598200
2026-08-25 09:35:00,ATM+1,CE,3450.0,3408.3,1.7,2.0,1.15,1.45,35.527826,55000,592200
2026-08-25 09:40:00,ATM+1,CE,3450.0,3407.9,1.65,1.7,1.45,1.7,37.621744,15400,595200
2026-08-25 09:45:00,ATM+1,CE,3450.0,3408.7,1.65,2.0,1.6,1.6,36.742337,8400,592000
2026-08-25 09:50:00,ATM+1,CE,3450.0,3407.1,1.8,1.95,1.6,1.95,40.220767,10400,590400
2026-08-25 09:55:00,ATM+1,CE,3450.0,3402.6,2.0,2.1,1.8,1.8,42.616674,10200,588200
2026-08-25 10:00:00,ATM+1,CE,3450.0,3402.0,1.75,1.8,1.3,1.3,39.8319,12800,586000
2026-08-25 10:05:00,ATM+1,CE,3450.0,3398.0,1.35,1.55,1.3,1.45,43.832654,13400,586000
2026-08-25 10:10:00,ATM+1,CE,3450.0,3400.3,1.35,1.45,1.3,1.4,42.303657,2600,584800
2026-08-25 10:15:00,ATM+1,CE,3450.0,3401.6,1.4,1.45,1.4,1.45,42.15844,3400,583200
2026-08-25 10:20:00,ATM+1,CE,3450.0,3399.1,1.35,1.55,1.35,1.55,44.898775,2600,582600
2026-08-25 10:25:00,ATM+1,CE,3450.0,3401.8,1.35,1.55,1.05,1.15,40.329249,12400,577800
2026-08-25 10:30:00,ATM+1,CE,3450.0,3401.7,1.1,1.2,1.1,1.1,40.298077,3800,577000
2026-08-25 10:35:00,ATM+1,CE,3450.0,3401.2,1.1,1.2,1.1,1.1,40.960026,1800,575800
2026-08-25 10:40:00,ATM+1,CE,3450.0,3404.5,1.15,1.15,0.85,1.0,38.259843,20200,573000
2026-08-25 10:45:00,ATM+1,CE,3450.0,3404.4,0.95,1.0,0.8,0.9,37.729147,4600,572000
2026-08-25 10:50:00,ATM+1,CE,3450.0,3406.2,0.75,0.9,0.55,0.55,33.168603,32000,570200
2026-08-25 10:55:00,ATM+1,CE,3450.0,3404.0,0.5,0.6,0.45,0.5,34.169603,18800,563400
2026-08-25 11:00:00,ATM+1,CE,3450.0,3404.9,0.4,0.6,0.4,0.5,33.930516,6400,561600
2026-08-25 11:05:00,ATM+1,CE,3450.0,3406.7,0.45,0.5,0.45,0.5,33.130307,2200,560400
2026-08-25 11:10:00,ATM+1,CE,3450.0,3412.0,0.5,0.55,0.5,0.55,30.694512,9800,558400
2026-08-25 11:15:00,ATM+1,CE,3450.0,3411.5,0.5,0.6,0.45,0.6,31.896892,8000,558400
2026-08-25 11:20:00,ATM+1,CE,3450.0,3407.4,0.6,0.6,0.5,0.6,34.920674,6200,557800
2026-08-25 11:25:00,ATM+1,CE,3450.0,3410.9,0.7,0.7,0.55,0.55,32.338627,3600,555600
2026-08-25 11:30:00,ATM+1,CE,3450.0,3404.8,0.5,0.7,0.5,0.7,38.589851,5000,553000
2026-08-25 11:35:00,ATM+1,CE,3450.0,3408.3,0.7,0.7,0.5,0.55,34.760263,6600,552200
2026-08-25 11:40:00,ATM+1,CE,3450.0,3408.3,0.65,0.7,0.55,0.7,36.965069,1200,551800
2026-08-25 11:45:00,ATM+1,CE,3450.0,3406.1,0.7,0.7,0.55,0.55,37.014538,800,551000
2026-08-25 11:50:00,ATM+1,CE,3450.0,3407.0,0.5,0.55,0.4,0.45,35.370852,21000,548000
2026-08-25 11:55:00,ATM+1,CE,3450.0,3412.3,0.45,0.6,0.35,0.35,30.620148,33200,549600
2026-08-25 12:00:00,ATM+1,CE,3450.0,3413.9,0.4,0.5,0.35,0.4,30.674705,14200,541800
2026-08-25 12:05:00,ATM+1,CE,3450.0,3415.0,0.5,0.6,0.4,0.55,32.318326,9000,541800
2026-08-25 12:10:00,ATM+1,CE,3450.0,3415.7,0.45,0.6,0.4,0.6,32.807402,6800,540400
2026-08-25 12:15:00,ATM+1,CE,3450.0,3415.0,0.3,0.6,0.2,0.3,29.365376,22200,543000
2026-08-25 12:20:00,ATM+1,CE,3450.0,3418.9,0.3,0.3,0.05,0.05,20.393527,46200,537200
2026-08-25 12:25:00,ATM+1,CE,3450.0,3418.4,0.05,0.05,0.05,0.05,20.953628,23800,537200
2026-08-25 12:30:00,ATM+1,CE,3450.0,3424.0,0.05,0.05,0.05,0.05,17.900144,31200,537200
2026-08-25 12:35:00,ATM+1,CE,3450.0,3421.5,0.05,0.05,0.05,0.05,19.666865,2600,537200
2026-08-25 12:40:00,ATM+1,CE,3450.0,3416.0,0.05,0.05,0.05,0.05,23.291405,400,537200
2026-08-25 12:45:00,ATM+1,CE,3450.0,3417.7,0.05,0.05,0.05,0.05,22.590727,0,537200
2026-08-25 12:50:00,ATM+1,CE,3450.0,3417.6,0.05,0.05,0.05,0.05,22.994822,0,537200
2026-08-25 12:55:00,ATM+1,CE,3450.0,3413.9,0.05,0.05,0.05,0.05,25.685941,4200,536800
2026-08-25 13:00:00,ATM+1,CE,3450.0,3408.1,0.05,0.05,0.05,0.05,29.771686,3400,534200
2026-08-25 13:05:00,ATM+1,CE,3450.0,3409.4,0.05,0.05,0.05,0.05,29.433284,4800,529000
2026-08-25 13:10:00,ATM+1,CE,3450.0,3409.0,0.05,0.05,0.05,0.05,30.199446,6200,523600
2026-08-25 13:15:00,ATM+1,CE,3450.0,3407.1,0.05,0.05,0.05,0.05,31.993899,0,523600
2026-08-25 13:20:00,ATM+1,CE,3450.0,3407.6,0.05,0.05,0.05,0.05,32.246574,0,523600
2026-08-25 13:25:00,ATM+1,CE,3450.0,3407.2,0.05,0.05,0.05,0.05,33.137547,0,523600
2026-08-25 13:30:00,ATM+1,CE,3450.0,3410.2,0.05,0.05,0.05,0.05,31.691378,0,523600
2026-08-25 13:35:00,ATM+1,CE,3450.0,3409.8,0.05,0.05,0.05,0.05,32.634317,600,523400
2026-08-25 13:40:00,ATM+1,CE,3450.0,3409.6,0.05,0.05,0.05,0.05,33.485209,0,523400
2026-08-25 13:45:00,ATM+1,CE,3450.0,3410.9,0.05,0.05,0.05,0.05,33.264873,0,523400
2026-08-25 13:50:00,ATM+1,CE,3450.0,3414.4,0.05,0.05,0.05,0.05,31.34774,600,522400
2026-08-25 13:55:00,ATM+1,CE,3450.0,3414.3,0.05,0.05,0.05,0.05,32.203887,200,522200
2026-08-25 14:00:00,ATM+1,CE,3450.0,3419.9,0.05,0.05,0.05,0.05,28.445022,0,522000
2026-08-25 14:05:00,ATM+1,CE,3450.0,3418.7,0.05,0.05,0.05,0.05,30.245998,2200,522000
2026-08-25 14:10:00,ATM+1,CE,3450.0,3418.8,0.05,0.05,0.05,0.05,31.038494,0,522000
2026-08-25 14:15:00,ATM+1,CE,3450.0,3422.0,0.05,0.05,0.05,0.05,29.105669,0,522000
2026-08-25 14:20:00,ATM+1,CE,3450.0,3421.3,0.05,0.05,0.05,0.05,30.71897,0,522000
2026-08-25 14:25:00,ATM+1,CE,3450.0,3424.0,0.05,0.05,0.05,0.05,29.173595,0,522000
2026-08-25 14:30:00,ATM+1,CE,3450.0,3424.0,0.05,0.05,0.05,0.05,30.277979,600,522000
2026-08-25 14:35:00,ATM+1,CE,3450.0,3424.5,0.05,0.05,0.05,0.05,30.989563,0,522000
2026-08-25 14:40:00,ATM+1,CE,3500.0,3426.9,0.05,0.05,0.05,0.05,81.034291,200,957200
2026-08-25 14:45:00,ATM+1,CE,3500.0,3430.1,0.05,0.05,0.05,0.05,81.641191,0,957200
2026-08-25 14:50:00,ATM+1,CE,3500.0,3433.4,0.05,0.05,0.05,0.05,82.40416,1800,956200
2026-08-25 14:55:00,ATM+1,CE,3500.0,3435.3,0.05,0.05,0.05,0.05,85.169122,200,956000
2026-08-25 15:00:00,ATM+1,CE,3500.0,3429.6,0.05,0.05,0.05,0.05,0.0,600,956000
2026-08-25 15:05:00,ATM+1,CE,3500.0,3436.9,0.05,0.05,0.05,0.05,0.0,1800,955000
2026-08-25 15:10:00,ATM+1,CE,3500.0,3440.0,0.05,0.05,0.05,0.05,0.0,200,955000
2026-08-25 15:15:00,ATM+1,CE,3500.0,3440.0,0.05,0.05,0.05,0.05,0.0,0,955000
2026-08-25 15:20:00,ATM+1,CE,3500.0,3440.0,0.05,0.05,0.05,0.05,0.0,0,955000
2026-08-25 15:25:00,ATM+1,CE,3500.0,3443.0,0.05,0.05,0.05,0.05,0.0,200,955000
2026-08-25 15:30:00,ATM+1,CE,3500.0,3443.0,0.05,0.05,0.05,0.05,0.0,2200,952800
2026-08-25 15:35:00,ATM+1,CE,3500.0,3443.0,0.05,0.05,0.05,0.05,0.0,0,952800
2026-08-20 09:15:00,ATM+1,PE,3450.0,3401.4,44.95,57.7,42.05,57.5,18.848696,17800,245400
2026-08-20 09:20:00,ATM+1,PE,3450.0,3404.0,56.5,57.5,53.8,55.45,18.698369,15000,245200
2026-08-20 09:25:00,ATM+1,PE,3450.0,3408.0,57.0,57.0,52.45,53.5,19.256093,2400,237800
2026-08-20 09:30:00,ATM+1,PE,3450.0,3415.8,53.6,56.0,50.9,50.9,20.902434,5000,237400
2026-08-20 09:35:00,ATM+1,PE,3450.0,3420.7,50.9,50.9,45.05,48.15,21.082511,13400,237400
2026-08-20 09:40:00,ATM+1,PE,3450.0,3422.9,47.9,49.45,47.8,48.75,22.294765,9000,236400
2026-08-20 09:45:00,ATM+1,PE,3450.0,3425.0,47.65,48.75,46.0,47.1,22.038889,5800,237400
2026-08-20 09:50:00,ATM+1,PE,3450.0,3421.6,45.25,48.6,45.25,48.2,21.474369,7000,239000
2026-08-20 09:55:00,ATM+1,PE,3450.0,3420.8,46.6,48.2,45.7,47.8,20.921771,3600,239400
2026-08-20 10:00:00,ATM+1,PE,3450.0,3416.1,47.55,50.7,47.55,50.7,20.928355,5400,238800
2026-08-20 10:05:00,ATM+1,PE,3450.0,3417.8,50.7,50.7,49.55,50.2,21.292944,1400,238400
2026-08-20 10:10:00,ATM+1,PE,3450.0,3418.8,51.0,51.0,49.2,49.2,21.052922,1600,238000
2026-08-20 10:15:00,ATM+1,PE,3450.0,3422.4,49.25,49.25,48.0,48.35,21.8999,4000,237400
2026-08-20 10:20:00,ATM+1,PE,3450.0,3422.4,48.0,48.6,47.1,47.45,21.33822,3200,237200
2026-08-20 10:25:00,ATM+1,PE,3450.0,3421.5,47.95,49.55,47.45,49.2,22.109948,3400,237000
2026-08-20 10:30:00,ATM+1,PE,3450.0,3422.6,47.25,49.2,46.6,46.6,20.888263,3400,236800
2026-08-20 10:35:00,ATM+1,PE,3450.0,3420.0,48.35,49.15,46.6,49.15,21.51747,1600,236600
2026-08-20 10:40:00,ATM+1,PE,3450.0,3419.2,48.4,49.15,47.25,48.05,20.507815,1600,237400
2026-08-20 10:45:00,ATM+1,PE,3450.0,3422.3,48.05,48.8,47.95,47.95,21.645909,4400,235400
2026-08-20 10:50:00,ATM+1,PE,3450.0,3421.5,47.5,47.95,45.9,47.15,20.840357,1800,235200
2026-08-20 10:55:00,ATM+1,PE,3450.0,3420.3,47.75,49.3,47.15,49.3,21.752358,1000,235200
2026-08-20 11:00:00,ATM+1,PE,3500.0,3426.0,48.0,86.65,46.2,85.6,25.790175,4000,355200
2026-08-20 11:05:00,ATM+1,PE,3500.0,3426.8,84.15,85.6,83.35,83.35,24.543947,1400,355000
2026-08-20 11:10:00,ATM+1,PE,3500.0,3426.8,82.2,83.35,82.0,82.0,23.510165,600,355200
2026-08-20 11:15:00,ATM+1,PE,3500.0,3425.6,46.15,84.55,42.95,84.55,24.789576,1200,355200
2026-08-20 11:20:00,ATM+1,PE,3500.0,3427.0,84.55,84.55,44.35,82.45,23.987263,2600,354600
2026-08-20 11:25:00,ATM+1,PE,3500.0,3430.3,81.4,82.45,80.0,80.05,24.036026,2800,354400
2026-08-20 11:30:00,ATM+1,PE,3500.0,3430.4,80.05,80.05,77.95,77.95,22.49489,1800,354400
2026-08-20 11:35:00,ATM+1,PE,3500.0,3433.0,79.2,79.2,77.95,78.7,24.514562,1600,354000
2026-08-20 11:40:00,ATM+1,PE,3500.0,3430.9,79.05,79.05,78.55,78.55,23.255183,3000,352600
2026-08-20 11:45:00,ATM+1,PE,3500.0,3432.2,78.55,79.2,78.55,79.2,24.467148,5400,351800
2026-08-20 11:50:00,ATM+1,PE,3500.0,3431.2,78.8,80.25,78.0,79.9,24.450842,2600,351600
2026-08-20 11:55:00,ATM+1,PE,3500.0,3434.7,78.9,79.9,76.0,76.4,23.756045,1600,350200
2026-08-20 12:00:00,ATM+1,PE,3500.0,3433.2,75.5,76.4,75.5,75.5,22.257818,200,350400
2026-08-20 12:05:00,ATM+1,PE,3500.0,3439.5,75.5,75.5,71.15,71.15,22.467734,5600,350200
2026-08-20 12:10:00,ATM+1,PE,3500.0,3445.3,70.45,71.15,64.0,64.15,20.420569,14200,345800
2026-08-20 12:15:00,ATM+1,PE,3500.0,3447.5,64.15,65.65,64.15,64.7,21.924574,3000,345000
2026-08-20 12:20:00,ATM+1,PE,3500.0,3446.6,64.7,65.1,64.1,64.8,21.55785,4800,343800
2026-08-20 12:25:00,ATM+1,PE,3500.0,3446.0,65.0,65.0,64.2,64.25,20.869528,9200,345200
2026-08-20 12:30:00,ATM+1,PE,3500.0,3445.5,65.4,66.0,64.25,65.25,21.336523,2200,346200
2026-08-20 12:35:00,ATM+1,PE,3500.0,3446.1,65.25,65.25,65.25,65.25,21.64419,0,346200
2026-08-20 12:40:00,ATM+1,PE,3500.0,3446.8,64.45,65.25,62.95,63.4,20.684127,8600,347600
2026-08-20 12:45:00,ATM+1,PE,3500.0,3455.7,62.2,63.4,56.8,57.4,20.799768,10400,348600
2026-08-20 12:50:00,ATM+1,PE,3500.0,3451.0,57.0,61.0,56.45,61.0,21.076999,5000,348400
2026-08-20 12:55:00,ATM+1,PE,3500.0,3442.6,60.85,67.3,60.85,67.0,21.126405,7000,346800
2026-08-20 13:00:00,ATM+1,PE,3500.0,3442.8,65.1,67.65,65.1,67.0,21.237671,2800,346400
2026-08-20 13:05:00,ATM+1,PE,3500.0,3443.1,67.0,67.0,66.6,66.6,21.108839,1800,346600
2026-08-20 13:10:00,ATM+1,PE,3500.0,3442.0,65.5,66.6,65.5,66.4,20.373918,800,346400
2026-08-20 13:15:00,ATM+1,PE,3500.0,3441.7,66.4,68.4,66.4,68.0,21.404251,12600,346400
2026-08-20 13:20:00,ATM+1,PE,3500.0,3441.9,68.25,69.55,67.6,67.6,21.221781,1800,345600
2026-08-20 13:25:00,ATM+1,PE,3500.0,3440.5,67.6,68.45,67.6,68.45,21.100567,400,345200
2026-08-20 13:30:00,ATM+1,PE,3500.0,3444.0,68.45,68.45,68.45,68.45,22.931487,0,345200
2026-08-20 13:35:00,ATM+1,PE,3500.0,3444.1,68.45,68.45,66.7,66.7,21.735844,800,345000
2026-08-20 13:40:00,ATM+1,PE,3500.0,3447.3,66.7,66.7,65.05,65.5,22.487634,2800,344400
2026-08-20 13:45:00,ATM+1,PE,3500.0,3444.4,65.5,67.2,63.65,67.2,22.25964,5200,344600
2026-08-20 13:50:00,ATM+1,PE,3500.0,3447.3,67.2,67.2,64.0,65.55,22.534791,3000,345800
2026-08-20 13:55:00,ATM+1,PE,3500.0,3445.5,65.55,67.25,65.55,66.2,22.111425,600,345800
2026-08-20 14:00:00,ATM+1,PE,3500.0,3437.9,67.25,71.5,66.2,70.6,21.315814,7400,345200
2026-08-20 14:05:00,ATM+1,PE,3500.0,3441.1,70.0,70.6,68.0,68.0,21.135258,800,342600
2026-08-20 14:10:00,ATM+1,PE,3500.0,3440.8,70.6,70.6,68.0,69.55,22.12815,600,343000
2026-08-20 14:15:00,ATM+1,PE,3500.0,3439.0,69.55,71.1,69.0,70.2,21.643149,4000,343400
2026-08-20 14:20:00,ATM+1,PE,3500.0,3448.0,70.2,70.2,64.95,64.95,22.49055,1600,343600
2026-08-20 14:25:00,ATM+1,PE,3500.0,3446.3,65.85,66.0,64.95,66.0,22.403769,800,343000
2026-08-20 14:30:00,ATM+1,PE,3500.0,3447.2,66.0,67.6,63.15,65.05,22.182134,2000,343000
2026-08-20 14:35:00,ATM+1,PE,3500.0,3451.5,65.05,65.05,62.15,62.75,22.644103,12200,342400
2026-08-20 14:40:00,ATM+1,PE,3500.0,3448.5,61.2,65.0,61.0,64.9,22.721277,4800,333200
2026-08-20 14:45:00,ATM+1,PE,3500.0,3450.2,65.2,65.2,62.2,62.85,22.112951,2600,332400
2026-08-20 14:50:00,ATM+1,PE,3500.0,3450.0,62.85,63.7,61.85,63.0,22.127777,1600,333000
2026-08-20 14:55:00,ATM+1,PE,3500.0,3452.0,63.0,64.0,62.65,62.65,22.832197,6600,329200
2026-08-20 15:00:00,ATM+1,PE,3500.0,3450.5,64.65,67.1,62.65,63.0,22.378181,10600,327000
2026-08-20 15:05:00,ATM+1,PE,3500.0,3444.4,64.8,66.8,63.0,66.8,22.066496,2600,328000
2026-08-20 15:10:00,ATM+1,PE,3500.0,3441.0,68.1,68.5,66.55,67.05,20.431903,1800,327800
2026-08-20 15:15:00,ATM+1,PE,3500.0,3441.0,65.8,68.4,65.8,68.0,21.156707,3200,328200
2026-08-20 15:20:00,ATM+1,PE,3500.0,3441.0,68.0,69.5,68.0,68.35,21.42493,2000,327800
2026-08-20 15:25:00,ATM+1,PE,3450.0,3424.8,68.35,70.0,32.2,32.8,13.081705,3600,252600
2026-08-20 15:30:00,ATM+1,PE,3450.0,3424.8,33.25,33.9,32.8,33.5,13.554168,5000,246400
2026-08-20 15:35:00,ATM+1,PE,3450.0,3424.8,33.5,33.5,32.4,32.5,12.8859,16800,244200
2026-08-21 09:15:00,ATM+1,PE,3500.0,3431.1,66.2,78.45,62.25,78.45,25.082564,11000,311000
2026-08-21 09:20:00,ATM+1,PE,3500.0,3425.9,80.0,86.2,40.45,85.5,27.764197,11600,309200
2026-08-21 09:25:00,ATM+1,PE,3450.0,3422.4,44.05,46.5,42.45,46.0,22.21917,4400,236400
2026-08-21 09:30:00,ATM+1,PE,3450.0,3424.0,45.2,84.85,42.1,44.75,22.028396,9600,235800
2026-08-21 09:35:00,ATM+1,PE,3450.0,3424.7,86.05,86.05,42.5,44.05,21.839972,4600,238600
2026-08-21 09:40:00,ATM+1,PE,3500.0,3426.6,83.2,85.5,83.2,85.35,28.111694,7400,306400
2026-08-21 09:45:00,ATM+1,PE,3500.0,3431.2,83.7,85.35,80.5,80.5,26.912601,4600,307400
2026-08-21 09:50:00,ATM+1,PE,3500.0,3430.0,79.35,80.5,77.9,79.3,25.158143,2200,308400
2026-08-21 09:55:00,ATM+1,PE,3500.0,3432.8,82.4,83.0,79.3,80.5,27.883682,3600,309200
2026-08-21 10:00:00,ATM+1,PE,3500.0,3428.1,80.5,85.35,80.5,84.1,28.03136,5600,306600
2026-08-21 10:05:00,ATM+1,PE,3500.0,3426.7,84.0,84.9,83.55,83.55,26.697621,1800,306400
2026-08-21 10:10:00,ATM+1,PE,3500.0,3431.7,83.85,83.85,82.1,82.1,28.562678,1000,306600
2026-08-21 10:15:00,ATM+1,PE,3500.0,3429.5,83.1,83.1,81.8,82.5,27.587432,2400,306000
2026-08-21 10:20:00,ATM+1,PE,3500.0,3430.0,82.5,83.55,81.9,83.55,28.760138,1600,305600
2026-08-21 10:25:00,ATM+1,PE,3500.0,3426.0,83.55,83.55,83.55,83.55,26.275478,0,304600
2026-08-21 10:30:00,ATM+1,PE,3500.0,3426.5,82.4,86.25,82.4,86.25,28.896258,4200,303200
2026-08-21 10:35:00,ATM+1,PE,3450.0,3418.5,44.45,50.75,44.2,49.3,22.967764,9400,229400
2026-08-21 10:40:00,ATM+1,PE,3450.0,3422.5,49.25,49.3,47.3,47.3,23.297255,2000,229400
2026-08-21 10:45:00,ATM+1,PE,3450.0,3423.2,46.65,47.3,46.15,46.15,22.79135,600,229000
2026-08-21 10:50:00,ATM+1,PE,3500.0,3425.8,46.15,89.25,46.15,85.25,27.655439,400,299600
2026-08-21 10:55:00,ATM+1,PE,3500.0,3425.2,43.75,85.25,43.3,85.25,27.278088,3200,299400
2026-08-21 11:00:00,ATM+1,PE,3450.0,3425.0,85.4,85.4,43.6,43.6,21.778838,2600,230000
2026-08-21 11:05:00,ATM+1,PE,3500.0,3426.2,86.3,86.3,85.4,86.3,28.822539,200,299800
2026-08-21 11:10:00,ATM+1,PE,3500.0,3425.8,84.35,86.3,84.35,84.8,27.306699,1200,300000
2026-08-21 11:15:00,ATM+1,PE,3450.0,3421.4,84.8,87.25,43.2,47.05,22.702733,2200,229200
2026-08-21 11:20:00,ATM+1,PE,3450.0,3420.9,46.05,47.05,46.05,46.95,22.420307,1600,228800
2026-08-21 11:25:00,ATM+1,PE,3500.0,3428.6,44.9,87.05,44.9,84.0,28.417016,5400,299200
2026-08-21 11:30:00,ATM+1,PE,3500.0,3427.6,84.0,85.1,84.0,84.5,28.229142,1200,299200
2026-08-21 11:35:00,ATM+1,PE,3500.0,3426.0,84.8,84.8,84.5,84.8,27.481916,200,299000
2026-08-21 11:40:00,ATM+1,PE,3500.0,3427.9,84.8,84.8,84.8,84.8,28.684505,0,299000
2026-08-21 11:45:00,ATM+1,PE,3500.0,3430.1,83.0,84.8,81.6,81.6,27.373269,1800,299200
2026-08-21 11:50:00,ATM+1,PE,3450.0,3416.2,81.6,85.5,42.85,46.15,19.703896,3200,229600
2026-08-21 11:55:00,ATM+1,PE,3450.0,3417.7,50.75,50.75,46.15,49.85,23.133176,10400,223400
2026-08-21 12:00:00,ATM+1,PE,3450.0,3422.3,50.2,50.6,47.95,48.15,23.948218,6000,222400
2026-08-21 12:05:00,ATM+1,PE,3500.0,3426.5,47.75,91.3,47.75,91.3,33.210413,600,298400
2026-08-21 12:10:00,ATM+1,PE,3500.0,3427.5,87.0,91.3,87.0,87.2,30.487444,800,298000
2026-08-21 12:15:00,ATM+1,PE,3500.0,3430.1,87.2,87.2,82.6,82.6,28.265027,200,298400
2026-08-21 12:20:00,ATM+1,PE,3500.0,3431.3,82.6,82.6,82.6,82.6,28.993436,0,298400
2026-08-21 12:25:00,ATM+1,PE,3500.0,3436.0,82.6,82.6,76.9,77.75,27.810199,5000,298400
2026-08-21 12:30:00,ATM+1,PE,3500.0,3435.0,77.75,77.75,74.25,76.5,26.204589,800,297200
2026-08-21 12:35:00,ATM+1,PE,3500.0,3430.5,76.5,80.35,76.5,80.35,26.659878,1200,297000
2026-08-21 12:40:00,ATM+1,PE,3500.0,3429.5,80.35,87.1,80.35,85.8,30.585866,2400,297400
2026-08-21 12:45:00,ATM+1,PE,3500.0,3427.1,85.8,85.8,85.35,85.35,28.781442,400,297400
2026-08-21 12:50:00,ATM+1,PE,3500.0,3431.1,85.5,85.5,85.35,85.5,31.284942,1600,297200
2026-08-21 12:55:00,ATM+1,PE,3500.0,3432.6,85.5,85.5,85.5,85.5,32.133557,0,297200
2026-08-21 13:00:00,ATM+1,PE,3500.0,3433.2,85.5,85.5,83.9,83.9,31.21292,600,296800
2026-08-21 13:05:00,ATM+1,PE,3500.0,3429.3,80.85,83.9,80.85,80.85,26.37399,600,296400
2026-08-21 13:10:00,ATM+1,PE,3500.0,3428.8,80.85,80.85,80.85,80.85,26.055372,0,296400
2026-08-21 13:15:00,ATM+1,PE,3500.0,3433.0,80.85,83.15,80.85,83.15,30.536876,200,296400
2026-08-21 13:20:00,ATM+1,PE,3500.0,3429.9,80.95,84.0,80.85,84.0,29.434855,800,295800
2026-08-21 13:25:00,ATM+1,PE,3500.0,3429.8,84.0,84.0,84.0,84.0,29.385428,0,295600
2026-08-21 13:30:00,ATM+1,PE,3500.0,3431.3,82.95,84.65,82.95,84.65,30.806143,2800,295400
2026-08-21 13:35:00,ATM+1,PE,3500.0,3428.2,84.65,87.1,84.65,87.1,31.005776,2000,294200
2026-08-21 13:40:00,ATM+1,PE,3500.0,3428.7,86.35,87.1,86.2,86.2,30.574302,400,294800
2026-08-21 13:45:00,ATM+1,PE,3500.0,3427.6,86.2,86.9,86.2,86.9,30.50675,600,295000
2026-08-21 13:50:00,ATM+1,PE,3450.0,3424.1,86.9,86.9,45.55,46.85,23.981188,1600,207800
2026-08-21 13:55:00,ATM+1,PE,3500.0,3429.8,46.85,89.0,46.85,86.9,31.818017,200,294200
2026-08-21 14:00:00,ATM+1,PE,3500.0,3431.3,86.9,86.9,83.2,83.2,29.69302,200,294200
2026-08-21 14:05:00,ATM+1,PE,3500.0,3433.4,83.2,83.2,81.2,81.2,29.300903,400,294000
2026-08-21 14:10:00,ATM+1,PE,3500.0,3434.8,80.4,81.2,80.0,81.15,30.075055,1800,294000
2026-08-21 14:15:00,ATM+1,PE,3500.0,3436.1,79.3,81.15,79.3,79.3,29.338696,200,294000
2026-08-21 14:20:00,ATM+1,PE,3500.0,3435.0,79.3,80.35,79.3,80.35,29.567529,400,294000
2026-08-21 14:25:00,ATM+1,PE,3500.0,3437.1,82.0,82.0,78.25,78.25,29.084223,600,294000
2026-08-21 14:30:00,ATM+1,PE,3500.0,3436.9,78.25,78.25,78.2,78.2,28.941218,400,293800
2026-08-21 14:35:00,ATM+1,PE,3500.0,3436.5,80.4,80.55,78.2,80.25,30.36541,800,293800
2026-08-21 14:40:00,ATM+1,PE,3500.0,3436.4,79.0,80.25,79.0,79.0,29.321366,400,293600
2026-08-21 14:45:00,ATM+1,PE,3500.0,3438.1,79.4,79.4,78.1,78.1,29.568029,1000,293400
2026-08-21 14:50:00,ATM+1,PE,3500.0,3437.2,76.3,78.1,76.3,77.35,28.468926,1800,292800
2026-08-21 14:55:00,ATM+1,PE,3500.0,3435.3,77.35,79.0,77.35,79.0,28.720234,400,292800
2026-08-21 15:00:00,ATM+1,PE,3500.0,3432.2,79.0,79.0,79.0,79.0,26.852153,0,292800
2026-08-21 15:05:00,ATM+1,PE,3500.0,3432.1,76.5,79.0,76.5,77.6,25.587969,7200,291800
2026-08-21 15:10:00,ATM+1,PE,3450.0,3417.0,78.1,78.25,36.0,38.85,14.699449,13000,196200
2026-08-21 15:15:00,ATM+1,PE,3450.0,3417.0,37.65,38.85,37.2,37.85,13.885384,4400,194000
2026-08-21 15:20:00,ATM+1,PE,3450.0,3417.0,37.15,37.85,36.5,36.5,12.756242,5400,190400
2026-08-21 15:25:00,ATM+1,PE,3450.0,3412.2,36.45,36.85,36.25,36.7,9.294554,7800,189000
2026-08-21 15:30:00,ATM+1,PE,3450.0,3412.2,37.75,39.8,36.7,39.45,12.145805,3600,186400
2026-08-21 15:35:00,ATM+1,PE,3450.0,3412.2,39.8,39.8,37.05,37.05,9.698249,4600,185200
2026-08-24 09:15:00,ATM+1,PE,3450.0,3421.8,65.95,67.05,38.15,38.15,27.364966,1800,185400
2026-08-24 09:20:00,ATM+1,PE,3450.0,3414.1,38.15,43.85,38.15,41.9,24.759186,10400,184800
2026-08-24 09:25:00,ATM+1,PE,3450.0,3414.6,43.6,45.95,41.9,43.4,27.671639,7800,185000
2026-08-24 09:30:00,ATM+1,PE,3450.0,3409.8,42.8,47.5,41.05,47.5,28.559616,7800,184000
2026-08-24 09:35:00,ATM+1,PE,3450.0,3411.0,47.5,50.65,46.45,47.0,29.205253,4600,182400
2026-08-24 09:40:00,ATM+1,PE,3450.0,3409.6,46.45,49.7,46.45,48.35,29.727913,2600,182000
2026-08-24 09:45:00,ATM+1,PE,3450.0,3416.1,48.55,48.55,39.85,42.3,27.788986,31000,165600
2026-08-24 09:50:00,ATM+1,PE,3450.0,3415.0,41.8,42.7,40.8,42.7,27.226986,2400,165600
2026-08-24 09:55:00,ATM+1,PE,3450.0,3419.2,43.0,43.0,38.2,39.95,27.642164,2800,165600
2026-08-24 10:00:00,ATM+1,PE,3450.0,3421.0,40.05,40.45,37.5,37.5,25.95567,1200,165200
2026-08-24 10:05:00,ATM+1,PE,3500.0,3425.1,38.4,80.8,35.55,80.0,36.977019,4200,247000
2026-08-24 10:10:00,ATM+1,PE,3500.0,3441.7,76.25,80.0,60.0,61.4,27.393741,5200,247200
2026-08-24 10:15:00,ATM+1,PE,3500.0,3440.7,61.0,64.5,61.0,63.7,30.416067,1200,246600
2026-08-24 10:20:00,ATM+1,PE,3500.0,3436.9,64.4,68.5,63.7,68.5,33.693796,1600,246800
2026-08-24 10:25:00,ATM+1,PE,3500.0,3440.0,67.5,68.5,64.85,64.85,31.608908,1200,246400
2026-08-24 10:30:00,ATM+1,PE,3500.0,3441.0,64.85,66.1,62.95,62.95,29.529014,4200,244600
2026-08-24 10:35:00,ATM+1,PE,3500.0,3442.6,62.95,62.95,60.55,60.55,27.37244,3200,242400
2026-08-24 10:40:00,ATM+1,PE,3500.0,3441.9,61.65,62.55,60.55,61.25,27.635059,1000,241600
2026-08-24 10:45:00,ATM+1,PE,3500.0,3438.0,61.25,64.0,59.75,61.3,16.789159,3800,242400
2026-08-24 10:50:00,ATM+1,PE,3500.0,3437.4,63.25,65.0,61.3,64.0,24.913162,5200,238000
2026-08-24 10:55:00,ATM+1,PE,3500.0,3431.7,64.0,67.3,64.0,67.3,15.341622,400,238000
2026-08-24 11:00:00,ATM+1,PE,3500.0,3432.0,69.65,70.25,65.35,69.5,26.843383,1400,237600
2026-08-24 11:05:00,ATM+1,PE,3500.0,3434.1,71.1,71.65,67.25,67.25,25.83318,1200,236800
2026-08-24 11:10:00,ATM+1,PE,3500.0,3433.3,67.25,68.0,65.4,67.15,23.268457,1400,235800
2026-08-24 11:15:00,ATM+1,PE,3500.0,3431.7,68.15,70.7,67.15,68.15,21.3303,7400,235600
2026-08-24 11:20:00,ATM+1,PE,3500.0,3430.9,68.15,71.15,68.15,70.7,27.574876,1600,233400
2026-08-24 11:25:00,ATM+1,PE,3500.0,3428.1,71.5,74.1,70.7,73.85,29.410178,1200,233200
2026-08-24 11:30:00,ATM+1,PE,3450.0,3424.6,73.85,77.45,33.6,33.6,24.524066,3800,161200
2026-08-24 11:35:00,ATM+1,PE,3450.0,3424.7,33.6,77.5,33.5,33.5,24.511963,1800,160200
2026-08-24 11:40:00,ATM+1,PE,3500.0,3426.8,78.15,79.0,76.5,79.0,38.753577,1000,231600
2026-08-24 11:45:00,ATM+1,PE,3500.0,3430.0,78.0,79.0,76.1,76.95,39.913583,1800,230800
2026-08-24 11:50:00,ATM+1,PE,3500.0,3430.0,76.95,80.35,76.35,80.35,46.099744,2400,229200
2026-08-24 11:55:00,ATM+1,PE,3500.0,3432.5,78.05,80.4,77.7,79.6,48.129884,5200,229400
2026-08-24 12:00:00,ATM+1,PE,3500.0,3432.1,78.2,80.15,78.2,80.0,48.35964,800,229000
2026-08-24 12:05:00,ATM+1,PE,3500.0,3431.5,80.0,82.3,79.45,79.45,46.735338,1400,228800
2026-08-24 12:10:00,ATM+1,PE,3500.0,3429.0,81.3,83.35,79.45,83.35,50.166304,800,228400
2026-08-24 12:15:00,ATM+1,PE,3500.0,3428.4,83.35,84.2,83.35,84.2,50.89971,800,228000
2026-08-24 12:20:00,ATM+1,PE,3500.0,3428.2,84.55,85.85,82.95,82.95,48.588944,2800,226600
2026-08-24 12:25:00,ATM+1,PE,3500.0,3430.0,82.95,82.95,80.65,82.4,50.062515,1200,225600
2026-08-24 12:30:00,ATM+1,PE,3500.0,3429.8,82.4,84.2,82.4,84.2,52.870143,600,225000
2026-08-24 12:35:00,ATM+1,PE,3500.0,3428.5,82.95,84.2,82.95,83.7,50.478944,3600,222200
2026-08-24 12:40:00,ATM+1,PE,3500.0,3428.2,83.7,84.45,83.7,84.2,51.013653,600,221800
2026-08-24 12:45:00,ATM+1,PE,3500.0,3425.9,85.3,86.5,84.2,86.15,51.420145,3000,219400
2026-08-24 12:50:00,ATM+1,PE,3450.0,3420.5,86.6,88.6,40.8,45.35,38.20582,8200,155200
2026-08-24 12:55:00,ATM+1,PE,3450.0,3417.9,45.35,47.0,44.25,46.45,37.384583,6200,154400
2026-08-24 13:00:00,ATM+1,PE,3450.0,3417.4,46.15,47.5,46.15,46.9,37.610332,1600,153600
2026-08-24 13:05:00,ATM+1,PE,3450.0,3418.0,46.9,48.0,46.4,46.4,37.519664,600,153000
2026-08-24 13:10:00,ATM+1,PE,3450.0,3416.9,46.5,47.2,46.0,46.0,35.895782,3600,152000
2026-08-24 13:15:00,ATM+1,PE,3450.0,3417.0,47.4,47.4,46.0,47.4,38.120968,200,152000
2026-08-24 13:20:00,ATM+1,PE,3450.0,3419.3,47.4,47.4,47.4,47.4,40.380604,0,152000
2026-08-24 13:25:00,ATM+1,PE,3450.0,3424.9,43.65,47.4,40.4,40.5,35.711009,9000,153000
2026-08-24 13:30:00,ATM+1,PE,3450.0,3418.7,41.35,45.0,40.5,45.0,36.425865,1400,151400
2026-08-24 13:35:00,ATM+1,PE,3450.0,3418.2,45.0,45.0,44.0,44.1,34.6395,800,151400
2026-08-24 13:40:00,ATM+1,PE,3450.0,3418.0,46.1,47.05,44.1,44.55,35.163614,1200,151200
2026-08-24 13:45:00,ATM+1,PE,3450.0,3414.6,44.55,46.05,44.55,46.05,33.918888,1600,151000
2026-08-24 13:50:00,ATM+1,PE,3450.0,3412.0,47.9,50.0,46.05,49.15,35.954261,5200,149200
2026-08-24 13:55:00,ATM+1,PE,3450.0,3407.6,49.15,52.25,48.25,51.65,34.924827,2600,149600
2026-08-24 14:00:00,ATM+1,PE,3450.0,3407.1,52.4,52.95,50.8,52.95,36.517665,5400,148800
2026-08-24 14:05:00,ATM+1,PE,3450.0,3407.9,53.0,53.15,52.2,52.2,36.298385,2200,147600
2026-08-24 14:10:00,ATM+1,PE,3450.0,3403.8,52.2,55.1,52.2,55.1,36.148746,3400,145400
2026-08-24 14:15:00,ATM+1,PE,3450.0,3409.0,55.65,55.65,51.3,51.5,36.565779,5600,146000
2026-08-24 14:20:00,ATM+1,PE,3450.0,3407.2,49.95,52.7,49.55,52.7,36.449492,1200,146400
2026-08-24 14:25:00,ATM+1,PE,3450.0,3408.3,50.05,52.7,50.05,50.4,34.013186,5800,145000
2026-08-24 14:30:00,ATM+1,PE,3450.0,3410.0,50.45,50.45,49.6,49.7,34.973391,2000,143200
2026-08-24 14:35:00,ATM+1,PE,3450.0,3409.7,49.6,49.75,47.7,47.7,31.283699,2200,141600
2026-08-24 14:40:00,ATM+1,PE,3450.0,3412.7,47.7,48.1,43.25,44.15,29.083261,14800,139200
2026-08-24 14:45:00,ATM+1,PE,3450.0,3409.0,44.7,45.75,44.15,45.75,26.858258,1800,137000
2026-08-24 14:50:00,ATM+1,PE,3450.0,3412.0,45.75,45.8,44.7,45.0,29.736296,2800,134800
2026-08-24 14:55:00,ATM+1,PE,3450.0,3407.7,45.2,47.15,45.0,45.55,24.424399,6200,135200
2026-08-24 15:00:00,ATM+1,PE,3450.0,3402.2,46.15,49.15,45.15,49.15,21.86669,1600,134800
2026-08-24 15:05:00,ATM+1,PE,3450.0,3401.3,48.85,50.95,47.85,47.85,12.110962,1600,134000
2026-08-24 15:10:00,ATM+1,PE,3450.0,3410.1,46.8,47.85,45.0,45.0,27.282028,3400,134200
2026-08-24 15:15:00,ATM+1,PE,3450.0,3410.1,44.0,45.0,43.4,43.45,24.274622,2400,133400
2026-08-24 15:20:00,ATM+1,PE,3450.0,3410.1,43.95,43.95,43.45,43.55,24.516125,600,133200
2026-08-24 15:25:00,ATM+1,PE,3450.0,3414.1,43.9,43.9,43.55,43.9,30.851074,2200,132200
2026-08-24 15:30:00,ATM+1,PE,3450.0,3414.1,43.9,43.9,43.0,43.0,29.356561,600,130200
2026-08-24 15:35:00,ATM+1,PE,3450.0,3414.1,45.15,45.15,42.9,44.8,32.46629,2800,128400
2026-08-25 09:15:00,ATM+1,PE,3450.0,3407.7,51.3,51.45,51.0,51.2,67.114545,800,128200
2026-08-25 09:20:00,ATM+1,PE,3450.0,3402.3,51.2,53.8,46.35,53.8,61.816428,6000,127200
2026-08-25 09:25:00,ATM+1,PE,3450.0,3409.7,54.0,54.0,47.6,47.6,60.637483,8000,126000
2026-08-25 09:30:00,ATM+1,PE,3450.0,3410.6,43.95,49.05,40.0,47.05,61.522908,5600,125400
2026-08-25 09:35:00,ATM+1,PE,3450.0,3408.3,45.7,47.05,45.7,46.35,52.415254,800,125000
2026-08-25 09:40:00,ATM+1,PE,3450.0,3407.9,46.35,50.25,46.35,50.25,66.534507,5000,124200
2026-08-25 09:45:00,ATM+1,PE,3450.0,3408.7,50.25,50.25,46.55,46.55,55.275085,2800,123000
2026-08-25 09:50:00,ATM+1,PE,3450.0,3407.1,46.55,49.05,46.55,49.05,60.58961,1000,123000
2026-08-25 09:55:00,ATM+1,PE,3450.0,3402.6,49.65,50.95,49.05,50.95,53.388038,400,122000
2026-08-25 10:00:00,ATM+1,PE,3450.0,3402.0,51.9,57.0,50.95,57.0,76.936552,9800,119600
2026-08-25 10:05:00,ATM+1,PE,3450.0,3398.0,57.0,60.0,56.5,60.0,77.192024,6400,116600
2026-08-25 10:10:00,ATM+1,PE,3450.0,3400.3,58.9,60.0,56.0,56.7,71.727321,6400,112200
2026-08-25 10:15:00,ATM+1,PE,3450.0,3401.6,56.35,56.8,56.0,56.0,73.567159,2200,110400
2026-08-25 10:20:00,ATM+1,PE,3450.0,3399.1,56.75,56.75,55.5,55.5,63.28244,400,109800
2026-08-25 10:25:00,ATM+1,PE,3450.0,3401.8,55.5,55.5,54.0,54.0,66.975603,3000,108000
2026-08-25 10:30:00,ATM+1,PE,3450.0,3401.7,55.8,55.8,53.8,53.8,66.265788,4000,107000
2026-08-25 10:35:00,ATM+1,PE,3450.0,3401.2,53.8,56.9,53.8,56.9,78.360869,400,106600
2026-08-25 10:40:00,ATM+1,PE,3450.0,3404.5,56.45,58.0,50.0,50.0,60.307714,5000,103800
2026-08-25 10:45:00,ATM+1,PE,3450.0,3404.4,50.0,50.0,46.8,47.6,47.436792,3800,103000
2026-08-25 10:50:00,ATM+1,PE,3450.0,3406.2,47.6,50.8,45.55,45.55,44.86632,600,102800
2026-08-25 10:55:00,ATM+1,PE,3450.0,3404.0,45.55,48.7,45.55,48.7,52.809131,1800,102200
2026-08-25 11:00:00,ATM+1,PE,3450.0,3404.9,48.7,48.7,46.9,48.45,56.17019,800,101600
2026-08-25 11:05:00,ATM+1,PE,3450.0,3406.7,48.45,48.45,46.7,46.7,55.416501,1000,101200
2026-08-25 11:10:00,ATM+1,PE,3450.0,3412.0,44.7,46.7,43.25,43.25,60.20568,2400,100200
2026-08-25 11:15:00,ATM+1,PE,3450.0,3411.5,43.25,48.45,43.25,45.5,68.996506,800,99600
2026-08-25 11:20:00,ATM+1,PE,3450.0,3407.4,49.0,49.8,45.5,49.8,74.682383,1200,99200
2026-08-25 11:25:00,ATM+1,PE,3450.0,3410.9,49.15,50.7,49.15,50.7,90.00384,1000,99400
2026-08-25 11:30:00,ATM+1,PE,3450.0,3404.8,48.65,50.7,47.85,48.1,56.867802,800,98400
2026-08-25 11:35:00,ATM+1,PE,3450.0,3408.3,48.1,52.3,46.65,46.65,65.379225,3200,96000
2026-08-25 11:40:00,ATM+1,PE,3450.0,3408.3,46.65,48.4,46.65,48.4,74.50156,1200,95800
2026-08-25 11:45:00,ATM+1,PE,3450.0,3406.1,48.4,55.05,48.4,52.0,84.100261,4000,91800
2026-08-25 11:50:00,ATM+1,PE,3450.0,3407.0,50.3,52.0,50.3,51.7,86.759407,1200,91400
2026-08-25 11:55:00,ATM+1,PE,3450.0,3412.3,51.7,51.7,51.7,51.7,104.112441,0,91400
2026-08-25 12:00:00,ATM+1,PE,3450.0,3413.9,47.9,51.7,43.0,44.6,79.907832,1000,91000
2026-08-25 12:05:00,ATM+1,PE,3450.0,3415.0,44.6,44.65,39.25,42.75,76.153271,1800,91000
2026-08-25 12:10:00,ATM+1,PE,3450.0,3415.7,42.8,42.8,42.75,42.8,79.657798,400,90400
2026-08-25 12:15:00,ATM+1,PE,3450.0,3415.0,41.0,43.1,40.0,43.1,79.640858,2200,90200
2026-08-25 12:20:00,ATM+1,PE,3450.0,3418.9,40.55,43.1,36.35,36.35,62.233304,1400,90400
2026-08-25 12:25:00,ATM+1,PE,3450.0,3418.4,36.5,39.1,36.35,38.15,70.089269,13000,89400
2026-08-25 12:30:00,ATM+1,PE,3450.0,3424.0,38.15,38.15,34.1,34.45,72.836219,1600,87200
2026-08-25 12:35:00,ATM+1,PE,3450.0,3421.5,34.45,35.45,34.45,35.1,68.354898,400,87200
2026-08-25 12:40:00,ATM+1,PE,3450.0,3416.0,35.1,35.1,35.1,35.1,41.872489,0,87200
2026-08-25 12:45:00,ATM+1,PE,3450.0,3417.7,35.1,35.1,35.1,35.1,53.639932,0,87200
2026-08-25 12:50:00,ATM+1,PE,3450.0,3417.6,35.1,37.65,35.1,37.65,69.18223,200,87000
2026-08-25 12:55:00,ATM+1,PE,3450.0,3413.9,37.65,37.65,37.65,37.65,49.855669,0,87000
2026-08-25 13:00:00,ATM+1,PE,3450.0,3408.1,37.65,46.8,37.65,43.2,53.98179,1800,86800
2026-08-25 13:05:00,ATM+1,PE,3450.0,3409.4,43.2,43.2,37.2,37.2,0.0,1000,85400
2026-08-25 13:10:00,ATM+1,PE,3450.0,3409.0,37.25,37.25,35.15,35.15,0.0,2000,85400
2026-08-25 13:15:00,ATM+1,PE,3450.0,3407.1,35.15,39.0,35.15,39.0,0.0,200,84600
2026-08-25 13:20:00,ATM+1,PE,3450.0,3407.6,39.0,39.0,39.0,39.0,0.0,0,84600
2026-08-25 13:25:00,ATM+1,PE,3450.0,3407.2,39.0,39.0,39.0,39.0,0.0,0,84600
2026-08-25 13:30:00,ATM+1,PE,3450.0,3410.2,39.0,39.0,39.0,39.0,0.0,0,84600
2026-08-25 13:35:00,ATM+1,PE,3450.0,3409.8,39.0,39.0,39.0,39.0,0.0,0,84400
2026-08-25 13:40:00,ATM+1,PE,3450.0,3409.6,39.0,39.0,36.9,36.9,0.0,600,84200
2026-08-25 13:45:00,ATM+1,PE,3450.0,3410.9,36.9,36.9,36.9,36.9,0.0,0,84200
2026-08-25 13:50:00,ATM+1,PE,3450.0,3414.4,36.9,36.9,35.5,35.5,0.0,400,83800
2026-08-25 13:55:00,ATM+1,PE,3450.0,3414.3,35.0,35.5,30.05,30.05,0.0,1000,83200
2026-08-25 14:00:00,ATM+1,PE,3450.0,3419.9,30.05,30.05,30.05,30.05,24.205955,0,83200
2026-08-25 14:05:00,ATM+1,PE,3450.0,3418.7,30.05,30.05,30.05,30.05,0.0,0,83200
2026-08-25 14:10:00,ATM+1,PE,3450.0,3418.8,30.05,30.05,30.05,30.05,0.0,0,83200
2026-08-25 14:15:00,ATM+1,PE,3450.0,3422.0,30.05,30.05,30.05,30.05,63.687965,0,83200
2026-08-25 14:20:00,ATM+1,PE,3450.0,3421.3,30.05,30.05,30.05,30.05,58.920079,0,83200
2026-08-25 14:25:00,ATM+1,PE,3450.0,3424.0,30.0,30.05,25.0,25.0,0.0,5200,82600
2026-08-25 14:30:00,ATM+1,PE,3450.0,3424.0,25.0,80.0,25.0,25.0,0.0,2800,78400
2026-08-25 14:35:00,ATM+1,PE,3450.0,3424.5,75.0,75.0,25.0,25.0,0.0,0,78400
2026-08-25 14:40:00,ATM+1,PE,3500.0,3426.9,25.0,79.85,25.0,79.85,0.0,0,124800
2026-08-25 14:45:00,ATM+1,PE,3500.0,3430.1,79.85,79.85,79.85,79.85,0.0,0,124800
2026-08-25 14:50:00,ATM+1,PE,3500.0,3433.4,79.85,79.85,60.5,60.5,0.0,1000,125000
2026-08-25 14:55:00,ATM+1,PE,3500.0,3435.3,60.5,62.0,60.5,62.0,0.0,200,124800
2026-08-25 15:00:00,ATM+1,PE,3500.0,3429.6,62.0,67.85,62.0,62.0,0.0,600,124800
2026-08-25 15:05:00,ATM+1,PE,3500.0,3436.9,62.0,62.0,61.2,62.0,0.0,800,125200
2026-08-25 15:10:00,ATM+1,PE,3500.0,3440.0,64.2,64.2,62.0,64.2,0.0,200,125200
2026-08-25 15:15:00,ATM+1,PE,3500.0,3440.0,64.2,64.2,64.2,64.2,0.0,0,125200
2026-08-25 15:20:00,ATM+1,PE,3500.0,3440.0,61.3,64.2,61.3,61.3,0.0,400,125200
2026-08-25 15:25:00,ATM+1,PE,3500.0,3443.0,61.3,61.3,61.3,61.3,0.0,0,125200
2026-08-25 15:30:00,ATM+1,PE,3500.0,3443.0,61.3,61.3,43.15,43.15,0.0,1000,124800
2026-08-25 15:35:00,ATM+1,PE,3500.0,3443.0,43.15,43.15,43.15,43.15,0.0,0,124800
2026-08-20 09:15:00,ATM+2,CE,3500.0,3401.4,9.1,9.35,6.65,6.65,21.420992,136800,1310200
2026-08-20 09:20:00,ATM+2,CE,3500.0,3404.0,6.5,7.05,5.9,5.9,20.218277,81200,1322600
2026-08-20 09:25:00,ATM+2,CE,3500.0,3408.0,6.1,6.7,5.9,6.25,19.977518,35600,1329600
2026-08-20 09:30:00,ATM+2,CE,3500.0,3415.8,6.35,7.1,6.0,6.9,19.399287,29800,1330200
2026-08-20 09:35:00,ATM+2,CE,3500.0,3420.7,7.4,8.15,6.9,7.4,19.081533,60600,1331400
2026-08-20 09:40:00,ATM+2,CE,3500.0,3422.9,7.55,7.55,7.15,7.4,18.721869,20800,1333400
2026-08-20 09:45:00,ATM+2,CE,3500.0,3425.0,7.35,7.8,7.35,7.8,18.742565,53200,1304200
2026-08-20 09:50:00,ATM+2,CE,3500.0,3421.6,8.0,8.0,6.65,6.75,18.334709,98200,1300800
2026-08-20 09:55:00,ATM+2,CE,3500.0,3420.8,6.7,7.35,6.7,6.85,18.568913,14200,1300400
2026-08-20 10:00:00,ATM+2,CE,3500.0,3416.1,6.8,6.85,5.85,5.85,18.331418,27600,1298200
2026-08-20 10:05:00,ATM+2,CE,3500.0,3417.8,5.85,6.25,5.85,6.25,18.47734,21600,1296000
2026-08-20 10:10:00,ATM+2,CE,3500.0,3418.8,6.0,6.25,5.95,6.1,18.172066,11600,1296600
2026-08-20 10:15:00,ATM+2,CE,3500.0,3422.4,6.2,6.5,6.1,6.5,17.99424,12000,1293000
2026-08-20 10:20:00,ATM+2,CE,3500.0,3422.4,6.4,6.7,6.35,6.55,18.049451,18400,1297400
2026-08-20 10:25:00,ATM+2,CE,3500.0,3421.5,6.5,6.55,6.25,6.45,18.105058,6000,1297200
2026-08-20 10:30:00,ATM+2,CE,3500.0,3422.6,6.45,6.75,6.4,6.75,18.223327,6600,1297600
2026-08-20 10:35:00,ATM+2,CE,3500.0,3420.0,6.5,6.75,6.15,6.15,18.062686,5200,1298200
2026-08-20 10:40:00,ATM+2,CE,3500.0,3419.2,6.2,6.3,6.1,6.3,18.348854,14600,1298400
2026-08-20 10:45:00,ATM+2,CE,3500.0,3422.3,6.15,6.3,5.8,6.2,17.7542,13800,1299000
2026-08-20 10:50:00,ATM+2,CE,3500.0,3421.5,6.1,6.5,6.1,6.2,17.89024,10600,1300000
2026-08-20 10:55:00,ATM+2,CE,3500.0,3420.3,6.15,6.2,5.85,6.05,17.939621,8400,1300400
2026-08-20 11:00:00,ATM+2,CE,3550.0,3426.0,6.0,6.25,3.1,3.35,20.814202,13400,263200
2026-08-20 11:05:00,ATM+2,CE,3550.0,3426.8,3.4,3.45,3.35,3.35,20.714095,2200,263800
2026-08-20 11:10:00,ATM+2,CE,3550.0,3426.8,3.35,3.55,3.35,3.55,21.026953,200,264000
2026-08-20 11:15:00,ATM+2,CE,3550.0,3425.6,6.5,6.85,3.25,3.35,20.89017,14000,264000
2026-08-20 11:20:00,ATM+2,CE,3550.0,3427.0,3.25,6.5,3.25,3.5,20.939151,1800,263200
2026-08-20 11:25:00,ATM+2,CE,3550.0,3430.3,3.4,3.7,3.4,3.65,20.720737,4800,262400
2026-08-20 11:30:00,ATM+2,CE,3550.0,3430.4,3.6,3.75,3.45,3.5,20.492114,9400,262600
2026-08-20 11:35:00,ATM+2,CE,3550.0,3433.0,3.5,3.65,3.5,3.65,20.364896,2600,260400
2026-08-20 11:40:00,ATM+2,CE,3550.0,3430.9,3.65,3.65,3.4,3.4,20.288199,1000,260200
2026-08-20 11:45:00,ATM+2,CE,3550.0,3432.2,3.35,3.45,3.35,3.45,20.194031,600,260600
2026-08-20 11:50:00,ATM+2,CE,3550.0,3431.2,3.5,3.6,3.45,3.5,20.412373,6200,260400
2026-08-20 11:55:00,ATM+2,CE,3550.0,3434.7,3.6,3.75,3.5,3.65,20.15985,7400,258400
2026-08-20 12:00:00,ATM+2,CE,3550.0,3433.2,3.65,3.65,3.4,3.4,20.004512,2200,257400
2026-08-20 12:05:00,ATM+2,CE,3550.0,3439.5,3.45,3.85,3.4,3.85,19.789656,8400,257200
2026-08-20 12:10:00,ATM+2,CE,3550.0,3445.3,4.0,4.45,3.85,4.25,19.508662,18800,256600
2026-08-20 12:15:00,ATM+2,CE,3550.0,3447.5,4.2,4.25,4.1,4.15,19.070984,8400,257000
2026-08-20 12:20:00,ATM+2,CE,3550.0,3446.6,4.25,4.25,4.15,4.15,19.206898,26200,259800
2026-08-20 12:25:00,ATM+2,CE,3550.0,3446.0,4.25,4.25,4.0,4.05,19.168993,17200,258000
2026-08-20 12:30:00,ATM+2,CE,3550.0,3445.5,3.75,4.05,3.75,3.8,18.913074,13200,258000
2026-08-20 12:35:00,ATM+2,CE,3550.0,3446.1,3.8,3.8,3.7,3.8,18.835256,2800,255800
2026-08-20 12:40:00,ATM+2,CE,3550.0,3446.8,3.85,3.9,3.65,3.75,18.67557,18200,259200
2026-08-20 12:45:00,ATM+2,CE,3550.0,3455.7,3.95,4.5,3.75,4.5,18.356224,28800,257400
2026-08-20 12:50:00,ATM+2,CE,3550.0,3451.0,4.45,4.5,3.7,3.8,18.160948,16800,258800
2026-08-20 12:55:00,ATM+2,CE,3550.0,3442.6,3.65,3.8,3.15,3.15,18.424492,15000,258200
2026-08-20 13:00:00,ATM+2,CE,3550.0,3442.8,3.3,3.3,3.15,3.2,18.478467,8600,263600
2026-08-20 13:05:00,ATM+2,CE,3550.0,3443.1,3.2,3.2,3.15,3.2,18.444102,1400,265000
2026-08-20 13:10:00,ATM+2,CE,3550.0,3442.0,3.2,3.35,3.2,3.3,18.749682,3400,265400
2026-08-20 13:15:00,ATM+2,CE,3550.0,3441.7,3.25,3.3,3.2,3.2,18.649316,600,265800
2026-08-20 13:20:00,ATM+2,CE,3550.0,3441.9,3.2,3.2,3.0,3.15,18.553733,2000,265600
2026-08-20 13:25:00,ATM+2,CE,3550.0,3440.5,3.25,3.25,3.1,3.1,18.675563,1800,265000
2026-08-20 13:30:00,ATM+2,CE,3550.0,3444.0,3.1,3.2,3.1,3.2,18.354195,3800,266000
2026-08-20 13:35:00,ATM+2,CE,3550.0,3444.1,3.25,3.3,3.2,3.3,18.494198,1600,263800
2026-08-20 13:40:00,ATM+2,CE,3550.0,3447.3,3.3,3.35,3.25,3.35,18.129545,2200,262400
2026-08-20 13:45:00,ATM+2,CE,3550.0,3444.4,3.35,3.4,3.25,3.25,18.393052,1200,262200
2026-08-20 13:50:00,ATM+2,CE,3550.0,3447.3,3.25,3.25,3.2,3.2,17.926136,4800,263000
2026-08-20 13:55:00,ATM+2,CE,3550.0,3445.5,3.1,3.2,3.05,3.05,17.957794,800,263200
2026-08-20 14:00:00,ATM+2,CE,3550.0,3437.9,3.05,3.05,2.8,2.8,18.601508,3800,264600
2026-08-20 14:05:00,ATM+2,CE,3550.0,3441.1,2.9,3.0,2.8,3.0,18.494497,6400,264000
2026-08-20 14:10:00,ATM+2,CE,3550.0,3440.8,2.95,3.0,2.95,3.0,18.542032,1000,263800
2026-08-20 14:15:00,ATM+2,CE,3550.0,3439.0,2.95,3.0,2.85,2.85,18.555185,11600,264600
2026-08-20 14:20:00,ATM+2,CE,3550.0,3448.0,2.85,3.05,2.85,3.05,17.647676,2800,262600
2026-08-20 14:25:00,ATM+2,CE,3550.0,3446.3,3.2,3.25,3.05,3.25,18.184053,10000,257600
2026-08-20 14:30:00,ATM+2,CE,3550.0,3447.2,3.2,3.55,3.2,3.5,18.423414,8000,254800
2026-08-20 14:35:00,ATM+2,CE,3550.0,3451.5,3.5,3.7,3.3,3.65,18.028677,7800,253400
2026-08-20 14:40:00,ATM+2,CE,3550.0,3448.5,3.75,3.75,3.45,3.45,18.183804,15000,262600
2026-08-20 14:45:00,ATM+2,CE,3550.0,3450.2,3.3,3.55,3.3,3.5,18.020846,8600,260200
2026-08-20 14:50:00,ATM+2,CE,3550.0,3450.0,3.5,3.5,3.3,3.4,17.915861,1800,259200
2026-08-20 14:55:00,ATM+2,CE,3550.0,3452.0,3.4,3.45,3.25,3.45,17.710295,2600,258200
2026-08-20 15:00:00,ATM+2,CE,3550.0,3450.5,3.15,3.45,3.15,3.15,17.5013,2200,257800
2026-08-20 15:05:00,ATM+2,CE,3550.0,3444.4,3.05,3.15,2.75,2.8,17.813852,10600,259200
2026-08-20 15:10:00,ATM+2,CE,3550.0,3441.0,3.0,3.05,2.8,3.0,18.596888,9400,254000
2026-08-20 15:15:00,ATM+2,CE,3550.0,3441.0,3.0,3.15,3.0,3.05,18.681436,4400,254000
2026-08-20 15:20:00,ATM+2,CE,3550.0,3441.0,3.05,3.1,3.05,3.1,18.76545,3000,255400
2026-08-20 15:25:00,ATM+2,CE,3500.0,3424.8,3.15,7.3,3.1,7.1,18.591895,13400,1319200
2026-08-20 15:30:00,ATM+2,CE,3500.0,3424.8,7.1,7.2,7.0,7.1,18.598892,30000,1333400
2026-08-20 15:35:00,ATM+2,CE,3500.0,3424.8,7.0,7.4,7.0,7.3,18.796646,15400,1331200
2026-08-21 09:15:00,ATM+2,CE,3550.0,3431.1,3.95,4.0,2.3,2.35,20.510976,69200,256400
2026-08-21 09:20:00,ATM+2,CE,3550.0,3425.9,2.05,5.25,1.95,2.0,20.503828,92600,266600
2026-08-21 09:25:00,ATM+2,CE,3500.0,3422.4,4.45,4.6,4.0,4.15,17.345821,48200,1355800
2026-08-21 09:30:00,ATM+2,CE,3500.0,3424.0,4.2,4.75,2.0,4.2,17.149897,50800,1348400
2026-08-21 09:35:00,ATM+2,CE,3500.0,3424.7,1.9,4.5,1.9,4.4,17.289188,29600,1356600
2026-08-21 09:40:00,ATM+2,CE,3550.0,3426.6,2.2,2.4,2.15,2.15,20.770212,12600,267800
2026-08-21 09:45:00,ATM+2,CE,3550.0,3431.2,2.15,2.55,2.15,2.55,20.942485,15800,267200
2026-08-21 09:50:00,ATM+2,CE,3550.0,3430.0,2.6,2.65,2.55,2.65,21.314597,1200,267600
2026-08-21 09:55:00,ATM+2,CE,3550.0,3432.8,2.3,2.65,2.25,2.3,20.241398,8200,266800
2026-08-21 10:00:00,ATM+2,CE,3550.0,3428.1,2.3,2.3,2.05,2.05,20.382136,1400,267200
2026-08-21 10:05:00,ATM+2,CE,3550.0,3426.7,2.05,2.05,2.05,2.05,20.584132,1000,267200
2026-08-21 10:10:00,ATM+2,CE,3550.0,3431.7,2.05,2.2,2.05,2.2,20.218059,3000,266800
2026-08-21 10:15:00,ATM+2,CE,3550.0,3429.5,2.3,2.4,2.2,2.4,20.944257,8400,267400
2026-08-21 10:20:00,ATM+2,CE,3550.0,3430.0,2.35,2.4,2.15,2.15,20.368609,28200,267200
2026-08-21 10:25:00,ATM+2,CE,3550.0,3426.0,2.2,2.2,2.1,2.1,20.826171,1200,267600
2026-08-21 10:30:00,ATM+2,CE,3550.0,3426.5,2.1,2.1,2.05,2.05,20.656378,2000,268600
2026-08-21 10:35:00,ATM+2,CE,3500.0,3418.5,4.1,4.1,3.55,3.8,17.635764,54000,1344200
2026-08-21 10:40:00,ATM+2,CE,3500.0,3422.5,3.7,4.05,3.7,4.05,17.315168,9400,1339200
2026-08-21 10:45:00,ATM+2,CE,3500.0,3423.2,4.1,4.1,4.0,4.1,17.270529,9000,1341000
2026-08-21 10:50:00,ATM+2,CE,3550.0,3425.8,4.1,4.15,2.15,2.35,21.430136,10200,275600
2026-08-21 10:55:00,ATM+2,CE,3550.0,3425.2,4.35,4.4,2.25,2.35,21.524156,47000,265400
2026-08-21 11:00:00,ATM+2,CE,3500.0,3425.0,2.3,4.5,2.25,4.2,17.11837,7200,1336000
2026-08-21 11:05:00,ATM+2,CE,3550.0,3426.2,2.15,2.15,2.05,2.05,20.760929,5800,260600
2026-08-21 11:10:00,ATM+2,CE,3550.0,3425.8,2.0,2.1,2.0,2.0,20.713761,3800,258000
2026-08-21 11:15:00,ATM+2,CE,3500.0,3421.4,2.0,4.0,1.75,3.55,16.880993,32600,1329200
2026-08-21 11:20:00,ATM+2,CE,3500.0,3420.9,3.7,3.7,3.5,3.6,17.039129,20600,1325400
2026-08-21 11:25:00,ATM+2,CE,3550.0,3428.6,3.55,3.8,1.8,1.85,20.013413,13800,245400
2026-08-21 11:30:00,ATM+2,CE,3550.0,3427.6,1.9,1.9,1.65,1.65,19.679631,4400,244400
2026-08-21 11:35:00,ATM+2,CE,3550.0,3426.0,1.65,1.65,1.65,1.65,19.903669,1600,243600
2026-08-21 11:40:00,ATM+2,CE,3550.0,3427.9,1.65,1.65,1.6,1.65,19.656473,3200,242800
2026-08-21 11:45:00,ATM+2,CE,3550.0,3430.1,1.7,1.85,1.65,1.8,19.726672,4000,242200
2026-08-21 11:50:00,ATM+2,CE,3500.0,3416.2,1.8,3.8,1.7,3.6,17.851156,14800,1313400
2026-08-21 11:55:00,ATM+2,CE,3500.0,3417.7,3.3,3.85,3.3,3.75,17.824433,66800,1323600
2026-08-21 12:00:00,ATM+2,CE,3500.0,3422.3,3.8,4.1,3.7,4.1,17.538139,39600,1317200
2026-08-21 12:05:00,ATM+2,CE,3550.0,3426.5,4.0,4.1,1.85,2.05,20.828623,9400,242800
2026-08-21 12:10:00,ATM+2,CE,3550.0,3427.5,2.1,2.2,2.0,2.2,21.024331,6400,242600
2026-08-21 12:15:00,ATM+2,CE,3550.0,3430.1,2.25,2.25,2.2,2.2,20.666677,8800,241600
2026-08-21 12:20:00,ATM+2,CE,3550.0,3431.3,2.1,2.2,2.05,2.05,20.185519,2000,240000
2026-08-21 12:25:00,ATM+2,CE,3550.0,3436.0,2.15,2.3,2.05,2.3,20.051276,26400,235600
2026-08-21 12:30:00,ATM+2,CE,3550.0,3435.0,2.35,2.35,2.15,2.15,19.89535,11400,231800
2026-08-21 12:35:00,ATM+2,CE,3550.0,3430.5,2.1,2.15,1.85,1.85,19.875241,9800,230600
2026-08-21 12:40:00,ATM+2,CE,3550.0,3429.5,1.75,1.85,1.65,1.7,19.666226,7400,231600
2026-08-21 12:45:00,ATM+2,CE,3550.0,3427.1,1.65,1.75,1.65,1.7,20.001766,3800,231200
2026-08-21 12:50:00,ATM+2,CE,3550.0,3431.1,1.85,1.85,1.7,1.8,19.702727,4400,230200
2026-08-21 12:55:00,ATM+2,CE,3550.0,3432.6,1.8,1.8,1.65,1.65,19.148246,8400,235600
2026-08-21 13:00:00,ATM+2,CE,3550.0,3433.2,1.65,1.7,1.65,1.7,19.195348,4800,234400
2026-08-21 13:05:00,ATM+2,CE,3550.0,3429.3,1.75,1.75,1.7,1.75,19.858073,2800,233000
2026-08-21 13:10:00,ATM+2,CE,3550.0,3428.8,1.75,1.75,1.65,1.65,19.691313,800,233000
2026-08-21 13:15:00,ATM+2,CE,3550.0,3433.0,1.65,1.75,1.65,1.75,19.367251,2000,233800
2026-08-21 13:20:00,ATM+2,CE,3550.0,3429.9,1.75,1.8,1.75,1.8,19.921048,1200,233600
2026-08-21 13:25:00,ATM+2,CE,3550.0,3429.8,1.7,1.8,1.7,1.7,19.70415,400,233400
2026-08-21 13:30:00,ATM+2,CE,3550.0,3431.3,1.7,1.75,1.7,1.75,19.627418,6000,232600
2026-08-21 13:35:00,ATM+2,CE,3550.0,3428.2,1.75,1.8,1.75,1.8,20.182324,3800,234800
2026-08-21 13:40:00,ATM+2,CE,3550.0,3428.7,1.7,1.8,1.7,1.7,19.881227,2600,234000
2026-08-21 13:45:00,ATM+2,CE,3550.0,3427.6,1.6,1.7,1.55,1.55,19.662018,7800,233400
2026-08-21 13:50:00,ATM+2,CE,3500.0,3424.1,1.55,3.45,1.55,3.4,16.46345,22200,1259200
2026-08-21 13:55:00,ATM+2,CE,3550.0,3429.8,3.35,3.4,1.55,1.8,19.997413,15200,234000
2026-08-21 14:00:00,ATM+2,CE,3550.0,3431.3,1.8,1.8,1.75,1.75,19.68032,4800,233800
2026-08-21 14:05:00,ATM+2,CE,3550.0,3433.4,1.75,1.8,1.75,1.8,19.516273,400,233600
2026-08-21 14:10:00,ATM+2,CE,3550.0,3434.8,1.85,1.9,1.8,1.9,19.558465,4000,231600
2026-08-21 14:15:00,ATM+2,CE,3550.0,3436.1,1.9,1.95,1.9,1.95,19.495804,11000,228800
2026-08-21 14:20:00,ATM+2,CE,3550.0,3435.0,2.0,2.0,1.85,1.85,19.43485,15200,217800
2026-08-21 14:25:00,ATM+2,CE,3550.0,3437.1,1.8,1.85,1.8,1.8,19.035858,800,217600
2026-08-21 14:30:00,ATM+2,CE,3550.0,3436.9,1.8,1.85,1.8,1.85,19.186267,1000,217000
2026-08-21 14:35:00,ATM+2,CE,3550.0,3436.5,1.8,1.9,1.8,1.9,19.363593,5000,213800
2026-08-21 14:40:00,ATM+2,CE,3550.0,3436.4,1.9,1.9,1.9,1.9,19.386454,400,213800
2026-08-21 14:45:00,ATM+2,CE,3550.0,3438.1,1.9,1.95,1.85,1.85,19.043801,8000,208400
2026-08-21 14:50:00,ATM+2,CE,3550.0,3437.2,1.9,1.9,1.65,1.65,18.713044,9800,208200
2026-08-21 14:55:00,ATM+2,CE,3550.0,3435.3,1.75,1.75,1.65,1.75,19.222783,7600,207600
2026-08-21 15:00:00,ATM+2,CE,3550.0,3432.2,1.8,1.8,1.5,1.5,19.040665,1600,207600
2026-08-21 15:05:00,ATM+2,CE,3550.0,3432.1,1.75,1.75,1.5,1.7,19.564823,4800,204400
2026-08-21 15:10:00,ATM+2,CE,3500.0,3417.0,1.6,3.8,1.6,3.55,17.97419,8400,1242800
2026-08-21 15:15:00,ATM+2,CE,3500.0,3417.0,3.75,3.75,3.5,3.5,17.909991,21800,1242400
2026-08-21 15:20:00,ATM+2,CE,3500.0,3417.0,3.5,3.55,3.4,3.4,17.771876,17600,1235600
2026-08-21 15:25:00,ATM+2,CE,3500.0,3412.2,3.55,3.55,3.3,3.3,18.411375,50200,1218000
2026-08-21 15:30:00,ATM+2,CE,3500.0,3412.2,3.25,3.3,2.9,2.9,17.789279,23000,1211000
2026-08-21 15:35:00,ATM+2,CE,3500.0,3412.2,3.0,3.1,2.9,2.95,17.878395,30000,1195400
2026-08-24 09:15:00,ATM+2,CE,3500.0,3421.8,1.75,2.4,1.05,1.2,23.986986,69800,1198000
2026-08-24 09:20:00,ATM+2,CE,3500.0,3414.1,1.2,1.3,1.15,1.3,26.366971,45400,1184000
2026-08-24 09:25:00,ATM+2,CE,3500.0,3414.6,1.2,1.3,1.05,1.2,25.840015,27000,1185200
2026-08-24 09:30:00,ATM+2,CE,3500.0,3409.8,1.2,1.2,1.05,1.05,26.337563,21600,1177400
2026-08-24 09:35:00,ATM+2,CE,3500.0,3411.0,0.9,1.05,0.85,0.95,25.575558,38200,1176800
2026-08-24 09:40:00,ATM+2,CE,3500.0,3409.6,0.95,1.05,0.9,1.05,26.460681,54200,1158200
2026-08-24 09:45:00,ATM+2,CE,3500.0,3416.1,1.15,1.35,1.05,1.35,26.264399,69200,1117000
2026-08-24 09:50:00,ATM+2,CE,3500.0,3415.0,1.3,1.35,1.1,1.1,25.463312,23000,1122200
2026-08-24 09:55:00,ATM+2,CE,3500.0,3419.2,1.1,1.35,1.1,1.25,25.130943,6200,1123400
2026-08-24 10:00:00,ATM+2,CE,3500.0,3421.0,1.5,1.65,1.25,1.6,26.105113,28000,1115000
2026-08-24 10:05:00,ATM+2,CE,3550.0,3425.1,1.6,1.6,0.75,0.85,33.111856,3200,189400
2026-08-24 10:10:00,ATM+2,CE,3550.0,3441.7,0.9,1.4,0.85,1.4,32.340006,19600,182600
2026-08-24 10:15:00,ATM+2,CE,3550.0,3440.7,1.55,1.55,1.3,1.35,32.392322,16600,180800
2026-08-24 10:20:00,ATM+2,CE,3550.0,3436.9,1.25,1.35,1.15,1.15,32.332726,3200,178400
2026-08-24 10:25:00,ATM+2,CE,3550.0,3440.0,1.15,1.3,1.15,1.3,32.411348,2200,177400
2026-08-24 10:30:00,ATM+2,CE,3550.0,3441.0,1.3,1.3,1.3,1.3,32.214956,1800,177000
2026-08-24 10:35:00,ATM+2,CE,3550.0,3442.6,1.3,1.4,1.3,1.4,32.353307,2200,177200
2026-08-24 10:40:00,ATM+2,CE,3550.0,3441.9,1.35,1.4,1.25,1.25,31.839197,1200,176400
2026-08-24 10:45:00,ATM+2,CE,3550.0,3438.0,1.25,1.35,1.25,1.25,32.83435,4600,175600
2026-08-24 10:50:00,ATM+2,CE,3550.0,3437.4,1.25,1.25,1.25,1.25,33.028499,2800,175000
2026-08-24 10:55:00,ATM+2,CE,3550.0,3431.7,1.25,1.25,1.2,1.2,34.190006,400,175200
2026-08-24 11:00:00,ATM+2,CE,3550.0,3432.0,1.15,1.2,1.05,1.05,33.315742,4800,174600
2026-08-24 11:05:00,ATM+2,CE,3550.0,3434.1,1.05,1.05,0.95,1.05,32.866586,3000,175200
2026-08-24 11:10:00,ATM+2,CE,3550.0,3433.3,1.05,1.05,0.95,0.95,32.500088,2000,174000
2026-08-24 11:15:00,ATM+2,CE,3550.0,3431.7,0.95,0.95,0.85,0.9,32.604478,5000,175600
2026-08-24 11:20:00,ATM+2,CE,3550.0,3430.9,0.9,0.95,0.8,0.95,33.161704,6600,175600
2026-08-24 11:25:00,ATM+2,CE,3550.0,3428.1,0.95,1.0,0.9,1.0,34.186454,3000,175200
2026-08-24 11:30:00,ATM+2,CE,3500.0,3424.6,1.0,1.9,0.95,1.9,26.914157,1400,1080000
2026-08-24 11:35:00,ATM+2,CE,3500.0,3424.7,1.9,2.0,0.95,2.0,27.267934,9600,1074000
2026-08-24 11:40:00,ATM+2,CE,3550.0,3426.8,1.15,1.15,1.05,1.05,34.961136,9600,178200
2026-08-24 11:45:00,ATM+2,CE,3550.0,3430.0,1.1,1.2,1.05,1.1,34.546697,3600,177600
2026-08-24 11:50:00,ATM+2,CE,3550.0,3430.0,1.2,1.2,1.1,1.1,34.599326,12200,181200
2026-08-24 11:55:00,ATM+2,CE,3550.0,3432.5,1.1,1.1,1.05,1.1,34.046916,1400,179800
2026-08-24 12:00:00,ATM+2,CE,3550.0,3432.1,1.15,1.15,1.05,1.05,33.899533,2400,180000
2026-08-24 12:05:00,ATM+2,CE,3550.0,3431.5,1.05,1.05,1.05,1.05,34.096504,200,180800
2026-08-24 12:10:00,ATM+2,CE,3550.0,3429.0,1.0,1.05,1.0,1.0,34.442211,2800,181400
2026-08-24 12:15:00,ATM+2,CE,3550.0,3428.4,1.0,1.0,0.9,0.9,33.986843,2800,181400
2026-08-24 12:20:00,ATM+2,CE,3550.0,3428.2,0.8,0.95,0.8,0.95,34.419144,6000,183800
2026-08-24 12:25:00,ATM+2,CE,3550.0,3430.0,0.95,0.95,0.9,0.95,34.042058,6600,188000
2026-08-24 12:30:00,ATM+2,CE,3550.0,3429.8,0.95,0.95,0.9,0.9,33.812569,1800,189600
2026-08-24 12:35:00,ATM+2,CE,3550.0,3428.5,0.9,1.0,0.9,1.0,34.831602,2200,190400
2026-08-24 12:40:00,ATM+2,CE,3550.0,3428.2,1.0,1.0,0.95,0.95,34.634704,1200,190800
2026-08-24 12:45:00,ATM+2,CE,3550.0,3425.9,0.95,0.95,0.95,0.95,35.241989,400,191000
2026-08-24 12:50:00,ATM+2,CE,3500.0,3420.5,0.95,1.4,0.85,1.4,26.803875,9400,1073200
2026-08-24 12:55:00,ATM+2,CE,3500.0,3417.9,1.25,1.4,1.25,1.35,27.331072,13000,1078400
2026-08-24 13:00:00,ATM+2,CE,3500.0,3417.4,1.4,1.5,1.35,1.45,27.942224,24400,1073800
2026-08-24 13:05:00,ATM+2,CE,3500.0,3418.0,1.4,1.45,1.35,1.4,27.609866,2600,1073600
2026-08-24 13:10:00,ATM+2,CE,3500.0,3416.9,1.4,1.4,1.3,1.3,27.507381,8800,1077800
2026-08-24 13:15:00,ATM+2,CE,3500.0,3417.0,1.25,1.3,1.15,1.15,26.822082,6400,1076200
2026-08-24 13:20:00,ATM+2,CE,3500.0,3419.3,1.15,1.35,1.15,1.35,27.172851,10600,1073600
2026-08-24 13:25:00,ATM+2,CE,3500.0,3424.9,1.3,1.5,1.3,1.5,26.308914,9800,1068600
2026-08-24 13:30:00,ATM+2,CE,3500.0,3418.7,1.4,1.5,1.35,1.35,27.424172,6400,1067600
2026-08-24 13:35:00,ATM+2,CE,3500.0,3418.2,1.35,1.4,1.35,1.35,27.604794,3200,1066200
2026-08-24 13:40:00,ATM+2,CE,3500.0,3418.0,1.35,1.4,1.3,1.3,27.479432,2600,1067600
2026-08-24 13:45:00,ATM+2,CE,3500.0,3414.6,1.4,1.4,1.3,1.35,28.673746,5200,1066200
2026-08-24 13:50:00,ATM+2,CE,3500.0,3412.0,1.3,1.35,1.2,1.2,28.706855,5800,1063000
2026-08-24 13:55:00,ATM+2,CE,3500.0,3407.6,1.1,1.25,1.1,1.2,29.923326,9800,1063600
2026-08-24 14:00:00,ATM+2,CE,3500.0,3407.1,1.15,1.25,1.15,1.15,29.846671,3800,1059400
2026-08-24 14:05:00,ATM+2,CE,3500.0,3407.9,1.15,1.15,1.1,1.15,29.684885,2600,1058400
2026-08-24 14:10:00,ATM+2,CE,3500.0,3403.8,1.15,1.15,1.05,1.1,30.545887,8200,1058800
2026-08-24 14:15:00,ATM+2,CE,3500.0,3409.0,1.1,1.15,1.05,1.15,29.492163,6800,1059800
2026-08-24 14:20:00,ATM+2,CE,3500.0,3407.2,1.25,1.25,1.1,1.2,30.280336,9200,1059400
2026-08-24 14:25:00,ATM+2,CE,3500.0,3408.3,1.1,1.2,1.1,1.2,30.036916,1200,1058800
2026-08-24 14:30:00,ATM+2,CE,3500.0,3410.0,1.2,1.3,1.15,1.25,29.882195,1800,1058000
2026-08-24 14:35:00,ATM+2,CE,3500.0,3409.7,1.2,1.25,1.2,1.2,29.762097,2000,1057000
2026-08-24 14:40:00,ATM+2,CE,3500.0,3412.7,1.2,1.25,1.15,1.2,29.002349,15800,1052200
2026-08-24 14:45:00,ATM+2,CE,3500.0,3409.0,1.15,1.2,1.15,1.15,29.792774,5600,1052200
2026-08-24 14:50:00,ATM+2,CE,3500.0,3412.0,1.15,1.15,1.0,1.05,28.506778,3200,1053200
2026-08-24 14:55:00,ATM+2,CE,3500.0,3407.7,1.05,1.05,0.75,0.75,27.861983,5400,1051600
2026-08-24 15:00:00,ATM+2,CE,3500.0,3402.2,0.8,0.85,0.7,0.7,28.944409,23600,1053800
2026-08-24 15:05:00,ATM+2,CE,3500.0,3401.3,0.75,0.75,0.65,0.7,29.219931,33400,1043400
2026-08-24 15:10:00,ATM+2,CE,3500.0,3410.1,0.7,0.7,0.65,0.65,26.696045,6800,1041400
2026-08-24 15:15:00,ATM+2,CE,3500.0,3410.1,0.65,0.65,0.5,0.5,25.561019,30200,1034000
2026-08-24 15:20:00,ATM+2,CE,3500.0,3410.1,0.5,0.5,0.4,0.45,25.163691,17000,1031600
2026-08-24 15:25:00,ATM+2,CE,3500.0,3414.1,0.55,0.55,0.4,0.45,24.242466,15000,1031600
2026-08-24 15:30:00,ATM+2,CE,3500.0,3414.1,0.55,0.6,0.45,0.6,25.505504,7000,1033000
2026-08-24 15:35:00,ATM+2,CE,3500.0,3414.1,0.55,0.65,0.5,0.6,25.550558,11800,1031600
2026-08-25 09:15:00,ATM+2,CE,3500.0,3407.7,0.4,0.4,0.15,0.15,43.228718,30000,1022200
2026-08-25 09:20:00,ATM+2,CE,3500.0,3402.3,0.3,0.3,0.15,0.25,49.03388,25000,1017000
2026-08-25 09:25:00,ATM+2,CE,3500.0,3409.7,0.2,0.3,0.2,0.3,47.333759,12600,1009800
2026-08-25 09:30:00,ATM+2,CE,3500.0,3410.6,0.25,0.4,0.25,0.25,45.997368,19600,1008000
2026-08-25 09:35:00,ATM+2,CE,3500.0,3408.3,0.15,0.25,0.15,0.15,44.162936,31000,1006000
2026-08-25 09:40:00,ATM+2,CE,3500.0,3407.9,0.15,0.2,0.1,0.1,42.437211,17400,1003600
2026-08-25 09:45:00,ATM+2,CE,3500.0,3408.7,0.1,0.3,0.1,0.3,49.139941,8000,1003200
2026-08-25 09:50:00,ATM+2,CE,3500.0,3407.1,0.3,0.35,0.25,0.25,48.928752,9600,999200
2026-08-25 09:55:00,ATM+2,CE,3500.0,3402.6,0.4,0.4,0.25,0.3,52.738588,15600,996000
2026-08-25 10:00:00,ATM+2,CE,3500.0,3402.0,0.25,0.35,0.2,0.35,54.660324,5800,995000
2026-08-25 10:05:00,ATM+2,CE,3500.0,3398.0,0.25,0.35,0.2,0.25,54.292994,6600,994000
2026-08-25 10:10:00,ATM+2,CE,3500.0,3400.3,0.25,0.25,0.15,0.2,52.000991,5600,993600
2026-08-25 10:15:00,ATM+2,CE,3500.0,3401.6,0.2,0.25,0.2,0.25,53.430039,3600,993600
2026-08-25 10:20:00,ATM+2,CE,3500.0,3399.1,0.3,0.3,0.15,0.15,51.40578,4000,993400
2026-08-25 10:25:00,ATM+2,CE,3500.0,3401.8,0.1,0.15,0.1,0.1,48.112199,18200,991200
2026-08-25 10:30:00,ATM+2,CE,3500.0,3401.7,0.05,0.1,0.05,0.05,44.911628,5200,989800
2026-08-25 10:35:00,ATM+2,CE,3500.0,3401.2,0.1,0.1,0.05,0.1,49.178421,1800,988800
2026-08-25 10:40:00,ATM+2,CE,3500.0,3404.5,0.1,0.1,0.05,0.1,48.107374,22400,988400
2026-08-25 10:45:00,ATM+2,CE,3500.0,3404.4,0.1,0.1,0.05,0.05,44.910278,3200,987600
2026-08-25 10:50:00,ATM+2,CE,3500.0,3406.2,0.05,0.1,0.05,0.1,48.165738,9400,987400
2026-08-25 10:55:00,ATM+2,CE,3500.0,3404.0,0.1,0.1,0.05,0.1,49.614935,3800,986000
2026-08-25 11:00:00,ATM+2,CE,3500.0,3404.9,0.1,0.1,0.05,0.05,45.903701,8800,985800
2026-08-25 11:05:00,ATM+2,CE,3500.0,3406.7,0.1,0.1,0.05,0.05,45.53069,9400,986800
2026-08-25 11:10:00,ATM+2,CE,3500.0,3412.0,0.1,0.15,0.05,0.15,49.662197,1200,986200
2026-08-25 11:15:00,ATM+2,CE,3500.0,3411.5,0.15,0.15,0.1,0.1,47.879991,600,986200
2026-08-25 11:20:00,ATM+2,CE,3500.0,3407.4,0.1,0.15,0.1,0.15,52.963731,1600,986200
2026-08-25 11:25:00,ATM+2,CE,3500.0,3410.9,0.1,0.15,0.05,0.05,45.385525,400,986200
2026-08-25 11:30:00,ATM+2,CE,3500.0,3404.8,0.05,0.1,0.05,0.1,52.655651,9400,986400
2026-08-25 11:35:00,ATM+2,CE,3500.0,3408.3,0.1,0.1,0.05,0.1,51.449149,3600,986400
2026-08-25 11:40:00,ATM+2,CE,3500.0,3408.3,0.1,0.1,0.05,0.05,48.054049,5000,986400
2026-08-25 11:45:00,ATM+2,CE,3500.0,3406.1,0.05,0.15,0.05,0.15,56.4698,11400,986400
2026-08-25 11:50:00,ATM+2,CE,3500.0,3407.0,0.1,0.15,0.05,0.05,49.744967,2200,986400
2026-08-25 11:55:00,ATM+2,CE,3500.0,3412.3,0.05,0.05,0.05,0.05,47.700604,600,986200
2026-08-25 12:00:00,ATM+2,CE,3500.0,3413.9,0.05,0.1,0.05,0.1,51.391945,20800,985800
2026-08-25 12:05:00,ATM+2,CE,3500.0,3415.0,0.1,0.1,0.05,0.1,51.408895,31000,985800
2026-08-25 12:10:00,ATM+2,CE,3500.0,3415.7,0.1,0.1,0.1,0.1,51.65168,200,985800
2026-08-25 12:15:00,ATM+2,CE,3500.0,3415.0,0.1,0.1,0.05,0.05,48.638411,15000,985400
2026-08-25 12:20:00,ATM+2,CE,3500.0,3418.9,0.05,0.1,0.05,0.05,47.210929,58800,984800
2026-08-25 12:25:00,ATM+2,CE,3500.0,3418.4,0.05,0.05,0.05,0.05,48.096309,5600,984800
2026-08-25 12:30:00,ATM+2,CE,3500.0,3424.0,0.05,0.05,0.05,0.05,45.712887,2600,984800
2026-08-25 12:35:00,ATM+2,CE,3500.0,3421.5,0.05,0.05,0.05,0.05,47.718671,1600,982600
2026-08-25 12:40:00,ATM+2,CE,3500.0,3416.0,0.05,0.05,0.05,0.05,51.451667,1600,982600
2026-08-25 12:45:00,ATM+2,CE,3500.0,3417.7,0.05,0.05,0.05,0.05,51.248318,2400,982400
2026-08-25 12:50:00,ATM+2,CE,3500.0,3417.6,0.05,0.05,0.05,0.05,52.077878,1200,982400
2026-08-25 12:55:00,ATM+2,CE,3500.0,3413.9,0.05,0.05,0.05,0.05,55.031166,1600,982400
2026-08-25 13:00:00,ATM+2,CE,3500.0,3408.1,0.05,0.05,0.05,0.05,59.316695,2400,981200
2026-08-25 13:05:00,ATM+2,CE,3500.0,3409.4,0.05,0.05,0.05,0.05,59.525148,6000,979000
2026-08-25 13:10:00,ATM+2,CE,3500.0,3409.0,0.05,0.05,0.05,0.05,60.787055,8400,970800
2026-08-25 13:15:00,ATM+2,CE,3500.0,3407.1,0.05,0.05,0.05,0.05,63.035352,1000,967800
2026-08-25 13:20:00,ATM+2,CE,3500.0,3407.6,0.05,0.05,0.05,0.05,63.880573,8800,965200
2026-08-25 13:25:00,ATM+2,CE,3500.0,3407.2,0.05,0.05,0.05,0.05,65.355298,600,964800
2026-08-25 13:30:00,ATM+2,CE,3500.0,3410.2,0.05,0.05,0.05,0.05,64.694683,3000,964600
2026-08-25 13:35:00,ATM+2,CE,3500.0,3409.8,0.05,0.05,0.05,0.05,66.297294,400,964600
2026-08-25 13:40:00,ATM+2,CE,3500.0,3409.6,0.05,0.05,0.05,0.05,67.861602,200,964600
2026-08-25 13:45:00,ATM+2,CE,3500.0,3410.9,0.05,0.05,0.05,0.05,68.484218,0,964600
2026-08-25 13:50:00,ATM+2,CE,3500.0,3414.4,0.05,0.05,0.05,0.05,67.600469,400,964400
2026-08-25 13:55:00,ATM+2,CE,3500.0,3414.3,0.05,0.05,0.05,0.05,69.345481,0,964200
2026-08-25 14:00:00,ATM+2,CE,3500.0,3419.9,0.05,0.05,0.05,0.05,66.934028,1200,964200
2026-08-25 14:05:00,ATM+2,CE,3500.0,3418.7,0.05,0.05,0.05,0.05,69.70062,0,964200
2026-08-25 14:10:00,ATM+2,CE,3500.0,3418.8,0.05,0.05,0.05,0.05,71.644235,200,964000
2026-08-25 14:15:00,ATM+2,CE,3500.0,3422.0,0.05,0.05,0.05,0.05,71.22002,1800,964000
2026-08-25 14:20:00,ATM+2,CE,3500.0,3421.3,0.05,0.05,0.05,0.05,74.15356,5600,964000
2026-08-25 14:25:00,ATM+2,CE,3500.0,3424.0,0.05,0.05,0.05,0.05,74.381695,1000,964000
2026-08-25 14:30:00,ATM+2,CE,3500.0,3424.0,0.05,0.05,0.05,0.05,77.192066,200,964000
2026-08-25 14:35:00,ATM+2,CE,3500.0,3424.5,0.05,0.05,0.05,0.05,79.871551,0,964000
2026-08-25 14:40:00,ATM+2,CE,3550.0,3426.9,0.05,0.05,0.05,0.05,0.0,6800,125200
2026-08-25 14:45:00,ATM+2,CE,3550.0,3430.1,0.05,0.05,0.05,0.05,0.0,200,125200
2026-08-25 14:50:00,ATM+2,CE,3550.0,3433.4,0.05,0.05,0.05,0.05,0.0,0,125200
2026-08-25 14:55:00,ATM+2,CE,3550.0,3435.3,0.05,0.05,0.05,0.05,0.0,0,125200
2026-08-25 15:00:00,ATM+2,CE,3550.0,3429.6,0.05,0.05,0.05,0.05,0.0,0,125200
2026-08-25 15:05:00,ATM+2,CE,3550.0,3436.9,0.05,0.05,0.05,0.05,0.0,0,125200
2026-08-25 15:10:00,ATM+2,CE,3550.0,3440.0,0.05,0.05,0.05,0.05,0.0,0,125200
2026-08-25 15:15:00,ATM+2,CE,3550.0,3440.0,0.05,0.05,0.05,0.05,0.0,400,125000
2026-08-25 15:20:00,ATM+2,CE,3550.0,3440.0,0.05,0.05,0.05,0.05,0.0,0,125000
2026-08-25 15:25:00,ATM+2,CE,3550.0,3443.0,0.05,0.05,0.05,0.05,0.0,0,125000
2026-08-25 15:30:00,ATM+2,CE,3550.0,3443.0,0.05,0.05,0.05,0.05,0.0,200,125000
2026-08-25 15:35:00,ATM+2,CE,3550.0,3443.0,0.05,0.05,0.05,0.05,0.0,0,125000
2026-08-20 09:15:00,ATM+2,PE,3500.0,3401.4,90.8,99.25,85.65,98.25,19.221298,6000,368000
2026-08-20 09:20:00,ATM+2,PE,3500.0,3404.0,97.45,98.25,95.0,95.8,19.017409,4200,365400
2026-08-20 09:25:00,ATM+2,PE,3500.0,3408.0,95.8,95.8,92.0,95.0,21.772496,4200,366800
2026-08-20 09:30:00,ATM+2,PE,3500.0,3415.8,94.6,96.9,90.0,90.0,22.978083,6200,365400
2026-08-20 09:35:00,ATM+2,PE,3500.0,3420.7,89.1,90.0,83.7,86.9,23.592532,8000,364800
2026-08-20 09:40:00,ATM+2,PE,3500.0,3422.9,87.45,88.45,86.5,87.35,25.265303,4600,364600
2026-08-20 09:45:00,ATM+2,PE,3500.0,3425.0,85.2,87.35,83.75,83.75,23.713185,2400,364200
2026-08-20 09:50:00,ATM+2,PE,3500.0,3421.6,83.75,88.15,83.75,88.05,25.063542,2800,363600
2026-08-20 09:55:00,ATM+2,PE,3500.0,3420.8,88.0,88.05,83.9,84.0,21.264001,3000,363400
2026-08-20 10:00:00,ATM+2,PE,3500.0,3416.1,86.05,91.75,84.0,90.8,23.885489,2800,363000
2026-08-20 10:05:00,ATM+2,PE,3500.0,3417.8,90.8,91.8,89.55,89.55,23.954968,1400,362000
2026-08-20 10:10:00,ATM+2,PE,3500.0,3418.8,89.55,90.9,89.55,90.1,25.027482,1400,361600
2026-08-20 10:15:00,ATM+2,PE,3500.0,3422.4,90.1,90.1,85.95,85.95,23.923277,1800,361000
2026-08-20 10:20:00,ATM+2,PE,3500.0,3422.4,85.95,87.95,85.95,87.05,24.793749,1200,360400
2026-08-20 10:25:00,ATM+2,PE,3500.0,3421.5,87.05,89.1,87.05,88.4,25.321436,1600,359400
2026-08-20 10:30:00,ATM+2,PE,3500.0,3422.6,87.05,88.4,87.05,87.35,25.156236,400,359400
2026-08-20 10:35:00,ATM+2,PE,3500.0,3420.0,86.95,88.15,86.95,88.15,24.235013,2400,358000
2026-08-20 10:40:00,ATM+2,PE,3500.0,3419.2,89.4,89.4,87.3,87.3,23.036902,2200,356600
2026-08-20 10:45:00,ATM+2,PE,3500.0,3422.3,87.3,89.55,87.3,88.1,25.5805,1800,356400
2026-08-20 10:50:00,ATM+2,PE,3500.0,3421.5,87.6,88.1,85.05,85.4,22.960548,1600,356400
2026-08-20 10:55:00,ATM+2,PE,3500.0,3420.3,85.4,88.5,85.4,88.5,24.722959,800,356400
2026-08-20 11:00:00,ATM+2,PE,3550.0,3426.0,87.0,132.75,85.6,132.75,32.271383,2400,85600
2026-08-20 11:05:00,ATM+2,PE,3550.0,3426.8,132.75,132.75,129.85,130.05,30.408149,800,85600
2026-08-20 11:10:00,ATM+2,PE,3550.0,3426.8,130.05,130.05,130.05,130.05,30.415714,0,85600
2026-08-20 11:15:00,ATM+2,PE,3550.0,3425.6,83.85,131.0,82.0,131.0,30.389202,400,85600
2026-08-20 11:20:00,ATM+2,PE,3550.0,3427.0,131.0,131.0,83.55,130.25,30.769289,400,85400
2026-08-20 11:25:00,ATM+2,PE,3550.0,3430.3,130.25,130.25,125.0,125.0,28.381251,200,85400
2026-08-20 11:30:00,ATM+2,PE,3550.0,3430.4,125.0,125.0,125.0,125.0,28.468414,0,85400
2026-08-20 11:35:00,ATM+2,PE,3550.0,3433.0,125.0,125.0,125.0,125.0,30.450617,0,85400
2026-08-20 11:40:00,ATM+2,PE,3550.0,3430.9,123.5,125.0,123.5,123.5,27.417375,400,85600
2026-08-20 11:45:00,ATM+2,PE,3550.0,3432.2,123.5,125.0,123.5,125.0,29.879484,200,85600
2026-08-20 11:50:00,ATM+2,PE,3550.0,3431.2,125.0,125.0,125.0,125.0,29.127184,0,85600
2026-08-20 11:55:00,ATM+2,PE,3550.0,3434.7,125.6,125.6,123.4,123.4,30.277109,400,86000
2026-08-20 12:00:00,ATM+2,PE,3550.0,3433.2,123.4,123.4,123.4,123.4,29.17939,0,86000
2026-08-20 12:05:00,ATM+2,PE,3550.0,3439.5,123.4,123.4,116.55,116.55,27.612736,800,86200
2026-08-20 12:10:00,ATM+2,PE,3550.0,3445.3,116.55,116.55,112.9,112.9,28.535235,200,86400
2026-08-20 12:15:00,ATM+2,PE,3550.0,3447.5,112.9,112.9,109.95,109.95,27.506359,1000,85800
2026-08-20 12:20:00,ATM+2,PE,3550.0,3446.6,109.7,109.95,108.55,109.55,26.51688,1200,84600
2026-08-20 12:25:00,ATM+2,PE,3550.0,3446.0,109.6,109.6,109.0,109.0,25.568222,600,84200
2026-08-20 12:30:00,ATM+2,PE,3550.0,3445.5,109.0,110.95,109.0,110.95,26.988883,600,84000
2026-08-20 12:35:00,ATM+2,PE,3550.0,3446.1,110.95,110.95,110.95,110.95,27.427012,0,84000
2026-08-20 12:40:00,ATM+2,PE,3550.0,3446.8,107.85,110.95,107.85,107.85,25.123124,1200,84600
2026-08-20 12:45:00,ATM+2,PE,3550.0,3455.7,106.0,107.85,101.6,101.6,25.973343,2800,84800
2026-08-20 12:50:00,ATM+2,PE,3550.0,3451.0,101.6,102.2,101.6,102.2,23.044065,200,84200
2026-08-20 12:55:00,ATM+2,PE,3550.0,3442.6,102.2,102.2,102.2,102.2,0.0,0,84200
2026-08-20 13:00:00,ATM+2,PE,3550.0,3442.8,102.2,102.2,102.2,102.2,0.0,0,84200
2026-08-20 13:05:00,ATM+2,PE,3550.0,3443.1,102.2,102.2,102.2,102.2,11.438988,0,84200
2026-08-20 13:10:00,ATM+2,PE,3550.0,3442.0,111.45,111.45,102.2,111.45,24.775187,200,84000
2026-08-20 13:15:00,ATM+2,PE,3550.0,3441.7,111.45,111.45,111.45,111.45,24.524455,0,83800
2026-08-20 13:20:00,ATM+2,PE,3550.0,3441.9,111.45,111.45,111.45,111.45,24.701335,0,83600
2026-08-20 13:25:00,ATM+2,PE,3550.0,3440.5,111.45,111.45,111.45,111.45,23.459085,0,83600
2026-08-20 13:30:00,ATM+2,PE,3550.0,3444.0,111.45,111.45,111.45,111.45,26.406468,0,83600
2026-08-20 13:35:00,ATM+2,PE,3550.0,3444.1,112.25,112.6,111.45,112.6,27.543534,1400,83800
2026-08-20 13:40:00,ATM+2,PE,3550.0,3447.3,112.6,112.6,112.6,112.6,29.755292,0,83800
2026-08-20 13:45:00,ATM+2,PE,3550.0,3444.4,112.6,113.05,109.85,113.05,28.175995,600,83600
2026-08-20 13:50:00,ATM+2,PE,3550.0,3447.3,113.05,113.05,113.05,113.05,30.145719,0,83600
2026-08-20 13:55:00,ATM+2,PE,3550.0,3445.5,114.0,114.0,113.05,114.0,29.769215,400,83600
2026-08-20 14:00:00,ATM+2,PE,3550.0,3437.9,114.0,114.0,114.0,114.0,23.843028,0,83600
2026-08-20 14:05:00,ATM+2,PE,3550.0,3441.1,114.0,114.0,114.0,114.0,26.608441,0,83600
2026-08-20 14:10:00,ATM+2,PE,3550.0,3440.8,114.0,114.0,114.0,114.0,26.376206,0,83600
2026-08-20 14:15:00,ATM+2,PE,3550.0,3439.0,114.0,115.95,114.0,115.95,26.827811,800,83800
2026-08-20 14:20:00,ATM+2,PE,3550.0,3448.0,117.15,117.15,115.75,115.75,32.814144,600,83600
2026-08-20 14:25:00,ATM+2,PE,3550.0,3446.3,115.75,115.75,113.45,113.45,29.883176,800,83600
2026-08-20 14:30:00,ATM+2,PE,3550.0,3447.2,113.45,113.45,113.45,113.45,30.478209,0,83600
2026-08-20 14:35:00,ATM+2,PE,3550.0,3451.5,113.45,113.45,108.1,108.1,28.824523,200,83000
2026-08-20 14:40:00,ATM+2,PE,3550.0,3448.5,108.1,108.1,108.1,108.1,26.778969,0,83000
2026-08-20 14:45:00,ATM+2,PE,3550.0,3450.2,110.5,110.5,107.9,107.9,27.804259,800,83000
2026-08-20 14:50:00,ATM+2,PE,3550.0,3450.0,107.9,107.9,107.9,107.9,27.674365,0,83000
2026-08-20 14:55:00,ATM+2,PE,3550.0,3452.0,107.9,107.9,107.9,107.9,29.013009,0,83000
2026-08-20 15:00:00,ATM+2,PE,3550.0,3450.5,107.9,107.9,107.9,107.9,28.030193,0,83000
2026-08-20 15:05:00,ATM+2,PE,3550.0,3444.4,107.9,107.9,107.9,107.9,23.320486,0,83000
2026-08-20 15:10:00,ATM+2,PE,3550.0,3441.0,107.9,107.9,107.9,107.9,19.742917,0,83000
2026-08-20 15:15:00,ATM+2,PE,3550.0,3441.0,107.9,107.9,107.9,107.9,19.745478,0,83000
2026-08-20 15:20:00,ATM+2,PE,3550.0,3441.0,107.9,107.9,107.9,107.9,19.74804,0,83000
2026-08-20 15:25:00,ATM+2,PE,3500.0,3424.8,107.9,107.9,70.0,70.0,0.0,0,327800
2026-08-20 15:30:00,ATM+2,PE,3500.0,3424.8,70.0,71.5,70.0,71.5,11.0197,1800,327800
2026-08-20 15:35:00,ATM+2,PE,3500.0,3424.8,71.3,72.7,69.6,72.7,13.119057,19400,319000
2026-08-21 09:20:00,ATM+2,PE,3500.0,3423.4,82.45,88.35,82.45,85.9,26.484919,4600,309800
2026-08-21 09:25:00,ATM+2,PE,3500.0,3422.4,85.25,89.0,84.95,88.05,27.706686,4200,310600
2026-08-21 09:30:00,ATM+2,PE,3500.0,3424.0,86.85,88.05,82.6,85.7,26.730129,2400,309200
2026-08-21 09:35:00,ATM+2,PE,3500.0,3424.7,83.65,88.0,83.65,85.2,26.765816,1800,308800
2026-08-21 09:45:00,ATM+2,PE,3550.0,3431.2,135.0,135.0,135.0,135.0,40.895204,1400,83000
2026-08-21 09:50:00,ATM+2,PE,3550.0,3430.0,135.0,135.0,135.0,135.0,40.089786,0,83000
2026-08-21 09:55:00,ATM+2,PE,3550.0,3432.8,135.0,135.0,135.0,135.0,41.984863,0,83000
2026-08-21 10:00:00,ATM+2,PE,3550.0,3428.1,135.0,135.0,135.0,135.0,38.769451,0,83000
2026-08-21 10:05:00,ATM+2,PE,3550.0,3426.7,135.0,135.0,135.0,135.0,37.744837,0,83000
2026-08-21 10:10:00,ATM+2,PE,3550.0,3431.7,135.0,135.0,135.0,135.0,41.303381,0,83000
2026-08-21 10:15:00,ATM+2,PE,3550.0,3429.5,135.0,135.0,135.0,135.0,39.810965,0,83000
2026-08-21 10:20:00,ATM+2,PE,3550.0,3430.0,135.0,135.0,135.0,135.0,40.174354,0,83000
2026-08-21 10:25:00,ATM+2,PE,3550.0,3426.0,135.0,135.0,135.0,135.0,37.260643,0,83000
2026-08-21 10:30:00,ATM+2,PE,3550.0,3426.5,135.0,135.0,135.0,135.0,37.657515,0,83000
2026-08-21 10:35:00,ATM+2,PE,3500.0,3418.5,86.25,93.4,86.25,92.65,29.268652,6800,301000
2026-08-21 10:40:00,ATM+2,PE,3500.0,3422.5,92.65,92.65,90.9,90.9,30.335258,800,299400
2026-08-21 10:45:00,ATM+2,PE,3500.0,3423.2,90.9,90.9,89.25,89.25,29.39526,200,299600
2026-08-21 10:50:00,ATM+2,PE,3550.0,3425.8,89.25,134.55,89.25,132.75,34.922532,200,82600
2026-08-21 10:55:00,ATM+2,PE,3550.0,3425.2,85.25,135.1,85.25,135.1,36.807107,600,82400
2026-08-21 11:00:00,ATM+2,PE,3500.0,3425.0,135.1,135.1,85.4,85.4,27.286572,0,299400
2026-08-21 11:05:00,ATM+2,PE,3550.0,3426.2,135.1,135.1,135.1,135.1,37.614367,0,82400
2026-08-21 11:10:00,ATM+2,PE,3550.0,3425.8,135.1,135.1,135.1,135.1,37.317223,0,82400
2026-08-21 11:15:00,ATM+2,PE,3500.0,3421.4,135.1,135.1,84.8,89.0,28.077645,1800,300400
2026-08-21 11:20:00,ATM+2,PE,3500.0,3420.9,89.0,90.0,88.2,90.0,28.630026,400,300000
2026-08-21 11:25:00,ATM+2,PE,3550.0,3428.6,89.95,138.0,87.05,138.0,42.084217,2600,82200
2026-08-21 11:30:00,ATM+2,PE,3550.0,3427.6,138.0,138.0,138.0,138.0,41.410343,0,82200
2026-08-21 11:35:00,ATM+2,PE,3550.0,3426.0,138.0,138.0,138.0,138.0,40.288416,0,82200
2026-08-21 11:40:00,ATM+2,PE,3550.0,3427.9,138.0,138.0,138.0,138.0,41.648622,0,82200
2026-08-21 11:45:00,ATM+2,PE,3550.0,3430.1,131.1,138.0,130.0,130.0,35.786073,400,82200
2026-08-21 11:50:00,ATM+2,PE,3500.0,3416.2,130.0,130.0,85.5,92.75,27.926171,1200,298800
2026-08-21 11:55:00,ATM+2,PE,3500.0,3417.7,93.0,93.0,92.75,92.75,28.978833,1600,299200
2026-08-21 12:00:00,ATM+2,PE,3500.0,3422.3,94.0,94.0,90.35,90.35,29.913836,3600,298400
2026-08-21 12:05:00,ATM+2,PE,3550.0,3426.5,89.95,142.9,89.9,142.9,45.11662,3600,82200
2026-08-21 12:10:00,ATM+2,PE,3550.0,3427.5,142.9,142.9,142.9,142.9,45.784037,0,82200
2026-08-21 12:15:00,ATM+2,PE,3550.0,3430.1,142.9,142.9,142.9,142.9,47.4412,0,82000
2026-08-21 12:20:00,ATM+2,PE,3550.0,3431.3,142.9,142.9,142.9,142.9,48.193059,0,82000
2026-08-21 12:25:00,ATM+2,PE,3550.0,3436.0,142.9,142.9,142.9,142.9,50.966513,0,82000
2026-08-21 12:30:00,ATM+2,PE,3550.0,3435.0,142.9,142.9,142.9,142.9,50.414327,0,82000
2026-08-21 12:35:00,ATM+2,PE,3550.0,3430.5,142.9,142.9,142.9,142.9,47.759044,0,82000
2026-08-21 12:40:00,ATM+2,PE,3550.0,3429.5,142.9,142.9,142.9,142.9,47.157299,0,82000
2026-08-21 12:45:00,ATM+2,PE,3550.0,3427.1,142.9,142.9,142.9,142.9,45.643619,0,82000
2026-08-21 12:50:00,ATM+2,PE,3550.0,3431.1,133.3,142.9,133.3,133.3,39.831901,400,81800
2026-08-21 12:55:00,ATM+2,PE,3550.0,3432.6,133.3,133.3,133.3,133.3,40.894825,0,81800
2026-08-21 13:00:00,ATM+2,PE,3550.0,3433.2,133.3,133.3,133.3,133.3,41.319413,0,81800
2026-08-21 13:05:00,ATM+2,PE,3550.0,3429.3,133.3,133.3,133.3,133.3,38.563089,0,81800
2026-08-21 13:10:00,ATM+2,PE,3550.0,3428.8,133.3,133.3,133.3,133.3,38.200848,0,81800
2026-08-21 13:15:00,ATM+2,PE,3550.0,3433.0,133.3,133.3,133.3,133.3,41.22875,0,81800
2026-08-21 13:20:00,ATM+2,PE,3550.0,3429.9,133.3,133.3,126.95,126.95,32.707428,800,81800
2026-08-21 13:25:00,ATM+2,PE,3550.0,3429.8,126.95,126.95,126.95,126.95,32.628879,0,81800
2026-08-21 13:30:00,ATM+2,PE,3550.0,3431.3,126.95,126.95,126.95,126.95,33.942244,0,81800
2026-08-21 13:35:00,ATM+2,PE,3550.0,3428.2,126.95,126.95,126.95,126.95,31.159517,0,81800
2026-08-21 13:40:00,ATM+2,PE,3550.0,3428.7,126.95,126.95,126.95,126.95,31.648432,0,81800
2026-08-21 13:45:00,ATM+2,PE,3550.0,3427.6,126.95,126.95,126.95,126.95,30.586994,0,81800
2026-08-21 13:50:00,ATM+2,PE,3500.0,3424.1,126.95,126.95,86.9,86.9,28.323636,0,295000
2026-08-21 13:55:00,ATM+2,PE,3550.0,3429.8,86.9,126.95,86.9,126.95,32.69392,200,81800
2026-08-21 14:00:00,ATM+2,PE,3550.0,3431.3,126.95,126.95,126.95,126.95,34.011801,0,81800
2026-08-21 14:05:00,ATM+2,PE,3550.0,3433.4,126.95,126.95,126.95,126.95,35.732873,0,81800
2026-08-21 14:10:00,ATM+2,PE,3550.0,3434.8,126.95,126.95,126.95,126.95,36.821441,0,81800
2026-08-21 14:15:00,ATM+2,PE,3550.0,3436.1,126.95,126.95,126.95,126.95,37.795562,0,81800
2026-08-21 14:20:00,ATM+2,PE,3550.0,3435.0,126.95,127.95,125.55,127.95,37.941512,1400,81600
2026-08-21 14:25:00,ATM+2,PE,3550.0,3437.1,127.95,127.95,127.95,127.95,39.450604,0,81600
2026-08-21 14:30:00,ATM+2,PE,3550.0,3436.9,127.95,127.95,127.95,127.95,39.325981,0,81600
2026-08-21 14:35:00,ATM+2,PE,3550.0,3436.5,127.95,127.95,127.95,127.95,39.059995,0,81600
2026-08-21 14:40:00,ATM+2,PE,3550.0,3436.4,127.95,127.95,127.95,127.95,39.003783,0,81600
2026-08-21 14:45:00,ATM+2,PE,3550.0,3438.1,127.95,127.95,127.95,127.95,40.196218,0,81400
2026-08-21 14:50:00,ATM+2,PE,3550.0,3437.2,124.7,127.95,124.7,124.7,36.583604,400,81400
2026-08-21 14:55:00,ATM+2,PE,3550.0,3435.3,124.7,124.7,124.7,124.7,35.13698,0,81400
2026-08-21 15:00:00,ATM+2,PE,3550.0,3432.2,124.7,124.7,124.7,124.7,32.549612,0,81400
2026-08-21 15:05:00,ATM+2,PE,3550.0,3432.1,124.7,124.7,124.7,124.7,32.471184,0,81400
2026-08-21 15:10:00,ATM+2,PE,3500.0,3417.0,127.05,127.05,77.65,79.35,10.102529,2200,291000
2026-08-21 15:15:00,ATM+2,PE,3500.0,3417.0,79.35,79.35,79.35,79.35,10.083392,0,290600
2026-08-21 15:20:00,ATM+2,PE,3500.0,3417.0,79.35,80.0,78.3,78.3,0.0,6600,284400
2026-08-21 15:25:00,ATM+2,PE,3500.0,3412.2,78.0,79.5,78.0,79.5,0.0,8400,277200
2026-08-21 15:30:00,ATM+2,PE,3500.0,3412.2,79.6,83.05,79.5,83.05,0.0,1200,276200
2026-08-21 15:35:00,ATM+2,PE,3500.0,3412.2,83.05,83.05,79.6,79.6,0.0,10600,265800
2026-08-24 09:15:00,ATM+2,PE,3500.0,3421.8,67.05,83.65,67.05,83.65,38.311042,1600,264400
2026-08-24 09:20:00,ATM+2,PE,3500.0,3414.1,84.95,89.8,83.65,88.3,33.841932,6200,260600
2026-08-24 09:25:00,ATM+2,PE,3500.0,3414.6,88.85,92.65,88.3,88.55,35.631914,8000,255400
2026-08-24 09:30:00,ATM+2,PE,3500.0,3409.8,88.25,88.55,88.0,88.0,0.0,1600,255400
2026-08-24 09:35:00,ATM+2,PE,3500.0,3411.0,94.85,96.85,88.0,93.85,40.754696,3600,251800
2026-08-24 09:40:00,ATM+2,PE,3500.0,3409.6,93.4,95.25,93.4,95.25,41.252394,800,251000
2026-08-24 09:45:00,ATM+2,PE,3500.0,3416.1,92.0,95.25,85.0,87.9,37.340946,5000,249200
2026-08-24 09:50:00,ATM+2,PE,3500.0,3415.0,86.0,87.9,85.95,87.3,33.545633,2400,248400
2026-08-24 09:55:00,ATM+2,PE,3500.0,3419.2,87.35,87.35,84.1,84.7,36.227295,600,248000
2026-08-24 10:00:00,ATM+2,PE,3500.0,3421.0,84.7,84.7,81.0,82.0,33.606885,1400,247800
2026-08-24 10:05:00,ATM+2,PE,3550.0,3425.1,82.45,143.0,80.1,143.0,77.63302,1600,79200
2026-08-24 10:10:00,ATM+2,PE,3550.0,3441.7,143.0,143.0,143.0,143.0,96.587307,0,79200
2026-08-24 10:15:00,ATM+2,PE,3550.0,3440.7,143.0,143.0,143.0,143.0,95.708944,0,79200
2026-08-24 10:20:00,ATM+2,PE,3550.0,3436.9,143.0,143.0,143.0,143.0,91.873753,0,79200
2026-08-24 10:25:00,ATM+2,PE,3550.0,3440.0,143.0,143.0,143.0,143.0,95.257273,0,79200
2026-08-24 10:30:00,ATM+2,PE,3550.0,3441.0,143.0,143.0,143.0,143.0,96.414987,0,79200
2026-08-24 10:35:00,ATM+2,PE,3550.0,3442.6,143.0,143.0,143.0,143.0,98.167043,0,79200
2026-08-24 10:40:00,ATM+2,PE,3550.0,3441.9,143.0,143.0,143.0,143.0,97.600066,0,79200
2026-08-24 10:45:00,ATM+2,PE,3550.0,3438.0,143.0,143.0,143.0,143.0,93.694009,0,79000
2026-08-24 10:50:00,ATM+2,PE,3550.0,3437.4,143.0,143.0,143.0,143.0,93.184969,0,76200
2026-08-24 10:55:00,ATM+2,PE,3550.0,3431.7,143.0,143.0,113.3,116.1,0.0,5000,76200
2026-08-24 11:00:00,ATM+2,PE,3550.0,3432.0,116.1,116.1,114.45,114.45,0.0,800,76200
2026-08-24 11:05:00,ATM+2,PE,3550.0,3434.1,114.45,114.45,114.45,114.45,0.0,0,76200
2026-08-24 11:10:00,ATM+2,PE,3550.0,3433.3,114.45,114.45,114.45,114.45,0.0,0,76200
2026-08-24 11:15:00,ATM+2,PE,3550.0,3431.7,114.45,118.05,114.45,118.05,32.591628,800,76000
2026-08-24 11:20:00,ATM+2,PE,3550.0,3430.9,118.05,119.35,118.05,119.35,35.671585,200,76000
2026-08-24 11:25:00,ATM+2,PE,3550.0,3428.1,119.35,119.35,119.35,119.35,0.0,0,76000
2026-08-24 11:30:00,ATM+2,PE,3500.0,3424.6,119.35,119.35,77.1,77.1,29.796985,200,232000
2026-08-24 11:35:00,ATM+2,PE,3500.0,3424.7,77.5,119.35,76.7,76.7,28.918787,200,232200
2026-08-24 11:40:00,ATM+2,PE,3550.0,3426.8,119.35,119.35,119.35,119.35,0.0,0,76000
2026-08-24 11:45:00,ATM+2,PE,3550.0,3430.0,125.3,125.3,119.35,125.3,52.580422,200,75800
2026-08-24 11:50:00,ATM+2,PE,3550.0,3430.0,125.3,125.3,125.3,125.3,52.652005,0,75800
2026-08-24 11:55:00,ATM+2,PE,3550.0,3432.5,128.2,128.2,125.3,128.2,63.660281,200,75600
2026-08-24 12:00:00,ATM+2,PE,3550.0,3432.1,128.2,128.2,128.2,128.2,63.097483,0,75400
2026-08-24 12:05:00,ATM+2,PE,3550.0,3431.5,128.2,129.75,128.2,129.75,65.282538,400,75200
2026-08-24 12:10:00,ATM+2,PE,3550.0,3429.0,129.75,129.75,129.75,129.75,61.160926,0,75200
2026-08-24 12:15:00,ATM+2,PE,3550.0,3428.4,129.75,129.75,129.75,129.75,60.159852,0,75200
2026-08-24 12:20:00,ATM+2,PE,3550.0,3428.2,131.45,131.45,129.75,131.45,63.507976,400,75200
2026-08-24 12:25:00,ATM+2,PE,3550.0,3430.0,131.45,131.45,131.45,131.45,66.596416,0,75200
2026-08-24 12:30:00,ATM+2,PE,3550.0,3429.8,131.45,131.45,131.45,131.45,66.370323,0,75200
2026-08-24 12:35:00,ATM+2,PE,3550.0,3428.5,131.45,131.45,131.45,131.45,64.300603,0,75200
2026-08-24 12:40:00,ATM+2,PE,3550.0,3428.2,131.45,131.45,131.45,131.45,63.876276,0,75200
2026-08-24 12:45:00,ATM+2,PE,3550.0,3425.9,131.45,131.45,131.45,131.45,59.731045,0,75200
2026-08-24 12:50:00,ATM+2,PE,3500.0,3420.5,131.45,131.45,87.4,91.25,53.129944,1000,217200
2026-08-24 12:55:00,ATM+2,PE,3500.0,3417.9,93.0,95.4,91.25,95.4,56.964585,1200,216400
2026-08-24 13:00:00,ATM+2,PE,3500.0,3417.4,93.55,95.4,93.3,95.25,56.113697,800,215800
2026-08-24 13:05:00,ATM+2,PE,3500.0,3418.0,95.05,95.45,93.4,93.4,53.730153,5200,211400
2026-08-24 13:10:00,ATM+2,PE,3500.0,3416.9,93.4,94.3,93.1,93.1,51.664896,1000,210800
2026-08-24 13:15:00,ATM+2,PE,3500.0,3417.0,93.1,95.8,93.1,95.8,56.791802,600,210400
2026-08-24 13:20:00,ATM+2,PE,3500.0,3419.3,94.05,95.8,93.0,93.0,55.065189,7800,203800
2026-08-24 13:25:00,ATM+2,PE,3500.0,3424.9,93.0,93.0,88.9,88.9,55.459149,3800,200400
2026-08-24 13:30:00,ATM+2,PE,3500.0,3418.7,87.75,92.9,87.75,91.6,51.835528,3400,200600
2026-08-24 13:35:00,ATM+2,PE,3500.0,3418.2,92.0,93.35,90.65,93.35,54.408659,2000,199800
2026-08-24 13:40:00,ATM+2,PE,3500.0,3418.0,93.45,93.8,92.35,93.8,55.024743,800,199400
2026-08-24 13:45:00,ATM+2,PE,3500.0,3414.6,92.1,94.7,92.1,94.7,51.752247,1400,198600
2026-08-24 13:50:00,ATM+2,PE,3500.0,3412.0,94.85,97.4,94.7,97.4,53.020971,4200,196000
2026-08-24 13:55:00,ATM+2,PE,3500.0,3407.6,97.4,99.4,96.45,98.7,48.247457,2000,195200
2026-08-24 14:00:00,ATM+2,PE,3500.0,3407.1,99.7,100.5,98.7,99.9,50.047203,2200,194200
2026-08-24 14:05:00,ATM+2,PE,3500.0,3407.9,100.65,101.1,99.55,99.65,51.016822,3000,192200
2026-08-24 14:10:00,ATM+2,PE,3500.0,3403.8,100.2,102.95,99.65,102.95,50.836175,2000,191600
2026-08-24 14:15:00,ATM+2,PE,3500.0,3409.0,103.45,103.45,99.95,99.95,53.673606,2000,190400
2026-08-24 14:20:00,ATM+2,PE,3500.0,3407.2,98.15,101.15,96.4,101.15,53.201223,2200,189800
2026-08-24 14:25:00,ATM+2,PE,3500.0,3408.3,101.15,101.15,96.6,98.75,50.100474,2200,188600
2026-08-24 14:30:00,ATM+2,PE,3500.0,3410.0,98.75,98.75,96.65,96.85,49.11721,1000,187800
2026-08-24 14:35:00,ATM+2,PE,3500.0,3409.7,96.85,96.85,95.25,95.25,44.924789,1200,186800
2026-08-24 14:40:00,ATM+2,PE,3500.0,3412.7,96.5,96.5,89.45,91.4,41.84618,2400,185200
2026-08-24 14:45:00,ATM+2,PE,3500.0,3409.0,91.65,92.9,91.4,92.3,34.722848,1800,184200
2026-08-24 14:50:00,ATM+2,PE,3500.0,3412.0,92.45,92.95,90.9,92.95,44.324459,2200,182200
2026-08-24 14:55:00,ATM+2,PE,3500.0,3407.7,91.65,94.1,91.65,93.65,35.389578,2800,181600
2026-08-24 15:00:00,ATM+2,PE,3500.0,3402.2,91.8,99.15,91.8,98.2,32.985396,4000,180800
2026-08-24 15:05:00,ATM+2,PE,3500.0,3401.3,99.2,100.9,95.3,95.9,0.0,8400,174800
2026-08-24 15:10:00,ATM+2,PE,3500.0,3410.1,94.8,95.9,92.15,95.15,45.997955,1000,173800
2026-08-24 15:15:00,ATM+2,PE,3500.0,3410.1,95.15,95.15,95.15,95.15,46.069761,0,173600
2026-08-24 15:20:00,ATM+2,PE,3500.0,3410.1,94.15,95.15,90.75,90.75,32.96194,2200,173000
2026-08-24 15:25:00,ATM+2,PE,3500.0,3414.1,91.9,91.9,90.75,91.9,46.53278,600,173000
2026-08-24 15:30:00,ATM+2,PE,3500.0,3414.1,91.9,91.9,90.0,90.0,42.003606,400,172600
2026-08-24 15:35:00,ATM+2,PE,3500.0,3414.1,92.7,96.9,90.0,96.9,57.142244,8800,167000
2026-08-25 09:20:00,ATM+2,PE,3500.0,3402.3,96.95,102.55,92.6,102.55,91.073208,3600,163800
2026-08-25 09:25:00,ATM+2,PE,3500.0,3409.7,101.45,102.55,95.05,95.05,86.139969,4200,161600
2026-08-25 09:30:00,ATM+2,PE,3500.0,3410.6,92.0,98.1,88.1,94.15,86.097506,57400,133600
2026-08-25 09:35:00,ATM+2,PE,3500.0,3408.3,94.15,96.0,93.8,96.0,85.805304,1600,133400
2026-08-25 09:40:00,ATM+2,PE,3500.0,3407.9,96.0,100.55,96.0,98.15,95.839549,1200,133000
2026-08-25 09:45:00,ATM+2,PE,3500.0,3408.7,98.15,98.15,94.25,94.25,78.553664,1800,132400
2026-08-25 09:50:00,ATM+2,PE,3500.0,3407.1,94.25,98.8,94.25,97.2,88.426859,1400,132600
2026-08-25 09:55:00,ATM+2,PE,3500.0,3402.6,98.9,98.9,97.2,98.9,72.258099,200,132400
2026-08-25 10:00:00,ATM+2,PE,3500.0,3402.0,98.9,106.45,98.9,106.45,114.714073,1800,132200
2026-08-25 10:05:00,ATM+2,PE,3500.0,3398.0,106.45,106.45,106.45,106.45,97.625628,0,132200
2026-08-25 10:10:00,ATM+2,PE,3500.0,3400.3,106.9,106.9,106.45,106.9,111.690745,200,132200
2026-08-25 10:15:00,ATM+2,PE,3500.0,3401.6,106.9,106.9,105.75,105.85,112.790374,1400,131600
2026-08-25 10:20:00,ATM+2,PE,3500.0,3399.1,106.1,106.5,105.85,106.15,103.821819,1800,132200
2026-08-25 10:25:00,ATM+2,PE,3500.0,3401.8,106.15,106.15,104.25,104.25,107.09245,400,132000
2026-08-25 10:30:00,ATM+2,PE,3500.0,3401.7,104.25,105.25,104.25,105.25,112.833595,200,131800
2026-08-25 10:35:00,ATM+2,PE,3500.0,3401.2,105.25,108.35,105.25,108.35,127.093133,800,131200
2026-08-25 10:40:00,ATM+2,PE,3500.0,3404.5,106.25,108.35,106.25,106.5,132.051967,4800,131200
2026-08-25 10:45:00,ATM+2,PE,3500.0,3404.4,106.5,106.5,99.0,99.0,92.29756,400,130600
2026-08-25 10:50:00,ATM+2,PE,3500.0,3406.2,99.0,99.5,96.75,98.0,97.11094,3600,129800
2026-08-25 10:55:00,ATM+2,PE,3500.0,3404.0,98.0,98.0,98.0,98.0,83.10743,0,129800
2026-08-25 11:00:00,ATM+2,PE,3500.0,3404.9,98.0,98.0,96.65,96.65,78.929724,400,129800
2026-08-25 11:05:00,ATM+2,PE,3500.0,3406.7,96.65,96.65,96.65,96.65,93.494949,0,129800
2026-08-25 11:10:00,ATM+2,PE,3500.0,3412.0,95.55,96.65,93.65,93.65,104.92933,1200,129200
2026-08-25 11:15:00,ATM+2,PE,3500.0,3411.5,93.65,96.6,93.65,96.6,119.749186,400,129000
2026-08-25 11:20:00,ATM+2,PE,3500.0,3407.4,96.6,101.75,96.6,101.75,130.029103,1200,129000
2026-08-25 11:25:00,ATM+2,PE,3500.0,3410.9,101.75,102.0,97.05,97.05,121.840528,400,128800
2026-08-25 11:30:00,ATM+2,PE,3500.0,3404.8,97.05,97.05,97.05,97.05,86.596154,0,128800
2026-08-25 11:35:00,ATM+2,PE,3500.0,3408.3,97.05,97.05,97.05,97.05,111.501801,0,128800
2026-08-25 11:40:00,ATM+2,PE,3500.0,3408.3,97.05,97.05,97.05,97.05,112.664008,0,128800
2026-08-25 11:45:00,ATM+2,PE,3500.0,3406.1,97.05,102.7,97.05,102.7,136.185285,400,128600
2026-08-25 11:50:00,ATM+2,PE,3500.0,3407.0,102.25,104.0,102.2,102.2,138.996898,4400,127600
2026-08-25 11:55:00,ATM+2,PE,3500.0,3412.3,102.2,102.2,96.35,96.35,132.33548,200,127600
2026-08-25 12:00:00,ATM+2,PE,3500.0,3413.9,96.35,96.35,95.65,96.3,140.608228,2800,127800
2026-08-25 12:05:00,ATM+2,PE,3500.0,3415.0,96.3,96.3,92.2,92.2,124.403607,2400,127400
2026-08-25 12:10:00,ATM+2,PE,3500.0,3415.7,92.1,92.2,90.25,90.25,117.51628,1400,127400
2026-08-25 12:15:00,ATM+2,PE,3500.0,3415.0,90.25,92.0,90.1,90.1,113.987093,400,127000
2026-08-25 12:20:00,ATM+2,PE,3500.0,3418.9,90.1,90.1,88.55,88.55,126.594812,1000,127000
2026-08-25 12:25:00,ATM+2,PE,3500.0,3418.4,88.55,89.0,88.55,89.0,128.448134,6600,127000
2026-08-25 12:30:00,ATM+2,PE,3500.0,3424.0,89.0,89.0,89.0,89.0,155.025516,400,127000
2026-08-25 12:35:00,ATM+2,PE,3500.0,3421.5,89.0,89.0,85.05,85.05,123.292748,400,127000
2026-08-25 12:40:00,ATM+2,PE,3500.0,3416.0,85.0,85.05,85.0,85.0,81.603294,1600,127000
2026-08-25 12:45:00,ATM+2,PE,3500.0,3417.7,85.0,85.0,85.0,85.0,101.026358,0,127000
2026-08-25 12:50:00,ATM+2,PE,3500.0,3417.6,85.0,85.05,85.0,85.0,101.638531,400,126800
2026-08-25 12:55:00,ATM+2,PE,3500.0,3413.9,86.6,86.6,85.0,86.6,77.574228,400,126800
2026-08-25 13:00:00,ATM+2,PE,3500.0,3408.1,86.6,86.6,86.6,86.6,0.0,0,126800
2026-08-25 13:05:00,ATM+2,PE,3500.0,3409.4,86.6,95.95,86.6,95.95,139.435515,3400,126600
2026-08-25 13:10:00,ATM+2,PE,3500.0,3409.0,95.95,95.95,87.0,92.15,97.848325,400,126200
2026-08-25 13:15:00,ATM+2,PE,3500.0,3407.1,92.15,92.15,92.15,92.15,0.0,0,126200
2026-08-25 13:20:00,ATM+2,PE,3500.0,3407.6,92.15,92.15,92.15,92.15,0.0,0,126200
2026-08-25 13:25:00,ATM+2,PE,3500.0,3407.2,92.15,92.15,92.15,92.15,0.0,0,126200
2026-08-25 13:30:00,ATM+2,PE,3500.0,3410.2,92.15,92.15,87.6,90.0,80.478539,4000,125400
2026-08-25 13:35:00,ATM+2,PE,3500.0,3409.8,90.0,90.0,90.0,90.0,0.0,400,125600
2026-08-25 13:40:00,ATM+2,PE,3500.0,3409.6,90.0,90.0,90.0,90.0,0.0,200,125600
2026-08-25 13:45:00,ATM+2,PE,3500.0,3410.9,90.0,90.0,90.0,90.0,105.098365,0,125600
2026-08-25 13:50:00,ATM+2,PE,3500.0,3414.4,90.0,90.0,90.0,90.0,150.728351,0,125600
2026-08-25 13:55:00,ATM+2,PE,3500.0,3414.3,90.0,90.0,84.0,84.0,0.0,600,125400
2026-08-25 14:00:00,ATM+2,PE,3500.0,3419.9,84.0,84.0,84.0,84.0,145.817799,0,125400
2026-08-25 14:05:00,ATM+2,PE,3500.0,3418.7,84.0,86.5,84.0,86.5,165.098681,200,125200
2026-08-25 14:10:00,ATM+2,PE,3500.0,3418.8,86.5,86.5,83.05,83.05,128.350413,200,125000
2026-08-25 14:15:00,ATM+2,PE,3500.0,3422.0,83.05,83.05,83.0,83.0,0.0,1600,125200
2026-08-25 14:20:00,ATM+2,PE,3500.0,3421.3,81.0,83.0,80.0,80.0,123.242232,5600,125400
2026-08-25 14:25:00,ATM+2,PE,3500.0,3424.0,80.0,80.0,80.0,80.0,0.0,0,125400
2026-08-25 14:30:00,ATM+2,PE,3500.0,3424.0,80.0,134.0,75.0,75.0,0.0,400,125200
2026-08-25 14:35:00,ATM+2,PE,3500.0,3424.5,134.0,134.0,75.0,75.0,0.0,0,125200
2026-08-25 14:40:00,ATM+2,PE,3550.0,3426.9,79.85,130.25,75.0,130.25,0.0,400,66600
2026-08-25 14:45:00,ATM+2,PE,3550.0,3430.1,130.25,130.25,130.25,130.25,0.0,0,66600
2026-08-25 14:50:00,ATM+2,PE,3550.0,3433.4,130.25,130.25,130.25,130.25,0.0,0,66600
2026-08-25 14:55:00,ATM+2,PE,3550.0,3435.3,130.25,130.25,130.25,130.25,0.0,0,66600
2026-08-25 15:00:00,ATM+2,PE,3550.0,3429.6,130.25,130.25,130.25,130.25,0.0,0,66600
2026-08-25 15:05:00,ATM+2,PE,3550.0,3436.9,130.25,130.25,130.25,130.25,0.0,0,66600
2026-08-25 15:10:00,ATM+2,PE,3550.0,3440.0,130.25,130.25,130.25,130.25,0.0,0,66600
2026-08-25 15:15:00,ATM+2,PE,3550.0,3440.0,130.25,130.25,114.55,114.55,0.0,600,66800
2026-08-25 15:20:00,ATM+2,PE,3550.0,3440.0,114.55,114.55,114.55,114.55,0.0,0,66800
2026-08-25 15:25:00,ATM+2,PE,3550.0,3443.0,114.55,114.55,114.55,114.55,0.0,0,66800
2026-08-25 15:30:00,ATM+2,PE,3550.0,3443.0,114.55,114.55,89.75,89.75,0.0,200,66800
2026-08-25 15:35:00,ATM+2,PE,3550.0,3443.0,89.75,89.75,89.75,89.75,0.0,0,66800
2026-08-20 09:15:00,ATM+3,CE,3550.0,3401.4,4.75,5.2,3.35,3.35,23.904948,44200,276400
2026-08-20 09:20:00,ATM+3,CE,3550.0,3404.0,3.4,3.55,2.85,2.85,22.700558,27800,277400
2026-08-20 09:25:00,ATM+3,CE,3550.0,3408.0,2.95,3.2,2.85,2.95,22.374625,13000,278200
2026-08-20 09:30:00,ATM+3,CE,3550.0,3415.8,3.0,3.35,2.8,3.35,22.037268,10800,277600
2026-08-20 09:35:00,ATM+3,CE,3550.0,3420.7,3.65,3.9,3.35,3.7,21.934397,8800,275800
2026-08-20 09:40:00,ATM+3,CE,3550.0,3422.9,3.65,3.7,3.55,3.55,21.418731,6600,275600
2026-08-20 09:45:00,ATM+3,CE,3550.0,3425.0,3.6,3.75,3.55,3.75,21.441571,3000,276800
2026-08-20 09:50:00,ATM+3,CE,3550.0,3421.6,3.9,3.9,3.35,3.35,21.29826,9000,272600
2026-08-20 09:55:00,ATM+3,CE,3550.0,3420.8,3.4,3.5,3.35,3.4,21.490867,4800,272400
2026-08-20 10:00:00,ATM+3,CE,3550.0,3416.1,3.3,3.4,2.95,2.95,21.380694,9000,270800
2026-08-20 10:05:00,ATM+3,CE,3550.0,3417.8,3.0,3.2,2.95,3.2,21.583724,2600,271600
2026-08-20 10:10:00,ATM+3,CE,3550.0,3418.8,3.15,3.2,3.1,3.2,21.459406,2400,270800
2026-08-20 10:15:00,ATM+3,CE,3550.0,3422.4,3.2,3.4,3.2,3.4,21.307335,5600,270000
2026-08-20 10:20:00,ATM+3,CE,3550.0,3422.4,3.4,3.4,3.4,3.4,21.314852,200,268400
2026-08-20 10:25:00,ATM+3,CE,3550.0,3421.5,3.4,3.4,3.4,3.4,21.442764,0,268400
2026-08-20 10:30:00,ATM+3,CE,3550.0,3422.6,3.4,3.45,3.35,3.45,21.380861,4000,268600
2026-08-20 10:35:00,ATM+3,CE,3550.0,3420.0,3.45,3.45,3.15,3.15,21.257091,200,264800
2026-08-20 10:40:00,ATM+3,CE,3550.0,3419.2,3.15,3.3,3.15,3.2,21.45196,3800,264200
2026-08-20 10:45:00,ATM+3,CE,3550.0,3422.3,3.25,3.25,3.1,3.25,21.128929,2200,264400
2026-08-20 10:50:00,ATM+3,CE,3550.0,3421.5,3.1,3.35,3.1,3.2,21.162377,1200,264400
2026-08-20 10:55:00,ATM+3,CE,3550.0,3420.3,3.2,3.2,3.1,3.1,21.165423,3000,264000
2026-08-20 11:00:00,ATM+3,CE,3600.0,3426.0,3.15,3.2,2.05,2.15,24.542482,8200,525200
2026-08-20 11:05:00,ATM+3,CE,3600.0,3426.8,2.15,2.15,2.0,2.0,24.102335,3400,524400
2026-08-20 11:10:00,ATM+3,CE,3600.0,3426.8,2.1,2.1,2.0,2.1,24.347853,1000,524200
2026-08-20 11:15:00,ATM+3,CE,3600.0,3425.6,3.25,3.55,2.05,2.05,24.381128,4000,523000
2026-08-20 11:20:00,ATM+3,CE,3600.0,3427.0,2.05,3.4,2.05,2.1,24.341093,600,523000
2026-08-20 11:25:00,ATM+3,CE,3600.0,3430.3,2.2,2.2,2.1,2.15,24.070586,800,522000
2026-08-20 11:30:00,ATM+3,CE,3600.0,3430.4,2.3,2.3,2.15,2.2,24.180547,3400,520800
2026-08-20 11:35:00,ATM+3,CE,3600.0,3433.0,2.2,2.2,2.1,2.1,23.649431,1800,520400
2026-08-20 11:40:00,ATM+3,CE,3600.0,3430.9,2.2,2.2,2.1,2.2,24.137367,600,520400
2026-08-20 11:45:00,ATM+3,CE,3600.0,3432.2,2.15,2.2,2.15,2.2,23.989189,3800,520400
2026-08-20 11:50:00,ATM+3,CE,3600.0,3431.2,2.2,2.2,2.15,2.15,24.004906,9800,515200
2026-08-20 11:55:00,ATM+3,CE,3600.0,3434.7,2.1,2.25,2.1,2.15,23.592302,6400,513600
2026-08-20 12:00:00,ATM+3,CE,3600.0,3433.2,2.2,2.2,2.05,2.05,23.551666,2400,513200
2026-08-20 12:05:00,ATM+3,CE,3600.0,3439.5,2.1,2.35,2.05,2.35,23.462588,5800,512800
2026-08-20 12:10:00,ATM+3,CE,3600.0,3445.3,2.45,2.5,2.35,2.5,23.064999,4800,511200
2026-08-20 12:15:00,ATM+3,CE,3600.0,3447.5,2.35,2.5,2.35,2.35,22.496985,5400,512400
2026-08-20 12:20:00,ATM+3,CE,3600.0,3446.6,2.35,2.5,2.35,2.4,22.718298,1600,512400
2026-08-20 12:25:00,ATM+3,CE,3600.0,3446.0,2.4,2.4,2.4,2.4,22.800461,400,512200
2026-08-20 12:30:00,ATM+3,CE,3600.0,3445.5,2.4,2.4,2.25,2.25,22.557736,200,512000
2026-08-20 12:35:00,ATM+3,CE,3600.0,3446.1,2.4,2.4,2.15,2.15,22.278179,4000,513800
2026-08-20 12:40:00,ATM+3,CE,3600.0,3446.8,2.25,2.25,2.15,2.15,22.200979,2000,511400
2026-08-20 12:45:00,ATM+3,CE,3600.0,3455.7,2.25,2.4,2.15,2.35,21.530871,20200,517600
2026-08-20 12:50:00,ATM+3,CE,3600.0,3451.0,2.35,2.4,2.1,2.1,21.5976,12400,514200
2026-08-20 12:55:00,ATM+3,CE,3600.0,3442.6,2.0,2.1,1.85,1.85,22.048716,33200,515200
2026-08-20 13:00:00,ATM+3,CE,3600.0,3442.8,1.85,1.95,1.85,1.95,22.268015,5000,527800
2026-08-20 13:05:00,ATM+3,CE,3600.0,3443.1,1.95,2.0,1.9,2.0,22.355046,9800,529600
2026-08-20 13:10:00,ATM+3,CE,3600.0,3442.0,1.95,2.0,1.9,1.9,22.262675,3200,529800
2026-08-20 13:15:00,ATM+3,CE,3600.0,3441.7,1.9,2.0,1.9,1.9,22.306485,600,530600
2026-08-20 13:20:00,ATM+3,CE,3600.0,3441.9,1.9,1.9,1.8,1.8,22.050732,8400,531200
2026-08-20 13:25:00,ATM+3,CE,3600.0,3440.5,1.9,1.9,1.8,1.9,22.465857,6400,537600
2026-08-20 13:30:00,ATM+3,CE,3600.0,3444.0,1.95,1.95,1.9,1.95,22.171742,1800,538000
2026-08-20 13:35:00,ATM+3,CE,3600.0,3444.1,2.05,2.05,1.95,2.0,22.282532,10400,540600
2026-08-20 13:40:00,ATM+3,CE,3600.0,3447.3,1.9,2.0,1.9,1.9,21.675313,800,540400
2026-08-20 13:45:00,ATM+3,CE,3600.0,3444.4,2.05,2.05,1.9,2.0,22.262322,1200,540400
2026-08-20 13:50:00,ATM+3,CE,3600.0,3447.3,2.0,2.05,2.0,2.05,22.031746,6800,540400
2026-08-20 13:55:00,ATM+3,CE,3600.0,3445.5,2.05,2.05,1.95,1.95,22.03097,3200,540400
2026-08-20 14:00:00,ATM+3,CE,3600.0,3437.9,1.95,1.95,1.8,1.8,22.589357,4200,540800
2026-08-20 14:05:00,ATM+3,CE,3600.0,3441.1,1.8,1.9,1.8,1.9,22.458635,4200,542000
2026-08-20 14:10:00,ATM+3,CE,3600.0,3440.8,1.9,1.9,1.85,1.85,22.382747,600,543200
2026-08-20 14:15:00,ATM+3,CE,3600.0,3439.0,1.85,1.85,1.85,1.85,22.605676,0,552000
2026-08-20 14:20:00,ATM+3,CE,3600.0,3448.0,1.85,2.05,1.85,2.05,21.99429,54000,545600
2026-08-20 14:25:00,ATM+3,CE,3600.0,3446.3,2.0,2.05,2.0,2.0,22.096417,1400,545600
2026-08-20 14:30:00,ATM+3,CE,3600.0,3447.2,2.0,2.1,1.95,1.95,21.881283,6800,542200
2026-08-20 14:35:00,ATM+3,CE,3600.0,3451.5,1.9,2.05,1.9,2.05,21.591133,6400,539600
2026-08-20 14:40:00,ATM+3,CE,3600.0,3448.5,2.05,2.2,2.05,2.2,22.292463,8400,539600
2026-08-20 14:45:00,ATM+3,CE,3600.0,3450.2,2.2,2.2,2.0,2.0,21.654405,3600,537400
2026-08-20 14:50:00,ATM+3,CE,3600.0,3450.0,2.0,2.0,1.85,1.85,21.343125,2400,537600
2026-08-20 14:55:00,ATM+3,CE,3600.0,3452.0,1.95,1.95,1.8,1.9,21.225123,2200,536800
2026-08-20 15:00:00,ATM+3,CE,3600.0,3450.5,1.85,1.9,1.8,1.8,21.180692,2200,537000
2026-08-20 15:05:00,ATM+3,CE,3600.0,3444.4,1.8,1.8,1.6,1.7,21.672698,5200,537000
2026-08-20 15:10:00,ATM+3,CE,3600.0,3441.0,1.75,1.85,1.7,1.8,22.333994,3000,536400
2026-08-20 15:15:00,ATM+3,CE,3600.0,3441.0,1.8,2.0,1.8,2.0,22.820428,7200,534800
2026-08-20 15:20:00,ATM+3,CE,3600.0,3441.0,2.0,2.0,1.85,1.85,22.472506,6000,535200
2026-08-20 15:25:00,ATM+3,CE,3550.0,3424.8,2.05,3.2,1.85,3.2,21.139502,13600,247000
2026-08-20 15:30:00,ATM+3,CE,3550.0,3424.8,3.2,3.2,3.0,3.05,20.90067,2600,245200
2026-08-20 15:35:00,ATM+3,CE,3550.0,3424.8,3.05,3.2,2.95,3.05,20.908362,3800,244600
2026-08-21 09:15:00,ATM+3,CE,3600.0,3431.1,1.8,2.45,1.4,1.45,24.565109,9200,529800
2026-08-21 09:20:00,ATM+3,CE,3600.0,3425.9,1.3,2.05,1.2,1.25,24.557434,58000,522000
2026-08-21 09:25:00,ATM+3,CE,3550.0,3422.4,2.0,2.0,1.8,1.9,20.761684,14800,265800
2026-08-21 09:30:00,ATM+3,CE,3550.0,3424.0,1.9,2.15,1.15,1.9,20.553676,16000,264800
2026-08-21 09:35:00,ATM+3,CE,3550.0,3424.7,1.25,2.25,1.25,2.2,21.131486,21000,267800
2026-08-21 09:40:00,ATM+3,CE,3600.0,3426.6,1.45,1.5,1.35,1.4,25.019143,13400,513000
2026-08-21 09:45:00,ATM+3,CE,3600.0,3431.2,1.35,1.6,1.35,1.6,25.073869,25800,515800
2026-08-21 09:50:00,ATM+3,CE,3600.0,3430.0,1.55,1.6,1.5,1.5,24.93273,3400,515800
2026-08-21 09:55:00,ATM+3,CE,3600.0,3432.8,1.4,1.5,1.4,1.4,24.277238,4000,514600
2026-08-21 10:00:00,ATM+3,CE,3600.0,3428.1,1.45,1.45,1.3,1.3,24.542468,3200,514200
2026-08-21 10:05:00,ATM+3,CE,3600.0,3426.7,1.3,1.35,1.3,1.35,24.894776,2200,512200
2026-08-21 10:10:00,ATM+3,CE,3600.0,3431.7,1.35,1.35,1.35,1.35,24.283694,600,512000
2026-08-21 10:15:00,ATM+3,CE,3600.0,3429.5,1.35,1.5,1.35,1.5,25.049059,4200,512200
2026-08-21 10:20:00,ATM+3,CE,3600.0,3430.0,1.45,1.5,1.35,1.35,24.516192,17200,508000
2026-08-21 10:25:00,ATM+3,CE,3600.0,3426.0,1.35,1.35,1.25,1.25,24.681426,6200,507200
2026-08-21 10:30:00,ATM+3,CE,3600.0,3426.5,1.25,1.25,1.15,1.25,24.630426,33600,507600
2026-08-21 10:35:00,ATM+3,CE,3550.0,3418.5,2.0,2.1,1.8,2.1,21.880675,114000,284400
2026-08-21 10:40:00,ATM+3,CE,3550.0,3422.5,2.05,2.15,2.05,2.15,21.448184,3600,288600
2026-08-21 10:45:00,ATM+3,CE,3550.0,3423.2,2.1,2.15,2.05,2.1,21.250389,17000,282200
2026-08-21 10:50:00,ATM+3,CE,3600.0,3425.8,2.15,2.15,1.3,1.3,24.932978,9200,521600
2026-08-21 10:55:00,ATM+3,CE,3600.0,3425.2,2.25,2.35,1.3,1.4,25.355349,14200,520600
2026-08-21 11:00:00,ATM+3,CE,3550.0,3425.0,1.4,2.3,1.35,2.15,21.137653,1600,264200
2026-08-21 11:05:00,ATM+3,CE,3600.0,3426.2,1.35,1.35,1.25,1.25,24.74164,3000,525600
2026-08-21 11:10:00,ATM+3,CE,3600.0,3425.8,1.25,1.3,1.25,1.3,24.975929,400,524000
2026-08-21 11:15:00,ATM+3,CE,3550.0,3421.4,1.15,2.0,1.15,1.7,20.611548,10600,251600
2026-08-21 11:20:00,ATM+3,CE,3550.0,3420.9,1.75,1.75,1.65,1.7,20.687743,6000,249400
2026-08-21 11:25:00,ATM+3,CE,3600.0,3428.6,1.8,1.8,1.0,1.0,23.555523,29600,520200
2026-08-21 11:30:00,ATM+3,CE,3600.0,3427.6,1.05,1.1,0.95,1.1,24.075539,53200,543200
2026-08-21 11:35:00,ATM+3,CE,3600.0,3426.0,1.1,1.1,0.95,0.95,23.684026,2600,546400
2026-08-21 11:40:00,ATM+3,CE,3600.0,3427.9,1.0,1.0,0.9,0.9,23.256742,12800,554800
2026-08-21 11:45:00,ATM+3,CE,3600.0,3430.1,0.95,0.95,0.9,0.95,23.213532,800,552000
2026-08-21 11:50:00,ATM+3,CE,3550.0,3416.2,1.05,1.7,0.9,1.65,21.244667,20200,246000
2026-08-21 11:55:00,ATM+3,CE,3550.0,3417.7,1.55,1.8,1.55,1.8,21.433084,6200,246000
2026-08-21 12:00:00,ATM+3,CE,3550.0,3422.3,1.8,1.85,1.8,1.85,20.938054,18800,241600
2026-08-21 12:05:00,ATM+3,CE,3600.0,3426.5,1.8,1.85,1.0,1.1,24.283121,3800,542800
2026-08-21 12:10:00,ATM+3,CE,3600.0,3427.5,1.1,1.2,1.1,1.2,24.541641,29000,541200
2026-08-21 12:15:00,ATM+3,CE,3600.0,3430.1,1.2,1.2,1.2,1.2,24.230717,1400,538200
2026-08-21 12:20:00,ATM+3,CE,3600.0,3431.3,1.2,1.2,1.2,1.2,24.092658,0,538000
2026-08-21 12:25:00,ATM+3,CE,3600.0,3436.0,1.2,1.25,1.2,1.25,23.69285,6600,535000
2026-08-21 12:30:00,ATM+3,CE,3600.0,3435.0,1.3,1.35,1.15,1.15,23.476637,6800,531000
2026-08-21 12:35:00,ATM+3,CE,3600.0,3430.5,1.15,1.15,1.1,1.1,23.856658,10200,536000
2026-08-21 12:40:00,ATM+3,CE,3600.0,3429.5,1.05,1.1,1.0,1.0,23.60074,5600,536000
2026-08-21 12:45:00,ATM+3,CE,3600.0,3427.1,1.0,1.0,1.0,1.0,23.901833,200,536000
2026-08-21 12:50:00,ATM+3,CE,3600.0,3431.1,1.1,1.1,1.0,1.05,23.623625,2000,536400
2026-08-21 12:55:00,ATM+3,CE,3600.0,3432.6,1.05,1.1,1.05,1.1,23.640443,1400,536600
2026-08-21 13:00:00,ATM+3,CE,3600.0,3433.2,1.1,1.1,1.05,1.05,23.387647,200,536400
2026-08-21 13:05:00,ATM+3,CE,3600.0,3429.3,1.1,1.1,1.05,1.05,23.874723,9600,535400
2026-08-21 13:10:00,ATM+3,CE,3600.0,3428.8,1.05,1.05,1.05,1.05,23.946317,2400,534800
2026-08-21 13:15:00,ATM+3,CE,3600.0,3433.0,1.05,1.1,1.05,1.1,23.632802,1400,533600
2026-08-21 13:20:00,ATM+3,CE,3600.0,3429.9,1.1,1.1,1.1,1.1,24.024967,0,533600
2026-08-21 13:25:00,ATM+3,CE,3600.0,3429.8,1.1,1.1,1.0,1.0,23.657771,200,533400
2026-08-21 13:30:00,ATM+3,CE,3600.0,3431.3,1.0,1.1,1.0,1.1,23.873685,2600,533000
2026-08-21 13:35:00,ATM+3,CE,3600.0,3428.2,1.1,1.1,1.0,1.0,23.873378,8800,535200
2026-08-21 13:40:00,ATM+3,CE,3600.0,3428.7,1.0,1.0,1.0,1.0,23.823071,1200,533600
2026-08-21 13:45:00,ATM+3,CE,3600.0,3427.6,1.0,1.0,0.95,0.95,23.761535,2200,533600
2026-08-21 13:50:00,ATM+3,CE,3550.0,3424.1,0.95,1.55,0.95,1.5,20.009942,5600,236200
2026-08-21 13:55:00,ATM+3,CE,3600.0,3429.8,1.5,1.65,0.95,0.95,23.516147,2800,533000
2026-08-21 14:00:00,ATM+3,CE,3600.0,3431.3,0.95,1.0,0.95,1.0,23.54809,4000,531000
2026-08-21 14:05:00,ATM+3,CE,3600.0,3433.4,1.0,1.0,1.0,1.0,23.301961,0,531000
2026-08-21 14:10:00,ATM+3,CE,3600.0,3434.8,1.05,1.1,1.0,1.1,23.525289,13800,539000
2026-08-21 14:15:00,ATM+3,CE,3600.0,3436.1,1.1,1.1,1.05,1.05,23.186126,12800,527400
2026-08-21 14:20:00,ATM+3,CE,3600.0,3435.0,1.0,1.1,1.0,1.05,23.332061,11600,529200
2026-08-21 14:25:00,ATM+3,CE,3600.0,3437.1,1.0,1.05,1.0,1.0,22.890039,1200,529600
2026-08-21 14:30:00,ATM+3,CE,3600.0,3436.9,1.15,1.15,1.0,1.15,23.489708,11000,535400
2026-08-21 14:35:00,ATM+3,CE,3600.0,3436.5,1.0,1.15,1.0,1.0,22.984141,800,534800
2026-08-21 14:40:00,ATM+3,CE,3600.0,3436.4,1.2,1.2,1.0,1.2,23.752179,2000,534600
2026-08-21 14:45:00,ATM+3,CE,3600.0,3438.1,1.2,1.2,1.15,1.15,23.371106,2200,534400
2026-08-21 14:50:00,ATM+3,CE,3600.0,3437.2,1.15,1.15,1.1,1.1,23.310979,1000,534400
2026-08-21 14:55:00,ATM+3,CE,3600.0,3435.3,0.95,1.1,0.95,1.05,23.368064,9000,527200
2026-08-21 15:00:00,ATM+3,CE,3600.0,3432.2,1.05,1.05,0.95,0.95,23.360216,1000,526000
2026-08-21 15:05:00,ATM+3,CE,3600.0,3432.1,1.0,1.1,0.95,1.1,23.976963,5600,524800
2026-08-21 15:10:00,ATM+3,CE,3550.0,3417.0,1.1,1.75,1.0,1.6,21.384105,2800,202200
2026-08-21 15:15:00,ATM+3,CE,3550.0,3417.0,1.6,1.6,1.55,1.55,21.257995,400,202200
2026-08-21 15:20:00,ATM+3,CE,3550.0,3417.0,1.8,1.8,1.55,1.6,21.403483,4600,203800
2026-08-21 15:25:00,ATM+3,CE,3550.0,3412.2,1.6,1.7,1.6,1.65,22.199247,1800,202800
2026-08-21 15:30:00,ATM+3,CE,3550.0,3412.2,1.6,1.65,1.45,1.45,21.648625,800,202800
2026-08-21 15:35:00,ATM+3,CE,3550.0,3412.2,1.45,1.5,1.45,1.5,21.802525,400,202600
2026-08-24 09:15:00,ATM+3,CE,3550.0,3421.8,1.45,1.7,0.5,0.5,30.597689,47400,209800
2026-08-24 09:20:00,ATM+3,CE,3550.0,3414.1,0.45,0.6,0.45,0.6,33.17105,23200,208000
2026-08-24 09:25:00,ATM+3,CE,3550.0,3414.6,0.5,0.6,0.5,0.5,32.183013,10000,204800
2026-08-24 09:30:00,ATM+3,CE,3550.0,3409.8,0.55,0.6,0.5,0.55,33.715328,5600,203800
2026-08-24 09:35:00,ATM+3,CE,3550.0,3411.0,0.5,0.55,0.45,0.45,32.503789,16000,198400
2026-08-24 09:40:00,ATM+3,CE,3550.0,3409.6,0.45,0.6,0.45,0.55,33.852551,5800,198200
2026-08-24 09:45:00,ATM+3,CE,3550.0,3416.1,0.65,0.8,0.55,0.75,34.202415,10200,196000
2026-08-24 09:50:00,ATM+3,CE,3550.0,3415.0,0.7,0.75,0.6,0.6,33.260318,5000,192600
2026-08-24 09:55:00,ATM+3,CE,3550.0,3419.2,0.6,0.7,0.6,0.65,32.828987,7600,191400
2026-08-24 10:00:00,ATM+3,CE,3550.0,3421.0,0.75,0.8,0.65,0.75,33.266513,6200,189600
2026-08-24 10:05:00,ATM+3,CE,3600.0,3425.1,0.75,0.8,0.6,0.6,41.290966,7200,531800
2026-08-24 10:10:00,ATM+3,CE,3600.0,3441.7,0.6,1.0,0.6,0.95,40.804185,25000,528200
2026-08-24 10:15:00,ATM+3,CE,3600.0,3440.7,1.05,1.05,0.85,0.9,40.711564,12400,528400
2026-08-24 10:20:00,ATM+3,CE,3600.0,3436.9,0.9,0.9,0.8,0.8,40.808518,3400,528000
2026-08-24 10:25:00,ATM+3,CE,3600.0,3440.0,0.8,0.9,0.8,0.9,40.983736,3000,528000
2026-08-24 10:30:00,ATM+3,CE,3600.0,3441.0,0.9,0.9,0.85,0.85,40.434927,4400,527600
2026-08-24 10:35:00,ATM+3,CE,3600.0,3442.6,0.85,0.95,0.85,0.95,40.899047,2000,527400
2026-08-24 10:40:00,ATM+3,CE,3600.0,3441.9,0.95,0.95,0.9,0.9,40.741199,800,527400
2026-08-24 10:45:00,ATM+3,CE,3600.0,3438.0,0.9,0.95,0.85,0.95,42.046999,10400,524200
2026-08-24 10:50:00,ATM+3,CE,3600.0,3437.4,0.95,0.95,0.95,0.95,42.242795,600,523600
2026-08-24 10:55:00,ATM+3,CE,3600.0,3431.7,0.95,0.95,0.95,0.95,43.579667,0,523600
2026-08-24 11:00:00,ATM+3,CE,3600.0,3432.0,0.85,0.95,0.85,0.85,42.781351,7600,523400
2026-08-24 11:05:00,ATM+3,CE,3600.0,3434.1,0.85,0.85,0.8,0.85,42.380233,3400,522200
2026-08-24 11:10:00,ATM+3,CE,3600.0,3433.3,0.75,0.85,0.7,0.7,41.312811,10400,519200
2026-08-24 11:15:00,ATM+3,CE,3600.0,3431.7,0.7,0.7,0.65,0.65,41.242489,1400,520000
2026-08-24 11:20:00,ATM+3,CE,3600.0,3430.9,0.65,0.65,0.65,0.65,41.475897,6600,513800
2026-08-24 11:25:00,ATM+3,CE,3600.0,3428.1,0.8,0.8,0.65,0.75,43.091667,24000,524800
2026-08-24 11:30:00,ATM+3,CE,3550.0,3424.6,0.75,1.0,0.75,1.0,35.06526,400,175600
2026-08-24 11:35:00,ATM+3,CE,3550.0,3424.7,0.95,1.15,0.75,1.15,36.0112,6800,178200
2026-08-24 11:40:00,ATM+3,CE,3600.0,3426.8,0.8,0.85,0.8,0.85,44.454921,8400,525600
2026-08-24 11:45:00,ATM+3,CE,3600.0,3430.0,0.85,0.85,0.85,0.85,43.807496,0,525600
2026-08-24 11:50:00,ATM+3,CE,3600.0,3430.0,0.85,0.9,0.85,0.85,43.873965,4200,526400
2026-08-24 11:55:00,ATM+3,CE,3600.0,3432.5,0.75,0.85,0.75,0.8,42.954545,1400,524400
2026-08-24 12:00:00,ATM+3,CE,3600.0,3432.1,0.8,0.8,0.75,0.75,42.665501,400,524400
2026-08-24 12:05:00,ATM+3,CE,3600.0,3431.5,0.75,0.8,0.75,0.8,43.309286,2400,526000
2026-08-24 12:10:00,ATM+3,CE,3600.0,3429.0,0.8,0.8,0.75,0.75,43.484073,2000,523800
2026-08-24 12:15:00,ATM+3,CE,3600.0,3428.4,0.75,0.75,0.7,0.7,43.212647,600,523400
2026-08-24 12:20:00,ATM+3,CE,3600.0,3428.2,0.7,0.75,0.7,0.75,43.79614,2800,522600
2026-08-24 12:25:00,ATM+3,CE,3600.0,3430.0,0.75,0.75,0.7,0.7,42.992992,800,524000
2026-08-24 12:30:00,ATM+3,CE,3600.0,3429.8,0.7,0.7,0.7,0.7,43.104046,0,524400
2026-08-24 12:35:00,ATM+3,CE,3600.0,3428.5,0.75,0.8,0.7,0.8,44.388518,3000,524800
2026-08-24 12:40:00,ATM+3,CE,3600.0,3428.2,0.75,0.8,0.75,0.75,44.069364,3400,524000
2026-08-24 12:45:00,ATM+3,CE,3600.0,3425.9,0.75,0.75,0.75,0.75,44.65352,2800,524400
2026-08-24 12:50:00,ATM+3,CE,3550.0,3420.5,0.75,0.9,0.75,0.85,35.88575,1600,192200
2026-08-24 12:55:00,ATM+3,CE,3550.0,3417.9,0.85,0.95,0.85,0.95,37.275086,1600,191400
2026-08-24 13:00:00,ATM+3,CE,3550.0,3417.4,0.95,0.95,0.85,0.85,36.733369,11600,192000
2026-08-24 13:05:00,ATM+3,CE,3550.0,3418.0,0.85,0.85,0.85,0.85,36.649711,600,192000
2026-08-24 13:10:00,ATM+3,CE,3550.0,3416.9,0.85,0.85,0.85,0.85,36.969177,3200,191800
2026-08-24 13:15:00,ATM+3,CE,3550.0,3417.0,0.85,0.85,0.75,0.75,36.225698,1600,190800
2026-08-24 13:20:00,ATM+3,CE,3550.0,3419.3,0.7,0.85,0.7,0.75,35.744858,4600,190600
2026-08-24 13:25:00,ATM+3,CE,3550.0,3424.9,0.75,0.8,0.75,0.8,34.867668,12200,196800
2026-08-24 13:30:00,ATM+3,CE,3550.0,3418.7,0.8,0.8,0.7,0.7,35.589608,3200,196400
2026-08-24 13:35:00,ATM+3,CE,3550.0,3418.2,0.7,0.75,0.7,0.75,36.177704,4400,196200
2026-08-24 13:40:00,ATM+3,CE,3550.0,3418.0,0.75,0.75,0.7,0.75,36.283754,2800,194200
2026-08-24 13:45:00,ATM+3,CE,3550.0,3414.6,0.75,0.75,0.7,0.7,36.723183,3600,193800
2026-08-24 13:50:00,ATM+3,CE,3550.0,3412.0,0.7,0.7,0.65,0.65,36.944273,3600,191800
2026-08-24 13:55:00,ATM+3,CE,3550.0,3407.6,0.65,0.65,0.65,0.65,38.024781,1000,191400
2026-08-24 14:00:00,ATM+3,CE,3550.0,3407.1,0.7,0.7,0.65,0.7,38.662333,1600,191200
2026-08-24 14:05:00,ATM+3,CE,3550.0,3407.9,0.7,0.7,0.7,0.7,38.53874,400,191000
2026-08-24 14:10:00,ATM+3,CE,3550.0,3403.8,0.7,0.7,0.6,0.6,38.606294,1800,190600
2026-08-24 14:15:00,ATM+3,CE,3550.0,3409.0,0.6,0.7,0.6,0.65,37.950766,17000,187800
2026-08-24 14:20:00,ATM+3,CE,3550.0,3407.2,0.65,0.65,0.65,0.65,38.434345,200,186000
2026-08-24 14:25:00,ATM+3,CE,3550.0,3408.3,0.65,0.7,0.65,0.7,38.701792,1800,185000
2026-08-24 14:30:00,ATM+3,CE,3550.0,3410.0,0.7,0.7,0.7,0.7,38.364754,3000,183800
2026-08-24 14:35:00,ATM+3,CE,3550.0,3409.7,0.65,0.7,0.65,0.7,38.500491,1000,183000
2026-08-24 14:40:00,ATM+3,CE,3550.0,3412.7,0.7,0.7,0.65,0.65,37.399685,13800,178200
2026-08-24 14:45:00,ATM+3,CE,3550.0,3409.0,0.6,0.65,0.6,0.6,37.85084,2000,178200
2026-08-24 14:50:00,ATM+3,CE,3550.0,3412.0,0.6,0.6,0.6,0.6,37.213672,1200,178000
2026-08-24 14:55:00,ATM+3,CE,3550.0,3407.7,0.6,0.6,0.5,0.5,37.222368,4600,174000
2026-08-24 15:00:00,ATM+3,CE,3550.0,3402.2,0.5,0.5,0.45,0.5,38.546062,14200,170400
2026-08-24 15:05:00,ATM+3,CE,3550.0,3401.3,0.45,0.5,0.45,0.5,38.818497,4600,167800
2026-08-24 15:10:00,ATM+3,CE,3550.0,3410.1,0.5,0.5,0.5,0.5,36.861957,2600,164800
2026-08-24 15:15:00,ATM+3,CE,3550.0,3410.1,0.5,0.5,0.5,0.5,36.925773,0,164800
2026-08-24 15:20:00,ATM+3,CE,3550.0,3410.1,0.5,0.5,0.45,0.45,36.409073,7400,164800
2026-08-24 15:25:00,ATM+3,CE,3550.0,3414.1,0.5,0.5,0.45,0.45,35.556141,1200,164200
2026-08-24 15:30:00,ATM+3,CE,3550.0,3414.1,0.5,0.5,0.45,0.45,35.618351,1400,163400
2026-08-24 15:35:00,ATM+3,CE,3550.0,3414.1,0.45,0.45,0.45,0.45,35.680875,2000,161800
2026-08-25 09:15:00,ATM+3,CE,3550.0,3407.7,0.4,0.4,0.2,0.2,65.007006,1800,159800
2026-08-25 09:20:00,ATM+3,CE,3550.0,3402.3,0.25,0.3,0.15,0.25,69.625285,7000,154600
2026-08-25 09:25:00,ATM+3,CE,3550.0,3409.7,0.25,0.3,0.25,0.25,66.957468,6800,150400
2026-08-25 09:30:00,ATM+3,CE,3550.0,3410.6,0.3,0.3,0.2,0.2,65.121517,10400,146800
2026-08-25 09:35:00,ATM+3,CE,3550.0,3408.3,0.25,0.25,0.2,0.2,66.541435,4800,146800
2026-08-25 09:40:00,ATM+3,CE,3550.0,3407.9,0.2,0.2,0.15,0.2,67.179273,1200,145800
2026-08-25 09:45:00,ATM+3,CE,3550.0,3408.7,0.2,0.2,0.2,0.2,67.317395,200,145800
2026-08-25 09:50:00,ATM+3,CE,3550.0,3407.1,0.2,0.2,0.2,0.2,68.492267,7000,145200
2026-08-25 09:55:00,ATM+3,CE,3550.0,3402.6,0.3,0.3,0.2,0.3,74.792242,3600,139000
2026-08-25 10:00:00,ATM+3,CE,3550.0,3402.0,0.3,0.3,0.2,0.2,71.730313,2200,139000
2026-08-25 10:05:00,ATM+3,CE,3550.0,3398.0,0.2,0.25,0.2,0.25,76.160404,600,139000
2026-08-25 10:10:00,ATM+3,CE,3550.0,3400.3,0.2,0.25,0.2,0.2,73.579055,600,138600
2026-08-25 10:15:00,ATM+3,CE,3550.0,3401.6,0.15,0.2,0.1,0.1,67.797944,1800,139200
2026-08-25 10:20:00,ATM+3,CE,3550.0,3399.1,0.1,0.1,0.1,0.1,69.384578,0,139200
2026-08-25 10:25:00,ATM+3,CE,3550.0,3401.8,0.1,0.1,0.1,0.1,68.800883,400,139400
2026-08-25 10:30:00,ATM+3,CE,3550.0,3401.7,0.1,0.15,0.1,0.15,72.719368,200,139200
2026-08-25 10:35:00,ATM+3,CE,3550.0,3401.2,0.15,0.15,0.1,0.1,70.199065,600,138600
2026-08-25 10:40:00,ATM+3,CE,3550.0,3404.5,0.1,0.15,0.1,0.15,72.682497,4400,134800
2026-08-25 10:45:00,ATM+3,CE,3550.0,3404.4,0.15,0.15,0.1,0.1,70.001162,1200,134400
2026-08-25 10:50:00,ATM+3,CE,3550.0,3406.2,0.1,0.1,0.1,0.1,69.81836,0,133000
2026-08-25 10:55:00,ATM+3,CE,3550.0,3404.0,0.1,0.15,0.1,0.15,74.839482,1400,132800
2026-08-25 11:00:00,ATM+3,CE,3550.0,3404.9,0.15,0.15,0.15,0.15,75.097935,600,132800
2026-08-25 11:05:00,ATM+3,CE,3550.0,3406.7,0.1,0.15,0.1,0.1,71.508886,200,132200
2026-08-25 11:10:00,ATM+3,CE,3550.0,3412.0,0.1,0.1,0.1,0.1,69.749426,0,132200
2026-08-25 11:15:00,ATM+3,CE,3550.0,3411.5,0.1,0.1,0.1,0.1,70.650117,400,131800
2026-08-25 11:20:00,ATM+3,CE,3550.0,3407.4,0.1,0.1,0.1,0.1,73.259215,0,131600
2026-08-25 11:25:00,ATM+3,CE,3550.0,3410.9,0.1,0.1,0.1,0.1,72.336623,0,131600
2026-08-25 11:30:00,ATM+3,CE,3550.0,3404.8,0.1,0.15,0.1,0.1,75.982064,1600,132200
2026-08-25 11:35:00,ATM+3,CE,3550.0,3408.3,0.1,0.1,0.1,0.1,75.08479,0,132200
2026-08-25 11:40:00,ATM+3,CE,3550.0,3408.3,0.1,0.1,0.1,0.1,75.881416,400,132000
2026-08-25 11:45:00,ATM+3,CE,3550.0,3406.1,0.1,0.1,0.1,0.1,77.786352,600,131200
2026-08-25 11:50:00,ATM+3,CE,3550.0,3407.0,0.05,0.1,0.05,0.05,72.677905,4200,131000
2026-08-25 11:55:00,ATM+3,CE,3550.0,3412.3,0.05,0.1,0.05,0.1,76.414502,400,131000
2026-08-25 12:00:00,ATM+3,CE,3550.0,3413.9,0.1,0.1,0.1,0.1,76.483622,0,131000
2026-08-25 12:05:00,ATM+3,CE,3550.0,3415.0,0.1,0.1,0.05,0.05,71.348917,1800,131000
2026-08-25 12:10:00,ATM+3,CE,3550.0,3415.7,0.1,0.1,0.05,0.1,77.388975,1000,131000
2026-08-25 12:15:00,ATM+3,CE,3550.0,3415.0,0.1,0.1,0.1,0.1,78.722734,0,131000
2026-08-25 12:20:00,ATM+3,CE,3550.0,3418.9,0.1,0.1,0.1,0.1,77.63527,0,130000
2026-08-25 12:25:00,ATM+3,CE,3550.0,3418.4,0.1,0.1,0.1,0.1,78.923893,0,129800
2026-08-25 12:30:00,ATM+3,CE,3550.0,3424.0,0.1,0.1,0.05,0.05,71.357418,2400,129800
2026-08-25 12:35:00,ATM+3,CE,3550.0,3421.5,0.05,0.05,0.05,0.05,73.659519,600,130200
2026-08-25 12:40:00,ATM+3,CE,3550.0,3416.0,0.05,0.05,0.05,0.05,77.638569,600,130200
2026-08-25 12:45:00,ATM+3,CE,3550.0,3417.7,0.05,0.05,0.05,0.05,77.854898,200,129800
2026-08-25 12:50:00,ATM+3,CE,3550.0,3417.6,0.05,0.05,0.05,0.05,79.082132,0,129800
2026-08-25 12:55:00,ATM+3,CE,3550.0,3413.9,0.05,0.05,0.05,0.05,0.0,0,129800
2026-08-25 13:00:00,ATM+3,CE,3550.0,3408.1,0.05,0.05,0.05,0.05,0.0,1800,128800
2026-08-25 13:05:00,ATM+3,CE,3550.0,3409.4,0.05,0.05,0.05,0.05,0.0,3200,125400
2026-08-25 13:10:00,ATM+3,CE,3550.0,3409.0,0.05,0.05,0.05,0.05,0.0,200,125400
2026-08-25 13:15:00,ATM+3,CE,3550.0,3407.1,0.05,0.05,0.05,0.05,0.0,2000,125200
2026-08-25 13:20:00,ATM+3,CE,3550.0,3407.6,0.05,0.05,0.05,0.05,0.0,0,125200
2026-08-25 13:25:00,ATM+3,CE,3550.0,3407.2,0.05,0.05,0.05,0.05,0.0,0,125200
2026-08-25 13:30:00,ATM+3,CE,3550.0,3410.2,0.05,0.05,0.05,0.05,0.0,0,125200
2026-08-25 13:35:00,ATM+3,CE,3550.0,3409.8,0.05,0.05,0.05,0.05,0.0,0,125200
2026-08-25 13:40:00,ATM+3,CE,3550.0,3409.6,0.05,0.05,0.05,0.05,0.0,0,125200
2026-08-25 13:45:00,ATM+3,CE,3550.0,3410.9,0.05,0.05,0.05,0.05,0.0,0,125200
2026-08-25 13:50:00,ATM+3,CE,3550.0,3414.4,0.05,0.05,0.05,0.05,0.0,0,125200
2026-08-25 13:55:00,ATM+3,CE,3550.0,3414.3,0.05,0.05,0.05,0.05,0.0,0,125200
2026-08-25 14:00:00,ATM+3,CE,3550.0,3419.9,0.05,0.05,0.05,0.05,0.0,600,125200
2026-08-25 14:05:00,ATM+3,CE,3550.0,3418.7,0.05,0.05,0.05,0.05,0.0,5000,125200
2026-08-25 14:10:00,ATM+3,CE,3550.0,3418.8,0.05,0.05,0.05,0.05,0.0,0,125200
2026-08-25 14:15:00,ATM+3,CE,3550.0,3422.0,0.05,0.05,0.05,0.05,0.0,0,125200
2026-08-25 14:20:00,ATM+3,CE,3550.0,3421.3,0.05,0.05,0.05,0.05,0.0,0,125200
2026-08-25 14:25:00,ATM+3,CE,3550.0,3424.0,0.05,0.05,0.05,0.05,0.0,0,125200
2026-08-25 14:30:00,ATM+3,CE,3550.0,3424.0,0.05,0.05,0.05,0.05,0.0,4400,125200
2026-08-25 14:35:00,ATM+3,CE,3550.0,3424.5,0.05,0.05,0.05,0.05,0.0,400,125200
2026-08-25 14:40:00,ATM+3,CE,3600.0,3426.9,0.05,0.15,0.05,0.15,0.0,4400,449800
2026-08-25 14:45:00,ATM+3,CE,3600.0,3430.1,0.15,0.15,0.05,0.05,0.0,5600,444800
2026-08-25 14:50:00,ATM+3,CE,3600.0,3433.4,0.05,0.15,0.05,0.05,0.0,3200,443000
2026-08-25 14:55:00,ATM+3,CE,3600.0,3435.3,0.05,0.05,0.05,0.05,0.0,600,442200
2026-08-25 15:00:00,ATM+3,CE,3600.0,3429.6,0.05,0.05,0.05,0.05,0.0,20000,426200
2026-08-25 15:05:00,ATM+3,CE,3600.0,3436.9,0.05,0.05,0.05,0.05,0.0,0,426200
2026-08-25 15:10:00,ATM+3,CE,3600.0,3440.0,0.05,0.05,0.05,0.05,0.0,1200,421800
2026-08-25 15:15:00,ATM+3,CE,3600.0,3440.0,0.05,0.05,0.05,0.05,0.0,1400,420600
2026-08-25 15:20:00,ATM+3,CE,3600.0,3440.0,0.05,0.05,0.05,0.05,0.0,0,419200
2026-08-25 15:25:00,ATM+3,CE,3600.0,3443.0,0.05,0.05,0.05,0.05,0.0,0,419200
2026-08-25 15:30:00,ATM+3,CE,3600.0,3443.0,0.05,0.05,0.05,0.05,0.0,2400,418600
2026-08-25 15:35:00,ATM+3,CE,3600.0,3443.0,0.05,0.05,0.05,0.05,0.0,0,418600
2026-08-20 10:30:00,ATM+3,PE,3550.0,3422.6,133.0,133.0,133.0,133.0,29.857419,200,86400
2026-08-20 10:35:00,ATM+3,PE,3550.0,3420.0,133.0,133.0,133.0,133.0,27.601353,0,86400
2026-08-20 10:40:00,ATM+3,PE,3550.0,3419.2,133.0,133.0,133.0,133.0,26.839326,0,86400
2026-08-20 10:45:00,ATM+3,PE,3550.0,3422.3,133.0,135.75,133.0,135.75,32.246004,200,86000
2026-08-20 10:50:00,ATM+3,PE,3550.0,3421.5,135.75,135.75,135.75,135.75,31.647902,0,86000
2026-08-20 10:55:00,ATM+3,PE,3550.0,3420.3,135.75,135.75,135.35,135.35,30.317987,400,86000
2026-08-20 11:00:00,ATM+3,PE,3600.0,3426.0,134.25,183.8,132.3,183.8,41.179636,600,64600
2026-08-20 11:05:00,ATM+3,PE,3600.0,3426.8,183.8,183.8,183.8,183.8,41.825909,0,64600
2026-08-20 11:10:00,ATM+3,PE,3600.0,3426.8,183.8,183.8,183.8,183.8,41.837189,0,64600
2026-08-20 11:15:00,ATM+3,PE,3600.0,3425.6,131.0,183.8,130.05,183.8,40.888518,200,64600
2026-08-20 11:20:00,ATM+3,PE,3600.0,3427.0,183.8,183.8,130.25,178.35,36.489829,200,64600
2026-08-20 11:25:00,ATM+3,PE,3600.0,3430.3,176.45,178.35,176.45,176.45,37.48021,200,64400
2026-08-20 11:30:00,ATM+3,PE,3600.0,3430.4,176.45,176.45,176.45,176.45,37.577886,0,64400
2026-08-20 11:35:00,ATM+3,PE,3600.0,3433.0,176.45,176.45,176.45,176.45,39.765028,0,64400
2026-08-20 11:40:00,ATM+3,PE,3600.0,3430.9,176.45,176.45,176.45,176.45,38.032837,0,64400
2026-08-20 11:45:00,ATM+3,PE,3600.0,3432.2,176.45,176.45,176.45,176.45,39.137488,0,64400
2026-08-20 11:50:00,ATM+3,PE,3600.0,3431.2,176.45,176.45,176.45,176.45,38.310037,0,64400
2026-08-20 11:55:00,ATM+3,PE,3600.0,3434.7,176.45,176.45,176.45,176.45,41.132391,0,64400
2026-08-20 12:00:00,ATM+3,PE,3600.0,3433.2,176.45,176.45,176.45,176.45,39.977805,0,64400
2026-08-20 12:05:00,ATM+3,PE,3600.0,3439.5,176.45,176.45,176.45,176.45,44.579224,0,64400
2026-08-20 12:10:00,ATM+3,PE,3600.0,3445.3,176.45,176.45,176.45,176.45,48.278123,0,64400
2026-08-20 12:15:00,ATM+3,PE,3600.0,3447.5,176.45,176.45,176.45,176.45,49.594891,0,64400
2026-08-20 12:20:00,ATM+3,PE,3600.0,3446.6,157.5,176.45,157.5,157.5,32.196404,400,64400
2026-08-20 12:25:00,ATM+3,PE,3600.0,3446.0,157.7,157.7,157.2,157.2,31.280835,600,63600
2026-08-20 12:30:00,ATM+3,PE,3600.0,3445.5,157.2,157.2,157.2,157.2,30.779304,0,63600
2026-08-20 12:35:00,ATM+3,PE,3600.0,3446.1,157.2,157.2,157.2,157.2,31.394987,0,63400
2026-08-20 12:40:00,ATM+3,PE,3600.0,3446.8,157.2,157.2,157.2,157.2,32.085379,0,63400
2026-08-20 12:45:00,ATM+3,PE,3600.0,3455.7,157.2,157.2,150.35,150.35,32.858348,600,63000
2026-08-20 12:50:00,ATM+3,PE,3600.0,3451.0,150.35,150.35,150.35,150.35,28.348273,0,62600
2026-08-20 12:55:00,ATM+3,PE,3600.0,3442.6,150.35,155.0,150.35,155.0,23.749886,1200,62600
2026-08-20 13:00:00,ATM+3,PE,3600.0,3442.8,155.0,155.0,155.0,155.0,24.114003,0,62600
2026-08-20 13:05:00,ATM+3,PE,3600.0,3443.1,155.0,155.0,155.0,155.0,24.633804,0,62600
2026-08-20 13:10:00,ATM+3,PE,3600.0,3442.0,155.0,155.0,155.0,155.0,22.557859,0,62600
2026-08-20 13:15:00,ATM+3,PE,3600.0,3441.7,155.0,155.0,155.0,155.0,21.878933,0,62600
2026-08-20 13:20:00,ATM+3,PE,3600.0,3441.9,155.0,155.0,155.0,155.0,22.338797,0,62600
2026-08-20 13:25:00,ATM+3,PE,3600.0,3440.5,155.0,155.0,155.0,155.0,17.930907,0,62600
2026-08-20 13:30:00,ATM+3,PE,3600.0,3444.0,155.0,155.0,155.0,155.0,26.056575,0,62600
2026-08-20 13:35:00,ATM+3,PE,3600.0,3444.1,155.0,155.0,155.0,155.0,26.205829,0,62600
2026-08-20 13:40:00,ATM+3,PE,3600.0,3447.3,155.0,155.0,155.0,155.0,30.127229,0,62600
2026-08-20 13:45:00,ATM+3,PE,3600.0,3444.4,155.0,155.0,155.0,155.0,26.639329,0,62600
2026-08-20 13:50:00,ATM+3,PE,3600.0,3447.3,155.0,155.0,155.0,155.0,30.140505,0,62600
2026-08-20 13:55:00,ATM+3,PE,3600.0,3445.5,155.0,155.0,155.0,155.0,28.088663,0,62600
2026-08-20 14:00:00,ATM+3,PE,3600.0,3437.9,155.0,155.0,155.0,155.0,0.0,0,62600
2026-08-20 14:05:00,ATM+3,PE,3600.0,3441.1,155.0,155.0,155.0,155.0,20.227428,0,62600
2026-08-20 14:10:00,ATM+3,PE,3600.0,3440.8,155.0,155.0,155.0,155.0,19.176007,0,62600
2026-08-20 14:15:00,ATM+3,PE,3600.0,3439.0,155.0,155.0,155.0,155.0,0.0,0,62600
2026-08-20 14:20:00,ATM+3,PE,3600.0,3448.0,155.0,162.0,155.0,160.0,36.215572,1800,61800
2026-08-20 14:25:00,ATM+3,PE,3600.0,3446.3,160.0,160.0,160.0,160.0,34.794972,0,61800
2026-08-20 14:30:00,ATM+3,PE,3600.0,3447.2,160.0,160.0,160.0,160.0,35.573646,0,61800
2026-08-20 14:35:00,ATM+3,PE,3600.0,3451.5,160.0,160.0,160.0,160.0,38.931596,0,61800
2026-08-20 14:40:00,ATM+3,PE,3600.0,3448.5,160.0,160.0,160.0,160.0,36.657809,0,61800
2026-08-20 14:45:00,ATM+3,PE,3600.0,3450.2,160.0,160.0,160.0,160.0,37.989513,0,61800
2026-08-20 14:50:00,ATM+3,PE,3600.0,3450.0,160.0,160.0,160.0,160.0,37.848222,0,61800
2026-08-20 14:55:00,ATM+3,PE,3600.0,3452.0,160.0,160.0,160.0,160.0,39.336664,0,61800
2026-08-20 15:00:00,ATM+3,PE,3600.0,3450.5,160.0,160.0,160.0,160.0,38.247094,0,61800
2026-08-20 15:05:00,ATM+3,PE,3600.0,3444.4,160.0,160.0,160.0,160.0,33.128855,0,61800
2026-08-20 15:10:00,ATM+3,PE,3600.0,3441.0,160.0,160.0,160.0,160.0,29.497825,0,61800
2026-08-20 15:15:00,ATM+3,PE,3600.0,3441.0,160.0,160.0,160.0,160.0,29.503864,0,61800
2026-08-20 15:20:00,ATM+3,PE,3600.0,3441.0,160.0,160.0,160.0,160.0,29.509906,0,61800
2026-08-20 15:25:00,ATM+3,PE,3550.0,3424.8,160.0,160.0,107.9,107.9,0.0,0,83000
2026-08-20 15:30:00,ATM+3,PE,3550.0,3424.8,107.9,107.9,107.9,107.9,0.0,0,83000
2026-08-20 15:35:00,ATM+3,PE,3550.0,3424.8,107.9,107.9,107.9,107.9,0.0,0,83000
2026-08-21 09:30:00,ATM+3,PE,3600.0,3427.6,163.35,163.35,163.35,163.35,0.0,0,61600
2026-08-21 09:35:00,ATM+3,PE,3600.0,3427.3,163.35,163.35,163.35,163.35,0.0,0,61600
2026-08-21 09:40:00,ATM+3,PE,3600.0,3426.6,163.35,163.35,163.35,163.35,0.0,0,61600
2026-08-21 09:45:00,ATM+3,PE,3600.0,3431.2,163.35,163.35,163.35,163.35,0.0,0,61600
2026-08-21 09:50:00,ATM+3,PE,3600.0,3430.0,163.35,163.35,163.35,163.35,0.0,0,61600
2026-08-21 09:55:00,ATM+3,PE,3600.0,3432.8,163.35,163.35,163.35,163.35,19.295269,0,61600
2026-08-21 10:00:00,ATM+3,PE,3600.0,3428.1,163.35,163.35,163.35,163.35,0.0,0,61600
2026-08-21 10:05:00,ATM+3,PE,3600.0,3426.7,163.35,163.35,163.35,163.35,0.0,0,61600
2026-08-21 10:10:00,ATM+3,PE,3600.0,3431.7,163.35,163.35,163.35,163.35,0.0,0,61600
2026-08-21 10:15:00,ATM+3,PE,3600.0,3429.5,163.35,163.35,163.35,163.35,0.0,0,61600
2026-08-21 10:20:00,ATM+3,PE,3600.0,3430.0,163.35,163.35,163.35,163.35,0.0,0,61600
2026-08-21 10:25:00,ATM+3,PE,3600.0,3426.0,163.35,163.35,163.35,163.35,0.0,0,61600
2026-08-21 10:30:00,ATM+3,PE,3600.0,3426.5,163.35,163.35,163.35,163.35,0.0,0,61600
2026-08-21 10:35:00,ATM+3,PE,3550.0,3418.5,135.0,135.0,135.0,135.0,30.539742,0,83000
2026-08-21 10:40:00,ATM+3,PE,3550.0,3422.5,135.0,135.0,135.0,135.0,34.419421,0,83000
2026-08-21 10:45:00,ATM+3,PE,3550.0,3423.2,135.0,135.0,135.0,135.0,35.036683,0,83000
2026-08-21 10:50:00,ATM+3,PE,3600.0,3425.8,135.0,163.35,134.55,163.35,0.0,200,61600
2026-08-21 10:55:00,ATM+3,PE,3600.0,3425.2,132.75,182.5,132.75,182.5,42.660206,2200,61000
2026-08-21 11:00:00,ATM+3,PE,3550.0,3425.0,182.5,182.5,135.1,135.1,36.660281,0,82400
2026-08-21 11:05:00,ATM+3,PE,3600.0,3426.2,182.5,182.5,182.5,182.5,43.667702,0,61000
2026-08-21 11:10:00,ATM+3,PE,3600.0,3425.8,182.5,182.5,182.5,182.5,43.295357,0,61000
2026-08-21 11:15:00,ATM+3,PE,3550.0,3421.4,182.5,182.5,135.1,135.7,34.27125,200,82200
2026-08-21 11:20:00,ATM+3,PE,3550.0,3420.9,135.7,135.7,135.7,135.7,33.828046,0,82200
2026-08-21 11:25:00,ATM+3,PE,3600.0,3428.6,138.0,185.95,135.7,185.95,49.502367,400,61000
2026-08-21 11:30:00,ATM+3,PE,3600.0,3427.6,185.95,185.95,185.95,185.95,48.699379,0,61000
2026-08-21 11:35:00,ATM+3,PE,3600.0,3426.0,185.95,185.95,185.95,185.95,47.355318,0,61000
2026-08-21 11:40:00,ATM+3,PE,3600.0,3427.9,185.95,185.95,185.95,185.95,48.982939,0,61000
2026-08-21 11:45:00,ATM+3,PE,3600.0,3430.1,180.0,185.95,180.0,180.0,44.646572,400,61000
2026-08-21 11:50:00,ATM+3,PE,3550.0,3416.2,180.0,180.0,130.0,130.0,15.492023,0,82200
2026-08-21 11:55:00,ATM+3,PE,3550.0,3417.7,130.0,142.9,130.0,142.9,38.706968,200,82200
2026-08-21 12:00:00,ATM+3,PE,3550.0,3422.3,142.9,142.9,142.9,142.9,42.223225,0,82200
2026-08-21 12:05:00,ATM+3,PE,3600.0,3426.5,142.9,187.5,142.9,184.5,46.347098,400,60600
2026-08-21 12:10:00,ATM+3,PE,3600.0,3427.5,184.5,184.5,182.0,182.0,44.532891,200,60400
2026-08-21 12:15:00,ATM+3,PE,3600.0,3430.1,182.0,182.0,182.0,182.0,46.881965,0,60400
2026-08-21 12:20:00,ATM+3,PE,3600.0,3431.3,182.0,182.0,182.0,182.0,47.914981,0,60400
2026-08-21 12:25:00,ATM+3,PE,3600.0,3436.0,182.0,182.0,182.0,182.0,51.627402,0,60400
2026-08-21 12:30:00,ATM+3,PE,3600.0,3435.0,182.0,182.0,182.0,182.0,50.893322,0,60400
2026-08-21 12:35:00,ATM+3,PE,3600.0,3430.5,182.0,182.0,182.0,182.0,47.292012,0,60400
2026-08-21 12:40:00,ATM+3,PE,3600.0,3429.5,182.0,182.0,182.0,182.0,46.44282,0,60400
2026-08-21 12:45:00,ATM+3,PE,3600.0,3427.1,182.0,182.0,182.0,182.0,44.262334,0,60400
2026-08-21 12:50:00,ATM+3,PE,3600.0,3431.1,181.6,182.0,181.6,181.6,47.43764,200,60200
2026-08-21 12:55:00,ATM+3,PE,3600.0,3432.6,181.6,181.6,181.6,181.6,48.702178,0,60200
2026-08-21 13:00:00,ATM+3,PE,3600.0,3433.2,181.6,181.6,181.6,181.6,49.205501,0,60200
2026-08-21 13:05:00,ATM+3,PE,3600.0,3429.3,181.6,181.6,181.6,181.6,45.917613,0,60200
2026-08-21 13:10:00,ATM+3,PE,3600.0,3428.8,181.6,181.6,181.6,181.6,45.481228,0,60200
2026-08-21 13:15:00,ATM+3,PE,3600.0,3433.0,181.6,181.6,181.6,181.6,49.098322,0,60200
2026-08-21 13:20:00,ATM+3,PE,3600.0,3429.9,181.6,181.6,181.6,181.6,46.50089,0,60200
2026-08-21 13:25:00,ATM+3,PE,3600.0,3429.8,181.6,181.6,181.6,181.6,46.429168,0,60200
2026-08-21 13:30:00,ATM+3,PE,3600.0,3431.3,181.6,181.6,181.6,181.6,47.74484,0,60200
2026-08-21 13:35:00,ATM+3,PE,3600.0,3428.2,181.6,181.6,181.6,181.6,45.007018,0,60200
2026-08-21 13:40:00,ATM+3,PE,3600.0,3428.7,181.6,181.6,181.6,181.6,45.486401,0,60200
2026-08-21 13:45:00,ATM+3,PE,3600.0,3427.6,181.6,181.6,181.6,181.6,44.471423,0,60200
2026-08-21 13:50:00,ATM+3,PE,3550.0,3424.1,181.6,181.6,126.95,126.95,26.612147,0,81800
2026-08-21 13:55:00,ATM+3,PE,3600.0,3429.8,126.95,181.6,126.95,181.6,46.529374,0,60200
2026-08-21 14:00:00,ATM+3,PE,3600.0,3431.3,181.6,181.6,180.5,180.5,46.692388,2000,58600
2026-08-21 14:05:00,ATM+3,PE,3600.0,3433.4,180.5,180.5,180.5,180.5,48.493053,0,58600
2026-08-21 14:10:00,ATM+3,PE,3600.0,3434.8,180.5,180.5,180.5,180.5,49.645991,0,58600
2026-08-21 14:15:00,ATM+3,PE,3600.0,3436.1,180.5,180.5,180.5,180.5,50.684898,0,58600
2026-08-21 14:20:00,ATM+3,PE,3600.0,3435.0,180.5,180.5,175.15,175.15,44.286075,800,58600
2026-08-21 14:25:00,ATM+3,PE,3600.0,3437.1,175.15,175.15,175.15,175.15,46.152255,0,58600
2026-08-21 14:30:00,ATM+3,PE,3600.0,3436.9,175.15,175.15,175.15,175.15,45.997923,0,58600
2026-08-21 14:35:00,ATM+3,PE,3600.0,3436.5,175.15,175.15,175.15,175.15,45.669092,0,58600
2026-08-21 14:40:00,ATM+3,PE,3600.0,3436.4,175.15,175.15,175.15,175.15,45.598593,0,58600
2026-08-21 14:45:00,ATM+3,PE,3600.0,3438.1,175.15,175.15,175.15,175.15,47.062285,0,58600
2026-08-21 14:50:00,ATM+3,PE,3600.0,3437.2,175.15,175.15,175.15,175.15,46.322071,0,58600
2026-08-21 14:55:00,ATM+3,PE,3600.0,3435.3,175.15,175.15,175.15,175.15,44.670257,0,58000
2026-08-21 15:00:00,ATM+3,PE,3600.0,3432.2,175.15,175.15,175.15,175.15,41.71302,0,58000
2026-08-21 15:05:00,ATM+3,PE,3600.0,3432.1,176.5,176.5,175.15,176.5,43.215128,400,57800
2026-08-21 15:10:00,ATM+3,PE,3550.0,3417.0,176.5,176.5,124.2,126.2,0.0,200,81000
2026-08-21 15:15:00,ATM+3,PE,3550.0,3417.0,126.2,126.2,126.2,126.2,0.0,0,81000
2026-08-21 15:20:00,ATM+3,PE,3550.0,3417.0,126.2,126.2,126.2,126.2,0.0,0,81000
2026-08-21 15:25:00,ATM+3,PE,3550.0,3412.2,126.2,126.2,126.2,126.2,0.0,0,81000
2026-08-21 15:30:00,ATM+3,PE,3550.0,3412.2,128.85,128.85,126.2,128.85,0.0,800,80800
2026-08-21 15:35:00,ATM+3,PE,3550.0,3412.2,128.85,128.85,128.85,128.85,0.0,0,80800
2026-08-24 09:20:00,ATM+3,PE,3550.0,3414.1,140.0,140.6,137.6,137.6,44.974158,1200,79400
2026-08-24 09:25:00,ATM+3,PE,3550.0,3414.6,137.6,141.45,137.6,141.45,57.178123,200,79600
2026-08-24 09:30:00,ATM+3,PE,3550.0,3409.8,141.45,141.45,141.45,141.45,44.493685,0,79400
2026-08-24 09:35:00,ATM+3,PE,3550.0,3411.0,141.45,141.45,141.45,141.45,48.521367,0,79400
2026-08-24 09:40:00,ATM+3,PE,3550.0,3409.6,141.45,141.45,141.45,141.45,43.826348,0,79400
2026-08-24 09:45:00,ATM+3,PE,3550.0,3416.1,143.0,143.0,141.45,143.0,63.767025,400,79200
2026-08-24 09:50:00,ATM+3,PE,3550.0,3415.0,143.0,143.0,143.0,143.0,61.861494,0,79200
2026-08-24 09:55:00,ATM+3,PE,3550.0,3419.2,143.0,143.0,143.0,143.0,69.047541,0,79200
2026-08-24 10:00:00,ATM+3,PE,3550.0,3421.0,143.0,143.0,143.0,143.0,71.854082,0,79200
2026-08-24 10:05:00,ATM+3,PE,3600.0,3425.1,143.0,185.0,143.0,185.0,78.565514,0,55800
2026-08-24 10:10:00,ATM+3,PE,3600.0,3441.7,185.0,185.0,185.0,185.0,103.416705,0,55800
2026-08-24 10:15:00,ATM+3,PE,3600.0,3440.7,185.0,185.0,185.0,185.0,102.309605,0,55800
2026-08-24 10:20:00,ATM+3,PE,3600.0,3436.9,185.0,185.0,185.0,185.0,97.491044,0,55800
2026-08-24 10:25:00,ATM+3,PE,3600.0,3440.0,185.0,185.0,185.0,185.0,101.702923,0,55800
2026-08-24 10:30:00,ATM+3,PE,3600.0,3441.0,185.0,185.0,185.0,185.0,103.113804,0,55800
2026-08-24 10:35:00,ATM+3,PE,3600.0,3442.6,161.0,185.0,160.1,160.1,54.425396,800,55600
2026-08-24 10:40:00,ATM+3,PE,3600.0,3441.9,160.1,160.1,160.1,160.1,52.193034,800,54800
2026-08-24 10:45:00,ATM+3,PE,3600.0,3438.0,160.1,160.1,160.1,160.1,0.0,0,54800
2026-08-24 10:50:00,ATM+3,PE,3600.0,3437.4,160.1,160.1,160.1,160.1,0.0,0,54800
2026-08-24 10:55:00,ATM+3,PE,3600.0,3431.7,160.1,166.0,160.1,166.0,0.0,1000,53800
2026-08-24 11:00:00,ATM+3,PE,3600.0,3432.0,166.0,166.0,166.0,166.0,0.0,0,53000
2026-08-24 11:05:00,ATM+3,PE,3600.0,3434.1,166.0,170.0,166.0,170.0,61.711749,1000,52600
2026-08-24 11:10:00,ATM+3,PE,3600.0,3433.3,170.0,170.0,170.0,170.0,59.493467,0,52600
2026-08-24 11:15:00,ATM+3,PE,3600.0,3431.7,170.0,170.0,170.0,170.0,54.144803,0,52600
2026-08-24 11:20:00,ATM+3,PE,3600.0,3430.9,170.0,170.0,170.0,170.0,50.807955,0,52600
2026-08-24 11:25:00,ATM+3,PE,3600.0,3428.1,170.0,170.0,170.0,170.0,0.0,0,52600
2026-08-24 11:30:00,ATM+3,PE,3550.0,3424.6,170.0,170.0,119.35,119.35,0.0,0,76000
2026-08-24 11:35:00,ATM+3,PE,3550.0,3424.7,119.35,170.0,119.35,119.35,0.0,0,76000
2026-08-24 11:40:00,ATM+3,PE,3600.0,3426.8,170.0,170.0,170.0,170.0,0.0,0,52600
2026-08-24 11:45:00,ATM+3,PE,3600.0,3430.0,170.0,170.0,170.0,170.0,46.055902,0,52600
2026-08-24 11:50:00,ATM+3,PE,3600.0,3430.0,170.0,170.0,170.0,170.0,46.101669,0,52600
2026-08-24 11:55:00,ATM+3,PE,3600.0,3432.5,176.65,176.65,170.0,176.65,76.355104,200,52200
2026-08-24 12:00:00,ATM+3,PE,3600.0,3432.1,176.65,176.65,176.65,176.65,75.651512,0,52200
2026-08-24 12:05:00,ATM+3,PE,3600.0,3431.5,176.65,176.65,176.65,176.65,74.507126,0,52200
2026-08-24 12:10:00,ATM+3,PE,3600.0,3429.0,176.65,176.65,176.65,176.65,68.873469,0,52200
2026-08-24 12:15:00,ATM+3,PE,3600.0,3428.4,176.65,176.65,176.65,176.65,67.430065,0,52200
2026-08-24 12:20:00,ATM+3,PE,3600.0,3428.2,176.65,183.0,176.65,183.0,83.013359,600,51800
2026-08-24 12:25:00,ATM+3,PE,3600.0,3430.0,183.0,183.0,183.0,183.0,86.412313,0,51800
2026-08-24 12:30:00,ATM+3,PE,3600.0,3429.8,183.0,183.0,183.0,183.0,86.184706,0,51800
2026-08-24 12:35:00,ATM+3,PE,3600.0,3428.5,183.0,183.0,183.0,183.0,83.941019,0,51800
2026-08-24 12:40:00,ATM+3,PE,3600.0,3428.2,183.0,183.0,183.0,183.0,83.499511,0,51600
2026-08-24 12:45:00,ATM+3,PE,3600.0,3425.9,183.0,183.0,183.0,183.0,79.033334,0,51600
2026-08-24 12:50:00,ATM+3,PE,3550.0,3420.5,183.0,187.0,131.45,131.45,46.468949,800,75200
2026-08-24 12:55:00,ATM+3,PE,3550.0,3417.9,131.45,131.45,131.45,131.45,32.778764,0,75200
2026-08-24 13:00:00,ATM+3,PE,3550.0,3417.4,131.45,131.45,131.45,131.45,0.0,0,75200
2026-08-24 13:05:00,ATM+3,PE,3550.0,3418.0,131.45,131.45,131.45,131.45,33.856197,0,75200
2026-08-24 13:10:00,ATM+3,PE,3550.0,3416.9,131.45,131.45,131.45,131.45,0.0,0,75200
2026-08-24 13:15:00,ATM+3,PE,3550.0,3417.0,131.45,145.0,131.45,145.0,73.460496,6000,74800
2026-08-24 13:20:00,ATM+3,PE,3550.0,3419.3,145.0,145.0,142.55,142.55,72.423294,200,68800
2026-08-24 13:25:00,ATM+3,PE,3550.0,3424.9,142.55,142.55,142.55,142.55,81.142692,0,68800
2026-08-24 13:30:00,ATM+3,PE,3550.0,3418.7,142.55,142.55,142.55,142.55,71.621902,0,68800
2026-08-24 13:35:00,ATM+3,PE,3550.0,3418.2,142.55,142.55,142.55,142.55,70.860036,0,68800
2026-08-24 13:40:00,ATM+3,PE,3550.0,3418.0,142.55,142.55,142.55,142.55,70.614023,0,68800
2026-08-24 13:45:00,ATM+3,PE,3550.0,3414.6,142.55,142.55,142.55,142.55,64.159271,0,68800
2026-08-24 13:50:00,ATM+3,PE,3550.0,3412.0,142.55,145.9,142.55,145.9,66.956872,400,68600
2026-08-24 13:55:00,ATM+3,PE,3550.0,3407.6,145.9,145.9,145.9,145.9,56.466889,0,68600
2026-08-24 14:00:00,ATM+3,PE,3550.0,3407.1,145.9,145.9,145.9,145.9,55.039345,0,68600
2026-08-24 14:05:00,ATM+3,PE,3550.0,3407.9,145.9,145.9,145.9,145.9,57.495672,0,68600
2026-08-24 14:10:00,ATM+3,PE,3550.0,3403.8,145.9,152.15,145.9,152.15,65.144368,200,68400
2026-08-24 14:15:00,ATM+3,PE,3550.0,3409.0,152.15,152.15,152.05,152.05,75.742435,400,68400
2026-08-24 14:20:00,ATM+3,PE,3550.0,3407.2,152.05,152.05,152.05,152.05,72.450894,0,68400
2026-08-24 14:25:00,ATM+3,PE,3550.0,3408.3,152.05,152.05,152.05,152.05,74.683545,0,68400
2026-08-24 14:30:00,ATM+3,PE,3550.0,3410.0,152.05,152.05,152.05,152.05,77.894452,0,68400
2026-08-24 14:35:00,ATM+3,PE,3550.0,3409.7,152.05,152.05,152.05,152.05,77.486079,0,68400
2026-08-24 14:40:00,ATM+3,PE,3550.0,3412.7,152.05,152.05,139.15,139.15,49.755141,800,68400
2026-08-24 14:45:00,ATM+3,PE,3550.0,3409.0,139.15,139.15,139.15,139.15,0.0,0,68400
2026-08-24 14:50:00,ATM+3,PE,3550.0,3412.0,139.15,139.15,139.15,139.15,47.066322,0,68400
2026-08-24 14:55:00,ATM+3,PE,3550.0,3407.7,141.65,142.95,139.15,142.95,45.767733,1600,67200
2026-08-24 15:00:00,ATM+3,PE,3550.0,3402.2,142.95,142.95,142.95,142.95,0.0,0,67200
2026-08-24 15:05:00,ATM+3,PE,3550.0,3401.3,142.95,142.95,142.95,142.95,0.0,0,67200
2026-08-24 15:10:00,ATM+3,PE,3550.0,3410.1,142.95,148.2,142.95,148.2,70.294765,400,67000
2026-08-24 15:15:00,ATM+3,PE,3550.0,3410.1,148.2,148.2,148.2,148.2,70.407936,0,67000
2026-08-24 15:20:00,ATM+3,PE,3550.0,3410.1,148.2,148.2,148.2,148.2,70.521656,0,67000
2026-08-24 15:25:00,ATM+3,PE,3550.0,3414.1,148.2,148.2,148.2,148.2,78.272981,0,67000
2026-08-24 15:30:00,ATM+3,PE,3550.0,3414.1,148.2,148.2,148.2,148.2,78.402275,0,67000
2026-08-24 15:35:00,ATM+3,PE,3550.0,3414.1,148.2,148.2,140.0,140.0,58.058076,800,67400
2026-08-25 09:20:00,ATM+3,PE,3550.0,3402.3,141.95,141.95,141.95,141.95,0.0,0,67600
2026-08-25 09:25:00,ATM+3,PE,3550.0,3409.7,141.95,150.35,141.95,150.35,145.463605,400,67400
2026-08-25 09:30:00,ATM+3,PE,3550.0,3410.6,150.35,150.35,150.35,150.35,149.960566,0,67400
2026-08-25 09:35:00,ATM+3,PE,3550.0,3408.3,150.35,150.35,150.35,150.35,141.611964,0,67400
2026-08-25 09:40:00,ATM+3,PE,3550.0,3407.9,150.35,150.35,148.7,148.7,131.954996,200,67200
2026-08-25 09:45:00,ATM+3,PE,3550.0,3408.7,148.7,148.7,148.7,148.7,136.750244,0,67000
2026-08-25 09:50:00,ATM+3,PE,3550.0,3407.1,148.7,148.7,148.7,148.7,129.672864,0,67000
2026-08-25 09:55:00,ATM+3,PE,3550.0,3402.6,148.7,151.4,148.7,151.4,121.692216,400,67000
2026-08-25 10:00:00,ATM+3,PE,3550.0,3402.0,151.4,151.4,151.4,151.4,118.419163,0,67000
2026-08-25 10:05:00,ATM+3,PE,3550.0,3398.0,151.4,151.4,151.4,151.4,0.0,0,67000
2026-08-25 10:10:00,ATM+3,PE,3550.0,3400.3,151.4,151.4,151.4,151.4,105.420238,0,67000
2026-08-25 10:15:00,ATM+3,PE,3550.0,3401.6,151.4,157.0,151.4,157.0,154.802193,600,67200
2026-08-25 10:20:00,ATM+3,PE,3550.0,3399.1,157.0,157.0,157.0,157.0,143.1276,0,67200
2026-08-25 10:25:00,ATM+3,PE,3550.0,3401.8,157.0,157.0,157.0,157.0,0.0,0,67200
2026-08-25 10:30:00,ATM+3,PE,3550.0,3401.7,157.0,157.0,157.0,157.0,0.0,0,67200
2026-08-25 10:35:00,ATM+3,PE,3550.0,3401.2,157.0,157.0,157.0,157.0,0.0,0,67000
2026-08-25 10:40:00,ATM+3,PE,3550.0,3404.5,157.0,157.0,157.0,157.0,0.0,0,67000
2026-08-25 10:45:00,ATM+3,PE,3550.0,3404.4,157.0,157.0,157.0,157.0,0.0,0,67000
2026-08-25 10:50:00,ATM+3,PE,3550.0,3406.2,157.0,157.0,157.0,157.0,0.0,0,67000
2026-08-25 10:55:00,ATM+3,PE,3550.0,3404.0,157.0,157.0,157.0,157.0,0.0,0,67000
2026-08-25 11:00:00,ATM+3,PE,3550.0,3404.9,157.0,157.0,157.0,157.0,0.0,0,67000
2026-08-25 11:05:00,ATM+3,PE,3550.0,3406.7,157.0,157.0,157.0,157.0,0.0,0,67000
2026-08-25 11:10:00,ATM+3,PE,3550.0,3412.0,157.0,157.0,157.0,157.0,0.0,0,67000
2026-08-25 11:15:00,ATM+3,PE,3550.0,3411.5,157.0,157.0,157.0,157.0,0.0,0,67000
2026-08-25 11:20:00,ATM+3,PE,3550.0,3407.4,157.0,157.0,157.0,157.0,0.0,0,66600
2026-08-25 11:25:00,ATM+3,PE,3550.0,3410.9,157.0,157.0,157.0,157.0,0.0,0,66600
2026-08-25 11:30:00,ATM+3,PE,3550.0,3404.8,157.0,157.0,157.0,157.0,0.0,0,66600
2026-08-25 11:35:00,ATM+3,PE,3550.0,3408.3,157.0,157.0,157.0,157.0,0.0,0,66600
2026-08-25 11:40:00,ATM+3,PE,3550.0,3408.3,157.0,157.0,157.0,157.0,0.0,0,66600
2026-08-25 11:45:00,ATM+3,PE,3550.0,3406.1,157.0,157.0,157.0,157.0,0.0,0,66600
2026-08-25 11:50:00,ATM+3,PE,3550.0,3407.0,157.0,157.0,157.0,157.0,0.0,0,66600
2026-08-25 11:55:00,ATM+3,PE,3550.0,3412.3,157.0,157.0,157.0,157.0,0.0,0,66600
2026-08-25 12:00:00,ATM+3,PE,3550.0,3413.9,157.0,157.0,157.0,157.0,0.0,0,66600
2026-08-25 12:05:00,ATM+3,PE,3550.0,3415.0,157.0,157.0,157.0,157.0,0.0,0,66600
2026-08-25 12:10:00,ATM+3,PE,3550.0,3415.7,157.0,157.0,157.0,157.0,0.0,0,66600
2026-08-25 12:15:00,ATM+3,PE,3550.0,3415.0,157.0,157.0,157.0,157.0,0.0,0,66600
2026-08-25 12:20:00,ATM+3,PE,3550.0,3418.9,157.0,157.0,157.0,157.0,0.0,0,66600
2026-08-25 12:25:00,ATM+3,PE,3550.0,3418.4,157.0,157.0,157.0,157.0,0.0,0,66600
2026-08-25 12:30:00,ATM+3,PE,3550.0,3424.0,157.0,157.0,157.0,157.0,0.0,0,66600
2026-08-25 12:35:00,ATM+3,PE,3550.0,3421.5,157.0,157.0,157.0,157.0,0.0,0,66600
2026-08-25 12:40:00,ATM+3,PE,3550.0,3416.0,157.0,157.0,157.0,157.0,0.0,0,66600
2026-08-25 12:45:00,ATM+3,PE,3550.0,3417.7,157.0,157.0,157.0,157.0,0.0,0,66600
2026-08-25 12:50:00,ATM+3,PE,3550.0,3417.6,157.0,157.0,157.0,157.0,0.0,0,66600
2026-08-25 12:55:00,ATM+3,PE,3550.0,3413.9,157.0,157.0,157.0,157.0,0.0,0,66600
2026-08-25 13:00:00,ATM+3,PE,3550.0,3408.1,157.0,157.0,157.0,157.0,0.0,0,66600
2026-08-25 13:05:00,ATM+3,PE,3550.0,3409.4,157.0,157.0,157.0,157.0,0.0,0,66600
2026-08-25 13:10:00,ATM+3,PE,3550.0,3409.0,157.0,157.0,157.0,157.0,0.0,0,66600
2026-08-25 13:15:00,ATM+3,PE,3550.0,3407.1,157.0,157.0,157.0,157.0,0.0,0,66600
2026-08-25 13:20:00,ATM+3,PE,3550.0,3407.6,157.0,157.0,157.0,157.0,0.0,0,66600
2026-08-25 13:25:00,ATM+3,PE,3550.0,3407.2,157.0,157.0,157.0,157.0,0.0,0,66600
2026-08-25 13:30:00,ATM+3,PE,3550.0,3410.2,157.0,157.0,157.0,157.0,0.0,0,66600
2026-08-25 13:35:00,ATM+3,PE,3550.0,3409.8,157.0,157.0,157.0,157.0,0.0,0,66600
2026-08-25 13:40:00,ATM+3,PE,3550.0,3409.6,157.0,157.0,157.0,157.0,0.0,0,66600
2026-08-25 13:45:00,ATM+3,PE,3550.0,3410.9,157.0,157.0,157.0,157.0,0.0,0,66600
2026-08-25 13:50:00,ATM+3,PE,3550.0,3414.4,157.0,157.0,157.0,157.0,0.0,0,66600
2026-08-25 13:55:00,ATM+3,PE,3550.0,3414.3,157.0,157.0,157.0,157.0,0.0,0,66600
2026-08-25 14:00:00,ATM+3,PE,3550.0,3419.9,157.0,157.0,134.0,134.0,0.0,800,66600
2026-08-25 14:05:00,ATM+3,PE,3550.0,3418.7,134.0,134.0,134.0,134.0,0.0,0,66600
2026-08-25 14:10:00,ATM+3,PE,3550.0,3418.8,134.0,134.0,134.0,134.0,0.0,0,66600
2026-08-25 14:15:00,ATM+3,PE,3550.0,3422.0,134.0,134.0,134.0,134.0,0.0,0,66600
2026-08-25 14:20:00,ATM+3,PE,3550.0,3421.3,134.0,134.0,134.0,134.0,0.0,0,66600
2026-08-25 14:25:00,ATM+3,PE,3550.0,3424.0,134.0,134.0,134.0,134.0,0.0,0,66600
2026-08-25 14:30:00,ATM+3,PE,3550.0,3424.0,134.0,177.4,134.0,134.0,0.0,0,66600
2026-08-25 14:35:00,ATM+3,PE,3550.0,3424.5,177.4,177.4,134.0,134.0,0.0,0,66600
2026-08-25 14:40:00,ATM+3,PE,3600.0,3426.9,130.25,177.4,130.25,177.4,0.0,400,45400
2026-08-25 14:45:00,ATM+3,PE,3600.0,3430.1,177.4,177.4,174.0,174.0,0.0,400,45200
2026-08-25 14:50:00,ATM+3,PE,3600.0,3433.4,174.0,174.0,174.0,174.0,0.0,0,45200
2026-08-25 14:55:00,ATM+3,PE,3600.0,3435.3,174.0,174.0,174.0,174.0,0.0,0,45200
2026-08-25 15:00:00,ATM+3,PE,3600.0,3429.6,174.0,174.0,174.0,174.0,0.0,0,45200
2026-08-25 15:05:00,ATM+3,PE,3600.0,3436.9,174.0,174.0,174.0,174.0,0.0,0,45200
2026-08-25 15:10:00,ATM+3,PE,3600.0,3440.0,174.0,174.0,174.0,174.0,0.0,0,45200
2026-08-25 15:15:00,ATM+3,PE,3600.0,3440.0,174.0,174.0,174.0,174.0,0.0,0,45200
2026-08-25 15:20:00,ATM+3,PE,3600.0,3440.0,174.0,174.0,174.0,174.0,0.0,0,45200
2026-08-25 15:25:00,ATM+3,PE,3600.0,3443.0,174.0,174.0,174.0,174.0,0.0,0,45200
2026-08-25 15:30:00,ATM+3,PE,3600.0,3443.0,174.0,174.0,174.0,174.0,0.0,0,45200
2026-08-25 15:35:00,ATM+3,PE,3600.0,3443.0,174.0,174.0,174.0,174.0,0.0,0,45200
