ts,offset,side,strike,spot,open,high,low,close,iv,volume,oi
2026-08-20 09:15:00,ATM-3,CE,1070.0,1097.9,30.0,35.1,30.0,33.95,28.518133,46500,494250
2026-08-20 09:20:00,ATM-3,CE,1060.0,1093.7,42.4,42.4,31.6,42.4,38.920215,0,776250
2026-08-20 09:25:00,ATM-3,CE,1070.0,1095.5,42.4,42.4,28.7,31.55,27.204878,1500,489750
2026-08-20 09:30:00,ATM-3,CE,1060.0,1094.1,30.95,38.2,30.95,38.2,26.305323,2250,777750
2026-08-20 09:35:00,ATM-3,CE,1060.0,1093.3,38.2,38.2,38.2,38.2,28.474405,0,777750
2026-08-20 09:40:00,ATM-3,CE,1060.0,1094.8,38.2,38.2,38.2,38.2,24.153206,0,777000
2026-08-20 09:45:00,ATM-3,CE,1060.0,1092.4,38.2,38.2,38.2,38.2,30.657133,0,776250
2026-08-20 09:50:00,ATM-3,CE,1060.0,1093.6,38.2,38.2,38.2,38.2,27.732584,0,776250
2026-08-20 09:55:00,ATM-3,CE,1070.0,1096.2,38.2,38.2,28.1,30.35,22.349094,10500,472500
2026-08-20 10:00:00,ATM-3,CE,1070.0,1096.8,30.05,30.8,30.05,30.6,21.559141,16500,480750
2026-08-20 10:05:00,ATM-3,CE,1070.0,1095.3,30.75,30.75,29.55,29.55,22.2116,6750,477000
2026-08-20 10:10:00,ATM-3,CE,1070.0,1097.8,31.55,31.55,29.55,30.8,19.244783,1500,478500
2026-08-20 10:15:00,ATM-3,CE,1060.0,1094.5,32.45,40.05,30.8,38.75,27.106043,7500,775500
2026-08-20 10:20:00,ATM-3,CE,1060.0,1093.9,38.85,38.85,38.75,38.85,29.041477,750,774750
2026-08-20 10:25:00,ATM-3,CE,1060.0,1094.4,38.85,38.85,38.1,38.1,25.18395,1500,775500
2026-08-20 10:30:00,ATM-3,CE,1070.0,1095.4,38.1,38.1,29.15,29.2,20.924144,8250,476250
2026-08-20 10:35:00,ATM-3,CE,1060.0,1094.8,29.2,39.0,29.2,38.5,25.39511,9000,766500
2026-08-20 10:40:00,ATM-3,CE,1070.0,1097.7,38.5,38.5,29.2,31.9,23.353843,5250,477750
2026-08-20 10:45:00,ATM-3,CE,1070.0,1098.9,31.9,33.25,31.9,32.35,21.482284,5250,480750
2026-08-20 10:50:00,ATM-3,CE,1070.0,1098.2,33.5,33.5,31.7,31.7,21.334714,3750,480750
2026-08-20 10:55:00,ATM-3,CE,1070.0,1100.3,31.7,35.05,31.7,35.05,26.38391,6750,480000
2026-08-20 11:00:00,ATM-3,CE,1070.0,1099.6,34.2,35.05,33.0,33.0,21.664886,3750,477750
2026-08-20 11:05:00,ATM-3,CE,1070.0,1098.6,33.0,33.0,33.0,33.0,24.478281,0,477750
2026-08-20 11:10:00,ATM-3,CE,1070.0,1098.7,32.0,33.0,32.0,32.0,20.902334,750,478500
2026-08-20 11:15:00,ATM-3,CE,1070.0,1096.6,32.0,32.0,30.35,30.35,21.447392,750,479250
2026-08-20 11:20:00,ATM-3,CE,1070.0,1095.6,30.35,43.0,30.35,30.35,23.981441,12000,483000
2026-08-20 11:25:00,ATM-3,CE,1070.0,1095.5,29.05,38.0,29.0,29.0,20.100185,5250,482250
2026-08-20 11:30:00,ATM-3,CE,1070.0,1096.2,29.0,30.5,29.0,29.75,20.619472,5250,480000
2026-08-20 11:35:00,ATM-3,CE,1070.0,1096.0,30.3,30.3,29.4,29.4,20.022609,6750,477750
2026-08-20 11:40:00,ATM-3,CE,1070.0,1096.0,29.8,29.8,28.9,28.9,18.211856,1500,477000
2026-08-20 11:45:00,ATM-3,CE,1070.0,1095.7,28.9,29.6,28.9,29.6,21.53856,1500,476250
2026-08-20 11:50:00,ATM-3,CE,1070.0,1097.1,29.6,31.0,29.6,31.0,22.251591,5250,476250
2026-08-20 11:55:00,ATM-3,CE,1070.0,1097.0,31.0,31.4,29.8,29.8,18.298223,8250,474750
2026-08-20 12:00:00,ATM-3,CE,1070.0,1096.9,30.25,30.45,29.8,30.45,21.020283,2250,471750
2026-08-20 12:05:00,ATM-3,CE,1070.0,1097.0,30.45,31.45,30.45,31.15,23.020437,12000,469500
2026-08-20 12:10:00,ATM-3,CE,1070.0,1097.5,31.15,31.15,30.7,30.7,20.096114,1500,467250
2026-08-20 12:15:00,ATM-3,CE,1070.0,1098.7,30.7,31.15,30.7,31.15,17.545452,750,468000
2026-08-20 12:20:00,ATM-3,CE,1070.0,1098.0,31.15,31.15,31.1,31.1,19.977633,1500,468750
2026-08-20 12:25:00,ATM-3,CE,1070.0,1098.2,31.1,31.7,31.1,31.7,21.528971,2250,465750
2026-08-20 12:30:00,ATM-3,CE,1070.0,1097.9,31.7,31.7,31.3,31.3,21.045071,6000,464250
2026-08-20 12:35:00,ATM-3,CE,1070.0,1099.1,31.3,32.4,31.3,32.4,21.26525,6750,467250
2026-08-20 12:40:00,ATM-3,CE,1070.0,1097.8,32.4,33.0,31.7,31.7,22.70457,2250,466500
2026-08-20 12:45:00,ATM-3,CE,1070.0,1099.0,31.7,31.7,31.7,31.7,18.870175,0,466500
2026-08-20 12:50:00,ATM-3,CE,1070.0,1099.0,31.7,33.15,31.7,33.15,24.129689,750,466500
2026-08-20 12:55:00,ATM-3,CE,1070.0,1097.0,33.15,33.15,31.9,31.9,25.361678,750,467250
2026-08-20 13:00:00,ATM-3,CE,1070.0,1096.3,31.3,31.9,30.8,31.15,24.853801,6000,465000
2026-08-20 13:05:00,ATM-3,CE,1070.0,1096.4,31.15,31.15,30.55,30.85,23.748066,4500,464250
2026-08-20 13:10:00,ATM-3,CE,1070.0,1096.4,30.85,30.85,29.8,30.25,21.903161,6750,462750
2026-08-20 13:15:00,ATM-3,CE,1070.0,1096.0,30.25,31.35,30.25,31.35,26.126396,750,462750
2026-08-20 13:20:00,ATM-3,CE,1070.0,1096.6,30.55,31.35,30.55,30.55,22.344407,4500,459750
2026-08-20 13:25:00,ATM-3,CE,1070.0,1095.9,30.55,30.55,30.1,30.1,22.77431,3000,458250
2026-08-20 13:30:00,ATM-3,CE,1070.0,1096.9,30.3,30.8,30.1,30.8,22.357044,6750,455250
2026-08-20 13:35:00,ATM-3,CE,1070.0,1095.1,30.6,30.85,29.65,29.65,23.417797,9750,453000
2026-08-20 13:40:00,ATM-3,CE,1060.0,1095.0,29.7,39.45,29.6,39.45,28.511606,6000,696000
2026-08-20 13:45:00,ATM-3,CE,1060.0,1094.7,39.45,39.45,38.0,38.0,24.286257,3750,696750
2026-08-20 13:50:00,ATM-3,CE,1060.0,1094.8,38.0,38.0,38.0,38.0,23.94624,0,696750
2026-08-20 13:55:00,ATM-3,CE,1070.0,1095.9,38.0,38.0,28.95,28.95,18.996512,0,444000
2026-08-20 14:00:00,ATM-3,CE,1070.0,1096.3,28.95,30.25,28.95,30.25,22.274361,3000,442500
2026-08-20 14:05:00,ATM-3,CE,1070.0,1096.0,30.25,30.25,30.25,30.25,23.061963,0,442500
2026-08-20 14:10:00,ATM-3,CE,1070.0,1096.0,30.25,30.25,30.25,30.25,23.072419,0,442500
2026-08-20 14:15:00,ATM-3,CE,1060.0,1095.0,30.25,39.35,30.25,39.35,28.269253,0,655500
2026-08-20 14:20:00,ATM-3,CE,1070.0,1096.0,39.35,39.35,29.0,30.3,23.245292,1500,443250
2026-08-20 14:25:00,ATM-3,CE,1070.0,1096.2,30.3,39.35,29.55,30.1,22.115815,750,441000
2026-08-20 14:30:00,ATM-3,CE,1070.0,1098.6,30.1,31.9,30.1,31.9,21.269362,3750,441000
2026-08-20 14:35:00,ATM-3,CE,1070.0,1099.0,31.9,32.5,31.85,32.45,22.011472,17250,441000
2026-08-20 14:40:00,ATM-3,CE,1070.0,1099.1,32.45,32.45,32.45,32.45,21.710997,0,441000
2026-08-20 14:45:00,ATM-3,CE,1070.0,1099.8,32.45,33.3,32.45,33.0,21.497418,1500,439500
2026-08-20 14:50:00,ATM-3,CE,1070.0,1098.9,33.0,33.0,33.0,33.0,24.182903,0,439500
2026-08-20 14:55:00,ATM-3,CE,1070.0,1098.8,33.0,33.0,31.25,31.75,20.084972,3750,439500
2026-08-20 15:00:00,ATM-3,CE,1070.0,1097.6,31.4,31.75,30.65,30.65,19.927154,3750,438000
2026-08-20 15:05:00,ATM-3,CE,1070.0,1096.5,30.45,30.65,30.45,30.55,22.828425,9000,437250
2026-08-20 15:10:00,ATM-3,CE,1070.0,1097.0,30.8,30.9,30.55,30.8,22.291785,4500,435750
2026-08-20 15:15:00,ATM-3,CE,1070.0,1097.0,30.8,30.8,30.8,30.8,22.302301,0,435750
2026-08-20 15:20:00,ATM-3,CE,1070.0,1097.0,30.8,30.8,30.8,30.8,22.312828,0,435750
2026-08-20 15:25:00,ATM-3,CE,1060.0,1095.0,30.8,40.1,30.8,40.1,30.84573,0,631500
2026-08-20 15:30:00,ATM-3,CE,1060.0,1095.0,40.1,40.1,39.5,39.5,28.953907,6750,630750
2026-08-20 15:35:00,ATM-3,CE,1060.0,1095.0,39.5,39.65,39.5,39.65,29.454021,6000,621000
2026-08-21 09:15:00,ATM-3,CE,1070.0,1097.4,35.0,35.0,29.65,31.6,26.395157,15000,437250
2026-08-21 09:20:00,ATM-3,CE,1070.0,1095.2,31.6,31.6,31.6,31.6,31.634031,0,437250
2026-08-21 09:25:00,ATM-3,CE,1070.0,1096.8,35.25,35.25,26.5,29.35,19.952078,15000,435000
2026-08-21 09:30:00,ATM-3,CE,1070.0,1095.3,29.35,29.35,27.5,27.5,17.603182,6000,432750
2026-08-21 09:35:00,ATM-3,CE,1070.0,1097.0,27.5,28.95,27.5,28.7,15.442911,11250,429750
2026-08-21 09:40:00,ATM-3,CE,1070.0,1099.5,29.15,30.9,28.7,30.15,0.0,12000,421500
2026-08-21 09:45:00,ATM-3,CE,1070.0,1098.3,30.15,30.85,29.0,29.0,0.0,8250,417750
2026-08-21 09:50:00,ATM-3,CE,1070.0,1099.0,29.05,30.0,29.0,29.5,0.0,9750,419250
2026-08-21 09:55:00,ATM-3,CE,1070.0,1099.2,30.0,30.0,29.5,29.9,0.0,4500,418500
2026-08-21 10:00:00,ATM-3,CE,1070.0,1100.0,31.8,31.8,29.9,31.8,17.49585,4500,416250
2026-08-21 10:05:00,ATM-3,CE,1070.0,1098.2,31.8,31.8,29.6,29.6,13.148397,6000,414750
2026-08-21 10:10:00,ATM-3,CE,1070.0,1096.5,29.6,30.25,28.3,28.3,16.007036,2250,413250
2026-08-21 10:15:00,ATM-3,CE,1070.0,1097.0,28.3,29.2,28.3,29.0,17.451955,2250,411750
2026-08-21 10:20:00,ATM-3,CE,1070.0,1096.1,29.0,29.0,28.25,28.25,17.850997,4500,411000
2026-08-21 10:25:00,ATM-3,CE,1070.0,1097.0,27.7,28.25,27.7,28.1,0.0,9750,406500
2026-08-21 10:30:00,ATM-3,CE,1070.0,1096.1,28.25,28.35,27.7,27.95,16.197726,9000,405000
2026-08-21 10:35:00,ATM-3,CE,1070.0,1096.3,27.5,28.4,27.5,28.4,17.721966,4500,402000
2026-08-21 10:40:00,ATM-3,CE,1060.0,1094.0,28.4,37.5,26.95,37.5,28.043173,3000,588750
2026-08-21 10:45:00,ATM-3,CE,1060.0,1093.7,37.5,37.5,37.5,37.5,29.044382,0,587250
2026-08-21 10:50:00,ATM-3,CE,1060.0,1094.1,37.5,37.5,37.5,37.5,27.730345,0,587250
2026-08-21 10:55:00,ATM-3,CE,1060.0,1093.3,37.5,37.5,37.5,37.5,30.307935,0,587250
2026-08-21 11:00:00,ATM-3,CE,1060.0,1093.4,37.5,37.5,37.5,37.5,30.022906,0,587250
2026-08-21 11:05:00,ATM-3,CE,1060.0,1092.3,37.5,37.5,37.5,37.5,33.120099,0,587250
2026-08-21 11:10:00,ATM-3,CE,1060.0,1094.1,37.5,37.5,37.5,37.5,27.790213,0,587250
2026-08-21 11:15:00,ATM-3,CE,1060.0,1093.8,37.5,37.5,37.5,37.5,28.813174,0,587250
2026-08-21 11:20:00,ATM-3,CE,1070.0,1095.5,37.5,37.5,25.85,27.3,15.742409,5250,385500
2026-08-21 11:25:00,ATM-3,CE,1070.0,1096.1,26.9,28.35,26.9,28.35,18.508221,38250,378750
2026-08-21 11:30:00,ATM-3,CE,1070.0,1097.0,27.9,28.35,27.9,28.0,0.0,3750,381000
2026-08-21 11:35:00,ATM-3,CE,1070.0,1096.6,28.4,28.4,28.0,28.4,16.268806,1500,381000
2026-08-21 11:40:00,ATM-3,CE,1070.0,1098.5,28.4,29.0,28.4,29.0,0.0,2250,381000
2026-08-21 11:45:00,ATM-3,CE,1070.0,1098.7,30.05,30.05,29.0,29.6,0.0,4500,380250
2026-08-21 11:50:00,ATM-3,CE,1070.0,1099.0,29.6,29.6,29.6,29.6,0.0,0,380250
2026-08-21 11:55:00,ATM-3,CE,1070.0,1097.4,29.6,29.8,28.8,28.8,13.253186,10500,380250
2026-08-21 12:00:00,ATM-3,CE,1070.0,1095.1,28.6,28.8,27.15,27.25,17.613129,18750,375000
2026-08-21 12:05:00,ATM-3,CE,1070.0,1095.1,26.8,27.25,26.5,26.5,12.4134,5250,375750
2026-08-21 12:10:00,ATM-3,CE,1060.0,1093.8,37.95,37.95,37.95,37.95,30.644405,0,583500
2026-08-21 12:15:00,ATM-3,CE,1070.0,1095.4,37.95,37.95,26.2,26.2,0.0,0,378000
2026-08-21 12:20:00,ATM-3,CE,1070.0,1095.6,27.65,27.65,26.2,27.6,17.112419,3750,381750
2026-08-21 12:25:00,ATM-3,CE,1070.0,1095.2,27.6,37.0,27.55,27.75,19.579535,7500,382500
2026-08-21 12:30:00,ATM-3,CE,1070.0,1095.1,28.25,29.7,27.55,27.55,19.101399,15750,378750
2026-08-21 12:35:00,ATM-3,CE,1070.0,1095.6,27.75,28.1,27.55,27.85,18.43442,15750,377250
2026-08-21 12:40:00,ATM-3,CE,1060.0,1094.9,27.7,38.25,27.7,38.25,28.284089,1500,582750
2026-08-21 12:45:00,ATM-3,CE,1070.0,1095.5,27.2,38.25,27.15,27.55,17.396662,5250,378000
2026-08-21 12:50:00,ATM-3,CE,1070.0,1095.1,27.65,27.65,27.5,27.5,18.924665,3000,375000
2026-08-21 12:55:00,ATM-3,CE,1060.0,1094.7,27.5,38.25,27.5,38.25,29.026226,0,582750
2026-08-21 13:00:00,ATM-3,CE,1060.0,1094.1,38.25,38.25,38.25,38.25,30.972375,0,582750
2026-08-21 13:05:00,ATM-3,CE,1060.0,1094.4,38.25,38.25,35.3,35.3,0.0,750,582750
2026-08-21 13:10:00,ATM-3,CE,1060.0,1092.7,35.3,35.3,35.3,35.3,23.962902,0,582750
2026-08-21 13:15:00,ATM-3,CE,1060.0,1094.5,33.65,35.3,33.65,34.6,0.0,1500,582750
2026-08-21 13:20:00,ATM-3,CE,1060.0,1092.9,34.6,34.6,34.6,34.6,18.831156,0,582750
2026-08-21 13:25:00,ATM-3,CE,1060.0,1093.3,34.6,34.6,34.6,34.6,14.547105,0,582750
2026-08-21 13:30:00,ATM-3,CE,1060.0,1093.1,34.6,34.6,34.6,34.6,17.178795,0,582750
2026-08-21 13:35:00,ATM-3,CE,1060.0,1093.5,34.6,34.6,34.6,34.6,0.0,0,582750
2026-08-21 13:40:00,ATM-3,CE,1060.0,1093.9,34.6,34.6,34.6,34.6,0.0,0,582750
2026-08-21 13:45:00,ATM-3,CE,1060.0,1093.7,34.6,34.6,34.6,34.6,0.0,0,582750
2026-08-21 13:50:00,ATM-3,CE,1060.0,1093.9,34.6,35.7,34.6,35.7,20.100849,750,582750
2026-08-21 13:55:00,ATM-3,CE,1060.0,1094.1,35.7,35.7,35.7,35.7,18.618503,0,582750
2026-08-21 14:00:00,ATM-3,CE,1060.0,1093.6,35.7,35.7,35.7,35.7,21.92577,0,582750
2026-08-21 14:05:00,ATM-3,CE,1060.0,1092.6,35.7,35.7,34.0,34.0,15.982453,18000,580500
2026-08-21 14:10:00,ATM-3,CE,1060.0,1092.5,34.0,34.0,34.0,34.0,17.074642,39750,579750
2026-08-21 14:15:00,ATM-3,CE,1060.0,1093.2,34.0,34.0,34.0,34.0,0.0,0,579750
2026-08-21 14:20:00,ATM-3,CE,1060.0,1093.6,34.0,34.0,34.0,34.0,0.0,0,579750
2026-08-21 14:25:00,ATM-3,CE,1060.0,1093.9,34.0,34.0,34.0,34.0,0.0,0,579000
2026-08-21 14:30:00,ATM-3,CE,1060.0,1093.5,34.0,34.0,34.0,34.0,0.0,0,579000
2026-08-21 14:35:00,ATM-3,CE,1060.0,1093.3,34.0,34.0,34.0,34.0,0.0,0,579000
2026-08-21 14:40:00,ATM-3,CE,1060.0,1093.7,34.0,34.0,34.0,34.0,0.0,0,579000
2026-08-21 14:45:00,ATM-3,CE,1060.0,1093.5,34.0,34.0,34.0,34.0,0.0,0,579000
2026-08-21 14:50:00,ATM-3,CE,1060.0,1093.9,34.0,34.0,34.0,34.0,0.0,0,579000
2026-08-21 14:55:00,ATM-3,CE,1060.0,1092.9,34.0,34.0,34.0,34.0,0.0,0,579000
2026-08-21 15:00:00,ATM-3,CE,1060.0,1093.8,34.0,34.0,34.0,34.0,0.0,0,579750
2026-08-21 15:05:00,ATM-3,CE,1060.0,1093.0,33.4,34.0,33.4,34.0,0.0,5250,578250
2026-08-21 15:10:00,ATM-3,CE,1060.0,1093.1,34.0,34.65,34.0,34.65,18.000945,3000,577500
2026-08-21 15:15:00,ATM-3,CE,1060.0,1093.1,34.65,34.65,34.65,34.65,18.017572,0,577500
2026-08-21 15:20:00,ATM-3,CE,1060.0,1093.1,34.65,34.65,34.65,34.65,18.034196,0,577500
2026-08-21 15:25:00,ATM-3,CE,1060.0,1095.0,34.65,34.65,34.45,34.65,0.0,1500,577500
2026-08-21 15:30:00,ATM-3,CE,1060.0,1095.0,34.65,35.2,34.65,35.2,0.0,2250,577500
2026-08-21 15:35:00,ATM-3,CE,1060.0,1095.0,35.2,35.2,35.2,35.2,0.0,0,577500
2026-08-24 09:15:00,ATM-3,CE,1060.0,1091.4,29.05,35.3,29.05,35.3,55.707061,5250,576000
2026-08-24 09:20:00,ATM-3,CE,1060.0,1093.0,35.3,35.65,35.3,35.65,49.408215,4500,575250
2026-08-24 09:25:00,ATM-3,CE,1060.0,1092.3,35.65,35.65,35.65,35.65,53.437413,0,575250
2026-08-24 09:30:00,ATM-3,CE,1060.0,1094.4,35.65,35.65,35.15,35.15,32.604923,750,573750
2026-08-24 09:35:00,ATM-3,CE,1060.0,1092.2,35.15,35.15,33.6,33.7,39.755381,3000,573000
2026-08-24 09:40:00,ATM-3,CE,1060.0,1091.8,33.7,33.7,33.7,33.7,42.919137,0,573000
2026-08-24 09:45:00,ATM-3,CE,1060.0,1092.8,33.7,33.7,33.7,33.7,33.801449,0,573000
2026-08-24 09:50:00,ATM-3,CE,1060.0,1092.0,33.25,33.7,33.25,33.25,37.319087,3750,570750
2026-08-24 09:55:00,ATM-3,CE,1060.0,1092.2,33.25,34.3,33.25,34.3,45.088918,2250,568500
2026-08-24 10:00:00,ATM-3,CE,1060.0,1090.7,34.4,34.4,32.5,32.5,41.344947,3750,564000
2026-08-24 10:05:00,ATM-3,CE,1060.0,1090.4,32.5,33.75,32.5,33.75,52.084802,4500,563250
2026-08-24 10:10:00,ATM-3,CE,1060.0,1089.3,32.0,33.75,30.4,30.4,33.669787,4500,561000
2026-08-24 10:15:00,ATM-3,CE,1060.0,1092.0,30.9,32.5,30.4,32.5,26.21506,10500,558000
2026-08-24 10:20:00,ATM-3,CE,1060.0,1090.8,32.5,32.5,32.5,32.5,40.858915,0,558000
2026-08-24 10:25:00,ATM-3,CE,1060.0,1091.6,32.5,33.4,32.5,33.4,42.515854,3000,553500
2026-08-24 10:30:00,ATM-3,CE,1060.0,1090.7,33.4,33.4,33.3,33.3,47.811638,750,552000
2026-08-24 10:35:00,ATM-3,CE,1060.0,1091.3,33.3,33.3,33.3,33.3,44.006901,0,551250
2026-08-24 10:40:00,ATM-3,CE,1060.0,1091.2,33.3,33.3,32.35,32.5,37.769998,6000,551250
2026-08-24 10:45:00,ATM-3,CE,1060.0,1089.8,32.5,32.5,32.0,32.0,44.234687,750,550500
2026-08-24 10:50:00,ATM-3,CE,1060.0,1089.7,32.0,32.0,32.0,32.0,44.947978,0,550500
2026-08-24 10:55:00,ATM-3,CE,1060.0,1088.6,32.0,32.0,30.25,30.25,38.837547,4500,549000
2026-08-24 11:00:00,ATM-3,CE,1060.0,1087.4,30.7,30.75,28.85,29.4,40.55729,17250,541500
2026-08-24 11:05:00,ATM-3,CE,1060.0,1087.5,29.35,29.65,28.8,29.6,41.477269,12000,536250
2026-08-24 11:10:00,ATM-3,CE,1060.0,1087.5,29.1,30.1,28.75,29.05,37.132346,20250,525750
2026-08-24 11:15:00,ATM-3,CE,1060.0,1087.1,28.55,29.35,28.55,29.1,40.457404,14250,518250
2026-08-24 11:20:00,ATM-3,CE,1060.0,1087.6,29.1,29.6,28.7,29.6,41.021444,19500,513750
2026-08-24 11:25:00,ATM-3,CE,1060.0,1088.2,29.6,29.95,29.25,29.75,37.979621,19500,507750
2026-08-24 11:30:00,ATM-3,CE,1050.0,1084.8,29.85,38.85,27.75,38.85,63.316035,5250,439500
2026-08-24 11:35:00,ATM-3,CE,1060.0,1085.1,38.85,38.85,26.3,27.9,44.23235,102000,484500
2026-08-24 11:40:00,ATM-3,CE,1060.0,1087.2,35.05,35.05,27.5,29.1,40.11553,9750,479250
2026-08-24 11:45:00,ATM-3,CE,1060.0,1087.2,29.0,29.45,28.65,29.1,40.18243,17250,474000
2026-08-24 11:50:00,ATM-3,CE,1060.0,1086.8,29.05,29.15,28.8,28.9,41.381303,9000,469500
2026-08-24 11:55:00,ATM-3,CE,1060.0,1086.0,28.95,28.95,28.4,28.4,42.789764,10500,462750
2026-08-24 12:00:00,ATM-3,CE,1060.0,1086.4,27.95,28.45,27.95,28.2,38.792293,6000,459000
2026-08-24 12:05:00,ATM-3,CE,1060.0,1086.3,28.2,28.25,28.2,28.25,39.937605,11250,456000
2026-08-24 12:10:00,ATM-3,CE,1060.0,1086.1,28.15,28.25,28.0,28.2,40.937979,9750,456000
2026-08-24 12:15:00,ATM-3,CE,1060.0,1086.7,28.45,28.65,27.95,28.65,40.478426,12000,451500
2026-08-24 12:20:00,ATM-3,CE,1060.0,1086.2,28.65,28.65,28.2,28.2,40.423272,3750,451500
2026-08-24 12:25:00,ATM-3,CE,1060.0,1085.6,28.2,28.2,28.0,28.1,43.486912,2250,451500
2026-08-24 12:30:00,ATM-3,CE,1060.0,1085.4,35.05,35.05,27.3,27.3,38.969792,2250,450000
2026-08-24 12:35:00,ATM-3,CE,1050.0,1084.6,27.25,36.95,27.25,36.6,49.506758,4500,429000
2026-08-24 12:40:00,ATM-3,CE,1050.0,1084.2,36.6,36.6,36.3,36.3,50.044,750,428250
2026-08-24 12:45:00,ATM-3,CE,1060.0,1085.1,36.3,36.3,26.5,26.5,34.695906,0,446250
2026-08-24 12:50:00,ATM-3,CE,1050.0,1084.5,36.3,36.3,36.3,36.3,47.891617,0,429000
2026-08-24 12:55:00,ATM-3,CE,1050.0,1083.4,36.3,36.3,35.95,36.1,54.209469,4500,427500
2026-08-24 13:00:00,ATM-3,CE,1050.0,1083.4,36.1,36.1,25.7,35.5,49.582537,17250,427500
2026-08-24 13:05:00,ATM-3,CE,1050.0,1082.9,35.5,35.5,35.5,35.5,53.112438,0,427500
2026-08-24 13:10:00,ATM-3,CE,1050.0,1082.3,35.5,35.5,35.5,35.5,56.884711,0,427500
2026-08-24 13:15:00,ATM-3,CE,1050.0,1082.3,35.5,35.5,35.5,35.5,56.980397,0,427500
2026-08-24 13:20:00,ATM-3,CE,1050.0,1081.8,35.5,35.5,35.5,35.5,59.882731,0,427500
2026-08-24 13:25:00,ATM-3,CE,1050.0,1082.4,35.5,35.5,35.5,35.5,56.584358,0,427500
2026-08-24 13:30:00,ATM-3,CE,1050.0,1083.3,35.5,35.5,35.5,35.5,50.82839,0,427500
2026-08-24 13:35:00,ATM-3,CE,1050.0,1082.4,35.5,35.5,35.1,35.1,53.877087,2250,426000
2026-08-24 13:40:00,ATM-3,CE,1050.0,1082.7,35.1,35.1,34.05,34.05,42.588148,750,426000
2026-08-24 13:45:00,ATM-3,CE,1050.0,1083.8,34.05,34.05,34.05,34.05,0.0,0,426000
2026-08-24 13:50:00,ATM-3,CE,1050.0,1082.3,34.05,34.05,34.05,34.05,46.272982,0,425250
2026-08-24 13:55:00,ATM-3,CE,1050.0,1081.1,34.05,34.05,34.05,34.05,54.651189,1500,425250
2026-08-24 14:00:00,ATM-3,CE,1050.0,1080.7,34.05,34.05,34.05,34.05,57.08118,0,425250
2026-08-24 14:05:00,ATM-3,CE,1050.0,1080.8,34.05,34.05,34.05,34.05,56.609586,0,425250
2026-08-24 14:10:00,ATM-3,CE,1050.0,1080.3,34.05,34.05,32.2,32.2,45.906414,750,424500
2026-08-24 14:15:00,ATM-3,CE,1050.0,1080.3,32.2,32.2,32.2,32.2,45.989358,0,424500
2026-08-24 14:20:00,ATM-3,CE,1050.0,1079.2,32.2,32.2,32.2,32.2,53.333395,0,424500
2026-08-24 14:25:00,ATM-3,CE,1050.0,1079.8,31.2,32.2,31.2,31.4,42.958611,2250,423000
2026-08-24 14:30:00,ATM-3,CE,1050.0,1081.4,31.4,33.45,31.4,33.45,48.668062,2250,421500
2026-08-24 14:35:00,ATM-3,CE,1050.0,1080.5,33.45,33.45,33.45,33.45,54.744541,0,421500
2026-08-24 14:40:00,ATM-3,CE,1050.0,1080.4,33.45,33.45,32.1,32.1,44.73336,750,421500
2026-08-24 14:45:00,ATM-3,CE,1050.0,1079.9,32.1,32.1,32.1,32.1,48.577459,0,421500
2026-08-24 14:50:00,ATM-3,CE,1050.0,1080.3,31.7,32.1,31.7,31.7,41.905995,8250,420750
2026-08-24 14:55:00,ATM-3,CE,1050.0,1079.6,31.7,31.7,31.7,31.7,47.615868,0,420750
2026-08-24 15:00:00,ATM-3,CE,1050.0,1078.6,31.7,31.7,30.05,30.05,40.87208,4500,414750
2026-08-24 15:05:00,ATM-3,CE,1050.0,1078.8,29.35,30.05,29.3,29.65,34.297645,6000,417750
2026-08-24 15:10:00,ATM-3,CE,1050.0,1078.9,30.65,30.65,29.65,30.25,40.328489,3750,413250
2026-08-24 15:15:00,ATM-3,CE,1050.0,1078.9,30.25,31.8,30.25,31.8,53.328968,3000,414000
2026-08-24 15:20:00,ATM-3,CE,1050.0,1078.9,31.8,31.8,30.55,30.55,43.39471,1500,414000
2026-08-24 15:25:00,ATM-3,CE,1050.0,1077.0,30.55,30.55,30.55,30.55,55.727668,0,414000
2026-08-24 15:30:00,ATM-3,CE,1050.0,1077.0,30.55,30.55,30.55,30.55,55.829268,0,414000
2026-08-24 15:35:00,ATM-3,CE,1050.0,1077.0,30.55,30.55,28.5,28.5,40.265947,3000,414750
2026-08-25 09:15:00,ATM-3,CE,1050.0,1075.7,27.35,27.35,25.25,25.55,0.0,5250,411750
2026-08-25 09:20:00,ATM-3,CE,1050.0,1075.5,26.45,26.45,25.55,26.45,68.884504,750,411750
2026-08-25 09:25:00,ATM-3,CE,1050.0,1075.7,26.45,26.45,25.5,25.5,0.0,1500,411750
2026-08-25 09:30:00,ATM-3,CE,1050.0,1075.7,25.5,25.5,25.25,25.25,0.0,1500,411750
2026-08-25 09:35:00,ATM-3,CE,1040.0,1073.4,36.05,38.3,34.95,34.95,99.25197,2250,377250
2026-08-25 09:40:00,ATM-3,CE,1040.0,1072.8,34.95,34.95,33.1,33.1,65.042558,750,376500
2026-08-25 09:45:00,ATM-3,CE,1040.0,1074.7,33.1,35.8,23.7,35.8,93.887931,750,375000
2026-08-25 09:50:00,ATM-3,CE,1040.0,1073.2,35.8,35.8,32.85,32.85,0.0,750,374250
2026-08-25 09:55:00,ATM-3,CE,1040.0,1075.0,32.9,35.0,23.85,35.0,0.0,12750,372750
2026-08-25 10:00:00,ATM-3,CE,1050.0,1076.3,26.55,35.0,26.35,26.35,0.0,0,398250
2026-08-25 10:05:00,ATM-3,CE,1050.0,1075.4,26.35,28.45,26.35,28.45,108.267717,4500,398250
2026-08-25 10:10:00,ATM-3,CE,1050.0,1075.8,28.45,36.55,25.95,25.95,47.059576,3000,398250
2026-08-25 10:15:00,ATM-3,CE,1050.0,1075.5,25.95,25.95,25.35,25.35,0.0,2250,398250
2026-08-25 10:20:00,ATM-3,CE,1040.0,1074.1,25.3,36.55,25.3,36.55,124.486864,1500,372000
2026-08-25 10:25:00,ATM-3,CE,1040.0,1074.1,36.55,36.55,36.55,36.55,125.501215,0,372000
2026-08-25 10:30:00,ATM-3,CE,1040.0,1073.7,36.55,36.55,36.55,36.55,132.253629,0,372000
2026-08-25 10:35:00,ATM-3,CE,1040.0,1074.3,36.55,36.55,36.55,36.55,124.549923,0,372000
2026-08-25 10:40:00,ATM-3,CE,1040.0,1074.4,36.55,36.55,36.55,36.55,124.024587,0,372000
2026-08-25 10:45:00,ATM-3,CE,1040.0,1074.0,36.55,36.55,36.55,36.55,131.322534,0,372000
2026-08-25 10:50:00,ATM-3,CE,1040.0,1074.9,36.55,36.55,36.55,36.55,117.464357,0,372000
2026-08-25 10:55:00,ATM-3,CE,1040.0,1074.5,36.55,36.55,36.55,36.55,125.679509,0,372000
2026-08-25 11:00:00,ATM-3,CE,1050.0,1075.9,24.2,24.2,24.2,24.2,0.0,0,391500
2026-08-25 11:05:00,ATM-3,CE,1050.0,1076.1,24.2,24.2,24.2,24.2,0.0,0,391500
2026-08-25 11:10:00,ATM-3,CE,1050.0,1077.2,24.2,27.1,24.2,25.95,0.0,4500,391500
2026-08-25 11:15:00,ATM-3,CE,1050.0,1076.1,25.95,27.5,25.95,27.5,94.859599,3750,390750
2026-08-25 11:20:00,ATM-3,CE,1050.0,1076.6,26.5,27.5,26.5,26.5,0.0,750,387000
2026-08-25 11:25:00,ATM-3,CE,1050.0,1076.4,26.5,27.3,26.5,27.3,85.797468,6000,389250
2026-08-25 11:30:00,ATM-3,CE,1050.0,1076.4,27.3,27.3,26.5,27.0,77.957005,1500,387000
2026-08-25 11:35:00,ATM-3,CE,1050.0,1077.6,27.0,27.5,27.0,27.5,0.0,2250,387000
2026-08-25 11:40:00,ATM-3,CE,1050.0,1077.5,27.5,28.0,27.5,28.0,78.601217,1500,387000
2026-08-25 11:45:00,ATM-3,CE,1050.0,1077.6,27.25,28.0,27.25,27.25,0.0,1500,385500
2026-08-25 11:50:00,ATM-3,CE,1050.0,1079.2,27.25,27.25,27.25,27.25,0.0,0,385500
2026-08-25 11:55:00,ATM-3,CE,1050.0,1080.5,27.25,27.25,27.25,27.25,0.0,0,385500
2026-08-25 12:00:00,ATM-3,CE,1050.0,1079.9,27.25,27.25,27.25,27.25,0.0,0,385500
2026-08-25 12:05:00,ATM-3,CE,1050.0,1079.8,27.25,27.25,27.25,27.25,0.0,0,385500
2026-08-25 12:10:00,ATM-3,CE,1050.0,1080.5,27.25,27.25,27.25,27.25,0.0,0,385500
2026-08-25 12:15:00,ATM-3,CE,1050.0,1080.2,27.25,27.25,27.25,27.25,0.0,0,385500
2026-08-25 12:20:00,ATM-3,CE,1050.0,1079.5,27.25,27.25,27.25,27.25,0.0,0,385500
2026-08-25 12:25:00,ATM-3,CE,1050.0,1079.6,27.25,29.1,27.25,29.1,0.0,750,385500
2026-08-25 12:30:00,ATM-3,CE,1050.0,1079.6,29.1,29.1,29.1,29.1,0.0,0,384750
2026-08-25 12:35:00,ATM-3,CE,1050.0,1078.5,29.1,29.1,28.7,28.7,76.11094,2250,384750
2026-08-25 12:40:00,ATM-3,CE,1050.0,1078.1,28.7,28.7,28.15,28.15,55.429393,750,384000
2026-08-25 12:45:00,ATM-3,CE,1050.0,1078.3,28.15,28.15,28.15,28.15,0.0,0,384000
2026-08-25 12:50:00,ATM-3,CE,1050.0,1078.4,28.15,28.15,28.15,28.15,0.0,0,384000
2026-08-25 12:55:00,ATM-3,CE,1050.0,1078.4,28.15,28.15,28.15,28.15,0.0,0,384000
2026-08-25 13:00:00,ATM-3,CE,1050.0,1077.7,28.15,28.15,27.05,27.05,0.0,1500,384000
2026-08-25 13:05:00,ATM-3,CE,1050.0,1076.5,27.05,27.05,27.05,27.05,98.548014,0,384000
2026-08-25 13:10:00,ATM-3,CE,1050.0,1077.2,27.05,27.05,27.05,27.05,0.0,0,384000
2026-08-25 13:15:00,ATM-3,CE,1050.0,1076.4,27.05,27.05,27.05,27.05,106.027454,0,384000
2026-08-25 13:20:00,ATM-3,CE,1050.0,1076.5,27.05,27.05,27.05,27.05,104.005219,0,384000
2026-08-25 13:25:00,ATM-3,CE,1050.0,1076.6,27.05,27.05,27.05,27.05,101.482006,0,384000
2026-08-25 13:30:00,ATM-3,CE,1050.0,1077.0,27.05,27.05,27.05,27.05,67.027357,0,384000
2026-08-25 13:35:00,ATM-3,CE,1050.0,1078.8,27.05,27.05,27.05,27.05,0.0,0,384000
2026-08-25 13:40:00,ATM-3,CE,1050.0,1078.4,27.05,27.05,27.05,27.05,0.0,0,384000
2026-08-25 13:45:00,ATM-3,CE,1050.0,1078.7,26.5,27.05,26.5,26.5,0.0,1500,383250
2026-08-25 13:50:00,ATM-3,CE,1050.0,1079.5,26.5,26.5,26.5,26.5,0.0,0,383250
2026-08-25 13:55:00,ATM-3,CE,1050.0,1078.4,26.5,26.5,26.5,26.5,0.0,0,383250
2026-08-25 14:00:00,ATM-3,CE,1050.0,1078.6,26.5,26.5,26.5,26.5,0.0,0,383250
2026-08-25 14:05:00,ATM-3,CE,1050.0,1078.7,26.5,26.5,26.5,26.5,0.0,0,383250
2026-08-25 14:10:00,ATM-3,CE,1050.0,1079.7,26.25,26.5,26.25,26.25,0.0,3750,380250
2026-08-25 14:15:00,ATM-3,CE,1050.0,1079.2,26.25,26.25,26.25,26.25,0.0,0,380250
2026-08-25 14:20:00,ATM-3,CE,1050.0,1079.0,26.25,26.25,26.25,26.25,0.0,0,380250
2026-08-25 14:25:00,ATM-3,CE,1050.0,1078.4,26.25,26.25,26.25,26.25,0.0,0,380250
2026-08-25 14:30:00,ATM-3,CE,1050.0,1081.0,26.25,30.0,26.25,30.0,0.0,6750,379500
2026-08-25 14:35:00,ATM-3,CE,1050.0,1080.5,30.0,30.0,30.0,30.0,0.0,0,379500
2026-08-25 14:40:00,ATM-3,CE,1050.0,1082.0,30.0,30.0,30.0,30.0,0.0,0,379500
2026-08-25 14:45:00,ATM-3,CE,1050.0,1082.4,30.0,30.0,30.0,30.0,0.0,0,379500
2026-08-25 14:50:00,ATM-3,CE,1050.0,1082.6,30.0,30.0,30.0,30.0,0.0,0,379500
2026-08-25 14:55:00,ATM-3,CE,1050.0,1082.5,30.0,32.3,30.0,32.3,0.0,2250,378750
2026-08-25 15:00:00,ATM-3,CE,1050.0,1084.0,32.3,32.3,32.3,32.3,0.0,0,378750
2026-08-25 15:05:00,ATM-3,CE,1050.0,1084.6,32.3,32.3,32.3,32.3,0.0,0,378750
2026-08-25 15:10:00,ATM-3,CE,1050.0,1082.0,32.3,32.3,32.3,32.3,0.0,0,378750
2026-08-25 15:15:00,ATM-3,CE,1050.0,1082.0,32.3,32.3,32.3,32.3,0.0,0,378750
2026-08-25 15:20:00,ATM-3,CE,1050.0,1082.0,32.3,32.3,32.3,32.3,0.0,0,378750
2026-08-25 15:25:00,ATM-3,CE,1060.0,1087.4,32.3,32.3,21.85,25.25,0.0,2250,399000
2026-08-25 15:30:00,ATM-3,CE,1060.0,1087.4,25.25,28.1,25.25,28.1,0.0,750,401250
2026-08-25 15:35:00,ATM-3,CE,1060.0,1087.4,28.1,28.1,28.1,28.1,0.0,0,401250
2026-08-20 09:15:00,ATM-3,PE,1070.0,1097.9,6.7,6.7,2.6,2.6,23.098558,220500,1001250
2026-08-20 09:20:00,ATM-3,PE,1060.0,1093.7,1.7,3.0,1.65,1.65,22.738698,87750,1057500
2026-08-20 09:25:00,ATM-3,PE,1070.0,1095.5,1.65,2.8,1.65,2.65,22.055047,61500,1007250
2026-08-20 09:30:00,ATM-3,PE,1060.0,1094.1,2.55,2.65,1.45,1.45,22.109416,9750,1067250
2026-08-20 09:35:00,ATM-3,PE,1060.0,1093.3,1.55,1.65,1.45,1.6,22.380293,49500,1075500
2026-08-20 09:40:00,ATM-3,PE,1060.0,1094.8,1.6,1.6,1.5,1.5,22.641348,86250,1079250
2026-08-20 09:45:00,ATM-3,PE,1060.0,1092.4,1.5,1.65,1.5,1.6,21.989905,81000,1095750
2026-08-20 09:50:00,ATM-3,PE,1060.0,1093.6,1.65,1.7,1.6,1.7,22.934181,6000,1093500
2026-08-20 09:55:00,ATM-3,PE,1070.0,1096.2,1.5,2.55,1.45,2.35,21.520805,41250,1020000
2026-08-20 10:00:00,ATM-3,PE,1070.0,1096.8,2.35,2.35,2.35,2.35,21.825377,9750,1014000
2026-08-20 10:05:00,ATM-3,PE,1070.0,1095.3,2.3,2.45,2.3,2.45,21.395986,22500,1020750
2026-08-20 10:10:00,ATM-3,PE,1070.0,1097.8,2.2,2.45,2.1,2.1,21.508621,6000,1020000
2026-08-20 10:15:00,ATM-3,PE,1060.0,1094.5,2.1,2.2,1.35,1.35,21.914098,131250,1062000
2026-08-20 10:20:00,ATM-3,PE,1060.0,1093.9,1.35,1.5,1.35,1.4,21.876897,72750,1050000
2026-08-20 10:25:00,ATM-3,PE,1060.0,1094.4,1.4,1.4,1.35,1.4,22.102372,27750,1042500
2026-08-20 10:30:00,ATM-3,PE,1070.0,1095.4,1.45,2.55,1.4,2.4,21.323808,21750,975750
2026-08-20 10:35:00,ATM-3,PE,1060.0,1094.8,2.4,2.4,1.45,1.45,22.506542,2250,1044000
2026-08-20 10:40:00,ATM-3,PE,1070.0,1097.7,1.45,2.4,1.4,2.05,21.331065,102000,954000
2026-08-20 10:45:00,ATM-3,PE,1070.0,1098.9,2.0,2.05,1.9,1.95,21.565738,57000,919500
2026-08-20 10:50:00,ATM-3,PE,1070.0,1098.2,1.85,2.0,1.85,1.85,20.887942,30750,924000
2026-08-20 10:55:00,ATM-3,PE,1070.0,1100.3,1.85,1.85,1.65,1.65,21.13328,84000,952500
2026-08-20 11:00:00,ATM-3,PE,1070.0,1099.6,1.75,2.0,1.65,2.0,22.093548,73500,954000
2026-08-20 11:05:00,ATM-3,PE,1070.0,1098.6,2.0,2.2,2.0,2.2,22.306454,24750,974250
2026-08-20 11:10:00,ATM-3,PE,1070.0,1098.7,2.2,2.25,2.2,2.2,22.361968,5250,971250
2026-08-20 11:15:00,ATM-3,PE,1070.0,1096.6,2.25,2.5,2.2,2.5,22.302362,11250,971250
2026-08-20 11:20:00,ATM-3,PE,1070.0,1095.6,2.35,2.6,1.4,2.6,22.110874,39750,957750
2026-08-20 11:25:00,ATM-3,PE,1070.0,1095.5,2.65,2.65,1.5,2.65,22.218918,9750,959250
2026-08-20 11:30:00,ATM-3,PE,1070.0,1096.2,2.65,2.65,2.35,2.5,22.120988,12750,955500
2026-08-20 11:35:00,ATM-3,PE,1070.0,1096.0,2.35,2.5,2.35,2.4,21.712665,6000,957750
2026-08-20 11:40:00,ATM-3,PE,1070.0,1096.0,2.4,2.55,2.4,2.55,22.188769,3750,957000
2026-08-20 11:45:00,ATM-3,PE,1070.0,1095.7,2.55,2.55,2.4,2.4,21.574848,750,960000
2026-08-20 11:50:00,ATM-3,PE,1070.0,1097.1,2.4,2.4,2.25,2.25,21.799251,6750,956250
2026-08-20 11:55:00,ATM-3,PE,1070.0,1097.0,2.25,2.4,2.15,2.3,21.919673,18000,946500
2026-08-20 12:00:00,ATM-3,PE,1070.0,1096.9,2.3,2.3,2.25,2.25,21.713899,7500,949500
2026-08-20 12:05:00,ATM-3,PE,1070.0,1097.0,2.25,2.25,2.15,2.25,21.770232,29250,952500
2026-08-20 12:10:00,ATM-3,PE,1070.0,1097.5,2.25,2.25,2.25,2.25,22.024275,12000,951000
2026-08-20 12:15:00,ATM-3,PE,1070.0,1098.7,2.3,2.35,2.2,2.2,22.453247,13500,950250
2026-08-20 12:20:00,ATM-3,PE,1070.0,1098.0,2.2,2.25,2.2,2.25,22.284612,750,953250
2026-08-20 12:25:00,ATM-3,PE,1070.0,1098.2,2.15,2.25,2.15,2.15,22.054624,3750,952500
2026-08-20 12:30:00,ATM-3,PE,1070.0,1097.9,2.2,2.2,2.15,2.15,21.915064,19500,957000
2026-08-20 12:35:00,ATM-3,PE,1070.0,1099.1,2.15,2.15,1.95,2.0,21.986622,57750,986250
2026-08-20 12:40:00,ATM-3,PE,1070.0,1097.8,1.95,2.0,1.95,2.0,21.367966,24750,995250
2026-08-20 12:45:00,ATM-3,PE,1070.0,1099.0,2.0,2.2,2.0,2.0,21.952576,10500,1000500
2026-08-20 12:50:00,ATM-3,PE,1070.0,1099.0,2.0,2.0,1.95,2.0,21.959519,4500,993000
2026-08-20 12:55:00,ATM-3,PE,1070.0,1097.0,2.05,2.2,2.0,2.2,21.673806,7500,990750
2026-08-20 13:00:00,ATM-3,PE,1070.0,1096.3,2.2,2.35,2.2,2.35,21.820446,24000,986250
2026-08-20 13:05:00,ATM-3,PE,1070.0,1096.4,2.35,2.5,2.35,2.4,22.037943,29250,970500
2026-08-20 13:10:00,ATM-3,PE,1070.0,1096.4,2.55,2.65,2.4,2.65,22.830243,70500,945000
2026-08-20 13:15:00,ATM-3,PE,1070.0,1096.0,2.5,2.65,2.45,2.55,22.321599,8250,892500
2026-08-20 13:20:00,ATM-3,PE,1070.0,1096.6,2.55,2.55,2.55,2.55,22.635637,3750,895500
2026-08-20 13:25:00,ATM-3,PE,1070.0,1095.9,2.55,2.6,2.55,2.6,22.439692,9750,894750
2026-08-20 13:30:00,ATM-3,PE,1070.0,1096.9,2.55,2.6,2.45,2.45,22.485726,3750,892500
2026-08-20 13:35:00,ATM-3,PE,1070.0,1095.1,2.45,2.45,2.35,2.4,21.418429,4500,888000
2026-08-20 13:40:00,ATM-3,PE,1060.0,1095.0,2.5,2.55,1.45,1.5,23.076424,23250,1063500
2026-08-20 13:45:00,ATM-3,PE,1060.0,1094.7,1.45,1.5,1.4,1.45,22.734912,35250,1057500
2026-08-20 13:50:00,ATM-3,PE,1060.0,1094.8,1.5,1.5,1.45,1.5,23.001945,22500,1056750
2026-08-20 13:55:00,ATM-3,PE,1070.0,1095.9,1.5,2.55,1.5,2.55,22.3269,10500,873000
2026-08-20 14:00:00,ATM-3,PE,1070.0,1096.3,2.4,2.55,2.4,2.4,22.064231,9000,871500
2026-08-20 14:05:00,ATM-3,PE,1070.0,1096.0,2.4,2.4,2.4,2.4,21.918777,0,871500
2026-08-20 14:10:00,ATM-3,PE,1070.0,1096.0,2.4,2.45,2.4,2.4,21.925759,9000,875250
2026-08-20 14:15:00,ATM-3,PE,1060.0,1095.0,2.4,2.4,1.4,1.45,22.912405,12000,1056750
2026-08-20 14:20:00,ATM-3,PE,1070.0,1096.0,1.45,2.5,1.45,2.15,21.126171,9750,870000
2026-08-20 14:25:00,ATM-3,PE,1070.0,1096.2,2.15,2.35,1.4,2.35,21.887863,3000,865500
2026-08-20 14:30:00,ATM-3,PE,1070.0,1098.6,2.35,2.35,2.2,2.2,22.597585,1500,864750
2026-08-20 14:35:00,ATM-3,PE,1070.0,1099.0,1.9,2.2,1.9,1.95,21.929359,20250,860250
2026-08-20 14:40:00,ATM-3,PE,1070.0,1099.1,1.95,1.95,1.95,1.95,21.984518,0,861000
2026-08-20 14:45:00,ATM-3,PE,1070.0,1099.8,1.85,1.95,1.85,1.85,21.963354,7500,861000
2026-08-20 14:50:00,ATM-3,PE,1070.0,1098.9,1.85,1.95,1.85,1.95,21.902336,6750,863250
2026-08-20 14:55:00,ATM-3,PE,1070.0,1098.8,1.85,1.95,1.8,1.8,21.31813,6000,865500
2026-08-20 15:00:00,ATM-3,PE,1070.0,1097.6,1.85,1.95,1.8,1.95,21.286607,15750,865500
2026-08-20 15:05:00,ATM-3,PE,1070.0,1096.5,1.95,2.0,1.95,2.0,20.928391,8250,865500
2026-08-20 15:10:00,ATM-3,PE,1070.0,1097.0,2.0,2.0,2.0,2.0,21.181215,7500,866250
2026-08-20 15:15:00,ATM-3,PE,1070.0,1097.0,2.0,2.1,2.0,2.1,21.530997,18000,858000
2026-08-20 15:20:00,ATM-3,PE,1070.0,1097.0,2.1,2.2,2.1,2.15,21.707259,8250,861000
2026-08-20 15:25:00,ATM-3,PE,1060.0,1095.0,2.15,2.15,1.3,1.3,22.344875,12750,1051500
2026-08-20 15:30:00,ATM-3,PE,1060.0,1095.0,1.3,1.35,1.25,1.35,22.579829,8250,1046250
2026-08-20 15:35:00,ATM-3,PE,1060.0,1095.0,1.35,1.35,1.25,1.3,22.359461,15000,1044750
2026-08-21 09:15:00,ATM-3,PE,1070.0,1097.4,1.5,2.35,1.3,1.8,22.300776,54000,829500
2026-08-21 09:20:00,ATM-3,PE,1060.0,1094.3,1.8,1.8,0.95,1.1,22.760306,126000,1065000
2026-08-21 09:25:00,ATM-3,PE,1070.0,1096.8,1.1,2.35,1.1,1.8,22.003409,51750,811500
2026-08-21 09:30:00,ATM-3,PE,1070.0,1095.3,1.8,2.0,1.8,1.95,21.782206,22500,811500
2026-08-21 09:35:00,ATM-3,PE,1070.0,1097.0,1.95,1.95,1.75,1.85,22.319169,17250,808500
2026-08-21 09:40:00,ATM-3,PE,1070.0,1099.5,1.8,1.85,1.45,1.65,22.821338,31500,799500
2026-08-21 09:45:00,ATM-3,PE,1070.0,1098.3,1.55,1.75,1.55,1.75,22.622726,6750,801000
2026-08-21 09:50:00,ATM-3,PE,1070.0,1099.0,1.75,1.75,1.55,1.55,22.164856,33000,790500
2026-08-21 09:55:00,ATM-3,PE,1070.0,1099.2,1.55,1.7,1.55,1.7,22.901285,18000,798750
2026-08-21 10:00:00,ATM-3,PE,1070.0,1100.0,1.45,1.7,1.35,1.4,22.026828,57750,781500
2026-08-21 10:05:00,ATM-3,PE,1070.0,1098.2,1.45,1.6,1.4,1.6,21.993759,14250,773250
2026-08-21 10:10:00,ATM-3,PE,1070.0,1096.5,1.6,1.75,1.6,1.75,21.726121,23250,783750
2026-08-21 10:15:00,ATM-3,PE,1070.0,1097.0,1.75,1.75,1.65,1.75,21.997018,20250,774750
2026-08-21 10:20:00,ATM-3,PE,1070.0,1096.1,1.75,1.8,1.75,1.8,21.72637,12750,762000
2026-08-21 10:25:00,ATM-3,PE,1070.0,1097.0,1.85,1.9,1.8,1.8,22.210695,60000,781500
2026-08-21 10:30:00,ATM-3,PE,1070.0,1096.1,1.9,1.9,1.8,1.85,21.935579,25500,768000
2026-08-21 10:35:00,ATM-3,PE,1070.0,1096.3,1.9,1.95,1.85,1.85,22.050697,16500,765750
2026-08-21 10:40:00,ATM-3,PE,1060.0,1094.0,1.85,2.1,1.1,1.2,23.283093,18000,1074750
2026-08-21 10:45:00,ATM-3,PE,1060.0,1093.7,1.2,1.3,1.2,1.3,23.649809,7500,1074750
2026-08-21 10:50:00,ATM-3,PE,1060.0,1094.1,1.25,1.3,1.2,1.2,23.348977,1500,1074000
2026-08-21 10:55:00,ATM-3,PE,1060.0,1093.3,1.2,1.25,1.2,1.25,23.227599,38250,1081500
2026-08-21 11:00:00,ATM-3,PE,1060.0,1093.4,1.25,1.25,1.25,1.25,23.284898,750,1081500
2026-08-21 11:05:00,ATM-3,PE,1060.0,1092.3,1.25,1.3,1.2,1.3,23.006435,4500,1082250
2026-08-21 11:10:00,ATM-3,PE,1060.0,1094.1,1.3,1.3,1.2,1.2,23.38569,4500,1080750
2026-08-21 11:15:00,ATM-3,PE,1060.0,1093.8,1.2,1.2,1.15,1.15,22.993314,50250,1083000
2026-08-21 11:20:00,ATM-3,PE,1070.0,1095.5,1.15,2.05,1.15,1.9,21.888591,51000,768000
2026-08-21 11:25:00,ATM-3,PE,1070.0,1096.1,1.85,1.9,1.7,1.8,21.836228,90750,777750
2026-08-21 11:30:00,ATM-3,PE,1070.0,1097.0,1.8,1.8,1.8,1.8,22.323299,9000,772500
2026-08-21 11:35:00,ATM-3,PE,1070.0,1096.6,1.8,1.8,1.75,1.8,22.119654,3750,771000
2026-08-21 11:40:00,ATM-3,PE,1070.0,1098.5,1.8,1.8,1.55,1.55,22.100042,5250,771750
2026-08-21 11:45:00,ATM-3,PE,1070.0,1098.7,1.55,1.55,1.55,1.55,22.211016,15000,780750
2026-08-21 11:50:00,ATM-3,PE,1070.0,1099.0,1.55,1.55,1.5,1.5,22.157241,2250,780750
2026-08-21 11:55:00,ATM-3,PE,1070.0,1097.4,1.5,1.65,1.5,1.65,21.975162,60750,781500
2026-08-21 12:00:00,ATM-3,PE,1070.0,1095.1,1.65,1.8,1.65,1.8,21.359258,27000,799500
2026-08-21 12:05:00,ATM-3,PE,1070.0,1095.1,1.85,1.85,1.8,1.8,21.367633,8250,798000
2026-08-21 12:10:00,ATM-3,PE,1060.0,1093.8,1.0,1.0,1.0,1.0,22.282398,6750,1130250
2026-08-21 12:15:00,ATM-3,PE,1070.0,1095.4,1.0,1.9,1.0,1.7,21.155533,15750,793500
2026-08-21 12:20:00,ATM-3,PE,1070.0,1095.6,1.7,1.7,1.7,1.7,21.270429,750,798750
2026-08-21 12:25:00,ATM-3,PE,1070.0,1095.2,1.7,1.8,0.95,1.8,21.455227,12000,799500
2026-08-21 12:30:00,ATM-3,PE,1070.0,1095.1,1.75,1.8,1.65,1.75,21.215975,31500,790500
2026-08-21 12:35:00,ATM-3,PE,1070.0,1095.6,1.75,1.8,1.75,1.75,21.492772,6750,780000
2026-08-21 12:40:00,ATM-3,PE,1060.0,1094.9,1.75,1.75,0.95,0.95,22.561184,750,1128750
2026-08-21 12:45:00,ATM-3,PE,1070.0,1095.5,1.8,1.8,0.9,1.7,21.259021,3750,768000
2026-08-21 12:50:00,ATM-3,PE,1070.0,1095.1,1.7,1.75,1.7,1.75,21.249485,3000,768750
2026-08-21 12:55:00,ATM-3,PE,1060.0,1094.7,1.8,1.8,0.9,1.0,22.783077,7500,1128750
2026-08-21 13:00:00,ATM-3,PE,1060.0,1094.1,1.0,1.0,1.0,1.0,22.511931,750,1128750
2026-08-21 13:05:00,ATM-3,PE,1060.0,1094.4,1.0,1.0,0.95,0.95,22.374905,1500,1128750
2026-08-21 13:10:00,ATM-3,PE,1060.0,1092.7,0.95,0.95,0.95,0.95,21.591656,0,1129500
2026-08-21 13:15:00,ATM-3,PE,1060.0,1094.5,1.1,1.1,0.95,1.05,23.006513,6000,1129500
2026-08-21 13:20:00,ATM-3,PE,1060.0,1092.9,0.95,1.05,0.95,1.05,22.25843,3000,1129500
2026-08-21 13:25:00,ATM-3,PE,1060.0,1093.3,1.05,1.05,1.05,1.05,22.457427,0,1129500
2026-08-21 13:30:00,ATM-3,PE,1060.0,1093.1,1.05,1.05,1.05,1.05,22.371452,0,1129500
2026-08-21 13:35:00,ATM-3,PE,1060.0,1093.5,1.05,1.05,1.05,1.05,22.570463,0,1129500
2026-08-21 13:40:00,ATM-3,PE,1060.0,1093.9,1.05,1.05,0.95,0.95,22.205195,2250,1128000
2026-08-21 13:45:00,ATM-3,PE,1060.0,1093.7,0.95,1.0,0.95,1.0,22.405518,750,1128000
2026-08-21 13:50:00,ATM-3,PE,1060.0,1093.9,1.0,1.0,1.0,1.0,22.508709,0,1128000
2026-08-21 13:55:00,ATM-3,PE,1060.0,1094.1,1.0,1.0,1.0,1.0,22.611887,0,1128000
2026-08-21 14:00:00,ATM-3,PE,1060.0,1093.6,1.0,1.0,1.0,1.0,22.385568,0,1128000
2026-08-21 14:05:00,ATM-3,PE,1060.0,1092.6,1.0,1.0,0.95,1.0,21.921489,9000,1127250
2026-08-21 14:10:00,ATM-3,PE,1060.0,1092.5,1.0,1.0,0.95,0.95,21.602082,3000,1125000
2026-08-21 14:15:00,ATM-3,PE,1060.0,1093.2,0.95,0.95,0.95,0.95,21.940142,0,1125000
2026-08-21 14:20:00,ATM-3,PE,1060.0,1093.6,0.95,0.95,0.95,0.95,22.136752,0,1125000
2026-08-21 14:25:00,ATM-3,PE,1060.0,1093.9,0.95,0.95,0.85,0.85,21.690925,3000,1125000
2026-08-21 14:30:00,ATM-3,PE,1060.0,1093.5,0.85,0.85,0.85,0.85,21.515385,750,1125000
2026-08-21 14:35:00,ATM-3,PE,1060.0,1093.3,0.85,0.9,0.85,0.9,21.73126,3000,1125000
2026-08-21 14:40:00,ATM-3,PE,1060.0,1093.7,0.9,0.9,0.85,0.85,21.625218,2250,1125000
2026-08-21 14:45:00,ATM-3,PE,1060.0,1093.5,0.85,0.9,0.85,0.9,21.842232,3000,1124250
2026-08-21 14:50:00,ATM-3,PE,1060.0,1093.9,0.9,0.9,0.9,0.9,22.03745,0,1124250
2026-08-21 14:55:00,ATM-3,PE,1060.0,1092.9,0.9,0.9,0.9,0.9,21.579729,1500,1124250
2026-08-21 15:00:00,ATM-3,PE,1060.0,1093.8,0.9,0.9,0.9,0.9,22.008897,26250,1114500
2026-08-21 15:05:00,ATM-3,PE,1060.0,1093.0,0.9,0.9,0.9,0.9,21.644203,0,1114500
2026-08-21 15:10:00,ATM-3,PE,1060.0,1093.1,0.9,0.9,0.85,0.85,21.40034,9750,1110750
2026-08-21 15:15:00,ATM-3,PE,1060.0,1093.1,0.85,0.9,0.85,0.9,21.708779,6750,1104000
2026-08-21 15:20:00,ATM-3,PE,1060.0,1093.1,0.9,0.95,0.9,0.95,22.009606,63000,1102500
2026-08-21 15:25:00,ATM-3,PE,1060.0,1095.0,0.95,1.2,0.95,1.2,24.308425,333000,735750
2026-08-21 15:30:00,ATM-3,PE,1060.0,1095.0,1.2,1.25,1.1,1.15,24.050764,297750,637500
2026-08-21 15:35:00,ATM-3,PE,1060.0,1095.0,1.2,1.2,1.0,1.0,23.223104,16500,636750
2026-08-24 09:15:00,ATM-3,PE,1060.0,1091.4,1.1,1.65,1.1,1.1,38.498522,86250,618750
2026-08-24 09:20:00,ATM-3,PE,1060.0,1093.0,1.05,1.1,0.9,0.95,38.472652,108000,578250
2026-08-24 09:25:00,ATM-3,PE,1060.0,1092.3,0.9,0.95,0.85,0.85,36.897282,84750,553500
2026-08-24 09:30:00,ATM-3,PE,1060.0,1094.4,0.9,0.9,0.8,0.8,38.140958,44250,541500
2026-08-24 09:35:00,ATM-3,PE,1060.0,1092.2,0.8,0.85,0.8,0.8,36.374893,3750,540000
2026-08-24 09:40:00,ATM-3,PE,1060.0,1091.8,0.95,0.95,0.8,0.95,37.657886,7500,541500
2026-08-24 09:45:00,ATM-3,PE,1060.0,1092.8,0.95,1.0,0.95,1.0,39.068795,13500,542250
2026-08-24 09:50:00,ATM-3,PE,1060.0,1092.0,0.95,1.0,0.95,0.95,37.933214,5250,539250
2026-08-24 09:55:00,ATM-3,PE,1060.0,1092.2,0.9,0.95,0.9,0.9,37.644178,14250,538500
2026-08-24 10:00:00,ATM-3,PE,1060.0,1090.7,0.9,0.95,0.9,0.95,36.91454,7500,532500
2026-08-24 10:05:00,ATM-3,PE,1060.0,1090.4,1.0,1.0,0.8,0.9,36.203276,50250,528000
2026-08-24 10:10:00,ATM-3,PE,1060.0,1089.3,0.95,1.0,0.9,1.0,36.275881,9000,528750
2026-08-24 10:15:00,ATM-3,PE,1060.0,1092.0,1.0,1.0,0.9,0.9,37.682484,42750,546000
2026-08-24 10:20:00,ATM-3,PE,1060.0,1090.8,0.9,0.9,0.8,0.8,35.646473,54000,547500
2026-08-24 10:25:00,ATM-3,PE,1060.0,1091.6,0.8,0.85,0.8,0.85,36.917038,1500,546750
2026-08-24 10:30:00,ATM-3,PE,1060.0,1090.7,0.85,0.9,0.85,0.9,36.71771,750,546000
2026-08-24 10:35:00,ATM-3,PE,1060.0,1091.3,0.9,0.9,0.9,0.9,37.289976,0,545250
2026-08-24 10:40:00,ATM-3,PE,1060.0,1091.2,0.9,0.9,0.85,0.85,36.729977,11250,543750
2026-08-24 10:45:00,ATM-3,PE,1060.0,1089.8,0.85,0.9,0.85,0.9,36.08725,11250,536250
2026-08-24 10:50:00,ATM-3,PE,1060.0,1089.7,0.95,0.95,0.9,0.95,36.553521,12000,533250
2026-08-24 10:55:00,ATM-3,PE,1060.0,1088.6,0.9,1.1,0.9,1.1,37.045111,110250,531000
2026-08-24 11:00:00,ATM-3,PE,1060.0,1087.4,1.1,1.25,1.05,1.25,37.308592,17250,540750
2026-08-24 11:05:00,ATM-3,PE,1060.0,1087.5,1.3,1.3,1.2,1.25,37.456516,43500,513000
2026-08-24 11:10:00,ATM-3,PE,1060.0,1087.5,1.25,1.25,1.2,1.25,37.510398,53250,513750
2026-08-24 11:15:00,ATM-3,PE,1060.0,1087.1,1.25,1.25,1.1,1.15,36.317428,22500,507750
2026-08-24 11:20:00,ATM-3,PE,1060.0,1087.6,1.15,1.15,1.1,1.15,36.838031,15750,497250
2026-08-24 11:25:00,ATM-3,PE,1060.0,1088.2,1.15,1.15,1.05,1.15,37.451861,21750,492750
2026-08-24 11:30:00,ATM-3,PE,1050.0,1084.8,1.15,1.4,0.75,0.75,39.562442,73500,827250
2026-08-24 11:35:00,ATM-3,PE,1060.0,1085.1,0.75,1.4,0.75,1.2,35.058254,88500,445500
2026-08-24 11:40:00,ATM-3,PE,1060.0,1087.2,0.75,1.25,0.75,1.15,36.676828,5250,436500
2026-08-24 11:45:00,ATM-3,PE,1060.0,1087.2,1.15,1.15,1.1,1.1,36.280051,54000,427500
2026-08-24 11:50:00,ATM-3,PE,1060.0,1086.8,1.1,1.1,1.0,1.05,35.500028,12750,414000
2026-08-24 11:55:00,ATM-3,PE,1060.0,1086.0,0.95,1.05,0.95,0.95,33.86778,201750,524250
2026-08-24 12:00:00,ATM-3,PE,1060.0,1086.4,0.95,0.95,0.9,0.95,34.288293,48000,518250
2026-08-24 12:05:00,ATM-3,PE,1060.0,1086.3,0.95,0.95,0.9,0.9,33.759376,6750,516000
2026-08-24 12:10:00,ATM-3,PE,1060.0,1086.1,0.95,0.95,0.9,0.9,33.625552,29250,495000
2026-08-24 12:15:00,ATM-3,PE,1060.0,1086.7,0.95,1.0,0.9,0.9,34.228288,23250,493500
2026-08-24 12:20:00,ATM-3,PE,1060.0,1086.2,0.9,0.95,0.9,0.95,34.30731,12000,495000
2026-08-24 12:25:00,ATM-3,PE,1060.0,1085.6,0.9,0.95,0.9,0.95,33.797904,45750,477750
2026-08-24 12:30:00,ATM-3,PE,1060.0,1085.4,0.6,1.0,0.6,0.95,33.661023,9750,477750
2026-08-24 12:35:00,ATM-3,PE,1050.0,1084.6,0.95,0.95,0.6,0.6,38.194347,35250,763500
2026-08-24 12:40:00,ATM-3,PE,1050.0,1084.2,0.6,0.6,0.6,0.6,37.917006,5250,765750
2026-08-24 12:45:00,ATM-3,PE,1060.0,1085.1,0.6,1.0,0.6,1.0,34.003162,21750,572250
2026-08-24 12:50:00,ATM-3,PE,1050.0,1084.5,0.6,0.6,0.6,0.6,38.285704,2250,763500
2026-08-24 12:55:00,ATM-3,PE,1050.0,1083.4,0.6,0.6,0.6,0.6,37.41529,17250,764250
2026-08-24 13:00:00,ATM-3,PE,1050.0,1083.4,0.6,1.15,0.55,0.6,37.473005,85500,810000
2026-08-24 13:05:00,ATM-3,PE,1050.0,1082.9,0.6,0.65,0.6,0.65,37.776746,31500,796500
2026-08-24 13:10:00,ATM-3,PE,1050.0,1082.3,0.55,0.65,0.55,0.55,35.954492,8250,780750
2026-08-24 13:15:00,ATM-3,PE,1050.0,1082.3,0.55,0.55,0.55,0.55,36.010451,1500,780000
2026-08-24 13:20:00,ATM-3,PE,1050.0,1081.8,0.55,0.55,0.55,0.55,35.641915,0,780000
2026-08-24 13:25:00,ATM-3,PE,1050.0,1082.4,0.6,0.6,0.55,0.6,36.908037,12750,776250
2026-08-24 13:30:00,ATM-3,PE,1050.0,1083.3,0.6,0.6,0.55,0.55,37.028739,3000,774000
2026-08-24 13:35:00,ATM-3,PE,1050.0,1082.4,0.55,0.55,0.55,0.55,36.322233,10500,774750
2026-08-24 13:40:00,ATM-3,PE,1050.0,1082.7,0.55,0.55,0.55,0.55,36.635483,2250,771750
2026-08-24 13:45:00,ATM-3,PE,1050.0,1083.8,0.55,0.55,0.55,0.55,37.629571,0,771750
2026-08-24 13:50:00,ATM-3,PE,1050.0,1082.3,0.55,0.55,0.55,0.55,36.409826,0,769500
2026-08-24 13:55:00,ATM-3,PE,1050.0,1081.1,0.55,0.65,0.55,0.65,36.790786,7500,768750
2026-08-24 14:00:00,ATM-3,PE,1050.0,1080.7,0.65,0.7,0.65,0.7,37.129959,3000,770250
2026-08-24 14:05:00,ATM-3,PE,1050.0,1080.8,0.7,0.7,0.7,0.7,37.279621,0,770250
2026-08-24 14:10:00,ATM-3,PE,1050.0,1080.3,0.7,0.7,0.7,0.7,36.888567,1500,770250
2026-08-24 14:15:00,ATM-3,PE,1050.0,1080.3,0.7,0.75,0.7,0.7,36.948243,5250,771750
2026-08-24 14:20:00,ATM-3,PE,1050.0,1079.2,0.7,0.75,0.7,0.75,36.610278,5250,768750
2026-08-24 14:25:00,ATM-3,PE,1050.0,1079.8,0.75,0.75,0.65,0.7,36.613708,3750,766500
2026-08-24 14:30:00,ATM-3,PE,1050.0,1081.4,0.7,0.7,0.55,0.55,36.100227,17250,756750
2026-08-24 14:35:00,ATM-3,PE,1050.0,1080.5,0.55,0.55,0.55,0.55,35.371066,0,756750
2026-08-24 14:40:00,ATM-3,PE,1050.0,1080.4,0.55,0.55,0.5,0.5,34.612997,3000,756000
2026-08-24 14:45:00,ATM-3,PE,1050.0,1079.9,0.5,0.6,0.5,0.6,35.648341,1500,755250
2026-08-24 14:50:00,ATM-3,PE,1050.0,1080.3,0.5,0.6,0.5,0.5,34.640417,750,756000
2026-08-24 14:55:00,ATM-3,PE,1050.0,1079.6,0.5,0.6,0.5,0.6,35.496855,1500,754500
2026-08-24 15:00:00,ATM-3,PE,1050.0,1078.6,0.5,0.6,0.45,0.55,33.972772,79500,777750
2026-08-24 15:05:00,ATM-3,PE,1050.0,1078.8,0.55,0.55,0.55,0.55,34.20893,67500,813000
2026-08-24 15:10:00,ATM-3,PE,1050.0,1078.9,0.5,0.6,0.5,0.55,34.356049,16500,822000
2026-08-24 15:15:00,ATM-3,PE,1050.0,1078.9,0.55,0.55,0.5,0.55,34.413922,31500,835500
2026-08-24 15:20:00,ATM-3,PE,1050.0,1078.9,0.55,0.6,0.5,0.6,35.158854,1500,838500
2026-08-24 15:25:00,ATM-3,PE,1050.0,1077.0,0.7,0.7,0.6,0.7,34.725831,3000,838500
2026-08-24 15:30:00,ATM-3,PE,1050.0,1077.0,0.7,0.7,0.5,0.5,32.164541,4500,810000
2026-08-24 15:35:00,ATM-3,PE,1050.0,1077.0,0.5,0.7,0.5,0.7,34.84421,48000,812250
2026-08-25 09:15:00,ATM-3,PE,1050.0,1075.7,0.4,0.4,0.05,0.2,49.915086,13500,775500
2026-08-25 09:20:00,ATM-3,PE,1050.0,1075.5,0.2,0.2,0.15,0.15,47.486638,15750,764250
2026-08-25 09:25:00,ATM-3,PE,1050.0,1075.7,0.15,0.2,0.15,0.2,50.5819,2250,762750
2026-08-25 09:30:00,ATM-3,PE,1050.0,1075.7,0.15,0.2,0.15,0.15,48.437773,12750,762750
2026-08-25 09:35:00,ATM-3,PE,1040.0,1073.4,0.1,0.25,0.1,0.25,66.527787,56250,425250
2026-08-25 09:40:00,ATM-3,PE,1040.0,1072.8,0.25,0.3,0.2,0.3,68.263035,29250,413250
2026-08-25 09:45:00,ATM-3,PE,1040.0,1074.7,0.3,0.35,0.25,0.25,69.573901,750,413250
2026-08-25 09:50:00,ATM-3,PE,1040.0,1073.2,0.25,0.25,0.2,0.2,65.04961,2250,413250
2026-08-25 09:55:00,ATM-3,PE,1040.0,1075.0,0.25,0.25,0.2,0.2,68.400875,8250,412500
2026-08-25 10:00:00,ATM-3,PE,1050.0,1076.3,0.2,0.2,0.05,0.05,43.70835,12000,662250
2026-08-25 10:05:00,ATM-3,PE,1050.0,1075.4,0.05,0.05,0.05,0.05,42.750053,6000,660750
2026-08-25 10:10:00,ATM-3,PE,1050.0,1075.8,0.05,0.1,0.05,0.05,43.653226,4500,659250
2026-08-25 10:15:00,ATM-3,PE,1050.0,1075.5,0.05,0.05,0.05,0.05,43.555365,3000,659250
2026-08-25 10:20:00,ATM-3,PE,1040.0,1074.1,0.05,0.1,0.05,0.1,62.405667,29250,423000
2026-08-25 10:25:00,ATM-3,PE,1040.0,1074.1,0.1,0.1,0.1,0.1,62.905338,10500,420750
2026-08-25 10:30:00,ATM-3,PE,1040.0,1073.7,0.1,0.1,0.1,0.1,62.794132,0,417750
2026-08-25 10:35:00,ATM-3,PE,1040.0,1074.3,0.1,0.1,0.1,0.1,64.255856,0,418500
2026-08-25 10:40:00,ATM-3,PE,1040.0,1074.4,0.1,0.1,0.1,0.1,64.954697,19500,411000
2026-08-25 10:45:00,ATM-3,PE,1040.0,1074.0,0.1,0.1,0.1,0.1,64.872326,0,411000
2026-08-25 10:50:00,ATM-3,PE,1040.0,1074.9,0.1,0.1,0.1,0.1,66.884324,0,411000
2026-08-25 10:55:00,ATM-3,PE,1040.0,1074.5,0.1,0.1,0.1,0.1,66.828907,1500,410250
2026-08-25 11:00:00,ATM-3,PE,1050.0,1075.9,0.05,0.05,0.05,0.05,47.596562,33000,576000
2026-08-25 11:05:00,ATM-3,PE,1050.0,1076.1,0.05,0.05,0.05,0.05,48.34952,0,576000
2026-08-25 11:10:00,ATM-3,PE,1050.0,1077.2,0.05,0.05,0.05,0.05,50.55012,3000,576000
2026-08-25 11:15:00,ATM-3,PE,1050.0,1076.1,0.05,0.05,0.05,0.05,49.267207,0,576000
2026-08-25 11:20:00,ATM-3,PE,1050.0,1076.6,0.05,0.05,0.05,0.05,50.557509,0,576000
2026-08-25 11:25:00,ATM-3,PE,1050.0,1076.4,0.1,0.15,0.05,0.1,56.021775,30000,578250
2026-08-25 11:30:00,ATM-3,PE,1050.0,1076.4,0.1,0.1,0.05,0.05,51.244716,4500,574500
2026-08-25 11:35:00,ATM-3,PE,1050.0,1077.6,0.05,0.1,0.05,0.1,59.330219,4500,574500
2026-08-25 11:40:00,ATM-3,PE,1050.0,1077.5,0.1,0.1,0.05,0.05,54.174144,1500,574500
2026-08-25 11:45:00,ATM-3,PE,1050.0,1077.6,0.1,0.1,0.05,0.1,60.602877,1500,573000
2026-08-25 11:50:00,ATM-3,PE,1050.0,1079.2,0.1,0.1,0.1,0.1,64.219905,0,573750
2026-08-25 11:55:00,ATM-3,PE,1050.0,1080.5,0.1,0.1,0.1,0.1,67.349743,0,573750
2026-08-25 12:00:00,ATM-3,PE,1050.0,1079.9,0.1,0.1,0.1,0.1,67.005086,0,573750
2026-08-25 12:05:00,ATM-3,PE,1050.0,1079.8,0.05,0.1,0.05,0.1,67.6063,17250,576000
2026-08-25 12:10:00,ATM-3,PE,1050.0,1080.5,0.1,0.1,0.1,0.1,69.764413,0,576000
2026-08-25 12:15:00,ATM-3,PE,1050.0,1080.2,0.1,0.1,0.1,0.1,70.048111,0,576000
2026-08-25 12:20:00,ATM-3,PE,1050.0,1079.5,0.1,0.1,0.1,0.1,69.562171,0,576000
2026-08-25 12:25:00,ATM-3,PE,1050.0,1079.6,0.1,0.1,0.05,0.05,64.138252,750,570750
2026-08-25 12:30:00,ATM-3,PE,1050.0,1079.6,0.05,0.05,0.05,0.05,64.997137,0,570750
2026-08-25 12:35:00,ATM-3,PE,1050.0,1078.5,0.05,0.05,0.05,0.05,63.793996,0,570750
2026-08-25 12:40:00,ATM-3,PE,1050.0,1078.1,0.05,0.05,0.05,0.05,63.920819,3750,570750
2026-08-25 12:45:00,ATM-3,PE,1050.0,1078.3,0.05,0.05,0.05,0.05,65.245874,0,570750
2026-08-25 12:50:00,ATM-3,PE,1050.0,1078.4,0.05,0.05,0.05,0.05,66.424871,0,570750
2026-08-25 12:55:00,ATM-3,PE,1050.0,1078.4,0.05,0.05,0.05,0.05,67.452715,21750,567750
2026-08-25 13:00:00,ATM-3,PE,1050.0,1077.7,0.05,0.05,0.05,0.05,67.084973,0,567750
2026-08-25 13:05:00,ATM-3,PE,1050.0,1076.5,0.05,0.05,0.05,0.05,65.661884,0,567750
2026-08-25 13:10:00,ATM-3,PE,1050.0,1077.2,0.05,0.05,0.05,0.05,68.285324,0,567750
2026-08-25 13:15:00,ATM-3,PE,1050.0,1076.4,0.05,0.05,0.05,0.05,67.74343,0,567750
2026-08-25 13:20:00,ATM-3,PE,1050.0,1076.5,0.05,0.05,0.05,0.05,69.207054,0,567750
2026-08-25 13:25:00,ATM-3,PE,1050.0,1076.6,0.05,0.05,0.05,0.05,70.750178,0,567750
2026-08-25 13:30:00,ATM-3,PE,1050.0,1077.0,0.05,0.05,0.05,0.05,73.074102,0,567750
2026-08-25 13:35:00,ATM-3,PE,1050.0,1078.8,0.05,0.05,0.05,0.05,78.804588,0,567750
2026-08-25 13:40:00,ATM-3,PE,1050.0,1078.4,0.05,0.05,0.05,0.05,79.540863,0,567750
2026-08-25 13:45:00,ATM-3,PE,1050.0,1078.7,0.05,0.05,0.05,0.05,82.05927,1500,567750
2026-08-25 13:50:00,ATM-3,PE,1050.0,1079.5,0.05,0.05,0.05,0.05,85.985323,0,567750
2026-08-25 13:55:00,ATM-3,PE,1050.0,1078.4,0.05,0.05,0.05,0.05,85.290471,0,567750
2026-08-25 14:00:00,ATM-3,PE,1050.0,1078.6,0.05,0.05,0.05,0.05,88.029592,0,567750
2026-08-25 14:05:00,ATM-3,PE,1050.0,1078.7,0.05,0.05,0.05,0.05,90.709624,0,567750
2026-08-25 14:10:00,ATM-3,PE,1050.0,1079.7,0.05,0.05,0.05,0.05,96.108771,6000,561000
2026-08-25 14:15:00,ATM-3,PE,1050.0,1079.2,0.05,0.05,0.05,0.05,97.636652,0,561000
2026-08-25 14:20:00,ATM-3,PE,1050.0,1079.0,0.05,0.05,0.05,0.05,0.0,0,561000
2026-08-25 14:25:00,ATM-3,PE,1050.0,1078.4,0.05,0.05,0.05,0.05,0.0,0,561000
2026-08-25 14:30:00,ATM-3,PE,1050.0,1081.0,0.05,0.05,0.05,0.05,0.0,42000,522750
2026-08-25 14:35:00,ATM-3,PE,1050.0,1080.5,0.05,0.05,0.05,0.05,0.0,0,522750
2026-08-25 14:40:00,ATM-3,PE,1050.0,1082.0,0.05,0.05,0.05,0.05,0.0,5250,522750
2026-08-25 14:45:00,ATM-3,PE,1050.0,1082.4,0.05,0.05,0.05,0.05,0.0,0,522750
2026-08-25 14:50:00,ATM-3,PE,1050.0,1082.6,0.05,0.05,0.05,0.05,0.0,0,522750
2026-08-25 14:55:00,ATM-3,PE,1050.0,1082.5,0.05,0.05,0.05,0.05,0.0,1500,517500
2026-08-25 15:00:00,ATM-3,PE,1050.0,1084.0,0.05,0.05,0.05,0.05,0.0,1500,517500
2026-08-25 15:05:00,ATM-3,PE,1050.0,1084.6,0.05,0.05,0.05,0.05,0.0,0,517500
2026-08-25 15:10:00,ATM-3,PE,1050.0,1082.0,0.05,0.05,0.05,0.05,0.0,0,517500
2026-08-25 15:15:00,ATM-3,PE,1050.0,1082.0,0.05,0.05,0.05,0.05,0.0,0,517500
2026-08-25 15:20:00,ATM-3,PE,1050.0,1082.0,0.05,0.05,0.05,0.05,0.0,0,517500
2026-08-25 15:25:00,ATM-3,PE,1060.0,1087.4,0.05,0.2,0.05,0.2,0.0,2250,407250
2026-08-25 15:30:00,ATM-3,PE,1060.0,1087.4,0.2,0.2,0.2,0.2,0.0,750,407250
2026-08-25 15:35:00,ATM-3,PE,1060.0,1087.4,0.2,0.2,0.2,0.2,0.0,0,407250
2026-08-20 09:15:00,ATM-2,CE,1080.0,1097.9,14.0,27.25,14.0,24.85,24.641344,324750,1011750
2026-08-20 09:20:00,ATM-2,CE,1070.0,1093.7,31.6,33.95,22.25,28.7,23.413976,24750,491250
2026-08-20 09:25:00,ATM-2,CE,1080.0,1095.5,28.7,28.7,21.45,23.15,24.721066,39000,990000
2026-08-20 09:30:00,ATM-2,CE,1070.0,1094.1,23.15,31.05,22.65,31.05,28.675008,12000,488250
2026-08-20 09:35:00,ATM-2,CE,1070.0,1093.3,29.4,31.05,28.1,28.1,22.677831,15000,484500
2026-08-20 09:40:00,ATM-2,CE,1070.0,1094.8,28.1,29.25,28.1,29.25,22.4927,1500,482250
2026-08-20 09:45:00,ATM-2,CE,1070.0,1092.4,29.8,29.8,27.65,27.65,23.419221,11250,477750
2026-08-20 09:50:00,ATM-2,CE,1070.0,1093.6,27.65,28.1,27.65,28.1,22.025083,750,476250
2026-08-20 09:55:00,ATM-2,CE,1080.0,1096.2,28.1,28.1,21.5,22.25,21.5804,18750,964500
2026-08-20 10:00:00,ATM-2,CE,1080.0,1096.8,22.2,23.2,22.2,23.2,22.775969,13500,963000
2026-08-20 10:05:00,ATM-2,CE,1080.0,1095.3,22.6,23.2,21.6,21.6,21.625014,12000,963000
2026-08-20 10:10:00,ATM-2,CE,1080.0,1097.8,22.0,23.25,21.6,22.95,20.37286,31500,956250
2026-08-20 10:15:00,ATM-2,CE,1070.0,1094.5,23.65,31.55,22.5,31.55,29.259167,33750,477750
2026-08-20 10:20:00,ATM-2,CE,1070.0,1093.9,29.75,31.55,29.6,29.6,25.513325,6000,474750
2026-08-20 10:25:00,ATM-2,CE,1070.0,1094.4,29.6,29.85,29.3,29.35,23.786696,6000,477000
2026-08-20 10:30:00,ATM-2,CE,1080.0,1095.4,29.35,29.35,20.6,21.1,20.327982,2250,937500
2026-08-20 10:35:00,ATM-2,CE,1070.0,1094.8,21.7,29.2,21.1,29.2,22.455474,11250,476250
2026-08-20 10:40:00,ATM-2,CE,1080.0,1097.7,29.2,29.2,21.0,24.0,23.1664,7500,933750
2026-08-20 10:45:00,ATM-2,CE,1080.0,1098.9,24.1,24.75,23.5,24.75,22.812048,18000,926250
2026-08-20 10:50:00,ATM-2,CE,1080.0,1098.2,24.75,24.75,23.35,24.15,22.649466,9750,923250
2026-08-20 10:55:00,ATM-2,CE,1080.0,1100.3,24.35,26.15,24.15,26.15,23.651395,27750,921750
2026-08-20 11:00:00,ATM-2,CE,1080.0,1099.6,25.5,26.15,23.6,24.4,20.579852,20250,910500
2026-08-20 11:05:00,ATM-2,CE,1080.0,1098.6,24.4,24.4,23.65,23.65,20.674933,1500,910500
2026-08-20 11:10:00,ATM-2,CE,1080.0,1098.7,23.65,24.05,23.65,23.65,20.483622,2250,909750
2026-08-20 11:15:00,ATM-2,CE,1080.0,1096.6,23.05,23.65,22.05,22.05,20.526696,9750,906750
2026-08-20 11:20:00,ATM-2,CE,1080.0,1095.6,21.95,30.35,21.6,21.6,21.246017,9000,901500
2026-08-20 11:25:00,ATM-2,CE,1080.0,1095.5,21.1,29.05,21.05,21.25,20.602615,6750,897750
2026-08-20 11:30:00,ATM-2,CE,1080.0,1096.2,21.65,22.3,21.25,21.95,21.037922,11250,893250
2026-08-20 11:35:00,ATM-2,CE,1080.0,1096.0,22.1,22.1,21.35,21.65,20.685646,16500,891750
2026-08-20 11:40:00,ATM-2,CE,1080.0,1096.0,21.65,21.65,21.1,21.1,19.353356,7500,891000
2026-08-20 11:45:00,ATM-2,CE,1080.0,1095.7,21.65,21.65,21.1,21.55,20.997674,8250,887250
2026-08-20 11:50:00,ATM-2,CE,1080.0,1097.1,21.55,22.8,21.55,22.8,21.496546,15000,885000
2026-08-20 11:55:00,ATM-2,CE,1080.0,1097.0,22.9,23.0,21.95,22.05,19.840561,11250,878250
2026-08-20 12:00:00,ATM-2,CE,1080.0,1096.9,22.25,22.5,22.0,22.5,21.151516,9000,878250
2026-08-20 12:05:00,ATM-2,CE,1080.0,1097.0,22.6,23.2,22.5,22.6,21.220447,8250,877500
2026-08-20 12:10:00,ATM-2,CE,1080.0,1097.5,22.6,22.9,22.5,22.9,21.034936,7500,878250
2026-08-20 12:15:00,ATM-2,CE,1080.0,1098.7,22.75,23.55,22.5,23.5,20.209359,7500,873000
2026-08-20 12:20:00,ATM-2,CE,1080.0,1098.0,23.5,23.5,22.75,22.75,19.690823,6000,873750
2026-08-20 12:25:00,ATM-2,CE,1080.0,1098.2,23.3,23.6,22.75,23.6,21.47424,6000,871500
2026-08-20 12:30:00,ATM-2,CE,1080.0,1097.9,23.35,23.6,23.1,23.3,21.307107,8250,869250
2026-08-20 12:35:00,ATM-2,CE,1080.0,1099.1,23.3,23.95,23.3,23.4,19.125079,8250,870000
2026-08-20 12:40:00,ATM-2,CE,1080.0,1097.8,24.8,25.4,23.4,23.4,21.762242,19500,868500
2026-08-20 12:45:00,ATM-2,CE,1080.0,1099.0,23.65,24.8,23.4,24.8,22.978603,18000,871500
2026-08-20 12:50:00,ATM-2,CE,1080.0,1099.0,25.0,25.6,24.7,24.7,22.740451,20250,872250
2026-08-20 12:55:00,ATM-2,CE,1080.0,1097.0,24.9,24.9,23.0,23.0,22.279746,19500,873000
2026-08-20 13:00:00,ATM-2,CE,1080.0,1096.3,23.05,23.05,22.6,22.75,22.920907,9750,871500
2026-08-20 13:05:00,ATM-2,CE,1080.0,1096.4,22.75,22.8,22.3,22.3,21.690869,25500,848250
2026-08-20 13:10:00,ATM-2,CE,1080.0,1096.4,22.3,22.5,21.85,22.5,22.177215,26250,829500
2026-08-20 13:15:00,ATM-2,CE,1080.0,1096.0,22.5,22.8,22.1,22.4,22.643812,5250,828000
2026-08-20 13:20:00,ATM-2,CE,1080.0,1096.6,22.55,22.55,22.4,22.4,21.600407,7500,826500
2026-08-20 13:25:00,ATM-2,CE,1080.0,1095.9,22.65,22.75,22.15,22.15,22.248057,11250,825750
2026-08-20 13:30:00,ATM-2,CE,1080.0,1096.9,22.15,22.8,22.15,22.6,21.558922,7500,823500
2026-08-20 13:35:00,ATM-2,CE,1080.0,1095.1,22.6,22.7,21.7,21.85,22.918229,16500,820500
2026-08-20 13:40:00,ATM-2,CE,1070.0,1095.0,21.6,29.7,21.6,29.25,22.486849,13500,451500
2026-08-20 13:45:00,ATM-2,CE,1070.0,1094.7,29.05,29.25,28.7,28.8,21.885577,4500,447750
2026-08-20 13:50:00,ATM-2,CE,1070.0,1094.8,28.8,29.55,28.7,29.55,23.864653,3750,445500
2026-08-20 13:55:00,ATM-2,CE,1080.0,1095.9,29.55,29.55,21.2,22.05,22.068264,4500,809250
2026-08-20 14:00:00,ATM-2,CE,1080.0,1096.3,22.05,22.05,21.7,22.05,21.369393,11250,803250
2026-08-20 14:05:00,ATM-2,CE,1080.0,1096.0,22.4,22.6,22.05,22.6,23.206064,6750,801750
2026-08-20 14:10:00,ATM-2,CE,1080.0,1096.0,22.6,22.6,22.3,22.3,22.513206,8250,796500
2026-08-20 14:15:00,ATM-2,CE,1070.0,1095.0,22.3,30.25,22.3,30.25,25.428788,0,442500
2026-08-20 14:20:00,ATM-2,CE,1080.0,1096.0,29.0,30.25,21.1,21.45,20.492423,6750,791250
2026-08-20 14:25:00,ATM-2,CE,1080.0,1096.2,21.45,30.3,21.45,21.5,20.253137,2250,789000
2026-08-20 14:30:00,ATM-2,CE,1080.0,1098.6,21.5,23.55,21.5,23.55,20.788828,9750,788250
2026-08-20 14:35:00,ATM-2,CE,1080.0,1099.0,23.55,23.7,23.25,23.7,20.367671,9750,787500
2026-08-20 14:40:00,ATM-2,CE,1080.0,1099.1,23.7,24.2,23.6,24.2,21.486397,12000,784500
2026-08-20 14:45:00,ATM-2,CE,1080.0,1099.8,24.4,25.25,24.2,24.85,21.768759,6750,783000
2026-08-20 14:50:00,ATM-2,CE,1080.0,1098.9,24.85,24.85,23.65,23.65,20.471492,12750,780750
2026-08-20 14:55:00,ATM-2,CE,1080.0,1098.8,23.2,23.85,23.2,23.85,21.211047,15000,777000
2026-08-20 15:00:00,ATM-2,CE,1080.0,1097.6,23.25,23.85,22.2,22.2,19.348913,25500,768750
2026-08-20 15:05:00,ATM-2,CE,1080.0,1096.5,22.2,22.5,21.55,21.55,19.87838,7500,764250
2026-08-20 15:10:00,ATM-2,CE,1080.0,1097.0,22.25,22.6,21.55,22.4,21.064826,24000,760500
2026-08-20 15:15:00,ATM-2,CE,1080.0,1097.0,22.4,22.5,22.35,22.5,21.322486,6750,758250
2026-08-20 15:20:00,ATM-2,CE,1080.0,1097.0,22.5,22.5,22.4,22.4,21.08326,2250,757500
2026-08-20 15:25:00,ATM-2,CE,1070.0,1095.0,22.25,30.8,21.9,30.15,25.305762,9000,434250
2026-08-20 15:30:00,ATM-2,CE,1070.0,1095.0,30.15,30.15,30.15,30.15,25.316777,750,435000
2026-08-20 15:35:00,ATM-2,CE,1070.0,1095.0,30.15,30.45,30.15,30.45,26.15394,3750,432750
2026-08-21 09:15:00,ATM-2,CE,1080.0,1097.4,29.9,31.5,20.5,22.85,23.693973,14250,748500
2026-08-21 09:20:00,ATM-2,CE,1070.0,1094.3,21.5,31.6,21.5,27.5,21.23155,11250,439500
2026-08-21 09:25:00,ATM-2,CE,1080.0,1096.8,26.9,27.5,18.65,20.75,19.150889,28500,737250
2026-08-21 09:30:00,ATM-2,CE,1080.0,1095.3,20.45,20.75,19.6,20.25,21.00309,26250,734250
2026-08-21 09:35:00,ATM-2,CE,1080.0,1097.0,19.95,20.85,19.95,20.45,17.774782,20250,729750
2026-08-21 09:40:00,ATM-2,CE,1080.0,1099.5,21.05,21.75,20.45,21.75,14.82812,3000,724500
2026-08-21 09:45:00,ATM-2,CE,1080.0,1098.3,21.75,22.4,20.65,20.65,14.650224,19500,726000
2026-08-21 09:50:00,ATM-2,CE,1080.0,1099.0,20.85,21.9,20.65,21.75,16.57228,23250,728250
2026-08-21 09:55:00,ATM-2,CE,1080.0,1099.2,21.55,21.75,20.8,21.7,15.737457,18000,732000
2026-08-21 10:00:00,ATM-2,CE,1080.0,1100.0,22.45,23.45,21.7,22.85,17.498944,45750,720000
2026-08-21 10:05:00,ATM-2,CE,1080.0,1098.2,22.55,22.85,21.15,21.15,16.877442,17250,717000
2026-08-21 10:10:00,ATM-2,CE,1080.0,1096.5,21.4,21.85,20.25,20.25,18.463955,27750,710250
2026-08-21 10:15:00,ATM-2,CE,1080.0,1097.0,20.0,21.2,20.0,21.2,20.108209,31500,686250
2026-08-21 10:20:00,ATM-2,CE,1080.0,1096.1,20.1,21.2,19.6,19.85,18.239617,12000,687000
2026-08-21 10:25:00,ATM-2,CE,1080.0,1097.0,20.0,20.0,19.65,19.85,15.899669,15750,684000
2026-08-21 10:30:00,ATM-2,CE,1080.0,1096.1,19.8,20.05,19.55,19.55,17.347697,16500,686250
2026-08-21 10:35:00,ATM-2,CE,1080.0,1096.3,19.55,20.1,19.3,19.85,17.785729,28500,686250
2026-08-21 10:40:00,ATM-2,CE,1070.0,1094.0,19.85,26.95,19.1,26.6,18.927529,9750,403500
2026-08-21 10:45:00,ATM-2,CE,1070.0,1093.7,25.5,26.6,24.1,24.1,0.0,11250,408750
2026-08-21 10:50:00,ATM-2,CE,1070.0,1094.1,25.3,26.75,24.1,26.05,15.921175,9000,404250
2026-08-21 10:55:00,ATM-2,CE,1070.0,1093.3,25.7,26.05,24.15,24.7,11.493846,7500,403500
2026-08-21 11:00:00,ATM-2,CE,1070.0,1093.4,24.7,25.25,24.7,24.75,10.897649,9750,399000
2026-08-21 11:05:00,ATM-2,CE,1070.0,1092.3,24.75,24.85,24.3,24.3,15.37781,18750,390000
2026-08-21 11:10:00,ATM-2,CE,1070.0,1094.1,24.65,25.1,23.75,25.1,0.0,22500,386250
2026-08-21 11:15:00,ATM-2,CE,1070.0,1093.8,25.1,25.5,25.1,25.3,12.775829,6000,386250
2026-08-21 11:20:00,ATM-2,CE,1080.0,1095.5,26.0,26.0,17.65,19.2,17.839647,30750,696000
2026-08-21 11:25:00,ATM-2,CE,1080.0,1096.1,19.65,20.1,19.2,19.5,17.299256,59250,699750
2026-08-21 11:30:00,ATM-2,CE,1080.0,1097.0,19.6,20.2,19.5,20.2,17.202683,3000,699750
2026-08-21 11:35:00,ATM-2,CE,1080.0,1096.6,19.8,20.2,19.7,19.7,16.651477,3750,699750
2026-08-21 11:40:00,ATM-2,CE,1080.0,1098.5,19.7,20.8,19.7,20.8,14.771635,7500,698250
2026-08-21 11:45:00,ATM-2,CE,1080.0,1098.7,21.35,21.35,20.8,21.0,14.884682,5250,699000
2026-08-21 11:50:00,ATM-2,CE,1080.0,1099.0,21.0,21.7,20.9,21.7,16.629403,15000,697500
2026-08-21 11:55:00,ATM-2,CE,1080.0,1097.4,21.7,21.7,20.3,20.3,16.472456,30000,694500
2026-08-21 12:00:00,ATM-2,CE,1080.0,1095.1,20.25,20.4,18.85,18.85,17.81788,20250,689250
2026-08-21 12:05:00,ATM-2,CE,1080.0,1095.1,18.4,18.85,18.25,18.45,16.61748,17250,689250
2026-08-21 12:10:00,ATM-2,CE,1070.0,1093.8,26.5,26.7,26.2,26.2,18.172164,11250,378000
2026-08-21 12:15:00,ATM-2,CE,1080.0,1095.4,26.2,26.2,18.3,19.1,17.886174,4500,684750
2026-08-21 12:20:00,ATM-2,CE,1080.0,1095.6,19.2,19.65,19.1,19.5,18.614182,6750,681000
2026-08-21 12:25:00,ATM-2,CE,1080.0,1095.2,19.5,27.55,19.35,19.35,19.093754,1500,681750
2026-08-21 12:30:00,ATM-2,CE,1080.0,1095.1,19.65,21.25,19.35,19.65,20.164039,15750,675000
2026-08-21 12:35:00,ATM-2,CE,1080.0,1095.6,19.65,19.65,19.55,19.55,18.791447,3750,672000
2026-08-21 12:40:00,ATM-2,CE,1070.0,1094.9,19.3,27.7,18.85,27.2,18.338935,11250,378000
2026-08-21 12:45:00,ATM-2,CE,1080.0,1095.5,18.9,27.45,18.9,19.05,17.554639,9000,667500
2026-08-21 12:50:00,ATM-2,CE,1080.0,1095.1,19.05,19.4,19.05,19.25,19.080641,3000,666750
2026-08-21 12:55:00,ATM-2,CE,1070.0,1094.7,18.9,27.5,18.9,26.6,16.216571,7500,374250
2026-08-21 13:00:00,ATM-2,CE,1070.0,1094.1,26.5,26.6,26.2,26.25,17.269576,3000,372750
2026-08-21 13:05:00,ATM-2,CE,1070.0,1094.4,26.1,26.55,26.1,26.55,17.428259,4500,371250
2026-08-21 13:10:00,ATM-2,CE,1070.0,1092.7,26.55,26.55,26.3,26.3,22.289023,3750,371250
2026-08-21 13:15:00,ATM-2,CE,1070.0,1094.5,26.3,26.4,25.65,26.4,16.172314,3000,371250
2026-08-21 13:20:00,ATM-2,CE,1070.0,1092.9,26.4,26.4,24.8,24.8,15.433901,6750,372000
2026-08-21 13:25:00,ATM-2,CE,1070.0,1093.3,24.8,24.8,24.7,24.7,11.973569,750,371250
2026-08-21 13:30:00,ATM-2,CE,1070.0,1093.1,24.7,24.7,24.45,24.45,11.327377,750,370500
2026-08-21 13:35:00,ATM-2,CE,1070.0,1093.5,25.35,25.35,24.45,24.75,9.786753,3000,370500
2026-08-21 13:40:00,ATM-2,CE,1070.0,1093.9,25.2,25.2,24.7,24.95,0.0,4500,371250
2026-08-21 13:45:00,ATM-2,CE,1070.0,1093.7,24.95,24.95,24.95,24.95,9.912463,0,371250
2026-08-21 13:50:00,ATM-2,CE,1070.0,1093.9,24.95,25.7,24.95,25.2,10.986957,1500,371250
2026-08-21 13:55:00,ATM-2,CE,1070.0,1094.1,25.2,25.2,25.2,25.2,0.0,0,371250
2026-08-21 14:00:00,ATM-2,CE,1070.0,1093.6,25.2,25.2,25.2,25.2,13.949747,0,372000
2026-08-21 14:05:00,ATM-2,CE,1070.0,1092.6,25.2,25.2,24.05,24.15,13.152698,9000,369000
2026-08-21 14:10:00,ATM-2,CE,1070.0,1092.5,24.15,24.2,24.15,24.2,14.17551,750,368250
2026-08-21 14:15:00,ATM-2,CE,1070.0,1093.2,24.4,24.8,24.2,24.8,13.814342,2250,367500
2026-08-21 14:20:00,ATM-2,CE,1070.0,1093.6,24.8,25.9,24.8,25.4,15.326008,12750,371250
2026-08-21 14:25:00,ATM-2,CE,1070.0,1093.9,25.2,25.55,25.2,25.25,11.82445,6000,370500
2026-08-21 14:30:00,ATM-2,CE,1070.0,1093.5,25.25,25.6,25.15,25.15,14.340026,7500,372000
2026-08-21 14:35:00,ATM-2,CE,1070.0,1093.3,25.15,25.15,24.8,24.8,13.126802,750,373500
2026-08-21 14:40:00,ATM-2,CE,1070.0,1093.7,24.8,25.0,24.8,25.0,11.117017,1500,373500
2026-08-21 14:45:00,ATM-2,CE,1070.0,1093.5,25.0,25.4,25.0,25.2,14.71423,3000,375000
2026-08-21 14:50:00,ATM-2,CE,1070.0,1093.9,24.95,25.2,24.35,25.05,0.0,5250,375000
2026-08-21 14:55:00,ATM-2,CE,1070.0,1092.9,24.7,25.05,24.7,24.7,15.085724,2250,375750
2026-08-21 15:00:00,ATM-2,CE,1070.0,1093.8,24.7,24.7,23.9,24.35,0.0,6750,376500
2026-08-21 15:05:00,ATM-2,CE,1070.0,1093.0,24.35,24.35,24.35,24.35,11.612103,0,376500
2026-08-21 15:10:00,ATM-2,CE,1070.0,1093.1,24.35,25.15,24.35,24.7,13.912242,16500,373500
2026-08-21 15:15:00,ATM-2,CE,1070.0,1093.1,24.7,24.85,24.4,24.85,14.924224,5250,366000
2026-08-21 15:20:00,ATM-2,CE,1070.0,1093.1,24.85,24.85,24.85,24.85,14.936494,0,366000
2026-08-21 15:25:00,ATM-2,CE,1070.0,1095.0,24.85,24.85,24.65,24.65,0.0,2250,366000
2026-08-21 15:30:00,ATM-2,CE,1070.0,1095.0,24.65,25.5,24.65,25.5,0.0,11250,365250
2026-08-21 15:35:00,ATM-2,CE,1070.0,1095.0,25.5,26.2,25.5,26.2,9.563388,1500,354000
2026-08-24 09:15:00,ATM-2,CE,1070.0,1091.4,21.05,26.0,19.2,26.0,47.832624,4500,354000
2026-08-24 09:20:00,ATM-2,CE,1070.0,1093.0,24.65,26.0,24.6,25.3,36.672678,18000,349500
2026-08-24 09:25:00,ATM-2,CE,1070.0,1092.3,25.15,25.3,24.65,24.65,36.337985,14250,347250
2026-08-24 09:30:00,ATM-2,CE,1070.0,1094.4,24.2,25.15,24.2,25.1,24.019461,12000,343500
2026-08-24 09:35:00,ATM-2,CE,1070.0,1092.2,25.5,25.5,23.5,23.5,28.716697,2250,344250
2026-08-24 09:40:00,ATM-2,CE,1070.0,1091.8,23.5,23.5,23.4,23.45,31.184256,4500,342750
2026-08-24 09:45:00,ATM-2,CE,1070.0,1092.8,23.45,24.25,23.45,24.25,30.616767,1500,341250
2026-08-24 09:50:00,ATM-2,CE,1070.0,1092.0,24.25,24.55,23.95,24.55,37.571931,6000,339000
2026-08-24 09:55:00,ATM-2,CE,1070.0,1092.2,24.55,25.0,24.55,25.0,39.375184,2250,338250
2026-08-24 10:00:00,ATM-2,CE,1070.0,1090.7,25.0,25.0,24.3,24.65,44.236482,4500,338250
2026-08-24 10:05:00,ATM-2,CE,1070.0,1090.4,24.65,24.65,23.7,23.7,40.409622,3000,339000
2026-08-24 10:10:00,ATM-2,CE,1070.0,1089.3,23.1,23.7,21.85,21.85,34.902953,7500,336750
2026-08-24 10:15:00,ATM-2,CE,1070.0,1092.0,21.85,24.2,21.85,23.8,32.843082,3000,337500
2026-08-24 10:20:00,ATM-2,CE,1070.0,1090.8,23.8,23.8,23.25,23.25,36.018315,2250,336750
2026-08-24 10:25:00,ATM-2,CE,1070.0,1091.6,23.25,23.95,23.25,23.3,31.821531,7500,333000
2026-08-24 10:30:00,ATM-2,CE,1070.0,1090.7,23.3,23.95,23.15,23.15,36.02478,5250,332250
2026-08-24 10:35:00,ATM-2,CE,1070.0,1091.3,23.15,23.15,23.15,23.15,32.717333,0,331500
2026-08-24 10:40:00,ATM-2,CE,1070.0,1091.2,23.15,23.6,23.05,23.6,36.357784,4500,333000
2026-08-24 10:45:00,ATM-2,CE,1070.0,1089.8,23.6,23.6,23.4,23.4,41.88113,750,332250
2026-08-24 10:50:00,ATM-2,CE,1070.0,1089.7,22.25,23.4,22.25,22.25,35.785776,2250,332250
2026-08-24 10:55:00,ATM-2,CE,1070.0,1088.6,22.0,22.45,21.5,21.5,36.685209,8250,331500
2026-08-24 11:00:00,ATM-2,CE,1070.0,1087.4,21.4,21.9,21.4,21.9,43.863044,6000,330000
2026-08-24 11:05:00,ATM-2,CE,1070.0,1087.5,21.9,21.9,21.9,21.9,43.550647,0,333000
2026-08-24 11:10:00,ATM-2,CE,1070.0,1087.5,21.9,21.9,20.2,20.45,35.872731,12000,332250
2026-08-24 11:15:00,ATM-2,CE,1070.0,1087.1,19.8,20.45,19.8,19.95,34.894391,3750,327750
2026-08-24 11:20:00,ATM-2,CE,1070.0,1087.6,19.95,20.05,19.9,19.9,32.260358,3750,328500
2026-08-24 11:25:00,ATM-2,CE,1070.0,1088.2,20.5,21.1,19.9,20.95,35.701138,192000,406500
2026-08-24 11:30:00,ATM-2,CE,1060.0,1084.8,20.95,27.85,20.95,26.95,39.427817,5250,504000
2026-08-24 11:35:00,ATM-2,CE,1070.0,1085.1,26.65,26.95,17.95,19.05,38.580572,42750,405000
2026-08-24 11:40:00,ATM-2,CE,1070.0,1087.2,27.5,27.9,18.95,20.1,35.580892,9000,399000
2026-08-24 11:45:00,ATM-2,CE,1070.0,1087.2,20.1,20.25,19.4,20.15,35.924127,20250,401250
2026-08-24 11:50:00,ATM-2,CE,1070.0,1086.8,20.15,20.15,20.15,20.15,37.73208,0,404250
2026-08-24 11:55:00,ATM-2,CE,1070.0,1086.0,20.1,20.15,20.1,20.1,40.762835,5250,405000
2026-08-24 12:00:00,ATM-2,CE,1070.0,1086.4,20.1,20.1,19.55,19.55,36.262824,1500,404250
2026-08-24 12:05:00,ATM-2,CE,1070.0,1086.3,19.55,19.55,19.05,19.05,33.939443,750,403500
2026-08-24 12:10:00,ATM-2,CE,1070.0,1086.1,19.05,19.25,19.0,19.0,34.614385,6000,405000
2026-08-24 12:15:00,ATM-2,CE,1070.0,1086.7,19.0,19.4,18.95,19.4,34.235417,6750,405750
2026-08-24 12:20:00,ATM-2,CE,1070.0,1086.2,19.4,19.4,19.4,19.4,36.533391,0,405000
2026-08-24 12:25:00,ATM-2,CE,1070.0,1085.6,18.7,19.4,18.7,19.0,36.940068,8250,402000
2026-08-24 12:30:00,ATM-2,CE,1070.0,1085.4,28.1,28.1,18.6,18.6,35.659704,3000,399750
2026-08-24 12:35:00,ATM-2,CE,1060.0,1084.6,18.6,27.55,18.5,26.5,38.214629,6750,450750
2026-08-24 12:40:00,ATM-2,CE,1060.0,1084.2,26.5,26.5,25.9,26.45,40.441773,3750,447750
2026-08-24 12:45:00,ATM-2,CE,1070.0,1085.1,26.45,26.5,18.0,18.0,33.793282,3000,398250
2026-08-24 12:50:00,ATM-2,CE,1060.0,1084.5,26.4,26.8,26.1,26.7,40.542985,9750,446250
2026-08-24 12:55:00,ATM-2,CE,1060.0,1083.4,26.7,27.55,26.25,26.25,43.819767,9750,442500
2026-08-24 13:00:00,ATM-2,CE,1060.0,1083.4,25.7,27.2,17.15,25.25,36.911185,44250,427500
2026-08-24 13:05:00,ATM-2,CE,1060.0,1082.9,25.25,25.25,24.35,25.25,40.070564,3750,426000
2026-08-24 13:10:00,ATM-2,CE,1060.0,1082.3,25.6,25.6,24.45,25.3,43.725812,10500,424500
2026-08-24 13:15:00,ATM-2,CE,1060.0,1082.3,24.8,25.3,24.8,25.15,42.849165,4500,424500
2026-08-24 13:20:00,ATM-2,CE,1060.0,1081.8,25.3,25.3,24.05,24.05,38.363881,3750,423750
2026-08-24 13:25:00,ATM-2,CE,1060.0,1082.4,24.4,24.45,24.05,24.45,37.668238,9000,423000
2026-08-24 13:30:00,ATM-2,CE,1060.0,1083.3,25.1,25.1,24.45,25.1,36.809074,17250,420000
2026-08-24 13:35:00,ATM-2,CE,1060.0,1082.4,25.25,25.85,24.85,24.95,41.290836,30000,420750
2026-08-24 13:40:00,ATM-2,CE,1060.0,1082.7,24.95,25.1,24.35,24.55,36.693695,12000,421500
2026-08-24 13:45:00,ATM-2,CE,1060.0,1083.8,24.35,25.55,24.35,25.55,37.134989,6000,420750
2026-08-24 13:50:00,ATM-2,CE,1060.0,1082.3,25.75,26.5,24.6,24.6,39.680545,10500,418500
2026-08-24 13:55:00,ATM-2,CE,1060.0,1081.1,24.65,24.85,23.5,23.5,39.076563,6000,419250
2026-08-24 14:00:00,ATM-2,CE,1060.0,1080.7,22.75,23.5,22.55,23.05,38.347324,12000,417750
2026-08-24 14:05:00,ATM-2,CE,1060.0,1080.8,23.35,23.35,23.05,23.25,39.206203,3750,419250
2026-08-24 14:10:00,ATM-2,CE,1060.0,1080.3,23.05,23.35,22.55,22.8,39.026169,9750,420750
2026-08-24 14:15:00,ATM-2,CE,1060.0,1080.3,22.65,23.3,22.65,22.8,39.095757,10500,424500
2026-08-24 14:20:00,ATM-2,CE,1060.0,1079.2,22.2,22.8,22.0,22.15,40.721337,21750,419250
2026-08-24 14:25:00,ATM-2,CE,1060.0,1079.8,21.95,22.45,21.95,22.45,39.625346,10500,420000
2026-08-24 14:30:00,ATM-2,CE,1060.0,1081.4,22.45,24.25,22.45,23.55,38.163551,14250,420750
2026-08-24 14:35:00,ATM-2,CE,1060.0,1080.5,23.05,23.55,23.05,23.2,40.932976,5250,420750
2026-08-24 14:40:00,ATM-2,CE,1060.0,1080.4,23.2,23.2,22.6,23.1,40.88657,7500,420750
2026-08-24 14:45:00,ATM-2,CE,1060.0,1079.9,22.95,23.1,22.25,22.25,38.036866,7500,420750
2026-08-24 14:50:00,ATM-2,CE,1060.0,1080.3,22.25,22.5,22.1,22.5,37.536655,12000,423750
2026-08-24 14:55:00,ATM-2,CE,1060.0,1079.6,21.95,22.5,21.05,21.75,36.442408,8250,422250
2026-08-24 15:00:00,ATM-2,CE,1060.0,1078.6,21.2,21.75,20.55,20.55,33.931998,15750,425250
2026-08-24 15:05:00,ATM-2,CE,1060.0,1078.8,20.0,20.55,20.0,20.3,30.801698,20250,430500
2026-08-24 15:10:00,ATM-2,CE,1060.0,1078.9,20.65,21.05,20.3,21.05,35.825541,6750,426000
2026-08-24 15:15:00,ATM-2,CE,1060.0,1078.9,20.9,21.8,20.9,21.2,36.926189,13500,425250
2026-08-24 15:20:00,ATM-2,CE,1060.0,1078.9,21.2,21.3,20.75,20.75,33.802844,8250,426000
2026-08-24 15:25:00,ATM-2,CE,1060.0,1077.0,20.65,20.75,19.65,19.65,37.021933,3750,428250
2026-08-24 15:30:00,ATM-2,CE,1060.0,1077.0,19.2,20.2,19.2,20.2,40.471245,4500,429750
2026-08-24 15:35:00,ATM-2,CE,1060.0,1077.0,20.2,20.2,20.2,20.2,40.546124,0,429750
2026-08-25 09:15:00,ATM-2,CE,1060.0,1075.7,30.15,30.15,15.75,15.75,0.0,0,426750
2026-08-25 09:20:00,ATM-2,CE,1060.0,1075.5,16.4,16.4,15.7,15.85,35.578086,8250,425250
2026-08-25 09:25:00,ATM-2,CE,1060.0,1075.7,15.7,16.4,15.7,16.3,42.267203,10500,423000
2026-08-25 09:30:00,ATM-2,CE,1060.0,1075.7,16.3,16.3,15.85,15.85,28.623391,3000,423000
2026-08-25 09:35:00,ATM-2,CE,1050.0,1073.4,25.8,25.8,24.15,24.15,61.830405,9750,410250
2026-08-25 09:40:00,ATM-2,CE,1050.0,1072.8,23.2,24.15,23.2,23.2,51.721359,2250,410250
2026-08-25 09:45:00,ATM-2,CE,1050.0,1074.7,22.75,23.7,13.85,23.7,0.0,1500,410250
2026-08-25 09:50:00,ATM-2,CE,1050.0,1073.2,25.15,25.15,23.7,23.85,60.409608,3750,409500
2026-08-25 09:55:00,ATM-2,CE,1050.0,1075.0,23.85,26.55,14.3,26.55,82.936835,5250,408750
2026-08-25 10:00:00,ATM-2,CE,1060.0,1076.3,15.75,26.55,15.75,15.9,0.0,7500,423750
2026-08-25 10:05:00,ATM-2,CE,1060.0,1075.4,15.9,17.75,15.9,16.5,53.721243,4500,420000
2026-08-25 10:10:00,ATM-2,CE,1060.0,1075.8,15.85,25.95,15.85,15.85,0.0,5250,416250
2026-08-25 10:15:00,ATM-2,CE,1060.0,1075.5,15.85,16.8,15.85,16.8,58.110888,750,416250
2026-08-25 10:20:00,ATM-2,CE,1050.0,1074.1,16.8,25.8,16.8,24.7,63.82857,750,397500
2026-08-25 10:25:00,ATM-2,CE,1050.0,1074.1,24.7,25.05,24.7,25.05,73.002979,750,397500
2026-08-25 10:30:00,ATM-2,CE,1050.0,1073.7,24.3,25.05,23.45,23.45,101.355266,1500,397500
2026-08-25 10:35:00,ATM-2,CE,1050.0,1074.3,23.45,25.5,23.45,25.5,80.028776,4500,397500
2026-08-25 10:40:00,ATM-2,CE,1050.0,1074.4,25.5,25.5,24.2,24.2,0.0,4500,392250
2026-08-25 10:45:00,ATM-2,CE,1050.0,1074.0,24.2,24.2,24.2,24.2,50.890169,0,392250
2026-08-25 10:50:00,ATM-2,CE,1050.0,1074.9,24.2,24.2,24.2,24.2,0.0,0,391500
2026-08-25 10:55:00,ATM-2,CE,1050.0,1074.5,24.2,24.2,24.2,24.2,0.0,0,391500
2026-08-25 11:00:00,ATM-2,CE,1060.0,1075.9,15.85,15.85,14.75,15.85,0.0,750,412500
2026-08-25 11:05:00,ATM-2,CE,1060.0,1076.1,15.85,17.1,15.85,17.1,59.476854,750,413250
2026-08-25 11:10:00,ATM-2,CE,1060.0,1077.2,17.1,17.1,17.1,17.1,0.0,0,413250
2026-08-25 11:15:00,ATM-2,CE,1060.0,1076.1,17.1,17.1,17.1,17.1,60.644405,0,413250
2026-08-25 11:20:00,ATM-2,CE,1060.0,1076.6,17.1,17.5,17.1,17.5,60.480285,750,412500
2026-08-25 11:25:00,ATM-2,CE,1060.0,1076.4,17.5,17.5,17.45,17.45,63.669999,750,411750
2026-08-25 11:30:00,ATM-2,CE,1060.0,1076.4,17.45,17.45,17.1,17.1,56.70255,2250,411750
2026-08-25 11:35:00,ATM-2,CE,1060.0,1077.6,17.1,17.1,16.2,16.2,0.0,1500,411000
2026-08-25 11:40:00,ATM-2,CE,1060.0,1077.5,16.2,16.2,16.2,16.2,0.0,0,411000
2026-08-25 11:45:00,ATM-2,CE,1060.0,1077.6,16.2,16.2,16.2,16.2,0.0,0,411000
2026-08-25 11:50:00,ATM-2,CE,1060.0,1079.2,16.2,16.2,16.2,16.2,0.0,0,411000
2026-08-25 11:55:00,ATM-2,CE,1060.0,1080.5,16.2,16.2,16.2,16.2,0.0,0,411000
2026-08-25 12:00:00,ATM-2,CE,1060.0,1079.9,16.2,20.7,16.2,19.9,0.0,4500,410250
2026-08-25 12:05:00,ATM-2,CE,1060.0,1079.8,19.9,20.25,19.8,19.8,0.0,1500,409500
2026-08-25 12:10:00,ATM-2,CE,1060.0,1080.5,19.8,19.8,19.8,19.8,0.0,0,409500
2026-08-25 12:15:00,ATM-2,CE,1060.0,1080.2,19.8,20.2,19.6,19.6,0.0,2250,409500
2026-08-25 12:20:00,ATM-2,CE,1060.0,1079.5,19.6,19.6,19.5,19.5,0.0,750,409500
2026-08-25 12:25:00,ATM-2,CE,1060.0,1079.6,19.5,19.5,19.5,19.5,0.0,0,409500
2026-08-25 12:30:00,ATM-2,CE,1060.0,1079.6,19.5,19.65,19.45,19.65,38.203113,2250,409500
2026-08-25 12:35:00,ATM-2,CE,1060.0,1078.5,19.5,19.65,18.5,18.5,0.0,5250,407250
2026-08-25 12:40:00,ATM-2,CE,1060.0,1078.1,18.5,18.5,18.25,18.4,58.166719,6000,405750
2026-08-25 12:45:00,ATM-2,CE,1060.0,1078.3,18.4,18.4,17.25,17.25,0.0,3000,406500
2026-08-25 12:50:00,ATM-2,CE,1060.0,1078.4,17.25,17.25,17.25,17.25,0.0,0,406500
2026-08-25 12:55:00,ATM-2,CE,1060.0,1078.4,17.25,20.0,17.25,20.0,99.519835,18000,406500
2026-08-25 13:00:00,ATM-2,CE,1060.0,1077.7,20.0,20.0,18.35,18.35,74.241535,3750,405000
2026-08-25 13:05:00,ATM-2,CE,1060.0,1076.5,18.35,18.35,17.15,17.15,71.76378,750,405750
2026-08-25 13:10:00,ATM-2,CE,1060.0,1077.2,17.15,17.15,17.0,17.0,0.0,3750,405750
2026-08-25 13:15:00,ATM-2,CE,1060.0,1076.4,16.4,17.0,16.4,16.4,0.0,750,405750
2026-08-25 13:20:00,ATM-2,CE,1060.0,1076.5,16.4,16.4,16.4,16.4,0.0,0,405750
2026-08-25 13:25:00,ATM-2,CE,1060.0,1076.6,16.4,16.4,16.4,16.4,0.0,0,405750
2026-08-25 13:30:00,ATM-2,CE,1060.0,1077.0,16.4,16.4,16.4,16.4,0.0,0,405750
2026-08-25 13:35:00,ATM-2,CE,1060.0,1078.8,16.55,16.55,16.4,16.55,0.0,750,405750
2026-08-25 13:40:00,ATM-2,CE,1060.0,1078.4,16.4,17.75,16.3,17.75,0.0,3000,405750
2026-08-25 13:45:00,ATM-2,CE,1060.0,1078.7,16.45,17.75,16.45,16.45,0.0,750,405000
2026-08-25 13:50:00,ATM-2,CE,1060.0,1079.5,16.45,16.45,16.45,16.45,0.0,0,405000
2026-08-25 13:55:00,ATM-2,CE,1060.0,1078.4,16.45,16.45,16.45,16.45,0.0,0,405000
2026-08-25 14:00:00,ATM-2,CE,1060.0,1078.6,16.45,16.45,16.45,16.45,0.0,0,405000
2026-08-25 14:05:00,ATM-2,CE,1060.0,1078.7,16.45,16.45,16.45,16.45,0.0,0,405000
2026-08-25 14:10:00,ATM-2,CE,1060.0,1079.7,16.45,19.05,16.05,19.05,0.0,7500,402000
2026-08-25 14:15:00,ATM-2,CE,1060.0,1079.2,19.05,19.05,17.1,17.1,0.0,1500,401250
2026-08-25 14:20:00,ATM-2,CE,1060.0,1079.0,17.1,17.1,17.1,17.1,0.0,0,401250
2026-08-25 14:25:00,ATM-2,CE,1060.0,1078.4,17.1,18.4,17.1,18.0,0.0,2250,399750
2026-08-25 14:30:00,ATM-2,CE,1060.0,1081.0,18.0,18.0,18.0,18.0,0.0,0,399750
2026-08-25 14:35:00,ATM-2,CE,1060.0,1080.5,18.0,18.0,18.0,18.0,0.0,0,399000
2026-08-25 14:40:00,ATM-2,CE,1060.0,1082.0,18.0,18.0,18.0,18.0,0.0,0,399000
2026-08-25 14:45:00,ATM-2,CE,1060.0,1082.4,18.0,18.0,18.0,18.0,0.0,0,399000
2026-08-25 14:50:00,ATM-2,CE,1060.0,1082.6,18.0,18.0,18.0,18.0,0.0,0,399000
2026-08-25 14:55:00,ATM-2,CE,1060.0,1082.5,18.0,18.0,18.0,18.0,0.0,0,399000
2026-08-25 15:00:00,ATM-2,CE,1060.0,1084.0,18.0,18.0,18.0,18.0,0.0,0,399000
2026-08-25 15:05:00,ATM-2,CE,1060.0,1084.6,18.0,18.0,18.0,18.0,0.0,0,399000
2026-08-25 15:10:00,ATM-2,CE,1060.0,1082.0,21.85,21.85,18.0,21.85,0.0,4500,399000
2026-08-25 15:15:00,ATM-2,CE,1060.0,1082.0,21.85,21.85,21.85,21.85,0.0,0,399000
2026-08-25 15:20:00,ATM-2,CE,1060.0,1082.0,21.85,21.85,21.85,21.85,0.0,0,399000
2026-08-25 15:25:00,ATM-2,CE,1070.0,1087.4,21.85,21.85,15.25,15.25,0.0,0,196500
2026-08-25 15:30:00,ATM-2,CE,1070.0,1087.4,15.25,17.0,15.25,17.0,0.0,1500,195750
2026-08-25 15:35:00,ATM-2,CE,1070.0,1087.4,15.0,17.0,15.0,15.0,0.0,1500,195750
2026-08-20 09:15:00,ATM-2,PE,1080.0,1097.9,9.7,10.4,4.25,4.35,22.18956,357750,1299000
2026-08-20 09:20:00,ATM-2,PE,1070.0,1093.7,2.95,5.3,2.6,2.85,21.707405,115500,1005000
2026-08-20 09:25:00,ATM-2,PE,1080.0,1095.5,2.85,4.95,2.8,4.5,21.109321,59250,1328250
2026-08-20 09:30:00,ATM-2,PE,1070.0,1094.1,4.5,4.55,2.45,2.75,21.638452,50250,1010250
2026-08-20 09:35:00,ATM-2,PE,1070.0,1093.3,2.55,2.85,2.55,2.85,21.516995,21000,1007250
2026-08-20 09:40:00,ATM-2,PE,1070.0,1094.8,2.8,2.85,2.8,2.8,22.162042,24750,1019250
2026-08-20 09:45:00,ATM-2,PE,1070.0,1092.4,2.6,2.85,2.6,2.85,21.05405,51750,1014000
2026-08-20 09:50:00,ATM-2,PE,1070.0,1093.6,2.95,3.0,2.7,2.7,21.257884,42000,1013250
2026-08-20 09:55:00,ATM-2,PE,1080.0,1096.2,2.7,4.5,2.55,4.15,20.747127,44250,1304250
2026-08-20 10:00:00,ATM-2,PE,1080.0,1096.8,4.15,4.3,4.1,4.1,20.992461,19500,1305750
2026-08-20 10:05:00,ATM-2,PE,1080.0,1095.3,4.05,4.4,4.05,4.4,20.803445,17250,1299750
2026-08-20 10:10:00,ATM-2,PE,1080.0,1097.8,4.3,4.4,3.9,3.9,21.107414,45000,1293750
2026-08-20 10:15:00,ATM-2,PE,1070.0,1094.5,3.75,4.2,2.2,2.2,20.223172,56250,977250
2026-08-20 10:20:00,ATM-2,PE,1070.0,1093.9,2.55,2.6,2.2,2.45,20.703907,37500,980250
2026-08-20 10:25:00,ATM-2,PE,1070.0,1094.4,2.45,2.45,2.35,2.45,20.96549,6750,981000
2026-08-20 10:30:00,ATM-2,PE,1080.0,1095.4,2.45,4.6,2.4,4.2,20.425164,51000,1299750
2026-08-20 10:35:00,ATM-2,PE,1070.0,1094.8,4.2,4.25,2.4,2.4,21.027348,1500,968250
2026-08-20 10:40:00,ATM-2,PE,1080.0,1097.7,2.4,4.3,2.4,3.75,20.715356,19500,1291500
2026-08-20 10:45:00,ATM-2,PE,1080.0,1098.9,3.65,3.75,3.3,3.35,20.391446,56250,1280250
2026-08-20 10:50:00,ATM-2,PE,1080.0,1098.2,3.4,3.7,3.35,3.35,20.002143,61500,1258500
2026-08-20 10:55:00,ATM-2,PE,1080.0,1100.3,3.35,3.35,2.9,2.9,19.975072,141750,1245000
2026-08-20 11:00:00,ATM-2,PE,1080.0,1099.6,3.0,3.65,2.9,3.55,21.323403,98250,1223250
2026-08-20 11:05:00,ATM-2,PE,1080.0,1098.6,3.6,3.85,3.55,3.85,21.520187,27750,1214250
2026-08-20 11:10:00,ATM-2,PE,1080.0,1098.7,3.85,4.0,3.8,3.9,21.710022,12000,1208250
2026-08-20 11:15:00,ATM-2,PE,1080.0,1096.6,4.0,4.4,3.9,4.4,21.688233,16500,1200750
2026-08-20 11:20:00,ATM-2,PE,1080.0,1095.6,4.35,4.7,2.45,4.7,21.785915,23250,1197750
2026-08-20 11:25:00,ATM-2,PE,1080.0,1095.5,4.6,4.7,2.65,4.55,21.380109,9000,1195500
2026-08-20 11:30:00,ATM-2,PE,1080.0,1096.2,4.55,4.55,4.2,4.4,21.464086,15000,1197000
2026-08-20 11:35:00,ATM-2,PE,1080.0,1096.0,4.25,4.4,4.25,4.3,21.110566,4500,1191000
2026-08-20 11:40:00,ATM-2,PE,1080.0,1096.0,4.3,4.55,4.3,4.5,21.591288,12750,1188750
2026-08-20 11:45:00,ATM-2,PE,1080.0,1095.7,4.4,4.5,4.35,4.35,21.058452,12750,1182000
2026-08-20 11:50:00,ATM-2,PE,1080.0,1097.1,4.35,4.4,4.05,4.05,21.19121,21000,1184250
2026-08-20 11:55:00,ATM-2,PE,1080.0,1097.0,4.0,4.3,3.95,4.2,21.502702,19500,1179750
2026-08-20 12:00:00,ATM-2,PE,1080.0,1096.9,4.2,4.2,4.1,4.2,21.449078,6000,1179000
2026-08-20 12:05:00,ATM-2,PE,1080.0,1097.0,4.2,4.2,3.85,4.05,21.150955,36000,1182750
2026-08-20 12:10:00,ATM-2,PE,1080.0,1097.5,4.05,4.1,3.95,4.0,21.332829,22500,1176750
2026-08-20 12:15:00,ATM-2,PE,1080.0,1098.7,4.0,4.1,3.8,3.8,21.545168,21000,1164000
2026-08-20 12:20:00,ATM-2,PE,1080.0,1098.0,3.8,3.85,3.75,3.85,21.268813,10500,1163250
2026-08-20 12:25:00,ATM-2,PE,1080.0,1098.2,3.75,3.9,3.65,3.75,21.141194,10500,1161000
2026-08-20 12:30:00,ATM-2,PE,1080.0,1097.9,3.85,3.85,3.75,3.85,21.223211,16500,1160250
2026-08-20 12:35:00,ATM-2,PE,1080.0,1099.1,3.85,3.85,3.5,3.55,21.163447,22500,1156500
2026-08-20 12:40:00,ATM-2,PE,1080.0,1097.8,3.4,3.85,3.3,3.85,21.177492,52500,1149750
2026-08-20 12:45:00,ATM-2,PE,1080.0,1099.0,3.95,3.95,3.55,3.6,21.248228,39000,1143000
2026-08-20 12:50:00,ATM-2,PE,1080.0,1099.0,3.55,3.6,3.35,3.6,21.25483,37500,1134750
2026-08-20 12:55:00,ATM-2,PE,1080.0,1097.0,3.55,4.15,3.55,4.1,21.338693,52500,1133250
2026-08-20 13:00:00,ATM-2,PE,1080.0,1096.3,4.05,4.2,4.05,4.2,21.164285,12750,1128750
2026-08-20 13:05:00,ATM-2,PE,1080.0,1096.4,4.2,4.4,4.2,4.4,21.712948,10500,1128000
2026-08-20 13:10:00,ATM-2,PE,1080.0,1096.4,4.4,4.55,4.35,4.4,21.719684,30750,1120500
2026-08-20 13:15:00,ATM-2,PE,1080.0,1096.0,4.35,4.5,4.3,4.35,21.360574,21750,1113000
2026-08-20 13:20:00,ATM-2,PE,1080.0,1096.6,4.45,4.45,4.3,4.35,21.735757,10500,1113000
2026-08-20 13:25:00,ATM-2,PE,1080.0,1095.9,4.4,4.4,4.2,4.35,21.312135,15750,1107750
2026-08-20 13:30:00,ATM-2,PE,1080.0,1096.9,4.45,4.45,4.15,4.35,21.932746,12750,1107750
2026-08-20 13:35:00,ATM-2,PE,1080.0,1095.1,4.3,4.45,4.2,4.45,21.065341,25500,1104000
2026-08-20 13:40:00,ATM-2,PE,1070.0,1095.0,4.45,4.5,2.5,2.55,21.84149,28500,880500
2026-08-20 13:45:00,ATM-2,PE,1070.0,1094.7,2.55,2.6,2.55,2.6,21.846216,20250,879000
2026-08-20 13:50:00,ATM-2,PE,1070.0,1094.8,2.5,2.6,2.5,2.55,21.751676,6750,878250
2026-08-20 13:55:00,ATM-2,PE,1080.0,1095.9,2.55,4.45,2.55,4.35,21.351954,59250,1101750
2026-08-20 14:00:00,ATM-2,PE,1080.0,1096.3,4.35,4.45,4.25,4.25,21.364395,12000,1098750
2026-08-20 14:05:00,ATM-2,PE,1080.0,1096.0,4.2,4.25,4.05,4.15,20.945048,15750,1094250
2026-08-20 14:10:00,ATM-2,PE,1080.0,1096.0,4.25,4.25,4.1,4.15,20.951585,17250,1089750
2026-08-20 14:15:00,ATM-2,PE,1070.0,1095.0,4.25,4.25,2.4,2.6,22.044252,9000,868500
2026-08-20 14:20:00,ATM-2,PE,1080.0,1096.0,2.5,4.35,2.5,4.15,20.964679,24000,1081500
2026-08-20 14:25:00,ATM-2,PE,1080.0,1096.2,4.15,4.3,2.15,4.2,21.215268,20250,1080000
2026-08-20 14:30:00,ATM-2,PE,1080.0,1098.6,4.25,4.25,3.7,3.8,21.668963,17250,1061250
2026-08-20 14:35:00,ATM-2,PE,1080.0,1099.0,3.45,3.8,3.4,3.4,20.872936,66000,1074000
2026-08-20 14:40:00,ATM-2,PE,1080.0,1099.1,3.4,3.55,3.3,3.3,20.672441,34500,1060500
2026-08-20 14:45:00,ATM-2,PE,1080.0,1099.8,3.35,3.35,3.1,3.15,20.672247,43500,1052250
2026-08-20 14:50:00,ATM-2,PE,1080.0,1098.9,3.15,3.3,3.15,3.25,20.438724,69750,1032000
2026-08-20 14:55:00,ATM-2,PE,1080.0,1098.8,3.35,3.35,3.25,3.25,20.388196,54000,1028250
2026-08-20 15:00:00,ATM-2,PE,1080.0,1097.6,3.3,3.5,3.25,3.5,20.354656,80250,1017750
2026-08-20 15:05:00,ATM-2,PE,1080.0,1096.5,3.55,3.6,3.45,3.6,19.965729,48000,998250
2026-08-20 15:10:00,ATM-2,PE,1080.0,1097.0,3.6,3.6,3.4,3.5,20.014713,48750,987000
2026-08-20 15:15:00,ATM-2,PE,1080.0,1097.0,3.6,3.7,3.5,3.7,20.528868,18000,984750
2026-08-20 15:20:00,ATM-2,PE,1080.0,1097.0,3.7,3.75,3.7,3.75,20.661364,12750,988500
2026-08-20 15:25:00,ATM-2,PE,1070.0,1095.0,3.85,3.9,2.05,2.1,20.545315,33750,849000
2026-08-20 15:30:00,ATM-2,PE,1070.0,1095.0,2.05,2.2,2.05,2.15,20.717185,3750,848250
2026-08-20 15:35:00,ATM-2,PE,1070.0,1095.0,2.15,2.2,2.15,2.15,20.723846,13500,845250
2026-08-21 09:15:00,ATM-2,PE,1080.0,1097.4,4.0,4.3,1.5,3.35,21.401426,147000,1038750
2026-08-21 09:20:00,ATM-2,PE,1070.0,1094.3,3.4,3.4,1.8,2.25,22.291731,125250,823500
2026-08-21 09:25:00,ATM-2,PE,1080.0,1096.8,2.3,4.55,2.25,3.6,21.72679,62250,997500
2026-08-21 09:30:00,ATM-2,PE,1080.0,1095.3,3.55,4.0,3.45,3.85,21.423761,61500,984000
2026-08-21 09:35:00,ATM-2,PE,1080.0,1097.0,3.8,3.85,3.45,3.65,22.009761,49500,1014750
2026-08-21 09:40:00,ATM-2,PE,1080.0,1099.5,3.5,3.65,3.1,3.1,22.031296,55500,1041000
2026-08-21 09:45:00,ATM-2,PE,1080.0,1098.3,3.05,3.5,3.05,3.5,22.442844,58500,1034250
2026-08-21 09:50:00,ATM-2,PE,1080.0,1099.0,3.4,3.5,3.2,3.2,22.03261,68250,1023000
2026-08-21 09:55:00,ATM-2,PE,1080.0,1099.2,3.15,3.4,3.1,3.1,21.872358,38250,999750
2026-08-21 10:00:00,ATM-2,PE,1080.0,1100.0,2.85,3.1,2.7,2.75,21.315323,80250,1014750
2026-08-21 10:05:00,ATM-2,PE,1080.0,1098.2,2.85,3.1,2.75,3.1,21.270797,73500,1005000
2026-08-21 10:10:00,ATM-2,PE,1080.0,1096.5,3.05,3.35,3.0,3.3,20.77533,65250,984000
2026-08-21 10:15:00,ATM-2,PE,1080.0,1097.0,3.2,3.3,3.2,3.2,20.820374,18750,986250
2026-08-21 10:20:00,ATM-2,PE,1080.0,1096.1,3.35,3.5,3.2,3.45,20.949253,22500,971250
2026-08-21 10:25:00,ATM-2,PE,1080.0,1097.0,3.55,3.65,3.45,3.65,22.093346,27000,951750
2026-08-21 10:30:00,ATM-2,PE,1080.0,1096.1,3.5,3.65,3.4,3.6,21.376835,24750,949500
2026-08-21 10:35:00,ATM-2,PE,1080.0,1096.3,3.6,3.7,3.5,3.5,21.241194,35250,942000
2026-08-21 10:40:00,ATM-2,PE,1070.0,1094.0,3.5,3.95,2.1,2.3,22.434083,36750,769500
2026-08-21 10:45:00,ATM-2,PE,1070.0,1093.7,2.3,2.5,2.25,2.5,22.952333,24750,749250
2026-08-21 10:50:00,ATM-2,PE,1070.0,1094.1,2.25,2.5,2.1,2.2,22.159144,16500,745500
2026-08-21 10:55:00,ATM-2,PE,1070.0,1093.3,2.2,2.5,2.2,2.4,22.40405,41250,743250
2026-08-21 11:00:00,ATM-2,PE,1070.0,1093.4,2.35,2.4,2.25,2.35,22.300092,8250,735000
2026-08-21 11:05:00,ATM-2,PE,1070.0,1092.3,2.35,2.5,2.3,2.5,22.177867,21000,731250
2026-08-21 11:10:00,ATM-2,PE,1070.0,1094.1,2.45,2.5,2.3,2.3,22.542807,21750,736500
2026-08-21 11:15:00,ATM-2,PE,1070.0,1093.8,2.15,2.3,2.15,2.2,22.033733,17250,738000
2026-08-21 11:20:00,ATM-2,PE,1080.0,1095.5,2.1,4.0,2.05,3.45,20.651748,70500,804750
2026-08-21 11:25:00,ATM-2,PE,1080.0,1096.1,3.7,3.7,3.25,3.4,20.914523,94500,807750
2026-08-21 11:30:00,ATM-2,PE,1080.0,1097.0,3.4,3.45,3.3,3.3,21.224154,22500,800250
2026-08-21 11:35:00,ATM-2,PE,1080.0,1096.6,3.3,3.35,3.3,3.35,21.115611,750,797250
2026-08-21 11:40:00,ATM-2,PE,1080.0,1098.5,3.35,3.35,3.05,3.05,21.466675,43500,780750
2026-08-21 11:45:00,ATM-2,PE,1080.0,1098.7,2.9,3.05,2.9,2.95,21.302524,57750,802500
2026-08-21 11:50:00,ATM-2,PE,1080.0,1099.0,2.95,2.95,2.8,2.8,21.04346,9000,798750
2026-08-21 11:55:00,ATM-2,PE,1080.0,1097.4,2.9,3.1,2.8,3.1,20.946881,37500,799500
2026-08-21 12:00:00,ATM-2,PE,1080.0,1095.1,3.0,3.4,3.0,3.4,20.31301,28500,799500
2026-08-21 12:05:00,ATM-2,PE,1080.0,1095.1,3.4,3.55,3.4,3.45,20.458216,29250,805500
2026-08-21 12:10:00,ATM-2,PE,1070.0,1093.8,1.85,1.9,1.8,1.8,20.671191,15000,796500
2026-08-21 12:15:00,ATM-2,PE,1080.0,1095.4,1.9,3.6,1.8,3.35,20.396419,12000,797250
2026-08-21 12:20:00,ATM-2,PE,1080.0,1095.6,3.3,3.35,3.25,3.35,20.535879,8250,798750
2026-08-21 12:25:00,ATM-2,PE,1080.0,1095.2,3.45,3.45,1.8,3.4,20.418436,9750,798750
2026-08-21 12:30:00,ATM-2,PE,1080.0,1095.1,3.3,3.4,3.1,3.4,20.359997,15000,803250
2026-08-21 12:35:00,ATM-2,PE,1080.0,1095.6,3.45,3.45,3.35,3.35,20.559704,17250,795750
2026-08-21 12:40:00,ATM-2,PE,1070.0,1094.9,3.4,3.4,1.75,1.8,21.318317,10500,775500
2026-08-21 12:45:00,ATM-2,PE,1080.0,1095.5,3.45,3.45,1.7,3.2,20.089797,8250,792000
2026-08-21 12:50:00,ATM-2,PE,1080.0,1095.1,3.2,3.2,3.2,3.2,19.835294,1500,792750
2026-08-21 12:55:00,ATM-2,PE,1070.0,1094.7,3.35,3.4,1.8,1.8,21.23504,8250,769500
2026-08-21 13:00:00,ATM-2,PE,1070.0,1094.1,1.8,1.95,1.8,1.95,21.479871,21750,764250
2026-08-21 13:05:00,ATM-2,PE,1070.0,1094.4,1.95,1.95,1.85,1.95,21.654372,6750,762000
2026-08-21 13:10:00,ATM-2,PE,1070.0,1092.7,1.85,1.95,1.85,1.95,20.716441,5250,759000
2026-08-21 13:15:00,ATM-2,PE,1070.0,1094.5,1.95,1.95,1.9,1.9,21.539634,5250,759750
2026-08-21 13:20:00,ATM-2,PE,1070.0,1092.9,1.9,2.05,1.9,2.05,21.206566,6000,759000
2026-08-21 13:25:00,ATM-2,PE,1070.0,1093.3,2.05,2.05,2.05,2.05,21.440798,2250,759000
2026-08-21 13:30:00,ATM-2,PE,1070.0,1093.1,2.05,2.05,2.0,2.0,21.155784,1500,758250
2026-08-21 13:35:00,ATM-2,PE,1070.0,1093.5,1.95,2.05,1.95,2.0,21.388838,3000,759000
2026-08-21 13:40:00,ATM-2,PE,1070.0,1093.9,1.95,2.0,1.9,1.9,21.250897,6750,756000
2026-08-21 13:45:00,ATM-2,PE,1070.0,1093.7,1.9,1.9,1.9,1.9,21.148417,1500,755250
2026-08-21 13:50:00,ATM-2,PE,1070.0,1093.9,1.9,1.9,1.7,1.7,20.504547,6000,756750
2026-08-21 13:55:00,ATM-2,PE,1070.0,1094.1,1.7,1.7,1.7,1.7,20.621439,0,756750
2026-08-21 14:00:00,ATM-2,PE,1070.0,1093.6,1.7,1.7,1.7,1.7,20.357426,4500,756750
2026-08-21 14:05:00,ATM-2,PE,1070.0,1092.6,1.7,1.85,1.7,1.7,19.817438,27000,757500
2026-08-21 14:10:00,ATM-2,PE,1070.0,1092.5,1.7,1.8,1.7,1.8,20.148651,3000,759750
2026-08-21 14:15:00,ATM-2,PE,1070.0,1093.2,1.8,1.8,1.65,1.65,19.968636,3000,759000
2026-08-21 14:20:00,ATM-2,PE,1070.0,1093.6,1.65,1.7,1.55,1.65,20.194463,14250,756000
2026-08-21 14:25:00,ATM-2,PE,1070.0,1093.9,1.55,1.65,1.55,1.65,20.365533,9000,747750
2026-08-21 14:30:00,ATM-2,PE,1070.0,1093.5,1.65,1.65,1.6,1.6,19.958581,6000,747000
2026-08-21 14:35:00,ATM-2,PE,1070.0,1093.3,1.7,1.7,1.6,1.65,20.055222,2250,747000
2026-08-21 14:40:00,ATM-2,PE,1070.0,1093.7,1.65,1.65,1.65,1.65,20.28131,17250,756750
2026-08-21 14:45:00,ATM-2,PE,1070.0,1093.5,1.65,1.65,1.6,1.6,19.982618,2250,758250
2026-08-21 14:50:00,ATM-2,PE,1070.0,1093.9,1.65,1.7,1.6,1.7,20.60334,1500,758250
2026-08-21 14:55:00,ATM-2,PE,1070.0,1092.9,1.7,1.75,1.6,1.75,20.254514,51000,750750
2026-08-21 15:00:00,ATM-2,PE,1070.0,1093.8,1.75,1.75,1.6,1.6,20.169497,15000,765000
2026-08-21 15:05:00,ATM-2,PE,1070.0,1093.0,1.6,1.6,1.55,1.6,19.742562,6750,759000
2026-08-21 15:10:00,ATM-2,PE,1070.0,1093.1,1.6,1.6,1.55,1.55,19.605657,24000,759000
2026-08-21 15:15:00,ATM-2,PE,1070.0,1093.1,1.55,1.55,1.55,1.55,19.613567,20250,735000
2026-08-21 15:20:00,ATM-2,PE,1070.0,1093.1,1.55,1.65,1.55,1.65,20.018344,1500,734250
2026-08-21 15:25:00,ATM-2,PE,1070.0,1095.0,1.7,1.8,1.65,1.75,21.460559,44250,699750
2026-08-21 15:30:00,ATM-2,PE,1070.0,1095.0,1.75,1.75,1.7,1.7,21.27087,71250,684000
2026-08-21 15:35:00,ATM-2,PE,1070.0,1095.0,1.65,1.7,1.25,1.35,19.820958,21750,666000
2026-08-24 09:15:00,ATM-2,PE,1070.0,1091.4,1.7,2.0,1.7,1.85,34.475774,43500,657750
2026-08-24 09:20:00,ATM-2,PE,1070.0,1093.0,1.85,1.85,1.45,1.45,33.379639,32250,657000
2026-08-24 09:25:00,ATM-2,PE,1070.0,1092.3,1.45,1.45,1.35,1.45,32.746995,16500,655500
2026-08-24 09:30:00,ATM-2,PE,1070.0,1094.4,1.6,1.6,1.35,1.5,35.183754,32250,657750
2026-08-24 09:35:00,ATM-2,PE,1070.0,1092.2,1.3,1.55,1.3,1.55,33.447002,15000,655500
2026-08-24 09:40:00,ATM-2,PE,1070.0,1091.8,1.55,1.6,1.4,1.4,32.032498,17250,663000
2026-08-24 09:45:00,ATM-2,PE,1070.0,1092.8,1.4,1.6,1.4,1.6,34.482152,40500,683250
2026-08-24 09:50:00,ATM-2,PE,1070.0,1092.0,1.55,1.6,1.45,1.45,32.676629,9000,674250
2026-08-24 09:55:00,ATM-2,PE,1070.0,1092.2,1.45,1.45,1.4,1.4,32.554479,750,672750
2026-08-24 10:00:00,ATM-2,PE,1070.0,1090.7,1.4,1.6,1.4,1.6,32.518759,7500,675750
2026-08-24 10:05:00,ATM-2,PE,1070.0,1090.4,1.6,1.6,1.5,1.5,31.57356,5250,675750
2026-08-24 10:10:00,ATM-2,PE,1070.0,1089.3,1.6,1.8,1.5,1.8,32.482561,53250,665250
2026-08-24 10:15:00,ATM-2,PE,1070.0,1092.0,1.6,1.8,1.3,1.4,32.53868,18750,657000
2026-08-24 10:20:00,ATM-2,PE,1070.0,1090.8,1.25,1.4,1.25,1.4,31.398086,4500,656250
2026-08-24 10:25:00,ATM-2,PE,1070.0,1091.6,1.4,1.45,1.35,1.45,32.597686,28500,648000
2026-08-24 10:30:00,ATM-2,PE,1070.0,1090.7,1.45,1.45,1.4,1.4,31.386138,22500,646500
2026-08-24 10:35:00,ATM-2,PE,1070.0,1091.3,1.4,1.5,1.4,1.4,32.027844,20250,645750
2026-08-24 10:40:00,ATM-2,PE,1070.0,1091.2,1.4,1.45,1.4,1.45,32.335131,9750,639750
2026-08-24 10:45:00,ATM-2,PE,1070.0,1089.8,1.45,1.7,1.45,1.7,32.673503,11250,645750
2026-08-24 10:50:00,ATM-2,PE,1070.0,1089.7,1.75,1.75,1.65,1.65,32.281123,2250,648750
2026-08-24 10:55:00,ATM-2,PE,1070.0,1088.6,1.7,1.9,1.55,1.9,32.781379,93750,678000
2026-08-24 11:00:00,ATM-2,PE,1070.0,1087.4,1.9,2.15,1.85,2.15,33.032578,17250,673500
2026-08-24 11:05:00,ATM-2,PE,1070.0,1087.5,2.15,2.15,2.15,2.15,33.192234,11250,667500
2026-08-24 11:10:00,ATM-2,PE,1070.0,1087.5,2.1,2.15,2.1,2.1,32.939689,10500,659250
2026-08-24 11:15:00,ATM-2,PE,1070.0,1087.1,2.2,2.2,2.1,2.1,32.536395,13500,648750
2026-08-24 11:20:00,ATM-2,PE,1070.0,1087.6,2.1,2.1,2.1,2.1,33.146843,1500,645750
2026-08-24 11:25:00,ATM-2,PE,1070.0,1088.2,2.1,2.1,2.05,2.05,33.56094,15750,637500
2026-08-24 11:30:00,ATM-2,PE,1060.0,1084.8,2.05,2.3,1.4,1.5,37.127046,35250,483000
2026-08-24 11:35:00,ATM-2,PE,1070.0,1085.1,1.5,2.6,1.4,2.25,31.290569,172500,603000
2026-08-24 11:40:00,ATM-2,PE,1070.0,1087.2,1.2,2.2,1.2,1.95,31.969392,8250,604500
2026-08-24 11:45:00,ATM-2,PE,1070.0,1087.2,2.05,2.15,1.95,2.05,32.630302,11250,601500
2026-08-24 11:50:00,ATM-2,PE,1070.0,1086.8,2.05,2.05,1.9,1.9,31.303132,12000,601500
2026-08-24 11:55:00,ATM-2,PE,1070.0,1086.0,1.85,1.95,1.85,1.95,30.749278,21000,600000
2026-08-24 12:00:00,ATM-2,PE,1070.0,1086.4,1.95,1.95,1.85,1.85,30.632834,12750,600750
2026-08-24 12:05:00,ATM-2,PE,1070.0,1086.3,1.85,1.95,1.85,1.95,31.182992,3750,598500
2026-08-24 12:10:00,ATM-2,PE,1070.0,1086.1,1.95,1.95,1.95,1.95,31.000239,6750,599250
2026-08-24 12:15:00,ATM-2,PE,1070.0,1086.7,1.95,1.95,1.95,1.95,31.732402,5250,594000
2026-08-24 12:20:00,ATM-2,PE,1070.0,1086.2,1.95,1.95,1.95,1.95,31.207377,0,591750
2026-08-24 12:25:00,ATM-2,PE,1070.0,1085.6,2.0,2.0,1.95,2.0,30.864941,18750,590250
2026-08-24 12:30:00,ATM-2,PE,1070.0,1085.4,0.95,2.15,0.95,2.1,31.27693,15000,584250
2026-08-24 12:35:00,ATM-2,PE,1060.0,1084.6,2.15,2.15,0.95,0.95,32.956598,62250,519750
2026-08-24 12:40:00,ATM-2,PE,1060.0,1084.2,0.95,0.95,0.95,0.95,32.626611,14250,530250
2026-08-24 12:45:00,ATM-2,PE,1070.0,1085.1,0.95,2.5,0.95,2.35,32.526138,57750,579750
2026-08-24 12:50:00,ATM-2,PE,1060.0,1084.5,1.05,1.05,1.0,1.05,33.938446,4500,570000
2026-08-24 12:55:00,ATM-2,PE,1060.0,1083.4,1.05,1.05,1.0,1.0,32.46911,31500,568500
2026-08-24 13:00:00,ATM-2,PE,1060.0,1083.4,1.15,2.6,1.0,1.1,33.411915,89250,566250
2026-08-24 13:05:00,ATM-2,PE,1060.0,1082.9,1.1,1.2,1.05,1.05,32.529195,9000,564750
2026-08-24 13:10:00,ATM-2,PE,1060.0,1082.3,0.95,1.1,0.95,1.05,31.985983,15750,564000
2026-08-24 13:15:00,ATM-2,PE,1060.0,1082.3,1.1,1.1,1.05,1.05,32.035516,27000,567000
2026-08-24 13:20:00,ATM-2,PE,1060.0,1081.8,1.1,1.15,1.05,1.15,32.443584,4500,564000
2026-08-24 13:25:00,ATM-2,PE,1060.0,1082.4,1.15,1.2,1.15,1.15,33.102217,26250,555000
2026-08-24 13:30:00,ATM-2,PE,1060.0,1083.3,1.1,1.15,1.1,1.1,33.624725,7500,553500
2026-08-24 13:35:00,ATM-2,PE,1060.0,1082.4,1.1,1.15,1.0,1.1,32.775085,90750,551250
2026-08-24 13:40:00,ATM-2,PE,1060.0,1082.7,1.1,1.15,1.05,1.15,33.562646,25500,561750
2026-08-24 13:45:00,ATM-2,PE,1060.0,1083.8,1.15,1.15,1.0,1.05,33.832636,6000,560250
2026-08-24 13:50:00,ATM-2,PE,1060.0,1082.3,0.95,1.1,0.95,1.1,32.829466,34500,539250
2026-08-24 13:55:00,ATM-2,PE,1060.0,1081.1,1.1,1.25,1.1,1.25,32.908347,9000,537750
2026-08-24 14:00:00,ATM-2,PE,1060.0,1080.7,1.25,1.3,1.25,1.3,32.941565,5250,538500
2026-08-24 14:05:00,ATM-2,PE,1060.0,1080.8,1.3,1.3,1.3,1.3,33.100365,2250,536250
2026-08-24 14:10:00,ATM-2,PE,1060.0,1080.3,1.35,1.35,1.3,1.35,33.014697,27000,543750
2026-08-24 14:15:00,ATM-2,PE,1060.0,1080.3,1.35,1.35,1.3,1.3,32.673473,31500,556500
2026-08-24 14:20:00,ATM-2,PE,1060.0,1079.2,1.35,1.35,1.3,1.3,31.541712,15750,547500
2026-08-24 14:25:00,ATM-2,PE,1060.0,1079.8,1.35,1.35,1.25,1.25,31.843712,11250,548250
2026-08-24 14:30:00,ATM-2,PE,1060.0,1081.4,1.25,1.25,1.0,1.05,31.888675,58500,531750
2026-08-24 14:35:00,ATM-2,PE,1060.0,1080.5,1.1,1.1,1.05,1.05,31.012272,10500,530250
2026-08-24 14:40:00,ATM-2,PE,1060.0,1080.4,1.0,1.05,1.0,1.05,30.959201,20250,542250
2026-08-24 14:45:00,ATM-2,PE,1060.0,1079.9,1.0,1.15,1.0,1.15,31.338632,7500,541500
2026-08-24 14:50:00,ATM-2,PE,1060.0,1080.3,1.15,1.15,1.05,1.05,30.956865,6000,541500
2026-08-24 14:55:00,ATM-2,PE,1060.0,1079.6,1.1,1.15,1.0,1.0,29.838264,27750,554250
2026-08-24 15:00:00,ATM-2,PE,1060.0,1078.6,1.0,1.15,1.0,1.1,29.685697,12000,554250
2026-08-24 15:05:00,ATM-2,PE,1060.0,1078.8,1.1,1.15,1.1,1.1,29.949704,78750,555000
2026-08-24 15:10:00,ATM-2,PE,1060.0,1078.9,1.0,1.1,0.95,1.0,29.250952,27000,547500
2026-08-24 15:15:00,ATM-2,PE,1060.0,1078.9,1.0,1.0,0.9,0.95,28.858304,57750,546750
2026-08-24 15:20:00,ATM-2,PE,1060.0,1078.9,0.85,0.95,0.85,0.95,28.906747,8250,545250
2026-08-24 15:25:00,ATM-2,PE,1060.0,1077.0,1.0,1.05,0.95,1.05,27.779723,8250,543000
2026-08-24 15:30:00,ATM-2,PE,1060.0,1077.0,1.1,1.1,0.95,1.0,27.408714,9000,543750
2026-08-24 15:35:00,ATM-2,PE,1060.0,1077.0,1.0,1.15,0.9,1.05,27.873732,59250,527250
2026-08-25 09:15:00,ATM-2,PE,1060.0,1075.7,0.15,0.8,0.15,0.35,37.72015,63750,522750
2026-08-25 09:20:00,ATM-2,PE,1060.0,1075.5,0.35,0.35,0.2,0.3,36.292922,42000,515250
2026-08-25 09:25:00,ATM-2,PE,1060.0,1075.7,0.35,0.35,0.2,0.3,36.8951,30000,511500
2026-08-25 09:30:00,ATM-2,PE,1060.0,1075.7,0.3,0.3,0.2,0.25,35.688517,6000,511500
2026-08-25 09:35:00,ATM-2,PE,1050.0,1073.4,0.2,0.3,0.15,0.3,51.425653,15000,762000
2026-08-25 09:40:00,ATM-2,PE,1050.0,1072.8,0.25,0.3,0.25,0.3,50.741962,6750,760500
2026-08-25 09:45:00,ATM-2,PE,1050.0,1074.7,0.35,0.4,0.3,0.35,56.151528,3000,759000
2026-08-25 09:50:00,ATM-2,PE,1050.0,1073.2,0.25,0.35,0.2,0.2,48.236153,13500,759750
2026-08-25 09:55:00,ATM-2,PE,1050.0,1075.0,0.2,0.45,0.2,0.2,51.595469,6000,744750
2026-08-25 10:00:00,ATM-2,PE,1060.0,1076.3,0.45,0.45,0.05,0.2,36.615217,207750,496500
2026-08-25 10:05:00,ATM-2,PE,1060.0,1075.4,0.2,0.25,0.2,0.25,36.963539,22500,489750
2026-08-25 10:10:00,ATM-2,PE,1060.0,1075.8,0.25,0.25,0.05,0.25,37.992301,3750,489750
2026-08-25 10:15:00,ATM-2,PE,1060.0,1075.5,0.25,0.25,0.15,0.15,34.027466,12000,489750
2026-08-25 10:20:00,ATM-2,PE,1050.0,1074.1,0.15,0.2,0.05,0.05,41.838314,12750,657750
2026-08-25 10:25:00,ATM-2,PE,1050.0,1074.1,0.05,0.05,0.05,0.05,42.17284,1500,657750
2026-08-25 10:30:00,ATM-2,PE,1050.0,1073.7,0.05,0.05,0.05,0.05,41.914667,1500,655500
2026-08-25 10:35:00,ATM-2,PE,1050.0,1074.3,0.05,0.05,0.05,0.05,43.169393,1500,655500
2026-08-25 10:40:00,ATM-2,PE,1050.0,1074.4,0.05,0.05,0.05,0.05,43.684635,87750,578250
2026-08-25 10:45:00,ATM-2,PE,1050.0,1074.0,0.05,0.05,0.05,0.05,43.442729,0,578250
2026-08-25 10:50:00,ATM-2,PE,1050.0,1074.9,0.05,0.05,0.05,0.05,45.215278,3000,576000
2026-08-25 10:55:00,ATM-2,PE,1050.0,1074.5,0.05,0.05,0.05,0.05,44.990908,0,576000
2026-08-25 11:00:00,ATM-2,PE,1060.0,1075.9,0.6,0.85,0.6,0.7,53.45135,32250,491250
2026-08-25 11:05:00,ATM-2,PE,1060.0,1076.1,0.55,0.7,0.55,0.65,53.304758,7500,489750
2026-08-25 11:10:00,ATM-2,PE,1060.0,1077.2,0.65,0.65,0.55,0.55,53.968219,3750,489000
2026-08-25 11:15:00,ATM-2,PE,1060.0,1076.1,0.55,0.55,0.55,0.55,51.920051,0,489750
2026-08-25 11:20:00,ATM-2,PE,1060.0,1076.6,0.45,0.55,0.45,0.55,53.603984,14250,490500
2026-08-25 11:25:00,ATM-2,PE,1060.0,1076.4,0.55,0.55,0.55,0.55,53.659402,14250,490500
2026-08-25 11:30:00,ATM-2,PE,1060.0,1076.4,0.55,0.6,0.55,0.6,55.467939,11250,490500
2026-08-25 11:35:00,ATM-2,PE,1060.0,1077.6,0.6,0.6,0.55,0.55,57.659212,6000,489750
2026-08-25 11:40:00,ATM-2,PE,1060.0,1077.5,0.55,0.55,0.35,0.35,52.011587,15000,489750
2026-08-25 11:45:00,ATM-2,PE,1060.0,1077.6,0.4,0.4,0.35,0.4,54.456734,6000,489750
2026-08-25 11:50:00,ATM-2,PE,1060.0,1079.2,0.4,0.4,0.4,0.4,58.803593,3000,489750
2026-08-25 11:55:00,ATM-2,PE,1060.0,1080.5,0.4,0.4,0.3,0.3,58.709313,1500,489750
2026-08-25 12:00:00,ATM-2,PE,1060.0,1079.9,0.3,0.3,0.2,0.2,53.486444,3000,489750
2026-08-25 12:05:00,ATM-2,PE,1060.0,1079.8,0.3,0.3,0.15,0.15,51.106358,3750,489750
2026-08-25 12:10:00,ATM-2,PE,1060.0,1080.5,0.15,0.2,0.15,0.2,56.085482,4500,489750
2026-08-25 12:15:00,ATM-2,PE,1060.0,1080.2,0.2,0.2,0.15,0.15,53.220075,3000,489750
2026-08-25 12:20:00,ATM-2,PE,1060.0,1079.5,0.15,0.2,0.15,0.2,55.250963,3750,489000
2026-08-25 12:25:00,ATM-2,PE,1060.0,1079.6,0.2,0.2,0.2,0.2,56.199748,0,489000
2026-08-25 12:30:00,ATM-2,PE,1060.0,1079.6,0.2,0.2,0.1,0.1,50.371582,15750,474750
2026-08-25 12:35:00,ATM-2,PE,1060.0,1078.5,0.15,0.7,0.1,0.7,73.537219,7500,470250
2026-08-25 12:40:00,ATM-2,PE,1060.0,1078.1,0.7,0.7,0.15,0.15,52.047384,9750,468000
2026-08-25 12:45:00,ATM-2,PE,1060.0,1078.3,0.15,0.2,0.15,0.2,56.244469,1500,468750
2026-08-25 12:50:00,ATM-2,PE,1060.0,1078.4,0.2,0.3,0.2,0.3,62.305427,6000,468000
2026-08-25 12:55:00,ATM-2,PE,1060.0,1078.4,0.3,0.75,0.3,0.75,79.168536,11250,465000
2026-08-25 13:00:00,ATM-2,PE,1060.0,1077.7,0.25,0.75,0.2,0.2,57.356215,7500,465000
2026-08-25 13:05:00,ATM-2,PE,1060.0,1076.5,0.2,0.25,0.2,0.25,57.739559,4500,461250
2026-08-25 13:10:00,ATM-2,PE,1060.0,1077.2,0.4,0.4,0.25,0.4,67.355529,2250,461250
2026-08-25 13:15:00,ATM-2,PE,1060.0,1076.4,0.25,0.4,0.25,0.25,59.478065,750,461250
2026-08-25 13:20:00,ATM-2,PE,1060.0,1076.5,0.25,0.25,0.25,0.25,60.854171,2250,461250
2026-08-25 13:25:00,ATM-2,PE,1060.0,1076.6,0.25,0.25,0.25,0.25,62.303209,0,461250
2026-08-25 13:30:00,ATM-2,PE,1060.0,1077.0,0.25,0.5,0.25,0.3,67.314389,11250,459000
2026-08-25 13:35:00,ATM-2,PE,1060.0,1078.8,0.35,0.35,0.1,0.35,76.807543,8250,453750
2026-08-25 13:40:00,ATM-2,PE,1060.0,1078.4,0.4,0.4,0.2,0.2,68.647564,9000,458250
2026-08-25 13:45:00,ATM-2,PE,1060.0,1078.7,0.45,0.45,0.2,0.45,84.670159,1500,458250
2026-08-25 13:50:00,ATM-2,PE,1060.0,1079.5,0.45,0.65,0.45,0.65,98.006159,10500,457500
2026-08-25 13:55:00,ATM-2,PE,1060.0,1078.4,0.85,0.85,0.05,0.05,58.397347,48000,420750
2026-08-25 14:00:00,ATM-2,PE,1060.0,1078.6,0.05,0.05,0.05,0.05,60.462769,0,420750
2026-08-25 14:05:00,ATM-2,PE,1060.0,1078.7,0.05,0.05,0.05,0.05,62.399904,8250,419250
2026-08-25 14:10:00,ATM-2,PE,1060.0,1079.7,0.05,0.3,0.05,0.05,67.105837,7500,415500
2026-08-25 14:15:00,ATM-2,PE,1060.0,1079.2,0.05,0.35,0.05,0.35,95.570627,750,415500
2026-08-25 14:20:00,ATM-2,PE,1060.0,1079.0,0.35,0.35,0.3,0.3,94.669757,750,415500
2026-08-25 14:25:00,ATM-2,PE,1060.0,1078.4,0.3,0.3,0.3,0.3,95.578781,0,414750
2026-08-25 14:30:00,ATM-2,PE,1060.0,1081.0,0.3,0.3,0.3,0.3,109.928217,0,414750
2026-08-25 14:35:00,ATM-2,PE,1060.0,1080.5,0.3,0.3,0.3,0.3,112.280867,0,414000
2026-08-25 14:40:00,ATM-2,PE,1060.0,1082.0,0.3,0.4,0.3,0.4,0.0,11250,410250
2026-08-25 14:45:00,ATM-2,PE,1060.0,1082.4,0.4,0.4,0.05,0.05,97.561642,1500,407250
2026-08-25 14:50:00,ATM-2,PE,1060.0,1082.6,0.05,0.05,0.05,0.05,0.0,0,407250
2026-08-25 14:55:00,ATM-2,PE,1060.0,1082.5,0.05,0.05,0.05,0.05,0.0,0,407250
2026-08-25 15:00:00,ATM-2,PE,1060.0,1084.0,0.05,0.05,0.05,0.05,0.0,0,407250
2026-08-25 15:05:00,ATM-2,PE,1060.0,1084.6,0.05,0.05,0.05,0.05,0.0,0,407250
2026-08-25 15:10:00,ATM-2,PE,1060.0,1082.0,0.15,0.15,0.05,0.15,0.0,1500,407250
2026-08-25 15:15:00,ATM-2,PE,1060.0,1082.0,0.15,0.15,0.15,0.15,0.0,0,407250
2026-08-25 15:20:00,ATM-2,PE,1060.0,1082.0,0.15,0.15,0.15,0.15,0.0,0,407250
2026-08-25 15:25:00,ATM-2,PE,1070.0,1087.4,0.15,0.6,0.15,0.2,0.0,11250,245250
2026-08-25 15:30:00,ATM-2,PE,1070.0,1087.4,0.2,0.85,0.1,0.1,0.0,16500,245250
2026-08-25 15:35:00,ATM-2,PE,1070.0,1087.4,0.5,0.5,0.05,0.05,0.0,13500,246000
2026-08-20 09:15:00,ATM-1,CE,1090.0,1097.9,11.15,20.0,11.15,17.6,23.464151,807000,1041000
2026-08-20 09:20:00,ATM-1,CE,1080.0,1093.7,25.1,25.85,15.65,21.9,24.721479,72000,1000500
2026-08-20 09:25:00,ATM-1,CE,1090.0,1095.5,21.45,21.9,14.85,16.0,23.220877,141000,1005000
2026-08-20 09:30:00,ATM-1,CE,1080.0,1094.1,16.0,22.95,15.9,21.6,23.486831,75000,978000
2026-08-20 09:35:00,ATM-1,CE,1080.0,1093.3,21.95,21.95,20.2,20.2,21.651389,18750,974250
2026-08-20 09:40:00,ATM-1,CE,1080.0,1094.8,20.2,21.8,20.2,21.8,22.852641,18750,975750
2026-08-20 09:45:00,ATM-1,CE,1080.0,1092.4,21.85,21.85,20.4,20.75,24.205736,14250,972750
2026-08-20 09:50:00,ATM-1,CE,1080.0,1093.6,20.0,20.75,19.7,20.75,22.426007,18000,973500
2026-08-20 09:55:00,ATM-1,CE,1090.0,1096.2,21.05,21.5,14.6,15.25,20.947744,77250,993000
2026-08-20 10:00:00,ATM-1,CE,1090.0,1096.8,15.15,15.75,15.15,15.75,21.212225,35250,993750
2026-08-20 10:05:00,ATM-1,CE,1090.0,1095.3,15.6,15.75,14.75,14.75,21.061117,48000,981000
2026-08-20 10:10:00,ATM-1,CE,1090.0,1097.8,16.0,16.2,14.75,16.15,20.7617,31500,967500
2026-08-20 10:15:00,ATM-1,CE,1080.0,1094.5,16.95,22.65,15.5,21.55,22.835453,59250,948750
2026-08-20 10:20:00,ATM-1,CE,1080.0,1093.9,22.15,22.15,20.5,21.5,23.667618,15000,945750
2026-08-20 10:25:00,ATM-1,CE,1080.0,1094.4,21.5,21.5,21.0,21.0,21.778006,15000,940500
2026-08-20 10:30:00,ATM-1,CE,1090.0,1095.4,21.05,21.1,13.9,14.7,20.883221,29250,940500
2026-08-20 10:35:00,ATM-1,CE,1080.0,1094.8,14.9,21.7,14.35,21.15,21.47992,6000,935250
2026-08-20 10:40:00,ATM-1,CE,1090.0,1097.7,21.15,21.15,14.35,16.65,21.955331,33000,931500
2026-08-20 10:45:00,ATM-1,CE,1090.0,1098.9,16.3,17.45,16.05,17.0,21.105476,75000,913500
2026-08-20 10:50:00,ATM-1,CE,1090.0,1098.2,16.8,17.0,16.25,16.9,21.835346,27750,902250
2026-08-20 10:55:00,ATM-1,CE,1090.0,1100.3,16.9,19.05,16.9,18.65,22.636914,117000,876000
2026-08-20 11:00:00,ATM-1,CE,1090.0,1099.6,18.25,18.65,16.65,16.65,19.429852,52500,875250
2026-08-20 11:05:00,ATM-1,CE,1090.0,1098.6,16.95,17.05,16.45,16.6,20.716989,16500,873000
2026-08-20 11:10:00,ATM-1,CE,1090.0,1098.7,16.5,16.9,16.45,16.6,20.590528,15000,867000
2026-08-20 11:15:00,ATM-1,CE,1090.0,1096.6,16.15,16.6,15.0,15.1,20.278445,36750,861000
2026-08-20 11:20:00,ATM-1,CE,1090.0,1095.6,15.1,21.8,14.45,14.45,20.223703,27000,868500
2026-08-20 11:25:00,ATM-1,CE,1090.0,1095.5,14.4,21.1,14.4,14.55,20.553522,15000,864750
2026-08-20 11:30:00,ATM-1,CE,1090.0,1096.2,14.9,15.35,14.5,14.95,20.502229,30750,865500
2026-08-20 11:35:00,ATM-1,CE,1090.0,1096.0,15.3,15.3,14.45,14.75,20.356734,36750,869250
2026-08-20 11:40:00,ATM-1,CE,1090.0,1096.0,14.85,14.9,14.4,14.5,19.861892,15000,868500
2026-08-20 11:45:00,ATM-1,CE,1090.0,1095.7,14.8,14.9,14.5,14.8,20.842362,32250,871500
2026-08-20 11:50:00,ATM-1,CE,1090.0,1097.1,14.75,15.7,14.75,15.7,20.915485,29250,861000
2026-08-20 11:55:00,ATM-1,CE,1090.0,1097.0,15.75,15.8,15.0,15.5,20.645477,27000,861000
2026-08-20 12:00:00,ATM-1,CE,1090.0,1096.9,15.1,15.6,15.0,15.6,20.98409,9750,864000
2026-08-20 12:05:00,ATM-1,CE,1090.0,1097.0,15.55,16.05,15.45,15.45,20.560363,31500,858000
2026-08-20 12:10:00,ATM-1,CE,1090.0,1097.5,15.7,15.75,15.45,15.7,20.431849,17250,858750
2026-08-20 12:15:00,ATM-1,CE,1090.0,1098.7,15.5,15.9,15.4,15.9,19.236591,9750,857250
2026-08-20 12:20:00,ATM-1,CE,1090.0,1098.0,16.3,16.3,15.6,15.6,19.578247,25500,853500
2026-08-20 12:25:00,ATM-1,CE,1090.0,1098.2,15.9,16.5,15.6,16.4,20.972901,18000,851250
2026-08-20 12:30:00,ATM-1,CE,1090.0,1097.9,16.4,16.4,15.8,15.8,20.142471,17250,849750
2026-08-20 12:35:00,ATM-1,CE,1090.0,1099.1,15.8,16.7,15.8,16.6,20.18269,30000,843000
2026-08-20 12:40:00,ATM-1,CE,1090.0,1097.8,17.15,17.95,16.45,16.45,21.626879,66750,849000
2026-08-20 12:45:00,ATM-1,CE,1090.0,1099.0,16.45,17.5,16.45,17.5,22.212129,46500,856500
2026-08-20 12:50:00,ATM-1,CE,1090.0,1099.0,17.6,18.0,17.5,17.5,22.221035,34500,854250
2026-08-20 12:55:00,ATM-1,CE,1090.0,1097.0,17.1,17.5,15.65,15.95,21.6608,36750,859500
2026-08-20 13:00:00,ATM-1,CE,1090.0,1096.3,16.1,16.1,15.65,15.9,22.442579,21000,862500
2026-08-20 13:05:00,ATM-1,CE,1090.0,1096.4,15.9,15.9,15.7,15.7,21.924844,6750,864750
2026-08-20 13:10:00,ATM-1,CE,1090.0,1096.4,15.9,15.9,14.9,15.55,21.630611,17250,858000
2026-08-20 13:15:00,ATM-1,CE,1090.0,1096.0,15.75,15.9,15.3,15.4,21.831541,11250,855000
2026-08-20 13:20:00,ATM-1,CE,1090.0,1096.6,15.5,15.5,15.4,15.5,21.295976,9000,849000
2026-08-20 13:25:00,ATM-1,CE,1090.0,1095.9,15.35,15.75,15.15,15.15,21.4683,21750,848250
2026-08-20 13:30:00,ATM-1,CE,1090.0,1096.9,15.25,15.7,15.15,15.7,21.339768,9750,846750
2026-08-20 13:35:00,ATM-1,CE,1090.0,1095.1,15.4,15.7,15.0,15.0,22.153436,15750,846000
2026-08-20 13:40:00,ATM-1,CE,1080.0,1095.0,14.6,21.7,14.6,21.3,21.824298,19500,815250
2026-08-20 13:45:00,ATM-1,CE,1080.0,1094.7,21.15,21.3,20.8,21.25,22.219721,10500,810750
2026-08-20 13:50:00,ATM-1,CE,1080.0,1094.8,21.25,21.55,20.9,21.55,22.752548,7500,808500
2026-08-20 13:55:00,ATM-1,CE,1090.0,1095.9,21.45,21.55,14.45,15.2,21.620814,20250,849000
2026-08-20 14:00:00,ATM-1,CE,1090.0,1096.3,15.2,15.5,14.85,15.5,21.740775,24750,843750
2026-08-20 14:05:00,ATM-1,CE,1090.0,1096.0,15.4,15.6,15.25,15.6,22.322418,18000,833250
2026-08-20 14:10:00,ATM-1,CE,1090.0,1096.0,15.05,15.6,15.05,15.4,21.927609,12750,826500
2026-08-20 14:15:00,ATM-1,CE,1080.0,1095.0,15.4,22.3,15.4,21.2,21.65512,5250,795000
2026-08-20 14:20:00,ATM-1,CE,1090.0,1096.0,21.1,21.2,14.35,15.1,21.338212,20250,831000
2026-08-20 14:25:00,ATM-1,CE,1090.0,1096.2,15.1,21.5,14.7,15.1,21.097399,30000,826500
2026-08-20 14:30:00,ATM-1,CE,1090.0,1098.6,14.9,16.45,14.9,16.4,20.645513,27750,830250
2026-08-20 14:35:00,ATM-1,CE,1090.0,1099.0,16.65,16.85,16.25,16.85,21.049471,45750,821250
2026-08-20 14:40:00,ATM-1,CE,1090.0,1099.1,16.65,16.95,16.15,16.95,21.130509,20250,816000
2026-08-20 14:45:00,ATM-1,CE,1090.0,1099.8,16.65,17.6,16.65,17.35,21.005506,35250,800250
2026-08-20 14:50:00,ATM-1,CE,1090.0,1098.9,17.15,17.35,16.2,16.6,20.687111,38250,795750
2026-08-20 14:55:00,ATM-1,CE,1090.0,1098.8,15.85,16.6,15.85,16.2,19.98973,19500,793500
2026-08-20 15:00:00,ATM-1,CE,1090.0,1097.6,15.95,16.2,14.9,14.95,19.020633,39000,780000
2026-08-20 15:05:00,ATM-1,CE,1090.0,1096.5,14.95,15.0,14.6,14.95,20.479203,23250,780750
2026-08-20 15:10:00,ATM-1,CE,1090.0,1097.0,15.1,15.45,14.95,15.45,20.870863,14250,780000
2026-08-20 15:15:00,ATM-1,CE,1090.0,1097.0,14.9,15.45,14.65,15.35,20.673442,37500,765750
2026-08-20 15:20:00,ATM-1,CE,1090.0,1097.0,15.3,15.35,14.85,15.1,20.165903,12750,763500
2026-08-20 15:25:00,ATM-1,CE,1080.0,1095.0,15.1,22.4,14.9,22.4,24.548692,15000,753750
2026-08-20 15:30:00,ATM-1,CE,1080.0,1095.0,22.4,22.4,22.0,22.05,23.762651,5250,753000
2026-08-20 15:35:00,ATM-1,CE,1080.0,1095.0,22.05,22.65,22.05,22.65,25.133436,6000,750000
2026-08-21 09:15:00,ATM-1,CE,1090.0,1097.4,15.0,17.4,13.35,15.35,22.163937,60000,738000
2026-08-21 09:20:00,ATM-1,CE,1080.0,1094.3,14.15,21.5,14.15,19.6,21.232611,42000,745500
2026-08-21 09:25:00,ATM-1,CE,1090.0,1096.8,18.5,19.6,12.4,14.3,20.682725,32250,717750
2026-08-21 09:30:00,ATM-1,CE,1090.0,1095.3,13.9,14.3,12.85,13.2,20.324565,21750,714000
2026-08-21 09:35:00,ATM-1,CE,1090.0,1097.0,13.0,14.2,13.0,13.35,18.259246,9750,714750
2026-08-21 09:40:00,ATM-1,CE,1090.0,1099.5,13.35,15.15,13.35,14.9,17.941967,15000,718500
2026-08-21 09:45:00,ATM-1,CE,1090.0,1098.3,15.3,15.4,14.0,14.05,17.893204,27750,720000
2026-08-21 09:50:00,ATM-1,CE,1090.0,1099.0,13.85,14.65,13.8,14.65,18.191342,48750,712500
2026-08-21 09:55:00,ATM-1,CE,1090.0,1099.2,14.6,14.65,13.75,14.35,17.143878,24750,708750
2026-08-21 10:00:00,ATM-1,CE,1090.0,1100.0,15.45,15.85,14.35,15.35,18.220664,50250,699750
2026-08-21 10:05:00,ATM-1,CE,1090.0,1098.2,15.05,15.35,13.95,14.05,18.088506,30000,697500
2026-08-21 10:10:00,ATM-1,CE,1090.0,1096.5,14.2,14.55,13.0,13.0,18.264013,27000,696000
2026-08-21 10:15:00,ATM-1,CE,1090.0,1097.0,13.45,13.8,13.0,13.1,17.756313,21750,699000
2026-08-21 10:20:00,ATM-1,CE,1090.0,1096.1,13.1,13.25,12.95,12.95,18.748798,10500,701250
2026-08-21 10:25:00,ATM-1,CE,1090.0,1097.0,13.15,13.25,12.55,13.15,17.88939,10500,703500
2026-08-21 10:30:00,ATM-1,CE,1090.0,1096.1,12.8,13.15,12.65,12.65,18.088137,23250,705000
2026-08-21 10:35:00,ATM-1,CE,1090.0,1096.3,12.6,13.05,12.5,13.0,18.601195,27000,708750
2026-08-21 10:40:00,ATM-1,CE,1080.0,1094.0,12.95,19.1,12.3,17.7,16.828779,33000,684000
2026-08-21 10:45:00,ATM-1,CE,1080.0,1093.7,17.75,17.85,16.6,17.45,16.793532,24750,692250
2026-08-21 10:50:00,ATM-1,CE,1080.0,1094.1,17.8,18.6,17.45,17.75,16.764086,18750,691500
2026-08-21 10:55:00,ATM-1,CE,1080.0,1093.3,17.9,17.9,16.6,16.95,16.2702,21000,698250
2026-08-21 11:00:00,ATM-1,CE,1080.0,1093.4,17.2,17.35,16.8,17.3,17.05769,6750,699000
2026-08-21 11:05:00,ATM-1,CE,1080.0,1092.3,17.05,17.3,16.5,16.5,17.176379,11250,698250
2026-08-21 11:10:00,ATM-1,CE,1080.0,1094.1,16.75,17.95,16.3,17.95,17.381746,9000,697500
2026-08-21 11:15:00,ATM-1,CE,1080.0,1093.8,17.65,17.95,17.35,17.6,17.056623,6750,701250
2026-08-21 11:20:00,ATM-1,CE,1090.0,1095.5,17.6,17.65,11.1,12.05,17.68129,75750,727500
2026-08-21 11:25:00,ATM-1,CE,1090.0,1096.1,11.95,13.0,11.95,12.55,17.959131,124500,729000
2026-08-21 11:30:00,ATM-1,CE,1090.0,1097.0,12.6,13.15,12.55,13.0,17.658087,30750,737250
2026-08-21 11:35:00,ATM-1,CE,1090.0,1096.6,12.95,13.0,12.6,12.6,17.348236,18000,745500
2026-08-21 11:40:00,ATM-1,CE,1090.0,1098.5,12.6,13.75,12.6,13.75,17.054985,27000,741750
2026-08-21 11:45:00,ATM-1,CE,1090.0,1098.7,13.6,13.9,13.6,13.9,17.091747,9750,743250
2026-08-21 11:50:00,ATM-1,CE,1090.0,1099.0,13.9,14.0,13.9,14.0,16.833098,13500,741000
2026-08-21 11:55:00,ATM-1,CE,1090.0,1097.4,13.9,14.0,12.95,12.95,16.961058,28500,738000
2026-08-21 12:00:00,ATM-1,CE,1090.0,1095.1,12.95,12.95,12.0,12.0,18.205401,26250,741000
2026-08-21 12:05:00,ATM-1,CE,1090.0,1095.1,11.5,12.0,11.5,11.6,17.311349,12750,744000
2026-08-21 12:10:00,ATM-1,CE,1080.0,1093.8,18.35,18.6,18.1,18.2,18.846777,15750,694500
2026-08-21 12:15:00,ATM-1,CE,1090.0,1095.4,17.9,18.3,11.6,12.15,18.148474,44250,756000
2026-08-21 12:20:00,ATM-1,CE,1090.0,1095.6,12.25,12.65,12.15,12.55,18.779618,20250,762000
2026-08-21 12:25:00,ATM-1,CE,1090.0,1095.2,12.55,19.5,12.2,12.3,18.78731,3750,764250
2026-08-21 12:30:00,ATM-1,CE,1090.0,1095.1,12.3,13.95,12.3,12.35,19.048381,28500,765750
2026-08-21 12:35:00,ATM-1,CE,1090.0,1095.6,12.35,12.6,12.35,12.6,18.921002,20250,767250
2026-08-21 12:40:00,ATM-1,CE,1080.0,1094.9,12.2,19.3,11.9,18.9,18.500686,11250,669000
2026-08-21 12:45:00,ATM-1,CE,1090.0,1095.5,12.1,19.55,11.85,12.2,18.174013,17250,777000
2026-08-21 12:50:00,ATM-1,CE,1090.0,1095.1,12.2,12.35,12.0,12.0,18.29643,15000,780000
2026-08-21 12:55:00,ATM-1,CE,1080.0,1094.7,12.0,18.9,11.85,18.4,17.526341,13500,662250
2026-08-21 13:00:00,ATM-1,CE,1080.0,1094.1,18.4,18.4,18.0,18.1,18.024139,6000,660000
2026-08-21 13:05:00,ATM-1,CE,1080.0,1094.4,18.1,18.35,17.95,18.25,17.795484,6000,660000
2026-08-21 13:10:00,ATM-1,CE,1080.0,1092.7,18.25,18.25,16.85,16.85,17.541394,12000,660750
2026-08-21 13:15:00,ATM-1,CE,1080.0,1094.5,16.7,17.95,16.7,17.95,16.689414,6000,666000
2026-08-21 13:20:00,ATM-1,CE,1080.0,1092.9,17.95,17.95,16.75,16.75,16.852632,9750,672000
2026-08-21 13:25:00,ATM-1,CE,1080.0,1093.3,16.6,17.05,16.6,17.05,16.836023,21000,675750
2026-08-21 13:30:00,ATM-1,CE,1080.0,1093.1,17.05,17.05,16.45,16.45,15.539792,9750,677250
2026-08-21 13:35:00,ATM-1,CE,1080.0,1093.5,16.7,16.9,16.45,16.9,15.950821,9000,681750
2026-08-21 13:40:00,ATM-1,CE,1080.0,1093.9,17.0,17.05,16.7,16.75,14.475841,9000,684750
2026-08-21 13:45:00,ATM-1,CE,1080.0,1093.7,16.75,17.2,16.75,17.05,15.943247,7500,687750
2026-08-21 13:50:00,ATM-1,CE,1080.0,1093.9,17.55,17.55,16.85,16.85,14.820649,10500,688500
2026-08-21 13:55:00,ATM-1,CE,1080.0,1094.1,17.4,17.4,16.85,17.3,15.746742,4500,687000
2026-08-21 14:00:00,ATM-1,CE,1080.0,1093.6,17.3,17.3,16.45,16.45,14.333005,4500,688500
2026-08-21 14:05:00,ATM-1,CE,1080.0,1092.6,16.45,16.45,15.5,16.05,15.583324,14250,697500
2026-08-21 14:10:00,ATM-1,CE,1080.0,1092.5,16.1,16.1,16.0,16.0,15.675069,7500,699000
2026-08-21 14:15:00,ATM-1,CE,1080.0,1093.2,16.0,16.75,16.0,16.75,16.281584,4500,699000
2026-08-21 14:20:00,ATM-1,CE,1080.0,1093.6,16.75,17.6,16.75,17.1,16.397889,9000,699750
2026-08-21 14:25:00,ATM-1,CE,1080.0,1093.9,17.15,17.15,17.1,17.15,15.834909,1500,702000
2026-08-21 14:30:00,ATM-1,CE,1080.0,1093.5,17.15,17.15,17.15,17.15,16.797283,0,702000
2026-08-21 14:35:00,ATM-1,CE,1080.0,1093.3,16.75,17.15,16.3,16.3,14.698733,9000,706500
2026-08-21 14:40:00,ATM-1,CE,1080.0,1093.7,16.3,16.65,16.3,16.65,14.790453,3750,708000
2026-08-21 14:45:00,ATM-1,CE,1080.0,1093.5,16.85,16.9,16.65,16.9,16.080803,2250,707250
2026-08-21 14:50:00,ATM-1,CE,1080.0,1093.9,16.9,16.9,15.75,16.25,12.854005,6000,709500
2026-08-21 14:55:00,ATM-1,CE,1080.0,1092.9,16.5,16.5,15.75,15.75,14.00886,7500,710250
2026-08-21 15:00:00,ATM-1,CE,1080.0,1093.8,15.65,16.25,15.45,16.25,13.18186,17250,714000
2026-08-21 15:05:00,ATM-1,CE,1080.0,1093.0,15.8,16.25,15.8,15.9,14.248764,3750,715500
2026-08-21 15:10:00,ATM-1,CE,1080.0,1093.1,16.05,16.25,15.9,16.25,15.109641,6750,711000
2026-08-21 15:15:00,ATM-1,CE,1080.0,1093.1,16.25,16.25,16.25,16.25,15.118711,6000,708000
2026-08-21 15:20:00,ATM-1,CE,1080.0,1093.1,16.25,16.4,16.25,16.4,15.589072,3750,708000
2026-08-21 15:25:00,ATM-1,CE,1080.0,1095.0,16.4,16.55,16.4,16.55,9.793951,5250,708750
2026-08-21 15:30:00,ATM-1,CE,1080.0,1095.0,16.35,16.85,16.35,16.85,11.427398,15750,708000
2026-08-21 15:35:00,ATM-1,CE,1080.0,1095.0,16.85,18.75,16.85,18.75,18.186919,3750,705000
2026-08-24 09:15:00,ATM-1,CE,1080.0,1091.4,11.75,18.2,11.2,16.45,36.947403,29250,705750
2026-08-24 09:20:00,ATM-1,CE,1080.0,1093.0,16.5,17.65,16.45,17.65,37.321613,15000,702750
2026-08-24 09:25:00,ATM-1,CE,1080.0,1092.3,16.85,17.65,16.45,16.45,34.152587,3750,700500
2026-08-24 09:30:00,ATM-1,CE,1080.0,1094.4,15.65,17.3,15.65,17.3,30.635209,10500,699000
2026-08-24 09:35:00,ATM-1,CE,1080.0,1092.2,17.2,17.3,15.25,15.25,28.83205,9000,699000
2026-08-24 09:40:00,ATM-1,CE,1080.0,1091.8,15.0,15.4,14.95,15.4,31.063974,14250,699000
2026-08-24 09:45:00,ATM-1,CE,1080.0,1092.8,15.4,15.4,15.2,15.2,26.257958,1500,698250
2026-08-24 09:50:00,ATM-1,CE,1080.0,1092.0,15.55,15.8,15.2,15.8,32.368231,15000,698250
2026-08-24 09:55:00,ATM-1,CE,1080.0,1092.2,15.8,16.05,15.8,16.05,32.912112,750,697500
2026-08-24 10:00:00,ATM-1,CE,1080.0,1090.7,15.8,16.05,15.0,15.0,33.08726,22500,696750
2026-08-24 10:05:00,ATM-1,CE,1080.0,1090.4,15.0,15.4,15.0,15.25,35.21676,21750,692250
2026-08-24 10:10:00,ATM-1,CE,1080.0,1089.3,14.05,15.25,13.1,13.1,28.998179,7500,693000
2026-08-24 10:15:00,ATM-1,CE,1080.0,1092.0,13.3,15.25,13.1,15.25,29.939971,15750,690750
2026-08-24 10:20:00,ATM-1,CE,1080.0,1090.8,15.25,15.25,15.25,15.25,34.112918,0,689250
2026-08-24 10:25:00,ATM-1,CE,1080.0,1091.6,15.25,15.25,14.55,14.55,28.033072,21000,687750
2026-08-24 10:30:00,ATM-1,CE,1080.0,1090.7,14.55,15.15,14.55,14.65,31.764213,14250,685500
2026-08-24 10:35:00,ATM-1,CE,1080.0,1091.3,14.65,14.65,14.5,14.5,28.993756,4500,686250
2026-08-24 10:40:00,ATM-1,CE,1080.0,1091.2,14.85,15.0,14.5,14.7,30.37821,9000,689250
2026-08-24 10:45:00,ATM-1,CE,1080.0,1089.8,14.7,14.85,13.95,13.95,31.616785,12750,688500
2026-08-24 10:50:00,ATM-1,CE,1080.0,1089.7,13.95,14.0,13.6,13.6,30.371321,9750,689250
2026-08-24 10:55:00,ATM-1,CE,1080.0,1088.6,13.8,14.45,13.6,13.65,34.063011,26250,690000
2026-08-24 11:00:00,ATM-1,CE,1080.0,1087.4,13.3,13.65,12.2,12.3,31.671475,43500,686250
2026-08-24 11:05:00,ATM-1,CE,1080.0,1087.5,12.45,12.8,12.0,12.8,33.620119,24750,678000
2026-08-24 11:10:00,ATM-1,CE,1080.0,1087.5,12.2,12.8,12.15,12.2,31.039055,27000,685500
2026-08-24 11:15:00,ATM-1,CE,1080.0,1087.1,12.0,12.35,12.0,12.15,32.021872,14250,684000
2026-08-24 11:20:00,ATM-1,CE,1080.0,1087.6,12.2,12.35,12.0,12.35,31.507606,43500,690000
2026-08-24 11:25:00,ATM-1,CE,1080.0,1088.2,12.35,12.9,12.1,12.9,32.226573,30000,690000
2026-08-24 11:30:00,ATM-1,CE,1070.0,1084.8,12.8,20.95,10.95,18.0,34.229996,46500,408750
2026-08-24 11:35:00,ATM-1,CE,1080.0,1085.1,18.0,18.0,10.15,11.2,33.55301,78000,677250
2026-08-24 11:40:00,ATM-1,CE,1080.0,1087.2,18.95,19.05,11.0,11.95,31.102317,21750,667500
2026-08-24 11:45:00,ATM-1,CE,1080.0,1087.2,11.95,12.3,11.55,12.1,31.816767,17250,681000
2026-08-24 11:50:00,ATM-1,CE,1080.0,1086.8,12.1,12.1,11.95,11.95,32.351836,3000,683250
2026-08-24 11:55:00,ATM-1,CE,1080.0,1086.0,12.0,12.0,11.25,11.25,31.576911,8250,684750
2026-08-24 12:00:00,ATM-1,CE,1080.0,1086.4,11.1,11.55,11.1,11.4,31.168119,56250,693000
2026-08-24 12:05:00,ATM-1,CE,1080.0,1086.3,11.4,11.55,11.25,11.5,31.938171,38250,701250
2026-08-24 12:10:00,ATM-1,CE,1080.0,1086.1,11.5,11.5,11.2,11.4,32.107945,18750,706500
2026-08-24 12:15:00,ATM-1,CE,1080.0,1086.7,11.5,11.75,11.25,11.75,32.012429,19500,711750
2026-08-24 12:20:00,ATM-1,CE,1080.0,1086.2,11.6,11.75,11.5,11.5,32.372309,15750,721500
2026-08-24 12:25:00,ATM-1,CE,1080.0,1085.6,11.3,11.5,11.3,11.35,33.412216,13500,722250
2026-08-24 12:30:00,ATM-1,CE,1080.0,1085.4,19.0,19.0,10.75,10.85,31.830107,6000,718500
2026-08-24 12:35:00,ATM-1,CE,1070.0,1084.6,10.85,18.5,10.85,17.75,34.440201,12000,396750
2026-08-24 12:40:00,ATM-1,CE,1070.0,1084.2,17.75,17.75,17.75,17.75,36.128786,0,397500
2026-08-24 12:45:00,ATM-1,CE,1080.0,1085.1,18.0,18.0,10.4,11.0,33.444676,8250,723000
2026-08-24 12:50:00,ATM-1,CE,1070.0,1084.5,18.0,18.0,18.0,18.0,36.374417,0,398250
2026-08-24 12:55:00,ATM-1,CE,1070.0,1083.4,18.0,18.1,17.15,17.15,36.297077,16500,396750
2026-08-24 13:00:00,ATM-1,CE,1070.0,1083.4,17.15,18.5,9.8,16.8,34.526536,36750,399000
2026-08-24 13:05:00,ATM-1,CE,1070.0,1082.9,16.2,16.8,15.4,16.55,35.228686,14250,395250
2026-08-24 13:10:00,ATM-1,CE,1070.0,1082.3,16.85,16.85,16.15,16.4,36.761418,9000,392250
2026-08-24 13:15:00,ATM-1,CE,1070.0,1082.3,16.0,16.4,16.0,16.1,35.303038,5250,393000
2026-08-24 13:20:00,ATM-1,CE,1070.0,1081.8,16.55,16.55,15.8,15.8,35.682429,6000,394500
2026-08-24 13:25:00,ATM-1,CE,1070.0,1082.4,15.8,15.8,15.55,15.55,32.161426,1500,395250
2026-08-24 13:30:00,ATM-1,CE,1070.0,1083.3,16.4,16.65,15.55,16.6,34.21238,11250,395250
2026-08-24 13:35:00,ATM-1,CE,1070.0,1082.4,16.6,16.6,16.05,16.05,34.907134,22500,394500
2026-08-24 13:40:00,ATM-1,CE,1070.0,1082.7,16.1,16.65,15.95,16.0,33.531495,16500,389250
2026-08-24 13:45:00,ATM-1,CE,1070.0,1083.8,16.0,16.8,16.0,16.8,33.401685,8250,391500
2026-08-24 13:50:00,ATM-1,CE,1070.0,1082.3,16.8,17.4,16.0,16.0,35.209838,9750,393750
2026-08-24 13:55:00,ATM-1,CE,1070.0,1081.1,16.0,16.0,14.85,15.0,34.608751,9000,393000
2026-08-24 14:00:00,ATM-1,CE,1070.0,1080.7,14.95,15.0,14.25,14.65,34.346247,6000,390750
2026-08-24 14:05:00,ATM-1,CE,1070.0,1080.8,14.8,15.15,14.65,15.15,36.549033,3000,393750
2026-08-24 14:10:00,ATM-1,CE,1070.0,1080.3,14.9,15.15,14.2,14.3,34.13467,8250,393750
2026-08-24 14:15:00,ATM-1,CE,1070.0,1080.3,14.3,14.9,14.3,14.5,35.191849,3750,395250
2026-08-24 14:20:00,ATM-1,CE,1070.0,1079.2,14.1,14.5,13.85,13.85,35.795962,9750,389250
2026-08-24 14:25:00,ATM-1,CE,1070.0,1079.8,13.7,14.15,13.7,14.05,34.816996,5250,393000
2026-08-24 14:30:00,ATM-1,CE,1070.0,1081.4,13.95,15.8,13.95,14.95,33.654186,21750,385500
2026-08-24 14:35:00,ATM-1,CE,1070.0,1080.5,14.9,14.95,14.55,14.6,35.234817,4500,386250
2026-08-24 14:40:00,ATM-1,CE,1070.0,1080.4,14.6,15.0,14.6,14.6,35.651633,2250,385500
2026-08-24 14:45:00,ATM-1,CE,1070.0,1079.9,14.55,14.6,13.8,13.95,34.215259,6750,385500
2026-08-24 14:50:00,ATM-1,CE,1070.0,1080.3,13.85,14.3,13.85,14.3,34.620239,4500,384750
2026-08-24 14:55:00,ATM-1,CE,1070.0,1079.6,14.1,14.3,13.3,13.55,33.384131,6750,384000
2026-08-24 15:00:00,ATM-1,CE,1070.0,1078.6,13.2,13.55,12.45,12.45,31.426972,19500,384000
2026-08-24 15:05:00,ATM-1,CE,1070.0,1078.8,12.2,12.45,11.45,12.4,30.530404,33750,378750
2026-08-24 15:10:00,ATM-1,CE,1070.0,1078.9,12.65,12.75,12.1,12.75,31.999572,8250,375000
2026-08-24 15:15:00,ATM-1,CE,1070.0,1078.9,12.45,13.2,12.45,13.2,34.304058,4500,372000
2026-08-24 15:20:00,ATM-1,CE,1070.0,1078.9,13.2,13.2,12.2,12.55,31.103821,10500,368250
2026-08-24 15:25:00,ATM-1,CE,1070.0,1077.0,12.2,12.55,12.2,12.2,35.707301,750,369000
2026-08-24 15:30:00,ATM-1,CE,1070.0,1077.0,11.3,12.2,10.8,10.8,29.011028,15750,366750
2026-08-24 15:35:00,ATM-1,CE,1070.0,1077.0,11.3,11.3,10.05,10.35,26.827825,5250,367500
2026-08-25 09:15:00,ATM-1,CE,1070.0,1075.7,14.8,15.75,6.75,7.3,32.318411,24000,210750
2026-08-25 09:20:00,ATM-1,CE,1070.0,1075.5,7.5,7.75,7.3,7.4,35.081609,6750,210750
2026-08-25 09:25:00,ATM-1,CE,1070.0,1075.7,7.4,7.5,7.35,7.5,34.876968,3750,211500
2026-08-25 09:30:00,ATM-1,CE,1070.0,1075.7,7.5,7.5,7.3,7.45,34.596347,12750,210750
2026-08-25 09:35:00,ATM-1,CE,1060.0,1073.4,16.1,16.1,15.85,16.05,66.952962,2250,423000
2026-08-25 09:40:00,ATM-1,CE,1060.0,1072.8,16.05,16.05,12.55,12.55,0.0,3000,423000
2026-08-25 09:45:00,ATM-1,CE,1060.0,1074.7,13.25,13.85,5.55,13.85,0.0,12000,423750
2026-08-25 09:50:00,ATM-1,CE,1060.0,1073.2,13.85,14.3,13.85,14.3,47.411852,2250,423000
2026-08-25 09:55:00,ATM-1,CE,1060.0,1075.0,14.3,15.75,5.25,15.75,45.8122,750,423000
2026-08-25 10:00:00,ATM-1,CE,1070.0,1076.3,7.05,15.75,6.8,6.8,21.945122,0,210750
2026-08-25 10:05:00,ATM-1,CE,1070.0,1075.4,6.8,8.45,6.8,7.65,40.893757,6000,210750
2026-08-25 10:10:00,ATM-1,CE,1070.0,1075.8,7.65,15.85,6.65,6.65,26.202948,4500,210000
2026-08-25 10:15:00,ATM-1,CE,1070.0,1075.5,6.65,6.65,6.65,6.65,29.41541,0,210000
2026-08-25 10:20:00,ATM-1,CE,1060.0,1074.1,6.65,16.8,6.65,14.15,0.0,5250,415500
2026-08-25 10:25:00,ATM-1,CE,1060.0,1074.1,14.25,14.25,14.15,14.2,25.460241,1500,414750
2026-08-25 10:30:00,ATM-1,CE,1060.0,1073.7,13.55,14.2,13.55,13.8,25.144477,3000,414750
2026-08-25 10:35:00,ATM-1,CE,1060.0,1074.3,13.8,14.75,13.8,14.75,40.582564,1500,414000
2026-08-25 10:40:00,ATM-1,CE,1060.0,1074.4,14.65,14.9,13.7,14.9,42.426252,3750,413250
2026-08-25 10:45:00,ATM-1,CE,1060.0,1074.0,14.9,14.9,14.9,14.9,50.340778,0,413250
2026-08-25 10:50:00,ATM-1,CE,1060.0,1074.9,14.9,14.9,14.7,14.7,0.0,750,412500
2026-08-25 10:55:00,ATM-1,CE,1060.0,1074.5,15.2,15.2,14.7,14.75,36.263588,2250,412500
2026-08-25 11:00:00,ATM-1,CE,1070.0,1075.9,7.3,9.2,7.3,9.2,58.59533,750,210000
2026-08-25 11:05:00,ATM-1,CE,1070.0,1076.1,8.85,9.4,8.85,9.4,59.897562,4500,207750
2026-08-25 11:10:00,ATM-1,CE,1070.0,1077.2,9.4,9.4,9.0,9.0,46.451002,750,207750
2026-08-25 11:15:00,ATM-1,CE,1070.0,1076.1,9.0,9.25,9.0,9.25,59.327014,750,207000
2026-08-25 11:20:00,ATM-1,CE,1070.0,1076.6,9.25,9.5,9.25,9.5,58.865431,2250,207000
2026-08-25 11:25:00,ATM-1,CE,1070.0,1076.4,9.5,9.5,8.75,8.75,52.033432,1500,206250
2026-08-25 11:30:00,ATM-1,CE,1070.0,1076.4,8.75,8.75,8.75,8.75,52.570238,0,206250
2026-08-25 11:35:00,ATM-1,CE,1070.0,1077.6,8.75,9.4,8.75,9.4,50.239499,1500,205500
2026-08-25 11:40:00,ATM-1,CE,1070.0,1077.5,9.4,9.4,9.4,9.4,51.798925,0,205500
2026-08-25 11:45:00,ATM-1,CE,1070.0,1077.6,9.4,9.4,9.25,9.35,50.644176,1500,204000
2026-08-25 11:50:00,ATM-1,CE,1070.0,1079.2,9.35,9.35,9.35,9.35,24.685984,0,203250
2026-08-25 11:55:00,ATM-1,CE,1070.0,1080.5,11.4,12.05,9.35,11.45,48.434291,6750,201750
2026-08-25 12:00:00,ATM-1,CE,1070.0,1079.9,11.45,11.65,11.45,11.65,60.483007,750,201750
2026-08-25 12:05:00,ATM-1,CE,1070.0,1079.8,11.65,11.65,11.65,11.65,62.402115,0,201750
2026-08-25 12:10:00,ATM-1,CE,1070.0,1080.5,11.65,11.65,11.65,11.65,53.94419,0,201000
2026-08-25 12:15:00,ATM-1,CE,1070.0,1080.2,11.65,11.65,11.65,11.65,58.884459,0,201000
2026-08-25 12:20:00,ATM-1,CE,1070.0,1079.5,11.65,11.65,11.65,11.65,68.335898,0,201000
2026-08-25 12:25:00,ATM-1,CE,1070.0,1079.6,11.65,11.65,11.65,11.65,68.071289,0,201000
2026-08-25 12:30:00,ATM-1,CE,1070.0,1079.6,10.0,11.65,9.6,9.6,0.0,5250,200250
2026-08-25 12:35:00,ATM-1,CE,1070.0,1078.5,9.6,9.6,9.6,9.6,49.772548,0,200250
2026-08-25 12:40:00,ATM-1,CE,1070.0,1078.1,9.6,9.6,9.6,9.6,56.052587,0,201000
2026-08-25 12:45:00,ATM-1,CE,1070.0,1078.3,9.6,9.6,9.0,9.0,42.520243,6750,203250
2026-08-25 12:50:00,ATM-1,CE,1070.0,1078.4,9.0,9.0,9.0,9.0,41.24256,0,203250
2026-08-25 12:55:00,ATM-1,CE,1070.0,1078.4,9.0,10.05,9.0,10.05,62.491547,750,199500
2026-08-25 13:00:00,ATM-1,CE,1070.0,1077.7,10.05,10.05,8.45,8.45,43.561117,3750,198750
2026-08-25 13:05:00,ATM-1,CE,1070.0,1076.5,8.45,8.45,8.45,8.45,61.410917,0,198750
2026-08-25 13:10:00,ATM-1,CE,1070.0,1077.2,8.45,8.45,8.45,8.45,53.237549,0,198750
2026-08-25 13:15:00,ATM-1,CE,1070.0,1076.4,7.4,8.45,7.4,8.0,57.081327,4500,199500
2026-08-25 13:20:00,ATM-1,CE,1070.0,1076.5,8.0,8.0,8.0,8.0,56.795797,0,199500
2026-08-25 13:25:00,ATM-1,CE,1070.0,1076.6,8.0,8.0,8.0,8.0,56.480268,0,199500
2026-08-25 13:30:00,ATM-1,CE,1070.0,1077.0,8.0,8.0,8.0,8.0,51.338765,0,199500
2026-08-25 13:35:00,ATM-1,CE,1070.0,1078.8,8.0,8.0,8.0,8.0,0.0,0,199500
2026-08-25 13:40:00,ATM-1,CE,1070.0,1078.4,8.0,8.0,8.0,8.0,0.0,0,199500
2026-08-25 13:45:00,ATM-1,CE,1070.0,1078.7,8.0,8.0,8.0,8.0,0.0,0,199500
2026-08-25 13:50:00,ATM-1,CE,1070.0,1079.5,8.0,8.0,8.0,8.0,0.0,0,199500
2026-08-25 13:55:00,ATM-1,CE,1070.0,1078.4,8.0,8.75,8.0,8.75,45.050653,1500,200250
2026-08-25 14:00:00,ATM-1,CE,1070.0,1078.6,8.75,8.75,8.75,8.75,37.636187,0,200250
2026-08-25 14:05:00,ATM-1,CE,1070.0,1078.7,8.75,8.75,8.75,8.75,30.270606,0,200250
2026-08-25 14:10:00,ATM-1,CE,1070.0,1079.7,8.75,8.75,8.3,8.5,0.0,5250,198750
2026-08-25 14:15:00,ATM-1,CE,1070.0,1079.2,8.8,8.8,8.0,8.0,0.0,1500,197250
2026-08-25 14:20:00,ATM-1,CE,1070.0,1079.0,8.0,8.0,8.0,8.0,0.0,0,197250
2026-08-25 14:25:00,ATM-1,CE,1070.0,1078.4,8.0,8.0,8.0,8.0,0.0,0,197250
2026-08-25 14:30:00,ATM-1,CE,1070.0,1081.0,8.0,11.5,8.0,11.5,75.512718,750,196500
2026-08-25 14:35:00,ATM-1,CE,1070.0,1080.5,11.5,11.5,11.5,11.5,95.452014,0,196500
2026-08-25 14:40:00,ATM-1,CE,1070.0,1082.0,11.5,13.9,11.5,13.9,139.02908,2250,197250
2026-08-25 14:45:00,ATM-1,CE,1070.0,1082.4,13.9,13.9,13.9,13.9,135.087441,0,197250
2026-08-25 14:50:00,ATM-1,CE,1070.0,1082.6,13.9,13.9,13.9,13.9,136.24139,0,197250
2026-08-25 14:55:00,ATM-1,CE,1070.0,1082.5,13.9,13.9,13.9,13.9,147.871591,0,197250
2026-08-25 15:00:00,ATM-1,CE,1070.0,1084.0,13.9,13.9,13.9,13.9,0.0,0,197250
2026-08-25 15:05:00,ATM-1,CE,1070.0,1084.6,13.75,13.9,13.75,13.75,0.0,750,197250
2026-08-25 15:10:00,ATM-1,CE,1070.0,1082.0,13.75,13.75,13.75,13.75,199.470494,0,197250
2026-08-25 15:15:00,ATM-1,CE,1070.0,1082.0,13.75,13.75,13.75,13.75,0.0,0,197250
2026-08-25 15:20:00,ATM-1,CE,1070.0,1082.0,15.25,15.25,13.75,15.25,0.0,1500,196500
2026-08-25 15:25:00,ATM-1,CE,1080.0,1087.4,15.25,15.25,4.0,4.0,0.0,750,348000
2026-08-25 15:30:00,ATM-1,CE,1080.0,1087.4,4.0,4.0,2.0,2.05,0.0,8250,346500
2026-08-25 15:35:00,ATM-1,CE,1080.0,1087.4,2.05,2.05,2.05,2.05,0.0,0,346500
2026-08-20 09:15:00,ATM-1,PE,1090.0,1097.9,9.7,9.7,6.65,7.4,21.999722,359250,1105500
2026-08-20 09:20:00,ATM-1,PE,1080.0,1093.7,4.8,8.4,4.35,4.9,20.89198,131250,1310250
2026-08-20 09:25:00,ATM-1,PE,1090.0,1095.5,4.95,8.45,4.9,7.95,21.287746,145500,1092000
2026-08-20 09:30:00,ATM-1,PE,1080.0,1094.1,7.7,7.95,4.35,4.85,21.045868,70500,1312500
2026-08-20 09:35:00,ATM-1,PE,1080.0,1093.3,4.7,5.15,4.7,5.15,21.212952,30000,1311750
2026-08-20 09:40:00,ATM-1,PE,1080.0,1094.8,5.05,5.15,4.6,4.6,20.927115,66750,1303500
2026-08-20 09:45:00,ATM-1,PE,1080.0,1092.4,4.6,4.95,4.6,4.95,20.196608,33000,1311750
2026-08-20 09:50:00,ATM-1,PE,1080.0,1093.6,5.1,5.3,4.75,4.75,20.526955,36750,1308750
2026-08-20 09:55:00,ATM-1,PE,1090.0,1096.2,4.8,7.75,4.5,7.45,20.873017,78750,1140000
2026-08-20 10:00:00,ATM-1,PE,1090.0,1096.8,7.4,7.45,7.1,7.1,20.632993,37500,1154250
2026-08-20 10:05:00,ATM-1,PE,1090.0,1095.3,7.1,7.6,7.1,7.6,20.487728,45000,1156500
2026-08-20 10:10:00,ATM-1,PE,1090.0,1097.8,6.85,7.6,6.75,6.75,20.679171,54750,1164750
2026-08-20 10:15:00,ATM-1,PE,1080.0,1094.5,6.35,6.9,4.2,4.35,20.205433,81000,1296750
2026-08-20 10:20:00,ATM-1,PE,1080.0,1093.9,4.3,4.7,4.25,4.45,20.068547,30750,1290750
2026-08-20 10:25:00,ATM-1,PE,1080.0,1094.4,4.4,4.45,4.35,4.4,20.271571,34500,1294500
2026-08-20 10:30:00,ATM-1,PE,1090.0,1095.4,4.6,7.75,4.2,7.45,20.297709,39750,1132500
2026-08-20 10:35:00,ATM-1,PE,1080.0,1094.8,7.2,7.45,4.2,4.2,20.064069,11250,1295250
2026-08-20 10:40:00,ATM-1,PE,1090.0,1097.7,4.2,7.6,4.2,6.3,19.723108,39000,1141500
2026-08-20 10:45:00,ATM-1,PE,1090.0,1098.9,6.3,6.4,5.85,5.9,19.762265,78750,1176000
2026-08-20 10:50:00,ATM-1,PE,1090.0,1098.2,6.1,6.45,5.9,6.0,19.478191,75000,1206750
2026-08-20 10:55:00,ATM-1,PE,1090.0,1100.3,6.0,6.0,5.15,5.2,19.260566,135000,1226250
2026-08-20 11:00:00,ATM-1,PE,1090.0,1099.6,5.45,6.5,5.2,6.5,21.524604,99000,1188000
2026-08-20 11:05:00,ATM-1,PE,1090.0,1098.6,6.35,6.9,6.35,6.9,21.638793,56250,1158000
2026-08-20 11:10:00,ATM-1,PE,1090.0,1098.7,6.85,7.0,6.7,6.8,21.512489,68250,1137750
2026-08-20 11:15:00,ATM-1,PE,1090.0,1096.6,6.8,7.6,6.8,7.55,21.479066,53250,1128750
2026-08-20 11:20:00,ATM-1,PE,1090.0,1095.6,7.4,8.0,4.3,7.85,21.311501,60750,1119750
2026-08-20 11:25:00,ATM-1,PE,1090.0,1095.5,7.9,8.0,4.55,7.85,21.239323,15000,1117500
2026-08-20 11:30:00,ATM-1,PE,1090.0,1096.2,7.7,7.85,7.25,7.5,21.090599,39000,1113000
2026-08-20 11:35:00,ATM-1,PE,1090.0,1096.0,7.35,7.65,7.35,7.55,21.042599,29250,1109250
2026-08-20 11:40:00,ATM-1,PE,1090.0,1096.0,7.55,7.8,7.5,7.65,21.249235,16500,1104750
2026-08-20 11:45:00,ATM-1,PE,1090.0,1095.7,7.55,7.75,7.5,7.65,21.021916,32250,1101000
2026-08-20 11:50:00,ATM-1,PE,1090.0,1097.1,7.65,7.65,7.05,7.05,20.892591,43500,1108500
2026-08-20 11:55:00,ATM-1,PE,1090.0,1097.0,6.9,7.3,6.8,7.0,20.722019,48750,1109250
2026-08-20 12:00:00,ATM-1,PE,1090.0,1096.9,7.15,7.3,7.0,7.0,20.652814,12750,1110000
2026-08-20 12:05:00,ATM-1,PE,1090.0,1097.0,6.9,7.0,6.65,6.9,20.531113,23250,1114500
2026-08-20 12:10:00,ATM-1,PE,1090.0,1097.5,6.9,7.0,6.9,6.9,20.911606,12000,1113000
2026-08-20 12:15:00,ATM-1,PE,1090.0,1098.7,6.95,7.0,6.4,6.4,20.768444,28500,1122000
2026-08-20 12:20:00,ATM-1,PE,1090.0,1098.0,6.5,6.75,6.4,6.6,20.67873,22500,1121250
2026-08-20 12:25:00,ATM-1,PE,1090.0,1098.2,6.6,6.75,6.35,6.4,20.418358,20250,1122000
2026-08-20 12:30:00,ATM-1,PE,1090.0,1097.9,6.5,6.7,6.4,6.7,20.823394,27750,1125000
2026-08-20 12:35:00,ATM-1,PE,1090.0,1099.1,6.65,6.7,6.2,6.2,20.663661,44250,1136250
2026-08-20 12:40:00,ATM-1,PE,1090.0,1097.8,5.9,6.65,5.9,6.65,20.659213,87750,1153500
2026-08-20 12:45:00,ATM-1,PE,1090.0,1099.0,6.8,6.8,6.15,6.2,20.604639,78750,1152000
2026-08-20 12:50:00,ATM-1,PE,1090.0,1099.0,6.2,6.4,6.0,6.25,20.715474,42750,1152000
2026-08-20 12:55:00,ATM-1,PE,1090.0,1097.0,6.25,7.3,6.25,7.2,21.204,58500,1131750
2026-08-20 13:00:00,ATM-1,PE,1090.0,1096.3,7.1,7.35,7.1,7.3,20.877587,25500,1131750
2026-08-20 13:05:00,ATM-1,PE,1090.0,1096.4,7.25,7.6,7.25,7.35,21.062192,27750,1128750
2026-08-20 13:10:00,ATM-1,PE,1090.0,1096.4,7.35,7.7,7.35,7.55,21.473258,33000,1117500
2026-08-20 13:15:00,ATM-1,PE,1090.0,1096.0,7.4,7.65,7.25,7.55,21.1689,25500,1116750
2026-08-20 13:20:00,ATM-1,PE,1090.0,1096.6,7.45,7.55,7.4,7.55,21.640832,12750,1111500
2026-08-20 13:25:00,ATM-1,PE,1090.0,1095.9,7.5,7.55,7.25,7.55,21.103529,27000,1107750
2026-08-20 13:30:00,ATM-1,PE,1090.0,1096.9,7.55,7.55,7.2,7.35,21.478231,27000,1107750
2026-08-20 13:35:00,ATM-1,PE,1090.0,1095.1,7.3,7.6,7.15,7.5,20.384503,20250,1106250
2026-08-20 13:40:00,ATM-1,PE,1080.0,1095.0,7.6,7.65,4.45,4.55,21.244587,42750,1102500
2026-08-20 13:45:00,ATM-1,PE,1080.0,1094.7,4.6,4.6,4.4,4.45,20.827042,27000,1107750
2026-08-20 13:50:00,ATM-1,PE,1080.0,1094.8,4.45,4.5,4.45,4.5,21.014138,28500,1098750
2026-08-20 13:55:00,ATM-1,PE,1090.0,1095.9,4.5,7.8,4.45,7.4,20.838518,27000,1061250
2026-08-20 14:00:00,ATM-1,PE,1090.0,1096.3,7.4,7.5,7.1,7.1,20.546798,29250,1064250
2026-08-20 14:05:00,ATM-1,PE,1090.0,1096.0,7.35,7.35,7.0,7.15,20.422289,29250,1056000
2026-08-20 14:10:00,ATM-1,PE,1090.0,1096.0,7.3,7.3,7.05,7.25,20.631468,24750,1050000
2026-08-20 14:15:00,ATM-1,PE,1080.0,1095.0,7.3,7.3,4.25,4.35,20.818,27000,1085250
2026-08-20 14:20:00,ATM-1,PE,1090.0,1096.0,4.35,7.65,4.35,7.1,20.339227,17250,1043250
2026-08-20 14:25:00,ATM-1,PE,1090.0,1096.2,7.2,7.45,4.25,7.2,20.704197,39750,1055250
2026-08-20 14:30:00,ATM-1,PE,1090.0,1098.6,7.2,7.35,6.35,6.35,20.762003,39000,1054500
2026-08-20 14:35:00,ATM-1,PE,1090.0,1099.0,6.15,6.5,6.0,6.0,20.321104,96750,1079250
2026-08-20 14:40:00,ATM-1,PE,1090.0,1099.1,6.0,6.15,5.95,5.95,20.293173,36000,1072500
2026-08-20 14:45:00,ATM-1,PE,1090.0,1099.8,5.9,5.95,5.5,5.65,20.155853,57000,1087500
2026-08-20 14:50:00,ATM-1,PE,1090.0,1098.9,5.6,5.9,5.6,5.7,19.631924,35250,1086750
2026-08-20 14:55:00,ATM-1,PE,1090.0,1098.8,5.95,6.0,5.7,5.75,19.672657,51750,1081500
2026-08-20 15:00:00,ATM-1,PE,1090.0,1097.6,5.9,6.3,5.75,6.3,19.959268,51000,1068000
2026-08-20 15:05:00,ATM-1,PE,1090.0,1096.5,6.2,6.4,6.2,6.25,19.036132,40500,1057500
2026-08-20 15:10:00,ATM-1,PE,1090.0,1097.0,6.3,6.3,6.1,6.1,19.107855,14250,1053750
2026-08-20 15:15:00,ATM-1,PE,1090.0,1097.0,6.35,6.5,6.1,6.4,19.73614,23250,1044000
2026-08-20 15:20:00,ATM-1,PE,1090.0,1097.0,6.4,6.75,6.4,6.75,20.465851,16500,1033500
2026-08-20 15:25:00,ATM-1,PE,1080.0,1095.0,6.75,6.85,3.65,3.7,19.334407,57000,993000
2026-08-20 15:30:00,ATM-1,PE,1080.0,1095.0,3.7,3.9,3.7,3.9,19.830826,9750,994500
2026-08-20 15:35:00,ATM-1,PE,1080.0,1095.0,3.9,3.9,3.75,3.75,19.469676,7500,995250
2026-08-21 09:15:00,ATM-1,PE,1090.0,1097.4,5.95,7.45,3.9,5.9,20.413135,298500,1051500
2026-08-21 09:20:00,ATM-1,PE,1080.0,1094.3,6.25,6.25,3.4,4.35,22.031102,212250,993750
2026-08-21 09:25:00,ATM-1,PE,1090.0,1096.8,4.6,8.0,4.35,6.6,21.512226,81750,1068750
2026-08-21 09:30:00,ATM-1,PE,1090.0,1095.3,6.55,7.25,6.55,7.05,21.249233,54750,1072500
2026-08-21 09:35:00,ATM-1,PE,1090.0,1097.0,7.1,7.1,6.5,6.7,21.917434,45000,1080750
2026-08-21 09:40:00,ATM-1,PE,1090.0,1099.5,6.45,6.7,5.75,5.8,21.879664,74250,1082250
2026-08-21 09:45:00,ATM-1,PE,1090.0,1098.3,5.7,6.35,5.65,6.35,22.204008,60750,1090500
2026-08-21 09:50:00,ATM-1,PE,1090.0,1099.0,6.3,6.4,5.8,5.8,21.50694,81000,1086750
2026-08-21 09:55:00,ATM-1,PE,1090.0,1099.2,5.9,6.25,5.8,5.95,22.017528,31500,1080000
2026-08-21 10:00:00,ATM-1,PE,1090.0,1100.0,5.35,5.95,5.15,5.25,21.008531,62250,1080000
2026-08-21 10:05:00,ATM-1,PE,1090.0,1098.2,5.35,5.9,5.25,5.9,21.129701,39000,1080000
2026-08-21 10:10:00,ATM-1,PE,1090.0,1096.5,5.85,6.2,5.6,6.2,20.436742,54000,1080750
2026-08-21 10:15:00,ATM-1,PE,1090.0,1097.0,6.35,6.35,5.9,6.25,20.969842,65250,1077750
2026-08-21 10:20:00,ATM-1,PE,1090.0,1096.1,6.4,6.5,6.25,6.5,20.789472,48000,1079250
2026-08-21 10:25:00,ATM-1,PE,1090.0,1097.0,6.65,6.85,6.45,6.5,21.548957,33000,1077000
2026-08-21 10:30:00,ATM-1,PE,1090.0,1096.1,6.35,6.6,6.35,6.6,21.028253,15750,1071750
2026-08-21 10:35:00,ATM-1,PE,1090.0,1096.3,6.7,6.75,6.4,6.5,20.980922,38250,1073250
2026-08-21 10:40:00,ATM-1,PE,1080.0,1094.0,6.55,7.1,3.95,4.25,21.698261,74250,923250
2026-08-21 10:45:00,ATM-1,PE,1080.0,1093.7,4.25,4.6,4.2,4.4,21.881793,117750,876000
2026-08-21 10:50:00,ATM-1,PE,1080.0,1094.1,4.3,4.4,4.0,4.25,21.784229,41250,869250
2026-08-21 10:55:00,ATM-1,PE,1080.0,1093.3,4.2,4.6,4.2,4.35,21.489106,108750,820500
2026-08-21 11:00:00,ATM-1,PE,1080.0,1093.4,4.45,4.5,4.35,4.45,21.82262,24750,813000
2026-08-21 11:05:00,ATM-1,PE,1080.0,1092.3,4.45,4.75,4.4,4.7,21.671512,24750,818250
2026-08-21 11:10:00,ATM-1,PE,1080.0,1094.1,4.6,4.7,4.25,4.3,21.946629,63000,799500
2026-08-21 11:15:00,ATM-1,PE,1080.0,1093.8,4.15,4.3,4.0,4.05,21.098442,24000,792750
2026-08-21 11:20:00,ATM-1,PE,1090.0,1095.5,3.85,7.3,3.85,6.65,20.705382,106500,1098000
2026-08-21 11:25:00,ATM-1,PE,1090.0,1096.1,6.7,6.7,6.1,6.3,20.440398,114000,1103250
2026-08-21 11:30:00,ATM-1,PE,1090.0,1097.0,6.4,6.4,6.1,6.15,20.860131,33750,1105500
2026-08-21 11:35:00,ATM-1,PE,1090.0,1096.6,6.3,6.4,6.15,6.4,21.101694,24000,1103250
2026-08-21 11:40:00,ATM-1,PE,1090.0,1098.5,6.2,6.4,5.65,5.7,21.056843,19500,1110000
2026-08-21 11:45:00,ATM-1,PE,1090.0,1098.7,5.55,5.7,5.45,5.55,20.873786,14250,1113000
2026-08-21 11:50:00,ATM-1,PE,1090.0,1099.0,5.55,5.6,5.3,5.3,20.530711,27000,1111500
2026-08-21 11:55:00,ATM-1,PE,1090.0,1097.4,5.4,5.8,5.3,5.8,20.427305,69000,1118250
2026-08-21 12:00:00,ATM-1,PE,1090.0,1095.1,5.75,6.45,5.75,6.35,19.750018,45000,1117500
2026-08-21 12:05:00,ATM-1,PE,1090.0,1095.1,6.5,6.7,6.35,6.55,20.20449,16500,1120500
2026-08-21 12:10:00,ATM-1,PE,1080.0,1093.8,3.5,3.55,3.45,3.55,19.864174,36000,805500
2026-08-21 12:15:00,ATM-1,PE,1090.0,1095.4,3.55,6.65,3.55,6.4,20.143681,35250,1134750
2026-08-21 12:20:00,ATM-1,PE,1090.0,1095.6,6.2,6.4,6.15,6.2,19.873304,32250,1128000
2026-08-21 12:25:00,ATM-1,PE,1090.0,1095.2,6.2,6.45,3.4,6.4,19.98573,12000,1125750
2026-08-21 12:30:00,ATM-1,PE,1090.0,1095.1,6.25,6.45,5.75,6.45,20.018389,36750,1129500
2026-08-21 12:35:00,ATM-1,PE,1090.0,1095.6,6.45,6.45,6.1,6.1,19.669997,17250,1123500
2026-08-21 12:40:00,ATM-1,PE,1080.0,1094.9,6.2,6.35,3.4,3.45,20.380158,13500,795000
2026-08-21 12:45:00,ATM-1,PE,1090.0,1095.5,6.25,6.4,3.2,5.9,19.147149,26250,1128750
2026-08-21 12:50:00,ATM-1,PE,1090.0,1095.1,5.9,6.3,5.9,6.25,19.599305,23250,1129500
2026-08-21 12:55:00,ATM-1,PE,1080.0,1094.7,6.4,6.45,3.3,3.45,20.26995,30000,796500
2026-08-21 13:00:00,ATM-1,PE,1080.0,1094.1,3.55,3.8,3.45,3.65,20.414616,12000,783000
2026-08-21 13:05:00,ATM-1,PE,1080.0,1094.4,3.65,3.7,3.6,3.6,20.491937,12000,783000
2026-08-21 13:10:00,ATM-1,PE,1080.0,1092.7,3.5,3.95,3.5,3.95,20.250722,13500,784500
2026-08-21 13:15:00,ATM-1,PE,1080.0,1094.5,4.05,4.05,3.55,3.65,20.711222,15750,774750
2026-08-21 13:20:00,ATM-1,PE,1080.0,1092.9,3.65,3.9,3.65,3.9,20.277024,17250,782250
2026-08-21 13:25:00,ATM-1,PE,1080.0,1093.3,3.95,3.95,3.85,3.9,20.565885,9750,786750
2026-08-21 13:30:00,ATM-1,PE,1080.0,1093.1,3.65,3.9,3.65,3.9,20.433518,30750,779250
2026-08-21 13:35:00,ATM-1,PE,1080.0,1093.5,3.8,3.9,3.7,3.7,20.191069,12000,780000
2026-08-21 13:40:00,ATM-1,PE,1080.0,1093.9,3.55,3.7,3.55,3.55,20.071179,6750,780750
2026-08-21 13:45:00,ATM-1,PE,1080.0,1093.7,3.5,3.6,3.45,3.45,19.671281,10500,780000
2026-08-21 13:50:00,ATM-1,PE,1080.0,1093.9,3.35,3.45,3.1,3.35,19.542063,22500,782250
2026-08-21 13:55:00,ATM-1,PE,1080.0,1094.1,3.35,3.35,3.25,3.25,19.409138,5250,775500
2026-08-21 14:00:00,ATM-1,PE,1080.0,1093.6,3.25,3.4,3.25,3.4,19.489986,6000,776250
2026-08-21 14:05:00,ATM-1,PE,1080.0,1092.6,3.4,3.6,3.4,3.4,18.810164,27000,772500
2026-08-21 14:10:00,ATM-1,PE,1080.0,1092.5,3.4,3.6,3.4,3.45,18.882187,24000,770250
2026-08-21 14:15:00,ATM-1,PE,1080.0,1093.2,3.45,3.45,3.2,3.25,18.830155,9750,772500
2026-08-21 14:20:00,ATM-1,PE,1080.0,1093.6,3.2,3.25,3.1,3.1,18.694202,5250,772500
2026-08-21 14:25:00,ATM-1,PE,1080.0,1093.9,3.1,3.25,3.1,3.15,19.042275,6750,771750
2026-08-21 14:30:00,ATM-1,PE,1080.0,1093.5,3.2,3.3,3.1,3.3,19.193852,38250,744750
2026-08-21 14:35:00,ATM-1,PE,1080.0,1093.3,3.2,3.3,3.2,3.2,18.790306,22500,747000
2026-08-21 14:40:00,ATM-1,PE,1080.0,1093.7,3.35,3.35,3.2,3.25,19.207211,13500,747000
2026-08-21 14:45:00,ATM-1,PE,1080.0,1093.5,3.15,3.25,3.15,3.2,18.940884,19500,747750
2026-08-21 14:50:00,ATM-1,PE,1080.0,1093.9,3.25,3.4,3.1,3.1,18.939876,40500,731250
2026-08-21 14:55:00,ATM-1,PE,1080.0,1092.9,3.25,3.35,3.1,3.35,18.956261,16500,732750
2026-08-21 15:00:00,ATM-1,PE,1080.0,1093.8,3.3,3.35,3.0,3.0,18.606612,15000,730500
2026-08-21 15:05:00,ATM-1,PE,1080.0,1093.0,3.0,3.1,3.0,3.05,18.215199,12750,727500
2026-08-21 15:10:00,ATM-1,PE,1080.0,1093.1,3.05,3.1,2.95,3.0,18.15074,9750,725250
2026-08-21 15:15:00,ATM-1,PE,1080.0,1093.1,2.95,3.15,2.95,3.05,18.297361,10500,727500
2026-08-21 15:20:00,ATM-1,PE,1080.0,1093.1,3.05,3.15,3.0,3.1,18.443606,6750,730500
2026-08-21 15:25:00,ATM-1,PE,1080.0,1095.0,3.1,3.3,3.1,3.15,19.869586,11250,726000
2026-08-21 15:30:00,ATM-1,PE,1080.0,1095.0,3.05,3.15,2.9,2.9,19.159625,21000,727500
2026-08-21 15:35:00,ATM-1,PE,1080.0,1095.0,2.95,2.95,2.35,2.35,17.530095,31500,736500
2026-08-24 09:15:00,ATM-1,PE,1080.0,1091.4,4.0,4.05,3.25,3.4,31.143401,214500,750000
2026-08-24 09:20:00,ATM-1,PE,1080.0,1093.0,3.55,3.55,2.8,3.1,31.759897,59250,753750
2026-08-24 09:25:00,ATM-1,PE,1080.0,1092.3,2.95,3.1,2.75,2.8,29.470511,41250,749250
2026-08-24 09:30:00,ATM-1,PE,1080.0,1094.4,3.15,3.15,2.55,2.55,30.744241,41250,747750
2026-08-24 09:35:00,ATM-1,PE,1080.0,1092.2,2.6,3.0,2.55,3.0,30.40886,26250,743250
2026-08-24 09:40:00,ATM-1,PE,1080.0,1091.8,2.9,3.2,2.9,2.95,29.707848,34500,740250
2026-08-24 09:45:00,ATM-1,PE,1080.0,1092.8,2.95,3.15,2.9,2.9,30.739756,17250,739500
2026-08-24 09:50:00,ATM-1,PE,1080.0,1092.0,2.9,3.0,2.8,2.9,29.793019,29250,738750
2026-08-24 09:55:00,ATM-1,PE,1080.0,1092.2,2.95,2.95,2.7,2.75,29.337785,14250,739500
2026-08-24 10:00:00,ATM-1,PE,1080.0,1090.7,2.8,3.05,2.55,2.95,28.475809,45750,738000
2026-08-24 10:05:00,ATM-1,PE,1080.0,1090.4,3.0,3.1,2.85,3.1,28.844311,33000,748500
2026-08-24 10:10:00,ATM-1,PE,1080.0,1089.3,3.25,3.5,3.1,3.5,29.285219,32250,741000
2026-08-24 10:15:00,ATM-1,PE,1080.0,1092.0,3.3,3.5,2.8,2.8,29.500813,28500,733500
2026-08-24 10:20:00,ATM-1,PE,1080.0,1090.8,2.6,2.85,2.6,2.8,28.030977,47250,727500
2026-08-24 10:25:00,ATM-1,PE,1080.0,1091.6,2.8,2.85,2.7,2.7,28.583307,20250,708000
2026-08-24 10:30:00,ATM-1,PE,1080.0,1090.7,2.75,2.85,2.7,2.85,28.225186,33750,707250
2026-08-24 10:35:00,ATM-1,PE,1080.0,1091.3,2.85,2.95,2.75,2.9,29.276993,20250,710250
2026-08-24 10:40:00,ATM-1,PE,1080.0,1091.2,2.9,3.0,2.8,3.0,29.680128,36750,706500
2026-08-24 10:45:00,ATM-1,PE,1080.0,1089.8,3.0,3.45,3.0,3.45,30.019769,33750,702000
2026-08-24 10:50:00,ATM-1,PE,1080.0,1089.7,3.45,3.5,3.4,3.5,30.159077,39000,691500
2026-08-24 10:55:00,ATM-1,PE,1080.0,1088.6,3.35,3.75,3.0,3.75,29.823495,76500,702750
2026-08-24 11:00:00,ATM-1,PE,1080.0,1087.4,3.85,4.4,3.6,4.3,30.583811,56250,696750
2026-08-24 11:05:00,ATM-1,PE,1080.0,1087.5,4.2,4.45,4.15,4.15,30.112063,26250,682500
2026-08-24 11:10:00,ATM-1,PE,1080.0,1087.5,4.25,4.3,4.15,4.3,30.819306,76500,668250
2026-08-24 11:15:00,ATM-1,PE,1080.0,1087.1,4.4,4.4,4.2,4.3,30.263742,76500,663750
2026-08-24 11:20:00,ATM-1,PE,1080.0,1087.6,4.2,4.35,4.1,4.1,30.165579,18750,658500
2026-08-24 11:25:00,ATM-1,PE,1080.0,1088.2,4.3,4.3,3.9,3.9,30.1869,38250,663000
2026-08-24 11:30:00,ATM-1,PE,1070.0,1084.8,3.9,4.85,2.3,2.65,33.113245,39000,629250
2026-08-24 11:35:00,ATM-1,PE,1080.0,1085.1,2.65,5.2,2.6,4.5,28.192993,61500,664500
2026-08-24 11:40:00,ATM-1,PE,1080.0,1087.2,2.2,4.6,2.2,4.15,29.964402,30750,684750
2026-08-24 11:45:00,ATM-1,PE,1080.0,1087.2,4.1,4.2,4.1,4.1,29.78413,57750,699000
2026-08-24 11:50:00,ATM-1,PE,1080.0,1086.8,4.2,4.2,3.9,3.9,28.328658,15000,701250
2026-08-24 11:55:00,ATM-1,PE,1080.0,1086.0,3.9,4.2,3.9,4.15,28.254429,14250,705000
2026-08-24 12:00:00,ATM-1,PE,1080.0,1086.4,4.05,4.15,4.0,4.0,28.248937,17250,707250
2026-08-24 12:05:00,ATM-1,PE,1080.0,1086.3,4.15,4.35,4.0,4.15,28.80341,21000,711000
2026-08-24 12:10:00,ATM-1,PE,1080.0,1086.1,4.15,4.25,4.15,4.25,28.977319,11250,711750
2026-08-24 12:15:00,ATM-1,PE,1080.0,1086.7,4.2,4.3,4.15,4.15,29.506519,30750,705000
2026-08-24 12:20:00,ATM-1,PE,1080.0,1086.2,4.15,4.2,4.15,4.2,28.997053,7500,704250
2026-08-24 12:25:00,ATM-1,PE,1080.0,1085.6,4.4,4.45,4.2,4.45,29.195147,15750,706500
2026-08-24 12:30:00,ATM-1,PE,1080.0,1085.4,2.0,4.7,2.0,4.65,29.793682,13500,695250
2026-08-24 12:35:00,ATM-1,PE,1070.0,1084.6,4.65,4.65,2.1,2.3,31.534716,11250,584250
2026-08-24 12:40:00,ATM-1,PE,1070.0,1084.2,2.3,2.45,2.2,2.2,30.520734,13500,583500
2026-08-24 12:45:00,ATM-1,PE,1080.0,1085.1,2.35,5.25,2.2,4.9,30.529306,19500,669750
2026-08-24 12:50:00,ATM-1,PE,1070.0,1084.5,2.4,2.5,2.35,2.5,32.693719,10500,572250
2026-08-24 12:55:00,ATM-1,PE,1070.0,1083.4,2.5,2.5,2.4,2.5,31.365884,43500,575250
2026-08-24 13:00:00,ATM-1,PE,1070.0,1083.4,2.5,5.55,2.3,2.65,32.239657,95250,597750
2026-08-24 13:05:00,ATM-1,PE,1070.0,1082.9,2.7,2.8,2.5,2.55,31.100837,76500,648000
2026-08-24 13:10:00,ATM-1,PE,1070.0,1082.3,2.5,2.7,2.5,2.6,30.646317,36000,639000
2026-08-24 13:15:00,ATM-1,PE,1070.0,1082.3,2.7,2.7,2.6,2.65,30.96372,48000,648750
2026-08-24 13:20:00,ATM-1,PE,1070.0,1081.8,2.5,2.9,2.5,2.9,31.681065,52500,597750
2026-08-24 13:25:00,ATM-1,PE,1070.0,1082.4,2.9,3.0,2.75,2.9,32.532242,20250,590250
2026-08-24 13:30:00,ATM-1,PE,1070.0,1083.3,2.75,2.9,2.6,2.65,32.409993,30000,586500
2026-08-24 13:35:00,ATM-1,PE,1070.0,1082.4,2.6,2.8,2.55,2.8,32.098248,53250,575250
2026-08-24 13:40:00,ATM-1,PE,1070.0,1082.7,2.9,2.9,2.6,2.8,32.545953,32250,580500
2026-08-24 13:45:00,ATM-1,PE,1070.0,1083.8,2.85,2.85,2.55,2.55,32.648431,22500,578250
2026-08-24 13:50:00,ATM-1,PE,1070.0,1082.3,2.35,2.7,2.35,2.7,31.575045,36000,581250
2026-08-24 13:55:00,ATM-1,PE,1070.0,1081.1,2.75,3.1,2.7,3.0,31.597605,24000,576000
2026-08-24 14:00:00,ATM-1,PE,1070.0,1080.7,3.0,3.15,3.0,3.15,31.867812,11250,576000
2026-08-24 14:05:00,ATM-1,PE,1070.0,1080.8,3.1,3.15,3.0,3.05,31.541065,8250,577500
2026-08-24 14:10:00,ATM-1,PE,1070.0,1080.3,3.1,3.35,3.05,3.3,32.169498,15750,577500
2026-08-24 14:15:00,ATM-1,PE,1070.0,1080.3,3.25,3.3,3.1,3.1,31.195446,13500,579000
2026-08-24 14:20:00,ATM-1,PE,1070.0,1079.2,3.15,3.35,3.1,3.25,30.422305,33750,578250
2026-08-24 14:25:00,ATM-1,PE,1070.0,1079.8,3.35,3.35,3.05,3.05,30.323206,36750,590250
2026-08-24 14:30:00,ATM-1,PE,1070.0,1081.4,3.15,3.15,2.35,2.7,30.762678,34500,585750
2026-08-24 14:35:00,ATM-1,PE,1070.0,1080.5,2.75,2.8,2.7,2.75,29.840019,5250,585000
2026-08-24 14:40:00,ATM-1,PE,1070.0,1080.4,2.75,2.85,2.7,2.8,30.014502,15000,583500
2026-08-24 14:45:00,ATM-1,PE,1070.0,1079.9,2.85,3.2,2.8,3.05,30.664261,15000,585000
2026-08-24 14:50:00,ATM-1,PE,1070.0,1080.3,3.1,3.1,2.85,3.0,31.027445,7500,585000
2026-08-24 14:55:00,ATM-1,PE,1070.0,1079.6,3.05,3.25,3.0,3.05,30.329745,15750,581250
2026-08-24 15:00:00,ATM-1,PE,1070.0,1078.6,3.1,3.2,3.05,3.15,29.416769,92250,593250
2026-08-24 15:05:00,ATM-1,PE,1070.0,1078.8,3.2,3.25,2.95,2.95,28.739,98250,605250
2026-08-24 15:10:00,ATM-1,PE,1070.0,1078.9,2.8,2.95,2.55,2.65,27.368575,63750,627750
2026-08-24 15:15:00,ATM-1,PE,1070.0,1078.9,2.8,2.8,2.4,2.6,27.149628,36750,630000
2026-08-24 15:20:00,ATM-1,PE,1070.0,1078.9,2.4,2.6,2.3,2.45,26.394818,38250,562500
2026-08-24 15:25:00,ATM-1,PE,1070.0,1077.0,2.7,2.8,2.45,2.8,25.446619,30750,573750
2026-08-24 15:30:00,ATM-1,PE,1070.0,1077.0,2.85,2.85,2.5,2.65,24.725655,45000,589500
2026-08-24 15:35:00,ATM-1,PE,1070.0,1077.0,2.55,3.0,2.4,2.55,24.25361,51000,609000
2026-08-25 09:15:00,ATM-1,PE,1070.0,1075.7,0.75,2.7,0.55,2.15,38.716881,55500,528750
2026-08-25 09:20:00,ATM-1,PE,1070.0,1075.5,1.95,2.3,1.9,2.3,39.853025,28500,531750
2026-08-25 09:25:00,ATM-1,PE,1070.0,1075.7,2.1,2.3,1.8,1.8,35.65966,11250,534000
2026-08-25 09:30:00,ATM-1,PE,1070.0,1075.7,1.9,2.0,1.8,1.95,37.453181,17250,537000
2026-08-25 09:35:00,ATM-1,PE,1060.0,1073.4,0.25,0.35,0.25,0.35,34.404353,21000,507000
2026-08-25 09:40:00,ATM-1,PE,1060.0,1072.8,0.4,0.45,0.35,0.4,34.629506,11250,502500
2026-08-25 09:45:00,ATM-1,PE,1060.0,1074.7,0.45,2.4,0.35,0.35,37.391593,43500,499500
2026-08-25 09:50:00,ATM-1,PE,1060.0,1073.2,0.35,0.45,0.35,0.45,37.038712,12000,499500
2026-08-25 09:55:00,ATM-1,PE,1060.0,1075.0,0.45,2.9,0.45,0.45,40.963665,7500,498750
2026-08-25 10:00:00,ATM-1,PE,1070.0,1076.3,2.15,2.15,0.25,1.7,38.172363,16500,537750
2026-08-25 10:05:00,ATM-1,PE,1070.0,1075.4,1.5,1.7,1.25,1.6,34.603208,37500,537000
2026-08-25 10:10:00,ATM-1,PE,1070.0,1075.8,1.65,1.95,0.2,1.9,39.434312,21000,534750
2026-08-25 10:15:00,ATM-1,PE,1070.0,1075.5,1.75,1.9,1.45,1.45,33.735497,11250,539250
2026-08-25 10:20:00,ATM-1,PE,1060.0,1074.1,1.45,1.65,0.2,0.25,35.337859,12750,489750
2026-08-25 10:25:00,ATM-1,PE,1060.0,1074.1,0.25,0.25,0.2,0.2,33.958041,1500,489750
2026-08-25 10:30:00,ATM-1,PE,1060.0,1073.7,0.3,0.3,0.2,0.25,35.122602,10500,489750
2026-08-25 10:35:00,ATM-1,PE,1060.0,1074.3,0.25,0.25,0.2,0.2,34.897921,6000,490500
2026-08-25 10:40:00,ATM-1,PE,1060.0,1074.4,0.2,0.6,0.2,0.6,46.074254,21000,490500
2026-08-25 10:45:00,ATM-1,PE,1060.0,1074.0,0.6,0.7,0.6,0.65,46.596329,34500,489750
2026-08-25 10:50:00,ATM-1,PE,1060.0,1074.9,0.7,0.75,0.65,0.75,51.1838,5250,489750
2026-08-25 10:55:00,ATM-1,PE,1060.0,1074.5,0.75,0.95,0.75,0.85,52.628367,8250,491250
2026-08-25 11:00:00,ATM-1,PE,1070.0,1075.9,3.1,4.0,2.95,2.95,55.306567,15750,363750
2026-08-25 11:05:00,ATM-1,PE,1070.0,1076.1,3.2,3.2,2.95,3.2,59.389638,5250,362250
2026-08-25 11:10:00,ATM-1,PE,1070.0,1077.2,3.2,3.2,2.9,3.05,62.300952,9000,363000
2026-08-25 11:15:00,ATM-1,PE,1070.0,1076.1,2.7,3.05,2.55,2.95,57.624535,6750,363000
2026-08-25 11:20:00,ATM-1,PE,1070.0,1076.6,3.1,3.2,2.8,3.0,60.665053,33750,342000
2026-08-25 11:25:00,ATM-1,PE,1070.0,1076.4,3.05,3.05,2.7,2.7,56.914455,2250,342000
2026-08-25 11:30:00,ATM-1,PE,1070.0,1076.4,2.7,2.7,2.7,2.7,57.488009,0,342000
2026-08-25 11:35:00,ATM-1,PE,1070.0,1077.6,2.7,2.7,2.7,2.7,62.60532,0,342000
2026-08-25 11:40:00,ATM-1,PE,1070.0,1077.5,2.7,2.7,2.35,2.35,58.396709,3750,340500
2026-08-25 11:45:00,ATM-1,PE,1070.0,1077.6,2.35,2.75,2.35,2.55,62.007002,2250,340500
2026-08-25 11:50:00,ATM-1,PE,1070.0,1079.2,2.55,2.55,2.15,2.15,63.140357,5250,342000
2026-08-25 11:55:00,ATM-1,PE,1070.0,1080.5,2.05,2.15,2.0,2.0,66.243847,39750,336750
2026-08-25 12:00:00,ATM-1,PE,1070.0,1079.9,2.0,2.0,2.0,2.0,64.904168,10500,340500
2026-08-25 12:05:00,ATM-1,PE,1070.0,1079.8,2.0,2.0,1.5,1.5,57.602584,4500,341250
2026-08-25 12:10:00,ATM-1,PE,1070.0,1080.5,1.5,1.5,1.05,1.05,52.884773,5250,345750
2026-08-25 12:15:00,ATM-1,PE,1070.0,1080.2,1.05,1.05,1.0,1.0,51.647209,6000,345750
2026-08-25 12:20:00,ATM-1,PE,1070.0,1079.5,1.0,1.0,0.85,0.85,47.173466,6750,347250
2026-08-25 12:25:00,ATM-1,PE,1070.0,1079.6,0.75,0.85,0.55,0.55,41.709311,30750,333750
2026-08-25 12:30:00,ATM-1,PE,1070.0,1079.6,0.55,0.7,0.5,0.7,45.636156,12000,328500
2026-08-25 12:35:00,ATM-1,PE,1070.0,1078.5,0.7,0.9,0.7,0.9,46.710463,3750,326250
2026-08-25 12:40:00,ATM-1,PE,1070.0,1078.1,0.85,1.7,0.85,1.7,59.947167,12750,323250
2026-08-25 12:45:00,ATM-1,PE,1070.0,1078.3,1.7,1.7,1.5,1.5,58.253118,4500,321000
2026-08-25 12:50:00,ATM-1,PE,1070.0,1078.4,1.5,1.5,1.5,1.5,59.519492,0,317250
2026-08-25 12:55:00,ATM-1,PE,1070.0,1078.4,1.5,1.5,1.25,1.25,55.927549,6000,315750
2026-08-25 13:00:00,ATM-1,PE,1070.0,1077.7,1.25,1.25,0.95,1.25,54.045427,14250,309750
2026-08-25 13:05:00,ATM-1,PE,1070.0,1076.5,1.25,1.3,1.0,1.3,50.872666,10500,306000
2026-08-25 13:10:00,ATM-1,PE,1070.0,1077.2,1.3,1.3,1.3,1.3,54.719712,0,306000
2026-08-25 13:15:00,ATM-1,PE,1070.0,1076.4,1.35,1.5,1.3,1.5,55.817168,1500,302250
2026-08-25 13:20:00,ATM-1,PE,1070.0,1076.5,1.5,1.5,1.5,1.5,57.295511,0,302250
2026-08-25 13:25:00,ATM-1,PE,1070.0,1076.6,1.5,1.5,1.5,1.5,58.848306,0,302250
2026-08-25 13:30:00,ATM-1,PE,1070.0,1077.0,1.35,1.5,1.15,1.15,54.99306,7500,302250
2026-08-25 13:35:00,ATM-1,PE,1070.0,1078.8,1.15,1.15,1.15,1.15,64.135306,0,302250
2026-08-25 13:40:00,ATM-1,PE,1070.0,1078.4,1.45,1.45,1.15,1.15,63.722065,4500,297750
2026-08-25 13:45:00,ATM-1,PE,1070.0,1078.7,1.4,1.7,1.15,1.7,78.509604,1500,294000
2026-08-25 13:50:00,ATM-1,PE,1070.0,1079.5,1.45,1.7,1.45,1.5,79.91737,5250,291750
2026-08-25 13:55:00,ATM-1,PE,1070.0,1078.4,1.5,1.6,0.65,0.65,55.374155,13500,288750
2026-08-25 14:00:00,ATM-1,PE,1070.0,1078.6,0.55,1.25,0.55,1.25,73.515608,6750,276000
2026-08-25 14:05:00,ATM-1,PE,1070.0,1078.7,0.55,1.25,0.55,0.55,56.578492,3000,274500
2026-08-25 14:10:00,ATM-1,PE,1070.0,1079.7,0.55,0.55,0.45,0.45,59.081337,18750,258750
2026-08-25 14:15:00,ATM-1,PE,1070.0,1079.2,0.45,1.45,0.45,1.15,80.630729,12750,255750
2026-08-25 14:20:00,ATM-1,PE,1070.0,1079.0,1.15,1.4,0.6,0.6,65.182493,7500,255000
2026-08-25 14:25:00,ATM-1,PE,1070.0,1078.4,0.6,1.3,0.6,1.3,85.835264,3750,255000
2026-08-25 14:30:00,ATM-1,PE,1070.0,1081.0,1.3,1.3,0.85,0.85,89.719589,2250,254250
2026-08-25 14:35:00,ATM-1,PE,1070.0,1080.5,1.0,1.0,0.85,1.0,95.873132,1500,254250
2026-08-25 14:40:00,ATM-1,PE,1070.0,1082.0,1.45,3.1,1.0,1.95,140.917796,11250,251250
2026-08-25 14:45:00,ATM-1,PE,1070.0,1082.4,1.95,1.95,1.05,1.05,118.86341,7500,249750
2026-08-25 14:50:00,ATM-1,PE,1070.0,1082.6,1.05,1.05,1.05,1.05,126.594511,0,249750
2026-08-25 14:55:00,ATM-1,PE,1070.0,1082.5,1.3,1.3,1.0,1.0,131.358504,1500,249750
2026-08-25 15:00:00,ATM-1,PE,1070.0,1084.0,1.0,1.0,1.0,1.0,151.318062,750,249750
2026-08-25 15:05:00,ATM-1,PE,1070.0,1084.6,0.65,1.0,0.55,0.7,150.63354,5250,248250
2026-08-25 15:10:00,ATM-1,PE,1070.0,1082.0,0.7,0.7,0.7,0.7,144.008966,0,246750
2026-08-25 15:15:00,ATM-1,PE,1070.0,1082.0,0.7,0.7,0.6,0.6,153.689254,2250,246000
2026-08-25 15:20:00,ATM-1,PE,1070.0,1082.0,0.9,2.0,0.6,0.6,0.0,4500,244500
2026-08-25 15:25:00,ATM-1,PE,1080.0,1087.4,0.6,2.0,0.25,0.25,119.31344,1500,311250
2026-08-25 15:30:00,ATM-1,PE,1080.0,1087.4,0.25,0.25,0.05,0.05,119.586733,2250,311250
2026-08-25 15:35:00,ATM-1,PE,1080.0,1087.4,0.05,0.05,0.05,0.05,0.0,0,311250
2026-08-20 09:15:00,ATM,CE,1100.0,1097.9,6.0,13.9,6.0,12.15,23.580536,1525500,2899500
2026-08-20 09:20:00,ATM,CE,1090.0,1093.7,18.0,18.45,10.45,14.7,22.734766,251250,1034250
2026-08-20 09:25:00,ATM,CE,1100.0,1095.5,14.9,14.9,9.9,10.7,23.04463,431250,3052500
2026-08-20 09:30:00,ATM,CE,1090.0,1094.1,10.85,15.95,10.55,15.05,22.983519,149250,990750
2026-08-20 09:35:00,ATM,CE,1090.0,1093.3,15.2,15.2,13.55,13.55,20.970522,46500,988500
2026-08-20 09:40:00,ATM,CE,1090.0,1094.8,14.2,15.0,13.55,14.2,20.52789,54750,999750
2026-08-20 09:45:00,ATM,CE,1090.0,1092.4,15.3,15.3,13.5,13.5,21.881772,57000,993750
2026-08-20 09:50:00,ATM,CE,1090.0,1093.6,13.65,14.0,13.25,14.0,21.534808,33000,995250
2026-08-20 09:55:00,ATM,CE,1100.0,1096.2,14.25,14.6,9.4,9.85,20.838103,209250,3068250
2026-08-20 10:00:00,ATM,CE,1100.0,1096.8,9.9,10.6,9.85,10.6,21.732163,138000,3082500
2026-08-20 10:05:00,ATM,CE,1100.0,1095.3,10.3,10.6,9.4,9.5,20.987244,123750,3112500
2026-08-20 10:10:00,ATM,CE,1100.0,1097.8,9.9,10.55,9.5,10.5,20.623569,125250,3050250
2026-08-20 10:15:00,ATM,CE,1090.0,1094.5,10.75,15.9,9.55,14.95,22.409649,275250,953250
2026-08-20 10:20:00,ATM,CE,1090.0,1093.9,14.05,14.95,13.95,14.75,22.711365,26250,954000
2026-08-20 10:25:00,ATM,CE,1090.0,1094.4,14.75,14.85,14.15,14.15,20.970488,24750,947250
2026-08-20 10:30:00,ATM,CE,1100.0,1095.4,13.9,14.15,8.85,9.45,20.841876,30750,3074250
2026-08-20 10:35:00,ATM,CE,1090.0,1094.8,9.45,14.8,9.15,14.6,21.406219,72000,940500
2026-08-20 10:40:00,ATM,CE,1100.0,1097.7,14.5,14.6,9.0,10.75,21.243385,95250,3054000
2026-08-20 10:45:00,ATM,CE,1100.0,1098.9,10.7,11.3,10.4,11.2,20.957477,314250,2979000
2026-08-20 10:50:00,ATM,CE,1100.0,1098.2,11.0,11.2,10.1,10.7,20.687499,212250,2958750
2026-08-20 10:55:00,ATM,CE,1100.0,1100.3,11.0,12.5,10.7,12.35,21.776886,492000,2799750
2026-08-20 11:00:00,ATM,CE,1100.0,1099.6,12.1,12.45,10.85,11.4,20.671849,315750,2755500
2026-08-20 11:05:00,ATM,CE,1100.0,1098.6,11.4,11.55,11.1,11.1,21.090709,132750,2733000
2026-08-20 11:10:00,ATM,CE,1100.0,1098.7,11.0,11.2,10.75,11.1,21.00148,105750,2703750
2026-08-20 11:15:00,ATM,CE,1100.0,1096.6,10.55,11.1,9.75,9.9,20.695156,110250,2723250
2026-08-20 11:20:00,ATM,CE,1100.0,1095.6,9.95,15.3,9.25,9.25,20.356548,84000,2733750
2026-08-20 11:25:00,ATM,CE,1100.0,1095.5,9.3,14.4,9.25,9.5,20.936134,55500,2723250
2026-08-20 11:30:00,ATM,CE,1100.0,1096.2,9.65,10.15,9.5,9.8,20.892019,82500,2729250
2026-08-20 11:35:00,ATM,CE,1100.0,1096.0,10.05,10.05,9.65,9.9,21.274255,44250,2743500
2026-08-20 11:40:00,ATM,CE,1100.0,1096.0,9.8,9.9,9.35,9.7,20.896626,23250,2745750
2026-08-20 11:45:00,ATM,CE,1100.0,1095.7,9.7,9.75,9.5,9.7,21.175192,41250,2749500
2026-08-20 11:50:00,ATM,CE,1100.0,1097.1,9.7,10.3,9.5,10.3,21.056917,65250,2752500
2026-08-20 11:55:00,ATM,CE,1100.0,1097.0,10.45,10.5,9.7,10.25,21.062014,92250,2757000
2026-08-20 12:00:00,ATM,CE,1100.0,1096.9,10.0,10.25,9.8,10.0,20.68167,45750,2745750
2026-08-20 12:05:00,ATM,CE,1100.0,1097.0,10.25,10.55,10.0,10.0,20.596619,78750,2737500
2026-08-20 12:10:00,ATM,CE,1100.0,1097.5,10.1,10.3,10.0,10.3,20.713242,54000,2750250
2026-08-20 12:15:00,ATM,CE,1100.0,1098.7,10.2,10.7,10.0,10.7,20.337265,55500,2745000
2026-08-20 12:20:00,ATM,CE,1100.0,1098.0,10.75,10.75,10.2,10.2,20.060833,48000,2747250
2026-08-20 12:25:00,ATM,CE,1100.0,1098.2,10.55,10.8,10.2,10.75,20.935075,37500,2739750
2026-08-20 12:30:00,ATM,CE,1100.0,1097.9,10.5,10.75,10.4,10.4,20.557349,41250,2738250
2026-08-20 12:35:00,ATM,CE,1100.0,1099.1,10.55,11.1,10.4,10.75,20.071081,92250,2721000
2026-08-20 12:40:00,ATM,CE,1100.0,1097.8,11.35,12.25,10.75,10.85,21.53629,712500,2879250
2026-08-20 12:45:00,ATM,CE,1100.0,1099.0,11.2,12.35,10.6,11.95,22.498293,502500,3063000
2026-08-20 12:50:00,ATM,CE,1100.0,1099.0,11.8,12.2,11.8,11.9,22.410552,212250,3134250
2026-08-20 12:55:00,ATM,CE,1100.0,1097.0,12.0,12.0,10.4,10.9,22.415239,399000,3304500
2026-08-20 13:00:00,ATM,CE,1100.0,1096.3,10.85,10.9,10.5,10.6,22.49417,131250,3321000
2026-08-20 13:05:00,ATM,CE,1100.0,1096.4,10.6,10.75,10.3,10.45,22.120003,67500,3349500
2026-08-20 13:10:00,ATM,CE,1100.0,1096.4,10.5,10.5,9.9,10.3,21.837861,303750,3288000
2026-08-20 13:15:00,ATM,CE,1100.0,1096.0,10.3,10.55,10.0,10.05,21.728459,95250,3267000
2026-08-20 13:20:00,ATM,CE,1100.0,1096.6,10.2,10.3,10.05,10.25,21.5727,37500,3274500
2026-08-20 13:25:00,ATM,CE,1100.0,1095.9,10.2,10.25,9.95,9.95,21.64208,65250,3262500
2026-08-20 13:30:00,ATM,CE,1100.0,1096.9,10.05,10.3,9.9,10.2,21.213083,54750,3249750
2026-08-20 13:35:00,ATM,CE,1100.0,1095.1,10.3,10.3,9.55,9.55,21.600836,102750,3267000
2026-08-20 13:40:00,ATM,CE,1090.0,1095.0,9.45,14.85,9.45,14.5,21.281463,60000,843000
2026-08-20 13:45:00,ATM,CE,1090.0,1094.7,14.4,14.5,14.2,14.25,21.148084,21750,841500
2026-08-20 13:50:00,ATM,CE,1090.0,1094.8,14.4,14.55,14.1,14.55,21.637316,26250,844500
2026-08-20 13:55:00,ATM,CE,1100.0,1095.9,14.75,14.75,9.55,9.8,21.400053,36750,3227250
2026-08-20 14:00:00,ATM,CE,1100.0,1096.3,9.9,10.2,9.65,10.2,21.819988,57000,3236250
2026-08-20 14:05:00,ATM,CE,1100.0,1096.0,10.15,10.2,9.9,9.9,21.52008,102000,3201750
2026-08-20 14:10:00,ATM,CE,1100.0,1096.0,10.0,10.2,9.9,10.1,21.918035,69000,3210750
2026-08-20 14:15:00,ATM,CE,1090.0,1095.0,10.0,15.4,9.9,14.75,21.842498,22500,826500
2026-08-20 14:20:00,ATM,CE,1100.0,1096.0,14.35,14.75,9.25,9.75,21.252595,24750,3201750
2026-08-20 14:25:00,ATM,CE,1100.0,1096.2,9.75,15.1,9.6,9.75,21.077452,52500,3198000
2026-08-20 14:30:00,ATM,CE,1100.0,1098.6,9.75,10.7,9.65,10.7,20.651139,133500,3141000
2026-08-20 14:35:00,ATM,CE,1100.0,1099.0,10.95,10.95,10.25,10.85,20.554719,149250,3098250
2026-08-20 14:40:00,ATM,CE,1100.0,1099.1,10.85,10.95,10.5,10.95,20.657347,78750,3093000
2026-08-20 14:45:00,ATM,CE,1100.0,1099.8,10.7,11.35,10.7,11.05,20.153164,150750,3054750
2026-08-20 14:50:00,ATM,CE,1100.0,1098.9,11.05,11.05,10.3,10.45,19.901083,159000,2983500
2026-08-20 14:55:00,ATM,CE,1100.0,1098.8,10.45,10.45,9.95,10.2,19.522125,91500,2976750
2026-08-20 15:00:00,ATM,CE,1100.0,1097.6,10.1,10.2,9.25,9.25,18.848461,86250,2946000
2026-08-20 15:05:00,ATM,CE,1100.0,1096.5,9.3,9.5,9.15,9.25,19.889201,70500,2943750
2026-08-20 15:10:00,ATM,CE,1100.0,1097.0,9.25,9.6,9.25,9.5,19.918909,76500,2919750
2026-08-20 15:15:00,ATM,CE,1100.0,1097.0,9.4,9.75,9.4,9.55,20.024352,70500,2884500
2026-08-20 15:20:00,ATM,CE,1100.0,1097.0,9.9,9.9,9.55,9.6,20.129872,64500,2886000
2026-08-20 15:25:00,ATM,CE,1090.0,1095.0,9.55,14.9,9.4,14.9,22.267328,41250,752250
2026-08-20 15:30:00,ATM,CE,1090.0,1095.0,14.9,14.9,14.8,14.8,22.07494,14250,744750
2026-08-20 15:35:00,ATM,CE,1090.0,1095.0,14.8,15.15,14.8,15.15,22.788315,6750,741750
2026-08-21 09:15:00,ATM,CE,1100.0,1097.4,12.35,15.2,8.75,9.75,21.954683,384750,2870250
2026-08-21 09:20:00,ATM,CE,1090.0,1094.3,9.1,14.15,9.1,12.75,20.642048,111750,722250
2026-08-21 09:25:00,ATM,CE,1100.0,1096.8,12.4,12.75,7.55,8.9,20.782885,165000,2946750
2026-08-21 09:30:00,ATM,CE,1100.0,1095.3,8.65,8.9,7.85,8.15,20.668371,117750,2991750
2026-08-21 09:35:00,ATM,CE,1100.0,1097.0,8.1,8.8,8.1,8.6,19.963951,89250,2994750
2026-08-21 09:40:00,ATM,CE,1100.0,1099.5,8.75,9.65,8.6,9.65,19.569293,151500,2973750
2026-08-21 09:45:00,ATM,CE,1100.0,1098.3,9.65,9.9,8.5,8.5,18.432621,191250,2943750
2026-08-21 09:50:00,ATM,CE,1100.0,1099.0,8.5,9.3,8.5,9.2,19.178244,99000,2955000
2026-08-21 09:55:00,ATM,CE,1100.0,1099.2,9.2,9.2,8.45,9.0,18.54732,74250,2961750
2026-08-21 10:00:00,ATM,CE,1100.0,1100.0,9.65,10.15,9.0,9.7,19.158604,153000,2910000
2026-08-21 10:05:00,ATM,CE,1100.0,1098.2,9.5,9.7,8.55,8.65,18.890317,64500,2911500
2026-08-21 10:10:00,ATM,CE,1100.0,1096.5,8.75,8.95,7.95,7.95,19.144631,141750,2958750
2026-08-21 10:15:00,ATM,CE,1100.0,1097.0,7.9,8.6,7.9,8.0,18.760415,68250,2965500
2026-08-21 10:20:00,ATM,CE,1100.0,1096.1,7.9,8.0,7.8,7.9,19.45015,35250,2963250
2026-08-21 10:25:00,ATM,CE,1100.0,1097.0,7.75,8.05,7.55,7.75,18.245089,36000,2958750
2026-08-21 10:30:00,ATM,CE,1100.0,1096.1,7.75,7.95,7.6,7.7,19.040036,58500,2979000
2026-08-21 10:35:00,ATM,CE,1100.0,1096.3,7.55,7.8,7.5,7.8,19.066379,43500,2990250
2026-08-21 10:40:00,ATM,CE,1090.0,1094.0,8.0,12.3,7.2,11.25,17.891887,49500,716250
2026-08-21 10:45:00,ATM,CE,1090.0,1093.7,11.2,11.25,10.25,11.15,18.076679,47250,712500
2026-08-21 10:50:00,ATM,CE,1090.0,1094.1,11.15,11.75,11.15,11.35,17.997105,16500,715500
2026-08-21 10:55:00,ATM,CE,1090.0,1093.3,11.3,11.35,10.15,10.8,17.846463,30000,720000
2026-08-21 11:00:00,ATM,CE,1090.0,1093.4,10.75,10.85,10.45,10.65,17.395296,17250,721500
2026-08-21 11:05:00,ATM,CE,1090.0,1092.3,10.65,10.65,10.3,10.3,18.03951,46500,723750
2026-08-21 11:10:00,ATM,CE,1090.0,1094.1,10.4,10.8,9.9,10.8,16.811091,48000,736500
2026-08-21 11:15:00,ATM,CE,1090.0,1093.8,11.1,11.25,10.8,11.1,17.887386,12750,744750
2026-08-21 11:20:00,ATM,CE,1100.0,1095.5,11.1,11.1,6.5,7.05,18.3111,93000,2957250
2026-08-21 11:25:00,ATM,CE,1100.0,1096.1,7.0,7.75,7.0,7.55,18.815381,231750,2973000
2026-08-21 11:30:00,ATM,CE,1100.0,1097.0,7.2,7.8,7.2,7.8,18.464231,87750,2991000
2026-08-21 11:35:00,ATM,CE,1100.0,1096.6,7.8,7.8,7.35,7.35,17.908538,112500,2986500
2026-08-21 11:40:00,ATM,CE,1100.0,1098.5,7.4,8.4,7.35,8.4,18.207333,111750,2977500
2026-08-21 11:45:00,ATM,CE,1100.0,1098.7,8.4,8.4,8.15,8.3,17.78811,66000,2968500
2026-08-21 11:50:00,ATM,CE,1100.0,1099.0,8.4,8.7,8.3,8.65,18.220547,69000,2963250
2026-08-21 11:55:00,ATM,CE,1100.0,1097.4,8.55,8.65,7.5,7.5,17.456761,99000,2949750
2026-08-21 12:00:00,ATM,CE,1100.0,1095.1,7.8,7.8,7.0,7.0,18.654217,70500,2949750
2026-08-21 12:05:00,ATM,CE,1100.0,1095.1,6.7,7.0,6.6,6.7,18.010328,68250,2948250
2026-08-21 12:10:00,ATM,CE,1090.0,1093.8,11.5,11.7,11.05,11.6,19.092615,36000,752250
2026-08-21 12:15:00,ATM,CE,1100.0,1095.4,11.25,11.6,6.75,7.25,18.93668,35250,2958000
2026-08-21 12:20:00,ATM,CE,1100.0,1095.6,7.2,7.6,7.2,7.45,19.186058,38250,2977500
2026-08-21 12:25:00,ATM,CE,1100.0,1095.2,7.3,12.25,7.3,7.45,19.581734,12750,2973750
2026-08-21 12:30:00,ATM,CE,1100.0,1095.1,7.7,8.45,7.35,7.35,19.469371,98250,2930250
2026-08-21 12:35:00,ATM,CE,1100.0,1095.6,7.35,7.55,7.25,7.25,18.779037,138750,2871000
2026-08-21 12:40:00,ATM,CE,1090.0,1094.9,7.1,12.2,6.8,11.95,18.444438,20250,772500
2026-08-21 12:45:00,ATM,CE,1100.0,1095.5,6.9,12.15,6.8,6.95,18.241108,51000,2820000
2026-08-21 12:50:00,ATM,CE,1100.0,1095.1,6.95,7.2,6.7,6.9,18.524245,27750,2826750
2026-08-21 12:55:00,ATM,CE,1090.0,1094.7,6.9,11.85,6.75,11.6,17.961007,26250,779250
2026-08-21 13:00:00,ATM,CE,1090.0,1094.1,11.6,11.6,11.1,11.4,18.341425,12000,777750
2026-08-21 13:05:00,ATM,CE,1090.0,1094.4,11.0,11.4,11.0,11.35,17.830485,11250,780750
2026-08-21 13:10:00,ATM,CE,1090.0,1092.7,11.25,11.35,10.25,10.25,17.644491,13500,781500
2026-08-21 13:15:00,ATM,CE,1090.0,1094.5,10.3,11.25,10.2,11.25,17.485066,17250,792000
2026-08-21 13:20:00,ATM,CE,1090.0,1092.9,11.1,11.25,10.05,10.1,17.07178,24750,801000
2026-08-21 13:25:00,ATM,CE,1090.0,1093.3,10.1,10.4,10.05,10.4,17.222738,25500,804750
2026-08-21 13:30:00,ATM,CE,1090.0,1093.1,10.45,10.45,10.0,10.15,16.938455,14250,809250
2026-08-21 13:35:00,ATM,CE,1090.0,1093.5,10.3,10.4,10.15,10.4,16.973976,29250,816750
2026-08-21 13:40:00,ATM,CE,1090.0,1093.9,10.25,10.5,10.05,10.5,16.665355,24750,828750
2026-08-21 13:45:00,ATM,CE,1090.0,1093.7,10.7,10.7,10.3,10.4,16.7216,10500,834000
2026-08-21 13:50:00,ATM,CE,1090.0,1093.9,10.6,10.7,10.3,10.65,17.020034,18750,835500
2026-08-21 13:55:00,ATM,CE,1090.0,1094.1,10.45,10.7,10.35,10.5,16.414911,10500,835500
2026-08-21 14:00:00,ATM,CE,1090.0,1093.6,10.3,10.5,10.0,10.05,16.095855,5250,836250
2026-08-21 14:05:00,ATM,CE,1090.0,1092.6,10.05,10.05,9.3,9.55,16.316061,54000,834000
2026-08-21 14:10:00,ATM,CE,1090.0,1092.5,9.65,9.75,9.3,9.55,16.453868,9000,831750
2026-08-21 14:15:00,ATM,CE,1090.0,1093.2,9.6,10.0,9.55,9.9,16.323762,14250,831000
2026-08-21 14:20:00,ATM,CE,1090.0,1093.6,10.15,10.7,9.9,10.4,16.916977,21750,831750
2026-08-21 14:25:00,ATM,CE,1090.0,1093.9,10.2,10.45,10.2,10.25,16.176739,16500,825000
2026-08-21 14:30:00,ATM,CE,1090.0,1093.5,10.25,10.25,9.85,9.85,15.830944,4500,825000
2026-08-21 14:35:00,ATM,CE,1090.0,1093.3,9.7,9.9,9.5,9.9,16.223055,11250,823500
2026-08-21 14:40:00,ATM,CE,1090.0,1093.7,9.5,9.9,9.45,9.9,15.685411,15000,827250
2026-08-21 14:45:00,ATM,CE,1090.0,1093.5,9.85,10.1,9.7,9.7,15.51642,11250,827250
2026-08-21 14:50:00,ATM,CE,1090.0,1093.9,10.0,10.0,9.25,9.8,15.19482,20250,830250
2026-08-21 14:55:00,ATM,CE,1090.0,1092.9,9.35,9.8,9.15,9.15,15.106563,12750,831000
2026-08-21 15:00:00,ATM,CE,1090.0,1093.8,9.25,9.25,8.9,9.05,13.634381,25500,827250
2026-08-21 15:05:00,ATM,CE,1090.0,1093.0,9.1,9.25,9.05,9.05,14.761849,12000,831000
2026-08-21 15:10:00,ATM,CE,1090.0,1093.1,9.2,9.45,9.05,9.45,15.537015,18000,828000
2026-08-21 15:15:00,ATM,CE,1090.0,1093.1,9.45,9.45,9.45,9.45,15.545121,15750,828000
2026-08-21 15:20:00,ATM,CE,1090.0,1093.1,9.5,9.5,9.3,9.5,15.666057,9750,813000
2026-08-21 15:25:00,ATM,CE,1090.0,1095.0,9.5,9.6,9.2,9.55,13.02679,12750,810750
2026-08-21 15:30:00,ATM,CE,1090.0,1095.0,9.6,9.9,9.55,9.9,13.866163,14250,810000
2026-08-21 15:35:00,ATM,CE,1090.0,1095.0,9.7,11.25,9.7,11.25,17.024099,16500,800250
2026-08-24 09:15:00,ATM,CE,1090.0,1091.4,7.5,11.35,5.05,9.65,34.111441,171750,822750
2026-08-24 09:20:00,ATM,CE,1090.0,1093.0,10.15,10.55,9.45,9.45,29.876269,32250,825000
2026-08-24 09:25:00,ATM,CE,1090.0,1092.3,9.45,9.85,9.4,9.5,31.683618,19500,826500
2026-08-24 09:30:00,ATM,CE,1090.0,1094.4,9.0,9.95,9.0,9.75,27.847127,23250,824250
2026-08-24 09:35:00,ATM,CE,1090.0,1092.2,10.2,10.2,8.75,8.75,29.024958,15750,825000
2026-08-24 09:40:00,ATM,CE,1090.0,1091.8,8.75,9.05,8.1,9.05,31.132604,18000,819750
2026-08-24 09:45:00,ATM,CE,1090.0,1092.8,8.6,9.05,8.45,8.45,26.554716,18000,825000
2026-08-24 09:50:00,ATM,CE,1090.0,1092.0,8.75,9.1,8.45,8.8,29.794559,16500,819750
2026-08-24 09:55:00,ATM,CE,1090.0,1092.2,8.65,9.25,8.65,9.0,30.193036,16500,819000
2026-08-24 10:00:00,ATM,CE,1090.0,1090.7,9.0,9.0,8.1,8.1,29.888662,21000,823500
2026-08-24 10:05:00,ATM,CE,1090.0,1090.4,8.15,8.45,8.1,8.25,31.14989,22500,815250
2026-08-24 10:10:00,ATM,CE,1090.0,1089.3,7.65,8.25,6.65,6.65,27.06121,33000,808500
2026-08-24 10:15:00,ATM,CE,1090.0,1092.0,7.05,8.3,6.65,8.25,27.814138,40500,804000
2026-08-24 10:20:00,ATM,CE,1090.0,1090.8,8.45,8.45,8.25,8.3,30.654302,10500,809250
2026-08-24 10:25:00,ATM,CE,1090.0,1091.6,7.95,8.3,7.95,8.0,27.781377,33750,810750
2026-08-24 10:30:00,ATM,CE,1090.0,1090.7,8.05,8.3,7.9,7.9,29.357978,21000,811500
2026-08-24 10:35:00,ATM,CE,1090.0,1091.3,7.9,7.9,7.55,7.7,27.317034,21750,805500
2026-08-24 10:40:00,ATM,CE,1090.0,1091.2,7.9,7.95,7.7,7.75,27.776627,15000,807000
2026-08-24 10:45:00,ATM,CE,1090.0,1089.8,7.75,7.9,7.25,7.25,28.749196,11250,804000
2026-08-24 10:50:00,ATM,CE,1090.0,1089.7,7.4,7.45,7.1,7.1,28.393638,26250,798000
2026-08-24 10:55:00,ATM,CE,1090.0,1088.6,7.25,7.95,7.1,7.1,30.618537,66000,810000
2026-08-24 11:00:00,ATM,CE,1090.0,1087.4,7.0,7.15,6.35,6.35,29.905718,69750,819750
2026-08-24 11:05:00,ATM,CE,1090.0,1087.5,6.4,6.55,6.35,6.55,30.57854,21000,817500
2026-08-24 11:10:00,ATM,CE,1090.0,1087.5,6.3,6.55,6.25,6.25,29.404211,37500,813750
2026-08-24 11:15:00,ATM,CE,1090.0,1087.1,6.0,6.45,6.0,6.1,29.575421,50250,815250
2026-08-24 11:20:00,ATM,CE,1090.0,1087.6,6.15,6.25,6.05,6.2,29.103895,29250,812250
2026-08-24 11:25:00,ATM,CE,1090.0,1088.2,6.3,6.5,6.0,6.45,29.031791,33750,810000
2026-08-24 11:30:00,ATM,CE,1080.0,1084.8,6.4,10.95,5.25,10.55,31.519452,73500,678000
2026-08-24 11:35:00,ATM,CE,1090.0,1085.1,10.55,10.6,5.0,5.45,30.610645,118500,813750
2026-08-24 11:40:00,ATM,CE,1090.0,1087.2,10.8,11.2,5.3,5.9,28.796318,24000,810750
2026-08-24 11:45:00,ATM,CE,1090.0,1087.2,5.85,6.0,5.55,5.8,28.428699,31500,807000
2026-08-24 11:50:00,ATM,CE,1090.0,1086.8,5.7,5.85,5.7,5.8,29.207456,9000,804750
2026-08-24 11:55:00,ATM,CE,1090.0,1086.0,5.85,5.85,5.35,5.4,29.022178,17250,805500
2026-08-24 12:00:00,ATM,CE,1090.0,1086.4,5.4,5.45,5.35,5.45,28.564955,8250,805500
2026-08-24 12:05:00,ATM,CE,1090.0,1086.3,5.4,5.55,5.3,5.55,29.207982,12750,803250
2026-08-24 12:10:00,ATM,CE,1090.0,1086.1,5.55,5.55,5.35,5.45,29.19215,15750,801000
2026-08-24 12:15:00,ATM,CE,1090.0,1086.7,5.5,5.65,5.35,5.5,28.367221,17250,799500
2026-08-24 12:20:00,ATM,CE,1090.0,1086.2,5.65,5.65,5.5,5.65,29.947819,11250,795750
2026-08-24 12:25:00,ATM,CE,1090.0,1085.6,5.45,5.65,5.3,5.3,29.582772,18750,802500
2026-08-24 12:30:00,ATM,CE,1090.0,1085.4,10.95,11.35,5.15,5.4,30.406731,15000,801750
2026-08-24 12:35:00,ATM,CE,1080.0,1084.6,5.15,11.2,5.15,10.55,32.702561,46500,727500
2026-08-24 12:40:00,ATM,CE,1080.0,1084.2,10.3,10.55,10.05,10.55,33.782876,25500,724500
2026-08-24 12:45:00,ATM,CE,1090.0,1085.1,10.6,10.6,5.05,5.45,31.293964,15750,824250
2026-08-24 12:50:00,ATM,CE,1080.0,1084.5,10.6,11.0,10.3,10.6,33.338714,9750,723000
2026-08-24 12:55:00,ATM,CE,1080.0,1083.4,10.75,10.75,10.2,10.2,34.450551,40500,717750
2026-08-24 13:00:00,ATM,CE,1080.0,1083.4,9.8,11.15,4.8,9.7,32.3661,94500,720000
2026-08-24 13:05:00,ATM,CE,1080.0,1082.9,9.4,9.7,8.65,9.4,32.36613,52500,730500
2026-08-24 13:10:00,ATM,CE,1080.0,1082.3,9.9,9.9,8.85,9.35,33.648219,24750,736500
2026-08-24 13:15:00,ATM,CE,1080.0,1082.3,9.15,9.4,9.05,9.1,32.636978,9750,737250
2026-08-24 13:20:00,ATM,CE,1080.0,1081.8,9.45,9.45,8.85,8.85,32.802778,6750,737250
2026-08-24 13:25:00,ATM,CE,1080.0,1082.4,8.85,8.85,8.55,8.75,31.005598,11250,735000
2026-08-24 13:30:00,ATM,CE,1080.0,1083.3,9.45,9.65,8.75,9.55,32.291857,7500,741000
2026-08-24 13:35:00,ATM,CE,1080.0,1082.4,9.7,10.05,9.15,9.15,32.830125,53250,753000
2026-08-24 13:40:00,ATM,CE,1080.0,1082.7,9.25,9.6,9.15,9.25,32.588613,22500,753000
2026-08-24 13:45:00,ATM,CE,1080.0,1083.8,9.25,9.85,9.25,9.85,32.490685,14250,752250
2026-08-24 13:50:00,ATM,CE,1080.0,1082.3,10.15,10.2,9.1,9.1,33.021661,18750,749250
2026-08-24 13:55:00,ATM,CE,1080.0,1081.1,9.1,9.1,8.15,8.15,31.805549,23250,749250
2026-08-24 14:00:00,ATM,CE,1080.0,1080.7,8.15,8.15,7.9,8.1,32.555428,21000,753750
2026-08-24 14:05:00,ATM,CE,1080.0,1080.8,8.25,8.3,8.1,8.3,33.245971,9000,746250
2026-08-24 14:10:00,ATM,CE,1080.0,1080.3,8.2,8.3,7.8,7.95,32.917621,20250,749250
2026-08-24 14:15:00,ATM,CE,1080.0,1080.3,8.05,8.25,7.9,8.0,33.189883,15750,749250
2026-08-24 14:20:00,ATM,CE,1080.0,1079.2,7.95,8.0,7.6,7.6,33.918851,17250,756000
2026-08-24 14:25:00,ATM,CE,1080.0,1079.8,7.6,7.7,7.5,7.7,33.111413,18750,760500
2026-08-24 14:30:00,ATM,CE,1080.0,1081.4,7.55,8.8,7.55,8.3,32.141672,39000,751500
2026-08-24 14:35:00,ATM,CE,1080.0,1080.5,8.2,8.3,8.1,8.15,33.621078,10500,753000
2026-08-24 14:40:00,ATM,CE,1080.0,1080.4,8.15,8.15,7.75,8.1,33.687876,12750,753750
2026-08-24 14:45:00,ATM,CE,1080.0,1079.9,8.2,8.2,7.45,7.7,33.120865,12000,756750
2026-08-24 14:50:00,ATM,CE,1080.0,1080.3,7.7,7.95,7.5,7.95,33.376278,19500,762000
2026-08-24 14:55:00,ATM,CE,1080.0,1079.6,7.95,7.95,7.25,7.45,32.805613,21750,761250
2026-08-24 15:00:00,ATM,CE,1080.0,1078.6,7.15,7.45,6.5,6.5,30.846201,34500,766500
2026-08-24 15:05:00,ATM,CE,1080.0,1078.8,6.55,6.55,6.1,6.4,30.038196,33750,768000
2026-08-24 15:10:00,ATM,CE,1080.0,1078.9,6.5,6.75,6.1,6.5,30.319043,51750,765750
2026-08-24 15:15:00,ATM,CE,1080.0,1078.9,6.3,6.55,6.3,6.3,29.490792,18750,767250
2026-08-24 15:20:00,ATM,CE,1080.0,1078.9,6.6,6.6,6.25,6.4,29.985495,45000,789000
2026-08-24 15:25:00,ATM,CE,1080.0,1077.0,6.5,6.5,5.75,5.75,31.061228,43500,801000
2026-08-24 15:30:00,ATM,CE,1080.0,1077.0,5.7,5.75,5.45,5.5,29.994898,31500,804750
2026-08-24 15:35:00,ATM,CE,1080.0,1077.0,5.5,5.5,4.45,5.25,28.923901,41250,807750
2026-08-25 09:15:00,ATM,CE,1080.0,1075.7,6.15,7.3,2.4,2.4,36.118289,17250,516000
2026-08-25 09:20:00,ATM,CE,1080.0,1075.5,3.0,3.0,2.4,2.7,39.841085,24000,519750
2026-08-25 09:25:00,ATM,CE,1080.0,1075.7,2.55,2.75,2.55,2.6,38.503997,34500,522750
2026-08-25 09:30:00,ATM,CE,1080.0,1075.7,2.6,2.6,2.35,2.4,36.863066,17250,549750
2026-08-25 09:35:00,ATM,CE,1070.0,1073.4,7.45,7.45,5.15,5.45,30.725222,11250,212250
2026-08-25 09:40:00,ATM,CE,1070.0,1072.8,5.4,5.45,5.05,5.05,30.824053,5250,212250
2026-08-25 09:45:00,ATM,CE,1070.0,1074.7,5.05,7.3,2.0,7.3,40.939342,45000,211500
2026-08-25 09:50:00,ATM,CE,1070.0,1073.2,7.3,7.3,5.25,5.25,30.724932,1500,208500
2026-08-25 09:55:00,ATM,CE,1070.0,1075.0,5.25,7.05,2.35,7.05,36.912836,3750,209250
2026-08-25 10:00:00,ATM,CE,1080.0,1076.3,2.65,7.05,2.4,2.7,39.345565,27000,548250
2026-08-25 10:05:00,ATM,CE,1080.0,1075.4,3.0,3.25,2.7,2.9,44.851709,26250,540750
2026-08-25 10:10:00,ATM,CE,1080.0,1075.8,2.75,7.65,2.45,2.45,39.249261,19500,540750
2026-08-25 10:15:00,ATM,CE,1080.0,1075.5,2.55,2.55,2.45,2.55,41.64148,15750,541500
2026-08-25 10:20:00,ATM,CE,1070.0,1074.1,2.7,6.9,2.55,6.05,34.292214,27000,214500
2026-08-25 10:25:00,ATM,CE,1070.0,1074.1,6.3,6.3,6.05,6.2,36.174675,3750,214500
2026-08-25 10:30:00,ATM,CE,1070.0,1073.7,6.2,6.2,5.85,5.85,35.590553,8250,214500
2026-08-25 10:35:00,ATM,CE,1070.0,1074.3,6.0,6.55,5.85,6.55,39.112218,3750,213750
2026-08-25 10:40:00,ATM,CE,1070.0,1074.4,6.6,7.25,6.05,7.15,45.182787,6000,213750
2026-08-25 10:45:00,ATM,CE,1070.0,1074.0,7.15,7.15,7.05,7.05,47.25559,2250,211500
2026-08-25 10:50:00,ATM,CE,1070.0,1074.9,7.5,7.5,7.05,7.35,44.540264,7500,210000
2026-08-25 10:55:00,ATM,CE,1070.0,1074.5,7.85,7.85,7.3,7.3,47.32377,2250,210000
2026-08-25 11:00:00,ATM,CE,1080.0,1075.9,4.25,4.5,3.45,4.2,61.064034,23250,472500
2026-08-25 11:05:00,ATM,CE,1080.0,1076.1,4.55,4.55,4.1,4.4,62.903517,10500,472500
2026-08-25 11:10:00,ATM,CE,1080.0,1077.2,4.4,4.65,4.4,4.45,59.18462,10500,457500
2026-08-25 11:15:00,ATM,CE,1080.0,1076.1,4.45,4.8,4.2,4.3,63.031221,10500,455250
2026-08-25 11:20:00,ATM,CE,1080.0,1076.6,4.1,4.5,4.0,4.45,63.062913,24750,455250
2026-08-25 11:25:00,ATM,CE,1080.0,1076.4,4.75,4.75,4.25,4.25,62.40451,24000,448500
2026-08-25 11:30:00,ATM,CE,1080.0,1076.4,4.25,4.5,4.25,4.4,64.704242,3750,446250
2026-08-25 11:35:00,ATM,CE,1080.0,1077.6,4.4,4.75,4.2,4.45,60.309405,14250,445500
2026-08-25 11:40:00,ATM,CE,1080.0,1077.5,4.45,5.15,4.45,4.65,63.667624,33000,447750
2026-08-25 11:45:00,ATM,CE,1080.0,1077.6,4.9,4.9,4.45,4.7,64.432177,6000,443250
2026-08-25 11:50:00,ATM,CE,1080.0,1079.2,4.5,5.4,4.5,5.4,64.741571,9000,440250
2026-08-25 11:55:00,ATM,CE,1080.0,1080.5,5.8,6.5,5.4,6.0,64.914123,24750,426750
2026-08-25 12:00:00,ATM,CE,1080.0,1079.9,6.0,6.0,4.8,4.8,55.406817,18000,418500
2026-08-25 12:05:00,ATM,CE,1080.0,1079.8,4.9,4.9,4.15,4.15,49.098277,21750,420000
2026-08-25 12:10:00,ATM,CE,1080.0,1080.5,3.3,4.15,3.0,3.2,34.320145,17250,420750
2026-08-25 12:15:00,ATM,CE,1080.0,1080.2,3.0,3.2,2.0,2.0,22.331133,8250,423000
2026-08-25 12:20:00,ATM,CE,1080.0,1079.5,2.0,2.0,1.4,1.45,20.126903,17250,422250
2026-08-25 12:25:00,ATM,CE,1080.0,1079.6,1.2,1.9,1.05,1.9,25.341275,24750,418500
2026-08-25 12:30:00,ATM,CE,1080.0,1079.6,1.8,2.15,1.65,2.0,26.927621,12750,419250
2026-08-25 12:35:00,ATM,CE,1080.0,1078.5,2.0,2.25,1.85,1.9,32.197562,9000,415500
2026-08-25 12:40:00,ATM,CE,1080.0,1078.1,1.8,2.2,1.8,1.8,33.450802,17250,412500
2026-08-25 12:45:00,ATM,CE,1080.0,1078.3,2.0,2.4,1.8,2.1,36.882554,20250,404250
2026-08-25 12:50:00,ATM,CE,1080.0,1078.4,2.1,2.45,2.1,2.45,41.579222,16500,410250
2026-08-25 12:55:00,ATM,CE,1080.0,1078.4,2.3,2.45,2.15,2.15,38.149194,11250,410250
2026-08-25 13:00:00,ATM,CE,1080.0,1077.7,2.15,2.15,1.4,1.8,37.729145,27000,401250
2026-08-25 13:05:00,ATM,CE,1080.0,1076.5,1.45,1.8,1.25,1.25,36.170348,26250,403500
2026-08-25 13:10:00,ATM,CE,1080.0,1077.2,1.25,1.5,1.25,1.45,36.436233,11250,395250
2026-08-25 13:15:00,ATM,CE,1080.0,1076.4,1.25,1.45,1.25,1.25,37.940056,1500,396000
2026-08-25 13:20:00,ATM,CE,1080.0,1076.5,1.25,1.25,1.0,1.0,33.903398,3000,396000
2026-08-25 13:25:00,ATM,CE,1080.0,1076.6,1.0,1.05,1.0,1.05,34.936573,3000,395250
2026-08-25 13:30:00,ATM,CE,1080.0,1077.0,1.05,1.2,1.05,1.2,36.165445,21750,384000
2026-08-25 13:35:00,ATM,CE,1080.0,1078.8,1.25,1.25,1.2,1.2,26.501276,2250,381000
2026-08-25 13:40:00,ATM,CE,1080.0,1078.4,1.2,1.6,1.2,1.6,36.160909,2250,381000
2026-08-25 13:45:00,ATM,CE,1080.0,1078.7,1.25,1.6,1.25,1.25,29.18059,1500,380250
2026-08-25 13:50:00,ATM,CE,1080.0,1079.5,1.25,1.8,1.25,1.8,33.347062,6000,379500
2026-08-25 13:55:00,ATM,CE,1080.0,1078.4,2.35,2.35,1.15,1.25,32.637858,7500,376500
2026-08-25 14:00:00,ATM,CE,1080.0,1078.6,1.2,2.25,1.2,2.25,49.888637,8250,382500
2026-08-25 14:05:00,ATM,CE,1080.0,1078.7,2.25,2.25,2.25,2.25,50.491367,0,382500
2026-08-25 14:10:00,ATM,CE,1080.0,1079.7,2.25,2.25,0.7,0.7,15.217288,12000,377250
2026-08-25 14:15:00,ATM,CE,1080.0,1079.2,0.7,1.0,0.7,1.0,25.517971,3000,376500
2026-08-25 14:20:00,ATM,CE,1080.0,1079.0,1.0,1.4,1.0,1.4,35.976848,3000,375750
2026-08-25 14:25:00,ATM,CE,1080.0,1078.4,1.4,1.75,1.4,1.75,49.551647,3750,375000
2026-08-25 14:30:00,ATM,CE,1080.0,1081.0,1.75,4.95,1.75,2.6,42.842543,14250,363000
2026-08-25 14:35:00,ATM,CE,1080.0,1080.5,2.6,3.4,2.6,3.4,68.135066,2250,361500
2026-08-25 14:40:00,ATM,CE,1080.0,1082.0,4.7,6.0,3.4,6.0,111.736759,12000,354000
2026-08-25 14:45:00,ATM,CE,1080.0,1082.4,6.7,6.85,4.8,4.8,82.297023,6000,351000
2026-08-25 14:50:00,ATM,CE,1080.0,1082.6,4.8,4.8,4.8,4.8,83.534704,0,351750
2026-08-25 14:55:00,ATM,CE,1080.0,1082.5,4.8,4.8,4.75,4.75,88.956759,2250,351000
2026-08-25 15:00:00,ATM,CE,1080.0,1084.0,4.75,4.75,3.4,3.4,0.0,1500,351000
2026-08-25 15:05:00,ATM,CE,1080.0,1084.6,3.4,3.4,3.15,3.15,0.0,750,349500
2026-08-25 15:10:00,ATM,CE,1080.0,1082.0,3.15,3.15,3.15,3.15,66.8644,0,349500
2026-08-25 15:15:00,ATM,CE,1080.0,1082.0,3.15,4.0,3.15,4.0,108.5657,3000,349500
2026-08-25 15:20:00,ATM,CE,1080.0,1082.0,4.0,8.0,4.0,8.0,301.801323,1500,348000
2026-08-25 15:25:00,ATM,CE,1090.0,1087.4,8.0,8.0,0.4,0.4,69.086149,7500,642750
2026-08-25 15:30:00,ATM,CE,1090.0,1087.4,0.4,2.0,0.05,0.05,51.430317,10500,646500
2026-08-25 15:35:00,ATM,CE,1090.0,1087.4,0.05,0.05,0.05,0.05,0.0,0,646500
2026-08-20 09:15:00,ATM,PE,1100.0,1097.9,15.0,15.0,6.85,11.45,21.271043,423750,2175750
2026-08-20 09:20:00,ATM,PE,1090.0,1093.7,8.25,13.65,7.4,8.45,20.826417,193500,1107000
2026-08-20 09:25:00,ATM,PE,1100.0,1095.5,8.35,13.3,8.35,12.1,20.140892,65250,2183250
2026-08-20 09:30:00,ATM,PE,1090.0,1094.1,12.2,12.5,7.65,8.1,20.478846,50250,1096500
2026-08-20 09:35:00,ATM,PE,1090.0,1093.3,7.95,8.75,7.95,8.45,20.516211,52500,1101000
2026-08-20 09:40:00,ATM,PE,1090.0,1094.8,8.35,8.5,7.95,8.45,21.738792,48000,1120500
2026-08-20 09:45:00,ATM,PE,1090.0,1092.4,7.8,8.75,7.8,8.75,20.35962,69750,1122000
2026-08-20 09:50:00,ATM,PE,1090.0,1093.6,8.6,8.85,8.15,8.15,20.19459,32250,1119000
2026-08-20 09:55:00,ATM,PE,1100.0,1096.2,8.05,12.5,7.75,11.9,20.50678,59250,2206500
2026-08-20 10:00:00,ATM,PE,1100.0,1096.8,11.75,11.9,11.35,11.35,20.061772,46500,2205750
2026-08-20 10:05:00,ATM,PE,1100.0,1095.3,11.65,12.25,11.35,12.25,20.266011,28500,2203500
2026-08-20 10:10:00,ATM,PE,1100.0,1097.8,11.85,12.25,11.2,11.2,20.764292,17250,2207250
2026-08-20 10:15:00,ATM,PE,1090.0,1094.5,10.8,11.7,6.8,7.5,19.671516,77250,1159500
2026-08-20 10:20:00,ATM,PE,1090.0,1093.9,7.75,7.95,7.4,7.65,19.492382,52500,1139250
2026-08-20 10:25:00,ATM,PE,1090.0,1094.4,7.65,7.7,7.45,7.7,19.998027,39750,1135500
2026-08-20 10:30:00,ATM,PE,1100.0,1095.4,7.65,12.65,7.35,12.1,20.109628,21750,2199750
2026-08-20 10:35:00,ATM,PE,1090.0,1094.8,11.85,12.2,7.3,7.4,19.733997,21000,1135500
2026-08-20 10:40:00,ATM,PE,1100.0,1097.7,7.4,12.45,7.4,10.9,20.129313,54750,2184750
2026-08-20 10:45:00,ATM,PE,1100.0,1098.9,10.55,10.9,9.9,9.9,19.363968,39000,2184750
2026-08-20 10:50:00,ATM,PE,1100.0,1098.2,10.05,10.85,9.9,10.4,19.664942,53250,2180250
2026-08-20 10:55:00,ATM,PE,1100.0,1100.3,10.15,10.4,9.15,9.2,19.313527,289500,2150250
2026-08-20 11:00:00,ATM,PE,1100.0,1099.6,9.5,10.9,9.2,10.85,21.8459,622500,1944000
2026-08-20 11:05:00,ATM,PE,1100.0,1098.6,10.75,11.4,10.75,11.4,21.97555,152250,1916250
2026-08-20 11:10:00,ATM,PE,1100.0,1098.7,11.45,11.75,11.15,11.45,22.171823,102750,1898250
2026-08-20 11:15:00,ATM,PE,1100.0,1096.6,11.45,12.3,11.45,12.25,21.675394,29250,1893750
2026-08-20 11:20:00,ATM,PE,1100.0,1095.6,12.3,13.0,7.35,13.0,22.110074,32250,1884000
2026-08-20 11:25:00,ATM,PE,1100.0,1095.5,12.7,13.0,7.85,12.65,21.337783,15000,1878000
2026-08-20 11:30:00,ATM,PE,1100.0,1096.2,12.7,12.8,12.05,12.25,21.290713,24750,1877250
2026-08-20 11:35:00,ATM,PE,1100.0,1096.0,12.2,12.35,12.15,12.15,20.900197,17250,1870500
2026-08-20 11:40:00,ATM,PE,1100.0,1096.0,12.15,12.85,12.15,12.65,21.870308,13500,1866000
2026-08-20 11:45:00,ATM,PE,1100.0,1095.7,12.55,12.65,12.45,12.45,21.182697,22500,1863750
2026-08-20 11:50:00,ATM,PE,1100.0,1097.1,12.4,12.6,11.6,11.6,20.9662,27750,1864500
2026-08-20 11:55:00,ATM,PE,1100.0,1097.0,11.3,12.2,11.25,11.7,21.065471,24000,1855500
2026-08-20 12:00:00,ATM,PE,1100.0,1096.9,11.85,11.9,11.6,11.6,20.77941,15000,1851000
2026-08-20 12:05:00,ATM,PE,1100.0,1097.0,11.4,11.6,11.0,11.55,20.788661,39750,1850250
2026-08-20 12:10:00,ATM,PE,1100.0,1097.5,11.4,11.55,11.25,11.35,20.903135,20250,1845750
2026-08-20 12:15:00,ATM,PE,1100.0,1098.7,11.45,11.55,10.65,10.65,20.717319,21750,1843500
2026-08-20 12:20:00,ATM,PE,1100.0,1098.0,10.7,11.3,10.65,11.25,21.209021,21000,1845750
2026-08-20 12:25:00,ATM,PE,1100.0,1098.2,10.95,11.25,10.8,10.8,20.541476,18000,1839750
2026-08-20 12:30:00,ATM,PE,1100.0,1097.9,11.1,11.1,10.8,11.05,20.739336,9750,1840500
2026-08-20 12:35:00,ATM,PE,1100.0,1099.1,11.0,11.05,10.5,10.85,21.502871,26250,1838250
2026-08-20 12:40:00,ATM,PE,1100.0,1097.8,10.3,11.25,10.1,11.25,21.039696,34500,1834500
2026-08-20 12:45:00,ATM,PE,1100.0,1099.0,11.4,11.4,10.4,10.55,20.843564,59250,1830750
2026-08-20 12:50:00,ATM,PE,1100.0,1099.0,10.45,10.85,10.1,10.35,20.464078,43500,1835250
2026-08-20 12:55:00,ATM,PE,1100.0,1097.0,10.25,12.0,10.25,11.85,21.428291,52500,1845750
2026-08-20 13:00:00,ATM,PE,1100.0,1096.3,11.6,12.0,11.6,12.0,21.018758,22500,1838250
2026-08-20 13:05:00,ATM,PE,1100.0,1096.4,12.0,12.35,11.8,12.35,21.804637,17250,1835250
2026-08-20 13:10:00,ATM,PE,1100.0,1096.4,12.05,12.5,12.05,12.25,21.617221,27000,1838250
2026-08-20 13:15:00,ATM,PE,1100.0,1096.0,12.05,12.25,11.8,12.2,21.117207,24000,1840500
2026-08-20 13:20:00,ATM,PE,1100.0,1096.6,12.1,12.2,11.95,12.05,21.444867,14250,1835250
2026-08-20 13:25:00,ATM,PE,1100.0,1095.9,12.05,12.3,11.85,12.3,21.220419,16500,1827000
2026-08-20 13:30:00,ATM,PE,1100.0,1096.9,12.2,12.3,11.9,11.95,21.565614,10500,1827750
2026-08-20 13:35:00,ATM,PE,1100.0,1095.1,11.95,12.45,11.75,12.4,20.587771,19500,1821000
2026-08-20 13:40:00,ATM,PE,1090.0,1095.0,12.45,12.45,7.5,7.6,20.511708,24750,1100250
2026-08-20 13:45:00,ATM,PE,1090.0,1094.7,7.75,7.8,7.55,7.65,20.377641,118500,1078500
2026-08-20 13:50:00,ATM,PE,1090.0,1094.8,7.6,7.85,7.5,7.7,20.564375,38250,1070250
2026-08-20 13:55:00,ATM,PE,1100.0,1095.9,7.75,12.65,7.7,12.15,20.96526,27750,1831500
2026-08-20 14:00:00,ATM,PE,1100.0,1096.3,12.15,12.35,11.8,11.8,20.70287,15750,1829250
2026-08-20 14:05:00,ATM,PE,1100.0,1096.0,12.0,12.0,11.65,12.0,20.788888,24750,1831500
2026-08-20 14:10:00,ATM,PE,1100.0,1096.0,12.1,12.15,11.85,12.15,21.087229,19500,1830000
2026-08-20 14:15:00,ATM,PE,1090.0,1095.0,12.15,12.15,7.3,7.4,20.152535,24750,1041000
2026-08-20 14:20:00,ATM,PE,1100.0,1096.0,7.65,12.65,7.4,12.0,20.806995,6750,1827000
2026-08-20 14:25:00,ATM,PE,1100.0,1096.2,12.0,12.35,7.2,12.35,21.702023,12750,1826250
2026-08-20 14:30:00,ATM,PE,1100.0,1098.6,12.35,12.35,10.8,10.8,21.076994,10500,1826250
2026-08-20 14:35:00,ATM,PE,1100.0,1099.0,10.35,10.8,10.15,10.15,20.202032,27000,1837500
2026-08-20 14:40:00,ATM,PE,1100.0,1099.1,10.2,10.45,9.95,9.95,19.914019,15750,1836750
2026-08-20 14:45:00,ATM,PE,1100.0,1099.8,10.05,10.05,9.45,9.45,19.601461,22500,1832250
2026-08-20 14:50:00,ATM,PE,1100.0,1098.9,9.45,9.95,9.45,9.95,19.736308,26250,1827000
2026-08-20 14:55:00,ATM,PE,1100.0,1098.8,9.75,10.2,9.75,9.9,19.549689,27000,1828500
2026-08-20 15:00:00,ATM,PE,1100.0,1097.6,9.9,10.8,9.9,10.55,19.652863,40500,1816500
2026-08-20 15:05:00,ATM,PE,1100.0,1096.5,10.9,10.95,10.45,10.8,19.033681,12750,1809000
2026-08-20 15:10:00,ATM,PE,1100.0,1097.0,10.8,10.85,10.45,10.6,19.16,47250,1792500
2026-08-20 15:15:00,ATM,PE,1100.0,1097.0,10.75,10.8,10.6,10.8,19.555931,5250,1788750
2026-08-20 15:20:00,ATM,PE,1100.0,1097.0,10.9,11.4,10.8,11.4,20.733014,21000,1787250
2026-08-20 15:25:00,ATM,PE,1090.0,1095.0,11.15,11.4,6.55,6.6,18.615257,8250,1009500
2026-08-20 15:30:00,ATM,PE,1090.0,1095.0,6.6,6.9,6.5,6.9,19.230799,11250,1008750
2026-08-20 15:35:00,ATM,PE,1090.0,1095.0,6.9,6.9,6.65,6.8,19.033416,6000,1009500
2026-08-21 09:15:00,ATM,PE,1100.0,1097.4,9.2,12.4,6.9,10.75,21.286889,238500,1763250
2026-08-21 09:20:00,ATM,PE,1090.0,1094.3,11.05,11.05,6.25,7.85,22.104933,208500,1056000
2026-08-21 09:25:00,ATM,PE,1100.0,1096.8,8.1,13.55,7.85,11.35,21.911394,57000,1744500
2026-08-21 09:30:00,ATM,PE,1100.0,1095.3,11.5,12.5,11.35,11.5,20.521128,19500,1746750
2026-08-21 09:35:00,ATM,PE,1100.0,1097.0,11.9,12.1,11.5,11.65,22.784975,18750,1742250
2026-08-21 09:40:00,ATM,PE,1100.0,1099.5,11.35,11.65,10.25,10.25,22.486674,38250,1754250
2026-08-21 09:45:00,ATM,PE,1100.0,1098.3,10.05,11.3,10.05,11.3,23.466392,53250,1743750
2026-08-21 09:50:00,ATM,PE,1100.0,1099.0,11.15,11.3,10.4,10.4,22.304682,57750,1758750
2026-08-21 09:55:00,ATM,PE,1100.0,1099.2,10.4,11.1,10.4,10.45,22.625939,50250,1758750
2026-08-21 10:00:00,ATM,PE,1100.0,1100.0,9.5,10.45,9.3,9.6,21.649788,78000,1776750
2026-08-21 10:05:00,ATM,PE,1100.0,1098.2,9.6,10.4,9.6,10.35,21.37947,33000,1762500
2026-08-21 10:10:00,ATM,PE,1100.0,1096.5,10.35,11.1,10.15,11.1,21.111897,47250,1769250
2026-08-21 10:15:00,ATM,PE,1100.0,1097.0,11.25,11.25,10.55,10.75,20.935399,24750,1769250
2026-08-21 10:20:00,ATM,PE,1100.0,1096.1,11.05,11.4,10.75,11.4,21.311188,14250,1768500
2026-08-21 10:25:00,ATM,PE,1100.0,1097.0,11.6,11.7,11.35,11.7,22.973279,9750,1770000
2026-08-21 10:30:00,ATM,PE,1100.0,1096.1,11.15,11.7,11.15,11.5,21.540113,38250,1773750
2026-08-21 10:35:00,ATM,PE,1100.0,1096.3,11.75,11.75,11.15,11.15,21.028498,18750,1776750
2026-08-21 10:40:00,ATM,PE,1090.0,1094.0,11.4,12.2,7.1,7.65,21.527261,63750,1087500
2026-08-21 10:45:00,ATM,PE,1090.0,1093.7,7.7,8.45,7.5,7.8,21.590672,59250,1077750
2026-08-21 10:50:00,ATM,PE,1090.0,1094.1,7.7,7.8,7.15,7.45,21.195211,27750,1083000
2026-08-21 10:55:00,ATM,PE,1090.0,1093.3,7.6,8.4,7.45,7.85,21.348724,49500,1074000
2026-08-21 11:00:00,ATM,PE,1090.0,1093.4,7.85,8.3,7.85,8.1,21.993847,22500,1083000
2026-08-21 11:05:00,ATM,PE,1090.0,1092.3,7.9,8.4,7.9,8.4,21.62229,46500,1089000
2026-08-21 11:10:00,ATM,PE,1090.0,1094.1,8.2,8.4,7.85,7.85,22.10402,27000,1086750
2026-08-21 11:15:00,ATM,PE,1090.0,1093.8,7.55,7.85,7.35,7.45,20.963112,18000,1092750
2026-08-21 11:20:00,ATM,PE,1100.0,1095.5,7.05,12.4,7.05,11.45,20.809566,36000,1798500
2026-08-21 11:25:00,ATM,PE,1100.0,1096.1,11.15,11.45,11.15,11.25,21.087947,60000,1800750
2026-08-21 11:30:00,ATM,PE,1100.0,1097.0,11.1,11.25,10.85,10.95,21.47613,15000,1804500
2026-08-21 11:35:00,ATM,PE,1100.0,1096.6,10.95,11.25,10.95,11.05,21.246875,19500,1819500
2026-08-21 11:40:00,ATM,PE,1100.0,1098.5,10.85,11.15,10.05,10.05,21.207003,30000,1829250
2026-08-21 11:45:00,ATM,PE,1100.0,1098.7,9.95,10.4,9.85,9.85,21.000071,9000,1834500
2026-08-21 11:50:00,ATM,PE,1100.0,1099.0,9.95,10.1,9.65,9.7,21.003786,16500,1837500
2026-08-21 11:55:00,ATM,PE,1100.0,1097.4,9.75,10.5,9.7,10.5,20.996256,36750,1842000
2026-08-21 12:00:00,ATM,PE,1100.0,1095.1,10.5,11.3,10.45,11.3,20.065138,60750,1826250
2026-08-21 12:05:00,ATM,PE,1100.0,1095.1,11.55,11.85,11.3,11.85,21.26516,16500,1827750
2026-08-21 12:10:00,ATM,PE,1090.0,1093.8,6.7,6.8,6.55,6.8,19.615136,45000,1127250
2026-08-21 12:15:00,ATM,PE,1100.0,1095.4,6.65,11.8,6.65,11.3,20.44747,28500,1830750
2026-08-21 12:20:00,ATM,PE,1100.0,1095.6,11.2,11.4,10.85,11.3,20.692888,13500,1835250
2026-08-21 12:25:00,ATM,PE,1100.0,1095.2,11.45,11.5,6.3,11.15,19.895888,7500,1836000
2026-08-21 12:30:00,ATM,PE,1100.0,1095.1,11.15,11.3,10.3,11.3,20.107981,21000,1840500
2026-08-21 12:35:00,ATM,PE,1100.0,1095.6,11.2,11.3,10.9,10.9,19.847847,4500,1842000
2026-08-21 12:40:00,ATM,PE,1090.0,1094.9,11.1,11.5,6.2,6.4,19.746805,14250,1131000
2026-08-21 12:45:00,ATM,PE,1100.0,1095.5,11.05,11.45,6.05,10.7,19.307682,18750,1844250
2026-08-21 12:50:00,ATM,PE,1100.0,1095.1,10.6,11.2,10.6,11.2,19.918829,11250,1843500
2026-08-21 12:55:00,ATM,PE,1090.0,1094.7,11.35,11.4,6.35,6.5,19.817259,19500,1124250
2026-08-21 13:00:00,ATM,PE,1090.0,1094.1,6.6,7.05,6.5,7.05,20.514702,51750,1136250
2026-08-21 13:05:00,ATM,PE,1090.0,1094.4,6.85,7.05,6.65,6.8,20.235864,11250,1139250
2026-08-21 13:10:00,ATM,PE,1090.0,1092.7,6.65,7.5,6.65,7.5,20.231209,29250,1137750
2026-08-21 13:15:00,ATM,PE,1090.0,1094.5,7.6,7.6,6.7,6.7,20.117137,21750,1133250
2026-08-21 13:20:00,ATM,PE,1090.0,1092.9,6.8,7.35,6.7,7.35,20.104212,42750,1140750
2026-08-21 13:25:00,ATM,PE,1090.0,1093.3,7.45,7.45,7.0,7.0,19.710834,39750,1127250
2026-08-21 13:30:00,ATM,PE,1090.0,1093.1,7.1,7.45,7.0,7.35,20.306516,27000,1131000
2026-08-21 13:35:00,ATM,PE,1090.0,1093.5,7.3,7.35,7.0,7.0,19.910033,21000,1137000
2026-08-21 13:40:00,ATM,PE,1090.0,1093.9,7.0,7.15,6.75,6.75,19.726996,60000,1143000
2026-08-21 13:45:00,ATM,PE,1090.0,1093.7,6.65,6.95,6.65,6.8,19.663803,31500,1149750
2026-08-21 13:50:00,ATM,PE,1090.0,1093.9,6.55,6.8,6.35,6.4,18.960554,20250,1154250
2026-08-21 13:55:00,ATM,PE,1090.0,1094.1,6.35,6.5,6.3,6.45,19.259636,21000,1155750
2026-08-21 14:00:00,ATM,PE,1090.0,1093.6,6.4,6.7,6.4,6.65,19.260436,18750,1152750
2026-08-21 14:05:00,ATM,PE,1090.0,1092.6,6.7,7.15,6.65,6.9,18.894074,55500,1154250
2026-08-21 14:10:00,ATM,PE,1090.0,1092.5,6.85,7.1,6.85,6.85,18.696028,27750,1149000
2026-08-21 14:15:00,ATM,PE,1090.0,1093.2,6.95,7.0,6.3,6.35,18.246189,49500,1131750
2026-08-21 14:20:00,ATM,PE,1090.0,1093.6,6.5,6.55,6.1,6.4,18.731113,57000,1119750
2026-08-21 14:25:00,ATM,PE,1090.0,1093.9,6.4,6.45,6.25,6.35,18.898611,23250,1118250
2026-08-21 14:30:00,ATM,PE,1090.0,1093.5,6.3,6.5,6.3,6.45,18.765652,27750,1113750
2026-08-21 14:35:00,ATM,PE,1090.0,1093.3,6.45,6.55,6.35,6.35,18.365703,15750,1113000
2026-08-21 14:40:00,ATM,PE,1090.0,1093.7,6.55,6.65,6.3,6.3,18.626494,26250,1116000
2026-08-21 14:45:00,ATM,PE,1090.0,1093.5,6.4,6.4,6.2,6.2,18.22711,13500,1112250
2026-08-21 14:50:00,ATM,PE,1090.0,1093.9,6.35,6.75,6.2,6.3,18.822122,38250,1109250
2026-08-21 14:55:00,ATM,PE,1090.0,1092.9,6.25,6.8,6.25,6.6,18.580354,21750,1108500
2026-08-21 15:00:00,ATM,PE,1090.0,1093.8,6.45,6.6,6.35,6.35,18.85809,16500,1114500
2026-08-21 15:05:00,ATM,PE,1090.0,1093.0,6.4,6.4,6.2,6.25,17.906091,12750,1113000
2026-08-21 15:10:00,ATM,PE,1090.0,1093.1,6.2,6.25,6.05,6.05,17.557658,19500,1100250
2026-08-21 15:15:00,ATM,PE,1090.0,1093.1,6.05,6.3,6.05,6.1,17.676355,12750,1095000
2026-08-21 15:20:00,ATM,PE,1090.0,1093.1,6.1,6.3,6.1,6.3,18.131207,9750,1092750
2026-08-21 15:25:00,ATM,PE,1090.0,1095.0,6.25,6.6,5.95,5.95,19.060332,42750,1077000
2026-08-21 15:30:00,ATM,PE,1090.0,1095.0,6.05,6.05,5.9,5.9,18.953523,15000,1074000
2026-08-21 15:35:00,ATM,PE,1090.0,1095.0,5.8,5.9,4.8,4.8,16.432128,21750,1066500
2026-08-24 09:15:00,ATM,PE,1090.0,1091.4,8.55,9.1,6.1,7.05,30.886232,251250,1056000
2026-08-24 09:20:00,ATM,PE,1090.0,1093.0,6.7,7.05,5.6,6.0,29.583766,88500,1047750
2026-08-24 09:25:00,ATM,PE,1090.0,1092.3,5.8,6.0,5.7,5.7,27.235079,30750,1044750
2026-08-24 09:30:00,ATM,PE,1090.0,1094.4,6.3,6.3,5.2,5.2,28.756646,43500,1035000
2026-08-24 09:35:00,ATM,PE,1090.0,1092.2,5.2,6.25,5.2,6.25,29.31523,21000,1037250
2026-08-24 09:40:00,ATM,PE,1090.0,1091.8,6.15,6.5,5.75,5.75,26.666126,36750,1036500
2026-08-24 09:45:00,ATM,PE,1090.0,1092.8,6.0,6.45,5.75,6.25,30.436624,60750,1044000
2026-08-24 09:50:00,ATM,PE,1090.0,1092.0,6.0,6.25,5.75,6.0,28.085236,39000,1046250
2026-08-24 09:55:00,ATM,PE,1090.0,1092.2,6.05,6.05,5.65,5.7,27.278152,22500,1050000
2026-08-24 10:00:00,ATM,PE,1090.0,1090.7,5.75,6.2,5.55,6.2,26.5909,48750,1031250
2026-08-24 10:05:00,ATM,PE,1090.0,1090.4,6.25,6.25,5.85,6.0,25.26744,15000,1029000
2026-08-24 10:10:00,ATM,PE,1090.0,1089.3,6.6,7.05,6.0,6.95,26.926058,43500,1026750
2026-08-24 10:15:00,ATM,PE,1090.0,1092.0,6.7,6.95,5.6,5.6,26.671308,30750,1024500
2026-08-24 10:20:00,ATM,PE,1090.0,1090.8,5.55,5.95,5.55,5.95,25.924572,13500,1022250
2026-08-24 10:25:00,ATM,PE,1090.0,1091.6,5.95,5.95,5.7,5.85,27.031094,30750,1023750
2026-08-24 10:30:00,ATM,PE,1090.0,1090.7,5.8,6.1,5.75,6.1,26.406754,32250,1020750
2026-08-24 10:35:00,ATM,PE,1090.0,1091.3,5.95,6.15,5.85,5.95,26.958897,21000,1022250
2026-08-24 10:40:00,ATM,PE,1090.0,1091.2,5.75,6.05,5.7,6.05,27.21315,21750,1022250
2026-08-24 10:45:00,ATM,PE,1090.0,1089.8,6.05,6.85,6.05,6.85,27.781703,15000,1019250
2026-08-24 10:50:00,ATM,PE,1090.0,1089.7,6.95,6.95,6.7,6.95,28.022903,30750,1017000
2026-08-24 10:55:00,ATM,PE,1090.0,1088.6,6.9,7.2,6.25,7.2,26.816542,89250,1006500
2026-08-24 11:00:00,ATM,PE,1090.0,1087.4,7.3,8.45,6.95,8.45,29.319237,68250,994500
2026-08-24 11:05:00,ATM,PE,1090.0,1087.5,8.2,8.45,8.0,8.0,27.751129,30750,975750
2026-08-24 11:10:00,ATM,PE,1090.0,1087.5,8.05,8.35,8.0,8.25,28.807812,55500,986250
2026-08-24 11:15:00,ATM,PE,1090.0,1087.1,8.45,8.45,8.05,8.2,27.744317,45000,983250
2026-08-24 11:20:00,ATM,PE,1090.0,1087.6,8.2,8.25,7.95,7.95,27.885141,22500,978000
2026-08-24 11:25:00,ATM,PE,1090.0,1088.2,8.05,8.05,7.55,7.55,27.607721,19500,974250
2026-08-24 11:30:00,ATM,PE,1080.0,1084.8,7.65,9.05,4.85,5.2,30.65464,100500,665250
2026-08-24 11:35:00,ATM,PE,1090.0,1085.1,5.3,9.75,5.2,8.55,24.470943,162750,951750
2026-08-24 11:40:00,ATM,PE,1090.0,1087.2,4.75,8.6,4.5,7.9,26.930418,27000,949500
2026-08-24 11:45:00,ATM,PE,1090.0,1087.2,8.05,8.05,7.85,7.95,27.174826,37500,944250
2026-08-24 11:50:00,ATM,PE,1090.0,1086.8,7.95,8.0,7.75,7.75,25.450073,21750,936750
2026-08-24 11:55:00,ATM,PE,1090.0,1086.0,7.55,8.25,7.55,8.25,25.637791,17250,935250
2026-08-24 12:00:00,ATM,PE,1090.0,1086.4,8.25,8.25,7.9,7.95,25.396036,10500,934500
2026-08-24 12:05:00,ATM,PE,1090.0,1086.3,8.3,8.35,7.95,8.1,25.818377,12000,935250
2026-08-24 12:10:00,ATM,PE,1090.0,1086.1,8.25,8.35,8.1,8.35,26.41741,8250,934500
2026-08-24 12:15:00,ATM,PE,1090.0,1086.7,8.2,8.45,8.15,8.15,27.069143,12750,930000
2026-08-24 12:20:00,ATM,PE,1090.0,1086.2,8.15,8.15,7.95,8.1,25.682024,5250,927750
2026-08-24 12:25:00,ATM,PE,1090.0,1085.6,8.5,8.75,8.1,8.75,26.977458,18750,927000
2026-08-24 12:30:00,ATM,PE,1090.0,1085.4,4.6,9.1,4.45,8.7,26.288456,32250,927000
2026-08-24 12:35:00,ATM,PE,1080.0,1084.6,8.7,8.95,4.6,4.95,29.82087,102000,662250
2026-08-24 12:40:00,ATM,PE,1080.0,1084.2,4.9,5.3,4.9,5.15,30.050529,27750,669000
2026-08-24 12:45:00,ATM,PE,1090.0,1085.1,5.15,9.85,5.15,9.35,28.427997,15750,903750
2026-08-24 12:50:00,ATM,PE,1080.0,1084.5,5.05,5.15,4.9,5.15,30.654176,14250,667500
2026-08-24 12:55:00,ATM,PE,1080.0,1083.4,5.15,5.35,5.0,5.35,29.649348,45750,690000
2026-08-24 13:00:00,ATM,PE,1080.0,1083.4,5.5,10.6,4.85,5.45,30.123974,147000,687750
2026-08-24 13:05:00,ATM,PE,1080.0,1082.9,5.65,6.0,5.4,5.4,29.055121,89250,672000
2026-08-24 13:10:00,ATM,PE,1080.0,1082.3,5.25,5.75,5.25,5.4,27.997347,34500,664500
2026-08-24 13:15:00,ATM,PE,1080.0,1082.3,5.5,5.7,5.4,5.55,28.681867,36750,686250
2026-08-24 13:20:00,ATM,PE,1080.0,1081.8,5.65,5.95,5.55,5.85,29.064092,15750,686250
2026-08-24 13:25:00,ATM,PE,1080.0,1082.4,5.95,6.15,5.7,5.7,29.600182,24000,678750
2026-08-24 13:30:00,ATM,PE,1080.0,1083.3,5.75,5.85,5.65,5.65,31.086587,19500,682500
2026-08-24 13:35:00,ATM,PE,1080.0,1082.4,5.55,5.9,5.3,5.9,30.552325,66000,691500
2026-08-24 13:40:00,ATM,PE,1080.0,1082.7,5.85,6.1,5.7,6.1,32.025167,30750,696750
2026-08-24 13:45:00,ATM,PE,1080.0,1083.8,5.85,6.1,5.45,5.45,31.259802,18000,694500
2026-08-24 13:50:00,ATM,PE,1080.0,1082.3,5.1,5.8,5.1,5.8,30.072741,15000,700500
2026-08-24 13:55:00,ATM,PE,1080.0,1081.1,5.8,6.4,5.8,6.4,30.371227,18750,695250
2026-08-24 14:00:00,ATM,PE,1080.0,1080.7,6.65,6.7,6.4,6.7,30.901254,56250,697500
2026-08-24 14:05:00,ATM,PE,1080.0,1080.8,6.7,6.7,6.3,6.3,29.429641,31500,696750
2026-08-24 14:10:00,ATM,PE,1080.0,1080.3,6.55,6.85,6.3,6.85,30.819318,27000,666000
2026-08-24 14:15:00,ATM,PE,1080.0,1080.3,6.9,6.9,6.45,6.7,30.21999,51750,654750
2026-08-24 14:20:00,ATM,PE,1080.0,1079.2,6.7,7.05,6.7,7.05,29.424261,17250,653250
2026-08-24 14:25:00,ATM,PE,1080.0,1079.8,7.05,7.05,6.65,6.7,29.25743,21750,654000
2026-08-24 14:30:00,ATM,PE,1080.0,1081.4,6.75,6.75,5.55,6.15,30.222054,73500,654750
2026-08-24 14:35:00,ATM,PE,1080.0,1080.5,6.05,6.2,6.05,6.2,28.655536,15000,649500
2026-08-24 14:40:00,ATM,PE,1080.0,1080.4,6.2,6.45,6.15,6.35,29.146098,21750,645750
2026-08-24 14:45:00,ATM,PE,1080.0,1079.9,6.35,6.8,6.3,6.65,29.441211,18750,649500
2026-08-24 14:50:00,ATM,PE,1080.0,1080.3,6.65,6.75,6.55,6.55,29.903276,24750,646500
2026-08-24 14:55:00,ATM,PE,1080.0,1079.6,6.7,7.05,6.55,6.65,28.885473,27750,653250
2026-08-24 15:00:00,ATM,PE,1080.0,1078.6,7.05,7.3,6.65,7.3,29.541441,27000,645750
2026-08-24 15:05:00,ATM,PE,1080.0,1078.8,7.3,7.6,7.25,7.25,29.827147,42750,646500
2026-08-24 15:10:00,ATM,PE,1080.0,1078.9,6.8,7.25,6.25,6.25,25.698443,30000,643500
2026-08-24 15:15:00,ATM,PE,1080.0,1078.9,6.55,6.55,6.0,6.2,25.519384,12000,635250
2026-08-24 15:20:00,ATM,PE,1080.0,1078.9,6.2,6.55,6.05,6.5,26.886986,12750,627750
2026-08-24 15:25:00,ATM,PE,1080.0,1077.0,6.8,7.2,6.5,7.2,25.439394,16500,622500
2026-08-24 15:30:00,ATM,PE,1080.0,1077.0,7.25,7.25,6.95,7.0,24.577676,15000,617250
2026-08-24 15:35:00,ATM,PE,1080.0,1077.0,7.25,8.0,7.0,7.1,25.070054,9750,614250
2026-08-25 09:15:00,ATM,PE,1080.0,1075.7,2.7,7.9,2.7,7.9,47.872167,87000,597750
2026-08-25 09:20:00,ATM,PE,1080.0,1075.5,7.0,7.9,6.9,7.15,40.09471,18000,593250
2026-08-25 09:25:00,ATM,PE,1080.0,1075.7,7.15,7.4,6.8,7.05,40.628323,6000,592500
2026-08-25 09:30:00,ATM,PE,1080.0,1075.7,7.05,7.15,7.05,7.15,41.840885,3750,592500
2026-08-25 09:35:00,ATM,PE,1070.0,1073.4,1.95,2.4,1.95,2.4,34.789613,28500,531750
2026-08-25 09:40:00,ATM,PE,1070.0,1072.8,2.4,2.55,2.4,2.55,34.348169,29250,528000
2026-08-25 09:45:00,ATM,PE,1070.0,1074.7,2.65,9.1,1.9,1.9,34.614014,19500,531000
2026-08-25 09:50:00,ATM,PE,1070.0,1073.2,2.45,3.2,1.9,3.1,41.537425,31500,534000
2026-08-25 09:55:00,ATM,PE,1070.0,1075.0,2.9,8.95,1.95,2.15,38.667842,4500,534000
2026-08-25 10:00:00,ATM,PE,1080.0,1076.3,7.75,7.9,2.1,7.7,52.506456,7500,578250
2026-08-25 10:05:00,ATM,PE,1080.0,1075.4,7.7,7.7,7.7,7.7,47.507613,0,577500
2026-08-25 10:10:00,ATM,PE,1080.0,1075.8,7.35,7.8,1.65,7.35,46.898763,41250,575250
2026-08-25 10:15:00,ATM,PE,1080.0,1075.5,7.4,7.6,7.35,7.4,45.856467,15000,573750
2026-08-25 10:20:00,ATM,PE,1070.0,1074.1,7.4,7.6,1.65,1.95,34.972475,14250,540000
2026-08-25 10:25:00,ATM,PE,1070.0,1074.1,2.0,2.3,1.95,1.95,35.249833,11250,537000
2026-08-25 10:30:00,ATM,PE,1070.0,1073.7,2.15,2.45,1.95,2.25,37.295209,4500,535500
2026-08-25 10:35:00,ATM,PE,1070.0,1074.3,1.95,2.25,1.6,1.7,33.772701,17250,533250
2026-08-25 10:40:00,ATM,PE,1070.0,1074.4,2.5,3.7,1.7,3.4,52.658887,240000,396000
2026-08-25 10:45:00,ATM,PE,1070.0,1074.0,3.45,3.85,3.4,3.75,55.197722,25500,386250
2026-08-25 10:50:00,ATM,PE,1070.0,1074.9,3.75,3.8,3.6,3.65,58.165267,24000,379500
2026-08-25 10:55:00,ATM,PE,1070.0,1074.5,3.75,4.0,3.65,4.0,60.827737,14250,369750
2026-08-25 11:00:00,ATM,PE,1080.0,1075.9,10.0,10.0,8.2,8.5,63.763463,12000,542250
2026-08-25 11:05:00,ATM,PE,1080.0,1076.1,8.5,8.65,8.5,8.65,67.187121,1500,542250
2026-08-25 11:10:00,ATM,PE,1080.0,1077.2,8.65,8.65,8.65,8.65,74.459938,0,540750
2026-08-25 11:15:00,ATM,PE,1080.0,1076.1,7.75,8.65,7.75,8.2,63.607967,15000,539250
2026-08-25 11:20:00,ATM,PE,1080.0,1076.6,8.2,8.2,7.85,7.85,63.629775,750,532500
2026-08-25 11:25:00,ATM,PE,1080.0,1076.4,8.15,8.4,7.65,8.4,68.987172,10500,528750
2026-08-25 11:30:00,ATM,PE,1080.0,1076.4,8.4,8.4,7.9,8.0,65.261477,10500,519750
2026-08-25 11:35:00,ATM,PE,1080.0,1077.6,8.0,8.6,7.55,7.55,68.560612,8250,519750
2026-08-25 11:40:00,ATM,PE,1080.0,1077.5,7.5,7.55,7.0,7.25,65.320035,7500,514500
2026-08-25 11:45:00,ATM,PE,1080.0,1077.6,7.35,7.95,7.25,7.95,74.512445,5250,516000
2026-08-25 11:50:00,ATM,PE,1080.0,1079.2,7.95,7.95,6.6,6.6,69.755681,5250,513750
2026-08-25 11:55:00,ATM,PE,1080.0,1080.5,6.45,6.6,5.2,5.2,62.021968,9750,507750
2026-08-25 12:00:00,ATM,PE,1080.0,1079.9,5.0,5.8,4.65,4.65,53.044641,30750,512250
2026-08-25 12:05:00,ATM,PE,1080.0,1079.8,5.35,5.35,3.35,3.35,37.984978,69750,507000
2026-08-25 12:10:00,ATM,PE,1080.0,1080.5,3.2,3.7,2.6,2.65,34.227328,39000,512250
2026-08-25 12:15:00,ATM,PE,1080.0,1080.2,2.5,2.65,1.9,2.2,27.58457,37500,428250
2026-08-25 12:20:00,ATM,PE,1080.0,1079.5,1.9,2.2,1.3,1.3,12.704892,44250,445500
2026-08-25 12:25:00,ATM,PE,1080.0,1079.6,1.15,2.3,1.15,2.3,25.819073,22500,450000
2026-08-25 12:30:00,ATM,PE,1080.0,1079.6,2.2,2.3,2.2,2.3,26.158869,9750,445500
2026-08-25 12:35:00,ATM,PE,1080.0,1078.5,2.3,3.5,2.3,3.45,33.316945,2250,362250
2026-08-25 12:40:00,ATM,PE,1080.0,1078.1,4.0,5.0,3.45,5.0,50.912308,24750,351000
2026-08-25 12:45:00,ATM,PE,1080.0,1078.3,5.15,5.35,5.0,5.05,53.789151,15000,342750
2026-08-25 12:50:00,ATM,PE,1080.0,1078.4,5.05,5.05,4.5,4.5,48.030382,3750,341250
2026-08-25 12:55:00,ATM,PE,1080.0,1078.4,4.7,4.7,4.05,4.35,46.739736,10500,336750
2026-08-25 13:00:00,ATM,PE,1080.0,1077.7,4.35,5.25,4.35,4.4,42.434249,8250,333750
2026-08-25 13:05:00,ATM,PE,1080.0,1076.5,4.8,4.8,4.4,4.8,37.441942,2250,330000
2026-08-25 13:10:00,ATM,PE,1080.0,1077.2,4.8,5.1,4.7,5.1,49.58773,6750,329250
2026-08-25 13:15:00,ATM,PE,1080.0,1076.4,5.05,5.1,5.05,5.05,41.652365,750,328500
2026-08-25 13:20:00,ATM,PE,1080.0,1076.5,5.05,5.65,4.9,5.65,53.010314,16500,329250
2026-08-25 13:25:00,ATM,PE,1080.0,1076.6,5.65,5.65,5.65,5.65,55.027246,0,329250
2026-08-25 13:30:00,ATM,PE,1080.0,1077.0,5.65,5.65,5.0,5.05,50.567112,3750,329250
2026-08-25 13:35:00,ATM,PE,1080.0,1078.8,5.05,5.05,5.0,5.0,67.429582,3750,328500
2026-08-25 13:40:00,ATM,PE,1080.0,1078.4,5.0,5.0,4.8,4.8,62.214432,8250,328500
2026-08-25 13:45:00,ATM,PE,1080.0,1078.7,5.05,5.05,4.8,5.0,69.532958,2250,325500
2026-08-25 13:50:00,ATM,PE,1080.0,1079.5,5.0,5.0,4.9,4.9,76.490059,9000,324750
2026-08-25 13:55:00,ATM,PE,1080.0,1078.4,4.9,4.9,3.55,4.7,64.98213,21000,323250
2026-08-25 14:00:00,ATM,PE,1080.0,1078.6,4.7,5.5,4.7,4.7,68.610727,13500,327000
2026-08-25 14:05:00,ATM,PE,1080.0,1078.7,4.0,4.7,4.0,4.0,58.921946,1500,325500
2026-08-25 14:10:00,ATM,PE,1080.0,1079.7,3.75,4.7,2.95,3.2,55.7951,27000,327000
2026-08-25 14:15:00,ATM,PE,1080.0,1079.2,3.2,3.8,3.2,3.8,63.871616,2250,324000
2026-08-25 14:20:00,ATM,PE,1080.0,1079.0,3.8,4.05,3.1,3.1,50.110281,21000,323250
2026-08-25 14:25:00,ATM,PE,1080.0,1078.4,3.1,4.3,3.1,4.3,69.424075,17250,321750
2026-08-25 14:30:00,ATM,PE,1080.0,1081.0,4.3,4.5,4.3,4.5,104.106191,18750,315000
2026-08-25 14:35:00,ATM,PE,1080.0,1080.5,4.5,4.5,4.0,4.0,92.331276,7500,315000
2026-08-25 14:40:00,ATM,PE,1080.0,1082.0,4.6,4.85,3.5,4.8,130.337989,15000,315000
2026-08-25 14:45:00,ATM,PE,1080.0,1082.4,3.0,6.15,2.85,2.85,93.615185,36750,319500
2026-08-25 14:50:00,ATM,PE,1080.0,1082.6,2.95,2.95,2.85,2.95,103.321194,750,315000
2026-08-25 14:55:00,ATM,PE,1080.0,1082.5,2.95,2.95,2.95,2.95,108.479683,0,314250
2026-08-25 15:00:00,ATM,PE,1080.0,1084.0,2.55,2.95,2.55,2.55,120.853018,12750,314250
2026-08-25 15:05:00,ATM,PE,1080.0,1084.6,2.55,2.55,2.5,2.5,135.718322,750,312750
2026-08-25 15:10:00,ATM,PE,1080.0,1082.0,2.5,2.5,2.5,2.5,114.624125,0,312750
2026-08-25 15:15:00,ATM,PE,1080.0,1082.0,2.5,2.5,2.5,2.5,128.141718,1500,312750
2026-08-25 15:20:00,ATM,PE,1080.0,1082.0,2.0,2.5,2.0,2.0,125.528733,2250,311250
2026-08-25 15:25:00,ATM,PE,1090.0,1087.4,2.0,6.45,2.0,6.45,266.311896,0,572250
2026-08-25 15:30:00,ATM,PE,1090.0,1087.4,6.45,12.9,6.45,12.9,862.701445,750,570750
2026-08-25 15:35:00,ATM,PE,1090.0,1087.4,12.9,12.9,12.9,12.9,0.0,0,570750
2026-08-20 09:15:00,ATM+1,CE,1110.0,1097.9,5.25,9.3,5.25,7.8,23.361525,455250,904500
2026-08-20 09:20:00,ATM+1,CE,1100.0,1093.7,12.25,12.75,6.6,10.2,23.652506,609750,3005250
2026-08-20 09:25:00,ATM+1,CE,1110.0,1095.5,10.05,10.2,6.25,6.7,22.878816,143250,933750
2026-08-20 09:30:00,ATM+1,CE,1100.0,1094.1,6.85,10.8,6.55,10.0,22.939954,129750,3090000
2026-08-20 09:35:00,ATM+1,CE,1100.0,1093.3,10.05,10.05,9.1,9.1,21.892336,190500,3110250
2026-08-20 09:40:00,ATM+1,CE,1100.0,1094.8,9.3,9.95,9.1,9.95,22.251563,153000,3092250
2026-08-20 09:45:00,ATM+1,CE,1100.0,1092.4,9.95,9.95,8.9,8.9,22.270545,162750,3088500
2026-08-20 09:50:00,ATM+1,CE,1100.0,1093.6,8.8,9.0,8.35,9.0,21.469369,132000,3108750
2026-08-20 09:55:00,ATM+1,CE,1110.0,1096.2,9.05,9.45,5.7,6.0,20.975996,87750,942750
2026-08-20 10:00:00,ATM+1,CE,1110.0,1096.8,5.85,6.1,5.85,6.1,20.770122,27000,939000
2026-08-20 10:05:00,ATM+1,CE,1110.0,1095.3,6.3,6.3,5.65,5.65,20.875299,55500,942750
2026-08-20 10:10:00,ATM+1,CE,1110.0,1097.8,6.35,6.45,5.65,6.45,20.790937,30750,936750
2026-08-20 10:15:00,ATM+1,CE,1100.0,1094.5,6.75,9.65,5.95,9.1,20.931998,69750,3054750
2026-08-20 10:20:00,ATM+1,CE,1100.0,1093.9,8.95,9.5,8.8,9.05,21.358967,219000,3090000
2026-08-20 10:25:00,ATM+1,CE,1100.0,1094.4,9.05,9.3,9.0,9.1,21.034185,140250,3068250
2026-08-20 10:30:00,ATM+1,CE,1110.0,1095.4,9.0,9.5,5.4,5.6,20.738383,93750,937500
2026-08-20 10:35:00,ATM+1,CE,1100.0,1094.8,5.65,9.5,5.4,9.15,20.799221,37500,3079500
2026-08-20 10:40:00,ATM+1,CE,1110.0,1097.7,9.15,9.3,5.35,6.5,21.012146,72000,936000
2026-08-20 10:45:00,ATM+1,CE,1110.0,1098.9,6.4,7.0,6.25,6.85,20.849289,93000,908250
2026-08-20 10:50:00,ATM+1,CE,1110.0,1098.2,6.95,6.95,6.25,6.45,20.560903,75750,891750
2026-08-20 10:55:00,ATM+1,CE,1110.0,1100.3,6.7,8.05,6.45,7.8,21.697457,308250,906750
2026-08-20 11:00:00,ATM+1,CE,1110.0,1099.6,7.5,7.8,7.0,7.0,20.648301,236250,930000
2026-08-20 11:05:00,ATM+1,CE,1110.0,1098.6,7.1,7.2,6.85,6.85,21.103783,64500,933000
2026-08-20 11:10:00,ATM+1,CE,1110.0,1098.7,6.7,6.9,6.65,6.8,20.935785,32250,930750
2026-08-20 11:15:00,ATM+1,CE,1110.0,1096.6,6.5,6.8,5.85,5.9,20.608018,55500,930000
2026-08-20 11:20:00,ATM+1,CE,1110.0,1095.6,6.0,9.75,5.6,5.6,20.677217,72750,934500
2026-08-20 11:25:00,ATM+1,CE,1110.0,1095.5,5.6,9.45,5.55,5.65,20.860626,36000,935250
2026-08-20 11:30:00,ATM+1,CE,1110.0,1096.2,5.75,6.05,5.65,5.9,20.912285,30000,942000
2026-08-20 11:35:00,ATM+1,CE,1110.0,1096.0,5.9,5.95,5.75,5.75,20.742389,12000,944250
2026-08-20 11:40:00,ATM+1,CE,1110.0,1096.0,5.75,5.85,5.65,5.85,20.962131,14250,949500
2026-08-20 11:45:00,ATM+1,CE,1110.0,1095.7,5.85,5.9,5.75,5.85,21.179275,15000,951000
2026-08-20 11:50:00,ATM+1,CE,1110.0,1097.1,5.85,6.15,5.7,6.15,20.829658,12750,948750
2026-08-20 11:55:00,ATM+1,CE,1110.0,1097.0,6.25,6.3,5.85,6.15,20.909002,26250,945750
2026-08-20 12:00:00,ATM+1,CE,1110.0,1096.9,6.0,6.15,5.9,6.1,20.883756,17250,943500
2026-08-20 12:05:00,ATM+1,CE,1110.0,1097.0,6.05,6.4,6.0,6.0,20.610826,41250,937500
2026-08-20 12:10:00,ATM+1,CE,1110.0,1097.5,6.1,6.2,6.0,6.2,20.676966,16500,936000
2026-08-20 12:15:00,ATM+1,CE,1110.0,1098.7,6.1,6.45,6.0,6.45,20.322686,22500,930750
2026-08-20 12:20:00,ATM+1,CE,1110.0,1098.0,6.45,6.5,6.1,6.2,20.329772,36000,920250
2026-08-20 12:25:00,ATM+1,CE,1110.0,1098.2,6.3,6.65,6.15,6.45,20.706996,22500,919500
2026-08-20 12:30:00,ATM+1,CE,1110.0,1097.9,6.35,6.45,6.25,6.4,20.831669,27750,924000
2026-08-20 12:35:00,ATM+1,CE,1110.0,1099.1,6.25,6.65,6.25,6.65,20.463693,50250,924750
2026-08-20 12:40:00,ATM+1,CE,1110.0,1097.8,7.1,7.5,6.55,6.55,21.230504,179250,885750
2026-08-20 12:45:00,ATM+1,CE,1110.0,1099.0,6.45,7.55,6.45,7.45,22.178983,141000,914250
2026-08-20 12:50:00,ATM+1,CE,1110.0,1099.0,7.3,7.5,7.2,7.2,21.680833,39000,901500
2026-08-20 12:55:00,ATM+1,CE,1110.0,1097.0,7.15,7.2,6.3,6.4,21.525846,81000,912000
2026-08-20 13:00:00,ATM+1,CE,1110.0,1096.3,6.45,6.5,6.25,6.25,21.722303,46500,926250
2026-08-20 13:05:00,ATM+1,CE,1110.0,1096.4,6.25,6.45,6.15,6.4,21.974493,11250,929250
2026-08-20 13:10:00,ATM+1,CE,1110.0,1096.4,6.25,6.4,5.85,6.1,21.350596,44250,927750
2026-08-20 13:15:00,ATM+1,CE,1110.0,1096.0,6.25,6.3,5.85,6.0,21.430422,31500,918750
2026-08-20 13:20:00,ATM+1,CE,1110.0,1096.6,5.95,6.2,5.9,6.2,21.434708,14250,915000
2026-08-20 13:25:00,ATM+1,CE,1110.0,1095.9,6.2,6.2,5.9,5.9,21.303979,16500,915750
2026-08-20 13:30:00,ATM+1,CE,1110.0,1096.9,5.9,6.05,5.9,6.05,20.919613,12000,914250
2026-08-20 13:35:00,ATM+1,CE,1110.0,1095.1,6.05,6.1,5.75,5.75,21.557286,29250,912750
2026-08-20 13:40:00,ATM+1,CE,1100.0,1095.0,5.55,9.6,5.55,9.4,21.405345,50250,3259500
2026-08-20 13:45:00,ATM+1,CE,1100.0,1094.7,9.4,9.45,8.95,9.0,20.896732,150750,3245250
2026-08-20 13:50:00,ATM+1,CE,1100.0,1094.8,9.05,9.5,8.95,9.5,21.794859,192000,3246750
2026-08-20 13:55:00,ATM+1,CE,1110.0,1095.9,9.5,9.6,5.5,5.9,21.352051,56250,916500
2026-08-20 14:00:00,ATM+1,CE,1110.0,1096.3,5.75,5.9,5.7,5.9,21.077114,15000,914250
2026-08-20 14:05:00,ATM+1,CE,1110.0,1096.0,6.15,6.15,5.9,5.95,21.40434,23250,906750
2026-08-20 14:10:00,ATM+1,CE,1110.0,1096.0,5.85,6.1,5.85,5.95,21.41241,12750,900000
2026-08-20 14:15:00,ATM+1,CE,1100.0,1095.0,5.95,9.9,5.95,9.5,21.658847,48750,3196500
2026-08-20 14:20:00,ATM+1,CE,1110.0,1096.0,9.25,9.5,5.5,5.8,21.107414,15750,897000
2026-08-20 14:25:00,ATM+1,CE,1110.0,1096.2,5.8,9.65,5.6,5.85,21.081095,37500,893250
2026-08-20 14:30:00,ATM+1,CE,1110.0,1098.6,5.8,6.55,5.8,6.5,20.709397,33000,891750
2026-08-20 14:35:00,ATM+1,CE,1110.0,1099.0,6.55,6.6,6.1,6.5,20.417578,76500,876750
2026-08-20 14:40:00,ATM+1,CE,1110.0,1099.1,6.5,6.6,6.35,6.6,20.555889,40500,861000
2026-08-20 14:45:00,ATM+1,CE,1110.0,1099.8,6.5,7.0,6.5,6.65,20.13428,46500,855750
2026-08-20 14:50:00,ATM+1,CE,1110.0,1098.9,6.6,6.65,6.0,6.05,19.584486,39000,847500
2026-08-20 14:55:00,ATM+1,CE,1110.0,1098.8,5.85,6.1,5.85,6.1,19.770154,69750,847500
2026-08-20 15:00:00,ATM+1,CE,1110.0,1097.6,5.85,6.1,5.35,5.35,19.071755,54000,849000
2026-08-20 15:05:00,ATM+1,CE,1110.0,1096.5,5.35,5.45,5.25,5.45,20.072843,37500,837750
2026-08-20 15:10:00,ATM+1,CE,1110.0,1097.0,5.45,5.7,5.45,5.7,20.26207,36750,843750
2026-08-20 15:15:00,ATM+1,CE,1110.0,1097.0,5.45,5.75,5.45,5.75,20.376513,21000,834000
2026-08-20 15:20:00,ATM+1,CE,1110.0,1097.0,5.75,5.8,5.45,5.65,20.170741,24000,832500
2026-08-20 15:25:00,ATM+1,CE,1100.0,1095.0,5.6,9.6,5.55,9.55,21.874886,23250,2855250
2026-08-20 15:30:00,ATM+1,CE,1100.0,1095.0,9.4,9.6,9.3,9.4,21.588252,26250,2846250
2026-08-20 15:35:00,ATM+1,CE,1100.0,1095.0,9.35,9.7,9.35,9.7,22.187084,36750,2826750
2026-08-21 09:15:00,ATM+1,CE,1110.0,1097.4,5.95,9.9,4.95,5.6,21.610837,318750,881250
2026-08-21 09:20:00,ATM+1,CE,1100.0,1094.3,5.05,9.1,5.05,7.75,20.737322,279000,2904000
2026-08-21 09:25:00,ATM+1,CE,1110.0,1096.8,8.1,8.1,4.2,4.9,20.447525,154500,889500
2026-08-21 09:30:00,ATM+1,CE,1110.0,1095.3,4.85,4.9,4.4,4.4,20.353944,86250,888750
2026-08-21 09:35:00,ATM+1,CE,1110.0,1097.0,4.55,4.95,4.4,4.6,19.601739,32250,891750
2026-08-21 09:40:00,ATM+1,CE,1110.0,1099.5,4.95,5.6,4.6,5.6,20.002745,62250,878250
2026-08-21 09:45:00,ATM+1,CE,1110.0,1098.3,5.55,5.6,4.9,4.9,19.344234,47250,883500
2026-08-21 09:50:00,ATM+1,CE,1110.0,1099.0,4.8,5.25,4.8,5.15,19.388922,83250,910500
2026-08-21 09:55:00,ATM+1,CE,1110.0,1099.2,5.2,5.2,4.75,5.0,18.895224,26250,903000
2026-08-21 10:00:00,ATM+1,CE,1110.0,1100.0,5.55,5.8,5.0,5.5,19.409384,66750,907500
2026-08-21 10:05:00,ATM+1,CE,1110.0,1098.2,5.2,5.5,4.65,4.65,18.869009,54000,903000
2026-08-21 10:10:00,ATM+1,CE,1110.0,1096.5,4.85,4.9,4.2,4.3,19.308366,64500,917250
2026-08-21 10:15:00,ATM+1,CE,1110.0,1097.0,4.35,4.7,4.3,4.45,19.311823,27750,912000
2026-08-21 10:20:00,ATM+1,CE,1110.0,1096.1,4.25,4.45,4.2,4.25,19.495354,31500,916500
2026-08-21 10:25:00,ATM+1,CE,1110.0,1097.0,4.2,4.4,4.0,4.15,18.602319,30000,893250
2026-08-21 10:30:00,ATM+1,CE,1110.0,1096.1,4.2,4.2,4.0,4.05,19.019554,39000,891750
2026-08-21 10:35:00,ATM+1,CE,1110.0,1096.3,4.0,4.2,3.85,4.15,19.13029,24750,888000
2026-08-21 10:40:00,ATM+1,CE,1100.0,1094.0,4.15,7.2,3.85,6.6,18.668941,120750,2967750
2026-08-21 10:45:00,ATM+1,CE,1100.0,1093.7,6.4,6.6,5.8,6.35,18.403479,91500,2976750
2026-08-21 10:50:00,ATM+1,CE,1100.0,1094.1,6.35,6.95,6.35,6.4,18.158492,71250,2985000
2026-08-21 10:55:00,ATM+1,CE,1100.0,1093.3,6.55,6.55,6.0,6.2,18.449841,64500,2991000
2026-08-21 11:00:00,ATM+1,CE,1100.0,1093.4,6.1,6.25,6.0,6.15,18.259079,48000,2979750
2026-08-21 11:05:00,ATM+1,CE,1100.0,1092.3,6.2,6.2,5.8,5.85,18.569322,63750,2985750
2026-08-21 11:10:00,ATM+1,CE,1100.0,1094.1,6.0,6.5,5.6,6.5,18.410938,152250,2970750
2026-08-21 11:15:00,ATM+1,CE,1100.0,1093.8,6.35,6.5,6.25,6.5,18.693209,38250,2986500
2026-08-21 11:20:00,ATM+1,CE,1110.0,1095.5,6.5,6.5,3.25,3.75,18.781248,74250,903750
2026-08-21 11:25:00,ATM+1,CE,1110.0,1096.1,3.65,4.1,3.65,4.0,18.990041,180000,876000
2026-08-21 11:30:00,ATM+1,CE,1110.0,1097.0,3.95,4.1,3.95,4.05,18.467177,36750,882750
2026-08-21 11:35:00,ATM+1,CE,1110.0,1096.6,4.1,4.1,3.85,3.85,18.271641,30750,873000
2026-08-21 11:40:00,ATM+1,CE,1110.0,1098.5,3.9,4.3,3.85,4.3,17.970047,33750,873750
2026-08-21 11:45:00,ATM+1,CE,1110.0,1098.7,4.3,4.5,4.3,4.45,18.182969,21750,868500
2026-08-21 11:50:00,ATM+1,CE,1110.0,1099.0,4.45,4.7,4.45,4.7,18.549946,40500,873000
2026-08-21 11:55:00,ATM+1,CE,1110.0,1097.4,4.6,4.7,4.1,4.1,18.337018,65250,871500
2026-08-21 12:00:00,ATM+1,CE,1110.0,1095.1,4.1,4.1,3.6,3.6,18.746938,46500,870750
2026-08-21 12:05:00,ATM+1,CE,1110.0,1095.1,3.5,3.6,3.45,3.45,18.36607,25500,871500
2026-08-21 12:10:00,ATM+1,CE,1100.0,1093.8,6.65,6.9,6.55,6.6,19.009605,85500,2971500
2026-08-21 12:15:00,ATM+1,CE,1110.0,1095.4,6.55,6.75,3.4,3.85,19.201931,65250,879750
2026-08-21 12:20:00,ATM+1,CE,1110.0,1095.6,3.75,4.0,3.75,3.9,19.194599,31500,869250
2026-08-21 12:25:00,ATM+1,CE,1110.0,1095.2,3.9,7.4,3.8,4.0,19.744034,6750,870000
2026-08-21 12:30:00,ATM+1,CE,1110.0,1095.1,4.05,4.6,3.9,3.95,19.697578,39000,860250
2026-08-21 12:35:00,ATM+1,CE,1110.0,1095.6,4.05,4.05,3.9,3.9,19.221034,8250,852000
2026-08-21 12:40:00,ATM+1,CE,1100.0,1094.9,3.75,7.1,3.55,6.9,18.69665,84750,2839500
2026-08-21 12:45:00,ATM+1,CE,1110.0,1095.5,3.7,6.9,3.55,3.55,18.413192,49500,851250
2026-08-21 12:50:00,ATM+1,CE,1110.0,1095.1,3.7,3.75,3.55,3.65,18.962743,3750,851250
2026-08-21 12:55:00,ATM+1,CE,1100.0,1094.7,3.55,6.8,3.5,6.75,18.58375,45000,2821500
2026-08-21 13:00:00,ATM+1,CE,1100.0,1094.1,6.75,6.75,6.4,6.4,18.381545,48750,2823750
2026-08-21 13:05:00,ATM+1,CE,1100.0,1094.4,6.5,6.55,6.35,6.55,18.442949,63750,2810250
2026-08-21 13:10:00,ATM+1,CE,1100.0,1092.7,6.6,6.6,5.85,5.85,18.436263,91500,2819250
2026-08-21 13:15:00,ATM+1,CE,1100.0,1094.5,5.65,6.4,5.6,6.4,18.036871,102000,2834250
2026-08-21 13:20:00,ATM+1,CE,1100.0,1092.9,6.4,6.4,5.6,5.75,18.052384,48000,2847000
2026-08-21 13:25:00,ATM+1,CE,1100.0,1093.3,5.75,5.9,5.6,5.9,18.041218,59250,2861250
2026-08-21 13:30:00,ATM+1,CE,1100.0,1093.1,5.75,5.9,5.65,5.7,17.780018,39750,2859750
2026-08-21 13:35:00,ATM+1,CE,1100.0,1093.5,5.75,5.9,5.7,5.8,17.655282,14250,2861250
2026-08-21 13:40:00,ATM+1,CE,1100.0,1093.9,5.85,5.9,5.7,5.75,17.190992,18000,2865750
2026-08-21 13:45:00,ATM+1,CE,1100.0,1093.7,6.05,6.05,5.75,5.8,17.491874,24000,2870250
2026-08-21 13:50:00,ATM+1,CE,1100.0,1093.9,6.0,6.1,5.8,5.95,17.653212,37500,2862750
2026-08-21 13:55:00,ATM+1,CE,1100.0,1094.1,6.0,6.0,5.8,5.85,17.25634,30000,2859000
2026-08-21 14:00:00,ATM+1,CE,1100.0,1093.6,5.75,5.85,5.55,5.55,17.047399,89250,2876250
2026-08-21 14:05:00,ATM+1,CE,1100.0,1092.6,5.45,5.55,5.05,5.25,17.260898,128250,2855250
2026-08-21 14:10:00,ATM+1,CE,1100.0,1092.5,5.3,5.3,5.05,5.25,17.355995,50250,2841000
2026-08-21 14:15:00,ATM+1,CE,1100.0,1093.2,5.1,5.7,5.1,5.65,17.65485,93000,2823000
2026-08-21 14:20:00,ATM+1,CE,1100.0,1093.6,5.55,6.0,5.55,5.75,17.529177,70500,2811000
2026-08-21 14:25:00,ATM+1,CE,1100.0,1093.9,5.7,5.85,5.65,5.75,17.265627,32250,2806500
2026-08-21 14:30:00,ATM+1,CE,1100.0,1093.5,5.75,5.8,5.25,5.25,16.51038,55500,2806500
2026-08-21 14:35:00,ATM+1,CE,1100.0,1093.3,5.2,5.25,5.1,5.2,16.582764,51750,2817000
2026-08-21 14:40:00,ATM+1,CE,1100.0,1093.7,5.15,5.35,5.05,5.35,16.573189,54000,2845500
2026-08-21 14:45:00,ATM+1,CE,1100.0,1093.5,5.35,5.5,5.35,5.4,16.873222,17250,2838750
2026-08-21 14:50:00,ATM+1,CE,1100.0,1093.9,5.25,5.4,5.0,5.2,16.071537,78750,2805750
2026-08-21 14:55:00,ATM+1,CE,1100.0,1092.9,5.25,5.25,4.75,4.75,15.939114,63750,2842500
2026-08-21 15:00:00,ATM+1,CE,1100.0,1093.8,4.9,4.9,4.6,4.75,15.158966,63000,2829750
2026-08-21 15:05:00,ATM+1,CE,1100.0,1093.0,4.85,4.85,4.75,4.8,15.982514,60000,2824500
2026-08-21 15:10:00,ATM+1,CE,1100.0,1093.1,4.85,5.0,4.8,4.85,16.017611,57750,2805000
2026-08-21 15:15:00,ATM+1,CE,1100.0,1093.1,5.0,5.05,4.85,4.9,16.139788,70500,2799750
2026-08-21 15:20:00,ATM+1,CE,1100.0,1093.1,5.1,5.1,4.9,5.1,16.604532,36000,2788500
2026-08-21 15:25:00,ATM+1,CE,1100.0,1095.0,5.1,5.1,4.95,5.1,14.895781,78750,2745000
2026-08-21 15:30:00,ATM+1,CE,1100.0,1095.0,5.1,5.35,5.0,5.35,15.461777,262500,2649750
2026-08-21 15:35:00,ATM+1,CE,1100.0,1095.0,5.15,5.9,5.15,5.9,16.695767,103500,2585250
2026-08-24 09:15:00,ATM+1,CE,1100.0,1091.4,4.65,6.5,1.1,5.15,33.615912,445500,2487000
2026-08-24 09:20:00,ATM+1,CE,1100.0,1093.0,5.25,5.45,4.8,4.8,29.801424,183000,2472750
2026-08-24 09:25:00,ATM+1,CE,1100.0,1092.3,5.1,5.15,4.7,4.7,30.484777,172500,2471250
2026-08-24 09:30:00,ATM+1,CE,1100.0,1094.4,4.35,5.2,4.35,5.2,29.339666,154500,2436750
2026-08-24 09:35:00,ATM+1,CE,1100.0,1092.2,4.95,5.2,4.1,4.1,28.188404,83250,2434500
2026-08-24 09:40:00,ATM+1,CE,1100.0,1091.8,4.35,4.35,3.7,4.05,28.597784,122250,2391750
2026-08-24 09:45:00,ATM+1,CE,1100.0,1092.8,4.1,4.2,3.9,4.2,27.807088,93750,2384250
2026-08-24 09:50:00,ATM+1,CE,1100.0,1092.0,4.1,4.25,3.95,4.05,28.389728,39000,2373000
2026-08-24 09:55:00,ATM+1,CE,1100.0,1092.2,4.0,4.2,4.0,4.15,28.566066,39000,2367750
2026-08-24 10:00:00,ATM+1,CE,1100.0,1090.7,4.0,4.15,3.55,3.6,28.361509,80250,2343000
2026-08-24 10:05:00,ATM+1,CE,1100.0,1090.4,3.6,3.65,3.15,3.15,26.785748,47250,2342250
2026-08-24 10:10:00,ATM+1,CE,1100.0,1089.3,2.95,3.15,2.65,2.65,25.935196,109500,2331000
2026-08-24 10:15:00,ATM+1,CE,1100.0,1092.0,2.75,3.55,2.65,3.55,26.422832,111000,2301000
2026-08-24 10:20:00,ATM+1,CE,1100.0,1090.8,3.65,3.65,3.3,3.4,27.490538,36750,2295750
2026-08-24 10:25:00,ATM+1,CE,1100.0,1091.6,3.35,3.45,3.3,3.35,26.185464,65250,2288250
2026-08-24 10:30:00,ATM+1,CE,1100.0,1090.7,3.6,3.6,3.35,3.35,27.484819,111750,2284500
2026-08-24 10:35:00,ATM+1,CE,1100.0,1091.3,3.35,3.5,3.2,3.2,26.010139,65250,2267250
2026-08-24 10:40:00,ATM+1,CE,1100.0,1091.2,3.35,3.5,3.2,3.4,27.09269,64500,2258250
2026-08-24 10:45:00,ATM+1,CE,1100.0,1089.8,3.45,3.55,3.2,3.2,28.155799,60000,2242500
2026-08-24 10:50:00,ATM+1,CE,1100.0,1089.7,3.2,3.2,3.05,3.1,27.86534,42000,2232750
2026-08-24 10:55:00,ATM+1,CE,1100.0,1088.6,3.15,3.45,3.05,3.05,29.141306,126750,2199000
2026-08-24 11:00:00,ATM+1,CE,1100.0,1087.4,3.1,3.1,2.65,2.7,29.020201,113250,2209500
2026-08-24 11:05:00,ATM+1,CE,1100.0,1087.5,2.7,2.85,2.6,2.75,29.187862,82500,2197500
2026-08-24 11:10:00,ATM+1,CE,1100.0,1087.5,2.6,2.75,2.55,2.65,28.727247,128250,2215500
2026-08-24 11:15:00,ATM+1,CE,1100.0,1087.1,2.5,2.65,2.45,2.5,28.507697,154500,2203500
2026-08-24 11:20:00,ATM+1,CE,1100.0,1087.6,2.5,2.55,2.4,2.55,28.177324,79500,2202000
2026-08-24 11:25:00,ATM+1,CE,1100.0,1088.2,2.55,2.65,2.5,2.65,27.958618,74250,2186250
2026-08-24 11:30:00,ATM+1,CE,1090.0,1084.8,2.6,5.25,2.1,5.15,29.811023,167250,806250
2026-08-24 11:35:00,ATM+1,CE,1100.0,1085.1,5.0,5.15,2.05,2.2,29.524931,229500,2087250
2026-08-24 11:40:00,ATM+1,CE,1100.0,1087.2,5.3,5.45,2.05,2.35,27.813096,59250,2062500
2026-08-24 11:45:00,ATM+1,CE,1100.0,1087.2,2.35,2.5,2.2,2.4,28.119852,124500,2051250
2026-08-24 11:50:00,ATM+1,CE,1100.0,1086.8,2.25,2.4,2.25,2.3,28.131406,22500,2047500
2026-08-24 11:55:00,ATM+1,CE,1100.0,1086.0,2.25,2.35,2.15,2.15,28.338747,23250,2055000
2026-08-24 12:00:00,ATM+1,CE,1100.0,1086.4,2.1,2.2,2.1,2.2,28.170061,48750,2061750
2026-08-24 12:05:00,ATM+1,CE,1100.0,1086.3,2.1,2.2,2.0,2.2,28.336869,32250,2061750
2026-08-24 12:10:00,ATM+1,CE,1100.0,1086.1,2.1,2.2,2.05,2.2,28.626855,23250,2055750
2026-08-24 12:15:00,ATM+1,CE,1100.0,1086.7,2.2,2.3,2.2,2.3,28.476398,27000,2043750
2026-08-24 12:20:00,ATM+1,CE,1100.0,1086.2,2.3,2.3,2.15,2.15,28.31581,77250,2019000
2026-08-24 12:25:00,ATM+1,CE,1100.0,1085.6,2.15,2.25,2.1,2.2,29.376324,69000,1993500
2026-08-24 12:30:00,ATM+1,CE,1100.0,1085.4,5.2,5.3,2.0,2.05,28.813369,32250,1987500
2026-08-24 12:35:00,ATM+1,CE,1090.0,1084.6,2.0,5.25,2.0,4.8,29.256482,125250,821250
2026-08-24 12:40:00,ATM+1,CE,1090.0,1084.2,4.8,5.1,4.8,5.1,31.280579,27750,825750
2026-08-24 12:45:00,ATM+1,CE,1100.0,1085.1,5.1,5.1,2.05,2.2,30.177474,27000,2055000
2026-08-24 12:50:00,ATM+1,CE,1090.0,1084.5,5.25,5.45,5.15,5.2,31.30471,23250,824250
2026-08-24 12:55:00,ATM+1,CE,1090.0,1083.4,5.3,5.35,4.85,4.85,31.67436,48750,822000
2026-08-24 13:00:00,ATM+1,CE,1090.0,1083.4,4.8,5.5,1.9,4.6,30.617811,141750,813000
2026-08-24 13:05:00,ATM+1,CE,1090.0,1082.9,4.3,4.6,3.9,4.4,30.587074,44250,807000
2026-08-24 13:10:00,ATM+1,CE,1090.0,1082.3,4.65,4.65,4.05,4.15,30.461321,36750,800250
2026-08-24 13:15:00,ATM+1,CE,1090.0,1082.3,4.2,4.25,4.15,4.25,30.967663,26250,802500
2026-08-24 13:20:00,ATM+1,CE,1090.0,1081.8,4.35,4.35,4.0,4.15,31.347857,7500,801000
2026-08-24 13:25:00,ATM+1,CE,1090.0,1082.4,3.9,4.15,3.9,4.1,30.223594,24000,805500
2026-08-24 13:30:00,ATM+1,CE,1090.0,1083.3,4.4,4.6,4.1,4.6,31.085335,18750,803250
2026-08-24 13:35:00,ATM+1,CE,1090.0,1082.4,4.4,4.6,4.3,4.35,31.470079,74250,818250
2026-08-24 13:40:00,ATM+1,CE,1090.0,1082.7,4.35,4.6,4.35,4.4,31.266135,25500,813750
2026-08-24 13:45:00,ATM+1,CE,1090.0,1083.8,4.3,4.75,4.3,4.75,31.077335,21750,812250
2026-08-24 13:50:00,ATM+1,CE,1090.0,1082.3,5.05,5.05,4.3,4.3,31.558365,48000,810000
2026-08-24 13:55:00,ATM+1,CE,1090.0,1081.1,4.1,4.3,3.8,3.85,31.393908,30750,827250
2026-08-24 14:00:00,ATM+1,CE,1090.0,1080.7,3.75,3.85,3.5,3.7,31.340711,42000,822000
2026-08-24 14:05:00,ATM+1,CE,1090.0,1080.8,3.85,3.9,3.7,3.8,31.721885,15750,825000
2026-08-24 14:10:00,ATM+1,CE,1090.0,1080.3,3.9,3.95,3.6,3.7,32.054027,42750,831000
2026-08-24 14:15:00,ATM+1,CE,1090.0,1080.3,3.7,3.85,3.7,3.7,32.108238,15000,824250
2026-08-24 14:20:00,ATM+1,CE,1090.0,1079.2,3.6,3.7,3.4,3.4,32.31877,16500,829500
2026-08-24 14:25:00,ATM+1,CE,1090.0,1079.8,3.4,3.6,3.4,3.6,32.481101,24000,817500
2026-08-24 14:30:00,ATM+1,CE,1090.0,1081.4,3.5,4.1,3.5,3.8,31.059701,94500,817500
2026-08-24 14:35:00,ATM+1,CE,1090.0,1080.5,3.7,3.8,3.55,3.55,31.286718,19500,819000
2026-08-24 14:40:00,ATM+1,CE,1090.0,1080.4,3.55,3.75,3.55,3.75,32.475326,24000,826500
2026-08-24 14:45:00,ATM+1,CE,1090.0,1079.9,3.7,3.75,3.4,3.5,32.055327,25500,829500
2026-08-24 14:50:00,ATM+1,CE,1090.0,1080.3,3.5,3.75,3.45,3.7,32.495323,31500,842250
2026-08-24 14:55:00,ATM+1,CE,1090.0,1079.6,3.55,3.7,3.3,3.4,32.113797,24000,832500
2026-08-24 15:00:00,ATM+1,CE,1090.0,1078.6,3.3,3.4,3.0,3.0,31.572529,63750,843750
2026-08-24 15:05:00,ATM+1,CE,1090.0,1078.8,2.85,3.0,2.7,2.85,30.547413,58500,843750
2026-08-24 15:10:00,ATM+1,CE,1090.0,1078.9,2.9,2.9,2.65,2.65,29.389273,30000,841500
2026-08-24 15:15:00,ATM+1,CE,1090.0,1078.9,2.7,2.8,2.65,2.7,29.709986,18000,837000
2026-08-24 15:20:00,ATM+1,CE,1090.0,1078.9,2.7,2.8,2.5,2.6,29.222535,24750,822750
2026-08-24 15:25:00,ATM+1,CE,1090.0,1077.0,2.5,2.6,2.3,2.3,30.217288,15750,825750
2026-08-24 15:30:00,ATM+1,CE,1090.0,1077.0,2.2,2.3,2.2,2.2,29.688058,14250,826500
2026-08-24 15:35:00,ATM+1,CE,1090.0,1077.0,2.05,2.2,1.8,1.9,27.947593,84000,831000
2026-08-25 09:15:00,ATM+1,CE,1090.0,1075.7,2.25,2.85,0.7,0.75,42.173325,58500,832500
2026-08-25 09:20:00,ATM+1,CE,1090.0,1075.5,0.85,0.9,0.7,0.7,42.013194,33000,837000
2026-08-25 09:25:00,ATM+1,CE,1090.0,1075.7,0.8,0.8,0.7,0.8,43.586024,21000,834750
2026-08-25 09:30:00,ATM+1,CE,1090.0,1075.7,0.8,0.8,0.7,0.75,43.037725,30750,830250
2026-08-25 09:35:00,ATM+1,CE,1080.0,1073.4,2.4,2.4,1.7,1.75,37.696011,73500,567750
2026-08-25 09:40:00,ATM+1,CE,1080.0,1072.8,1.7,1.75,1.6,1.65,38.601981,24000,584250
2026-08-25 09:45:00,ATM+1,CE,1080.0,1074.7,1.65,2.8,0.95,2.5,41.966972,141000,576750
2026-08-25 09:50:00,ATM+1,CE,1080.0,1073.2,2.4,2.5,2.0,2.05,42.371989,18000,580500
2026-08-25 09:55:00,ATM+1,CE,1080.0,1075.0,2.1,2.65,1.0,2.65,43.085049,47250,564000
2026-08-25 10:00:00,ATM+1,CE,1090.0,1076.3,1.15,2.65,1.0,1.2,50.812174,15000,858000
2026-08-25 10:05:00,ATM+1,CE,1090.0,1075.4,1.15,1.4,1.1,1.2,53.403943,10500,854250
2026-08-25 10:10:00,ATM+1,CE,1090.0,1075.8,1.05,2.7,1.0,1.0,49.684794,9750,852750
2026-08-25 10:15:00,ATM+1,CE,1090.0,1075.5,1.0,1.15,1.0,1.15,53.209501,8250,849750
2026-08-25 10:20:00,ATM+1,CE,1080.0,1074.1,1.05,2.75,1.05,2.35,44.711008,12750,531000
2026-08-25 10:25:00,ATM+1,CE,1080.0,1074.1,2.35,2.6,2.2,2.6,47.763107,21000,529500
2026-08-25 10:30:00,ATM+1,CE,1080.0,1073.7,2.15,2.6,2.15,2.3,46.248782,21750,524250
2026-08-25 10:35:00,ATM+1,CE,1080.0,1074.3,2.55,2.7,2.3,2.7,48.936718,21000,514500
2026-08-25 10:40:00,ATM+1,CE,1080.0,1074.4,2.6,3.15,2.3,3.15,53.828574,28500,493500
2026-08-25 10:45:00,ATM+1,CE,1080.0,1074.0,3.15,3.5,3.15,3.4,58.467775,12750,486000
2026-08-25 10:50:00,ATM+1,CE,1080.0,1074.9,3.35,3.6,3.35,3.6,57.688146,10500,483000
2026-08-25 10:55:00,ATM+1,CE,1080.0,1074.5,3.6,3.65,3.45,3.45,58.144717,9750,476250
2026-08-25 11:00:00,ATM+1,CE,1090.0,1075.9,1.35,1.55,1.15,1.55,62.733728,12750,831750
2026-08-25 11:05:00,ATM+1,CE,1090.0,1076.1,1.6,1.65,1.55,1.65,64.260741,19500,822000
2026-08-25 11:10:00,ATM+1,CE,1090.0,1077.2,1.65,1.7,1.55,1.55,60.152342,8250,825000
2026-08-25 11:15:00,ATM+1,CE,1090.0,1076.1,1.65,1.7,1.55,1.6,64.722396,9750,824250
2026-08-25 11:20:00,ATM+1,CE,1090.0,1076.6,1.45,1.6,1.45,1.6,63.877817,9000,822750
2026-08-25 11:25:00,ATM+1,CE,1090.0,1076.4,1.55,1.6,1.5,1.5,63.536416,8250,816000
2026-08-25 11:30:00,ATM+1,CE,1090.0,1076.4,1.5,1.5,1.5,1.5,64.184104,0,815250
2026-08-25 11:35:00,ATM+1,CE,1090.0,1077.6,1.5,1.6,1.5,1.6,62.773904,8250,813000
2026-08-25 11:40:00,ATM+1,CE,1090.0,1077.5,1.6,1.9,1.6,1.9,68.359011,24750,808500
2026-08-25 11:45:00,ATM+1,CE,1090.0,1077.6,1.9,1.9,1.75,1.75,66.480091,6750,805500
2026-08-25 11:50:00,ATM+1,CE,1090.0,1079.2,1.75,1.85,1.75,1.85,63.440764,3750,803250
2026-08-25 11:55:00,ATM+1,CE,1090.0,1080.5,2.15,2.9,1.85,2.65,70.865845,18000,804750
2026-08-25 12:00:00,ATM+1,CE,1090.0,1079.9,2.55,2.65,2.4,2.4,70.451691,8250,801000
2026-08-25 12:05:00,ATM+1,CE,1090.0,1079.8,2.4,2.4,1.0,1.0,49.684626,20250,798000
2026-08-25 12:10:00,ATM+1,CE,1090.0,1080.5,1.0,1.8,1.0,1.05,48.936649,12000,800250
2026-08-25 12:15:00,ATM+1,CE,1090.0,1080.2,1.05,1.35,0.6,0.6,41.722704,19500,796500
2026-08-25 12:20:00,ATM+1,CE,1090.0,1079.5,0.9,0.9,0.3,0.3,36.573235,21000,793500
2026-08-25 12:25:00,ATM+1,CE,1090.0,1079.6,0.55,0.55,0.3,0.4,39.670265,22500,788250
2026-08-25 12:30:00,ATM+1,CE,1090.0,1079.6,0.35,0.45,0.35,0.45,41.543484,12750,781500
2026-08-25 12:35:00,ATM+1,CE,1090.0,1078.5,0.45,0.45,0.3,0.3,40.799403,12000,770250
2026-08-25 12:40:00,ATM+1,CE,1090.0,1078.1,0.3,0.45,0.3,0.45,47.13728,7500,768750
2026-08-25 12:45:00,ATM+1,CE,1090.0,1078.3,0.45,0.45,0.3,0.3,42.544271,13500,768000
2026-08-25 12:50:00,ATM+1,CE,1090.0,1078.4,0.3,0.45,0.3,0.45,47.648411,750,760500
2026-08-25 12:55:00,ATM+1,CE,1090.0,1078.4,0.45,0.5,0.45,0.5,49.828928,3000,760500
2026-08-25 13:00:00,ATM+1,CE,1090.0,1077.7,0.5,0.5,0.05,0.05,32.747012,51000,726750
2026-08-25 13:05:00,ATM+1,CE,1090.0,1076.5,0.05,0.05,0.05,0.05,36.044111,6750,720000
2026-08-25 13:10:00,ATM+1,CE,1090.0,1077.2,0.05,0.05,0.05,0.05,35.032533,9750,714000
2026-08-25 13:15:00,ATM+1,CE,1090.0,1076.4,0.05,0.05,0.05,0.05,37.550358,0,714000
2026-08-25 13:20:00,ATM+1,CE,1090.0,1076.5,0.05,0.05,0.05,0.05,38.001277,1500,714000
2026-08-25 13:25:00,ATM+1,CE,1090.0,1076.6,0.05,0.05,0.05,0.05,38.482316,8250,712500
2026-08-25 13:30:00,ATM+1,CE,1090.0,1077.0,0.05,0.6,0.05,0.6,64.504674,2250,707250
2026-08-25 13:35:00,ATM+1,CE,1090.0,1078.8,0.6,0.6,0.45,0.45,54.488125,750,705000
2026-08-25 13:40:00,ATM+1,CE,1090.0,1078.4,0.45,0.45,0.45,0.45,57.111466,0,705000
2026-08-25 13:45:00,ATM+1,CE,1090.0,1078.7,0.45,0.45,0.45,0.45,57.289273,0,705000
2026-08-25 13:50:00,ATM+1,CE,1090.0,1079.5,0.45,0.45,0.15,0.35,51.920203,2250,704250
2026-08-25 13:55:00,ATM+1,CE,1090.0,1078.4,0.35,1.6,0.15,1.6,93.523391,10500,697500
2026-08-25 14:00:00,ATM+1,CE,1090.0,1078.6,1.6,1.6,0.25,0.25,53.467769,750,695250
2026-08-25 14:05:00,ATM+1,CE,1090.0,1078.7,1.0,1.0,0.25,1.0,81.239946,2250,693750
2026-08-25 14:10:00,ATM+1,CE,1090.0,1079.7,1.0,1.5,0.15,0.15,46.624761,7500,689250
2026-08-25 14:15:00,ATM+1,CE,1090.0,1079.2,0.15,0.3,0.15,0.25,55.897492,2250,687000
2026-08-25 14:20:00,ATM+1,CE,1090.0,1079.0,0.25,1.75,0.25,1.75,108.621494,14250,679500
2026-08-25 14:25:00,ATM+1,CE,1090.0,1078.4,1.75,1.75,1.75,1.75,115.998906,0,679500
2026-08-25 14:30:00,ATM+1,CE,1090.0,1081.0,1.75,1.95,1.75,1.95,109.402599,750,678750
2026-08-25 14:35:00,ATM+1,CE,1090.0,1080.5,1.95,1.95,0.9,1.0,88.998367,4500,676500
2026-08-25 14:40:00,ATM+1,CE,1090.0,1082.0,1.0,4.0,1.0,4.0,164.954055,6750,675000
2026-08-25 14:45:00,ATM+1,CE,1090.0,1082.4,4.0,4.0,4.0,4.0,169.516675,0,670500
2026-08-25 14:50:00,ATM+1,CE,1090.0,1082.6,4.0,4.0,0.7,1.15,93.263063,3000,670500
2026-08-25 14:55:00,ATM+1,CE,1090.0,1082.5,1.15,2.95,1.15,2.95,157.71047,16500,669750
2026-08-25 15:00:00,ATM+1,CE,1090.0,1084.0,2.95,2.95,2.95,2.95,153.399031,0,662250
2026-08-25 15:05:00,ATM+1,CE,1090.0,1084.6,2.95,3.9,2.95,3.9,190.07682,5250,663000
2026-08-25 15:10:00,ATM+1,CE,1090.0,1082.0,4.5,4.55,2.0,4.5,263.024867,35250,663750
2026-08-25 15:15:00,ATM+1,CE,1090.0,1082.0,4.5,4.5,1.0,1.0,138.56667,2250,642750
2026-08-25 15:20:00,ATM+1,CE,1090.0,1082.0,0.5,1.0,0.5,0.6,133.041474,3000,642750
2026-08-25 15:25:00,ATM+1,CE,1100.0,1087.4,0.6,0.6,0.05,0.05,0.0,0,1265250
2026-08-25 15:30:00,ATM+1,CE,1100.0,1087.4,0.05,0.05,0.05,0.05,0.0,750,1267500
2026-08-25 15:35:00,ATM+1,CE,1100.0,1087.4,0.05,0.05,0.05,0.05,0.0,0,1267500
2026-08-20 09:15:00,ATM+1,PE,1110.0,1097.9,18.95,18.95,15.95,17.5,21.750425,189750,522750
2026-08-20 09:20:00,ATM+1,PE,1100.0,1093.7,11.45,19.45,11.3,13.15,20.242926,104250,2181750
2026-08-20 09:25:00,ATM+1,PE,1110.0,1095.5,13.15,19.7,13.15,18.35,20.247789,35250,523500
2026-08-20 09:30:00,ATM+1,PE,1100.0,1094.1,18.4,18.4,12.05,13.2,20.784938,27000,2187750
2026-08-20 09:35:00,ATM+1,PE,1100.0,1093.3,12.85,13.75,12.75,13.75,20.982983,24750,2187000
2026-08-20 09:40:00,ATM+1,PE,1100.0,1094.8,13.75,13.75,12.6,12.6,20.386554,47250,2193750
2026-08-20 09:45:00,ATM+1,PE,1100.0,1092.4,12.5,13.8,12.5,13.8,20.079069,32250,2202750
2026-08-20 09:50:00,ATM+1,PE,1100.0,1093.6,13.8,14.0,13.0,13.0,19.875018,28500,2202000
2026-08-20 09:55:00,ATM+1,PE,1110.0,1096.2,13.1,18.8,12.5,18.1,20.748104,59250,528000
2026-08-20 10:00:00,ATM+1,PE,1110.0,1096.8,18.2,18.2,17.5,17.5,20.333448,15750,535500
2026-08-20 10:05:00,ATM+1,PE,1110.0,1095.3,17.6,18.5,17.5,18.5,20.318106,18000,531750
2026-08-20 10:10:00,ATM+1,PE,1110.0,1097.8,17.1,18.5,16.85,16.85,20.356435,7500,529500
2026-08-20 10:15:00,ATM+1,PE,1100.0,1094.5,16.35,17.45,11.7,12.05,19.04287,28500,2205000
2026-08-20 10:20:00,ATM+1,PE,1100.0,1093.9,12.05,13.0,12.05,12.6,19.460774,45750,2198250
2026-08-20 10:25:00,ATM+1,PE,1100.0,1094.4,12.25,12.7,12.25,12.5,19.816588,47250,2208000
2026-08-20 10:30:00,ATM+1,PE,1110.0,1095.4,12.65,19.3,12.05,18.35,20.168835,30000,518250
2026-08-20 10:35:00,ATM+1,PE,1100.0,1094.8,18.15,18.35,11.95,12.05,19.386005,11250,2194500
2026-08-20 10:40:00,ATM+1,PE,1110.0,1097.7,12.25,18.6,12.05,16.4,19.322555,21750,516000
2026-08-20 10:45:00,ATM+1,PE,1110.0,1098.9,16.55,16.55,15.3,15.65,19.389301,20250,509250
2026-08-20 10:50:00,ATM+1,PE,1110.0,1098.2,16.05,16.35,15.65,16.0,19.183191,11250,508500
2026-08-20 10:55:00,ATM+1,PE,1110.0,1100.3,15.65,16.0,14.2,14.35,18.562922,42750,503250
2026-08-20 11:00:00,ATM+1,PE,1110.0,1099.6,15.15,15.15,14.35,15.1,19.192462,23250,488250
2026-08-20 11:05:00,ATM+1,PE,1110.0,1098.6,15.1,17.1,15.1,17.1,21.96677,9000,487500
2026-08-20 11:10:00,ATM+1,PE,1110.0,1098.7,17.1,17.25,16.8,16.8,21.493588,3750,484500
2026-08-20 11:15:00,ATM+1,PE,1110.0,1096.6,17.25,18.1,16.8,18.1,21.391264,9000,487500
2026-08-20 11:20:00,ATM+1,PE,1110.0,1095.6,18.1,18.95,12.3,18.95,21.788493,23250,484500
2026-08-20 11:25:00,ATM+1,PE,1110.0,1095.5,19.0,19.1,12.85,18.9,21.546572,19500,475500
2026-08-20 11:30:00,ATM+1,PE,1110.0,1096.2,18.9,19.05,18.2,18.3,21.272924,10500,474750
2026-08-20 11:35:00,ATM+1,PE,1110.0,1096.0,18.3,18.6,18.25,18.6,21.630084,10500,468000
2026-08-20 11:40:00,ATM+1,PE,1110.0,1096.0,18.55,19.1,18.55,18.8,22.056105,6000,467250
2026-08-20 11:45:00,ATM+1,PE,1110.0,1095.7,18.8,18.8,18.6,18.6,21.217553,15750,462000
2026-08-20 11:50:00,ATM+1,PE,1110.0,1097.1,18.6,18.6,18.1,18.1,22.10943,1500,462750
2026-08-20 11:55:00,ATM+1,PE,1110.0,1097.0,18.1,18.2,17.25,17.5,20.733324,10500,459750
2026-08-20 12:00:00,ATM+1,PE,1110.0,1096.9,17.8,17.85,17.5,17.65,20.914815,8250,457500
2026-08-20 12:05:00,ATM+1,PE,1110.0,1097.0,17.35,17.65,16.85,17.65,21.057766,15000,450000
2026-08-20 12:10:00,ATM+1,PE,1110.0,1097.5,17.65,17.65,17.2,17.2,20.807253,4500,447000
2026-08-20 12:15:00,ATM+1,PE,1110.0,1098.7,17.55,17.55,16.4,16.4,20.755402,6750,447000
2026-08-20 12:20:00,ATM+1,PE,1110.0,1098.0,16.45,17.3,16.35,16.9,20.867948,7500,448500
2026-08-20 12:25:00,ATM+1,PE,1110.0,1098.2,16.9,17.0,16.45,16.7,20.726704,6000,450750
2026-08-20 12:30:00,ATM+1,PE,1110.0,1097.9,16.8,17.0,16.7,16.95,20.849276,6750,452250
2026-08-20 12:35:00,ATM+1,PE,1110.0,1099.1,17.0,17.0,16.2,16.25,20.987375,15750,448500
2026-08-20 12:40:00,ATM+1,PE,1110.0,1097.8,15.65,16.6,15.55,16.6,19.9992,41250,442500
2026-08-20 12:45:00,ATM+1,PE,1110.0,1099.0,17.0,17.0,15.85,15.9,20.156468,18750,439500
2026-08-20 12:50:00,ATM+1,PE,1110.0,1099.0,15.9,16.25,15.55,15.75,19.854698,35250,438000
2026-08-20 12:55:00,ATM+1,PE,1110.0,1097.0,15.95,17.7,15.75,17.7,21.219145,12750,438000
2026-08-20 13:00:00,ATM+1,PE,1110.0,1096.3,17.5,17.8,17.5,17.8,20.455222,8250,437250
2026-08-20 13:05:00,ATM+1,PE,1110.0,1096.4,17.8,17.8,17.75,17.75,20.496965,2250,435000
2026-08-20 13:10:00,ATM+1,PE,1110.0,1096.4,17.75,18.5,17.75,18.0,21.033424,12000,432750
2026-08-20 13:15:00,ATM+1,PE,1110.0,1096.0,17.8,18.3,17.8,18.25,21.002316,15000,431250
2026-08-20 13:20:00,ATM+1,PE,1110.0,1096.6,18.2,18.25,18.0,18.0,21.325086,3000,430500
2026-08-20 13:25:00,ATM+1,PE,1110.0,1095.9,18.0,18.25,17.9,18.25,20.869724,12000,428250
2026-08-20 13:30:00,ATM+1,PE,1110.0,1096.9,18.25,18.25,17.85,17.85,21.436572,8250,427500
2026-08-20 13:35:00,ATM+1,PE,1110.0,1095.1,17.9,18.35,17.6,18.35,19.910904,5250,427500
2026-08-20 13:40:00,ATM+1,PE,1100.0,1095.0,18.7,18.7,12.35,12.6,20.877701,24750,1812750
2026-08-20 13:45:00,ATM+1,PE,1100.0,1094.7,12.45,12.65,12.25,12.65,20.659483,26250,1814250
2026-08-20 13:50:00,ATM+1,PE,1100.0,1094.8,12.45,12.65,12.45,12.65,20.773172,50250,1812750
2026-08-20 13:55:00,ATM+1,PE,1110.0,1095.9,12.6,19.15,12.45,19.15,22.81907,12000,419250
2026-08-20 14:00:00,ATM+1,PE,1110.0,1096.3,19.15,19.15,18.0,18.0,20.948233,6000,417000
2026-08-20 14:05:00,ATM+1,PE,1110.0,1096.0,18.0,18.0,17.5,17.95,20.413958,4500,416250
2026-08-20 14:10:00,ATM+1,PE,1110.0,1096.0,18.0,18.0,17.9,17.95,20.419403,6750,418500
2026-08-20 14:15:00,ATM+1,PE,1100.0,1095.0,17.95,17.95,12.15,12.6,20.919861,5250,1829250
2026-08-20 14:20:00,ATM+1,PE,1110.0,1096.0,12.65,18.8,12.6,17.9,20.322276,14250,418500
2026-08-20 14:25:00,ATM+1,PE,1110.0,1096.2,17.9,18.45,12.0,18.45,21.793591,7500,418500
2026-08-20 14:30:00,ATM+1,PE,1110.0,1098.6,18.45,18.45,16.3,16.3,20.571291,8250,413250
2026-08-20 14:35:00,ATM+1,PE,1110.0,1099.0,15.95,16.3,15.8,16.0,20.483814,34500,398250
2026-08-20 14:40:00,ATM+1,PE,1110.0,1099.1,15.75,16.0,15.6,15.6,19.795556,12750,389250
2026-08-20 14:45:00,ATM+1,PE,1110.0,1099.8,15.45,15.6,15.25,15.25,19.99134,6750,386250
2026-08-20 14:50:00,ATM+1,PE,1110.0,1098.9,15.25,15.55,15.25,15.55,19.436921,17250,384750
2026-08-20 14:55:00,ATM+1,PE,1110.0,1098.8,15.95,15.95,15.5,15.5,19.203515,14250,381750
2026-08-20 15:00:00,ATM+1,PE,1110.0,1097.6,15.9,16.6,15.5,16.6,19.873058,21750,379500
2026-08-20 15:05:00,ATM+1,PE,1110.0,1096.5,16.6,16.95,16.6,16.75,18.606857,6750,378750
2026-08-20 15:10:00,ATM+1,PE,1110.0,1097.0,16.75,16.95,16.55,16.55,18.918636,10500,378750
2026-08-20 15:15:00,ATM+1,PE,1110.0,1097.0,16.55,16.65,16.55,16.65,19.139885,7500,378000
2026-08-20 15:20:00,ATM+1,PE,1110.0,1097.0,16.65,16.65,16.65,16.65,19.144962,0,378000
2026-08-20 15:25:00,ATM+1,PE,1100.0,1095.0,16.65,17.65,10.85,10.85,17.555608,8250,1784250
2026-08-20 15:30:00,ATM+1,PE,1100.0,1095.0,10.85,11.35,10.85,11.1,18.054302,12750,1778250
2026-08-20 15:35:00,ATM+1,PE,1100.0,1095.0,11.1,11.15,11.1,11.15,18.158159,12000,1772250
2026-08-21 09:15:00,ATM+1,PE,1110.0,1097.4,14.6,18.55,11.5,16.45,20.55441,78750,384000
2026-08-21 09:20:00,ATM+1,PE,1100.0,1094.3,17.15,17.15,11.05,12.65,21.775687,102000,1739250
2026-08-21 09:25:00,ATM+1,PE,1110.0,1096.8,13.35,19.9,12.65,17.7,22.544394,46500,381750
2026-08-21 09:30:00,ATM+1,PE,1110.0,1095.3,17.75,18.85,17.7,17.85,20.458915,12750,381750
2026-08-21 09:35:00,ATM+1,PE,1110.0,1097.0,18.4,18.4,17.5,17.9,23.328785,9750,381000
2026-08-21 09:40:00,ATM+1,PE,1110.0,1099.5,17.9,17.9,16.2,16.25,23.236704,11250,380250
2026-08-21 09:45:00,ATM+1,PE,1110.0,1098.3,16.0,17.25,16.0,17.25,23.78524,7500,379500
2026-08-21 09:50:00,ATM+1,PE,1110.0,1099.0,17.2,17.25,16.35,16.35,22.771295,9000,381750
2026-08-21 09:55:00,ATM+1,PE,1110.0,1099.2,16.35,16.35,16.35,16.35,23.063169,0,381000
2026-08-21 10:00:00,ATM+1,PE,1110.0,1100.0,15.35,16.35,15.1,15.15,21.51435,18750,384000
2026-08-21 10:05:00,ATM+1,PE,1110.0,1098.2,15.5,16.5,15.15,16.5,21.966648,4500,385500
2026-08-21 10:10:00,ATM+1,PE,1110.0,1096.5,16.5,17.3,16.2,17.3,21.19481,9750,387000
2026-08-21 10:15:00,ATM+1,PE,1110.0,1097.0,17.3,17.3,16.85,17.05,21.412227,6000,390000
2026-08-21 10:20:00,ATM+1,PE,1110.0,1096.1,17.05,17.8,17.05,17.8,21.749004,9000,387750
2026-08-21 10:25:00,ATM+1,PE,1110.0,1097.0,17.95,18.15,17.7,17.85,23.292701,3750,387750
2026-08-21 10:30:00,ATM+1,PE,1110.0,1096.1,17.6,17.95,17.5,17.95,22.120727,8250,387000
2026-08-21 10:35:00,ATM+1,PE,1110.0,1096.3,17.9,18.2,17.65,17.65,21.738473,15750,390000
2026-08-21 10:40:00,ATM+1,PE,1100.0,1094.0,17.65,18.25,12.2,12.9,22.072122,24000,1784250
2026-08-21 10:45:00,ATM+1,PE,1100.0,1093.7,13.05,14.0,12.8,13.2,22.360073,39000,1779000
2026-08-21 10:50:00,ATM+1,PE,1100.0,1094.1,13.25,13.25,12.4,12.95,22.318832,24000,1784250
2026-08-21 10:55:00,ATM+1,PE,1100.0,1093.3,12.95,13.8,12.95,13.3,22.093164,22500,1795500
2026-08-21 11:00:00,ATM+1,PE,1100.0,1093.4,13.55,13.65,13.25,13.25,22.11789,8250,1799250
2026-08-21 11:05:00,ATM+1,PE,1100.0,1092.3,13.25,13.9,13.25,13.9,22.139856,19500,1797000
2026-08-21 11:10:00,ATM+1,PE,1100.0,1094.1,13.7,13.9,13.0,13.0,22.459081,9000,1799250
2026-08-21 11:15:00,ATM+1,PE,1100.0,1093.8,12.8,13.0,12.5,12.5,21.007935,10500,1803000
2026-08-21 11:20:00,ATM+1,PE,1110.0,1095.5,12.35,19.25,12.35,17.95,21.195858,8250,388500
2026-08-21 11:25:00,ATM+1,PE,1110.0,1096.1,18.1,18.1,17.25,17.9,22.083075,32250,386250
2026-08-21 11:30:00,ATM+1,PE,1110.0,1097.0,17.8,17.9,17.6,17.6,22.813738,6000,381750
2026-08-21 11:35:00,ATM+1,PE,1110.0,1096.6,17.5,17.6,17.15,17.5,21.953957,6000,381000
2026-08-21 11:40:00,ATM+1,PE,1110.0,1098.5,17.5,17.5,16.45,16.45,22.442536,2250,381000
2026-08-21 11:45:00,ATM+1,PE,1110.0,1098.7,16.45,16.45,16.15,16.15,22.058743,5250,381000
2026-08-21 11:50:00,ATM+1,PE,1110.0,1099.0,16.15,16.2,16.05,16.2,22.620462,3000,379500
2026-08-21 11:55:00,ATM+1,PE,1110.0,1097.4,16.2,16.7,16.2,16.7,21.364364,7500,380250
2026-08-21 12:00:00,ATM+1,PE,1110.0,1095.1,17.05,18.0,16.7,18.0,20.679148,10500,380250
2026-08-21 12:05:00,ATM+1,PE,1110.0,1095.1,18.0,18.75,18.0,18.75,22.53606,4500,381750
2026-08-21 12:10:00,ATM+1,PE,1100.0,1093.8,11.9,12.1,11.65,11.85,19.664096,50250,1830750
2026-08-21 12:15:00,ATM+1,PE,1110.0,1095.4,11.9,18.85,11.8,18.25,21.838219,27000,384000
2026-08-21 12:20:00,ATM+1,PE,1110.0,1095.6,17.9,18.25,17.6,17.6,20.589348,6750,387000
2026-08-21 12:25:00,ATM+1,PE,1110.0,1095.2,17.6,17.6,11.2,17.6,19.885571,1500,387000
2026-08-21 12:30:00,ATM+1,PE,1110.0,1095.1,17.6,17.6,16.85,16.85,17.762915,3750,387000
2026-08-21 12:35:00,ATM+1,PE,1110.0,1095.6,16.85,16.85,16.85,16.85,18.720889,0,387000
2026-08-21 12:40:00,ATM+1,PE,1100.0,1094.9,16.85,18.2,11.1,11.45,20.20542,10500,1841250
2026-08-21 12:45:00,ATM+1,PE,1110.0,1095.5,17.75,18.05,10.9,17.85,21.069076,10500,384750
2026-08-21 12:50:00,ATM+1,PE,1110.0,1095.1,17.5,17.85,17.4,17.4,19.222485,1500,384750
2026-08-21 12:55:00,ATM+1,PE,1100.0,1094.7,17.4,18.2,11.35,11.75,20.636814,19500,1835250
2026-08-21 13:00:00,ATM+1,PE,1100.0,1094.1,11.85,12.1,11.75,12.1,20.664731,6750,1833750
2026-08-21 13:05:00,ATM+1,PE,1100.0,1094.4,12.0,12.2,11.75,11.75,20.27983,12000,1834500
2026-08-21 13:10:00,ATM+1,PE,1100.0,1092.7,11.6,12.95,11.6,12.95,20.751525,18000,1833000
2026-08-21 13:15:00,ATM+1,PE,1100.0,1094.5,13.05,13.05,11.8,11.8,20.528626,21750,1827750
2026-08-21 13:20:00,ATM+1,PE,1100.0,1092.9,11.75,12.85,11.75,12.85,20.807918,13500,1827000
2026-08-21 13:25:00,ATM+1,PE,1100.0,1093.3,12.85,12.95,12.55,12.55,20.672131,30750,1828500
2026-08-21 13:30:00,ATM+1,PE,1100.0,1093.1,12.5,13.05,12.5,12.5,20.306977,31500,1824000
2026-08-21 13:35:00,ATM+1,PE,1100.0,1093.5,12.8,12.8,12.45,12.6,21.056396,11250,1819500
2026-08-21 13:40:00,ATM+1,PE,1100.0,1093.9,12.55,12.6,12.35,12.4,21.132752,17250,1818000
2026-08-21 13:45:00,ATM+1,PE,1100.0,1093.7,11.95,12.45,11.95,12.3,20.664392,11250,1813500
2026-08-21 13:50:00,ATM+1,PE,1100.0,1093.9,11.8,12.3,11.65,12.0,20.264179,30000,1809750
2026-08-21 13:55:00,ATM+1,PE,1100.0,1094.1,11.7,12.0,11.6,11.85,20.194782,15000,1806750
2026-08-21 14:00:00,ATM+1,PE,1100.0,1093.6,11.8,12.2,11.8,12.0,19.891883,22500,1809000
2026-08-21 14:05:00,ATM+1,PE,1100.0,1092.6,12.2,12.8,12.0,12.65,20.026302,54000,1797000
2026-08-21 14:10:00,ATM+1,PE,1100.0,1092.5,12.6,12.7,12.5,12.5,19.559881,9750,1791750
2026-08-21 14:15:00,ATM+1,PE,1100.0,1093.2,12.4,12.5,11.7,11.75,18.826907,20250,1787250
2026-08-21 14:20:00,ATM+1,PE,1100.0,1093.6,11.75,12.0,11.4,11.65,19.140492,20250,1784250
2026-08-21 14:25:00,ATM+1,PE,1100.0,1093.9,11.7,11.75,11.6,11.75,19.760428,40500,1763250
2026-08-21 14:30:00,ATM+1,PE,1100.0,1093.5,11.7,11.9,11.6,11.9,19.580875,12000,1768500
2026-08-21 14:35:00,ATM+1,PE,1100.0,1093.3,11.95,12.0,11.7,11.95,19.435579,11250,1769250
2026-08-21 14:40:00,ATM+1,PE,1100.0,1093.7,11.95,12.1,11.8,11.85,19.745052,37500,1756500
2026-08-21 14:45:00,ATM+1,PE,1100.0,1093.5,11.85,11.85,11.55,11.7,19.154574,15000,1752000
2026-08-21 14:50:00,ATM+1,PE,1100.0,1093.9,11.95,12.4,11.7,11.85,20.018643,26250,1743750
2026-08-21 14:55:00,ATM+1,PE,1100.0,1092.9,11.7,12.2,11.7,12.2,19.489374,35250,1743750
2026-08-21 15:00:00,ATM+1,PE,1100.0,1093.8,12.25,12.45,12.0,12.0,20.238057,16500,1729500
2026-08-21 15:05:00,ATM+1,PE,1100.0,1093.0,11.85,12.1,11.7,11.8,18.735924,31500,1722750
2026-08-21 15:10:00,ATM+1,PE,1100.0,1093.1,11.8,11.95,11.55,11.6,18.426609,24750,1708500
2026-08-21 15:15:00,ATM+1,PE,1100.0,1093.1,11.55,12.2,11.55,11.65,18.546178,12000,1707000
2026-08-21 15:20:00,ATM+1,PE,1100.0,1093.1,11.55,11.85,11.55,11.75,18.7788,27750,1680750
2026-08-21 15:25:00,ATM+1,PE,1100.0,1095.0,11.95,12.25,11.55,11.55,20.793643,37500,1667250
2026-08-21 15:30:00,ATM+1,PE,1100.0,1095.0,11.3,11.55,11.15,11.3,20.24871,30000,1638750
2026-08-21 15:35:00,ATM+1,PE,1100.0,1095.0,11.1,11.3,9.6,10.15,17.707161,23250,1640250
2026-08-24 09:15:00,ATM+1,PE,1100.0,1091.4,14.55,14.55,11.5,12.15,28.454844,107250,1610250
2026-08-24 09:20:00,ATM+1,PE,1100.0,1093.0,12.85,12.85,11.5,11.75,31.159707,48750,1599000
2026-08-24 09:25:00,ATM+1,PE,1100.0,1092.3,11.3,11.75,11.05,11.15,26.808796,17250,1590750
2026-08-24 09:30:00,ATM+1,PE,1100.0,1094.4,12.0,12.0,10.4,10.4,29.249278,23250,1584750
2026-08-24 09:35:00,ATM+1,PE,1100.0,1092.2,10.45,11.8,10.4,11.8,29.360874,20250,1581750
2026-08-24 09:40:00,ATM+1,PE,1100.0,1091.8,11.35,12.05,11.15,11.15,25.455744,48000,1566750
2026-08-24 09:45:00,ATM+1,PE,1100.0,1092.8,11.7,11.8,11.15,11.3,28.961702,23250,1557000
2026-08-24 09:50:00,ATM+1,PE,1100.0,1092.0,11.5,11.5,10.95,11.25,26.549486,36750,1550250
2026-08-24 09:55:00,ATM+1,PE,1100.0,1092.2,11.4,11.4,10.65,10.8,25.208229,22500,1545750
2026-08-24 10:00:00,ATM+1,PE,1100.0,1090.7,11.05,11.7,10.65,11.7,24.603912,45000,1542000
2026-08-24 10:05:00,ATM+1,PE,1100.0,1090.4,11.7,11.8,11.25,11.8,24.093343,19500,1537500
2026-08-24 10:10:00,ATM+1,PE,1100.0,1089.3,12.35,13.1,11.8,13.1,26.507196,46500,1527750
2026-08-24 10:15:00,ATM+1,PE,1100.0,1092.0,13.1,13.1,10.85,10.85,24.959301,24000,1518000
2026-08-24 10:20:00,ATM+1,PE,1100.0,1090.8,10.85,11.4,10.85,11.4,23.659506,12000,1506750
2026-08-24 10:25:00,ATM+1,PE,1100.0,1091.6,11.45,11.5,11.1,11.5,26.702551,37500,1492500
2026-08-24 10:30:00,ATM+1,PE,1100.0,1090.7,11.2,11.75,11.05,11.75,25.026878,31500,1479750
2026-08-24 10:35:00,ATM+1,PE,1100.0,1091.3,11.55,11.75,11.3,11.5,25.847505,23250,1460250
2026-08-24 10:40:00,ATM+1,PE,1100.0,1091.2,11.45,11.85,11.3,11.85,27.151415,46500,1452000
2026-08-24 10:45:00,ATM+1,PE,1100.0,1089.8,11.85,12.75,11.6,12.75,26.803427,9750,1447500
2026-08-24 10:50:00,ATM+1,PE,1100.0,1089.7,12.6,12.75,12.4,12.65,26.016138,10500,1445250
2026-08-24 10:55:00,ATM+1,PE,1100.0,1088.6,12.7,13.15,11.6,13.15,24.459017,51750,1436250
2026-08-24 11:00:00,ATM+1,PE,1100.0,1087.4,13.4,14.85,13.1,14.55,27.014992,67500,1425000
2026-08-24 11:05:00,ATM+1,PE,1100.0,1087.5,14.55,14.85,14.2,14.55,27.445846,27750,1417500
2026-08-24 11:10:00,ATM+1,PE,1100.0,1087.5,14.65,14.65,14.45,14.65,27.997152,42750,1408500
2026-08-24 11:15:00,ATM+1,PE,1100.0,1087.1,14.95,15.05,14.65,14.65,26.425491,36000,1404000
2026-08-24 11:20:00,ATM+1,PE,1100.0,1087.6,14.5,14.65,14.2,14.3,26.646024,29250,1398000
2026-08-24 11:25:00,ATM+1,PE,1100.0,1088.2,14.35,14.8,13.85,13.85,26.708066,33750,1392000
2026-08-24 11:30:00,ATM+1,PE,1090.0,1084.8,13.85,15.9,9.05,9.55,27.906318,55500,962250
2026-08-24 11:35:00,ATM+1,PE,1100.0,1085.1,9.7,16.55,9.55,15.45,21.371107,111750,1371000
2026-08-24 11:40:00,ATM+1,PE,1100.0,1087.2,8.55,15.75,8.55,14.55,26.47756,35250,1371750
2026-08-24 11:45:00,ATM+1,PE,1100.0,1087.2,14.45,14.95,14.25,14.45,25.965704,48000,1365000
2026-08-24 11:50:00,ATM+1,PE,1100.0,1086.8,14.65,14.65,14.2,14.2,22.67931,30750,1340250
2026-08-24 11:55:00,ATM+1,PE,1100.0,1086.0,14.15,15.0,14.15,15.0,23.602166,14250,1336500
2026-08-24 12:00:00,ATM+1,PE,1100.0,1086.4,15.05,15.05,14.6,14.75,24.116483,18750,1335750
2026-08-24 12:05:00,ATM+1,PE,1100.0,1086.3,15.0,15.25,14.75,14.95,24.869055,18000,1325250
2026-08-24 12:10:00,ATM+1,PE,1100.0,1086.1,14.85,15.05,14.85,15.05,24.521904,16500,1319250
2026-08-24 12:15:00,ATM+1,PE,1100.0,1086.7,14.95,15.05,14.5,14.5,24.169529,11250,1318500
2026-08-24 12:20:00,ATM+1,PE,1100.0,1086.2,14.5,14.6,14.5,14.6,22.219203,6000,1314750
2026-08-24 12:25:00,ATM+1,PE,1100.0,1085.6,14.95,15.35,14.6,15.35,23.905743,15750,1313250
2026-08-24 12:30:00,ATM+1,PE,1100.0,1085.4,8.9,15.55,8.75,15.5,23.825352,13500,1312500
2026-08-24 12:35:00,ATM+1,PE,1090.0,1084.6,15.65,15.7,8.8,9.6,28.111661,33000,918000
2026-08-24 12:40:00,ATM+1,PE,1090.0,1084.2,9.6,9.9,9.6,9.6,27.065264,36000,908250
2026-08-24 12:45:00,ATM+1,PE,1100.0,1085.1,9.45,16.75,9.45,16.3,27.452646,26250,1263000
2026-08-24 12:50:00,ATM+1,PE,1090.0,1084.5,9.55,9.7,9.35,9.6,27.965111,15000,899250
2026-08-24 12:55:00,ATM+1,PE,1090.0,1083.4,9.85,10.0,9.45,10.0,26.686168,57750,897000
2026-08-24 13:00:00,ATM+1,PE,1090.0,1083.4,10.15,17.65,9.25,10.6,29.419261,74250,885750
2026-08-24 13:05:00,ATM+1,PE,1090.0,1082.9,10.8,11.2,10.3,10.3,26.636301,37500,879000
2026-08-24 13:10:00,ATM+1,PE,1090.0,1082.3,10.3,10.85,10.3,10.35,25.018992,30000,885000
2026-08-24 13:15:00,ATM+1,PE,1090.0,1082.3,10.7,10.7,10.35,10.6,26.237784,9750,884250
2026-08-24 13:20:00,ATM+1,PE,1090.0,1081.8,10.7,11.05,10.6,11.0,26.551784,6000,885000
2026-08-24 13:25:00,ATM+1,PE,1090.0,1082.4,11.05,11.55,11.0,11.1,28.960666,15000,884250
2026-08-24 13:30:00,ATM+1,PE,1090.0,1083.3,10.6,11.1,10.25,10.5,28.941408,33000,886500
2026-08-24 13:35:00,ATM+1,PE,1090.0,1082.4,10.45,11.1,10.4,11.05,28.815072,82500,873000
2026-08-24 13:40:00,ATM+1,PE,1090.0,1082.7,11.3,11.3,10.65,11.15,30.226632,23250,874500
2026-08-24 13:45:00,ATM+1,PE,1090.0,1083.8,11.05,11.15,10.2,10.3,29.604218,27750,874500
2026-08-24 13:50:00,ATM+1,PE,1090.0,1082.3,10.3,10.85,9.95,10.85,27.694203,38250,890250
2026-08-24 13:55:00,ATM+1,PE,1090.0,1081.1,10.7,11.95,10.7,11.95,29.088967,11250,888750
2026-08-24 14:00:00,ATM+1,PE,1090.0,1080.7,11.75,12.3,11.75,12.25,29.243499,18000,888000
2026-08-24 14:05:00,ATM+1,PE,1090.0,1080.8,12.1,12.25,11.8,11.8,27.408121,24750,883500
2026-08-24 14:10:00,ATM+1,PE,1090.0,1080.3,12.2,12.65,11.8,12.5,29.180131,15750,882750
2026-08-24 14:15:00,ATM+1,PE,1090.0,1080.3,12.35,12.6,11.95,12.1,27.202287,22500,880500
2026-08-24 14:20:00,ATM+1,PE,1090.0,1079.2,12.35,12.85,12.1,12.85,26.946956,27000,881250
2026-08-24 14:25:00,ATM+1,PE,1090.0,1079.8,12.9,12.9,12.3,12.3,26.426293,21750,879750
2026-08-24 14:30:00,ATM+1,PE,1090.0,1081.4,12.5,12.5,10.9,11.5,28.210054,82500,879000
2026-08-24 14:35:00,ATM+1,PE,1090.0,1080.5,11.65,11.85,11.5,11.7,26.045537,37500,883500
2026-08-24 14:40:00,ATM+1,PE,1090.0,1080.4,11.95,12.0,11.7,12.0,27.265037,18750,885000
2026-08-24 14:45:00,ATM+1,PE,1090.0,1079.9,11.95,12.55,11.75,12.5,28.027044,18750,882000
2026-08-24 14:50:00,ATM+1,PE,1090.0,1080.3,12.6,12.65,12.15,12.25,28.267004,13500,876750
2026-08-24 14:55:00,ATM+1,PE,1090.0,1079.6,12.55,13.0,12.25,12.75,28.280529,54750,858000
2026-08-24 15:00:00,ATM+1,PE,1090.0,1078.6,13.15,13.6,12.75,13.5,28.379154,24000,847500
2026-08-24 15:05:00,ATM+1,PE,1090.0,1078.8,13.85,14.15,13.5,13.65,30.040794,45750,849750
2026-08-24 15:10:00,ATM+1,PE,1090.0,1078.9,12.95,13.65,12.6,13.0,26.943383,18000,846000
2026-08-24 15:15:00,ATM+1,PE,1090.0,1078.9,13.0,13.0,12.65,12.65,24.984665,9000,845250
2026-08-24 15:20:00,ATM+1,PE,1090.0,1078.9,12.65,12.85,12.5,12.65,25.022834,13500,841500
2026-08-24 15:25:00,ATM+1,PE,1090.0,1077.0,13.0,13.7,12.65,13.7,21.897602,2250,841500
2026-08-24 15:30:00,ATM+1,PE,1090.0,1077.0,13.25,13.7,13.25,13.65,21.554505,13500,837000
2026-08-24 15:35:00,ATM+1,PE,1090.0,1077.0,14.3,15.1,13.65,13.95,23.747861,24750,831750
2026-08-25 09:15:00,ATM+1,PE,1090.0,1075.7,11.75,16.45,7.8,15.0,42.654626,57750,828000
2026-08-25 09:20:00,ATM+1,PE,1090.0,1075.5,15.05,15.3,15.0,15.3,44.987182,51750,802500
2026-08-25 09:25:00,ATM+1,PE,1090.0,1075.7,15.25,15.45,15.1,15.45,50.105421,27750,798750
2026-08-25 09:30:00,ATM+1,PE,1090.0,1075.7,15.45,15.8,15.1,15.7,53.903143,60750,768750
2026-08-25 09:35:00,ATM+1,PE,1080.0,1073.4,7.15,8.7,7.15,8.7,42.160736,6000,591000
2026-08-25 09:40:00,ATM+1,PE,1080.0,1072.8,8.7,9.3,8.7,9.0,41.05376,9000,588750
2026-08-25 09:45:00,ATM+1,PE,1080.0,1074.7,9.0,17.95,7.8,7.8,42.682693,115500,585000
2026-08-25 09:50:00,ATM+1,PE,1080.0,1073.2,8.25,10.05,7.8,10.05,55.47845,9000,585000
2026-08-25 09:55:00,ATM+1,PE,1080.0,1075.0,9.5,18.8,7.75,7.75,44.774744,8250,585000
2026-08-25 10:00:00,ATM+1,PE,1090.0,1076.3,16.35,16.45,7.75,15.35,58.064163,12750,629250
2026-08-25 10:05:00,ATM+1,PE,1090.0,1075.4,15.1,15.35,14.0,14.0,0.0,13500,618750
2026-08-25 10:10:00,ATM+1,PE,1090.0,1075.8,14.0,16.05,7.2,15.85,60.251395,6000,619500
2026-08-25 10:15:00,ATM+1,PE,1090.0,1075.5,15.85,16.1,15.85,15.95,58.69314,9750,614250
2026-08-25 10:20:00,ATM+1,PE,1080.0,1074.1,15.8,15.95,7.45,8.7,50.168941,5250,564750
2026-08-25 10:25:00,ATM+1,PE,1080.0,1074.1,8.55,8.85,8.55,8.65,50.035891,10500,560250
2026-08-25 10:30:00,ATM+1,PE,1080.0,1073.7,9.3,9.3,8.55,8.55,46.388871,3000,559500
2026-08-25 10:35:00,ATM+1,PE,1080.0,1074.3,8.55,8.55,8.0,8.0,45.263578,10500,555750
2026-08-25 10:40:00,ATM+1,PE,1080.0,1074.4,8.65,9.5,8.0,9.5,62.369771,4500,550500
2026-08-25 10:45:00,ATM+1,PE,1080.0,1074.0,9.5,10.05,9.5,9.65,61.778787,5250,548250
2026-08-25 10:50:00,ATM+1,PE,1080.0,1074.9,9.7,9.7,9.6,9.6,67.772886,3750,547500
2026-08-25 10:55:00,ATM+1,PE,1080.0,1074.5,9.6,10.0,9.6,10.0,69.98778,3750,545250
2026-08-25 11:00:00,ATM+1,PE,1090.0,1075.9,17.0,17.55,15.45,15.45,60.524577,8250,593250
2026-08-25 11:05:00,ATM+1,PE,1090.0,1076.1,16.0,16.0,15.45,16.0,71.561517,750,593250
2026-08-25 11:10:00,ATM+1,PE,1090.0,1077.2,16.0,16.0,15.2,15.2,72.893754,750,593250
2026-08-25 11:15:00,ATM+1,PE,1090.0,1076.1,15.05,15.7,15.05,15.55,66.311598,4500,591750
2026-08-25 11:20:00,ATM+1,PE,1090.0,1076.6,15.55,15.55,15.55,15.55,72.744325,0,591750
2026-08-25 11:25:00,ATM+1,PE,1090.0,1076.4,15.15,15.55,15.15,15.15,65.144334,750,591000
2026-08-25 11:30:00,ATM+1,PE,1090.0,1076.4,15.15,15.15,14.9,14.9,61.741648,1500,591000
2026-08-25 11:35:00,ATM+1,PE,1090.0,1077.6,14.9,15.65,14.9,15.65,86.641972,750,591000
2026-08-25 11:40:00,ATM+1,PE,1090.0,1077.5,15.65,15.65,14.3,14.3,67.587063,1500,590250
2026-08-25 11:45:00,ATM+1,PE,1090.0,1077.6,14.85,15.45,14.2,15.45,85.796727,6000,590250
2026-08-25 11:50:00,ATM+1,PE,1090.0,1079.2,15.45,15.45,13.85,13.85,80.85236,750,588750
2026-08-25 11:55:00,ATM+1,PE,1090.0,1080.5,13.05,13.85,12.2,12.2,72.154889,11250,589500
2026-08-25 12:00:00,ATM+1,PE,1090.0,1079.9,12.2,12.65,12.2,12.35,68.9569,2250,588000
2026-08-25 12:05:00,ATM+1,PE,1090.0,1079.8,12.35,12.35,12.35,12.35,68.677647,0,586500
2026-08-25 12:10:00,ATM+1,PE,1090.0,1080.5,12.35,12.35,12.35,12.35,76.795597,0,586500
2026-08-25 12:15:00,ATM+1,PE,1090.0,1080.2,12.35,12.35,11.75,11.75,65.857938,6000,585750
2026-08-25 12:20:00,ATM+1,PE,1090.0,1079.5,11.5,11.75,11.5,11.5,53.304354,6000,586500
2026-08-25 12:25:00,ATM+1,PE,1090.0,1079.6,11.5,11.5,11.5,11.5,55.5104,0,586500
2026-08-25 12:30:00,ATM+1,PE,1090.0,1079.6,11.5,11.5,11.1,11.5,56.239675,6000,586500
2026-08-25 12:35:00,ATM+1,PE,1090.0,1078.5,12.15,13.45,11.5,12.3,54.650209,5250,585000
2026-08-25 12:40:00,ATM+1,PE,1090.0,1078.1,12.3,13.6,12.3,13.6,74.161739,7500,583500
2026-08-25 12:45:00,ATM+1,PE,1090.0,1078.3,13.6,13.6,13.6,13.6,77.974505,0,583500
2026-08-25 12:50:00,ATM+1,PE,1090.0,1078.4,13.6,13.6,12.4,12.4,57.355989,3750,583500
2026-08-25 12:55:00,ATM+1,PE,1090.0,1078.4,13.6,13.6,12.4,13.6,81.711967,1500,583500
2026-08-25 13:00:00,ATM+1,PE,1090.0,1077.7,13.6,14.1,13.05,13.05,60.335692,6750,583500
2026-08-25 13:05:00,ATM+1,PE,1090.0,1076.5,13.05,13.05,13.05,13.05,0.0,0,583500
2026-08-25 13:10:00,ATM+1,PE,1090.0,1077.2,13.05,13.95,13.05,13.7,67.808897,3000,583500
2026-08-25 13:15:00,ATM+1,PE,1090.0,1076.4,13.7,13.7,13.7,13.7,44.10205,0,583500
2026-08-25 13:20:00,ATM+1,PE,1090.0,1076.5,13.7,13.7,13.7,13.7,50.111264,0,583500
2026-08-25 13:25:00,ATM+1,PE,1090.0,1076.6,13.7,13.7,13.7,13.7,55.140566,0,583500
2026-08-25 13:30:00,ATM+1,PE,1090.0,1077.0,13.7,13.7,13.35,13.35,56.872177,1500,583500
2026-08-25 13:35:00,ATM+1,PE,1090.0,1078.8,13.35,13.35,13.35,13.35,95.35022,0,584250
2026-08-25 13:40:00,ATM+1,PE,1090.0,1078.4,13.35,13.65,13.35,13.65,97.265016,3000,584250
2026-08-25 13:45:00,ATM+1,PE,1090.0,1078.7,13.65,13.65,13.65,13.65,104.14626,0,584250
2026-08-25 13:50:00,ATM+1,PE,1090.0,1079.5,13.65,13.65,12.65,12.65,98.32437,2250,585000
2026-08-25 13:55:00,ATM+1,PE,1090.0,1078.4,13.05,13.05,12.65,12.8,84.22441,1500,584250
2026-08-25 14:00:00,ATM+1,PE,1090.0,1078.6,12.8,13.9,12.8,13.9,115.814168,750,584250
2026-08-25 14:05:00,ATM+1,PE,1090.0,1078.7,13.9,15.5,13.9,15.5,154.11144,750,583500
2026-08-25 14:10:00,ATM+1,PE,1090.0,1079.7,15.5,15.5,12.8,13.95,140.771528,6750,582000
2026-08-25 14:15:00,ATM+1,PE,1090.0,1079.2,13.95,13.95,12.85,12.85,111.888209,1500,579750
2026-08-25 14:20:00,ATM+1,PE,1090.0,1079.0,12.85,12.85,12.0,12.5,102.353609,3000,578250
2026-08-25 14:25:00,ATM+1,PE,1090.0,1078.4,12.5,14.0,12.5,14.0,133.552165,750,577500
2026-08-25 14:30:00,ATM+1,PE,1090.0,1081.0,14.0,14.0,13.25,13.25,165.359894,1500,577500
2026-08-25 14:35:00,ATM+1,PE,1090.0,1080.5,13.25,13.25,10.1,12.85,154.006111,3750,576750
2026-08-25 14:40:00,ATM+1,PE,1090.0,1082.0,12.85,14.0,10.95,14.0,213.79148,6750,574500
2026-08-25 14:45:00,ATM+1,PE,1090.0,1082.4,14.0,14.0,14.0,14.0,230.419678,11250,576000
2026-08-25 14:50:00,ATM+1,PE,1090.0,1082.6,14.0,14.0,9.5,9.5,123.49522,4500,574500
2026-08-25 14:55:00,ATM+1,PE,1090.0,1082.5,9.5,9.5,9.5,9.5,128.656353,0,574500
2026-08-25 15:00:00,ATM+1,PE,1090.0,1084.0,9.5,12.5,9.5,12.5,259.836007,750,575250
2026-08-25 15:05:00,ATM+1,PE,1090.0,1084.6,12.5,12.5,12.5,12.5,291.792794,0,575250
2026-08-25 15:10:00,ATM+1,PE,1090.0,1082.0,11.75,12.5,11.75,11.75,235.697591,4500,573000
2026-08-25 15:15:00,ATM+1,PE,1090.0,1082.0,9.25,11.75,9.25,9.25,151.904939,4500,572250
2026-08-25 15:20:00,ATM+1,PE,1090.0,1082.0,6.45,9.25,6.45,6.45,0.0,1500,572250
2026-08-25 15:25:00,ATM+1,PE,1100.0,1087.4,6.45,16.2,6.45,16.2,0.0,0,969750
2026-08-25 15:30:00,ATM+1,PE,1100.0,1087.4,16.2,18.8,16.2,18.8,0.0,750,967500
2026-08-25 15:35:00,ATM+1,PE,1100.0,1087.4,18.8,18.8,18.8,18.8,0.0,0,967500
2026-08-20 09:15:00,ATM+2,CE,1120.0,1097.9,2.3,5.25,2.3,4.85,23.575534,456750,1863000
2026-08-20 09:20:00,ATM+2,CE,1110.0,1093.7,7.75,8.25,4.05,6.1,22.854044,215250,926250
2026-08-20 09:25:00,ATM+2,CE,1120.0,1095.5,6.25,6.25,3.75,4.15,23.33991,143250,1894500
2026-08-20 09:30:00,ATM+2,CE,1110.0,1094.1,4.15,6.85,4.0,6.2,22.810668,66750,946500
2026-08-20 09:35:00,ATM+2,CE,1110.0,1093.3,6.3,6.3,5.4,5.65,22.179526,53250,938250
2026-08-20 09:40:00,ATM+2,CE,1110.0,1094.8,5.85,6.15,5.65,5.8,21.497704,35250,943500
2026-08-20 09:45:00,ATM+2,CE,1110.0,1092.4,6.2,6.2,5.35,5.35,22.133747,45750,933750
2026-08-20 09:50:00,ATM+2,CE,1110.0,1093.6,5.3,5.4,5.1,5.4,21.459986,42750,946500
2026-08-20 09:55:00,ATM+2,CE,1120.0,1096.2,5.45,5.75,3.3,3.5,21.346818,72000,1887750
2026-08-20 10:00:00,ATM+2,CE,1120.0,1096.8,3.5,3.55,3.5,3.55,21.141255,25500,1890750
2026-08-20 10:05:00,ATM+2,CE,1120.0,1095.3,3.5,3.55,3.15,3.15,20.9476,32250,1890750
2026-08-20 10:10:00,ATM+2,CE,1120.0,1097.8,3.25,3.7,3.15,3.6,20.708794,18000,1881000
2026-08-20 10:15:00,ATM+2,CE,1110.0,1094.5,3.75,6.05,3.45,5.45,21.004985,46500,929250
2026-08-20 10:20:00,ATM+2,CE,1110.0,1093.9,5.4,5.55,5.25,5.5,21.524164,50250,947250
2026-08-20 10:25:00,ATM+2,CE,1110.0,1094.4,5.5,5.65,5.35,5.35,20.871142,37500,937500
2026-08-20 10:30:00,ATM+2,CE,1120.0,1095.4,5.4,5.75,2.9,3.1,20.795889,30750,1903500
2026-08-20 10:35:00,ATM+2,CE,1110.0,1094.8,3.2,5.6,3.0,5.4,20.725201,7500,939000
2026-08-20 10:40:00,ATM+2,CE,1120.0,1097.7,5.45,5.45,2.95,3.75,21.1867,62250,1907250
2026-08-20 10:45:00,ATM+2,CE,1120.0,1098.9,3.75,3.9,3.65,3.9,20.858337,72000,1885500
2026-08-20 10:50:00,ATM+2,CE,1120.0,1098.2,3.75,3.9,3.55,3.8,21.033727,53250,1875750
2026-08-20 10:55:00,ATM+2,CE,1120.0,1100.3,3.85,4.6,3.8,4.45,21.334773,90750,1879500
2026-08-20 11:00:00,ATM+2,CE,1120.0,1099.6,4.3,4.55,4.05,4.05,20.824957,101250,1884750
2026-08-20 11:05:00,ATM+2,CE,1120.0,1098.6,4.0,4.05,3.95,4.0,21.310165,27750,1890750
2026-08-20 11:10:00,ATM+2,CE,1120.0,1098.7,3.8,4.0,3.75,3.9,21.014934,17250,1899000
2026-08-20 11:15:00,ATM+2,CE,1120.0,1096.6,3.75,3.9,3.3,3.35,20.854339,15750,1902750
2026-08-20 11:20:00,ATM+2,CE,1120.0,1095.6,3.35,6.1,3.05,3.05,20.625638,50250,1893000
2026-08-20 11:25:00,ATM+2,CE,1120.0,1095.5,3.1,5.75,3.05,3.2,21.091791,24750,1881000
2026-08-20 11:30:00,ATM+2,CE,1120.0,1096.2,3.2,3.3,3.2,3.3,20.972289,9000,1877250
2026-08-20 11:35:00,ATM+2,CE,1120.0,1096.0,3.4,3.4,3.25,3.35,21.224021,21750,1875750
2026-08-20 11:40:00,ATM+2,CE,1120.0,1096.0,3.35,3.35,3.15,3.15,20.702324,15000,1874250
2026-08-20 11:45:00,ATM+2,CE,1120.0,1095.7,3.3,3.3,3.15,3.25,21.143996,18000,1880250
2026-08-20 11:50:00,ATM+2,CE,1120.0,1097.1,3.25,3.5,3.2,3.5,21.009801,13500,1881750
2026-08-20 11:55:00,ATM+2,CE,1120.0,1097.0,3.5,3.6,3.2,3.2,20.296095,21750,1878750
2026-08-20 12:00:00,ATM+2,CE,1120.0,1096.9,3.35,3.4,3.2,3.4,20.881999,12000,1879500
2026-08-20 12:05:00,ATM+2,CE,1120.0,1097.0,3.4,3.55,3.3,3.45,20.961648,55500,1894500
2026-08-20 12:10:00,ATM+2,CE,1120.0,1097.5,3.45,3.5,3.4,3.5,20.810094,41250,1906500
2026-08-20 12:15:00,ATM+2,CE,1120.0,1098.7,3.35,3.65,3.35,3.55,20.247304,6750,1906500
2026-08-20 12:20:00,ATM+2,CE,1120.0,1098.0,3.55,3.55,3.4,3.4,20.281255,14250,1908000
2026-08-20 12:25:00,ATM+2,CE,1120.0,1098.2,3.55,3.55,3.4,3.55,20.554026,12750,1904250
2026-08-20 12:30:00,ATM+2,CE,1120.0,1097.9,3.5,3.55,3.45,3.55,20.736154,20250,1911000
2026-08-20 12:35:00,ATM+2,CE,1120.0,1099.1,3.5,3.7,3.5,3.6,20.167318,21750,1902750
2026-08-20 12:40:00,ATM+2,CE,1120.0,1097.8,3.85,4.1,3.6,3.6,20.93633,58500,1902000
2026-08-20 12:45:00,ATM+2,CE,1120.0,1099.0,3.7,4.2,3.6,4.15,21.590388,44250,1908000
2026-08-20 12:50:00,ATM+2,CE,1120.0,1099.0,4.05,4.25,4.0,4.0,21.234468,47250,1893000
2026-08-20 12:55:00,ATM+2,CE,1120.0,1097.0,3.9,4.0,3.5,3.6,21.424562,86250,1899000
2026-08-20 13:00:00,ATM+2,CE,1120.0,1096.3,3.6,3.6,3.45,3.45,21.447817,36750,1887000
2026-08-20 13:05:00,ATM+2,CE,1120.0,1096.4,3.45,3.65,3.4,3.4,21.26782,15750,1885500
2026-08-20 13:10:00,ATM+2,CE,1120.0,1096.4,3.5,3.5,3.15,3.3,21.012738,27750,1881750
2026-08-20 13:15:00,ATM+2,CE,1120.0,1096.0,3.4,3.45,3.2,3.3,21.247371,21000,1879500
2026-08-20 13:20:00,ATM+2,CE,1120.0,1096.6,3.35,3.35,3.25,3.35,21.045962,18000,1878000
2026-08-20 13:25:00,ATM+2,CE,1120.0,1095.9,3.4,3.4,3.25,3.25,21.186469,15750,1877250
2026-08-20 13:30:00,ATM+2,CE,1120.0,1096.9,3.3,3.4,3.25,3.4,21.020523,12000,1881000
2026-08-20 13:35:00,ATM+2,CE,1120.0,1095.1,3.45,3.45,3.1,3.15,21.381873,51000,1868250
2026-08-20 13:40:00,ATM+2,CE,1110.0,1095.0,3.15,5.8,3.0,5.55,21.201198,15750,909750
2026-08-20 13:45:00,ATM+2,CE,1110.0,1094.7,5.4,5.55,5.25,5.45,21.197221,41250,920250
2026-08-20 13:50:00,ATM+2,CE,1110.0,1094.8,5.4,5.65,5.3,5.65,21.572497,50250,918750
2026-08-20 13:55:00,ATM+2,CE,1120.0,1095.9,5.65,5.65,3.1,3.25,21.233449,12750,1850250
2026-08-20 14:00:00,ATM+2,CE,1120.0,1096.3,3.25,3.35,3.15,3.35,21.279787,31500,1849500
2026-08-20 14:05:00,ATM+2,CE,1120.0,1096.0,3.4,3.4,3.3,3.35,21.458841,9000,1852500
2026-08-20 14:10:00,ATM+2,CE,1120.0,1096.0,3.35,3.35,3.3,3.35,21.466789,15000,1851000
2026-08-20 14:15:00,ATM+2,CE,1110.0,1095.0,3.35,5.95,3.35,5.4,20.929688,9000,896250
2026-08-20 14:20:00,ATM+2,CE,1120.0,1096.0,5.5,5.5,3.0,3.2,21.08199,10500,1853250
2026-08-20 14:25:00,ATM+2,CE,1120.0,1096.2,3.2,5.6,3.1,3.25,21.110434,19500,1848750
2026-08-20 14:30:00,ATM+2,CE,1120.0,1098.6,3.25,3.7,3.25,3.7,20.888203,35250,1848750
2026-08-20 14:35:00,ATM+2,CE,1120.0,1099.0,3.65,3.7,3.35,3.65,20.532835,59250,1840500
2026-08-20 14:40:00,ATM+2,CE,1120.0,1099.1,3.6,3.7,3.45,3.7,20.605999,21750,1838250
2026-08-20 14:45:00,ATM+2,CE,1120.0,1099.8,3.5,3.7,3.5,3.65,20.070508,52500,1848000
2026-08-20 14:50:00,ATM+2,CE,1120.0,1098.9,3.65,3.65,3.25,3.25,19.596756,43500,1839000
2026-08-20 14:55:00,ATM+2,CE,1120.0,1098.8,3.15,3.35,3.15,3.35,19.920117,27750,1834500
2026-08-20 15:00:00,ATM+2,CE,1120.0,1097.6,3.1,3.35,2.8,2.85,19.29353,178500,1884000
2026-08-20 15:05:00,ATM+2,CE,1120.0,1096.5,2.9,2.95,2.8,2.9,20.053909,23250,1878000
2026-08-20 15:10:00,ATM+2,CE,1120.0,1097.0,2.95,3.1,2.9,3.1,20.323624,53250,1878750
2026-08-20 15:15:00,ATM+2,CE,1120.0,1097.0,3.1,3.1,3.1,3.1,20.331246,14250,1889250
2026-08-20 15:20:00,ATM+2,CE,1120.0,1097.0,3.15,3.15,3.05,3.1,20.338878,30000,1880250
2026-08-20 15:25:00,ATM+2,CE,1110.0,1095.0,3.15,5.65,3.0,5.65,21.588612,7500,831000
2026-08-20 15:30:00,ATM+2,CE,1110.0,1095.0,5.65,5.65,5.35,5.5,21.268508,12750,828750
2026-08-20 15:35:00,ATM+2,CE,1110.0,1095.0,5.5,5.75,5.5,5.55,21.386212,16500,831750
2026-08-21 09:15:00,ATM+2,CE,1120.0,1097.4,3.75,5.85,2.6,2.95,21.498449,331500,1877250
2026-08-21 09:20:00,ATM+2,CE,1110.0,1094.3,2.7,5.05,2.7,4.45,21.176331,204000,903000
2026-08-21 09:25:00,ATM+2,CE,1120.0,1096.8,4.35,4.45,2.15,2.5,20.51412,126000,1884750
2026-08-21 09:30:00,ATM+2,CE,1120.0,1095.3,2.4,2.5,2.15,2.15,20.261617,60750,1879500
2026-08-21 09:35:00,ATM+2,CE,1120.0,1097.0,2.3,2.5,2.15,2.35,19.942476,46500,1878000
2026-08-21 09:40:00,ATM+2,CE,1120.0,1099.5,2.45,2.85,2.35,2.85,19.960237,63750,1878000
2026-08-21 09:45:00,ATM+2,CE,1120.0,1098.3,2.9,2.9,2.4,2.4,19.350879,54000,1887000
2026-08-21 09:50:00,ATM+2,CE,1120.0,1099.0,2.4,2.6,2.4,2.6,19.54824,57750,1865250
2026-08-21 09:55:00,ATM+2,CE,1120.0,1099.2,2.55,2.6,2.35,2.5,19.135264,32250,1866000
2026-08-21 10:00:00,ATM+2,CE,1120.0,1100.0,2.75,2.9,2.5,2.75,19.39556,75000,1857000
2026-08-21 10:05:00,ATM+2,CE,1120.0,1098.2,2.6,2.75,2.25,2.35,19.288756,54750,1845000
2026-08-21 10:10:00,ATM+2,CE,1120.0,1096.5,2.35,2.35,2.05,2.05,19.31403,56250,1841250
2026-08-21 10:15:00,ATM+2,CE,1120.0,1097.0,2.1,2.25,2.0,2.0,18.870296,14250,1839750
2026-08-21 10:20:00,ATM+2,CE,1120.0,1096.1,2.0,2.05,2.0,2.0,19.389341,9000,1838250
2026-08-21 10:25:00,ATM+2,CE,1120.0,1097.0,2.1,2.1,1.95,2.0,18.887008,28500,1839000
2026-08-21 10:30:00,ATM+2,CE,1120.0,1096.1,1.95,2.0,1.9,1.95,19.235549,52500,1843500
2026-08-21 10:35:00,ATM+2,CE,1120.0,1096.3,1.9,2.05,1.85,2.05,19.470795,10500,1842750
2026-08-21 10:40:00,ATM+2,CE,1110.0,1094.0,2.05,3.85,1.8,3.4,18.847599,47250,891750
2026-08-21 10:45:00,ATM+2,CE,1110.0,1093.7,3.35,3.5,3.0,3.3,18.793796,21000,894750
2026-08-21 10:50:00,ATM+2,CE,1110.0,1094.1,3.25,3.65,3.25,3.5,19.059375,35250,903750
2026-08-21 10:55:00,ATM+2,CE,1110.0,1093.3,3.4,3.5,2.85,3.25,18.945302,51000,909750
2026-08-21 11:00:00,ATM+2,CE,1110.0,1093.4,3.2,3.25,3.05,3.25,18.886857,24750,909000
2026-08-21 11:05:00,ATM+2,CE,1110.0,1092.3,3.1,3.25,3.0,3.0,18.938073,26250,901500
2026-08-21 11:10:00,ATM+2,CE,1110.0,1094.1,3.1,3.25,2.9,3.25,18.432499,27000,900000
2026-08-21 11:15:00,ATM+2,CE,1110.0,1093.8,3.3,3.4,3.25,3.3,18.777166,36750,909750
2026-08-21 11:20:00,ATM+2,CE,1120.0,1095.5,3.3,3.3,1.55,1.8,19.130663,88500,1905750
2026-08-21 11:25:00,ATM+2,CE,1120.0,1096.1,1.75,1.95,1.75,1.8,18.805242,337500,1887750
2026-08-21 11:30:00,ATM+2,CE,1120.0,1097.0,1.95,2.05,1.8,1.95,18.827207,22500,1885500
2026-08-21 11:35:00,ATM+2,CE,1120.0,1096.6,1.9,1.95,1.9,1.95,19.063342,4500,1887000
2026-08-21 11:40:00,ATM+2,CE,1120.0,1098.5,1.95,2.1,1.85,2.1,18.47638,119250,1867500
2026-08-21 11:45:00,ATM+2,CE,1120.0,1098.7,2.15,2.15,2.1,2.1,18.36756,23250,1833750
2026-08-21 11:50:00,ATM+2,CE,1120.0,1099.0,2.1,2.25,2.1,2.25,18.677959,63000,1830750
2026-08-21 11:55:00,ATM+2,CE,1120.0,1097.4,2.15,2.25,1.9,1.9,18.470559,134250,1820250
2026-08-21 12:00:00,ATM+2,CE,1120.0,1095.1,2.0,2.0,1.65,1.65,18.871238,78000,1815000
2026-08-21 12:05:00,ATM+2,CE,1120.0,1095.1,1.65,1.65,1.6,1.65,18.879704,14250,1806750
2026-08-21 12:10:00,ATM+2,CE,1110.0,1093.8,3.45,3.55,3.3,3.55,19.536817,54000,877500
2026-08-21 12:15:00,ATM+2,CE,1120.0,1095.4,3.35,3.55,1.6,1.75,19.099845,49500,1807500
2026-08-21 12:20:00,ATM+2,CE,1120.0,1095.6,1.75,1.8,1.75,1.75,18.997413,32250,1806750
2026-08-21 12:25:00,ATM+2,CE,1120.0,1095.2,1.75,3.9,1.7,1.8,19.409649,23250,1804500
2026-08-21 12:30:00,ATM+2,CE,1120.0,1095.1,1.8,2.15,1.8,1.8,19.474096,18000,1809000
2026-08-21 12:35:00,ATM+2,CE,1120.0,1095.6,1.9,1.9,1.75,1.75,19.023101,4500,1809750
2026-08-21 12:40:00,ATM+2,CE,1110.0,1094.9,1.65,3.75,1.6,3.6,18.956257,18000,853500
2026-08-21 12:45:00,ATM+2,CE,1120.0,1095.5,1.6,3.6,1.6,1.6,18.540913,9000,1809750
2026-08-21 12:50:00,ATM+2,CE,1120.0,1095.1,1.65,1.65,1.6,1.65,18.956362,15750,1814250
2026-08-21 12:55:00,ATM+2,CE,1110.0,1094.7,1.65,3.6,1.65,3.6,19.122701,18750,845250
2026-08-21 13:00:00,ATM+2,CE,1110.0,1094.1,3.45,3.6,3.3,3.3,18.752905,36750,836250
2026-08-21 13:05:00,ATM+2,CE,1110.0,1094.4,3.35,3.4,3.3,3.3,18.555819,12000,839250
2026-08-21 13:10:00,ATM+2,CE,1110.0,1092.7,3.45,3.45,2.95,2.95,18.749865,27000,843750
2026-08-21 13:15:00,ATM+2,CE,1110.0,1094.5,2.9,3.25,2.9,3.25,18.370421,25500,840750
2026-08-21 13:20:00,ATM+2,CE,1110.0,1092.9,3.25,3.25,2.8,2.9,18.494319,22500,837750
2026-08-21 13:25:00,ATM+2,CE,1110.0,1093.3,2.85,3.0,2.85,3.0,18.5174,21000,830250
2026-08-21 13:30:00,ATM+2,CE,1110.0,1093.1,3.0,3.05,2.85,2.85,18.238358,20250,831000
2026-08-21 13:35:00,ATM+2,CE,1110.0,1093.5,2.85,3.0,2.85,3.0,18.400846,24750,834750
2026-08-21 13:40:00,ATM+2,CE,1110.0,1093.9,2.95,3.0,2.9,2.95,18.002879,18000,831000
2026-08-21 13:45:00,ATM+2,CE,1110.0,1093.7,3.05,3.05,2.9,2.9,18.006021,11250,822750
2026-08-21 13:50:00,ATM+2,CE,1110.0,1093.9,3.05,3.05,2.9,2.9,17.880814,46500,818250
2026-08-21 13:55:00,ATM+2,CE,1110.0,1094.1,2.95,3.0,2.9,2.9,17.755192,28500,825000
2026-08-21 14:00:00,ATM+2,CE,1110.0,1093.6,2.85,2.9,2.7,2.7,17.533771,53250,789750
2026-08-21 14:05:00,ATM+2,CE,1110.0,1092.6,2.7,2.7,2.45,2.65,18.051336,78750,790500
2026-08-21 14:10:00,ATM+2,CE,1110.0,1092.5,2.65,2.65,2.4,2.5,17.684448,24750,803250
2026-08-21 14:15:00,ATM+2,CE,1110.0,1093.2,2.5,2.7,2.5,2.7,17.82114,9000,804000
2026-08-21 14:20:00,ATM+2,CE,1110.0,1093.6,2.7,3.0,2.7,2.9,18.131596,14250,804000
2026-08-21 14:25:00,ATM+2,CE,1110.0,1093.9,2.75,2.9,2.75,2.9,17.939237,9000,807750
2026-08-21 14:30:00,ATM+2,CE,1110.0,1093.5,2.9,2.9,2.65,2.65,17.505648,23250,795750
2026-08-21 14:35:00,ATM+2,CE,1110.0,1093.3,2.5,2.65,2.4,2.5,17.209709,47250,810750
2026-08-21 14:40:00,ATM+2,CE,1110.0,1093.7,2.5,2.55,2.5,2.55,17.102848,13500,819750
2026-08-21 14:45:00,ATM+2,CE,1110.0,1093.5,2.6,2.65,2.45,2.45,16.94984,28500,831000
2026-08-21 14:50:00,ATM+2,CE,1110.0,1093.9,2.6,2.6,2.35,2.5,16.843441,18000,828000
2026-08-21 14:55:00,ATM+2,CE,1110.0,1092.9,2.5,2.5,2.15,2.3,16.904836,39750,814500
2026-08-21 15:00:00,ATM+2,CE,1110.0,1093.8,2.3,2.3,2.1,2.2,16.038896,144750,811500
2026-08-21 15:05:00,ATM+2,CE,1110.0,1093.0,2.15,2.2,2.1,2.15,16.401135,20250,812250
2026-08-21 15:10:00,ATM+2,CE,1110.0,1093.1,2.15,2.25,2.15,2.25,16.650391,32250,799500
2026-08-21 15:15:00,ATM+2,CE,1110.0,1093.1,2.3,2.3,2.25,2.25,16.658248,18000,795750
2026-08-21 15:20:00,ATM+2,CE,1110.0,1093.1,2.25,2.3,2.25,2.3,16.817096,5250,794250
2026-08-21 15:25:00,ATM+2,CE,1110.0,1095.0,2.3,2.35,2.2,2.35,15.743078,78000,749250
2026-08-21 15:30:00,ATM+2,CE,1110.0,1095.0,2.3,2.45,2.3,2.45,16.038669,32250,752250
2026-08-21 15:35:00,ATM+2,CE,1110.0,1095.0,2.35,2.8,2.35,2.8,17.033933,33000,762000
2026-08-24 09:15:00,ATM+2,CE,1110.0,1091.4,1.0,3.2,1.0,2.35,33.056166,203250,778500
2026-08-24 09:20:00,ATM+2,CE,1110.0,1093.0,2.55,2.6,2.3,2.3,31.034658,92250,765750
2026-08-24 09:25:00,ATM+2,CE,1110.0,1092.3,2.3,2.35,2.0,2.0,30.174593,66750,774000
2026-08-24 09:30:00,ATM+2,CE,1110.0,1094.4,1.95,2.2,1.95,2.2,28.992136,57000,792750
2026-08-24 09:35:00,ATM+2,CE,1110.0,1092.2,2.15,2.2,1.75,1.75,28.894603,32250,798750
2026-08-24 09:40:00,ATM+2,CE,1110.0,1091.8,1.8,1.95,1.6,1.95,30.55766,69000,791250
2026-08-24 09:45:00,ATM+2,CE,1110.0,1092.8,1.7,1.95,1.7,1.7,28.033766,140250,798750
2026-08-24 09:50:00,ATM+2,CE,1110.0,1092.0,1.75,1.85,1.7,1.85,29.835308,81000,795000
2026-08-24 09:55:00,ATM+2,CE,1110.0,1092.2,1.7,1.85,1.7,1.8,29.362685,8250,795750
2026-08-24 10:00:00,ATM+2,CE,1110.0,1090.7,1.75,1.8,1.55,1.55,29.428987,48750,805500
2026-08-24 10:05:00,ATM+2,CE,1110.0,1090.4,1.55,1.55,1.5,1.5,29.453094,49500,801000
2026-08-24 10:10:00,ATM+2,CE,1110.0,1089.3,1.2,1.5,1.0,1.0,26.985421,104250,776250
2026-08-24 10:15:00,ATM+2,CE,1110.0,1092.0,1.05,1.3,1.0,1.3,26.556899,77250,750750
2026-08-24 10:20:00,ATM+2,CE,1110.0,1090.8,1.4,1.4,1.3,1.35,28.159166,14250,753000
2026-08-24 10:25:00,ATM+2,CE,1110.0,1091.6,1.25,1.35,1.25,1.25,26.697974,19500,752250
2026-08-24 10:30:00,ATM+2,CE,1110.0,1090.7,1.35,1.45,1.25,1.25,27.645122,82500,764250
2026-08-24 10:35:00,ATM+2,CE,1110.0,1091.3,1.3,1.35,1.2,1.3,27.428557,26250,757500
2026-08-24 10:40:00,ATM+2,CE,1110.0,1091.2,1.3,1.3,1.25,1.3,27.571057,42000,739500
2026-08-24 10:45:00,ATM+2,CE,1110.0,1089.8,1.35,1.35,1.2,1.3,29.03254,25500,759000
2026-08-24 10:50:00,ATM+2,CE,1110.0,1089.7,1.2,1.3,1.15,1.25,28.815703,12000,758250
2026-08-24 10:55:00,ATM+2,CE,1110.0,1088.6,1.2,1.3,1.2,1.2,29.583599,57750,753750
2026-08-24 11:00:00,ATM+2,CE,1110.0,1087.4,1.2,1.2,1.0,1.05,29.618514,57750,757500
2026-08-24 11:05:00,ATM+2,CE,1110.0,1087.5,1.05,1.05,0.95,1.0,29.153982,15000,742500
2026-08-24 11:10:00,ATM+2,CE,1110.0,1087.5,1.0,1.05,1.0,1.05,29.610928,42750,739500
2026-08-24 11:15:00,ATM+2,CE,1110.0,1087.1,1.0,1.05,0.95,0.95,29.197667,63000,741750
2026-08-24 11:20:00,ATM+2,CE,1110.0,1087.6,0.95,1.05,0.95,1.05,29.603523,26250,736500
2026-08-24 11:25:00,ATM+2,CE,1110.0,1088.2,1.05,1.05,1.0,1.0,28.656894,51000,723000
2026-08-24 11:30:00,ATM+2,CE,1100.0,1084.8,0.95,2.1,0.8,2.05,28.990027,135750,2158500
2026-08-24 11:35:00,ATM+2,CE,1110.0,1085.1,2.0,2.1,0.85,0.85,30.343911,247500,685500
2026-08-24 11:40:00,ATM+2,CE,1110.0,1087.2,2.0,2.2,0.85,0.95,29.324341,56250,678000
2026-08-24 11:45:00,ATM+2,CE,1110.0,1087.2,0.95,0.95,0.9,0.95,29.369185,39750,676500
2026-08-24 11:50:00,ATM+2,CE,1110.0,1086.8,0.9,0.95,0.9,0.9,29.353333,5250,669750
2026-08-24 11:55:00,ATM+2,CE,1110.0,1086.0,0.85,0.9,0.85,0.85,29.692327,12000,673500
2026-08-24 12:00:00,ATM+2,CE,1110.0,1086.4,0.85,0.85,0.8,0.8,28.892987,2250,674250
2026-08-24 12:05:00,ATM+2,CE,1110.0,1086.3,0.8,0.8,0.8,0.8,29.030544,6000,674250
2026-08-24 12:10:00,ATM+2,CE,1110.0,1086.1,0.8,0.9,0.8,0.9,30.199304,4500,671250
2026-08-24 12:15:00,ATM+2,CE,1110.0,1086.7,0.9,0.9,0.9,0.9,29.676291,0,671250
2026-08-24 12:20:00,ATM+2,CE,1110.0,1086.2,0.9,0.9,0.9,0.9,30.19846,26250,668250
2026-08-24 12:25:00,ATM+2,CE,1110.0,1085.6,0.9,0.9,0.85,0.85,30.346339,53250,649500
2026-08-24 12:30:00,ATM+2,CE,1110.0,1085.4,2.0,2.2,0.85,0.85,30.582008,19500,641250
2026-08-24 12:35:00,ATM+2,CE,1100.0,1084.6,0.85,2.1,0.85,1.9,28.934974,81750,2017500
2026-08-24 12:40:00,ATM+2,CE,1100.0,1084.2,1.9,2.05,1.85,2.05,30.347773,60000,2034750
2026-08-24 12:45:00,ATM+2,CE,1110.0,1085.1,2.05,2.05,0.8,0.95,31.952031,45000,630000
2026-08-24 12:50:00,ATM+2,CE,1100.0,1084.5,2.1,2.2,2.05,2.05,30.084652,32250,2057250
2026-08-24 12:55:00,ATM+2,CE,1100.0,1083.4,2.1,2.2,2.0,2.05,31.448994,108750,2049750
2026-08-24 13:00:00,ATM+2,CE,1100.0,1083.4,1.9,2.3,0.8,1.9,30.585216,206250,2046000
2026-08-24 13:05:00,ATM+2,CE,1100.0,1082.9,1.8,1.9,1.6,1.8,30.592668,75750,2042250
2026-08-24 13:10:00,ATM+2,CE,1100.0,1082.3,1.8,1.8,1.6,1.75,31.013761,50250,2033250
2026-08-24 13:15:00,ATM+2,CE,1100.0,1082.3,1.7,1.85,1.7,1.75,31.063961,95250,2022000
2026-08-24 13:20:00,ATM+2,CE,1100.0,1081.8,1.8,1.8,1.7,1.7,31.359083,99000,2022000
2026-08-24 13:25:00,ATM+2,CE,1100.0,1082.4,1.8,1.8,1.6,1.8,31.373077,93000,2007750
2026-08-24 13:30:00,ATM+2,CE,1100.0,1083.3,1.85,1.85,1.8,1.85,30.689677,84000,1995000
2026-08-24 13:35:00,ATM+2,CE,1100.0,1082.4,1.95,2.05,1.8,1.9,32.116275,299250,2009250
2026-08-24 13:40:00,ATM+2,CE,1100.0,1082.7,1.85,2.05,1.8,1.8,31.177421,94500,2002500
2026-08-24 13:45:00,ATM+2,CE,1100.0,1083.8,1.9,2.0,1.8,1.95,30.868698,57000,2003250
2026-08-24 13:50:00,ATM+2,CE,1100.0,1082.3,2.15,2.15,1.75,1.75,31.422146,74250,1956000
2026-08-24 13:55:00,ATM+2,CE,1100.0,1081.1,1.8,1.8,1.6,1.65,32.184821,137250,1998000
2026-08-24 14:00:00,ATM+2,CE,1100.0,1080.7,1.5,1.65,1.45,1.55,31.995098,103500,1972500
2026-08-24 14:05:00,ATM+2,CE,1100.0,1080.8,1.55,1.65,1.55,1.65,32.634469,52500,1962000
2026-08-24 14:10:00,ATM+2,CE,1100.0,1080.3,1.55,1.65,1.55,1.55,32.55233,34500,1981500
2026-08-24 14:15:00,ATM+2,CE,1100.0,1080.3,1.5,1.55,1.5,1.5,32.247316,33000,1963500
2026-08-24 14:20:00,ATM+2,CE,1100.0,1079.2,1.55,1.55,1.5,1.55,33.896452,93750,1961250
2026-08-24 14:25:00,ATM+2,CE,1100.0,1079.8,1.45,1.55,1.45,1.5,32.916298,51000,1954500
2026-08-24 14:30:00,ATM+2,CE,1100.0,1081.4,1.55,1.75,1.5,1.6,31.872694,181500,1927500
2026-08-24 14:35:00,ATM+2,CE,1100.0,1080.5,1.55,1.6,1.55,1.55,32.601464,40500,1939500
2026-08-24 14:40:00,ATM+2,CE,1100.0,1080.4,1.5,1.6,1.5,1.6,33.128654,59250,1938750
2026-08-24 14:45:00,ATM+2,CE,1100.0,1079.9,1.65,1.65,1.45,1.5,33.028491,49500,1917000
2026-08-24 14:50:00,ATM+2,CE,1100.0,1080.3,1.45,1.6,1.45,1.55,32.997099,72750,1907250
2026-08-24 14:55:00,ATM+2,CE,1100.0,1079.6,1.5,1.55,1.35,1.4,32.728684,69000,1891500
2026-08-24 15:00:00,ATM+2,CE,1100.0,1078.6,1.35,1.4,1.25,1.25,32.705636,63000,1894500
2026-08-24 15:05:00,ATM+2,CE,1100.0,1078.8,1.2,1.25,1.1,1.1,31.29991,249000,1881000
2026-08-24 15:10:00,ATM+2,CE,1100.0,1078.9,1.1,1.15,1.0,1.05,30.818006,61500,1889250
2026-08-24 15:15:00,ATM+2,CE,1100.0,1078.9,0.95,1.1,0.9,0.9,29.526944,69000,1926000
2026-08-24 15:20:00,ATM+2,CE,1100.0,1078.9,1.05,1.05,0.9,0.95,30.037477,65250,1920000
2026-08-24 15:25:00,ATM+2,CE,1100.0,1077.0,0.9,1.05,0.8,0.8,30.59545,34500,1930500
2026-08-24 15:30:00,ATM+2,CE,1100.0,1077.0,0.8,0.9,0.8,0.8,30.649336,36000,1935750
2026-08-24 15:35:00,ATM+2,CE,1100.0,1077.0,0.9,0.9,0.7,0.75,30.185353,94500,1908750
2026-08-25 09:15:00,ATM+2,CE,1100.0,1075.7,1.0,1.0,0.2,0.25,48.324163,68250,1722750
2026-08-25 09:20:00,ATM+2,CE,1100.0,1075.5,0.35,0.35,0.25,0.3,50.761761,96000,1704750
2026-08-25 09:25:00,ATM+2,CE,1100.0,1075.7,0.35,0.35,0.25,0.35,52.397832,45750,1701750
2026-08-25 09:30:00,ATM+2,CE,1100.0,1075.7,0.35,0.35,0.25,0.25,49.312244,126000,1642500
2026-08-25 09:35:00,ATM+2,CE,1090.0,1073.4,0.75,0.75,0.55,0.55,44.306613,79500,833250
2026-08-25 09:40:00,ATM+2,CE,1090.0,1072.8,0.6,0.7,0.55,0.7,48.888326,49500,836250
2026-08-25 09:45:00,ATM+2,CE,1090.0,1074.7,0.65,1.3,0.35,1.1,51.964817,78750,873750
2026-08-25 09:50:00,ATM+2,CE,1090.0,1073.2,1.1,1.1,0.95,1.0,54.156344,12750,866250
2026-08-25 09:55:00,ATM+2,CE,1090.0,1075.0,1.0,1.15,0.45,1.15,52.80076,18000,863250
2026-08-25 10:00:00,ATM+2,CE,1100.0,1076.3,0.45,1.15,0.4,0.4,55.551043,24000,1611000
2026-08-25 10:05:00,ATM+2,CE,1100.0,1075.4,0.4,0.5,0.4,0.4,57.658952,23250,1610250
2026-08-25 10:10:00,ATM+2,CE,1100.0,1075.8,0.5,1.1,0.4,0.45,58.854542,29250,1605000
2026-08-25 10:15:00,ATM+2,CE,1100.0,1075.5,0.45,0.45,0.4,0.4,58.366851,38250,1595250
2026-08-25 10:20:00,ATM+2,CE,1090.0,1074.1,0.45,1.15,0.4,0.95,53.686031,11250,849000
2026-08-25 10:25:00,ATM+2,CE,1090.0,1074.1,0.95,0.95,0.85,0.85,52.308044,15750,849000
2026-08-25 10:30:00,ATM+2,CE,1090.0,1073.7,0.9,1.0,0.75,1.0,56.415159,14250,843750
2026-08-25 10:35:00,ATM+2,CE,1090.0,1074.3,0.9,1.0,0.9,1.0,55.423165,6750,846000
2026-08-25 10:40:00,ATM+2,CE,1090.0,1074.4,0.9,1.1,0.85,1.1,57.384719,18000,838500
2026-08-25 10:45:00,ATM+2,CE,1090.0,1074.0,1.1,1.2,1.1,1.2,60.602072,18000,838500
2026-08-25 10:50:00,ATM+2,CE,1090.0,1074.9,1.2,1.25,1.1,1.2,58.797464,7500,840000
2026-08-25 10:55:00,ATM+2,CE,1090.0,1074.5,1.2,1.2,1.15,1.15,59.519091,4500,839250
2026-08-25 11:00:00,ATM+2,CE,1100.0,1075.9,0.35,0.45,0.35,0.45,63.793949,21000,1563750
2026-08-25 11:05:00,ATM+2,CE,1100.0,1076.1,0.5,0.5,0.45,0.5,65.512944,12750,1565250
2026-08-25 11:10:00,ATM+2,CE,1100.0,1077.2,0.5,0.5,0.45,0.5,63.742206,3750,1565250
2026-08-25 11:15:00,ATM+2,CE,1100.0,1076.1,0.5,0.5,0.45,0.45,65.184853,45750,1534500
2026-08-25 11:20:00,ATM+2,CE,1100.0,1076.6,0.45,0.5,0.45,0.5,66.31423,8250,1532250
2026-08-25 11:25:00,ATM+2,CE,1100.0,1076.4,0.5,0.5,0.45,0.45,65.822136,13500,1520250
2026-08-25 11:30:00,ATM+2,CE,1100.0,1076.4,0.45,0.45,0.45,0.45,66.492251,12750,1523250
2026-08-25 11:35:00,ATM+2,CE,1100.0,1077.6,0.45,0.45,0.45,0.45,64.484241,7500,1520250
2026-08-25 11:40:00,ATM+2,CE,1100.0,1077.5,0.45,0.55,0.45,0.55,68.541969,34500,1510500
2026-08-25 11:45:00,ATM+2,CE,1100.0,1077.6,0.55,0.6,0.5,0.5,67.501593,18750,1506000
2026-08-25 11:50:00,ATM+2,CE,1100.0,1079.2,0.55,0.65,0.45,0.6,67.39118,15750,1508250
2026-08-25 11:55:00,ATM+2,CE,1100.0,1080.5,0.65,0.85,0.6,0.85,71.291144,49500,1503000
2026-08-25 12:00:00,ATM+2,CE,1100.0,1079.9,0.75,0.85,0.75,0.75,71.228387,3000,1503000
2026-08-25 12:05:00,ATM+2,CE,1100.0,1079.8,0.8,0.8,0.45,0.45,63.608282,26250,1503750
2026-08-25 12:10:00,ATM+2,CE,1100.0,1080.5,0.45,0.45,0.45,0.45,62.645595,0,1492500
2026-08-25 12:15:00,ATM+2,CE,1100.0,1080.2,0.3,0.45,0.15,0.15,51.21887,72000,1469250
2026-08-25 12:20:00,ATM+2,CE,1100.0,1079.5,0.15,0.15,0.1,0.1,49.846892,32250,1448250
2026-08-25 12:25:00,ATM+2,CE,1100.0,1079.6,0.1,0.15,0.05,0.05,45.295053,33000,1422000
2026-08-25 12:30:00,ATM+2,CE,1100.0,1079.6,0.1,0.1,0.05,0.05,45.904939,32250,1403250
2026-08-25 12:35:00,ATM+2,CE,1100.0,1078.5,0.1,0.1,0.05,0.1,54.032343,30750,1372500
2026-08-25 12:40:00,ATM+2,CE,1100.0,1078.1,0.1,0.1,0.1,0.1,55.667896,6750,1371000
2026-08-25 12:45:00,ATM+2,CE,1100.0,1078.3,0.1,0.1,0.05,0.05,50.542863,16500,1356000
2026-08-25 12:50:00,ATM+2,CE,1100.0,1078.4,0.05,0.05,0.05,0.05,51.098718,7500,1350000
2026-08-25 12:55:00,ATM+2,CE,1100.0,1078.4,0.05,0.05,0.05,0.05,51.893182,33750,1329750
2026-08-25 13:00:00,ATM+2,CE,1100.0,1077.7,0.1,0.1,0.05,0.05,54.214419,26250,1324500
2026-08-25 13:05:00,ATM+2,CE,1100.0,1076.5,0.05,0.05,0.05,0.05,57.697284,22500,1303500
2026-08-25 13:10:00,ATM+2,CE,1100.0,1077.2,0.05,0.05,0.05,0.05,57.154177,18750,1280250
2026-08-25 13:15:00,ATM+2,CE,1100.0,1076.4,0.05,0.05,0.05,0.05,59.949444,0,1280250
2026-08-25 13:20:00,ATM+2,CE,1100.0,1076.5,0.05,0.05,0.05,0.05,60.825399,3000,1278000
2026-08-25 13:25:00,ATM+2,CE,1100.0,1076.6,0.05,0.05,0.05,0.05,61.755596,6750,1277250
2026-08-25 13:30:00,ATM+2,CE,1100.0,1077.0,0.05,0.05,0.05,0.05,62.038305,4500,1275750
2026-08-25 13:35:00,ATM+2,CE,1100.0,1078.8,0.05,0.05,0.05,0.05,58.972245,10500,1275750
2026-08-25 13:40:00,ATM+2,CE,1100.0,1078.4,0.05,0.05,0.05,0.05,61.232734,0,1275750
2026-08-25 13:45:00,ATM+2,CE,1100.0,1078.7,0.05,0.05,0.05,0.05,61.852586,0,1275750
2026-08-25 13:50:00,ATM+2,CE,1100.0,1079.5,0.05,0.05,0.05,0.05,61.23555,31500,1269750
2026-08-25 13:55:00,ATM+2,CE,1100.0,1078.4,0.05,0.05,0.05,0.05,65.673166,0,1269750
2026-08-25 14:00:00,ATM+2,CE,1100.0,1078.6,0.05,0.05,0.05,0.05,66.837708,0,1269750
2026-08-25 14:05:00,ATM+2,CE,1100.0,1078.7,0.05,0.05,0.05,0.05,68.392742,0,1269750
2026-08-25 14:10:00,ATM+2,CE,1100.0,1079.7,0.05,0.05,0.05,0.05,67.49285,87000,1272000
2026-08-25 14:15:00,ATM+2,CE,1100.0,1079.2,0.05,0.1,0.05,0.05,71.061877,3000,1272000
2026-08-25 14:20:00,ATM+2,CE,1100.0,1079.0,0.05,0.1,0.05,0.1,82.119817,3000,1269750
2026-08-25 14:25:00,ATM+2,CE,1100.0,1078.4,0.1,0.1,0.05,0.05,78.513485,3000,1269750
2026-08-25 14:30:00,ATM+2,CE,1100.0,1081.0,0.05,0.1,0.05,0.1,81.050428,6000,1269000
2026-08-25 14:35:00,ATM+2,CE,1100.0,1080.5,0.1,0.1,0.05,0.05,77.59434,750,1269000
2026-08-25 14:40:00,ATM+2,CE,1100.0,1082.0,0.1,0.1,0.05,0.1,84.191304,21750,1268250
2026-08-25 14:45:00,ATM+2,CE,1100.0,1082.4,0.1,0.1,0.05,0.1,86.650177,21750,1268250
2026-08-25 14:50:00,ATM+2,CE,1100.0,1082.6,0.1,0.15,0.1,0.1,90.46927,3750,1268250
2026-08-25 14:55:00,ATM+2,CE,1100.0,1082.5,0.1,0.15,0.05,0.05,86.549614,25500,1267500
2026-08-25 15:00:00,ATM+2,CE,1100.0,1084.0,0.05,0.1,0.05,0.05,85.652729,36750,1267500
2026-08-25 15:05:00,ATM+2,CE,1100.0,1084.6,0.2,0.2,0.05,0.1,100.045604,7500,1267500
2026-08-25 15:10:00,ATM+2,CE,1100.0,1082.0,0.1,0.15,0.05,0.05,0.0,9750,1267500
2026-08-25 15:15:00,ATM+2,CE,1100.0,1082.0,0.1,0.15,0.05,0.15,0.0,6000,1265250
2026-08-25 15:20:00,ATM+2,CE,1100.0,1082.0,0.05,0.15,0.05,0.05,0.0,1500,1265250
2026-08-25 15:25:00,ATM+2,CE,1110.0,1087.4,0.05,0.05,0.05,0.05,0.0,4500,358500
2026-08-25 15:30:00,ATM+2,CE,1110.0,1087.4,0.05,0.05,0.05,0.05,0.0,750,358500
2026-08-25 15:35:00,ATM+2,CE,1110.0,1087.4,0.05,0.05,0.05,0.05,0.0,0,358500
2026-08-20 09:15:00,ATM+2,PE,1120.0,1097.9,24.0,24.95,23.3,24.25,20.976221,41250,583500
2026-08-20 09:20:00,ATM+2,PE,1110.0,1093.7,18.9,26.0,17.5,19.4,19.807251,35250,522000
2026-08-20 09:25:00,ATM+2,PE,1120.0,1095.5,19.4,27.75,19.4,24.95,17.705833,9000,588750
2026-08-20 09:30:00,ATM+2,PE,1110.0,1094.1,25.9,25.9,18.25,19.6,20.871742,8250,527250
2026-08-20 09:35:00,ATM+2,PE,1110.0,1093.3,19.6,20.05,18.95,19.85,20.191749,6000,528000
2026-08-20 09:40:00,ATM+2,PE,1110.0,1094.8,19.85,19.85,19.55,19.85,22.439245,6750,527250
2026-08-20 09:45:00,ATM+2,PE,1110.0,1092.4,19.85,20.7,19.7,20.7,20.667488,11250,526500
2026-08-20 09:50:00,ATM+2,PE,1110.0,1093.6,20.15,20.7,19.4,19.4,19.678036,10500,528000
2026-08-20 09:55:00,ATM+2,PE,1120.0,1096.2,19.3,26.5,18.8,25.45,20.712558,9750,586500
2026-08-20 10:00:00,ATM+2,PE,1120.0,1096.8,25.45,25.45,24.45,24.45,19.32255,6750,583500
2026-08-20 10:05:00,ATM+2,PE,1120.0,1095.3,24.7,25.65,24.45,25.65,19.30393,3750,584250
2026-08-20 10:10:00,ATM+2,PE,1120.0,1097.8,25.65,25.65,24.6,24.95,22.550645,3000,582750
2026-08-20 10:15:00,ATM+2,PE,1110.0,1094.5,23.35,25.25,17.45,18.6,19.339602,6750,531000
2026-08-20 10:20:00,ATM+2,PE,1110.0,1093.9,19.0,19.0,18.3,18.65,18.4993,20250,525000
2026-08-20 10:25:00,ATM+2,PE,1110.0,1094.4,18.65,18.95,18.65,18.95,19.965592,32250,526500
2026-08-20 10:30:00,ATM+2,PE,1120.0,1095.4,19.3,26.6,18.05,25.75,19.83357,15000,569250
2026-08-20 10:35:00,ATM+2,PE,1110.0,1094.8,25.75,26.15,18.15,18.15,18.830234,4500,512250
2026-08-20 10:40:00,ATM+2,PE,1120.0,1097.7,18.15,25.95,18.15,23.4,18.456408,9000,569250
2026-08-20 10:45:00,ATM+2,PE,1120.0,1098.9,23.4,23.7,22.65,22.65,18.976644,10500,564000
2026-08-20 10:50:00,ATM+2,PE,1120.0,1098.2,22.55,23.75,22.55,23.0,18.45849,6750,562500
2026-08-20 10:55:00,ATM+2,PE,1120.0,1100.3,23.0,23.0,21.05,21.25,18.183584,30750,561750
2026-08-20 11:00:00,ATM+2,PE,1120.0,1099.6,21.65,21.85,21.25,21.85,18.334659,4500,563250
2026-08-20 11:05:00,ATM+2,PE,1120.0,1098.6,21.85,23.9,21.85,23.9,21.529845,1500,562500
2026-08-20 11:10:00,ATM+2,PE,1120.0,1098.7,23.9,24.05,23.85,24.05,22.075234,1500,561750
2026-08-20 11:15:00,ATM+2,PE,1120.0,1096.6,24.35,25.9,24.05,25.9,22.726283,6000,562500
2026-08-20 11:20:00,ATM+2,PE,1120.0,1095.6,25.4,26.05,18.1,26.05,21.128212,8250,561750
2026-08-20 11:25:00,ATM+2,PE,1120.0,1095.5,26.6,26.75,18.6,26.4,21.848064,8250,561750
2026-08-20 11:30:00,ATM+2,PE,1120.0,1096.2,26.4,26.4,25.55,25.9,21.970015,9000,564000
2026-08-20 11:35:00,ATM+2,PE,1120.0,1096.0,25.5,26.0,25.5,25.65,20.918849,12750,569250
2026-08-20 11:40:00,ATM+2,PE,1120.0,1096.0,25.65,26.35,25.65,26.35,22.730689,4500,570000
2026-08-20 11:45:00,ATM+2,PE,1120.0,1095.7,26.35,26.35,25.85,26.05,21.361558,7500,570750
2026-08-20 11:50:00,ATM+2,PE,1120.0,1097.1,26.05,26.05,25.45,25.45,22.593506,3000,572250
2026-08-20 11:55:00,ATM+2,PE,1120.0,1097.0,24.7,25.65,24.25,24.95,21.151841,9000,571500
2026-08-20 12:00:00,ATM+2,PE,1120.0,1096.9,25.2,25.5,24.95,25.0,21.085849,6750,570000
2026-08-20 12:05:00,ATM+2,PE,1120.0,1097.0,24.75,25.0,24.15,24.8,20.77524,16500,570750
2026-08-20 12:10:00,ATM+2,PE,1120.0,1097.5,24.8,24.9,24.5,24.5,21.005706,18750,576000
2026-08-20 12:15:00,ATM+2,PE,1120.0,1098.7,24.5,24.5,23.9,23.9,21.786056,6000,578250
2026-08-20 12:20:00,ATM+2,PE,1120.0,1098.0,23.9,24.6,23.9,24.6,22.212547,3000,577500
2026-08-20 12:25:00,ATM+2,PE,1120.0,1098.2,23.95,24.6,23.65,23.65,20.233528,3750,577500
2026-08-20 12:30:00,ATM+2,PE,1120.0,1097.9,24.05,24.2,23.65,24.05,20.666526,10500,581250
2026-08-20 12:35:00,ATM+2,PE,1120.0,1099.1,24.05,24.05,23.3,23.7,22.044981,6000,581250
2026-08-20 12:40:00,ATM+2,PE,1120.0,1097.8,23.7,23.7,22.45,23.15,18.080143,17250,585750
2026-08-20 12:45:00,ATM+2,PE,1120.0,1099.0,24.2,24.2,22.55,22.55,19.021445,18000,585000
2026-08-20 12:50:00,ATM+2,PE,1120.0,1099.0,22.55,22.75,22.1,22.75,19.538766,12750,582750
2026-08-20 12:55:00,ATM+2,PE,1120.0,1097.0,22.7,24.8,22.7,24.75,20.693487,16500,576000
2026-08-20 13:00:00,ATM+2,PE,1120.0,1096.3,24.55,25.15,24.55,24.95,19.7489,12750,574500
2026-08-20 13:05:00,ATM+2,PE,1120.0,1096.4,24.95,25.05,24.55,25.05,20.244225,2250,575250
2026-08-20 13:10:00,ATM+2,PE,1120.0,1096.4,25.1,26.0,25.05,25.25,20.785079,12000,576750
2026-08-20 13:15:00,ATM+2,PE,1120.0,1096.0,25.4,25.7,24.9,25.6,20.881713,10500,575250
2026-08-20 13:20:00,ATM+2,PE,1120.0,1096.6,25.2,25.6,25.2,25.45,21.726579,4500,576750
2026-08-20 13:25:00,ATM+2,PE,1120.0,1095.9,25.5,25.55,25.25,25.55,20.541355,3750,577500
2026-08-20 13:30:00,ATM+2,PE,1120.0,1096.9,25.45,25.55,25.3,25.3,21.946151,5250,580500
2026-08-20 13:35:00,ATM+2,PE,1120.0,1095.1,25.3,25.85,25.3,25.85,19.579783,19500,580500
2026-08-20 13:40:00,ATM+2,PE,1110.0,1095.0,25.85,26.2,18.1,18.75,20.642588,6750,426750
2026-08-20 13:45:00,ATM+2,PE,1110.0,1094.7,18.75,18.95,18.6,18.85,20.412364,4500,426000
2026-08-20 13:50:00,ATM+2,PE,1110.0,1094.8,18.85,18.9,18.65,18.65,20.12914,5250,425250
2026-08-20 13:55:00,ATM+2,PE,1120.0,1095.9,18.6,26.6,18.6,25.5,20.432479,15750,577500
2026-08-20 14:00:00,ATM+2,PE,1120.0,1096.3,25.5,25.95,25.1,25.1,20.214502,15000,576750
2026-08-20 14:05:00,ATM+2,PE,1120.0,1096.0,25.1,25.1,25.0,25.0,19.26477,3750,574500
2026-08-20 14:10:00,ATM+2,PE,1120.0,1096.0,25.35,25.35,25.0,25.3,20.114729,10500,576750
2026-08-20 14:15:00,ATM+2,PE,1110.0,1095.0,25.45,25.45,17.95,19.1,21.445022,3000,418500
2026-08-20 14:20:00,ATM+2,PE,1120.0,1096.0,18.8,26.35,18.8,25.25,19.984563,6000,575250
2026-08-20 14:25:00,ATM+2,PE,1120.0,1096.2,25.25,26.0,17.9,25.8,21.89734,9750,573000
2026-08-20 14:30:00,ATM+2,PE,1120.0,1098.6,25.7,25.8,23.8,23.8,21.503429,6000,572250
2026-08-20 14:35:00,ATM+2,PE,1120.0,1099.0,23.0,23.8,23.0,23.05,20.397182,9000,567750
2026-08-20 14:40:00,ATM+2,PE,1120.0,1099.1,23.05,23.55,23.05,23.4,21.457942,4500,565500
2026-08-20 14:45:00,ATM+2,PE,1120.0,1099.8,22.9,23.4,22.0,22.2,19.806059,10500,564750
2026-08-20 14:50:00,ATM+2,PE,1120.0,1098.9,22.2,22.95,22.2,22.85,19.707095,12750,563250
2026-08-20 14:55:00,ATM+2,PE,1120.0,1098.8,22.8,23.4,22.8,22.9,19.640799,12750,561000
2026-08-20 15:00:00,ATM+2,PE,1120.0,1097.6,23.3,24.25,22.9,24.25,20.731828,38250,557250
2026-08-20 15:05:00,ATM+2,PE,1120.0,1096.5,24.25,24.6,24.25,24.55,19.185283,11250,558000
2026-08-20 15:10:00,ATM+2,PE,1120.0,1097.0,24.6,24.6,23.85,23.85,18.343283,12000,557250
2026-08-20 15:15:00,ATM+2,PE,1120.0,1097.0,23.85,23.85,23.85,23.85,18.347109,0,557250
2026-08-20 15:20:00,ATM+2,PE,1120.0,1097.0,23.85,23.85,23.85,23.85,18.35094,0,557250
2026-08-20 15:25:00,ATM+2,PE,1110.0,1095.0,23.85,23.85,17.65,17.65,18.291332,0,378000
2026-08-20 15:30:00,ATM+2,PE,1110.0,1095.0,17.65,17.65,17.65,17.65,18.29594,0,378000
2026-08-20 15:35:00,ATM+2,PE,1110.0,1095.0,17.65,17.65,17.1,17.1,17.026412,13500,376500
2026-08-21 09:15:00,ATM+2,PE,1120.0,1097.4,17.7,23.7,17.7,23.45,19.059914,19500,555000
2026-08-21 09:20:00,ATM+2,PE,1110.0,1094.3,24.6,24.6,17.15,19.05,21.657945,20250,380250
2026-08-21 09:25:00,ATM+2,PE,1120.0,1096.8,19.95,27.7,19.05,25.7,24.338145,22500,552000
2026-08-21 09:30:00,ATM+2,PE,1120.0,1095.3,25.35,26.7,25.1,26.0,21.73449,15000,549750
2026-08-21 09:35:00,ATM+2,PE,1120.0,1097.0,26.0,26.0,25.1,25.85,25.18677,9000,546000
2026-08-21 09:40:00,ATM+2,PE,1120.0,1099.5,25.15,25.85,23.75,23.75,24.594998,6750,543750
2026-08-21 09:45:00,ATM+2,PE,1120.0,1098.3,23.3,24.95,23.3,24.95,25.412216,6750,543000
2026-08-21 09:50:00,ATM+2,PE,1120.0,1099.0,24.95,24.95,23.8,23.8,23.762176,10500,543750
2026-08-21 09:55:00,ATM+2,PE,1120.0,1099.2,24.15,25.1,23.8,24.3,25.469921,15000,540000
2026-08-21 10:00:00,ATM+2,PE,1120.0,1100.0,23.15,24.3,22.35,22.35,21.909471,15000,538500
2026-08-21 10:05:00,ATM+2,PE,1120.0,1098.2,22.9,24.15,22.35,24.1,22.944216,5250,535500
2026-08-21 10:10:00,ATM+2,PE,1120.0,1096.5,24.1,25.0,24.1,25.0,21.687762,6000,537750
2026-08-21 10:15:00,ATM+2,PE,1120.0,1097.0,24.75,25.0,24.5,24.65,21.841771,9000,537750
2026-08-21 10:20:00,ATM+2,PE,1120.0,1096.1,24.65,25.65,24.65,25.65,22.697615,1500,538500
2026-08-21 10:25:00,ATM+2,PE,1120.0,1097.0,25.65,25.65,25.4,25.4,24.021896,2250,539250
2026-08-21 10:30:00,ATM+2,PE,1120.0,1096.1,25.4,25.85,25.0,25.7,22.860426,6000,539250
2026-08-21 10:35:00,ATM+2,PE,1120.0,1096.3,26.05,26.1,25.7,25.75,23.479201,7500,543000
2026-08-21 10:40:00,ATM+2,PE,1110.0,1094.0,25.75,26.6,18.25,19.9,23.343838,7500,386250
2026-08-21 10:45:00,ATM+2,PE,1110.0,1093.7,19.9,21.05,19.65,20.3,23.817334,16500,387000
2026-08-21 10:50:00,ATM+2,PE,1110.0,1094.1,19.55,20.3,19.1,19.5,22.548987,9750,386250
2026-08-21 10:55:00,ATM+2,PE,1110.0,1093.3,19.65,20.75,19.5,20.1,22.637643,6000,387000
2026-08-21 11:00:00,ATM+2,PE,1110.0,1093.4,20.3,20.5,20.1,20.1,22.823573,6750,386250
2026-08-21 11:05:00,ATM+2,PE,1110.0,1092.3,20.1,21.3,20.1,21.3,23.87303,4500,392250
2026-08-21 11:10:00,ATM+2,PE,1110.0,1094.1,21.3,21.3,20.3,20.3,24.533012,3000,391500
2026-08-21 11:15:00,ATM+2,PE,1110.0,1093.8,20.3,20.3,20.3,20.3,24.036471,0,390750
2026-08-21 11:20:00,ATM+2,PE,1120.0,1095.5,19.25,27.95,19.25,25.95,22.225129,12000,546750
2026-08-21 11:25:00,ATM+2,PE,1120.0,1096.1,26.7,26.7,25.15,26.2,24.40308,35250,545250
2026-08-21 11:30:00,ATM+2,PE,1120.0,1097.0,25.75,26.2,24.65,25.25,23.694811,8250,546750
2026-08-21 11:35:00,ATM+2,PE,1120.0,1096.6,25.45,25.45,25.15,25.15,22.492326,3000,546000
2026-08-21 11:40:00,ATM+2,PE,1120.0,1098.5,25.15,25.35,24.25,24.25,24.128089,11250,549000
2026-08-21 11:45:00,ATM+2,PE,1120.0,1098.7,23.95,24.25,23.6,23.9,23.594238,6000,548250
2026-08-21 11:50:00,ATM+2,PE,1120.0,1099.0,23.9,23.9,23.65,23.75,23.811655,11250,551250
2026-08-21 11:55:00,ATM+2,PE,1120.0,1097.4,23.5,25.05,23.5,25.05,24.042512,24750,556500
2026-08-21 12:00:00,ATM+2,PE,1120.0,1095.1,24.85,25.7,24.5,25.7,20.381918,24750,560250
2026-08-21 12:05:00,ATM+2,PE,1120.0,1095.1,25.7,25.7,25.7,25.7,20.387375,0,561750
2026-08-21 12:10:00,ATM+2,PE,1110.0,1093.8,18.85,19.0,18.35,18.75,20.216412,12000,384000
2026-08-21 12:15:00,ATM+2,PE,1120.0,1095.4,18.95,27.25,18.75,25.7,21.233412,3750,564000
2026-08-21 12:20:00,ATM+2,PE,1120.0,1095.6,25.8,25.8,25.7,25.8,22.086445,750,564750
2026-08-21 12:25:00,ATM+2,PE,1120.0,1095.2,25.8,25.8,17.6,25.8,21.030801,0,564750
2026-08-21 12:30:00,ATM+2,PE,1120.0,1095.1,25.8,25.8,24.2,24.2,14.033875,2250,564750
2026-08-21 12:35:00,ATM+2,PE,1120.0,1095.6,25.5,25.5,24.2,25.5,21.140033,750,565500
2026-08-21 12:40:00,ATM+2,PE,1110.0,1094.9,25.5,25.5,16.85,18.0,20.374463,1500,387750
2026-08-21 12:45:00,ATM+2,PE,1120.0,1095.5,25.5,25.5,17.85,25.5,20.879596,1500,565500
2026-08-21 12:50:00,ATM+2,PE,1120.0,1095.1,25.5,25.95,25.5,25.95,21.285757,2250,564750
2026-08-21 12:55:00,ATM+2,PE,1110.0,1094.7,25.95,26.25,18.0,18.75,21.922844,3750,382500
2026-08-21 13:00:00,ATM+2,PE,1110.0,1094.1,18.75,18.75,18.75,18.75,20.847414,0,382500
2026-08-21 13:05:00,ATM+2,PE,1110.0,1094.4,18.75,19.0,18.75,19.0,22.03326,3750,383250
2026-08-21 13:10:00,ATM+2,PE,1110.0,1092.7,19.0,19.35,19.0,19.35,19.711306,750,382500
2026-08-21 13:15:00,ATM+2,PE,1110.0,1094.5,19.35,19.35,18.8,18.9,21.974694,7500,378750
2026-08-21 13:20:00,ATM+2,PE,1110.0,1092.9,18.9,19.9,18.9,19.9,21.595254,6000,377250
2026-08-21 13:25:00,ATM+2,PE,1110.0,1093.3,20.25,20.25,19.8,19.8,22.098045,5250,376500
2026-08-21 13:30:00,ATM+2,PE,1110.0,1093.1,19.95,20.05,19.8,20.0,22.248586,5250,376500
2026-08-21 13:35:00,ATM+2,PE,1110.0,1093.5,20.0,20.0,19.8,19.8,22.481542,750,375000
2026-08-21 13:40:00,ATM+2,PE,1110.0,1093.9,19.8,19.8,19.55,19.55,22.57851,750,375750
2026-08-21 13:45:00,ATM+2,PE,1110.0,1093.7,19.55,19.55,19.4,19.4,21.840174,1500,375000
2026-08-21 13:50:00,ATM+2,PE,1110.0,1093.9,19.4,19.4,18.85,18.85,20.799612,1500,374250
2026-08-21 13:55:00,ATM+2,PE,1110.0,1094.1,18.85,18.95,18.85,18.95,21.43781,750,373500
2026-08-21 14:00:00,ATM+2,PE,1110.0,1093.6,18.95,19.35,18.95,19.35,21.54692,2250,373500
2026-08-21 14:05:00,ATM+2,PE,1110.0,1092.6,19.35,20.4,19.35,20.1,21.605944,6000,370500
2026-08-21 14:10:00,ATM+2,PE,1110.0,1092.5,20.1,20.15,20.0,20.0,21.147932,4500,369750
2026-08-21 14:15:00,ATM+2,PE,1110.0,1093.2,20.0,20.0,20.0,20.0,22.502914,0,369750
2026-08-21 14:20:00,ATM+2,PE,1110.0,1093.6,20.0,20.0,18.35,18.35,18.912175,3750,372750
2026-08-21 14:25:00,ATM+2,PE,1110.0,1093.9,18.35,19.05,18.35,19.05,21.367606,3000,372000
2026-08-21 14:30:00,ATM+2,PE,1110.0,1093.5,19.05,19.2,18.75,19.2,21.00778,1500,371250
2026-08-21 14:35:00,ATM+2,PE,1110.0,1093.3,19.45,19.45,19.0,19.15,20.491814,9000,372750
2026-08-21 14:40:00,ATM+2,PE,1110.0,1093.7,19.3,19.3,19.0,19.2,21.403002,9750,377250
2026-08-21 14:45:00,ATM+2,PE,1110.0,1093.5,18.9,19.2,18.7,18.7,19.692893,3750,378000
2026-08-21 14:50:00,ATM+2,PE,1110.0,1093.9,18.7,19.7,18.7,19.25,21.920135,3750,379500
2026-08-21 14:55:00,ATM+2,PE,1110.0,1092.9,18.85,19.8,18.85,19.8,21.46688,7500,381000
2026-08-21 15:00:00,ATM+2,PE,1110.0,1093.8,19.4,20.05,19.1,19.15,21.490134,12750,382500
2026-08-21 15:05:00,ATM+2,PE,1110.0,1093.0,19.55,19.55,19.15,19.45,20.7416,3000,386250
2026-08-21 15:10:00,ATM+2,PE,1110.0,1093.1,19.45,19.45,19.1,19.1,20.000671,16500,380250
2026-08-21 15:15:00,ATM+2,PE,1110.0,1093.1,19.1,19.1,18.95,18.95,19.595062,3000,378750
2026-08-21 15:20:00,ATM+2,PE,1110.0,1093.1,18.95,18.95,18.95,18.95,19.60133,0,378750
2026-08-21 15:25:00,ATM+2,PE,1110.0,1095.0,18.95,19.4,18.95,19.4,24.283158,750,377250
2026-08-21 15:30:00,ATM+2,PE,1110.0,1095.0,19.0,19.4,18.95,18.95,23.182365,2250,377250
2026-08-21 15:35:00,ATM+2,PE,1110.0,1095.0,18.95,18.95,16.1,16.1,15.65875,3000,374250
2026-08-24 09:15:00,ATM+2,PE,1110.0,1091.4,21.6,24.4,18.65,19.55,26.932997,39000,363750
2026-08-24 09:20:00,ATM+2,PE,1110.0,1093.0,19.5,19.55,18.45,18.5,28.697593,14250,366000
2026-08-24 09:25:00,ATM+2,PE,1110.0,1092.3,18.5,18.8,18.3,18.3,23.658659,18750,364500
2026-08-24 09:30:00,ATM+2,PE,1110.0,1094.4,19.25,19.25,17.8,17.8,31.006846,10500,364500
2026-08-24 09:35:00,ATM+2,PE,1110.0,1092.2,17.8,19.55,17.8,19.55,31.115089,5250,365250
2026-08-24 09:40:00,ATM+2,PE,1110.0,1091.8,19.55,19.55,18.75,18.75,23.838099,3000,361500
2026-08-24 09:45:00,ATM+2,PE,1110.0,1092.8,19.35,19.7,18.75,19.45,33.2576,7500,363000
2026-08-24 09:50:00,ATM+2,PE,1110.0,1092.0,19.45,19.45,18.4,18.95,26.54532,8250,361500
2026-08-24 09:55:00,ATM+2,PE,1110.0,1092.2,18.95,18.95,18.3,18.3,23.14943,3000,357000
2026-08-24 10:00:00,ATM+2,PE,1110.0,1090.7,18.65,18.7,18.3,18.4,0.0,5250,354750
2026-08-24 10:05:00,ATM+2,PE,1110.0,1090.4,18.4,19.35,18.4,19.05,0.0,9750,357000
2026-08-24 10:10:00,ATM+2,PE,1110.0,1089.3,20.55,21.45,19.05,21.45,27.933591,3750,356250
2026-08-24 10:15:00,ATM+2,PE,1110.0,1092.0,20.65,21.45,18.55,19.05,27.367505,7500,353250
2026-08-24 10:20:00,ATM+2,PE,1110.0,1090.8,18.35,19.45,18.35,19.45,22.421832,3000,351750
2026-08-24 10:25:00,ATM+2,PE,1110.0,1091.6,19.35,19.45,19.0,19.15,25.772838,9750,353250
2026-08-24 10:30:00,ATM+2,PE,1110.0,1090.7,19.25,19.25,18.85,19.1,16.945733,8250,354750
2026-08-24 10:35:00,ATM+2,PE,1110.0,1091.3,19.55,19.55,19.1,19.4,25.762387,3000,351750
2026-08-24 10:40:00,ATM+2,PE,1110.0,1091.2,19.1,19.4,19.1,19.4,25.129077,9750,347250
2026-08-24 10:45:00,ATM+2,PE,1110.0,1089.8,19.4,20.65,19.4,20.65,25.259902,6000,348000
2026-08-24 10:50:00,ATM+2,PE,1110.0,1089.7,20.65,21.05,20.65,21.0,27.422942,2250,351000
2026-08-24 10:55:00,ATM+2,PE,1110.0,1088.6,20.25,21.5,19.85,21.5,22.927434,16500,348750
2026-08-24 11:00:00,ATM+2,PE,1110.0,1087.4,21.95,21.95,21.5,21.95,0.0,3000,348000
2026-08-24 11:05:00,ATM+2,PE,1110.0,1087.5,23.05,23.65,21.95,22.85,26.568843,10500,346500
2026-08-24 11:10:00,ATM+2,PE,1110.0,1087.5,22.85,23.05,22.85,23.0,27.991359,20250,346500
2026-08-24 11:15:00,ATM+2,PE,1110.0,1087.1,23.5,23.5,22.7,23.1,25.435816,8250,347250
2026-08-24 11:20:00,ATM+2,PE,1110.0,1087.6,23.1,23.1,22.8,22.8,27.046474,9750,342750
2026-08-24 11:25:00,ATM+2,PE,1110.0,1088.2,22.9,22.9,22.35,22.35,27.870438,9750,347250
2026-08-24 11:30:00,ATM+2,PE,1100.0,1084.8,22.35,22.35,15.25,16.6,27.253907,17250,1383750
2026-08-24 11:35:00,ATM+2,PE,1110.0,1085.1,16.7,25.5,16.55,24.1,0.0,133500,345000
2026-08-24 11:40:00,ATM+2,PE,1110.0,1087.2,15.75,24.5,15.45,22.85,23.690224,24750,346500
2026-08-24 11:45:00,ATM+2,PE,1110.0,1087.2,22.85,23.6,22.8,22.8,23.038726,16500,340500
2026-08-24 11:50:00,ATM+2,PE,1110.0,1086.8,23.1,23.2,22.8,22.85,11.708898,17250,328500
2026-08-24 11:55:00,ATM+2,PE,1110.0,1086.0,22.7,23.9,22.7,23.9,22.481894,4500,326250
2026-08-24 12:00:00,ATM+2,PE,1110.0,1086.4,23.9,23.9,23.35,23.35,18.891097,3000,326250
2026-08-24 12:05:00,ATM+2,PE,1110.0,1086.3,23.7,23.7,23.35,23.6,22.280974,1500,327000
2026-08-24 12:10:00,ATM+2,PE,1110.0,1086.1,23.6,23.7,23.6,23.7,20.433918,8250,326250
2026-08-24 12:15:00,ATM+2,PE,1110.0,1086.7,23.7,23.85,23.4,23.4,24.919385,7500,324000
2026-08-24 12:20:00,ATM+2,PE,1110.0,1086.2,23.4,23.4,23.4,23.4,0.0,0,324000
2026-08-24 12:25:00,ATM+2,PE,1110.0,1085.6,24.15,24.15,23.4,23.4,0.0,3750,323250
2026-08-24 12:30:00,ATM+2,PE,1110.0,1085.4,15.55,24.45,15.35,24.45,22.099011,3000,322500
2026-08-24 12:35:00,ATM+2,PE,1100.0,1084.6,24.45,24.45,15.7,16.7,27.341301,31500,1302750
2026-08-24 12:40:00,ATM+2,PE,1100.0,1084.2,16.4,17.05,16.4,16.65,24.851725,16500,1299750
2026-08-24 12:45:00,ATM+2,PE,1110.0,1085.1,16.65,25.7,16.6,24.95,25.755927,12750,324750
2026-08-24 12:50:00,ATM+2,PE,1100.0,1084.5,16.85,16.85,16.3,16.65,26.609708,21750,1258500
2026-08-24 12:55:00,ATM+2,PE,1100.0,1083.4,16.85,17.2,16.4,17.05,22.714181,48750,1269750
2026-08-24 13:00:00,ATM+2,PE,1100.0,1083.4,17.5,26.05,16.4,17.7,27.587194,79500,1262250
2026-08-24 13:05:00,ATM+2,PE,1100.0,1082.9,17.75,18.9,17.7,17.7,24.511271,27000,1251750
2026-08-24 13:10:00,ATM+2,PE,1100.0,1082.3,17.55,18.55,17.55,17.65,18.548422,30750,1239000
2026-08-24 13:15:00,ATM+2,PE,1100.0,1082.3,18.15,18.3,17.65,18.05,23.025315,18750,1232250
2026-08-24 13:20:00,ATM+2,PE,1100.0,1081.8,17.95,18.7,17.95,18.6,24.00278,10500,1229250
2026-08-24 13:25:00,ATM+2,PE,1100.0,1082.4,18.65,18.95,18.1,18.1,24.318728,13500,1219500
2026-08-24 13:30:00,ATM+2,PE,1100.0,1083.3,18.0,18.2,17.95,18.05,29.588899,21750,1214250
2026-08-24 13:35:00,ATM+2,PE,1100.0,1082.4,17.8,18.65,17.25,18.6,28.266914,53250,1206750
2026-08-24 13:40:00,ATM+2,PE,1100.0,1082.7,18.6,18.8,18.0,18.5,29.364574,18000,1200750
2026-08-24 13:45:00,ATM+2,PE,1100.0,1083.8,18.6,18.6,17.6,17.6,29.453389,24750,1199250
2026-08-24 13:50:00,ATM+2,PE,1100.0,1082.3,16.95,18.55,16.75,18.55,27.390118,27000,1202250
2026-08-24 13:55:00,ATM+2,PE,1100.0,1081.1,18.4,19.45,18.4,19.45,26.26311,30000,1199250
2026-08-24 14:00:00,ATM+2,PE,1100.0,1080.7,20.2,20.2,19.45,19.9,27.139744,26250,1186500
2026-08-24 14:05:00,ATM+2,PE,1100.0,1080.8,19.65,19.9,19.35,19.35,22.647176,15000,1177500
2026-08-24 14:10:00,ATM+2,PE,1100.0,1080.3,19.4,20.3,19.35,20.0,24.788041,12000,1171500
2026-08-24 14:15:00,ATM+2,PE,1100.0,1080.3,20.15,20.45,19.7,20.0,24.818891,21000,1161000
2026-08-24 14:20:00,ATM+2,PE,1100.0,1079.2,19.95,20.9,19.95,20.9,23.567024,15000,1157250
2026-08-24 14:25:00,ATM+2,PE,1100.0,1079.8,21.1,21.1,20.35,20.55,25.880676,32250,1131000
2026-08-24 14:30:00,ATM+2,PE,1100.0,1081.4,20.55,20.55,18.3,19.5,29.063588,64500,1107000
2026-08-24 14:35:00,ATM+2,PE,1100.0,1080.5,19.3,19.85,19.3,19.85,25.263269,30750,1097250
2026-08-24 14:40:00,ATM+2,PE,1100.0,1080.4,19.65,20.15,19.65,19.65,21.930768,33000,1071750
2026-08-24 14:45:00,ATM+2,PE,1100.0,1079.9,19.65,20.95,19.65,20.6,27.386883,27750,1061250
2026-08-24 14:50:00,ATM+2,PE,1100.0,1080.3,20.75,20.9,20.05,20.25,27.478169,22500,1058250
2026-08-24 14:55:00,ATM+2,PE,1100.0,1079.6,20.5,21.15,20.25,20.6,24.627062,14250,1059000
2026-08-24 15:00:00,ATM+2,PE,1100.0,1078.6,21.0,22.1,20.6,22.1,30.664691,21000,1052250
2026-08-24 15:05:00,ATM+2,PE,1100.0,1078.8,22.45,22.7,22.0,22.0,31.364585,35250,1046250
2026-08-24 15:10:00,ATM+2,PE,1100.0,1078.9,21.4,22.0,20.7,20.7,0.0,15750,1044000
2026-08-24 15:15:00,ATM+2,PE,1100.0,1078.9,21.3,21.4,20.35,20.65,0.0,9000,1041750
2026-08-24 15:20:00,ATM+2,PE,1100.0,1078.9,20.65,21.2,20.65,21.05,21.894711,13500,1038000
2026-08-24 15:25:00,ATM+2,PE,1100.0,1077.0,21.35,22.65,21.05,22.65,0.0,23250,1029750
2026-08-24 15:30:00,ATM+2,PE,1100.0,1077.0,22.0,22.8,21.65,22.8,20.079669,13500,1021500
2026-08-24 15:35:00,ATM+2,PE,1100.0,1077.0,22.6,23.8,22.0,23.05,25.24058,26250,1014000
2026-08-25 09:15:00,ATM+2,PE,1100.0,1075.7,18.1,26.25,16.45,26.25,82.975497,11250,996000
2026-08-25 09:20:00,ATM+2,PE,1100.0,1075.5,24.55,26.25,24.55,25.25,64.120353,22500,998250
2026-08-25 09:25:00,ATM+2,PE,1100.0,1075.7,25.25,25.35,24.9,24.9,60.929632,21750,996750
2026-08-25 09:30:00,ATM+2,PE,1100.0,1075.7,24.75,25.6,24.75,25.25,68.476557,13500,996750
2026-08-25 09:35:00,ATM+2,PE,1090.0,1073.4,16.0,17.4,15.7,17.3,48.68561,39750,740250
2026-08-25 09:40:00,ATM+2,PE,1090.0,1072.8,18.0,18.25,17.3,18.0,52.097803,91500,696750
2026-08-25 09:45:00,ATM+2,PE,1090.0,1074.7,18.4,27.6,16.15,16.7,57.463561,56250,648000
2026-08-25 09:50:00,ATM+2,PE,1090.0,1073.2,16.9,19.45,16.7,18.8,69.814365,18750,642750
2026-08-25 09:55:00,ATM+2,PE,1090.0,1075.0,18.8,28.0,16.25,16.25,55.36771,750,638250
2026-08-25 10:00:00,ATM+2,PE,1100.0,1076.3,25.65,26.0,16.35,25.5,84.526657,15000,986250
2026-08-25 10:05:00,ATM+2,PE,1100.0,1075.4,25.5,25.5,24.0,24.6,42.305916,4500,986250
2026-08-25 10:10:00,ATM+2,PE,1100.0,1075.8,25.0,26.05,14.0,25.65,81.317154,20250,985500
2026-08-25 10:15:00,ATM+2,PE,1100.0,1075.5,25.55,25.75,25.25,25.75,79.121655,21000,985500
2026-08-25 10:20:00,ATM+2,PE,1090.0,1074.1,25.6,25.75,15.8,16.8,53.954752,6750,609750
2026-08-25 10:25:00,ATM+2,PE,1090.0,1074.1,16.8,17.9,16.8,17.45,64.744556,1500,610500
2026-08-25 10:30:00,ATM+2,PE,1090.0,1073.7,18.1,18.3,17.15,17.15,54.85275,9750,604500
2026-08-25 10:35:00,ATM+2,PE,1090.0,1074.3,17.15,17.15,16.75,16.75,57.357584,6750,603000
2026-08-25 10:40:00,ATM+2,PE,1090.0,1074.4,16.85,17.95,16.75,17.5,70.614453,2250,601500
2026-08-25 10:45:00,ATM+2,PE,1090.0,1074.0,17.5,18.0,17.2,17.8,70.885591,10500,600000
2026-08-25 10:50:00,ATM+2,PE,1090.0,1074.9,17.6,17.8,17.0,17.0,70.393735,8250,599250
2026-08-25 10:55:00,ATM+2,PE,1090.0,1074.5,17.0,17.55,17.0,17.55,74.307712,4500,592500
2026-08-25 11:00:00,ATM+2,PE,1100.0,1075.9,25.6,27.3,24.8,24.8,72.2953,3750,976500
2026-08-25 11:05:00,ATM+2,PE,1100.0,1076.1,24.8,25.1,24.8,25.1,83.466692,750,976500
2026-08-25 11:10:00,ATM+2,PE,1100.0,1077.2,25.1,25.1,24.2,24.2,85.281662,1500,977250
2026-08-25 11:15:00,ATM+2,PE,1100.0,1076.1,24.15,24.2,23.4,23.4,0.0,9000,976500
2026-08-25 11:20:00,ATM+2,PE,1100.0,1076.6,23.4,23.4,23.4,23.4,44.448449,0,976500
2026-08-25 11:25:00,ATM+2,PE,1100.0,1076.4,23.4,24.65,23.4,24.65,82.72071,2250,976500
2026-08-25 11:30:00,ATM+2,PE,1100.0,1076.4,23.95,24.65,23.65,24.0,66.534545,4500,975000
2026-08-25 11:35:00,ATM+2,PE,1100.0,1077.6,24.0,24.0,23.5,23.5,82.34204,7500,974250
2026-08-25 11:40:00,ATM+2,PE,1100.0,1077.5,23.5,23.5,22.4,22.4,0.0,4500,974250
2026-08-25 11:45:00,ATM+2,PE,1100.0,1077.6,22.4,23.45,22.4,23.2,77.139449,6750,975750
2026-08-25 11:50:00,ATM+2,PE,1100.0,1079.2,23.65,23.65,21.2,21.2,62.764456,12750,978000
2026-08-25 11:55:00,ATM+2,PE,1100.0,1080.5,20.75,21.2,20.0,20.0,63.376254,7500,978000
2026-08-25 12:00:00,ATM+2,PE,1100.0,1079.9,19.85,20.0,19.85,19.85,0.0,750,978000
2026-08-25 12:05:00,ATM+2,PE,1100.0,1079.8,19.85,21.6,19.85,21.55,86.936487,4500,977250
2026-08-25 12:10:00,ATM+2,PE,1100.0,1080.5,21.55,21.55,19.85,19.85,60.700483,750,977250
2026-08-25 12:15:00,ATM+2,PE,1100.0,1080.2,19.85,20.3,19.8,20.3,67.129444,2250,977250
2026-08-25 12:20:00,ATM+2,PE,1100.0,1079.5,21.15,21.15,20.1,20.1,0.0,2250,977250
2026-08-25 12:25:00,ATM+2,PE,1100.0,1079.6,20.1,22.0,20.1,22.0,97.134191,3750,977250
2026-08-25 12:30:00,ATM+2,PE,1100.0,1079.6,22.0,22.0,20.65,21.65,90.954231,3750,974250
2026-08-25 12:35:00,ATM+2,PE,1100.0,1078.5,20.45,22.1,20.45,21.65,60.220938,5250,973500
2026-08-25 12:40:00,ATM+2,PE,1100.0,1078.1,21.65,23.75,21.65,23.75,111.374608,6000,971250
2026-08-25 12:45:00,ATM+2,PE,1100.0,1078.3,23.75,23.75,21.55,21.55,0.0,2250,971250
2026-08-25 12:50:00,ATM+2,PE,1100.0,1078.4,21.55,21.55,21.55,21.55,0.0,0,970500
2026-08-25 12:55:00,ATM+2,PE,1100.0,1078.4,21.55,22.4,21.55,22.4,89.650315,11250,970500
2026-08-25 13:00:00,ATM+2,PE,1100.0,1077.7,22.4,24.05,22.4,24.05,117.475958,3750,969750
2026-08-25 13:05:00,ATM+2,PE,1100.0,1076.5,24.05,24.05,24.05,24.05,89.963109,0,969750
2026-08-25 13:10:00,ATM+2,PE,1100.0,1077.2,24.05,24.05,23.9,23.9,106.801457,1500,969750
2026-08-25 13:15:00,ATM+2,PE,1100.0,1076.4,23.9,23.9,23.9,23.9,82.281924,0,969750
2026-08-25 13:20:00,ATM+2,PE,1100.0,1076.5,23.9,23.9,23.9,23.9,88.358765,0,969750
2026-08-25 13:25:00,ATM+2,PE,1100.0,1076.6,23.9,24.5,23.9,24.5,114.837451,8250,970500
2026-08-25 13:30:00,ATM+2,PE,1100.0,1077.0,24.5,24.5,24.0,24.0,112.574204,3750,970500
2026-08-25 13:35:00,ATM+2,PE,1100.0,1078.8,24.0,24.0,24.0,24.0,153.211256,11250,970500
2026-08-25 13:40:00,ATM+2,PE,1100.0,1078.4,24.0,24.0,23.0,23.0,123.954264,9750,970500
2026-08-25 13:45:00,ATM+2,PE,1100.0,1078.7,23.0,23.0,23.0,23.0,133.711427,0,970500
2026-08-25 13:50:00,ATM+2,PE,1100.0,1079.5,23.0,23.5,23.0,23.5,164.965191,16500,970500
2026-08-25 13:55:00,ATM+2,PE,1100.0,1078.4,23.5,23.5,23.5,23.5,146.989339,0,970500
2026-08-25 14:00:00,ATM+2,PE,1100.0,1078.6,23.5,23.5,23.5,23.5,155.274706,0,970500
2026-08-25 14:05:00,ATM+2,PE,1100.0,1078.7,23.5,23.5,23.5,23.5,161.736745,0,970500
2026-08-25 14:10:00,ATM+2,PE,1100.0,1079.7,24.25,24.25,23.5,24.25,205.07728,3000,970500
2026-08-25 14:15:00,ATM+2,PE,1100.0,1079.2,24.25,24.25,23.0,23.0,168.911829,2250,969750
2026-08-25 14:20:00,ATM+2,PE,1100.0,1079.0,23.0,23.6,23.0,23.6,186.945689,7500,969750
2026-08-25 14:25:00,ATM+2,PE,1100.0,1078.4,23.6,23.6,23.1,23.1,162.125051,3000,969000
2026-08-25 14:30:00,ATM+2,PE,1100.0,1081.0,23.1,23.1,22.5,22.5,214.016487,3000,969000
2026-08-25 14:35:00,ATM+2,PE,1100.0,1080.5,20.0,22.5,20.0,20.0,119.626473,5250,969000
2026-08-25 14:40:00,ATM+2,PE,1100.0,1082.0,22.0,22.0,20.0,21.0,210.898909,5250,969000
2026-08-25 14:45:00,ATM+2,PE,1100.0,1082.4,21.0,21.0,21.0,21.0,230.670746,0,969000
2026-08-25 14:50:00,ATM+2,PE,1100.0,1082.6,21.0,21.0,21.0,21.0,0.0,0,969000
2026-08-25 14:55:00,ATM+2,PE,1100.0,1082.5,21.0,21.0,18.3,19.6,0.0,2250,968250
2026-08-25 15:00:00,ATM+2,PE,1100.0,1084.0,19.6,20.9,19.4,19.4,0.0,11250,968250
2026-08-25 15:05:00,ATM+2,PE,1100.0,1084.6,19.4,19.4,18.0,18.0,0.0,3000,967500
2026-08-25 15:10:00,ATM+2,PE,1100.0,1082.0,17.4,20.05,17.4,20.0,0.0,3000,968250
2026-08-25 15:15:00,ATM+2,PE,1100.0,1082.0,18.55,20.0,18.5,18.5,0.0,4500,968250
2026-08-25 15:20:00,ATM+2,PE,1100.0,1082.0,16.2,18.5,16.2,16.2,0.0,2250,969750
2026-08-25 15:25:00,ATM+2,PE,1110.0,1087.4,16.2,28.0,16.2,28.0,0.0,0,315750
2026-08-25 15:30:00,ATM+2,PE,1110.0,1087.4,28.0,28.0,25.95,25.95,0.0,11250,312750
2026-08-25 15:35:00,ATM+2,PE,1110.0,1087.4,25.95,25.95,25.95,25.95,0.0,0,312750
2026-08-20 09:15:00,ATM+3,CE,1130.0,1097.9,1.4,3.35,1.4,3.0,24.182885,245250,558000
2026-08-20 09:20:00,ATM+3,CE,1120.0,1093.7,4.55,4.85,2.6,3.65,23.087171,183000,1872750
2026-08-20 09:25:00,ATM+3,CE,1130.0,1095.5,3.75,3.75,2.35,2.6,24.203359,32250,573750
2026-08-20 09:30:00,ATM+3,CE,1120.0,1094.1,2.6,4.0,2.4,3.8,23.267369,42750,1888500
2026-08-20 09:35:00,ATM+3,CE,1120.0,1093.3,3.7,3.8,3.25,3.25,22.268648,47250,1893750
2026-08-20 09:40:00,ATM+3,CE,1120.0,1094.8,3.45,3.7,3.25,3.7,22.630169,79500,1884750
2026-08-20 09:45:00,ATM+3,CE,1120.0,1092.4,3.7,3.7,3.3,3.3,22.912086,60750,1897500
2026-08-20 09:50:00,ATM+3,CE,1120.0,1093.6,3.15,3.3,2.8,3.1,21.719719,133500,1888500
2026-08-20 09:55:00,ATM+3,CE,1130.0,1096.2,3.15,3.3,1.95,2.25,22.779361,20250,594000
2026-08-20 10:00:00,ATM+3,CE,1130.0,1096.8,2.1,2.25,2.1,2.2,22.329842,27000,590250
2026-08-20 10:05:00,ATM+3,CE,1130.0,1095.3,2.15,2.2,2.0,2.0,22.380274,18000,600750
2026-08-20 10:10:00,ATM+3,CE,1130.0,1097.8,2.2,2.2,2.0,2.2,21.857351,6000,608250
2026-08-20 10:15:00,ATM+3,CE,1120.0,1094.5,2.2,3.45,2.05,3.15,21.403022,32250,1887750
2026-08-20 10:20:00,ATM+3,CE,1120.0,1093.9,2.95,3.2,2.95,3.1,21.602958,34500,1887750
2026-08-20 10:25:00,ATM+3,CE,1120.0,1094.4,3.1,3.15,3.05,3.05,21.201136,35250,1899000
2026-08-20 10:30:00,ATM+3,CE,1130.0,1095.4,3.1,3.2,1.75,1.95,22.196798,63750,627000
2026-08-20 10:35:00,ATM+3,CE,1120.0,1094.8,1.95,3.1,1.95,3.0,20.861269,9750,1903500
2026-08-20 10:40:00,ATM+3,CE,1130.0,1097.7,3.0,3.0,1.75,2.3,22.278455,112500,633000
2026-08-20 10:45:00,ATM+3,CE,1130.0,1098.9,2.2,2.45,2.2,2.4,22.007223,12000,632250
2026-08-20 10:50:00,ATM+3,CE,1130.0,1098.2,2.4,2.4,2.4,2.4,22.365401,0,632250
2026-08-20 10:55:00,ATM+3,CE,1130.0,1100.3,2.35,2.8,2.35,2.75,22.37246,120750,636000
2026-08-20 11:00:00,ATM+3,CE,1130.0,1099.6,2.65,2.75,2.3,2.3,21.365689,39000,637500
2026-08-20 11:05:00,ATM+3,CE,1130.0,1098.6,2.4,2.4,2.3,2.3,21.871788,6000,634500
2026-08-20 11:10:00,ATM+3,CE,1130.0,1098.7,2.3,2.3,2.2,2.25,21.669507,12000,633750
2026-08-20 11:15:00,ATM+3,CE,1130.0,1096.6,2.2,2.25,1.95,1.95,21.695508,5250,630750
2026-08-20 11:20:00,ATM+3,CE,1130.0,1095.6,1.95,3.25,1.95,2.0,22.356451,23250,638250
2026-08-20 11:25:00,ATM+3,CE,1130.0,1095.5,2.0,3.1,1.85,1.85,21.87904,13500,636750
2026-08-20 11:30:00,ATM+3,CE,1130.0,1096.2,1.85,2.0,1.85,2.0,22.08473,13500,631500
2026-08-20 11:35:00,ATM+3,CE,1130.0,1096.0,2.0,2.0,2.0,2.0,22.188665,3750,629250
2026-08-20 11:40:00,ATM+3,CE,1130.0,1096.0,2.0,2.0,1.85,1.85,21.666079,750,627750
2026-08-20 11:45:00,ATM+3,CE,1130.0,1095.7,1.85,1.9,1.85,1.9,21.995221,1500,627750
2026-08-20 11:50:00,ATM+3,CE,1130.0,1097.1,1.85,2.05,1.85,2.05,21.854049,4500,627750
2026-08-20 11:55:00,ATM+3,CE,1130.0,1097.0,2.05,2.05,1.95,1.95,21.56583,12750,624000
2026-08-20 12:00:00,ATM+3,CE,1130.0,1096.9,1.95,1.95,1.95,1.95,21.621656,3000,624000
2026-08-20 12:05:00,ATM+3,CE,1130.0,1097.0,1.95,2.05,1.95,1.95,21.58137,53250,624750
2026-08-20 12:10:00,ATM+3,CE,1130.0,1097.5,1.9,2.0,1.9,2.0,21.520574,6000,633000
2026-08-20 12:15:00,ATM+3,CE,1130.0,1098.7,2.0,2.1,1.95,2.1,21.279947,5250,635250
2026-08-20 12:20:00,ATM+3,CE,1130.0,1098.0,2.1,2.1,1.95,1.95,21.122319,6000,639000
2026-08-20 12:25:00,ATM+3,CE,1130.0,1098.2,1.95,2.1,1.95,2.1,21.540981,14250,642000
2026-08-20 12:30:00,ATM+3,CE,1130.0,1097.9,2.05,2.1,2.0,2.0,21.357543,6000,648000
2026-08-20 12:35:00,ATM+3,CE,1130.0,1099.1,2.0,2.1,2.0,2.1,21.113721,17250,652500
2026-08-20 12:40:00,ATM+3,CE,1130.0,1097.8,2.25,2.4,2.1,2.2,22.093793,24750,651000
2026-08-20 12:45:00,ATM+3,CE,1130.0,1099.0,2.05,2.5,2.05,2.5,22.461103,15750,651000
2026-08-20 12:50:00,ATM+3,CE,1130.0,1099.0,2.5,2.5,2.3,2.3,21.837526,10500,650250
2026-08-20 12:55:00,ATM+3,CE,1130.0,1097.0,2.2,2.3,2.05,2.1,22.176162,18750,651750
2026-08-20 13:00:00,ATM+3,CE,1130.0,1096.3,2.05,2.1,1.95,2.0,22.180075,10500,651000
2026-08-20 13:05:00,ATM+3,CE,1130.0,1096.4,2.0,2.0,1.95,1.95,21.964505,3750,656250
2026-08-20 13:10:00,ATM+3,CE,1130.0,1096.4,1.95,1.95,1.8,1.8,21.435776,33750,658500
2026-08-20 13:15:00,ATM+3,CE,1130.0,1096.0,1.9,2.0,1.8,1.8,21.633402,6000,645750
2026-08-20 13:20:00,ATM+3,CE,1130.0,1096.6,1.85,1.9,1.8,1.8,21.356288,9000,649500
2026-08-20 13:25:00,ATM+3,CE,1130.0,1095.9,1.8,1.8,1.8,1.8,21.696572,0,649500
2026-08-20 13:30:00,ATM+3,CE,1130.0,1096.9,1.8,2.0,1.8,1.95,21.763039,58500,635250
2026-08-20 13:35:00,ATM+3,CE,1130.0,1095.1,1.95,1.95,1.85,1.85,22.275482,15000,636750
2026-08-20 13:40:00,ATM+3,CE,1120.0,1095.0,1.85,3.15,1.85,3.05,21.171748,46500,1867500
2026-08-20 13:45:00,ATM+3,CE,1120.0,1094.7,3.0,3.05,2.85,2.9,20.928512,30750,1859250
2026-08-20 13:50:00,ATM+3,CE,1120.0,1094.8,2.95,3.15,2.8,3.15,21.573082,46500,1857750
2026-08-20 13:55:00,ATM+3,CE,1130.0,1095.9,3.15,3.15,1.8,1.9,22.10711,32250,653250
2026-08-20 14:00:00,ATM+3,CE,1130.0,1096.3,1.9,1.95,1.85,1.95,22.100932,10500,648000
2026-08-20 14:05:00,ATM+3,CE,1130.0,1096.0,1.95,2.0,1.95,2.0,22.430745,13500,646500
2026-08-20 14:10:00,ATM+3,CE,1130.0,1096.0,1.9,2.0,1.9,1.95,22.262,5250,637500
2026-08-20 14:15:00,ATM+3,CE,1120.0,1095.0,1.95,3.35,1.95,3.35,22.043008,750,1853250
2026-08-20 14:20:00,ATM+3,CE,1130.0,1096.0,3.0,3.35,1.8,1.85,21.918796,4500,638250
2026-08-20 14:25:00,ATM+3,CE,1130.0,1096.2,1.85,3.2,1.85,1.95,22.189763,23250,637500
2026-08-20 14:30:00,ATM+3,CE,1130.0,1098.6,1.85,2.15,1.85,2.15,21.70705,10500,642000
2026-08-20 14:35:00,ATM+3,CE,1130.0,1099.0,2.2,2.2,2.05,2.1,21.349522,20250,637500
2026-08-20 14:40:00,ATM+3,CE,1130.0,1099.1,2.1,2.1,2.1,2.1,21.30767,0,636750
2026-08-20 14:45:00,ATM+3,CE,1130.0,1099.8,2.15,2.25,2.1,2.2,21.294345,12000,632250
2026-08-20 14:50:00,ATM+3,CE,1130.0,1098.9,2.2,2.2,1.95,1.95,20.914425,18000,628500
2026-08-20 14:55:00,ATM+3,CE,1130.0,1098.8,1.95,1.95,1.85,1.95,20.97121,7500,628500
2026-08-20 15:00:00,ATM+3,CE,1130.0,1097.6,1.85,1.95,1.7,1.7,20.668617,56250,632250
2026-08-20 15:05:00,ATM+3,CE,1130.0,1096.5,1.7,1.7,1.65,1.7,21.198906,25500,636000
2026-08-20 15:10:00,ATM+3,CE,1130.0,1097.0,1.7,1.8,1.7,1.8,21.337284,15000,630750
2026-08-20 15:15:00,ATM+3,CE,1130.0,1097.0,1.8,1.85,1.7,1.85,21.526158,7500,625500
2026-08-20 15:20:00,ATM+3,CE,1130.0,1097.0,1.85,1.85,1.8,1.8,21.353059,3000,622500
2026-08-20 15:25:00,ATM+3,CE,1120.0,1095.0,1.8,3.0,1.75,3.0,21.198489,24000,1881000
2026-08-20 15:30:00,ATM+3,CE,1120.0,1095.0,3.0,3.05,2.9,3.05,21.345383,12000,1878000
2026-08-20 15:35:00,ATM+3,CE,1120.0,1095.0,3.05,3.05,2.95,2.95,21.074665,12750,1877250
2026-08-21 09:15:00,ATM+3,CE,1130.0,1097.4,1.9,3.2,1.6,1.65,22.453404,182250,622500
2026-08-21 09:20:00,ATM+3,CE,1120.0,1094.3,1.45,2.7,1.45,2.3,21.312419,241500,1870500
2026-08-21 09:25:00,ATM+3,CE,1130.0,1096.8,2.35,2.35,1.3,1.35,21.496511,113250,604500
2026-08-21 09:30:00,ATM+3,CE,1130.0,1095.3,1.3,1.35,1.15,1.15,21.301395,33000,596250
2026-08-21 09:35:00,ATM+3,CE,1130.0,1097.0,1.2,1.4,1.15,1.3,21.191198,38250,579750
2026-08-21 09:40:00,ATM+3,CE,1130.0,1099.5,1.35,1.55,1.3,1.55,21.015296,24750,591000
2026-08-21 09:45:00,ATM+3,CE,1130.0,1098.3,1.55,1.55,1.3,1.3,20.56703,50250,597000
2026-08-21 09:50:00,ATM+3,CE,1130.0,1099.0,1.3,1.4,1.3,1.4,20.662416,35250,608250
2026-08-21 09:55:00,ATM+3,CE,1130.0,1099.2,1.4,1.4,1.25,1.25,19.915768,11250,612000
2026-08-21 10:00:00,ATM+3,CE,1130.0,1100.0,1.6,1.6,1.25,1.45,20.384337,68250,624750
2026-08-21 10:05:00,ATM+3,CE,1130.0,1098.2,1.45,1.45,1.25,1.25,20.427217,24750,622500
2026-08-21 10:10:00,ATM+3,CE,1130.0,1096.5,1.25,1.25,1.1,1.1,20.553175,15750,617250
2026-08-21 10:15:00,ATM+3,CE,1130.0,1097.0,1.15,1.25,1.1,1.25,21.03553,14250,610500
2026-08-21 10:20:00,ATM+3,CE,1130.0,1096.1,1.25,1.25,1.25,1.25,21.485783,0,610500
2026-08-21 10:25:00,ATM+3,CE,1130.0,1097.0,1.1,1.25,1.1,1.2,20.820285,3750,609000
2026-08-21 10:30:00,ATM+3,CE,1130.0,1096.1,1.2,1.2,1.0,1.05,20.529978,16500,603000
2026-08-21 10:35:00,ATM+3,CE,1130.0,1096.3,1.05,1.1,1.05,1.1,20.694036,5250,600750
2026-08-21 10:40:00,ATM+3,CE,1120.0,1094.0,1.05,1.8,1.05,1.55,18.951579,31500,1846500
2026-08-21 10:45:00,ATM+3,CE,1120.0,1093.7,1.65,1.65,1.4,1.45,18.727219,19500,1851000
2026-08-21 10:50:00,ATM+3,CE,1120.0,1094.1,1.55,1.7,1.45,1.65,19.295868,12750,1851750
2026-08-21 10:55:00,ATM+3,CE,1120.0,1093.3,1.65,1.65,1.4,1.45,18.954376,34500,1850250
2026-08-21 11:00:00,ATM+3,CE,1120.0,1093.4,1.45,1.55,1.35,1.5,19.108988,92250,1908750
2026-08-21 11:05:00,ATM+3,CE,1120.0,1092.3,1.5,1.5,1.4,1.4,19.290767,21000,1924500
2026-08-21 11:10:00,ATM+3,CE,1120.0,1094.1,1.45,1.6,1.35,1.6,19.14042,67500,1903500
2026-08-21 11:15:00,ATM+3,CE,1120.0,1093.8,1.6,1.6,1.5,1.55,19.117411,5250,1907250
2026-08-21 11:20:00,ATM+3,CE,1130.0,1095.5,1.55,1.55,0.8,0.95,20.380539,35250,594000
2026-08-21 11:25:00,ATM+3,CE,1130.0,1096.1,1.0,1.1,0.95,1.05,20.629127,243000,651000
2026-08-21 11:30:00,ATM+3,CE,1130.0,1097.0,1.1,1.1,1.05,1.05,20.207153,19500,639000
2026-08-21 11:35:00,ATM+3,CE,1130.0,1096.6,1.05,1.05,1.05,1.05,20.407917,0,639000
2026-08-21 11:40:00,ATM+3,CE,1130.0,1098.5,1.05,1.15,1.05,1.15,19.984801,7500,637500
2026-08-21 11:45:00,ATM+3,CE,1130.0,1098.7,1.15,1.15,1.15,1.15,19.895446,0,637500
2026-08-21 11:50:00,ATM+3,CE,1130.0,1099.0,1.15,1.15,1.15,1.15,19.756739,750,635250
2026-08-21 11:55:00,ATM+3,CE,1130.0,1097.4,1.15,1.15,1.0,1.0,19.805898,34500,635250
2026-08-21 12:00:00,ATM+3,CE,1130.0,1095.1,1.0,1.0,0.95,0.95,20.640602,3000,639000
2026-08-21 12:05:00,ATM+3,CE,1130.0,1095.1,0.95,0.95,0.85,0.85,20.091708,14250,638250
2026-08-21 12:10:00,ATM+3,CE,1120.0,1093.8,1.65,1.65,1.55,1.6,19.40526,42750,1805250
2026-08-21 12:15:00,ATM+3,CE,1130.0,1095.4,1.55,1.6,0.8,0.8,19.680939,9000,633750
2026-08-21 12:20:00,ATM+3,CE,1130.0,1095.6,0.8,0.8,0.8,0.8,19.597929,0,633750
2026-08-21 12:25:00,ATM+3,CE,1130.0,1095.2,0.8,1.7,0.8,0.8,19.790135,1500,633750
2026-08-21 12:30:00,ATM+3,CE,1130.0,1095.1,0.8,1.1,0.8,1.05,21.22759,8250,633750
2026-08-21 12:35:00,ATM+3,CE,1130.0,1095.6,1.05,1.05,0.9,0.9,20.194896,1500,627750
2026-08-21 12:40:00,ATM+3,CE,1120.0,1094.9,0.9,1.7,0.9,1.7,19.235593,1500,1809750
2026-08-21 12:45:00,ATM+3,CE,1130.0,1095.5,0.8,1.6,0.8,0.8,19.687545,0,627000
2026-08-21 12:50:00,ATM+3,CE,1130.0,1095.1,0.85,0.9,0.8,0.9,20.455995,4500,626250
2026-08-21 12:55:00,ATM+3,CE,1120.0,1094.7,0.9,1.65,0.9,1.6,18.994789,2250,1801500
2026-08-21 13:00:00,ATM+3,CE,1120.0,1094.1,1.6,1.6,1.5,1.55,19.136119,8250,1797000
2026-08-21 13:05:00,ATM+3,CE,1120.0,1094.4,1.55,1.6,1.5,1.5,18.787223,9750,1796250
2026-08-21 13:10:00,ATM+3,CE,1120.0,1092.7,1.55,1.55,1.4,1.4,19.296965,39000,1795500
2026-08-21 13:15:00,ATM+3,CE,1120.0,1094.5,1.35,1.5,1.35,1.5,18.750365,15750,1796250
2026-08-21 13:20:00,ATM+3,CE,1120.0,1092.9,1.5,1.5,1.3,1.3,18.788624,63000,1780500
2026-08-21 13:25:00,ATM+3,CE,1120.0,1093.3,1.35,1.4,1.3,1.4,19.00623,12000,1782750
2026-08-21 13:30:00,ATM+3,CE,1120.0,1093.1,1.3,1.4,1.25,1.3,18.701321,38250,1770000
2026-08-21 13:35:00,ATM+3,CE,1120.0,1093.5,1.25,1.35,1.25,1.35,18.710649,24000,1761750
2026-08-21 13:40:00,ATM+3,CE,1120.0,1093.9,1.35,1.35,1.3,1.35,18.508099,6750,1760250
2026-08-21 13:45:00,ATM+3,CE,1120.0,1093.7,1.4,1.4,1.35,1.4,18.828526,5250,1760250
2026-08-21 13:50:00,ATM+3,CE,1120.0,1093.9,1.35,1.4,1.3,1.3,18.316119,190500,1815000
2026-08-21 13:55:00,ATM+3,CE,1120.0,1094.1,1.35,1.35,1.3,1.3,18.219318,37500,1794000
2026-08-21 14:00:00,ATM+3,CE,1120.0,1093.6,1.3,1.3,1.2,1.2,18.060172,16500,1791000
2026-08-21 14:05:00,ATM+3,CE,1120.0,1092.6,1.2,1.2,1.1,1.15,18.360275,59250,1791000
2026-08-21 14:10:00,ATM+3,CE,1120.0,1092.5,1.15,1.15,1.05,1.05,17.957006,8250,1791000
2026-08-21 14:15:00,ATM+3,CE,1120.0,1093.2,1.05,1.15,1.05,1.15,18.069563,37500,1802250
2026-08-21 14:20:00,ATM+3,CE,1120.0,1093.6,1.15,1.25,1.15,1.25,18.310496,14250,1806000
2026-08-21 14:25:00,ATM+3,CE,1120.0,1093.9,1.25,1.25,1.15,1.15,17.725783,1500,1805250
2026-08-21 14:30:00,ATM+3,CE,1120.0,1093.5,1.15,1.2,1.1,1.1,17.714393,9000,1803750
2026-08-21 14:35:00,ATM+3,CE,1120.0,1093.3,1.1,1.1,1.05,1.05,17.59372,39750,1813500
2026-08-21 14:40:00,ATM+3,CE,1120.0,1093.7,1.05,1.05,1.0,1.0,17.164619,12000,1812000
2026-08-21 14:45:00,ATM+3,CE,1120.0,1093.5,1.0,1.05,1.0,1.05,17.508432,23250,1823250
2026-08-21 14:50:00,ATM+3,CE,1120.0,1093.9,1.0,1.05,1.0,1.0,17.079534,76500,1811250
2026-08-21 14:55:00,ATM+3,CE,1120.0,1092.9,1.0,1.0,0.9,0.9,17.099041,139500,1780500
2026-08-21 15:00:00,ATM+3,CE,1120.0,1093.8,0.95,0.95,0.9,0.95,16.906425,20250,1780500
2026-08-21 15:05:00,ATM+3,CE,1120.0,1093.0,0.95,0.95,0.85,0.85,16.810469,11250,1773750
2026-08-21 15:10:00,ATM+3,CE,1120.0,1093.1,0.85,0.9,0.85,0.9,17.023827,16500,1770000
2026-08-21 15:15:00,ATM+3,CE,1120.0,1093.1,0.9,0.9,0.9,0.9,17.031702,11250,1760250
2026-08-21 15:20:00,ATM+3,CE,1120.0,1093.1,0.9,0.9,0.9,0.9,17.039583,6000,1757250
2026-08-21 15:25:00,ATM+3,CE,1120.0,1095.0,0.9,1.0,0.9,1.0,16.576201,30750,1735500
2026-08-21 15:30:00,ATM+3,CE,1120.0,1095.0,0.9,1.0,0.9,1.0,16.583915,39750,1734000
2026-08-21 15:35:00,ATM+3,CE,1120.0,1095.0,1.05,1.2,0.95,1.2,17.485262,45750,1725750
2026-08-24 09:15:00,ATM+3,CE,1120.0,1091.4,0.25,1.45,0.25,1.1,34.342701,105000,1695000
2026-08-24 09:20:00,ATM+3,CE,1120.0,1093.0,1.15,1.2,0.95,0.95,31.652295,73500,1681500
2026-08-24 09:25:00,ATM+3,CE,1120.0,1092.3,1.0,1.0,0.8,0.8,30.911058,140250,1658250
2026-08-24 09:30:00,ATM+3,CE,1120.0,1094.4,0.75,0.85,0.75,0.85,29.600861,53250,1665750
2026-08-24 09:35:00,ATM+3,CE,1120.0,1092.2,0.85,0.85,0.75,0.75,30.587084,34500,1668000
2026-08-24 09:40:00,ATM+3,CE,1120.0,1091.8,0.7,0.75,0.65,0.75,30.971937,66750,1659750
2026-08-24 09:45:00,ATM+3,CE,1120.0,1092.8,0.75,0.75,0.65,0.65,29.123058,14250,1656000
2026-08-24 09:50:00,ATM+3,CE,1120.0,1092.0,0.7,0.7,0.65,0.7,30.371453,14250,1655250
2026-08-24 09:55:00,ATM+3,CE,1120.0,1092.2,0.65,0.7,0.65,0.7,30.245322,6750,1655250
2026-08-24 10:00:00,ATM+3,CE,1120.0,1090.7,0.65,0.7,0.6,0.6,30.43753,21750,1650750
2026-08-24 10:05:00,ATM+3,CE,1120.0,1090.4,0.6,0.6,0.5,0.55,30.128754,12000,1650750
2026-08-24 10:10:00,ATM+3,CE,1120.0,1089.3,0.5,0.55,0.45,0.45,29.747611,87750,1656750
2026-08-24 10:15:00,ATM+3,CE,1120.0,1092.0,0.45,0.5,0.45,0.45,27.649053,39000,1630500
2026-08-24 10:20:00,ATM+3,CE,1120.0,1090.8,0.45,0.55,0.45,0.55,29.9326,50250,1606500
2026-08-24 10:25:00,ATM+3,CE,1120.0,1091.6,0.55,0.55,0.5,0.5,28.700747,22500,1600500
2026-08-24 10:30:00,ATM+3,CE,1120.0,1090.7,0.55,0.55,0.5,0.5,29.472144,13500,1604250
2026-08-24 10:35:00,ATM+3,CE,1120.0,1091.3,0.5,0.5,0.5,0.5,29.02858,0,1605000
2026-08-24 10:40:00,ATM+3,CE,1120.0,1091.2,0.55,0.55,0.5,0.5,29.152527,16500,1610250
2026-08-24 10:45:00,ATM+3,CE,1120.0,1089.8,0.5,0.5,0.5,0.5,30.332105,10500,1615500
2026-08-24 10:50:00,ATM+3,CE,1120.0,1089.7,0.5,0.5,0.5,0.5,30.45793,3750,1616250
2026-08-24 10:55:00,ATM+3,CE,1120.0,1088.6,0.5,0.55,0.45,0.45,30.699589,81000,1617000
2026-08-24 11:00:00,ATM+3,CE,1120.0,1087.4,0.45,0.45,0.4,0.4,30.945793,9000,1659000
2026-08-24 11:05:00,ATM+3,CE,1120.0,1087.5,0.4,0.45,0.4,0.45,31.667436,2250,1659000
2026-08-24 11:10:00,ATM+3,CE,1120.0,1087.5,0.45,0.45,0.45,0.45,31.714643,1500,1659000
2026-08-24 11:15:00,ATM+3,CE,1120.0,1087.1,0.45,0.45,0.45,0.45,32.080936,2250,1656750
2026-08-24 11:20:00,ATM+3,CE,1120.0,1087.6,0.45,0.45,0.45,0.45,31.729806,2250,1655250
2026-08-24 11:25:00,ATM+3,CE,1120.0,1088.2,0.45,0.45,0.4,0.4,30.547757,6000,1654500
2026-08-24 11:30:00,ATM+3,CE,1110.0,1084.8,0.4,0.8,0.35,0.8,30.092938,131250,723750
2026-08-24 11:35:00,ATM+3,CE,1120.0,1085.1,0.85,0.85,0.35,0.35,32.230647,94500,1653000
2026-08-24 11:40:00,ATM+3,CE,1120.0,1087.2,0.9,0.9,0.35,0.4,31.47755,33750,1639500
2026-08-24 11:45:00,ATM+3,CE,1120.0,1087.2,0.4,0.45,0.35,0.4,31.525447,6000,1634250
2026-08-24 11:50:00,ATM+3,CE,1120.0,1086.8,0.35,0.4,0.35,0.35,31.061317,7500,1631250
2026-08-24 11:55:00,ATM+3,CE,1120.0,1086.0,0.35,0.35,0.35,0.35,31.730186,3000,1629750
2026-08-24 12:00:00,ATM+3,CE,1120.0,1086.4,0.35,0.4,0.35,0.4,32.305055,17250,1629000
2026-08-24 12:05:00,ATM+3,CE,1120.0,1086.3,0.4,0.4,0.4,0.4,32.434114,2250,1618500
2026-08-24 12:10:00,ATM+3,CE,1120.0,1086.1,0.4,0.4,0.35,0.35,31.798986,750,1617750
2026-08-24 12:15:00,ATM+3,CE,1120.0,1086.7,0.35,0.4,0.35,0.35,31.379392,4500,1616250
2026-08-24 12:20:00,ATM+3,CE,1120.0,1086.2,0.35,0.35,0.35,0.35,31.819483,0,1614750
2026-08-24 12:25:00,ATM+3,CE,1120.0,1085.6,0.35,0.4,0.35,0.4,33.193814,3750,1614750
2026-08-24 12:30:00,ATM+3,CE,1120.0,1085.4,0.85,0.85,0.35,0.35,32.545672,2250,1612500
2026-08-24 12:35:00,ATM+3,CE,1110.0,1084.6,0.35,0.85,0.35,0.8,30.888763,44250,657000
2026-08-24 12:40:00,ATM+3,CE,1110.0,1084.2,0.8,0.8,0.8,0.8,31.308834,32250,630750
2026-08-24 12:45:00,ATM+3,CE,1120.0,1085.1,0.8,0.8,0.4,0.4,33.802937,0,1592250
2026-08-24 12:50:00,ATM+3,CE,1110.0,1084.5,0.95,0.95,0.9,0.9,32.107653,18000,625500
2026-08-24 12:55:00,ATM+3,CE,1110.0,1083.4,0.9,0.9,0.9,0.9,33.202065,30000,630750
2026-08-24 13:00:00,ATM+3,CE,1110.0,1083.4,0.8,0.95,0.4,0.8,32.253279,60750,634500
2026-08-24 13:05:00,ATM+3,CE,1110.0,1082.9,0.8,0.8,0.7,0.75,32.241523,58500,599250
2026-08-24 13:10:00,ATM+3,CE,1110.0,1082.3,0.75,0.75,0.7,0.7,32.292749,20250,607500
2026-08-24 13:15:00,ATM+3,CE,1110.0,1082.3,0.7,0.8,0.7,0.75,32.897563,14250,609750
2026-08-24 13:20:00,ATM+3,CE,1110.0,1081.8,0.75,0.75,0.75,0.75,33.410453,11250,607500
2026-08-24 13:25:00,ATM+3,CE,1110.0,1082.4,0.75,0.75,0.7,0.7,32.358198,31500,586500
2026-08-24 13:30:00,ATM+3,CE,1110.0,1083.3,0.7,0.75,0.7,0.75,32.131907,4500,591000
2026-08-24 13:35:00,ATM+3,CE,1110.0,1082.4,0.75,0.85,0.75,0.8,33.557107,129750,607500
2026-08-24 13:40:00,ATM+3,CE,1110.0,1082.7,0.8,0.85,0.8,0.8,33.330805,32250,591000
2026-08-24 13:45:00,ATM+3,CE,1110.0,1083.8,0.8,0.9,0.8,0.8,32.34937,3000,587250
2026-08-24 13:50:00,ATM+3,CE,1110.0,1082.3,0.9,0.9,0.75,0.75,33.274746,15750,587250
2026-08-24 13:55:00,ATM+3,CE,1110.0,1081.1,0.75,0.75,0.7,0.7,33.871718,3750,587250
2026-08-24 14:00:00,ATM+3,CE,1110.0,1080.7,0.7,0.7,0.6,0.65,33.696994,6750,591750
2026-08-24 14:05:00,ATM+3,CE,1110.0,1080.8,0.65,0.65,0.65,0.65,33.662217,6000,588750
2026-08-24 14:10:00,ATM+3,CE,1110.0,1080.3,0.65,0.65,0.65,0.65,34.172201,45000,607500
2026-08-24 14:15:00,ATM+3,CE,1110.0,1080.3,0.65,0.65,0.65,0.65,34.229278,15000,603000
2026-08-24 14:20:00,ATM+3,CE,1110.0,1079.2,0.65,0.65,0.65,0.65,35.285236,0,596250
2026-08-24 14:25:00,ATM+3,CE,1110.0,1079.8,0.6,0.65,0.6,0.65,34.799499,19500,586500
2026-08-24 14:30:00,ATM+3,CE,1110.0,1081.4,0.65,0.7,0.65,0.65,33.395742,85500,587250
2026-08-24 14:35:00,ATM+3,CE,1110.0,1080.5,0.65,0.65,0.65,0.65,34.277488,2250,586500
2026-08-24 14:40:00,ATM+3,CE,1110.0,1080.4,0.65,0.7,0.65,0.7,35.035987,27000,583500
2026-08-24 14:45:00,ATM+3,CE,1110.0,1079.9,0.7,0.7,0.6,0.6,34.30543,18750,576750
2026-08-24 14:50:00,ATM+3,CE,1110.0,1080.3,0.6,0.7,0.6,0.7,35.248636,61500,582000
2026-08-24 14:55:00,ATM+3,CE,1110.0,1079.6,0.65,0.7,0.6,0.6,34.695174,19500,577500
2026-08-24 15:00:00,ATM+3,CE,1110.0,1078.6,0.6,0.6,0.55,0.55,34.976182,13500,576000
2026-08-24 15:05:00,ATM+3,CE,1110.0,1078.8,0.55,0.55,0.45,0.45,33.384366,29250,566250
2026-08-24 15:10:00,ATM+3,CE,1110.0,1078.9,0.45,0.5,0.4,0.4,32.552516,27750,549000
2026-08-24 15:15:00,ATM+3,CE,1110.0,1078.9,0.4,0.4,0.4,0.4,32.609106,37500,528750
2026-08-24 15:20:00,ATM+3,CE,1110.0,1078.9,0.45,0.45,0.4,0.45,33.471247,1500,525000
2026-08-24 15:25:00,ATM+3,CE,1110.0,1077.0,0.45,0.45,0.35,0.4,34.354255,11250,522750
2026-08-24 15:30:00,ATM+3,CE,1110.0,1077.0,0.4,0.4,0.4,0.4,34.414485,6000,519000
2026-08-24 15:35:00,ATM+3,CE,1110.0,1077.0,0.35,0.4,0.2,0.2,30.328517,17250,511500
2026-08-25 09:15:00,ATM+3,CE,1110.0,1075.7,0.95,0.95,0.1,0.15,58.529175,167250,483750
2026-08-25 09:20:00,ATM+3,CE,1110.0,1075.5,0.2,0.2,0.1,0.15,59.214835,19500,476250
2026-08-25 09:25:00,ATM+3,CE,1110.0,1075.7,0.2,0.2,0.15,0.15,59.31792,27750,461250
2026-08-25 09:30:00,ATM+3,CE,1110.0,1075.7,0.15,0.15,0.1,0.1,56.159869,27000,444000
2026-08-25 09:35:00,ATM+3,CE,1100.0,1073.4,0.25,0.35,0.25,0.3,55.40719,116250,1602750
2026-08-25 09:40:00,ATM+3,CE,1100.0,1072.8,0.25,0.35,0.25,0.35,58.600852,64500,1620750
2026-08-25 09:45:00,ATM+3,CE,1100.0,1074.7,0.35,0.5,0.2,0.45,58.734853,42750,1638750
2026-08-25 09:50:00,ATM+3,CE,1100.0,1073.2,0.35,0.45,0.35,0.45,61.932846,35250,1635750
2026-08-25 09:55:00,ATM+3,CE,1100.0,1075.0,0.45,0.5,0.1,0.5,60.449743,4500,1624500
2026-08-25 10:00:00,ATM+3,CE,1110.0,1076.3,0.1,0.5,0.1,0.15,61.412772,18000,408750
2026-08-25 10:05:00,ATM+3,CE,1110.0,1075.4,0.15,0.15,0.15,0.15,63.294894,750,406500
2026-08-25 10:10:00,ATM+3,CE,1110.0,1075.8,0.15,0.45,0.15,0.15,63.147438,3000,406500
2026-08-25 10:15:00,ATM+3,CE,1110.0,1075.5,0.15,0.15,0.15,0.15,64.119775,750,406500
2026-08-25 10:20:00,ATM+3,CE,1100.0,1074.1,0.15,0.45,0.15,0.4,61.501878,7500,1591500
2026-08-25 10:25:00,ATM+3,CE,1100.0,1074.1,0.4,0.4,0.35,0.35,60.288308,8250,1589250
2026-08-25 10:30:00,ATM+3,CE,1100.0,1073.7,0.25,0.35,0.25,0.3,59.661058,50250,1581000
2026-08-25 10:35:00,ATM+3,CE,1100.0,1074.3,0.3,0.3,0.25,0.25,56.98261,10500,1579500
2026-08-25 10:40:00,ATM+3,CE,1100.0,1074.4,0.25,0.3,0.25,0.25,57.281214,15750,1578000
2026-08-25 10:45:00,ATM+3,CE,1100.0,1074.0,0.3,0.35,0.25,0.35,62.535135,5250,1576500
2026-08-25 10:50:00,ATM+3,CE,1100.0,1074.9,0.35,0.4,0.35,0.4,63.067442,4500,1575000
2026-08-25 10:55:00,ATM+3,CE,1100.0,1074.5,0.4,0.45,0.35,0.35,62.655593,16500,1572000
2026-08-25 11:00:00,ATM+3,CE,1110.0,1075.9,0.15,0.15,0.15,0.15,68.493543,0,401250
2026-08-25 11:05:00,ATM+3,CE,1110.0,1076.1,0.15,0.15,0.15,0.15,68.778371,3750,394500
2026-08-25 11:10:00,ATM+3,CE,1110.0,1077.2,0.15,0.15,0.15,0.15,67.489645,0,393750
2026-08-25 11:15:00,ATM+3,CE,1110.0,1076.1,0.15,0.15,0.15,0.15,70.092069,0,394500
2026-08-25 11:20:00,ATM+3,CE,1110.0,1076.6,0.15,0.15,0.15,0.15,69.881263,0,394500
2026-08-25 11:25:00,ATM+3,CE,1110.0,1076.4,0.15,0.15,0.15,0.15,70.941197,0,396000
2026-08-25 11:30:00,ATM+3,CE,1110.0,1076.4,0.15,0.15,0.15,0.15,71.662852,0,396000
2026-08-25 11:35:00,ATM+3,CE,1110.0,1077.6,0.15,0.15,0.15,0.15,70.185772,0,396750
2026-08-25 11:40:00,ATM+3,CE,1110.0,1077.5,0.15,0.2,0.15,0.2,74.582118,10500,394500
2026-08-25 11:45:00,ATM+3,CE,1110.0,1077.6,0.2,0.2,0.2,0.2,75.194599,0,394500
2026-08-25 11:50:00,ATM+3,CE,1110.0,1079.2,0.15,0.2,0.15,0.15,69.422677,34500,390000
2026-08-25 11:55:00,ATM+3,CE,1110.0,1080.5,0.15,0.2,0.15,0.2,71.044853,21750,383250
2026-08-25 12:00:00,ATM+3,CE,1110.0,1079.9,0.2,0.2,0.15,0.15,69.643811,15000,383250
2026-08-25 12:05:00,ATM+3,CE,1110.0,1079.8,0.15,0.15,0.1,0.1,66.341207,6750,382500
2026-08-25 12:10:00,ATM+3,CE,1110.0,1080.5,0.15,0.15,0.1,0.15,70.11334,750,381750
2026-08-25 12:15:00,ATM+3,CE,1110.0,1080.2,0.15,0.15,0.1,0.1,67.203672,1500,381000
2026-08-25 12:20:00,ATM+3,CE,1110.0,1079.5,0.1,0.1,0.05,0.05,63.059107,3750,378000
2026-08-25 12:25:00,ATM+3,CE,1110.0,1079.6,0.05,0.05,0.05,0.05,63.699995,2250,375750
2026-08-25 12:30:00,ATM+3,CE,1110.0,1079.6,0.05,0.1,0.05,0.1,71.097639,4500,375000
2026-08-25 12:35:00,ATM+3,CE,1110.0,1078.5,0.1,0.1,0.05,0.05,67.542393,9000,373500
2026-08-25 12:40:00,ATM+3,CE,1110.0,1078.1,0.05,0.1,0.05,0.05,69.273258,6750,368250
2026-08-25 12:45:00,ATM+3,CE,1110.0,1078.3,0.05,0.1,0.05,0.05,69.89564,1500,368250
2026-08-25 12:50:00,ATM+3,CE,1110.0,1078.4,0.05,0.05,0.05,0.05,70.750393,0,368250
2026-08-25 12:55:00,ATM+3,CE,1110.0,1078.4,0.05,0.05,0.05,0.05,71.849568,0,368250
2026-08-25 13:00:00,ATM+3,CE,1110.0,1077.7,0.05,0.05,0.05,0.05,74.433522,4500,363750
2026-08-25 13:05:00,ATM+3,CE,1110.0,1076.5,0.05,0.05,0.05,0.05,78.156626,3750,361500
2026-08-25 13:10:00,ATM+3,CE,1110.0,1077.2,0.05,0.05,0.05,0.05,78.018463,0,361500
2026-08-25 13:15:00,ATM+3,CE,1110.0,1076.4,0.05,0.05,0.05,0.05,81.118926,0,361500
2026-08-25 13:20:00,ATM+3,CE,1110.0,1076.5,0.05,0.05,0.05,0.05,82.39131,0,361500
2026-08-25 13:25:00,ATM+3,CE,1110.0,1076.6,0.05,0.05,0.05,0.05,83.740464,0,361500
2026-08-25 13:30:00,ATM+3,CE,1110.0,1077.0,0.05,0.05,0.05,0.05,84.492311,0,361500
2026-08-25 13:35:00,ATM+3,CE,1110.0,1078.8,0.05,0.05,0.05,0.05,82.052469,0,361500
2026-08-25 13:40:00,ATM+3,CE,1110.0,1078.4,0.05,0.05,0.05,0.05,84.771069,0,361500
2026-08-25 13:45:00,ATM+3,CE,1110.0,1078.7,0.05,0.05,0.05,0.05,85.949094,0,361500
2026-08-25 13:50:00,ATM+3,CE,1110.0,1079.5,0.05,0.05,0.05,0.05,85.981394,0,361500
2026-08-25 13:55:00,ATM+3,CE,1110.0,1078.4,0.05,0.05,0.05,0.05,0.0,0,361500
2026-08-25 14:00:00,ATM+3,CE,1110.0,1078.6,0.05,0.05,0.05,0.05,92.756055,0,361500
2026-08-25 14:05:00,ATM+3,CE,1110.0,1078.7,0.05,0.05,0.05,0.05,95.032124,0,361500
2026-08-25 14:10:00,ATM+3,CE,1110.0,1079.7,0.05,0.05,0.05,0.05,95.018985,0,361500
2026-08-25 14:15:00,ATM+3,CE,1110.0,1079.2,0.05,0.05,0.05,0.05,0.0,0,361500
2026-08-25 14:20:00,ATM+3,CE,1110.0,1079.0,0.05,0.05,0.05,0.05,0.0,0,361500
2026-08-25 14:25:00,ATM+3,CE,1110.0,1078.4,0.05,0.05,0.05,0.05,0.0,0,361500
2026-08-25 14:30:00,ATM+3,CE,1110.0,1081.0,0.05,0.05,0.05,0.05,0.0,0,361500
2026-08-25 14:35:00,ATM+3,CE,1110.0,1080.5,0.05,0.05,0.05,0.05,0.0,0,361500
2026-08-25 14:40:00,ATM+3,CE,1110.0,1082.0,0.05,0.05,0.05,0.05,0.0,9750,359250
2026-08-25 14:45:00,ATM+3,CE,1110.0,1082.4,0.05,0.05,0.05,0.05,0.0,0,359250
2026-08-25 14:50:00,ATM+3,CE,1110.0,1082.6,0.05,0.05,0.05,0.05,0.0,0,359250
2026-08-25 14:55:00,ATM+3,CE,1110.0,1082.5,0.05,0.05,0.05,0.05,0.0,3750,359250
2026-08-25 15:00:00,ATM+3,CE,1110.0,1084.0,0.05,0.05,0.05,0.05,0.0,0,359250
2026-08-25 15:05:00,ATM+3,CE,1110.0,1084.6,0.05,0.05,0.05,0.05,0.0,3000,358500
2026-08-25 15:10:00,ATM+3,CE,1110.0,1082.0,0.05,0.05,0.05,0.05,0.0,0,358500
2026-08-25 15:15:00,ATM+3,CE,1110.0,1082.0,0.05,0.05,0.05,0.05,0.0,0,358500
2026-08-25 15:20:00,ATM+3,CE,1110.0,1082.0,0.05,0.05,0.05,0.05,0.0,0,358500
2026-08-25 15:25:00,ATM+3,CE,1120.0,1087.4,0.05,0.05,0.05,0.05,0.0,0,1468500
2026-08-25 15:30:00,ATM+3,CE,1120.0,1087.4,0.05,0.05,0.05,0.05,0.0,1500,1465500
2026-08-25 15:35:00,ATM+3,CE,1120.0,1087.4,0.05,0.05,0.05,0.05,0.0,0,1465500
2026-08-20 09:15:00,ATM+3,PE,1130.0,1097.9,38.05,38.05,31.35,31.7,18.218229,23250,325500
2026-08-20 09:20:00,ATM+3,PE,1120.0,1093.7,25.1,33.35,24.25,27.75,21.51779,11250,586500
2026-08-20 09:25:00,ATM+3,PE,1130.0,1095.5,27.75,33.35,27.75,33.35,15.389872,0,324000
2026-08-20 09:30:00,ATM+3,PE,1120.0,1094.1,34.05,34.05,25.7,25.7,16.272788,1500,589500
2026-08-20 09:35:00,ATM+3,PE,1120.0,1093.3,25.7,27.85,25.7,27.85,20.907863,4500,589500
2026-08-20 09:40:00,ATM+3,PE,1120.0,1094.8,27.85,27.85,26.85,27.1,22.134624,5250,588000
2026-08-20 09:45:00,ATM+3,PE,1120.0,1092.4,27.1,27.55,27.1,27.45,17.257747,8250,586500
2026-08-20 09:50:00,ATM+3,PE,1120.0,1093.6,27.45,27.45,27.45,27.45,20.476396,0,586500
2026-08-20 09:55:00,ATM+3,PE,1130.0,1096.2,26.5,35.9,26.5,34.55,23.171476,2250,321000
2026-08-20 10:00:00,ATM+3,PE,1130.0,1096.8,34.55,34.55,33.4,33.4,21.024688,750,319500
2026-08-20 10:05:00,ATM+3,PE,1130.0,1095.3,33.4,33.4,33.4,33.4,14.309561,1500,319500
2026-08-20 10:10:00,ATM+3,PE,1130.0,1097.8,33.4,33.4,33.4,33.4,23.784466,0,319500
2026-08-20 10:15:00,ATM+3,PE,1120.0,1094.5,31.85,33.4,25.25,25.25,15.923807,2250,579750
2026-08-20 10:20:00,ATM+3,PE,1120.0,1093.9,25.85,26.95,25.25,26.25,17.590514,23250,571500
2026-08-20 10:25:00,ATM+3,PE,1120.0,1094.4,26.25,26.25,26.1,26.25,18.912932,9000,572250
2026-08-20 10:30:00,ATM+3,PE,1130.0,1095.4,26.6,35.3,26.25,35.3,23.433369,3750,316500
2026-08-20 10:35:00,ATM+3,PE,1120.0,1094.8,35.3,35.3,25.5,26.15,19.592537,750,568500
2026-08-20 10:40:00,ATM+3,PE,1130.0,1097.7,25.95,35.35,25.95,32.0,18.751314,3750,315750
2026-08-20 10:45:00,ATM+3,PE,1130.0,1098.9,32.0,32.25,31.0,31.2,19.711226,9750,314250
2026-08-20 10:50:00,ATM+3,PE,1130.0,1098.2,31.0,31.5,31.0,31.5,18.531955,5250,311250
2026-08-20 10:55:00,ATM+3,PE,1130.0,1100.3,31.25,31.5,29.2,29.2,16.783424,6750,311250
2026-08-20 11:00:00,ATM+3,PE,1130.0,1099.6,29.2,30.15,29.2,30.15,18.100832,2250,309750
2026-08-20 11:05:00,ATM+3,PE,1130.0,1098.6,30.15,30.15,30.15,30.15,13.471191,0,309750
2026-08-20 11:10:00,ATM+3,PE,1130.0,1098.7,30.15,30.15,30.15,30.15,14.136876,0,309750
2026-08-20 11:15:00,ATM+3,PE,1130.0,1096.6,33.0,33.0,30.15,33.0,18.841943,3750,308250
2026-08-20 11:20:00,ATM+3,PE,1130.0,1095.6,33.0,34.15,25.55,34.15,19.914581,3750,307500
2026-08-20 11:25:00,ATM+3,PE,1130.0,1095.5,34.15,34.15,26.55,34.15,19.544104,1500,307500
2026-08-20 11:30:00,ATM+3,PE,1130.0,1096.2,34.15,34.65,34.15,34.65,23.586628,750,306000
2026-08-20 11:35:00,ATM+3,PE,1130.0,1096.0,34.65,34.65,34.65,34.65,23.034802,0,306000
2026-08-20 11:40:00,ATM+3,PE,1130.0,1096.0,34.65,35.0,34.65,35.0,24.176189,750,306000
2026-08-20 11:45:00,ATM+3,PE,1130.0,1095.7,35.0,35.0,35.0,35.0,23.357918,0,306000
2026-08-20 11:50:00,ATM+3,PE,1130.0,1097.1,35.0,35.0,35.0,35.0,26.871303,0,306000
2026-08-20 11:55:00,ATM+3,PE,1130.0,1097.0,35.0,35.0,33.7,33.7,22.726242,750,306750
2026-08-20 12:00:00,ATM+3,PE,1130.0,1096.9,33.7,33.7,33.7,33.7,22.449665,0,306750
2026-08-20 12:05:00,ATM+3,PE,1130.0,1097.0,33.7,33.7,33.25,33.25,21.201193,3750,306750
2026-08-20 12:10:00,ATM+3,PE,1130.0,1097.5,33.25,33.25,33.25,33.25,22.654756,0,306750
2026-08-20 12:15:00,ATM+3,PE,1130.0,1098.7,33.25,33.25,33.0,33.0,24.91371,750,306750
2026-08-20 12:20:00,ATM+3,PE,1130.0,1098.0,33.0,33.1,33.0,33.1,23.513732,750,306000
2026-08-20 12:25:00,ATM+3,PE,1130.0,1098.2,33.1,33.1,32.5,32.5,22.157962,3750,306000
2026-08-20 12:30:00,ATM+3,PE,1130.0,1097.9,32.55,32.8,32.5,32.7,21.984182,6750,306000
2026-08-20 12:35:00,ATM+3,PE,1130.0,1099.1,32.7,32.7,31.8,31.8,22.348928,4500,306750
2026-08-20 12:40:00,ATM+3,PE,1130.0,1097.8,30.9,31.8,30.8,31.05,14.442554,6000,314250
2026-08-20 12:45:00,ATM+3,PE,1130.0,1099.0,32.4,32.4,31.05,31.2,20.098712,3750,311250
2026-08-20 12:50:00,ATM+3,PE,1130.0,1099.0,31.2,31.2,30.4,31.2,20.102249,8250,314250
2026-08-20 12:55:00,ATM+3,PE,1130.0,1097.0,31.55,33.2,31.2,33.2,21.059708,11250,310500
2026-08-20 13:00:00,ATM+3,PE,1130.0,1096.3,33.2,33.2,33.2,33.2,18.578303,0,310500
2026-08-20 13:05:00,ATM+3,PE,1130.0,1096.4,33.2,33.2,33.2,33.2,18.979127,0,310500
2026-08-20 13:10:00,ATM+3,PE,1130.0,1096.4,33.2,34.6,33.2,34.6,24.069125,6750,312000
2026-08-20 13:15:00,ATM+3,PE,1130.0,1096.0,34.6,34.6,33.85,33.85,20.206442,750,312000
2026-08-20 13:20:00,ATM+3,PE,1130.0,1096.6,33.85,33.85,33.85,33.85,22.156909,0,312000
2026-08-20 13:25:00,ATM+3,PE,1130.0,1095.9,33.85,33.85,33.85,33.85,19.848833,0,312000
2026-08-20 13:30:00,ATM+3,PE,1130.0,1096.9,33.85,33.85,33.6,33.65,22.36232,3000,311250
2026-08-20 13:35:00,ATM+3,PE,1130.0,1095.1,33.85,33.85,33.65,33.85,16.136763,750,311250
2026-08-20 13:40:00,ATM+3,PE,1120.0,1095.0,33.85,33.85,26.2,26.25,20.497132,7500,577500
2026-08-20 13:45:00,ATM+3,PE,1120.0,1094.7,26.45,26.7,25.75,26.7,21.086737,10500,576000
2026-08-20 13:50:00,ATM+3,PE,1120.0,1094.8,26.7,26.7,26.05,26.05,19.45804,3750,576000
2026-08-20 13:55:00,ATM+3,PE,1130.0,1095.9,26.3,35.25,26.05,35.25,24.84782,5250,311250
2026-08-20 14:00:00,ATM+3,PE,1130.0,1096.3,35.25,35.25,33.4,33.4,19.478412,750,310500
2026-08-20 14:05:00,ATM+3,PE,1130.0,1096.0,33.4,33.4,33.4,33.4,18.265134,0,310500
2026-08-20 14:10:00,ATM+3,PE,1130.0,1096.0,33.4,33.4,33.4,33.4,18.26669,0,310500
2026-08-20 14:15:00,ATM+3,PE,1120.0,1095.0,33.9,33.9,25.45,26.7,21.773809,2250,575250
2026-08-20 14:20:00,ATM+3,PE,1130.0,1096.0,26.35,35.25,26.35,34.5,22.67602,2250,310500
2026-08-20 14:25:00,ATM+3,PE,1130.0,1096.2,34.5,34.7,25.25,34.7,23.927473,6750,309750
2026-08-20 14:30:00,ATM+3,PE,1130.0,1098.6,34.7,34.7,34.7,34.7,29.478413,0,309750
2026-08-20 14:35:00,ATM+3,PE,1130.0,1099.0,34.7,34.7,34.7,34.7,30.273296,0,309000
2026-08-20 14:40:00,ATM+3,PE,1130.0,1099.1,34.7,34.7,34.7,34.7,30.474222,0,308250
2026-08-20 14:45:00,ATM+3,PE,1130.0,1099.8,31.8,34.7,31.8,31.8,24.212756,6000,306750
2026-08-20 14:50:00,ATM+3,PE,1130.0,1098.9,31.8,31.8,30.9,30.9,18.733128,9750,301500
2026-08-20 14:55:00,ATM+3,PE,1130.0,1098.8,32.05,32.05,30.9,31.65,21.161194,4500,300750
2026-08-20 15:00:00,ATM+3,PE,1130.0,1097.6,32.0,33.1,31.65,33.1,22.601812,16500,297750
2026-08-20 15:05:00,ATM+3,PE,1130.0,1096.5,33.1,33.2,33.05,33.05,18.76653,1500,297000
2026-08-20 15:10:00,ATM+3,PE,1130.0,1097.0,33.4,33.4,32.7,33.0,20.409585,3750,296250
2026-08-20 15:15:00,ATM+3,PE,1130.0,1097.0,33.0,33.0,32.7,32.75,19.412122,4500,296250
2026-08-20 15:20:00,ATM+3,PE,1130.0,1097.0,32.75,32.75,32.75,32.75,19.41485,0,296250
2026-08-20 15:25:00,ATM+3,PE,1120.0,1095.0,32.75,32.75,23.85,23.85,11.61363,0,557250
2026-08-20 15:30:00,ATM+3,PE,1120.0,1095.0,23.85,23.85,23.85,23.85,11.611125,0,557250
2026-08-20 15:35:00,ATM+3,PE,1120.0,1095.0,23.85,24.75,23.85,24.75,15.813747,5250,556500
2026-08-21 09:15:00,ATM+3,PE,1130.0,1097.4,33.0,33.0,33.0,33.0,22.733416,1500,294000
2026-08-21 09:20:00,ATM+3,PE,1120.0,1094.3,33.0,33.0,24.6,27.7,24.458015,6000,552000
2026-08-21 09:25:00,ATM+3,PE,1130.0,1096.8,27.7,34.0,27.7,34.0,24.605923,750,293250
2026-08-21 09:30:00,ATM+3,PE,1130.0,1095.3,34.0,34.0,34.0,34.0,18.305918,0,292500
2026-08-21 09:35:00,ATM+3,PE,1130.0,1097.0,34.0,34.0,34.0,34.0,25.244852,0,292500
2026-08-21 09:40:00,ATM+3,PE,1130.0,1099.5,34.0,34.0,34.0,34.0,31.578416,0,292500
2026-08-21 09:45:00,ATM+3,PE,1130.0,1098.3,34.0,34.0,34.0,34.0,28.814334,0,292500
2026-08-21 09:50:00,ATM+3,PE,1130.0,1099.0,34.0,34.0,34.0,34.0,30.486294,0,292500
2026-08-21 09:55:00,ATM+3,PE,1130.0,1099.2,34.0,34.0,34.0,34.0,30.948483,0,292500
2026-08-21 10:00:00,ATM+3,PE,1130.0,1100.0,34.0,34.0,34.0,34.0,32.684298,0,292500
2026-08-21 10:05:00,ATM+3,PE,1130.0,1098.2,34.0,34.0,34.0,34.0,28.601129,0,292500
2026-08-21 10:10:00,ATM+3,PE,1130.0,1096.5,34.0,34.0,34.0,34.0,23.663817,0,292500
2026-08-21 10:15:00,ATM+3,PE,1130.0,1097.0,34.0,34.0,34.0,34.0,25.301166,0,292500
2026-08-21 10:20:00,ATM+3,PE,1130.0,1096.1,34.0,34.0,34.0,34.0,22.195265,0,292500
2026-08-21 10:25:00,ATM+3,PE,1130.0,1097.0,34.0,34.0,34.0,34.0,25.315336,0,292500
2026-08-21 10:30:00,ATM+3,PE,1130.0,1096.1,34.0,34.0,34.0,34.0,22.205005,0,292500
2026-08-21 10:35:00,ATM+3,PE,1130.0,1096.3,34.0,34.0,34.0,34.0,22.975738,0,292500
2026-08-21 10:40:00,ATM+3,PE,1120.0,1094.0,34.0,34.0,26.6,27.6,23.538045,750,545250
2026-08-21 10:45:00,ATM+3,PE,1120.0,1093.7,27.6,29.65,27.6,29.65,28.835503,3000,544500
2026-08-21 10:50:00,ATM+3,PE,1120.0,1094.1,29.65,29.65,27.1,27.1,22.215968,1500,545250
2026-08-21 10:55:00,ATM+3,PE,1120.0,1093.3,27.1,27.1,27.1,27.1,19.873795,0,545250
2026-08-21 11:00:00,ATM+3,PE,1120.0,1093.4,28.8,28.8,27.1,28.05,23.448508,6750,546750
2026-08-21 11:05:00,ATM+3,PE,1120.0,1092.3,28.05,28.05,28.05,28.05,20.22881,0,546750
2026-08-21 11:10:00,ATM+3,PE,1120.0,1094.1,28.05,28.05,28.05,28.05,25.195852,750,546000
2026-08-21 11:15:00,ATM+3,PE,1120.0,1093.8,28.05,28.05,27.95,27.95,24.174717,1500,545250
2026-08-21 11:20:00,ATM+3,PE,1130.0,1095.5,27.95,34.0,27.95,34.0,19.495625,0,292500
2026-08-21 11:25:00,ATM+3,PE,1130.0,1096.1,35.7,35.7,34.0,34.6,24.757772,4500,291000
2026-08-21 11:30:00,ATM+3,PE,1130.0,1097.0,34.0,34.6,34.0,34.0,25.408366,1500,291000
2026-08-21 11:35:00,ATM+3,PE,1130.0,1096.6,34.0,34.0,34.0,34.0,24.113178,0,291000
2026-08-21 11:40:00,ATM+3,PE,1130.0,1098.5,34.0,34.0,32.35,32.35,24.050494,750,291000
2026-08-21 11:45:00,ATM+3,PE,1130.0,1098.7,32.35,32.35,32.35,32.35,24.670973,0,291000
2026-08-21 11:50:00,ATM+3,PE,1130.0,1099.0,32.35,32.35,32.35,32.35,25.553155,0,291000
2026-08-21 11:55:00,ATM+3,PE,1130.0,1097.4,32.35,33.5,32.35,33.5,24.856676,4500,290250
2026-08-21 12:00:00,ATM+3,PE,1130.0,1095.1,33.5,33.5,33.5,33.5,0.0,0,290250
2026-08-21 12:05:00,ATM+3,PE,1130.0,1095.1,33.5,33.5,33.5,33.5,0.0,0,290250
2026-08-21 12:10:00,ATM+3,PE,1120.0,1093.8,25.7,27.0,25.7,27.0,21.131318,6750,567000
2026-08-21 12:15:00,ATM+3,PE,1130.0,1095.4,27.25,33.5,27.0,33.5,14.636137,3000,290250
2026-08-21 12:20:00,ATM+3,PE,1130.0,1095.6,33.5,33.5,33.5,33.5,16.664285,0,290250
2026-08-21 12:25:00,ATM+3,PE,1130.0,1095.2,33.5,33.5,25.8,33.5,0.0,0,290250
2026-08-21 12:30:00,ATM+3,PE,1130.0,1095.1,33.5,33.5,33.5,33.5,0.0,0,290250
2026-08-21 12:35:00,ATM+3,PE,1130.0,1095.6,33.5,33.5,33.5,33.5,16.658559,0,290250
2026-08-21 12:40:00,ATM+3,PE,1120.0,1094.9,33.5,33.5,25.5,25.5,19.1013,0,565500
2026-08-21 12:45:00,ATM+3,PE,1130.0,1095.5,33.5,33.5,25.5,33.5,15.740764,0,290250
2026-08-21 12:50:00,ATM+3,PE,1130.0,1095.1,33.5,33.5,33.5,33.5,0.0,0,290250
2026-08-21 12:55:00,ATM+3,PE,1120.0,1094.7,33.5,33.5,26.25,26.9,23.30712,750,564750
2026-08-21 13:00:00,ATM+3,PE,1120.0,1094.1,26.9,27.3,26.9,27.3,23.037854,3000,561750
2026-08-21 13:05:00,ATM+3,PE,1120.0,1094.4,27.3,27.3,27.3,27.3,23.817139,0,561750
2026-08-21 13:10:00,ATM+3,PE,1120.0,1092.7,26.5,28.15,26.5,28.15,22.001748,5250,559500
2026-08-21 13:15:00,ATM+3,PE,1120.0,1094.5,28.8,28.8,28.15,28.7,28.181888,2250,559500
2026-08-21 13:20:00,ATM+3,PE,1120.0,1092.9,27.35,28.7,27.35,28.3,23.112546,31500,565500
2026-08-21 13:25:00,ATM+3,PE,1120.0,1093.3,28.3,28.5,28.1,28.1,23.549132,5250,570000
2026-08-21 13:30:00,ATM+3,PE,1120.0,1093.1,28.1,28.6,28.1,28.6,24.645041,27000,567750
2026-08-21 13:35:00,ATM+3,PE,1120.0,1093.5,28.5,28.6,28.3,28.3,24.725194,2250,567000
2026-08-21 13:40:00,ATM+3,PE,1120.0,1093.9,28.3,28.4,28.3,28.4,26.015186,1500,566250
2026-08-21 13:45:00,ATM+3,PE,1120.0,1093.7,27.9,28.4,27.6,27.6,23.010508,1500,566250
2026-08-21 13:50:00,ATM+3,PE,1120.0,1093.9,27.6,27.6,27.3,27.6,23.551299,3000,568500
2026-08-21 13:55:00,ATM+3,PE,1120.0,1094.1,27.15,27.6,27.1,27.1,22.455346,3000,568500
2026-08-21 14:00:00,ATM+3,PE,1120.0,1093.6,27.1,28.0,27.1,28.0,24.068541,3000,569250
2026-08-21 14:05:00,ATM+3,PE,1120.0,1092.6,28.0,28.85,28.0,28.8,24.02263,8250,569250
2026-08-21 14:10:00,ATM+3,PE,1120.0,1092.5,28.8,28.8,28.5,28.5,22.72262,7500,570000
2026-08-21 14:15:00,ATM+3,PE,1120.0,1093.2,28.5,28.5,28.5,28.5,24.654015,0,562500
2026-08-21 14:20:00,ATM+3,PE,1120.0,1093.6,28.5,28.5,26.9,26.9,20.292888,9750,561750
2026-08-21 14:25:00,ATM+3,PE,1120.0,1093.9,26.9,26.9,26.9,26.9,21.231046,0,559500
2026-08-21 14:30:00,ATM+3,PE,1120.0,1093.5,26.9,27.7,26.9,27.7,22.856046,3750,559500
2026-08-21 14:35:00,ATM+3,PE,1120.0,1093.3,27.7,27.95,27.65,27.85,22.810621,3000,559500
2026-08-21 14:40:00,ATM+3,PE,1120.0,1093.7,27.85,27.85,27.4,27.4,22.412197,8250,563250
2026-08-21 14:45:00,ATM+3,PE,1120.0,1093.5,27.65,27.65,27.4,27.65,22.706792,3000,563250
2026-08-21 14:50:00,ATM+3,PE,1120.0,1093.9,27.6,28.05,27.6,28.05,25.065897,2250,566250
2026-08-21 14:55:00,ATM+3,PE,1120.0,1092.9,28.05,28.05,28.05,28.05,22.37461,750,567000
2026-08-21 15:00:00,ATM+3,PE,1120.0,1093.8,28.05,28.75,28.05,28.75,26.964744,8250,571500
2026-08-21 15:05:00,ATM+3,PE,1120.0,1093.0,28.75,28.75,28.75,28.75,25.014859,0,571500
2026-08-21 15:10:00,ATM+3,PE,1120.0,1093.1,28.75,28.75,27.2,27.5,21.002977,7500,567750
2026-08-21 15:15:00,ATM+3,PE,1120.0,1093.1,27.5,27.5,27.5,27.5,21.008629,750,567000
2026-08-21 15:20:00,ATM+3,PE,1120.0,1093.1,27.5,27.8,27.5,27.8,22.113762,1500,565500
2026-08-21 15:25:00,ATM+3,PE,1120.0,1095.0,27.8,28.5,27.5,28.0,27.535559,9000,562500
2026-08-21 15:30:00,ATM+3,PE,1120.0,1095.0,27.75,28.0,27.05,27.05,24.748821,3750,559500
2026-08-21 15:35:00,ATM+3,PE,1120.0,1095.0,27.05,27.05,27.05,27.05,24.756964,0,555750
2026-08-24 09:15:00,ATM+3,PE,1120.0,1091.4,29.9,33.55,27.45,28.95,30.967225,21000,552000
2026-08-24 09:20:00,ATM+3,PE,1120.0,1093.0,28.95,28.95,26.4,27.35,29.644238,12750,550500
2026-08-24 09:25:00,ATM+3,PE,1120.0,1092.3,26.95,27.4,26.95,27.3,0.0,18000,542250
2026-08-24 09:30:00,ATM+3,PE,1120.0,1094.4,28.65,28.65,27.15,27.15,37.797177,7500,540750
2026-08-24 09:35:00,ATM+3,PE,1120.0,1092.2,26.5,28.5,26.5,28.5,33.671104,7500,539250
2026-08-24 09:40:00,ATM+3,PE,1120.0,1091.8,28.0,28.9,27.55,27.55,0.0,13500,534750
2026-08-24 09:45:00,ATM+3,PE,1120.0,1092.8,27.55,29.3,27.55,29.3,43.099181,7500,528000
2026-08-24 09:50:00,ATM+3,PE,1120.0,1092.0,28.3,29.3,27.5,27.5,0.0,12750,526500
2026-08-24 09:55:00,ATM+3,PE,1120.0,1092.2,28.15,28.15,27.2,27.35,0.0,6000,519000
2026-08-24 10:00:00,ATM+3,PE,1120.0,1090.7,27.55,27.55,27.35,27.4,0.0,6750,513750
2026-08-24 10:05:00,ATM+3,PE,1120.0,1090.4,27.4,29.15,27.4,29.15,0.0,14250,512250
2026-08-24 10:10:00,ATM+3,PE,1120.0,1089.3,29.95,31.25,29.15,31.25,35.170638,16500,501750
2026-08-24 10:15:00,ATM+3,PE,1120.0,1092.0,30.2,31.25,27.9,27.9,25.019252,11250,498750
2026-08-24 10:20:00,ATM+3,PE,1120.0,1090.8,27.9,28.6,27.9,28.6,0.0,3000,498750
2026-08-24 10:25:00,ATM+3,PE,1120.0,1091.6,28.6,28.6,27.8,28.5,28.351371,6750,500250
2026-08-24 10:30:00,ATM+3,PE,1120.0,1090.7,28.5,28.95,28.05,28.95,18.043128,23250,489750
2026-08-24 10:35:00,ATM+3,PE,1120.0,1091.3,28.95,28.95,28.95,28.95,30.487334,0,480750
2026-08-24 10:40:00,ATM+3,PE,1120.0,1091.2,28.95,29.1,28.5,29.1,31.168095,24000,480750
2026-08-24 10:45:00,ATM+3,PE,1120.0,1089.8,29.1,30.05,29.0,30.05,25.782618,3000,484500
2026-08-24 10:50:00,ATM+3,PE,1120.0,1089.7,30.05,30.05,29.85,29.85,0.0,4500,480000
2026-08-24 10:55:00,ATM+3,PE,1120.0,1088.6,29.85,31.1,29.1,31.1,22.222981,13500,474750
2026-08-24 11:00:00,ATM+3,PE,1120.0,1087.4,31.1,32.5,31.1,32.5,28.605636,3750,477000
2026-08-24 11:05:00,ATM+3,PE,1120.0,1087.5,32.5,32.5,32.5,32.5,30.343493,0,477000
2026-08-24 11:10:00,ATM+3,PE,1120.0,1087.5,32.5,32.5,31.5,31.5,0.0,2250,477000
2026-08-24 11:15:00,ATM+3,PE,1120.0,1087.1,32.7,32.7,31.5,32.7,26.603239,1500,474750
2026-08-24 11:20:00,ATM+3,PE,1120.0,1087.6,32.7,32.7,32.6,32.6,33.262394,6000,471000
2026-08-24 11:25:00,ATM+3,PE,1120.0,1088.2,32.6,32.6,31.4,31.4,0.0,6000,470250
2026-08-24 11:30:00,ATM+3,PE,1110.0,1084.8,31.4,34.0,22.35,25.7,30.62902,15750,346500
2026-08-24 11:35:00,ATM+3,PE,1120.0,1085.1,25.7,35.6,25.5,33.5,0.0,57750,450000
2026-08-24 11:40:00,ATM+3,PE,1120.0,1087.2,24.5,33.5,24.1,32.45,18.169001,12750,444000
2026-08-24 11:45:00,ATM+3,PE,1120.0,1087.2,32.45,32.75,32.45,32.75,29.920328,3000,443250
2026-08-24 11:50:00,ATM+3,PE,1120.0,1086.8,32.75,32.75,32.45,32.65,0.0,4500,441750
2026-08-24 11:55:00,ATM+3,PE,1120.0,1086.0,32.4,33.6,32.4,33.6,0.0,3000,438750
2026-08-24 12:00:00,ATM+3,PE,1120.0,1086.4,33.6,33.6,33.6,33.6,31.513186,0,438750
2026-08-24 12:05:00,ATM+3,PE,1120.0,1086.3,33.85,33.85,33.35,33.35,16.577574,4500,438000
2026-08-24 12:10:00,ATM+3,PE,1120.0,1086.1,33.35,33.35,33.35,33.35,0.0,0,438000
2026-08-24 12:15:00,ATM+3,PE,1120.0,1086.7,33.35,33.55,32.75,32.75,0.0,4500,434250
2026-08-24 12:20:00,ATM+3,PE,1120.0,1086.2,32.75,33.35,32.75,33.35,0.0,2250,433500
2026-08-24 12:25:00,ATM+3,PE,1120.0,1085.6,33.35,33.35,33.35,33.35,0.0,0,433500
2026-08-24 12:30:00,ATM+3,PE,1120.0,1085.4,24.45,34.2,23.4,34.2,0.0,2250,433500
2026-08-24 12:35:00,ATM+3,PE,1110.0,1084.6,33.95,34.2,24.45,25.35,24.585026,15750,324000
2026-08-24 12:40:00,ATM+3,PE,1110.0,1084.2,25.35,25.7,25.35,25.45,0.0,2250,324000
2026-08-24 12:45:00,ATM+3,PE,1120.0,1085.1,25.45,34.7,25.45,34.6,23.874619,5250,435000
2026-08-24 12:50:00,ATM+3,PE,1110.0,1084.5,24.95,25.55,24.95,25.55,26.283195,6000,321000
2026-08-24 12:55:00,ATM+3,PE,1110.0,1083.4,25.55,25.7,25.15,25.15,0.0,12000,321000
2026-08-24 13:00:00,ATM+3,PE,1110.0,1083.4,26.35,35.65,24.65,26.4,22.467015,39750,324000
2026-08-24 13:05:00,ATM+3,PE,1110.0,1082.9,27.3,28.2,26.4,26.6,0.0,14250,322500
2026-08-24 13:10:00,ATM+3,PE,1110.0,1082.3,26.1,27.15,26.1,26.65,0.0,8250,324000
2026-08-24 13:15:00,ATM+3,PE,1110.0,1082.3,27.2,27.2,26.65,27.1,0.0,1500,323250
2026-08-24 13:20:00,ATM+3,PE,1110.0,1081.8,26.75,27.25,26.75,27.25,0.0,3000,323250
2026-08-24 13:25:00,ATM+3,PE,1110.0,1082.4,27.25,28.0,27.25,27.8,30.333295,3000,324000
2026-08-24 13:30:00,ATM+3,PE,1110.0,1083.3,26.9,27.8,26.75,26.75,27.507966,7500,321750
2026-08-24 13:35:00,ATM+3,PE,1110.0,1082.4,26.75,27.6,26.7,27.6,27.487685,17250,326250
2026-08-24 13:40:00,ATM+3,PE,1110.0,1082.7,27.75,27.75,27.0,27.4,28.813908,17250,327750
2026-08-24 13:45:00,ATM+3,PE,1110.0,1083.8,27.65,27.65,26.4,26.4,29.24197,3750,328500
2026-08-24 13:50:00,ATM+3,PE,1110.0,1082.3,26.05,27.5,26.05,27.5,23.339431,10500,330750
2026-08-24 13:55:00,ATM+3,PE,1110.0,1081.1,27.85,28.95,27.5,28.85,27.754822,5250,333000
2026-08-24 14:00:00,ATM+3,PE,1110.0,1080.7,29.3,29.4,28.85,28.95,0.0,4500,333750
2026-08-24 14:05:00,ATM+3,PE,1110.0,1080.8,28.95,28.95,28.95,28.95,22.621551,0,333750
2026-08-24 14:10:00,ATM+3,PE,1110.0,1080.3,29.05,29.65,28.95,29.65,28.473874,5250,334500
2026-08-24 14:15:00,ATM+3,PE,1110.0,1080.3,29.65,29.65,29.65,29.65,28.500701,0,334500
2026-08-24 14:20:00,ATM+3,PE,1110.0,1079.2,29.65,30.05,29.65,30.05,0.0,9750,333750
2026-08-24 14:25:00,ATM+3,PE,1110.0,1079.8,29.9,30.05,29.9,29.9,19.831,750,332250
2026-08-24 14:30:00,ATM+3,PE,1110.0,1081.4,29.9,29.9,27.15,28.35,22.163264,21000,333750
2026-08-24 14:35:00,ATM+3,PE,1110.0,1080.5,28.35,28.35,28.35,28.35,0.0,0,337500
2026-08-24 14:40:00,ATM+3,PE,1110.0,1080.4,28.6,29.0,28.35,29.0,0.0,12750,340500
2026-08-24 14:45:00,ATM+3,PE,1110.0,1079.9,29.05,29.85,29.0,29.85,23.152974,3750,339750
2026-08-24 14:50:00,ATM+3,PE,1110.0,1080.3,29.85,29.85,29.85,29.85,32.114067,750,342000
2026-08-24 14:55:00,ATM+3,PE,1110.0,1079.6,29.7,30.45,29.35,30.25,26.9274,12750,343500
2026-08-24 15:00:00,ATM+3,PE,1110.0,1078.6,30.6,31.25,30.25,31.0,0.0,6750,343500
2026-08-24 15:05:00,ATM+3,PE,1110.0,1078.8,31.0,31.75,31.0,31.55,36.330368,9750,340500
2026-08-24 15:10:00,ATM+3,PE,1110.0,1078.9,30.6,31.55,30.2,30.2,0.0,2250,339750
2026-08-24 15:15:00,ATM+3,PE,1110.0,1078.9,30.2,30.2,30.2,30.2,0.0,0,339750
2026-08-24 15:20:00,ATM+3,PE,1110.0,1078.9,30.2,30.45,30.2,30.45,0.0,2250,338250
2026-08-24 15:25:00,ATM+3,PE,1110.0,1077.0,30.45,31.35,30.45,31.35,0.0,1500,338250
2026-08-24 15:30:00,ATM+3,PE,1110.0,1077.0,31.35,31.35,30.7,30.7,0.0,3750,336750
2026-08-24 15:35:00,ATM+3,PE,1110.0,1077.0,30.7,33.15,30.7,30.95,0.0,6750,334500
2026-08-25 09:15:00,ATM+3,PE,1100.0,1073.9,30.55,30.9,25.5,25.5,0.0,17250,999750
2026-08-25 09:35:00,ATM+3,PE,1100.0,1073.4,25.25,27.5,25.25,27.25,67.335825,25500,996000
2026-08-25 09:40:00,ATM+3,PE,1100.0,1072.8,27.55,28.25,27.25,28.0,72.316859,38250,992250
2026-08-25 09:45:00,ATM+3,PE,1100.0,1074.7,28.0,37.4,25.6,26.0,66.802537,24750,990000
2026-08-25 09:50:00,ATM+3,PE,1100.0,1073.2,26.5,28.85,26.0,28.25,84.855298,15000,988500
2026-08-25 09:55:00,ATM+3,PE,1100.0,1075.0,28.25,38.0,25.65,25.65,65.99175,7500,987750
2026-08-25 10:00:00,ATM+3,PE,1110.0,1076.3,38.0,38.0,25.65,38.0,143.641106,3000,330000
2026-08-25 10:05:00,ATM+3,PE,1110.0,1075.4,38.0,38.0,38.0,38.0,134.80135,0,330000
2026-08-25 10:10:00,ATM+3,PE,1110.0,1075.8,38.0,38.0,25.15,38.0,140.395757,0,330000
2026-08-25 10:15:00,ATM+3,PE,1110.0,1075.5,38.0,38.0,38.0,38.0,138.041186,0,330000
2026-08-25 10:20:00,ATM+3,PE,1100.0,1074.1,38.0,38.0,25.3,25.7,0.0,6750,984750
2026-08-25 10:25:00,ATM+3,PE,1100.0,1074.1,25.7,27.7,25.7,27.2,84.544429,4500,982500
2026-08-25 10:30:00,ATM+3,PE,1100.0,1073.7,27.2,27.2,27.2,27.2,78.083736,1500,981750
2026-08-25 10:35:00,ATM+3,PE,1100.0,1074.3,27.2,27.2,26.05,26.05,63.060313,750,981750
2026-08-25 10:40:00,ATM+3,PE,1100.0,1074.4,26.05,27.25,26.05,26.2,70.6429,6000,981750
2026-08-25 10:45:00,ATM+3,PE,1100.0,1074.0,26.2,26.2,26.2,26.2,58.985961,0,981000
2026-08-25 10:50:00,ATM+3,PE,1100.0,1074.9,26.2,26.8,26.2,26.2,82.187645,6000,981000
2026-08-25 10:55:00,ATM+3,PE,1100.0,1074.5,26.2,27.3,25.7,27.3,96.993541,8250,978000
2026-08-25 11:00:00,ATM+3,PE,1110.0,1075.9,37.0,37.0,37.0,37.0,138.188901,0,329250
2026-08-25 11:05:00,ATM+3,PE,1110.0,1076.1,37.0,37.0,37.0,37.0,142.148533,0,329250
2026-08-25 11:10:00,ATM+3,PE,1110.0,1077.2,37.0,37.0,37.0,37.0,157.188356,0,327750
2026-08-25 11:15:00,ATM+3,PE,1110.0,1076.1,37.0,37.0,37.0,37.0,144.827275,0,327750
2026-08-25 11:20:00,ATM+3,PE,1110.0,1076.6,37.0,37.0,37.0,37.0,152.829286,0,327750
2026-08-25 11:25:00,ATM+3,PE,1110.0,1076.4,37.0,37.0,37.0,37.0,151.724463,0,327750
2026-08-25 11:30:00,ATM+3,PE,1110.0,1076.4,37.0,37.0,37.0,37.0,153.249636,0,327000
2026-08-25 11:35:00,ATM+3,PE,1110.0,1077.6,37.0,37.0,37.0,37.0,169.910371,0,327000
2026-08-25 11:40:00,ATM+3,PE,1110.0,1077.5,37.0,37.0,37.0,37.0,170.500868,0,326250
2026-08-25 11:45:00,ATM+3,PE,1110.0,1077.6,37.0,37.0,37.0,37.0,173.540178,0,326250
2026-08-25 11:50:00,ATM+3,PE,1110.0,1079.2,37.0,37.0,37.0,37.0,193.596895,0,326250
2026-08-25 11:55:00,ATM+3,PE,1110.0,1080.5,37.0,37.0,30.0,30.0,86.625277,9000,325500
2026-08-25 12:00:00,ATM+3,PE,1110.0,1079.9,30.0,30.0,30.0,30.0,0.0,3000,328500
2026-08-25 12:05:00,ATM+3,PE,1110.0,1079.8,30.0,30.0,30.0,30.0,0.0,0,325500
2026-08-25 12:10:00,ATM+3,PE,1110.0,1080.5,30.0,30.0,30.0,30.0,89.629697,0,325500
2026-08-25 12:15:00,ATM+3,PE,1110.0,1080.2,30.0,30.0,30.0,30.0,77.764335,0,325500
2026-08-25 12:20:00,ATM+3,PE,1110.0,1079.5,30.0,30.0,30.0,30.0,0.0,0,325500
2026-08-25 12:25:00,ATM+3,PE,1110.0,1079.6,30.0,30.0,30.0,30.0,0.0,0,325500
2026-08-25 12:30:00,ATM+3,PE,1110.0,1079.6,30.0,30.0,30.0,30.0,0.0,0,325500
2026-08-25 12:35:00,ATM+3,PE,1110.0,1078.5,32.0,32.0,30.0,32.0,100.564947,3000,325500
2026-08-25 12:40:00,ATM+3,PE,1110.0,1078.1,32.0,32.0,31.5,31.5,0.0,6000,325500
2026-08-25 12:45:00,ATM+3,PE,1110.0,1078.3,31.5,33.0,31.5,33.0,130.247592,750,320250
2026-08-25 12:50:00,ATM+3,PE,1110.0,1078.4,33.0,33.0,33.0,33.0,134.60251,0,320250
2026-08-25 12:55:00,ATM+3,PE,1110.0,1078.4,33.0,33.0,33.0,33.0,0.0,0,320250
2026-08-25 13:00:00,ATM+3,PE,1110.0,1077.7,33.0,33.0,33.0,33.0,118.576847,0,320250
2026-08-25 13:05:00,ATM+3,PE,1110.0,1076.5,33.0,33.0,33.0,33.0,0.0,0,320250
2026-08-25 13:10:00,ATM+3,PE,1110.0,1077.2,33.0,33.0,33.0,33.0,98.123878,0,320250
2026-08-25 13:15:00,ATM+3,PE,1110.0,1076.4,33.0,33.0,33.0,33.0,0.0,0,320250
2026-08-25 13:20:00,ATM+3,PE,1110.0,1076.5,33.0,33.0,33.0,33.0,0.0,0,320250
2026-08-25 13:25:00,ATM+3,PE,1110.0,1076.6,33.0,33.0,33.0,33.0,0.0,0,320250
2026-08-25 13:30:00,ATM+3,PE,1110.0,1077.0,33.0,33.0,33.0,33.0,78.209053,0,320250
2026-08-25 13:35:00,ATM+3,PE,1110.0,1078.8,33.0,33.0,33.0,33.0,0.0,0,320250
2026-08-25 13:40:00,ATM+3,PE,1110.0,1078.4,33.0,33.0,33.0,33.0,0.0,0,320250
2026-08-25 13:45:00,ATM+3,PE,1110.0,1078.7,33.0,33.0,33.0,33.0,0.0,0,320250
2026-08-25 13:50:00,ATM+3,PE,1110.0,1079.5,33.0,33.0,33.0,33.0,0.0,0,320250
2026-08-25 13:55:00,ATM+3,PE,1110.0,1078.4,33.0,33.0,33.0,33.0,0.0,0,320250
2026-08-25 14:00:00,ATM+3,PE,1110.0,1078.6,33.0,33.0,33.0,33.0,0.0,0,320250
2026-08-25 14:05:00,ATM+3,PE,1110.0,1078.7,33.0,33.0,33.0,33.0,0.0,0,320250
2026-08-25 14:10:00,ATM+3,PE,1110.0,1079.7,33.0,33.0,33.0,33.0,0.0,0,320250
2026-08-25 14:15:00,ATM+3,PE,1110.0,1079.2,33.0,33.0,33.0,33.0,0.0,0,320250
2026-08-25 14:20:00,ATM+3,PE,1110.0,1079.0,33.0,33.0,33.0,33.0,0.0,0,320250
2026-08-25 14:25:00,ATM+3,PE,1110.0,1078.4,33.0,33.0,33.0,33.0,0.0,0,320250
2026-08-25 14:30:00,ATM+3,PE,1110.0,1081.0,33.0,33.0,33.0,33.0,0.0,0,320250
2026-08-25 14:35:00,ATM+3,PE,1110.0,1080.5,33.0,33.0,33.0,33.0,0.0,0,320250
2026-08-25 14:40:00,ATM+3,PE,1110.0,1082.0,35.1,35.1,28.0,28.0,0.0,8250,315750
2026-08-25 14:45:00,ATM+3,PE,1110.0,1082.4,28.0,28.0,28.0,28.0,0.0,0,315750
2026-08-25 14:50:00,ATM+3,PE,1110.0,1082.6,28.0,28.0,28.0,28.0,0.0,0,315750
2026-08-25 14:55:00,ATM+3,PE,1110.0,1082.5,28.0,28.0,28.0,28.0,0.0,0,315750
2026-08-25 15:00:00,ATM+3,PE,1110.0,1084.0,28.0,28.0,28.0,28.0,0.0,0,315750
2026-08-25 15:05:00,ATM+3,PE,1110.0,1084.6,28.0,28.0,28.0,28.0,0.0,0,315750
2026-08-25 15:10:00,ATM+3,PE,1110.0,1082.0,28.0,28.0,28.0,28.0,0.0,0,315750
2026-08-25 15:15:00,ATM+3,PE,1110.0,1082.0,28.0,28.0,28.0,28.0,0.0,0,315750
2026-08-25 15:20:00,ATM+3,PE,1110.0,1082.0,28.0,28.0,28.0,28.0,0.0,0,315750
2026-08-25 15:25:00,ATM+3,PE,1120.0,1087.4,28.0,37.7,28.0,37.7,0.0,0,339000
2026-08-25 15:30:00,ATM+3,PE,1120.0,1087.4,37.7,37.7,36.0,36.0,0.0,1500,338250
2026-08-25 15:35:00,ATM+3,PE,1120.0,1087.4,36.0,36.0,36.0,36.0,0.0,0,338250
