ts,offset,side,strike,spot,open,high,low,close,iv,volume,oi
2026-08-20 09:35:00,ATM-3,CE,330.0,347.5,21.0,21.0,21.0,21.0,58.071483,0,936000
2026-08-20 09:50:00,ATM-3,CE,330.0,347.35,21.0,21.0,21.0,21.0,59.114622,0,936000
2026-08-20 10:00:00,ATM-3,CE,330.0,347.45,21.0,21.0,21.0,21.0,58.515054,0,936000
2026-08-20 10:05:00,ATM-3,CE,330.0,347.35,21.0,21.0,21.0,21.0,59.170675,0,936000
2026-08-20 10:25:00,ATM-3,CE,330.0,346.5,21.0,21.0,21.0,21.0,64.436311,0,936000
2026-08-20 10:30:00,ATM-3,CE,330.0,347.15,21.0,21.0,21.0,21.0,60.554543,0,936000
2026-08-20 10:35:00,ATM-3,CE,330.0,347.35,21.0,21.0,21.0,21.0,59.313582,0,936000
2026-08-20 10:40:00,ATM-3,CE,330.0,347.5,21.0,21.0,21.0,21.0,58.365697,0,936000
2026-08-20 10:45:00,ATM-3,CE,330.0,347.45,21.0,21.0,21.0,21.0,58.704046,0,936000
2026-08-20 10:50:00,ATM-3,CE,330.0,345.95,21.0,21.0,21.0,21.0,67.665663,0,936000
2026-08-20 10:55:00,ATM-3,CE,330.0,346.25,21.0,21.0,21.0,21.0,66.011036,0,936000
2026-08-20 11:00:00,ATM-3,CE,330.0,345.8,21.0,21.0,21.0,21.0,68.53775,0,936000
2026-08-20 11:05:00,ATM-3,CE,330.0,346.9,21.0,21.0,21.0,21.0,62.248217,0,936000
2026-08-20 11:10:00,ATM-3,CE,330.0,347.2,21.0,21.0,21.0,21.0,60.418376,0,936000
2026-08-20 11:15:00,ATM-3,CE,330.0,347.0,21.0,21.0,21.0,21.0,61.683202,0,936000
2026-08-20 11:20:00,ATM-3,CE,330.0,346.65,21.0,21.0,21.0,21.0,63.81346,0,936000
2026-08-20 11:25:00,ATM-3,CE,330.0,347.0,21.0,21.0,21.0,21.0,61.728322,0,936000
2026-08-20 11:30:00,ATM-3,CE,330.0,347.4,21.0,21.0,21.0,21.0,59.231835,0,936000
2026-08-20 11:35:00,ATM-3,CE,330.0,347.3,21.0,21.0,21.0,21.0,59.895684,0,936000
2026-08-20 11:40:00,ATM-3,CE,330.0,346.85,21.0,21.0,21.0,21.0,62.710562,0,936000
2026-08-20 11:45:00,ATM-3,CE,330.0,346.75,21.0,21.0,21.0,21.0,63.334818,0,936000
2026-08-20 11:50:00,ATM-3,CE,330.0,347.25,21.0,21.0,21.0,21.0,60.280148,0,936000
2026-08-20 12:00:00,ATM-3,CE,330.0,347.5,21.0,21.0,21.0,21.0,58.711757,0,936000
2026-08-20 12:05:00,ATM-3,CE,330.0,347.4,21.0,21.0,21.0,21.0,59.38538,0,936000
2026-08-20 12:10:00,ATM-3,CE,330.0,347.35,21.0,21.0,21.0,21.0,59.73012,0,936000
2026-08-20 12:15:00,ATM-3,CE,330.0,347.4,21.0,21.0,21.0,21.0,59.416221,0,936000
2026-08-20 12:20:00,ATM-3,CE,330.0,346.7,21.0,21.0,21.0,21.0,63.796134,0,936000
2026-08-20 12:25:00,ATM-3,CE,330.0,346.8,21.0,21.0,21.0,21.0,63.219996,0,936000
2026-08-20 12:30:00,ATM-3,CE,330.0,347.5,21.0,21.0,21.0,21.0,58.842916,0,936000
2026-08-20 12:35:00,ATM-3,CE,330.0,347.3,21.0,21.0,21.0,21.0,60.162087,0,936000
2026-08-20 12:40:00,ATM-3,CE,330.0,347.1,21.0,21.0,21.0,21.0,61.448835,0,936000
2026-08-20 12:45:00,ATM-3,CE,330.0,347.4,21.0,21.0,21.0,21.0,59.562153,0,936000
2026-08-20 12:50:00,ATM-3,CE,330.0,347.3,21.0,21.0,21.0,21.0,60.224704,0,936000
2026-08-20 12:55:00,ATM-3,CE,330.0,347.5,21.0,21.0,21.0,21.0,58.952817,0,936000
2026-08-20 13:05:00,ATM-3,CE,330.0,347.5,21.0,21.0,21.0,21.0,58.992513,0,936000
2026-08-20 13:10:00,ATM-3,CE,330.0,347.5,21.0,21.0,21.0,21.0,59.019013,0,936000
2026-08-20 13:15:00,ATM-3,CE,330.0,347.35,21.0,21.0,21.0,21.0,60.019605,0,936000
2026-08-20 13:20:00,ATM-3,CE,330.0,346.55,21.0,21.0,21.0,21.0,64.968854,0,936000
2026-08-20 13:25:00,ATM-3,CE,330.0,346.85,21.0,21.0,21.0,21.0,63.196951,0,936000
2026-08-20 13:30:00,ATM-3,CE,330.0,347.25,21.0,21.0,21.0,21.0,60.724572,0,936000
2026-08-20 13:35:00,ATM-3,CE,330.0,346.85,21.0,21.0,21.0,21.0,63.243802,0,936000
2026-08-20 13:40:00,ATM-3,CE,330.0,347.5,21.0,21.0,21.0,21.0,59.15201,0,936000
2026-08-20 13:45:00,ATM-3,CE,330.0,347.35,21.0,21.0,21.0,21.0,60.154474,0,936000
2026-08-20 13:50:00,ATM-3,CE,330.0,347.1,21.0,21.0,21.0,21.0,61.769276,0,936000
2026-08-20 13:55:00,ATM-3,CE,330.0,347.0,21.0,21.0,21.0,21.0,62.415891,0,936000
2026-08-20 14:00:00,ATM-3,CE,330.0,347.35,21.0,21.0,21.0,21.0,60.222217,0,936000
2026-08-20 14:05:00,ATM-3,CE,330.0,347.4,21.0,21.0,21.0,21.0,59.919907,0,936000
2026-08-20 14:10:00,ATM-3,CE,330.0,347.5,21.0,21.0,21.0,21.0,59.28131,0,936000
2026-08-20 14:15:00,ATM-3,CE,330.0,347.25,21.0,21.0,21.0,21.0,60.934057,0,936000
2026-08-20 14:20:00,ATM-3,CE,330.0,347.2,21.0,21.0,21.0,21.0,61.275921,0,936000
2026-08-20 14:25:00,ATM-3,CE,330.0,347.4,21.0,21.0,21.0,21.0,60.01023,0,936000
2026-08-20 14:30:00,ATM-3,CE,330.0,347.35,21.0,21.0,21.0,21.0,60.358296,0,936000
2026-08-20 14:35:00,ATM-3,CE,330.0,347.35,21.0,21.0,21.0,21.0,60.381051,0,936000
2026-08-20 14:40:00,ATM-3,CE,330.0,347.1,21.0,21.0,21.0,21.0,62.000907,0,936000
2026-08-20 14:45:00,ATM-3,CE,330.0,347.45,21.0,21.0,21.0,21.0,59.754936,0,936000
2026-08-21 10:25:00,ATM-3,CE,345.0,358.1,12.0,12.0,12.0,12.0,0.0,0,216000
2026-08-21 10:30:00,ATM-3,CE,340.0,357.35,5.85,5.85,5.85,5.85,0.0,0,684000
2026-08-21 10:35:00,ATM-3,CE,345.0,358.15,5.85,12.0,5.85,12.0,0.0,0,216000
2026-08-21 10:40:00,ATM-3,CE,345.0,358.2,12.0,12.0,12.0,12.0,0.0,0,216000
2026-08-21 10:45:00,ATM-3,CE,345.0,358.45,12.0,12.0,12.0,12.0,0.0,0,216000
2026-08-21 10:50:00,ATM-3,CE,345.0,358.1,12.0,12.0,12.0,12.0,0.0,0,216000
2026-08-21 10:55:00,ATM-3,CE,345.0,358.15,12.0,12.0,12.0,12.0,0.0,0,216000
2026-08-21 11:00:00,ATM-3,CE,345.0,357.95,12.0,12.0,12.0,12.0,0.0,0,216000
2026-08-21 11:05:00,ATM-3,CE,345.0,358.15,12.0,12.0,12.0,12.0,0.0,0,216000
2026-08-21 11:10:00,ATM-3,CE,345.0,358.15,12.0,12.0,12.0,12.0,0.0,0,216000
2026-08-21 11:15:00,ATM-3,CE,345.0,358.15,12.0,12.0,12.0,12.0,0.0,0,216000
2026-08-21 11:20:00,ATM-3,CE,345.0,358.2,12.0,12.0,12.0,12.0,0.0,0,216000
2026-08-21 11:25:00,ATM-3,CE,345.0,357.75,12.0,12.0,12.0,12.0,0.0,0,216000
2026-08-21 11:30:00,ATM-3,CE,345.0,357.7,12.0,12.0,12.0,12.0,0.0,0,216000
2026-08-21 11:35:00,ATM-3,CE,345.0,358.0,12.0,12.0,12.0,12.0,0.0,0,216000
2026-08-21 11:40:00,ATM-3,CE,340.0,357.0,12.0,12.0,5.85,5.85,0.0,0,684000
2026-08-21 11:45:00,ATM-3,CE,340.0,357.45,5.85,5.85,5.85,5.85,0.0,0,684000
2026-08-21 11:50:00,ATM-3,CE,345.0,357.75,12.0,12.0,12.0,12.0,0.0,0,216000
2026-08-21 11:55:00,ATM-3,CE,345.0,358.0,12.0,12.0,12.0,12.0,0.0,0,216000
2026-08-21 12:00:00,ATM-3,CE,345.0,357.75,12.0,12.0,12.0,12.0,0.0,0,216000
2026-08-21 12:05:00,ATM-3,CE,345.0,357.6,12.0,12.0,12.0,12.0,0.0,0,216000
2026-08-21 12:10:00,ATM-3,CE,340.0,356.6,12.0,12.0,5.85,5.85,0.0,0,684000
2026-08-21 12:15:00,ATM-3,CE,340.0,356.5,5.85,5.85,5.85,5.85,0.0,0,684000
2026-08-21 12:20:00,ATM-3,CE,340.0,356.8,5.85,5.85,5.85,5.85,0.0,0,684000
2026-08-21 12:25:00,ATM-3,CE,340.0,356.65,5.85,5.85,5.85,5.85,0.0,0,684000
2026-08-21 12:30:00,ATM-3,CE,340.0,357.45,5.85,12.0,5.85,5.85,0.0,0,684000
2026-08-21 12:35:00,ATM-3,CE,340.0,356.9,5.85,5.85,5.85,5.85,0.0,0,684000
2026-08-21 12:40:00,ATM-3,CE,340.0,356.75,5.85,5.85,5.85,5.85,0.0,0,684000
2026-08-21 12:45:00,ATM-3,CE,340.0,356.5,5.85,5.85,5.85,5.85,0.0,0,684000
2026-08-21 12:50:00,ATM-3,CE,340.0,356.5,5.85,5.85,5.85,5.85,0.0,0,684000
2026-08-21 12:55:00,ATM-3,CE,340.0,356.95,5.85,5.85,5.85,5.85,0.0,0,684000
2026-08-21 13:00:00,ATM-3,CE,340.0,356.65,5.85,5.85,5.85,5.85,0.0,0,684000
2026-08-21 13:05:00,ATM-3,CE,340.0,356.95,5.85,5.85,5.85,5.85,0.0,0,684000
2026-08-21 13:10:00,ATM-3,CE,340.0,356.5,5.85,5.85,5.85,5.85,0.0,0,684000
2026-08-21 13:15:00,ATM-3,CE,340.0,356.75,5.85,5.85,5.85,5.85,0.0,0,684000
2026-08-21 13:20:00,ATM-3,CE,340.0,356.25,5.85,5.85,5.85,5.85,0.0,0,684000
2026-08-21 13:25:00,ATM-3,CE,340.0,356.55,5.85,5.85,5.85,5.85,0.0,0,684000
2026-08-21 13:30:00,ATM-3,CE,340.0,355.45,5.85,5.85,5.85,5.85,0.0,0,684000
2026-08-21 13:35:00,ATM-3,CE,340.0,356.5,5.85,5.85,5.85,5.85,0.0,0,684000
2026-08-21 13:40:00,ATM-3,CE,340.0,356.1,5.85,5.85,5.85,5.85,0.0,0,684000
2026-08-21 13:45:00,ATM-3,CE,340.0,355.95,5.85,5.85,5.85,5.85,0.0,0,684000
2026-08-21 13:50:00,ATM-3,CE,340.0,356.25,17.5,17.5,15.8,15.8,0.0,9000,681000
2026-08-21 13:55:00,ATM-3,CE,340.0,356.1,15.8,15.8,15.8,15.8,0.0,0,681000
2026-08-21 14:00:00,ATM-3,CE,340.0,356.0,15.8,15.8,15.8,15.8,0.0,0,681000
2026-08-21 14:05:00,ATM-3,CE,340.0,355.65,15.8,15.8,15.8,15.8,0.0,0,681000
2026-08-21 14:10:00,ATM-3,CE,340.0,356.0,15.8,15.8,15.8,15.8,0.0,0,681000
2026-08-21 14:15:00,ATM-3,CE,340.0,356.55,15.8,15.8,15.8,15.8,0.0,0,681000
2026-08-21 14:20:00,ATM-3,CE,340.0,356.6,15.8,15.8,15.8,15.8,0.0,0,681000
2026-08-21 14:25:00,ATM-3,CE,340.0,356.4,15.8,15.8,15.8,15.8,0.0,0,681000
2026-08-21 14:30:00,ATM-3,CE,340.0,356.6,15.8,15.8,15.8,15.8,0.0,0,681000
2026-08-21 14:35:00,ATM-3,CE,340.0,356.8,15.8,15.8,15.8,15.8,0.0,0,681000
2026-08-21 14:40:00,ATM-3,CE,340.0,356.7,15.8,15.8,15.8,15.8,0.0,0,681000
2026-08-21 14:45:00,ATM-3,CE,340.0,356.8,15.8,15.8,15.8,15.8,0.0,0,681000
2026-08-21 14:50:00,ATM-3,CE,340.0,356.6,15.8,15.8,15.8,15.8,0.0,0,681000
2026-08-21 14:55:00,ATM-3,CE,340.0,355.9,15.8,15.8,15.8,15.8,0.0,0,681000
2026-08-21 15:00:00,ATM-3,CE,340.0,355.7,15.8,15.8,15.8,15.8,0.0,0,681000
2026-08-21 15:05:00,ATM-3,CE,340.0,355.4,15.8,15.8,15.8,15.8,18.860016,0,681000
2026-08-21 15:10:00,ATM-3,CE,340.0,357.45,15.1,15.8,15.1,15.1,0.0,3000,678000
2026-08-21 15:15:00,ATM-3,CE,340.0,357.45,17.5,17.5,15.1,17.5,0.0,3000,675000
2026-08-21 15:20:00,ATM-3,CE,340.0,357.45,17.5,17.5,17.5,17.5,0.0,0,675000
2026-08-21 15:25:00,ATM-3,CE,340.0,357.5,17.5,17.5,17.5,17.5,0.0,0,675000
2026-08-21 15:30:00,ATM-3,CE,340.0,357.5,17.5,17.5,17.5,17.5,0.0,0,675000
2026-08-21 15:35:00,ATM-3,CE,340.0,357.5,17.5,17.5,17.5,17.5,0.0,0,675000
2026-08-24 09:25:00,ATM-3,CE,345.0,360.95,17.0,17.0,16.8,16.8,64.171462,6000,216000
2026-08-24 09:30:00,ATM-3,CE,345.0,360.25,16.8,16.8,16.8,16.8,77.367899,0,216000
2026-08-24 09:35:00,ATM-3,CE,345.0,360.5,16.8,16.8,16.8,16.8,73.25813,0,216000
2026-08-24 09:40:00,ATM-3,CE,345.0,362.0,16.8,16.8,16.8,16.8,0.0,0,213000
2026-08-24 09:45:00,ATM-3,CE,350.0,364.6,16.8,16.8,13.0,15.0,46.82506,66000,762000
2026-08-24 09:50:00,ATM-3,CE,350.0,365.8,15.65,16.5,15.0,16.5,59.388732,48000,729000
2026-08-24 09:55:00,ATM-3,CE,355.0,367.95,17.0,17.85,13.95,13.95,57.889448,66000,531000
2026-08-24 10:00:00,ATM-3,CE,350.0,366.9,14.6,19.3,13.95,19.1,94.072198,30000,684000
2026-08-24 10:05:00,ATM-3,CE,350.0,364.7,19.1,19.1,16.2,16.2,74.368447,60000,660000
2026-08-24 10:10:00,ATM-3,CE,350.0,366.85,15.4,17.65,15.4,17.65,65.269454,45000,648000
2026-08-24 10:15:00,ATM-3,CE,350.0,367.05,17.65,18.0,17.2,17.7,61.700053,21000,648000
2026-08-24 10:20:00,ATM-3,CE,350.0,366.25,17.7,17.7,17.6,17.6,76.470882,6000,648000
2026-08-24 10:25:00,ATM-3,CE,350.0,365.45,17.6,17.6,16.35,16.35,64.238026,93000,618000
2026-08-24 10:30:00,ATM-3,CE,350.0,366.2,16.45,17.0,16.35,17.0,63.904926,12000,603000
2026-08-24 10:35:00,ATM-3,CE,350.0,365.85,17.05,17.05,17.0,17.05,72.442009,42000,564000
2026-08-24 10:40:00,ATM-3,CE,350.0,365.65,17.05,17.05,17.05,17.05,76.13084,0,564000
2026-08-24 10:45:00,ATM-3,CE,350.0,365.0,17.05,17.05,16.05,16.5,76.212889,12000,561000
2026-08-24 10:50:00,ATM-3,CE,350.0,364.25,16.5,16.5,15.9,15.9,76.788543,6000,561000
2026-08-24 10:55:00,ATM-3,CE,350.0,365.15,15.8,16.95,15.8,16.95,82.620061,15000,561000
2026-08-24 11:00:00,ATM-3,CE,350.0,364.2,16.95,16.95,15.5,15.5,70.061244,6000,561000
2026-08-24 11:05:00,ATM-3,CE,350.0,364.85,15.4,15.5,15.3,15.3,50.549572,6000,561000
2026-08-24 11:10:00,ATM-3,CE,350.0,364.95,15.3,16.15,15.3,16.15,70.504911,15000,561000
2026-08-24 11:15:00,ATM-3,CE,350.0,364.8,16.15,16.15,15.65,15.75,64.569108,18000,561000
2026-08-24 11:20:00,ATM-3,CE,350.0,364.95,15.75,15.75,15.75,15.75,61.420025,0,561000
2026-08-24 11:25:00,ATM-3,CE,350.0,364.95,15.75,15.75,15.75,15.75,61.518383,0,567000
2026-08-24 11:30:00,ATM-3,CE,350.0,364.1,15.75,16.15,15.6,15.8,78.175693,30000,573000
2026-08-24 11:35:00,ATM-3,CE,350.0,365.2,15.35,15.8,15.35,15.35,34.991326,9000,579000
2026-08-24 11:40:00,ATM-3,CE,350.0,365.45,15.35,15.35,15.35,15.35,0.0,0,588000
2026-08-24 11:45:00,ATM-3,CE,350.0,365.5,15.35,16.8,15.35,16.2,60.769793,27000,591000
2026-08-24 11:50:00,ATM-3,CE,350.0,365.4,16.2,16.2,16.2,16.2,63.295096,0,591000
2026-08-24 11:55:00,ATM-3,CE,350.0,365.65,16.2,16.2,16.2,16.2,56.875091,0,591000
2026-08-24 12:00:00,ATM-3,CE,350.0,366.05,16.2,16.2,16.2,16.2,37.105633,0,591000
2026-08-24 12:05:00,ATM-3,CE,350.0,366.2,16.2,16.2,16.2,16.2,0.0,0,591000
2026-08-24 12:10:00,ATM-3,CE,350.0,366.2,16.2,16.2,16.2,16.2,0.0,0,591000
2026-08-24 12:15:00,ATM-3,CE,350.0,366.15,16.2,16.2,16.2,16.2,0.0,0,591000
2026-08-24 12:20:00,ATM-3,CE,350.0,366.4,16.85,17.25,16.2,17.25,68.090863,30000,597000
2026-08-24 12:25:00,ATM-3,CE,350.0,366.1,17.25,17.25,17.25,17.25,74.623987,0,597000
2026-08-24 12:30:00,ATM-3,CE,350.0,366.35,17.25,17.25,17.25,17.25,69.467896,0,597000
2026-08-24 12:35:00,ATM-3,CE,350.0,366.25,17.25,17.25,17.25,17.25,71.784229,0,597000
2026-08-24 12:40:00,ATM-3,CE,350.0,366.6,17.25,17.25,17.25,17.25,63.458656,0,597000
2026-08-24 12:45:00,ATM-3,CE,350.0,366.8,17.25,17.25,17.25,17.25,57.326049,0,597000
2026-08-24 12:50:00,ATM-3,CE,350.0,366.9,17.25,17.25,17.25,17.25,53.503265,0,597000
2026-08-24 12:55:00,ATM-3,CE,350.0,366.8,17.25,17.25,17.25,17.25,57.528634,0,597000
2026-08-24 13:00:00,ATM-3,CE,350.0,366.45,17.25,17.25,17.0,17.0,60.292016,12000,597000
2026-08-24 13:05:00,ATM-3,CE,350.0,366.8,17.0,17.0,17.0,17.0,44.823549,0,591000
2026-08-24 13:10:00,ATM-3,CE,350.0,366.55,17.0,17.0,17.0,17.0,57.195164,0,591000
2026-08-24 13:15:00,ATM-3,CE,350.0,366.95,17.0,17.0,17.0,17.0,0.0,0,591000
2026-08-24 13:20:00,ATM-3,CE,350.0,366.3,17.0,17.0,17.0,17.0,64.998285,0,591000
2026-08-24 13:25:00,ATM-3,CE,350.0,366.05,17.0,17.0,17.0,17.0,71.144086,0,591000
2026-08-24 13:30:00,ATM-3,CE,350.0,366.25,17.0,17.0,17.0,17.0,66.523696,0,591000
2026-08-24 13:35:00,ATM-3,CE,350.0,366.2,17.0,17.0,17.0,17.0,67.889294,0,591000
2026-08-24 13:40:00,ATM-3,CE,350.0,366.4,17.0,17.0,17.0,17.0,62.656162,0,591000
2026-08-24 13:45:00,ATM-3,CE,350.0,366.35,17.0,17.0,17.0,17.0,64.199819,0,591000
2026-08-24 13:50:00,ATM-3,CE,350.0,366.1,17.0,17.0,17.0,17.0,70.621674,0,591000
2026-08-24 13:55:00,ATM-3,CE,350.0,366.05,17.0,17.0,17.0,17.0,71.877977,0,591000
2026-08-24 14:00:00,ATM-3,CE,350.0,366.1,17.0,17.0,17.0,17.0,70.866593,0,591000
2026-08-24 14:05:00,ATM-3,CE,350.0,366.3,17.0,17.0,17.0,17.0,66.027131,0,591000
2026-08-24 14:10:00,ATM-3,CE,350.0,366.2,17.0,17.0,17.0,17.0,68.721281,0,591000
2026-08-24 14:15:00,ATM-3,CE,350.0,367.2,17.0,17.0,17.0,17.0,0.0,0,591000
2026-08-24 14:20:00,ATM-3,CE,350.0,366.55,17.5,17.5,17.0,17.5,74.024036,6000,591000
2026-08-24 14:25:00,ATM-3,CE,350.0,367.1,17.5,17.75,16.85,17.75,67.23307,15000,585000
2026-08-24 14:30:00,ATM-3,CE,350.0,367.2,17.75,17.75,17.75,17.75,64.306791,0,585000
2026-08-24 14:35:00,ATM-3,CE,350.0,367.15,17.75,17.75,17.75,17.75,65.991586,0,585000
2026-08-24 14:40:00,ATM-3,CE,350.0,367.05,17.75,17.75,17.75,17.75,69.014056,3000,582000
2026-08-24 14:45:00,ATM-3,CE,350.0,366.9,17.75,17.75,17.75,17.75,73.053937,0,582000
2026-08-24 14:50:00,ATM-3,CE,350.0,366.85,17.1,17.75,17.1,17.1,50.51457,3000,579000
2026-08-24 14:55:00,ATM-3,CE,350.0,366.75,17.0,17.1,17.0,17.0,50.383331,12000,573000
2026-08-24 15:00:00,ATM-3,CE,350.0,365.75,17.0,17.0,16.65,16.65,71.314293,9000,567000
2026-08-24 15:05:00,ATM-3,CE,350.0,364.75,16.65,16.7,16.65,16.7,91.141925,12000,561000
2026-08-24 15:10:00,ATM-3,CE,350.0,365.4,16.7,16.8,16.7,16.8,82.340983,3000,558000
2026-08-24 15:15:00,ATM-3,CE,350.0,365.4,16.8,16.8,16.8,16.8,82.487963,0,558000
2026-08-24 15:20:00,ATM-3,CE,350.0,365.4,16.8,16.95,16.8,16.95,85.859905,6000,555000
2026-08-24 15:25:00,ATM-3,CE,350.0,365.05,16.95,16.95,16.95,16.95,91.900031,0,555000
2026-08-24 15:30:00,ATM-3,CE,350.0,365.05,16.95,16.95,16.7,16.7,87.036514,6000,555000
2026-08-24 15:35:00,ATM-3,CE,350.0,365.05,16.7,17.4,16.7,17.4,100.808211,9000,552000
2026-08-25 09:15:00,ATM-3,CE,350.0,364.95,15.0,15.0,15.0,15.0,68.062874,3000,552000
2026-08-25 09:20:00,ATM-3,CE,350.0,364.5,15.0,15.2,15.0,15.2,126.654915,3000,549000
2026-08-25 09:25:00,ATM-3,CE,350.0,366.1,15.2,15.9,15.2,15.9,0.0,9000,543000
2026-08-25 09:30:00,ATM-3,CE,350.0,367.15,15.9,15.9,15.9,15.9,0.0,0,540000
2026-08-25 09:35:00,ATM-3,CE,355.0,367.65,15.9,15.9,11.4,11.4,48.748171,0,297000
2026-08-25 09:40:00,ATM-3,CE,350.0,367.1,15.9,15.9,15.9,15.9,0.0,0,540000
2026-08-25 09:45:00,ATM-3,CE,355.0,367.55,11.4,11.4,11.4,11.4,0.0,0,297000
2026-08-25 09:50:00,ATM-3,CE,355.0,368.05,15.9,15.9,11.4,11.4,0.0,0,297000
2026-08-25 09:55:00,ATM-3,CE,355.0,368.65,11.4,11.4,11.4,11.4,0.0,0,297000
2026-08-25 10:00:00,ATM-3,CE,355.0,368.1,11.4,11.4,11.4,11.4,0.0,0,294000
2026-08-25 10:05:00,ATM-3,CE,350.0,367.4,11.4,15.9,11.4,15.9,0.0,0,540000
2026-08-25 10:10:00,ATM-3,CE,350.0,366.65,15.9,15.9,15.9,15.9,0.0,0,540000
2026-08-25 10:15:00,ATM-3,CE,355.0,368.65,15.9,15.9,11.4,11.8,0.0,15000,294000
2026-08-25 10:20:00,ATM-3,CE,350.0,367.25,11.8,16.5,11.8,16.5,0.0,0,534000
2026-08-25 10:25:00,ATM-3,CE,355.0,368.85,16.5,16.5,11.8,11.8,0.0,0,294000
2026-08-25 10:30:00,ATM-3,CE,355.0,368.8,11.8,11.8,11.8,11.8,0.0,0,294000
2026-08-25 10:35:00,ATM-3,CE,355.0,368.9,11.8,11.8,11.8,11.8,0.0,0,294000
2026-08-25 10:40:00,ATM-3,CE,355.0,368.8,11.8,11.8,11.8,11.8,0.0,0,294000
2026-08-25 10:45:00,ATM-3,CE,355.0,368.7,11.8,11.8,11.8,11.8,0.0,0,294000
2026-08-25 10:50:00,ATM-3,CE,355.0,368.65,11.8,11.8,11.8,11.8,0.0,0,294000
2026-08-25 10:55:00,ATM-3,CE,355.0,368.85,11.8,11.8,11.8,11.8,0.0,0,294000
2026-08-25 11:00:00,ATM-3,CE,355.0,368.8,11.8,11.8,11.8,11.8,0.0,0,294000
2026-08-25 11:05:00,ATM-3,CE,355.0,369.3,11.8,11.8,11.8,11.8,0.0,0,294000
2026-08-25 11:10:00,ATM-3,CE,355.0,369.45,11.8,11.8,11.8,11.8,0.0,0,294000
2026-08-25 11:15:00,ATM-3,CE,355.0,369.15,11.8,11.8,11.8,11.8,0.0,0,294000
2026-08-25 11:20:00,ATM-3,CE,355.0,369.15,11.8,11.8,11.8,11.8,0.0,0,294000
2026-08-25 11:25:00,ATM-3,CE,355.0,369.15,11.8,11.8,11.8,11.8,0.0,0,294000
2026-08-25 11:30:00,ATM-3,CE,355.0,367.55,11.8,14.0,11.8,14.0,180.541112,3000,291000
2026-08-25 11:35:00,ATM-3,CE,350.0,367.3,17.5,18.0,14.0,17.5,0.0,3000,516000
2026-08-25 11:40:00,ATM-3,CE,350.0,366.6,17.5,17.5,17.5,17.5,0.0,0,516000
2026-08-25 11:45:00,ATM-3,CE,350.0,367.2,17.5,17.5,17.5,17.5,0.0,0,516000
2026-08-25 11:50:00,ATM-3,CE,350.0,366.2,17.5,17.5,17.5,17.5,0.0,0,516000
2026-08-25 11:55:00,ATM-3,CE,350.0,366.65,17.5,17.5,17.5,17.5,0.0,0,516000
2026-08-25 12:00:00,ATM-3,CE,350.0,366.25,17.5,17.5,17.5,17.5,0.0,0,516000
2026-08-25 12:05:00,ATM-3,CE,350.0,366.05,17.5,17.5,17.5,17.5,0.0,0,516000
2026-08-25 12:10:00,ATM-3,CE,350.0,367.0,17.5,17.5,17.5,17.5,0.0,0,513000
2026-08-25 12:15:00,ATM-3,CE,350.0,367.0,17.5,17.5,17.5,17.5,0.0,0,513000
2026-08-25 12:20:00,ATM-3,CE,350.0,366.65,17.5,17.5,16.2,16.2,0.0,15000,510000
2026-08-25 12:25:00,ATM-3,CE,350.0,366.7,16.2,16.2,15.7,15.7,0.0,3000,507000
2026-08-25 12:30:00,ATM-3,CE,350.0,366.35,15.7,15.7,15.7,15.7,0.0,0,507000
2026-08-25 12:35:00,ATM-3,CE,350.0,365.8,15.7,15.7,15.7,15.7,0.0,0,507000
2026-08-25 12:40:00,ATM-3,CE,350.0,365.75,15.7,15.7,15.7,15.7,0.0,0,507000
2026-08-25 12:45:00,ATM-3,CE,350.0,365.5,15.7,15.7,15.7,15.7,0.0,0,507000
2026-08-25 12:50:00,ATM-3,CE,350.0,365.45,15.7,15.7,15.7,15.7,0.0,0,507000
2026-08-25 12:55:00,ATM-3,CE,350.0,364.8,15.7,15.7,15.7,15.7,0.0,0,507000
2026-08-25 13:00:00,ATM-3,CE,350.0,364.45,15.7,15.7,15.7,15.7,0.0,0,507000
2026-08-25 13:05:00,ATM-3,CE,350.0,364.2,15.7,15.7,15.7,15.7,0.0,0,507000
2026-08-25 13:10:00,ATM-3,CE,350.0,365.0,15.7,15.7,15.7,15.7,0.0,0,507000
2026-08-25 13:15:00,ATM-3,CE,350.0,365.35,15.7,15.7,15.7,15.7,0.0,0,507000
2026-08-25 13:20:00,ATM-3,CE,350.0,365.1,15.7,15.7,15.7,15.7,0.0,0,507000
2026-08-25 13:25:00,ATM-3,CE,350.0,364.75,15.7,15.7,15.7,15.7,0.0,0,507000
2026-08-25 13:30:00,ATM-3,CE,350.0,364.55,15.7,15.7,15.7,15.7,0.0,0,507000
2026-08-25 13:35:00,ATM-3,CE,350.0,364.85,15.7,15.7,15.7,15.7,0.0,0,507000
2026-08-25 13:40:00,ATM-3,CE,350.0,364.55,15.7,15.7,15.7,15.7,0.0,0,507000
2026-08-25 13:45:00,ATM-3,CE,350.0,364.5,15.7,15.7,15.7,15.7,0.0,0,507000
2026-08-25 13:50:00,ATM-3,CE,350.0,365.05,15.7,15.7,15.7,15.7,0.0,0,507000
2026-08-25 13:55:00,ATM-3,CE,350.0,364.5,15.7,15.7,15.7,15.7,0.0,0,507000
2026-08-25 14:00:00,ATM-3,CE,350.0,365.45,15.7,15.7,15.7,15.7,0.0,0,507000
2026-08-25 14:05:00,ATM-3,CE,350.0,364.9,15.7,15.7,15.7,15.7,0.0,0,507000
2026-08-25 14:10:00,ATM-3,CE,350.0,365.05,15.7,15.7,15.7,15.7,0.0,0,507000
2026-08-25 14:15:00,ATM-3,CE,350.0,365.15,15.7,15.7,13.65,13.65,0.0,3000,504000
2026-08-25 14:20:00,ATM-3,CE,350.0,364.95,13.65,13.65,13.65,13.65,0.0,0,504000
2026-08-25 14:25:00,ATM-3,CE,350.0,365.2,13.65,13.65,13.65,13.65,0.0,0,504000
2026-08-25 14:30:00,ATM-3,CE,350.0,364.9,13.65,13.65,13.65,13.65,0.0,0,504000
2026-08-25 14:35:00,ATM-3,CE,350.0,364.8,13.65,13.65,13.65,13.65,0.0,0,504000
2026-08-25 14:40:00,ATM-3,CE,350.0,365.45,13.65,14.5,13.65,14.5,0.0,3000,501000
2026-08-25 14:45:00,ATM-3,CE,350.0,366.35,14.5,14.5,14.5,14.5,0.0,0,501000
2026-08-25 14:50:00,ATM-3,CE,350.0,366.7,14.5,14.5,14.5,14.5,0.0,0,501000
2026-08-25 14:55:00,ATM-3,CE,350.0,366.4,14.5,14.5,14.5,14.5,0.0,0,501000
2026-08-25 15:00:00,ATM-3,CE,350.0,366.5,15.1,15.1,14.5,15.0,0.0,6000,495000
2026-08-25 15:05:00,ATM-3,CE,350.0,366.6,15.0,15.0,15.0,15.0,0.0,0,495000
2026-08-25 15:10:00,ATM-3,CE,350.0,365.55,15.0,15.0,15.0,15.0,0.0,0,495000
2026-08-25 15:15:00,ATM-3,CE,350.0,365.55,15.0,15.0,15.0,15.0,0.0,0,495000
2026-08-25 15:20:00,ATM-3,CE,350.0,365.55,15.0,15.0,15.0,15.0,0.0,0,495000
2026-08-25 15:25:00,ATM-3,CE,350.0,367.45,15.0,15.0,15.0,15.0,0.0,0,495000
2026-08-25 15:30:00,ATM-3,CE,350.0,367.45,15.0,15.0,15.0,15.0,0.0,3000,495000
2026-08-25 15:35:00,ATM-3,CE,350.0,367.45,15.0,15.0,15.0,15.0,0.0,0,495000
2026-08-20 09:15:00,ATM-3,PE,335.0,348.3,1.25,2.95,1.25,2.95,49.100184,0,321000
2026-08-20 09:20:00,ATM-3,PE,335.0,348.9,2.95,2.95,1.5,1.5,37.993199,21000,312000
2026-08-20 09:25:00,ATM-3,PE,335.0,350.35,1.5,1.5,1.5,1.5,40.315812,0,309000
2026-08-20 09:30:00,ATM-3,PE,335.0,348.0,1.5,1.5,1.5,1.5,36.555466,0,309000
2026-08-20 09:35:00,ATM-3,PE,335.0,348.35,0.45,1.5,0.45,1.5,37.138235,0,309000
2026-08-20 09:40:00,ATM-3,PE,335.0,349.05,1.5,1.5,1.5,1.5,38.282966,0,309000
2026-08-20 09:45:00,ATM-3,PE,335.0,349.45,1.5,1.5,1.5,1.5,38.937036,0,309000
2026-08-20 09:50:00,ATM-3,PE,335.0,348.0,1.5,1.5,0.5,1.5,36.60166,0,309000
2026-08-20 09:55:00,ATM-3,PE,335.0,347.6,1.5,1.5,1.5,1.5,35.955323,0,309000
2026-08-20 10:00:00,ATM-3,PE,335.0,347.8,1.5,1.5,0.5,1.5,36.296328,0,309000
2026-08-20 10:05:00,ATM-3,PE,335.0,348.35,1.5,1.5,0.5,1.5,37.208823,0,309000
2026-08-20 10:10:00,ATM-3,PE,335.0,348.6,1.5,1.5,1.5,1.5,37.627576,0,309000
2026-08-20 10:15:00,ATM-3,PE,335.0,348.05,1.5,1.5,1.5,1.5,36.7417,0,309000
2026-08-20 10:20:00,ATM-3,PE,335.0,348.0,1.5,1.5,1.5,1.5,36.671304,0,309000
2026-08-20 10:25:00,ATM-3,PE,330.0,346.5,1.5,1.5,1.25,1.25,40.302805,0,1242000
2026-08-20 10:30:00,ATM-3,PE,330.0,347.15,1.25,1.25,1.25,1.25,41.305758,0,1242000
2026-08-20 10:35:00,ATM-3,PE,330.0,347.35,1.25,1.5,1.25,1.25,41.62201,0,1242000
2026-08-20 10:40:00,ATM-3,PE,330.0,347.5,1.25,1.25,1.25,1.25,41.862178,0,1242000
2026-08-20 10:45:00,ATM-3,PE,335.0,347.55,1.25,1.5,1.25,1.5,35.986684,0,309000
2026-08-20 10:50:00,ATM-3,PE,330.0,345.95,1.25,1.25,1.25,1.25,39.521655,0,1242000
2026-08-20 10:55:00,ATM-3,PE,330.0,346.25,1.25,1.25,1.25,1.25,39.996657,0,1242000
2026-08-20 11:00:00,ATM-3,PE,330.0,345.8,1.25,1.25,1.25,1.25,39.315071,0,1242000
2026-08-20 11:05:00,ATM-3,PE,330.0,346.9,1.25,1.25,1.0,1.0,38.20717,3000,1239000
2026-08-20 11:10:00,ATM-3,PE,330.0,347.2,1.0,1.0,1.0,1.0,38.659207,0,1239000
2026-08-20 11:15:00,ATM-3,PE,330.0,347.0,1.0,1.0,1.0,1.0,38.378598,0,1239000
2026-08-20 11:20:00,ATM-3,PE,330.0,346.65,1.0,1.0,1.0,1.0,37.876061,0,1239000
2026-08-20 11:25:00,ATM-3,PE,330.0,347.0,1.0,1.0,1.0,1.0,38.403355,0,1239000
2026-08-20 11:30:00,ATM-3,PE,330.0,347.4,1.0,1.0,1.0,1.0,39.001719,0,1239000
2026-08-20 11:35:00,ATM-3,PE,330.0,347.3,1.0,1.0,1.0,1.0,38.868072,0,1239000
2026-08-20 11:40:00,ATM-3,PE,330.0,346.85,1.0,1.0,1.0,1.0,38.219904,0,1239000
2026-08-20 11:45:00,ATM-3,PE,330.0,346.75,1.0,1.0,1.0,1.0,38.08485,0,1239000
2026-08-20 11:50:00,ATM-3,PE,330.0,347.25,1.0,1.0,1.0,1.0,38.832561,0,1239000
2026-08-20 11:55:00,ATM-3,PE,335.0,347.65,1.5,1.5,1.5,1.5,36.31454,0,309000
2026-08-20 12:00:00,ATM-3,PE,330.0,347.5,0.7,1.5,0.7,0.7,35.384518,9000,1233000
2026-08-20 12:05:00,ATM-3,PE,330.0,347.4,1.5,1.5,0.7,0.7,35.257962,0,1233000
2026-08-20 12:10:00,ATM-3,PE,330.0,347.35,0.7,0.7,0.7,0.7,35.200301,0,1233000
2026-08-20 12:15:00,ATM-3,PE,335.0,347.9,0.7,1.5,0.7,1.5,36.776624,0,309000
2026-08-20 12:20:00,ATM-3,PE,330.0,346.7,1.5,1.5,0.7,0.7,34.320292,0,1233000
2026-08-20 12:25:00,ATM-3,PE,330.0,346.8,0.7,0.7,0.7,0.7,34.470866,0,1233000
2026-08-20 12:30:00,ATM-3,PE,330.0,347.5,0.7,0.7,0.7,0.7,35.453515,0,1233000
2026-08-20 12:35:00,ATM-3,PE,330.0,347.3,1.5,1.5,0.7,0.7,35.188276,0,1233000
2026-08-20 12:40:00,ATM-3,PE,330.0,347.1,0.7,0.7,0.7,0.7,34.922164,0,1233000
2026-08-20 12:45:00,ATM-3,PE,330.0,347.4,0.7,0.7,0.7,0.7,35.349777,0,1233000
2026-08-20 12:50:00,ATM-3,PE,335.0,347.55,0.7,1.5,0.7,1.5,36.276639,0,309000
2026-08-20 12:55:00,ATM-3,PE,330.0,347.5,1.5,1.5,0.7,0.7,35.511345,0,1233000
2026-08-20 13:00:00,ATM-3,PE,335.0,347.55,1.5,1.5,1.5,1.5,36.300165,0,309000
2026-08-20 13:05:00,ATM-3,PE,335.0,347.7,1.5,1.5,0.7,1.5,36.56263,0,309000
2026-08-20 13:10:00,ATM-3,PE,330.0,347.5,0.7,0.7,0.7,0.7,35.546184,0,1233000
2026-08-20 13:15:00,ATM-3,PE,330.0,347.35,0.7,0.7,0.7,0.7,35.34973,0,1233000
2026-08-20 13:20:00,ATM-3,PE,330.0,346.55,0.7,0.7,0.7,0.7,34.244436,0,1233000
2026-08-20 13:25:00,ATM-3,PE,330.0,346.85,0.7,0.7,0.7,0.7,34.675948,0,1233000
2026-08-20 13:30:00,ATM-3,PE,335.0,347.55,0.7,1.5,0.7,1.5,36.371014,0,309000
2026-08-20 13:35:00,ATM-3,PE,330.0,346.85,0.7,0.7,0.7,0.7,34.698684,0,1224000
2026-08-20 13:40:00,ATM-3,PE,330.0,347.5,0.7,0.7,0.7,0.7,35.616196,0,1224000
2026-08-20 13:45:00,ATM-3,PE,330.0,347.35,0.7,0.7,0.7,0.7,35.419378,0,1224000
2026-08-20 13:50:00,ATM-3,PE,330.0,347.1,0.7,0.7,0.7,0.7,35.082502,0,1224000
2026-08-20 13:55:00,ATM-3,PE,330.0,347.0,0.7,0.7,0.7,0.7,34.954282,0,1224000
2026-08-20 14:00:00,ATM-3,PE,330.0,347.35,0.7,0.7,0.7,0.7,35.454369,0,1224000
2026-08-20 14:05:00,ATM-3,PE,330.0,347.4,0.7,0.7,0.7,0.7,35.535701,0,1224000
2026-08-20 14:10:00,ATM-3,PE,335.0,347.55,0.7,1.5,0.7,1.5,36.46618,0,309000
2026-08-20 14:15:00,ATM-3,PE,330.0,347.25,0.7,0.7,0.7,0.7,35.349945,0,1224000
2026-08-20 14:20:00,ATM-3,PE,330.0,347.2,0.7,0.7,0.7,0.7,35.291769,0,1224000
2026-08-20 14:25:00,ATM-3,PE,330.0,347.4,0.7,0.7,0.7,0.7,35.582664,0,1224000
2026-08-20 14:30:00,ATM-3,PE,330.0,347.35,0.7,0.7,0.7,0.7,35.524673,0,1224000
2026-08-20 14:35:00,ATM-3,PE,330.0,347.35,0.7,0.7,0.7,0.7,35.536431,0,1224000
2026-08-20 14:40:00,ATM-3,PE,330.0,347.1,0.7,0.7,0.7,0.7,35.198466,0,1224000
2026-08-20 14:45:00,ATM-3,PE,335.0,347.85,0.7,1.5,0.7,1.5,37.054319,0,309000
2026-08-20 14:50:00,ATM-3,PE,335.0,348.55,1.5,1.5,1.5,1.5,38.23345,0,309000
2026-08-20 14:55:00,ATM-3,PE,335.0,348.7,1.5,1.5,1.5,1.5,38.494455,0,309000
2026-08-20 15:00:00,ATM-3,PE,335.0,348.9,1.5,1.5,1.5,1.5,38.837531,0,309000
2026-08-20 15:05:00,ATM-3,PE,335.0,349.6,1.5,1.5,1.5,1.5,39.99872,0,309000
2026-08-20 15:10:00,ATM-3,PE,335.0,349.3,1.5,1.5,1.5,1.5,39.521242,0,309000
2026-08-20 15:15:00,ATM-3,PE,335.0,349.3,1.5,1.5,1.5,1.5,39.534367,0,309000
2026-08-20 15:20:00,ATM-3,PE,335.0,349.3,1.5,1.5,1.5,1.5,39.547504,0,309000
2026-08-20 15:25:00,ATM-3,PE,335.0,349.25,1.5,1.5,1.5,1.5,39.478556,0,309000
2026-08-20 15:30:00,ATM-3,PE,335.0,349.25,1.5,1.5,1.5,1.5,39.491686,0,309000
2026-08-20 15:35:00,ATM-3,PE,335.0,349.25,1.5,1.5,1.5,1.5,39.504836,0,309000
2026-08-21 09:50:00,ATM-3,PE,340.0,356.05,3.4,3.4,3.4,3.4,63.062657,0,1431000
2026-08-21 09:55:00,ATM-3,PE,340.0,356.6,1.0,1.45,1.0,1.45,45.704932,9000,1425000
2026-08-21 10:00:00,ATM-3,PE,340.0,356.0,1.45,1.45,1.2,1.2,41.911528,3000,1422000
2026-08-21 10:05:00,ATM-3,PE,340.0,356.0,1.2,1.2,1.2,1.2,41.928165,0,1422000
2026-08-21 10:10:00,ATM-3,PE,340.0,356.9,1.2,1.2,1.2,1.2,43.423452,0,1422000
2026-08-21 10:15:00,ATM-3,PE,340.0,357.15,1.2,1.2,1.2,1.2,43.848446,0,1422000
2026-08-21 10:20:00,ATM-3,PE,340.0,356.85,1.2,1.2,1.2,1.2,43.3763,0,1422000
2026-08-21 10:25:00,ATM-3,PE,340.0,357.45,2.25,2.25,1.2,1.2,44.371293,0,1422000
2026-08-21 10:30:00,ATM-3,PE,340.0,357.35,1.2,1.2,1.2,1.2,44.226534,0,1422000
2026-08-21 10:35:00,ATM-3,PE,345.0,358.15,1.2,1.55,1.2,1.5,39.787269,15000,414000
2026-08-21 10:40:00,ATM-3,PE,345.0,358.2,1.5,1.5,1.5,1.5,39.891847,0,414000
2026-08-21 10:45:00,ATM-3,PE,345.0,358.45,1.5,1.5,1.5,1.5,40.350643,0,414000
2026-08-21 10:50:00,ATM-3,PE,345.0,358.1,1.5,1.5,1.5,1.5,39.74581,0,414000
2026-08-21 10:55:00,ATM-3,PE,345.0,358.15,1.5,1.5,1.5,1.5,39.850605,0,414000
2026-08-21 11:00:00,ATM-3,PE,345.0,357.95,1.5,1.5,1.5,1.5,39.510051,0,414000
2026-08-21 11:05:00,ATM-3,PE,345.0,358.15,1.5,1.5,1.5,1.5,39.882387,0,414000
2026-08-21 11:10:00,ATM-3,PE,345.0,358.15,1.5,1.5,1.5,1.5,39.898316,0,414000
2026-08-21 11:15:00,ATM-3,PE,345.0,358.15,1.5,1.5,1.5,1.5,39.914262,0,414000
2026-08-21 11:20:00,ATM-3,PE,345.0,358.2,1.5,1.5,1.5,1.5,40.019292,0,414000
2026-08-21 11:25:00,ATM-3,PE,345.0,357.75,1.5,1.5,1.5,1.5,39.230602,0,414000
2026-08-21 11:30:00,ATM-3,PE,345.0,357.7,1.5,1.5,1.5,1.5,39.15647,0,414000
2026-08-21 11:35:00,ATM-3,PE,345.0,358.0,1.5,1.5,1.5,1.5,39.710233,0,414000
2026-08-21 11:40:00,ATM-3,PE,340.0,357.0,1.5,1.5,0.95,0.95,40.800763,0,1419000
2026-08-21 11:45:00,ATM-3,PE,340.0,357.45,0.95,0.95,0.75,0.95,41.526043,6000,1413000
2026-08-21 11:50:00,ATM-3,PE,345.0,357.75,1.8,1.8,1.8,1.8,42.21726,0,414000
2026-08-21 11:55:00,ATM-3,PE,345.0,358.0,1.8,1.8,1.8,1.8,42.698231,0,414000
2026-08-21 12:00:00,ATM-3,PE,345.0,357.75,1.8,1.8,1.8,1.8,42.251275,0,414000
2026-08-21 12:05:00,ATM-3,PE,345.0,357.6,1.8,1.8,1.8,1.8,41.988726,0,414000
2026-08-21 12:10:00,ATM-3,PE,340.0,356.6,1.8,1.8,0.8,0.8,38.26084,12000,1389000
2026-08-21 12:15:00,ATM-3,PE,340.0,356.5,0.8,0.8,0.8,0.8,38.121539,3000,1380000
2026-08-21 12:20:00,ATM-3,PE,340.0,356.8,0.8,0.8,0.75,0.75,37.89539,33000,1371000
2026-08-21 12:25:00,ATM-3,PE,340.0,356.65,0.55,0.75,0.55,0.7,36.957713,39000,1359000
2026-08-21 12:30:00,ATM-3,PE,340.0,357.45,0.7,1.8,0.65,0.65,37.417405,15000,1335000
2026-08-21 12:35:00,ATM-3,PE,340.0,356.9,0.65,0.65,0.65,0.65,36.61459,0,1335000
2026-08-21 12:40:00,ATM-3,PE,340.0,356.75,0.65,0.75,0.65,0.75,37.880531,3000,1320000
2026-08-21 12:45:00,ATM-3,PE,340.0,356.5,0.75,0.75,0.75,0.75,37.512424,0,1320000
2026-08-21 12:50:00,ATM-3,PE,340.0,356.5,0.75,0.75,0.75,0.75,37.527716,0,1320000
2026-08-21 12:55:00,ATM-3,PE,340.0,356.95,0.75,0.75,0.75,0.75,38.233133,0,1320000
2026-08-21 13:00:00,ATM-3,PE,340.0,356.65,0.75,0.75,0.75,0.75,37.78893,0,1320000
2026-08-21 13:05:00,ATM-3,PE,340.0,356.95,0.75,0.75,0.75,0.75,38.264407,0,1317000
2026-08-21 13:10:00,ATM-3,PE,340.0,356.5,0.75,0.75,0.75,0.75,37.589087,12000,1317000
2026-08-21 13:15:00,ATM-3,PE,340.0,356.75,0.75,0.75,0.75,0.75,37.989001,0,1317000
2026-08-21 13:20:00,ATM-3,PE,340.0,356.25,0.75,0.75,0.7,0.7,36.513933,27000,1290000
2026-08-21 13:25:00,ATM-3,PE,340.0,356.55,0.7,0.7,0.65,0.7,36.986893,9000,1284000
2026-08-21 13:30:00,ATM-3,PE,340.0,355.45,0.7,0.7,0.7,0.7,35.313092,0,1284000
2026-08-21 13:35:00,ATM-3,PE,340.0,356.5,0.7,0.7,0.7,0.7,36.941005,0,1284000
2026-08-21 13:40:00,ATM-3,PE,340.0,356.1,0.7,0.7,0.7,0.7,36.343949,0,1284000
2026-08-21 13:45:00,ATM-3,PE,340.0,355.95,0.7,0.7,0.7,0.7,36.128365,0,1284000
2026-08-21 13:50:00,ATM-3,PE,340.0,356.25,0.65,0.7,0.65,0.65,35.859778,6000,1281000
2026-08-21 13:55:00,ATM-3,PE,340.0,356.1,0.65,0.65,0.65,0.65,35.647036,0,1281000
2026-08-21 14:00:00,ATM-3,PE,340.0,356.0,0.65,0.65,0.65,0.65,35.509748,0,1281000
2026-08-21 14:05:00,ATM-3,PE,340.0,355.65,0.65,0.65,0.65,0.65,34.990601,0,1281000
2026-08-21 14:10:00,ATM-3,PE,340.0,356.0,0.65,0.65,0.65,0.65,35.539058,0,1281000
2026-08-21 14:15:00,ATM-3,PE,340.0,356.55,0.65,0.65,0.65,0.65,36.388307,0,1281000
2026-08-21 14:20:00,ATM-3,PE,340.0,356.6,0.65,0.65,0.65,0.65,36.478984,0,1281000
2026-08-21 14:25:00,ATM-3,PE,340.0,356.4,0.65,0.65,0.65,0.65,36.191241,0,1281000
2026-08-21 14:30:00,ATM-3,PE,340.0,356.6,0.65,0.65,0.65,0.65,36.509233,0,1281000
2026-08-21 14:35:00,ATM-3,PE,340.0,356.8,0.65,0.65,0.65,0.65,36.826738,0,1281000
2026-08-21 14:40:00,ATM-3,PE,340.0,356.7,0.65,0.65,0.65,0.65,36.690902,0,1281000
2026-08-21 14:45:00,ATM-3,PE,340.0,356.8,0.65,0.65,0.65,0.65,36.857366,0,1281000
2026-08-21 14:50:00,ATM-3,PE,340.0,356.6,0.65,0.65,0.65,0.65,36.56998,0,1281000
2026-08-21 14:55:00,ATM-3,PE,340.0,355.9,0.65,0.65,0.65,0.65,35.518991,0,1281000
2026-08-21 15:00:00,ATM-3,PE,340.0,355.7,0.65,0.65,0.65,0.65,35.227207,0,1281000
2026-08-21 15:05:00,ATM-3,PE,340.0,355.4,0.65,0.65,0.65,0.65,34.780268,0,1281000
2026-08-21 15:10:00,ATM-3,PE,340.0,357.45,0.65,0.65,0.65,0.65,37.914659,3000,1278000
2026-08-21 15:15:00,ATM-3,PE,340.0,357.45,0.55,0.65,0.55,0.55,36.303124,27000,1275000
2026-08-21 15:20:00,ATM-3,PE,340.0,357.45,0.55,0.55,0.55,0.55,36.318327,60000,1275000
2026-08-21 15:25:00,ATM-3,PE,340.0,357.5,0.55,0.55,0.55,0.55,36.406776,0,1275000
2026-08-21 15:30:00,ATM-3,PE,340.0,357.5,0.55,0.55,0.5,0.5,35.55508,3000,1275000
2026-08-21 15:35:00,ATM-3,PE,340.0,357.5,0.5,0.5,0.5,0.5,35.57001,0,1275000
2026-08-24 09:15:00,ATM-3,PE,345.0,360.7,0.6,0.7,0.6,0.7,62.522336,42000,402000
2026-08-24 09:20:00,ATM-3,PE,345.0,362.3,0.7,0.7,0.5,0.5,61.272485,102000,342000
2026-08-24 09:25:00,ATM-3,PE,345.0,360.95,0.45,0.5,0.45,0.45,56.357602,51000,318000
2026-08-24 09:30:00,ATM-3,PE,345.0,360.25,0.45,0.5,0.45,0.5,56.132263,123000,264000
2026-08-24 09:35:00,ATM-3,PE,345.0,360.5,0.5,0.5,0.5,0.5,56.865046,0,255000
2026-08-24 09:40:00,ATM-3,PE,345.0,362.0,0.4,0.5,0.4,0.45,59.264973,72000,249000
2026-08-24 09:45:00,ATM-3,PE,350.0,364.6,0.4,0.65,0.4,0.5,53.883488,108000,1527000
2026-08-24 09:50:00,ATM-3,PE,350.0,365.8,0.45,0.5,0.45,0.5,57.083597,18000,1527000
2026-08-24 09:55:00,ATM-3,PE,355.0,367.95,0.4,0.7,0.4,0.7,53.91087,204000,639000
2026-08-24 10:00:00,ATM-3,PE,350.0,366.9,0.7,0.75,0.35,0.4,56.873971,159000,1254000
2026-08-24 10:05:00,ATM-3,PE,350.0,364.7,0.4,0.45,0.4,0.45,52.981108,120000,1221000
2026-08-24 10:10:00,ATM-3,PE,350.0,366.85,0.5,0.5,0.45,0.45,58.553636,33000,1209000
2026-08-24 10:15:00,ATM-3,PE,350.0,367.05,0.45,0.45,0.4,0.4,57.484839,9000,1206000
2026-08-24 10:20:00,ATM-3,PE,350.0,366.25,0.4,0.4,0.4,0.4,55.572902,0,1206000
2026-08-24 10:25:00,ATM-3,PE,350.0,365.45,0.4,0.4,0.35,0.35,51.949272,168000,1263000
2026-08-24 10:30:00,ATM-3,PE,350.0,366.2,0.35,0.35,0.35,0.35,53.878023,15000,1278000
2026-08-24 10:35:00,ATM-3,PE,350.0,365.85,0.35,0.35,0.35,0.35,53.089637,0,1290000
2026-08-24 10:40:00,ATM-3,PE,350.0,365.65,0.3,0.35,0.3,0.3,50.838795,93000,1287000
2026-08-24 10:45:00,ATM-3,PE,350.0,365.0,0.3,0.4,0.3,0.35,51.118634,78000,1257000
2026-08-24 10:50:00,ATM-3,PE,350.0,364.25,0.35,0.35,0.3,0.35,49.296518,15000,1275000
2026-08-24 10:55:00,ATM-3,PE,350.0,365.15,0.35,0.4,0.35,0.35,51.642578,108000,1296000
2026-08-24 11:00:00,ATM-3,PE,350.0,364.2,0.35,0.4,0.35,0.4,50.949413,72000,1296000
2026-08-24 11:05:00,ATM-3,PE,350.0,364.85,0.4,0.4,0.35,0.35,51.033956,39000,1272000
2026-08-24 11:10:00,ATM-3,PE,350.0,364.95,0.35,0.4,0.35,0.35,51.36111,69000,1266000
2026-08-24 11:15:00,ATM-3,PE,350.0,364.8,0.35,0.4,0.35,0.4,52.732355,30000,1263000
2026-08-24 11:20:00,ATM-3,PE,350.0,364.95,0.4,0.4,0.35,0.4,53.198085,9000,1263000
2026-08-24 11:25:00,ATM-3,PE,350.0,364.95,0.4,0.4,0.35,0.35,51.585837,45000,1245000
2026-08-24 11:30:00,ATM-3,PE,350.0,364.1,0.35,0.4,0.35,0.4,51.132753,21000,1251000
2026-08-24 11:35:00,ATM-3,PE,350.0,365.2,0.45,0.45,0.35,0.35,52.373698,75000,1224000
2026-08-24 11:40:00,ATM-3,PE,350.0,365.45,0.35,0.35,0.35,0.35,53.086154,12000,1236000
2026-08-24 11:45:00,ATM-3,PE,350.0,365.5,0.35,0.4,0.35,0.4,55.020327,9000,1242000
2026-08-24 11:50:00,ATM-3,PE,350.0,365.4,0.4,0.4,0.4,0.4,54.842345,0,1251000
2026-08-24 11:55:00,ATM-3,PE,350.0,365.65,0.4,0.4,0.4,0.4,55.573425,0,1260000
2026-08-24 12:00:00,ATM-3,PE,350.0,366.05,0.4,0.4,0.35,0.35,54.927895,36000,1269000
2026-08-24 12:05:00,ATM-3,PE,350.0,366.2,0.35,0.35,0.35,0.35,55.390378,6000,1272000
2026-08-24 12:10:00,ATM-3,PE,350.0,366.2,0.35,0.35,0.35,0.35,55.473588,0,1281000
2026-08-24 12:15:00,ATM-3,PE,350.0,366.15,0.35,0.35,0.35,0.35,55.430132,18000,1284000
2026-08-24 12:20:00,ATM-3,PE,350.0,366.4,0.35,0.35,0.35,0.35,56.149315,0,1281000
2026-08-24 12:25:00,ATM-3,PE,350.0,366.1,0.4,0.4,0.35,0.35,55.47063,27000,1284000
2026-08-24 12:30:00,ATM-3,PE,350.0,366.35,0.35,0.35,0.35,0.35,56.192709,9000,1293000
2026-08-24 12:35:00,ATM-3,PE,350.0,366.25,0.35,0.35,0.35,0.35,56.023207,3000,1293000
2026-08-24 12:40:00,ATM-3,PE,350.0,366.6,0.35,0.35,0.35,0.35,57.002387,18000,1290000
2026-08-24 12:45:00,ATM-3,PE,350.0,366.8,0.35,0.35,0.35,0.35,57.599559,15000,1077000
2026-08-24 12:50:00,ATM-3,PE,350.0,366.9,0.35,0.35,0.3,0.35,57.943026,33000,1071000
2026-08-24 12:55:00,ATM-3,PE,350.0,366.8,0.35,0.35,0.35,0.35,57.777485,18000,1059000
2026-08-24 13:00:00,ATM-3,PE,350.0,366.45,0.35,0.35,0.3,0.3,55.016041,27000,1017000
2026-08-24 13:05:00,ATM-3,PE,350.0,366.8,0.35,0.35,0.3,0.3,55.979808,42000,1026000
2026-08-24 13:10:00,ATM-3,PE,350.0,366.55,0.3,0.3,0.3,0.3,55.439238,12000,1032000
2026-08-24 13:15:00,ATM-3,PE,350.0,366.95,0.3,0.3,0.3,0.3,56.531371,12000,1041000
2026-08-24 13:20:00,ATM-3,PE,350.0,366.3,0.3,0.35,0.3,0.3,54.981391,39000,1032000
2026-08-24 13:25:00,ATM-3,PE,350.0,366.05,0.3,0.3,0.3,0.3,54.433302,12000,996000
2026-08-24 13:30:00,ATM-3,PE,350.0,366.25,0.35,0.35,0.3,0.3,55.027995,27000,990000
2026-08-24 13:35:00,ATM-3,PE,350.0,366.2,0.3,0.3,0.3,0.3,54.987954,9000,996000
2026-08-24 13:40:00,ATM-3,PE,350.0,366.4,0.3,0.3,0.3,0.3,55.584793,9000,999000
2026-08-24 13:45:00,ATM-3,PE,350.0,366.35,0.3,0.35,0.3,0.3,55.546051,15000,963000
2026-08-24 13:50:00,ATM-3,PE,350.0,366.1,0.35,0.35,0.3,0.3,54.995537,39000,933000
2026-08-24 13:55:00,ATM-3,PE,350.0,366.05,0.3,0.35,0.3,0.3,54.955528,18000,942000
2026-08-24 14:00:00,ATM-3,PE,350.0,366.1,0.3,0.3,0.3,0.3,55.17259,6000,909000
2026-08-24 14:05:00,ATM-3,PE,350.0,366.3,0.3,0.3,0.3,0.3,55.775943,6000,912000
2026-08-24 14:10:00,ATM-3,PE,350.0,366.2,0.3,0.35,0.3,0.3,55.609039,27000,912000
2026-08-24 14:15:00,ATM-3,PE,350.0,367.2,0.3,0.35,0.3,0.3,58.2637,39000,915000
2026-08-24 14:20:00,ATM-3,PE,350.0,366.55,0.3,0.3,0.3,0.3,56.692855,18000,888000
2026-08-24 14:25:00,ATM-3,PE,350.0,367.1,0.3,0.3,0.25,0.3,58.198571,39000,831000
2026-08-24 14:30:00,ATM-3,PE,350.0,367.2,0.3,0.35,0.25,0.25,56.307744,33000,822000
2026-08-24 14:35:00,ATM-3,PE,350.0,367.15,0.3,0.3,0.25,0.3,58.518846,30000,819000
2026-08-24 14:40:00,ATM-3,PE,350.0,367.05,0.3,0.3,0.25,0.25,56.117929,27000,789000
2026-08-24 14:45:00,ATM-3,PE,350.0,366.9,0.25,0.25,0.25,0.25,55.833797,132000,804000
2026-08-24 14:50:00,ATM-3,PE,350.0,366.85,0.2,0.25,0.2,0.2,53.31083,9000,813000
2026-08-24 14:55:00,ATM-3,PE,350.0,366.75,0.25,0.25,0.2,0.2,53.15468,33000,810000
2026-08-24 15:00:00,ATM-3,PE,350.0,365.75,0.2,0.25,0.2,0.25,53.184838,9000,816000
2026-08-24 15:05:00,ATM-3,PE,350.0,364.75,0.25,0.35,0.25,0.35,54.723361,42000,810000
2026-08-24 15:10:00,ATM-3,PE,350.0,365.4,0.35,0.35,0.35,0.35,56.58777,6000,816000
2026-08-24 15:15:00,ATM-3,PE,350.0,365.4,0.35,0.4,0.35,0.35,56.683645,27000,825000
2026-08-24 15:20:00,ATM-3,PE,350.0,365.4,0.35,0.4,0.35,0.35,56.77997,18000,792000
2026-08-24 15:25:00,ATM-3,PE,350.0,365.05,0.35,0.4,0.35,0.4,57.74876,9000,792000
2026-08-24 15:30:00,ATM-3,PE,350.0,365.05,0.3,0.4,0.3,0.3,54.048658,12000,798000
2026-08-24 15:35:00,ATM-3,PE,350.0,365.05,0.3,0.35,0.3,0.3,54.141466,39000,807000
2026-08-25 09:15:00,ATM-3,PE,350.0,364.95,0.3,0.3,0.3,0.3,104.48064,3000,768000
2026-08-25 09:20:00,ATM-3,PE,350.0,364.5,0.3,0.3,0.25,0.25,98.67355,6000,768000
2026-08-25 09:25:00,ATM-3,PE,350.0,366.1,0.1,0.25,0.1,0.1,90.328408,3000,759000
2026-08-25 09:30:00,ATM-3,PE,350.0,367.15,0.1,0.1,0.05,0.05,85.859642,75000,738000
2026-08-25 09:35:00,ATM-3,PE,355.0,367.65,0.05,0.35,0.05,0.3,93.438844,9000,681000
2026-08-25 09:40:00,ATM-3,PE,350.0,367.1,0.05,0.05,0.05,0.05,86.847005,6000,714000
2026-08-25 09:45:00,ATM-3,PE,355.0,367.55,0.3,0.3,0.3,0.3,94.203049,0,678000
2026-08-25 09:50:00,ATM-3,PE,355.0,368.05,0.05,0.3,0.05,0.3,97.678389,0,678000
2026-08-25 09:55:00,ATM-3,PE,355.0,368.65,0.3,0.3,0.3,0.3,101.746189,0,678000
2026-08-25 10:00:00,ATM-3,PE,355.0,368.1,0.3,0.3,0.3,0.3,99.40427,0,678000
2026-08-25 10:05:00,ATM-3,PE,350.0,367.4,0.3,0.3,0.1,0.1,101.813869,0,699000
2026-08-25 10:10:00,ATM-3,PE,350.0,366.65,0.1,0.1,0.1,0.1,99.009236,0,684000
2026-08-25 10:15:00,ATM-3,PE,355.0,368.65,0.1,0.25,0.1,0.25,100.602449,18000,666000
2026-08-25 10:20:00,ATM-3,PE,350.0,367.25,0.2,0.25,0.1,0.1,103.478728,24000,675000
2026-08-25 10:25:00,ATM-3,PE,355.0,368.85,0.1,0.2,0.1,0.2,98.495184,0,603000
2026-08-25 10:30:00,ATM-3,PE,355.0,368.8,0.15,0.2,0.15,0.15,93.431283,12000,600000
2026-08-25 10:35:00,ATM-3,PE,355.0,368.9,0.15,0.15,0.15,0.15,94.740278,0,600000
2026-08-25 10:40:00,ATM-3,PE,355.0,368.8,0.15,0.15,0.15,0.15,94.998281,0,600000
2026-08-25 10:45:00,ATM-3,PE,355.0,368.7,0.15,0.15,0.15,0.15,95.26594,30000,603000
2026-08-25 10:50:00,ATM-3,PE,355.0,368.65,0.15,0.15,0.15,0.15,95.820548,3000,603000
2026-08-25 10:55:00,ATM-3,PE,355.0,368.85,0.15,0.15,0.15,0.15,97.780536,0,603000
2026-08-25 11:00:00,ATM-3,PE,355.0,368.8,0.15,0.15,0.15,0.15,98.383775,18000,603000
2026-08-25 11:05:00,ATM-3,PE,355.0,369.3,0.15,0.15,0.15,0.15,102.104545,12000,597000
2026-08-25 11:10:00,ATM-3,PE,355.0,369.45,0.15,0.15,0.1,0.15,103.91067,195000,516000
2026-08-25 11:15:00,ATM-3,PE,355.0,369.15,0.15,0.15,0.15,0.15,103.186783,0,516000
2026-08-25 11:20:00,ATM-3,PE,355.0,369.15,0.1,0.15,0.1,0.1,96.675875,78000,465000
2026-08-25 11:25:00,ATM-3,PE,355.0,369.15,0.1,0.1,0.1,0.1,97.636476,0,465000
2026-08-25 11:30:00,ATM-3,PE,355.0,367.55,0.1,0.1,0.1,0.1,89.57278,66000,423000
2026-08-25 11:35:00,ATM-3,PE,350.0,367.3,0.1,0.1,0.1,0.1,0.0,9000,642000
2026-08-25 11:40:00,ATM-3,PE,350.0,366.6,0.1,0.1,0.05,0.05,0.0,3000,642000
2026-08-25 11:45:00,ATM-3,PE,350.0,367.2,0.05,0.05,0.05,0.05,0.0,0,642000
2026-08-25 11:50:00,ATM-3,PE,350.0,366.2,0.05,0.05,0.05,0.05,0.0,24000,642000
2026-08-25 11:55:00,ATM-3,PE,350.0,366.65,0.05,0.05,0.05,0.05,0.0,0,642000
2026-08-25 12:00:00,ATM-3,PE,350.0,366.25,0.05,0.05,0.05,0.05,0.0,0,642000
2026-08-25 12:05:00,ATM-3,PE,350.0,366.05,0.05,0.05,0.05,0.05,0.0,0,642000
2026-08-25 12:10:00,ATM-3,PE,350.0,367.0,0.05,0.05,0.05,0.05,0.0,0,636000
2026-08-25 12:15:00,ATM-3,PE,350.0,367.0,0.05,0.05,0.05,0.05,0.0,9000,636000
2026-08-25 12:20:00,ATM-3,PE,350.0,366.65,0.05,0.05,0.05,0.05,0.0,12000,630000
2026-08-25 12:25:00,ATM-3,PE,350.0,366.7,0.05,0.05,0.05,0.05,0.0,0,630000
2026-08-25 12:30:00,ATM-3,PE,350.0,366.35,0.05,0.05,0.05,0.05,0.0,51000,618000
2026-08-25 12:35:00,ATM-3,PE,350.0,365.8,0.05,0.05,0.05,0.05,0.0,0,618000
2026-08-25 12:40:00,ATM-3,PE,350.0,365.75,0.05,0.05,0.05,0.05,0.0,3000,618000
2026-08-25 12:45:00,ATM-3,PE,350.0,365.5,0.05,0.05,0.05,0.05,0.0,6000,618000
2026-08-25 12:50:00,ATM-3,PE,350.0,365.45,0.05,0.05,0.05,0.05,0.0,0,618000
2026-08-25 12:55:00,ATM-3,PE,350.0,364.8,0.05,0.05,0.05,0.05,0.0,21000,615000
2026-08-25 13:00:00,ATM-3,PE,350.0,364.45,0.05,0.05,0.05,0.05,0.0,0,615000
2026-08-25 13:05:00,ATM-3,PE,350.0,364.2,0.05,0.05,0.05,0.05,0.0,51000,615000
2026-08-25 13:10:00,ATM-3,PE,350.0,365.0,0.05,0.05,0.05,0.05,0.0,0,615000
2026-08-25 13:15:00,ATM-3,PE,350.0,365.35,0.05,0.05,0.05,0.05,0.0,0,615000
2026-08-25 13:20:00,ATM-3,PE,350.0,365.1,0.05,0.05,0.05,0.05,0.0,0,615000
2026-08-25 13:25:00,ATM-3,PE,350.0,364.75,0.05,0.05,0.05,0.05,0.0,0,615000
2026-08-25 13:30:00,ATM-3,PE,350.0,364.55,0.05,0.05,0.05,0.05,0.0,0,615000
2026-08-25 13:35:00,ATM-3,PE,350.0,364.85,0.05,0.05,0.05,0.05,0.0,3000,594000
2026-08-25 13:40:00,ATM-3,PE,350.0,364.55,0.05,0.05,0.05,0.05,0.0,0,594000
2026-08-25 13:45:00,ATM-3,PE,350.0,364.5,0.05,0.05,0.05,0.05,0.0,0,594000
2026-08-25 13:50:00,ATM-3,PE,350.0,365.05,0.05,0.05,0.05,0.05,0.0,0,594000
2026-08-25 13:55:00,ATM-3,PE,350.0,364.5,0.05,0.05,0.05,0.05,0.0,0,594000
2026-08-25 14:00:00,ATM-3,PE,350.0,365.45,0.05,0.05,0.05,0.05,0.0,0,594000
2026-08-25 14:05:00,ATM-3,PE,350.0,364.9,0.05,0.05,0.05,0.05,0.0,0,594000
2026-08-25 14:10:00,ATM-3,PE,350.0,365.05,0.05,0.05,0.05,0.05,0.0,0,594000
2026-08-25 14:15:00,ATM-3,PE,350.0,365.15,0.05,0.05,0.05,0.05,0.0,0,591000
2026-08-25 14:20:00,ATM-3,PE,350.0,364.95,0.05,0.05,0.05,0.05,0.0,0,591000
2026-08-25 14:25:00,ATM-3,PE,350.0,365.2,0.05,0.05,0.05,0.05,0.0,0,591000
2026-08-25 14:30:00,ATM-3,PE,350.0,364.9,0.05,0.05,0.05,0.05,0.0,0,591000
2026-08-25 14:35:00,ATM-3,PE,350.0,364.8,0.05,0.05,0.05,0.05,0.0,0,588000
2026-08-25 14:40:00,ATM-3,PE,350.0,365.45,0.05,0.05,0.05,0.05,0.0,9000,585000
2026-08-25 14:45:00,ATM-3,PE,350.0,366.35,0.05,0.05,0.05,0.05,0.0,0,585000
2026-08-25 14:50:00,ATM-3,PE,350.0,366.7,0.05,0.05,0.05,0.05,0.0,0,585000
2026-08-25 14:55:00,ATM-3,PE,350.0,366.4,0.05,0.05,0.05,0.05,0.0,0,585000
2026-08-25 15:00:00,ATM-3,PE,350.0,366.5,0.05,0.05,0.05,0.05,0.0,0,585000
2026-08-25 15:05:00,ATM-3,PE,350.0,366.6,0.05,0.05,0.05,0.05,0.0,0,585000
2026-08-25 15:10:00,ATM-3,PE,350.0,365.55,0.05,0.05,0.05,0.05,0.0,0,585000
2026-08-25 15:15:00,ATM-3,PE,350.0,365.55,0.05,0.05,0.05,0.05,0.0,0,585000
2026-08-25 15:20:00,ATM-3,PE,350.0,365.55,0.05,0.05,0.05,0.05,0.0,0,585000
2026-08-25 15:25:00,ATM-3,PE,350.0,367.45,0.05,0.05,0.05,0.05,0.0,0,585000
2026-08-25 15:30:00,ATM-3,PE,350.0,367.45,0.05,0.05,0.05,0.05,0.0,3000,582000
2026-08-25 15:35:00,ATM-3,PE,350.0,367.45,0.05,0.05,0.05,0.05,0.0,0,582000
2026-08-21 09:25:00,ATM-2,CE,345.0,355.55,11.0,12.0,11.0,12.0,30.41811,15000,216000
2026-08-21 09:30:00,ATM-2,CE,345.0,353.75,12.0,12.0,12.0,12.0,42.644779,0,216000
2026-08-21 09:35:00,ATM-2,CE,345.0,355.15,12.0,12.0,12.0,12.0,33.672449,0,216000
2026-08-21 09:40:00,ATM-2,CE,345.0,357.4,12.0,12.0,12.0,12.0,0.0,0,216000
2026-08-21 09:45:00,ATM-2,CE,345.0,356.45,12.0,12.0,12.0,12.0,19.031188,0,216000
2026-08-21 09:50:00,ATM-2,CE,345.0,356.05,12.0,12.0,12.0,12.0,25.468323,0,216000
2026-08-21 09:55:00,ATM-2,CE,345.0,356.6,12.0,12.0,12.0,12.0,0.0,0,216000
2026-08-21 10:00:00,ATM-2,CE,345.0,356.0,12.0,12.0,12.0,12.0,26.081619,0,216000
2026-08-21 10:05:00,ATM-2,CE,345.0,356.0,12.0,12.0,12.0,12.0,26.096057,0,216000
2026-08-21 10:10:00,ATM-2,CE,345.0,356.9,12.0,12.0,12.0,12.0,0.0,0,216000
2026-08-21 10:15:00,ATM-2,CE,345.0,357.15,12.0,12.0,12.0,12.0,0.0,0,216000
2026-08-21 10:20:00,ATM-2,CE,345.0,356.85,12.0,12.0,12.0,12.0,0.0,0,216000
2026-08-21 10:25:00,ATM-2,CE,345.0,357.45,9.0,12.0,8.95,12.0,0.0,12000,216000
2026-08-21 10:30:00,ATM-2,CE,345.0,357.35,12.0,12.0,12.0,12.0,0.0,0,216000
2026-08-21 10:35:00,ATM-2,CE,350.0,358.15,12.0,12.0,9.0,9.0,19.379616,0,990000
2026-08-21 10:40:00,ATM-2,CE,350.0,358.2,9.9,9.9,9.0,9.85,27.896289,24000,990000
2026-08-21 10:45:00,ATM-2,CE,350.0,358.45,9.85,9.85,9.85,9.85,25.99289,0,990000
2026-08-21 10:50:00,ATM-2,CE,350.0,358.1,9.85,9.85,9.85,9.85,28.642545,0,990000
2026-08-21 10:55:00,ATM-2,CE,350.0,358.15,9.85,9.85,6.5,9.7,26.916608,27000,984000
2026-08-21 11:00:00,ATM-2,CE,350.0,357.95,9.7,9.7,9.45,9.5,26.559135,12000,984000
2026-08-21 11:05:00,ATM-2,CE,350.0,358.15,9.5,9.5,9.5,9.5,25.014309,0,984000
2026-08-21 11:10:00,ATM-2,CE,350.0,358.15,9.5,9.5,9.5,9.5,25.027376,0,984000
2026-08-21 11:15:00,ATM-2,CE,350.0,358.15,9.5,9.5,9.5,9.5,25.040456,0,984000
2026-08-21 11:20:00,ATM-2,CE,350.0,358.2,9.5,9.5,9.5,9.5,24.640867,0,984000
2026-08-21 11:25:00,ATM-2,CE,350.0,357.75,9.5,9.5,9.0,9.0,23.349048,3000,984000
2026-08-21 11:30:00,ATM-2,CE,350.0,357.7,8.85,9.0,8.5,8.6,19.420589,9000,978000
2026-08-21 11:35:00,ATM-2,CE,350.0,358.0,8.6,8.6,8.6,8.6,15.523436,0,978000
2026-08-21 11:40:00,ATM-2,CE,345.0,357.0,8.6,12.0,8.6,12.0,0.0,3000,216000
2026-08-21 11:45:00,ATM-2,CE,345.0,357.45,12.0,12.0,12.0,12.0,0.0,0,216000
2026-08-21 11:50:00,ATM-2,CE,350.0,357.75,9.0,9.0,9.0,9.0,23.4116,12000,978000
2026-08-21 11:55:00,ATM-2,CE,350.0,358.0,9.0,9.0,9.0,9.0,21.157148,0,978000
2026-08-21 12:00:00,ATM-2,CE,350.0,357.75,9.0,9.0,9.0,9.0,23.436721,0,978000
2026-08-21 12:05:00,ATM-2,CE,350.0,357.6,9.0,9.0,9.0,9.0,24.661102,0,978000
2026-08-21 12:10:00,ATM-2,CE,345.0,356.6,9.0,12.0,8.55,12.0,12.696252,9000,216000
2026-08-21 12:15:00,ATM-2,CE,345.0,356.5,12.0,12.0,12.0,12.0,18.176852,0,216000
2026-08-21 12:20:00,ATM-2,CE,345.0,356.8,12.0,12.0,12.0,12.0,0.0,0,216000
2026-08-21 12:25:00,ATM-2,CE,345.0,356.65,12.0,12.0,12.0,12.0,0.0,0,216000
2026-08-21 12:30:00,ATM-2,CE,345.0,357.45,12.0,12.0,8.55,12.0,0.0,0,216000
2026-08-21 12:35:00,ATM-2,CE,345.0,356.9,12.0,12.0,12.0,12.0,0.0,0,216000
2026-08-21 12:40:00,ATM-2,CE,345.0,356.75,12.0,12.0,12.0,12.0,0.0,0,216000
2026-08-21 12:45:00,ATM-2,CE,345.0,356.5,12.0,12.0,12.0,12.0,18.281468,0,216000
2026-08-21 12:50:00,ATM-2,CE,345.0,356.5,12.0,12.0,12.0,12.0,18.298904,0,216000
2026-08-21 12:55:00,ATM-2,CE,345.0,356.95,12.0,12.0,12.0,12.0,0.0,0,216000
2026-08-21 13:00:00,ATM-2,CE,345.0,356.65,12.0,12.0,12.0,12.0,0.0,0,216000
2026-08-21 13:05:00,ATM-2,CE,345.0,356.95,12.0,12.0,12.0,12.0,0.0,0,216000
2026-08-21 13:10:00,ATM-2,CE,345.0,356.5,12.0,12.0,12.0,12.0,18.368661,0,216000
2026-08-21 13:15:00,ATM-2,CE,345.0,356.75,12.0,12.0,12.0,12.0,0.0,0,216000
2026-08-21 13:20:00,ATM-2,CE,345.0,356.25,12.0,12.0,12.0,12.0,23.408298,0,216000
2026-08-21 13:25:00,ATM-2,CE,345.0,356.55,12.0,12.0,12.0,12.0,16.683116,0,216000
2026-08-21 13:30:00,ATM-2,CE,345.0,355.45,12.0,12.0,12.0,12.0,32.049025,0,216000
2026-08-21 13:35:00,ATM-2,CE,345.0,356.5,12.0,12.0,12.0,12.0,18.455873,0,216000
2026-08-21 13:40:00,ATM-2,CE,345.0,356.1,12.0,12.0,12.0,12.0,25.528278,0,216000
2026-08-21 13:45:00,ATM-2,CE,345.0,355.95,12.0,12.0,12.0,12.0,27.311066,0,216000
2026-08-21 13:50:00,ATM-2,CE,345.0,356.25,12.0,12.0,12.0,12.0,23.497714,0,216000
2026-08-21 13:55:00,ATM-2,CE,345.0,356.1,12.0,12.0,12.0,12.0,25.573262,0,216000
2026-08-21 14:00:00,ATM-2,CE,345.0,356.0,12.0,12.0,12.0,12.0,26.792084,0,216000
2026-08-21 14:05:00,ATM-2,CE,345.0,355.65,12.0,12.0,12.0,12.0,30.394879,0,216000
2026-08-21 14:10:00,ATM-2,CE,345.0,356.0,12.0,12.0,12.0,12.0,26.822498,0,216000
2026-08-21 14:15:00,ATM-2,CE,345.0,356.55,12.0,12.0,12.0,12.0,16.890925,0,216000
2026-08-21 14:20:00,ATM-2,CE,345.0,356.6,12.0,12.0,12.0,12.0,13.919638,0,216000
2026-08-21 14:25:00,ATM-2,CE,345.0,356.4,12.0,12.0,12.0,12.0,21.012024,0,216000
2026-08-21 14:30:00,ATM-2,CE,345.0,356.6,12.0,12.0,12.0,12.0,13.997344,0,216000
2026-08-21 14:35:00,ATM-2,CE,345.0,356.8,12.0,12.0,12.0,12.0,0.0,0,216000
2026-08-21 14:40:00,ATM-2,CE,345.0,356.7,12.0,12.0,12.0,12.0,0.0,0,216000
2026-08-21 14:45:00,ATM-2,CE,345.0,356.8,12.0,12.0,12.0,12.0,0.0,0,216000
2026-08-21 14:50:00,ATM-2,CE,345.0,356.6,12.0,12.0,12.0,12.0,14.148324,0,216000
2026-08-21 14:55:00,ATM-2,CE,345.0,355.9,12.0,12.0,12.0,12.0,28.071257,0,216000
2026-08-21 15:00:00,ATM-2,CE,345.0,355.7,12.0,12.0,12.0,12.0,30.10211,0,216000
2026-08-21 15:05:00,ATM-2,CE,345.0,355.4,12.0,12.0,12.0,12.0,32.784655,0,216000
2026-08-21 15:10:00,ATM-2,CE,345.0,357.45,10.1,12.0,10.1,10.1,0.0,9000,216000
2026-08-21 15:15:00,ATM-2,CE,345.0,357.45,10.1,10.1,10.1,10.1,0.0,0,216000
2026-08-21 15:20:00,ATM-2,CE,345.0,357.45,10.1,10.1,10.1,10.1,0.0,0,216000
2026-08-21 15:25:00,ATM-2,CE,345.0,357.5,10.1,10.1,10.1,10.1,0.0,0,216000
2026-08-21 15:30:00,ATM-2,CE,345.0,357.5,10.1,10.1,10.1,10.1,0.0,0,216000
2026-08-21 15:35:00,ATM-2,CE,345.0,357.5,10.1,10.1,10.1,10.1,0.0,0,216000
2026-08-24 09:15:00,ATM-2,CE,350.0,360.7,11.0,12.5,11.0,12.5,65.576509,105000,912000
2026-08-24 09:20:00,ATM-2,CE,350.0,362.3,12.5,12.5,12.15,12.15,0.0,24000,897000
2026-08-24 09:25:00,ATM-2,CE,350.0,360.95,12.25,12.3,11.8,11.8,49.106257,138000,867000
2026-08-24 09:30:00,ATM-2,CE,350.0,360.25,11.8,11.8,10.1,11.65,57.564098,66000,801000
2026-08-24 09:35:00,ATM-2,CE,350.0,360.5,11.65,11.65,11.05,11.15,43.403208,12000,795000
2026-08-24 09:40:00,ATM-2,CE,350.0,362.0,11.15,13.0,11.15,13.0,55.643132,18000,789000
2026-08-24 09:45:00,ATM-2,CE,355.0,364.6,13.0,13.0,6.8,9.85,28.410467,42000,591000
2026-08-24 09:50:00,ATM-2,CE,355.0,365.8,10.95,12.25,9.85,12.25,59.747731,48000,573000
2026-08-24 09:55:00,ATM-2,CE,360.0,367.95,12.35,13.95,8.75,9.2,46.251744,51000,2262000
2026-08-24 10:00:00,ATM-2,CE,355.0,366.9,10.4,15.05,9.2,13.35,63.490298,333000,513000
2026-08-24 10:05:00,ATM-2,CE,355.0,364.7,13.75,13.75,12.0,12.0,69.872948,30000,501000
2026-08-24 10:10:00,ATM-2,CE,355.0,366.85,12.0,13.05,12.0,13.05,58.874232,33000,486000
2026-08-24 10:15:00,ATM-2,CE,355.0,367.05,13.05,13.05,13.05,13.05,55.575918,0,489000
2026-08-24 10:20:00,ATM-2,CE,355.0,366.25,13.4,13.4,13.0,13.0,66.9359,21000,486000
2026-08-24 10:25:00,ATM-2,CE,355.0,365.45,13.0,13.0,11.95,11.95,60.084054,6000,486000
2026-08-24 10:30:00,ATM-2,CE,355.0,366.2,12.0,12.0,11.95,12.0,49.002393,9000,486000
2026-08-24 10:35:00,ATM-2,CE,355.0,365.85,12.0,12.0,12.0,12.0,55.219134,0,486000
2026-08-24 10:40:00,ATM-2,CE,355.0,365.65,12.0,12.0,12.0,12.0,58.371651,3000,477000
2026-08-24 10:45:00,ATM-2,CE,355.0,365.0,12.0,12.0,12.0,12.0,67.146891,12000,477000
2026-08-24 10:50:00,ATM-2,CE,355.0,364.25,11.45,12.0,11.45,11.45,67.609699,3000,471000
2026-08-24 10:55:00,ATM-2,CE,355.0,365.15,11.2,12.0,11.2,11.95,64.658615,9000,468000
2026-08-24 11:00:00,ATM-2,CE,355.0,364.2,11.95,11.95,11.1,11.1,62.963815,6000,468000
2026-08-24 11:05:00,ATM-2,CE,355.0,364.85,11.1,11.1,10.9,10.9,50.611043,12000,465000
2026-08-24 11:10:00,ATM-2,CE,355.0,364.95,10.9,11.55,10.9,11.3,56.580025,9000,465000
2026-08-24 11:15:00,ATM-2,CE,355.0,364.8,11.0,11.3,11.0,11.05,54.363474,18000,459000
2026-08-24 11:20:00,ATM-2,CE,355.0,364.95,11.05,11.05,11.05,11.05,52.137577,0,459000
2026-08-24 11:25:00,ATM-2,CE,355.0,364.95,11.05,11.05,11.05,11.05,52.220002,0,459000
2026-08-24 11:30:00,ATM-2,CE,355.0,364.1,11.05,11.25,10.9,10.9,61.575488,12000,456000
2026-08-24 11:35:00,ATM-2,CE,355.0,365.2,10.9,10.9,10.9,10.9,44.760863,0,453000
2026-08-24 11:40:00,ATM-2,CE,355.0,365.45,10.9,10.9,10.9,10.9,38.998464,0,453000
2026-08-24 11:45:00,ATM-2,CE,355.0,365.5,10.9,10.9,10.9,10.9,37.642171,0,450000
2026-08-24 11:50:00,ATM-2,CE,355.0,365.4,10.9,10.9,10.9,10.9,40.449584,0,450000
2026-08-24 11:55:00,ATM-2,CE,355.0,365.65,10.9,10.9,10.9,10.9,32.376048,0,450000
2026-08-24 12:00:00,ATM-2,CE,355.0,366.05,10.9,12.45,10.9,12.45,62.110034,12000,450000
2026-08-24 12:05:00,ATM-2,CE,355.0,366.2,12.45,12.45,12.45,12.45,59.886425,0,450000
2026-08-24 12:10:00,ATM-2,CE,355.0,366.2,12.45,12.45,12.45,12.45,59.98269,0,450000
2026-08-24 12:15:00,ATM-2,CE,355.0,366.15,12.45,12.45,12.45,12.45,60.870614,0,450000
2026-08-24 12:20:00,ATM-2,CE,355.0,366.4,12.45,12.5,12.45,12.5,57.856809,9000,441000
2026-08-24 12:25:00,ATM-2,CE,355.0,366.1,12.5,12.5,12.5,12.5,62.778925,0,441000
2026-08-24 12:30:00,ATM-2,CE,355.0,366.35,12.5,12.6,12.5,12.6,60.867058,6000,441000
2026-08-24 12:35:00,ATM-2,CE,355.0,366.25,12.6,12.6,12.6,12.6,62.55097,0,441000
2026-08-24 12:40:00,ATM-2,CE,355.0,366.6,12.6,12.6,11.75,12.2,47.313373,21000,435000
2026-08-24 12:45:00,ATM-2,CE,355.0,366.8,12.2,12.2,12.2,12.2,41.895603,0,435000
2026-08-24 12:50:00,ATM-2,CE,355.0,366.9,12.2,12.2,12.2,12.2,38.394642,0,435000
2026-08-24 12:55:00,ATM-2,CE,355.0,366.8,12.2,12.2,12.2,12.2,42.047878,0,435000
2026-08-24 13:00:00,ATM-2,CE,355.0,366.45,12.2,12.2,12.2,12.2,51.030392,0,435000
2026-08-24 13:05:00,ATM-2,CE,355.0,366.8,12.2,12.2,12.2,12.2,42.201495,0,435000
2026-08-24 13:10:00,ATM-2,CE,355.0,366.55,12.2,12.2,12.2,12.2,48.992732,0,426000
2026-08-24 13:15:00,ATM-2,CE,355.0,366.95,12.2,12.3,12.2,12.3,40.922564,18000,426000
2026-08-24 13:20:00,ATM-2,CE,355.0,366.3,12.3,12.5,12.3,12.5,60.721202,36000,426000
2026-08-24 13:25:00,ATM-2,CE,355.0,366.05,12.5,12.5,12.5,12.5,64.79426,0,426000
2026-08-24 13:30:00,ATM-2,CE,355.0,366.25,12.5,12.5,12.0,12.15,54.436424,21000,408000
2026-08-24 13:35:00,ATM-2,CE,355.0,366.2,12.15,12.15,12.0,12.1,54.371921,18000,405000
2026-08-24 13:40:00,ATM-2,CE,355.0,366.4,12.1,12.1,12.1,12.1,50.348567,0,405000
2026-08-24 13:45:00,ATM-2,CE,355.0,366.35,12.1,12.1,12.1,12.1,51.525493,0,405000
2026-08-24 13:50:00,ATM-2,CE,355.0,366.1,12.1,12.1,12.1,12.1,56.526521,0,405000
2026-08-24 13:55:00,ATM-2,CE,355.0,366.05,12.1,12.1,12.1,12.1,57.523916,0,405000
2026-08-24 14:00:00,ATM-2,CE,355.0,366.1,12.1,12.1,12.1,12.1,56.722589,0,405000
2026-08-24 14:05:00,ATM-2,CE,355.0,366.3,12.1,12.1,12.1,12.1,52.942558,0,405000
2026-08-24 14:10:00,ATM-2,CE,355.0,366.2,12.1,12.1,12.1,12.1,55.037812,0,405000
2026-08-24 14:15:00,ATM-2,CE,355.0,367.2,12.1,12.95,12.1,12.95,54.677814,9000,402000
2026-08-24 14:20:00,ATM-2,CE,355.0,366.55,12.95,12.95,12.95,12.95,66.811366,0,402000
2026-08-24 14:25:00,ATM-2,CE,355.0,367.1,12.95,12.95,12.95,12.95,57.023193,0,402000
2026-08-24 14:30:00,ATM-2,CE,355.0,367.2,12.95,12.95,12.95,12.95,54.972095,0,402000
2026-08-24 14:35:00,ATM-2,CE,355.0,367.15,12.95,12.95,12.95,12.95,56.168294,0,402000
2026-08-24 14:40:00,ATM-2,CE,355.0,367.05,12.95,12.95,12.95,12.95,58.355186,0,402000
2026-08-24 14:45:00,ATM-2,CE,355.0,366.9,12.95,13.0,12.95,13.0,62.451574,3000,399000
2026-08-24 14:50:00,ATM-2,CE,355.0,366.85,13.0,13.0,13.0,13.0,63.463015,0,399000
2026-08-24 14:55:00,ATM-2,CE,355.0,366.75,13.0,13.0,13.0,13.0,65.320657,0,399000
2026-08-24 15:00:00,ATM-2,CE,355.0,365.75,13.0,13.0,13.0,13.0,80.131524,0,396000
2026-08-24 15:05:00,ATM-2,CE,355.0,364.75,11.85,13.0,11.85,11.85,73.787679,15000,396000
2026-08-24 15:10:00,ATM-2,CE,355.0,365.4,11.85,11.85,11.85,11.85,64.830878,0,396000
2026-08-24 15:15:00,ATM-2,CE,355.0,365.4,11.85,11.85,11.85,11.85,64.946931,0,387000
2026-08-24 15:20:00,ATM-2,CE,355.0,365.4,11.85,12.5,11.85,12.5,76.754096,21000,375000
2026-08-24 15:25:00,ATM-2,CE,355.0,365.05,12.5,12.5,12.5,12.5,81.374388,0,375000
2026-08-24 15:30:00,ATM-2,CE,355.0,365.05,12.5,12.5,12.5,12.5,81.519162,0,375000
2026-08-24 15:35:00,ATM-2,CE,355.0,365.05,12.0,12.5,11.6,11.6,65.998738,30000,366000
2026-08-25 09:15:00,ATM-2,CE,355.0,364.95,10.05,11.0,10.05,11.0,111.036418,9000,366000
2026-08-25 09:20:00,ATM-2,CE,355.0,364.5,11.0,11.0,10.65,10.65,112.549822,3000,363000
2026-08-25 09:25:00,ATM-2,CE,355.0,366.1,10.65,11.4,10.65,11.4,81.920119,66000,297000
2026-08-25 09:30:00,ATM-2,CE,355.0,367.15,11.4,11.4,11.4,11.4,0.0,0,297000
2026-08-25 09:35:00,ATM-2,CE,360.0,367.65,11.4,11.4,8.1,9.0,106.890739,12000,870000
2026-08-25 09:40:00,ATM-2,CE,355.0,367.1,11.4,11.4,11.4,11.4,0.0,0,297000
2026-08-25 09:45:00,ATM-2,CE,360.0,367.55,9.0,9.0,8.5,8.5,92.848895,9000,870000
2026-08-25 09:50:00,ATM-2,CE,360.0,368.05,11.4,11.4,8.5,9.25,106.854647,6000,867000
2026-08-25 09:55:00,ATM-2,CE,360.0,368.65,9.25,9.55,9.1,9.1,79.175983,15000,864000
2026-08-25 10:00:00,ATM-2,CE,360.0,368.1,9.0,9.1,9.0,9.0,97.002915,6000,858000
2026-08-25 10:05:00,ATM-2,CE,355.0,367.4,9.0,11.4,9.0,11.4,0.0,0,294000
2026-08-25 10:10:00,ATM-2,CE,355.0,366.65,11.4,11.4,11.4,11.4,0.0,0,294000
2026-08-25 10:15:00,ATM-2,CE,360.0,368.65,11.4,11.4,7.15,8.5,0.0,24000,855000
2026-08-25 10:20:00,ATM-2,CE,355.0,367.25,8.5,11.8,8.5,11.8,0.0,0,294000
2026-08-25 10:25:00,ATM-2,CE,360.0,368.85,11.8,11.8,7.45,8.2,0.0,6000,849000
2026-08-25 10:30:00,ATM-2,CE,360.0,368.8,9.0,9.35,8.2,9.35,90.246994,39000,843000
2026-08-25 10:35:00,ATM-2,CE,360.0,368.9,9.35,9.35,9.3,9.3,83.116785,9000,825000
2026-08-25 10:40:00,ATM-2,CE,360.0,368.8,9.3,9.3,8.55,8.55,0.0,12000,816000
2026-08-25 10:45:00,ATM-2,CE,360.0,368.7,8.55,8.55,8.55,8.55,0.0,0,816000
2026-08-25 10:50:00,ATM-2,CE,360.0,368.65,8.55,8.55,8.55,8.55,0.0,0,816000
2026-08-25 10:55:00,ATM-2,CE,360.0,368.85,8.55,8.55,8.55,8.55,0.0,0,816000
2026-08-25 11:00:00,ATM-2,CE,360.0,368.8,9.1,9.1,8.55,9.0,71.351625,21000,804000
2026-08-25 11:05:00,ATM-2,CE,360.0,369.3,9.0,9.15,8.7,9.15,0.0,24000,777000
2026-08-25 11:10:00,ATM-2,CE,360.0,369.45,9.3,9.35,9.15,9.35,0.0,54000,735000
2026-08-25 11:15:00,ATM-2,CE,360.0,369.15,9.35,9.35,9.35,9.35,75.673545,0,735000
2026-08-25 11:20:00,ATM-2,CE,360.0,369.15,9.2,9.35,9.15,9.15,0.0,9000,726000
2026-08-25 11:25:00,ATM-2,CE,360.0,369.15,9.15,9.15,9.15,9.15,0.0,0,726000
2026-08-25 11:30:00,ATM-2,CE,360.0,367.55,9.1,9.15,8.0,8.0,85.286146,12000,723000
2026-08-25 11:35:00,ATM-2,CE,355.0,367.3,14.0,14.0,8.0,14.0,191.970254,0,291000
2026-08-25 11:40:00,ATM-2,CE,355.0,366.6,14.0,14.0,14.0,14.0,218.108419,0,291000
2026-08-25 11:45:00,ATM-2,CE,355.0,367.2,14.0,14.0,14.0,14.0,199.842033,0,291000
2026-08-25 11:50:00,ATM-2,CE,355.0,366.2,14.0,14.0,14.0,14.0,235.609316,0,291000
2026-08-25 11:55:00,ATM-2,CE,355.0,366.65,14.0,14.0,14.0,14.0,223.788256,0,291000
2026-08-25 12:00:00,ATM-2,CE,355.0,366.25,14.0,14.0,14.0,14.0,239.468976,0,291000
2026-08-25 12:05:00,ATM-2,CE,355.0,366.05,14.0,14.0,14.0,14.0,248.631267,0,291000
2026-08-25 12:10:00,ATM-2,CE,355.0,367.0,14.0,14.0,14.0,14.0,0.0,0,291000
2026-08-25 12:15:00,ATM-2,CE,355.0,367.0,14.0,14.0,14.0,14.0,0.0,0,291000
2026-08-25 12:20:00,ATM-2,CE,355.0,366.65,14.0,14.0,14.0,14.0,0.0,0,291000
2026-08-25 12:25:00,ATM-2,CE,355.0,366.7,14.0,14.0,14.0,14.0,0.0,0,291000
2026-08-25 12:30:00,ATM-2,CE,355.0,366.35,14.0,14.0,14.0,14.0,0.0,0,291000
2026-08-25 12:35:00,ATM-2,CE,355.0,365.8,14.0,14.0,14.0,14.0,0.0,0,291000
2026-08-25 12:40:00,ATM-2,CE,355.0,365.75,14.0,14.0,14.0,14.0,0.0,0,291000
2026-08-25 12:45:00,ATM-2,CE,355.0,365.5,14.0,14.0,14.0,14.0,0.0,0,291000
2026-08-25 12:50:00,ATM-2,CE,355.0,365.45,14.0,14.0,14.0,14.0,0.0,0,291000
2026-08-25 12:55:00,ATM-2,CE,355.0,364.8,14.0,14.0,14.0,14.0,0.0,0,291000
2026-08-25 13:00:00,ATM-2,CE,355.0,364.45,14.0,14.0,14.0,14.0,0.0,0,291000
2026-08-25 13:05:00,ATM-2,CE,355.0,364.2,14.0,14.0,14.0,14.0,0.0,0,291000
2026-08-25 13:10:00,ATM-2,CE,355.0,365.0,14.0,14.0,14.0,14.0,0.0,0,291000
2026-08-25 13:15:00,ATM-2,CE,355.0,365.35,14.0,14.0,14.0,14.0,0.0,0,291000
2026-08-25 13:20:00,ATM-2,CE,355.0,365.1,14.0,14.0,14.0,14.0,0.0,0,291000
2026-08-25 13:25:00,ATM-2,CE,355.0,364.75,14.0,14.0,14.0,14.0,0.0,0,291000
2026-08-25 13:30:00,ATM-2,CE,355.0,364.55,14.0,14.0,14.0,14.0,0.0,0,291000
2026-08-25 13:35:00,ATM-2,CE,355.0,364.85,14.0,14.0,14.0,14.0,0.0,0,291000
2026-08-25 13:40:00,ATM-2,CE,355.0,364.55,14.0,14.0,14.0,14.0,0.0,0,291000
2026-08-25 13:45:00,ATM-2,CE,355.0,364.5,14.0,14.0,14.0,14.0,0.0,0,291000
2026-08-25 13:50:00,ATM-2,CE,355.0,365.05,14.0,14.0,14.0,14.0,0.0,0,291000
2026-08-25 13:55:00,ATM-2,CE,355.0,364.5,14.0,14.0,14.0,14.0,0.0,0,291000
2026-08-25 14:00:00,ATM-2,CE,355.0,365.45,10.3,14.0,10.3,10.3,0.0,24000,291000
2026-08-25 14:05:00,ATM-2,CE,355.0,364.9,10.3,10.3,10.3,10.3,0.0,0,291000
2026-08-25 14:10:00,ATM-2,CE,355.0,365.05,10.3,10.3,10.3,10.3,0.0,0,291000
2026-08-25 14:15:00,ATM-2,CE,355.0,365.15,10.3,10.3,10.3,10.3,0.0,0,291000
2026-08-25 14:20:00,ATM-2,CE,355.0,364.95,10.3,10.3,10.3,10.3,0.0,0,291000
2026-08-25 14:25:00,ATM-2,CE,355.0,365.2,10.3,10.3,10.3,10.3,0.0,0,291000
2026-08-25 14:30:00,ATM-2,CE,355.0,364.9,10.3,10.3,10.3,10.3,0.0,0,291000
2026-08-25 14:35:00,ATM-2,CE,355.0,364.8,10.3,10.3,10.3,10.3,0.0,0,291000
2026-08-25 14:40:00,ATM-2,CE,355.0,365.45,10.3,10.3,10.3,10.3,0.0,0,291000
2026-08-25 14:45:00,ATM-2,CE,355.0,366.35,10.3,10.3,10.3,10.3,0.0,0,291000
2026-08-25 14:50:00,ATM-2,CE,355.0,366.7,10.3,10.3,10.3,10.3,0.0,0,291000
2026-08-25 14:55:00,ATM-2,CE,355.0,366.4,10.3,10.3,9.95,9.95,0.0,9000,285000
2026-08-25 15:00:00,ATM-2,CE,355.0,366.5,9.95,9.95,9.95,9.95,0.0,0,285000
2026-08-25 15:05:00,ATM-2,CE,355.0,366.6,9.95,9.95,9.95,9.95,0.0,0,285000
2026-08-25 15:10:00,ATM-2,CE,355.0,365.55,9.95,9.95,9.95,9.95,0.0,0,285000
2026-08-25 15:15:00,ATM-2,CE,355.0,365.55,9.95,9.95,9.95,9.95,0.0,0,285000
2026-08-25 15:20:00,ATM-2,CE,355.0,365.55,9.95,9.95,9.95,9.95,0.0,0,285000
2026-08-25 15:25:00,ATM-2,CE,355.0,367.45,9.95,9.95,9.95,9.95,0.0,0,285000
2026-08-25 15:30:00,ATM-2,CE,355.0,367.45,9.95,9.95,9.95,9.95,0.0,0,285000
2026-08-25 15:35:00,ATM-2,CE,355.0,367.45,9.95,9.95,9.95,9.95,0.0,0,285000
2026-08-20 09:15:00,ATM-2,PE,335.0,347.5,2.95,2.95,2.95,2.95,47.617224,0,321000
2026-08-20 09:35:00,ATM-2,PE,340.0,348.35,1.5,4.5,1.5,4.5,49.658852,9000,1461000
2026-08-20 09:40:00,ATM-2,PE,340.0,349.05,3.0,4.5,3.0,3.0,40.813593,39000,1455000
2026-08-20 09:45:00,ATM-2,PE,340.0,349.45,3.0,4.15,3.0,3.5,45.157488,117000,1443000
2026-08-20 09:50:00,ATM-2,PE,340.0,348.0,3.5,4.25,1.5,4.25,47.280811,18000,1443000
2026-08-20 09:55:00,ATM-2,PE,340.0,347.6,4.25,4.25,4.25,4.25,46.430895,0,1443000
2026-08-20 10:00:00,ATM-2,PE,340.0,347.8,4.25,4.25,1.5,4.25,46.879171,0,1443000
2026-08-20 10:05:00,ATM-2,PE,340.0,348.35,4.25,4.25,1.5,4.25,48.076175,0,1443000
2026-08-20 10:10:00,ATM-2,PE,340.0,348.6,4.25,4.3,4.25,4.3,48.961366,6000,1440000
2026-08-20 10:15:00,ATM-2,PE,340.0,348.05,4.3,4.3,4.3,4.3,47.798619,3000,1440000
2026-08-20 10:20:00,ATM-2,PE,340.0,348.0,4.2,4.3,4.2,4.2,47.03497,3000,1440000
2026-08-20 10:25:00,ATM-2,PE,335.0,346.5,4.2,4.2,1.5,1.5,34.186404,0,309000
2026-08-20 10:30:00,ATM-2,PE,335.0,347.15,1.5,1.5,1.5,1.5,35.287692,0,309000
2026-08-20 10:35:00,ATM-2,PE,335.0,347.35,1.5,4.2,1.5,1.5,35.631942,0,309000
2026-08-20 10:40:00,ATM-2,PE,335.0,347.5,1.5,1.5,1.5,1.5,35.892358,0,309000
2026-08-20 10:45:00,ATM-2,PE,340.0,347.55,1.5,4.2,1.5,4.2,46.134669,0,1440000
2026-08-20 10:50:00,ATM-2,PE,335.0,345.95,1.5,1.5,1.5,1.5,33.306127,0,309000
2026-08-20 10:55:00,ATM-2,PE,335.0,346.25,1.5,1.5,1.5,1.5,33.827798,0,309000
2026-08-20 11:00:00,ATM-2,PE,335.0,345.8,1.5,1.5,1.5,1.5,33.070474,0,309000
2026-08-20 11:05:00,ATM-2,PE,335.0,346.9,1.5,1.5,1.5,1.5,34.947454,0,309000
2026-08-20 11:10:00,ATM-2,PE,335.0,347.2,1.5,1.5,1.5,1.5,35.461159,0,309000
2026-08-20 11:15:00,ATM-2,PE,335.0,347.0,1.5,1.5,1.5,1.5,35.137619,0,309000
2026-08-20 11:20:00,ATM-2,PE,335.0,346.65,1.5,1.5,1.5,1.5,34.559673,0,309000
2026-08-20 11:25:00,ATM-2,PE,335.0,347.0,1.5,1.5,1.5,1.5,35.160059,0,309000
2026-08-20 11:30:00,ATM-2,PE,335.0,347.4,1.5,1.5,1.5,1.5,35.840491,0,309000
2026-08-20 11:35:00,ATM-2,PE,335.0,347.3,1.5,1.5,1.5,1.5,35.685062,0,309000
2026-08-20 11:40:00,ATM-2,PE,335.0,346.85,1.5,1.5,1.5,1.5,34.941432,0,309000
2026-08-20 11:45:00,ATM-2,PE,335.0,346.75,1.5,1.5,1.5,1.5,34.783922,0,309000
2026-08-20 11:50:00,ATM-2,PE,335.0,347.25,1.5,1.5,1.5,1.5,35.63575,0,309000
2026-08-20 11:55:00,ATM-2,PE,340.0,347.65,4.2,4.2,4.2,4.2,46.55991,0,1440000
2026-08-20 12:00:00,ATM-2,PE,335.0,347.5,1.5,2.75,1.5,1.5,36.07643,3000,309000
2026-08-20 12:05:00,ATM-2,PE,335.0,347.4,2.7,2.7,1.5,1.5,35.921078,0,309000
2026-08-20 12:10:00,ATM-2,PE,335.0,347.35,1.5,1.5,1.5,1.5,35.849026,0,309000
2026-08-20 12:15:00,ATM-2,PE,340.0,347.9,1.5,2.7,1.5,2.7,36.74932,0,1440000
2026-08-20 12:20:00,ATM-2,PE,335.0,346.7,2.7,2.7,1.5,1.5,34.777477,0,309000
2026-08-20 12:25:00,ATM-2,PE,335.0,346.8,1.5,1.5,1.5,1.5,34.957982,0,309000
2026-08-20 12:30:00,ATM-2,PE,335.0,347.5,1.5,1.5,1.5,1.5,36.146234,0,309000
2026-08-20 12:35:00,ATM-2,PE,335.0,347.3,3.0,3.0,1.5,1.5,35.823024,0,309000
2026-08-20 12:40:00,ATM-2,PE,335.0,347.1,1.5,1.5,1.5,1.5,35.498394,0,309000
2026-08-20 12:45:00,ATM-2,PE,335.0,347.4,1.5,1.5,1.5,1.5,36.013891,0,309000
2026-08-20 12:50:00,ATM-2,PE,340.0,347.55,1.5,3.0,1.5,3.0,38.250488,0,1443000
2026-08-20 12:55:00,ATM-2,PE,335.0,347.5,3.0,3.0,1.5,1.5,36.204741,0,309000
2026-08-20 13:00:00,ATM-2,PE,340.0,347.55,3.0,3.4,3.0,3.4,41.069134,3000,1443000
2026-08-20 13:05:00,ATM-2,PE,340.0,347.7,3.4,3.4,1.5,3.4,41.400554,0,1443000
2026-08-20 13:10:00,ATM-2,PE,335.0,347.5,1.5,1.5,1.5,1.5,36.239988,0,309000
2026-08-20 13:15:00,ATM-2,PE,335.0,347.35,1.5,1.5,1.5,1.5,36.000015,0,309000
2026-08-20 13:20:00,ATM-2,PE,335.0,346.55,1.5,1.5,1.5,1.5,34.657004,0,309000
2026-08-20 13:25:00,ATM-2,PE,335.0,346.85,1.5,1.5,1.5,1.5,35.178774,0,309000
2026-08-20 13:30:00,ATM-2,PE,340.0,347.55,1.5,3.4,1.5,3.4,41.148785,0,1443000
2026-08-20 13:35:00,ATM-2,PE,335.0,346.85,1.5,1.5,1.5,1.5,35.201648,0,309000
2026-08-20 13:40:00,ATM-2,PE,335.0,347.5,1.5,1.5,1.5,1.5,36.310822,0,309000
2026-08-20 13:45:00,ATM-2,PE,335.0,347.35,1.5,1.5,1.5,1.5,36.070393,0,309000
2026-08-20 13:50:00,ATM-2,PE,335.0,347.1,1.5,1.5,1.5,1.5,35.660064,0,309000
2026-08-20 13:55:00,ATM-2,PE,335.0,347.0,1.5,1.5,1.5,1.5,35.502273,0,309000
2026-08-20 14:00:00,ATM-2,PE,335.0,347.35,1.5,1.5,1.5,1.5,36.105751,0,309000
2026-08-20 14:05:00,ATM-2,PE,335.0,347.4,1.5,1.5,1.5,1.5,36.20184,0,309000
2026-08-20 14:10:00,ATM-2,PE,340.0,347.55,1.5,3.4,1.5,3.4,41.255776,0,1443000
2026-08-20 14:15:00,ATM-2,PE,335.0,347.25,1.5,1.5,1.5,1.5,35.972309,0,309000
2026-08-20 14:20:00,ATM-2,PE,335.0,347.2,1.5,1.5,1.5,1.5,35.8995,0,309000
2026-08-20 14:25:00,ATM-2,PE,335.0,347.4,1.5,1.5,1.5,1.5,36.249317,0,309000
2026-08-20 14:30:00,ATM-2,PE,335.0,347.35,1.5,1.5,1.5,1.5,36.176794,0,309000
2026-08-20 14:35:00,ATM-2,PE,335.0,347.35,1.5,1.5,1.5,1.5,36.188675,0,309000
2026-08-20 14:40:00,ATM-2,PE,335.0,347.1,1.5,1.5,1.5,1.5,35.776995,0,309000
2026-08-20 14:45:00,ATM-2,PE,340.0,347.85,1.5,3.25,1.5,3.25,40.935381,3000,1443000
2026-08-20 14:50:00,ATM-2,PE,340.0,348.55,3.25,3.25,2.8,2.8,39.166341,9000,1443000
2026-08-20 14:55:00,ATM-2,PE,340.0,348.7,2.65,2.8,2.65,2.65,38.377775,9000,1443000
2026-08-20 15:00:00,ATM-2,PE,340.0,348.9,2.65,2.65,2.6,2.6,38.416431,9000,1434000
2026-08-20 15:05:00,ATM-2,PE,340.0,349.6,2.6,2.6,2.6,2.6,39.803372,0,1434000
2026-08-20 15:10:00,ATM-2,PE,340.0,349.3,2.6,2.6,2.6,2.6,39.229933,0,1434000
2026-08-20 15:15:00,ATM-2,PE,340.0,349.3,2.6,2.6,2.6,2.6,39.242846,0,1434000
2026-08-20 15:20:00,ATM-2,PE,340.0,349.3,2.6,2.6,2.6,2.6,39.255769,0,1434000
2026-08-20 15:25:00,ATM-2,PE,340.0,349.25,2.6,3.4,2.6,3.4,45.032676,3000,1434000
2026-08-20 15:30:00,ATM-2,PE,340.0,349.25,3.4,3.4,3.4,3.4,45.047584,0,1434000
2026-08-20 15:35:00,ATM-2,PE,340.0,349.25,3.4,3.4,3.4,3.4,45.062514,0,1434000
2026-08-21 09:25:00,ATM-2,PE,345.0,355.55,2.0,2.0,2.0,2.0,39.370866,9000,441000
2026-08-21 09:30:00,ATM-2,PE,345.0,353.75,2.0,2.0,2.0,2.0,35.802183,0,441000
2026-08-21 09:35:00,ATM-2,PE,345.0,355.15,2.0,2.0,2.0,2.0,38.617,0,441000
2026-08-21 09:40:00,ATM-2,PE,345.0,357.4,2.0,2.0,1.8,1.8,41.137143,21000,441000
2026-08-21 09:45:00,ATM-2,PE,345.0,356.45,2.0,2.6,1.8,2.6,46.327407,42000,417000
2026-08-21 09:50:00,ATM-2,PE,345.0,356.05,2.45,2.65,2.4,2.4,43.864271,39000,420000
2026-08-21 09:55:00,ATM-2,PE,345.0,356.6,2.4,2.4,2.25,2.25,43.68932,21000,417000
2026-08-21 10:00:00,ATM-2,PE,345.0,356.0,2.25,2.25,2.25,2.25,42.5244,0,417000
2026-08-21 10:05:00,ATM-2,PE,345.0,356.0,2.25,2.25,2.25,2.25,42.541172,0,417000
2026-08-21 10:10:00,ATM-2,PE,345.0,356.9,2.25,2.25,2.25,2.25,44.327567,0,417000
2026-08-21 10:15:00,ATM-2,PE,345.0,357.15,2.25,2.25,2.25,2.25,44.831547,0,417000
2026-08-21 10:20:00,ATM-2,PE,345.0,356.85,2.25,2.25,2.25,2.25,44.265073,0,417000
2026-08-21 10:25:00,ATM-2,PE,345.0,357.45,2.05,2.7,1.55,1.55,38.995555,21000,417000
2026-08-21 10:30:00,ATM-2,PE,345.0,357.35,1.5,1.55,1.5,1.5,38.341892,3000,417000
2026-08-21 10:35:00,ATM-2,PE,350.0,358.15,1.5,2.3,1.5,2.3,36.692204,0,1689000
2026-08-21 10:40:00,ATM-2,PE,350.0,358.2,2.5,2.5,2.2,2.2,36.010455,36000,1689000
2026-08-21 10:45:00,ATM-2,PE,350.0,358.45,2.2,2.2,2.2,2.2,36.542871,0,1689000
2026-08-21 10:50:00,ATM-2,PE,350.0,358.1,2.2,2.2,2.2,2.2,35.830464,0,1689000
2026-08-21 10:55:00,ATM-2,PE,350.0,358.15,2.2,2.3,2.2,2.3,36.749969,12000,1689000
2026-08-21 11:00:00,ATM-2,PE,350.0,357.95,2.3,2.3,2.25,2.25,35.94486,18000,1710000
2026-08-21 11:05:00,ATM-2,PE,350.0,358.15,2.25,2.25,2.25,2.25,36.378911,0,1710000
2026-08-21 11:10:00,ATM-2,PE,350.0,358.15,2.25,2.25,2.25,2.25,36.393276,0,1710000
2026-08-21 11:15:00,ATM-2,PE,350.0,358.15,2.25,2.25,2.25,2.25,36.407657,0,1710000
2026-08-21 11:20:00,ATM-2,PE,350.0,358.2,2.25,2.25,1.5,1.5,30.25565,24000,1716000
2026-08-21 11:25:00,ATM-2,PE,350.0,357.75,1.5,1.5,1.5,1.5,29.386986,0,1716000
2026-08-21 11:30:00,ATM-2,PE,350.0,357.7,1.5,1.55,1.5,1.55,29.731623,3000,1698000
2026-08-21 11:35:00,ATM-2,PE,350.0,358.0,1.55,1.55,1.55,1.55,30.336338,0,1698000
2026-08-21 11:40:00,ATM-2,PE,345.0,357.0,1.55,1.8,1.5,1.8,40.780828,6000,414000
2026-08-21 11:45:00,ATM-2,PE,345.0,357.45,1.8,1.8,1.8,1.8,41.641308,0,414000
2026-08-21 11:50:00,ATM-2,PE,350.0,357.75,1.7,1.8,1.7,1.75,31.578676,12000,1698000
2026-08-21 11:55:00,ATM-2,PE,350.0,358.0,1.75,1.75,1.75,1.75,32.097012,0,1698000
2026-08-21 12:00:00,ATM-2,PE,350.0,357.75,1.75,1.75,1.75,1.75,31.603681,0,1698000
2026-08-21 12:05:00,ATM-2,PE,350.0,357.6,1.75,1.75,1.75,1.75,31.310841,0,1698000
2026-08-21 12:10:00,ATM-2,PE,345.0,356.6,1.75,1.8,1.75,1.8,40.121492,0,414000
2026-08-21 12:15:00,ATM-2,PE,345.0,356.5,1.8,1.8,1.8,1.8,39.947229,0,414000
2026-08-21 12:20:00,ATM-2,PE,345.0,356.8,1.8,1.8,1.8,1.8,40.533788,0,414000
2026-08-21 12:25:00,ATM-2,PE,345.0,356.65,1.8,1.8,1.8,1.8,40.265202,0,414000
2026-08-21 12:30:00,ATM-2,PE,345.0,357.45,1.8,1.8,1.75,1.8,41.792728,0,414000
2026-08-21 12:35:00,ATM-2,PE,345.0,356.9,1.8,1.8,1.8,1.8,40.772622,0,414000
2026-08-21 12:40:00,ATM-2,PE,345.0,356.75,1.8,1.8,1.8,1.8,40.504361,0,414000
2026-08-21 12:45:00,ATM-2,PE,345.0,356.5,1.8,1.8,1.8,1.8,40.044164,0,414000
2026-08-21 12:50:00,ATM-2,PE,345.0,356.5,1.8,1.8,1.8,1.8,40.060391,0,414000
2026-08-21 12:55:00,ATM-2,PE,345.0,356.95,1.8,1.8,1.8,1.8,40.933663,0,414000
2026-08-21 13:00:00,ATM-2,PE,345.0,356.65,1.8,1.8,1.8,1.8,40.379512,0,414000
2026-08-21 13:05:00,ATM-2,PE,345.0,356.95,1.8,1.8,1.8,1.8,40.966959,0,414000
2026-08-21 13:10:00,ATM-2,PE,345.0,356.5,1.8,1.8,1.8,1.8,40.125516,0,414000
2026-08-21 13:15:00,ATM-2,PE,345.0,356.75,1.8,1.8,1.8,1.8,40.61968,0,414000
2026-08-21 13:20:00,ATM-2,PE,345.0,356.25,1.8,1.8,1.8,1.8,39.67787,0,414000
2026-08-21 13:25:00,ATM-2,PE,345.0,356.55,1.8,1.8,1.8,1.8,40.270403,0,414000
2026-08-21 13:30:00,ATM-2,PE,345.0,355.45,1.8,1.8,1.8,1.8,38.155823,0,414000
2026-08-21 13:35:00,ATM-2,PE,345.0,356.5,1.8,1.8,1.8,1.8,40.207388,0,414000
2026-08-21 13:40:00,ATM-2,PE,345.0,356.1,1.8,1.8,1.8,1.8,39.452856,0,414000
2026-08-21 13:45:00,ATM-2,PE,345.0,355.95,1.8,1.8,1.8,1.8,39.178182,0,414000
2026-08-21 13:50:00,ATM-2,PE,345.0,356.25,1.8,1.8,1.8,1.8,39.7752,0,414000
2026-08-21 13:55:00,ATM-2,PE,345.0,356.1,1.8,1.8,1.8,1.8,39.501301,0,414000
2026-08-21 14:00:00,ATM-2,PE,345.0,356.0,1.8,1.8,1.8,1.8,39.323479,0,414000
2026-08-21 14:05:00,ATM-2,PE,345.0,355.65,1.8,1.8,1.8,1.8,38.657173,0,414000
2026-08-21 14:10:00,ATM-2,PE,345.0,356.0,1.8,1.8,1.8,1.8,39.355752,0,414000
2026-08-21 14:15:00,ATM-2,PE,345.0,356.55,1.8,1.8,1.5,1.5,37.566706,12000,414000
2026-08-21 14:20:00,ATM-2,PE,345.0,356.6,1.5,1.5,1.5,1.5,37.67522,0,414000
2026-08-21 14:25:00,ATM-2,PE,345.0,356.4,1.5,1.5,1.5,1.5,37.317777,0,414000
2026-08-21 14:30:00,ATM-2,PE,345.0,356.6,1.5,1.5,1.5,1.5,37.706251,0,414000
2026-08-21 14:35:00,ATM-2,PE,345.0,356.8,1.5,1.5,1.5,1.5,38.093673,0,414000
2026-08-21 14:40:00,ATM-2,PE,345.0,356.7,1.5,1.5,1.5,1.5,37.923558,0,414000
2026-08-21 14:45:00,ATM-2,PE,345.0,356.8,1.5,1.5,1.5,1.5,38.125146,0,414000
2026-08-21 14:50:00,ATM-2,PE,345.0,356.6,1.5,1.5,1.5,1.5,37.768565,0,414000
2026-08-21 14:55:00,ATM-2,PE,345.0,355.9,1.5,1.5,1.5,1.5,36.469143,0,414000
2026-08-21 15:00:00,ATM-2,PE,345.0,355.7,1.5,1.5,1.5,1.5,36.105002,0,414000
2026-08-21 15:05:00,ATM-2,PE,345.0,355.4,1.5,1.5,1.5,1.5,35.547972,0,414000
2026-08-21 15:10:00,ATM-2,PE,345.0,357.45,1.5,1.5,1.5,1.5,39.407077,0,414000
2026-08-21 15:15:00,ATM-2,PE,345.0,357.45,1.5,1.5,1.5,1.5,39.423483,0,414000
2026-08-21 15:20:00,ATM-2,PE,345.0,357.45,1.5,1.5,1.5,1.5,39.439902,0,414000
2026-08-21 15:25:00,ATM-2,PE,345.0,357.5,1.5,1.5,1.5,1.5,39.548413,0,414000
2026-08-21 15:30:00,ATM-2,PE,345.0,357.5,1.5,1.5,1.5,1.5,39.56492,0,414000
2026-08-21 15:35:00,ATM-2,PE,345.0,357.5,1.5,1.5,1.5,1.5,39.581448,0,414000
2026-08-24 09:15:00,ATM-2,PE,350.0,360.7,0.55,1.55,0.55,1.05,54.623335,273000,1641000
2026-08-24 09:20:00,ATM-2,PE,350.0,362.3,1.05,1.05,0.7,0.7,52.295949,144000,1569000
2026-08-24 09:25:00,ATM-2,PE,350.0,360.95,0.8,0.8,0.7,0.7,48.465447,168000,1542000
2026-08-24 09:30:00,ATM-2,PE,350.0,360.25,0.8,0.9,0.7,0.75,47.523832,315000,1533000
2026-08-24 09:35:00,ATM-2,PE,350.0,360.5,0.75,0.85,0.7,0.75,48.339496,96000,1521000
2026-08-24 09:40:00,ATM-2,PE,350.0,362.0,0.8,0.8,0.65,0.65,50.566475,72000,1521000
2026-08-24 09:45:00,ATM-2,PE,355.0,364.6,0.65,1.2,0.65,0.85,47.091215,78000,657000
2026-08-24 09:50:00,ATM-2,PE,355.0,365.8,0.75,0.85,0.75,0.75,48.757912,210000,633000
2026-08-24 09:55:00,ATM-2,PE,360.0,367.95,0.7,1.5,0.65,1.5,52.198533,210000,1899000
2026-08-24 10:00:00,ATM-2,PE,355.0,366.9,1.35,1.5,0.7,0.75,52.113606,678000,636000
2026-08-24 10:05:00,ATM-2,PE,355.0,364.7,0.75,0.95,0.75,0.95,49.57963,156000,708000
2026-08-24 10:10:00,ATM-2,PE,355.0,366.85,1.0,1.0,0.75,0.75,52.113552,135000,714000
2026-08-24 10:15:00,ATM-2,PE,355.0,367.05,0.75,0.75,0.65,0.7,51.649457,93000,729000
2026-08-24 10:20:00,ATM-2,PE,355.0,366.25,0.65,0.7,0.65,0.65,48.283807,48000,744000
2026-08-24 10:25:00,ATM-2,PE,355.0,365.45,0.65,0.65,0.65,0.65,46.028554,84000,708000
2026-08-24 10:30:00,ATM-2,PE,355.0,366.2,0.65,0.65,0.65,0.65,48.275541,0,678000
2026-08-24 10:35:00,ATM-2,PE,355.0,365.85,0.65,0.65,0.65,0.65,47.327895,6000,675000
2026-08-24 10:40:00,ATM-2,PE,355.0,365.65,0.65,0.65,0.65,0.65,46.810627,0,672000
2026-08-24 10:45:00,ATM-2,PE,355.0,365.0,0.65,0.7,0.65,0.7,46.043217,39000,663000
2026-08-24 10:50:00,ATM-2,PE,355.0,364.25,0.8,0.8,0.7,0.8,45.866583,9000,663000
2026-08-24 10:55:00,ATM-2,PE,355.0,365.15,0.75,0.8,0.7,0.75,47.690906,33000,660000
2026-08-24 11:00:00,ATM-2,PE,355.0,364.2,0.75,0.75,0.75,0.75,44.833758,0,657000
2026-08-24 11:05:00,ATM-2,PE,355.0,364.85,0.8,0.85,0.75,0.75,46.909172,48000,648000
2026-08-24 11:10:00,ATM-2,PE,355.0,364.95,0.75,0.8,0.75,0.8,48.320645,45000,630000
2026-08-24 11:15:00,ATM-2,PE,355.0,364.8,0.8,0.8,0.75,0.8,47.92333,36000,627000
2026-08-24 11:20:00,ATM-2,PE,355.0,364.95,0.8,0.85,0.8,0.85,49.477711,9000,624000
2026-08-24 11:25:00,ATM-2,PE,355.0,364.95,0.85,0.85,0.75,0.75,47.490315,3000,624000
2026-08-24 11:30:00,ATM-2,PE,355.0,364.1,0.75,0.8,0.75,0.8,45.922312,39000,639000
2026-08-24 11:35:00,ATM-2,PE,355.0,365.2,0.8,0.8,0.7,0.75,48.400586,27000,636000
2026-08-24 11:40:00,ATM-2,PE,355.0,365.45,0.75,0.75,0.75,0.75,49.240216,0,636000
2026-08-24 11:45:00,ATM-2,PE,355.0,365.5,0.75,0.75,0.75,0.75,49.466266,3000,636000
2026-08-24 11:50:00,ATM-2,PE,355.0,365.4,0.75,0.75,0.75,0.75,49.231855,0,636000
2026-08-24 11:55:00,ATM-2,PE,355.0,365.65,0.75,0.75,0.75,0.75,50.073801,0,636000
2026-08-24 12:00:00,ATM-2,PE,355.0,366.05,0.75,0.75,0.7,0.7,50.254876,57000,627000
2026-08-24 12:05:00,ATM-2,PE,355.0,366.2,0.7,0.7,0.65,0.7,50.781949,39000,606000
2026-08-24 12:10:00,ATM-2,PE,355.0,366.2,0.7,0.7,0.7,0.7,50.857993,3000,621000
2026-08-24 12:15:00,ATM-2,PE,355.0,366.15,0.7,0.7,0.7,0.7,50.78338,6000,627000
2026-08-24 12:20:00,ATM-2,PE,355.0,366.4,0.7,0.7,0.7,0.7,51.614655,27000,618000
2026-08-24 12:25:00,ATM-2,PE,355.0,366.1,0.7,0.7,0.65,0.65,49.625967,51000,645000
2026-08-24 12:30:00,ATM-2,PE,355.0,366.35,0.65,0.65,0.65,0.65,50.449383,0,645000
2026-08-24 12:35:00,ATM-2,PE,355.0,366.25,0.65,0.65,0.65,0.65,50.226787,0,645000
2026-08-24 12:40:00,ATM-2,PE,355.0,366.6,0.65,0.7,0.65,0.7,52.534009,21000,636000
2026-08-24 12:45:00,ATM-2,PE,355.0,366.8,0.7,0.7,0.7,0.7,53.218238,0,636000
2026-08-24 12:50:00,ATM-2,PE,355.0,366.9,0.7,0.7,0.7,0.7,53.601579,0,636000
2026-08-24 12:55:00,ATM-2,PE,355.0,366.8,0.7,0.7,0.7,0.7,53.382149,0,636000
2026-08-24 13:00:00,ATM-2,PE,355.0,366.45,0.7,0.7,0.7,0.7,52.401625,0,636000
2026-08-24 13:05:00,ATM-2,PE,355.0,366.8,0.7,0.7,0.6,0.65,52.347133,57000,627000
2026-08-24 13:10:00,ATM-2,PE,355.0,366.55,0.65,0.65,0.65,0.65,51.6771,12000,657000
2026-08-24 13:15:00,ATM-2,PE,355.0,366.95,0.6,0.65,0.6,0.6,51.712724,3000,666000
2026-08-24 13:20:00,ATM-2,PE,355.0,366.3,0.6,0.6,0.6,0.6,49.858123,0,666000
2026-08-24 13:25:00,ATM-2,PE,355.0,366.05,0.6,0.65,0.6,0.65,50.399713,42000,678000
2026-08-24 13:30:00,ATM-2,PE,355.0,366.25,0.65,0.65,0.65,0.65,51.0899,0,684000
2026-08-24 13:35:00,ATM-2,PE,355.0,366.2,0.65,0.65,0.65,0.65,51.017898,0,684000
2026-08-24 13:40:00,ATM-2,PE,355.0,366.4,0.65,0.65,0.65,0.65,51.709869,0,684000
2026-08-24 13:45:00,ATM-2,PE,355.0,366.35,0.65,0.65,0.65,0.65,51.639332,0,684000
2026-08-24 13:50:00,ATM-2,PE,355.0,366.1,0.65,0.65,0.65,0.65,50.954321,0,684000
2026-08-24 13:55:00,ATM-2,PE,355.0,366.05,0.65,0.65,0.65,0.65,50.881738,0,684000
2026-08-24 14:00:00,ATM-2,PE,355.0,366.1,0.65,0.65,0.65,0.65,51.117865,0,684000
2026-08-24 14:05:00,ATM-2,PE,355.0,366.3,0.65,0.65,0.65,0.65,51.817458,0,684000
2026-08-24 14:10:00,ATM-2,PE,355.0,366.2,0.65,0.65,0.65,0.65,51.59241,0,690000
2026-08-24 14:15:00,ATM-2,PE,355.0,367.2,0.65,0.65,0.55,0.55,52.13572,63000,693000
2026-08-24 14:20:00,ATM-2,PE,355.0,366.55,0.55,0.6,0.55,0.6,51.584693,30000,699000
2026-08-24 14:25:00,ATM-2,PE,355.0,367.1,0.6,0.6,0.6,0.6,53.335813,0,699000
2026-08-24 14:30:00,ATM-2,PE,355.0,367.2,0.6,0.6,0.6,0.6,53.725157,0,699000
2026-08-24 14:35:00,ATM-2,PE,355.0,367.15,0.6,0.6,0.6,0.6,53.662414,0,699000
2026-08-24 14:40:00,ATM-2,PE,355.0,367.05,0.6,0.6,0.6,0.6,53.44787,0,699000
2026-08-24 14:45:00,ATM-2,PE,355.0,366.9,0.6,0.6,0.55,0.55,51.753007,114000,735000
2026-08-24 14:50:00,ATM-2,PE,355.0,366.85,0.55,0.55,0.55,0.55,51.688538,0,735000
2026-08-24 14:55:00,ATM-2,PE,355.0,366.75,0.6,0.6,0.55,0.6,52.797575,9000,741000
2026-08-24 15:00:00,ATM-2,PE,355.0,365.75,0.6,0.65,0.6,0.65,51.028019,21000,735000
2026-08-24 15:05:00,ATM-2,PE,355.0,364.75,0.65,0.65,0.65,0.65,47.90676,21000,747000
2026-08-24 15:10:00,ATM-2,PE,355.0,365.4,0.65,0.7,0.65,0.7,51.27631,33000,747000
2026-08-24 15:15:00,ATM-2,PE,355.0,365.4,0.7,0.75,0.7,0.75,52.527175,48000,723000
2026-08-24 15:20:00,ATM-2,PE,355.0,365.4,0.7,0.75,0.7,0.75,52.616163,42000,744000
2026-08-24 15:25:00,ATM-2,PE,355.0,365.05,0.75,0.75,0.75,0.75,51.546585,18000,756000
2026-08-24 15:30:00,ATM-2,PE,355.0,365.05,0.7,0.75,0.7,0.75,51.634514,39000,789000
2026-08-24 15:35:00,ATM-2,PE,355.0,365.05,0.75,0.75,0.65,0.75,51.722907,21000,816000
2026-08-25 09:15:00,ATM-2,PE,355.0,364.95,0.3,0.45,0.3,0.45,85.018651,78000,768000
2026-08-25 09:20:00,ATM-2,PE,355.0,364.5,0.45,0.45,0.45,0.45,82.865095,15000,765000
2026-08-25 09:25:00,ATM-2,PE,355.0,366.1,0.45,0.5,0.4,0.4,90.100069,105000,711000
2026-08-25 09:30:00,ATM-2,PE,355.0,367.15,0.4,0.4,0.4,0.4,96.797551,42000,684000
2026-08-25 09:35:00,ATM-2,PE,360.0,367.65,0.4,0.7,0.35,0.6,78.879046,93000,1272000
2026-08-25 09:40:00,ATM-2,PE,355.0,367.1,0.3,0.3,0.3,0.3,91.039824,3000,678000
2026-08-25 09:45:00,ATM-2,PE,360.0,367.55,0.55,0.6,0.5,0.5,74.686475,33000,1248000
2026-08-25 09:50:00,ATM-2,PE,360.0,368.05,0.3,0.55,0.3,0.5,78.525529,24000,1236000
2026-08-25 09:55:00,ATM-2,PE,360.0,368.65,0.45,0.5,0.35,0.35,74.829273,42000,1212000
2026-08-25 10:00:00,ATM-2,PE,360.0,368.1,0.35,0.4,0.35,0.4,74.778991,51000,1191000
2026-08-25 10:05:00,ATM-2,PE,355.0,367.4,0.4,0.4,0.3,0.3,96.14572,0,657000
2026-08-25 10:10:00,ATM-2,PE,355.0,366.65,0.3,0.3,0.25,0.25,88.582224,84000,657000
2026-08-25 10:15:00,ATM-2,PE,360.0,368.65,0.25,0.45,0.25,0.4,80.084843,69000,1179000
2026-08-25 10:20:00,ATM-2,PE,355.0,367.25,0.4,0.4,0.2,0.2,88.915629,36000,609000
2026-08-25 10:25:00,ATM-2,PE,360.0,368.85,0.2,0.45,0.2,0.35,79.635511,15000,1155000
2026-08-25 10:30:00,ATM-2,PE,360.0,368.8,0.35,0.4,0.35,0.4,83.015786,57000,1149000
2026-08-25 10:35:00,ATM-2,PE,360.0,368.9,0.4,0.4,0.4,0.4,84.36739,24000,1098000
2026-08-25 10:40:00,ATM-2,PE,360.0,368.8,0.4,0.4,0.4,0.4,84.406741,15000,1098000
2026-08-25 10:45:00,ATM-2,PE,360.0,368.7,0.45,0.45,0.4,0.45,87.409346,3000,1104000
2026-08-25 10:50:00,ATM-2,PE,360.0,368.65,0.45,0.45,0.45,0.45,87.82083,0,1104000
2026-08-25 10:55:00,ATM-2,PE,360.0,368.85,0.45,0.45,0.4,0.4,86.974753,12000,1104000
2026-08-25 11:00:00,ATM-2,PE,360.0,368.8,0.35,0.4,0.35,0.35,84.194729,30000,1095000
2026-08-25 11:05:00,ATM-2,PE,360.0,369.3,0.3,0.35,0.25,0.25,81.020065,201000,1032000
2026-08-25 11:10:00,ATM-2,PE,360.0,369.45,0.25,0.25,0.15,0.15,73.605076,60000,972000
2026-08-25 11:15:00,ATM-2,PE,360.0,369.15,0.15,0.2,0.15,0.2,77.315243,36000,951000
2026-08-25 11:20:00,ATM-2,PE,360.0,369.15,0.2,0.2,0.2,0.2,78.067117,0,945000
2026-08-25 11:25:00,ATM-2,PE,360.0,369.15,0.2,0.2,0.2,0.2,78.842109,0,942000
2026-08-25 11:30:00,ATM-2,PE,360.0,367.55,0.15,0.3,0.15,0.3,76.644641,63000,933000
2026-08-25 11:35:00,ATM-2,PE,355.0,367.3,0.1,0.35,0.1,0.1,89.052919,9000,423000
2026-08-25 11:40:00,ATM-2,PE,355.0,366.6,0.1,0.1,0.05,0.1,85.875179,24000,411000
2026-08-25 11:45:00,ATM-2,PE,355.0,367.2,0.1,0.1,0.1,0.1,90.372382,18000,405000
2026-08-25 11:50:00,ATM-2,PE,355.0,366.2,0.1,0.1,0.1,0.1,85.334251,0,405000
2026-08-25 11:55:00,ATM-2,PE,355.0,366.65,0.1,0.1,0.1,0.1,89.052774,0,405000
2026-08-25 12:00:00,ATM-2,PE,355.0,366.25,0.1,0.1,0.1,0.1,87.602582,0,405000
2026-08-25 12:05:00,ATM-2,PE,355.0,366.05,0.1,0.1,0.1,0.1,87.377747,18000,396000
2026-08-25 12:10:00,ATM-2,PE,355.0,367.0,0.1,0.1,0.1,0.1,94.455375,3000,387000
2026-08-25 12:15:00,ATM-2,PE,355.0,367.0,0.1,0.1,0.1,0.1,95.626641,0,387000
2026-08-25 12:20:00,ATM-2,PE,355.0,366.65,0.1,0.1,0.1,0.1,94.5781,0,387000
2026-08-25 12:25:00,ATM-2,PE,355.0,366.7,0.1,0.1,0.1,0.1,96.140656,0,387000
2026-08-25 12:30:00,ATM-2,PE,355.0,366.35,0.1,0.1,0.05,0.05,84.445961,48000,387000
2026-08-25 12:35:00,ATM-2,PE,355.0,365.8,0.05,0.05,0.05,0.05,82.173164,0,387000
2026-08-25 12:40:00,ATM-2,PE,355.0,365.75,0.05,0.1,0.05,0.1,93.623885,54000,384000
2026-08-25 12:45:00,ATM-2,PE,355.0,365.5,0.1,0.1,0.1,0.1,93.225148,0,384000
2026-08-25 12:50:00,ATM-2,PE,355.0,365.45,0.1,0.1,0.1,0.1,94.265562,0,384000
2026-08-25 12:55:00,ATM-2,PE,355.0,364.8,0.1,0.1,0.1,0.1,90.961416,0,384000
2026-08-25 13:00:00,ATM-2,PE,355.0,364.45,0.1,0.1,0.05,0.05,79.329051,24000,387000
2026-08-25 13:05:00,ATM-2,PE,355.0,364.2,0.05,0.1,0.05,0.1,89.350862,60000,387000
2026-08-25 13:10:00,ATM-2,PE,355.0,365.0,0.1,0.1,0.1,0.1,97.088099,0,387000
2026-08-25 13:15:00,ATM-2,PE,355.0,365.35,0.1,0.1,0.05,0.05,89.946206,6000,339000
2026-08-25 13:20:00,ATM-2,PE,355.0,365.1,0.05,0.05,0.05,0.05,89.769281,0,339000
2026-08-25 13:25:00,ATM-2,PE,355.0,364.75,0.05,0.05,0.05,0.05,88.861519,0,339000
2026-08-25 13:30:00,ATM-2,PE,355.0,364.55,0.05,0.05,0.05,0.05,89.088173,0,339000
2026-08-25 13:35:00,ATM-2,PE,355.0,364.85,0.05,0.05,0.05,0.05,93.263616,0,339000
2026-08-25 13:40:00,ATM-2,PE,355.0,364.55,0.05,0.1,0.05,0.1,105.087999,6000,333000
2026-08-25 13:45:00,ATM-2,PE,355.0,364.5,0.1,0.1,0.1,0.1,107.000507,0,333000
2026-08-25 13:50:00,ATM-2,PE,355.0,365.05,0.1,0.1,0.05,0.05,101.356886,6000,330000
2026-08-25 13:55:00,ATM-2,PE,355.0,364.5,0.05,0.05,0.05,0.05,99.16036,0,330000
2026-08-25 14:00:00,ATM-2,PE,355.0,365.45,0.15,0.15,0.05,0.15,0.0,15000,330000
2026-08-25 14:05:00,ATM-2,PE,355.0,364.9,0.15,0.15,0.15,0.15,0.0,0,330000
2026-08-25 14:10:00,ATM-2,PE,355.0,365.05,0.15,0.15,0.05,0.05,0.0,3000,336000
2026-08-25 14:15:00,ATM-2,PE,355.0,365.15,0.05,0.05,0.05,0.05,0.0,0,336000
2026-08-25 14:20:00,ATM-2,PE,355.0,364.95,0.05,0.05,0.05,0.05,0.0,0,336000
2026-08-25 14:25:00,ATM-2,PE,355.0,365.2,0.05,0.05,0.05,0.05,0.0,0,336000
2026-08-25 14:30:00,ATM-2,PE,355.0,364.9,0.05,0.05,0.05,0.05,0.0,0,336000
2026-08-25 14:35:00,ATM-2,PE,355.0,364.8,0.05,0.05,0.05,0.05,0.0,0,336000
2026-08-25 14:40:00,ATM-2,PE,355.0,365.45,0.05,0.05,0.05,0.05,0.0,0,336000
2026-08-25 14:45:00,ATM-2,PE,355.0,366.35,0.05,0.05,0.05,0.05,0.0,0,336000
2026-08-25 14:50:00,ATM-2,PE,355.0,366.7,0.05,0.05,0.05,0.05,0.0,6000,333000
2026-08-25 14:55:00,ATM-2,PE,355.0,366.4,0.05,0.05,0.05,0.05,0.0,0,333000
2026-08-25 15:00:00,ATM-2,PE,355.0,366.5,0.05,0.05,0.05,0.05,0.0,0,333000
2026-08-25 15:05:00,ATM-2,PE,355.0,366.6,0.05,0.05,0.05,0.05,0.0,0,333000
2026-08-25 15:10:00,ATM-2,PE,355.0,365.55,0.05,0.05,0.05,0.05,0.0,0,333000
2026-08-25 15:15:00,ATM-2,PE,355.0,365.55,0.05,0.05,0.05,0.05,0.0,0,333000
2026-08-25 15:20:00,ATM-2,PE,355.0,365.55,0.05,0.05,0.05,0.05,0.0,0,333000
2026-08-25 15:25:00,ATM-2,PE,355.0,367.45,0.05,0.05,0.05,0.05,0.0,0,333000
2026-08-25 15:30:00,ATM-2,PE,355.0,367.45,0.05,0.05,0.05,0.05,0.0,0,333000
2026-08-25 15:35:00,ATM-2,PE,355.0,367.45,0.05,0.05,0.05,0.05,0.0,0,333000
2026-08-21 09:20:00,ATM-1,CE,350.0,352.95,4.0,6.8,4.0,6.8,32.632216,9000,1032000
2026-08-21 09:25:00,ATM-1,CE,350.0,355.55,6.8,7.0,6.8,7.0,20.864926,57000,1005000
2026-08-21 09:30:00,ATM-1,CE,350.0,353.75,7.0,7.0,6.6,6.6,27.717823,3000,1005000
2026-08-21 09:35:00,ATM-1,CE,350.0,355.15,6.6,6.6,6.6,6.6,20.101174,15000,999000
2026-08-21 09:40:00,ATM-1,CE,350.0,357.4,6.6,9.95,6.6,9.95,33.720901,18000,996000
2026-08-21 09:45:00,ATM-1,CE,350.0,356.45,9.95,9.95,8.5,8.5,27.751922,9000,996000
2026-08-21 09:50:00,ATM-1,CE,350.0,356.05,8.5,8.5,8.5,8.5,30.086251,0,996000
2026-08-21 09:55:00,ATM-1,CE,350.0,356.6,8.5,8.5,8.5,8.5,26.849274,6000,993000
2026-08-21 10:00:00,ATM-1,CE,350.0,356.0,8.5,8.5,8.5,8.5,30.391453,0,993000
2026-08-21 10:05:00,ATM-1,CE,350.0,356.0,8.0,8.5,8.0,8.0,26.467087,3000,993000
2026-08-21 10:10:00,ATM-1,CE,350.0,356.9,8.0,9.2,8.0,9.2,30.773508,6000,990000
2026-08-21 10:15:00,ATM-1,CE,350.0,357.15,8.95,9.2,8.95,8.95,27.148487,3000,990000
2026-08-21 10:20:00,ATM-1,CE,350.0,356.85,8.95,8.95,8.95,8.95,29.078185,0,990000
2026-08-21 10:25:00,ATM-1,CE,350.0,357.45,5.5,9.0,5.0,9.0,25.53213,15000,990000
2026-08-21 10:30:00,ATM-1,CE,350.0,357.35,9.0,9.0,9.0,9.0,26.259856,0,990000
2026-08-21 10:35:00,ATM-1,CE,355.0,358.15,9.0,9.0,5.5,5.5,22.474308,0,795000
2026-08-21 10:40:00,ATM-1,CE,355.0,358.2,5.95,6.0,5.5,6.0,25.787591,6000,798000
2026-08-21 10:45:00,ATM-1,CE,355.0,358.45,6.0,6.0,6.0,6.0,24.641479,0,798000
2026-08-21 10:50:00,ATM-1,CE,355.0,358.1,6.0,6.0,6.0,6.0,26.262857,0,798000
2026-08-21 10:55:00,ATM-1,CE,355.0,358.15,6.0,6.3,6.0,6.2,27.445001,30000,795000
2026-08-21 11:00:00,ATM-1,CE,355.0,357.95,6.2,6.2,6.2,6.2,28.333995,0,795000
2026-08-21 11:05:00,ATM-1,CE,355.0,358.15,6.2,6.2,6.2,6.2,27.470688,0,795000
2026-08-21 11:10:00,ATM-1,CE,355.0,358.15,6.2,6.2,6.2,6.2,27.48356,0,795000
2026-08-21 11:15:00,ATM-1,CE,355.0,358.15,6.2,6.2,6.2,6.2,27.496446,0,795000
2026-08-21 11:20:00,ATM-1,CE,355.0,358.2,6.2,6.2,6.2,6.2,27.28631,0,795000
2026-08-21 11:25:00,ATM-1,CE,355.0,357.75,6.2,6.2,5.4,5.4,23.723614,6000,795000
2026-08-21 11:30:00,ATM-1,CE,355.0,357.7,5.4,5.4,5.15,5.15,22.205953,12000,789000
2026-08-21 11:35:00,ATM-1,CE,355.0,358.0,5.15,5.15,5.15,5.15,20.807426,0,786000
2026-08-21 11:40:00,ATM-1,CE,350.0,357.0,5.15,9.0,5.15,9.0,28.780931,0,978000
2026-08-21 11:45:00,ATM-1,CE,350.0,357.45,9.0,9.0,9.0,9.0,25.740631,0,978000
2026-08-21 11:50:00,ATM-1,CE,355.0,357.75,5.15,5.15,4.75,4.75,19.157017,15000,780000
2026-08-21 11:55:00,ATM-1,CE,355.0,358.0,4.75,4.75,4.75,4.75,17.911247,0,780000
2026-08-21 12:00:00,ATM-1,CE,355.0,357.75,4.75,4.75,4.75,4.75,19.176289,0,780000
2026-08-21 12:05:00,ATM-1,CE,355.0,357.6,4.75,4.75,4.75,4.75,19.903744,0,780000
2026-08-21 12:10:00,ATM-1,CE,350.0,356.6,4.75,8.55,4.75,8.55,27.627522,3000,978000
2026-08-21 12:15:00,ATM-1,CE,350.0,356.5,8.55,8.55,8.55,8.55,28.263788,0,978000
2026-08-21 12:20:00,ATM-1,CE,350.0,356.8,8.55,8.55,8.55,8.55,26.356424,0,978000
2026-08-21 12:25:00,ATM-1,CE,350.0,356.65,8.55,8.55,8.55,8.55,27.350776,0,978000
2026-08-21 12:30:00,ATM-1,CE,350.0,357.45,8.55,8.55,4.0,8.55,21.418185,0,978000
2026-08-21 12:35:00,ATM-1,CE,350.0,356.9,8.55,8.55,8.55,8.55,25.715853,0,978000
2026-08-21 12:40:00,ATM-1,CE,350.0,356.75,8.55,8.55,8.55,8.55,26.741833,0,978000
2026-08-21 12:45:00,ATM-1,CE,350.0,356.5,8.55,8.55,8.55,8.55,28.347324,0,978000
2026-08-21 12:50:00,ATM-1,CE,350.0,356.5,8.55,8.55,8.55,8.55,28.361304,0,978000
2026-08-21 12:55:00,ATM-1,CE,350.0,356.95,9.7,9.9,8.55,9.8,35.734339,21000,978000
2026-08-21 13:00:00,ATM-1,CE,350.0,356.65,6.55,9.8,6.55,6.55,0.0,3000,978000
2026-08-21 13:05:00,ATM-1,CE,350.0,356.95,6.55,6.55,6.55,6.55,0.0,0,978000
2026-08-21 13:10:00,ATM-1,CE,350.0,356.5,6.55,6.55,6.55,6.55,0.0,0,978000
2026-08-21 13:15:00,ATM-1,CE,350.0,356.75,6.55,6.55,6.55,6.55,0.0,0,978000
2026-08-21 13:20:00,ATM-1,CE,350.0,356.25,6.55,6.55,6.55,6.55,0.0,0,978000
2026-08-21 13:25:00,ATM-1,CE,350.0,356.55,6.55,6.55,6.55,6.55,0.0,0,978000
2026-08-21 13:30:00,ATM-1,CE,350.0,355.45,6.55,6.55,6.55,6.55,17.962528,0,978000
2026-08-21 13:35:00,ATM-1,CE,350.0,356.5,6.55,6.55,6.55,6.55,0.0,0,978000
2026-08-21 13:40:00,ATM-1,CE,350.0,356.1,6.55,6.55,6.55,6.55,9.912005,0,978000
2026-08-21 13:45:00,ATM-1,CE,350.0,355.95,6.55,6.55,6.55,6.55,12.881257,0,978000
2026-08-21 13:50:00,ATM-1,CE,350.0,356.25,6.55,6.55,6.55,6.55,0.0,0,978000
2026-08-21 13:55:00,ATM-1,CE,350.0,356.1,6.55,6.55,6.55,6.55,9.954613,0,978000
2026-08-21 14:00:00,ATM-1,CE,350.0,356.0,6.55,7.5,6.55,7.5,22.816825,3000,975000
2026-08-21 14:05:00,ATM-1,CE,350.0,355.65,7.5,7.5,7.5,7.5,25.118138,0,975000
2026-08-21 14:10:00,ATM-1,CE,350.0,356.0,7.5,7.5,7.5,7.5,22.840913,0,975000
2026-08-21 14:15:00,ATM-1,CE,350.0,356.55,7.5,7.5,7.5,7.5,18.457047,0,975000
2026-08-21 14:20:00,ATM-1,CE,350.0,356.6,7.5,7.5,7.5,7.5,17.982778,0,972000
2026-08-21 14:25:00,ATM-1,CE,350.0,356.4,7.5,7.5,7.5,7.5,19.823523,0,972000
2026-08-21 14:30:00,ATM-1,CE,350.0,356.6,7.5,7.5,7.5,7.5,18.004779,0,972000
2026-08-21 14:35:00,ATM-1,CE,350.0,356.8,7.5,8.6,7.5,8.6,27.156719,6000,972000
2026-08-21 14:40:00,ATM-1,CE,350.0,356.7,8.6,8.6,8.6,8.6,27.827118,0,972000
2026-08-21 14:45:00,ATM-1,CE,350.0,356.8,8.6,8.6,8.6,8.6,27.184455,3000,972000
2026-08-21 14:50:00,ATM-1,CE,350.0,356.6,8.6,8.6,8.6,8.6,28.494332,3000,972000
2026-08-21 14:55:00,ATM-1,CE,350.0,355.9,8.6,8.6,8.6,8.6,32.598647,0,972000
2026-08-21 15:00:00,ATM-1,CE,350.0,355.7,7.7,8.6,7.7,7.7,26.606245,3000,972000
2026-08-21 15:05:00,ATM-1,CE,350.0,355.4,7.7,7.7,6.8,6.8,20.875684,15000,960000
2026-08-21 15:10:00,ATM-1,CE,350.0,357.45,6.2,6.8,6.2,6.2,0.0,21000,954000
2026-08-21 15:15:00,ATM-1,CE,350.0,357.45,8.2,8.6,6.2,8.6,22.355049,21000,954000
2026-08-21 15:20:00,ATM-1,CE,350.0,357.45,8.6,8.75,8.6,8.75,23.908617,9000,954000
2026-08-21 15:25:00,ATM-1,CE,350.0,357.5,8.75,8.75,8.75,8.75,23.508718,0,954000
2026-08-21 15:30:00,ATM-1,CE,350.0,357.5,8.75,8.75,8.75,8.75,23.521673,0,954000
2026-08-21 15:35:00,ATM-1,CE,350.0,357.5,8.75,8.75,8.75,8.75,23.534642,0,954000
2026-08-24 09:15:00,ATM-1,CE,355.0,360.7,2.6,9.9,2.6,8.0,53.605297,54000,714000
2026-08-24 09:20:00,ATM-1,CE,355.0,362.3,7.65,8.1,7.5,8.1,36.36612,90000,663000
2026-08-24 09:25:00,ATM-1,CE,355.0,360.95,7.95,8.1,7.5,7.5,44.130253,120000,624000
2026-08-24 09:30:00,ATM-1,CE,355.0,360.25,7.65,7.65,6.05,6.1,30.726355,21000,609000
2026-08-24 09:35:00,ATM-1,CE,355.0,360.5,6.1,6.8,6.1,6.8,38.840449,18000,609000
2026-08-24 09:40:00,ATM-1,CE,355.0,362.0,6.8,6.8,6.8,6.8,0.0,0,609000
2026-08-24 09:45:00,ATM-1,CE,360.0,364.6,6.8,6.8,4.65,6.3,40.726857,249000,2439000
2026-08-24 09:50:00,ATM-1,CE,360.0,365.8,7.0,7.75,6.3,7.75,48.97507,279000,2337000
2026-08-24 09:55:00,ATM-1,CE,365.0,367.95,7.65,8.85,6.05,6.1,51.645827,345000,1515000
2026-08-24 10:00:00,ATM-1,CE,360.0,366.9,6.45,10.65,6.1,9.45,61.762442,591000,2115000
2026-08-24 10:05:00,ATM-1,CE,360.0,364.7,9.5,9.5,8.2,8.2,65.027779,540000,1782000
2026-08-24 10:10:00,ATM-1,CE,360.0,366.85,7.4,8.2,7.4,8.0,41.083273,105000,1770000
2026-08-24 10:15:00,ATM-1,CE,360.0,367.05,8.75,8.85,8.0,8.85,51.944422,78000,1743000
2026-08-24 10:20:00,ATM-1,CE,360.0,366.25,9.3,9.3,8.35,8.4,53.990653,141000,1650000
2026-08-24 10:25:00,ATM-1,CE,360.0,365.45,8.45,8.45,7.9,7.9,54.949699,288000,1632000
2026-08-24 10:30:00,ATM-1,CE,360.0,366.2,7.7,8.4,7.7,8.4,54.653647,30000,1638000
2026-08-24 10:35:00,ATM-1,CE,360.0,365.85,8.4,8.4,8.2,8.2,55.401694,12000,1635000
2026-08-24 10:40:00,ATM-1,CE,360.0,365.65,8.2,8.2,8.0,8.0,54.664877,15000,1632000
2026-08-24 10:45:00,ATM-1,CE,360.0,365.0,7.75,8.0,7.5,7.7,56.714079,81000,1557000
2026-08-24 10:50:00,ATM-1,CE,360.0,364.25,7.7,7.7,7.4,7.4,59.338075,6000,1557000
2026-08-24 10:55:00,ATM-1,CE,360.0,365.15,7.35,8.25,7.35,7.75,56.197391,48000,1536000
2026-08-24 11:00:00,ATM-1,CE,360.0,364.2,7.75,7.75,7.05,7.05,55.400832,18000,1527000
2026-08-24 11:05:00,ATM-1,CE,360.0,364.85,7.0,7.2,6.75,7.15,51.039343,72000,1500000
2026-08-24 11:10:00,ATM-1,CE,360.0,364.95,7.45,7.5,7.15,7.2,50.860951,27000,1500000
2026-08-24 11:15:00,ATM-1,CE,360.0,364.8,7.2,7.2,7.2,7.2,52.335648,0,1497000
2026-08-24 11:20:00,ATM-1,CE,360.0,364.95,7.2,7.2,7.2,7.2,51.017133,12000,1494000
2026-08-24 11:25:00,ATM-1,CE,360.0,364.95,7.2,7.2,7.1,7.15,50.409445,18000,1497000
2026-08-24 11:30:00,ATM-1,CE,360.0,364.1,7.15,7.2,6.85,6.85,54.139658,36000,1479000
2026-08-24 11:35:00,ATM-1,CE,360.0,365.2,6.85,6.85,6.7,6.7,41.609949,6000,1479000
2026-08-24 11:40:00,ATM-1,CE,360.0,365.45,6.7,6.7,6.7,6.7,38.822079,0,1473000
2026-08-24 11:45:00,ATM-1,CE,360.0,365.5,6.7,7.95,6.7,7.55,50.922818,42000,1464000
2026-08-24 11:50:00,ATM-1,CE,360.0,365.4,7.55,7.85,7.55,7.85,56.1762,3000,1458000
2026-08-24 11:55:00,ATM-1,CE,360.0,365.65,7.7,7.85,7.7,7.8,53.122096,51000,1461000
2026-08-24 12:00:00,ATM-1,CE,360.0,366.05,7.75,7.85,7.75,7.85,49.757777,15000,1455000
2026-08-24 12:05:00,ATM-1,CE,360.0,366.2,7.85,8.0,7.85,8.0,50.429198,6000,1449000
2026-08-24 12:10:00,ATM-1,CE,360.0,366.2,8.1,8.1,8.0,8.1,51.993083,18000,1431000
2026-08-24 12:15:00,ATM-1,CE,360.0,366.15,7.95,8.1,7.95,7.95,50.392357,9000,1428000
2026-08-24 12:20:00,ATM-1,CE,360.0,366.4,7.95,8.65,7.95,8.2,51.460153,12000,1431000
2026-08-24 12:25:00,ATM-1,CE,360.0,366.1,8.2,8.2,8.1,8.15,54.043215,6000,1431000
2026-08-24 12:30:00,ATM-1,CE,360.0,366.35,8.15,8.15,8.0,8.05,49.912605,9000,1428000
2026-08-24 12:35:00,ATM-1,CE,360.0,366.25,8.05,8.05,8.05,8.05,51.115068,0,1422000
2026-08-24 12:40:00,ATM-1,CE,360.0,366.6,8.05,8.05,8.05,8.05,47.130008,6000,1425000
2026-08-24 12:45:00,ATM-1,CE,360.0,366.8,8.05,8.05,8.05,8.05,44.67562,0,1425000
2026-08-24 12:50:00,ATM-1,CE,360.0,366.9,8.05,8.4,8.05,8.4,49.219812,9000,1425000
2026-08-24 12:55:00,ATM-1,CE,360.0,366.8,8.4,8.6,8.25,8.4,50.512866,48000,1443000
2026-08-24 13:00:00,ATM-1,CE,360.0,366.45,8.4,8.4,8.2,8.2,51.566175,9000,1440000
2026-08-24 13:05:00,ATM-1,CE,360.0,366.8,8.2,8.2,8.05,8.05,44.973633,42000,1407000
2026-08-24 13:10:00,ATM-1,CE,360.0,366.55,8.05,8.05,8.05,8.05,48.210538,0,1407000
2026-08-24 13:15:00,ATM-1,CE,360.0,366.95,8.0,8.5,8.0,8.5,50.625345,12000,1410000
2026-08-24 13:20:00,ATM-1,CE,360.0,366.3,8.5,8.5,8.2,8.2,53.595007,81000,1401000
2026-08-24 13:25:00,ATM-1,CE,360.0,366.05,8.2,8.2,8.2,8.2,56.378027,0,1401000
2026-08-24 13:30:00,ATM-1,CE,360.0,366.25,8.2,8.2,7.8,7.85,48.949909,33000,1374000
2026-08-24 13:35:00,ATM-1,CE,360.0,366.2,7.85,7.95,7.85,7.95,51.164569,6000,1371000
2026-08-24 13:40:00,ATM-1,CE,360.0,366.4,7.95,8.0,7.95,8.0,49.707974,36000,1368000
2026-08-24 13:45:00,ATM-1,CE,360.0,366.35,8.0,8.0,7.85,7.85,48.002145,24000,1350000
2026-08-24 13:50:00,ATM-1,CE,360.0,366.1,7.85,7.85,7.85,7.85,51.017952,0,1350000
2026-08-24 13:55:00,ATM-1,CE,360.0,366.05,7.85,7.85,7.85,7.85,51.669607,0,1350000
2026-08-24 14:00:00,ATM-1,CE,360.0,366.1,7.45,7.85,7.45,7.5,45.651556,18000,1338000
2026-08-24 14:05:00,ATM-1,CE,360.0,366.3,7.5,7.85,7.5,7.6,44.856609,6000,1335000
2026-08-24 14:10:00,ATM-1,CE,360.0,366.2,7.8,7.8,7.6,7.8,49.419612,6000,1332000
2026-08-24 14:15:00,ATM-1,CE,360.0,367.2,7.8,8.5,7.8,8.5,48.42117,144000,1290000
2026-08-24 14:20:00,ATM-1,CE,360.0,366.55,8.35,8.5,7.95,7.95,47.724719,24000,1275000
2026-08-24 14:25:00,ATM-1,CE,360.0,367.1,8.0,8.1,7.95,8.1,42.842239,48000,1272000
2026-08-24 14:30:00,ATM-1,CE,360.0,367.2,8.6,8.6,8.1,8.6,50.393252,6000,1248000
2026-08-24 14:35:00,ATM-1,CE,360.0,367.15,8.15,8.6,8.15,8.15,43.173848,6000,1245000
2026-08-24 14:40:00,ATM-1,CE,360.0,367.05,8.15,8.15,8.15,8.15,44.736638,0,1245000
2026-08-24 14:45:00,ATM-1,CE,360.0,366.9,8.15,8.3,8.05,8.05,45.164396,27000,1224000
2026-08-24 14:50:00,ATM-1,CE,360.0,366.85,7.9,8.05,7.75,7.75,40.429811,45000,1188000
2026-08-24 14:55:00,ATM-1,CE,360.0,366.75,7.55,8.05,7.55,7.65,40.147658,30000,1182000
2026-08-24 15:00:00,ATM-1,CE,360.0,365.75,7.65,7.65,7.4,7.4,49.233412,15000,1173000
2026-08-24 15:05:00,ATM-1,CE,360.0,364.75,7.35,7.4,7.35,7.4,59.80021,111000,1104000
2026-08-24 15:10:00,ATM-1,CE,360.0,365.4,7.45,7.65,7.4,7.65,57.070567,24000,1098000
2026-08-24 15:15:00,ATM-1,CE,360.0,365.4,7.75,7.75,7.65,7.75,58.655737,6000,1095000
2026-08-24 15:20:00,ATM-1,CE,360.0,365.4,8.1,8.1,7.75,8.1,63.896515,33000,1071000
2026-08-24 15:25:00,ATM-1,CE,360.0,365.05,8.1,8.1,8.1,8.1,67.395947,0,1068000
2026-08-24 15:30:00,ATM-1,CE,360.0,365.05,8.1,8.1,7.8,7.8,63.202918,6000,1065000
2026-08-24 15:35:00,ATM-1,CE,360.0,365.05,7.55,8.5,6.4,6.4,42.087486,30000,1053000
2026-08-25 09:15:00,ATM-1,CE,360.0,364.95,6.05,6.3,5.95,6.3,82.780528,33000,981000
2026-08-25 09:20:00,ATM-1,CE,360.0,364.5,6.3,6.3,5.7,5.95,82.62752,69000,939000
2026-08-25 09:25:00,ATM-1,CE,360.0,366.1,5.15,6.0,5.15,6.0,0.0,93000,921000
2026-08-25 09:30:00,ATM-1,CE,360.0,367.15,6.0,8.1,6.0,8.1,87.987272,9000,873000
2026-08-25 09:35:00,ATM-1,CE,365.0,367.65,8.1,8.1,3.9,4.4,74.94013,54000,567000
2026-08-25 09:40:00,ATM-1,CE,360.0,367.1,9.0,9.0,9.0,9.0,121.624494,0,870000
2026-08-25 09:45:00,ATM-1,CE,365.0,367.55,4.0,4.0,4.0,4.0,66.442828,0,561000
2026-08-25 09:50:00,ATM-1,CE,365.0,368.05,8.5,9.25,4.0,4.7,77.635009,21000,555000
2026-08-25 09:55:00,ATM-1,CE,365.0,368.65,4.7,5.1,4.7,5.0,74.867332,36000,561000
2026-08-25 10:00:00,ATM-1,CE,365.0,368.1,5.0,5.0,5.0,5.0,86.648917,0,561000
2026-08-25 10:05:00,ATM-1,CE,360.0,367.4,4.5,9.0,4.2,9.0,118.548885,33000,858000
2026-08-25 10:10:00,ATM-1,CE,360.0,366.65,9.0,9.0,9.0,9.0,137.830116,0,852000
2026-08-25 10:15:00,ATM-1,CE,365.0,368.65,9.0,9.0,3.2,3.7,22.349826,3000,543000
2026-08-25 10:20:00,ATM-1,CE,360.0,367.25,3.7,8.5,3.7,8.5,107.302632,0,855000
2026-08-25 10:25:00,ATM-1,CE,365.0,368.85,7.45,8.5,4.1,4.1,38.819508,3000,522000
2026-08-25 10:30:00,ATM-1,CE,365.0,368.8,4.1,4.1,4.1,4.1,41.344418,0,522000
2026-08-25 10:35:00,ATM-1,CE,365.0,368.9,4.1,4.8,4.1,4.6,59.38634,42000,510000
2026-08-25 10:40:00,ATM-1,CE,365.0,368.8,4.6,4.6,4.5,4.5,59.03977,3000,501000
2026-08-25 10:45:00,ATM-1,CE,365.0,368.7,4.45,4.5,4.25,4.25,52.792079,15000,492000
2026-08-25 10:50:00,ATM-1,CE,365.0,368.65,4.25,4.25,4.25,4.25,54.860954,0,483000
2026-08-25 10:55:00,ATM-1,CE,365.0,368.85,4.75,4.75,4.25,4.75,68.664891,12000,480000
2026-08-25 11:00:00,ATM-1,CE,365.0,368.8,4.3,4.75,4.3,4.5,61.190819,9000,480000
2026-08-25 11:05:00,ATM-1,CE,365.0,369.3,4.15,4.7,4.15,4.7,52.955389,9000,477000
2026-08-25 11:10:00,ATM-1,CE,365.0,369.45,4.7,4.7,4.7,4.7,46.547949,0,477000
2026-08-25 11:15:00,ATM-1,CE,365.0,369.15,4.7,4.7,4.7,4.7,59.742113,0,477000
2026-08-25 11:20:00,ATM-1,CE,365.0,369.15,4.7,4.7,4.7,4.7,60.337278,0,477000
2026-08-25 11:25:00,ATM-1,CE,365.0,369.15,4.7,4.7,4.7,4.7,60.950595,0,477000
2026-08-25 11:30:00,ATM-1,CE,365.0,367.55,4.7,4.7,3.0,3.0,42.610051,42000,477000
2026-08-25 11:35:00,ATM-1,CE,360.0,367.3,8.0,8.0,3.0,8.0,98.019507,0,723000
2026-08-25 11:40:00,ATM-1,CE,360.0,366.6,8.0,8.0,8.0,8.0,124.438411,0,723000
2026-08-25 11:45:00,ATM-1,CE,360.0,367.2,8.0,8.0,6.25,6.25,0.0,9000,720000
2026-08-25 11:50:00,ATM-1,CE,360.0,366.2,6.25,6.25,6.2,6.2,0.0,3000,717000
2026-08-25 11:55:00,ATM-1,CE,360.0,366.65,6.25,6.25,6.2,6.25,0.0,3000,714000
2026-08-25 12:00:00,ATM-1,CE,360.0,366.25,6.25,6.25,6.25,6.25,0.0,3000,714000
2026-08-25 12:05:00,ATM-1,CE,360.0,366.05,6.25,6.6,6.25,6.6,85.290124,33000,708000
2026-08-25 12:10:00,ATM-1,CE,360.0,367.0,6.6,6.6,6.15,6.15,0.0,36000,714000
2026-08-25 12:15:00,ATM-1,CE,360.0,367.0,6.15,7.0,6.15,7.0,0.0,15000,702000
2026-08-25 12:20:00,ATM-1,CE,360.0,366.65,7.0,7.0,7.0,7.0,81.170009,0,699000
2026-08-25 12:25:00,ATM-1,CE,360.0,366.7,7.0,7.0,6.25,6.25,0.0,18000,690000
2026-08-25 12:30:00,ATM-1,CE,360.0,366.35,6.25,6.25,5.8,5.8,0.0,12000,684000
2026-08-25 12:35:00,ATM-1,CE,360.0,365.8,5.8,5.8,5.3,5.3,0.0,45000,663000
2026-08-25 12:40:00,ATM-1,CE,360.0,365.75,5.3,5.3,5.0,5.0,0.0,6000,660000
2026-08-25 12:45:00,ATM-1,CE,360.0,365.5,5.0,5.0,4.85,4.95,0.0,15000,654000
2026-08-25 12:50:00,ATM-1,CE,360.0,365.45,4.95,4.95,4.95,4.95,0.0,9000,648000
2026-08-25 12:55:00,ATM-1,CE,360.0,364.8,4.95,4.95,4.55,4.55,0.0,3000,648000
2026-08-25 13:00:00,ATM-1,CE,360.0,364.45,4.7,4.7,3.25,3.25,0.0,27000,639000
2026-08-25 13:05:00,ATM-1,CE,360.0,364.2,3.25,3.25,3.25,3.25,0.0,0,636000
2026-08-25 13:10:00,ATM-1,CE,360.0,365.0,3.25,4.4,3.25,4.4,0.0,9000,633000
2026-08-25 13:15:00,ATM-1,CE,360.0,365.35,4.4,5.05,4.4,5.0,0.0,6000,630000
2026-08-25 13:20:00,ATM-1,CE,360.0,365.1,5.0,5.45,5.0,5.45,81.660501,3000,627000
2026-08-25 13:25:00,ATM-1,CE,360.0,364.75,5.45,5.45,5.45,5.45,102.925201,0,627000
2026-08-25 13:30:00,ATM-1,CE,360.0,364.55,5.45,5.45,5.45,5.45,114.321014,0,627000
2026-08-25 13:35:00,ATM-1,CE,360.0,364.85,5.45,5.45,5.45,5.45,101.938172,0,627000
2026-08-25 13:40:00,ATM-1,CE,360.0,364.55,5.45,5.45,5.45,5.45,119.219263,0,609000
2026-08-25 13:45:00,ATM-1,CE,360.0,364.5,5.45,5.45,3.95,3.95,0.0,27000,606000
2026-08-25 13:50:00,ATM-1,CE,360.0,365.05,3.95,4.7,3.95,4.7,0.0,57000,579000
2026-08-25 13:55:00,ATM-1,CE,360.0,364.5,4.7,4.7,4.05,4.05,0.0,12000,546000
2026-08-25 14:00:00,ATM-1,CE,360.0,365.45,4.05,4.3,4.05,4.3,0.0,39000,531000
2026-08-25 14:05:00,ATM-1,CE,360.0,364.9,4.3,4.3,4.05,4.05,0.0,15000,528000
2026-08-25 14:10:00,ATM-1,CE,360.0,365.05,4.05,4.05,4.0,4.0,0.0,12000,525000
2026-08-25 14:15:00,ATM-1,CE,360.0,365.15,4.0,4.0,4.0,4.0,0.0,60000,486000
2026-08-25 14:20:00,ATM-1,CE,360.0,364.95,4.0,4.0,4.0,4.0,0.0,60000,447000
2026-08-25 14:25:00,ATM-1,CE,360.0,365.2,4.0,4.0,4.0,4.0,0.0,6000,438000
2026-08-25 14:30:00,ATM-1,CE,360.0,364.9,4.0,4.6,4.0,4.6,0.0,78000,387000
2026-08-25 14:35:00,ATM-1,CE,360.0,364.8,4.6,4.6,4.6,4.6,0.0,0,387000
2026-08-25 14:40:00,ATM-1,CE,360.0,365.45,4.6,4.6,4.45,4.45,0.0,24000,378000
2026-08-25 14:45:00,ATM-1,CE,360.0,366.35,4.5,5.5,4.45,5.5,0.0,18000,378000
2026-08-25 14:50:00,ATM-1,CE,360.0,366.7,5.5,5.5,5.5,5.5,0.0,0,378000
2026-08-25 14:55:00,ATM-1,CE,360.0,366.4,6.0,6.0,5.5,6.0,0.0,27000,381000
2026-08-25 15:00:00,ATM-1,CE,360.0,366.5,6.0,6.7,5.4,6.7,0.0,12000,375000
2026-08-25 15:05:00,ATM-1,CE,360.0,366.6,6.7,6.7,5.5,5.5,0.0,12000,366000
2026-08-25 15:10:00,ATM-1,CE,360.0,365.55,5.5,5.5,5.5,5.5,0.0,0,366000
2026-08-25 15:15:00,ATM-1,CE,360.0,365.55,5.5,5.5,5.5,5.5,0.0,0,366000
2026-08-25 15:20:00,ATM-1,CE,360.0,365.55,5.5,5.7,5.5,5.7,0.0,9000,366000
2026-08-25 15:25:00,ATM-1,CE,360.0,367.45,5.7,5.7,5.7,5.7,0.0,0,366000
2026-08-25 15:30:00,ATM-1,CE,360.0,367.45,3.2,5.7,3.2,3.2,0.0,6000,366000
2026-08-25 15:35:00,ATM-1,CE,360.0,367.45,3.2,3.2,3.2,3.2,0.0,0,366000
2026-08-20 09:50:00,ATM-1,PE,340.0,347.35,4.25,4.25,4.25,4.25,45.868686,0,1443000
2026-08-20 10:00:00,ATM-1,PE,340.0,347.45,4.25,4.25,4.25,4.25,46.116024,0,1443000
2026-08-20 10:05:00,ATM-1,PE,340.0,347.35,4.25,4.25,4.25,4.25,45.906302,0,1443000
2026-08-20 10:25:00,ATM-1,PE,340.0,346.5,4.2,4.2,4.2,4.2,43.760744,0,1440000
2026-08-20 10:30:00,ATM-1,PE,340.0,347.15,4.2,4.2,4.2,4.2,45.215816,9000,1440000
2026-08-20 10:35:00,ATM-1,PE,340.0,347.35,4.2,4.2,4.2,4.2,45.668871,0,1440000
2026-08-20 10:40:00,ATM-1,PE,340.0,347.5,4.2,4.2,4.2,4.2,46.011065,0,1440000
2026-08-20 10:45:00,ATM-1,PE,340.0,347.45,4.2,4.2,4.2,4.2,45.910702,0,1440000
2026-08-20 10:50:00,ATM-1,PE,340.0,345.95,4.2,4.2,4.2,4.2,42.5887,0,1440000
2026-08-20 10:55:00,ATM-1,PE,340.0,346.25,4.2,4.2,4.2,4.2,43.281795,0,1440000
2026-08-20 11:00:00,ATM-1,PE,340.0,345.8,4.2,4.2,4.2,4.2,42.273505,0,1440000
2026-08-20 11:05:00,ATM-1,PE,340.0,346.9,4.2,4.2,4.2,4.2,44.763615,0,1440000
2026-08-20 11:10:00,ATM-1,PE,340.0,347.2,4.2,4.2,4.2,4.2,45.440915,0,1440000
2026-08-20 11:15:00,ATM-1,PE,340.0,347.0,4.2,4.2,4.2,4.2,45.013761,0,1440000
2026-08-20 11:20:00,ATM-1,PE,340.0,346.65,4.2,4.2,4.2,4.2,44.249402,0,1440000
2026-08-20 11:25:00,ATM-1,PE,340.0,347.0,4.2,4.2,4.2,4.2,45.042444,0,1440000
2026-08-20 11:30:00,ATM-1,PE,340.0,347.4,4.2,4.2,4.2,4.2,45.938717,0,1440000
2026-08-20 11:35:00,ATM-1,PE,340.0,347.3,4.2,4.2,4.2,4.2,45.733687,0,1440000
2026-08-20 11:40:00,ATM-1,PE,340.0,346.85,4.2,4.2,4.2,4.2,44.752282,0,1440000
2026-08-20 11:45:00,ATM-1,PE,340.0,346.75,4.2,4.2,4.2,4.2,44.543566,0,1440000
2026-08-20 11:50:00,ATM-1,PE,340.0,347.25,4.2,4.2,4.2,4.2,45.667428,0,1440000
2026-08-20 12:00:00,ATM-1,PE,340.0,347.5,2.75,4.2,2.7,2.7,35.903869,9000,1440000
2026-08-20 12:05:00,ATM-1,PE,340.0,347.4,2.7,2.7,2.7,2.7,35.711302,0,1440000
2026-08-20 12:10:00,ATM-1,PE,340.0,347.35,2.7,2.7,2.7,2.7,35.620436,0,1440000
2026-08-20 12:15:00,ATM-1,PE,340.0,347.4,2.7,2.7,2.7,2.7,35.727214,0,1440000
2026-08-20 12:20:00,ATM-1,PE,340.0,346.7,2.7,2.7,2.7,2.7,34.300378,0,1440000
2026-08-20 12:25:00,ATM-1,PE,340.0,346.8,2.7,3.0,2.7,3.0,36.61746,9000,1443000
2026-08-20 12:30:00,ATM-1,PE,340.0,347.5,3.0,3.0,3.0,3.0,38.097636,0,1443000
2026-08-20 12:35:00,ATM-1,PE,340.0,347.3,3.5,3.5,3.0,3.0,37.692941,0,1443000
2026-08-20 12:40:00,ATM-1,PE,340.0,347.1,3.0,3.0,3.0,3.0,37.285733,0,1443000
2026-08-20 12:45:00,ATM-1,PE,340.0,347.4,3.0,3.0,3.0,3.0,37.925948,0,1443000
2026-08-20 12:50:00,ATM-1,PE,345.0,347.55,3.0,3.5,3.0,3.5,29.784515,0,450000
2026-08-20 12:55:00,ATM-1,PE,340.0,347.5,3.5,3.5,3.0,3.0,38.158746,0,1443000
2026-08-20 13:00:00,ATM-1,PE,345.0,347.55,3.5,3.5,3.5,3.5,29.803067,0,450000
2026-08-20 13:05:00,ATM-1,PE,345.0,347.7,3.5,3.5,3.4,3.5,30.185491,0,450000
2026-08-20 13:10:00,ATM-1,PE,340.0,347.5,3.4,3.4,3.4,3.4,40.989254,0,1443000
2026-08-20 13:15:00,ATM-1,PE,340.0,347.35,3.4,3.4,3.4,3.4,40.682441,0,1443000
2026-08-20 13:20:00,ATM-1,PE,340.0,346.55,3.4,3.4,3.4,3.4,38.966259,0,1443000
2026-08-20 13:25:00,ATM-1,PE,340.0,346.85,3.4,3.4,3.4,3.4,39.631948,0,1443000
2026-08-20 13:30:00,ATM-1,PE,345.0,347.55,3.4,3.5,3.4,3.5,29.858944,0,450000
2026-08-20 13:35:00,ATM-1,PE,340.0,346.85,3.4,3.4,3.4,3.4,39.657533,0,1443000
2026-08-20 13:40:00,ATM-1,PE,340.0,347.5,3.4,3.4,3.4,3.4,41.068861,0,1443000
2026-08-20 13:45:00,ATM-1,PE,340.0,347.35,3.4,3.4,3.4,3.4,40.761454,0,1443000
2026-08-20 13:50:00,ATM-1,PE,340.0,347.1,3.4,3.4,3.4,3.4,40.237144,0,1443000
2026-08-20 13:55:00,ATM-1,PE,340.0,347.0,3.4,3.4,3.4,3.4,40.0341,0,1443000
2026-08-20 14:00:00,ATM-1,PE,340.0,347.35,3.4,3.4,3.4,3.4,40.80115,0,1443000
2026-08-20 14:05:00,ATM-1,PE,340.0,347.4,3.4,3.4,3.4,3.4,40.9216,0,1443000
2026-08-20 14:10:00,ATM-1,PE,345.0,347.55,3.4,3.5,3.4,3.5,29.934007,0,450000
2026-08-20 14:15:00,ATM-1,PE,340.0,347.25,3.4,3.4,3.4,3.4,40.626005,0,1443000
2026-08-20 14:20:00,ATM-1,PE,340.0,347.2,3.4,3.4,3.4,3.4,40.531499,0,1443000
2026-08-20 14:25:00,ATM-1,PE,340.0,347.4,3.4,3.4,3.4,3.4,40.974921,0,1443000
2026-08-20 14:30:00,ATM-1,PE,340.0,347.35,3.4,3.4,3.4,3.4,40.88091,0,1443000
2026-08-20 14:35:00,ATM-1,PE,340.0,347.35,3.4,3.4,3.25,3.25,39.848686,3000,1443000
2026-08-20 14:40:00,ATM-1,PE,340.0,347.1,3.25,3.25,3.25,3.25,39.326322,0,1443000
2026-08-20 14:45:00,ATM-1,PE,345.0,347.85,3.25,3.5,3.25,3.5,30.749248,0,450000
2026-08-20 14:50:00,ATM-1,PE,345.0,348.55,3.5,3.5,3.5,3.5,32.469504,0,450000
2026-08-20 14:55:00,ATM-1,PE,345.0,348.7,3.5,3.5,3.5,3.5,32.84015,0,450000
2026-08-20 15:00:00,ATM-1,PE,345.0,348.9,3.5,3.5,3.5,3.5,33.327908,0,450000
2026-08-20 15:05:00,ATM-1,PE,345.0,349.6,3.5,3.5,3.5,3.5,34.981626,0,450000
2026-08-20 15:10:00,ATM-1,PE,345.0,349.3,3.5,3.5,3.5,3.5,34.293672,0,450000
2026-08-20 15:15:00,ATM-1,PE,345.0,349.3,3.5,3.5,3.5,3.5,34.304746,0,450000
2026-08-20 15:20:00,ATM-1,PE,345.0,349.3,3.5,3.5,3.5,3.5,34.315828,0,450000
2026-08-20 15:25:00,ATM-1,PE,345.0,349.25,3.5,3.5,3.5,3.5,34.209524,0,450000
2026-08-20 15:30:00,ATM-1,PE,345.0,349.25,3.5,3.5,3.5,3.5,34.220584,0,450000
2026-08-20 15:35:00,ATM-1,PE,345.0,349.25,3.5,3.5,3.5,3.5,34.231661,0,450000
2026-08-21 09:25:00,ATM-1,PE,350.0,355.55,3.3,3.3,3.05,3.05,36.378951,48000,1689000
2026-08-21 09:30:00,ATM-1,PE,350.0,353.75,3.05,3.5,2.55,3.5,35.145496,15000,1689000
2026-08-21 09:35:00,ATM-1,PE,350.0,355.15,3.5,3.5,2.9,2.9,34.377238,3000,1689000
2026-08-21 09:40:00,ATM-1,PE,350.0,357.4,2.9,4.4,2.4,4.4,50.500496,21000,1689000
2026-08-21 09:45:00,ATM-1,PE,350.0,356.45,3.95,4.4,3.95,3.95,45.040897,12000,1689000
2026-08-21 09:50:00,ATM-1,PE,350.0,356.05,3.95,3.95,3.4,3.4,40.160173,21000,1689000
2026-08-21 09:55:00,ATM-1,PE,350.0,356.6,3.45,3.45,2.85,2.85,37.424212,9000,1689000
2026-08-21 10:00:00,ATM-1,PE,350.0,356.0,2.85,2.85,2.85,2.85,36.06806,0,1689000
2026-08-21 10:05:00,ATM-1,PE,350.0,356.0,2.85,2.85,2.85,2.85,36.082069,0,1689000
2026-08-21 10:10:00,ATM-1,PE,350.0,356.9,2.75,2.85,2.75,2.75,37.394024,6000,1689000
2026-08-21 10:15:00,ATM-1,PE,350.0,357.15,2.7,2.75,2.7,2.7,37.586351,3000,1689000
2026-08-21 10:20:00,ATM-1,PE,350.0,356.85,2.7,2.7,2.7,2.7,36.934541,0,1689000
2026-08-21 10:25:00,ATM-1,PE,350.0,357.45,3.7,4.05,2.3,2.3,35.183336,18000,1689000
2026-08-21 10:30:00,ATM-1,PE,350.0,357.35,2.3,2.3,2.3,2.3,34.983313,0,1689000
2026-08-21 10:35:00,ATM-1,PE,355.0,358.15,2.3,3.7,2.3,3.7,34.65567,0,648000
2026-08-21 10:40:00,ATM-1,PE,355.0,358.2,3.35,3.7,3.35,3.35,32.414232,6000,645000
2026-08-21 10:45:00,ATM-1,PE,355.0,358.45,3.35,3.35,3.35,3.35,33.071164,0,645000
2026-08-21 10:50:00,ATM-1,PE,355.0,358.1,3.35,3.35,3.35,3.35,32.179374,0,645000
2026-08-21 10:55:00,ATM-1,PE,355.0,358.15,3.35,3.35,3.35,3.35,32.321905,0,645000
2026-08-21 11:00:00,ATM-1,PE,355.0,357.95,3.35,3.35,3.35,3.35,31.811957,0,645000
2026-08-21 11:05:00,ATM-1,PE,355.0,358.15,3.35,3.35,3.35,3.35,32.346874,0,645000
2026-08-21 11:10:00,ATM-1,PE,355.0,358.15,3.35,3.35,3.35,3.35,32.359388,0,645000
2026-08-21 11:15:00,ATM-1,PE,355.0,358.15,3.35,3.35,3.35,3.35,32.371915,0,645000
2026-08-21 11:20:00,ATM-1,PE,355.0,358.2,3.35,3.35,3.35,3.35,32.514565,0,645000
2026-08-21 11:25:00,ATM-1,PE,355.0,357.75,3.35,3.35,3.35,3.35,31.345154,0,645000
2026-08-21 11:30:00,ATM-1,PE,355.0,357.7,3.35,3.35,3.35,3.35,31.224373,0,645000
2026-08-21 11:35:00,ATM-1,PE,355.0,358.0,3.35,3.35,3.35,3.35,32.029615,0,645000
2026-08-21 11:40:00,ATM-1,PE,350.0,357.0,3.35,3.35,1.7,1.7,29.605096,0,1698000
2026-08-21 11:45:00,ATM-1,PE,350.0,357.45,1.7,1.7,1.7,1.7,30.537734,0,1698000
2026-08-21 11:50:00,ATM-1,PE,355.0,357.75,3.35,3.35,2.85,2.85,27.976091,6000,645000
2026-08-21 11:55:00,ATM-1,PE,355.0,358.0,2.85,2.85,2.85,2.85,28.634019,0,645000
2026-08-21 12:00:00,ATM-1,PE,355.0,357.75,2.85,2.85,2.85,2.85,27.997681,0,645000
2026-08-21 12:05:00,ATM-1,PE,355.0,357.6,2.85,2.85,2.85,2.85,27.616028,0,645000
2026-08-21 12:10:00,ATM-1,PE,350.0,356.6,2.85,2.85,1.75,1.75,29.253736,0,1698000
2026-08-21 12:15:00,ATM-1,PE,350.0,356.5,1.75,1.75,1.75,1.75,29.0549,0,1698000
2026-08-21 12:20:00,ATM-1,PE,350.0,356.8,1.75,1.75,1.75,1.75,29.695884,0,1698000
2026-08-21 12:25:00,ATM-1,PE,350.0,356.65,1.75,1.75,1.75,1.75,29.393444,0,1698000
2026-08-21 12:30:00,ATM-1,PE,350.0,357.45,1.75,2.85,1.75,1.75,31.0658,0,1698000
2026-08-21 12:35:00,ATM-1,PE,350.0,356.9,1.75,1.75,1.75,1.75,29.940039,0,1698000
2026-08-21 12:40:00,ATM-1,PE,350.0,356.75,1.75,1.75,1.75,1.75,29.638267,0,1698000
2026-08-21 12:45:00,ATM-1,PE,350.0,356.5,1.75,1.75,1.75,1.75,29.123922,0,1698000
2026-08-21 12:50:00,ATM-1,PE,350.0,356.5,1.75,1.75,1.75,1.75,29.135477,0,1698000
2026-08-21 12:55:00,ATM-1,PE,350.0,356.95,2.05,2.05,1.75,2.05,32.532334,30000,1698000
2026-08-21 13:00:00,ATM-1,PE,350.0,356.65,2.05,2.05,2.05,2.05,31.898161,0,1698000
2026-08-21 13:05:00,ATM-1,PE,350.0,356.95,2.05,2.05,2.05,2.05,32.558356,0,1698000
2026-08-21 13:10:00,ATM-1,PE,350.0,356.5,2.05,2.05,2.05,2.05,31.597629,0,1698000
2026-08-21 13:15:00,ATM-1,PE,350.0,356.75,2.05,2.05,2.05,2.05,32.153067,0,1698000
2026-08-21 13:20:00,ATM-1,PE,350.0,356.25,2.05,2.05,2.05,2.05,31.075727,0,1698000
2026-08-21 13:25:00,ATM-1,PE,350.0,356.55,2.05,2.05,2.05,2.05,31.74455,0,1698000
2026-08-21 13:30:00,ATM-1,PE,350.0,355.45,2.05,2.05,2.05,2.05,29.318371,0,1698000
2026-08-21 13:35:00,ATM-1,PE,350.0,356.5,2.05,2.05,2.05,2.05,31.660947,0,1698000
2026-08-21 13:40:00,ATM-1,PE,350.0,356.1,2.05,2.05,2.05,2.05,30.794602,0,1698000
2026-08-21 13:45:00,ATM-1,PE,350.0,355.95,2.05,2.05,2.05,2.05,30.474287,0,1698000
2026-08-21 13:50:00,ATM-1,PE,350.0,356.25,2.05,2.05,2.05,2.05,31.150534,0,1698000
2026-08-21 13:55:00,ATM-1,PE,350.0,356.1,2.05,2.05,2.05,2.05,30.831693,0,1698000
2026-08-21 14:00:00,ATM-1,PE,350.0,356.0,2.05,2.05,2.05,2.05,30.622211,0,1698000
2026-08-21 14:05:00,ATM-1,PE,350.0,355.65,2.05,2.05,2.05,2.05,29.851857,0,1698000
2026-08-21 14:10:00,ATM-1,PE,350.0,356.0,2.05,2.05,2.05,2.05,30.646855,0,1698000
2026-08-21 14:15:00,ATM-1,PE,350.0,356.55,2.05,2.05,2.05,2.05,31.872578,0,1698000
2026-08-21 14:20:00,ATM-1,PE,350.0,356.6,2.05,2.05,2.05,2.05,31.994816,0,1698000
2026-08-21 14:25:00,ATM-1,PE,350.0,356.4,2.05,2.05,2.05,2.05,31.569224,0,1698000
2026-08-21 14:30:00,ATM-1,PE,350.0,356.6,2.05,2.05,2.05,2.05,32.02075,0,1698000
2026-08-21 14:35:00,ATM-1,PE,350.0,356.8,2.05,2.1,2.05,2.1,32.871911,33000,1698000
2026-08-21 14:40:00,ATM-1,PE,350.0,356.7,2.1,2.1,2.1,2.1,32.666408,0,1698000
2026-08-21 14:45:00,ATM-1,PE,350.0,356.8,2.0,2.1,2.0,2.0,32.09251,3000,1698000
2026-08-21 14:50:00,ATM-1,PE,350.0,356.6,2.1,2.1,2.0,2.1,32.473296,3000,1698000
2026-08-21 14:55:00,ATM-1,PE,350.0,355.9,2.1,2.1,2.1,2.1,30.92883,0,1698000
2026-08-21 15:00:00,ATM-1,PE,350.0,355.7,2.1,2.1,2.0,2.0,29.703796,6000,1698000
2026-08-21 15:05:00,ATM-1,PE,350.0,355.4,2.0,2.0,2.0,2.0,29.038153,0,1698000
2026-08-21 15:10:00,ATM-1,PE,350.0,357.45,2.0,2.0,2.0,2.0,33.556854,0,1698000
2026-08-21 15:15:00,ATM-1,PE,350.0,357.45,1.7,2.0,1.7,2.0,33.570629,21000,1698000
2026-08-21 15:20:00,ATM-1,PE,350.0,357.45,2.0,2.0,1.55,1.55,29.778044,3000,1701000
2026-08-21 15:25:00,ATM-1,PE,350.0,357.5,1.55,1.55,1.55,1.55,29.892075,0,1701000
2026-08-21 15:30:00,ATM-1,PE,350.0,357.5,1.55,1.55,1.55,1.55,29.90433,0,1701000
2026-08-21 15:35:00,ATM-1,PE,350.0,357.5,1.55,1.55,1.55,1.55,29.916602,0,1701000
2026-08-24 09:15:00,ATM-1,PE,355.0,360.7,2.4,2.4,2.0,2.05,51.86873,72000,642000
2026-08-24 09:20:00,ATM-1,PE,355.0,362.3,2.05,2.05,1.5,1.5,50.095653,87000,618000
2026-08-24 09:25:00,ATM-1,PE,355.0,360.95,1.45,1.55,1.3,1.4,43.71862,219000,648000
2026-08-24 09:30:00,ATM-1,PE,355.0,360.25,1.4,1.8,1.4,1.8,46.816504,138000,633000
2026-08-24 09:35:00,ATM-1,PE,355.0,360.5,1.45,1.8,1.45,1.6,45.04387,105000,624000
2026-08-24 09:40:00,ATM-1,PE,355.0,362.0,1.6,1.6,1.3,1.3,46.192251,147000,666000
2026-08-24 09:45:00,ATM-1,PE,360.0,364.6,1.2,2.7,1.2,1.8,43.763036,261000,1845000
2026-08-24 09:50:00,ATM-1,PE,360.0,365.8,1.65,1.8,1.55,1.55,45.041213,291000,1926000
2026-08-24 09:55:00,ATM-1,PE,365.0,367.95,1.55,3.35,1.45,3.3,54.982252,516000,1026000
2026-08-24 10:00:00,ATM-1,PE,360.0,366.9,2.95,3.3,1.3,1.5,48.510922,480000,1968000
2026-08-24 10:05:00,ATM-1,PE,360.0,364.7,1.55,2.05,1.5,2.05,47.785292,792000,1815000
2026-08-24 10:10:00,ATM-1,PE,360.0,366.85,2.1,2.1,1.6,1.65,50.695293,216000,1815000
2026-08-24 10:15:00,ATM-1,PE,360.0,367.05,1.5,1.65,1.3,1.35,46.961162,204000,1890000
2026-08-24 10:20:00,ATM-1,PE,360.0,366.25,1.2,1.35,1.2,1.3,43.375529,288000,1944000
2026-08-24 10:25:00,ATM-1,PE,360.0,365.45,1.3,1.45,1.3,1.45,42.689872,72000,1950000
2026-08-24 10:30:00,ATM-1,PE,360.0,366.2,1.4,1.45,1.4,1.45,45.57977,18000,1947000
2026-08-24 10:35:00,ATM-1,PE,360.0,365.85,1.45,1.45,1.35,1.45,44.330468,63000,1968000
2026-08-24 10:40:00,ATM-1,PE,360.0,365.65,1.45,1.45,1.45,1.45,43.634182,18000,1968000
2026-08-24 10:45:00,ATM-1,PE,360.0,365.0,1.5,1.55,1.45,1.55,42.620043,81000,1986000
2026-08-24 10:50:00,ATM-1,PE,360.0,364.25,1.55,1.75,1.55,1.75,42.420856,18000,1989000
2026-08-24 10:55:00,ATM-1,PE,360.0,365.15,1.65,1.75,1.4,1.5,42.614417,153000,1980000
2026-08-24 11:00:00,ATM-1,PE,360.0,364.2,1.5,1.7,1.5,1.7,41.645904,69000,1989000
2026-08-24 11:05:00,ATM-1,PE,360.0,364.85,1.75,1.75,1.6,1.6,42.975338,51000,1998000
2026-08-24 11:10:00,ATM-1,PE,360.0,364.95,1.55,1.6,1.45,1.45,41.284264,63000,2004000
2026-08-24 11:15:00,ATM-1,PE,360.0,364.8,1.65,1.65,1.45,1.65,43.604871,33000,1998000
2026-08-24 11:20:00,ATM-1,PE,360.0,364.95,1.65,1.65,1.6,1.6,43.564309,6000,1995000
2026-08-24 11:25:00,ATM-1,PE,360.0,364.95,1.6,1.65,1.6,1.6,43.627297,21000,1995000
2026-08-24 11:30:00,ATM-1,PE,360.0,364.1,1.6,1.7,1.5,1.7,41.583681,84000,1998000
2026-08-24 11:35:00,ATM-1,PE,360.0,365.2,1.7,1.7,1.7,1.7,46.199437,6000,1998000
2026-08-24 11:40:00,ATM-1,PE,360.0,365.45,1.55,1.7,1.45,1.45,43.614471,45000,2001000
2026-08-24 11:45:00,ATM-1,PE,360.0,365.5,1.45,1.6,1.45,1.6,46.090007,57000,1998000
2026-08-24 11:50:00,ATM-1,PE,360.0,365.4,1.4,1.6,1.35,1.35,42.047452,81000,1998000
2026-08-24 11:55:00,ATM-1,PE,360.0,365.65,1.5,1.5,1.35,1.45,44.588398,57000,1995000
2026-08-24 12:00:00,ATM-1,PE,360.0,366.05,1.5,1.5,1.35,1.4,45.43759,36000,1998000
2026-08-24 12:05:00,ATM-1,PE,360.0,366.2,1.4,1.4,1.4,1.4,46.077542,3000,1995000
2026-08-24 12:10:00,ATM-1,PE,360.0,366.2,1.4,1.45,1.4,1.45,46.917589,12000,1992000
2026-08-24 12:15:00,ATM-1,PE,360.0,366.15,1.45,1.45,1.35,1.4,46.023986,60000,2037000
2026-08-24 12:20:00,ATM-1,PE,360.0,366.4,1.4,1.4,1.35,1.35,46.261983,138000,2037000
2026-08-24 12:25:00,ATM-1,PE,360.0,366.1,1.35,1.35,1.35,1.35,45.191963,0,2034000
2026-08-24 12:30:00,ATM-1,PE,360.0,366.35,1.35,1.45,1.35,1.45,47.777714,9000,2034000
2026-08-24 12:35:00,ATM-1,PE,360.0,366.25,1.45,1.45,1.35,1.35,45.901484,12000,2034000
2026-08-24 12:40:00,ATM-1,PE,360.0,366.6,1.35,1.4,1.35,1.4,48.093983,15000,2031000
2026-08-24 12:45:00,ATM-1,PE,360.0,366.8,1.45,1.45,1.3,1.3,47.317075,63000,2028000
2026-08-24 12:50:00,ATM-1,PE,360.0,366.9,1.3,1.3,1.3,1.3,47.762427,42000,2061000
2026-08-24 12:55:00,ATM-1,PE,360.0,366.8,1.3,1.3,1.3,1.3,47.462062,3000,2076000
2026-08-24 13:00:00,ATM-1,PE,360.0,366.45,1.3,1.3,1.25,1.25,45.406784,18000,2073000
2026-08-24 13:05:00,ATM-1,PE,360.0,366.8,1.25,1.25,1.2,1.25,46.788177,90000,2064000
2026-08-24 13:10:00,ATM-1,PE,360.0,366.55,1.25,1.3,1.25,1.25,45.923887,9000,2058000
2026-08-24 13:15:00,ATM-1,PE,360.0,366.95,1.25,1.25,1.15,1.15,45.814176,33000,2046000
2026-08-24 13:20:00,ATM-1,PE,360.0,366.3,1.15,1.25,1.15,1.25,45.119609,21000,2046000
2026-08-24 13:25:00,ATM-1,PE,360.0,366.05,1.25,1.25,1.25,1.25,44.233584,0,2052000
2026-08-24 13:30:00,ATM-1,PE,360.0,366.25,1.25,1.3,1.2,1.2,44.250842,63000,2079000
2026-08-24 13:35:00,ATM-1,PE,360.0,366.2,1.2,1.25,1.2,1.25,44.949103,18000,2064000
2026-08-24 13:40:00,ATM-1,PE,360.0,366.4,1.25,1.25,1.15,1.15,44.125509,12000,2064000
2026-08-24 13:45:00,ATM-1,PE,360.0,366.35,1.15,1.2,1.15,1.2,44.840998,42000,2064000
2026-08-24 13:50:00,ATM-1,PE,360.0,366.1,1.25,1.25,1.2,1.2,43.956769,66000,2067000
2026-08-24 13:55:00,ATM-1,PE,360.0,366.05,1.2,1.2,1.15,1.15,43.00669,15000,2070000
2026-08-24 14:00:00,ATM-1,PE,360.0,366.1,1.15,1.15,1.15,1.15,43.26648,27000,2067000
2026-08-24 14:05:00,ATM-1,PE,360.0,366.3,1.15,1.2,1.15,1.2,44.936336,6000,2067000
2026-08-24 14:10:00,ATM-1,PE,360.0,366.2,1.15,1.2,1.15,1.15,43.78799,6000,2067000
2026-08-24 14:15:00,ATM-1,PE,360.0,367.2,1.15,1.15,1.0,1.1,46.747239,102000,2046000
2026-08-24 14:20:00,ATM-1,PE,360.0,366.55,1.1,1.25,1.1,1.15,45.263206,69000,2007000
2026-08-24 14:25:00,ATM-1,PE,360.0,367.1,1.15,1.25,1.15,1.25,49.132105,15000,2007000
2026-08-24 14:30:00,ATM-1,PE,360.0,367.2,1.05,1.25,1.0,1.0,45.179586,54000,2007000
2026-08-24 14:35:00,ATM-1,PE,360.0,367.15,1.05,1.05,1.0,1.05,45.975162,18000,2004000
2026-08-24 14:40:00,ATM-1,PE,360.0,367.05,1.05,1.05,1.05,1.05,45.681828,3000,2004000
2026-08-24 14:45:00,ATM-1,PE,360.0,366.9,1.05,1.1,1.0,1.1,46.087945,33000,1998000
2026-08-24 14:50:00,ATM-1,PE,360.0,366.85,1.05,1.1,1.0,1.1,45.976255,33000,1989000
2026-08-24 14:55:00,ATM-1,PE,360.0,366.75,1.0,1.15,1.0,1.15,46.550152,27000,1989000
2026-08-24 15:00:00,ATM-1,PE,360.0,365.75,1.15,1.2,1.15,1.2,43.58521,57000,1974000
2026-08-24 15:05:00,ATM-1,PE,360.0,364.75,1.2,1.2,1.15,1.15,38.793721,78000,1980000
2026-08-24 15:10:00,ATM-1,PE,360.0,365.4,1.25,1.25,1.15,1.15,41.49765,66000,1980000
2026-08-24 15:15:00,ATM-1,PE,360.0,365.4,1.2,1.3,1.15,1.25,43.218748,42000,1977000
2026-08-24 15:20:00,ATM-1,PE,360.0,365.4,1.15,1.3,1.15,1.3,44.108042,45000,1983000
2026-08-24 15:25:00,ATM-1,PE,360.0,365.05,1.3,1.3,1.25,1.3,42.730096,30000,1998000
2026-08-24 15:30:00,ATM-1,PE,360.0,365.05,1.3,1.4,1.3,1.4,44.402418,45000,1992000
2026-08-24 15:35:00,ATM-1,PE,360.0,365.05,1.3,1.4,1.25,1.3,42.875252,144000,1938000
2026-08-25 09:15:00,ATM-1,PE,360.0,364.95,1.0,1.2,0.9,1.1,75.687697,48000,1416000
2026-08-25 09:20:00,ATM-1,PE,360.0,364.5,1.1,1.15,1.0,1.05,70.941394,57000,1371000
2026-08-25 09:25:00,ATM-1,PE,360.0,366.1,1.0,1.05,0.8,0.85,76.944528,93000,1320000
2026-08-25 09:30:00,ATM-1,PE,360.0,367.15,0.75,0.85,0.65,0.65,77.11389,48000,1299000
2026-08-25 09:35:00,ATM-1,PE,365.0,367.65,0.65,1.85,0.65,1.55,70.011789,150000,978000
2026-08-25 09:40:00,ATM-1,PE,360.0,367.1,0.6,0.6,0.6,0.6,75.690966,0,1266000
2026-08-25 09:45:00,ATM-1,PE,365.0,367.55,1.45,1.5,1.1,1.3,62.799198,33000,957000
2026-08-25 09:50:00,ATM-1,PE,365.0,368.05,0.5,1.5,0.5,1.3,68.001532,33000,951000
2026-08-25 09:55:00,ATM-1,PE,365.0,368.65,1.3,1.3,0.9,1.0,64.572981,15000,960000
2026-08-25 10:00:00,ATM-1,PE,365.0,368.1,1.0,1.25,1.0,1.2,66.41135,33000,942000
2026-08-25 10:05:00,ATM-1,PE,360.0,367.4,1.2,1.25,0.4,0.4,70.785812,12000,1182000
2026-08-25 10:10:00,ATM-1,PE,360.0,366.65,0.4,0.4,0.4,0.4,66.312609,0,1182000
2026-08-25 10:15:00,ATM-1,PE,365.0,368.65,0.4,1.45,0.4,1.45,81.062961,27000,915000
2026-08-25 10:20:00,ATM-1,PE,360.0,367.25,1.45,1.45,0.4,0.45,74.079243,6000,1158000
2026-08-25 10:25:00,ATM-1,PE,365.0,368.85,0.45,1.25,0.45,1.0,69.414777,3000,915000
2026-08-25 10:30:00,ATM-1,PE,365.0,368.8,0.9,1.0,0.9,0.9,66.047614,6000,918000
2026-08-25 10:35:00,ATM-1,PE,365.0,368.9,1.0,1.0,0.9,0.9,67.489411,27000,906000
2026-08-25 10:40:00,ATM-1,PE,365.0,368.8,0.9,1.0,0.9,1.0,70.686471,9000,903000
2026-08-25 10:45:00,ATM-1,PE,365.0,368.7,1.05,1.15,1.0,1.15,75.554314,21000,906000
2026-08-25 10:50:00,ATM-1,PE,365.0,368.65,1.15,1.15,1.1,1.1,73.994733,30000,927000
2026-08-25 10:55:00,ATM-1,PE,365.0,368.85,1.0,1.15,1.0,1.15,78.347334,45000,957000
2026-08-25 11:00:00,ATM-1,PE,365.0,368.8,1.05,1.15,0.8,0.8,65.791419,30000,969000
2026-08-25 11:05:00,ATM-1,PE,365.0,369.3,0.9,0.95,0.8,0.8,70.973633,42000,966000
2026-08-25 11:10:00,ATM-1,PE,365.0,369.45,0.85,0.85,0.8,0.8,73.001936,45000,948000
2026-08-25 11:15:00,ATM-1,PE,365.0,369.15,0.8,0.8,0.8,0.8,70.931318,12000,930000
2026-08-25 11:20:00,ATM-1,PE,365.0,369.15,0.8,0.8,0.8,0.8,71.619874,0,930000
2026-08-25 11:25:00,ATM-1,PE,365.0,369.15,0.8,0.8,0.8,0.8,72.329611,3000,930000
2026-08-25 11:30:00,ATM-1,PE,365.0,367.55,0.8,1.1,0.8,1.0,64.367854,45000,942000
2026-08-25 11:35:00,ATM-1,PE,360.0,367.3,0.3,1.1,0.25,0.25,71.960385,6000,939000
2026-08-25 11:40:00,ATM-1,PE,360.0,366.6,0.25,0.35,0.25,0.35,74.433913,21000,927000
2026-08-25 11:45:00,ATM-1,PE,360.0,367.2,0.35,0.35,0.3,0.3,76.471596,63000,891000
2026-08-25 11:50:00,ATM-1,PE,360.0,366.2,0.3,0.3,0.3,0.3,69.589754,0,891000
2026-08-25 11:55:00,ATM-1,PE,360.0,366.65,0.3,0.3,0.3,0.3,73.915308,0,879000
2026-08-25 12:00:00,ATM-1,PE,360.0,366.25,0.3,0.5,0.3,0.5,84.062058,6000,879000
2026-08-25 12:05:00,ATM-1,PE,360.0,366.05,0.5,0.55,0.5,0.55,86.089669,15000,885000
2026-08-25 12:10:00,ATM-1,PE,360.0,367.0,0.55,0.55,0.55,0.55,95.711087,0,885000
2026-08-25 12:15:00,ATM-1,PE,360.0,367.0,0.55,0.55,0.55,0.55,96.897017,0,885000
2026-08-25 12:20:00,ATM-1,PE,360.0,366.65,0.55,0.55,0.55,0.55,94.916486,0,885000
2026-08-25 12:25:00,ATM-1,PE,360.0,366.7,0.55,0.55,0.2,0.2,71.678811,6000,888000
2026-08-25 12:30:00,ATM-1,PE,360.0,366.35,0.35,0.35,0.15,0.2,69.83334,177000,807000
2026-08-25 12:35:00,ATM-1,PE,360.0,365.8,0.15,0.2,0.15,0.15,61.599647,3000,804000
2026-08-25 12:40:00,ATM-1,PE,360.0,365.75,0.2,0.2,0.15,0.2,66.783937,18000,792000
2026-08-25 12:45:00,ATM-1,PE,360.0,365.5,0.2,0.25,0.2,0.2,65.609899,18000,789000
2026-08-25 12:50:00,ATM-1,PE,360.0,365.45,0.2,0.2,0.2,0.2,66.155539,0,789000
2026-08-25 12:55:00,ATM-1,PE,360.0,364.8,0.2,0.2,0.2,0.2,61.328512,3000,789000
2026-08-25 13:00:00,ATM-1,PE,360.0,364.45,0.25,0.25,0.15,0.2,59.046826,27000,777000
2026-08-25 13:05:00,ATM-1,PE,360.0,364.2,0.2,0.25,0.2,0.25,61.615309,63000,753000
2026-08-25 13:10:00,ATM-1,PE,360.0,365.0,0.35,0.4,0.25,0.35,78.443304,60000,720000
2026-08-25 13:15:00,ATM-1,PE,360.0,365.35,0.3,0.35,0.15,0.2,70.850273,15000,711000
2026-08-25 13:20:00,ATM-1,PE,360.0,365.1,0.2,0.25,0.2,0.25,74.257394,30000,723000
2026-08-25 13:25:00,ATM-1,PE,360.0,364.75,0.25,0.25,0.25,0.25,72.0151,0,723000
2026-08-25 13:30:00,ATM-1,PE,360.0,364.55,0.25,0.25,0.25,0.25,71.285757,0,723000
2026-08-25 13:35:00,ATM-1,PE,360.0,364.85,0.25,0.25,0.25,0.25,76.039526,0,723000
2026-08-25 13:40:00,ATM-1,PE,360.0,364.55,0.25,0.25,0.25,0.25,74.312668,6000,726000
2026-08-25 13:45:00,ATM-1,PE,360.0,364.5,0.25,0.25,0.25,0.25,75.402535,0,726000
2026-08-25 13:50:00,ATM-1,PE,360.0,365.05,0.25,0.25,0.25,0.25,83.59848,0,726000
2026-08-25 13:55:00,ATM-1,PE,360.0,364.5,0.25,0.25,0.1,0.1,61.91998,69000,723000
2026-08-25 14:00:00,ATM-1,PE,360.0,365.45,0.1,0.1,0.1,0.1,73.53462,0,723000
2026-08-25 14:05:00,ATM-1,PE,360.0,364.9,0.1,0.1,0.1,0.1,69.631792,0,723000
2026-08-25 14:10:00,ATM-1,PE,360.0,365.05,0.1,0.1,0.1,0.1,73.317081,0,723000
2026-08-25 14:15:00,ATM-1,PE,360.0,365.15,0.1,0.1,0.05,0.05,66.462275,3000,696000
2026-08-25 14:20:00,ATM-1,PE,360.0,364.95,0.05,0.05,0.05,0.05,66.492955,12000,693000
2026-08-25 14:25:00,ATM-1,PE,360.0,365.2,0.05,0.05,0.05,0.05,71.597427,0,693000
2026-08-25 14:30:00,ATM-1,PE,360.0,364.9,0.05,0.05,0.05,0.05,70.838734,0,681000
2026-08-25 14:35:00,ATM-1,PE,360.0,364.8,0.05,0.05,0.05,0.05,72.521356,0,681000
2026-08-25 14:40:00,ATM-1,PE,360.0,365.45,0.05,0.05,0.05,0.05,83.866313,0,681000
2026-08-25 14:45:00,ATM-1,PE,360.0,366.35,0.05,0.25,0.05,0.25,142.391759,33000,681000
2026-08-25 14:50:00,ATM-1,PE,360.0,366.7,0.25,0.25,0.25,0.25,0.0,9000,675000
2026-08-25 14:55:00,ATM-1,PE,360.0,366.4,0.25,0.25,0.25,0.25,0.0,0,675000
2026-08-25 15:00:00,ATM-1,PE,360.0,366.5,0.25,0.25,0.05,0.05,0.0,9000,666000
2026-08-25 15:05:00,ATM-1,PE,360.0,366.6,0.05,0.05,0.05,0.05,0.0,0,666000
2026-08-25 15:10:00,ATM-1,PE,360.0,365.55,0.05,0.05,0.05,0.05,0.0,0,666000
2026-08-25 15:15:00,ATM-1,PE,360.0,365.55,0.05,0.05,0.05,0.05,0.0,0,666000
2026-08-25 15:20:00,ATM-1,PE,360.0,365.55,0.05,0.05,0.05,0.05,0.0,0,666000
2026-08-25 15:25:00,ATM-1,PE,360.0,367.45,0.05,0.05,0.05,0.05,0.0,0,666000
2026-08-25 15:30:00,ATM-1,PE,360.0,367.45,0.05,0.05,0.05,0.05,0.0,0,666000
2026-08-25 15:35:00,ATM-1,PE,360.0,367.45,0.05,0.05,0.05,0.05,0.0,0,666000
2026-08-20 09:25:00,ATM,CE,350.0,350.35,5.7,6.0,5.7,6.0,33.205701,12000,1044000
2026-08-20 09:30:00,ATM,CE,350.0,348.0,6.0,6.0,6.0,6.0,40.274469,0,1044000
2026-08-20 09:35:00,ATM,CE,350.0,348.35,6.0,6.0,6.0,6.0,39.283139,0,1044000
2026-08-20 09:40:00,ATM,CE,350.0,349.05,6.0,6.0,6.0,6.0,37.242284,0,1044000
2026-08-20 09:45:00,ATM,CE,350.0,349.45,6.0,6.0,6.0,6.0,36.052201,0,1044000
2026-08-20 09:50:00,ATM,CE,350.0,348.0,6.0,6.0,6.0,6.0,40.331457,0,1044000
2026-08-20 09:55:00,ATM,CE,350.0,347.6,6.0,6.0,6.0,6.0,41.480589,0,1044000
2026-08-20 10:00:00,ATM,CE,350.0,347.8,6.0,6.0,6.0,6.0,40.92967,0,1044000
2026-08-20 10:05:00,ATM,CE,350.0,348.35,6.0,6.0,6.0,6.0,39.366874,0,1044000
2026-08-20 10:10:00,ATM,CE,350.0,348.6,6.0,6.0,6.0,6.0,38.652528,0,1044000
2026-08-20 10:15:00,ATM,CE,350.0,348.05,2.6,6.0,2.6,2.6,19.671324,6000,1044000
2026-08-20 10:20:00,ATM,CE,350.0,348.0,2.6,2.6,2.6,2.6,19.811147,0,1044000
2026-08-20 10:25:00,ATM,CE,350.0,348.0,2.6,2.6,2.6,2.6,19.812638,0,1044000
2026-08-20 10:35:00,ATM,CE,350.0,347.6,2.6,2.6,2.6,2.6,20.876822,0,1044000
2026-08-20 10:45:00,ATM,CE,350.0,347.55,2.6,2.6,2.6,2.6,21.022856,0,1044000
2026-08-20 11:55:00,ATM,CE,350.0,347.65,2.6,2.6,2.6,2.6,20.874281,0,1044000
2026-08-20 12:00:00,ATM,CE,350.0,347.7,2.6,2.6,2.6,2.6,20.750336,0,1044000
2026-08-20 12:05:00,ATM,CE,350.0,347.6,2.6,2.6,2.6,2.6,21.015199,0,1044000
2026-08-20 12:15:00,ATM,CE,350.0,347.9,2.6,2.6,2.6,2.6,20.249817,0,1044000
2026-08-20 12:20:00,ATM,CE,350.0,347.6,4.0,4.0,2.6,4.0,29.672195,3000,1041000
2026-08-20 12:35:00,ATM,CE,350.0,347.85,4.0,4.0,4.0,4.0,29.01518,0,1041000
2026-08-20 12:50:00,ATM,CE,350.0,347.55,4.0,4.0,4.0,4.0,29.881134,0,1041000
2026-08-20 12:55:00,ATM,CE,350.0,347.55,4.0,4.0,4.0,4.0,29.883337,0,1041000
2026-08-20 13:00:00,ATM,CE,350.0,347.55,4.0,4.0,4.0,4.0,29.903206,0,1041000
2026-08-20 13:05:00,ATM,CE,350.0,347.7,4.0,4.0,4.0,4.0,29.502742,0,1041000
2026-08-20 13:30:00,ATM,CE,350.0,347.55,4.0,4.0,4.0,4.0,29.969665,0,1041000
2026-08-20 14:10:00,ATM,CE,350.0,347.55,4.0,4.0,4.0,4.0,30.058907,0,1041000
2026-08-20 14:45:00,ATM,CE,350.0,347.85,4.0,4.0,4.0,4.0,29.306221,0,1041000
2026-08-20 14:50:00,ATM,CE,350.0,348.55,4.0,4.0,4.0,4.0,27.326968,3000,1038000
2026-08-20 14:55:00,ATM,CE,350.0,348.7,4.0,4.0,4.0,4.0,26.900579,3000,1038000
2026-08-20 15:00:00,ATM,CE,350.0,348.9,4.0,4.0,4.0,4.0,26.322098,0,1038000
2026-08-20 15:05:00,ATM,CE,350.0,349.6,4.0,4.0,4.0,4.0,24.208138,6000,1038000
2026-08-20 15:10:00,ATM,CE,350.0,349.3,4.0,4.0,4.0,4.0,25.140941,0,1038000
2026-08-20 15:15:00,ATM,CE,350.0,349.3,4.0,4.0,4.0,4.0,25.150635,0,1038000
2026-08-20 15:20:00,ATM,CE,350.0,349.3,4.0,4.0,4.0,4.0,25.160336,0,1038000
2026-08-20 15:25:00,ATM,CE,350.0,349.25,4.0,4.0,4.0,4.0,25.322152,0,1038000
2026-08-20 15:30:00,ATM,CE,350.0,349.25,4.0,4.0,4.0,4.0,25.331918,0,1038000
2026-08-20 15:35:00,ATM,CE,350.0,349.25,4.0,4.0,4.0,4.0,25.341698,0,1038000
2026-08-21 09:20:00,ATM,CE,355.0,352.95,3.3,3.3,3.2,3.2,26.000264,6000,825000
2026-08-21 09:25:00,ATM,CE,355.0,355.55,3.2,4.8,3.2,4.8,28.116103,18000,822000
2026-08-21 09:30:00,ATM,CE,355.0,353.75,4.8,4.8,4.8,4.8,34.144124,0,822000
2026-08-21 09:35:00,ATM,CE,355.0,355.15,4.8,4.8,3.55,3.55,21.344991,9000,822000
2026-08-21 09:40:00,ATM,CE,355.0,357.4,3.55,5.0,3.55,4.7,20.186315,96000,801000
2026-08-21 09:45:00,ATM,CE,355.0,356.45,5.45,5.45,4.7,5.0,26.158122,9000,801000
2026-08-21 09:50:00,ATM,CE,355.0,356.05,5.0,5.1,5.0,5.0,27.681441,27000,801000
2026-08-21 09:55:00,ATM,CE,355.0,356.6,5.0,5.0,5.0,5.0,25.598864,36000,801000
2026-08-21 10:00:00,ATM,CE,355.0,356.0,5.0,5.0,4.85,4.85,26.899808,3000,795000
2026-08-21 10:05:00,ATM,CE,355.0,356.0,4.85,4.85,4.55,4.55,24.925564,6000,795000
2026-08-21 10:10:00,ATM,CE,355.0,356.9,5.0,5.0,4.55,5.0,24.435758,3000,795000
2026-08-21 10:15:00,ATM,CE,355.0,357.15,5.0,5.0,5.0,5.0,23.412356,0,795000
2026-08-21 10:20:00,ATM,CE,355.0,356.85,5.0,5.0,5.0,5.0,24.661522,0,795000
2026-08-21 10:25:00,ATM,CE,355.0,357.45,3.25,5.5,2.95,5.5,25.582614,36000,795000
2026-08-21 10:30:00,ATM,CE,355.0,357.35,5.5,5.5,5.5,5.5,26.01602,0,795000
2026-08-21 10:35:00,ATM,CE,360.0,358.15,5.5,5.5,3.15,3.35,26.19621,3000,3333000
2026-08-21 10:40:00,ATM,CE,360.0,358.2,3.0,3.35,3.0,3.0,23.758529,21000,3330000
2026-08-21 10:45:00,ATM,CE,360.0,358.45,3.2,3.2,3.0,3.2,24.342644,3000,3318000
2026-08-21 10:50:00,ATM,CE,360.0,358.1,3.2,3.2,3.2,3.2,25.391084,0,3318000
2026-08-21 10:55:00,ATM,CE,360.0,358.15,3.2,3.2,3.2,3.2,25.255696,0,3318000
2026-08-21 11:00:00,ATM,CE,360.0,357.95,3.2,3.2,3.2,3.2,25.852292,0,3318000
2026-08-21 11:05:00,ATM,CE,360.0,358.15,3.2,3.2,3.2,3.2,25.278591,0,3318000
2026-08-21 11:10:00,ATM,CE,360.0,358.15,3.2,3.2,3.2,3.2,25.290064,0,3318000
2026-08-21 11:15:00,ATM,CE,360.0,358.15,3.2,3.2,3.2,3.2,25.301549,0,3318000
2026-08-21 11:20:00,ATM,CE,360.0,358.2,3.1,3.2,2.8,2.8,22.523394,30000,3288000
2026-08-21 11:25:00,ATM,CE,360.0,357.75,2.8,2.8,2.8,2.8,23.827955,0,3288000
2026-08-21 11:30:00,ATM,CE,360.0,357.7,2.8,2.8,2.8,2.8,23.980489,0,3288000
2026-08-21 11:35:00,ATM,CE,360.0,358.0,2.25,2.8,2.25,2.25,19.468815,36000,3291000
2026-08-21 11:40:00,ATM,CE,355.0,357.0,2.25,5.15,2.25,5.15,25.253155,0,786000
2026-08-21 11:45:00,ATM,CE,355.0,357.45,5.15,5.15,5.15,5.15,23.35629,0,786000
2026-08-21 11:50:00,ATM,CE,360.0,357.75,2.4,2.4,2.4,2.4,21.202028,0,3267000
2026-08-21 11:55:00,ATM,CE,360.0,358.0,2.4,2.4,2.4,2.4,20.509074,0,3267000
2026-08-21 12:00:00,ATM,CE,360.0,357.75,2.4,2.4,2.4,2.4,21.221631,0,3267000
2026-08-21 12:05:00,ATM,CE,360.0,357.6,2.4,2.4,2.4,2.4,21.648009,0,3267000
2026-08-21 12:10:00,ATM,CE,355.0,356.6,2.4,4.75,2.3,4.5,22.533525,9000,783000
2026-08-21 12:15:00,ATM,CE,355.0,356.5,4.5,4.5,4.0,4.0,19.543088,3000,780000
2026-08-21 12:20:00,ATM,CE,355.0,356.8,4.0,4.0,4.0,4.0,18.27569,0,780000
2026-08-21 12:25:00,ATM,CE,355.0,356.65,4.0,4.0,4.0,4.0,18.932249,0,780000
2026-08-21 12:30:00,ATM,CE,355.0,357.45,4.0,4.0,2.3,4.0,15.216319,0,780000
2026-08-21 12:35:00,ATM,CE,355.0,356.9,4.0,4.0,4.0,4.0,17.860403,0,780000
2026-08-21 12:40:00,ATM,CE,355.0,356.75,4.0,4.0,4.0,4.0,18.530406,0,777000
2026-08-21 12:45:00,ATM,CE,355.0,356.5,4.0,4.0,4.0,4.0,19.600754,0,777000
2026-08-21 12:50:00,ATM,CE,355.0,356.5,4.0,4.0,4.0,4.0,19.610404,0,777000
2026-08-21 12:55:00,ATM,CE,355.0,356.95,4.0,6.0,4.0,6.0,31.420159,18000,777000
2026-08-21 13:00:00,ATM,CE,355.0,356.65,6.0,6.0,6.0,6.0,32.60793,0,777000
2026-08-21 13:05:00,ATM,CE,355.0,356.95,6.0,6.0,6.0,6.0,31.449347,0,777000
2026-08-21 13:10:00,ATM,CE,355.0,356.5,6.0,6.0,6.0,6.0,33.21409,0,777000
2026-08-21 13:15:00,ATM,CE,355.0,356.75,6.0,6.0,6.0,6.0,32.265031,0,777000
2026-08-21 13:20:00,ATM,CE,355.0,356.25,6.0,6.0,6.0,6.0,34.190588,0,777000
2026-08-21 13:25:00,ATM,CE,355.0,356.55,6.0,6.0,6.0,6.0,33.068667,0,777000
2026-08-21 13:30:00,ATM,CE,355.0,355.45,6.0,6.0,6.0,6.0,37.141868,0,777000
2026-08-21 13:35:00,ATM,CE,355.0,356.5,6.0,6.0,6.0,6.0,33.290912,0,777000
2026-08-21 13:40:00,ATM,CE,355.0,356.1,6.0,6.0,3.5,3.5,17.918669,21000,777000
2026-08-21 13:45:00,ATM,CE,355.0,355.95,3.5,3.5,3.5,3.5,18.527307,0,777000
2026-08-21 13:50:00,ATM,CE,355.0,356.25,3.5,3.5,3.5,3.5,17.321102,0,777000
2026-08-21 13:55:00,ATM,CE,355.0,356.1,3.5,3.5,3.5,3.5,17.945637,0,777000
2026-08-21 14:00:00,ATM,CE,355.0,356.0,3.5,3.5,3.5,3.5,18.356503,0,777000
2026-08-21 14:05:00,ATM,CE,355.0,355.65,4.2,4.2,3.5,4.2,24.446243,3000,777000
2026-08-21 14:10:00,ATM,CE,355.0,356.0,4.2,4.2,4.2,4.2,23.135076,0,777000
2026-08-21 14:15:00,ATM,CE,355.0,356.55,4.2,4.2,4.0,4.0,19.566385,6000,774000
2026-08-21 14:20:00,ATM,CE,355.0,356.6,4.0,4.0,4.0,4.0,19.364423,0,774000
2026-08-21 14:25:00,ATM,CE,355.0,356.4,4.0,4.0,4.0,4.0,20.210942,0,774000
2026-08-21 14:30:00,ATM,CE,355.0,356.6,4.0,4.0,4.0,4.0,19.38387,0,774000
2026-08-21 14:35:00,ATM,CE,355.0,356.8,4.0,4.0,2.05,2.05,0.0,3000,774000
2026-08-21 14:40:00,ATM,CE,355.0,356.7,2.05,2.05,2.05,2.05,0.0,0,774000
2026-08-21 14:45:00,ATM,CE,355.0,356.8,2.05,2.05,2.05,2.05,0.0,0,774000
2026-08-21 14:50:00,ATM,CE,355.0,356.6,2.05,2.05,2.05,2.05,3.910961,0,774000
2026-08-21 14:55:00,ATM,CE,355.0,355.9,2.05,2.05,2.05,2.05,8.756952,0,774000
2026-08-21 15:00:00,ATM,CE,355.0,355.7,3.25,3.25,2.05,2.35,11.766647,39000,774000
2026-08-21 15:05:00,ATM,CE,355.0,355.4,2.35,3.0,2.35,3.0,17.392795,6000,774000
2026-08-21 15:10:00,ATM,CE,355.0,357.45,1.15,3.0,1.15,1.15,0.0,21000,774000
2026-08-21 15:15:00,ATM,CE,355.0,357.45,4.5,4.5,1.15,4.5,19.189893,3000,774000
2026-08-21 15:20:00,ATM,CE,355.0,357.45,4.5,4.5,4.2,4.2,16.997778,3000,774000
2026-08-21 15:25:00,ATM,CE,355.0,357.5,4.2,4.2,4.2,4.2,16.753968,0,774000
2026-08-21 15:30:00,ATM,CE,355.0,357.5,4.2,4.2,4.2,4.2,16.762935,0,774000
2026-08-21 15:35:00,ATM,CE,355.0,357.5,4.2,4.2,4.0,4.0,15.259417,3000,774000
2026-08-24 09:15:00,ATM,CE,360.0,360.7,2.9,4.8,2.65,4.3,45.80093,819000,2979000
2026-08-24 09:20:00,ATM,CE,360.0,362.3,4.2,4.7,4.05,4.7,39.565382,168000,2949000
2026-08-24 09:25:00,ATM,CE,360.0,360.95,4.5,4.85,4.35,4.35,44.905075,282000,2928000
2026-08-24 09:30:00,ATM,CE,360.0,360.25,4.0,4.35,2.85,3.8,42.88776,777000,2559000
2026-08-24 09:35:00,ATM,CE,360.0,360.5,3.8,4.0,3.55,4.0,43.763085,90000,2547000
2026-08-24 09:40:00,ATM,CE,360.0,362.0,4.0,4.95,4.0,4.95,45.093134,102000,2511000
2026-08-24 09:45:00,ATM,CE,365.0,364.6,4.65,4.95,2.6,3.85,46.94597,894000,1806000
2026-08-24 09:50:00,ATM,CE,365.0,365.8,4.15,4.9,3.85,4.9,52.072253,1002000,1593000
2026-08-24 09:55:00,ATM,CE,370.0,367.95,5.0,6.3,3.9,4.0,57.241331,864000,3999000
2026-08-24 10:00:00,ATM,CE,365.0,366.9,4.15,6.95,4.0,6.0,58.03154,1557000,1347000
2026-08-24 10:05:00,ATM,CE,365.0,364.7,6.05,6.3,4.75,4.75,57.29002,300000,1383000
2026-08-24 10:10:00,ATM,CE,365.0,366.85,4.5,5.45,4.5,5.35,50.743502,183000,1416000
2026-08-24 10:15:00,ATM,CE,365.0,367.05,5.35,5.5,5.35,5.45,50.619481,81000,1416000
2026-08-24 10:20:00,ATM,CE,365.0,366.25,5.4,5.45,5.0,5.0,50.779261,54000,1407000
2026-08-24 10:25:00,ATM,CE,365.0,365.45,5.0,5.0,4.6,4.6,51.253541,129000,1377000
2026-08-24 10:30:00,ATM,CE,365.0,366.2,4.6,5.0,4.6,5.0,51.262331,27000,1362000
2026-08-24 10:35:00,ATM,CE,365.0,365.85,5.0,5.0,4.9,4.9,52.437763,99000,1353000
2026-08-24 10:40:00,ATM,CE,365.0,365.65,4.9,4.9,4.8,4.8,52.605206,3000,1329000
2026-08-24 10:45:00,ATM,CE,365.0,365.0,4.5,4.8,4.3,4.7,55.549598,57000,1320000
2026-08-24 10:50:00,ATM,CE,365.0,364.25,4.7,4.7,4.05,4.05,52.304371,75000,1335000
2026-08-24 10:55:00,ATM,CE,365.0,365.15,4.1,4.95,4.05,4.65,54.190387,120000,1356000
2026-08-24 11:00:00,ATM,CE,365.0,364.2,4.65,4.65,4.65,4.65,59.987047,0,1356000
2026-08-24 11:05:00,ATM,CE,365.0,364.85,4.0,4.65,3.9,4.3,51.9811,69000,1350000
2026-08-24 11:10:00,ATM,CE,365.0,364.95,4.45,4.45,4.3,4.45,53.25758,45000,1341000
2026-08-24 11:15:00,ATM,CE,365.0,364.8,4.05,4.45,4.0,4.15,50.62993,45000,1326000
2026-08-24 11:20:00,ATM,CE,365.0,364.95,4.15,4.2,4.1,4.2,50.394243,54000,1326000
2026-08-24 11:25:00,ATM,CE,365.0,364.95,4.05,4.2,3.95,4.0,48.047787,51000,1320000
2026-08-24 11:30:00,ATM,CE,365.0,364.1,4.05,4.15,3.85,3.85,51.378745,69000,1299000
2026-08-24 11:35:00,ATM,CE,365.0,365.2,3.85,4.25,3.75,4.25,49.674,27000,1299000
2026-08-24 11:40:00,ATM,CE,365.0,365.45,4.3,4.3,4.25,4.3,48.767445,48000,1311000
2026-08-24 11:45:00,ATM,CE,365.0,365.5,4.5,4.75,4.3,4.75,54.009483,30000,1296000
2026-08-24 11:50:00,ATM,CE,365.0,365.4,4.75,4.8,4.35,4.35,49.85056,39000,1293000
2026-08-24 11:55:00,ATM,CE,365.0,365.65,4.35,4.6,4.35,4.6,51.365096,9000,1293000
2026-08-24 12:00:00,ATM,CE,365.0,366.05,4.6,4.95,4.6,4.8,51.237343,42000,1272000
2026-08-24 12:05:00,ATM,CE,365.0,366.2,4.8,4.9,4.6,4.6,47.825434,72000,1260000
2026-08-24 12:10:00,ATM,CE,365.0,366.2,4.6,4.6,4.6,4.6,47.900406,0,1257000
2026-08-24 12:15:00,ATM,CE,365.0,366.15,4.6,4.6,4.6,4.6,48.320878,0,1257000
2026-08-24 12:20:00,ATM,CE,365.0,366.4,4.75,5.0,4.6,4.95,51.003514,84000,1236000
2026-08-24 12:25:00,ATM,CE,365.0,366.1,4.8,4.95,4.75,4.75,50.678917,12000,1233000
2026-08-24 12:30:00,ATM,CE,365.0,366.35,4.75,4.85,4.65,4.65,47.776739,72000,1191000
2026-08-24 12:35:00,ATM,CE,365.0,366.25,4.55,4.75,4.55,4.75,49.801815,24000,1176000
2026-08-24 12:40:00,ATM,CE,365.0,366.6,4.75,4.75,4.55,4.7,46.766821,27000,1161000
2026-08-24 12:45:00,ATM,CE,365.0,366.8,4.7,4.95,4.55,4.95,48.531633,33000,1158000
2026-08-24 12:50:00,ATM,CE,365.0,366.9,4.95,4.95,4.8,4.8,45.967586,24000,1155000
2026-08-24 12:55:00,ATM,CE,365.0,366.8,5.0,5.0,4.7,4.7,45.519817,24000,1152000
2026-08-24 13:00:00,ATM,CE,365.0,366.45,4.8,4.85,4.4,4.4,44.367782,84000,1095000
2026-08-24 13:05:00,ATM,CE,365.0,366.8,4.4,4.55,4.3,4.5,43.118515,45000,1098000
2026-08-24 13:10:00,ATM,CE,365.0,366.55,4.65,4.65,4.35,4.4,43.780487,21000,1098000
2026-08-24 13:15:00,ATM,CE,365.0,366.95,4.4,4.4,4.4,4.4,40.823536,3000,1098000
2026-08-24 13:20:00,ATM,CE,365.0,366.3,4.4,4.4,4.4,4.4,45.744033,0,1098000
2026-08-24 13:25:00,ATM,CE,365.0,366.05,4.4,4.4,4.0,4.0,42.530192,18000,1089000
2026-08-24 13:30:00,ATM,CE,365.0,366.25,4.2,4.2,4.0,4.0,41.165486,12000,1080000
2026-08-24 13:35:00,ATM,CE,365.0,366.2,4.0,4.25,4.0,4.25,44.780066,12000,1074000
2026-08-24 13:40:00,ATM,CE,365.0,366.4,4.25,4.35,4.25,4.35,44.681785,27000,1068000
2026-08-24 13:45:00,ATM,CE,365.0,366.35,4.2,4.35,4.1,4.1,41.919948,66000,1059000
2026-08-24 13:50:00,ATM,CE,365.0,366.1,4.0,4.1,3.85,3.85,40.609284,54000,1047000
2026-08-24 13:55:00,ATM,CE,365.0,366.05,3.9,3.9,3.85,3.85,41.037835,21000,1047000
2026-08-24 14:00:00,ATM,CE,365.0,366.1,3.85,3.95,3.8,3.85,40.746308,30000,1044000
2026-08-24 14:05:00,ATM,CE,365.0,366.3,3.85,3.95,3.85,3.95,40.637781,3000,1047000
2026-08-24 14:10:00,ATM,CE,365.0,366.2,3.95,4.1,3.95,4.1,43.377159,12000,1044000
2026-08-24 14:15:00,ATM,CE,365.0,367.2,4.1,4.75,4.1,4.75,44.267195,15000,1038000
2026-08-24 14:20:00,ATM,CE,365.0,366.55,4.9,4.9,4.35,4.35,44.16659,51000,1041000
2026-08-24 14:25:00,ATM,CE,365.0,367.1,4.3,4.8,4.3,4.8,45.877735,75000,1038000
2026-08-24 14:30:00,ATM,CE,365.0,367.2,4.8,4.8,4.55,4.55,41.838979,36000,1029000
2026-08-24 14:35:00,ATM,CE,365.0,367.15,4.65,4.65,4.55,4.65,43.648912,18000,1023000
2026-08-24 14:40:00,ATM,CE,365.0,367.05,4.65,4.65,4.6,4.6,43.865649,15000,1020000
2026-08-24 14:45:00,ATM,CE,365.0,366.9,4.6,4.6,4.45,4.5,43.81053,69000,978000
2026-08-24 14:50:00,ATM,CE,365.0,366.85,4.5,4.5,3.95,3.95,36.970055,42000,981000
2026-08-24 14:55:00,ATM,CE,365.0,366.75,4.15,4.15,3.95,4.0,38.512634,57000,975000
2026-08-24 15:00:00,ATM,CE,365.0,365.75,4.0,4.0,3.85,3.85,44.127037,57000,942000
2026-08-24 15:05:00,ATM,CE,365.0,364.75,3.85,3.85,3.85,3.85,50.975925,99000,903000
2026-08-24 15:10:00,ATM,CE,365.0,365.4,3.8,4.0,3.8,4.0,48.680181,90000,858000
2026-08-24 15:15:00,ATM,CE,365.0,365.4,4.2,4.35,4.0,4.35,53.330865,36000,843000
2026-08-24 15:20:00,ATM,CE,365.0,365.4,4.35,4.7,4.35,4.6,56.690518,96000,774000
2026-08-24 15:25:00,ATM,CE,365.0,365.05,4.2,4.6,4.2,4.45,57.199323,84000,714000
2026-08-24 15:30:00,ATM,CE,365.0,365.05,4.1,4.45,4.1,4.2,54.025168,45000,705000
2026-08-24 15:35:00,ATM,CE,365.0,365.05,4.2,4.7,4.2,4.7,60.683116,75000,696000
2026-08-25 09:15:00,ATM,CE,365.0,364.95,3.65,3.65,3.0,3.0,76.932803,201000,618000
2026-08-25 09:20:00,ATM,CE,365.0,364.5,3.0,3.0,2.65,2.65,74.120741,42000,603000
2026-08-25 09:25:00,ATM,CE,365.0,366.1,2.2,3.55,2.2,3.55,76.325158,57000,609000
2026-08-25 09:30:00,ATM,CE,365.0,367.15,3.55,4.15,3.2,4.15,76.265063,36000,576000
2026-08-25 09:35:00,ATM,CE,370.0,367.65,4.15,4.15,1.8,2.2,83.885859,150000,2487000
2026-08-25 09:40:00,ATM,CE,365.0,367.1,4.2,4.4,4.0,4.0,74.066524,15000,564000
2026-08-25 09:45:00,ATM,CE,370.0,367.55,1.9,2.4,1.9,2.3,88.902088,132000,2445000
2026-08-25 09:50:00,ATM,CE,370.0,368.05,4.0,4.45,2.0,2.4,86.783625,48000,2442000
2026-08-25 09:55:00,ATM,CE,370.0,368.65,2.45,2.5,2.3,2.35,79.151827,219000,2334000
2026-08-25 10:00:00,ATM,CE,370.0,368.1,2.3,2.35,2.3,2.3,84.742006,39000,2289000
2026-08-25 10:05:00,ATM,CE,365.0,367.4,2.1,4.2,1.85,4.2,77.169765,63000,549000
2026-08-25 10:10:00,ATM,CE,365.0,366.65,4.0,4.2,3.3,3.3,65.320154,21000,549000
2026-08-25 10:15:00,ATM,CE,370.0,368.65,3.2,3.3,1.45,2.1,74.606305,27000,2244000
2026-08-25 10:20:00,ATM,CE,365.0,367.25,2.0,4.1,2.0,4.1,78.858368,48000,528000
2026-08-25 10:25:00,ATM,CE,370.0,368.85,4.1,4.1,1.7,2.1,73.360098,21000,2226000
2026-08-25 10:30:00,ATM,CE,370.0,368.8,2.05,2.35,2.05,2.35,81.729193,24000,2208000
2026-08-25 10:35:00,ATM,CE,370.0,368.9,2.05,2.4,2.05,2.3,79.705127,42000,2205000
2026-08-25 10:40:00,ATM,CE,370.0,368.8,2.1,2.3,2.05,2.25,80.20834,15000,2199000
2026-08-25 10:45:00,ATM,CE,370.0,368.7,2.0,2.25,1.85,1.85,70.399202,45000,2184000
2026-08-25 10:50:00,ATM,CE,370.0,368.65,1.85,1.85,1.85,1.85,71.64297,0,2181000
2026-08-25 10:55:00,ATM,CE,370.0,368.85,1.85,2.0,1.85,1.85,69.746299,30000,2166000
2026-08-25 11:00:00,ATM,CE,370.0,368.8,1.95,2.1,1.85,2.1,78.574427,39000,2133000
2026-08-25 11:05:00,ATM,CE,370.0,369.3,2.1,2.2,1.9,2.2,75.575124,42000,2121000
2026-08-25 11:10:00,ATM,CE,370.0,369.45,2.15,2.25,2.15,2.25,75.690002,75000,2112000
2026-08-25 11:15:00,ATM,CE,370.0,369.15,2.25,2.3,2.15,2.3,82.201319,21000,2100000
2026-08-25 11:20:00,ATM,CE,370.0,369.15,2.35,2.4,2.3,2.3,83.008009,51000,2085000
2026-08-25 11:25:00,ATM,CE,370.0,369.15,2.25,2.3,2.2,2.2,80.704702,15000,2073000
2026-08-25 11:30:00,ATM,CE,370.0,367.55,2.2,2.2,1.45,1.45,78.041705,42000,2061000
2026-08-25 11:35:00,ATM,CE,365.0,367.3,3.0,3.0,1.25,3.0,50.575029,3000,465000
2026-08-25 11:40:00,ATM,CE,365.0,366.6,3.0,3.0,2.8,2.8,61.007808,12000,462000
2026-08-25 11:45:00,ATM,CE,365.0,367.2,2.5,2.85,2.5,2.85,48.660539,15000,459000
2026-08-25 11:50:00,ATM,CE,365.0,366.2,2.85,2.85,2.7,2.7,67.42617,3000,450000
2026-08-25 11:55:00,ATM,CE,365.0,366.65,2.55,2.7,2.55,2.55,52.907345,27000,447000
2026-08-25 12:00:00,ATM,CE,365.0,366.25,2.55,2.55,2.55,2.55,62.68121,0,444000
2026-08-25 12:05:00,ATM,CE,365.0,366.05,2.6,3.0,2.55,2.75,74.669579,63000,438000
2026-08-25 12:10:00,ATM,CE,365.0,367.0,2.75,3.6,2.75,3.6,85.414204,33000,438000
2026-08-25 12:15:00,ATM,CE,365.0,367.0,3.6,3.6,3.0,3.0,63.844572,39000,408000
2026-08-25 12:20:00,ATM,CE,365.0,366.65,3.0,3.0,3.0,3.0,73.367854,0,405000
2026-08-25 12:25:00,ATM,CE,365.0,366.7,3.0,3.0,2.5,2.5,53.668978,18000,399000
2026-08-25 12:30:00,ATM,CE,365.0,366.35,2.5,2.5,2.25,2.25,53.678386,12000,393000
2026-08-25 12:35:00,ATM,CE,365.0,365.8,2.05,2.25,1.3,1.3,30.818071,39000,381000
2026-08-25 12:40:00,ATM,CE,365.0,365.75,1.3,1.3,1.3,1.3,32.563718,0,381000
2026-08-25 12:45:00,ATM,CE,365.0,365.5,1.3,1.5,1.3,1.5,46.828582,21000,384000
2026-08-25 12:50:00,ATM,CE,365.0,365.45,1.3,1.7,1.3,1.7,56.465264,27000,390000
2026-08-25 12:55:00,ATM,CE,365.0,364.8,1.7,1.7,1.3,1.3,54.822552,3000,387000
2026-08-25 13:00:00,ATM,CE,365.0,364.45,1.3,1.3,0.55,0.55,31.63819,9000,384000
2026-08-25 13:05:00,ATM,CE,365.0,364.2,0.55,0.55,0.55,0.55,36.204196,3000,381000
2026-08-25 13:10:00,ATM,CE,365.0,365.0,0.75,1.0,0.55,1.0,41.139156,18000,384000
2026-08-25 13:15:00,ATM,CE,365.0,365.35,1.0,1.0,1.0,1.0,33.959353,0,384000
2026-08-25 13:20:00,ATM,CE,365.0,365.1,1.45,1.45,1.0,1.45,59.753932,3000,381000
2026-08-25 13:25:00,ATM,CE,365.0,364.75,1.45,1.45,1.45,1.45,68.47469,0,381000
2026-08-25 13:30:00,ATM,CE,365.0,364.55,1.45,1.45,1.0,1.0,53.821957,30000,378000
2026-08-25 13:35:00,ATM,CE,365.0,364.85,1.0,1.05,1.0,1.0,48.612361,27000,345000
2026-08-25 13:40:00,ATM,CE,365.0,364.55,1.0,1.1,0.2,0.5,32.467749,51000,321000
2026-08-25 13:45:00,ATM,CE,365.0,364.5,0.5,0.85,0.5,0.85,51.225953,18000,330000
2026-08-25 13:50:00,ATM,CE,365.0,365.05,1.1,1.1,0.5,0.5,22.874091,66000,327000
2026-08-25 13:55:00,ATM,CE,365.0,364.5,0.5,0.5,0.5,0.5,35.863503,0,327000
2026-08-25 14:00:00,ATM,CE,365.0,365.45,0.5,0.5,0.5,0.5,9.74029,0,345000
2026-08-25 14:05:00,ATM,CE,365.0,364.9,0.5,1.1,0.5,0.95,52.288523,54000,330000
2026-08-25 14:10:00,ATM,CE,365.0,365.05,0.95,0.95,0.7,0.7,36.270613,12000,330000
2026-08-25 14:15:00,ATM,CE,365.0,365.15,0.7,0.7,0.7,0.7,34.456176,0,330000
2026-08-25 14:20:00,ATM,CE,365.0,364.95,0.7,0.7,0.5,0.5,30.01754,15000,342000
2026-08-25 14:25:00,ATM,CE,365.0,365.2,0.5,0.5,0.5,0.5,23.143754,0,342000
2026-08-25 14:30:00,ATM,CE,365.0,364.9,0.5,0.55,0.5,0.55,36.843784,3000,342000
2026-08-25 14:35:00,ATM,CE,365.0,364.8,0.55,0.55,0.55,0.55,41.353271,0,342000
2026-08-25 14:40:00,ATM,CE,365.0,365.45,0.55,1.2,0.55,1.2,64.141599,18000,333000
2026-08-25 14:45:00,ATM,CE,365.0,366.35,1.2,2.05,0.85,2.05,88.502872,36000,312000
2026-08-25 14:50:00,ATM,CE,365.0,366.7,1.5,2.05,1.15,1.55,0.0,30000,300000
2026-08-25 14:55:00,ATM,CE,365.0,366.4,1.55,1.55,1.0,1.0,0.0,3000,294000
2026-08-25 15:00:00,ATM,CE,365.0,366.5,1.0,2.25,1.0,2.0,91.351804,36000,273000
2026-08-25 15:05:00,ATM,CE,365.0,366.6,2.0,2.0,1.7,1.75,60.092972,9000,264000
2026-08-25 15:10:00,ATM,CE,365.0,365.55,1.75,1.75,1.0,1.0,68.58649,6000,258000
2026-08-25 15:15:00,ATM,CE,365.0,365.55,1.0,1.0,0.6,0.6,24.957172,3000,255000
2026-08-25 15:20:00,ATM,CE,365.0,365.55,1.0,1.0,0.6,1.0,88.604152,3000,252000
2026-08-25 15:25:00,ATM,CE,365.0,367.45,1.0,1.75,1.0,1.75,0.0,9000,252000
2026-08-25 15:30:00,ATM,CE,365.0,367.45,1.75,1.75,1.0,1.0,0.0,9000,243000
2026-08-25 15:35:00,ATM,CE,365.0,367.45,1.0,1.0,0.25,0.25,0.0,3000,237000
2026-08-20 09:25:00,ATM,PE,350.0,350.35,5.2,5.2,4.5,4.5,29.339266,12000,1692000
2026-08-20 09:30:00,ATM,PE,350.0,348.0,4.5,4.5,4.5,4.5,22.189507,0,1692000
2026-08-20 09:35:00,ATM,PE,350.0,348.35,4.5,4.5,4.5,4.5,23.360087,0,1692000
2026-08-20 09:40:00,ATM,PE,350.0,349.05,4.5,4.5,4.5,4.5,25.576905,0,1692000
2026-08-20 09:45:00,ATM,PE,350.0,349.45,4.5,7.0,4.5,7.0,41.753424,3000,1692000
2026-08-20 09:50:00,ATM,PE,350.0,348.0,7.0,7.0,7.0,7.0,37.330777,0,1692000
2026-08-20 09:55:00,ATM,PE,350.0,347.6,7.0,7.0,7.0,7.0,36.048148,0,1692000
2026-08-20 10:00:00,ATM,PE,350.0,347.8,7.0,7.0,6.0,6.0,30.660278,6000,1689000
2026-08-20 10:05:00,ATM,PE,350.0,348.35,6.0,6.0,6.0,6.0,32.449029,0,1689000
2026-08-20 10:10:00,ATM,PE,350.0,348.6,6.0,6.0,6.0,6.0,33.244372,0,1689000
2026-08-20 10:15:00,ATM,PE,350.0,348.05,6.0,6.0,6.0,6.0,31.506355,0,1689000
2026-08-20 10:20:00,ATM,PE,350.0,348.0,6.0,6.0,6.0,6.0,31.353184,0,1689000
2026-08-20 10:25:00,ATM,PE,350.0,348.0,6.0,6.0,6.0,6.0,31.355048,0,1689000
2026-08-20 10:35:00,ATM,PE,350.0,347.6,7.0,7.0,7.0,7.0,36.132941,0,1683000
2026-08-20 10:45:00,ATM,PE,350.0,347.55,7.0,7.0,7.0,7.0,35.992163,0,1683000
2026-08-20 11:55:00,ATM,PE,350.0,347.65,7.5,7.5,7.5,7.5,39.524382,0,1680000
2026-08-20 12:00:00,ATM,PE,350.0,347.7,7.5,7.5,7.5,7.5,39.697172,0,1680000
2026-08-20 12:05:00,ATM,PE,350.0,347.6,7.5,7.5,7.5,7.5,39.377887,0,1680000
2026-08-20 12:15:00,ATM,PE,350.0,347.9,7.5,7.5,7.5,7.5,40.38429,0,1680000
2026-08-20 12:20:00,ATM,PE,350.0,347.6,6.5,7.5,6.5,6.5,33.301969,3000,1680000
2026-08-20 12:30:00,ATM,PE,345.0,347.5,3.5,3.5,3.5,3.5,29.62288,3000,450000
2026-08-20 12:35:00,ATM,PE,345.0,347.3,6.5,6.5,3.5,3.5,29.130291,0,450000
2026-08-20 12:40:00,ATM,PE,345.0,347.1,3.5,3.5,3.5,3.5,28.632403,0,450000
2026-08-20 12:45:00,ATM,PE,345.0,347.4,3.5,3.5,3.5,3.5,29.400008,0,450000
2026-08-20 12:50:00,ATM,PE,350.0,347.55,3.5,6.5,3.5,6.5,33.200682,0,1680000
2026-08-20 12:55:00,ATM,PE,345.0,347.5,6.5,6.5,3.5,3.5,29.668911,0,450000
2026-08-20 13:00:00,ATM,PE,350.0,347.55,6.5,6.5,6.5,6.5,33.220942,0,1680000
2026-08-20 13:05:00,ATM,PE,350.0,347.7,6.5,6.5,3.5,6.5,33.734382,0,1680000
2026-08-20 13:10:00,ATM,PE,345.0,347.5,3.5,3.5,3.5,3.5,29.696644,0,450000
2026-08-20 13:15:00,ATM,PE,345.0,347.35,3.5,3.5,3.5,3.5,29.328963,0,450000
2026-08-20 13:20:00,ATM,PE,345.0,346.55,3.5,3.5,3.5,3.5,27.277908,0,450000
2026-08-20 13:25:00,ATM,PE,345.0,346.85,3.5,3.5,3.5,3.5,28.069371,0,450000
2026-08-20 13:30:00,ATM,PE,350.0,347.55,3.5,6.5,3.5,6.5,33.281963,0,1680000
2026-08-20 13:35:00,ATM,PE,345.0,346.85,3.5,3.5,3.5,3.5,28.086786,0,450000
2026-08-20 13:40:00,ATM,PE,345.0,347.5,3.5,3.5,3.5,3.5,29.75238,0,450000
2026-08-20 13:45:00,ATM,PE,345.0,347.35,3.5,3.5,3.5,3.5,29.383948,0,450000
2026-08-20 13:50:00,ATM,PE,345.0,347.1,3.5,3.5,3.5,3.5,28.757134,0,450000
2026-08-20 13:55:00,ATM,PE,345.0,347.0,3.5,3.5,3.5,3.5,28.509366,0,450000
2026-08-20 14:00:00,ATM,PE,345.0,347.35,3.5,3.5,3.5,3.5,29.411573,0,450000
2026-08-20 14:05:00,ATM,PE,345.0,347.4,3.5,3.5,3.5,3.5,29.547199,0,450000
2026-08-20 14:10:00,ATM,PE,350.0,347.55,3.5,7.0,3.5,7.0,36.447971,0,1680000
2026-08-20 14:15:00,ATM,PE,345.0,347.25,3.5,3.5,3.5,3.5,29.185372,0,450000
2026-08-20 14:20:00,ATM,PE,345.0,347.2,3.5,3.5,3.5,3.5,29.067065,0,450000
2026-08-20 14:25:00,ATM,PE,345.0,347.4,3.5,3.5,3.5,3.5,29.584385,0,450000
2026-08-20 14:30:00,ATM,PE,345.0,347.35,3.5,3.5,3.5,3.5,29.467083,0,450000
2026-08-20 14:35:00,ATM,PE,345.0,347.35,3.5,3.5,3.5,3.5,29.476367,0,450000
2026-08-20 14:40:00,ATM,PE,345.0,347.1,3.5,3.5,3.5,3.5,28.847364,0,450000
2026-08-20 14:45:00,ATM,PE,350.0,347.85,3.5,7.0,3.5,7.0,37.525363,0,1680000
2026-08-20 14:50:00,ATM,PE,350.0,348.55,7.0,7.0,6.2,6.2,34.887046,3000,1680000
2026-08-20 14:55:00,ATM,PE,350.0,348.7,6.2,6.2,5.4,5.4,30.468926,6000,1680000
2026-08-20 15:00:00,ATM,PE,350.0,348.9,5.4,5.4,5.2,5.2,29.885086,3000,1680000
2026-08-20 15:05:00,ATM,PE,350.0,349.6,5.2,5.2,5.2,5.2,32.042205,6000,1677000
2026-08-20 15:10:00,ATM,PE,350.0,349.3,5.2,5.2,5.2,5.2,31.144061,0,1677000
2026-08-20 15:15:00,ATM,PE,350.0,349.3,5.2,5.2,5.2,5.2,31.153798,0,1677000
2026-08-20 15:20:00,ATM,PE,350.0,349.3,5.2,5.2,5.2,5.2,31.163543,0,1677000
2026-08-20 15:25:00,ATM,PE,350.0,349.25,5.2,5.2,5.2,5.2,31.019986,0,1677000
2026-08-20 15:30:00,ATM,PE,350.0,349.25,5.2,5.2,5.2,5.2,31.029692,0,1677000
2026-08-20 15:35:00,ATM,PE,350.0,349.25,5.2,5.2,5.2,5.2,31.039412,0,1677000
2026-08-21 09:25:00,ATM,PE,355.0,355.55,5.0,5.0,5.0,5.0,35.748844,18000,645000
2026-08-21 09:30:00,ATM,PE,355.0,353.75,5.0,5.0,5.0,5.0,29.96036,0,645000
2026-08-21 09:35:00,ATM,PE,355.0,355.15,5.0,5.0,5.0,5.0,34.543671,6000,645000
2026-08-21 09:40:00,ATM,PE,355.0,357.4,5.0,5.0,4.0,4.0,34.520493,15000,645000
2026-08-21 09:45:00,ATM,PE,355.0,356.45,4.0,4.0,4.0,4.0,31.879039,0,645000
2026-08-21 09:50:00,ATM,PE,355.0,356.05,7.9,7.9,4.0,5.3,39.295126,48000,645000
2026-08-21 09:55:00,ATM,PE,355.0,356.6,5.3,5.3,5.3,5.3,40.928363,0,645000
2026-08-21 10:00:00,ATM,PE,355.0,356.0,5.3,5.3,5.3,5.3,39.175986,0,645000
2026-08-21 10:05:00,ATM,PE,355.0,356.0,5.3,5.3,5.3,5.3,39.191027,0,645000
2026-08-21 10:10:00,ATM,PE,355.0,356.9,4.05,5.3,4.05,4.05,33.54819,27000,648000
2026-08-21 10:15:00,ATM,PE,355.0,357.15,4.05,4.05,4.05,4.05,34.258513,0,648000
2026-08-21 10:20:00,ATM,PE,355.0,356.85,4.05,4.05,4.05,4.05,33.43324,0,648000
2026-08-21 10:25:00,ATM,PE,355.0,357.45,6.0,6.05,3.7,3.7,32.761817,45000,648000
2026-08-21 10:30:00,ATM,PE,355.0,357.35,3.7,3.7,3.7,3.7,32.50262,0,648000
2026-08-21 10:35:00,ATM,PE,360.0,358.15,3.7,6.0,3.7,5.55,31.214407,15000,1785000
2026-08-21 10:40:00,ATM,PE,360.0,358.2,5.4,5.55,5.3,5.3,29.764615,9000,1779000
2026-08-21 10:45:00,ATM,PE,360.0,358.45,5.3,5.3,5.3,5.3,30.654319,0,1776000
2026-08-21 10:50:00,ATM,PE,360.0,358.1,5.3,5.3,5.3,5.3,29.429636,0,1776000
2026-08-21 10:55:00,ATM,PE,360.0,358.15,5.3,5.3,5.3,5.3,29.619597,0,1776000
2026-08-21 11:00:00,ATM,PE,360.0,357.95,5.3,5.3,5.3,5.3,28.90913,0,1776000
2026-08-21 11:05:00,ATM,PE,360.0,358.15,5.3,5.3,5.3,5.3,29.64164,0,1776000
2026-08-21 11:10:00,ATM,PE,360.0,358.15,5.3,5.3,5.3,5.3,29.652688,0,1776000
2026-08-21 11:15:00,ATM,PE,360.0,358.15,5.3,5.3,5.3,5.3,29.663748,0,1776000
2026-08-21 11:20:00,ATM,PE,360.0,358.2,5.3,5.3,5.3,5.3,29.853433,0,1776000
2026-08-21 11:25:00,ATM,PE,360.0,357.75,5.3,5.3,5.3,5.3,28.225585,0,1776000
2026-08-21 11:30:00,ATM,PE,360.0,357.7,5.3,5.3,5.3,5.3,28.049293,0,1776000
2026-08-21 11:35:00,ATM,PE,360.0,358.0,5.3,5.3,5.3,5.3,29.166599,0,1776000
2026-08-21 11:40:00,ATM,PE,355.0,357.0,5.3,5.3,3.35,3.35,29.351677,0,645000
2026-08-21 11:45:00,ATM,PE,355.0,357.45,3.35,3.35,3.35,3.35,30.590507,0,645000
2026-08-21 11:50:00,ATM,PE,360.0,357.75,5.3,5.3,5.3,5.3,28.277955,0,1776000
2026-08-21 11:55:00,ATM,PE,360.0,358.0,5.3,5.3,5.3,5.3,29.210238,0,1776000
2026-08-21 12:00:00,ATM,PE,360.0,357.75,5.3,5.3,5.3,5.3,28.299,0,1776000
2026-08-21 12:05:00,ATM,PE,360.0,357.6,5.3,5.3,5.3,5.3,27.744576,0,1776000
2026-08-21 12:10:00,ATM,PE,355.0,356.6,5.3,5.3,2.85,2.85,24.925999,0,645000
2026-08-21 12:15:00,ATM,PE,355.0,356.5,2.85,2.85,2.85,2.85,24.656423,0,645000
2026-08-21 12:20:00,ATM,PE,355.0,356.8,2.85,2.85,2.85,2.85,25.498171,0,645000
2026-08-21 12:25:00,ATM,PE,355.0,356.65,2.85,2.85,2.85,2.85,25.093503,0,645000
2026-08-21 12:30:00,ATM,PE,355.0,357.45,2.85,5.3,2.85,2.85,27.273109,0,645000
2026-08-21 12:35:00,ATM,PE,355.0,356.9,2.85,2.85,2.85,2.85,25.801923,0,645000
2026-08-21 12:40:00,ATM,PE,355.0,356.75,2.85,2.85,2.85,2.85,25.399378,0,645000
2026-08-21 12:45:00,ATM,PE,355.0,356.5,2.85,2.85,2.85,2.85,24.712891,0,645000
2026-08-21 12:50:00,ATM,PE,355.0,356.5,2.85,2.85,2.85,2.85,24.722344,0,645000
2026-08-21 12:55:00,ATM,PE,355.0,356.95,2.85,2.85,2.85,2.85,25.978527,9000,645000
2026-08-21 13:00:00,ATM,PE,355.0,356.65,2.85,2.85,2.85,2.85,25.160895,0,645000
2026-08-21 13:05:00,ATM,PE,355.0,356.95,2.85,2.85,2.85,2.85,25.998603,0,645000
2026-08-21 13:10:00,ATM,PE,355.0,356.5,2.85,2.85,2.85,2.85,24.760287,0,645000
2026-08-21 13:15:00,ATM,PE,355.0,356.75,2.85,2.85,2.85,2.85,25.467892,0,645000
2026-08-21 13:20:00,ATM,PE,355.0,356.25,2.85,2.85,2.85,2.85,24.069559,0,645000
2026-08-21 13:25:00,ATM,PE,355.0,356.55,2.85,2.85,2.85,2.85,24.929496,0,645000
2026-08-21 13:30:00,ATM,PE,355.0,355.45,2.85,2.85,2.85,2.85,21.726595,0,645000
2026-08-21 13:35:00,ATM,PE,355.0,356.5,2.85,2.85,2.85,2.85,24.807992,0,645000
2026-08-21 13:40:00,ATM,PE,355.0,356.1,2.85,2.85,2.85,2.85,23.674063,0,645000
2026-08-21 13:45:00,ATM,PE,355.0,355.95,2.85,2.85,2.85,2.85,23.245822,0,645000
2026-08-21 13:50:00,ATM,PE,355.0,356.25,2.85,3.8,2.85,3.8,30.551448,6000,645000
2026-08-21 13:55:00,ATM,PE,355.0,356.1,3.8,3.8,3.8,3.8,30.1195,0,645000
2026-08-21 14:00:00,ATM,PE,355.0,356.0,3.8,3.8,3.8,3.8,29.833006,0,645000
2026-08-21 14:05:00,ATM,PE,355.0,355.65,3.8,3.8,3.8,3.8,28.785259,0,645000
2026-08-21 14:10:00,ATM,PE,355.0,356.0,3.8,3.8,3.8,3.8,29.856435,0,645000
2026-08-21 14:15:00,ATM,PE,355.0,356.55,3.8,3.8,3.3,3.3,28.094149,6000,645000
2026-08-21 14:20:00,ATM,PE,355.0,356.6,3.3,3.3,3.3,3.3,28.248244,0,645000
2026-08-21 14:25:00,ATM,PE,355.0,356.4,3.3,3.3,3.3,3.3,27.684329,0,645000
2026-08-21 14:30:00,ATM,PE,355.0,356.6,3.3,3.3,3.3,3.3,28.270495,0,645000
2026-08-21 14:35:00,ATM,PE,355.0,356.8,3.3,3.3,3.3,3.3,28.850481,0,645000
2026-08-21 14:40:00,ATM,PE,355.0,356.7,3.3,3.3,3.3,3.3,28.578172,0,645000
2026-08-21 14:45:00,ATM,PE,355.0,356.8,3.3,3.3,3.3,3.3,28.873329,0,645000
2026-08-21 14:50:00,ATM,PE,355.0,356.6,3.3,3.3,3.3,3.3,28.315183,0,645000
2026-08-21 14:55:00,ATM,PE,355.0,355.9,3.3,3.3,3.3,3.3,26.276298,0,645000
2026-08-21 15:00:00,ATM,PE,355.0,355.7,3.3,3.3,3.3,3.3,25.682901,0,645000
2026-08-21 15:05:00,ATM,PE,355.0,355.4,3.3,3.5,3.3,3.5,26.120555,15000,645000
2026-08-21 15:10:00,ATM,PE,355.0,357.45,3.5,3.5,3.5,3.5,32.124977,0,645000
2026-08-21 15:15:00,ATM,PE,355.0,357.45,3.5,3.5,3.5,3.5,32.137911,0,645000
2026-08-21 15:20:00,ATM,PE,355.0,357.45,3.5,3.5,3.5,3.5,32.150856,0,645000
2026-08-21 15:25:00,ATM,PE,355.0,357.5,3.5,3.5,2.0,2.0,21.783585,3000,645000
2026-08-21 15:30:00,ATM,PE,355.0,357.5,2.0,2.0,2.0,2.0,21.792147,0,645000
2026-08-21 15:35:00,ATM,PE,355.0,357.5,2.0,2.0,2.0,2.0,21.800721,0,645000
2026-08-24 09:15:00,ATM,PE,360.0,360.7,2.5,4.0,2.3,3.4,44.906527,369000,1677000
2026-08-24 09:20:00,ATM,PE,360.0,362.3,3.2,3.4,2.8,2.85,46.594663,231000,1710000
2026-08-24 09:25:00,ATM,PE,360.0,360.95,2.45,3.0,2.45,3.0,41.610529,288000,1788000
2026-08-24 09:30:00,ATM,PE,360.0,360.25,3.15,3.75,2.85,3.1,39.006462,168000,1785000
2026-08-24 09:35:00,ATM,PE,360.0,360.5,3.05,3.45,3.0,3.1,40.463808,120000,1734000
2026-08-24 09:40:00,ATM,PE,360.0,362.0,3.15,3.15,2.45,2.45,40.485638,159000,1833000
2026-08-24 09:45:00,ATM,PE,365.0,364.6,2.7,5.65,2.45,4.5,51.355658,48000,771000
2026-08-24 09:50:00,ATM,PE,365.0,365.8,3.95,4.5,3.65,3.65,48.218528,348000,855000
2026-08-24 09:55:00,ATM,PE,370.0,367.95,3.6,6.4,3.1,6.3,61.673884,402000,1029000
2026-08-24 10:00:00,ATM,PE,365.0,366.9,5.8,6.3,2.85,3.15,48.124568,402000,1053000
2026-08-24 10:05:00,ATM,PE,365.0,364.7,3.15,4.1,3.15,4.1,47.493852,294000,1101000
2026-08-24 10:10:00,ATM,PE,365.0,366.85,4.15,4.15,3.35,3.35,50.413372,177000,1143000
2026-08-24 10:15:00,ATM,PE,365.0,367.05,3.35,3.35,2.85,3.0,47.257862,132000,1164000
2026-08-24 10:20:00,ATM,PE,365.0,366.25,2.8,3.0,2.75,3.0,43.252875,126000,1104000
2026-08-24 10:25:00,ATM,PE,365.0,365.45,3.0,3.3,3.0,3.3,42.571778,69000,1080000
2026-08-24 10:30:00,ATM,PE,365.0,366.2,3.3,3.3,3.2,3.2,45.514807,12000,1089000
2026-08-24 10:35:00,ATM,PE,365.0,365.85,3.2,3.3,3.15,3.3,44.90063,27000,1089000
2026-08-24 10:40:00,ATM,PE,365.0,365.65,3.2,3.3,3.2,3.2,42.66628,6000,1086000
2026-08-24 10:45:00,ATM,PE,365.0,365.0,3.3,3.45,3.2,3.25,39.625334,33000,1089000
2026-08-24 10:50:00,ATM,PE,365.0,364.25,3.25,3.4,3.25,3.4,36.901711,12000,1086000
2026-08-24 10:55:00,ATM,PE,365.0,365.15,3.55,3.55,3.1,3.35,41.813172,21000,1077000
2026-08-24 11:00:00,ATM,PE,365.0,364.2,3.35,3.45,3.35,3.45,37.288828,18000,1077000
2026-08-24 11:05:00,ATM,PE,365.0,364.85,4.0,4.0,3.45,3.6,43.172511,30000,1065000
2026-08-24 11:10:00,ATM,PE,365.0,364.95,3.6,3.6,3.3,3.4,41.417489,15000,1074000
2026-08-24 11:15:00,ATM,PE,365.0,364.8,3.6,3.6,3.4,3.6,42.994456,27000,1065000
2026-08-24 11:20:00,ATM,PE,365.0,364.95,3.65,3.65,3.45,3.45,42.140129,36000,1062000
2026-08-24 11:25:00,ATM,PE,365.0,364.95,3.4,3.55,3.4,3.55,43.41183,48000,1071000
2026-08-24 11:30:00,ATM,PE,365.0,364.1,3.55,3.65,3.5,3.65,39.395717,45000,1062000
2026-08-24 11:35:00,ATM,PE,365.0,365.2,3.65,3.65,3.65,3.65,46.230424,0,1044000
2026-08-24 11:40:00,ATM,PE,365.0,365.45,3.3,3.65,3.3,3.3,43.483998,33000,1050000
2026-08-24 11:45:00,ATM,PE,365.0,365.5,3.3,3.3,3.3,3.3,43.833153,0,1047000
2026-08-24 11:50:00,ATM,PE,365.0,365.4,3.3,3.3,3.15,3.2,42.100674,24000,1047000
2026-08-24 11:55:00,ATM,PE,365.0,365.65,3.2,3.3,3.2,3.3,44.815007,9000,1050000
2026-08-24 12:00:00,ATM,PE,365.0,366.05,3.3,3.3,3.0,3.15,45.266285,45000,1047000
2026-08-24 12:05:00,ATM,PE,365.0,366.2,3.15,3.15,3.0,3.0,44.297633,6000,1053000
2026-08-24 12:10:00,ATM,PE,365.0,366.2,3.0,3.0,3.0,3.0,44.362972,3000,1053000
2026-08-24 12:15:00,ATM,PE,365.0,366.15,3.0,3.0,3.0,3.0,44.156701,3000,1053000
2026-08-24 12:20:00,ATM,PE,365.0,366.4,3.0,3.0,2.85,2.85,43.704638,60000,1044000
2026-08-24 12:25:00,ATM,PE,365.0,366.1,3.0,3.0,2.85,3.0,44.014338,33000,1071000
2026-08-24 12:30:00,ATM,PE,365.0,366.35,3.1,3.1,3.0,3.1,46.689288,12000,1071000
2026-08-24 12:35:00,ATM,PE,365.0,366.25,3.1,3.1,3.0,3.0,44.96688,3000,1071000
2026-08-24 12:40:00,ATM,PE,365.0,366.6,3.0,3.2,3.0,3.0,46.919334,33000,1056000
2026-08-24 12:45:00,ATM,PE,365.0,366.8,2.85,3.0,2.85,2.85,46.154595,3000,1047000
2026-08-24 12:50:00,ATM,PE,365.0,366.9,2.85,2.85,2.85,2.85,46.747097,33000,1044000
2026-08-24 12:55:00,ATM,PE,365.0,366.8,2.85,2.85,2.85,2.85,46.294874,0,1044000
2026-08-24 13:00:00,ATM,PE,365.0,366.45,2.85,2.85,2.75,2.75,43.239549,69000,1041000
2026-08-24 13:05:00,ATM,PE,365.0,366.8,2.75,2.75,2.65,2.65,43.889124,72000,1035000
2026-08-24 13:10:00,ATM,PE,365.0,366.55,2.65,2.8,2.65,2.75,43.908216,15000,1020000
2026-08-24 13:15:00,ATM,PE,365.0,366.95,2.75,2.75,2.5,2.5,42.880032,24000,1017000
2026-08-24 13:20:00,ATM,PE,365.0,366.3,2.5,2.65,2.5,2.65,41.420991,6000,1026000
2026-08-24 13:25:00,ATM,PE,365.0,366.05,2.65,2.75,2.65,2.75,41.377308,78000,1053000
2026-08-24 13:30:00,ATM,PE,365.0,366.25,2.75,2.75,2.75,2.75,42.549232,12000,1044000
2026-08-24 13:35:00,ATM,PE,365.0,366.2,2.75,2.75,2.65,2.75,42.339609,21000,1038000
2026-08-24 13:40:00,ATM,PE,365.0,366.4,2.75,2.75,2.75,2.75,43.504519,0,1038000
2026-08-24 13:45:00,ATM,PE,365.0,366.35,2.65,2.75,2.65,2.65,42.017675,12000,1035000
2026-08-24 13:50:00,ATM,PE,365.0,366.1,2.65,2.7,2.65,2.7,41.341889,6000,1029000
2026-08-24 13:55:00,ATM,PE,365.0,366.05,2.7,2.7,2.5,2.5,38.564743,12000,1020000
2026-08-24 14:00:00,ATM,PE,365.0,366.1,2.5,2.5,2.5,2.5,38.904592,0,1020000
2026-08-24 14:05:00,ATM,PE,365.0,366.3,2.5,2.65,2.5,2.6,41.363327,12000,1017000
2026-08-24 14:10:00,ATM,PE,365.0,366.2,2.6,2.6,2.6,2.6,40.875033,33000,993000
2026-08-24 14:15:00,ATM,PE,365.0,367.2,2.6,2.6,2.25,2.3,42.358999,24000,981000
2026-08-24 14:20:00,ATM,PE,365.0,366.55,2.4,2.55,2.3,2.55,42.282321,54000,999000
2026-08-24 14:25:00,ATM,PE,365.0,367.1,2.55,2.55,2.55,2.55,45.282914,15000,1008000
2026-08-24 14:30:00,ATM,PE,365.0,367.2,2.35,2.55,2.25,2.45,44.555152,54000,1047000
2026-08-24 14:35:00,ATM,PE,365.0,367.15,2.45,2.45,2.3,2.3,42.375172,9000,1038000
2026-08-24 14:40:00,ATM,PE,365.0,367.05,2.2,2.3,2.15,2.3,41.924809,48000,1074000
2026-08-24 14:45:00,ATM,PE,365.0,366.9,2.3,2.3,2.2,2.3,41.206348,87000,1086000
2026-08-24 14:50:00,ATM,PE,365.0,366.85,2.4,2.4,2.25,2.4,42.336236,36000,1062000
2026-08-24 14:55:00,ATM,PE,365.0,366.75,2.4,2.5,2.35,2.5,43.194464,21000,1041000
2026-08-24 15:00:00,ATM,PE,365.0,365.75,2.5,2.7,2.5,2.7,40.251317,24000,1035000
2026-08-24 15:05:00,ATM,PE,365.0,364.75,2.65,2.7,2.6,2.7,34.109276,57000,1014000
2026-08-24 15:10:00,ATM,PE,365.0,365.4,2.7,2.75,2.6,2.6,36.977519,96000,1008000
2026-08-24 15:15:00,ATM,PE,365.0,365.4,2.8,2.8,2.6,2.7,38.344297,36000,999000
2026-08-24 15:20:00,ATM,PE,365.0,365.4,2.7,2.85,2.7,2.85,40.369416,39000,1017000
2026-08-24 15:25:00,ATM,PE,365.0,365.05,2.8,2.85,2.65,2.8,37.590026,27000,1023000
2026-08-24 15:30:00,ATM,PE,365.0,365.05,2.9,3.0,2.8,3.0,40.273115,75000,999000
2026-08-24 15:35:00,ATM,PE,365.0,365.05,3.1,3.1,2.65,2.75,37.059566,72000,984000
2026-08-25 09:15:00,ATM,PE,365.0,364.95,2.5,2.8,2.45,2.7,68.666203,201000,1002000
2026-08-25 09:20:00,ATM,PE,365.0,364.5,2.7,2.95,2.6,2.6,60.603675,36000,996000
2026-08-25 09:25:00,ATM,PE,365.0,366.1,2.6,2.8,2.1,2.25,71.764138,87000,954000
2026-08-25 09:30:00,ATM,PE,365.0,367.15,2.25,2.25,1.7,1.7,68.773448,48000,936000
2026-08-25 09:35:00,ATM,PE,370.0,367.65,1.7,4.95,1.7,3.75,62.626412,24000,348000
2026-08-25 09:40:00,ATM,PE,365.0,367.1,1.5,1.55,1.5,1.5,63.638337,6000,978000
2026-08-25 09:45:00,ATM,PE,370.0,367.55,4.45,4.45,3.6,3.6,57.309861,6000,336000
2026-08-25 09:50:00,ATM,PE,370.0,368.05,1.3,4.2,1.3,4.2,83.353309,12000,336000
2026-08-25 09:55:00,ATM,PE,370.0,368.65,4.2,4.2,3.4,3.4,71.653746,3000,336000
2026-08-25 10:00:00,ATM,PE,370.0,368.1,3.4,3.85,3.4,3.85,75.677235,3000,336000
2026-08-25 10:05:00,ATM,PE,365.0,367.4,3.8,4.05,1.25,1.25,61.676239,33000,936000
2026-08-25 10:10:00,ATM,PE,365.0,366.65,1.25,1.25,1.25,1.25,54.412837,0,936000
2026-08-25 10:15:00,ATM,PE,370.0,368.65,1.25,4.75,1.25,3.4,73.835836,18000,333000
2026-08-25 10:20:00,ATM,PE,365.0,367.25,3.6,3.8,1.25,1.25,61.584213,24000,912000
2026-08-25 10:25:00,ATM,PE,370.0,368.85,1.25,4.15,1.25,4.15,99.397882,0,333000
2026-08-25 10:30:00,ATM,PE,370.0,368.8,4.15,4.15,3.2,3.2,72.335819,3000,333000
2026-08-25 10:35:00,ATM,PE,370.0,368.9,3.2,3.5,3.2,3.5,83.183993,6000,330000
2026-08-25 10:40:00,ATM,PE,370.0,368.8,3.5,3.65,3.5,3.65,86.615332,3000,330000
2026-08-25 10:45:00,ATM,PE,370.0,368.7,3.65,3.65,3.65,3.65,85.709722,0,330000
2026-08-25 10:50:00,ATM,PE,370.0,368.65,3.65,3.65,3.55,3.55,82.649795,3000,330000
2026-08-25 10:55:00,ATM,PE,370.0,368.85,3.55,3.55,3.55,3.55,86.740609,0,330000
2026-08-25 11:00:00,ATM,PE,370.0,368.8,3.35,3.55,3.35,3.35,80.664073,21000,330000
2026-08-25 11:05:00,ATM,PE,370.0,369.3,3.4,3.4,3.15,3.15,83.666204,30000,333000
2026-08-25 11:10:00,ATM,PE,370.0,369.45,3.25,3.25,2.85,2.85,77.770289,33000,333000
2026-08-25 11:15:00,ATM,PE,370.0,369.15,2.85,2.85,2.85,2.85,73.537317,0,333000
2026-08-25 11:20:00,ATM,PE,370.0,369.15,2.85,3.15,2.85,2.9,75.802586,75000,375000
2026-08-25 11:25:00,ATM,PE,370.0,369.15,2.9,2.9,2.9,2.9,76.551169,0,375000
2026-08-25 11:30:00,ATM,PE,370.0,367.55,2.9,3.6,2.9,3.6,68.324973,21000,375000
2026-08-25 11:35:00,ATM,PE,365.0,367.3,1.1,4.2,1.0,1.1,65.800978,3000,942000
2026-08-25 11:40:00,ATM,PE,365.0,366.6,1.1,1.3,1.1,1.3,64.990987,33000,939000
2026-08-25 11:45:00,ATM,PE,365.0,367.2,1.9,1.9,1.3,1.5,80.200504,114000,894000
2026-08-25 11:50:00,ATM,PE,365.0,366.2,1.65,1.85,1.5,1.85,79.836911,21000,882000
2026-08-25 11:55:00,ATM,PE,365.0,366.65,1.85,1.85,1.85,1.85,87.019189,15000,873000
2026-08-25 12:00:00,ATM,PE,365.0,366.25,1.8,2.05,1.8,2.05,89.297951,39000,852000
2026-08-25 12:05:00,ATM,PE,365.0,366.05,2.15,2.2,2.0,2.0,85.643434,93000,846000
2026-08-25 12:10:00,ATM,PE,365.0,367.0,1.8,2.0,1.5,1.5,82.270886,48000,819000
2026-08-25 12:15:00,ATM,PE,365.0,367.0,1.5,1.6,1.5,1.5,83.288231,30000,813000
2026-08-25 12:20:00,ATM,PE,365.0,366.65,1.5,1.55,1.5,1.55,81.327891,18000,813000
2026-08-25 12:25:00,ATM,PE,365.0,366.7,1.55,1.55,1.5,1.5,81.219217,15000,810000
2026-08-25 12:30:00,ATM,PE,365.0,366.35,1.5,1.5,1.4,1.4,73.379023,9000,807000
2026-08-25 12:35:00,ATM,PE,365.0,365.8,1.4,1.5,1.3,1.5,69.630876,24000,792000
2026-08-25 12:40:00,ATM,PE,365.0,365.75,1.45,1.6,1.45,1.6,73.599624,27000,759000
2026-08-25 12:45:00,ATM,PE,365.0,365.5,1.6,1.9,1.6,1.9,81.900332,42000,726000
2026-08-25 12:50:00,ATM,PE,365.0,365.45,1.85,1.9,1.85,1.9,82.229167,21000,699000
2026-08-25 12:55:00,ATM,PE,365.0,364.8,1.9,1.9,1.9,1.9,71.027519,0,699000
2026-08-25 13:00:00,ATM,PE,365.0,364.45,2.0,2.3,1.9,2.0,68.714377,36000,693000
2026-08-25 13:05:00,ATM,PE,365.0,364.2,2.0,2.0,2.0,2.0,64.049085,0,693000
2026-08-25 13:10:00,ATM,PE,365.0,365.0,2.35,2.35,1.95,1.95,80.836383,9000,693000
2026-08-25 13:15:00,ATM,PE,365.0,365.35,1.95,1.95,1.45,1.45,68.28423,9000,693000
2026-08-25 13:20:00,ATM,PE,365.0,365.1,1.25,1.45,1.2,1.4,62.299103,36000,687000
2026-08-25 13:25:00,ATM,PE,365.0,364.75,1.4,1.4,1.4,1.4,55.734674,0,687000
2026-08-25 13:30:00,ATM,PE,365.0,364.55,1.4,1.95,1.4,1.85,72.177781,18000,690000
2026-08-25 13:35:00,ATM,PE,365.0,364.85,1.85,1.9,1.85,1.9,83.114827,3000,678000
2026-08-25 13:40:00,ATM,PE,365.0,364.55,1.9,1.9,1.1,1.5,58.848993,36000,663000
2026-08-25 13:45:00,ATM,PE,365.0,364.5,1.5,1.65,1.5,1.65,66.029541,12000,660000
2026-08-25 13:50:00,ATM,PE,365.0,365.05,1.2,1.65,1.2,1.2,59.684341,3000,654000
2026-08-25 13:55:00,ATM,PE,365.0,364.5,1.2,1.45,1.2,1.45,59.150687,3000,654000
2026-08-25 14:00:00,ATM,PE,365.0,365.45,1.45,1.45,1.45,1.45,85.171551,0,654000
2026-08-25 14:05:00,ATM,PE,365.0,364.9,1.25,1.45,1.1,1.1,55.243026,18000,648000
2026-08-25 14:10:00,ATM,PE,365.0,365.05,1.1,1.6,1.1,1.6,87.901442,12000,654000
2026-08-25 14:15:00,ATM,PE,365.0,365.15,1.6,1.6,1.25,1.25,73.81549,3000,657000
2026-08-25 14:20:00,ATM,PE,365.0,364.95,1.2,1.3,1.2,1.3,73.448784,36000,648000
2026-08-25 14:25:00,ATM,PE,365.0,365.2,1.3,1.3,1.2,1.2,77.333019,6000,633000
2026-08-25 14:30:00,ATM,PE,365.0,364.9,1.2,1.2,1.2,1.2,71.128983,3000,627000
2026-08-25 14:35:00,ATM,PE,365.0,364.8,1.2,1.55,1.2,1.5,90.007449,18000,630000
2026-08-25 14:40:00,ATM,PE,365.0,365.45,2.45,2.45,1.25,1.55,118.598731,36000,618000
2026-08-25 14:45:00,ATM,PE,365.0,366.35,1.55,1.55,1.1,1.1,118.867226,21000,609000
2026-08-25 14:50:00,ATM,PE,365.0,366.7,0.75,1.1,0.6,0.95,123.277127,36000,585000
2026-08-25 14:55:00,ATM,PE,365.0,366.4,0.95,0.95,0.95,0.95,121.911091,0,585000
2026-08-25 15:00:00,ATM,PE,365.0,366.5,0.6,0.95,0.5,0.5,91.589307,39000,561000
2026-08-25 15:05:00,ATM,PE,365.0,366.6,0.5,0.5,0.2,0.2,67.250158,9000,555000
2026-08-25 15:10:00,ATM,PE,365.0,365.55,0.2,0.2,0.2,0.2,41.73181,6000,555000
2026-08-25 15:15:00,ATM,PE,365.0,365.55,0.2,0.8,0.2,0.8,117.123472,3000,552000
2026-08-25 15:20:00,ATM,PE,365.0,365.55,0.4,0.8,0.4,0.4,81.959966,12000,552000
2026-08-25 15:25:00,ATM,PE,365.0,367.45,0.4,0.4,0.1,0.1,123.018578,51000,531000
2026-08-25 15:30:00,ATM,PE,365.0,367.45,0.1,0.1,0.1,0.1,0.0,33000,531000
2026-08-25 15:35:00,ATM,PE,365.0,367.45,0.1,0.1,0.05,0.05,0.0,21000,519000
2026-08-20 09:30:00,ATM+1,CE,355.0,348.0,0.65,0.65,0.65,0.65,16.439411,0,825000
2026-08-20 09:35:00,ATM+1,CE,355.0,348.35,6.0,6.0,0.65,0.65,15.871148,0,825000
2026-08-20 09:40:00,ATM+1,CE,355.0,349.05,0.65,0.65,0.65,0.65,14.711422,0,825000
2026-08-20 09:45:00,ATM+1,CE,355.0,349.45,0.65,0.65,0.65,0.65,14.039423,0,825000
2026-08-20 09:50:00,ATM+1,CE,355.0,348.0,4.65,6.0,2.3,2.3,29.028286,24000,825000
2026-08-20 09:55:00,ATM+1,CE,355.0,347.6,2.3,2.3,2.3,2.3,29.868114,0,825000
2026-08-20 10:00:00,ATM+1,CE,355.0,347.8,2.3,6.0,2.3,2.3,29.464784,0,825000
2026-08-20 10:05:00,ATM+1,CE,355.0,348.35,2.3,6.0,2.15,2.15,27.29997,3000,825000
2026-08-20 10:10:00,ATM+1,CE,355.0,348.6,2.15,2.15,2.15,2.15,26.78853,0,825000
2026-08-20 10:15:00,ATM+1,CE,355.0,348.05,2.15,2.15,1.9,1.9,26.188942,3000,825000
2026-08-20 10:20:00,ATM+1,CE,355.0,348.0,2.05,2.05,1.9,2.05,27.356142,9000,825000
2026-08-20 10:25:00,ATM+1,CE,350.0,346.5,2.05,2.6,2.05,2.6,23.614698,0,1044000
2026-08-20 10:30:00,ATM+1,CE,350.0,347.15,2.6,2.6,2.6,2.6,22.016042,0,1044000
2026-08-20 10:35:00,ATM+1,CE,350.0,347.35,2.6,2.6,2.05,2.6,21.518546,0,1044000
2026-08-20 10:40:00,ATM+1,CE,350.0,347.5,2.6,2.6,2.6,2.6,21.143452,0,1044000
2026-08-20 10:45:00,ATM+1,CE,355.0,347.55,2.6,2.6,2.05,2.05,28.320361,0,825000
2026-08-20 10:50:00,ATM+1,CE,350.0,345.95,2.6,2.6,2.6,2.6,24.98258,0,1044000
2026-08-20 10:55:00,ATM+1,CE,350.0,346.25,2.6,2.6,2.6,2.6,24.272882,0,1044000
2026-08-20 11:00:00,ATM+1,CE,350.0,345.8,2.6,2.6,2.6,2.6,25.357048,0,1044000
2026-08-20 11:05:00,ATM+1,CE,350.0,346.9,2.6,2.6,2.6,2.6,22.699001,0,1044000
2026-08-20 11:10:00,ATM+1,CE,350.0,347.2,2.6,2.6,2.6,2.6,21.95531,0,1044000
2026-08-20 11:15:00,ATM+1,CE,350.0,347.0,2.6,2.6,2.6,2.6,22.466341,0,1044000
2026-08-20 11:20:00,ATM+1,CE,350.0,346.65,2.6,2.6,2.6,2.6,23.342748,0,1044000
2026-08-20 11:25:00,ATM+1,CE,350.0,347.0,2.6,2.6,2.6,2.6,22.483035,0,1044000
2026-08-20 11:30:00,ATM+1,CE,350.0,347.4,2.6,2.6,2.6,2.6,21.479251,0,1044000
2026-08-20 11:35:00,ATM+1,CE,350.0,347.3,2.6,2.6,2.6,2.6,21.742489,0,1044000
2026-08-20 11:40:00,ATM+1,CE,350.0,346.85,2.6,2.6,2.6,2.6,22.88248,0,1044000
2026-08-20 11:45:00,ATM+1,CE,350.0,346.75,2.6,2.6,2.6,2.6,23.139075,0,1044000
2026-08-20 11:50:00,ATM+1,CE,350.0,347.25,2.6,2.6,2.6,2.6,21.894108,0,1044000
2026-08-20 11:55:00,ATM+1,CE,355.0,347.65,2.05,2.05,2.05,2.05,28.259376,0,825000
2026-08-20 12:00:00,ATM+1,CE,350.0,347.5,2.6,2.6,2.05,2.6,21.270596,0,1044000
2026-08-20 12:05:00,ATM+1,CE,350.0,347.4,2.05,2.6,2.05,2.6,21.535743,0,1044000
2026-08-20 12:10:00,ATM+1,CE,350.0,347.35,2.6,2.6,2.6,2.6,21.671905,0,1044000
2026-08-20 12:15:00,ATM+1,CE,355.0,347.9,2.6,2.6,2.05,2.05,27.788702,0,825000
2026-08-20 12:20:00,ATM+1,CE,350.0,346.7,2.05,4.0,2.05,4.0,32.090052,0,1041000
2026-08-20 12:25:00,ATM+1,CE,350.0,346.8,4.0,4.0,4.0,4.0,31.838152,0,1041000
2026-08-20 12:30:00,ATM+1,CE,350.0,347.5,4.0,4.0,4.0,4.0,29.973358,0,1041000
2026-08-20 12:35:00,ATM+1,CE,350.0,347.3,2.05,4.0,2.05,4.0,30.526422,0,1041000
2026-08-20 12:40:00,ATM+1,CE,350.0,347.1,4.0,4.0,4.0,4.0,31.075137,0,1041000
2026-08-20 12:45:00,ATM+1,CE,350.0,347.4,4.0,4.0,4.0,4.0,30.278272,0,1041000
2026-08-20 12:50:00,ATM+1,CE,355.0,347.55,4.0,4.0,2.05,2.05,28.576191,0,825000
2026-08-20 12:55:00,ATM+1,CE,350.0,347.5,2.05,4.0,2.05,4.0,30.028611,0,1041000
2026-08-20 13:00:00,ATM+1,CE,355.0,347.55,2.05,2.05,2.05,2.05,28.596937,0,825000
2026-08-20 13:05:00,ATM+1,CE,355.0,347.7,2.05,4.0,2.05,2.05,28.300521,0,825000
2026-08-20 13:10:00,ATM+1,CE,350.0,347.5,4.0,4.0,4.0,4.0,30.061891,0,1041000
2026-08-20 13:15:00,ATM+1,CE,350.0,347.35,4.0,4.0,4.0,4.0,30.48104,0,1041000
2026-08-20 13:20:00,ATM+1,CE,350.0,346.55,4.0,4.0,4.0,4.0,32.626099,0,1041000
2026-08-20 13:25:00,ATM+1,CE,350.0,346.85,4.0,4.0,4.0,4.0,31.8457,0,1041000
2026-08-20 13:30:00,ATM+1,CE,355.0,347.55,4.0,4.0,2.05,2.05,28.659406,0,825000
2026-08-20 13:35:00,ATM+1,CE,350.0,346.85,4.0,4.0,4.0,4.0,31.869152,0,1041000
2026-08-20 13:40:00,ATM+1,CE,350.0,347.5,4.0,4.0,4.0,4.0,30.12876,0,1041000
2026-08-20 13:45:00,ATM+1,CE,350.0,347.35,4.0,4.0,4.0,4.0,30.548767,0,1041000
2026-08-20 13:50:00,ATM+1,CE,350.0,347.1,4.0,4.0,4.0,4.0,31.235769,0,1041000
2026-08-20 13:55:00,ATM+1,CE,350.0,347.0,4.0,4.0,4.0,4.0,31.515698,0,1041000
2026-08-20 14:00:00,ATM+1,CE,350.0,347.35,4.0,4.0,4.0,4.0,30.582786,0,1041000
2026-08-20 14:05:00,ATM+1,CE,350.0,347.4,4.0,4.0,4.0,4.0,30.457995,0,1041000
2026-08-20 14:10:00,ATM+1,CE,355.0,347.55,4.0,4.0,2.05,2.05,28.743293,0,825000
2026-08-20 14:15:00,ATM+1,CE,350.0,347.25,4.0,4.0,4.0,4.0,30.888488,0,1041000
2026-08-20 14:20:00,ATM+1,CE,350.0,347.2,4.0,4.0,4.0,4.0,31.03537,0,1041000
2026-08-20 14:25:00,ATM+1,CE,350.0,347.4,4.0,4.0,4.0,4.0,30.503373,0,1041000
2026-08-20 14:30:00,ATM+1,CE,350.0,347.35,4.0,4.0,4.0,4.0,30.651125,0,1041000
2026-08-20 14:35:00,ATM+1,CE,350.0,347.35,4.0,4.0,4.0,4.0,30.662553,0,1041000
2026-08-20 14:40:00,ATM+1,CE,350.0,347.1,4.0,4.0,4.0,4.0,31.351888,0,1041000
2026-08-20 14:45:00,ATM+1,CE,355.0,347.85,4.0,4.0,2.05,2.05,28.198439,0,825000
2026-08-20 14:50:00,ATM+1,CE,355.0,348.55,2.05,2.05,1.35,1.35,21.656585,9000,825000
2026-08-20 14:55:00,ATM+1,CE,355.0,348.7,1.35,1.35,1.35,1.35,21.372075,0,825000
2026-08-20 15:00:00,ATM+1,CE,355.0,348.9,1.35,1.35,1.35,1.35,20.987814,0,825000
2026-08-20 15:05:00,ATM+1,CE,355.0,349.6,1.35,1.35,1.35,1.35,19.602822,0,825000
2026-08-20 15:10:00,ATM+1,CE,355.0,349.3,1.35,1.35,1.35,1.35,20.21129,0,825000
2026-08-20 15:15:00,ATM+1,CE,355.0,349.3,1.35,1.35,1.35,1.35,20.218942,0,825000
2026-08-20 15:20:00,ATM+1,CE,355.0,349.3,1.35,1.35,1.35,1.35,20.226599,0,825000
2026-08-20 15:25:00,ATM+1,CE,355.0,349.25,1.35,1.35,1.35,1.35,20.333959,0,825000
2026-08-20 15:30:00,ATM+1,CE,355.0,349.25,1.35,1.35,1.35,1.35,20.341663,0,825000
2026-08-20 15:35:00,ATM+1,CE,355.0,349.25,1.35,1.35,1.35,1.35,20.349377,0,825000
2026-08-21 09:20:00,ATM+1,CE,360.0,352.95,1.4,1.75,1.4,1.4,24.996111,12000,3522000
2026-08-21 09:25:00,ATM+1,CE,360.0,355.55,1.4,2.7,1.4,2.7,28.734081,45000,3477000
2026-08-21 09:30:00,ATM+1,CE,360.0,353.75,2.7,2.7,2.7,2.7,33.161138,0,3477000
2026-08-21 09:35:00,ATM+1,CE,360.0,355.15,2.7,2.7,1.7,1.7,22.591822,6000,3474000
2026-08-21 09:40:00,ATM+1,CE,360.0,357.4,2.45,3.0,1.7,3.0,25.907021,126000,3432000
2026-08-21 09:45:00,ATM+1,CE,360.0,356.45,3.35,3.35,2.35,2.35,24.075194,30000,3411000
2026-08-21 09:50:00,ATM+1,CE,360.0,356.05,2.35,3.0,2.35,2.75,27.863651,15000,3405000
2026-08-21 09:55:00,ATM+1,CE,360.0,356.6,2.1,3.0,2.1,3.0,28.127917,30000,3375000
2026-08-21 10:00:00,ATM+1,CE,360.0,356.0,3.0,3.0,3.0,3.0,29.730812,0,3369000
2026-08-21 10:05:00,ATM+1,CE,360.0,356.0,3.0,3.0,2.35,2.35,25.262075,6000,3369000
2026-08-21 10:10:00,ATM+1,CE,360.0,356.9,2.5,3.0,2.35,3.0,27.354045,21000,3348000
2026-08-21 10:15:00,ATM+1,CE,360.0,357.15,3.0,3.0,3.0,3.0,26.681312,0,3348000
2026-08-21 10:20:00,ATM+1,CE,360.0,356.85,3.0,3.0,2.95,2.95,27.177798,15000,3348000
2026-08-21 10:25:00,ATM+1,CE,360.0,357.45,1.5,3.45,1.4,3.45,28.860234,3000,3348000
2026-08-21 10:30:00,ATM+1,CE,360.0,357.35,2.7,3.45,2.7,3.3,28.160682,21000,3351000
2026-08-21 10:35:00,ATM+1,CE,365.0,358.15,3.15,3.3,1.4,1.4,24.390849,3000,1947000
2026-08-21 10:40:00,ATM+1,CE,365.0,358.2,1.4,1.4,1.4,1.4,24.298709,0,1947000
2026-08-21 10:45:00,ATM+1,CE,365.0,358.45,1.4,1.4,1.4,1.4,23.792676,0,1947000
2026-08-21 10:50:00,ATM+1,CE,365.0,358.1,1.4,1.4,1.4,1.4,24.526004,0,1947000
2026-08-21 10:55:00,ATM+1,CE,365.0,358.15,1.4,1.4,1.4,1.4,24.43396,0,1947000
2026-08-21 11:00:00,ATM+1,CE,365.0,357.95,1.4,1.4,1.4,1.4,24.855701,0,1947000
2026-08-21 11:05:00,ATM+1,CE,365.0,358.15,1.4,1.4,1.4,1.4,24.45559,0,1947000
2026-08-21 11:10:00,ATM+1,CE,365.0,358.15,1.4,1.45,1.4,1.45,24.872997,3000,1947000
2026-08-21 11:15:00,ATM+1,CE,365.0,358.15,1.45,1.45,1.4,1.4,24.477281,3000,1944000
2026-08-21 11:20:00,ATM+1,CE,365.0,358.2,1.4,1.4,1.4,1.4,24.384909,0,1944000
2026-08-21 11:25:00,ATM+1,CE,365.0,357.75,1.4,1.45,1.4,1.45,25.733163,18000,1941000
2026-08-21 11:30:00,ATM+1,CE,365.0,357.7,1.45,1.45,1.45,1.45,25.84741,0,1941000
2026-08-21 11:35:00,ATM+1,CE,365.0,358.0,1.45,1.45,1.45,1.45,25.239627,0,1941000
2026-08-21 11:40:00,ATM+1,CE,360.0,357.0,1.45,2.25,1.45,2.25,22.197588,0,3273000
2026-08-21 11:45:00,ATM+1,CE,360.0,357.45,2.4,2.4,2.25,2.4,22.020233,9000,3270000
2026-08-21 11:50:00,ATM+1,CE,365.0,357.75,1.15,1.15,1.15,1.15,23.254143,0,1932000
2026-08-21 11:55:00,ATM+1,CE,365.0,358.0,1.15,1.15,1.15,1.15,22.770025,0,1932000
2026-08-21 12:00:00,ATM+1,CE,365.0,357.75,1.15,1.15,1.15,1.15,23.274918,0,1932000
2026-08-21 12:05:00,ATM+1,CE,365.0,357.6,1.15,1.15,1.15,1.15,23.580818,0,1932000
2026-08-21 12:10:00,ATM+1,CE,360.0,356.6,1.15,2.3,1.15,2.3,23.653891,0,3267000
2026-08-21 12:15:00,ATM+1,CE,360.0,356.5,2.3,2.3,2.3,2.3,23.924432,0,3267000
2026-08-21 12:20:00,ATM+1,CE,360.0,356.8,2.3,2.3,2.3,2.3,23.151981,0,3267000
2026-08-21 12:25:00,ATM+1,CE,360.0,356.65,2.3,2.3,2.3,2.3,23.555844,0,3267000
2026-08-21 12:30:00,ATM+1,CE,360.0,357.45,2.3,2.3,0.85,2.3,21.431955,9000,3267000
2026-08-21 12:35:00,ATM+1,CE,360.0,356.9,2.3,2.3,2.3,2.3,22.919783,0,3267000
2026-08-21 12:40:00,ATM+1,CE,360.0,356.75,2.3,2.3,2.3,2.3,23.32604,0,3267000
2026-08-21 12:45:00,ATM+1,CE,360.0,356.5,2.3,2.3,2.3,2.3,23.990066,0,3267000
2026-08-21 12:50:00,ATM+1,CE,360.0,356.5,2.3,2.3,2.3,2.3,24.001052,0,3267000
2026-08-21 12:55:00,ATM+1,CE,360.0,356.95,2.3,2.5,2.3,2.5,24.206854,6000,3270000
2026-08-21 13:00:00,ATM+1,CE,360.0,356.65,2.5,2.5,2.5,2.5,25.020056,0,3270000
2026-08-21 13:05:00,ATM+1,CE,360.0,356.95,2.5,2.5,2.5,2.5,24.229123,0,3270000
2026-08-21 13:10:00,ATM+1,CE,360.0,356.5,2.5,2.5,2.5,2.5,25.440085,0,3270000
2026-08-21 13:15:00,ATM+1,CE,360.0,356.75,2.5,2.5,2.5,2.5,24.788112,0,3270000
2026-08-21 13:20:00,ATM+1,CE,360.0,356.25,2.5,2.5,2.5,2.5,26.119793,0,3270000
2026-08-21 13:25:00,ATM+1,CE,360.0,356.55,2.5,2.5,2.15,2.15,22.895663,6000,3270000
2026-08-21 13:30:00,ATM+1,CE,360.0,355.45,2.1,2.15,2.1,2.1,25.317409,159000,3117000
2026-08-21 13:35:00,ATM+1,CE,360.0,356.5,2.1,2.1,2.1,2.1,22.693149,0,3117000
2026-08-21 13:40:00,ATM+1,CE,360.0,356.1,2.05,2.1,2.05,2.05,23.364466,3000,3114000
2026-08-21 13:45:00,ATM+1,CE,360.0,355.95,2.05,2.05,2.05,2.05,23.75115,0,3114000
2026-08-21 13:50:00,ATM+1,CE,360.0,356.25,2.05,2.05,2.05,2.05,23.007497,3000,3114000
2026-08-21 13:55:00,ATM+1,CE,360.0,356.1,2.05,2.05,2.05,2.05,23.396865,0,3114000
2026-08-21 14:00:00,ATM+1,CE,360.0,356.0,2.05,2.05,2.0,2.0,23.298459,24000,3102000
2026-08-21 14:05:00,ATM+1,CE,360.0,355.65,2.0,2.0,2.0,2.0,24.176607,0,3102000
2026-08-21 14:10:00,ATM+1,CE,360.0,356.0,2.0,2.0,2.0,2.0,23.320043,0,3102000
2026-08-21 14:15:00,ATM+1,CE,360.0,356.55,2.0,2.0,2.0,2.0,21.939293,0,3102000
2026-08-21 14:20:00,ATM+1,CE,360.0,356.6,2.0,2.0,2.0,2.0,21.821175,0,3102000
2026-08-21 14:25:00,ATM+1,CE,360.0,356.4,2.0,2.0,2.0,2.0,22.343207,0,3102000
2026-08-21 14:30:00,ATM+1,CE,360.0,356.6,2.0,2.0,2.0,2.0,21.841613,0,3102000
2026-08-21 14:35:00,ATM+1,CE,360.0,356.8,2.0,2.0,1.75,1.75,19.558023,3000,3102000
2026-08-21 14:40:00,ATM+1,CE,360.0,356.7,1.75,1.75,1.75,1.75,19.821028,0,3102000
2026-08-21 14:45:00,ATM+1,CE,360.0,356.8,1.75,1.75,1.75,1.75,19.576548,9000,3099000
2026-08-21 14:50:00,ATM+1,CE,360.0,356.6,1.75,1.75,1.65,1.65,19.369525,12000,3099000
2026-08-21 14:55:00,ATM+1,CE,360.0,355.9,1.65,1.65,1.65,1.65,21.094977,0,3099000
2026-08-21 15:00:00,ATM+1,CE,360.0,355.7,1.65,1.65,1.65,1.65,21.585332,0,3099000
2026-08-21 15:05:00,ATM+1,CE,360.0,355.4,1.65,1.65,1.6,1.6,21.929137,6000,3099000
2026-08-21 15:10:00,ATM+1,CE,360.0,357.45,1.6,1.6,1.6,1.6,16.877813,6000,3099000
2026-08-21 15:15:00,ATM+1,CE,360.0,357.45,1.6,1.6,1.6,1.6,16.885994,0,3099000
2026-08-21 15:20:00,ATM+1,CE,360.0,357.45,1.6,1.6,1.6,1.6,16.89418,0,3099000
2026-08-21 15:25:00,ATM+1,CE,360.0,357.5,1.6,1.65,1.6,1.65,17.12358,3000,3099000
2026-08-21 15:30:00,ATM+1,CE,360.0,357.5,1.65,1.65,1.65,1.65,17.131892,0,3099000
2026-08-21 15:35:00,ATM+1,CE,360.0,357.5,1.65,1.65,1.65,1.65,17.140215,0,3099000
2026-08-24 09:15:00,ATM+1,CE,365.0,360.7,1.25,2.6,0.5,2.3,47.546859,843000,1836000
2026-08-24 09:20:00,ATM+1,CE,365.0,362.3,2.4,2.75,2.3,2.75,45.787591,705000,1743000
2026-08-24 09:25:00,ATM+1,CE,365.0,360.95,3.05,3.05,2.45,2.45,48.472227,618000,1761000
2026-08-24 09:30:00,ATM+1,CE,365.0,360.25,2.4,2.45,1.65,1.7,41.794408,297000,1716000
2026-08-24 09:35:00,ATM+1,CE,365.0,360.5,2.25,2.25,1.7,2.15,46.756204,258000,1728000
2026-08-24 09:40:00,ATM+1,CE,365.0,362.0,2.25,2.5,2.15,2.45,43.808449,198000,1776000
2026-08-24 09:45:00,ATM+1,CE,370.0,364.6,2.8,2.8,1.55,2.25,51.37844,1083000,3798000
2026-08-24 09:50:00,ATM+1,CE,370.0,365.8,2.45,3.15,2.25,3.15,57.548686,1539000,4044000
2026-08-24 09:55:00,ATM+1,CE,375.0,367.95,3.25,3.9,2.35,2.35,58.900571,1995000,1590000
2026-08-24 10:00:00,ATM+1,CE,370.0,366.9,2.55,4.55,2.35,3.9,61.522357,1224000,4008000
2026-08-24 10:05:00,ATM+1,CE,370.0,364.7,3.85,4.15,3.15,3.15,62.849225,1137000,4278000
2026-08-24 10:10:00,ATM+1,CE,370.0,366.85,2.85,3.65,2.8,3.5,57.118001,1056000,4509000
2026-08-24 10:15:00,ATM+1,CE,370.0,367.05,3.6,3.6,3.25,3.25,53.17889,426000,4485000
2026-08-24 10:20:00,ATM+1,CE,370.0,366.25,3.35,3.4,2.85,2.85,52.201703,807000,4362000
2026-08-24 10:25:00,ATM+1,CE,370.0,365.45,2.95,2.95,2.75,2.75,54.716142,393000,4278000
2026-08-24 10:30:00,ATM+1,CE,370.0,366.2,2.8,3.0,2.75,3.0,54.458361,222000,4308000
2026-08-24 10:35:00,ATM+1,CE,370.0,365.85,3.0,3.1,2.85,2.85,54.303209,186000,4365000
2026-08-24 10:40:00,ATM+1,CE,370.0,365.65,2.9,2.9,2.7,2.7,53.405707,66000,4392000
2026-08-24 10:45:00,ATM+1,CE,370.0,365.0,2.6,2.75,2.5,2.55,54.485471,318000,4326000
2026-08-24 10:50:00,ATM+1,CE,370.0,364.25,2.65,2.65,2.35,2.4,55.865909,165000,4374000
2026-08-24 10:55:00,ATM+1,CE,370.0,365.15,2.4,2.95,2.4,2.8,57.212594,333000,4446000
2026-08-24 11:00:00,ATM+1,CE,370.0,364.2,2.75,2.8,2.35,2.35,55.574686,108000,4467000
2026-08-24 11:05:00,ATM+1,CE,370.0,364.85,2.35,2.55,2.3,2.55,55.477693,240000,4509000
2026-08-24 11:10:00,ATM+1,CE,370.0,364.95,2.65,2.65,2.45,2.45,53.799014,195000,4491000
2026-08-24 11:15:00,ATM+1,CE,370.0,364.8,2.3,2.45,2.25,2.35,53.215434,129000,4488000
2026-08-24 11:20:00,ATM+1,CE,370.0,364.95,2.3,2.4,2.3,2.35,52.63484,78000,4470000
2026-08-24 11:25:00,ATM+1,CE,370.0,364.95,2.4,2.4,2.25,2.3,52.047847,66000,4488000
2026-08-24 11:30:00,ATM+1,CE,370.0,364.1,2.3,2.45,2.2,2.2,54.455903,105000,4464000
2026-08-24 11:35:00,ATM+1,CE,370.0,365.2,2.2,2.4,2.15,2.35,51.760979,93000,4500000
2026-08-24 11:40:00,ATM+1,CE,370.0,365.45,2.5,2.6,2.35,2.6,53.99758,75000,4479000
2026-08-24 11:45:00,ATM+1,CE,370.0,365.5,2.6,2.85,2.5,2.75,55.804083,147000,4491000
2026-08-24 11:50:00,ATM+1,CE,370.0,365.4,2.75,2.85,2.75,2.85,57.657211,51000,4491000
2026-08-24 11:55:00,ATM+1,CE,370.0,365.65,2.6,2.85,2.5,2.65,53.971561,120000,4506000
2026-08-24 12:00:00,ATM+1,CE,370.0,366.05,2.8,3.0,2.65,2.8,54.108378,258000,4503000
2026-08-24 12:05:00,ATM+1,CE,370.0,366.2,2.85,2.95,2.8,2.85,54.113615,72000,4521000
2026-08-24 12:10:00,ATM+1,CE,370.0,366.2,2.85,2.9,2.75,2.9,54.839907,36000,4530000
2026-08-24 12:15:00,ATM+1,CE,370.0,366.15,2.75,2.9,2.7,2.75,53.232879,72000,4515000
2026-08-24 12:20:00,ATM+1,CE,370.0,366.4,2.75,3.05,2.75,2.95,54.674331,123000,4482000
2026-08-24 12:25:00,ATM+1,CE,370.0,366.1,2.85,2.95,2.7,2.7,52.990717,114000,4485000
2026-08-24 12:30:00,ATM+1,CE,370.0,366.35,2.75,2.8,2.7,2.7,51.866071,111000,4518000
2026-08-24 12:35:00,ATM+1,CE,370.0,366.25,2.7,2.7,2.6,2.7,52.432968,54000,4506000
2026-08-24 12:40:00,ATM+1,CE,370.0,366.6,2.65,2.85,2.6,2.85,52.739536,69000,4491000
2026-08-24 12:45:00,ATM+1,CE,370.0,366.8,2.75,2.9,2.75,2.9,52.466182,60000,4470000
2026-08-24 12:50:00,ATM+1,CE,370.0,366.9,2.9,2.9,2.8,2.8,50.762484,213000,4311000
2026-08-24 12:55:00,ATM+1,CE,370.0,366.8,2.85,2.95,2.8,2.95,53.276018,78000,4293000
2026-08-24 13:00:00,ATM+1,CE,370.0,366.45,2.95,2.95,2.45,2.45,48.599297,174000,4236000
2026-08-24 13:05:00,ATM+1,CE,370.0,366.8,2.45,2.6,2.45,2.6,48.919077,255000,4170000
2026-08-24 13:10:00,ATM+1,CE,370.0,366.55,2.65,2.65,2.5,2.5,48.9256,69000,4161000
2026-08-24 13:15:00,ATM+1,CE,370.0,366.95,2.5,2.7,2.5,2.7,49.623356,111000,4137000
2026-08-24 13:20:00,ATM+1,CE,370.0,366.3,2.75,2.75,2.5,2.5,50.305066,42000,4131000
2026-08-24 13:25:00,ATM+1,CE,370.0,366.05,2.55,2.55,2.3,2.3,48.917564,84000,4125000
2026-08-24 13:30:00,ATM+1,CE,370.0,366.25,2.3,2.45,2.3,2.4,49.37955,42000,4158000
2026-08-24 13:35:00,ATM+1,CE,370.0,366.2,2.4,2.4,2.35,2.35,49.031854,6000,4158000
2026-08-24 13:40:00,ATM+1,CE,370.0,366.4,2.3,2.4,2.3,2.3,47.475406,63000,4149000
2026-08-24 13:45:00,ATM+1,CE,370.0,366.35,2.35,2.4,2.3,2.35,48.466777,51000,4143000
2026-08-24 13:50:00,ATM+1,CE,370.0,366.1,2.35,2.35,2.0,2.1,46.359853,249000,4029000
2026-08-24 13:55:00,ATM+1,CE,370.0,366.05,2.05,2.1,2.05,2.1,46.672938,120000,3972000
2026-08-24 14:00:00,ATM+1,CE,370.0,366.1,2.1,2.15,2.05,2.1,46.513878,57000,3987000
2026-08-24 14:05:00,ATM+1,CE,370.0,366.3,2.05,2.15,2.0,2.15,46.320313,33000,3987000
2026-08-24 14:10:00,ATM+1,CE,370.0,366.2,2.15,2.15,2.05,2.1,46.193101,21000,3978000
2026-08-24 14:15:00,ATM+1,CE,370.0,367.2,2.1,2.6,2.1,2.6,48.004498,183000,3975000
2026-08-24 14:20:00,ATM+1,CE,370.0,366.55,2.65,2.65,2.45,2.45,49.395349,276000,4026000
2026-08-24 14:25:00,ATM+1,CE,370.0,367.1,2.4,2.7,2.25,2.65,49.346869,153000,4047000
2026-08-24 14:30:00,ATM+1,CE,370.0,367.2,2.65,2.7,2.65,2.7,49.570215,144000,4050000
2026-08-24 14:35:00,ATM+1,CE,370.0,367.15,2.5,2.7,2.5,2.55,47.92725,153000,4110000
2026-08-24 14:40:00,ATM+1,CE,370.0,367.05,2.55,2.65,2.5,2.65,49.859538,81000,4116000
2026-08-24 14:45:00,ATM+1,CE,370.0,366.9,2.65,2.65,2.45,2.45,48.042245,72000,4095000
2026-08-24 14:50:00,ATM+1,CE,370.0,366.85,2.3,2.45,2.2,2.2,44.996916,84000,4071000
2026-08-24 14:55:00,ATM+1,CE,370.0,366.75,2.3,2.35,2.15,2.15,44.892881,120000,4113000
2026-08-24 15:00:00,ATM+1,CE,370.0,365.75,2.15,2.25,2.05,2.25,51.261009,132000,4095000
2026-08-24 15:05:00,ATM+1,CE,370.0,364.75,2.1,2.25,2.1,2.15,54.650867,180000,4038000
2026-08-24 15:10:00,ATM+1,CE,370.0,365.4,2.1,2.25,2.1,2.25,53.122316,144000,3981000
2026-08-24 15:15:00,ATM+1,CE,370.0,365.4,2.25,2.45,2.25,2.4,55.341381,111000,3930000
2026-08-24 15:20:00,ATM+1,CE,370.0,365.4,2.5,2.65,2.4,2.45,56.144811,144000,3822000
2026-08-24 15:25:00,ATM+1,CE,370.0,365.05,2.5,2.55,2.3,2.3,55.792257,87000,3807000
2026-08-24 15:30:00,ATM+1,CE,370.0,365.05,2.3,2.3,2.2,2.2,54.446569,240000,3630000
2026-08-24 15:35:00,ATM+1,CE,370.0,365.05,2.1,2.5,2.1,2.2,54.542629,204000,3585000
2026-08-25 09:15:00,ATM+1,CE,370.0,364.95,2.05,2.75,1.25,1.6,90.379621,435000,2835000
2026-08-25 09:20:00,ATM+1,CE,370.0,364.5,1.35,1.6,1.2,1.2,82.399156,102000,2778000
2026-08-25 09:25:00,ATM+1,CE,370.0,366.1,1.0,1.55,0.95,1.55,79.855775,252000,2688000
2026-08-25 09:30:00,ATM+1,CE,370.0,367.15,1.65,1.9,1.55,1.9,80.272937,207000,2589000
2026-08-25 09:35:00,ATM+1,CE,375.0,367.65,1.7,1.9,0.75,1.0,90.601732,222000,1083000
2026-08-25 09:40:00,ATM+1,CE,370.0,367.1,2.15,2.2,1.9,1.9,81.908672,48000,2493000
2026-08-25 09:45:00,ATM+1,CE,375.0,367.55,0.9,1.05,0.9,1.05,94.496994,90000,1071000
2026-08-25 09:50:00,ATM+1,CE,375.0,368.05,2.25,2.45,0.9,1.05,91.294448,69000,1068000
2026-08-25 09:55:00,ATM+1,CE,375.0,368.65,1.05,1.2,1.05,1.1,88.972417,75000,1053000
2026-08-25 10:00:00,ATM+1,CE,375.0,368.1,1.1,1.1,1.0,1.05,92.255474,36000,1056000
2026-08-25 10:05:00,ATM+1,CE,370.0,367.4,1.05,1.85,1.0,1.85,80.363996,21000,2265000
2026-08-25 10:10:00,ATM+1,CE,370.0,366.65,1.85,1.85,1.45,1.45,76.779318,75000,2235000
2026-08-25 10:15:00,ATM+1,CE,375.0,368.65,1.35,1.55,0.6,0.7,76.384133,30000,1041000
2026-08-25 10:20:00,ATM+1,CE,370.0,367.25,0.9,2.0,0.7,1.8,82.403774,66000,2235000
2026-08-25 10:25:00,ATM+1,CE,375.0,368.85,1.8,1.8,0.9,0.95,85.921809,21000,1020000
2026-08-25 10:30:00,ATM+1,CE,375.0,368.8,1.0,1.0,0.95,0.95,87.042316,18000,1014000
2026-08-25 10:35:00,ATM+1,CE,375.0,368.9,0.95,1.05,0.95,1.05,90.723164,27000,993000
2026-08-25 10:40:00,ATM+1,CE,375.0,368.8,1.0,1.05,0.9,0.9,86.550367,18000,987000
2026-08-25 10:45:00,ATM+1,CE,375.0,368.7,0.85,0.9,0.8,0.8,84.071146,36000,963000
2026-08-25 10:50:00,ATM+1,CE,375.0,368.65,0.8,0.85,0.8,0.85,87.2965,45000,927000
2026-08-25 10:55:00,ATM+1,CE,375.0,368.85,0.85,0.85,0.85,0.85,86.378117,0,927000
2026-08-25 11:00:00,ATM+1,CE,375.0,368.8,0.9,0.95,0.85,0.9,89.654046,39000,930000
2026-08-25 11:05:00,ATM+1,CE,375.0,369.3,0.95,0.95,0.9,0.95,88.082583,15000,924000
2026-08-25 11:10:00,ATM+1,CE,375.0,369.45,0.95,1.05,0.95,1.05,91.494467,33000,921000
2026-08-25 11:15:00,ATM+1,CE,375.0,369.15,1.05,1.05,0.95,1.05,95.167987,6000,921000
2026-08-25 11:20:00,ATM+1,CE,375.0,369.15,1.05,1.05,1.05,1.05,96.099519,6000,918000
2026-08-25 11:25:00,ATM+1,CE,375.0,369.15,1.05,1.05,1.05,1.05,97.05963,0,918000
2026-08-25 11:30:00,ATM+1,CE,375.0,367.55,1.05,1.05,0.65,0.65,94.302147,27000,912000
2026-08-25 11:35:00,ATM+1,CE,370.0,367.3,1.3,1.45,0.65,1.3,76.607221,18000,2070000
2026-08-25 11:40:00,ATM+1,CE,370.0,366.6,1.3,1.3,1.0,1.1,78.075336,72000,2064000
2026-08-25 11:45:00,ATM+1,CE,370.0,367.2,0.9,1.5,0.9,1.5,86.596865,126000,2115000
2026-08-25 11:50:00,ATM+1,CE,370.0,366.2,1.5,1.5,1.35,1.35,93.855967,33000,2109000
2026-08-25 11:55:00,ATM+1,CE,370.0,366.65,1.3,1.35,1.25,1.25,85.889557,45000,2094000
2026-08-25 12:00:00,ATM+1,CE,370.0,366.25,1.25,1.45,1.25,1.3,93.498575,15000,2079000
2026-08-25 12:05:00,ATM+1,CE,370.0,366.05,1.3,1.3,1.15,1.2,92.957397,156000,2043000
2026-08-25 12:10:00,ATM+1,CE,370.0,367.0,1.2,1.45,1.2,1.45,92.402083,42000,2016000
2026-08-25 12:15:00,ATM+1,CE,370.0,367.0,1.45,1.45,1.15,1.35,89.689482,165000,1893000
2026-08-25 12:20:00,ATM+1,CE,370.0,366.65,1.35,1.35,0.95,0.95,78.891631,60000,1842000
2026-08-25 12:25:00,ATM+1,CE,370.0,366.7,0.9,1.0,0.8,0.85,75.025023,144000,1776000
2026-08-25 12:30:00,ATM+1,CE,370.0,366.35,0.85,0.85,0.7,0.85,80.138664,147000,1695000
2026-08-25 12:35:00,ATM+1,CE,370.0,365.8,0.55,0.85,0.55,0.55,72.79469,180000,1545000
2026-08-25 12:40:00,ATM+1,CE,370.0,365.75,0.55,0.55,0.5,0.5,71.652592,99000,1503000
2026-08-25 12:45:00,ATM+1,CE,370.0,365.5,0.5,0.5,0.4,0.5,75.355206,42000,1461000
2026-08-25 12:50:00,ATM+1,CE,370.0,365.45,0.5,0.5,0.4,0.4,71.034127,33000,1440000
2026-08-25 12:55:00,ATM+1,CE,370.0,364.8,0.4,0.5,0.35,0.35,75.446363,54000,1413000
2026-08-25 13:00:00,ATM+1,CE,370.0,364.45,0.35,0.5,0.1,0.25,72.461742,288000,1224000
2026-08-25 13:05:00,ATM+1,CE,370.0,364.2,0.25,0.25,0.1,0.1,60.554729,27000,1200000
2026-08-25 13:10:00,ATM+1,CE,370.0,365.0,0.25,0.3,0.1,0.3,73.464621,30000,1191000
2026-08-25 13:15:00,ATM+1,CE,370.0,365.35,0.3,0.4,0.3,0.4,78.247626,12000,1194000
2026-08-25 13:20:00,ATM+1,CE,370.0,365.1,0.4,0.4,0.3,0.3,75.081309,9000,1191000
2026-08-25 13:25:00,ATM+1,CE,370.0,364.75,0.3,0.3,0.3,0.3,80.290745,0,1191000
2026-08-25 13:30:00,ATM+1,CE,370.0,364.55,0.3,0.3,0.3,0.3,84.066226,0,1191000
2026-08-25 13:35:00,ATM+1,CE,370.0,364.85,0.3,0.3,0.1,0.1,61.679483,6000,1188000
2026-08-25 13:40:00,ATM+1,CE,370.0,364.55,0.1,0.25,0.1,0.25,83.057954,24000,1179000
2026-08-25 13:45:00,ATM+1,CE,370.0,364.5,0.25,0.25,0.25,0.25,85.490079,0,1176000
2026-08-25 13:50:00,ATM+1,CE,370.0,365.05,0.25,0.25,0.25,0.25,81.1389,0,1176000
2026-08-25 13:55:00,ATM+1,CE,370.0,364.5,0.25,0.5,0.25,0.5,111.843626,90000,1143000
2026-08-25 14:00:00,ATM+1,CE,370.0,365.45,0.5,0.5,0.5,0.5,101.582122,0,1122000
2026-08-25 14:05:00,ATM+1,CE,370.0,364.9,0.6,0.8,0.5,0.8,134.896429,48000,1101000
2026-08-25 14:10:00,ATM+1,CE,370.0,365.05,0.8,0.8,0.3,0.3,95.338237,36000,1068000
2026-08-25 14:15:00,ATM+1,CE,370.0,365.15,0.3,0.3,0.3,0.3,96.894154,0,1068000
2026-08-25 14:20:00,ATM+1,CE,370.0,364.95,0.3,1.0,0.3,1.0,162.00907,42000,1062000
2026-08-25 14:25:00,ATM+1,CE,370.0,365.2,1.0,1.0,0.25,0.25,97.260515,3000,1053000
2026-08-25 14:30:00,ATM+1,CE,370.0,364.9,0.25,0.25,0.25,0.25,105.386835,0,1050000
2026-08-25 14:35:00,ATM+1,CE,370.0,364.8,0.25,0.25,0.25,0.25,111.231027,0,1050000
2026-08-25 14:40:00,ATM+1,CE,370.0,365.45,0.25,0.3,0.25,0.3,111.852561,12000,1044000
2026-08-25 14:45:00,ATM+1,CE,370.0,366.35,0.3,0.8,0.3,0.8,149.999448,42000,1005000
2026-08-25 14:50:00,ATM+1,CE,370.0,366.7,0.8,0.8,0.5,0.5,121.382524,3000,1005000
2026-08-25 14:55:00,ATM+1,CE,370.0,366.4,0.5,0.5,0.1,0.15,90.344531,96000,912000
2026-08-25 15:00:00,ATM+1,CE,370.0,366.5,0.15,0.45,0.15,0.25,110.54781,18000,900000
2026-08-25 15:05:00,ATM+1,CE,370.0,366.6,0.25,0.25,0.1,0.1,89.796198,12000,894000
2026-08-25 15:10:00,ATM+1,CE,370.0,365.55,0.4,0.45,0.1,0.15,133.566582,21000,876000
2026-08-25 15:15:00,ATM+1,CE,370.0,365.55,0.15,0.2,0.15,0.15,149.341694,21000,855000
2026-08-25 15:20:00,ATM+1,CE,370.0,365.55,0.15,0.15,0.1,0.1,0.0,6000,849000
2026-08-25 15:25:00,ATM+1,CE,370.0,367.45,0.1,0.1,0.05,0.05,105.76725,48000,840000
2026-08-25 15:30:00,ATM+1,CE,370.0,367.45,0.05,0.05,0.05,0.05,0.0,6000,843000
2026-08-25 15:35:00,ATM+1,CE,370.0,367.45,0.05,0.05,0.05,0.05,0.0,0,843000
2026-08-20 09:30:00,ATM+1,PE,355.0,348.0,18.8,18.8,18.8,18.8,91.281331,0,648000
2026-08-20 09:35:00,ATM+1,PE,355.0,348.35,4.5,18.8,4.5,18.8,92.457853,0,648000
2026-08-20 09:40:00,ATM+1,PE,355.0,349.05,18.8,18.8,18.8,18.8,94.746688,0,648000
2026-08-20 09:45:00,ATM+1,PE,355.0,349.45,18.8,18.8,18.8,18.8,96.047713,0,648000
2026-08-20 09:50:00,ATM+1,PE,355.0,348.0,18.8,18.8,7.0,18.8,91.397427,0,648000
2026-08-20 09:55:00,ATM+1,PE,355.0,347.6,18.8,18.8,18.8,18.8,90.097513,0,648000
2026-08-20 10:00:00,ATM+1,PE,355.0,347.8,18.8,18.8,6.0,18.8,90.793066,0,648000
2026-08-20 10:05:00,ATM+1,PE,355.0,348.35,18.8,18.8,6.0,18.8,92.63471,0,648000
2026-08-20 10:10:00,ATM+1,PE,355.0,348.6,18.8,18.8,18.8,18.8,93.478348,0,648000
2026-08-20 10:15:00,ATM+1,PE,355.0,348.05,18.8,18.8,18.8,18.8,91.708368,0,648000
2026-08-20 10:20:00,ATM+1,PE,355.0,348.0,18.8,18.8,18.8,18.8,91.572454,0,648000
2026-08-20 10:25:00,ATM+1,PE,350.0,346.5,18.8,18.8,6.0,7.0,32.342648,3000,1683000
2026-08-20 10:30:00,ATM+1,PE,350.0,347.15,7.0,7.0,7.0,7.0,34.620678,0,1683000
2026-08-20 10:35:00,ATM+1,PE,350.0,347.35,7.0,18.8,7.0,7.0,35.305698,0,1683000
2026-08-20 10:40:00,ATM+1,PE,350.0,347.5,7.0,7.0,7.0,7.0,35.815947,0,1683000
2026-08-20 10:45:00,ATM+1,PE,355.0,347.55,7.0,18.8,7.0,18.8,90.217625,0,648000
2026-08-20 10:50:00,ATM+1,PE,350.0,345.95,7.0,7.0,7.0,7.0,30.359763,0,1683000
2026-08-20 10:55:00,ATM+1,PE,350.0,346.25,7.0,7.5,7.0,7.5,34.597468,3000,1680000
2026-08-20 11:00:00,ATM+1,PE,350.0,345.8,7.5,7.5,7.5,7.5,32.951564,0,1680000
2026-08-20 11:05:00,ATM+1,PE,350.0,346.9,7.5,7.5,7.5,7.5,36.901312,0,1680000
2026-08-20 11:10:00,ATM+1,PE,350.0,347.2,7.5,7.5,7.5,7.5,37.929042,0,1680000
2026-08-20 11:15:00,ATM+1,PE,350.0,347.0,7.5,7.5,7.5,7.5,37.265097,0,1680000
2026-08-20 11:20:00,ATM+1,PE,350.0,346.65,7.5,7.5,7.5,7.5,36.06977,0,1680000
2026-08-20 11:25:00,ATM+1,PE,350.0,347.0,7.5,7.5,7.5,7.5,37.287763,0,1680000
2026-08-20 11:30:00,ATM+1,PE,350.0,347.4,7.5,7.5,7.5,7.5,38.642258,0,1680000
2026-08-20 11:35:00,ATM+1,PE,350.0,347.3,7.5,7.5,7.5,7.5,38.321656,0,1680000
2026-08-20 11:40:00,ATM+1,PE,350.0,346.85,7.5,7.5,7.5,7.5,36.807866,0,1680000
2026-08-20 11:45:00,ATM+1,PE,350.0,346.75,7.5,7.5,7.5,7.5,36.473072,0,1680000
2026-08-20 11:50:00,ATM+1,PE,350.0,347.25,7.5,7.5,7.5,7.5,38.189666,0,1680000
2026-08-20 11:55:00,ATM+1,PE,355.0,347.65,18.8,18.8,18.8,18.8,90.962207,0,648000
2026-08-20 12:00:00,ATM+1,PE,350.0,347.5,7.5,18.8,7.5,7.5,39.044346,0,1680000
2026-08-20 12:05:00,ATM+1,PE,350.0,347.4,18.8,18.8,7.5,7.5,38.725425,0,1680000
2026-08-20 12:10:00,ATM+1,PE,350.0,347.35,7.5,7.5,7.5,7.5,38.570999,0,1680000
2026-08-20 12:15:00,ATM+1,PE,355.0,347.9,7.5,18.8,7.5,18.8,91.919502,0,648000
2026-08-20 12:20:00,ATM+1,PE,350.0,346.7,18.8,18.8,6.5,6.5,30.175309,0,1680000
2026-08-20 12:25:00,ATM+1,PE,350.0,346.8,6.5,6.5,6.5,6.5,30.54521,0,1680000
2026-08-20 12:30:00,ATM+1,PE,350.0,347.5,6.5,6.5,6.5,6.5,32.991649,0,1680000
2026-08-20 12:35:00,ATM+1,PE,350.0,347.3,18.8,18.8,6.5,6.5,32.319984,0,1680000
2026-08-20 12:40:00,ATM+1,PE,350.0,347.1,6.5,6.5,6.5,6.5,31.636296,0,1680000
2026-08-20 12:45:00,ATM+1,PE,350.0,347.4,6.5,6.5,6.5,6.5,32.682038,0,1680000
2026-08-20 12:50:00,ATM+1,PE,355.0,347.55,6.5,18.8,6.5,18.8,90.949231,0,648000
2026-08-20 12:55:00,ATM+1,PE,350.0,347.5,18.8,18.8,6.5,6.5,33.041849,0,1680000
2026-08-20 13:00:00,ATM+1,PE,355.0,347.55,18.8,18.8,18.8,18.8,91.008588,0,648000
2026-08-20 13:05:00,ATM+1,PE,355.0,347.7,18.8,18.8,6.5,18.8,91.546144,0,648000
2026-08-20 13:10:00,ATM+1,PE,350.0,347.5,6.5,6.5,6.5,6.5,33.072093,0,1680000
2026-08-20 13:15:00,ATM+1,PE,350.0,347.35,6.5,6.5,6.5,6.5,32.570489,0,1680000
2026-08-20 13:20:00,ATM+1,PE,350.0,346.55,6.5,6.5,6.5,6.5,29.733146,0,1680000
2026-08-20 13:25:00,ATM+1,PE,350.0,346.85,6.5,6.5,6.5,6.5,30.835183,0,1680000
2026-08-20 13:30:00,ATM+1,PE,355.0,347.55,6.5,18.8,6.5,18.8,91.187344,0,648000
2026-08-20 13:35:00,ATM+1,PE,350.0,346.85,6.5,6.5,6.5,6.5,30.85379,0,1680000
2026-08-20 13:40:00,ATM+1,PE,350.0,347.5,6.5,7.0,6.5,7.0,36.212533,3000,1680000
2026-08-20 13:45:00,ATM+1,PE,350.0,347.35,7.0,7.0,7.0,7.0,35.71742,0,1680000
2026-08-20 13:50:00,ATM+1,PE,350.0,347.1,7.0,7.0,7.0,7.0,34.871535,0,1680000
2026-08-20 13:55:00,ATM+1,PE,350.0,347.0,7.0,7.0,7.0,7.0,34.534692,0,1680000
2026-08-20 14:00:00,ATM+1,PE,350.0,347.35,7.0,7.0,7.0,7.0,35.750634,0,1680000
2026-08-20 14:05:00,ATM+1,PE,350.0,347.4,7.0,7.0,7.0,7.0,35.931371,0,1680000
2026-08-20 14:10:00,ATM+1,PE,355.0,347.55,7.0,18.8,7.0,18.8,91.427452,0,648000
2026-08-20 14:15:00,ATM+1,PE,350.0,347.25,7.0,7.0,7.0,7.0,35.442507,0,1680000
2026-08-20 14:20:00,ATM+1,PE,350.0,347.2,7.0,7.0,7.0,7.0,35.281753,0,1680000
2026-08-20 14:25:00,ATM+1,PE,350.0,347.4,7.0,7.0,7.0,7.0,35.976111,0,1680000
2026-08-20 14:30:00,ATM+1,PE,350.0,347.35,7.0,7.0,7.0,7.0,35.817374,0,1680000
2026-08-20 14:35:00,ATM+1,PE,350.0,347.35,7.0,7.0,7.0,7.0,35.828537,0,1680000
2026-08-20 14:40:00,ATM+1,PE,350.0,347.1,7.0,7.0,7.0,7.0,34.979609,0,1680000
2026-08-20 14:45:00,ATM+1,PE,355.0,347.85,7.0,18.8,7.0,18.8,92.659576,0,648000
2026-08-20 14:50:00,ATM+1,PE,355.0,348.55,18.8,18.8,18.8,18.8,95.034494,0,648000
2026-08-20 14:55:00,ATM+1,PE,355.0,348.7,18.8,18.8,18.8,18.8,95.562035,0,648000
2026-08-20 15:00:00,ATM+1,PE,355.0,348.9,18.8,18.8,18.8,18.8,96.251896,0,648000
2026-08-20 15:05:00,ATM+1,PE,355.0,349.6,18.8,18.8,18.8,18.8,98.557994,0,648000
2026-08-20 15:10:00,ATM+1,PE,355.0,349.3,18.8,18.8,18.8,18.8,97.621575,0,648000
2026-08-20 15:15:00,ATM+1,PE,355.0,349.3,18.8,18.8,18.8,18.8,97.654188,0,648000
2026-08-20 15:20:00,ATM+1,PE,355.0,349.3,18.8,18.8,18.8,18.8,97.686828,0,648000
2026-08-20 15:25:00,ATM+1,PE,355.0,349.25,18.8,18.8,18.8,18.8,97.556983,0,648000
2026-08-20 15:30:00,ATM+1,PE,355.0,349.25,18.8,18.8,18.8,18.8,97.589622,0,648000
2026-08-20 15:35:00,ATM+1,PE,355.0,349.25,18.8,18.8,18.8,18.8,97.622309,0,648000
2026-08-21 09:25:00,ATM+1,PE,360.0,355.55,8.05,8.05,6.6,6.6,27.82795,42000,1824000
2026-08-21 09:30:00,ATM+1,PE,360.0,353.75,6.6,6.6,6.6,6.6,17.95585,0,1824000
2026-08-21 09:35:00,ATM+1,PE,360.0,355.15,6.6,7.0,6.6,7.0,28.842462,6000,1818000
2026-08-21 09:40:00,ATM+1,PE,360.0,357.4,7.0,7.0,6.1,6.1,31.978018,36000,1788000
2026-08-21 09:45:00,ATM+1,PE,360.0,356.45,6.0,6.1,6.0,6.0,27.611738,9000,1788000
2026-08-21 09:50:00,ATM+1,PE,360.0,356.05,6.0,6.0,6.0,6.0,25.920175,0,1788000
2026-08-21 09:55:00,ATM+1,PE,360.0,356.6,6.0,6.2,6.0,6.05,28.583621,15000,1785000
2026-08-21 10:00:00,ATM+1,PE,360.0,356.0,6.05,6.05,6.05,6.05,26.06537,0,1785000
2026-08-21 10:05:00,ATM+1,PE,360.0,356.0,6.05,6.05,6.05,6.05,26.074543,0,1785000
2026-08-21 10:10:00,ATM+1,PE,360.0,356.9,6.05,6.05,6.05,6.05,29.809842,9000,1785000
2026-08-21 10:15:00,ATM+1,PE,360.0,357.15,6.05,6.05,6.05,6.05,30.78762,0,1785000
2026-08-21 10:20:00,ATM+1,PE,360.0,356.85,6.05,6.05,6.05,6.05,29.635053,0,1782000
2026-08-21 10:25:00,ATM+1,PE,360.0,357.45,9.0,10.0,6.0,6.0,31.609793,3000,1788000
2026-08-21 10:30:00,ATM+1,PE,360.0,357.35,6.0,6.0,6.0,6.0,31.247668,18000,1785000
2026-08-21 10:35:00,ATM+1,PE,365.0,358.15,6.0,9.0,6.0,9.0,33.340899,3000,903000
2026-08-21 10:40:00,ATM+1,PE,365.0,358.2,9.0,9.0,9.0,9.0,33.602082,0,903000
2026-08-21 10:45:00,ATM+1,PE,365.0,358.45,9.0,9.0,9.0,9.0,34.833009,0,903000
2026-08-21 10:50:00,ATM+1,PE,365.0,358.1,9.0,9.0,9.0,9.0,33.125528,0,903000
2026-08-21 10:55:00,ATM+1,PE,365.0,358.15,9.0,9.0,9.0,9.0,33.388974,0,903000
2026-08-21 11:00:00,ATM+1,PE,365.0,357.95,9.0,9.0,9.0,9.0,32.381994,0,903000
2026-08-21 11:05:00,ATM+1,PE,365.0,358.15,9.0,9.0,9.0,9.0,33.413101,0,903000
2026-08-21 11:10:00,ATM+1,PE,365.0,358.15,9.0,9.0,9.0,9.0,33.425194,0,903000
2026-08-21 11:15:00,ATM+1,PE,365.0,358.15,9.0,9.0,9.0,9.0,33.4373,0,903000
2026-08-21 11:20:00,ATM+1,PE,365.0,358.2,9.0,9.0,9.0,9.0,33.699537,0,903000
2026-08-21 11:25:00,ATM+1,PE,365.0,357.75,9.0,9.0,9.0,9.0,31.382561,0,903000
2026-08-21 11:30:00,ATM+1,PE,365.0,357.7,9.0,9.0,9.0,9.0,31.122971,0,903000
2026-08-21 11:35:00,ATM+1,PE,365.0,358.0,9.0,9.0,9.0,9.0,32.722272,0,903000
2026-08-21 11:40:00,ATM+1,PE,360.0,357.0,9.0,9.0,5.3,5.3,25.338953,0,1776000
2026-08-21 11:45:00,ATM+1,PE,360.0,357.45,5.3,5.3,5.3,5.3,27.130313,0,1776000
2026-08-21 11:50:00,ATM+1,PE,365.0,357.75,9.0,9.0,9.0,9.0,31.438522,0,903000
2026-08-21 11:55:00,ATM+1,PE,365.0,358.0,9.0,9.0,9.0,9.0,32.769659,0,903000
2026-08-21 12:00:00,ATM+1,PE,365.0,357.75,9.0,9.0,9.0,9.0,31.461011,0,903000
2026-08-21 12:05:00,ATM+1,PE,365.0,357.6,9.0,9.0,9.0,9.0,30.649091,0,903000
2026-08-21 12:10:00,ATM+1,PE,360.0,356.6,9.0,9.0,5.3,5.3,23.711713,0,1776000
2026-08-21 12:15:00,ATM+1,PE,360.0,356.5,5.3,5.3,5.3,5.3,23.282662,0,1776000
2026-08-21 12:20:00,ATM+1,PE,360.0,356.8,5.3,5.3,5.3,5.3,24.583117,0,1776000
2026-08-21 12:25:00,ATM+1,PE,360.0,356.65,5.3,5.3,5.3,5.3,23.953313,0,1776000
2026-08-21 12:30:00,ATM+1,PE,360.0,357.45,5.3,9.0,5.3,5.3,27.220656,0,1776000
2026-08-21 12:35:00,ATM+1,PE,360.0,356.9,5.3,5.3,5.3,5.3,25.027986,0,1776000
2026-08-21 12:40:00,ATM+1,PE,360.0,356.75,5.3,5.3,5.3,5.3,24.407082,0,1776000
2026-08-21 12:45:00,ATM+1,PE,360.0,356.5,5.3,5.3,5.3,5.3,23.332267,0,1776000
2026-08-21 12:50:00,ATM+1,PE,360.0,356.5,5.3,5.3,5.3,5.3,23.340573,0,1776000
2026-08-21 12:55:00,ATM+1,PE,360.0,356.95,5.3,5.3,5.3,5.3,25.271712,0,1776000
2026-08-21 13:00:00,ATM+1,PE,360.0,356.65,5.3,5.3,5.3,5.3,24.013568,0,1776000
2026-08-21 13:05:00,ATM+1,PE,360.0,356.95,5.3,5.3,5.3,5.3,25.290208,0,1776000
2026-08-21 13:10:00,ATM+1,PE,360.0,356.5,5.3,5.3,5.3,5.3,23.37391,0,1776000
2026-08-21 13:15:00,ATM+1,PE,360.0,356.75,5.3,5.3,5.3,5.3,24.469002,0,1776000
2026-08-21 13:20:00,ATM+1,PE,360.0,356.25,5.3,5.3,5.3,5.3,22.255313,0,1776000
2026-08-21 13:25:00,ATM+1,PE,360.0,356.55,5.3,5.3,5.3,5.3,23.620166,0,1776000
2026-08-21 13:30:00,ATM+1,PE,360.0,355.45,5.3,5.3,5.3,5.3,18.167691,0,1776000
2026-08-21 13:35:00,ATM+1,PE,360.0,356.5,5.3,5.3,5.3,5.3,23.415829,0,1776000
2026-08-21 13:40:00,ATM+1,PE,360.0,356.1,5.3,5.3,5.3,5.3,21.577097,0,1776000
2026-08-21 13:45:00,ATM+1,PE,360.0,355.95,5.3,5.3,5.3,5.3,20.851101,0,1776000
2026-08-21 13:50:00,ATM+1,PE,360.0,356.25,5.3,5.3,5.3,5.3,22.302464,0,1776000
2026-08-21 13:55:00,ATM+1,PE,360.0,356.1,5.3,5.3,5.3,5.3,21.599694,0,1776000
2026-08-21 14:00:00,ATM+1,PE,360.0,356.0,5.3,5.3,5.3,5.3,21.120317,0,1776000
2026-08-21 14:05:00,ATM+1,PE,360.0,355.65,5.3,5.3,5.3,5.3,19.32445,0,1776000
2026-08-21 14:10:00,ATM+1,PE,360.0,356.0,5.3,5.3,5.3,5.3,21.134962,0,1776000
2026-08-21 14:15:00,ATM+1,PE,360.0,356.55,5.3,5.3,5.3,5.3,23.705704,0,1776000
2026-08-21 14:20:00,ATM+1,PE,360.0,356.6,5.3,5.3,5.3,5.3,23.934778,0,1776000
2026-08-21 14:25:00,ATM+1,PE,360.0,356.4,5.3,5.3,5.3,5.3,23.0498,0,1776000
2026-08-21 14:30:00,ATM+1,PE,360.0,356.6,5.3,5.3,5.3,5.3,23.95226,0,1776000
2026-08-21 14:35:00,ATM+1,PE,360.0,356.8,5.3,5.3,5.3,5.3,24.826617,0,1776000
2026-08-21 14:40:00,ATM+1,PE,360.0,356.7,5.3,5.3,5.3,5.3,24.406191,0,1776000
2026-08-21 14:45:00,ATM+1,PE,360.0,356.8,5.3,5.3,5.3,5.3,24.845004,0,1776000
2026-08-21 14:50:00,ATM+1,PE,360.0,356.6,5.3,5.3,5.3,5.3,23.98737,0,1776000
2026-08-21 14:55:00,ATM+1,PE,360.0,355.9,5.3,5.3,5.3,5.3,20.700181,0,1776000
2026-08-21 15:00:00,ATM+1,PE,360.0,355.7,5.3,5.3,5.3,5.3,19.665095,0,1776000
2026-08-21 15:05:00,ATM+1,PE,360.0,355.4,5.3,5.3,5.3,5.3,17.984679,0,1776000
2026-08-21 15:10:00,ATM+1,PE,360.0,357.45,4.6,5.3,4.6,4.6,22.761809,6000,1776000
2026-08-21 15:15:00,ATM+1,PE,360.0,357.45,4.6,4.6,4.6,4.6,22.770233,0,1776000
2026-08-21 15:20:00,ATM+1,PE,360.0,357.45,4.6,4.6,4.6,4.6,22.778664,0,1776000
2026-08-21 15:25:00,ATM+1,PE,360.0,357.5,4.6,4.6,4.6,4.6,22.99119,0,1773000
2026-08-21 15:30:00,ATM+1,PE,360.0,357.5,4.6,4.6,4.6,4.6,22.999745,0,1773000
2026-08-21 15:35:00,ATM+1,PE,360.0,357.5,4.6,4.6,4.6,4.6,23.008312,0,1773000
2026-08-24 09:20:00,ATM+1,PE,365.0,362.3,6.2,6.55,5.8,5.8,51.547231,135000,777000
2026-08-24 09:25:00,ATM+1,PE,365.0,360.95,6.05,6.2,5.55,6.2,46.25876,60000,768000
2026-08-24 09:30:00,ATM+1,PE,365.0,360.25,6.25,7.55,6.2,7.55,57.740806,39000,768000
2026-08-24 09:35:00,ATM+1,PE,365.0,360.5,7.55,7.55,6.35,6.35,44.466586,24000,768000
2026-08-24 09:40:00,ATM+1,PE,365.0,362.0,6.35,6.35,5.75,5.75,49.038853,9000,762000
2026-08-24 09:45:00,ATM+1,PE,370.0,364.6,5.65,9.4,5.65,7.6,52.373198,72000,1035000
2026-08-24 09:50:00,ATM+1,PE,370.0,365.8,7.2,7.6,7.0,7.05,55.390554,192000,1029000
2026-08-24 09:55:00,ATM+1,PE,375.0,367.95,6.85,9.8,6.4,9.4,60.60106,228000,531000
2026-08-24 10:00:00,ATM+1,PE,370.0,366.9,8.6,9.4,5.25,6.0,50.954351,60000,1140000
2026-08-24 10:05:00,ATM+1,PE,370.0,364.7,6.0,7.4,6.0,7.4,50.914329,162000,1101000
2026-08-24 10:10:00,ATM+1,PE,370.0,366.85,7.4,7.4,6.45,6.45,56.199805,99000,1047000
2026-08-24 10:15:00,ATM+1,PE,370.0,367.05,6.4,6.45,5.8,5.85,50.431683,42000,1038000
2026-08-24 10:20:00,ATM+1,PE,370.0,366.25,5.85,5.95,5.75,5.95,45.605432,12000,1035000
2026-08-24 10:25:00,ATM+1,PE,370.0,365.45,5.9,6.3,5.85,6.3,43.359897,21000,1026000
2026-08-24 10:30:00,ATM+1,PE,370.0,366.2,6.45,6.45,6.05,6.05,46.591575,21000,1026000
2026-08-24 10:35:00,ATM+1,PE,370.0,365.85,6.05,6.05,6.05,6.05,43.725663,0,1026000
2026-08-24 10:40:00,ATM+1,PE,370.0,365.65,6.05,6.2,6.05,6.2,44.002242,3000,1026000
2026-08-24 10:45:00,ATM+1,PE,370.0,365.0,6.2,6.5,6.2,6.5,42.081206,15000,1026000
2026-08-24 10:50:00,ATM+1,PE,370.0,364.25,6.7,7.0,6.5,7.0,41.562805,48000,1005000
2026-08-24 10:55:00,ATM+1,PE,370.0,365.15,6.75,7.0,6.05,6.45,42.954095,33000,1005000
2026-08-24 11:00:00,ATM+1,PE,370.0,364.2,6.45,7.0,6.45,7.0,41.130091,24000,993000
2026-08-24 11:05:00,ATM+1,PE,370.0,364.85,7.05,7.2,6.85,6.85,45.698507,33000,987000
2026-08-24 11:10:00,ATM+1,PE,370.0,364.95,6.85,6.85,6.5,6.7,44.655965,12000,984000
2026-08-24 11:15:00,ATM+1,PE,370.0,364.8,6.7,6.75,6.7,6.75,43.952055,3000,984000
2026-08-24 11:20:00,ATM+1,PE,370.0,364.95,6.85,6.9,6.75,6.9,47.520551,12000,984000
2026-08-24 11:25:00,ATM+1,PE,370.0,364.95,6.9,6.9,6.9,6.9,47.587478,0,984000
2026-08-24 11:30:00,ATM+1,PE,370.0,364.1,6.9,7.0,6.9,7.0,40.340831,3000,987000
2026-08-24 11:35:00,ATM+1,PE,370.0,365.2,7.0,7.0,7.0,7.0,51.339481,0,990000
2026-08-24 11:40:00,ATM+1,PE,370.0,365.45,7.0,7.0,6.45,6.45,46.295533,9000,987000
2026-08-24 11:45:00,ATM+1,PE,370.0,365.5,6.45,6.45,6.45,6.45,46.812103,0,987000
2026-08-24 11:50:00,ATM+1,PE,370.0,365.4,6.45,6.45,6.25,6.4,45.294148,18000,987000
2026-08-24 11:55:00,ATM+1,PE,370.0,365.65,6.4,6.4,6.4,6.4,47.612726,0,987000
2026-08-24 12:00:00,ATM+1,PE,370.0,366.05,6.4,6.4,6.0,6.0,45.863824,15000,987000
2026-08-24 12:05:00,ATM+1,PE,370.0,366.2,6.0,6.0,6.0,6.0,47.205103,0,987000
2026-08-24 12:10:00,ATM+1,PE,370.0,366.2,6.0,6.0,6.0,6.0,47.273778,0,987000
2026-08-24 12:15:00,ATM+1,PE,370.0,366.15,6.0,6.0,6.0,6.0,46.920116,0,987000
2026-08-24 12:20:00,ATM+1,PE,370.0,366.4,6.0,6.0,5.9,6.0,49.071385,15000,984000
2026-08-24 12:25:00,ATM+1,PE,370.0,366.1,6.0,6.0,6.0,6.0,46.630144,0,984000
2026-08-24 12:30:00,ATM+1,PE,370.0,366.35,6.0,6.1,6.0,6.05,49.456462,15000,984000
2026-08-24 12:35:00,ATM+1,PE,370.0,366.25,6.05,6.05,6.05,6.05,48.700174,0,984000
2026-08-24 12:40:00,ATM+1,PE,370.0,366.6,6.05,6.05,6.05,6.05,51.627619,3000,984000
2026-08-24 12:45:00,ATM+1,PE,370.0,366.8,6.05,6.05,6.05,6.05,53.277424,0,984000
2026-08-24 12:50:00,ATM+1,PE,370.0,366.9,6.05,6.05,6.05,6.05,54.130188,0,984000
2026-08-24 12:55:00,ATM+1,PE,370.0,366.8,6.05,6.05,6.05,6.05,53.43808,0,984000
2026-08-24 13:00:00,ATM+1,PE,370.0,366.45,5.75,6.05,5.75,5.75,46.785796,6000,993000
2026-08-24 13:05:00,ATM+1,PE,370.0,366.8,5.75,5.75,5.75,5.75,49.722654,0,993000
2026-08-24 13:10:00,ATM+1,PE,370.0,366.55,5.75,5.75,5.75,5.75,47.763305,0,993000
2026-08-24 13:15:00,ATM+1,PE,370.0,366.95,5.75,5.75,5.3,5.3,45.215749,12000,993000
2026-08-24 13:20:00,ATM+1,PE,370.0,366.3,5.3,5.3,5.3,5.3,39.67574,0,993000
2026-08-24 13:25:00,ATM+1,PE,370.0,366.05,5.3,5.3,5.3,5.3,37.357262,0,993000
2026-08-24 13:30:00,ATM+1,PE,370.0,366.25,5.3,5.3,5.3,5.3,39.330971,0,993000
2026-08-24 13:35:00,ATM+1,PE,370.0,366.2,5.3,5.6,5.3,5.6,43.068852,3000,993000
2026-08-24 13:40:00,ATM+1,PE,370.0,366.4,5.6,5.6,5.6,5.6,44.913716,0,993000
2026-08-24 13:45:00,ATM+1,PE,370.0,366.35,5.6,5.6,5.6,5.6,44.543907,0,993000
2026-08-24 13:50:00,ATM+1,PE,370.0,366.1,5.6,5.6,5.6,5.6,42.347909,0,993000
2026-08-24 13:55:00,ATM+1,PE,370.0,366.05,5.6,5.6,5.6,5.6,41.945106,0,993000
2026-08-24 14:00:00,ATM+1,PE,370.0,366.1,5.6,5.6,5.6,5.6,42.478994,6000,990000
2026-08-24 14:05:00,ATM+1,PE,370.0,366.3,5.6,5.6,5.6,5.6,44.375179,6000,984000
2026-08-24 14:10:00,ATM+1,PE,370.0,366.2,5.6,5.6,5.6,5.6,43.537434,0,984000
2026-08-24 14:15:00,ATM+1,PE,370.0,367.2,5.6,5.6,5.05,5.2,46.778628,36000,987000
2026-08-24 14:20:00,ATM+1,PE,370.0,366.55,5.2,5.2,5.2,5.2,41.325289,0,987000
2026-08-24 14:25:00,ATM+1,PE,370.0,367.1,5.2,5.2,5.2,5.2,46.114565,0,987000
2026-08-24 14:30:00,ATM+1,PE,370.0,367.2,5.2,5.2,5.2,5.2,47.002505,3000,987000
2026-08-24 14:35:00,ATM+1,PE,370.0,367.15,5.55,5.55,5.2,5.25,47.336858,9000,990000
2026-08-24 14:40:00,ATM+1,PE,370.0,367.05,5.25,5.25,5.25,5.25,46.593034,0,984000
2026-08-24 14:45:00,ATM+1,PE,370.0,366.9,5.25,5.4,5.1,5.4,47.435249,21000,972000
2026-08-24 14:50:00,ATM+1,PE,370.0,366.85,5.4,5.6,5.4,5.6,49.787585,9000,969000
2026-08-24 14:55:00,ATM+1,PE,370.0,366.75,5.6,5.7,5.6,5.7,50.382355,15000,966000
2026-08-24 15:00:00,ATM+1,PE,370.0,365.75,5.7,5.8,5.7,5.8,42.756771,30000,966000
2026-08-24 15:05:00,ATM+1,PE,370.0,364.75,5.8,5.85,5.8,5.85,31.860605,57000,936000
2026-08-24 15:10:00,ATM+1,PE,370.0,365.4,5.95,6.0,5.65,5.65,36.882766,30000,924000
2026-08-24 15:15:00,ATM+1,PE,370.0,365.4,5.9,5.9,5.65,5.9,40.808569,21000,924000
2026-08-24 15:20:00,ATM+1,PE,370.0,365.4,5.55,5.9,5.45,5.75,38.567272,30000,906000
2026-08-24 15:25:00,ATM+1,PE,370.0,365.05,5.75,6.1,5.75,6.1,40.127481,6000,903000
2026-08-24 15:30:00,ATM+1,PE,370.0,365.05,5.95,6.15,5.95,6.15,40.98111,12000,897000
2026-08-24 15:35:00,ATM+1,PE,370.0,365.05,5.95,6.15,5.5,6.1,40.258336,27000,891000
2026-08-25 09:15:00,ATM+1,PE,370.0,364.95,6.7,6.7,6.25,6.25,79.032376,6000,366000
2026-08-25 09:20:00,ATM+1,PE,370.0,364.5,6.25,6.25,6.25,6.25,68.11974,18000,363000
2026-08-25 09:25:00,ATM+1,PE,370.0,366.1,6.25,6.35,5.15,5.4,79.15929,24000,354000
2026-08-25 09:30:00,ATM+1,PE,370.0,367.15,5.4,5.65,4.95,4.95,86.463977,9000,342000
2026-08-25 09:35:00,ATM+1,PE,375.0,367.65,4.95,9.85,4.95,8.1,82.126888,3000,411000
2026-08-25 09:40:00,ATM+1,PE,370.0,367.1,4.45,4.45,3.75,4.45,72.734177,6000,345000
2026-08-25 09:45:00,ATM+1,PE,375.0,367.55,8.1,8.1,8.1,8.1,79.900332,0,411000
2026-08-25 09:50:00,ATM+1,PE,375.0,368.05,3.6,8.1,3.6,8.1,95.737371,0,411000
2026-08-25 09:55:00,ATM+1,PE,375.0,368.65,8.1,8.1,6.95,6.95,71.021821,9000,405000
2026-08-25 10:00:00,ATM+1,PE,375.0,368.1,6.85,7.25,6.65,6.9,35.543137,78000,348000
2026-08-25 10:05:00,ATM+1,PE,370.0,367.4,6.9,6.9,4.05,4.05,69.402136,0,333000
2026-08-25 10:10:00,ATM+1,PE,370.0,366.65,4.05,4.05,4.05,4.05,53.417288,0,333000
2026-08-25 10:15:00,ATM+1,PE,375.0,368.65,4.05,8.85,4.05,8.85,138.556938,6000,327000
2026-08-25 10:20:00,ATM+1,PE,370.0,367.25,8.85,8.85,3.8,4.1,69.533218,3000,333000
2026-08-25 10:25:00,ATM+1,PE,375.0,368.85,4.2,8.85,4.1,6.65,68.374301,75000,306000
2026-08-25 10:30:00,ATM+1,PE,375.0,368.8,6.65,6.65,6.5,6.55,61.993602,18000,288000
2026-08-25 10:35:00,ATM+1,PE,375.0,368.9,6.55,6.55,6.55,6.55,66.759144,0,288000
2026-08-25 10:40:00,ATM+1,PE,375.0,368.8,6.55,6.55,6.55,6.55,63.003083,0,288000
2026-08-25 10:45:00,ATM+1,PE,375.0,368.7,6.55,6.55,6.55,6.55,58.54072,0,288000
2026-08-25 10:50:00,ATM+1,PE,375.0,368.65,6.55,6.55,6.55,6.55,56.147577,0,288000
2026-08-25 10:55:00,ATM+1,PE,375.0,368.85,6.55,6.55,6.55,6.55,66.895403,0,288000
2026-08-25 11:00:00,ATM+1,PE,375.0,368.8,6.55,6.55,6.55,6.55,65.185673,0,288000
2026-08-25 11:05:00,ATM+1,PE,375.0,369.3,6.55,6.55,6.55,6.55,84.832047,0,288000
2026-08-25 11:10:00,ATM+1,PE,375.0,369.45,6.55,6.55,6.35,6.35,82.222403,3000,270000
2026-08-25 11:15:00,ATM+1,PE,375.0,369.15,6.35,6.35,6.35,6.35,72.086329,0,270000
2026-08-25 11:20:00,ATM+1,PE,375.0,369.15,6.35,6.35,6.35,6.35,72.77473,0,270000
2026-08-25 11:25:00,ATM+1,PE,375.0,369.15,6.35,6.35,6.35,6.35,73.484416,0,270000
2026-08-25 11:30:00,ATM+1,PE,375.0,367.55,6.35,6.35,6.35,6.35,0.0,0,270000
2026-08-25 11:35:00,ATM+1,PE,370.0,367.3,4.15,6.35,3.6,4.2,84.158948,21000,393000
2026-08-25 11:40:00,ATM+1,PE,370.0,366.6,4.2,4.2,4.2,4.2,67.152594,0,393000
2026-08-25 11:45:00,ATM+1,PE,370.0,367.2,4.2,4.2,4.2,4.2,83.615483,0,396000
2026-08-25 11:50:00,ATM+1,PE,370.0,366.2,4.2,4.2,4.2,4.2,54.891356,0,396000
2026-08-25 11:55:00,ATM+1,PE,370.0,366.65,4.2,4.2,4.2,4.2,70.868372,0,396000
2026-08-25 12:00:00,ATM+1,PE,370.0,366.25,4.2,5.1,4.2,5.05,94.086511,18000,384000
2026-08-25 12:05:00,ATM+1,PE,370.0,366.05,5.05,5.05,5.05,5.05,89.508522,0,384000
2026-08-25 12:10:00,ATM+1,PE,370.0,367.0,5.05,5.05,5.05,5.05,115.305088,0,384000
2026-08-25 12:15:00,ATM+1,PE,370.0,367.0,5.05,5.05,4.75,4.8,107.389517,6000,381000
2026-08-25 12:20:00,ATM+1,PE,370.0,366.65,4.8,4.8,4.8,4.8,99.777959,0,381000
2026-08-25 12:25:00,ATM+1,PE,370.0,366.7,4.8,4.8,4.8,4.8,102.419599,0,381000
2026-08-25 12:30:00,ATM+1,PE,370.0,366.35,4.8,4.8,4.8,4.8,93.79756,0,381000
2026-08-25 12:35:00,ATM+1,PE,370.0,365.8,4.8,5.65,4.8,5.65,114.854966,9000,375000
2026-08-25 12:40:00,ATM+1,PE,370.0,365.75,5.65,5.65,5.35,5.35,101.668137,3000,369000
2026-08-25 12:45:00,ATM+1,PE,370.0,365.5,5.7,5.7,5.35,5.7,110.839564,3000,363000
2026-08-25 12:50:00,ATM+1,PE,370.0,365.45,5.7,5.7,5.7,5.7,110.7934,0,363000
2026-08-25 12:55:00,ATM+1,PE,370.0,364.8,5.7,5.75,5.7,5.75,88.897379,9000,357000
2026-08-25 13:00:00,ATM+1,PE,370.0,364.45,6.15,6.75,5.75,6.75,129.533461,42000,330000
2026-08-25 13:05:00,ATM+1,PE,370.0,364.2,6.75,6.75,6.6,6.6,113.364109,15000,312000
2026-08-25 13:10:00,ATM+1,PE,370.0,365.0,6.85,6.85,6.45,6.45,139.067507,18000,306000
2026-08-25 13:15:00,ATM+1,PE,370.0,365.35,6.45,6.45,5.25,5.25,91.545973,3000,303000
2026-08-25 13:20:00,ATM+1,PE,370.0,365.1,5.25,5.25,5.25,5.25,79.58855,0,303000
2026-08-25 13:25:00,ATM+1,PE,370.0,364.75,5.25,5.25,5.25,5.25,39.918074,0,303000
2026-08-25 13:30:00,ATM+1,PE,370.0,364.55,5.25,5.25,5.25,5.25,0.0,0,303000
2026-08-25 13:35:00,ATM+1,PE,370.0,364.85,5.25,5.25,5.25,5.25,62.832842,0,303000
2026-08-25 13:40:00,ATM+1,PE,370.0,364.55,5.25,5.25,5.25,5.25,0.0,0,303000
2026-08-25 13:45:00,ATM+1,PE,370.0,364.5,5.25,5.25,5.25,5.25,0.0,0,303000
2026-08-25 13:50:00,ATM+1,PE,370.0,365.05,5.25,6.75,5.25,6.75,182.177367,6000,300000
2026-08-25 13:55:00,ATM+1,PE,370.0,364.5,5.55,6.75,5.55,6.75,163.397274,75000,264000
2026-08-25 14:00:00,ATM+1,PE,370.0,365.45,6.75,6.75,5.9,5.9,157.971202,15000,255000
2026-08-25 14:05:00,ATM+1,PE,370.0,364.9,6.05,6.05,5.9,6.05,145.738643,15000,255000
2026-08-25 14:10:00,ATM+1,PE,370.0,365.05,6.05,6.05,6.05,6.05,157.693047,0,255000
2026-08-25 14:15:00,ATM+1,PE,370.0,365.15,6.05,6.05,6.05,6.05,167.594755,0,255000
2026-08-25 14:20:00,ATM+1,PE,370.0,364.95,6.05,6.55,6.05,6.55,197.470862,3000,255000
2026-08-25 14:25:00,ATM+1,PE,370.0,365.2,6.55,6.55,6.55,6.55,216.517768,0,255000
2026-08-25 14:30:00,ATM+1,PE,370.0,364.9,6.55,6.55,6.55,6.55,209.461961,0,255000
2026-08-25 14:35:00,ATM+1,PE,370.0,364.8,6.55,6.55,6.55,6.55,212.424251,3000,255000
2026-08-25 14:40:00,ATM+1,PE,370.0,365.45,6.55,6.55,6.55,6.55,257.122408,0,255000
2026-08-25 14:45:00,ATM+1,PE,370.0,366.35,6.55,6.55,6.55,6.55,313.671094,0,255000
2026-08-25 14:50:00,ATM+1,PE,370.0,366.7,6.55,6.55,6.55,6.55,347.116366,0,255000
2026-08-25 14:55:00,ATM+1,PE,370.0,366.4,6.55,6.55,6.55,6.55,353.208829,0,255000
2026-08-25 15:00:00,ATM+1,PE,370.0,366.5,6.55,6.55,4.2,4.2,165.056424,6000,252000
2026-08-25 15:05:00,ATM+1,PE,370.0,366.6,4.2,4.2,4.2,4.2,186.751825,0,252000
2026-08-25 15:10:00,ATM+1,PE,370.0,365.55,5.8,5.8,4.2,5.8,0.0,6000,249000
2026-08-25 15:15:00,ATM+1,PE,370.0,365.55,5.8,5.8,5.8,5.8,0.0,0,249000
2026-08-25 15:20:00,ATM+1,PE,370.0,365.55,5.8,5.8,5.8,5.8,0.0,0,249000
2026-08-25 15:25:00,ATM+1,PE,370.0,367.45,5.8,5.8,5.8,5.8,0.0,0,249000
2026-08-25 15:30:00,ATM+1,PE,370.0,367.45,5.8,5.8,2.55,2.55,75.263574,6000,249000
2026-08-25 15:35:00,ATM+1,PE,370.0,367.45,2.55,2.55,2.55,2.55,0.0,0,249000
2026-08-20 09:15:00,ATM+2,CE,360.0,348.3,0.8,0.8,0.8,0.8,24.999207,0,3876000
2026-08-20 09:20:00,ATM+2,CE,360.0,348.9,0.8,1.2,0.8,1.2,27.82334,27000,3852000
2026-08-20 09:25:00,ATM+2,CE,360.0,350.35,1.2,1.2,1.2,1.2,25.381472,3000,3846000
2026-08-20 09:30:00,ATM+2,CE,360.0,348.0,1.2,1.7,1.2,1.7,33.618984,24000,3828000
2026-08-20 09:35:00,ATM+2,CE,360.0,348.35,0.65,1.7,0.65,1.7,33.010589,0,3828000
2026-08-20 09:40:00,ATM+2,CE,360.0,349.05,1.7,1.7,1.3,1.3,28.477378,3000,3822000
2026-08-20 09:45:00,ATM+2,CE,360.0,349.45,1.3,1.3,1.3,1.3,27.803772,15000,3810000
2026-08-20 09:50:00,ATM+2,CE,360.0,348.0,1.3,2.3,1.3,1.3,30.27397,36000,3801000
2026-08-20 09:55:00,ATM+2,CE,360.0,347.6,1.3,1.3,1.3,1.3,30.955136,0,3801000
2026-08-20 10:00:00,ATM+2,CE,360.0,347.8,1.3,2.3,1.3,1.3,30.630966,0,3801000
2026-08-20 10:05:00,ATM+2,CE,360.0,348.35,1.3,2.3,1.3,1.3,29.715776,0,3801000
2026-08-20 10:10:00,ATM+2,CE,360.0,348.6,1.3,1.3,1.25,1.25,28.865729,9000,3795000
2026-08-20 10:15:00,ATM+2,CE,360.0,348.05,1.25,1.5,1.25,1.5,31.971661,3000,3792000
2026-08-20 10:20:00,ATM+2,CE,360.0,348.0,1.5,1.5,1.5,1.5,32.069399,0,3792000
2026-08-20 10:25:00,ATM+2,CE,355.0,346.5,1.5,2.05,1.5,2.05,30.376927,0,825000
2026-08-20 10:30:00,ATM+2,CE,355.0,347.15,2.05,2.05,2.05,2.05,29.094823,0,825000
2026-08-20 10:35:00,ATM+2,CE,355.0,347.35,2.05,2.05,1.2,2.05,28.703581,0,825000
2026-08-20 10:40:00,ATM+2,CE,355.0,347.5,2.05,2.05,2.05,2.05,28.411322,0,825000
2026-08-20 10:45:00,ATM+2,CE,360.0,347.55,2.05,2.05,1.2,1.2,30.238938,0,3789000
2026-08-20 10:50:00,ATM+2,CE,355.0,345.95,2.05,2.05,2.05,2.05,31.513008,0,825000
2026-08-20 10:55:00,ATM+2,CE,355.0,346.25,2.05,2.05,2.05,2.05,30.935113,0,825000
2026-08-20 11:00:00,ATM+2,CE,355.0,345.8,2.05,2.05,2.05,2.05,31.828728,0,825000
2026-08-20 11:05:00,ATM+2,CE,355.0,346.9,2.05,2.05,2.05,2.05,29.66794,0,825000
2026-08-20 11:10:00,ATM+2,CE,355.0,347.2,2.05,2.05,2.05,2.05,29.077404,0,825000
2026-08-20 11:15:00,ATM+2,CE,355.0,347.0,2.05,2.05,2.05,2.05,29.489104,0,825000
2026-08-20 11:20:00,ATM+2,CE,355.0,346.65,2.05,2.05,2.05,2.05,30.198036,0,825000
2026-08-20 11:25:00,ATM+2,CE,355.0,347.0,2.05,2.05,2.05,2.05,29.510183,0,825000
2026-08-20 11:30:00,ATM+2,CE,355.0,347.4,2.05,2.05,2.05,2.05,28.715553,0,825000
2026-08-20 11:35:00,ATM+2,CE,355.0,347.3,2.05,2.05,2.05,2.05,28.92789,0,825000
2026-08-20 11:40:00,ATM+2,CE,355.0,346.85,2.05,2.05,2.05,2.05,29.842217,0,825000
2026-08-20 11:45:00,ATM+2,CE,355.0,346.75,2.05,2.05,2.05,2.05,30.052663,0,825000
2026-08-20 11:50:00,ATM+2,CE,355.0,347.25,2.05,2.05,2.05,2.05,29.060008,0,825000
2026-08-20 11:55:00,ATM+2,CE,360.0,347.65,0.55,0.55,0.55,0.55,23.449026,0,3600000
2026-08-20 12:00:00,ATM+2,CE,355.0,347.5,2.05,2.05,0.55,2.05,28.574693,0,825000
2026-08-20 12:05:00,ATM+2,CE,355.0,347.4,0.55,2.05,0.55,2.05,28.787881,3000,825000
2026-08-20 12:10:00,ATM+2,CE,355.0,347.35,2.05,2.05,2.05,2.05,28.899564,0,825000
2026-08-20 12:15:00,ATM+2,CE,360.0,347.9,2.05,2.05,1.2,1.2,29.849237,0,3594000
2026-08-20 12:20:00,ATM+2,CE,355.0,346.7,1.2,2.05,1.2,2.05,30.228176,0,825000
2026-08-20 12:25:00,ATM+2,CE,355.0,346.8,2.05,2.05,2.05,2.05,30.038963,0,825000
2026-08-20 12:30:00,ATM+2,CE,355.0,347.5,2.05,2.05,2.05,2.05,28.636621,0,825000
2026-08-20 12:35:00,ATM+2,CE,355.0,347.3,1.2,2.05,1.2,2.05,29.053111,0,825000
2026-08-20 12:40:00,ATM+2,CE,355.0,347.1,2.05,2.05,2.05,2.05,29.468054,0,825000
2026-08-20 12:45:00,ATM+2,CE,355.0,347.4,2.05,2.05,2.05,2.05,28.871157,0,825000
2026-08-20 12:50:00,ATM+2,CE,360.0,347.55,2.05,2.05,1.2,1.2,30.507969,6000,3594000
2026-08-20 12:55:00,ATM+2,CE,355.0,347.5,1.2,2.05,1.2,2.05,28.688516,0,825000
2026-08-20 13:00:00,ATM+2,CE,360.0,347.55,1.2,1.2,1.2,1.2,30.529787,0,3594000
2026-08-20 13:05:00,ATM+2,CE,360.0,347.7,1.2,2.05,1.2,1.2,30.29044,0,3594000
2026-08-20 13:10:00,ATM+2,CE,355.0,347.5,2.05,2.05,2.05,2.05,28.719774,0,825000
2026-08-20 13:15:00,ATM+2,CE,355.0,347.35,2.05,2.05,2.05,2.05,29.035794,0,825000
2026-08-20 13:20:00,ATM+2,CE,355.0,346.55,2.05,2.05,2.05,2.05,30.659766,0,825000
2026-08-20 13:25:00,ATM+2,CE,355.0,346.85,2.05,2.05,2.05,2.05,30.068847,0,825000
2026-08-20 13:30:00,ATM+2,CE,360.0,347.55,2.05,2.05,0.8,0.8,26.623778,0,3582000
2026-08-20 13:35:00,ATM+2,CE,355.0,346.85,2.05,2.05,2.05,2.05,30.09068,0,825000
2026-08-20 13:40:00,ATM+2,CE,355.0,347.5,2.05,2.05,2.05,2.05,28.782582,0,825000
2026-08-20 13:45:00,ATM+2,CE,355.0,347.35,2.05,2.05,2.05,2.05,29.09927,0,825000
2026-08-20 13:50:00,ATM+2,CE,355.0,347.1,2.05,2.05,2.05,2.05,29.618079,0,825000
2026-08-20 13:55:00,ATM+2,CE,355.0,347.0,2.05,2.05,2.05,2.05,29.831444,0,825000
2026-08-20 14:00:00,ATM+2,CE,355.0,347.35,2.05,2.05,2.05,2.05,29.131155,0,825000
2026-08-20 14:05:00,ATM+2,CE,355.0,347.4,2.05,2.05,2.05,2.05,29.039718,0,825000
2026-08-20 14:10:00,ATM+2,CE,360.0,347.55,2.05,2.05,0.8,0.8,26.700817,0,3573000
2026-08-20 14:15:00,ATM+2,CE,355.0,347.25,2.05,2.05,2.05,2.05,29.367088,0,825000
2026-08-20 14:20:00,ATM+2,CE,355.0,347.2,2.05,2.05,2.05,2.05,29.479678,0,825000
2026-08-20 14:25:00,ATM+2,CE,355.0,347.4,2.05,2.05,2.05,2.05,29.082281,0,825000
2026-08-20 14:30:00,ATM+2,CE,355.0,347.35,2.05,2.05,2.05,2.05,29.195207,0,825000
2026-08-20 14:35:00,ATM+2,CE,355.0,347.35,2.05,2.05,2.05,2.05,29.205918,0,825000
2026-08-20 14:40:00,ATM+2,CE,355.0,347.1,2.05,2.05,2.05,2.05,29.726538,0,825000
2026-08-20 14:45:00,ATM+2,CE,360.0,347.85,2.05,2.05,0.6,0.6,24.052831,0,3564000
2026-08-20 14:50:00,ATM+2,CE,360.0,348.55,0.5,0.6,0.5,0.5,21.813141,9000,3555000
2026-08-20 14:55:00,ATM+2,CE,360.0,348.7,0.5,0.5,0.5,0.5,21.60318,0,3555000
2026-08-20 15:00:00,ATM+2,CE,360.0,348.9,0.9,0.9,0.5,0.9,25.684764,6000,3543000
2026-08-20 15:05:00,ATM+2,CE,360.0,349.6,1.0,1.0,0.9,1.0,25.502575,9000,3543000
2026-08-20 15:10:00,ATM+2,CE,360.0,349.3,1.0,1.0,1.0,1.0,26.011861,0,3540000
2026-08-20 15:15:00,ATM+2,CE,360.0,349.3,1.0,1.0,1.0,1.0,26.021412,6000,3537000
2026-08-20 15:20:00,ATM+2,CE,360.0,349.3,1.0,1.4,1.0,1.4,29.604071,6000,3534000
2026-08-20 15:25:00,ATM+2,CE,360.0,349.25,1.4,1.4,1.4,1.4,29.703607,0,3534000
2026-08-20 15:30:00,ATM+2,CE,360.0,349.25,1.4,1.4,1.25,1.25,28.412773,12000,3531000
2026-08-20 15:35:00,ATM+2,CE,360.0,349.25,1.4,1.4,1.25,1.4,29.725378,9000,3531000
2026-08-21 09:15:00,ATM+2,CE,365.0,352.7,0.2,0.25,0.2,0.25,20.775851,6000,1971000
2026-08-21 09:20:00,ATM+2,CE,365.0,352.95,0.9,1.0,0.25,0.85,28.701839,42000,1968000
2026-08-21 09:25:00,ATM+2,CE,365.0,355.55,0.85,1.3,0.85,1.3,28.513046,141000,1968000
2026-08-21 09:30:00,ATM+2,CE,365.0,353.75,1.0,1.3,0.9,0.9,27.902605,69000,1968000
2026-08-21 09:35:00,ATM+2,CE,365.0,355.15,0.9,0.9,0.9,0.9,25.467079,0,1968000
2026-08-21 09:40:00,ATM+2,CE,365.0,357.4,1.15,1.65,0.9,1.65,27.833193,18000,1962000
2026-08-21 09:45:00,ATM+2,CE,365.0,356.45,1.65,1.65,1.65,1.65,29.79649,0,1962000
2026-08-21 09:50:00,ATM+2,CE,365.0,356.05,1.45,1.65,1.4,1.4,28.492326,27000,1953000
2026-08-21 09:55:00,ATM+2,CE,365.0,356.6,1.4,1.4,1.4,1.4,27.423109,6000,1950000
2026-08-21 10:00:00,ATM+2,CE,365.0,356.0,1.4,1.4,1.4,1.4,28.614782,0,1950000
2026-08-21 10:05:00,ATM+2,CE,365.0,356.0,1.4,1.4,1.4,1.4,28.627183,0,1950000
2026-08-21 10:10:00,ATM+2,CE,365.0,356.9,1.4,1.4,1.4,1.4,26.863137,0,1950000
2026-08-21 10:15:00,ATM+2,CE,365.0,357.15,1.4,1.4,1.4,1.4,26.375287,0,1950000
2026-08-21 10:20:00,ATM+2,CE,365.0,356.85,1.4,1.4,1.4,1.4,26.986197,0,1950000
2026-08-21 10:25:00,ATM+2,CE,365.0,357.45,0.6,1.5,0.6,1.5,26.620997,45000,1947000
2026-08-21 10:30:00,ATM+2,CE,365.0,357.35,1.5,1.5,1.4,1.4,26.007765,6000,1947000
2026-08-21 10:35:00,ATM+2,CE,370.0,358.15,1.4,1.4,0.6,0.6,25.216538,0,4275000
2026-08-21 10:40:00,ATM+2,CE,370.0,358.2,0.6,0.8,0.6,0.8,27.516772,27000,4239000
2026-08-21 10:45:00,ATM+2,CE,370.0,358.45,0.8,0.8,0.8,0.8,27.111091,15000,4215000
2026-08-21 10:50:00,ATM+2,CE,370.0,358.1,0.8,0.8,0.65,0.65,25.948932,3000,4209000
2026-08-21 10:55:00,ATM+2,CE,370.0,358.15,0.65,0.65,0.65,0.65,25.879872,0,4209000
2026-08-21 11:00:00,ATM+2,CE,370.0,357.95,0.65,0.65,0.65,0.65,26.212352,0,4209000
2026-08-21 11:05:00,ATM+2,CE,370.0,358.15,0.65,0.65,0.65,0.65,25.9024,0,4206000
2026-08-21 11:10:00,ATM+2,CE,370.0,358.15,0.65,0.65,0.65,0.65,25.913689,0,4206000
2026-08-21 11:15:00,ATM+2,CE,370.0,358.15,0.7,0.7,0.65,0.7,26.527054,21000,4197000
2026-08-21 11:20:00,ATM+2,CE,370.0,358.2,0.7,0.8,0.7,0.8,27.612599,3000,4185000
2026-08-21 11:25:00,ATM+2,CE,370.0,357.75,0.8,0.8,0.8,0.8,28.375548,0,4185000
2026-08-21 11:30:00,ATM+2,CE,370.0,357.7,0.8,0.8,0.8,0.8,28.471134,0,4185000
2026-08-21 11:35:00,ATM+2,CE,370.0,358.0,0.8,0.8,0.8,0.8,27.983296,0,4185000
2026-08-21 11:40:00,ATM+2,CE,365.0,357.0,0.8,1.45,0.8,1.45,27.298819,0,1941000
2026-08-21 11:45:00,ATM+2,CE,365.0,357.45,1.45,1.45,1.15,1.15,23.832742,3000,1932000
2026-08-21 11:50:00,ATM+2,CE,370.0,357.75,0.8,0.8,0.8,0.8,28.437541,0,4182000
2026-08-21 11:55:00,ATM+2,CE,370.0,358.0,0.8,0.8,0.4,0.4,22.873521,27000,4176000
2026-08-21 12:00:00,ATM+2,CE,370.0,357.75,0.4,0.85,0.4,0.8,28.462447,27000,4146000
2026-08-21 12:05:00,ATM+2,CE,370.0,357.6,0.8,0.8,0.8,0.8,28.725155,6000,4146000
2026-08-21 12:10:00,ATM+2,CE,365.0,356.6,0.8,1.15,0.8,1.15,25.53657,6000,1932000
2026-08-21 12:15:00,ATM+2,CE,365.0,356.5,1.15,1.15,0.85,0.85,22.886543,9000,1935000
2026-08-21 12:20:00,ATM+2,CE,365.0,356.8,0.85,0.85,0.85,0.85,22.350679,0,1935000
2026-08-21 12:25:00,ATM+2,CE,365.0,356.65,0.85,0.85,0.85,0.85,22.634237,0,1935000
2026-08-21 12:30:00,ATM+2,CE,365.0,357.45,0.85,0.85,0.75,0.85,21.174689,6000,1935000
2026-08-21 12:35:00,ATM+2,CE,365.0,356.9,0.85,1.0,0.85,1.0,23.635736,3000,1935000
2026-08-21 12:40:00,ATM+2,CE,365.0,356.75,1.0,1.0,1.0,1.0,23.929377,0,1935000
2026-08-21 12:45:00,ATM+2,CE,365.0,356.5,1.0,1.0,1.0,1.0,24.410116,0,1935000
2026-08-21 12:50:00,ATM+2,CE,365.0,356.5,1.0,1.0,1.0,1.0,24.42104,0,1935000
2026-08-21 12:55:00,ATM+2,CE,365.0,356.95,1.0,1.0,1.0,1.0,23.583494,0,1935000
2026-08-21 13:00:00,ATM+2,CE,365.0,356.65,1.0,1.0,1.0,1.0,24.160851,0,1935000
2026-08-21 13:05:00,ATM+2,CE,365.0,356.95,1.0,1.0,1.0,1.0,23.604709,0,1935000
2026-08-21 13:10:00,ATM+2,CE,365.0,356.5,1.0,1.0,1.0,1.0,24.464876,0,1935000
2026-08-21 13:15:00,ATM+2,CE,365.0,356.75,1.0,1.0,1.0,1.0,24.004674,0,1935000
2026-08-21 13:20:00,ATM+2,CE,365.0,356.25,1.0,1.0,1.0,1.0,24.955929,0,1935000
2026-08-21 13:25:00,ATM+2,CE,365.0,356.55,1.0,1.0,1.0,1.0,24.403765,0,1935000
2026-08-21 13:30:00,ATM+2,CE,365.0,355.45,1.0,1.0,0.7,0.7,23.319896,3000,1935000
2026-08-21 13:35:00,ATM+2,CE,365.0,356.5,0.7,0.7,0.7,0.7,21.49856,0,1935000
2026-08-21 13:40:00,ATM+2,CE,365.0,356.1,0.7,0.7,0.7,0.7,22.210483,0,1935000
2026-08-21 13:45:00,ATM+2,CE,365.0,355.95,0.7,0.7,0.7,0.7,22.48263,0,1935000
2026-08-21 13:50:00,ATM+2,CE,365.0,356.25,0.7,0.7,0.7,0.7,21.967654,0,1935000
2026-08-21 13:55:00,ATM+2,CE,365.0,356.1,0.7,0.7,0.7,0.7,22.240649,0,1935000
2026-08-21 14:00:00,ATM+2,CE,365.0,356.0,0.7,0.7,0.7,0.7,22.42577,0,1935000
2026-08-21 14:05:00,ATM+2,CE,365.0,355.65,0.7,0.7,0.65,0.65,22.483165,9000,1935000
2026-08-21 14:10:00,ATM+2,CE,365.0,356.0,0.65,0.65,0.65,0.65,21.890829,0,1935000
2026-08-21 14:15:00,ATM+2,CE,365.0,356.55,0.35,0.65,0.35,0.35,17.280214,39000,1935000
2026-08-21 14:20:00,ATM+2,CE,365.0,356.6,0.35,0.35,0.35,0.35,17.209846,0,1935000
2026-08-21 14:25:00,ATM+2,CE,365.0,356.4,0.35,0.35,0.35,0.35,17.530662,0,1935000
2026-08-21 14:30:00,ATM+2,CE,365.0,356.6,0.35,0.35,0.35,0.35,17.225665,0,1935000
2026-08-21 14:35:00,ATM+2,CE,365.0,356.8,0.35,0.35,0.35,0.35,16.919298,0,1935000
2026-08-21 14:40:00,ATM+2,CE,365.0,356.7,0.35,0.35,0.35,0.35,17.084455,0,1935000
2026-08-21 14:45:00,ATM+2,CE,365.0,356.8,0.35,0.35,0.35,0.35,16.934909,0,1935000
2026-08-21 14:50:00,ATM+2,CE,365.0,356.6,0.35,0.35,0.35,0.35,17.257427,0,1935000
2026-08-21 14:55:00,ATM+2,CE,365.0,355.9,0.35,0.35,0.35,0.35,18.358725,0,1935000
2026-08-21 15:00:00,ATM+2,CE,365.0,355.7,0.35,0.35,0.35,0.35,18.677388,0,1935000
2026-08-21 15:05:00,ATM+2,CE,365.0,355.4,0.35,0.4,0.25,0.25,17.548769,6000,1935000
2026-08-21 15:10:00,ATM+2,CE,365.0,357.45,0.25,0.25,0.25,0.25,14.513328,0,1935000
2026-08-21 15:15:00,ATM+2,CE,365.0,357.45,0.25,0.25,0.25,0.25,14.520116,0,1944000
2026-08-21 15:20:00,ATM+2,CE,365.0,357.45,0.25,0.25,0.25,0.25,14.52691,0,1944000
2026-08-21 15:25:00,ATM+2,CE,365.0,357.5,0.25,0.25,0.25,0.25,14.458011,21000,1944000
2026-08-21 15:30:00,ATM+2,CE,365.0,357.5,0.25,0.25,0.25,0.25,14.464792,0,1944000
2026-08-21 15:35:00,ATM+2,CE,365.0,357.5,0.25,0.25,0.25,0.25,14.471581,0,1944000
2026-08-24 09:15:00,ATM+2,CE,370.0,360.7,0.35,1.55,0.35,1.3,52.076792,1110000,3981000
2026-08-24 09:20:00,ATM+2,CE,370.0,362.3,1.3,1.45,1.25,1.45,48.854433,651000,3717000
2026-08-24 09:25:00,ATM+2,CE,370.0,360.95,1.4,1.6,1.25,1.35,52.166729,696000,3840000
2026-08-24 09:30:00,ATM+2,CE,370.0,360.25,1.35,1.35,0.9,1.25,53.008306,576000,3819000
2026-08-24 09:35:00,ATM+2,CE,370.0,360.5,1.2,1.3,1.0,1.3,53.060063,240000,3819000
2026-08-24 09:40:00,ATM+2,CE,370.0,362.0,1.25,1.7,1.25,1.7,53.984417,603000,3924000
2026-08-24 09:45:00,ATM+2,CE,375.0,364.6,1.55,1.7,0.9,1.35,56.364321,549000,1245000
2026-08-24 09:50:00,ATM+2,CE,375.0,365.8,1.45,1.85,1.35,1.85,60.03361,714000,1341000
2026-08-24 09:55:00,ATM+2,CE,380.0,367.95,1.95,2.55,1.45,1.45,62.923213,1089000,1863000
2026-08-24 10:00:00,ATM+2,CE,375.0,366.9,1.9,2.8,1.45,2.35,63.166886,1107000,1566000
2026-08-24 10:05:00,ATM+2,CE,375.0,364.7,2.3,2.45,1.75,1.75,62.766813,474000,1647000
2026-08-24 10:10:00,ATM+2,CE,375.0,366.85,1.75,2.15,1.75,2.05,59.335223,423000,1668000
2026-08-24 10:15:00,ATM+2,CE,375.0,367.05,2.05,2.05,1.8,1.8,55.062898,249000,1656000
2026-08-24 10:20:00,ATM+2,CE,375.0,366.25,1.85,1.85,1.55,1.55,54.353063,321000,1683000
2026-08-24 10:25:00,ATM+2,CE,375.0,365.45,1.6,1.6,1.5,1.55,57.301022,333000,1548000
2026-08-24 10:30:00,ATM+2,CE,375.0,366.2,1.55,1.6,1.55,1.6,55.462673,96000,1521000
2026-08-24 10:35:00,ATM+2,CE,375.0,365.85,1.7,1.7,1.6,1.6,56.814073,69000,1506000
2026-08-24 10:40:00,ATM+2,CE,375.0,365.65,1.6,1.6,1.5,1.55,56.835276,45000,1506000
2026-08-24 10:45:00,ATM+2,CE,375.0,365.0,1.45,1.55,1.3,1.35,55.96701,150000,1470000
2026-08-24 10:50:00,ATM+2,CE,375.0,364.25,1.4,1.4,1.2,1.25,56.907041,69000,1479000
2026-08-24 10:55:00,ATM+2,CE,375.0,365.15,1.35,1.55,1.25,1.5,58.074345,78000,1434000
2026-08-24 11:00:00,ATM+2,CE,375.0,364.2,1.5,1.5,1.25,1.25,57.244363,45000,1440000
2026-08-24 11:05:00,ATM+2,CE,375.0,364.85,1.3,1.4,1.25,1.4,57.658704,48000,1443000
2026-08-24 11:10:00,ATM+2,CE,375.0,364.95,1.45,1.5,1.35,1.35,56.556062,45000,1425000
2026-08-24 11:15:00,ATM+2,CE,375.0,364.8,1.25,1.35,1.25,1.3,56.311731,39000,1437000
2026-08-24 11:20:00,ATM+2,CE,375.0,364.95,1.3,1.3,1.25,1.3,55.876102,12000,1434000
2026-08-24 11:25:00,ATM+2,CE,375.0,364.95,1.3,1.3,1.25,1.25,55.100364,21000,1437000
2026-08-24 11:30:00,ATM+2,CE,375.0,364.1,1.25,1.25,1.15,1.15,56.301532,63000,1419000
2026-08-24 11:35:00,ATM+2,CE,375.0,365.2,1.2,1.3,1.15,1.3,55.255675,36000,1425000
2026-08-24 11:40:00,ATM+2,CE,375.0,365.45,1.3,1.4,1.3,1.4,56.135594,63000,1446000
2026-08-24 11:45:00,ATM+2,CE,375.0,365.5,1.45,1.55,1.4,1.45,56.866927,78000,1449000
2026-08-24 11:50:00,ATM+2,CE,375.0,365.4,1.5,1.55,1.45,1.55,58.949095,21000,1431000
2026-08-24 11:55:00,ATM+2,CE,375.0,365.65,1.4,1.55,1.4,1.45,56.497915,39000,1443000
2026-08-24 12:00:00,ATM+2,CE,375.0,366.05,1.5,1.6,1.45,1.55,56.73791,90000,1410000
2026-08-24 12:05:00,ATM+2,CE,375.0,366.2,1.55,1.6,1.45,1.45,54.663743,39000,1407000
2026-08-24 12:10:00,ATM+2,CE,375.0,366.2,1.55,1.55,1.45,1.5,55.554888,27000,1407000
2026-08-24 12:15:00,ATM+2,CE,375.0,366.15,1.5,1.5,1.4,1.45,55.016523,21000,1395000
2026-08-24 12:20:00,ATM+2,CE,375.0,366.4,1.5,1.55,1.45,1.55,55.78176,18000,1398000
2026-08-24 12:25:00,ATM+2,CE,375.0,366.1,1.45,1.55,1.45,1.5,56.184911,18000,1398000
2026-08-24 12:30:00,ATM+2,CE,375.0,366.35,1.5,1.5,1.4,1.45,54.533701,12000,1395000
2026-08-24 12:35:00,ATM+2,CE,375.0,366.25,1.45,1.45,1.4,1.4,54.171011,9000,1401000
2026-08-24 12:40:00,ATM+2,CE,375.0,366.6,1.35,1.45,1.35,1.45,53.773058,96000,1371000
2026-08-24 12:45:00,ATM+2,CE,375.0,366.8,1.45,1.5,1.45,1.5,53.908767,12000,1371000
2026-08-24 12:50:00,ATM+2,CE,375.0,366.9,1.5,1.55,1.45,1.45,52.81522,18000,1374000
2026-08-24 12:55:00,ATM+2,CE,375.0,366.8,1.45,1.5,1.45,1.5,54.079576,9000,1377000
2026-08-24 13:00:00,ATM+2,CE,375.0,366.45,1.5,1.5,1.35,1.35,53.029326,33000,1383000
2026-08-24 13:05:00,ATM+2,CE,375.0,366.8,1.3,1.35,1.3,1.35,51.813545,51000,1398000
2026-08-24 13:10:00,ATM+2,CE,375.0,366.55,1.35,1.35,1.35,1.35,52.827712,12000,1401000
2026-08-24 13:15:00,ATM+2,CE,375.0,366.95,1.3,1.45,1.3,1.45,53.047835,87000,1410000
2026-08-24 13:20:00,ATM+2,CE,375.0,366.3,1.45,1.45,1.35,1.35,53.92729,39000,1383000
2026-08-24 13:25:00,ATM+2,CE,375.0,366.05,1.35,1.35,1.3,1.3,54.087979,30000,1389000
2026-08-24 13:30:00,ATM+2,CE,375.0,366.25,1.25,1.3,1.2,1.2,51.713825,36000,1377000
2026-08-24 13:35:00,ATM+2,CE,375.0,366.2,1.2,1.25,1.2,1.25,52.849782,24000,1377000
2026-08-24 13:40:00,ATM+2,CE,375.0,366.4,1.25,1.3,1.25,1.3,53.056649,21000,1365000
2026-08-24 13:45:00,ATM+2,CE,375.0,366.35,1.2,1.3,1.2,1.2,51.601684,30000,1365000
2026-08-24 13:50:00,ATM+2,CE,375.0,366.1,1.2,1.25,1.05,1.05,49.904401,39000,1383000
2026-08-24 13:55:00,ATM+2,CE,375.0,366.05,1.0,1.1,1.0,1.1,51.07796,33000,1380000
2026-08-24 14:00:00,ATM+2,CE,375.0,366.1,1.1,1.1,1.0,1.0,49.142874,33000,1371000
2026-08-24 14:05:00,ATM+2,CE,375.0,366.3,1.0,1.0,1.0,1.0,48.514976,66000,1362000
2026-08-24 14:10:00,ATM+2,CE,375.0,366.2,1.0,1.05,1.0,1.05,49.877277,12000,1365000
2026-08-24 14:15:00,ATM+2,CE,375.0,367.2,1.05,1.3,1.05,1.3,50.64479,75000,1353000
2026-08-24 14:20:00,ATM+2,CE,375.0,366.55,1.25,1.35,1.2,1.2,51.46171,156000,1323000
2026-08-24 14:25:00,ATM+2,CE,375.0,367.1,1.15,1.35,1.1,1.35,52.038279,63000,1314000
2026-08-24 14:30:00,ATM+2,CE,375.0,367.2,1.35,1.45,1.35,1.35,51.740036,54000,1326000
2026-08-24 14:35:00,ATM+2,CE,375.0,367.15,1.35,1.4,1.35,1.4,52.855639,33000,1317000
2026-08-24 14:40:00,ATM+2,CE,375.0,367.05,1.25,1.4,1.25,1.35,52.496002,39000,1305000
2026-08-24 14:45:00,ATM+2,CE,375.0,366.9,1.35,1.4,1.3,1.3,52.312803,69000,1323000
2026-08-24 14:50:00,ATM+2,CE,375.0,366.85,1.25,1.3,1.15,1.15,49.975454,42000,1317000
2026-08-24 14:55:00,ATM+2,CE,375.0,366.75,1.2,1.3,1.15,1.15,50.435645,21000,1314000
2026-08-24 15:00:00,ATM+2,CE,375.0,365.75,1.15,1.2,1.15,1.15,54.235586,57000,1305000
2026-08-24 15:05:00,ATM+2,CE,375.0,364.75,1.15,1.15,1.1,1.1,57.021905,36000,1308000
2026-08-24 15:10:00,ATM+2,CE,375.0,365.4,1.1,1.15,1.1,1.15,55.711367,36000,1287000
2026-08-24 15:15:00,ATM+2,CE,375.0,365.4,1.2,1.3,1.15,1.3,58.577553,84000,1266000
2026-08-24 15:20:00,ATM+2,CE,375.0,365.4,1.25,1.35,1.25,1.25,57.765267,42000,1272000
2026-08-24 15:25:00,ATM+2,CE,375.0,365.05,1.3,1.3,1.2,1.2,58.23808,39000,1248000
2026-08-24 15:30:00,ATM+2,CE,375.0,365.05,1.15,1.2,1.15,1.15,57.390509,21000,1233000
2026-08-24 15:35:00,ATM+2,CE,375.0,365.05,1.15,1.3,1.15,1.2,58.442475,63000,1224000
2026-08-25 09:15:00,ATM+2,CE,375.0,364.95,1.25,1.25,0.6,0.7,94.981194,114000,1179000
2026-08-25 09:20:00,ATM+2,CE,375.0,364.5,0.65,0.7,0.55,0.55,91.453181,45000,1161000
2026-08-25 09:25:00,ATM+2,CE,375.0,366.1,0.5,0.7,0.45,0.7,88.598436,66000,1140000
2026-08-25 09:30:00,ATM+2,CE,375.0,367.15,0.65,0.85,0.65,0.85,88.018274,87000,1140000
2026-08-25 09:35:00,ATM+2,CE,380.0,367.65,0.75,0.85,0.35,0.5,100.860199,54000,1410000
2026-08-25 09:40:00,ATM+2,CE,375.0,367.1,1.0,1.0,0.9,0.9,91.568888,9000,1080000
2026-08-25 09:45:00,ATM+2,CE,380.0,367.55,0.4,0.5,0.4,0.5,102.908408,42000,1398000
2026-08-25 09:50:00,ATM+2,CE,380.0,368.05,1.05,1.05,0.45,0.55,103.314467,12000,1392000
2026-08-25 09:55:00,ATM+2,CE,380.0,368.65,0.55,0.6,0.5,0.5,97.531184,54000,1374000
2026-08-25 10:00:00,ATM+2,CE,380.0,368.1,0.5,0.55,0.5,0.55,104.52922,18000,1368000
2026-08-25 10:05:00,ATM+2,CE,375.0,367.4,0.55,1.0,0.45,1.0,96.603511,27000,1056000
2026-08-25 10:10:00,ATM+2,CE,375.0,366.65,1.0,1.0,0.6,0.6,86.001923,39000,1047000
2026-08-25 10:15:00,ATM+2,CE,380.0,368.65,0.6,0.6,0.25,0.3,87.847801,51000,1329000
2026-08-25 10:20:00,ATM+2,CE,375.0,367.25,0.4,0.9,0.3,0.85,94.00192,27000,1020000
2026-08-25 10:25:00,ATM+2,CE,380.0,368.85,0.9,0.9,0.45,0.45,97.890752,6000,1302000
2026-08-25 10:30:00,ATM+2,CE,380.0,368.8,0.45,0.45,0.4,0.4,95.898455,6000,1302000
2026-08-25 10:35:00,ATM+2,CE,380.0,368.9,0.4,0.45,0.4,0.45,99.183199,9000,1299000
2026-08-25 10:40:00,ATM+2,CE,380.0,368.8,0.45,0.45,0.45,0.45,100.68876,0,1299000
2026-08-25 10:45:00,ATM+2,CE,380.0,368.7,0.45,0.45,0.45,0.45,102.225559,18000,1284000
2026-08-25 10:50:00,ATM+2,CE,380.0,368.65,0.45,0.45,0.35,0.35,96.773759,27000,1275000
2026-08-25 10:55:00,ATM+2,CE,380.0,368.85,0.35,0.35,0.35,0.35,96.32666,0,1275000
2026-08-25 11:00:00,ATM+2,CE,380.0,368.8,0.4,0.4,0.35,0.4,101.007999,93000,1233000
2026-08-25 11:05:00,ATM+2,CE,380.0,369.3,0.4,0.45,0.4,0.45,101.771416,6000,1233000
2026-08-25 11:10:00,ATM+2,CE,380.0,369.45,0.45,0.45,0.45,0.45,101.669327,9000,1230000
2026-08-25 11:15:00,ATM+2,CE,380.0,369.15,0.45,0.45,0.4,0.4,101.451309,24000,1218000
2026-08-25 11:20:00,ATM+2,CE,380.0,369.15,0.5,0.5,0.4,0.45,105.808157,21000,1206000
2026-08-25 11:25:00,ATM+2,CE,380.0,369.15,0.45,0.45,0.45,0.45,106.864172,12000,1197000
2026-08-25 11:30:00,ATM+2,CE,380.0,367.55,0.45,0.45,0.45,0.45,119.571982,24000,1188000
2026-08-25 11:35:00,ATM+2,CE,375.0,367.3,0.65,0.65,0.4,0.65,97.393707,0,906000
2026-08-25 11:40:00,ATM+2,CE,375.0,366.6,0.55,0.65,0.45,0.5,95.854637,18000,906000
2026-08-25 11:45:00,ATM+2,CE,375.0,367.2,0.5,0.7,0.4,0.7,102.980911,51000,903000
2026-08-25 11:50:00,ATM+2,CE,375.0,366.2,0.7,0.7,0.7,0.7,112.838472,0,903000
2026-08-25 11:55:00,ATM+2,CE,375.0,366.65,0.7,0.7,0.65,0.7,110.169527,12000,906000
2026-08-25 12:00:00,ATM+2,CE,375.0,366.25,0.7,0.7,0.7,0.7,114.996862,0,903000
2026-08-25 12:05:00,ATM+2,CE,375.0,366.05,0.7,0.7,0.65,0.65,115.258827,18000,897000
2026-08-25 12:10:00,ATM+2,CE,375.0,367.0,0.6,0.65,0.6,0.6,105.245057,21000,903000
2026-08-25 12:15:00,ATM+2,CE,375.0,367.0,0.6,0.6,0.55,0.55,103.548295,15000,891000
2026-08-25 12:20:00,ATM+2,CE,375.0,366.65,0.55,0.55,0.35,0.35,94.335906,60000,858000
2026-08-25 12:25:00,ATM+2,CE,375.0,366.7,0.35,0.35,0.35,0.35,95.152634,9000,840000
2026-08-25 12:30:00,ATM+2,CE,375.0,366.35,0.35,0.4,0.35,0.35,99.400612,30000,822000
2026-08-25 12:35:00,ATM+2,CE,375.0,365.8,0.35,0.35,0.25,0.25,96.648947,30000,804000
2026-08-25 12:40:00,ATM+2,CE,375.0,365.75,0.25,0.25,0.25,0.25,98.43063,15000,804000
2026-08-25 12:45:00,ATM+2,CE,375.0,365.5,0.25,0.25,0.25,0.25,101.936028,0,804000
2026-08-25 12:50:00,ATM+2,CE,375.0,365.45,0.25,0.25,0.2,0.2,98.524143,3000,801000
2026-08-25 12:55:00,ATM+2,CE,375.0,364.8,0.2,0.2,0.2,0.2,105.36815,24000,783000
2026-08-25 13:00:00,ATM+2,CE,375.0,364.45,0.2,0.2,0.05,0.05,84.483555,84000,759000
2026-08-25 13:05:00,ATM+2,CE,375.0,364.2,0.05,0.05,0.05,0.05,87.619296,36000,759000
2026-08-25 13:10:00,ATM+2,CE,375.0,365.0,0.05,0.05,0.05,0.05,83.454279,0,759000
2026-08-25 13:15:00,ATM+2,CE,375.0,365.35,0.05,0.05,0.05,0.05,82.398153,0,759000
2026-08-25 13:20:00,ATM+2,CE,375.0,365.1,0.05,0.1,0.05,0.1,96.940525,21000,753000
2026-08-25 13:25:00,ATM+2,CE,375.0,364.75,0.1,0.1,0.1,0.1,101.658318,0,753000
2026-08-25 13:30:00,ATM+2,CE,375.0,364.55,0.1,0.1,0.1,0.1,105.341151,0,753000
2026-08-25 13:35:00,ATM+2,CE,375.0,364.85,0.1,0.1,0.1,0.1,104.963212,0,753000
2026-08-25 13:40:00,ATM+2,CE,375.0,364.55,0.05,0.1,0.05,0.05,97.309442,75000,732000
2026-08-25 13:45:00,ATM+2,CE,375.0,364.5,0.05,0.05,0.05,0.05,0.0,3000,744000
2026-08-25 13:50:00,ATM+2,CE,375.0,365.05,0.05,0.05,0.05,0.05,97.67573,3000,741000
2026-08-25 13:55:00,ATM+2,CE,375.0,364.5,0.05,0.05,0.05,0.05,104.787854,0,741000
2026-08-25 14:00:00,ATM+2,CE,375.0,365.45,0.05,0.05,0.05,0.05,99.17385,0,741000
2026-08-25 14:05:00,ATM+2,CE,375.0,364.9,0.15,0.15,0.05,0.15,0.0,57000,690000
2026-08-25 14:10:00,ATM+2,CE,375.0,365.05,0.15,0.15,0.15,0.15,0.0,0,690000
2026-08-25 14:15:00,ATM+2,CE,375.0,365.15,0.15,0.15,0.15,0.15,0.0,0,690000
2026-08-25 14:20:00,ATM+2,CE,375.0,364.95,0.15,0.15,0.15,0.15,0.0,0,690000
2026-08-25 14:25:00,ATM+2,CE,375.0,365.2,0.15,0.15,0.15,0.15,0.0,0,690000
2026-08-25 14:30:00,ATM+2,CE,375.0,364.9,0.15,0.15,0.05,0.05,0.0,3000,681000
2026-08-25 14:35:00,ATM+2,CE,375.0,364.8,0.05,0.05,0.05,0.05,0.0,0,681000
2026-08-25 14:40:00,ATM+2,CE,375.0,365.45,0.05,0.05,0.05,0.05,0.0,0,681000
2026-08-25 14:45:00,ATM+2,CE,375.0,366.35,0.05,0.1,0.05,0.1,0.0,18000,675000
2026-08-25 14:50:00,ATM+2,CE,375.0,366.7,0.1,0.15,0.1,0.15,0.0,6000,660000
2026-08-25 14:55:00,ATM+2,CE,375.0,366.4,0.15,0.15,0.05,0.1,0.0,36000,636000
2026-08-25 15:00:00,ATM+2,CE,375.0,366.5,0.1,0.1,0.05,0.05,0.0,36000,597000
2026-08-25 15:05:00,ATM+2,CE,375.0,366.6,0.05,0.05,0.05,0.05,0.0,3000,594000
2026-08-25 15:10:00,ATM+2,CE,375.0,365.55,0.05,0.05,0.05,0.05,0.0,33000,582000
2026-08-25 15:15:00,ATM+2,CE,375.0,365.55,0.05,0.05,0.05,0.05,0.0,0,582000
2026-08-25 15:20:00,ATM+2,CE,375.0,365.55,0.05,0.05,0.05,0.05,0.0,0,582000
2026-08-25 15:25:00,ATM+2,CE,375.0,367.45,0.05,0.05,0.05,0.05,0.0,0,582000
2026-08-25 15:30:00,ATM+2,CE,375.0,367.45,0.05,0.05,0.05,0.05,0.0,0,582000
2026-08-25 15:35:00,ATM+2,CE,375.0,367.45,0.05,0.05,0.05,0.05,0.0,0,582000
2026-08-20 09:20:00,ATM+2,PE,360.0,348.9,14.6,14.6,14.6,14.6,48.659444,0,1902000
2026-08-20 09:25:00,ATM+2,PE,360.0,350.35,14.6,14.6,14.6,14.6,54.93054,0,1902000
2026-08-20 09:30:00,ATM+2,PE,360.0,348.0,14.6,14.6,14.6,14.6,44.321299,0,1902000
2026-08-20 09:35:00,ATM+2,PE,360.0,348.35,18.8,18.8,14.6,14.6,46.089177,0,1902000
2026-08-20 09:40:00,ATM+2,PE,360.0,349.05,14.6,14.6,9.5,12.0,30.703589,12000,1902000
2026-08-20 09:45:00,ATM+2,PE,360.0,349.45,12.1,12.1,12.0,12.0,33.127971,24000,1890000
2026-08-20 09:50:00,ATM+2,PE,360.0,348.0,12.0,18.8,12.0,12.5,27.674325,18000,1899000
2026-08-20 09:55:00,ATM+2,PE,360.0,347.6,12.5,12.5,12.5,12.5,24.110109,0,1899000
2026-08-20 10:00:00,ATM+2,PE,360.0,347.8,12.5,18.8,12.5,12.5,26.010835,0,1899000
2026-08-20 10:05:00,ATM+2,PE,360.0,348.35,12.5,18.8,12.5,12.5,30.283917,0,1899000
2026-08-20 10:10:00,ATM+2,PE,360.0,348.6,12.5,12.5,12.5,12.5,31.955512,0,1899000
2026-08-20 10:15:00,ATM+2,PE,360.0,348.05,12.5,12.5,12.5,12.5,28.100425,0,1899000
2026-08-20 10:20:00,ATM+2,PE,360.0,348.0,12.5,12.5,12.5,12.5,27.712994,0,1899000
2026-08-20 10:25:00,ATM+2,PE,355.0,346.5,12.5,18.8,12.5,18.8,86.514079,0,648000
2026-08-20 10:30:00,ATM+2,PE,355.0,347.15,18.8,18.8,18.8,18.8,88.778979,0,648000
2026-08-20 10:35:00,ATM+2,PE,355.0,347.35,18.8,18.8,15.45,18.8,89.485895,0,648000
2026-08-20 10:40:00,ATM+2,PE,355.0,347.5,18.8,18.8,18.8,18.8,90.020615,0,648000
2026-08-20 10:45:00,ATM+2,PE,360.0,347.55,18.8,18.8,15.45,15.45,48.266227,0,1863000
2026-08-20 10:50:00,ATM+2,PE,355.0,345.95,18.8,18.8,18.8,18.8,84.714652,0,648000
2026-08-20 10:55:00,ATM+2,PE,355.0,346.25,18.8,18.8,18.8,18.8,85.803803,0,648000
2026-08-20 11:00:00,ATM+2,PE,355.0,345.8,18.8,18.8,18.8,18.8,84.2329,0,648000
2026-08-20 11:05:00,ATM+2,PE,355.0,346.9,18.8,18.8,18.8,18.8,88.121548,0,648000
2026-08-20 11:10:00,ATM+2,PE,355.0,347.2,18.8,18.8,18.8,18.8,89.177108,0,648000
2026-08-20 11:15:00,ATM+2,PE,355.0,347.0,18.8,18.8,18.8,18.8,88.521835,0,648000
2026-08-20 11:20:00,ATM+2,PE,355.0,346.65,18.8,18.8,18.8,18.8,87.34145,0,648000
2026-08-20 11:25:00,ATM+2,PE,355.0,347.0,18.8,18.8,18.8,18.8,88.578738,0,648000
2026-08-20 11:30:00,ATM+2,PE,355.0,347.4,18.8,18.8,18.8,18.8,89.971843,0,648000
2026-08-20 11:35:00,ATM+2,PE,355.0,347.3,18.8,18.8,18.8,18.8,89.661305,0,648000
2026-08-20 11:40:00,ATM+2,PE,355.0,346.85,18.8,18.8,18.8,18.8,88.147358,0,648000
2026-08-20 11:45:00,ATM+2,PE,355.0,346.75,18.8,18.8,18.8,18.8,87.829486,0,648000
2026-08-20 11:50:00,ATM+2,PE,355.0,347.25,18.8,18.8,18.8,18.8,89.577768,0,648000
2026-08-20 11:55:00,ATM+2,PE,360.0,347.65,15.0,15.0,15.0,15.0,45.762523,0,1866000
2026-08-20 12:00:00,ATM+2,PE,355.0,347.5,18.8,18.8,15.0,18.8,90.485276,0,648000
2026-08-20 12:05:00,ATM+2,PE,355.0,347.4,15.0,18.8,15.0,18.8,90.175452,0,648000
2026-08-20 12:10:00,ATM+2,PE,355.0,347.35,18.8,18.8,18.8,18.8,90.034629,0,648000
2026-08-20 12:15:00,ATM+2,PE,360.0,347.9,18.8,18.8,15.0,15.0,47.100459,0,1866000
2026-08-20 12:20:00,ATM+2,PE,355.0,346.7,15.0,18.8,15.0,18.8,87.85427,0,648000
2026-08-20 12:25:00,ATM+2,PE,355.0,346.8,18.8,18.8,18.8,18.8,88.23058,0,648000
2026-08-20 12:30:00,ATM+2,PE,355.0,347.5,18.8,18.8,18.8,18.8,90.66148,0,648000
2026-08-20 12:35:00,ATM+2,PE,355.0,347.3,15.0,18.8,15.0,18.8,90.01019,0,648000
2026-08-20 12:40:00,ATM+2,PE,355.0,347.1,18.8,18.8,18.8,18.8,89.353829,0,648000
2026-08-20 12:45:00,ATM+2,PE,355.0,347.4,18.8,18.8,18.8,18.8,90.409946,0,648000
2026-08-20 12:50:00,ATM+2,PE,360.0,347.55,18.8,18.8,15.0,15.0,45.38599,0,1863000
2026-08-20 12:55:00,ATM+2,PE,355.0,347.5,15.0,18.8,15.0,18.8,90.809166,0,648000
2026-08-20 13:00:00,ATM+2,PE,360.0,347.55,15.0,15.0,15.0,15.0,45.41312,0,1863000
2026-08-20 13:05:00,ATM+2,PE,360.0,347.7,15.0,18.8,15.0,15.0,46.215298,0,1863000
2026-08-20 13:10:00,ATM+2,PE,355.0,347.5,18.8,18.8,18.8,18.8,90.898137,0,648000
2026-08-20 13:15:00,ATM+2,PE,355.0,347.35,18.8,18.8,18.8,18.8,90.416277,0,648000
2026-08-20 13:20:00,ATM+2,PE,355.0,346.55,18.8,18.8,18.8,18.8,87.671525,0,648000
2026-08-20 13:25:00,ATM+2,PE,355.0,346.85,18.8,18.8,18.8,18.8,88.750013,0,648000
2026-08-20 13:30:00,ATM+2,PE,360.0,347.55,18.8,18.8,15.0,15.0,45.494831,0,1863000
2026-08-20 13:35:00,ATM+2,PE,355.0,346.85,18.8,18.8,18.8,18.8,88.808093,0,648000
2026-08-20 13:40:00,ATM+2,PE,355.0,347.5,18.8,18.8,18.8,18.8,91.076934,0,648000
2026-08-20 13:45:00,ATM+2,PE,355.0,347.35,18.8,18.8,18.8,18.8,90.594165,0,648000
2026-08-20 13:50:00,ATM+2,PE,355.0,347.1,18.8,18.8,18.8,18.8,89.763396,0,648000
2026-08-20 13:55:00,ATM+2,PE,355.0,347.0,18.8,18.8,18.8,18.8,89.446487,0,648000
2026-08-20 14:00:00,ATM+2,PE,355.0,347.35,18.8,18.8,18.8,18.8,90.683534,0,648000
2026-08-20 14:05:00,ATM+2,PE,355.0,347.4,18.8,18.8,18.8,18.8,90.884792,0,648000
2026-08-20 14:10:00,ATM+2,PE,360.0,347.55,18.8,18.8,15.0,15.0,45.604607,0,1863000
2026-08-20 14:15:00,ATM+2,PE,355.0,347.25,18.8,18.8,18.8,18.8,90.429232,0,648000
2026-08-20 14:20:00,ATM+2,PE,355.0,347.2,18.8,18.8,18.8,18.8,90.286583,0,648000
2026-08-20 14:25:00,ATM+2,PE,355.0,347.4,18.8,18.8,18.8,18.8,91.004736,0,648000
2026-08-20 14:30:00,ATM+2,PE,355.0,347.35,18.8,18.8,18.8,18.8,90.863096,0,648000
2026-08-20 14:35:00,ATM+2,PE,355.0,347.35,18.8,18.8,18.8,18.8,90.893126,0,648000
2026-08-20 14:40:00,ATM+2,PE,355.0,347.1,18.8,18.8,18.8,18.8,90.059612,0,648000
2026-08-20 14:45:00,ATM+2,PE,360.0,347.85,18.8,18.8,15.0,15.0,47.275118,0,1863000
2026-08-20 14:50:00,ATM+2,PE,360.0,348.55,15.0,15.0,15.0,15.0,50.745788,0,1863000
2026-08-20 14:55:00,ATM+2,PE,360.0,348.7,15.0,15.0,15.0,15.0,51.46891,0,1863000
2026-08-20 15:00:00,ATM+2,PE,360.0,348.9,15.0,15.0,15.0,15.0,52.412351,0,1863000
2026-08-20 15:05:00,ATM+2,PE,360.0,349.6,15.0,15.0,15.0,15.0,55.547041,0,1863000
2026-08-20 15:10:00,ATM+2,PE,360.0,349.3,15.0,15.0,15.0,15.0,54.250779,0,1863000
2026-08-20 15:15:00,ATM+2,PE,360.0,349.3,15.0,15.0,15.0,15.0,54.267994,0,1863000
2026-08-20 15:20:00,ATM+2,PE,360.0,349.3,15.0,15.0,15.0,15.0,54.285223,0,1863000
2026-08-20 15:25:00,ATM+2,PE,360.0,349.25,15.0,15.0,15.0,15.0,54.080019,0,1863000
2026-08-20 15:30:00,ATM+2,PE,360.0,349.25,15.0,15.0,15.0,15.0,54.097195,0,1863000
2026-08-20 15:35:00,ATM+2,PE,360.0,349.25,15.0,15.0,15.0,15.0,54.114397,0,1863000
2026-08-21 09:15:00,ATM+2,PE,365.0,352.7,7.5,10.0,7.5,10.0,0.0,6000,933000
2026-08-21 09:20:00,ATM+2,PE,365.0,352.95,10.0,12.5,10.0,12.5,28.988316,6000,933000
2026-08-21 09:25:00,ATM+2,PE,365.0,355.55,12.5,12.5,10.5,11.0,34.248875,24000,921000
2026-08-21 09:30:00,ATM+2,PE,365.0,353.75,11.0,12.0,11.0,12.0,30.705607,9000,915000
2026-08-21 09:35:00,ATM+2,PE,365.0,355.15,12.0,12.0,12.0,12.0,39.87868,0,915000
2026-08-21 09:40:00,ATM+2,PE,365.0,357.4,10.5,12.0,10.0,10.0,36.757339,9000,912000
2026-08-21 09:45:00,ATM+2,PE,365.0,356.45,10.0,10.0,10.0,10.0,31.61892,0,912000
2026-08-21 09:50:00,ATM+2,PE,365.0,356.05,10.0,10.0,10.0,10.0,29.128621,3000,906000
2026-08-21 09:55:00,ATM+2,PE,365.0,356.6,10.0,10.0,10.0,10.0,32.517949,0,906000
2026-08-21 10:00:00,ATM+2,PE,365.0,356.0,10.0,10.0,10.0,10.0,28.81484,0,906000
2026-08-21 10:05:00,ATM+2,PE,365.0,356.0,10.0,10.0,10.0,10.0,28.824314,0,906000
2026-08-21 10:10:00,ATM+2,PE,365.0,356.9,10.0,10.0,10.0,10.0,34.229849,0,906000
2026-08-21 10:15:00,ATM+2,PE,365.0,357.15,10.0,10.0,10.0,10.0,35.572498,0,906000
2026-08-21 10:20:00,ATM+2,PE,365.0,356.85,10.0,10.0,10.0,10.0,33.980898,0,906000
2026-08-21 10:25:00,ATM+2,PE,365.0,357.45,14.0,14.0,9.0,9.0,29.593399,9000,903000
2026-08-21 10:30:00,ATM+2,PE,365.0,357.35,9.0,9.0,9.0,9.0,29.026659,0,903000
2026-08-21 10:35:00,ATM+2,PE,370.0,358.15,9.0,13.2,9.0,13.2,37.08037,0,1191000
2026-08-21 10:40:00,ATM+2,PE,370.0,358.2,13.2,13.2,12.5,12.5,30.957801,3000,1188000
2026-08-21 10:45:00,ATM+2,PE,370.0,358.45,12.5,12.5,12.5,12.5,32.925819,0,1188000
2026-08-21 10:50:00,ATM+2,PE,370.0,358.1,12.5,12.5,12.5,12.5,30.136651,0,1188000
2026-08-21 10:55:00,ATM+2,PE,370.0,358.15,12.5,12.5,12.5,12.5,30.571442,0,1188000
2026-08-21 11:00:00,ATM+2,PE,370.0,357.95,12.5,12.5,12.5,12.5,28.814426,0,1188000
2026-08-21 11:05:00,ATM+2,PE,370.0,358.15,12.5,12.5,12.5,12.5,30.590798,0,1188000
2026-08-21 11:10:00,ATM+2,PE,370.0,358.15,12.5,12.5,12.5,12.5,30.6005,0,1188000
2026-08-21 11:15:00,ATM+2,PE,370.0,358.15,12.5,12.5,12.5,12.5,30.610213,0,1188000
2026-08-21 11:20:00,ATM+2,PE,370.0,358.2,12.5,12.5,12.5,12.5,31.037119,0,1188000
2026-08-21 11:25:00,ATM+2,PE,370.0,357.75,12.5,12.5,12.5,12.5,26.871925,0,1188000
2026-08-21 11:30:00,ATM+2,PE,370.0,357.7,12.5,12.5,12.5,12.5,26.337488,0,1188000
2026-08-21 11:35:00,ATM+2,PE,370.0,358.0,12.5,12.5,12.5,12.5,29.335771,0,1188000
2026-08-21 11:40:00,ATM+2,PE,365.0,357.0,12.5,12.5,9.0,9.0,27.01184,0,903000
2026-08-21 11:45:00,ATM+2,PE,365.0,357.45,9.0,9.0,9.0,9.0,29.758042,0,903000
2026-08-21 11:50:00,ATM+2,PE,370.0,357.75,12.5,12.5,12.5,12.5,26.909136,0,1188000
2026-08-21 11:55:00,ATM+2,PE,370.0,358.0,12.5,12.75,12.5,12.75,31.966809,3000,1185000
2026-08-21 12:00:00,ATM+2,PE,370.0,357.75,12.75,12.95,12.75,12.95,31.918596,15000,1176000
2026-08-21 12:05:00,ATM+2,PE,370.0,357.6,13.0,13.5,12.95,13.5,36.098764,6000,1167000
2026-08-21 12:10:00,ATM+2,PE,365.0,356.6,13.5,13.5,9.0,9.0,24.27894,3000,903000
2026-08-21 12:15:00,ATM+2,PE,365.0,356.5,9.0,9.0,9.0,9.0,23.514206,0,903000
2026-08-21 12:20:00,ATM+2,PE,365.0,356.8,9.0,9.0,9.0,9.0,25.741105,0,903000
2026-08-21 12:25:00,ATM+2,PE,365.0,356.65,9.0,9.0,9.0,9.0,24.674949,0,903000
2026-08-21 12:30:00,ATM+2,PE,365.0,357.45,9.0,14.5,9.0,9.0,29.852191,0,903000
2026-08-21 12:35:00,ATM+2,PE,365.0,356.9,9.0,9.0,9.0,9.0,26.450301,0,903000
2026-08-21 12:40:00,ATM+2,PE,365.0,356.75,9.0,9.0,9.0,9.0,25.422973,0,903000
2026-08-21 12:45:00,ATM+2,PE,365.0,356.5,9.0,9.0,9.0,9.0,23.556954,0,903000
2026-08-21 12:50:00,ATM+2,PE,365.0,356.5,9.0,9.0,9.0,9.0,23.564113,0,903000
2026-08-21 12:55:00,ATM+2,PE,365.0,356.95,9.0,9.0,9.0,9.0,26.819501,0,903000
2026-08-21 13:00:00,ATM+2,PE,365.0,356.65,9.0,9.0,9.0,9.0,24.729685,0,903000
2026-08-21 13:05:00,ATM+2,PE,365.0,356.95,9.0,9.0,9.0,9.0,26.837531,0,903000
2026-08-21 13:10:00,ATM+2,PE,365.0,356.5,9.0,9.0,9.0,9.0,23.592847,0,903000
2026-08-21 13:15:00,ATM+2,PE,365.0,356.75,9.0,9.0,9.0,9.0,25.480796,0,903000
2026-08-21 13:20:00,ATM+2,PE,365.0,356.25,9.0,9.0,9.0,9.0,21.46231,0,903000
2026-08-21 13:25:00,ATM+2,PE,365.0,356.55,9.0,9.0,9.0,9.0,24.008541,0,903000
2026-08-21 13:30:00,ATM+2,PE,365.0,355.45,9.0,9.0,9.0,9.0,0.0,0,903000
2026-08-21 13:35:00,ATM+2,PE,365.0,356.5,9.0,9.0,9.0,9.0,23.628983,0,903000
2026-08-21 13:40:00,ATM+2,PE,365.0,356.1,9.0,9.0,9.0,9.0,19.998476,0,903000
2026-08-21 13:45:00,ATM+2,PE,365.0,355.95,9.0,9.0,9.0,9.0,18.270536,0,903000
2026-08-21 13:50:00,ATM+2,PE,365.0,356.25,9.0,9.0,9.0,9.0,21.497595,0,903000
2026-08-21 13:55:00,ATM+2,PE,365.0,356.1,9.0,9.0,9.0,9.0,20.012951,0,903000
2026-08-21 14:00:00,ATM+2,PE,365.0,356.0,9.0,9.0,9.0,9.0,18.895494,0,903000
2026-08-21 14:05:00,ATM+2,PE,365.0,355.65,9.0,9.0,9.0,9.0,12.547271,0,903000
2026-08-21 14:10:00,ATM+2,PE,365.0,356.0,9.0,9.0,9.0,9.0,18.903354,0,903000
2026-08-21 14:15:00,ATM+2,PE,365.0,356.55,9.0,9.0,9.0,9.0,24.083731,0,903000
2026-08-21 14:20:00,ATM+2,PE,365.0,356.6,9.0,9.0,9.0,9.0,24.478431,0,903000
2026-08-21 14:25:00,ATM+2,PE,365.0,356.4,9.0,9.0,9.0,9.0,22.876067,0,903000
2026-08-21 14:30:00,ATM+2,PE,365.0,356.6,9.0,9.0,9.0,9.0,24.494071,0,903000
2026-08-21 14:35:00,ATM+2,PE,365.0,356.8,9.0,9.0,9.0,9.0,25.971286,0,903000
2026-08-21 14:40:00,ATM+2,PE,365.0,356.7,9.0,9.0,9.0,9.0,25.260052,0,903000
2026-08-21 14:45:00,ATM+2,PE,365.0,356.8,9.0,9.0,9.0,9.0,25.988673,0,903000
2026-08-21 14:50:00,ATM+2,PE,365.0,356.6,9.0,9.0,9.0,9.0,24.525486,0,903000
2026-08-21 14:55:00,ATM+2,PE,365.0,355.9,9.0,9.0,9.0,9.0,17.64865,0,903000
2026-08-21 15:00:00,ATM+2,PE,365.0,355.7,9.0,9.0,9.0,9.0,14.020502,0,903000
2026-08-21 15:05:00,ATM+2,PE,365.0,355.4,9.0,9.0,9.0,9.0,0.0,0,903000
2026-08-21 15:10:00,ATM+2,PE,365.0,357.45,9.0,9.0,9.0,9.0,30.196256,0,903000
2026-08-21 15:15:00,ATM+2,PE,365.0,357.45,9.0,9.0,9.0,9.0,30.207253,0,903000
2026-08-21 15:20:00,ATM+2,PE,365.0,357.45,9.0,9.0,9.0,9.0,30.218259,0,903000
2026-08-21 15:25:00,ATM+2,PE,365.0,357.5,9.0,9.0,9.0,9.0,30.521313,0,903000
2026-08-21 15:30:00,ATM+2,PE,365.0,357.5,9.0,9.0,9.0,9.0,30.532501,0,903000
2026-08-21 15:35:00,ATM+2,PE,365.0,357.5,9.0,9.0,9.0,9.0,30.543705,0,903000
2026-08-24 09:15:00,ATM+2,PE,370.0,360.7,10.2,10.2,10.2,10.2,47.495168,12000,1125000
2026-08-24 09:20:00,ATM+2,PE,370.0,362.3,10.5,10.5,9.4,9.5,55.840427,201000,963000
2026-08-24 09:25:00,ATM+2,PE,370.0,360.95,9.7,10.25,9.25,10.25,51.802613,66000,984000
2026-08-24 09:30:00,ATM+2,PE,370.0,360.25,10.1,11.45,10.1,10.15,39.284182,90000,999000
2026-08-24 09:35:00,ATM+2,PE,370.0,360.5,10.5,10.9,10.15,10.5,50.141485,42000,1023000
2026-08-24 09:40:00,ATM+2,PE,370.0,362.0,10.15,10.5,9.35,9.35,50.624359,60000,1029000
2026-08-24 09:45:00,ATM+2,PE,370.0,361.75,9.4,9.4,9.35,9.4,48.410727,3000,1029000
2026-08-24 09:55:00,ATM+2,PE,380.0,367.95,19.0,19.3,19.0,19.3,143.372412,0,246000
2026-08-24 10:00:00,ATM+2,PE,375.0,366.9,19.3,19.3,8.65,8.65,37.231412,0,531000
2026-08-24 10:05:00,ATM+2,PE,375.0,364.7,8.65,10.7,8.65,10.7,40.701256,30000,516000
2026-08-24 10:10:00,ATM+2,PE,375.0,366.85,10.7,10.7,9.8,9.8,55.382208,15000,516000
2026-08-24 10:15:00,ATM+2,PE,375.0,367.05,9.8,9.8,9.8,9.8,57.59098,0,516000
2026-08-24 10:20:00,ATM+2,PE,375.0,366.25,9.8,9.8,9.8,9.8,48.380032,0,516000
2026-08-24 10:25:00,ATM+2,PE,375.0,365.45,9.8,9.8,9.8,9.8,35.13448,0,516000
2026-08-24 10:30:00,ATM+2,PE,375.0,366.2,9.8,9.8,9.8,9.8,47.843412,0,516000
2026-08-24 10:35:00,ATM+2,PE,375.0,365.85,9.8,9.8,9.8,9.8,42.786223,0,516000
2026-08-24 10:40:00,ATM+2,PE,375.0,365.65,9.8,9.8,9.8,9.8,39.392,0,516000
2026-08-24 10:45:00,ATM+2,PE,375.0,365.0,9.8,9.8,9.8,9.8,0.0,0,516000
2026-08-24 10:50:00,ATM+2,PE,375.0,364.25,9.8,9.8,9.8,9.8,0.0,0,516000
2026-08-24 10:55:00,ATM+2,PE,375.0,365.15,9.8,9.8,9.8,9.8,25.261656,0,516000
2026-08-24 11:00:00,ATM+2,PE,375.0,364.2,9.8,9.8,9.8,9.8,0.0,0,516000
2026-08-24 11:05:00,ATM+2,PE,375.0,364.85,9.8,10.65,9.8,10.65,43.138358,3000,516000
2026-08-24 11:10:00,ATM+2,PE,375.0,364.95,10.65,10.65,10.6,10.6,43.965421,3000,513000
2026-08-24 11:15:00,ATM+2,PE,375.0,364.8,10.6,10.6,10.6,10.6,41.135204,0,513000
2026-08-24 11:20:00,ATM+2,PE,375.0,364.95,10.6,10.6,10.6,10.6,44.081899,0,513000
2026-08-24 11:25:00,ATM+2,PE,375.0,364.95,10.6,10.6,10.6,10.6,44.140551,0,513000
2026-08-24 11:30:00,ATM+2,PE,375.0,364.1,10.6,10.6,10.6,10.6,0.0,0,513000
2026-08-24 11:35:00,ATM+2,PE,375.0,365.2,10.6,10.6,10.6,10.6,48.463785,0,513000
2026-08-24 11:40:00,ATM+2,PE,375.0,365.45,10.6,10.6,10.6,10.6,52.221514,0,513000
2026-08-24 11:45:00,ATM+2,PE,375.0,365.5,10.6,10.6,10.6,10.6,52.988048,0,513000
2026-08-24 11:50:00,ATM+2,PE,375.0,365.4,10.6,10.6,10.6,10.6,51.659522,0,513000
2026-08-24 11:55:00,ATM+2,PE,375.0,365.65,10.4,10.6,10.4,10.4,51.748105,3000,513000
2026-08-24 12:00:00,ATM+2,PE,375.0,366.05,10.4,10.4,10.4,10.4,57.02581,0,513000
2026-08-24 12:05:00,ATM+2,PE,375.0,366.2,10.4,10.4,10.4,10.4,58.905078,0,513000
2026-08-24 12:10:00,ATM+2,PE,375.0,366.2,10.4,10.4,10.4,10.4,58.990269,0,513000
2026-08-24 12:15:00,ATM+2,PE,375.0,366.15,10.4,10.4,10.4,10.4,58.482806,0,513000
2026-08-24 12:20:00,ATM+2,PE,375.0,366.4,10.4,10.4,10.4,10.4,61.465716,0,513000
2026-08-24 12:25:00,ATM+2,PE,375.0,366.1,10.4,10.4,10.4,10.4,58.050436,0,513000
2026-08-24 12:30:00,ATM+2,PE,375.0,366.35,10.4,10.4,9.65,9.65,48.929947,3000,513000
2026-08-24 12:35:00,ATM+2,PE,375.0,366.25,9.65,9.65,9.65,9.65,47.579853,0,513000
2026-08-24 12:40:00,ATM+2,PE,375.0,366.6,9.65,9.65,9.65,9.65,52.392813,0,513000
2026-08-24 12:45:00,ATM+2,PE,375.0,366.8,9.65,9.65,9.65,9.65,54.938181,0,513000
2026-08-24 12:50:00,ATM+2,PE,375.0,366.9,9.65,9.65,9.65,9.65,56.203366,0,513000
2026-08-24 12:55:00,ATM+2,PE,375.0,366.8,9.65,9.65,9.65,9.65,55.100919,0,513000
2026-08-24 13:00:00,ATM+2,PE,375.0,366.45,9.65,9.65,9.65,9.65,50.732464,0,513000
2026-08-24 13:05:00,ATM+2,PE,375.0,366.8,9.65,9.65,9.35,9.35,50.375523,3000,513000
2026-08-24 13:10:00,ATM+2,PE,375.0,366.55,9.4,9.4,9.35,9.4,47.906874,3000,513000
2026-08-24 13:15:00,ATM+2,PE,375.0,366.95,9.4,9.4,9.05,9.05,47.420562,9000,504000
2026-08-24 13:20:00,ATM+2,PE,375.0,366.3,9.05,9.05,9.05,9.05,36.778606,0,504000
2026-08-24 13:25:00,ATM+2,PE,375.0,366.05,9.05,9.05,9.05,9.05,30.523794,0,504000
2026-08-24 13:30:00,ATM+2,PE,375.0,366.25,9.05,9.05,9.05,9.05,35.799662,0,504000
2026-08-24 13:35:00,ATM+2,PE,375.0,366.2,9.05,9.05,9.05,9.05,34.695164,0,504000
2026-08-24 13:40:00,ATM+2,PE,375.0,366.4,9.05,9.05,9.05,9.05,38.988905,0,504000
2026-08-24 13:45:00,ATM+2,PE,375.0,366.35,9.05,9.05,9.05,9.05,38.065338,0,504000
2026-08-24 13:50:00,ATM+2,PE,375.0,366.1,9.05,9.05,9.05,9.05,32.226085,0,504000
2026-08-24 13:55:00,ATM+2,PE,375.0,366.05,9.05,9.05,9.05,9.05,30.750701,0,504000
2026-08-24 14:00:00,ATM+2,PE,375.0,366.1,9.05,9.05,9.05,9.05,32.310354,0,504000
2026-08-24 14:05:00,ATM+2,PE,375.0,366.3,9.05,9.05,9.05,9.05,37.246994,0,504000
2026-08-24 14:10:00,ATM+2,PE,375.0,366.2,9.05,9.3,9.05,9.3,41.087021,3000,501000
2026-08-24 14:15:00,ATM+2,PE,375.0,367.2,9.3,9.3,8.9,8.9,49.09365,9000,498000
2026-08-24 14:20:00,ATM+2,PE,375.0,366.55,8.9,8.9,8.9,8.9,38.962198,12000,483000
2026-08-24 14:25:00,ATM+2,PE,375.0,367.1,8.9,9.15,8.85,8.9,47.881776,18000,474000
2026-08-24 14:30:00,ATM+2,PE,375.0,367.2,8.9,8.9,8.9,8.9,49.323215,3000,471000
2026-08-24 14:35:00,ATM+2,PE,375.0,367.15,8.9,8.9,8.9,8.9,48.722461,0,471000
2026-08-24 14:40:00,ATM+2,PE,375.0,367.05,8.9,8.9,8.9,8.9,47.399277,0,471000
2026-08-24 14:45:00,ATM+2,PE,375.0,366.9,8.9,9.0,8.9,8.95,46.189884,6000,456000
2026-08-24 14:50:00,ATM+2,PE,375.0,366.85,9.35,9.45,8.95,9.45,54.396169,33000,438000
2026-08-24 14:55:00,ATM+2,PE,375.0,366.75,9.35,9.65,9.35,9.65,56.551747,21000,438000
2026-08-24 15:00:00,ATM+2,PE,375.0,365.75,9.65,9.65,9.65,9.65,40.817891,0,441000
2026-08-24 15:05:00,ATM+2,PE,375.0,364.75,9.65,9.65,9.65,9.65,0.0,0,441000
2026-08-24 15:10:00,ATM+2,PE,375.0,365.4,9.65,9.65,9.65,9.65,31.112707,0,441000
2026-08-24 15:15:00,ATM+2,PE,375.0,365.4,9.9,9.9,9.65,9.9,39.494559,21000,441000
2026-08-24 15:20:00,ATM+2,PE,375.0,365.4,9.9,9.9,9.65,9.65,31.190116,3000,441000
2026-08-24 15:25:00,ATM+2,PE,375.0,365.05,9.65,9.65,9.65,9.65,0.0,0,441000
2026-08-24 15:30:00,ATM+2,PE,375.0,365.05,9.65,9.65,9.65,9.65,0.0,0,441000
2026-08-24 15:35:00,ATM+2,PE,375.0,365.05,9.65,9.65,9.2,9.2,0.0,6000,438000
2026-08-25 09:15:00,ATM+2,PE,375.0,364.95,10.25,10.85,9.4,10.25,69.51376,54000,429000
2026-08-25 09:20:00,ATM+2,PE,375.0,364.5,10.25,10.25,10.25,10.25,0.0,0,429000
2026-08-25 09:25:00,ATM+2,PE,375.0,366.1,10.4,10.4,10.25,10.4,119.494531,3000,423000
2026-08-25 09:30:00,ATM+2,PE,375.0,367.15,10.4,10.4,9.85,9.85,128.003081,9000,420000
2026-08-25 09:35:00,ATM+2,PE,375.0,367.35,9.85,9.85,9.85,9.85,132.815243,0,420000
2026-08-25 09:40:00,ATM+2,PE,375.0,367.1,8.1,8.1,8.1,8.1,59.627579,0,411000
2026-08-25 09:45:00,ATM+2,PE,380.0,367.55,12.0,12.0,11.75,11.75,0.0,6000,246000
2026-08-25 09:50:00,ATM+2,PE,380.0,368.05,8.1,11.85,8.1,11.85,0.0,3000,243000
2026-08-25 09:55:00,ATM+2,PE,380.0,368.65,11.75,11.85,11.75,11.75,93.205785,6000,240000
2026-08-25 10:00:00,ATM+2,PE,380.0,368.1,11.75,11.75,11.75,11.75,0.0,0,240000
2026-08-25 10:05:00,ATM+2,PE,375.0,367.4,11.75,11.75,6.9,6.9,0.0,0,348000
2026-08-25 10:10:00,ATM+2,PE,375.0,366.65,6.9,6.9,6.9,6.9,0.0,0,348000
2026-08-25 10:15:00,ATM+2,PE,380.0,368.65,6.9,11.75,6.9,11.75,95.994104,0,240000
2026-08-25 10:20:00,ATM+2,PE,375.0,367.25,11.75,11.75,8.85,8.85,104.851658,0,327000
2026-08-25 10:25:00,ATM+2,PE,380.0,368.85,8.85,11.75,8.85,11.75,107.564519,0,240000
2026-08-25 10:30:00,ATM+2,PE,380.0,368.8,11.75,11.75,11.75,11.75,106.066944,0,240000
2026-08-25 10:35:00,ATM+2,PE,380.0,368.9,11.75,11.75,11.75,11.75,111.592558,0,240000
2026-08-25 10:40:00,ATM+2,PE,380.0,368.8,11.75,11.75,11.75,11.75,107.81456,0,240000
2026-08-25 10:45:00,ATM+2,PE,380.0,368.7,11.75,11.75,11.75,11.75,103.526333,0,240000
2026-08-25 10:50:00,ATM+2,PE,380.0,368.65,11.75,11.75,11.75,11.75,101.569326,0,240000
2026-08-25 10:55:00,ATM+2,PE,380.0,368.85,11.75,11.75,11.75,11.75,113.075019,0,240000
2026-08-25 11:00:00,ATM+2,PE,380.0,368.8,11.75,11.75,11.75,11.75,111.591796,0,240000
2026-08-25 11:05:00,ATM+2,PE,380.0,369.3,11.75,11.75,11.75,11.75,134.269445,0,240000
2026-08-25 11:10:00,ATM+2,PE,380.0,369.45,11.75,11.75,11.75,11.75,141.03772,0,240000
2026-08-25 11:15:00,ATM+2,PE,380.0,369.15,11.75,11.75,11.75,11.75,130.838718,0,240000
2026-08-25 11:20:00,ATM+2,PE,380.0,369.15,11.75,11.75,11.75,11.75,132.099765,0,240000
2026-08-25 11:25:00,ATM+2,PE,380.0,369.15,11.75,11.75,11.75,11.75,133.399691,0,240000
2026-08-25 11:30:00,ATM+2,PE,380.0,367.55,11.75,11.75,11.75,11.75,0.0,0,240000
2026-08-25 11:35:00,ATM+2,PE,375.0,367.3,6.35,11.75,6.35,6.35,0.0,0,270000
2026-08-25 11:40:00,ATM+2,PE,375.0,366.6,6.35,6.35,6.35,6.35,0.0,0,270000
2026-08-25 11:45:00,ATM+2,PE,375.0,367.2,6.35,8.85,6.35,8.85,120.700351,12000,267000
2026-08-25 11:50:00,ATM+2,PE,375.0,366.2,8.85,8.85,8.85,8.85,63.041784,0,267000
2026-08-25 11:55:00,ATM+2,PE,375.0,366.65,8.85,8.85,8.85,8.85,99.62051,0,267000
2026-08-25 12:00:00,ATM+2,PE,375.0,366.25,8.85,8.85,8.85,8.85,71.410053,0,267000
2026-08-25 12:05:00,ATM+2,PE,375.0,366.05,8.85,8.85,8.85,8.85,0.0,0,267000
2026-08-25 12:10:00,ATM+2,PE,375.0,367.0,9.6,9.6,8.85,9.15,134.577713,6000,252000
2026-08-25 12:15:00,ATM+2,PE,375.0,367.0,9.15,9.15,8.8,8.8,118.568863,3000,249000
2026-08-25 12:20:00,ATM+2,PE,375.0,366.65,8.8,8.8,8.8,8.8,102.422639,0,249000
2026-08-25 12:25:00,ATM+2,PE,375.0,366.7,8.8,8.8,8.8,8.8,106.628039,0,249000
2026-08-25 12:30:00,ATM+2,PE,375.0,366.35,8.8,8.8,8.8,8.8,82.181426,0,249000
2026-08-25 12:35:00,ATM+2,PE,375.0,365.8,8.8,8.8,8.8,8.8,0.0,0,249000
2026-08-25 12:40:00,ATM+2,PE,375.0,365.75,8.8,8.8,8.8,8.8,0.0,0,249000
2026-08-25 12:45:00,ATM+2,PE,375.0,365.5,8.8,8.8,8.8,8.8,0.0,0,249000
2026-08-25 12:50:00,ATM+2,PE,375.0,365.45,8.8,8.8,8.8,8.8,0.0,0,249000
2026-08-25 12:55:00,ATM+2,PE,375.0,364.8,8.8,8.8,8.8,8.8,0.0,0,249000
2026-08-25 13:00:00,ATM+2,PE,375.0,364.45,8.8,8.8,8.8,8.8,0.0,0,249000
2026-08-25 13:05:00,ATM+2,PE,375.0,364.2,8.8,8.8,8.8,8.8,0.0,0,249000
2026-08-25 13:10:00,ATM+2,PE,375.0,365.0,8.8,8.8,8.8,8.8,0.0,0,249000
2026-08-25 13:15:00,ATM+2,PE,375.0,365.35,8.8,8.8,8.8,8.8,0.0,0,249000
2026-08-25 13:20:00,ATM+2,PE,375.0,365.1,8.8,8.8,8.8,8.8,0.0,0,249000
2026-08-25 13:25:00,ATM+2,PE,375.0,364.75,8.8,8.8,8.8,8.8,0.0,0,249000
2026-08-25 13:30:00,ATM+2,PE,375.0,364.55,8.8,8.8,8.8,8.8,0.0,0,249000
2026-08-25 13:35:00,ATM+2,PE,375.0,364.85,8.8,8.8,8.8,8.8,0.0,0,249000
2026-08-25 13:40:00,ATM+2,PE,375.0,364.55,8.8,8.8,8.8,8.8,0.0,0,249000
2026-08-25 13:45:00,ATM+2,PE,375.0,364.5,8.8,8.8,8.8,8.8,0.0,0,249000
2026-08-25 13:50:00,ATM+2,PE,375.0,365.05,8.8,8.8,8.8,8.8,0.0,0,249000
2026-08-25 13:55:00,ATM+2,PE,375.0,364.5,8.8,8.8,8.8,8.8,0.0,0,249000
2026-08-25 14:00:00,ATM+2,PE,375.0,365.45,8.8,8.8,8.8,8.8,0.0,0,249000
2026-08-25 14:05:00,ATM+2,PE,375.0,364.9,8.8,8.8,8.8,8.8,0.0,0,249000
2026-08-25 14:10:00,ATM+2,PE,375.0,365.05,8.8,8.8,8.8,8.8,0.0,0,249000
2026-08-25 14:15:00,ATM+2,PE,375.0,365.15,8.8,8.8,8.8,8.8,0.0,0,249000
2026-08-25 14:20:00,ATM+2,PE,375.0,364.95,8.8,8.8,8.8,8.8,0.0,0,249000
2026-08-25 14:25:00,ATM+2,PE,375.0,365.2,8.8,8.8,8.8,8.8,0.0,0,249000
2026-08-25 14:30:00,ATM+2,PE,375.0,364.9,8.8,8.8,8.8,8.8,0.0,0,249000
2026-08-25 14:35:00,ATM+2,PE,375.0,364.8,8.8,8.8,8.8,8.8,0.0,0,249000
2026-08-25 14:40:00,ATM+2,PE,375.0,365.45,8.8,8.8,8.8,8.8,0.0,0,249000
2026-08-25 14:45:00,ATM+2,PE,375.0,366.35,8.8,8.8,8.8,8.8,0.0,0,249000
2026-08-25 14:50:00,ATM+2,PE,375.0,366.7,8.8,8.8,8.8,8.8,0.0,0,249000
2026-08-25 14:55:00,ATM+2,PE,375.0,366.4,8.8,8.8,8.8,8.8,0.0,0,249000
2026-08-25 15:00:00,ATM+2,PE,375.0,366.5,8.8,8.8,8.8,8.8,0.0,0,249000
2026-08-25 15:05:00,ATM+2,PE,375.0,366.6,8.8,8.8,8.8,8.8,0.0,0,249000
2026-08-25 15:10:00,ATM+2,PE,375.0,365.55,8.8,8.8,8.8,8.8,0.0,0,246000
2026-08-25 15:15:00,ATM+2,PE,375.0,365.55,8.8,8.8,8.8,8.8,0.0,0,246000
2026-08-25 15:20:00,ATM+2,PE,375.0,365.55,8.8,8.8,8.8,8.8,0.0,0,246000
2026-08-25 15:25:00,ATM+2,PE,375.0,367.45,8.8,8.8,8.8,8.8,0.0,0,246000
2026-08-25 15:30:00,ATM+2,PE,375.0,367.45,8.8,8.8,8.8,8.8,0.0,0,246000
2026-08-25 15:35:00,ATM+2,PE,375.0,367.45,8.8,8.8,8.8,8.8,0.0,0,246000
2026-08-20 09:15:00,ATM+3,CE,365.0,348.3,0.7,0.8,0.5,0.5,28.144764,9000,1977000
2026-08-20 09:20:00,ATM+3,CE,365.0,348.9,0.7,0.7,0.5,0.7,29.974668,3000,1977000
2026-08-20 09:25:00,ATM+3,CE,365.0,350.35,0.7,1.0,0.7,1.0,31.183881,6000,1977000
2026-08-20 09:30:00,ATM+3,CE,365.0,348.0,1.0,1.0,0.65,0.65,30.630573,12000,1965000
2026-08-20 09:35:00,ATM+3,CE,365.0,348.35,1.7,1.7,0.75,0.75,31.397331,0,1965000
2026-08-20 09:40:00,ATM+3,CE,365.0,349.05,0.75,0.75,0.75,0.75,30.404043,0,1965000
2026-08-20 09:45:00,ATM+3,CE,365.0,349.45,0.75,0.75,0.75,0.75,29.838148,0,1965000
2026-08-20 09:50:00,ATM+3,CE,365.0,348.0,0.75,1.3,0.75,0.75,31.930393,0,1965000
2026-08-20 09:55:00,ATM+3,CE,365.0,347.6,0.75,0.75,0.75,0.75,32.5121,0,1965000
2026-08-20 10:00:00,ATM+3,CE,365.0,347.8,0.75,1.3,0.75,0.75,32.238121,0,1965000
2026-08-20 10:05:00,ATM+3,CE,365.0,348.35,0.75,1.3,0.75,0.75,31.462613,0,1965000
2026-08-20 10:10:00,ATM+3,CE,365.0,348.6,0.75,0.75,0.75,0.75,31.114807,0,1965000
2026-08-20 10:15:00,ATM+3,CE,365.0,348.05,0.75,0.75,0.75,0.75,31.914212,0,1965000
2026-08-20 10:20:00,ATM+3,CE,365.0,348.0,0.75,0.75,0.75,0.75,31.996852,9000,1965000
2026-08-20 10:25:00,ATM+3,CE,360.0,346.5,0.75,1.5,0.75,1.3,32.85142,9000,3789000
2026-08-20 10:30:00,ATM+3,CE,360.0,347.15,1.3,1.3,1.25,1.25,31.327285,6000,3789000
2026-08-20 10:35:00,ATM+3,CE,360.0,347.35,1.2,1.25,0.75,1.2,30.547392,3000,3789000
2026-08-20 10:40:00,ATM+3,CE,360.0,347.5,1.2,1.2,1.2,1.2,30.310841,0,3789000
2026-08-20 10:45:00,ATM+3,CE,365.0,347.55,1.2,1.2,0.7,0.7,32.067527,0,1965000
2026-08-20 10:50:00,ATM+3,CE,360.0,345.95,1.2,1.2,1.0,1.0,30.885885,81000,3723000
2026-08-20 10:55:00,ATM+3,CE,360.0,346.25,1.0,1.0,1.0,1.0,30.425089,75000,3672000
2026-08-20 11:00:00,ATM+3,CE,360.0,345.8,1.0,1.0,0.9,0.9,30.093536,24000,3636000
2026-08-20 11:05:00,ATM+3,CE,360.0,346.9,0.7,0.9,0.7,0.7,26.232955,3000,3612000
2026-08-20 11:10:00,ATM+3,CE,360.0,347.2,0.7,0.7,0.7,0.7,25.795083,0,3612000
2026-08-20 11:15:00,ATM+3,CE,360.0,347.0,0.7,0.7,0.7,0.7,26.102561,0,3612000
2026-08-20 11:20:00,ATM+3,CE,360.0,346.65,0.7,0.75,0.7,0.75,27.200076,6000,3609000
2026-08-20 11:25:00,ATM+3,CE,360.0,347.0,0.75,0.75,0.75,0.75,26.682349,0,3609000
2026-08-20 11:30:00,ATM+3,CE,360.0,347.4,0.75,0.75,0.75,0.75,26.086489,0,3609000
2026-08-20 11:35:00,ATM+3,CE,360.0,347.3,0.7,0.75,0.7,0.7,25.691202,3000,3603000
2026-08-20 11:40:00,ATM+3,CE,360.0,346.85,0.7,0.7,0.7,0.7,26.372551,0,3603000
2026-08-20 11:45:00,ATM+3,CE,360.0,346.75,0.7,0.7,0.55,0.55,24.723761,3000,3600000
2026-08-20 11:50:00,ATM+3,CE,360.0,347.25,0.55,0.55,0.55,0.55,24.01634,0,3600000
2026-08-20 11:55:00,ATM+3,CE,365.0,347.65,0.5,0.5,0.5,0.5,29.335177,0,1965000
2026-08-20 12:00:00,ATM+3,CE,360.0,347.5,0.55,0.55,0.5,0.55,23.673718,0,3600000
2026-08-20 12:05:00,ATM+3,CE,360.0,347.4,0.5,1.2,0.5,1.2,30.65916,6000,3594000
2026-08-20 12:10:00,ATM+3,CE,360.0,347.35,1.2,1.2,1.2,1.2,30.752917,0,3594000
2026-08-20 12:15:00,ATM+3,CE,365.0,347.9,1.2,1.2,0.45,0.45,28.282362,0,1965000
2026-08-20 12:20:00,ATM+3,CE,360.0,346.7,0.45,1.2,0.45,1.2,31.84842,0,3594000
2026-08-20 12:25:00,ATM+3,CE,360.0,346.8,1.2,1.2,1.2,1.2,31.695005,0,3594000
2026-08-20 12:30:00,ATM+3,CE,360.0,347.5,1.2,1.2,1.2,1.2,30.547598,0,3594000
2026-08-20 12:35:00,ATM+3,CE,360.0,347.3,0.45,1.2,0.45,1.2,30.890604,0,3594000
2026-08-20 12:40:00,ATM+3,CE,360.0,347.1,1.2,1.2,1.2,1.2,31.233061,0,3594000
2026-08-20 12:45:00,ATM+3,CE,360.0,347.4,1.2,1.2,1.2,1.2,30.746556,0,3594000
2026-08-20 12:50:00,ATM+3,CE,365.0,347.55,1.2,1.2,0.55,0.55,30.316474,0,1965000
2026-08-20 12:55:00,ATM+3,CE,360.0,347.5,0.55,1.2,0.55,1.2,30.602135,0,3594000
2026-08-20 13:00:00,ATM+3,CE,365.0,347.55,0.55,0.55,0.55,0.55,30.337971,3000,1965000
2026-08-20 13:05:00,ATM+3,CE,365.0,347.7,0.55,1.2,0.55,0.55,30.143257,0,1965000
2026-08-20 13:10:00,ATM+3,CE,360.0,347.5,1.2,1.2,1.2,1.2,30.634986,0,3588000
2026-08-20 13:15:00,ATM+3,CE,360.0,347.35,1.2,1.2,1.2,1.2,30.895791,0,3588000
2026-08-20 13:20:00,ATM+3,CE,360.0,346.55,0.8,1.2,0.8,0.8,28.144289,6000,3585000
2026-08-20 13:25:00,ATM+3,CE,360.0,346.85,0.8,0.8,0.8,0.8,27.694069,0,3585000
2026-08-20 13:30:00,ATM+3,CE,365.0,347.55,0.8,0.8,0.55,0.55,30.402704,0,1965000
2026-08-20 13:35:00,ATM+3,CE,360.0,346.85,0.8,0.8,0.8,0.8,27.713977,0,3582000
2026-08-20 13:40:00,ATM+3,CE,360.0,347.5,0.8,0.8,0.8,0.8,26.720476,0,3582000
2026-08-20 13:45:00,ATM+3,CE,360.0,347.35,0.8,0.8,0.8,0.8,26.962404,0,3582000
2026-08-20 13:50:00,ATM+3,CE,360.0,347.1,0.8,0.8,0.8,0.8,27.35855,0,3582000
2026-08-20 13:55:00,ATM+3,CE,360.0,347.0,0.8,0.8,0.8,0.8,27.522745,0,3582000
2026-08-20 14:00:00,ATM+3,CE,360.0,347.35,0.8,0.8,0.8,0.8,26.991624,0,3576000
2026-08-20 14:05:00,ATM+3,CE,360.0,347.4,0.8,0.8,0.8,0.8,26.923889,0,3576000
2026-08-20 14:10:00,ATM+3,CE,365.0,347.55,0.8,0.8,0.55,0.55,30.489637,0,1965000
2026-08-20 14:15:00,ATM+3,CE,360.0,347.25,1.1,1.1,0.8,1.1,30.241269,15000,3570000
2026-08-20 14:20:00,ATM+3,CE,360.0,347.2,1.1,1.1,1.1,1.1,30.334287,0,3570000
2026-08-20 14:25:00,ATM+3,CE,360.0,347.4,1.1,1.1,1.1,1.1,30.016467,0,3570000
2026-08-20 14:30:00,ATM+3,CE,360.0,347.35,1.1,1.1,1.1,1.1,30.109627,0,3570000
2026-08-20 14:35:00,ATM+3,CE,360.0,347.35,1.1,1.1,0.6,0.6,24.775123,6000,3564000
2026-08-20 14:40:00,ATM+3,CE,360.0,347.1,0.6,0.6,0.6,0.6,25.152674,0,3564000
2026-08-20 14:45:00,ATM+3,CE,365.0,347.85,0.6,0.6,0.4,0.4,27.844562,0,1965000
2026-08-20 14:50:00,ATM+3,CE,365.0,348.55,0.4,0.4,0.4,0.4,26.933601,0,1965000
2026-08-20 14:55:00,ATM+3,CE,365.0,348.7,0.4,0.4,0.4,0.4,26.745365,0,1965000
2026-08-20 15:00:00,ATM+3,CE,365.0,348.9,0.4,0.4,0.4,0.4,26.490692,0,1965000
2026-08-20 15:05:00,ATM+3,CE,365.0,349.6,0.4,0.4,0.4,0.4,25.571874,0,1965000
2026-08-20 15:10:00,ATM+3,CE,365.0,349.3,0.4,0.4,0.4,0.4,25.979744,0,1965000
2026-08-20 15:15:00,ATM+3,CE,365.0,349.3,0.4,0.4,0.4,0.4,25.989175,0,1965000
2026-08-20 15:20:00,ATM+3,CE,365.0,349.3,0.4,0.4,0.4,0.4,25.998613,0,1965000
2026-08-20 15:25:00,ATM+3,CE,365.0,349.25,0.35,0.4,0.35,0.35,25.250109,15000,1965000
2026-08-20 15:30:00,ATM+3,CE,365.0,349.25,0.35,0.35,0.35,0.35,25.259292,0,1965000
2026-08-20 15:35:00,ATM+3,CE,365.0,349.25,0.35,0.35,0.35,0.35,25.268487,0,1965000
2026-08-21 09:15:00,ATM+3,CE,370.0,352.7,0.25,0.25,0.2,0.2,25.917811,0,4629000
2026-08-21 09:20:00,ATM+3,CE,370.0,352.95,0.2,0.5,0.2,0.3,27.893383,24000,4611000
2026-08-21 09:25:00,ATM+3,CE,370.0,355.55,0.3,0.8,0.3,0.8,31.66584,183000,4497000
2026-08-21 09:30:00,ATM+3,CE,370.0,353.75,0.8,0.85,0.8,0.85,35.188138,81000,4419000
2026-08-21 09:35:00,ATM+3,CE,370.0,355.15,0.85,0.85,0.85,0.85,32.943538,0,4419000
2026-08-21 09:40:00,ATM+3,CE,370.0,357.4,0.3,0.85,0.3,0.85,29.263149,60000,4386000
2026-08-21 09:45:00,ATM+3,CE,370.0,356.45,0.85,0.9,0.7,0.9,31.418447,42000,4359000
2026-08-21 09:50:00,ATM+3,CE,370.0,356.05,0.9,0.9,0.75,0.9,32.095656,60000,4329000
2026-08-21 09:55:00,ATM+3,CE,370.0,356.6,0.85,0.9,0.8,0.9,31.19558,21000,4314000
2026-08-21 10:00:00,ATM+3,CE,370.0,356.0,0.7,0.9,0.7,0.7,29.799465,9000,4308000
2026-08-21 10:05:00,ATM+3,CE,370.0,356.0,0.7,0.7,0.7,0.7,29.81223,3000,4302000
2026-08-21 10:10:00,ATM+3,CE,370.0,356.9,0.7,0.7,0.7,0.7,28.391615,0,4305000
2026-08-21 10:15:00,ATM+3,CE,370.0,357.15,0.7,0.7,0.6,0.6,26.743704,18000,4305000
2026-08-21 10:20:00,ATM+3,CE,370.0,356.85,0.6,0.6,0.6,0.6,27.223353,9000,4305000
2026-08-21 10:25:00,ATM+3,CE,370.0,357.45,0.35,0.6,0.35,0.6,26.296975,12000,4275000
2026-08-21 10:30:00,ATM+3,CE,370.0,357.35,0.6,0.6,0.6,0.6,26.46517,0,4275000
2026-08-21 10:35:00,ATM+3,CE,375.0,358.15,0.6,0.6,0.4,0.4,29.298546,0,1518000
2026-08-21 10:40:00,ATM+3,CE,375.0,358.2,0.4,0.4,0.4,0.4,29.24123,0,1518000
2026-08-21 10:45:00,ATM+3,CE,375.0,358.45,0.4,0.4,0.4,0.4,28.9039,0,1518000
2026-08-21 10:50:00,ATM+3,CE,375.0,358.1,0.4,0.4,0.4,0.4,29.406191,0,1518000
2026-08-21 10:55:00,ATM+3,CE,375.0,358.15,0.4,0.4,0.4,0.4,29.348892,0,1518000
2026-08-21 11:00:00,ATM+3,CE,375.0,357.95,0.4,0.4,0.4,0.4,29.64128,0,1518000
2026-08-21 11:05:00,ATM+3,CE,375.0,358.15,0.4,0.4,0.4,0.4,29.374154,0,1518000
2026-08-21 11:10:00,ATM+3,CE,375.0,358.15,0.4,0.4,0.4,0.4,29.386814,0,1518000
2026-08-21 11:15:00,ATM+3,CE,375.0,358.15,0.4,0.4,0.4,0.4,29.399487,0,1518000
2026-08-21 11:20:00,ATM+3,CE,375.0,358.2,0.35,0.4,0.35,0.35,28.431791,6000,1518000
2026-08-21 11:25:00,ATM+3,CE,375.0,357.75,0.35,0.4,0.35,0.4,29.985201,3000,1518000
2026-08-21 11:30:00,ATM+3,CE,375.0,357.7,0.4,0.4,0.4,0.4,30.068124,3000,1515000
2026-08-21 11:35:00,ATM+3,CE,375.0,358.0,0.4,0.4,0.4,0.4,29.660787,0,1515000
2026-08-21 11:40:00,ATM+3,CE,370.0,357.0,0.4,0.8,0.4,0.8,29.657017,0,4185000
2026-08-21 11:45:00,ATM+3,CE,370.0,357.45,0.8,0.8,0.8,0.8,28.924312,6000,4182000
2026-08-21 11:50:00,ATM+3,CE,375.0,357.75,0.4,0.4,0.4,0.4,30.05011,0,1515000
2026-08-21 11:55:00,ATM+3,CE,375.0,358.0,0.4,0.4,0.4,0.4,29.712234,0,1512000
2026-08-21 12:00:00,ATM+3,CE,375.0,357.75,0.4,0.4,0.4,0.4,30.076188,0,1512000
2026-08-21 12:05:00,ATM+3,CE,375.0,357.6,0.4,0.4,0.4,0.4,30.29972,0,1512000
2026-08-21 12:10:00,ATM+3,CE,370.0,356.6,0.4,0.8,0.4,0.5,26.487908,9000,4140000
2026-08-21 12:15:00,ATM+3,CE,370.0,356.5,0.6,0.75,0.5,0.75,29.968368,6000,4137000
2026-08-21 12:20:00,ATM+3,CE,370.0,356.8,0.75,0.75,0.75,0.75,29.49169,12000,4134000
2026-08-21 12:25:00,ATM+3,CE,370.0,356.65,0.75,0.8,0.75,0.75,29.749809,18000,4125000
2026-08-21 12:30:00,ATM+3,CE,370.0,357.45,0.75,0.75,0.4,0.75,28.450086,0,4125000
2026-08-21 12:35:00,ATM+3,CE,370.0,356.9,0.5,0.75,0.5,0.5,26.088379,21000,4122000
2026-08-21 12:40:00,ATM+3,CE,370.0,356.75,0.5,0.5,0.5,0.5,26.32902,0,4122000
2026-08-21 12:45:00,ATM+3,CE,370.0,356.5,0.5,0.5,0.5,0.5,26.721953,0,4122000
2026-08-21 12:50:00,ATM+3,CE,370.0,356.5,0.5,0.5,0.5,0.5,26.733735,0,4122000
2026-08-21 12:55:00,ATM+3,CE,370.0,356.95,0.5,0.5,0.5,0.5,26.057909,0,4122000
2026-08-21 13:00:00,ATM+3,CE,370.0,356.65,0.5,0.5,0.5,0.5,26.528372,0,4122000
2026-08-21 13:05:00,ATM+3,CE,370.0,356.95,0.5,0.5,0.5,0.5,26.080974,0,4122000
2026-08-21 13:10:00,ATM+3,CE,370.0,356.5,0.5,0.5,0.5,0.5,26.781014,0,4122000
2026-08-21 13:15:00,ATM+3,CE,370.0,356.75,0.5,0.5,0.5,0.5,26.410586,0,4122000
2026-08-21 13:20:00,ATM+3,CE,370.0,356.25,0.35,0.5,0.35,0.5,27.186279,12000,4107000
2026-08-21 13:25:00,ATM+3,CE,370.0,356.55,0.5,0.5,0.5,0.5,26.740177,0,4107000
2026-08-21 13:30:00,ATM+3,CE,370.0,355.45,0.5,0.5,0.5,0.5,28.426593,0,4107000
2026-08-21 13:35:00,ATM+3,CE,370.0,356.5,0.5,0.5,0.5,0.5,26.840443,0,4107000
2026-08-21 13:40:00,ATM+3,CE,370.0,356.1,0.5,0.5,0.5,0.5,27.463444,0,4101000
2026-08-21 13:45:00,ATM+3,CE,370.0,355.95,0.5,0.5,0.3,0.3,24.373334,9000,4095000
2026-08-21 13:50:00,ATM+3,CE,370.0,356.25,0.3,0.3,0.2,0.2,21.89262,3000,4092000
2026-08-21 13:55:00,ATM+3,CE,370.0,356.1,0.2,0.2,0.2,0.2,22.101169,0,4092000
2026-08-21 14:00:00,ATM+3,CE,370.0,356.0,0.2,0.2,0.2,0.2,22.243496,0,4092000
2026-08-21 14:05:00,ATM+3,CE,370.0,355.65,0.2,0.2,0.2,0.2,22.716419,0,4092000
2026-08-21 14:10:00,ATM+3,CE,370.0,356.0,0.2,0.2,0.2,0.2,22.263402,0,4092000
2026-08-21 14:15:00,ATM+3,CE,370.0,356.55,0.25,0.25,0.2,0.2,21.542756,9000,4089000
2026-08-21 14:20:00,ATM+3,CE,370.0,356.6,0.2,0.2,0.2,0.2,21.485831,0,4092000
2026-08-21 14:25:00,ATM+3,CE,370.0,356.4,0.2,0.2,0.2,0.2,21.761855,0,4092000
2026-08-21 14:30:00,ATM+3,CE,370.0,356.6,0.2,0.5,0.2,0.5,26.818743,24000,4077000
2026-08-21 14:35:00,ATM+3,CE,370.0,356.8,0.5,0.5,0.5,0.5,26.52266,0,4077000
2026-08-21 14:40:00,ATM+3,CE,370.0,356.7,0.5,0.5,0.5,0.5,26.688775,0,4077000
2026-08-21 14:45:00,ATM+3,CE,370.0,356.8,0.5,0.5,0.5,0.5,26.546504,0,4077000
2026-08-21 14:50:00,ATM+3,CE,370.0,356.6,0.5,0.5,0.5,0.5,26.866967,0,4077000
2026-08-21 14:55:00,ATM+3,CE,370.0,355.9,0.5,0.5,0.1,0.15,21.214352,18000,4071000
2026-08-21 15:00:00,ATM+3,CE,370.0,355.7,0.15,0.15,0.15,0.15,21.479156,0,4077000
2026-08-21 15:05:00,ATM+3,CE,370.0,355.4,0.15,0.15,0.15,0.15,21.871218,0,4077000
2026-08-21 15:10:00,ATM+3,CE,370.0,357.45,0.15,0.15,0.15,0.15,19.250758,0,4077000
2026-08-21 15:15:00,ATM+3,CE,370.0,357.45,0.15,0.15,0.15,0.15,19.259522,0,4077000
2026-08-21 15:20:00,ATM+3,CE,370.0,357.45,0.15,0.15,0.05,0.05,15.860008,39000,4077000
2026-08-21 15:25:00,ATM+3,CE,370.0,357.5,0.05,0.05,0.05,0.05,15.81102,0,4080000
2026-08-21 15:30:00,ATM+3,CE,370.0,357.5,0.05,0.05,0.05,0.05,15.818256,0,4080000
2026-08-21 15:35:00,ATM+3,CE,370.0,357.5,0.05,0.05,0.05,0.05,15.825501,0,4080000
2026-08-24 09:15:00,ATM+3,CE,375.0,360.7,0.15,1.0,0.15,0.85,58.807048,96000,1530000
2026-08-24 09:20:00,ATM+3,CE,375.0,362.3,0.85,0.95,0.8,0.85,54.142338,246000,1380000
2026-08-24 09:25:00,ATM+3,CE,375.0,360.95,1.0,1.0,0.8,0.85,58.233478,444000,1341000
2026-08-24 09:30:00,ATM+3,CE,375.0,360.25,0.85,0.85,0.55,0.55,53.236355,120000,1329000
2026-08-24 09:35:00,ATM+3,CE,375.0,360.5,0.55,0.7,0.55,0.7,56.335873,123000,1335000
2026-08-24 09:40:00,ATM+3,CE,375.0,362.0,0.75,0.8,0.7,0.8,54.292662,99000,1329000
2026-08-24 09:45:00,ATM+3,CE,380.0,364.6,0.9,0.9,0.6,0.85,61.70334,588000,1932000
2026-08-24 09:50:00,ATM+3,CE,380.0,365.8,0.95,1.15,0.85,1.15,64.34659,594000,1887000
2026-08-24 09:55:00,ATM+3,CE,385.0,367.95,1.2,1.55,0.9,0.9,66.876688,825000,417000
2026-08-24 10:00:00,ATM+3,CE,380.0,366.9,1.05,1.7,0.9,1.4,65.607445,540000,1908000
2026-08-24 10:05:00,ATM+3,CE,380.0,364.7,1.45,1.5,1.15,1.15,68.023784,303000,1887000
2026-08-24 10:10:00,ATM+3,CE,380.0,366.85,1.05,1.4,1.05,1.35,65.07481,312000,1971000
2026-08-24 10:15:00,ATM+3,CE,380.0,367.05,1.35,1.35,1.1,1.1,59.945952,198000,1962000
2026-08-24 10:20:00,ATM+3,CE,380.0,366.25,1.1,1.1,0.9,0.9,58.516371,369000,1869000
2026-08-24 10:25:00,ATM+3,CE,380.0,365.45,0.9,0.9,0.85,0.85,59.91459,48000,1875000
2026-08-24 10:30:00,ATM+3,CE,380.0,366.2,0.85,0.95,0.85,0.95,59.87226,45000,1863000
2026-08-24 10:35:00,ATM+3,CE,380.0,365.85,1.0,1.0,0.9,0.9,59.973261,51000,1854000
2026-08-24 10:40:00,ATM+3,CE,380.0,365.65,0.9,0.9,0.85,0.85,59.583049,15000,1851000
2026-08-24 10:45:00,ATM+3,CE,380.0,365.0,0.85,0.85,0.75,0.8,60.471522,84000,1842000
2026-08-24 10:50:00,ATM+3,CE,380.0,364.25,0.75,0.8,0.75,0.8,62.749032,30000,1863000
2026-08-24 10:55:00,ATM+3,CE,380.0,365.15,0.75,0.9,0.7,0.9,62.430046,57000,1848000
2026-08-24 11:00:00,ATM+3,CE,380.0,364.2,0.9,0.9,0.75,0.75,61.89512,33000,1845000
2026-08-24 11:05:00,ATM+3,CE,380.0,364.85,0.75,0.75,0.7,0.7,58.9069,21000,1824000
2026-08-24 11:10:00,ATM+3,CE,380.0,364.95,0.7,0.7,0.7,0.7,58.706726,0,1815000
2026-08-24 11:15:00,ATM+3,CE,380.0,364.8,0.75,0.75,0.7,0.75,60.428119,33000,1827000
2026-08-24 11:20:00,ATM+3,CE,380.0,364.95,0.75,0.75,0.75,0.75,60.080575,0,1827000
2026-08-24 11:25:00,ATM+3,CE,380.0,364.95,0.75,0.75,0.75,0.75,60.170403,30000,1809000
2026-08-24 11:30:00,ATM+3,CE,380.0,364.1,0.7,0.75,0.7,0.75,62.740491,15000,1815000
2026-08-24 11:35:00,ATM+3,CE,380.0,365.2,0.75,0.75,0.75,0.75,59.617443,0,1812000
2026-08-24 11:40:00,ATM+3,CE,380.0,365.45,0.8,0.8,0.75,0.8,60.127959,45000,1797000
2026-08-24 11:45:00,ATM+3,CE,380.0,365.5,0.8,0.9,0.8,0.8,60.069538,21000,1809000
2026-08-24 11:50:00,ATM+3,CE,380.0,365.4,0.8,0.8,0.8,0.8,60.45987,0,1806000
2026-08-24 11:55:00,ATM+3,CE,380.0,365.65,0.8,0.8,0.8,0.8,59.802381,0,1803000
2026-08-24 12:00:00,ATM+3,CE,380.0,366.05,0.8,0.9,0.8,0.9,60.896295,33000,1797000
2026-08-24 12:05:00,ATM+3,CE,380.0,366.2,0.9,0.9,0.9,0.9,60.526368,18000,1788000
2026-08-24 12:10:00,ATM+3,CE,380.0,366.2,0.9,0.95,0.9,0.95,61.686651,6000,1782000
2026-08-24 12:15:00,ATM+3,CE,380.0,366.15,0.95,0.95,0.85,0.85,59.774633,42000,1767000
2026-08-24 12:20:00,ATM+3,CE,380.0,366.4,0.85,0.9,0.85,0.9,60.185035,15000,1767000
2026-08-24 12:25:00,ATM+3,CE,380.0,366.1,0.9,0.9,0.85,0.85,60.113615,6000,1761000
2026-08-24 12:30:00,ATM+3,CE,380.0,366.35,0.85,0.85,0.85,0.85,59.436325,0,1758000
2026-08-24 12:35:00,ATM+3,CE,380.0,366.25,0.85,0.85,0.85,0.85,59.83803,0,1767000
2026-08-24 12:40:00,ATM+3,CE,380.0,366.6,0.85,0.85,0.8,0.85,58.84717,75000,1752000
2026-08-24 12:45:00,ATM+3,CE,380.0,366.8,0.85,0.85,0.85,0.85,58.31714,3000,1743000
2026-08-24 12:50:00,ATM+3,CE,380.0,366.9,0.85,0.9,0.85,0.9,59.177637,9000,1737000
2026-08-24 12:55:00,ATM+3,CE,380.0,366.8,0.85,0.9,0.85,0.85,58.501247,3000,1737000
2026-08-24 13:00:00,ATM+3,CE,380.0,366.45,0.85,0.9,0.85,0.85,59.687385,24000,1740000
2026-08-24 13:05:00,ATM+3,CE,380.0,366.8,0.85,0.85,0.75,0.8,57.573524,54000,1746000
2026-08-24 13:10:00,ATM+3,CE,380.0,366.55,0.8,0.8,0.8,0.8,58.440756,9000,1743000
2026-08-24 13:15:00,ATM+3,CE,380.0,366.95,0.8,0.85,0.8,0.85,58.402621,36000,1737000
2026-08-24 13:20:00,ATM+3,CE,380.0,366.3,0.85,0.85,0.75,0.75,58.240298,9000,1734000
2026-08-24 13:25:00,ATM+3,CE,380.0,366.05,0.75,0.75,0.75,0.75,59.100497,3000,1734000
2026-08-24 13:30:00,ATM+3,CE,380.0,366.25,0.75,0.75,0.75,0.75,58.581872,0,1734000
2026-08-24 13:35:00,ATM+3,CE,380.0,366.2,0.75,0.75,0.75,0.75,58.830599,0,1746000
2026-08-24 13:40:00,ATM+3,CE,380.0,366.4,0.75,0.75,0.75,0.75,58.309279,0,1746000
2026-08-24 13:45:00,ATM+3,CE,380.0,366.35,0.75,0.75,0.75,0.75,58.558913,69000,1722000
2026-08-24 13:50:00,ATM+3,CE,380.0,366.1,0.75,0.75,0.7,0.7,58.213695,9000,1716000
2026-08-24 13:55:00,ATM+3,CE,380.0,366.05,0.6,0.7,0.6,0.65,57.208219,63000,1722000
2026-08-24 14:00:00,ATM+3,CE,380.0,366.1,0.65,0.65,0.6,0.6,55.856709,15000,1719000
2026-08-24 14:05:00,ATM+3,CE,380.0,366.3,0.6,0.65,0.6,0.6,55.351211,6000,1713000
2026-08-24 14:10:00,ATM+3,CE,380.0,366.2,0.65,0.65,0.6,0.65,57.037099,21000,1725000
2026-08-24 14:15:00,ATM+3,CE,380.0,367.2,0.65,0.75,0.65,0.75,56.476213,39000,1710000
2026-08-24 14:20:00,ATM+3,CE,380.0,366.55,0.75,0.75,0.75,0.75,58.613151,0,1710000
2026-08-24 14:25:00,ATM+3,CE,380.0,367.1,0.7,0.85,0.7,0.85,59.272893,75000,1695000
2026-08-24 14:30:00,ATM+3,CE,380.0,367.2,0.85,0.85,0.85,0.85,59.049028,30000,1698000
2026-08-24 14:35:00,ATM+3,CE,380.0,367.15,0.85,0.85,0.85,0.85,59.310456,6000,1689000
2026-08-24 14:40:00,ATM+3,CE,380.0,367.05,0.85,0.85,0.85,0.85,59.734955,0,1662000
2026-08-24 14:45:00,ATM+3,CE,380.0,366.9,0.85,0.85,0.8,0.8,59.175723,63000,1644000
2026-08-24 14:50:00,ATM+3,CE,380.0,366.85,0.8,0.8,0.7,0.7,57.048409,24000,1641000
2026-08-24 14:55:00,ATM+3,CE,380.0,366.75,0.7,0.75,0.7,0.75,58.675322,6000,1635000
2026-08-24 15:00:00,ATM+3,CE,380.0,365.75,0.75,0.75,0.75,0.75,61.941027,39000,1638000
2026-08-24 15:05:00,ATM+3,CE,380.0,364.75,0.75,0.75,0.7,0.7,63.893924,30000,1638000
2026-08-24 15:10:00,ATM+3,CE,380.0,365.4,0.7,0.7,0.7,0.7,61.985559,39000,1638000
2026-08-24 15:15:00,ATM+3,CE,380.0,365.4,0.7,0.8,0.7,0.75,63.368228,96000,1614000
2026-08-24 15:20:00,ATM+3,CE,380.0,365.4,0.75,0.85,0.75,0.85,65.935116,36000,1608000
2026-08-24 15:25:00,ATM+3,CE,380.0,365.05,0.75,0.85,0.75,0.8,65.953988,42000,1584000
2026-08-24 15:30:00,ATM+3,CE,380.0,365.05,0.7,0.8,0.7,0.7,63.513009,72000,1566000
2026-08-24 15:35:00,ATM+3,CE,380.0,365.05,0.7,0.85,0.7,0.7,63.624249,54000,1557000
2026-08-25 09:15:00,ATM+3,CE,380.0,364.95,0.5,0.5,0.35,0.4,107.597163,45000,1521000
2026-08-25 09:20:00,ATM+3,CE,380.0,364.5,0.35,0.4,0.35,0.35,107.332621,12000,1515000
2026-08-25 09:25:00,ATM+3,CE,380.0,366.1,0.3,0.35,0.3,0.35,99.225786,126000,1455000
2026-08-25 09:30:00,ATM+3,CE,380.0,367.15,0.35,0.4,0.35,0.4,97.229647,90000,1419000
2026-08-25 09:35:00,ATM+3,CE,385.0,367.65,0.4,0.4,0.2,0.2,104.936777,33000,417000
2026-08-25 09:40:00,ATM+3,CE,380.0,367.1,0.5,0.5,0.4,0.4,98.885953,9000,1404000
2026-08-25 09:45:00,ATM+3,CE,385.0,367.55,0.2,0.2,0.2,0.2,0.0,0,417000
2026-08-25 09:50:00,ATM+3,CE,385.0,368.05,0.45,0.5,0.2,0.2,105.153427,72000,411000
2026-08-25 09:55:00,ATM+3,CE,385.0,368.65,0.2,0.25,0.2,0.25,107.676068,12000,408000
2026-08-25 10:00:00,ATM+3,CE,385.0,368.1,0.25,0.3,0.25,0.25,0.0,15000,405000
2026-08-25 10:05:00,ATM+3,CE,380.0,367.4,0.25,0.45,0.25,0.45,103.921933,3000,1371000
2026-08-25 10:10:00,ATM+3,CE,380.0,366.65,0.45,0.45,0.3,0.3,98.89721,30000,1365000
2026-08-25 10:15:00,ATM+3,CE,385.0,368.65,0.3,0.3,0.15,0.15,100.248965,15000,396000
2026-08-25 10:20:00,ATM+3,CE,380.0,367.25,0.15,0.45,0.15,0.45,107.324225,21000,1308000
2026-08-25 10:25:00,ATM+3,CE,385.0,368.85,0.45,0.45,0.2,0.25,0.0,9000,396000
2026-08-25 10:30:00,ATM+3,CE,385.0,368.8,0.25,0.25,0.25,0.25,112.853867,3000,396000
2026-08-25 10:35:00,ATM+3,CE,385.0,368.9,0.25,0.25,0.25,0.25,113.223113,0,396000
2026-08-25 10:40:00,ATM+3,CE,385.0,368.8,0.25,0.25,0.25,0.25,114.75522,0,393000
2026-08-25 10:45:00,ATM+3,CE,385.0,368.7,0.25,0.25,0.2,0.2,111.078444,9000,393000
2026-08-25 10:50:00,ATM+3,CE,385.0,368.65,0.2,0.2,0.2,0.2,112.332958,0,393000
2026-08-25 10:55:00,ATM+3,CE,385.0,368.85,0.2,0.2,0.2,0.2,112.192701,12000,393000
2026-08-25 11:00:00,ATM+3,CE,385.0,368.8,0.2,0.2,0.2,0.2,113.498051,0,390000
2026-08-25 11:05:00,ATM+3,CE,385.0,369.3,0.2,0.2,0.2,0.2,111.637259,0,390000
2026-08-25 11:10:00,ATM+3,CE,385.0,369.45,0.2,0.2,0.2,0.2,111.805119,0,390000
2026-08-25 11:15:00,ATM+3,CE,385.0,369.15,0.2,0.2,0.2,0.2,114.658344,27000,387000
2026-08-25 11:20:00,ATM+3,CE,385.0,369.15,0.2,0.2,0.2,0.2,115.77883,0,387000
2026-08-25 11:25:00,ATM+3,CE,385.0,369.15,0.2,0.2,0.2,0.2,116.933692,0,387000
2026-08-25 11:30:00,ATM+3,CE,385.0,367.55,0.2,0.2,0.15,0.15,0.0,15000,366000
2026-08-25 11:35:00,ATM+3,CE,380.0,367.3,0.4,0.45,0.15,0.3,110.717206,9000,1179000
2026-08-25 11:40:00,ATM+3,CE,380.0,366.6,0.3,0.3,0.25,0.25,111.914,15000,1170000
2026-08-25 11:45:00,ATM+3,CE,380.0,367.2,0.25,0.3,0.25,0.3,113.798414,48000,1164000
2026-08-25 11:50:00,ATM+3,CE,380.0,366.2,0.3,0.3,0.3,0.3,122.045151,0,1161000
2026-08-25 11:55:00,ATM+3,CE,380.0,366.65,0.3,0.35,0.3,0.35,124.785352,84000,1098000
2026-08-25 12:00:00,ATM+3,CE,380.0,366.25,0.35,0.35,0.3,0.3,124.500042,6000,1095000
2026-08-25 12:05:00,ATM+3,CE,380.0,366.05,0.3,0.3,0.25,0.3,127.415491,36000,1059000
2026-08-25 12:10:00,ATM+3,CE,380.0,367.0,0.3,0.3,0.25,0.25,0.0,15000,1056000
2026-08-25 12:15:00,ATM+3,CE,380.0,367.0,0.25,0.25,0.2,0.2,0.0,24000,1044000
2026-08-25 12:20:00,ATM+3,CE,380.0,366.65,0.2,0.25,0.2,0.25,122.512131,12000,1008000
2026-08-25 12:25:00,ATM+3,CE,380.0,366.7,0.25,0.25,0.15,0.15,111.161848,48000,972000
2026-08-25 12:30:00,ATM+3,CE,380.0,366.35,0.15,0.15,0.15,0.15,115.090467,36000,948000
2026-08-25 12:35:00,ATM+3,CE,380.0,365.8,0.15,0.15,0.15,0.15,0.0,6000,951000
2026-08-25 12:40:00,ATM+3,CE,380.0,365.75,0.15,0.15,0.15,0.15,0.0,0,951000
2026-08-25 12:45:00,ATM+3,CE,380.0,365.5,0.15,0.15,0.1,0.1,0.0,15000,954000
2026-08-25 12:50:00,ATM+3,CE,380.0,365.45,0.1,0.1,0.1,0.1,0.0,0,954000
2026-08-25 12:55:00,ATM+3,CE,380.0,364.8,0.1,0.1,0.1,0.1,0.0,33000,936000
2026-08-25 13:00:00,ATM+3,CE,380.0,364.45,0.1,0.1,0.1,0.1,0.0,81000,921000
2026-08-25 13:05:00,ATM+3,CE,380.0,364.2,0.05,0.1,0.05,0.05,0.0,9000,798000
2026-08-25 13:10:00,ATM+3,CE,380.0,365.0,0.05,0.05,0.05,0.05,0.0,123000,789000
2026-08-25 13:15:00,ATM+3,CE,380.0,365.35,0.05,0.05,0.05,0.05,0.0,0,789000
2026-08-25 13:20:00,ATM+3,CE,380.0,365.1,0.05,0.05,0.05,0.05,0.0,0,786000
2026-08-25 13:25:00,ATM+3,CE,380.0,364.75,0.05,0.05,0.05,0.05,0.0,0,786000
2026-08-25 13:30:00,ATM+3,CE,380.0,364.55,0.05,0.05,0.05,0.05,0.0,27000,768000
2026-08-25 13:35:00,ATM+3,CE,380.0,364.85,0.05,0.05,0.05,0.05,0.0,0,768000
2026-08-25 13:40:00,ATM+3,CE,380.0,364.55,0.05,0.05,0.05,0.05,0.0,0,768000
2026-08-25 13:45:00,ATM+3,CE,380.0,364.5,0.05,0.05,0.05,0.05,0.0,0,768000
2026-08-25 13:50:00,ATM+3,CE,380.0,365.05,0.05,0.05,0.05,0.05,0.0,6000,759000
2026-08-25 13:55:00,ATM+3,CE,380.0,364.5,0.05,0.05,0.05,0.05,0.0,0,759000
2026-08-25 14:00:00,ATM+3,CE,380.0,365.45,0.05,0.05,0.05,0.05,0.0,0,759000
2026-08-25 14:05:00,ATM+3,CE,380.0,364.9,0.05,0.05,0.05,0.05,0.0,0,759000
2026-08-25 14:10:00,ATM+3,CE,380.0,365.05,0.05,0.05,0.05,0.05,0.0,3000,756000
2026-08-25 14:15:00,ATM+3,CE,380.0,365.15,0.05,0.05,0.05,0.05,0.0,0,756000
2026-08-25 14:20:00,ATM+3,CE,380.0,364.95,0.05,0.05,0.05,0.05,0.0,0,756000
2026-08-25 14:25:00,ATM+3,CE,380.0,365.2,0.05,0.05,0.05,0.05,0.0,9000,747000
2026-08-25 14:30:00,ATM+3,CE,380.0,364.9,0.05,0.05,0.05,0.05,0.0,0,747000
2026-08-25 14:35:00,ATM+3,CE,380.0,364.8,0.05,0.05,0.05,0.05,0.0,18000,744000
2026-08-25 14:40:00,ATM+3,CE,380.0,365.45,0.05,0.05,0.05,0.05,0.0,0,744000
2026-08-25 14:45:00,ATM+3,CE,380.0,366.35,0.05,0.1,0.05,0.1,0.0,3000,726000
2026-08-25 14:50:00,ATM+3,CE,380.0,366.7,0.1,0.1,0.1,0.1,0.0,0,726000
2026-08-25 14:55:00,ATM+3,CE,380.0,366.4,0.1,0.1,0.1,0.1,0.0,0,726000
2026-08-25 15:00:00,ATM+3,CE,380.0,366.5,0.05,0.1,0.05,0.1,0.0,15000,720000
2026-08-25 15:05:00,ATM+3,CE,380.0,366.6,0.1,0.1,0.05,0.05,0.0,132000,720000
2026-08-25 15:10:00,ATM+3,CE,380.0,365.55,0.05,0.05,0.05,0.05,0.0,0,720000
2026-08-25 15:15:00,ATM+3,CE,380.0,365.55,0.05,0.05,0.05,0.05,0.0,0,720000
2026-08-25 15:20:00,ATM+3,CE,380.0,365.55,0.05,0.05,0.05,0.05,0.0,0,720000
2026-08-25 15:25:00,ATM+3,CE,380.0,367.45,0.05,0.05,0.05,0.05,0.0,0,720000
2026-08-25 15:30:00,ATM+3,CE,380.0,367.45,0.05,0.05,0.05,0.05,0.0,0,720000
2026-08-25 15:35:00,ATM+3,CE,380.0,367.45,0.05,0.05,0.05,0.05,0.0,0,720000
2026-08-20 09:35:00,ATM+3,PE,360.0,347.5,14.6,14.6,14.6,14.6,41.663141,0,1902000
2026-08-20 09:50:00,ATM+3,PE,360.0,347.35,12.5,12.5,12.5,12.5,21.210852,0,1899000
2026-08-20 10:00:00,ATM+3,PE,360.0,347.45,12.5,12.5,12.5,12.5,22.47221,0,1899000
2026-08-20 10:05:00,ATM+3,PE,360.0,347.35,12.5,12.5,12.5,12.5,21.217149,0,1899000
2026-08-20 10:25:00,ATM+3,PE,360.0,346.5,12.5,12.5,12.5,12.5,0.0,0,1899000
2026-08-20 10:30:00,ATM+3,PE,360.0,347.15,12.5,12.5,12.5,12.5,17.924682,0,1899000
2026-08-20 10:35:00,ATM+3,PE,360.0,347.35,15.45,15.45,12.5,15.45,47.221865,3000,1863000
2026-08-20 10:40:00,ATM+3,PE,360.0,347.5,15.45,15.45,15.45,15.45,48.000235,0,1863000
2026-08-20 10:45:00,ATM+3,PE,360.0,347.45,15.45,15.45,15.45,15.45,47.755513,0,1863000
2026-08-20 10:50:00,ATM+3,PE,360.0,345.95,15.45,15.45,15.0,15.0,35.308895,6000,1866000
2026-08-20 10:55:00,ATM+3,PE,360.0,346.25,15.0,15.0,15.0,15.0,37.423772,0,1866000
2026-08-20 11:00:00,ATM+3,PE,360.0,345.8,15.0,15.0,15.0,15.0,34.197673,0,1866000
2026-08-20 11:05:00,ATM+3,PE,360.0,346.9,15.0,15.0,15.0,15.0,41.507156,0,1866000
2026-08-20 11:10:00,ATM+3,PE,360.0,347.2,15.0,15.0,15.0,15.0,43.226764,0,1866000
2026-08-20 11:15:00,ATM+3,PE,360.0,347.0,15.0,15.0,15.0,15.0,42.110256,0,1866000
2026-08-20 11:20:00,ATM+3,PE,360.0,346.65,15.0,15.0,15.0,15.0,40.045025,0,1866000
2026-08-20 11:25:00,ATM+3,PE,360.0,347.0,15.0,15.0,15.0,15.0,42.134496,0,1866000
2026-08-20 11:30:00,ATM+3,PE,360.0,347.4,15.0,15.0,15.0,15.0,44.371475,0,1866000
2026-08-20 11:35:00,ATM+3,PE,360.0,347.3,15.0,15.0,15.0,15.0,43.841293,0,1866000
2026-08-20 11:40:00,ATM+3,PE,360.0,346.85,15.0,15.0,15.0,15.0,41.296173,0,1866000
2026-08-20 11:45:00,ATM+3,PE,360.0,346.75,15.0,15.0,15.0,15.0,40.710786,0,1866000
2026-08-20 11:50:00,ATM+3,PE,360.0,347.25,15.0,15.0,15.0,15.0,43.604742,0,1866000
2026-08-20 12:00:00,ATM+3,PE,360.0,347.5,15.0,15.0,15.0,15.0,44.986018,0,1866000
2026-08-20 12:05:00,ATM+3,PE,360.0,347.4,15.0,15.0,15.0,15.0,44.462908,0,1866000
2026-08-20 12:10:00,ATM+3,PE,360.0,347.35,15.0,15.0,15.0,15.0,44.204724,0,1866000
2026-08-20 12:15:00,ATM+3,PE,360.0,347.4,15.0,15.0,15.0,15.0,44.481279,0,1866000
2026-08-20 12:20:00,ATM+3,PE,360.0,346.7,15.0,15.0,15.0,15.0,40.488371,0,1866000
2026-08-20 12:25:00,ATM+3,PE,360.0,346.8,15.0,15.0,15.0,15.0,41.104973,0,1866000
2026-08-20 12:30:00,ATM+3,PE,360.0,347.5,15.0,15.0,15.0,15.0,45.066084,0,1866000
2026-08-20 12:35:00,ATM+3,PE,360.0,347.3,15.0,15.0,15.0,15.0,43.996079,3000,1863000
2026-08-20 12:40:00,ATM+3,PE,360.0,347.1,15.0,15.0,15.0,15.0,42.891048,0,1863000
2026-08-20 12:45:00,ATM+3,PE,360.0,347.4,15.0,15.0,15.0,15.0,44.568232,0,1863000
2026-08-20 12:50:00,ATM+3,PE,360.0,347.3,15.0,15.0,15.0,15.0,44.032481,0,1863000
2026-08-20 12:55:00,ATM+3,PE,360.0,347.5,15.0,15.0,15.0,15.0,45.133201,0,1863000
2026-08-20 13:05:00,ATM+3,PE,360.0,347.5,15.0,15.0,15.0,15.0,45.15745,0,1863000
2026-08-20 13:10:00,ATM+3,PE,360.0,347.5,15.0,15.0,15.0,15.0,45.17364,0,1863000
2026-08-20 13:15:00,ATM+3,PE,360.0,347.35,15.0,15.0,15.0,15.0,44.37513,0,1863000
2026-08-20 13:20:00,ATM+3,PE,360.0,346.55,15.0,15.0,15.0,15.0,39.692598,0,1863000
2026-08-20 13:25:00,ATM+3,PE,360.0,346.85,15.0,15.0,15.0,15.0,41.547258,0,1863000
2026-08-20 13:30:00,ATM+3,PE,360.0,347.25,15.0,15.0,15.0,15.0,43.859863,0,1863000
2026-08-20 13:35:00,ATM+3,PE,360.0,346.85,15.0,15.0,15.0,15.0,41.571466,0,1863000
2026-08-20 13:40:00,ATM+3,PE,360.0,347.5,15.0,15.0,15.0,15.0,45.254915,0,1863000
2026-08-20 13:45:00,ATM+3,PE,360.0,347.35,15.0,15.0,15.0,15.0,44.454578,0,1863000
2026-08-20 13:50:00,ATM+3,PE,360.0,347.1,15.0,15.0,15.0,15.0,43.068129,0,1863000
2026-08-20 13:55:00,ATM+3,PE,360.0,347.0,15.0,15.0,15.0,15.0,42.504335,0,1863000
2026-08-20 14:00:00,ATM+3,PE,360.0,347.35,15.0,15.0,15.0,15.0,44.494497,0,1863000
2026-08-20 14:05:00,ATM+3,PE,360.0,347.4,15.0,15.0,15.0,15.0,44.781583,0,1863000
2026-08-20 14:10:00,ATM+3,PE,360.0,347.5,15.0,15.0,15.0,15.0,45.333965,0,1863000
2026-08-20 14:15:00,ATM+3,PE,360.0,347.25,15.0,15.0,15.0,15.0,43.98025,0,1863000
2026-08-20 14:20:00,ATM+3,PE,360.0,347.2,15.0,15.0,15.0,15.0,43.712855,0,1863000
2026-08-20 14:25:00,ATM+3,PE,360.0,347.4,15.0,15.0,15.0,15.0,44.83549,0,1863000
2026-08-20 14:30:00,ATM+3,PE,360.0,347.35,15.0,15.0,15.0,15.0,44.574713,0,1863000
2026-08-20 14:35:00,ATM+3,PE,360.0,347.35,15.0,15.0,15.0,15.0,44.58813,0,1863000
2026-08-20 14:40:00,ATM+3,PE,360.0,347.1,15.0,15.0,15.0,15.0,43.196249,0,1863000
2026-08-20 14:45:00,ATM+3,PE,360.0,347.45,15.0,15.0,15.0,15.0,45.151276,0,1863000
2026-08-20 14:55:00,ATM+3,PE,365.0,348.7,15.0,15.0,15.0,15.0,0.0,3000,930000
2026-08-20 15:00:00,ATM+3,PE,365.0,348.9,15.0,15.0,15.0,15.0,0.0,0,930000
2026-08-20 15:05:00,ATM+3,PE,365.0,349.6,15.0,15.0,15.0,15.0,19.24949,0,930000
2026-08-20 15:10:00,ATM+3,PE,365.0,349.3,15.0,15.0,15.0,15.0,0.0,0,930000
2026-08-20 15:15:00,ATM+3,PE,365.0,349.3,15.0,15.0,15.0,15.0,0.0,0,930000
2026-08-20 15:20:00,ATM+3,PE,365.0,349.3,15.0,15.0,15.0,15.0,0.0,0,930000
2026-08-20 15:25:00,ATM+3,PE,365.0,349.25,15.0,15.0,15.0,15.0,0.0,0,930000
2026-08-20 15:30:00,ATM+3,PE,365.0,349.25,15.0,15.0,15.0,15.0,0.0,0,930000
2026-08-20 15:35:00,ATM+3,PE,365.0,349.25,15.0,15.0,15.0,15.0,0.0,0,930000
2026-08-21 09:15:00,ATM+3,PE,365.0,352.25,10.0,10.0,10.0,10.0,0.0,0,933000
2026-08-21 09:45:00,ATM+3,PE,370.0,356.45,13.5,13.5,13.5,13.5,24.550991,9000,1203000
2026-08-21 09:50:00,ATM+3,PE,370.0,356.05,13.5,14.0,13.5,14.0,26.69175,18000,1200000
2026-08-21 09:55:00,ATM+3,PE,370.0,356.6,14.0,14.0,14.0,14.0,32.616932,0,1200000
2026-08-21 10:00:00,ATM+3,PE,370.0,356.0,14.0,14.0,14.0,14.0,26.015406,0,1200000
2026-08-21 10:05:00,ATM+3,PE,370.0,356.0,14.0,14.0,14.0,14.0,26.021066,0,1200000
2026-08-21 10:10:00,ATM+3,PE,370.0,356.9,14.0,14.0,14.0,14.0,35.196544,0,1200000
2026-08-21 10:15:00,ATM+3,PE,370.0,357.15,14.0,14.0,14.0,14.0,37.130064,0,1200000
2026-08-21 10:20:00,ATM+3,PE,370.0,356.85,14.0,14.0,14.0,14.0,34.815308,0,1200000
2026-08-21 10:25:00,ATM+3,PE,370.0,357.45,19.0,19.0,13.2,13.2,31.738735,0,1191000
2026-08-21 10:30:00,ATM+3,PE,370.0,357.35,13.2,13.2,13.2,13.2,30.86694,0,1191000
2026-08-21 10:35:00,ATM+3,PE,375.0,358.15,13.2,19.0,13.2,19.0,53.189652,0,537000
2026-08-21 10:40:00,ATM+3,PE,375.0,358.2,19.0,19.0,19.0,19.0,53.544134,0,537000
2026-08-21 10:45:00,ATM+3,PE,375.0,358.45,19.0,19.0,19.0,19.0,55.197934,0,537000
2026-08-21 10:50:00,ATM+3,PE,375.0,358.1,19.0,19.0,19.0,19.0,52.909976,0,537000
2026-08-21 10:55:00,ATM+3,PE,375.0,358.15,19.0,19.0,19.0,19.0,53.26783,0,537000
2026-08-21 11:00:00,ATM+3,PE,375.0,357.95,19.0,19.0,19.0,19.0,51.91432,0,537000
2026-08-21 11:05:00,ATM+3,PE,375.0,358.15,19.0,19.0,19.0,19.0,53.307063,0,537000
2026-08-21 11:10:00,ATM+3,PE,375.0,358.15,19.0,19.0,19.0,19.0,53.326727,0,537000
2026-08-21 11:15:00,ATM+3,PE,375.0,358.15,19.0,19.0,19.0,19.0,53.346412,0,537000
2026-08-21 11:20:00,ATM+3,PE,375.0,358.2,19.0,19.0,19.0,19.0,53.702364,0,537000
2026-08-21 11:25:00,ATM+3,PE,375.0,357.75,19.0,19.0,19.0,19.0,50.578682,0,537000
2026-08-21 11:30:00,ATM+3,PE,375.0,357.7,19.0,19.0,19.0,19.0,50.229815,0,537000
2026-08-21 11:35:00,ATM+3,PE,375.0,358.0,19.0,19.0,19.0,19.0,52.396915,0,537000
2026-08-21 11:40:00,ATM+3,PE,370.0,357.0,19.0,19.0,12.5,12.5,0.0,0,1188000
2026-08-21 11:45:00,ATM+3,PE,370.0,357.45,12.5,12.5,12.5,12.5,23.217828,0,1188000
2026-08-21 11:50:00,ATM+3,PE,375.0,357.75,19.0,19.0,19.0,19.0,50.670917,0,537000
2026-08-21 11:55:00,ATM+3,PE,375.0,358.0,19.0,19.0,19.0,19.0,52.474335,0,537000
2026-08-21 12:00:00,ATM+3,PE,375.0,357.75,19.0,19.0,19.0,19.0,50.707982,0,537000
2026-08-21 12:05:00,ATM+3,PE,375.0,357.6,19.0,19.0,19.0,19.0,49.608605,0,537000
2026-08-21 12:10:00,ATM+3,PE,370.0,356.6,19.0,19.0,13.5,13.5,26.770067,0,1164000
2026-08-21 12:15:00,ATM+3,PE,370.0,356.5,14.2,14.2,13.5,14.2,34.155564,3000,1161000
2026-08-21 12:20:00,ATM+3,PE,370.0,356.8,14.2,14.25,14.0,14.0,34.676291,12000,1152000
2026-08-21 12:25:00,ATM+3,PE,370.0,356.65,14.0,14.5,14.0,14.5,38.403099,15000,1134000
2026-08-21 12:30:00,ATM+3,PE,370.0,357.45,14.5,19.0,14.5,14.5,43.937494,0,1134000
2026-08-21 12:35:00,ATM+3,PE,370.0,356.9,14.5,14.5,14.5,14.5,40.270976,0,1134000
2026-08-21 12:40:00,ATM+3,PE,370.0,356.75,14.5,14.5,14.5,14.5,39.195413,0,1134000
2026-08-21 12:45:00,ATM+3,PE,370.0,356.5,14.5,14.5,14.5,14.5,37.285029,0,1134000
2026-08-21 12:50:00,ATM+3,PE,370.0,356.5,14.5,14.5,14.5,14.5,37.297906,0,1134000
2026-08-21 12:55:00,ATM+3,PE,370.0,356.95,14.5,14.5,14.5,14.5,40.683382,0,1134000
2026-08-21 13:00:00,ATM+3,PE,370.0,356.65,14.5,14.5,14.5,14.5,38.49748,0,1134000
2026-08-21 13:05:00,ATM+3,PE,370.0,356.95,14.5,14.5,14.5,14.5,40.712748,0,1134000
2026-08-21 13:10:00,ATM+3,PE,370.0,356.5,14.5,14.5,14.5,14.5,37.349592,0,1134000
2026-08-21 13:15:00,ATM+3,PE,370.0,356.75,14.5,14.5,14.5,14.5,39.292925,0,1134000
2026-08-21 13:20:00,ATM+3,PE,370.0,356.25,14.5,14.5,10.85,10.85,0.0,9000,1128000
2026-08-21 13:25:00,ATM+3,PE,370.0,356.55,10.85,10.85,10.85,10.85,0.0,0,1128000
2026-08-21 13:30:00,ATM+3,PE,370.0,355.45,10.85,10.85,10.85,10.85,0.0,0,1128000
2026-08-21 13:35:00,ATM+3,PE,370.0,356.5,10.85,10.85,10.85,10.85,0.0,0,1128000
2026-08-21 13:40:00,ATM+3,PE,370.0,356.1,10.85,10.85,10.85,10.85,0.0,0,1128000
2026-08-21 13:45:00,ATM+3,PE,370.0,355.95,10.85,10.85,10.85,10.85,0.0,0,1128000
2026-08-21 13:50:00,ATM+3,PE,370.0,356.25,10.85,10.85,10.85,10.85,0.0,0,1128000
2026-08-21 13:55:00,ATM+3,PE,370.0,356.1,10.85,10.85,10.85,10.85,0.0,0,1128000
2026-08-21 14:00:00,ATM+3,PE,370.0,356.0,10.85,10.85,10.85,10.85,0.0,0,1128000
2026-08-21 14:05:00,ATM+3,PE,370.0,355.65,10.85,10.85,10.85,10.85,0.0,0,1128000
2026-08-21 14:10:00,ATM+3,PE,370.0,356.0,10.85,10.85,10.85,10.85,0.0,0,1128000
2026-08-21 14:15:00,ATM+3,PE,370.0,356.55,10.85,14.0,10.85,14.0,32.691855,6000,1125000
2026-08-21 14:20:00,ATM+3,PE,370.0,356.6,14.0,14.0,14.0,14.0,33.174631,0,1125000
2026-08-21 14:25:00,ATM+3,PE,370.0,356.4,14.0,14.0,14.0,14.0,31.217426,0,1125000
2026-08-21 14:30:00,ATM+3,PE,370.0,356.6,14.0,14.0,14.0,14.0,33.196463,0,1125000
2026-08-21 14:35:00,ATM+3,PE,370.0,356.8,14.0,14.0,14.0,14.0,34.99412,0,1125000
2026-08-21 14:40:00,ATM+3,PE,370.0,356.7,14.0,14.0,14.0,14.0,34.131783,0,1125000
2026-08-21 14:45:00,ATM+3,PE,370.0,356.8,14.0,14.0,14.0,14.0,35.018124,0,1125000
2026-08-21 14:50:00,ATM+3,PE,370.0,356.6,14.0,14.0,14.0,14.0,33.240313,0,1125000
2026-08-21 14:55:00,ATM+3,PE,370.0,355.9,14.0,14.0,14.0,14.0,24.750572,0,1125000
2026-08-21 15:00:00,ATM+3,PE,370.0,355.7,14.0,14.0,14.0,14.0,20.188874,0,1125000
2026-08-21 15:05:00,ATM+3,PE,370.0,355.4,14.0,14.0,14.0,14.0,0.0,0,1125000
2026-08-21 15:10:00,ATM+3,PE,370.0,357.45,14.0,14.0,14.0,14.0,40.099309,0,1125000
2026-08-21 15:15:00,ATM+3,PE,370.0,357.45,14.0,14.0,14.0,14.0,40.114142,0,1125000
2026-08-21 15:20:00,ATM+3,PE,370.0,357.45,14.0,14.0,14.0,14.0,40.128987,0,1125000
2026-08-21 15:25:00,ATM+3,PE,370.0,357.5,14.0,14.0,14.0,14.0,40.493866,0,1125000
2026-08-21 15:30:00,ATM+3,PE,370.0,357.5,14.0,14.0,14.0,14.0,40.508936,0,1125000
2026-08-21 15:35:00,ATM+3,PE,370.0,357.5,14.0,14.0,14.0,14.0,40.524027,0,1125000
2026-08-24 09:45:00,ATM+3,PE,380.0,364.6,19.3,19.3,19.3,19.3,113.537829,0,246000
2026-08-24 09:50:00,ATM+3,PE,380.0,365.8,19.3,19.3,19.3,19.3,125.135569,0,246000
2026-08-24 09:55:00,ATM+3,PE,380.0,367.2,19.3,19.3,19.3,19.3,137.315276,0,246000
2026-08-24 10:00:00,ATM+3,PE,380.0,366.9,19.3,19.3,19.3,19.3,135.054893,0,246000
2026-08-24 10:05:00,ATM+3,PE,380.0,364.7,19.3,19.3,19.3,19.3,115.171547,0,243000
2026-08-24 10:10:00,ATM+3,PE,380.0,366.85,19.3,19.3,19.3,19.3,135.009968,0,246000
2026-08-24 10:15:00,ATM+3,PE,380.0,367.05,19.3,19.3,14.0,14.0,61.391591,9000,246000
2026-08-24 10:20:00,ATM+3,PE,380.0,366.25,14.0,14.0,14.0,14.0,45.75914,0,246000
2026-08-24 10:25:00,ATM+3,PE,380.0,365.45,14.0,14.0,14.0,14.0,0.0,0,246000
2026-08-24 10:30:00,ATM+3,PE,380.0,366.2,14.5,14.5,14.0,14.5,57.265143,3000,246000
2026-08-24 10:35:00,ATM+3,PE,380.0,365.85,14.5,14.5,14.5,14.5,49.871722,0,246000
2026-08-24 10:40:00,ATM+3,PE,380.0,365.65,14.5,14.5,14.5,14.5,44.194833,0,246000
2026-08-24 10:45:00,ATM+3,PE,380.0,365.0,14.5,14.5,14.5,14.5,0.0,0,246000
2026-08-24 10:50:00,ATM+3,PE,380.0,364.25,14.5,14.5,14.5,14.5,0.0,0,246000
2026-08-24 10:55:00,ATM+3,PE,380.0,365.15,14.5,14.5,14.5,14.5,0.0,0,246000
2026-08-24 11:00:00,ATM+3,PE,380.0,364.2,14.5,14.5,14.5,14.5,0.0,0,246000
2026-08-24 11:05:00,ATM+3,PE,380.0,364.85,14.5,14.5,14.5,14.5,0.0,0,246000
2026-08-24 11:10:00,ATM+3,PE,380.0,364.95,14.5,14.5,14.5,14.5,0.0,0,246000
2026-08-24 11:15:00,ATM+3,PE,380.0,364.8,14.5,14.5,14.5,14.5,0.0,0,246000
2026-08-24 11:20:00,ATM+3,PE,380.0,364.95,14.5,14.5,14.5,14.5,0.0,0,246000
2026-08-24 11:25:00,ATM+3,PE,380.0,364.95,14.5,14.5,14.5,14.5,0.0,0,246000
2026-08-24 11:30:00,ATM+3,PE,380.0,364.1,14.5,14.5,14.5,14.5,0.0,0,246000
2026-08-24 11:35:00,ATM+3,PE,380.0,365.2,14.5,14.5,14.5,14.5,0.0,0,246000
2026-08-24 11:40:00,ATM+3,PE,380.0,365.45,14.5,14.5,14.5,14.5,35.123029,0,246000
2026-08-24 11:45:00,ATM+3,PE,380.0,365.5,14.5,14.85,14.5,14.85,51.733596,3000,243000
2026-08-24 11:50:00,ATM+3,PE,380.0,365.4,14.85,14.85,14.85,14.85,49.036137,0,243000
2026-08-24 11:55:00,ATM+3,PE,380.0,365.65,14.85,14.85,14.85,14.85,55.485385,0,243000
2026-08-24 12:00:00,ATM+3,PE,380.0,366.05,14.85,14.85,14.85,14.85,63.419284,0,243000
2026-08-24 12:05:00,ATM+3,PE,380.0,366.2,14.4,14.85,14.4,14.4,56.469507,6000,243000
2026-08-24 12:10:00,ATM+3,PE,380.0,366.2,14.4,14.4,14.4,14.4,56.54777,0,243000
2026-08-24 12:15:00,ATM+3,PE,380.0,366.15,14.4,14.4,14.4,14.4,55.577727,0,243000
2026-08-24 12:20:00,ATM+3,PE,380.0,366.4,14.4,14.4,14.4,14.4,60.574748,0,243000
2026-08-24 12:25:00,ATM+3,PE,380.0,366.1,14.4,14.4,14.4,14.4,54.638402,0,243000
2026-08-24 12:30:00,ATM+3,PE,380.0,366.35,14.4,14.4,14.4,14.4,59.82038,0,243000
2026-08-24 12:35:00,ATM+3,PE,380.0,366.25,14.4,14.4,14.1,14.1,50.346943,3000,249000
2026-08-24 12:40:00,ATM+3,PE,380.0,366.6,14.1,14.1,14.1,14.1,58.110724,0,249000
2026-08-24 12:45:00,ATM+3,PE,380.0,366.8,14.1,14.1,14.1,14.1,61.837041,0,249000
2026-08-24 12:50:00,ATM+3,PE,380.0,366.9,14.1,14.1,14.1,14.1,63.618561,0,249000
2026-08-24 12:55:00,ATM+3,PE,380.0,366.8,14.1,14.1,14.1,14.1,62.017335,0,249000
2026-08-24 13:00:00,ATM+3,PE,380.0,366.45,14.1,14.1,14.1,14.1,55.39051,0,249000
2026-08-24 13:05:00,ATM+3,PE,380.0,366.8,14.1,14.1,14.1,14.1,62.199365,0,249000
2026-08-24 13:10:00,ATM+3,PE,380.0,366.55,14.1,14.1,14.1,14.1,57.628121,0,249000
2026-08-24 13:15:00,ATM+3,PE,380.0,366.95,14.1,14.1,14.1,14.1,64.914726,0,249000
2026-08-24 13:20:00,ATM+3,PE,380.0,366.3,14.1,14.1,14.1,14.1,52.246834,0,249000
2026-08-24 13:25:00,ATM+3,PE,380.0,366.05,14.1,14.1,14.1,14.1,44.997722,0,249000
2026-08-24 13:30:00,ATM+3,PE,380.0,366.25,14.1,14.1,14.1,14.1,51.119385,0,249000
2026-08-24 13:35:00,ATM+3,PE,380.0,366.2,14.1,14.1,14.1,14.1,49.836462,0,249000
2026-08-24 13:40:00,ATM+3,PE,380.0,366.4,14.1,14.1,14.1,14.1,54.922595,0,249000
2026-08-24 13:45:00,ATM+3,PE,380.0,366.35,14.1,14.1,14.1,14.1,53.839874,0,249000
2026-08-24 13:50:00,ATM+3,PE,380.0,366.1,14.1,14.1,14.1,14.1,47.016902,0,249000
2026-08-24 13:55:00,ATM+3,PE,380.0,366.05,14.1,14.1,14.1,14.1,45.355083,0,249000
2026-08-24 14:00:00,ATM+3,PE,380.0,366.1,14.1,14.1,14.1,14.1,47.145911,0,249000
2026-08-24 14:05:00,ATM+3,PE,380.0,366.3,14.1,14.1,14.1,14.1,52.927361,0,249000
2026-08-24 14:10:00,ATM+3,PE,380.0,366.2,14.1,14.1,14.1,14.1,50.333102,0,249000
2026-08-24 14:15:00,ATM+3,PE,380.0,367.2,14.1,14.1,14.1,14.1,70.086331,0,249000
2026-08-24 14:20:00,ATM+3,PE,380.0,366.55,14.1,14.1,14.1,14.1,58.839603,0,249000
2026-08-24 14:25:00,ATM+3,PE,380.0,367.1,14.1,14.1,14.1,14.1,68.754785,0,249000
2026-08-24 14:30:00,ATM+3,PE,380.0,367.2,14.1,14.1,14.1,14.1,70.417968,0,249000
2026-08-24 14:35:00,ATM+3,PE,380.0,367.15,14.1,14.1,14.1,14.1,69.757574,0,249000
2026-08-24 14:40:00,ATM+3,PE,380.0,367.05,14.1,14.1,14.1,14.1,68.280054,0,249000
2026-08-24 14:45:00,ATM+3,PE,380.0,366.9,14.1,14.1,14.1,14.1,65.883618,0,249000
2026-08-24 14:50:00,ATM+3,PE,380.0,366.85,14.1,14.1,14.1,14.1,65.115555,0,249000
2026-08-24 14:55:00,ATM+3,PE,380.0,366.75,14.1,14.1,14.1,14.1,63.407705,0,249000
2026-08-24 15:00:00,ATM+3,PE,380.0,365.75,14.1,14.1,14.1,14.1,0.0,0,249000
2026-08-24 15:05:00,ATM+3,PE,380.0,364.75,14.1,14.1,14.1,14.1,0.0,0,249000
2026-08-24 15:10:00,ATM+3,PE,380.0,365.4,14.1,14.1,14.1,14.1,103.30825,0,249000
2026-08-24 15:15:00,ATM+3,PE,380.0,365.4,14.1,14.1,14.1,14.1,103.518198,0,249000
2026-08-24 15:20:00,ATM+3,PE,380.0,365.4,14.1,14.15,14.1,14.15,0.0,9000,249000
2026-08-24 15:25:00,ATM+3,PE,380.0,365.05,14.15,14.15,14.15,14.15,0.0,0,249000
2026-08-24 15:30:00,ATM+3,PE,380.0,365.05,14.15,14.2,14.15,14.2,0.0,3000,249000
2026-08-24 15:35:00,ATM+3,PE,380.0,365.05,14.2,14.2,14.2,14.2,0.0,0,249000
2026-08-25 09:50:00,ATM+3,PE,380.0,367.3,11.75,11.75,11.75,11.75,0.0,0,246000
2026-08-25 10:05:00,ATM+3,PE,380.0,367.4,11.75,11.75,11.75,11.75,0.0,0,240000
2026-08-25 10:10:00,ATM+3,PE,380.0,366.65,11.75,11.75,11.75,11.75,0.0,0,240000
2026-08-25 10:15:00,ATM+3,PE,380.0,366.85,11.75,11.75,11.75,11.75,0.0,0,240000
2026-08-25 10:20:00,ATM+3,PE,380.0,367.25,11.75,11.75,11.75,11.75,0.0,0,240000
2026-08-25 10:25:00,ATM+3,PE,380.0,367.5,11.75,11.75,11.75,11.75,0.0,0,240000
2026-08-25 11:35:00,ATM+3,PE,380.0,367.3,11.75,11.75,11.75,11.75,0.0,0,240000
2026-08-25 11:40:00,ATM+3,PE,380.0,366.6,11.75,11.75,11.75,11.75,0.0,0,240000
2026-08-25 11:45:00,ATM+3,PE,380.0,367.2,11.75,11.75,11.75,11.75,0.0,0,240000
2026-08-25 11:50:00,ATM+3,PE,380.0,366.2,11.75,11.75,11.75,11.75,0.0,0,240000
2026-08-25 11:55:00,ATM+3,PE,380.0,366.65,11.75,11.75,11.75,11.75,0.0,0,240000
2026-08-25 12:00:00,ATM+3,PE,380.0,366.25,11.75,11.75,11.75,11.75,0.0,0,240000
2026-08-25 12:05:00,ATM+3,PE,380.0,366.05,11.75,11.75,11.75,11.75,0.0,0,240000
2026-08-25 12:10:00,ATM+3,PE,380.0,367.0,11.75,11.75,11.75,11.75,0.0,0,240000
2026-08-25 12:15:00,ATM+3,PE,380.0,367.0,11.75,11.75,11.75,11.75,0.0,0,240000
2026-08-25 12:20:00,ATM+3,PE,380.0,366.65,11.75,11.75,11.75,11.75,0.0,0,240000
2026-08-25 12:25:00,ATM+3,PE,380.0,366.7,11.75,11.75,11.75,11.75,0.0,0,240000
2026-08-25 12:30:00,ATM+3,PE,380.0,366.35,11.75,11.75,11.75,11.75,0.0,0,240000
2026-08-25 12:35:00,ATM+3,PE,380.0,365.8,11.75,11.75,11.75,11.75,0.0,0,240000
2026-08-25 12:40:00,ATM+3,PE,380.0,365.75,11.75,11.75,11.75,11.75,0.0,0,240000
2026-08-25 12:45:00,ATM+3,PE,380.0,365.5,11.75,11.75,11.75,11.75,0.0,0,240000
2026-08-25 12:50:00,ATM+3,PE,380.0,365.45,11.75,11.75,11.75,11.75,0.0,0,240000
2026-08-25 12:55:00,ATM+3,PE,380.0,364.8,11.75,11.75,11.75,11.75,0.0,0,240000
2026-08-25 13:00:00,ATM+3,PE,380.0,364.45,11.75,11.75,11.75,11.75,0.0,0,240000
2026-08-25 13:05:00,ATM+3,PE,380.0,364.2,11.75,11.75,11.75,11.75,0.0,0,240000
2026-08-25 13:10:00,ATM+3,PE,380.0,365.0,11.75,11.75,11.75,11.75,0.0,0,240000
2026-08-25 13:15:00,ATM+3,PE,380.0,365.35,11.75,11.75,11.75,11.75,0.0,0,240000
2026-08-25 13:20:00,ATM+3,PE,380.0,365.1,11.75,11.75,11.75,11.75,0.0,0,240000
2026-08-25 13:25:00,ATM+3,PE,380.0,364.75,11.75,11.75,11.75,11.75,0.0,0,240000
2026-08-25 13:30:00,ATM+3,PE,380.0,364.55,11.75,11.75,11.75,11.75,0.0,0,240000
2026-08-25 13:35:00,ATM+3,PE,380.0,364.85,11.75,11.75,11.75,11.75,0.0,0,240000
2026-08-25 13:40:00,ATM+3,PE,380.0,364.55,11.75,11.75,11.75,11.75,0.0,0,234000
2026-08-25 13:45:00,ATM+3,PE,380.0,364.5,11.75,11.75,11.75,11.75,0.0,0,234000
2026-08-25 13:50:00,ATM+3,PE,380.0,365.05,11.75,11.75,11.75,11.75,0.0,0,234000
2026-08-25 13:55:00,ATM+3,PE,380.0,364.5,11.75,11.75,11.75,11.75,0.0,0,234000
2026-08-25 14:00:00,ATM+3,PE,380.0,365.45,15.5,15.5,11.75,15.5,0.0,6000,231000
2026-08-25 14:05:00,ATM+3,PE,380.0,364.9,15.5,15.5,15.5,15.5,0.0,0,231000
2026-08-25 14:10:00,ATM+3,PE,380.0,365.05,15.5,15.5,15.5,15.5,0.0,0,231000
2026-08-25 14:15:00,ATM+3,PE,380.0,365.15,15.5,15.5,15.5,15.5,0.0,0,231000
2026-08-25 14:20:00,ATM+3,PE,380.0,364.95,15.5,15.5,15.5,15.5,0.0,0,231000
2026-08-25 14:25:00,ATM+3,PE,380.0,365.2,15.5,15.5,15.5,15.5,0.0,0,231000
2026-08-25 14:30:00,ATM+3,PE,380.0,364.9,15.5,15.5,15.5,15.5,0.0,0,231000
2026-08-25 14:35:00,ATM+3,PE,380.0,364.8,15.5,15.5,15.5,15.5,0.0,0,231000
2026-08-25 14:40:00,ATM+3,PE,380.0,365.45,15.5,15.5,15.5,15.5,0.0,0,231000
2026-08-25 14:45:00,ATM+3,PE,380.0,366.35,15.5,15.5,15.5,15.5,0.0,0,231000
2026-08-25 14:50:00,ATM+3,PE,380.0,366.7,15.5,15.5,15.5,15.5,0.0,0,231000
2026-08-25 14:55:00,ATM+3,PE,380.0,366.4,15.5,15.5,15.5,15.5,0.0,0,231000
2026-08-25 15:00:00,ATM+3,PE,380.0,366.5,15.5,15.5,15.5,15.5,0.0,0,231000
2026-08-25 15:05:00,ATM+3,PE,380.0,366.6,15.5,15.5,15.5,15.5,0.0,0,231000
2026-08-25 15:10:00,ATM+3,PE,380.0,365.55,15.5,15.5,15.5,15.5,0.0,0,231000
2026-08-25 15:15:00,ATM+3,PE,380.0,365.55,15.5,15.5,15.5,15.5,0.0,0,231000
2026-08-25 15:20:00,ATM+3,PE,380.0,365.55,15.5,15.5,15.5,15.5,0.0,0,231000
2026-08-25 15:25:00,ATM+3,PE,380.0,367.45,15.5,15.5,15.5,15.5,0.0,0,231000
2026-08-25 15:30:00,ATM+3,PE,380.0,367.45,15.5,15.5,15.5,15.5,0.0,0,231000
2026-08-25 15:35:00,ATM+3,PE,380.0,367.45,15.5,15.5,15.5,15.5,0.0,0,231000
