ts,offset,side,strike,spot,open,high,low,close,iv,volume,oi
2026-08-20 09:15:00,ATM-3,CE,1020.0,1048.0,30.5,31.15,29.3,29.3,0.0,9750,1726500
2026-08-20 09:20:00,ATM-3,CE,1020.0,1048.1,29.3,29.5,28.5,29.5,0.0,18000,1727250
2026-08-20 09:25:00,ATM-3,CE,1020.0,1050.1,29.85,31.7,29.5,31.55,0.0,13500,1725750
2026-08-20 09:30:00,ATM-3,CE,1020.0,1049.8,31.5,31.55,31.1,31.1,0.0,5250,1726500
2026-08-20 09:35:00,ATM-3,CE,1020.0,1049.0,31.3,31.3,30.7,30.7,13.573552,7500,1725750
2026-08-20 09:40:00,ATM-3,CE,1020.0,1050.2,30.3,31.15,30.0,31.15,0.0,14250,1722750
2026-08-20 09:45:00,ATM-3,CE,1020.0,1049.8,31.15,31.15,30.3,30.6,0.0,3750,1719750
2026-08-20 09:50:00,ATM-3,CE,1020.0,1050.6,30.6,30.6,30.6,30.6,0.0,0,1719000
2026-08-20 09:55:00,ATM-3,CE,1020.0,1050.0,30.6,31.7,30.6,31.0,0.0,18000,1710750
2026-08-20 10:00:00,ATM-3,CE,1020.0,1049.4,31.0,31.0,30.5,30.5,0.0,7500,1705500
2026-08-20 10:05:00,ATM-3,CE,1020.0,1049.6,30.5,30.6,30.35,30.6,0.0,12750,1698750
2026-08-20 10:10:00,ATM-3,CE,1020.0,1049.8,30.6,30.6,30.5,30.6,0.0,5250,1696500
2026-08-20 10:15:00,ATM-3,CE,1020.0,1049.3,30.65,30.65,30.6,30.65,0.0,3000,1696500
2026-08-20 10:20:00,ATM-3,CE,1020.0,1048.3,30.65,30.65,29.45,29.8,10.33114,5250,1695000
2026-08-20 10:25:00,ATM-3,CE,1020.0,1048.2,29.8,29.8,29.5,29.5,0.0,10500,1694250
2026-08-20 10:30:00,ATM-3,CE,1020.0,1048.4,29.5,29.75,29.5,29.75,0.0,750,1694250
2026-08-20 10:35:00,ATM-3,CE,1020.0,1048.5,30.2,30.2,29.75,30.2,13.561568,3000,1694250
2026-08-20 10:40:00,ATM-3,CE,1020.0,1049.9,30.05,31.1,30.05,31.1,0.0,13500,1692750
2026-08-20 10:45:00,ATM-3,CE,1020.0,1051.2,31.0,32.2,31.0,32.2,0.0,3000,1691250
2026-08-20 10:50:00,ATM-3,CE,1020.0,1050.4,32.2,32.2,32.0,32.0,13.094761,2250,1691250
2026-08-20 10:55:00,ATM-3,CE,1020.0,1050.8,32.0,32.0,32.0,32.0,0.0,0,1691250
2026-08-20 11:00:00,ATM-3,CE,1020.0,1050.8,32.0,32.0,32.0,32.0,0.0,0,1691250
2026-08-20 11:05:00,ATM-3,CE,1020.0,1049.8,32.0,32.0,32.0,32.0,17.734881,0,1691250
2026-08-20 11:10:00,ATM-3,CE,1020.0,1049.4,32.0,32.0,31.15,31.15,14.46568,2250,1690500
2026-08-20 11:15:00,ATM-3,CE,1020.0,1048.0,31.15,31.15,29.75,29.75,13.954544,750,1689750
2026-08-20 11:20:00,ATM-3,CE,1020.0,1047.6,29.95,29.95,29.4,29.45,14.625164,9000,1689000
2026-08-20 11:25:00,ATM-3,CE,1020.0,1047.5,29.3,29.45,29.0,29.0,10.480301,3000,1689000
2026-08-20 11:30:00,ATM-3,CE,1020.0,1048.0,29.0,30.5,29.0,30.5,18.537282,2250,1689750
2026-08-20 11:35:00,ATM-3,CE,1020.0,1048.0,30.5,30.5,30.05,30.05,16.165748,750,1689000
2026-08-20 11:40:00,ATM-3,CE,1020.0,1047.9,30.05,30.05,30.05,30.05,16.72185,0,1689000
2026-08-20 11:45:00,ATM-3,CE,1020.0,1048.0,30.05,30.75,30.05,30.75,19.687056,8250,1684500
2026-08-20 11:50:00,ATM-3,CE,1020.0,1046.8,30.75,30.75,30.75,30.75,23.533814,0,1683750
2026-08-20 11:55:00,ATM-3,CE,1020.0,1047.0,30.75,30.75,29.2,29.5,18.134034,3000,1683000
2026-08-20 12:00:00,ATM-3,CE,1020.0,1046.9,29.5,29.5,29.5,29.5,18.551006,0,1683000
2026-08-20 12:05:00,ATM-3,CE,1020.0,1047.0,29.5,29.5,29.5,29.5,18.154312,0,1683000
2026-08-20 12:10:00,ATM-3,CE,1020.0,1047.8,29.5,31.0,29.5,31.0,21.449451,750,1681500
2026-08-20 12:15:00,ATM-3,CE,1020.0,1047.8,30.8,31.0,30.8,30.8,20.683728,750,1681500
2026-08-20 12:20:00,ATM-3,CE,1020.0,1046.9,30.65,30.8,30.15,30.15,21.209758,6750,1679250
2026-08-20 12:25:00,ATM-3,CE,1020.0,1047.5,30.15,30.15,30.15,30.15,19.101696,0,1679250
2026-08-20 12:30:00,ATM-3,CE,1020.0,1047.0,30.15,30.15,30.15,30.15,20.904874,1500,1677750
2026-08-20 12:35:00,ATM-3,CE,1020.0,1047.6,30.15,30.15,30.15,30.15,18.720455,750,1678500
2026-08-20 12:40:00,ATM-3,CE,1020.0,1047.0,30.8,30.8,30.15,30.8,23.244916,1500,1678500
2026-08-20 12:45:00,ATM-3,CE,1020.0,1048.9,30.8,32.1,30.8,32.1,22.066266,3000,1675500
2026-08-20 12:50:00,ATM-3,CE,1020.0,1048.7,32.2,32.9,32.1,32.15,22.913614,5250,1674000
2026-08-20 12:55:00,ATM-3,CE,1020.0,1049.9,32.15,32.85,31.85,32.85,21.575609,10500,1671750
2026-08-20 13:00:00,ATM-3,CE,1020.0,1049.4,32.85,32.85,32.2,32.2,20.716941,18000,1671750
2026-08-20 13:05:00,ATM-3,CE,1020.0,1049.0,32.2,32.2,32.2,32.2,22.158511,750,1671750
2026-08-20 13:10:00,ATM-3,CE,1020.0,1049.7,32.2,32.2,32.2,32.2,19.517282,0,1671750
2026-08-20 13:15:00,ATM-3,CE,1020.0,1049.5,32.2,32.2,32.2,32.2,20.35917,0,1671750
2026-08-20 13:20:00,ATM-3,CE,1020.0,1049.7,32.2,32.7,32.2,32.7,21.739551,1500,1670250
2026-08-20 13:25:00,ATM-3,CE,1020.0,1050.0,32.6,32.7,32.05,32.05,17.243534,3000,1669500
2026-08-20 13:30:00,ATM-3,CE,1020.0,1050.2,32.05,32.7,32.05,32.7,19.786695,1500,1668750
2026-08-20 13:35:00,ATM-3,CE,1020.0,1049.4,32.7,32.8,32.05,32.05,20.131938,3000,1668000
2026-08-20 13:40:00,ATM-3,CE,1020.0,1049.7,32.05,32.4,31.85,31.85,17.75119,6750,1667250
2026-08-20 13:45:00,ATM-3,CE,1020.0,1050.3,31.85,32.95,31.85,32.95,20.569775,3000,1668750
2026-08-20 13:50:00,ATM-3,CE,1020.0,1050.0,32.95,32.95,32.5,32.5,19.740196,3000,1667250
2026-08-20 13:55:00,ATM-3,CE,1020.0,1049.8,32.5,32.5,32.4,32.4,20.131648,1500,1665750
2026-08-20 14:00:00,ATM-3,CE,1020.0,1049.4,32.4,32.4,31.8,31.8,19.001424,1500,1664250
2026-08-20 14:05:00,ATM-3,CE,1020.0,1048.5,31.8,31.8,30.4,30.6,17.00494,7500,1662750
2026-08-20 14:10:00,ATM-3,CE,1020.0,1048.1,30.8,30.8,30.45,30.45,18.190175,3000,1661250
2026-08-20 14:15:00,ATM-3,CE,1020.0,1048.2,30.45,30.55,30.15,30.55,18.245673,27000,1654500
2026-08-20 14:20:00,ATM-3,CE,1020.0,1048.3,30.45,30.55,30.45,30.45,17.239178,1500,1651500
2026-08-20 14:25:00,ATM-3,CE,1020.0,1048.2,30.45,30.5,30.45,30.5,18.012845,750,1650000
2026-08-20 14:30:00,ATM-3,CE,1020.0,1047.9,30.5,30.85,30.15,30.15,17.630224,11250,1650000
2026-08-20 14:35:00,ATM-3,CE,1020.0,1048.3,30.15,30.45,30.0,30.1,14.98769,10500,1640250
2026-08-20 14:40:00,ATM-3,CE,1020.0,1048.7,30.1,31.35,30.1,31.35,19.945657,7500,1639500
2026-08-20 14:45:00,ATM-3,CE,1020.0,1048.4,31.35,31.4,30.9,31.4,21.29229,3000,1632750
2026-08-20 14:50:00,ATM-3,CE,1020.0,1048.9,30.55,31.4,30.55,30.7,15.261289,1500,1632750
2026-08-20 14:55:00,ATM-3,CE,1020.0,1049.7,31.05,31.05,30.7,30.9,0.0,2250,1631250
2026-08-20 15:00:00,ATM-3,CE,1020.0,1048.4,30.55,30.9,30.25,30.25,15.466115,7500,1629000
2026-08-20 15:05:00,ATM-3,CE,1020.0,1048.1,30.4,30.4,30.1,30.1,16.365215,2250,1627500
2026-08-20 15:10:00,ATM-3,CE,1020.0,1047.5,30.1,30.1,29.4,29.4,15.476182,3000,1625250
2026-08-20 15:15:00,ATM-3,CE,1020.0,1047.5,30.0,30.0,29.4,29.85,18.057865,5250,1624500
2026-08-20 15:20:00,ATM-3,CE,1020.0,1047.5,29.85,29.85,28.85,29.15,13.485896,8250,1623750
2026-08-20 15:25:00,ATM-3,CE,1020.0,1048.0,28.7,29.25,28.45,28.95,0.0,7500,1621500
2026-08-20 15:30:00,ATM-3,CE,1020.0,1048.0,28.95,28.95,28.95,28.95,0.0,0,1621500
2026-08-20 15:35:00,ATM-3,CE,1020.0,1048.0,28.95,28.95,28.2,28.3,0.0,5250,1620750
2026-08-21 09:15:00,ATM-3,CE,1020.0,1050.2,29.3,29.3,28.95,28.95,0.0,1500,1620750
2026-08-21 09:20:00,ATM-3,CE,1020.0,1049.7,29.35,29.7,28.95,29.6,0.0,8250,1623750
2026-08-21 09:25:00,ATM-3,CE,1020.0,1050.5,29.35,29.75,29.2,29.5,0.0,6750,1624500
2026-08-21 09:30:00,ATM-3,CE,1020.0,1049.2,30.2,30.2,29.5,30.2,0.0,3000,1623750
2026-08-21 09:35:00,ATM-3,CE,1020.0,1050.5,30.2,30.2,30.2,30.2,0.0,0,1623750
2026-08-21 09:40:00,ATM-3,CE,1020.0,1052.2,30.2,31.65,30.2,31.65,0.0,13500,1620750
2026-08-21 09:45:00,ATM-3,CE,1020.0,1054.0,31.65,32.8,31.65,32.8,0.0,6000,1623000
2026-08-21 09:50:00,ATM-3,CE,1020.0,1053.3,33.1,33.5,32.8,33.5,0.0,9000,1617750
2026-08-21 09:55:00,ATM-3,CE,1020.0,1052.0,31.8,33.5,31.0,31.0,0.0,3750,1617750
2026-08-21 10:00:00,ATM-3,CE,1020.0,1051.3,31.0,31.0,30.9,30.9,0.0,750,1617000
2026-08-21 10:05:00,ATM-3,CE,1020.0,1050.0,30.2,30.9,29.4,29.4,0.0,6750,1617750
2026-08-21 10:10:00,ATM-3,CE,1020.0,1051.3,29.4,30.45,29.4,30.45,0.0,1500,1616250
2026-08-21 10:15:00,ATM-3,CE,1020.0,1050.4,30.35,30.45,30.35,30.35,0.0,1500,1617000
2026-08-21 10:20:00,ATM-3,CE,1020.0,1050.7,30.35,30.35,30.0,30.0,0.0,1500,1617000
2026-08-21 10:25:00,ATM-3,CE,1020.0,1050.1,29.7,30.0,29.7,29.7,0.0,2250,1605000
2026-08-21 10:30:00,ATM-3,CE,1020.0,1049.7,29.5,29.7,29.25,29.25,0.0,20250,1604250
2026-08-21 10:35:00,ATM-3,CE,1020.0,1049.3,29.25,29.25,28.65,28.65,0.0,4500,1603500
2026-08-21 10:40:00,ATM-3,CE,1020.0,1049.4,28.65,29.65,28.65,29.65,0.0,1500,1603500
2026-08-21 10:45:00,ATM-3,CE,1020.0,1049.4,29.35,29.65,29.0,29.0,0.0,4500,1600500
2026-08-21 10:50:00,ATM-3,CE,1020.0,1050.3,29.0,30.45,28.85,30.25,0.0,17250,1599000
2026-08-21 10:55:00,ATM-3,CE,1020.0,1049.8,29.9,30.25,29.9,29.9,0.0,3750,1597500
2026-08-21 11:00:00,ATM-3,CE,1020.0,1049.0,29.95,29.95,29.55,29.55,0.0,6000,1594500
2026-08-21 11:05:00,ATM-3,CE,1020.0,1048.5,28.6,29.55,28.1,28.95,0.0,11250,1592250
2026-08-21 11:10:00,ATM-3,CE,1020.0,1049.1,28.95,28.95,28.95,28.95,0.0,0,1592250
2026-08-21 11:15:00,ATM-3,CE,1020.0,1049.5,28.95,28.95,28.85,28.85,0.0,1500,1591500
2026-08-21 11:20:00,ATM-3,CE,1020.0,1050.2,28.85,30.2,28.85,30.2,0.0,57000,1545750
2026-08-21 11:25:00,ATM-3,CE,1020.0,1050.1,30.1,30.2,30.1,30.1,0.0,69750,1497000
2026-08-21 11:30:00,ATM-3,CE,1020.0,1049.6,30.25,30.3,30.1,30.3,0.0,21000,1467750
2026-08-21 11:35:00,ATM-3,CE,1020.0,1049.4,29.55,30.3,29.25,29.75,0.0,90750,1443750
2026-08-21 11:40:00,ATM-3,CE,1020.0,1048.9,29.1,29.75,29.1,29.1,0.0,750,1432500
2026-08-21 11:45:00,ATM-3,CE,1020.0,1048.7,29.1,29.1,29.1,29.1,0.0,0,1432500
2026-08-21 11:50:00,ATM-3,CE,1020.0,1048.6,28.45,29.1,28.45,28.7,0.0,17250,1427250
2026-08-21 11:55:00,ATM-3,CE,1020.0,1046.8,28.7,28.7,27.4,27.4,0.0,2250,1426500
2026-08-21 12:00:00,ATM-3,CE,1020.0,1046.9,27.4,27.4,26.45,26.45,0.0,13500,1427250
2026-08-21 12:05:00,ATM-3,CE,1020.0,1046.8,26.45,26.45,26.45,26.45,0.0,0,1427250
2026-08-21 12:10:00,ATM-3,CE,1020.0,1046.0,26.45,27.3,26.45,27.3,12.783075,3750,1430250
2026-08-21 12:15:00,ATM-3,CE,1020.0,1045.9,26.25,27.3,25.8,25.8,0.0,5250,1427250
2026-08-21 12:20:00,ATM-3,CE,1020.0,1046.8,25.8,25.8,25.8,25.8,0.0,0,1427250
2026-08-21 12:25:00,ATM-3,CE,1020.0,1047.0,25.8,27.45,25.8,27.45,0.0,750,1427250
2026-08-21 12:30:00,ATM-3,CE,1020.0,1047.0,27.45,27.45,27.45,27.45,0.0,0,1427250
2026-08-21 12:35:00,ATM-3,CE,1020.0,1046.3,27.45,27.45,27.2,27.2,0.0,3000,1426500
2026-08-21 12:40:00,ATM-3,CE,1020.0,1046.9,27.2,27.2,27.2,27.2,0.0,0,1426500
2026-08-21 12:45:00,ATM-3,CE,1020.0,1045.9,27.2,27.2,26.85,26.85,0.0,8250,1426500
2026-08-21 12:50:00,ATM-3,CE,1020.0,1045.9,26.85,26.85,26.15,26.15,0.0,5250,1424250
2026-08-21 12:55:00,ATM-3,CE,1020.0,1045.9,26.15,26.4,26.15,26.25,0.0,4500,1421250
2026-08-21 13:00:00,ATM-3,CE,1020.0,1046.1,27.15,27.15,26.25,26.8,0.0,1500,1419750
2026-08-21 13:05:00,ATM-3,CE,1020.0,1045.9,26.85,26.85,25.95,26.85,0.0,49500,1407750
2026-08-21 13:10:00,ATM-3,CE,1020.0,1045.8,26.85,26.85,26.85,26.85,0.0,0,1410000
2026-08-21 13:15:00,ATM-3,CE,1020.0,1045.1,27.15,36.5,26.25,26.25,8.38829,26250,1390500
2026-08-21 13:20:00,ATM-3,CE,1020.0,1045.1,26.3,36.5,25.75,26.6,14.802254,3750,1391250
2026-08-21 13:25:00,ATM-3,CE,1020.0,1045.4,36.5,36.5,26.15,26.15,0.0,3000,1392000
2026-08-21 13:30:00,ATM-3,CE,1010.0,1043.7,36.5,36.5,36.5,36.5,26.926405,0,400500
2026-08-21 13:35:00,ATM-3,CE,1010.0,1044.2,36.5,36.5,36.5,36.5,24.670703,0,400500
2026-08-21 13:40:00,ATM-3,CE,1010.0,1043.8,36.5,36.5,36.5,36.5,26.534694,0,400500
2026-08-21 13:45:00,ATM-3,CE,1010.0,1043.6,36.5,36.5,36.5,36.5,27.382595,0,400500
2026-08-21 13:50:00,ATM-3,CE,1010.0,1044.6,36.5,36.5,36.5,36.5,22.486901,0,400500
2026-08-21 13:55:00,ATM-3,CE,1010.0,1045.0,36.5,36.5,36.5,36.5,19.460504,0,400500
2026-08-21 14:00:00,ATM-3,CE,1010.0,1042.9,36.5,36.5,34.65,34.65,20.667189,1500,400500
2026-08-21 14:05:00,ATM-3,CE,1010.0,1042.9,34.65,34.65,34.65,34.65,20.682611,0,400500
2026-08-21 14:10:00,ATM-3,CE,1010.0,1044.3,34.65,34.65,34.65,34.65,0.0,0,400500
2026-08-21 14:15:00,ATM-3,CE,1010.0,1044.0,34.65,34.65,34.65,34.65,0.0,0,400500
2026-08-21 14:20:00,ATM-3,CE,1010.0,1043.8,34.65,34.65,34.65,34.65,0.0,0,400500
2026-08-21 14:25:00,ATM-3,CE,1010.0,1043.7,34.65,34.65,34.65,34.65,0.0,0,400500
2026-08-21 14:30:00,ATM-3,CE,1010.0,1043.5,34.65,34.65,34.65,34.65,12.997847,0,400500
2026-08-21 14:35:00,ATM-3,CE,1010.0,1043.4,34.65,34.65,34.65,34.65,15.731903,0,400500
2026-08-21 14:40:00,ATM-3,CE,1010.0,1043.6,34.65,34.65,34.65,34.65,0.0,0,400500
2026-08-21 14:45:00,ATM-3,CE,1010.0,1043.6,34.65,34.65,34.65,34.65,0.0,0,400500
2026-08-21 14:50:00,ATM-3,CE,1010.0,1043.7,34.65,34.65,34.65,34.65,0.0,0,400500
2026-08-21 14:55:00,ATM-3,CE,1010.0,1043.1,34.65,34.65,34.65,34.65,19.314992,0,400500
2026-08-21 15:00:00,ATM-3,CE,1010.0,1041.9,34.65,34.65,34.65,34.65,25.996685,0,400500
2026-08-21 15:05:00,ATM-3,CE,1010.0,1040.9,34.65,34.65,34.65,34.65,29.650885,0,400500
2026-08-21 15:10:00,ATM-3,CE,1010.0,1041.0,34.65,34.65,32.4,32.4,16.981151,2250,399000
2026-08-21 15:15:00,ATM-3,CE,1010.0,1041.0,32.4,32.4,32.4,32.4,16.998579,0,399000
2026-08-21 15:20:00,ATM-3,CE,1010.0,1041.0,32.4,32.4,32.4,32.4,17.015997,0,399000
2026-08-21 15:25:00,ATM-3,CE,1020.0,1048.7,32.4,32.4,23.1,23.1,0.0,0,1359750
2026-08-21 15:30:00,ATM-3,CE,1020.0,1048.7,22.95,23.45,22.95,23.45,0.0,3000,1359750
2026-08-21 15:35:00,ATM-3,CE,1020.0,1048.7,23.35,23.45,22.45,22.5,0.0,9000,1359000
2026-08-24 09:15:00,ATM-3,CE,1020.0,1045.2,24.95,26.05,24.7,25.55,0.0,29250,1348500
2026-08-24 09:25:00,ATM-3,CE,1020.0,1045.7,25.65,25.65,23.75,25.6,0.0,13500,1348500
2026-08-24 09:30:00,ATM-3,CE,1010.0,1044.1,33.85,34.1,33.85,34.1,0.0,1500,398250
2026-08-24 09:35:00,ATM-3,CE,1010.0,1043.8,34.1,34.2,33.6,33.6,0.0,3000,399000
2026-08-24 09:40:00,ATM-3,CE,1010.0,1044.4,33.6,33.6,33.6,33.6,0.0,0,399000
2026-08-24 09:45:00,ATM-3,CE,1010.0,1044.0,33.6,33.6,33.6,33.6,0.0,0,399000
2026-08-24 09:50:00,ATM-3,CE,1010.0,1044.5,33.15,33.6,33.15,33.15,0.0,750,399000
2026-08-24 09:55:00,ATM-3,CE,1010.0,1044.5,33.15,33.15,33.15,33.15,0.0,0,399000
2026-08-24 10:00:00,ATM-3,CE,1010.0,1044.3,33.15,33.15,33.15,33.15,0.0,0,399000
2026-08-24 10:05:00,ATM-3,CE,1010.0,1043.6,33.15,33.15,33.15,33.15,0.0,0,399000
2026-08-24 10:10:00,ATM-3,CE,1010.0,1043.7,33.15,33.15,33.15,33.15,0.0,0,399000
2026-08-24 10:15:00,ATM-3,CE,1010.0,1043.4,33.15,33.15,33.15,33.15,0.0,0,399000
2026-08-24 10:20:00,ATM-3,CE,1010.0,1043.8,33.15,33.15,33.15,33.15,0.0,0,399000
2026-08-24 10:25:00,ATM-3,CE,1010.0,1042.6,33.15,33.15,33.15,33.15,29.831155,0,399000
2026-08-24 10:30:00,ATM-3,CE,1010.0,1042.5,33.15,33.15,33.15,33.15,31.957616,0,399000
2026-08-24 10:35:00,ATM-3,CE,1010.0,1041.1,33.15,33.15,33.15,33.15,46.485214,0,399000
2026-08-24 10:40:00,ATM-3,CE,1010.0,1041.0,33.15,33.15,33.15,33.15,47.268461,0,399000
2026-08-24 10:45:00,ATM-3,CE,1010.0,1040.9,33.15,33.15,33.15,33.15,48.034477,0,399000
2026-08-24 10:50:00,ATM-3,CE,1010.0,1040.7,33.15,33.15,33.15,33.15,49.442756,0,399000
2026-08-24 10:55:00,ATM-3,CE,1010.0,1040.0,33.15,33.15,30.1,30.1,0.0,1500,398250
2026-08-24 11:00:00,ATM-3,CE,1010.0,1040.0,30.1,30.1,30.1,30.1,0.0,0,396750
2026-08-24 11:05:00,ATM-3,CE,1010.0,1037.0,29.0,30.1,26.95,26.95,0.0,9000,395250
2026-08-24 11:10:00,ATM-3,CE,1010.0,1036.7,26.95,26.95,26.25,26.25,0.0,4500,394500
2026-08-24 11:15:00,ATM-3,CE,1010.0,1035.9,26.2,26.25,25.55,25.6,0.0,3750,391500
2026-08-24 11:20:00,ATM-3,CE,1010.0,1036.0,25.6,25.85,25.5,25.85,0.0,15750,381000
2026-08-24 11:25:00,ATM-3,CE,1010.0,1036.0,25.85,25.85,25.85,25.85,0.0,0,381000
2026-08-24 11:30:00,ATM-3,CE,1010.0,1035.1,25.85,35.15,24.75,24.8,0.0,3000,378750
2026-08-24 11:35:00,ATM-3,CE,1000.0,1034.0,35.15,35.15,35.1,35.1,41.223194,3750,490500
2026-08-24 11:40:00,ATM-3,CE,1010.0,1035.4,35.1,35.1,24.0,24.75,0.0,2250,378000
2026-08-24 11:45:00,ATM-3,CE,1010.0,1036.1,24.75,26.6,24.75,26.3,0.0,4500,377250
2026-08-24 11:50:00,ATM-3,CE,1010.0,1035.2,26.3,26.5,26.3,26.5,34.972936,8250,372750
2026-08-24 11:55:00,ATM-3,CE,1000.0,1034.8,36.0,36.0,35.0,35.0,0.0,14250,482250
2026-08-24 12:00:00,ATM-3,CE,1010.0,1035.4,35.0,35.0,25.5,25.6,0.0,5250,372000
2026-08-24 12:05:00,ATM-3,CE,1000.0,1034.7,35.0,35.0,35.0,35.0,0.0,0,486750
2026-08-24 12:10:00,ATM-3,CE,1000.0,1034.9,35.0,35.0,35.0,35.0,0.0,0,486750
2026-08-24 12:15:00,ATM-3,CE,1000.0,1034.3,35.0,35.0,35.0,35.0,36.134034,0,486750
2026-08-24 12:20:00,ATM-3,CE,1000.0,1035.0,35.0,35.0,35.0,35.0,0.0,0,486750
2026-08-24 12:25:00,ATM-3,CE,1000.0,1034.6,35.0,35.0,34.5,34.5,0.0,2250,486000
2026-08-24 12:30:00,ATM-3,CE,1000.0,1034.9,34.95,34.95,24.75,34.95,0.0,750,486000
2026-08-24 12:35:00,ATM-3,CE,1000.0,1034.6,24.55,34.8,24.55,34.8,0.0,0,492000
2026-08-24 12:40:00,ATM-3,CE,1000.0,1034.0,34.8,34.8,33.5,33.5,0.0,3750,489750
2026-08-24 12:45:00,ATM-3,CE,1000.0,1034.3,33.5,33.5,33.15,33.15,0.0,1500,490500
2026-08-24 12:50:00,ATM-3,CE,1000.0,1033.3,33.15,33.3,33.15,33.3,0.0,750,489750
2026-08-24 12:55:00,ATM-3,CE,1000.0,1034.0,33.3,33.3,33.3,33.3,0.0,750,490500
2026-08-24 13:00:00,ATM-3,CE,1000.0,1033.1,33.3,33.3,32.8,32.8,0.0,1500,490500
2026-08-24 13:05:00,ATM-3,CE,1000.0,1033.9,32.8,34.45,32.8,34.45,33.428474,11250,486750
2026-08-24 13:10:00,ATM-3,CE,1000.0,1033.9,34.45,34.45,33.5,33.5,0.0,2250,488250
2026-08-24 13:15:00,ATM-3,CE,1000.0,1034.8,33.5,34.3,33.5,34.3,0.0,8250,485250
2026-08-24 13:20:00,ATM-3,CE,1000.0,1033.9,34.3,34.3,34.0,34.0,0.0,9000,486000
2026-08-24 13:25:00,ATM-3,CE,1000.0,1033.7,34.0,34.0,33.4,33.4,0.0,6750,485250
2026-08-24 13:30:00,ATM-3,CE,1000.0,1033.7,33.4,33.4,33.4,33.4,0.0,0,485250
2026-08-24 13:35:00,ATM-3,CE,1000.0,1034.0,33.4,33.4,32.75,33.35,0.0,3750,485250
2026-08-24 13:40:00,ATM-3,CE,1000.0,1033.7,33.35,33.35,33.35,33.35,0.0,0,485250
2026-08-24 13:45:00,ATM-3,CE,1000.0,1033.6,33.35,33.35,32.2,32.2,0.0,1500,483000
2026-08-24 13:50:00,ATM-3,CE,1000.0,1033.5,32.2,32.7,32.2,32.7,0.0,5250,482250
2026-08-24 13:55:00,ATM-3,CE,1000.0,1033.0,32.7,32.7,32.7,32.7,0.0,0,482250
2026-08-24 14:00:00,ATM-3,CE,1000.0,1034.2,32.7,33.4,32.7,33.4,0.0,8250,482250
2026-08-24 14:05:00,ATM-3,CE,1000.0,1033.9,33.4,33.5,33.35,33.5,0.0,2250,480750
2026-08-24 14:10:00,ATM-3,CE,1000.0,1033.4,33.5,33.5,33.05,33.05,0.0,750,480750
2026-08-24 14:15:00,ATM-3,CE,1000.0,1033.3,32.3,33.05,32.3,32.3,0.0,750,480750
2026-08-24 14:20:00,ATM-3,CE,1000.0,1033.8,32.3,33.45,32.3,33.45,0.0,750,480000
2026-08-24 14:25:00,ATM-3,CE,1000.0,1034.8,33.45,34.85,23.5,34.85,0.0,3750,480750
2026-08-24 14:30:00,ATM-3,CE,1000.0,1034.5,34.85,34.85,34.85,34.85,28.30639,0,480750
2026-08-24 14:35:00,ATM-3,CE,1010.0,1035.5,34.85,34.85,24.55,25.3,0.0,1500,365250
2026-08-24 14:40:00,ATM-3,CE,1000.0,1035.0,25.3,35.05,25.3,35.05,0.0,0,480000
2026-08-24 14:45:00,ATM-3,CE,1000.0,1034.8,25.05,34.95,25.05,34.95,0.0,3000,479250
2026-08-24 14:50:00,ATM-3,CE,1000.0,1035.0,34.95,34.95,34.95,34.95,0.0,0,479250
2026-08-24 14:55:00,ATM-3,CE,1000.0,1034.9,24.4,34.95,24.4,34.15,0.0,3750,478500
2026-08-24 15:00:00,ATM-3,CE,1010.0,1036.2,24.4,25.0,24.4,25.0,0.0,3750,360000
2026-08-24 15:05:00,ATM-3,CE,1000.0,1035.0,35.45,35.45,25.0,35.45,33.470041,0,475500
2026-08-24 15:10:00,ATM-3,CE,1010.0,1036.1,25.0,25.0,25.0,25.0,0.0,0,360000
2026-08-24 15:15:00,ATM-3,CE,1010.0,1036.1,25.0,25.0,24.35,24.35,0.0,1500,357750
2026-08-24 15:20:00,ATM-3,CE,1010.0,1036.1,24.35,24.35,24.35,24.35,0.0,0,357750
2026-08-24 15:25:00,ATM-3,CE,1010.0,1039.5,24.35,24.35,24.35,24.35,0.0,0,357750
2026-08-24 15:30:00,ATM-3,CE,1010.0,1039.5,24.35,24.35,24.35,24.35,0.0,0,357750
2026-08-24 15:35:00,ATM-3,CE,1010.0,1039.5,24.35,24.35,24.35,24.35,0.0,0,357750
2026-08-25 09:15:00,ATM-3,CE,1000.0,1034.5,30.0,32.1,30.0,32.1,0.0,2250,467250
2026-08-25 09:20:00,ATM-3,CE,1010.0,1038.6,26.5,26.5,26.5,26.5,0.0,3000,357750
2026-08-25 09:25:00,ATM-3,CE,1010.0,1038.5,28.6,28.6,26.5,28.6,43.215615,750,354750
2026-08-25 09:30:00,ATM-3,CE,1010.0,1039.6,27.85,28.7,27.85,28.25,0.0,9000,352500
2026-08-25 09:35:00,ATM-3,CE,1010.0,1036.7,28.25,28.25,28.25,28.25,87.559353,0,352500
2026-08-25 09:40:00,ATM-3,CE,1010.0,1036.0,28.25,28.25,28.25,28.25,98.215617,0,351750
2026-08-25 09:45:00,ATM-3,CE,1000.0,1034.6,28.25,39.05,28.25,39.05,153.991152,0,464250
2026-08-25 09:50:00,ATM-3,CE,1000.0,1034.7,39.05,39.05,39.05,39.05,153.982384,0,464250
2026-08-25 09:55:00,ATM-3,CE,1010.0,1037.1,39.05,39.05,28.25,28.25,83.179661,0,351750
2026-08-25 10:00:00,ATM-3,CE,1010.0,1038.3,28.25,28.25,28.25,28.25,0.0,0,351750
2026-08-25 10:05:00,ATM-3,CE,1010.0,1037.2,28.25,28.25,28.25,28.25,82.493928,0,351750
2026-08-25 10:10:00,ATM-3,CE,1010.0,1037.0,28.25,28.25,26.95,26.95,0.0,1500,351750
2026-08-25 10:15:00,ATM-3,CE,1010.0,1035.3,26.95,26.95,26.95,26.95,91.497154,0,351750
2026-08-25 10:20:00,ATM-3,CE,1000.0,1034.8,26.95,34.45,26.95,34.45,0.0,0,463500
2026-08-25 10:25:00,ATM-3,CE,1000.0,1034.0,34.45,34.45,34.45,34.45,82.169019,0,462750
2026-08-25 10:30:00,ATM-3,CE,1000.0,1034.2,34.45,34.45,34.45,34.45,73.138824,0,462750
2026-08-25 10:35:00,ATM-3,CE,1010.0,1035.4,34.45,34.45,26.95,26.95,92.910125,0,351750
2026-08-25 10:40:00,ATM-3,CE,1010.0,1037.1,26.95,26.95,26.95,26.95,0.0,0,351750
2026-08-25 10:45:00,ATM-3,CE,1010.0,1039.5,26.95,26.95,26.95,26.95,0.0,0,351750
2026-08-25 10:50:00,ATM-3,CE,1010.0,1042.1,26.95,26.95,26.95,26.95,0.0,0,351750
2026-08-25 10:55:00,ATM-3,CE,1010.0,1040.1,26.95,26.95,26.95,26.95,0.0,0,351750
2026-08-25 11:00:00,ATM-3,CE,1010.0,1038.6,26.95,26.95,26.95,26.95,0.0,0,351750
2026-08-25 11:05:00,ATM-3,CE,1010.0,1037.5,26.95,26.95,26.95,26.95,0.0,0,351750
2026-08-25 11:10:00,ATM-3,CE,1010.0,1039.0,26.95,26.95,26.95,26.95,0.0,0,351750
2026-08-25 11:15:00,ATM-3,CE,1010.0,1038.5,26.95,26.95,26.95,26.95,0.0,0,351750
2026-08-25 11:20:00,ATM-3,CE,1010.0,1039.2,26.95,26.95,26.95,26.95,0.0,0,351750
2026-08-25 11:25:00,ATM-3,CE,1010.0,1040.5,26.95,26.95,26.95,26.95,0.0,0,351750
2026-08-25 11:30:00,ATM-3,CE,1010.0,1040.0,26.95,30.0,26.95,30.0,0.0,1500,351750
2026-08-25 11:35:00,ATM-3,CE,1010.0,1040.1,30.0,30.0,30.0,30.0,0.0,750,351750
2026-08-25 11:40:00,ATM-3,CE,1010.0,1040.3,30.0,30.0,30.0,30.0,0.0,0,351750
2026-08-25 11:45:00,ATM-3,CE,1010.0,1039.9,30.0,30.0,30.0,30.0,61.996767,0,351000
2026-08-25 11:50:00,ATM-3,CE,1010.0,1040.8,30.0,30.0,30.0,30.0,98.99978,0,351000
2026-08-25 11:55:00,ATM-3,CE,1010.0,1042.5,30.0,30.0,30.0,30.0,0.0,0,351000
2026-08-25 12:00:00,ATM-3,CE,1010.0,1043.9,30.0,30.0,30.0,30.0,0.0,0,351000
2026-08-25 12:05:00,ATM-3,CE,1010.0,1042.2,30.0,30.0,30.0,30.0,0.0,0,351000
2026-08-25 12:10:00,ATM-3,CE,1010.0,1042.5,30.0,30.0,30.0,30.0,0.0,0,351000
2026-08-25 12:15:00,ATM-3,CE,1010.0,1041.6,30.0,30.0,30.0,30.0,0.0,0,351000
2026-08-25 12:20:00,ATM-3,CE,1010.0,1040.7,30.0,30.0,30.0,30.0,0.0,0,351000
2026-08-25 12:25:00,ATM-3,CE,1010.0,1040.6,30.0,30.0,30.0,30.0,0.0,0,351000
2026-08-25 12:30:00,ATM-3,CE,1010.0,1040.7,30.0,30.0,30.0,30.0,0.0,0,351000
2026-08-25 12:35:00,ATM-3,CE,1010.0,1040.8,30.0,30.0,30.0,30.0,109.297622,0,351000
2026-08-25 12:40:00,ATM-3,CE,1010.0,1041.9,30.0,30.0,30.0,30.0,0.0,0,351000
2026-08-25 12:45:00,ATM-3,CE,1010.0,1041.0,30.0,30.0,30.0,30.0,0.0,0,351000
2026-08-25 12:50:00,ATM-3,CE,1010.0,1041.0,30.0,30.0,30.0,30.0,0.0,0,351000
2026-08-25 12:55:00,ATM-3,CE,1010.0,1041.0,30.0,30.0,30.0,30.0,0.0,0,351000
2026-08-25 13:00:00,ATM-3,CE,1010.0,1040.0,30.0,31.0,30.0,31.0,0.0,5250,351000
2026-08-25 13:05:00,ATM-3,CE,1010.0,1039.9,31.0,31.0,31.0,31.0,133.748534,0,351000
2026-08-25 13:10:00,ATM-3,CE,1010.0,1038.3,31.0,31.0,31.0,31.0,173.970577,0,351000
2026-08-25 13:15:00,ATM-3,CE,1010.0,1037.9,31.0,31.0,31.0,31.0,184.726303,0,351000
2026-08-25 13:20:00,ATM-3,CE,1010.0,1037.3,31.0,31.0,31.0,31.0,199.006709,0,351000
2026-08-25 13:25:00,ATM-3,CE,1010.0,1038.5,31.0,31.0,31.0,31.0,0.0,0,350250
2026-08-25 13:30:00,ATM-3,CE,1010.0,1038.3,31.0,31.0,31.0,31.0,0.0,0,350250
2026-08-25 13:35:00,ATM-3,CE,1010.0,1039.3,31.0,31.0,31.0,31.0,0.0,0,350250
2026-08-25 13:40:00,ATM-3,CE,1010.0,1038.9,31.0,31.0,31.0,31.0,0.0,0,350250
2026-08-25 13:45:00,ATM-3,CE,1010.0,1038.2,31.0,31.0,31.0,31.0,0.0,0,350250
2026-08-25 13:50:00,ATM-3,CE,1010.0,1041.8,31.0,31.0,31.0,31.0,0.0,0,350250
2026-08-25 13:55:00,ATM-3,CE,1010.0,1040.8,31.0,31.0,31.0,31.0,0.0,0,350250
2026-08-25 14:00:00,ATM-3,CE,1010.0,1040.7,31.0,31.0,31.0,31.0,0.0,0,350250
2026-08-25 14:05:00,ATM-3,CE,1010.0,1039.5,31.0,31.0,31.0,31.0,0.0,0,350250
2026-08-25 14:10:00,ATM-3,CE,1010.0,1039.2,31.0,31.0,31.0,31.0,0.0,0,350250
2026-08-25 14:15:00,ATM-3,CE,1010.0,1040.3,31.0,31.0,31.0,31.0,0.0,0,350250
2026-08-25 14:20:00,ATM-3,CE,1010.0,1041.1,31.0,31.0,31.0,31.0,0.0,0,350250
2026-08-25 14:25:00,ATM-3,CE,1010.0,1042.8,31.0,31.0,31.0,31.0,0.0,0,350250
2026-08-25 14:30:00,ATM-3,CE,1010.0,1043.6,31.0,31.0,31.0,31.0,0.0,0,350250
2026-08-25 14:35:00,ATM-3,CE,1010.0,1044.1,31.0,31.0,31.0,31.0,0.0,0,350250
2026-08-25 14:40:00,ATM-3,CE,1010.0,1043.9,31.0,31.0,31.0,31.0,0.0,0,350250
2026-08-25 14:45:00,ATM-3,CE,1010.0,1043.3,31.0,31.0,31.0,31.0,0.0,0,350250
2026-08-25 14:50:00,ATM-3,CE,1010.0,1042.9,31.0,31.0,31.0,31.0,0.0,0,350250
2026-08-25 14:55:00,ATM-3,CE,1010.0,1043.7,31.0,31.0,31.0,31.0,0.0,0,350250
2026-08-25 15:00:00,ATM-3,CE,1010.0,1043.5,31.0,31.0,31.0,31.0,0.0,0,350250
2026-08-25 15:05:00,ATM-3,CE,1010.0,1043.5,31.0,31.0,31.0,31.0,0.0,0,350250
2026-08-25 15:10:00,ATM-3,CE,1010.0,1044.0,31.0,31.0,31.0,31.0,0.0,0,350250
2026-08-25 15:15:00,ATM-3,CE,1010.0,1044.0,31.0,31.0,31.0,31.0,0.0,0,350250
2026-08-25 15:20:00,ATM-3,CE,1010.0,1044.0,31.0,31.0,31.0,31.0,0.0,0,350250
2026-08-25 15:25:00,ATM-3,CE,1020.0,1048.0,31.0,31.0,24.6,24.6,0.0,0,732000
2026-08-25 15:30:00,ATM-3,CE,1020.0,1048.0,24.6,26.6,24.6,26.6,0.0,2250,732000
2026-08-25 15:35:00,ATM-3,CE,1020.0,1048.0,21.25,26.6,21.25,21.25,0.0,3750,732000
2026-08-20 09:15:00,ATM-3,PE,1020.0,1048.0,1.75,1.95,1.4,1.85,21.63579,69750,2565750
2026-08-20 09:20:00,ATM-3,PE,1020.0,1048.1,1.9,1.95,1.65,1.65,20.936068,57000,2574000
2026-08-20 09:25:00,ATM-3,PE,1020.0,1050.1,1.65,1.65,1.4,1.4,20.876947,108000,2557500
2026-08-20 09:30:00,ATM-3,PE,1020.0,1049.8,1.45,1.5,1.4,1.5,21.160814,72000,2557500
2026-08-20 09:35:00,ATM-3,PE,1020.0,1049.0,1.5,1.6,1.45,1.6,21.191788,42000,2556000
2026-08-20 09:40:00,ATM-3,PE,1020.0,1050.2,1.6,1.6,1.45,1.45,21.153621,58500,2566500
2026-08-20 09:45:00,ATM-3,PE,1020.0,1049.8,1.45,1.5,1.45,1.5,21.180399,16500,2565750
2026-08-20 09:50:00,ATM-3,PE,1020.0,1050.6,1.55,1.55,1.4,1.4,21.140804,26250,2557500
2026-08-20 09:55:00,ATM-3,PE,1020.0,1050.0,1.4,1.5,1.35,1.5,21.287515,93750,2539500
2026-08-20 10:00:00,ATM-3,PE,1020.0,1049.4,1.5,1.5,1.4,1.5,21.011557,8250,2538750
2026-08-20 10:05:00,ATM-3,PE,1020.0,1049.6,1.45,1.5,1.45,1.45,20.905664,3000,2539500
2026-08-20 10:10:00,ATM-3,PE,1020.0,1049.8,1.5,1.5,1.4,1.4,20.795521,18000,2532000
2026-08-20 10:15:00,ATM-3,PE,1020.0,1049.3,1.4,1.45,1.4,1.45,20.777764,11250,2530500
2026-08-20 10:20:00,ATM-3,PE,1020.0,1048.3,1.45,1.5,1.45,1.5,20.51597,50250,2523000
2026-08-20 10:25:00,ATM-3,PE,1020.0,1048.2,1.45,1.5,1.45,1.5,20.474691,49500,2528250
2026-08-20 10:30:00,ATM-3,PE,1020.0,1048.4,1.55,1.55,1.4,1.5,20.576285,9750,2527500
2026-08-20 10:35:00,ATM-3,PE,1020.0,1048.5,1.45,1.5,1.35,1.45,20.426082,12750,2520000
2026-08-20 10:40:00,ATM-3,PE,1020.0,1049.9,1.4,1.45,1.25,1.25,20.227857,20250,2526000
2026-08-20 10:45:00,ATM-3,PE,1020.0,1051.2,1.25,1.3,1.15,1.15,20.364324,61500,2517000
2026-08-20 10:50:00,ATM-3,PE,1020.0,1050.4,1.15,1.2,1.15,1.15,20.011279,15000,2508000
2026-08-20 10:55:00,ATM-3,PE,1020.0,1050.8,1.15,1.15,1.15,1.15,20.197488,3000,2508000
2026-08-20 11:00:00,ATM-3,PE,1020.0,1050.8,1.15,1.2,1.15,1.2,20.436151,8250,2512500
2026-08-20 11:05:00,ATM-3,PE,1020.0,1049.8,1.25,1.25,1.2,1.25,20.213513,12000,2512500
2026-08-20 11:10:00,ATM-3,PE,1020.0,1049.4,1.2,1.3,1.2,1.2,19.812031,3750,2515500
2026-08-20 11:15:00,ATM-3,PE,1020.0,1048.0,1.2,1.35,1.2,1.35,19.823797,12000,2512500
2026-08-20 11:20:00,ATM-3,PE,1020.0,1047.6,1.35,1.4,1.35,1.4,19.849739,32250,2511750
2026-08-20 11:25:00,ATM-3,PE,1020.0,1047.5,1.4,1.45,1.4,1.4,19.808421,20250,2508750
2026-08-20 11:30:00,ATM-3,PE,1020.0,1048.0,1.4,1.4,1.25,1.25,19.413275,19500,2511000
2026-08-20 11:35:00,ATM-3,PE,1020.0,1048.0,1.3,1.3,1.25,1.25,19.419327,6750,2511000
2026-08-20 11:40:00,ATM-3,PE,1020.0,1047.9,1.25,1.25,1.25,1.25,19.378852,0,2511000
2026-08-20 11:45:00,ATM-3,PE,1020.0,1048.0,1.25,1.25,1.25,1.25,19.431453,9000,2513250
2026-08-20 11:50:00,ATM-3,PE,1020.0,1046.8,1.25,1.35,1.25,1.35,19.299026,9750,2514000
2026-08-20 11:55:00,ATM-3,PE,1020.0,1047.0,1.35,1.45,1.3,1.3,19.189924,17250,2514000
2026-08-20 12:00:00,ATM-3,PE,1020.0,1046.9,1.3,1.3,1.3,1.3,19.148694,750,2511000
2026-08-20 12:05:00,ATM-3,PE,1020.0,1047.0,1.35,1.35,1.3,1.3,19.201919,4500,2508000
2026-08-20 12:10:00,ATM-3,PE,1020.0,1047.8,1.3,1.3,1.2,1.2,19.14864,5250,2508000
2026-08-20 12:15:00,ATM-3,PE,1020.0,1047.8,1.15,1.2,1.15,1.2,19.15464,3750,2508750
2026-08-20 12:20:00,ATM-3,PE,1020.0,1046.9,1.2,1.3,1.2,1.3,19.172665,30750,2508750
2026-08-20 12:25:00,ATM-3,PE,1020.0,1047.5,1.3,1.3,1.25,1.25,19.246498,6750,2508750
2026-08-20 12:30:00,ATM-3,PE,1020.0,1047.0,1.25,1.3,1.25,1.3,19.232009,47250,2506500
2026-08-20 12:35:00,ATM-3,PE,1020.0,1047.6,1.3,1.3,1.2,1.2,19.085749,29250,2508000
2026-08-20 12:40:00,ATM-3,PE,1020.0,1047.0,1.15,1.2,1.15,1.15,18.590249,5250,2508000
2026-08-20 12:45:00,ATM-3,PE,1020.0,1048.9,1.2,1.2,1.1,1.1,19.239826,42000,2508000
2026-08-20 12:50:00,ATM-3,PE,1020.0,1048.7,1.05,1.1,1.0,1.05,18.918301,56250,2503500
2026-08-20 12:55:00,ATM-3,PE,1020.0,1049.9,1.05,1.05,0.95,1.05,19.465137,34500,2508000
2026-08-20 13:00:00,ATM-3,PE,1020.0,1049.4,0.95,1.05,0.95,1.0,19.002095,15750,2514750
2026-08-20 13:05:00,ATM-3,PE,1020.0,1049.0,1.0,1.0,1.0,1.0,18.828977,30750,2516250
2026-08-20 13:10:00,ATM-3,PE,1020.0,1049.7,1.0,1.0,1.0,1.0,19.148217,9000,2519250
2026-08-20 13:15:00,ATM-3,PE,1020.0,1049.5,1.0,1.0,0.95,1.0,19.064886,4500,2515500
2026-08-20 13:20:00,ATM-3,PE,1020.0,1049.7,1.0,1.0,0.95,0.95,18.909052,2250,2514000
2026-08-20 13:25:00,ATM-3,PE,1020.0,1050.0,0.95,1.0,0.9,0.9,18.789227,88500,2523750
2026-08-20 13:30:00,ATM-3,PE,1020.0,1050.2,0.9,0.95,0.9,0.9,18.882951,30000,2520000
2026-08-20 13:35:00,ATM-3,PE,1020.0,1049.4,0.9,0.9,0.85,0.9,18.537173,31500,2535750
2026-08-20 13:40:00,ATM-3,PE,1020.0,1049.7,0.9,1.0,0.9,0.95,18.933095,82500,2513250
2026-08-20 13:45:00,ATM-3,PE,1020.0,1050.3,0.9,0.95,0.9,0.9,18.944866,20250,2524500
2026-08-20 13:50:00,ATM-3,PE,1020.0,1050.0,0.9,0.9,0.9,0.9,18.819133,3750,2523750
2026-08-20 13:55:00,ATM-3,PE,1020.0,1049.8,0.9,0.95,0.85,0.95,18.995612,84750,2536500
2026-08-20 14:00:00,ATM-3,PE,1020.0,1049.4,0.95,0.95,0.9,0.95,18.823759,1500,2547000
2026-08-20 14:05:00,ATM-3,PE,1020.0,1048.5,1.0,1.1,0.95,1.1,19.154502,22500,2538750
2026-08-20 14:10:00,ATM-3,PE,1020.0,1048.1,1.1,1.15,1.1,1.15,19.207854,39000,2516250
2026-08-20 14:15:00,ATM-3,PE,1020.0,1048.2,1.15,1.15,1.1,1.15,19.260317,72750,2544750
2026-08-20 14:20:00,ATM-3,PE,1020.0,1048.3,1.15,1.2,1.15,1.2,19.540245,15000,2542500
2026-08-20 14:25:00,ATM-3,PE,1020.0,1048.2,1.15,1.2,1.1,1.1,19.041051,56250,2535000
2026-08-20 14:30:00,ATM-3,PE,1020.0,1047.9,1.1,1.15,1.1,1.15,19.139541,6000,2568000
2026-08-20 14:35:00,ATM-3,PE,1020.0,1048.3,1.15,1.2,1.1,1.1,19.09927,27750,2564250
2026-08-20 14:40:00,ATM-3,PE,1020.0,1048.7,1.1,1.1,1.0,1.0,18.807671,8250,2562750
2026-08-20 14:45:00,ATM-3,PE,1020.0,1048.4,1.0,1.05,1.0,1.05,18.920273,8250,2562750
2026-08-20 14:50:00,ATM-3,PE,1020.0,1048.9,1.05,1.1,1.0,1.0,18.910184,4500,2562000
2026-08-20 14:55:00,ATM-3,PE,1020.0,1049.7,1.0,1.05,0.95,0.95,19.024151,12750,2559750
2026-08-20 15:00:00,ATM-3,PE,1020.0,1048.4,1.0,1.1,0.95,1.1,19.176003,28500,2551500
2026-08-20 15:05:00,ATM-3,PE,1020.0,1048.1,1.05,1.1,1.05,1.1,19.043766,21750,2552250
2026-08-20 15:10:00,ATM-3,PE,1020.0,1047.5,1.1,1.2,1.1,1.15,19.00207,56250,2568000
2026-08-20 15:15:00,ATM-3,PE,1020.0,1047.5,1.1,1.15,1.1,1.15,19.008178,11250,2566500
2026-08-20 15:20:00,ATM-3,PE,1020.0,1047.5,1.15,1.2,1.15,1.2,19.240049,12000,2559000
2026-08-20 15:25:00,ATM-3,PE,1020.0,1048.0,1.2,1.25,1.15,1.2,19.481321,12000,2553000
2026-08-20 15:30:00,ATM-3,PE,1020.0,1048.0,1.2,1.25,1.1,1.2,19.487605,139500,2565000
2026-08-20 15:35:00,ATM-3,PE,1020.0,1048.0,1.2,1.25,1.15,1.2,19.493897,58500,2589750
2026-08-21 09:15:00,ATM-3,PE,1020.0,1050.2,0.95,0.95,0.75,0.75,19.614515,204750,2559750
2026-08-21 09:20:00,ATM-3,PE,1020.0,1049.7,0.65,0.75,0.6,0.6,18.406979,126750,2541750
2026-08-21 09:25:00,ATM-3,PE,1020.0,1050.5,0.65,0.65,0.55,0.55,18.416321,36750,2537250
2026-08-21 09:30:00,ATM-3,PE,1020.0,1049.2,0.55,0.6,0.55,0.6,18.194336,26250,2534250
2026-08-21 09:35:00,ATM-3,PE,1020.0,1050.5,0.6,0.6,0.6,0.6,18.789735,60000,2525250
2026-08-21 09:40:00,ATM-3,PE,1020.0,1052.2,0.5,0.6,0.45,0.5,18.804154,347250,2566500
2026-08-21 09:45:00,ATM-3,PE,1020.0,1054.0,0.5,0.5,0.4,0.4,18.725407,122250,2560500
2026-08-21 09:50:00,ATM-3,PE,1020.0,1053.3,0.35,0.45,0.35,0.4,18.439149,172500,2469000
2026-08-21 09:55:00,ATM-3,PE,1020.0,1052.0,0.4,0.45,0.4,0.4,17.898231,43500,2454750
2026-08-21 10:00:00,ATM-3,PE,1020.0,1051.3,0.4,0.5,0.4,0.45,18.036627,57750,2456250
2026-08-21 10:05:00,ATM-3,PE,1020.0,1050.0,0.45,0.5,0.45,0.45,17.480154,9000,2460750
2026-08-21 10:10:00,ATM-3,PE,1020.0,1051.3,0.45,0.5,0.45,0.5,18.454088,8250,2458500
2026-08-21 10:15:00,ATM-3,PE,1020.0,1050.4,0.45,0.5,0.45,0.5,18.065416,9000,2457750
2026-08-21 10:20:00,ATM-3,PE,1020.0,1050.7,0.5,0.5,0.45,0.45,17.804674,3750,2460000
2026-08-21 10:25:00,ATM-3,PE,1020.0,1050.1,0.45,0.5,0.45,0.5,17.946905,57750,2501250
2026-08-21 10:30:00,ATM-3,PE,1020.0,1049.7,0.45,0.5,0.45,0.5,17.776778,11250,2499000
2026-08-21 10:35:00,ATM-3,PE,1020.0,1049.3,0.5,0.5,0.45,0.5,17.606105,44250,2502750
2026-08-21 10:40:00,ATM-3,PE,1020.0,1049.4,0.5,0.5,0.45,0.45,17.265338,9000,2495250
2026-08-21 10:45:00,ATM-3,PE,1020.0,1049.4,0.5,0.5,0.45,0.45,17.272028,9000,2490000
2026-08-21 10:50:00,ATM-3,PE,1020.0,1050.3,0.45,0.5,0.4,0.4,17.249131,47250,2502750
2026-08-21 10:55:00,ATM-3,PE,1020.0,1049.8,0.45,0.45,0.4,0.45,17.46055,5250,2502750
2026-08-21 11:00:00,ATM-3,PE,1020.0,1049.0,0.45,0.45,0.45,0.45,17.116575,44250,2499000
2026-08-21 11:05:00,ATM-3,PE,1020.0,1048.5,0.45,0.5,0.45,0.5,17.2899,25500,2478750
2026-08-21 11:10:00,ATM-3,PE,1020.0,1049.1,0.5,0.5,0.45,0.5,17.564834,6000,2484000
2026-08-21 11:15:00,ATM-3,PE,1020.0,1049.5,0.5,0.5,0.45,0.45,17.35625,6750,2479500
2026-08-21 11:20:00,ATM-3,PE,1020.0,1050.2,0.45,0.5,0.45,0.45,17.669675,85500,2475000
2026-08-21 11:25:00,ATM-3,PE,1020.0,1050.1,0.45,0.45,0.45,0.45,17.63283,0,2464500
2026-08-21 11:30:00,ATM-3,PE,1020.0,1049.6,0.45,0.45,0.4,0.4,17.00128,18750,2453250
2026-08-21 11:35:00,ATM-3,PE,1020.0,1049.4,0.5,0.5,0.4,0.45,17.339422,21750,2452500
2026-08-21 11:40:00,ATM-3,PE,1020.0,1048.9,0.5,0.5,0.45,0.5,17.516504,2250,2448000
2026-08-21 11:45:00,ATM-3,PE,1020.0,1048.7,0.5,0.5,0.5,0.5,17.433692,0,2448000
2026-08-21 11:50:00,ATM-3,PE,1020.0,1048.6,0.5,0.5,0.45,0.5,17.395628,18000,2448000
2026-08-21 11:55:00,ATM-3,PE,1020.0,1046.8,0.5,0.6,0.5,0.6,17.288721,33000,2451000
2026-08-21 12:00:00,ATM-3,PE,1020.0,1046.9,0.65,0.65,0.6,0.65,17.670449,51750,2445750
2026-08-21 12:05:00,ATM-3,PE,1020.0,1046.8,0.65,0.65,0.65,0.65,17.630123,4500,2460000
2026-08-21 12:10:00,ATM-3,PE,1020.0,1046.0,0.65,0.65,0.6,0.65,17.25775,24750,2452500
2026-08-21 12:15:00,ATM-3,PE,1020.0,1045.9,0.7,0.75,0.65,0.75,17.828545,64500,2463750
2026-08-21 12:20:00,ATM-3,PE,1020.0,1046.8,0.75,0.75,0.6,0.65,17.65089,19500,2470500
2026-08-21 12:25:00,ATM-3,PE,1020.0,1047.0,0.6,0.7,0.6,0.7,18.06971,4500,2469750
2026-08-21 12:30:00,ATM-3,PE,1020.0,1047.0,0.6,0.7,0.6,0.6,17.429787,6000,2467500
2026-08-21 12:35:00,ATM-3,PE,1020.0,1046.3,0.6,0.6,0.55,0.55,16.768946,17250,2470500
2026-08-21 12:40:00,ATM-3,PE,1020.0,1046.9,0.55,0.65,0.55,0.65,17.726093,750,2469750
2026-08-21 12:45:00,ATM-3,PE,1020.0,1045.9,0.65,0.8,0.65,0.8,18.162533,54750,2472000
2026-08-21 12:50:00,ATM-3,PE,1020.0,1045.9,0.85,0.85,0.75,0.85,18.453291,68250,2443500
2026-08-21 12:55:00,ATM-3,PE,1020.0,1045.9,0.8,0.85,0.75,0.75,17.884753,4500,2440500
2026-08-21 13:00:00,ATM-3,PE,1020.0,1046.1,0.75,0.75,0.7,0.75,17.989425,12000,2436000
2026-08-21 13:05:00,ATM-3,PE,1020.0,1045.9,0.75,0.8,0.7,0.75,17.898899,33000,2436750
2026-08-21 13:10:00,ATM-3,PE,1020.0,1045.8,0.75,0.75,0.75,0.75,17.857092,2250,2427000
2026-08-21 13:15:00,ATM-3,PE,1020.0,1045.1,0.75,0.8,0.4,0.75,17.520807,34500,2402250
2026-08-21 13:20:00,ATM-3,PE,1020.0,1045.1,0.75,0.8,0.4,0.7,17.229795,8250,2382750
2026-08-21 13:25:00,ATM-3,PE,1020.0,1045.4,0.4,0.75,0.4,0.75,17.682173,9000,2385000
2026-08-21 13:30:00,ATM-3,PE,1010.0,1043.7,0.4,0.4,0.4,0.4,19.112089,4500,639750
2026-08-21 13:35:00,ATM-3,PE,1010.0,1044.2,0.4,0.4,0.35,0.35,18.84139,1500,641250
2026-08-21 13:40:00,ATM-3,PE,1010.0,1043.8,0.4,0.45,0.35,0.45,19.628402,7500,641250
2026-08-21 13:45:00,ATM-3,PE,1010.0,1043.6,0.45,0.45,0.45,0.45,19.548585,750,639000
2026-08-21 13:50:00,ATM-3,PE,1010.0,1044.6,0.45,0.45,0.4,0.4,19.530723,5250,639000
2026-08-21 13:55:00,ATM-3,PE,1010.0,1045.0,0.4,0.4,0.4,0.4,19.710506,5250,636000
2026-08-21 14:00:00,ATM-3,PE,1010.0,1042.9,0.4,0.4,0.4,0.4,18.811926,3000,634500
2026-08-21 14:05:00,ATM-3,PE,1010.0,1042.9,0.4,0.4,0.4,0.4,18.819526,0,634500
2026-08-21 14:10:00,ATM-3,PE,1010.0,1044.3,0.45,0.45,0.4,0.4,19.433083,6750,635250
2026-08-21 14:15:00,ATM-3,PE,1010.0,1044.0,0.4,0.4,0.4,0.4,19.311421,2250,634500
2026-08-21 14:20:00,ATM-3,PE,1010.0,1043.8,0.4,0.45,0.4,0.45,19.692045,2250,634500
2026-08-21 14:25:00,ATM-3,PE,1010.0,1043.7,0.45,0.45,0.45,0.45,19.656036,1500,638250
2026-08-21 14:30:00,ATM-3,PE,1010.0,1043.5,0.45,0.45,0.45,0.45,19.575903,10500,633750
2026-08-21 14:35:00,ATM-3,PE,1010.0,1043.4,0.45,0.45,0.45,0.45,19.539758,0,633750
2026-08-21 14:40:00,ATM-3,PE,1010.0,1043.6,0.45,0.45,0.4,0.4,19.177317,2250,634500
2026-08-21 14:45:00,ATM-3,PE,1010.0,1043.6,0.4,0.4,0.4,0.4,19.185132,0,634500
2026-08-21 14:50:00,ATM-3,PE,1010.0,1043.7,0.4,0.4,0.4,0.4,19.236381,0,634500
2026-08-21 14:55:00,ATM-3,PE,1010.0,1043.1,0.4,0.45,0.4,0.45,19.438936,26250,627000
2026-08-21 15:00:00,ATM-3,PE,1010.0,1041.9,0.45,0.45,0.4,0.4,18.466476,25500,625500
2026-08-21 15:05:00,ATM-3,PE,1010.0,1040.9,0.4,0.45,0.4,0.45,18.474398,6750,632250
2026-08-21 15:10:00,ATM-3,PE,1010.0,1041.0,0.45,0.45,0.4,0.4,18.085636,13500,637500
2026-08-21 15:15:00,ATM-3,PE,1010.0,1041.0,0.45,0.45,0.4,0.45,18.534332,31500,642000
2026-08-21 15:20:00,ATM-3,PE,1010.0,1041.0,0.5,0.5,0.45,0.45,18.541905,20250,660000
2026-08-21 15:25:00,ATM-3,PE,1020.0,1048.7,0.45,0.75,0.45,0.7,19.153038,15000,2257500
2026-08-21 15:30:00,ATM-3,PE,1020.0,1048.7,0.7,0.7,0.65,0.65,18.829596,76500,2199000
2026-08-21 15:35:00,ATM-3,PE,1020.0,1048.7,0.65,0.75,0.65,0.75,19.488651,24750,2200500
2026-08-24 09:15:00,ATM-3,PE,1010.0,1044.7,0.65,0.65,0.2,0.2,30.423434,103500,666750
2026-08-24 09:20:00,ATM-3,PE,1010.0,1045.0,0.2,0.2,0.15,0.15,29.278074,6750,666000
2026-08-24 09:25:00,ATM-3,PE,1010.0,1044.5,0.15,0.35,0.15,0.2,30.363927,202500,655500
2026-08-24 09:30:00,ATM-3,PE,1010.0,1044.1,0.15,0.2,0.15,0.15,28.739208,3750,651000
2026-08-24 09:35:00,ATM-3,PE,1010.0,1043.8,0.15,0.2,0.15,0.2,29.947273,16500,648000
2026-08-24 09:40:00,ATM-3,PE,1010.0,1044.4,0.2,0.25,0.2,0.25,31.609792,4500,637500
2026-08-24 09:45:00,ATM-3,PE,1010.0,1044.0,0.25,0.25,0.25,0.25,31.35898,5250,631500
2026-08-24 09:50:00,ATM-3,PE,1010.0,1044.5,0.25,0.25,0.25,0.25,31.770292,2250,631500
2026-08-24 09:55:00,ATM-3,PE,1010.0,1044.5,0.25,0.25,0.2,0.2,30.614441,31500,629250
2026-08-24 10:00:00,ATM-3,PE,1010.0,1044.3,0.2,0.2,0.2,0.2,30.513263,0,629250
2026-08-24 10:05:00,ATM-3,PE,1010.0,1043.6,0.2,0.2,0.2,0.2,30.051469,750,610500
2026-08-24 10:10:00,ATM-3,PE,1010.0,1043.7,0.2,0.2,0.2,0.2,30.165515,0,609000
2026-08-24 10:15:00,ATM-3,PE,1010.0,1043.4,0.2,0.2,0.2,0.2,29.990519,3750,606750
2026-08-24 10:20:00,ATM-3,PE,1010.0,1043.8,0.2,0.2,0.2,0.2,30.322264,1500,606000
2026-08-24 10:25:00,ATM-3,PE,1010.0,1042.6,0.2,0.2,0.2,0.2,29.492595,750,603750
2026-08-24 10:30:00,ATM-3,PE,1010.0,1042.5,0.25,0.25,0.2,0.25,30.631574,14250,595500
2026-08-24 10:35:00,ATM-3,PE,1010.0,1041.1,0.25,0.3,0.25,0.3,30.633491,3750,594750
2026-08-24 10:40:00,ATM-3,PE,1010.0,1041.0,0.3,0.35,0.3,0.35,31.521329,750,592500
2026-08-24 10:45:00,ATM-3,PE,1010.0,1040.9,0.35,0.35,0.35,0.35,31.486586,3000,592500
2026-08-24 10:50:00,ATM-3,PE,1010.0,1040.7,0.35,0.4,0.35,0.35,31.372082,2250,595500
2026-08-24 10:55:00,ATM-3,PE,1010.0,1040.0,0.35,0.35,0.35,0.35,30.857079,750,596250
2026-08-24 11:00:00,ATM-3,PE,1010.0,1040.0,0.35,0.4,0.35,0.4,31.742403,14250,591000
2026-08-24 11:05:00,ATM-3,PE,1010.0,1037.0,0.4,0.45,0.4,0.45,30.056051,13500,594000
2026-08-24 11:10:00,ATM-3,PE,1010.0,1036.7,0.45,0.5,0.45,0.45,29.84443,15000,595500
2026-08-24 11:15:00,ATM-3,PE,1010.0,1035.9,0.55,0.6,0.45,0.6,31.177171,14250,594000
2026-08-24 11:20:00,ATM-3,PE,1010.0,1036.0,0.55,0.6,0.5,0.5,30.025071,27000,605250
2026-08-24 11:25:00,ATM-3,PE,1010.0,1036.0,0.5,0.5,0.5,0.5,30.068589,5250,611250
2026-08-24 11:30:00,ATM-3,PE,1010.0,1035.1,0.5,0.5,0.25,0.5,29.324724,30750,604500
2026-08-24 11:35:00,ATM-3,PE,1000.0,1034.0,0.3,0.3,0.25,0.25,32.668308,15750,2526750
2026-08-24 11:40:00,ATM-3,PE,1010.0,1035.4,0.25,0.55,0.25,0.55,30.328624,5250,613500
2026-08-24 11:45:00,ATM-3,PE,1010.0,1036.1,0.55,0.55,0.45,0.45,29.633141,41250,610500
2026-08-24 11:50:00,ATM-3,PE,1010.0,1035.2,0.45,0.45,0.45,0.45,28.897074,9000,606000
2026-08-24 11:55:00,ATM-3,PE,1000.0,1034.8,0.25,0.25,0.25,0.25,33.477834,9750,2519250
2026-08-24 12:00:00,ATM-3,PE,1010.0,1035.4,0.25,0.5,0.25,0.5,29.849486,0,588750
2026-08-24 12:05:00,ATM-3,PE,1000.0,1034.7,0.25,0.25,0.2,0.2,32.23848,5250,2518500
2026-08-24 12:10:00,ATM-3,PE,1000.0,1034.9,0.2,0.2,0.2,0.2,32.436984,750,2518500
2026-08-24 12:15:00,ATM-3,PE,1000.0,1034.3,0.2,0.25,0.2,0.25,33.290985,7500,2518500
2026-08-24 12:20:00,ATM-3,PE,1000.0,1035.0,0.25,0.25,0.25,0.25,33.883854,750,2512500
2026-08-24 12:25:00,ATM-3,PE,1000.0,1034.6,0.25,0.25,0.25,0.25,33.624617,750,2511750
2026-08-24 12:30:00,ATM-3,PE,1000.0,1034.9,0.25,0.4,0.2,0.2,32.632982,10500,2491500
2026-08-24 12:35:00,ATM-3,PE,1000.0,1034.6,0.4,0.4,0.2,0.2,32.455342,0,2482500
2026-08-24 12:40:00,ATM-3,PE,1000.0,1034.0,0.2,0.2,0.2,0.2,32.048739,2250,2482500
2026-08-24 12:45:00,ATM-3,PE,1000.0,1034.3,0.2,0.2,0.15,0.15,30.845325,28500,2481000
2026-08-24 12:50:00,ATM-3,PE,1000.0,1033.3,0.15,0.2,0.15,0.2,31.611567,750,2481000
2026-08-24 12:55:00,ATM-3,PE,1000.0,1034.0,0.2,0.2,0.2,0.2,32.196338,2250,2480250
2026-08-24 13:00:00,ATM-3,PE,1000.0,1033.1,0.2,0.2,0.2,0.2,31.555221,9750,2480250
2026-08-24 13:05:00,ATM-3,PE,1000.0,1033.9,0.2,0.2,0.2,0.2,32.219181,27750,2480250
2026-08-24 13:10:00,ATM-3,PE,1000.0,1033.9,0.2,0.2,0.2,0.2,32.269198,0,2480250
2026-08-24 13:15:00,ATM-3,PE,1000.0,1034.8,0.15,0.2,0.15,0.2,33.010936,15750,2476500
2026-08-24 13:20:00,ATM-3,PE,1000.0,1033.9,0.2,0.2,0.15,0.15,30.883271,30000,2475750
2026-08-24 13:25:00,ATM-3,PE,1000.0,1033.7,0.15,0.15,0.1,0.1,28.942774,17250,2475750
2026-08-24 13:30:00,ATM-3,PE,1000.0,1033.7,0.1,0.1,0.1,0.1,28.988268,0,2475750
2026-08-24 13:35:00,ATM-3,PE,1000.0,1034.0,0.15,0.15,0.1,0.1,29.248488,10500,2473500
2026-08-24 13:40:00,ATM-3,PE,1000.0,1033.7,0.1,0.1,0.1,0.1,29.079902,2250,2472750
2026-08-24 13:45:00,ATM-3,PE,1000.0,1033.6,0.1,0.1,0.1,0.1,29.054277,30750,2472750
2026-08-24 13:50:00,ATM-3,PE,1000.0,1033.5,0.1,0.15,0.1,0.15,30.876038,18750,2445000
2026-08-24 13:55:00,ATM-3,PE,1000.0,1033.0,0.1,0.15,0.1,0.15,30.547526,4500,2442000
2026-08-24 14:00:00,ATM-3,PE,1000.0,1034.2,0.15,0.15,0.15,0.15,31.503366,0,2442000
2026-08-24 14:05:00,ATM-3,PE,1000.0,1033.9,0.15,0.15,0.1,0.1,29.457396,2250,2442000
2026-08-24 14:10:00,ATM-3,PE,1000.0,1033.4,0.1,0.15,0.1,0.15,30.998984,9000,2436000
2026-08-24 14:15:00,ATM-3,PE,1000.0,1033.3,0.15,0.15,0.15,0.15,30.97314,0,2436000
2026-08-24 14:20:00,ATM-3,PE,1000.0,1033.8,0.15,0.15,0.15,0.15,31.403877,750,2432250
2026-08-24 14:25:00,ATM-3,PE,1000.0,1034.8,0.15,0.2,0.1,0.1,30.301691,24000,2427000
2026-08-24 14:30:00,ATM-3,PE,1000.0,1034.5,0.1,0.1,0.1,0.1,30.133588,4500,2426250
2026-08-24 14:35:00,ATM-3,PE,1010.0,1035.5,0.1,0.15,0.1,0.15,24.845583,1500,594750
2026-08-24 14:40:00,ATM-3,PE,1000.0,1035.0,0.15,0.2,0.1,0.1,30.596596,2250,2424000
2026-08-24 14:45:00,ATM-3,PE,1000.0,1034.8,0.2,0.2,0.1,0.15,32.427105,6000,2424000
2026-08-24 14:50:00,ATM-3,PE,1000.0,1035.0,0.15,0.15,0.15,0.15,32.633684,0,2424000
2026-08-24 14:55:00,ATM-3,PE,1000.0,1034.9,0.2,0.2,0.1,0.1,30.676022,15000,2416500
2026-08-24 15:00:00,ATM-3,PE,1010.0,1036.2,0.15,0.2,0.15,0.2,26.914097,21000,597750
2026-08-24 15:05:00,ATM-3,PE,1000.0,1035.0,0.1,0.2,0.1,0.15,32.797489,8250,2412000
2026-08-24 15:10:00,ATM-3,PE,1010.0,1036.1,0.2,0.2,0.15,0.15,25.613356,1500,597000
2026-08-24 15:15:00,ATM-3,PE,1010.0,1036.1,0.15,0.2,0.15,0.2,26.966939,14250,590250
2026-08-24 15:20:00,ATM-3,PE,1010.0,1036.1,0.2,0.2,0.15,0.15,25.699647,6000,589500
2026-08-24 15:25:00,ATM-3,PE,1010.0,1039.5,0.15,0.15,0.15,0.15,28.437555,21750,576000
2026-08-24 15:30:00,ATM-3,PE,1010.0,1039.5,0.2,0.2,0.15,0.15,28.485909,3750,575250
2026-08-24 15:35:00,ATM-3,PE,1010.0,1039.5,0.2,0.25,0.15,0.25,31.169523,24750,572250
2026-08-25 09:15:00,ATM-3,PE,1010.0,1036.9,0.1,0.15,0.1,0.15,51.203691,6750,560250
2026-08-25 09:20:00,ATM-3,PE,1010.0,1038.6,0.15,0.15,0.15,0.15,54.194483,30000,560250
2026-08-25 09:25:00,ATM-3,PE,1010.0,1038.5,0.15,0.15,0.1,0.1,51.032498,11250,558000
2026-08-25 09:30:00,ATM-3,PE,1010.0,1039.6,0.15,0.15,0.1,0.1,53.026932,51000,539250
2026-08-25 09:35:00,ATM-3,PE,1010.0,1036.7,0.1,0.1,0.05,0.05,44.382206,14250,526500
2026-08-25 09:40:00,ATM-3,PE,1010.0,1036.0,0.05,0.1,0.05,0.1,48.262715,2250,524250
2026-08-25 09:45:00,ATM-3,PE,1000.0,1034.6,0.1,0.1,0.05,0.05,56.701695,9000,2282250
2026-08-25 09:50:00,ATM-3,PE,1000.0,1034.7,0.05,0.05,0.05,0.05,57.250803,0,2282250
2026-08-25 09:55:00,ATM-3,PE,1010.0,1037.1,0.05,0.1,0.05,0.1,51.040606,21000,519750
2026-08-25 10:00:00,ATM-3,PE,1010.0,1038.3,0.1,0.1,0.1,0.1,53.307466,24000,515250
2026-08-25 10:05:00,ATM-3,PE,1010.0,1037.2,0.1,0.15,0.1,0.15,55.430441,18750,513750
2026-08-25 10:10:00,ATM-3,PE,1010.0,1037.0,0.15,0.15,0.15,0.15,55.517284,750,502500
2026-08-25 10:15:00,ATM-3,PE,1010.0,1035.3,0.15,0.15,0.15,0.15,53.050598,0,502500
2026-08-25 10:20:00,ATM-3,PE,1000.0,1034.8,0.15,0.15,0.05,0.05,60.05379,1500,2253000
2026-08-25 10:25:00,ATM-3,PE,1000.0,1034.0,0.05,0.05,0.05,0.05,59.343218,1500,2251500
2026-08-25 10:30:00,ATM-3,PE,1000.0,1034.2,0.05,0.05,0.05,0.05,60.126868,2250,2250000
2026-08-25 10:35:00,ATM-3,PE,1010.0,1035.4,0.05,0.1,0.05,0.05,46.577194,750,503250
2026-08-25 10:40:00,ATM-3,PE,1010.0,1037.1,0.05,0.05,0.05,0.05,49.633541,0,503250
2026-08-25 10:45:00,ATM-3,PE,1010.0,1039.5,0.1,0.1,0.05,0.1,59.297501,6000,498750
2026-08-25 10:50:00,ATM-3,PE,1010.0,1042.1,0.1,0.1,0.1,0.1,64.184602,13500,498750
2026-08-25 10:55:00,ATM-3,PE,1010.0,1040.1,0.1,0.1,0.1,0.1,61.366,0,498750
2026-08-25 11:00:00,ATM-3,PE,1010.0,1038.6,0.1,0.1,0.1,0.1,59.334999,0,498750
2026-08-25 11:05:00,ATM-3,PE,1010.0,1037.5,0.1,0.15,0.1,0.15,61.811368,12750,493500
2026-08-25 11:10:00,ATM-3,PE,1010.0,1039.0,0.1,0.15,0.1,0.1,61.144595,16500,483750
2026-08-25 11:15:00,ATM-3,PE,1010.0,1038.5,0.1,0.2,0.1,0.2,68.109229,12000,483750
2026-08-25 11:20:00,ATM-3,PE,1010.0,1039.2,0.2,0.2,0.15,0.15,66.803831,2250,481500
2026-08-25 11:25:00,ATM-3,PE,1010.0,1040.5,0.15,0.15,0.15,0.15,69.92399,0,481500
2026-08-25 11:30:00,ATM-3,PE,1010.0,1040.0,0.15,0.15,0.1,0.15,69.678948,11250,471750
2026-08-25 11:35:00,ATM-3,PE,1010.0,1040.1,0.15,0.15,0.15,0.15,70.591857,16500,471750
2026-08-25 11:40:00,ATM-3,PE,1010.0,1040.3,0.15,0.2,0.15,0.2,75.274052,37500,471750
2026-08-25 11:45:00,ATM-3,PE,1010.0,1039.9,0.2,0.2,0.2,0.2,75.270476,0,451500
2026-08-25 11:50:00,ATM-3,PE,1010.0,1040.8,0.2,0.2,0.2,0.2,77.952424,0,451500
2026-08-25 11:55:00,ATM-3,PE,1010.0,1042.5,0.2,0.2,0.2,0.2,82.346102,0,451500
2026-08-25 12:00:00,ATM-3,PE,1010.0,1043.9,0.2,0.2,0.15,0.15,82.237372,6750,450750
2026-08-25 12:05:00,ATM-3,PE,1010.0,1042.2,0.15,0.15,0.15,0.15,79.756367,0,450750
2026-08-25 12:10:00,ATM-3,PE,1010.0,1042.5,0.15,0.15,0.15,0.15,81.339992,0,450750
2026-08-25 12:15:00,ATM-3,PE,1010.0,1041.6,0.15,0.15,0.1,0.1,75.586919,4500,450750
2026-08-25 12:20:00,ATM-3,PE,1010.0,1040.7,0.1,0.1,0.1,0.1,74.721733,7500,450750
2026-08-25 12:25:00,ATM-3,PE,1010.0,1040.6,0.1,0.1,0.1,0.1,75.490459,4500,443250
2026-08-25 12:30:00,ATM-3,PE,1010.0,1040.7,0.1,0.1,0.05,0.05,69.669543,27000,443250
2026-08-25 12:35:00,ATM-3,PE,1010.0,1040.8,0.05,0.05,0.05,0.05,70.825218,2250,447000
2026-08-25 12:40:00,ATM-3,PE,1010.0,1041.9,0.05,0.05,0.05,0.05,74.014671,0,447000
2026-08-25 12:45:00,ATM-3,PE,1010.0,1041.0,0.05,0.1,0.05,0.1,80.669805,24000,447000
2026-08-25 12:50:00,ATM-3,PE,1010.0,1041.0,0.1,0.1,0.1,0.1,81.880412,0,447000
2026-08-25 12:55:00,ATM-3,PE,1010.0,1041.0,0.1,0.1,0.1,0.1,83.148038,0,463500
2026-08-25 13:00:00,ATM-3,PE,1010.0,1040.0,0.1,0.15,0.05,0.1,82.193118,12000,461250
2026-08-25 13:05:00,ATM-3,PE,1010.0,1039.9,0.05,0.15,0.05,0.15,88.761432,14250,453750
2026-08-25 13:10:00,ATM-3,PE,1010.0,1038.3,0.15,0.15,0.05,0.05,73.393021,6750,450000
2026-08-25 13:15:00,ATM-3,PE,1010.0,1037.9,0.05,0.05,0.05,0.05,73.787503,0,450000
2026-08-25 13:20:00,ATM-3,PE,1010.0,1037.3,0.05,0.05,0.05,0.05,73.758092,0,450000
2026-08-25 13:25:00,ATM-3,PE,1010.0,1038.5,0.05,0.05,0.05,0.05,77.971973,750,447750
2026-08-25 13:30:00,ATM-3,PE,1010.0,1038.3,0.05,0.05,0.05,0.05,79.037029,0,447750
2026-08-25 13:35:00,ATM-3,PE,1010.0,1039.3,0.05,0.05,0.05,0.05,83.092369,0,447750
2026-08-25 13:40:00,ATM-3,PE,1010.0,1038.9,0.05,0.05,0.05,0.05,83.886409,0,447750
2026-08-25 13:45:00,ATM-3,PE,1010.0,1038.2,0.05,0.05,0.05,0.05,83.99207,1500,447750
2026-08-25 13:50:00,ATM-3,PE,1010.0,1041.8,0.05,0.05,0.05,0.05,95.261006,750,447000
2026-08-25 13:55:00,ATM-3,PE,1010.0,1040.8,0.05,0.05,0.05,0.05,94.980258,0,447000
2026-08-25 14:00:00,ATM-3,PE,1010.0,1040.7,0.05,0.05,0.05,0.05,97.174286,15000,446250
2026-08-25 14:05:00,ATM-3,PE,1010.0,1039.5,0.05,0.1,0.05,0.05,96.489829,4500,446250
2026-08-25 14:10:00,ATM-3,PE,1010.0,1039.2,0.05,0.05,0.05,0.05,0.0,0,446250
2026-08-25 14:15:00,ATM-3,PE,1010.0,1040.3,0.05,0.1,0.05,0.1,0.0,750,445500
2026-08-25 14:20:00,ATM-3,PE,1010.0,1041.1,0.1,0.1,0.1,0.1,0.0,0,445500
2026-08-25 14:25:00,ATM-3,PE,1010.0,1042.8,0.1,0.1,0.1,0.1,0.0,0,445500
2026-08-25 14:30:00,ATM-3,PE,1010.0,1043.6,0.1,0.1,0.1,0.1,0.0,0,445500
2026-08-25 14:35:00,ATM-3,PE,1010.0,1044.1,0.1,0.1,0.1,0.1,0.0,17250,445500
2026-08-25 14:40:00,ATM-3,PE,1010.0,1043.9,0.1,0.1,0.1,0.1,0.0,1500,445500
2026-08-25 14:45:00,ATM-3,PE,1010.0,1043.3,0.1,0.1,0.1,0.1,0.0,0,445500
2026-08-25 14:50:00,ATM-3,PE,1010.0,1042.9,0.1,0.1,0.1,0.1,0.0,0,445500
2026-08-25 14:55:00,ATM-3,PE,1010.0,1043.7,0.1,0.1,0.05,0.05,0.0,3000,445500
2026-08-25 15:00:00,ATM-3,PE,1010.0,1043.5,0.05,0.05,0.05,0.05,0.0,750,442500
2026-08-25 15:05:00,ATM-3,PE,1010.0,1043.5,0.05,0.05,0.05,0.05,0.0,3000,441750
2026-08-25 15:10:00,ATM-3,PE,1010.0,1044.0,0.05,0.1,0.05,0.1,0.0,7500,438750
2026-08-25 15:15:00,ATM-3,PE,1010.0,1044.0,0.1,0.1,0.1,0.1,0.0,0,438750
2026-08-25 15:20:00,ATM-3,PE,1010.0,1044.0,0.1,0.1,0.1,0.1,0.0,0,438750
2026-08-25 15:25:00,ATM-3,PE,1020.0,1048.0,0.1,0.1,0.05,0.05,0.0,4500,1010250
2026-08-25 15:30:00,ATM-3,PE,1020.0,1048.0,0.05,0.05,0.05,0.05,0.0,4500,1005000
2026-08-25 15:35:00,ATM-3,PE,1020.0,1048.0,0.05,0.05,0.05,0.05,0.0,1500,1004250
2026-08-20 09:15:00,ATM-2,CE,1030.0,1048.0,22.4,22.4,20.65,21.15,15.767213,33750,943500
2026-08-20 09:20:00,ATM-2,CE,1030.0,1048.1,20.25,21.15,20.2,20.9,14.627968,102000,940500
2026-08-20 09:25:00,ATM-2,CE,1030.0,1050.1,21.2,23.0,20.9,22.65,14.65937,49500,950250
2026-08-20 09:30:00,ATM-2,CE,1030.0,1049.8,23.05,23.05,22.5,22.5,15.11135,15750,951000
2026-08-20 09:35:00,ATM-2,CE,1030.0,1049.0,22.5,22.5,21.45,21.55,14.152908,32250,945750
2026-08-20 09:40:00,ATM-2,CE,1030.0,1050.2,21.55,22.7,21.55,22.7,14.527633,14250,947250
2026-08-20 09:45:00,ATM-2,CE,1030.0,1049.8,22.4,22.7,22.4,22.4,14.749054,1500,948000
2026-08-20 09:50:00,ATM-2,CE,1030.0,1050.6,22.4,22.75,22.4,22.65,12.630746,9000,947250
2026-08-20 09:55:00,ATM-2,CE,1030.0,1050.0,22.75,23.15,22.25,22.25,13.372041,12750,943500
2026-08-20 10:00:00,ATM-2,CE,1030.0,1049.4,22.5,22.5,22.05,22.05,14.775466,3750,945000
2026-08-20 10:05:00,ATM-2,CE,1030.0,1049.6,22.0,22.1,21.95,22.0,13.870588,26250,957000
2026-08-20 10:10:00,ATM-2,CE,1030.0,1049.8,22.0,22.0,21.85,22.0,13.073659,12000,965250
2026-08-20 10:15:00,ATM-2,CE,1030.0,1049.3,22.0,22.0,21.3,21.3,11.85012,12000,968250
2026-08-20 10:20:00,ATM-2,CE,1030.0,1048.3,21.45,21.55,21.15,21.3,15.523132,18000,966750
2026-08-20 10:25:00,ATM-2,CE,1030.0,1048.2,21.15,21.45,20.9,20.9,14.416315,27000,974250
2026-08-20 10:30:00,ATM-2,CE,1030.0,1048.4,20.9,21.2,20.9,21.2,14.88867,11250,980250
2026-08-20 10:35:00,ATM-2,CE,1030.0,1048.5,21.65,21.65,20.95,21.15,14.393268,13500,983250
2026-08-20 10:40:00,ATM-2,CE,1030.0,1049.9,21.15,22.35,21.15,22.35,14.279831,21000,989250
2026-08-20 10:45:00,ATM-2,CE,1030.0,1051.2,22.3,23.45,22.25,23.15,12.419583,17250,994500
2026-08-20 10:50:00,ATM-2,CE,1030.0,1050.4,23.55,23.55,23.15,23.15,15.726992,6750,993000
2026-08-20 10:55:00,ATM-2,CE,1030.0,1050.8,23.15,23.15,23.15,23.15,14.291773,0,993000
2026-08-20 11:00:00,ATM-2,CE,1030.0,1050.8,23.15,23.15,23.15,23.15,14.300444,0,993000
2026-08-20 11:05:00,ATM-2,CE,1030.0,1049.8,22.6,23.15,22.3,22.4,14.881842,13500,990750
2026-08-20 11:10:00,ATM-2,CE,1030.0,1049.4,22.45,22.45,21.85,22.2,15.45317,9000,985500
2026-08-20 11:15:00,ATM-2,CE,1030.0,1048.0,21.55,22.2,21.25,21.45,16.919828,12000,983250
2026-08-20 11:20:00,ATM-2,CE,1030.0,1047.6,21.25,21.45,20.8,20.8,15.918172,17250,977250
2026-08-20 11:25:00,ATM-2,CE,1030.0,1047.5,20.8,20.8,20.45,20.8,16.193559,9000,980250
2026-08-20 11:30:00,ATM-2,CE,1030.0,1048.0,20.8,21.6,20.8,21.6,17.40768,5250,980250
2026-08-20 11:35:00,ATM-2,CE,1030.0,1048.0,21.45,21.7,21.45,21.7,17.719307,13500,986250
2026-08-20 11:40:00,ATM-2,CE,1030.0,1047.9,21.7,21.7,21.7,21.7,17.971017,2250,985500
2026-08-20 11:45:00,ATM-2,CE,1030.0,1048.0,21.6,21.95,21.6,21.95,18.477593,3000,987000
2026-08-20 11:50:00,ATM-2,CE,1030.0,1046.8,22.15,22.2,21.15,21.15,18.927124,6750,987000
2026-08-20 11:55:00,ATM-2,CE,1030.0,1047.0,20.85,21.35,20.65,21.35,19.053522,17250,983250
2026-08-20 12:00:00,ATM-2,CE,1030.0,1046.9,21.35,21.35,21.35,21.35,19.278365,3750,983250
2026-08-20 12:05:00,ATM-2,CE,1030.0,1047.0,21.6,21.6,21.35,21.6,19.755503,3000,984000
2026-08-20 12:10:00,ATM-2,CE,1030.0,1047.8,21.95,22.0,21.6,22.0,19.125871,38250,987750
2026-08-20 12:15:00,ATM-2,CE,1030.0,1047.8,22.1,22.1,21.9,22.1,19.417205,6000,990750
2026-08-20 12:20:00,ATM-2,CE,1030.0,1046.9,22.1,22.1,21.4,21.55,19.856958,7500,988500
2026-08-20 12:25:00,ATM-2,CE,1030.0,1047.5,21.45,21.7,21.45,21.7,18.977734,3750,989250
2026-08-20 12:30:00,ATM-2,CE,1030.0,1047.0,21.65,21.7,21.4,21.5,19.526592,10500,992250
2026-08-20 12:35:00,ATM-2,CE,1030.0,1047.6,21.5,21.8,21.5,21.8,19.053106,3750,993000
2026-08-20 12:40:00,ATM-2,CE,1030.0,1047.0,21.8,21.95,21.75,21.75,20.221792,3000,994500
2026-08-20 12:45:00,ATM-2,CE,1030.0,1048.9,21.75,22.9,21.75,22.9,19.237858,23250,993000
2026-08-20 12:50:00,ATM-2,CE,1030.0,1048.7,23.1,24.0,22.9,23.1,20.285816,39750,988500
2026-08-20 12:55:00,ATM-2,CE,1030.0,1049.9,22.85,24.3,22.8,23.7,19.213528,55500,981750
2026-08-20 13:00:00,ATM-2,CE,1030.0,1049.4,23.7,23.7,23.3,23.3,19.248065,4500,979500
2026-08-20 13:05:00,ATM-2,CE,1030.0,1049.0,23.3,23.3,23.3,23.3,20.202622,0,978000
2026-08-20 13:10:00,ATM-2,CE,1030.0,1049.7,23.3,23.65,23.3,23.6,19.433673,12750,975000
2026-08-20 13:15:00,ATM-2,CE,1030.0,1049.5,23.45,23.6,23.35,23.6,19.926431,3750,973500
2026-08-20 13:20:00,ATM-2,CE,1030.0,1049.7,23.6,23.65,23.6,23.65,19.602332,2250,971250
2026-08-20 13:25:00,ATM-2,CE,1030.0,1050.0,23.65,23.65,23.6,23.6,18.699768,3000,972000
2026-08-20 13:30:00,ATM-2,CE,1030.0,1050.2,23.6,24.15,23.6,24.15,19.900451,5250,973500
2026-08-20 13:35:00,ATM-2,CE,1030.0,1049.4,24.1,24.15,23.95,23.95,21.201188,3000,975000
2026-08-20 13:40:00,ATM-2,CE,1030.0,1049.7,23.95,23.95,22.9,23.35,18.719593,20250,973500
2026-08-20 13:45:00,ATM-2,CE,1030.0,1050.3,23.5,23.65,23.35,23.65,18.089291,4500,973500
2026-08-20 13:50:00,ATM-2,CE,1030.0,1050.0,23.9,23.9,23.6,23.6,18.744461,5250,971250
2026-08-20 13:55:00,ATM-2,CE,1030.0,1049.8,23.25,23.6,23.25,23.25,18.165667,10500,965250
2026-08-20 14:00:00,ATM-2,CE,1030.0,1049.4,23.25,23.25,22.65,22.65,17.305381,1500,964500
2026-08-20 14:05:00,ATM-2,CE,1030.0,1048.5,22.65,22.65,22.0,22.05,17.790471,22500,957750
2026-08-20 14:10:00,ATM-2,CE,1030.0,1048.1,22.05,22.05,21.35,21.75,17.885333,15750,956250
2026-08-20 14:15:00,ATM-2,CE,1030.0,1048.2,21.45,21.75,21.35,21.4,16.524318,6750,952500
2026-08-20 14:20:00,ATM-2,CE,1030.0,1048.3,21.4,21.7,21.4,21.5,16.586339,6750,951000
2026-08-20 14:25:00,ATM-2,CE,1030.0,1048.2,21.5,21.8,21.45,21.7,17.502828,37500,942750
2026-08-20 14:30:00,ATM-2,CE,1030.0,1047.9,21.5,21.7,21.35,21.45,17.500422,18000,954750
2026-08-20 14:35:00,ATM-2,CE,1030.0,1048.3,21.25,21.75,21.2,21.75,17.417831,31500,944250
2026-08-20 14:40:00,ATM-2,CE,1030.0,1048.7,22.05,22.2,21.75,22.2,17.80435,13500,942000
2026-08-20 14:45:00,ATM-2,CE,1030.0,1048.4,22.0,22.4,21.8,22.4,19.165772,22500,935250
2026-08-20 14:50:00,ATM-2,CE,1030.0,1048.9,21.75,22.4,21.75,22.15,17.124241,15000,936000
2026-08-20 14:55:00,ATM-2,CE,1030.0,1049.7,22.05,22.2,21.95,22.2,14.823237,10500,942750
2026-08-20 15:00:00,ATM-2,CE,1030.0,1048.4,22.15,22.2,21.75,21.75,17.196496,5250,942000
2026-08-20 15:05:00,ATM-2,CE,1030.0,1048.1,21.75,21.75,21.2,21.2,16.2222,3750,940500
2026-08-20 15:10:00,ATM-2,CE,1030.0,1047.5,21.2,21.5,20.7,21.5,18.689721,25500,950250
2026-08-20 15:15:00,ATM-2,CE,1030.0,1047.5,21.05,21.5,21.0,21.0,17.198498,16500,951750
2026-08-20 15:20:00,ATM-2,CE,1030.0,1047.5,21.0,21.0,20.3,20.35,15.07269,1500,952500
2026-08-20 15:25:00,ATM-2,CE,1030.0,1048.0,20.2,20.35,19.95,20.15,12.553772,3000,951750
2026-08-20 15:30:00,ATM-2,CE,1030.0,1048.0,20.15,20.45,20.05,20.3,13.228189,21750,937500
2026-08-20 15:35:00,ATM-2,CE,1030.0,1048.0,20.65,20.65,19.4,20.0,11.841946,24750,933000
2026-08-21 09:15:00,ATM-2,CE,1030.0,1050.2,22.0,22.0,19.85,20.1,0.0,26250,934500
2026-08-21 09:20:00,ATM-2,CE,1030.0,1049.7,20.8,21.0,20.1,20.55,0.0,33750,934500
2026-08-21 09:25:00,ATM-2,CE,1030.0,1050.5,20.0,20.55,20.0,20.4,0.0,15750,938250
2026-08-21 09:30:00,ATM-2,CE,1030.0,1049.2,20.85,20.85,20.0,20.0,0.0,11250,938250
2026-08-21 09:35:00,ATM-2,CE,1030.0,1050.5,20.0,20.0,20.0,20.0,0.0,0,940500
2026-08-21 09:40:00,ATM-2,CE,1030.0,1052.2,21.2,22.7,20.0,22.0,0.0,36750,947250
2026-08-21 09:45:00,ATM-2,CE,1030.0,1054.0,22.3,23.7,22.0,23.7,0.0,34500,945000
2026-08-21 09:50:00,ATM-2,CE,1030.0,1053.3,23.7,24.1,22.95,22.95,0.0,15000,942000
2026-08-21 09:55:00,ATM-2,CE,1030.0,1052.0,22.85,22.95,21.75,22.0,0.0,24000,947250
2026-08-21 10:00:00,ATM-2,CE,1030.0,1051.3,21.55,22.0,21.2,21.45,0.0,12000,945750
2026-08-21 10:05:00,ATM-2,CE,1030.0,1050.0,20.7,21.45,20.25,20.25,0.0,16500,943500
2026-08-21 10:10:00,ATM-2,CE,1030.0,1051.3,20.1,21.2,20.1,20.85,0.0,25500,946500
2026-08-21 10:15:00,ATM-2,CE,1030.0,1050.4,20.95,20.95,20.5,20.5,0.0,9000,943500
2026-08-21 10:20:00,ATM-2,CE,1030.0,1050.7,20.5,20.7,20.2,20.7,0.0,6750,942000
2026-08-21 10:25:00,ATM-2,CE,1030.0,1050.1,20.2,20.9,19.95,19.95,0.0,37500,936750
2026-08-21 10:30:00,ATM-2,CE,1030.0,1049.7,19.75,20.4,19.75,20.15,0.0,15000,928500
2026-08-21 10:35:00,ATM-2,CE,1030.0,1049.3,20.15,20.15,19.4,19.4,0.0,8250,929250
2026-08-21 10:40:00,ATM-2,CE,1030.0,1049.4,19.85,20.15,19.4,20.15,0.0,7500,929250
2026-08-21 10:45:00,ATM-2,CE,1030.0,1049.4,20.15,20.25,20.15,20.25,0.0,6750,929250
2026-08-21 10:50:00,ATM-2,CE,1030.0,1050.3,20.25,21.15,19.45,20.55,0.0,43500,928500
2026-08-21 10:55:00,ATM-2,CE,1030.0,1049.8,20.45,20.55,20.35,20.35,0.0,3000,925500
2026-08-21 11:00:00,ATM-2,CE,1030.0,1049.0,20.65,20.65,19.5,19.5,0.0,18750,923250
2026-08-21 11:05:00,ATM-2,CE,1030.0,1048.5,19.25,19.65,18.8,19.6,0.0,24000,929250
2026-08-21 11:10:00,ATM-2,CE,1030.0,1049.1,19.6,19.7,19.2,19.7,0.0,3750,929250
2026-08-21 11:15:00,ATM-2,CE,1030.0,1049.5,19.75,19.75,19.45,19.45,0.0,5250,928500
2026-08-21 11:20:00,ATM-2,CE,1030.0,1050.2,19.45,20.7,19.45,20.7,0.0,4500,929250
2026-08-21 11:25:00,ATM-2,CE,1030.0,1050.1,20.7,20.75,20.7,20.75,0.0,1500,929250
2026-08-21 11:30:00,ATM-2,CE,1030.0,1049.6,20.75,20.8,20.75,20.8,7.807291,5250,927750
2026-08-21 11:35:00,ATM-2,CE,1030.0,1049.4,20.05,20.8,19.95,20.4,0.0,60750,941250
2026-08-21 11:40:00,ATM-2,CE,1030.0,1048.9,19.75,20.4,19.75,20.0,0.0,11250,954750
2026-08-21 11:45:00,ATM-2,CE,1030.0,1048.7,20.0,20.0,20.0,20.0,9.582197,11250,945750
2026-08-21 11:50:00,ATM-2,CE,1030.0,1048.6,19.25,20.0,19.25,19.65,0.0,17250,947250
2026-08-21 11:55:00,ATM-2,CE,1030.0,1046.8,19.15,19.65,17.9,18.25,10.288664,10500,945750
2026-08-21 12:00:00,ATM-2,CE,1030.0,1046.9,18.15,18.25,17.5,17.7,0.0,26250,954750
2026-08-21 12:05:00,ATM-2,CE,1030.0,1046.8,17.7,17.95,17.7,17.95,0.0,4500,955500
2026-08-21 12:10:00,ATM-2,CE,1030.0,1046.0,17.95,18.05,17.95,18.05,13.307098,11250,957000
2026-08-21 12:15:00,ATM-2,CE,1030.0,1045.9,17.35,18.05,16.9,17.45,10.632735,24000,954750
2026-08-21 12:20:00,ATM-2,CE,1030.0,1046.8,17.45,17.6,17.45,17.6,0.0,750,954750
2026-08-21 12:25:00,ATM-2,CE,1030.0,1047.0,17.8,18.0,17.6,18.0,0.0,3000,956250
2026-08-21 12:30:00,ATM-2,CE,1030.0,1047.0,18.0,18.0,18.0,18.0,0.0,3000,955500
2026-08-21 12:35:00,ATM-2,CE,1030.0,1046.3,18.0,18.3,17.8,18.2,12.813305,6000,955500
2026-08-21 12:40:00,ATM-2,CE,1030.0,1046.9,18.2,18.2,17.55,17.65,0.0,2250,956250
2026-08-21 12:45:00,ATM-2,CE,1030.0,1045.9,17.65,17.65,17.45,17.5,11.009813,6000,954000
2026-08-21 12:50:00,ATM-2,CE,1030.0,1045.9,17.5,17.85,17.5,17.7,12.134944,7500,953250
2026-08-21 12:55:00,ATM-2,CE,1030.0,1045.9,17.7,17.75,17.4,17.75,12.397281,3000,952500
2026-08-21 13:00:00,ATM-2,CE,1030.0,1046.1,18.05,18.05,17.6,17.75,11.435954,7500,948000
2026-08-21 13:05:00,ATM-2,CE,1030.0,1045.9,17.7,17.85,17.35,17.85,12.899161,57750,944250
2026-08-21 13:10:00,ATM-2,CE,1030.0,1045.8,17.7,17.85,17.3,17.3,10.366335,11250,951750
2026-08-21 13:15:00,ATM-2,CE,1030.0,1045.1,18.0,27.15,16.95,17.3,13.577368,26250,945000
2026-08-21 13:20:00,ATM-2,CE,1030.0,1045.1,17.3,26.3,17.2,17.4,13.992721,3000,935250
2026-08-21 13:25:00,ATM-2,CE,1030.0,1045.4,26.5,26.6,17.25,17.25,12.193407,3750,933750
2026-08-21 13:30:00,ATM-2,CE,1020.0,1043.7,26.15,26.15,25.55,25.55,16.608632,3750,1389000
2026-08-21 13:35:00,ATM-2,CE,1020.0,1044.2,25.4,25.55,25.15,25.35,8.56627,4500,1386000
2026-08-21 13:40:00,ATM-2,CE,1020.0,1043.8,25.35,25.8,25.35,25.55,16.072716,6750,1384500
2026-08-21 13:45:00,ATM-2,CE,1020.0,1043.6,25.55,25.75,25.3,25.5,16.884509,6000,1384500
2026-08-21 13:50:00,ATM-2,CE,1020.0,1044.6,25.25,25.7,25.1,25.7,0.0,8250,1380750
2026-08-21 13:55:00,ATM-2,CE,1020.0,1045.0,25.75,26.5,25.7,26.45,14.416156,25500,1394250
2026-08-21 14:00:00,ATM-2,CE,1020.0,1042.9,25.85,26.45,25.0,25.0,17.631721,20250,1389000
2026-08-21 14:05:00,ATM-2,CE,1020.0,1042.9,25.15,25.35,25.0,25.0,17.643622,3750,1391250
2026-08-21 14:10:00,ATM-2,CE,1020.0,1044.3,25.3,25.35,24.9,24.95,0.0,7500,1390500
2026-08-21 14:15:00,ATM-2,CE,1020.0,1044.0,25.5,25.85,24.95,25.4,13.568537,4500,1389000
2026-08-21 14:20:00,ATM-2,CE,1020.0,1043.8,25.7,25.7,25.25,25.35,14.788235,9000,1386750
2026-08-21 14:25:00,ATM-2,CE,1020.0,1043.7,24.8,25.35,24.8,25.3,15.127878,3750,1382250
2026-08-21 14:30:00,ATM-2,CE,1020.0,1043.5,25.45,25.6,25.3,25.6,18.017165,1500,1381500
2026-08-21 14:35:00,ATM-2,CE,1020.0,1043.4,25.6,25.6,25.6,25.6,18.475746,0,1381500
2026-08-21 14:40:00,ATM-2,CE,1020.0,1043.6,25.6,25.6,25.05,25.05,13.931951,1500,1380750
2026-08-21 14:45:00,ATM-2,CE,1020.0,1043.6,25.35,25.55,25.0,25.0,13.485341,3750,1379250
2026-08-21 14:50:00,ATM-2,CE,1020.0,1043.7,25.0,25.0,25.0,25.0,12.450066,0,1379250
2026-08-21 14:55:00,ATM-2,CE,1020.0,1043.1,24.85,25.0,24.6,24.6,14.170109,4500,1380000
2026-08-21 15:00:00,ATM-2,CE,1020.0,1041.9,24.35,24.6,23.8,23.8,16.205527,17250,1380750
2026-08-21 15:05:00,ATM-2,CE,1020.0,1040.9,23.45,23.8,22.5,22.5,13.908202,8250,1374000
2026-08-21 15:10:00,ATM-2,CE,1020.0,1041.0,22.6,22.6,22.1,22.35,11.943907,15750,1368750
2026-08-21 15:15:00,ATM-2,CE,1020.0,1041.0,22.5,22.7,22.15,22.55,13.631437,7500,1361250
2026-08-21 15:20:00,ATM-2,CE,1020.0,1041.0,22.5,22.55,22.3,22.3,11.435446,4500,1359000
2026-08-21 15:25:00,ATM-2,CE,1030.0,1048.7,22.3,23.1,13.8,13.8,0.0,6000,902250
2026-08-21 15:30:00,ATM-2,CE,1030.0,1048.7,14.05,14.7,13.8,14.6,0.0,14250,898500
2026-08-21 15:35:00,ATM-2,CE,1030.0,1048.7,14.6,14.6,13.85,13.95,0.0,8250,894000
2026-08-24 09:15:00,ATM-2,CE,1020.0,1044.7,25.0,25.55,25.0,25.0,0.0,17250,1352250
2026-08-24 09:20:00,ATM-2,CE,1020.0,1045.0,24.55,25.0,23.75,23.75,0.0,15000,1351500
2026-08-24 09:25:00,ATM-2,CE,1020.0,1044.5,23.75,25.6,15.1,25.1,23.805983,14250,1347000
2026-08-24 09:30:00,ATM-2,CE,1020.0,1044.1,25.1,25.1,23.15,24.15,0.0,17250,1341000
2026-08-24 09:35:00,ATM-2,CE,1020.0,1043.8,23.75,24.15,23.7,23.7,0.0,10500,1344000
2026-08-24 09:40:00,ATM-2,CE,1020.0,1044.4,23.7,23.7,23.1,23.7,0.0,18000,1335750
2026-08-24 09:45:00,ATM-2,CE,1020.0,1044.0,24.0,24.05,23.05,23.1,0.0,9000,1330500
2026-08-24 09:50:00,ATM-2,CE,1020.0,1044.5,23.1,23.5,23.0,23.5,0.0,29250,1321500
2026-08-24 09:55:00,ATM-2,CE,1020.0,1044.5,23.75,24.0,23.2,23.6,0.0,21750,1322250
2026-08-24 10:00:00,ATM-2,CE,1020.0,1044.3,23.7,23.7,23.6,23.6,0.0,3000,1326000
2026-08-24 10:05:00,ATM-2,CE,1020.0,1043.6,23.65,23.7,23.45,23.45,0.0,6000,1324500
2026-08-24 10:10:00,ATM-2,CE,1020.0,1043.7,23.45,23.45,23.2,23.2,0.0,1500,1323750
2026-08-24 10:15:00,ATM-2,CE,1020.0,1043.4,23.2,23.2,22.65,22.65,0.0,16500,1318500
2026-08-24 10:20:00,ATM-2,CE,1020.0,1043.8,22.5,23.1,22.5,23.1,0.0,26250,1303500
2026-08-24 10:25:00,ATM-2,CE,1020.0,1042.6,23.0,23.1,22.0,22.0,0.0,57750,1290000
2026-08-24 10:30:00,ATM-2,CE,1020.0,1042.5,21.9,22.0,21.3,21.45,0.0,25500,1280250
2026-08-24 10:35:00,ATM-2,CE,1020.0,1041.1,21.85,21.85,20.7,20.85,0.0,29250,1263750
2026-08-24 10:40:00,ATM-2,CE,1020.0,1041.0,20.7,20.85,20.65,20.65,0.0,26250,1252500
2026-08-24 10:45:00,ATM-2,CE,1020.0,1040.9,20.65,20.65,20.45,20.5,0.0,8250,1248000
2026-08-24 10:50:00,ATM-2,CE,1020.0,1040.7,19.9,20.5,19.65,20.4,0.0,27000,1242000
2026-08-24 10:55:00,ATM-2,CE,1020.0,1040.0,20.7,20.7,20.25,20.25,0.0,18000,1233000
2026-08-24 11:00:00,ATM-2,CE,1020.0,1040.0,20.05,20.25,19.75,19.8,0.0,4500,1230000
2026-08-24 11:05:00,ATM-2,CE,1020.0,1037.0,19.5,19.8,17.15,17.15,0.0,18750,1222500
2026-08-24 11:10:00,ATM-2,CE,1020.0,1036.7,17.6,17.6,16.85,17.05,12.108027,13500,1218000
2026-08-24 11:15:00,ATM-2,CE,1020.0,1035.9,16.5,17.05,16.35,16.5,17.865472,12000,1219500
2026-08-24 11:20:00,ATM-2,CE,1020.0,1036.0,16.6,16.6,16.35,16.4,14.044459,13500,1213500
2026-08-24 11:25:00,ATM-2,CE,1020.0,1036.0,16.4,17.2,16.4,17.1,23.423417,14250,1206000
2026-08-24 11:30:00,ATM-2,CE,1020.0,1035.1,16.8,25.85,15.6,15.6,15.728605,6750,1204500
2026-08-24 11:35:00,ATM-2,CE,1010.0,1034.0,24.8,25.0,24.8,25.0,30.532393,5250,378000
2026-08-24 11:40:00,ATM-2,CE,1020.0,1035.4,25.0,25.0,15.2,15.4,0.0,6750,1206000
2026-08-24 11:45:00,ATM-2,CE,1020.0,1036.1,15.95,17.15,15.4,17.0,21.813577,43500,1215750
2026-08-24 11:50:00,ATM-2,CE,1020.0,1035.2,16.65,17.0,16.65,16.7,25.999136,8250,1211250
2026-08-24 11:55:00,ATM-2,CE,1010.0,1034.8,26.5,26.5,26.5,26.5,38.230607,0,372750
2026-08-24 12:00:00,ATM-2,CE,1020.0,1035.4,26.5,26.5,15.5,16.3,21.257201,3000,1210500
2026-08-24 12:05:00,ATM-2,CE,1010.0,1034.7,25.6,25.6,25.6,25.6,30.336005,0,372000
2026-08-24 12:10:00,ATM-2,CE,1010.0,1034.9,25.6,25.6,25.6,25.6,27.833125,0,372000
2026-08-24 12:15:00,ATM-2,CE,1010.0,1034.3,25.6,25.6,24.85,24.85,24.789337,4500,372000
2026-08-24 12:20:00,ATM-2,CE,1010.0,1035.0,24.75,24.85,24.75,24.75,0.0,1500,372000
2026-08-24 12:25:00,ATM-2,CE,1010.0,1034.6,24.75,24.75,24.75,24.75,0.0,0,372000
2026-08-24 12:30:00,ATM-2,CE,1010.0,1034.9,24.75,24.75,15.25,24.55,0.0,750,372000
2026-08-24 12:35:00,ATM-2,CE,1010.0,1034.6,14.95,24.55,14.95,24.55,0.0,4500,372000
2026-08-24 12:40:00,ATM-2,CE,1010.0,1034.0,24.55,24.55,24.55,24.55,24.828178,0,372000
2026-08-24 12:45:00,ATM-2,CE,1010.0,1034.3,24.55,24.55,23.7,23.7,0.0,1500,370500
2026-08-24 12:50:00,ATM-2,CE,1010.0,1033.3,23.7,23.7,23.7,23.7,20.622649,0,369750
2026-08-24 12:55:00,ATM-2,CE,1010.0,1034.0,23.7,23.7,23.4,23.4,0.0,5250,369750
2026-08-24 13:00:00,ATM-2,CE,1010.0,1033.1,23.4,23.4,23.4,23.4,0.0,0,369750
2026-08-24 13:05:00,ATM-2,CE,1010.0,1033.9,22.4,23.5,22.4,23.5,0.0,6000,370500
2026-08-24 13:10:00,ATM-2,CE,1010.0,1033.9,24.05,24.05,23.5,23.55,0.0,1500,371250
2026-08-24 13:15:00,ATM-2,CE,1010.0,1034.8,23.5,24.5,23.5,24.5,0.0,3000,370500
2026-08-24 13:20:00,ATM-2,CE,1010.0,1033.9,24.35,24.5,24.35,24.35,22.95155,1500,370500
2026-08-24 13:25:00,ATM-2,CE,1010.0,1033.7,24.35,24.35,24.35,24.35,26.860941,0,370500
2026-08-24 13:30:00,ATM-2,CE,1010.0,1033.7,24.35,24.35,24.35,24.35,26.918485,0,370500
2026-08-24 13:35:00,ATM-2,CE,1010.0,1034.0,22.65,24.35,22.65,23.6,0.0,3000,369000
2026-08-24 13:40:00,ATM-2,CE,1010.0,1033.7,23.6,23.6,23.6,23.6,0.0,0,369000
2026-08-24 13:45:00,ATM-2,CE,1010.0,1033.6,22.6,23.6,22.6,22.6,0.0,1500,368250
2026-08-24 13:50:00,ATM-2,CE,1010.0,1033.5,22.6,22.7,22.6,22.7,0.0,750,369000
2026-08-24 13:55:00,ATM-2,CE,1010.0,1033.0,22.4,22.7,22.4,22.4,0.0,1500,368250
2026-08-24 14:00:00,ATM-2,CE,1010.0,1034.2,22.4,23.65,22.4,23.65,0.0,4500,369000
2026-08-24 14:05:00,ATM-2,CE,1010.0,1033.9,23.65,23.65,23.65,23.65,0.0,0,367500
2026-08-24 14:10:00,ATM-2,CE,1010.0,1033.4,23.65,23.65,23.65,23.65,0.0,0,367500
2026-08-24 14:15:00,ATM-2,CE,1010.0,1033.3,23.65,23.65,22.75,22.75,0.0,3000,366000
2026-08-24 14:20:00,ATM-2,CE,1010.0,1033.8,22.75,23.5,22.75,23.5,0.0,750,366000
2026-08-24 14:25:00,ATM-2,CE,1010.0,1034.8,23.5,24.85,14.0,24.5,0.0,9750,365250
2026-08-24 14:30:00,ATM-2,CE,1010.0,1034.5,24.5,24.5,24.5,24.5,0.0,0,365250
2026-08-24 14:35:00,ATM-2,CE,1020.0,1035.5,24.5,24.55,14.65,15.1,0.0,3750,1198500
2026-08-24 14:40:00,ATM-2,CE,1010.0,1035.0,14.9,25.3,14.9,25.3,17.630855,2250,365250
2026-08-24 14:45:00,ATM-2,CE,1010.0,1034.8,15.4,25.15,15.4,24.4,0.0,3750,360750
2026-08-24 14:50:00,ATM-2,CE,1010.0,1035.0,24.4,24.4,24.4,24.4,0.0,0,360750
2026-08-24 14:55:00,ATM-2,CE,1010.0,1034.9,15.15,24.4,15.15,24.4,0.0,3000,360750
2026-08-24 15:00:00,ATM-2,CE,1020.0,1036.2,15.0,15.85,14.75,15.85,0.0,73500,1184250
2026-08-24 15:05:00,ATM-2,CE,1010.0,1035.0,25.0,25.0,14.95,25.0,0.0,4500,360000
2026-08-24 15:10:00,ATM-2,CE,1020.0,1036.1,15.0,15.05,14.9,15.05,0.0,7500,1184250
2026-08-24 15:15:00,ATM-2,CE,1020.0,1036.1,15.05,15.05,14.45,14.5,0.0,8250,1183500
2026-08-24 15:20:00,ATM-2,CE,1020.0,1036.1,14.5,14.5,14.5,14.5,0.0,2250,1183500
2026-08-24 15:25:00,ATM-2,CE,1020.0,1039.5,14.5,14.5,13.65,13.65,0.0,6000,1178250
2026-08-24 15:30:00,ATM-2,CE,1020.0,1039.5,13.6,13.65,13.6,13.6,0.0,1500,1176000
2026-08-24 15:35:00,ATM-2,CE,1020.0,1039.5,13.6,13.6,13.5,13.55,0.0,7500,1173750
2026-08-25 09:15:00,ATM-2,CE,1020.0,1036.9,13.55,14.95,12.8,14.95,0.0,42750,1082250
2026-08-25 09:20:00,ATM-2,CE,1020.0,1038.6,15.5,17.25,14.85,17.25,0.0,14250,1078500
2026-08-25 09:25:00,ATM-2,CE,1020.0,1038.5,17.25,17.25,17.25,17.25,0.0,0,1078500
2026-08-25 09:30:00,ATM-2,CE,1020.0,1039.6,17.6,19.0,17.25,19.0,0.0,6750,1077000
2026-08-25 09:35:00,ATM-2,CE,1020.0,1036.7,17.0,19.0,15.1,15.1,0.0,9000,1073250
2026-08-25 09:40:00,ATM-2,CE,1020.0,1036.0,14.45,15.15,13.85,14.4,0.0,8250,1076250
2026-08-25 09:45:00,ATM-2,CE,1010.0,1034.6,14.4,28.25,14.15,28.25,115.268949,750,351750
2026-08-25 09:50:00,ATM-2,CE,1010.0,1034.7,28.25,28.25,28.25,28.25,115.046477,0,351750
2026-08-25 09:55:00,ATM-2,CE,1020.0,1037.1,28.25,28.25,13.8,15.2,0.0,4500,1068750
2026-08-25 10:00:00,ATM-2,CE,1020.0,1038.3,15.2,15.2,14.75,14.8,0.0,3750,1067250
2026-08-25 10:05:00,ATM-2,CE,1020.0,1037.2,14.8,14.8,14.8,14.8,0.0,0,1067250
2026-08-25 10:10:00,ATM-2,CE,1020.0,1037.0,14.8,14.8,14.8,14.8,0.0,0,1067250
2026-08-25 10:15:00,ATM-2,CE,1020.0,1035.3,15.55,15.55,14.8,15.55,36.555156,1500,1067250
2026-08-25 10:20:00,ATM-2,CE,1010.0,1034.8,15.55,26.95,15.55,26.95,99.636378,0,351750
2026-08-25 10:25:00,ATM-2,CE,1010.0,1034.0,26.95,26.95,26.95,26.95,110.796743,0,351750
2026-08-25 10:30:00,ATM-2,CE,1010.0,1034.2,26.95,26.95,26.95,26.95,109.24606,0,351750
2026-08-25 10:35:00,ATM-2,CE,1020.0,1035.4,26.95,26.95,13.75,14.5,0.0,750,1059000
2026-08-25 10:40:00,ATM-2,CE,1020.0,1037.1,14.5,14.5,14.25,14.4,0.0,12000,1057500
2026-08-25 10:45:00,ATM-2,CE,1020.0,1039.5,14.4,16.9,14.4,16.9,0.0,1500,1056750
2026-08-25 10:50:00,ATM-2,CE,1020.0,1042.1,16.9,20.85,16.9,19.95,0.0,2250,1056000
2026-08-25 10:55:00,ATM-2,CE,1020.0,1040.1,20.25,20.25,19.95,20.25,43.148944,1500,1055250
2026-08-25 11:00:00,ATM-2,CE,1020.0,1038.6,20.25,20.25,20.25,20.25,79.976306,0,1055250
2026-08-25 11:05:00,ATM-2,CE,1020.0,1037.5,20.25,20.25,16.9,16.9,0.0,750,1054500
2026-08-25 11:10:00,ATM-2,CE,1020.0,1039.0,16.9,16.9,16.9,16.9,0.0,0,1054500
2026-08-25 11:15:00,ATM-2,CE,1020.0,1038.5,16.9,18.75,16.9,17.85,0.0,307500,792000
2026-08-25 11:20:00,ATM-2,CE,1020.0,1039.2,18.35,19.25,17.3,19.25,25.051941,9000,786750
2026-08-25 11:25:00,ATM-2,CE,1020.0,1040.5,19.5,20.4,19.25,20.4,0.0,2250,783000
2026-08-25 11:30:00,ATM-2,CE,1020.0,1040.0,20.55,20.55,19.0,19.85,0.0,15000,778500
2026-08-25 11:35:00,ATM-2,CE,1020.0,1040.1,20.0,20.5,19.7,20.5,59.575106,20250,769500
2026-08-25 11:40:00,ATM-2,CE,1020.0,1040.3,20.5,20.5,20.2,20.2,0.0,7500,762750
2026-08-25 11:45:00,ATM-2,CE,1020.0,1039.9,20.2,20.2,19.95,19.95,33.031142,3750,762000
2026-08-25 11:50:00,ATM-2,CE,1020.0,1040.8,19.95,20.75,19.95,20.75,0.0,750,762750
2026-08-25 11:55:00,ATM-2,CE,1020.0,1042.5,21.2,22.95,20.75,22.95,69.998925,10500,762000
2026-08-25 12:00:00,ATM-2,CE,1020.0,1043.9,22.9,23.35,22.8,23.25,0.0,10500,762000
2026-08-25 12:05:00,ATM-2,CE,1020.0,1042.2,23.25,23.25,21.7,21.7,0.0,3750,760500
2026-08-25 12:10:00,ATM-2,CE,1020.0,1042.5,21.55,22.6,21.45,22.6,51.628561,6750,759000
2026-08-25 12:15:00,ATM-2,CE,1020.0,1041.6,22.6,22.6,21.9,21.9,64.761026,2250,759000
2026-08-25 12:20:00,ATM-2,CE,1020.0,1040.7,21.9,21.9,21.8,21.8,89.442073,750,758250
2026-08-25 12:25:00,ATM-2,CE,1020.0,1040.6,21.8,21.8,21.1,21.1,72.516911,750,757500
2026-08-25 12:30:00,ATM-2,CE,1020.0,1040.7,21.1,21.1,21.1,21.1,69.833926,0,757500
2026-08-25 12:35:00,ATM-2,CE,1020.0,1040.8,19.7,21.1,19.7,19.7,0.0,2250,756000
2026-08-25 12:40:00,ATM-2,CE,1020.0,1041.9,19.7,19.7,19.7,19.7,0.0,0,756000
2026-08-25 12:45:00,ATM-2,CE,1020.0,1041.0,19.7,21.45,19.7,21.45,75.916494,3000,756000
2026-08-25 12:50:00,ATM-2,CE,1020.0,1041.0,21.45,21.45,21.45,21.45,77.095876,0,756000
2026-08-25 12:55:00,ATM-2,CE,1020.0,1041.0,21.45,21.45,21.05,21.05,47.427491,1500,755250
2026-08-25 13:00:00,ATM-2,CE,1020.0,1040.0,21.05,21.05,20.35,20.35,72.218998,750,754500
2026-08-25 13:05:00,ATM-2,CE,1020.0,1039.9,20.35,20.35,20.35,20.35,77.734988,0,754500
2026-08-25 13:10:00,ATM-2,CE,1020.0,1038.3,20.35,20.35,20.35,20.35,118.628024,0,754500
2026-08-25 13:15:00,ATM-2,CE,1020.0,1037.9,20.35,20.35,20.35,20.35,127.80178,0,754500
2026-08-25 13:20:00,ATM-2,CE,1020.0,1037.3,20.35,20.35,20.35,20.35,140.011688,0,754500
2026-08-25 13:25:00,ATM-2,CE,1020.0,1038.5,20.35,20.35,20.35,20.35,121.431164,0,754500
2026-08-25 13:30:00,ATM-2,CE,1020.0,1038.3,20.35,20.35,20.35,20.35,127.84102,0,754500
2026-08-25 13:35:00,ATM-2,CE,1020.0,1039.3,20.35,20.35,20.35,20.35,107.481431,0,754500
2026-08-25 13:40:00,ATM-2,CE,1020.0,1038.9,20.35,20.35,18.9,19.15,74.732522,7500,754500
2026-08-25 13:45:00,ATM-2,CE,1020.0,1038.2,19.15,19.15,19.15,19.15,104.607123,0,754500
2026-08-25 13:50:00,ATM-2,CE,1020.0,1041.8,19.15,19.65,19.15,19.65,0.0,3000,752250
2026-08-25 13:55:00,ATM-2,CE,1020.0,1040.8,19.65,19.65,19.65,19.65,0.0,0,752250
2026-08-25 14:00:00,ATM-2,CE,1020.0,1040.7,19.65,19.65,19.55,19.55,0.0,19500,743250
2026-08-25 14:05:00,ATM-2,CE,1020.0,1039.5,19.55,19.6,19.55,19.6,72.380704,2250,743250
2026-08-25 14:10:00,ATM-2,CE,1020.0,1039.2,19.6,19.6,19.6,19.6,98.321213,0,743250
2026-08-25 14:15:00,ATM-2,CE,1020.0,1040.3,19.6,19.6,19.6,19.6,0.0,0,743250
2026-08-25 14:20:00,ATM-2,CE,1020.0,1041.1,20.75,20.85,19.6,20.85,0.0,3000,742500
2026-08-25 14:25:00,ATM-2,CE,1020.0,1042.8,20.85,22.4,20.85,22.4,0.0,8250,736500
2026-08-25 14:30:00,ATM-2,CE,1020.0,1043.6,22.4,23.25,22.4,22.65,0.0,2250,735000
2026-08-25 14:35:00,ATM-2,CE,1020.0,1044.1,22.65,24.55,22.65,24.55,0.0,4500,732750
2026-08-25 14:40:00,ATM-2,CE,1020.0,1043.9,24.55,24.55,24.55,24.55,0.0,0,732750
2026-08-25 14:45:00,ATM-2,CE,1020.0,1043.3,24.55,24.55,24.55,24.55,0.0,0,733500
2026-08-25 14:50:00,ATM-2,CE,1020.0,1042.9,24.55,24.55,23.7,23.7,0.0,5250,733500
2026-08-25 14:55:00,ATM-2,CE,1020.0,1043.7,23.7,23.95,23.7,23.8,0.0,3750,733500
2026-08-25 15:00:00,ATM-2,CE,1020.0,1043.5,23.8,23.8,23.8,23.8,0.0,0,733500
2026-08-25 15:05:00,ATM-2,CE,1020.0,1043.5,23.8,23.8,23.8,23.8,0.0,0,733500
2026-08-25 15:10:00,ATM-2,CE,1020.0,1044.0,23.8,25.1,23.8,25.1,0.0,3750,732750
2026-08-25 15:15:00,ATM-2,CE,1020.0,1044.0,24.15,25.25,24.15,25.25,0.0,3000,732000
2026-08-25 15:20:00,ATM-2,CE,1020.0,1044.0,24.3,25.65,24.3,24.6,0.0,12000,732000
2026-08-25 15:25:00,ATM-2,CE,1030.0,1048.0,24.6,24.6,14.3,14.3,0.0,0,585750
2026-08-25 15:30:00,ATM-2,CE,1030.0,1048.0,14.3,15.7,14.3,15.7,0.0,1500,585000
2026-08-25 15:35:00,ATM-2,CE,1030.0,1048.0,11.65,15.7,11.65,11.65,0.0,750,585000
2026-08-20 09:15:00,ATM-2,PE,1030.0,1048.0,3.85,3.85,2.9,3.55,21.214469,177750,1896750
2026-08-20 09:20:00,ATM-2,PE,1030.0,1048.1,3.6,3.65,3.25,3.35,20.748714,175500,1898250
2026-08-20 09:25:00,ATM-2,PE,1030.0,1050.1,3.2,3.35,2.65,2.7,20.090828,163500,1856250
2026-08-20 09:30:00,ATM-2,PE,1030.0,1049.8,2.75,2.95,2.7,2.9,20.503977,177750,1854750
2026-08-20 09:35:00,ATM-2,PE,1030.0,1049.0,2.8,3.1,2.8,3.1,20.61332,117750,1857000
2026-08-20 09:40:00,ATM-2,PE,1030.0,1050.2,3.0,3.1,2.8,2.8,20.455164,63000,1863750
2026-08-20 09:45:00,ATM-2,PE,1030.0,1049.8,2.85,3.1,2.8,3.1,21.086666,66750,1898250
2026-08-20 09:50:00,ATM-2,PE,1030.0,1050.6,3.1,3.1,2.75,2.8,20.691587,43500,1906500
2026-08-20 09:55:00,ATM-2,PE,1030.0,1050.0,2.75,2.9,2.6,2.85,20.505264,81750,1923000
2026-08-20 10:00:00,ATM-2,PE,1030.0,1049.4,2.75,2.9,2.75,2.85,20.171833,18000,1917750
2026-08-20 10:05:00,ATM-2,PE,1030.0,1049.6,2.85,2.9,2.8,2.85,20.291438,31500,1921500
2026-08-20 10:10:00,ATM-2,PE,1030.0,1049.8,2.85,2.9,2.7,2.7,19.977871,41250,1917000
2026-08-20 10:15:00,ATM-2,PE,1030.0,1049.3,2.75,2.9,2.7,2.9,20.275385,37500,1934250
2026-08-20 10:20:00,ATM-2,PE,1030.0,1048.3,2.9,2.95,2.85,2.95,19.847222,37500,1935750
2026-08-20 10:25:00,ATM-2,PE,1030.0,1048.2,2.95,3.0,2.85,3.0,19.934149,66000,1905000
2026-08-20 10:30:00,ATM-2,PE,1030.0,1048.4,3.0,3.0,2.8,2.8,19.495577,37500,1923000
2026-08-20 10:35:00,ATM-2,PE,1030.0,1048.5,2.8,2.9,2.7,2.85,19.700207,47250,1927500
2026-08-20 10:40:00,ATM-2,PE,1030.0,1049.9,2.8,2.85,2.5,2.5,19.480226,60750,1934250
2026-08-20 10:45:00,ATM-2,PE,1030.0,1051.2,2.5,2.55,2.3,2.35,19.740776,63750,1945500
2026-08-20 10:50:00,ATM-2,PE,1030.0,1050.4,2.25,2.4,2.25,2.3,19.158989,68250,1945500
2026-08-20 10:55:00,ATM-2,PE,1030.0,1050.8,2.3,2.3,2.25,2.25,19.225762,19500,1936500
2026-08-20 11:00:00,ATM-2,PE,1030.0,1050.8,2.3,2.35,2.25,2.35,19.542162,23250,1926750
2026-08-20 11:05:00,ATM-2,PE,1030.0,1049.8,2.35,2.45,2.35,2.4,19.154099,66750,1944000
2026-08-20 11:10:00,ATM-2,PE,1030.0,1049.4,2.35,2.5,2.35,2.4,18.939262,30750,1932000
2026-08-20 11:15:00,ATM-2,PE,1030.0,1048.0,2.6,2.65,2.4,2.65,18.891933,38250,1933500
2026-08-20 11:20:00,ATM-2,PE,1030.0,1047.6,2.65,2.8,2.65,2.8,19.093087,63000,1910250
2026-08-20 11:25:00,ATM-2,PE,1030.0,1047.5,2.85,2.9,2.75,2.75,18.900203,60000,1911000
2026-08-20 11:30:00,ATM-2,PE,1030.0,1048.0,2.7,2.75,2.5,2.55,18.620727,27750,1903500
2026-08-20 11:35:00,ATM-2,PE,1030.0,1048.0,2.65,2.65,2.5,2.5,18.480914,17250,1904250
2026-08-20 11:40:00,ATM-2,PE,1030.0,1047.9,2.5,2.5,2.5,2.5,18.429898,5250,1902750
2026-08-20 11:45:00,ATM-2,PE,1030.0,1048.0,2.5,2.55,2.4,2.4,18.198488,9000,1902000
2026-08-20 11:50:00,ATM-2,PE,1030.0,1046.8,2.45,2.65,2.4,2.65,18.240491,42750,1923750
2026-08-20 11:55:00,ATM-2,PE,1030.0,1047.0,2.6,2.8,2.6,2.6,18.219972,69000,1916250
2026-08-20 12:00:00,ATM-2,PE,1030.0,1046.9,2.6,2.65,2.6,2.65,18.309664,9000,1910250
2026-08-20 12:05:00,ATM-2,PE,1030.0,1047.0,2.6,2.65,2.5,2.6,18.231099,9000,1912500
2026-08-20 12:10:00,ATM-2,PE,1030.0,1047.8,2.5,2.6,2.35,2.35,17.965583,39000,1914000
2026-08-20 12:15:00,ATM-2,PE,1030.0,1047.8,2.35,2.4,2.35,2.35,17.971083,8250,1914750
2026-08-20 12:20:00,ATM-2,PE,1030.0,1046.9,2.35,2.55,2.35,2.55,18.047125,33750,1918500
2026-08-20 12:25:00,ATM-2,PE,1030.0,1047.5,2.55,2.55,2.5,2.5,18.252806,6000,1917000
2026-08-20 12:30:00,ATM-2,PE,1030.0,1047.0,2.5,2.65,2.45,2.5,17.971946,66000,1887000
2026-08-20 12:35:00,ATM-2,PE,1030.0,1047.6,2.6,2.6,2.4,2.4,18.028174,33000,1868250
2026-08-20 12:40:00,ATM-2,PE,1030.0,1047.0,2.35,2.4,2.35,2.4,17.692485,10500,1871250
2026-08-20 12:45:00,ATM-2,PE,1030.0,1048.9,2.4,2.45,2.15,2.2,18.162498,57750,1875750
2026-08-20 12:50:00,ATM-2,PE,1030.0,1048.7,2.1,2.2,1.9,2.05,17.591218,183000,1884000
2026-08-20 12:55:00,ATM-2,PE,1030.0,1049.9,2.05,2.05,1.85,2.0,18.085809,95250,1887000
2026-08-20 13:00:00,ATM-2,PE,1030.0,1049.4,1.95,2.05,1.95,2.0,17.822616,29250,1873500
2026-08-20 13:05:00,ATM-2,PE,1030.0,1049.0,2.05,2.05,1.95,1.95,17.451967,51000,1871250
2026-08-20 13:10:00,ATM-2,PE,1030.0,1049.7,2.0,2.05,1.9,1.95,17.833338,12750,1896000
2026-08-20 13:15:00,ATM-2,PE,1030.0,1049.5,1.95,1.95,1.9,1.9,17.568878,9000,1895250
2026-08-20 13:20:00,ATM-2,PE,1030.0,1049.7,1.9,1.95,1.85,1.85,17.516266,12000,1892250
2026-08-20 13:25:00,ATM-2,PE,1030.0,1050.0,1.9,1.95,1.8,1.8,17.513574,46500,1881750
2026-08-20 13:30:00,ATM-2,PE,1030.0,1050.2,1.8,1.85,1.8,1.85,17.791999,42000,1902000
2026-08-20 13:35:00,ATM-2,PE,1030.0,1049.4,1.8,1.9,1.75,1.9,17.537204,36000,1900500
2026-08-20 13:40:00,ATM-2,PE,1030.0,1049.7,1.9,1.95,1.85,1.85,17.538052,47250,1901250
2026-08-20 13:45:00,ATM-2,PE,1030.0,1050.3,1.8,1.85,1.75,1.75,17.523636,15750,1897500
2026-08-20 13:50:00,ATM-2,PE,1030.0,1050.0,1.8,1.8,1.7,1.8,17.540853,32250,1893000
2026-08-20 13:55:00,ATM-2,PE,1030.0,1049.8,1.75,1.85,1.75,1.85,17.607614,24000,1890750
2026-08-20 14:00:00,ATM-2,PE,1030.0,1049.4,1.85,1.95,1.8,1.95,17.727547,5250,1893000
2026-08-20 14:05:00,ATM-2,PE,1030.0,1048.5,2.05,2.1,1.95,2.1,17.720538,72750,1878750
2026-08-20 14:10:00,ATM-2,PE,1030.0,1048.1,2.1,2.25,2.1,2.2,17.813794,60000,1878750
2026-08-20 14:15:00,ATM-2,PE,1030.0,1048.2,2.2,2.35,2.2,2.3,18.180226,42750,1894500
2026-08-20 14:20:00,ATM-2,PE,1030.0,1048.3,2.3,2.3,2.15,2.25,18.089862,30000,1887750
2026-08-20 14:25:00,ATM-2,PE,1030.0,1048.2,2.3,2.3,2.15,2.2,17.886337,60000,1880250
2026-08-20 14:30:00,ATM-2,PE,1030.0,1047.9,2.2,2.3,2.2,2.3,18.028066,22500,1851750
2026-08-20 14:35:00,ATM-2,PE,1030.0,1048.3,2.3,2.3,2.2,2.2,17.953375,38250,1848000
2026-08-20 14:40:00,ATM-2,PE,1030.0,1048.7,2.15,2.2,2.05,2.05,17.711892,21000,1845000
2026-08-20 14:45:00,ATM-2,PE,1030.0,1048.4,2.1,2.15,2.0,2.15,17.865584,15750,1844250
2026-08-20 14:50:00,ATM-2,PE,1030.0,1048.9,2.15,2.15,2.0,2.0,17.673116,20250,1840500
2026-08-20 14:55:00,ATM-2,PE,1030.0,1049.7,2.1,2.1,1.95,1.95,17.950755,36750,1832250
2026-08-20 15:00:00,ATM-2,PE,1030.0,1048.4,2.0,2.15,1.95,2.15,17.882409,67500,1833000
2026-08-20 15:05:00,ATM-2,PE,1030.0,1048.1,2.15,2.2,2.1,2.15,17.720826,23250,1834500
2026-08-20 15:10:00,ATM-2,PE,1030.0,1047.5,2.15,2.3,2.15,2.2,17.543272,69000,1800000
2026-08-20 15:15:00,ATM-2,PE,1030.0,1047.5,2.25,2.25,2.2,2.25,17.700799,28500,1806000
2026-08-20 15:20:00,ATM-2,PE,1030.0,1047.5,2.3,2.45,2.25,2.4,18.156719,89250,1795500
2026-08-20 15:25:00,ATM-2,PE,1030.0,1048.0,2.4,2.4,2.35,2.35,18.298371,26250,1809000
2026-08-20 15:30:00,ATM-2,PE,1030.0,1048.0,2.3,2.45,2.3,2.45,18.604001,46500,1780500
2026-08-20 15:35:00,ATM-2,PE,1030.0,1048.0,2.45,2.5,2.4,2.5,18.758522,51750,1773000
2026-08-21 09:15:00,ATM-2,PE,1030.0,1050.2,1.9,1.95,1.7,1.7,18.742108,183750,1785000
2026-08-21 09:20:00,ATM-2,PE,1030.0,1049.7,1.5,1.7,1.4,1.5,17.704871,94500,1775250
2026-08-21 09:25:00,ATM-2,PE,1030.0,1050.5,1.5,1.5,1.4,1.4,17.759649,63000,1777500
2026-08-21 09:30:00,ATM-2,PE,1030.0,1049.2,1.35,1.45,1.3,1.45,17.243498,51000,1763250
2026-08-21 09:35:00,ATM-2,PE,1030.0,1050.5,1.4,1.45,1.3,1.3,17.363365,39750,1761750
2026-08-21 09:40:00,ATM-2,PE,1030.0,1052.2,1.15,1.3,1.0,1.05,17.170994,354000,1702500
2026-08-21 09:45:00,ATM-2,PE,1030.0,1054.0,1.0,1.05,0.8,0.85,17.093038,395250,1696500
2026-08-21 09:50:00,ATM-2,PE,1030.0,1053.3,0.85,0.85,0.8,0.8,16.4894,343500,1623000
2026-08-21 09:55:00,ATM-2,PE,1030.0,1052.0,0.9,1.0,0.8,1.0,16.851816,54000,1624500
2026-08-21 10:00:00,ATM-2,PE,1030.0,1051.3,1.0,1.1,1.0,1.0,16.497521,40500,1649250
2026-08-21 10:05:00,ATM-2,PE,1030.0,1050.0,1.05,1.1,1.0,1.1,16.277388,59250,1638000
2026-08-21 10:10:00,ATM-2,PE,1030.0,1051.3,1.15,1.15,1.05,1.05,16.742618,63750,1632750
2026-08-21 10:15:00,ATM-2,PE,1030.0,1050.4,1.05,1.1,1.05,1.1,16.502052,12750,1631250
2026-08-21 10:20:00,ATM-2,PE,1030.0,1050.7,1.1,1.1,1.05,1.1,16.667135,31500,1633500
2026-08-21 10:25:00,ATM-2,PE,1030.0,1050.1,1.1,1.2,1.05,1.15,16.574514,72000,1622250
2026-08-21 10:30:00,ATM-2,PE,1030.0,1049.7,1.2,1.25,1.15,1.2,16.580002,35250,1622250
2026-08-21 10:35:00,ATM-2,PE,1030.0,1049.3,1.2,1.2,1.1,1.2,16.368999,182250,1670250
2026-08-21 10:40:00,ATM-2,PE,1030.0,1049.4,1.1,1.2,1.1,1.2,16.429632,36000,1653000
2026-08-21 10:45:00,ATM-2,PE,1030.0,1049.4,1.2,1.2,1.05,1.15,16.222781,12750,1654500
2026-08-21 10:50:00,ATM-2,PE,1030.0,1050.3,1.2,1.2,0.95,0.95,15.805285,204000,1607250
2026-08-21 10:55:00,ATM-2,PE,1030.0,1049.8,0.95,1.0,0.95,1.0,15.782819,6750,1599750
2026-08-21 11:00:00,ATM-2,PE,1030.0,1049.0,1.0,1.05,0.95,1.05,15.589789,42000,1605000
2026-08-21 11:05:00,ATM-2,PE,1030.0,1048.5,1.05,1.2,1.05,1.1,15.544905,98250,1635750
2026-08-21 11:10:00,ATM-2,PE,1030.0,1049.1,1.1,1.15,1.1,1.15,16.091027,12000,1641000
2026-08-21 11:15:00,ATM-2,PE,1030.0,1049.5,1.1,1.15,1.1,1.1,16.096318,13500,1641000
2026-08-21 11:20:00,ATM-2,PE,1030.0,1050.2,1.05,1.1,0.9,0.9,15.550192,28500,1646250
2026-08-21 11:25:00,ATM-2,PE,1030.0,1050.1,0.9,1.0,0.9,1.0,15.976989,3000,1645500
2026-08-21 11:30:00,ATM-2,PE,1030.0,1049.6,1.0,1.0,0.95,0.95,15.487928,32250,1622250
2026-08-21 11:35:00,ATM-2,PE,1030.0,1049.4,0.95,1.1,0.95,1.0,15.619546,101250,1627500
2026-08-21 11:40:00,ATM-2,PE,1030.0,1048.9,1.1,1.15,1.0,1.1,15.803314,37500,1631250
2026-08-21 11:45:00,ATM-2,PE,1030.0,1048.7,1.1,1.1,1.1,1.1,15.70096,8250,1630500
2026-08-21 11:50:00,ATM-2,PE,1030.0,1048.6,1.2,1.2,1.1,1.15,15.86726,41250,1619250
2026-08-21 11:55:00,ATM-2,PE,1030.0,1046.8,1.2,1.45,1.15,1.45,16.057457,84750,1605000
2026-08-21 12:00:00,ATM-2,PE,1030.0,1046.9,1.5,1.55,1.45,1.5,16.309784,51000,1605000
2026-08-21 12:05:00,ATM-2,PE,1030.0,1046.8,1.55,1.55,1.5,1.55,16.443191,36000,1604250
2026-08-21 12:10:00,ATM-2,PE,1030.0,1046.0,1.55,1.55,1.4,1.5,15.79322,36000,1604250
2026-08-21 12:15:00,ATM-2,PE,1030.0,1045.9,1.6,1.75,1.5,1.6,16.103512,180000,1599750
2026-08-21 12:20:00,ATM-2,PE,1030.0,1046.8,1.55,1.6,1.4,1.45,16.088203,49500,1601250
2026-08-21 12:25:00,ATM-2,PE,1030.0,1047.0,1.5,1.5,1.35,1.35,15.826156,11250,1599000
2026-08-21 12:30:00,ATM-2,PE,1030.0,1047.0,1.35,1.35,1.25,1.25,15.437055,15750,1603500
2026-08-21 12:35:00,ATM-2,PE,1030.0,1046.3,1.3,1.35,1.25,1.3,15.240924,65250,1605000
2026-08-21 12:40:00,ATM-2,PE,1030.0,1046.9,1.35,1.45,1.3,1.45,16.171258,14250,1605000
2026-08-21 12:45:00,ATM-2,PE,1030.0,1045.9,1.45,1.7,1.45,1.7,16.497445,129000,1579500
2026-08-21 12:50:00,ATM-2,PE,1030.0,1045.9,1.75,1.85,1.7,1.8,16.854126,54000,1584000
2026-08-21 12:55:00,ATM-2,PE,1030.0,1045.9,1.85,1.85,1.6,1.7,16.510151,40500,1579500
2026-08-21 13:00:00,ATM-2,PE,1030.0,1046.1,1.65,1.75,1.65,1.75,16.814656,49500,1576500
2026-08-21 13:05:00,ATM-2,PE,1030.0,1045.9,1.7,1.8,1.55,1.55,15.983994,225000,1575000
2026-08-21 13:10:00,ATM-2,PE,1030.0,1045.8,1.65,1.75,1.55,1.75,16.644339,72000,1593000
2026-08-21 13:15:00,ATM-2,PE,1030.0,1045.1,1.6,1.8,0.7,1.75,16.220239,101250,1597500
2026-08-21 13:20:00,ATM-2,PE,1030.0,1045.1,1.8,1.8,0.75,1.7,16.052701,8250,1599000
2026-08-21 13:25:00,ATM-2,PE,1030.0,1045.4,0.7,1.75,0.7,1.7,16.243047,36000,1604250
2026-08-21 13:30:00,ATM-2,PE,1020.0,1043.7,0.75,0.8,0.75,0.8,17.13076,12750,2373750
2026-08-21 13:35:00,ATM-2,PE,1020.0,1044.2,0.8,0.85,0.8,0.8,17.388417,11250,2375250
2026-08-21 13:40:00,ATM-2,PE,1020.0,1043.8,0.8,0.85,0.8,0.85,17.469232,25500,2358000
2026-08-21 13:45:00,ATM-2,PE,1020.0,1043.6,0.85,0.85,0.8,0.85,17.374559,9000,2351250
2026-08-21 13:50:00,ATM-2,PE,1020.0,1044.6,0.85,0.85,0.85,0.85,17.888176,0,2351250
2026-08-21 13:55:00,ATM-2,PE,1020.0,1045.0,0.7,0.85,0.7,0.75,17.527187,12750,2355000
2026-08-21 14:00:00,ATM-2,PE,1020.0,1042.9,0.7,0.8,0.7,0.75,16.488851,57750,2366250
2026-08-21 14:05:00,ATM-2,PE,1020.0,1042.9,0.75,0.8,0.75,0.8,16.773966,9750,2367750
2026-08-21 14:10:00,ATM-2,PE,1020.0,1044.3,0.8,0.8,0.7,0.8,17.487097,18000,2367000
2026-08-21 14:15:00,ATM-2,PE,1020.0,1044.0,0.75,0.8,0.7,0.8,17.343251,42750,2376750
2026-08-21 14:20:00,ATM-2,PE,1020.0,1043.8,0.75,0.8,0.75,0.75,16.965845,42750,2353500
2026-08-21 14:25:00,ATM-2,PE,1020.0,1043.7,0.8,0.85,0.75,0.85,17.480973,35250,2365500
2026-08-21 14:30:00,ATM-2,PE,1020.0,1043.5,0.85,0.85,0.75,0.75,16.82935,9750,2361750
2026-08-21 14:35:00,ATM-2,PE,1020.0,1043.4,0.75,0.8,0.75,0.8,17.067813,3750,2361750
2026-08-21 14:40:00,ATM-2,PE,1020.0,1043.6,0.8,0.8,0.75,0.75,16.892909,5250,2365500
2026-08-21 14:45:00,ATM-2,PE,1020.0,1043.6,0.75,0.8,0.7,0.7,16.60765,11250,2367000
2026-08-21 14:50:00,ATM-2,PE,1020.0,1043.7,0.7,0.8,0.7,0.8,17.240293,1500,2367750
2026-08-21 14:55:00,ATM-2,PE,1020.0,1043.1,0.8,0.8,0.75,0.8,16.9428,9750,2367750
2026-08-21 15:00:00,ATM-2,PE,1020.0,1041.9,0.85,0.85,0.75,0.8,16.336224,53250,2365500
2026-08-21 15:05:00,ATM-2,PE,1020.0,1040.9,0.85,0.85,0.8,0.85,16.088821,72750,2331750
2026-08-21 15:10:00,ATM-2,PE,1020.0,1041.0,0.85,0.9,0.8,0.85,16.147571,51750,2301000
2026-08-21 15:15:00,ATM-2,PE,1020.0,1041.0,0.8,0.9,0.8,0.8,15.891306,39750,2289750
2026-08-21 15:20:00,ATM-2,PE,1020.0,1041.0,0.8,0.85,0.75,0.75,15.627403,52500,2255250
2026-08-21 15:25:00,ATM-2,PE,1030.0,1048.7,0.75,1.95,0.7,1.95,19.31962,15750,1580250
2026-08-21 15:30:00,ATM-2,PE,1030.0,1048.7,1.9,1.95,1.75,1.75,18.595791,35250,1584000
2026-08-21 15:35:00,ATM-2,PE,1030.0,1048.7,1.75,2.0,1.75,2.0,19.514227,62250,1550250
2026-08-24 09:15:00,ATM-2,PE,1020.0,1044.7,1.1,1.4,0.4,0.4,26.30342,171750,2204250
2026-08-24 09:20:00,ATM-2,PE,1020.0,1045.0,0.35,0.4,0.35,0.35,25.846022,95250,2161500
2026-08-24 09:25:00,ATM-2,PE,1020.0,1044.5,0.35,1.0,0.2,0.25,23.827803,150000,2112000
2026-08-24 09:30:00,ATM-2,PE,1020.0,1044.1,0.25,0.3,0.25,0.3,24.412335,103500,2093250
2026-08-24 09:35:00,ATM-2,PE,1020.0,1043.8,0.3,0.35,0.3,0.35,24.987788,92250,2107500
2026-08-24 09:40:00,ATM-2,PE,1020.0,1044.4,0.4,0.45,0.35,0.4,26.236353,23250,2107500
2026-08-24 09:45:00,ATM-2,PE,1020.0,1044.0,0.4,0.45,0.35,0.45,26.623334,28500,2099250
2026-08-24 09:50:00,ATM-2,PE,1020.0,1044.5,0.45,0.45,0.4,0.45,27.078036,40500,2087250
2026-08-24 09:55:00,ATM-2,PE,1020.0,1044.5,0.4,0.45,0.4,0.4,26.426442,25500,2083500
2026-08-24 10:00:00,ATM-2,PE,1020.0,1044.3,0.45,0.45,0.4,0.4,26.298032,64500,2068500
2026-08-24 10:05:00,ATM-2,PE,1020.0,1043.6,0.45,0.45,0.4,0.45,26.432841,3750,2055750
2026-08-24 10:10:00,ATM-2,PE,1020.0,1043.7,0.45,0.45,0.45,0.45,26.553908,2250,2054250
2026-08-24 10:15:00,ATM-2,PE,1020.0,1043.4,0.45,0.5,0.4,0.4,25.659861,15750,2051250
2026-08-24 10:20:00,ATM-2,PE,1020.0,1043.8,0.45,0.45,0.4,0.4,26.028838,16500,2052000
2026-08-24 10:25:00,ATM-2,PE,1020.0,1042.6,0.4,0.45,0.4,0.45,25.728098,49500,2049750
2026-08-24 10:30:00,ATM-2,PE,1020.0,1042.5,0.45,0.45,0.45,0.45,25.678406,4500,2046000
2026-08-24 10:35:00,ATM-2,PE,1020.0,1041.1,0.45,0.7,0.45,0.65,26.792496,358500,2024250
2026-08-24 10:40:00,ATM-2,PE,1020.0,1041.0,0.65,0.7,0.65,0.65,26.738173,51750,1990500
2026-08-24 10:45:00,ATM-2,PE,1020.0,1040.9,0.7,0.75,0.65,0.7,27.199634,59250,2009250
2026-08-24 10:50:00,ATM-2,PE,1020.0,1040.7,0.8,0.85,0.7,0.75,27.54905,123750,2008500
2026-08-24 10:55:00,ATM-2,PE,1020.0,1040.0,0.7,0.8,0.7,0.8,27.399464,75750,1973250
2026-08-24 11:00:00,ATM-2,PE,1020.0,1040.0,0.8,0.9,0.8,0.9,28.356658,63000,1940250
2026-08-24 11:05:00,ATM-2,PE,1020.0,1037.0,0.8,1.1,0.8,1.1,27.010197,92250,1938750
2026-08-24 11:10:00,ATM-2,PE,1020.0,1036.7,1.1,1.2,1.1,1.2,27.493163,117750,1896000
2026-08-24 11:15:00,ATM-2,PE,1020.0,1035.9,1.3,1.4,1.2,1.3,27.395434,147750,1878750
2026-08-24 11:20:00,ATM-2,PE,1020.0,1036.0,1.3,1.3,1.25,1.3,27.544871,82500,1876500
2026-08-24 11:25:00,ATM-2,PE,1020.0,1036.0,1.3,1.3,1.1,1.1,26.10109,96750,1875750
2026-08-24 11:30:00,ATM-2,PE,1020.0,1035.1,1.2,1.35,0.5,1.3,26.624987,42750,1862250
2026-08-24 11:35:00,ATM-2,PE,1010.0,1034.0,0.6,0.6,0.5,0.55,29.032464,17250,608250
2026-08-24 11:40:00,ATM-2,PE,1020.0,1035.4,0.55,1.3,0.55,1.25,26.677853,85500,1835250
2026-08-24 11:45:00,ATM-2,PE,1020.0,1036.1,1.2,1.25,1.05,1.05,25.971237,138000,1866750
2026-08-24 11:50:00,ATM-2,PE,1020.0,1035.2,1.15,1.2,1.05,1.2,26.16893,20250,1857000
2026-08-24 11:55:00,ATM-2,PE,1010.0,1034.8,0.45,0.5,0.45,0.5,29.274743,13500,588750
2026-08-24 12:00:00,ATM-2,PE,1020.0,1035.4,0.5,1.25,0.5,1.15,26.094916,60750,1830750
2026-08-24 12:05:00,ATM-2,PE,1010.0,1034.7,0.5,0.5,0.5,0.5,29.272625,0,588750
2026-08-24 12:10:00,ATM-2,PE,1010.0,1034.9,0.5,0.5,0.5,0.5,29.494263,0,588750
2026-08-24 12:15:00,ATM-2,PE,1010.0,1034.3,0.5,0.5,0.45,0.45,28.321702,6000,585000
2026-08-24 12:20:00,ATM-2,PE,1010.0,1035.0,0.45,0.45,0.4,0.4,28.247671,2250,582000
2026-08-24 12:25:00,ATM-2,PE,1010.0,1034.6,0.4,0.4,0.4,0.4,27.9438,1500,582000
2026-08-24 12:30:00,ATM-2,PE,1010.0,1034.9,0.4,1.15,0.4,0.4,28.24611,1500,582000
2026-08-24 12:35:00,ATM-2,PE,1010.0,1034.6,1.15,1.2,0.4,0.4,28.028175,33750,582000
2026-08-24 12:40:00,ATM-2,PE,1010.0,1034.0,0.4,0.45,0.4,0.4,27.546985,9000,582000
2026-08-24 12:45:00,ATM-2,PE,1010.0,1034.3,0.4,0.45,0.4,0.4,27.851372,3000,584250
2026-08-24 12:50:00,ATM-2,PE,1010.0,1033.3,0.4,0.4,0.35,0.35,26.253188,1500,585000
2026-08-24 12:55:00,ATM-2,PE,1010.0,1034.0,0.45,0.45,0.35,0.4,27.673191,18000,587250
2026-08-24 13:00:00,ATM-2,PE,1010.0,1033.1,0.4,0.4,0.4,0.4,26.920973,4500,586500
2026-08-24 13:05:00,ATM-2,PE,1010.0,1033.9,0.4,0.4,0.3,0.3,26.056817,8250,585000
2026-08-24 13:10:00,ATM-2,PE,1010.0,1033.9,0.3,0.3,0.25,0.25,25.176833,1500,582750
2026-08-24 13:15:00,ATM-2,PE,1010.0,1034.8,0.3,0.3,0.25,0.25,25.959724,41250,585000
2026-08-24 13:20:00,ATM-2,PE,1010.0,1033.9,0.25,0.25,0.25,0.25,25.254983,0,585000
2026-08-24 13:25:00,ATM-2,PE,1010.0,1033.7,0.3,0.3,0.25,0.25,25.127905,13500,578250
2026-08-24 13:30:00,ATM-2,PE,1010.0,1033.7,0.25,0.25,0.25,0.25,25.167191,0,578250
2026-08-24 13:35:00,ATM-2,PE,1010.0,1034.0,0.25,0.25,0.25,0.25,25.457043,15000,582000
2026-08-24 13:40:00,ATM-2,PE,1010.0,1033.7,0.25,0.25,0.2,0.2,24.209857,5250,582000
2026-08-24 13:45:00,ATM-2,PE,1010.0,1033.6,0.2,0.2,0.2,0.2,24.166672,0,582000
2026-08-24 13:50:00,ATM-2,PE,1010.0,1033.5,0.2,0.25,0.2,0.25,25.158231,750,585000
2026-08-24 13:55:00,ATM-2,PE,1010.0,1033.0,0.25,0.25,0.2,0.25,24.776496,9000,587250
2026-08-24 14:00:00,ATM-2,PE,1010.0,1034.2,0.25,0.25,0.2,0.2,24.772096,14250,592500
2026-08-24 14:05:00,ATM-2,PE,1010.0,1033.9,0.2,0.2,0.2,0.2,24.566534,0,592500
2026-08-24 14:10:00,ATM-2,PE,1010.0,1033.4,0.2,0.25,0.2,0.25,25.234689,6000,597750
2026-08-24 14:15:00,ATM-2,PE,1010.0,1033.3,0.25,0.25,0.25,0.25,25.190478,2250,597750
2026-08-24 14:20:00,ATM-2,PE,1010.0,1033.8,0.25,0.25,0.2,0.2,24.603164,750,599250
2026-08-24 14:25:00,ATM-2,PE,1010.0,1034.8,0.2,0.45,0.15,0.15,24.213068,120750,597000
2026-08-24 14:30:00,ATM-2,PE,1010.0,1034.5,0.15,0.2,0.15,0.2,25.259627,13500,595500
2026-08-24 14:35:00,ATM-2,PE,1020.0,1035.5,0.2,0.4,0.15,0.35,19.74206,17250,1690500
2026-08-24 14:40:00,ATM-2,PE,1010.0,1035.0,0.3,0.4,0.2,0.2,25.753944,22500,597750
2026-08-24 14:45:00,ATM-2,PE,1010.0,1034.8,0.35,0.35,0.2,0.2,25.631542,1500,597750
2026-08-24 14:50:00,ATM-2,PE,1010.0,1035.0,0.2,0.2,0.15,0.15,24.57127,15000,597750
2026-08-24 14:55:00,ATM-2,PE,1010.0,1034.9,0.4,0.4,0.2,0.2,25.799045,2250,597750
2026-08-24 15:00:00,ATM-2,PE,1020.0,1036.2,0.4,0.4,0.35,0.35,20.570762,25500,1659000
2026-08-24 15:05:00,ATM-2,PE,1010.0,1035.0,0.2,0.4,0.2,0.2,25.967932,6750,597750
2026-08-24 15:10:00,ATM-2,PE,1020.0,1036.1,0.4,0.4,0.3,0.3,19.83713,21000,1585500
2026-08-24 15:15:00,ATM-2,PE,1020.0,1036.1,0.35,0.4,0.3,0.4,21.236512,20250,1587750
2026-08-24 15:20:00,ATM-2,PE,1020.0,1036.1,0.4,0.4,0.3,0.35,20.612255,86250,1551750
2026-08-24 15:25:00,ATM-2,PE,1020.0,1039.5,0.35,0.4,0.3,0.35,23.852516,48000,1518750
2026-08-24 15:30:00,ATM-2,PE,1020.0,1039.5,0.35,0.35,0.3,0.35,23.892805,16500,1521000
2026-08-24 15:35:00,ATM-2,PE,1020.0,1039.5,0.35,0.45,0.35,0.45,25.344406,22500,1510500
2026-08-25 09:15:00,ATM-2,PE,1020.0,1036.9,0.2,0.3,0.15,0.15,34.784928,45750,1474500
2026-08-25 09:20:00,ATM-2,PE,1020.0,1038.6,0.2,0.2,0.15,0.2,39.920181,77250,1480500
2026-08-25 09:25:00,ATM-2,PE,1020.0,1038.5,0.15,0.2,0.15,0.2,40.015742,26250,1480500
2026-08-25 09:30:00,ATM-2,PE,1020.0,1039.6,0.15,0.2,0.15,0.15,39.988931,81000,1494000
2026-08-25 09:35:00,ATM-2,PE,1020.0,1036.7,0.15,0.2,0.15,0.2,37.407907,39000,1494000
2026-08-25 09:40:00,ATM-2,PE,1020.0,1036.0,0.15,0.2,0.15,0.2,36.418425,45000,1490250
2026-08-25 09:45:00,ATM-2,PE,1010.0,1034.6,0.2,0.2,0.05,0.05,41.977921,22500,519750
2026-08-25 09:50:00,ATM-2,PE,1010.0,1034.7,0.05,0.05,0.05,0.05,42.425725,1500,519750
2026-08-25 09:55:00,ATM-2,PE,1020.0,1037.1,0.05,0.2,0.05,0.1,34.546033,55500,1482000
2026-08-25 10:00:00,ATM-2,PE,1020.0,1038.3,0.15,0.15,0.1,0.1,36.794292,27000,1466250
2026-08-25 10:05:00,ATM-2,PE,1020.0,1037.2,0.1,0.15,0.1,0.1,35.230326,27750,1464750
2026-08-25 10:10:00,ATM-2,PE,1020.0,1037.0,0.1,0.1,0.1,0.1,35.159786,3750,1461000
2026-08-25 10:15:00,ATM-2,PE,1020.0,1035.3,0.1,0.15,0.1,0.1,32.504838,6000,1460250
2026-08-25 10:20:00,ATM-2,PE,1010.0,1034.8,0.15,0.15,0.1,0.1,49.250092,59250,503250
2026-08-25 10:25:00,ATM-2,PE,1010.0,1034.0,0.1,0.1,0.1,0.1,48.310982,0,503250
2026-08-25 10:30:00,ATM-2,PE,1010.0,1034.2,0.1,0.1,0.1,0.1,49.040353,16500,501750
2026-08-25 10:35:00,ATM-2,PE,1020.0,1035.4,0.1,0.1,0.05,0.1,33.742885,0,1498500
2026-08-25 10:40:00,ATM-2,PE,1020.0,1037.1,0.1,0.15,0.1,0.15,39.822976,35250,1482750
2026-08-25 10:45:00,ATM-2,PE,1020.0,1039.5,0.15,0.2,0.15,0.15,44.650285,69750,1433250
2026-08-25 10:50:00,ATM-2,PE,1020.0,1042.1,0.15,0.2,0.15,0.15,49.849842,153750,1308000
2026-08-25 10:55:00,ATM-2,PE,1020.0,1040.1,0.15,0.2,0.15,0.15,46.565107,5250,1302000
2026-08-25 11:00:00,ATM-2,PE,1020.0,1038.6,0.15,0.15,0.15,0.15,44.128633,3750,1300500
2026-08-25 11:05:00,ATM-2,PE,1020.0,1037.5,0.15,0.15,0.15,0.15,42.397492,15000,1296000
2026-08-25 11:10:00,ATM-2,PE,1020.0,1039.0,0.15,0.2,0.15,0.2,48.253257,60750,1296000
2026-08-25 11:15:00,ATM-2,PE,1020.0,1038.5,0.25,0.65,0.15,0.45,56.820212,179250,1245000
2026-08-25 11:20:00,ATM-2,PE,1020.0,1039.2,0.4,0.45,0.25,0.25,51.840234,57000,1231500
2026-08-25 11:25:00,ATM-2,PE,1020.0,1040.5,0.25,0.25,0.2,0.25,55.122403,8250,1230000
2026-08-25 11:30:00,ATM-2,PE,1020.0,1040.0,0.25,0.25,0.15,0.15,49.565597,33750,1230750
2026-08-25 11:35:00,ATM-2,PE,1020.0,1040.1,0.25,0.25,0.15,0.15,50.280016,139500,1215750
2026-08-25 11:40:00,ATM-2,PE,1020.0,1040.3,0.15,0.2,0.15,0.2,54.002532,5250,1215750
2026-08-25 11:45:00,ATM-2,PE,1020.0,1039.9,0.2,0.2,0.15,0.2,53.724417,3000,1216500
2026-08-25 11:50:00,ATM-2,PE,1020.0,1040.8,0.2,0.2,0.2,0.2,56.267975,4500,1218000
2026-08-25 11:55:00,ATM-2,PE,1020.0,1042.5,0.2,0.2,0.15,0.2,60.595211,15750,1218000
2026-08-25 12:00:00,ATM-2,PE,1020.0,1043.9,0.2,0.2,0.15,0.2,64.338228,24000,1206750
2026-08-25 12:05:00,ATM-2,PE,1020.0,1042.2,0.2,0.2,0.1,0.15,58.25497,20250,1198500
2026-08-25 12:10:00,ATM-2,PE,1020.0,1042.5,0.1,0.2,0.1,0.15,59.606843,8250,1194750
2026-08-25 12:15:00,ATM-2,PE,1020.0,1041.6,0.1,0.15,0.1,0.1,54.540345,10500,1183500
2026-08-25 12:20:00,ATM-2,PE,1020.0,1040.7,0.1,0.15,0.1,0.15,57.106889,29250,1155000
2026-08-25 12:25:00,ATM-2,PE,1020.0,1040.6,0.15,0.15,0.1,0.15,57.624285,2250,1154250
2026-08-25 12:30:00,ATM-2,PE,1020.0,1040.7,0.15,0.15,0.15,0.15,58.625338,1500,1150500
2026-08-25 12:35:00,ATM-2,PE,1020.0,1040.8,0.1,0.15,0.1,0.1,55.714204,6000,1147500
2026-08-25 12:40:00,ATM-2,PE,1020.0,1041.9,0.1,0.1,0.1,0.1,58.964781,4500,1143750
2026-08-25 12:45:00,ATM-2,PE,1020.0,1041.0,0.1,0.1,0.1,0.1,57.780593,3000,1132500
2026-08-25 12:50:00,ATM-2,PE,1020.0,1041.0,0.1,0.1,0.1,0.1,58.647076,15750,1134000
2026-08-25 12:55:00,ATM-2,PE,1020.0,1041.0,0.05,0.1,0.05,0.05,53.675169,25500,1133250
2026-08-25 13:00:00,ATM-2,PE,1020.0,1040.0,0.05,0.1,0.05,0.1,58.112298,159000,1128750
2026-08-25 13:05:00,ATM-2,PE,1020.0,1039.9,0.05,0.1,0.05,0.05,52.957161,16500,1065000
2026-08-25 13:10:00,ATM-2,PE,1020.0,1038.3,0.05,0.05,0.05,0.05,50.168089,0,1065000
2026-08-25 13:15:00,ATM-2,PE,1020.0,1037.9,0.05,0.05,0.05,0.05,50.107683,0,1064250
2026-08-25 13:20:00,ATM-2,PE,1020.0,1037.3,0.05,0.05,0.05,0.05,49.574779,0,1064250
2026-08-25 13:25:00,ATM-2,PE,1020.0,1038.5,0.05,0.05,0.05,0.05,53.465788,0,1064250
2026-08-25 13:30:00,ATM-2,PE,1020.0,1038.3,0.05,0.05,0.05,0.05,54.022683,4500,1062750
2026-08-25 13:35:00,ATM-2,PE,1020.0,1039.3,0.05,0.05,0.05,0.05,57.675829,0,1062750
2026-08-25 13:40:00,ATM-2,PE,1020.0,1038.9,0.05,0.05,0.05,0.05,57.877353,0,1062750
2026-08-25 13:45:00,ATM-2,PE,1020.0,1038.2,0.05,0.05,0.05,0.05,57.31399,0,1062750
2026-08-25 13:50:00,ATM-2,PE,1020.0,1041.8,0.05,0.05,0.05,0.05,68.366755,0,1059750
2026-08-25 13:55:00,ATM-2,PE,1020.0,1040.8,0.05,0.05,0.05,0.05,67.312229,0,1059750
2026-08-25 14:00:00,ATM-2,PE,1020.0,1040.7,0.05,0.05,0.05,0.05,68.775948,0,1059750
2026-08-25 14:05:00,ATM-2,PE,1020.0,1039.5,0.05,0.05,0.05,0.05,67.165891,5250,1055250
2026-08-25 14:10:00,ATM-2,PE,1020.0,1039.2,0.05,0.05,0.05,0.05,68.207465,1500,1053000
2026-08-25 14:15:00,ATM-2,PE,1020.0,1040.3,0.05,0.05,0.05,0.05,73.706083,0,1053000
2026-08-25 14:20:00,ATM-2,PE,1020.0,1041.1,0.05,0.05,0.05,0.05,78.660854,0,1052250
2026-08-25 14:25:00,ATM-2,PE,1020.0,1042.8,0.05,0.05,0.05,0.05,86.965459,9000,1046250
2026-08-25 14:30:00,ATM-2,PE,1020.0,1043.6,0.05,0.05,0.05,0.05,92.933423,2250,1041750
2026-08-25 14:35:00,ATM-2,PE,1020.0,1044.1,0.05,0.05,0.05,0.05,98.468752,1500,1040250
2026-08-25 14:40:00,ATM-2,PE,1020.0,1043.9,0.05,0.05,0.05,0.05,0.0,0,1040250
2026-08-25 14:45:00,ATM-2,PE,1020.0,1043.3,0.05,0.05,0.05,0.05,0.0,0,1040250
2026-08-25 14:50:00,ATM-2,PE,1020.0,1042.9,0.05,0.05,0.05,0.05,0.0,15750,1029000
2026-08-25 14:55:00,ATM-2,PE,1020.0,1043.7,0.05,0.05,0.05,0.05,0.0,750,1026000
2026-08-25 15:00:00,ATM-2,PE,1020.0,1043.5,0.05,0.05,0.05,0.05,0.0,1500,1025250
2026-08-25 15:05:00,ATM-2,PE,1020.0,1043.5,0.05,0.05,0.05,0.05,0.0,0,1025250
2026-08-25 15:10:00,ATM-2,PE,1020.0,1044.0,0.05,0.05,0.05,0.05,0.0,3000,1023000
2026-08-25 15:15:00,ATM-2,PE,1020.0,1044.0,0.05,0.05,0.05,0.05,0.0,3000,1020750
2026-08-25 15:20:00,ATM-2,PE,1020.0,1044.0,0.05,0.05,0.05,0.05,0.0,10500,1010250
2026-08-25 15:25:00,ATM-2,PE,1030.0,1048.0,0.05,0.05,0.05,0.05,0.0,0,933000
2026-08-25 15:30:00,ATM-2,PE,1030.0,1048.0,0.05,0.05,0.05,0.05,0.0,5250,927750
2026-08-25 15:35:00,ATM-2,PE,1030.0,1048.0,0.05,0.05,0.05,0.05,0.0,750,926250
2026-08-20 09:15:00,ATM-1,CE,1040.0,1048.0,13.8,16.0,13.8,14.0,16.829047,207000,1643250
2026-08-20 09:20:00,ATM-1,CE,1040.0,1048.1,13.55,14.15,13.5,13.95,16.574073,120750,1647000
2026-08-20 09:25:00,ATM-1,CE,1040.0,1050.1,14.45,15.6,13.95,15.5,16.937719,130500,1647000
2026-08-20 09:30:00,ATM-1,CE,1040.0,1049.8,15.75,15.8,14.75,15.0,16.278438,77250,1638750
2026-08-20 09:35:00,ATM-1,CE,1040.0,1049.0,15.1,15.35,14.35,14.35,16.091809,75750,1647000
2026-08-20 09:40:00,ATM-1,CE,1040.0,1050.2,14.55,15.35,14.35,15.35,16.441597,53250,1647000
2026-08-20 09:45:00,ATM-1,CE,1040.0,1049.8,15.1,15.35,14.7,14.8,15.830394,32250,1641750
2026-08-20 09:50:00,ATM-1,CE,1040.0,1050.6,14.85,15.3,14.8,15.15,15.277483,24750,1649250
2026-08-20 09:55:00,ATM-1,CE,1040.0,1050.0,15.45,15.7,15.05,15.05,16.094659,56250,1641750
2026-08-20 10:00:00,ATM-1,CE,1040.0,1049.4,15.1,15.1,14.7,14.75,16.399161,36000,1647750
2026-08-20 10:05:00,ATM-1,CE,1040.0,1049.6,14.6,14.75,14.5,14.75,16.076704,21000,1654500
2026-08-20 10:10:00,ATM-1,CE,1040.0,1049.8,14.75,14.85,14.75,14.85,15.982814,12000,1659000
2026-08-20 10:15:00,ATM-1,CE,1040.0,1049.3,14.75,14.85,14.1,14.1,15.067517,19500,1655250
2026-08-20 10:20:00,ATM-1,CE,1040.0,1048.3,14.25,14.25,13.9,14.15,16.800174,52500,1658250
2026-08-20 10:25:00,ATM-1,CE,1040.0,1048.2,14.1,14.15,13.65,13.75,16.061642,52500,1666500
2026-08-20 10:30:00,ATM-1,CE,1040.0,1048.4,13.75,13.9,13.7,13.9,16.095419,123750,1617750
2026-08-20 10:35:00,ATM-1,CE,1040.0,1048.5,14.05,14.25,13.9,13.9,15.944404,45750,1624500
2026-08-20 10:40:00,ATM-1,CE,1040.0,1049.9,13.9,14.8,13.9,14.8,15.735875,150750,1600500
2026-08-20 10:45:00,ATM-1,CE,1040.0,1051.2,14.85,15.35,14.65,15.3,14.602896,61500,1594500
2026-08-20 10:50:00,ATM-1,CE,1040.0,1050.4,15.45,15.5,15.3,15.3,16.078959,50250,1595250
2026-08-20 10:55:00,ATM-1,CE,1040.0,1050.8,15.25,15.3,15.25,15.3,15.371494,5250,1598250
2026-08-20 11:00:00,ATM-1,CE,1040.0,1050.8,15.05,15.3,15.05,15.05,14.755347,19500,1592250
2026-08-20 11:05:00,ATM-1,CE,1040.0,1049.8,14.9,15.05,14.65,14.9,16.177704,25500,1589250
2026-08-20 11:10:00,ATM-1,CE,1040.0,1049.4,14.65,14.9,14.4,14.4,15.680855,24750,1585500
2026-08-20 11:15:00,ATM-1,CE,1040.0,1048.0,14.2,14.4,13.85,13.85,16.664084,16500,1591500
2026-08-20 11:20:00,ATM-1,CE,1040.0,1047.6,13.9,13.9,13.55,13.6,16.716829,60750,1596750
2026-08-20 11:25:00,ATM-1,CE,1040.0,1047.5,13.5,13.75,13.2,13.7,17.093624,37500,1596750
2026-08-20 11:30:00,ATM-1,CE,1040.0,1048.0,13.8,14.3,13.7,14.25,17.577129,46500,1613250
2026-08-20 11:35:00,ATM-1,CE,1040.0,1048.0,14.0,14.25,14.0,14.2,17.473473,30750,1614750
2026-08-20 11:40:00,ATM-1,CE,1040.0,1047.9,14.25,14.3,14.2,14.3,17.850881,50250,1599000
2026-08-20 11:45:00,ATM-1,CE,1040.0,1048.0,14.15,14.55,14.1,14.55,18.263052,32250,1608750
2026-08-20 11:50:00,ATM-1,CE,1040.0,1046.8,14.55,14.6,13.7,13.7,18.135537,36000,1615500
2026-08-20 11:55:00,ATM-1,CE,1040.0,1047.0,13.6,13.85,13.45,13.8,18.078201,44250,1612500
2026-08-20 12:00:00,ATM-1,CE,1040.0,1046.9,13.9,13.95,13.8,13.95,18.551568,17250,1603500
2026-08-20 12:05:00,ATM-1,CE,1040.0,1047.0,14.25,14.25,13.9,14.1,18.743894,16500,1604250
2026-08-20 12:10:00,ATM-1,CE,1040.0,1047.8,14.35,14.55,14.1,14.55,18.59306,28500,1606500
2026-08-20 12:15:00,ATM-1,CE,1040.0,1047.8,14.55,14.6,14.35,14.35,18.160696,11250,1602750
2026-08-20 12:20:00,ATM-1,CE,1040.0,1046.9,14.35,14.35,14.0,14.05,18.798483,23250,1597500
2026-08-20 12:25:00,ATM-1,CE,1040.0,1047.5,14.05,14.2,14.0,14.2,18.281994,12000,1594500
2026-08-20 12:30:00,ATM-1,CE,1040.0,1047.0,14.0,14.2,13.95,14.05,18.674016,30000,1600500
2026-08-20 12:35:00,ATM-1,CE,1040.0,1047.6,14.05,14.35,13.95,14.25,18.262286,12750,1596750
2026-08-20 12:40:00,ATM-1,CE,1040.0,1047.0,14.5,14.5,14.1,14.2,19.014592,42750,1597500
2026-08-20 12:45:00,ATM-1,CE,1040.0,1048.9,14.3,15.2,14.2,15.15,18.342072,93750,1608000
2026-08-20 12:50:00,ATM-1,CE,1040.0,1048.7,15.3,16.1,15.15,15.2,18.76543,125250,1563750
2026-08-20 12:55:00,ATM-1,CE,1040.0,1049.9,15.3,16.0,15.2,15.8,18.270661,61500,1546500
2026-08-20 13:00:00,ATM-1,CE,1040.0,1049.4,15.85,15.85,15.4,15.5,18.383647,12000,1543500
2026-08-20 13:05:00,ATM-1,CE,1040.0,1049.0,15.6,15.8,15.3,15.4,18.782956,15750,1544250
2026-08-20 13:10:00,ATM-1,CE,1040.0,1049.7,15.15,15.8,15.15,15.55,18.038737,42750,1519500
2026-08-20 13:15:00,ATM-1,CE,1040.0,1049.5,15.55,15.65,15.5,15.65,18.592064,18000,1521750
2026-08-20 13:20:00,ATM-1,CE,1040.0,1049.7,15.55,15.7,15.55,15.7,18.398916,13500,1518750
2026-08-20 13:25:00,ATM-1,CE,1040.0,1050.0,15.4,16.0,15.25,15.9,18.387454,19500,1512750
2026-08-20 13:30:00,ATM-1,CE,1040.0,1050.2,15.85,16.15,15.55,16.15,18.650731,16500,1510500
2026-08-20 13:35:00,ATM-1,CE,1040.0,1049.4,16.15,16.15,15.7,15.8,19.11962,7500,1514250
2026-08-20 13:40:00,ATM-1,CE,1040.0,1049.7,15.35,15.8,15.1,15.5,17.969682,27000,1516500
2026-08-20 13:45:00,ATM-1,CE,1040.0,1050.3,15.5,15.8,15.45,15.8,17.694101,9750,1524000
2026-08-20 13:50:00,ATM-1,CE,1040.0,1050.0,15.8,15.95,15.4,15.4,17.260532,7500,1522500
2026-08-20 13:55:00,ATM-1,CE,1040.0,1049.8,15.25,15.4,15.15,15.25,17.247811,23250,1520250
2026-08-20 14:00:00,ATM-1,CE,1040.0,1049.4,15.35,15.35,14.8,15.0,17.326911,19500,1521000
2026-08-20 14:05:00,ATM-1,CE,1040.0,1048.5,14.8,15.0,14.1,14.1,16.698698,69000,1520250
2026-08-20 14:10:00,ATM-1,CE,1040.0,1048.1,14.1,14.2,13.85,14.0,17.101504,25500,1524000
2026-08-20 14:15:00,ATM-1,CE,1040.0,1048.2,13.85,14.2,13.8,14.05,17.068135,60000,1540500
2026-08-20 14:20:00,ATM-1,CE,1040.0,1048.3,14.05,14.1,13.8,13.95,16.692032,18750,1537500
2026-08-20 14:25:00,ATM-1,CE,1040.0,1048.2,13.75,14.25,13.75,14.1,17.196339,57000,1507500
2026-08-20 14:30:00,ATM-1,CE,1040.0,1047.9,14.05,14.25,14.0,14.0,17.435936,17250,1512000
2026-08-20 14:35:00,ATM-1,CE,1040.0,1048.3,13.8,14.3,13.6,14.3,17.510655,45000,1514250
2026-08-20 14:40:00,ATM-1,CE,1040.0,1048.7,14.35,14.5,14.3,14.35,17.007502,23250,1524000
2026-08-20 14:45:00,ATM-1,CE,1040.0,1048.4,14.4,14.5,14.2,14.3,17.371285,15000,1521000
2026-08-20 14:50:00,ATM-1,CE,1040.0,1048.9,14.25,14.4,14.2,14.4,16.817752,30000,1520250
2026-08-20 14:55:00,ATM-1,CE,1040.0,1049.7,14.3,14.6,14.1,14.6,15.962463,15750,1525500
2026-08-20 15:00:00,ATM-1,CE,1040.0,1048.4,14.45,14.6,13.65,13.85,16.361917,71250,1518000
2026-08-20 15:05:00,ATM-1,CE,1040.0,1048.1,13.85,13.85,13.65,13.65,16.384455,10500,1518000
2026-08-20 15:10:00,ATM-1,CE,1040.0,1047.5,13.55,14.0,13.2,13.8,17.646952,49500,1517250
2026-08-20 15:15:00,ATM-1,CE,1040.0,1047.5,13.6,13.8,13.5,13.5,16.982116,18000,1514250
2026-08-20 15:20:00,ATM-1,CE,1040.0,1047.5,13.55,13.55,12.8,12.95,15.742943,25500,1506750
2026-08-20 15:25:00,ATM-1,CE,1040.0,1048.0,12.6,12.95,12.55,12.9,14.833587,27750,1506750
2026-08-20 15:30:00,ATM-1,CE,1040.0,1048.0,12.95,13.2,12.65,12.8,14.604916,36000,1485000
2026-08-20 15:35:00,ATM-1,CE,1040.0,1048.0,12.65,12.8,12.2,12.55,14.018079,25500,1486500
2026-08-21 09:15:00,ATM-1,CE,1040.0,1050.2,14.05,14.05,12.2,12.65,11.107535,119250,1506750
2026-08-21 09:20:00,ATM-1,CE,1040.0,1049.7,13.0,13.0,12.6,12.6,12.234922,105750,1483500
2026-08-21 09:25:00,ATM-1,CE,1040.0,1050.5,12.4,12.6,12.3,12.55,9.862764,64500,1479000
2026-08-21 09:30:00,ATM-1,CE,1040.0,1049.2,12.9,12.9,12.1,12.1,11.924825,47250,1474500
2026-08-21 09:35:00,ATM-1,CE,1040.0,1050.5,12.35,12.8,12.1,12.7,10.440159,42000,1479750
2026-08-21 09:40:00,ATM-1,CE,1040.0,1052.2,13.25,14.35,12.7,13.95,9.503455,169500,1449000
2026-08-21 09:45:00,ATM-1,CE,1040.0,1054.0,13.95,15.0,13.95,14.85,0.0,108750,1443000
2026-08-21 09:50:00,ATM-1,CE,1040.0,1053.3,15.0,15.55,14.45,14.95,9.550028,88500,1430250
2026-08-21 09:55:00,ATM-1,CE,1040.0,1052.0,14.3,14.95,13.5,13.8,9.66277,52500,1424250
2026-08-21 10:00:00,ATM-1,CE,1040.0,1051.3,13.4,13.8,13.0,13.0,8.834167,42000,1428000
2026-08-21 10:05:00,ATM-1,CE,1040.0,1050.0,12.65,13.0,12.25,12.4,10.890125,69000,1430250
2026-08-21 10:10:00,ATM-1,CE,1040.0,1051.3,12.55,12.9,12.4,12.85,8.055036,36750,1439250
2026-08-21 10:15:00,ATM-1,CE,1040.0,1050.4,12.9,12.95,12.5,12.5,10.070034,15750,1435500
2026-08-21 10:20:00,ATM-1,CE,1040.0,1050.7,12.5,12.7,12.1,12.7,9.859384,28500,1431750
2026-08-21 10:25:00,ATM-1,CE,1040.0,1050.1,12.35,12.7,11.95,12.35,10.4588,88500,1429500
2026-08-21 10:30:00,ATM-1,CE,1040.0,1049.7,12.3,12.35,11.85,12.05,10.574445,36750,1417500
2026-08-21 10:35:00,ATM-1,CE,1040.0,1049.3,11.95,12.05,11.45,11.5,9.821907,45000,1437000
2026-08-21 10:40:00,ATM-1,CE,1040.0,1049.4,11.75,12.25,11.5,11.95,11.065936,20250,1433250
2026-08-21 10:45:00,ATM-1,CE,1040.0,1049.4,12.1,12.25,11.75,11.75,10.413412,10500,1434000
2026-08-21 10:50:00,ATM-1,CE,1040.0,1050.3,11.6,12.9,11.6,12.45,10.250249,84000,1416750
2026-08-21 10:55:00,ATM-1,CE,1040.0,1049.8,12.4,12.55,12.15,12.35,11.337883,12750,1414500
2026-08-21 11:00:00,ATM-1,CE,1040.0,1049.0,12.4,12.4,11.55,11.6,11.000613,84000,1414500
2026-08-21 11:05:00,ATM-1,CE,1040.0,1048.5,11.65,11.9,11.0,11.7,12.470127,131250,1395000
2026-08-21 11:10:00,ATM-1,CE,1040.0,1049.1,11.7,11.85,11.4,11.85,11.547079,16500,1395750
2026-08-21 11:15:00,ATM-1,CE,1040.0,1049.5,11.75,12.0,11.5,12.0,11.016282,27750,1392750
2026-08-21 11:20:00,ATM-1,CE,1040.0,1050.2,12.0,12.6,12.0,12.5,10.774839,21750,1381500
2026-08-21 11:25:00,ATM-1,CE,1040.0,1050.1,12.5,12.6,12.35,12.55,11.236618,8250,1384500
2026-08-21 11:30:00,ATM-1,CE,1040.0,1049.6,12.55,12.55,12.35,12.35,11.89992,33000,1390500
2026-08-21 11:35:00,ATM-1,CE,1040.0,1049.4,12.15,12.4,11.8,12.1,11.621878,99750,1395000
2026-08-21 11:40:00,ATM-1,CE,1040.0,1048.9,11.85,12.1,11.7,11.9,12.212683,25500,1410750
2026-08-21 11:45:00,ATM-1,CE,1040.0,1048.7,11.9,11.95,11.9,11.95,12.810254,6750,1409250
2026-08-21 11:50:00,ATM-1,CE,1040.0,1048.6,11.55,11.95,11.45,11.55,11.877248,77250,1423500
2026-08-21 11:55:00,ATM-1,CE,1040.0,1046.8,11.35,11.55,10.45,10.7,13.216454,61500,1422750
2026-08-21 12:00:00,ATM-1,CE,1040.0,1046.9,10.6,10.7,9.95,10.15,11.559891,75750,1420500
2026-08-21 12:05:00,ATM-1,CE,1040.0,1046.8,10.45,10.45,10.15,10.2,11.902891,45750,1420500
2026-08-21 12:10:00,ATM-1,CE,1040.0,1046.0,10.2,10.7,10.2,10.35,13.768773,23250,1421250
2026-08-21 12:15:00,ATM-1,CE,1040.0,1045.9,9.95,10.35,9.6,9.85,12.680738,72000,1437000
2026-08-21 12:20:00,ATM-1,CE,1040.0,1046.8,10.1,10.45,9.85,10.4,12.461099,25500,1445250
2026-08-21 12:25:00,ATM-1,CE,1040.0,1047.0,10.3,10.45,10.2,10.35,11.940916,12000,1454250
2026-08-21 12:30:00,ATM-1,CE,1040.0,1047.0,10.5,10.5,10.35,10.5,12.355396,9750,1458000
2026-08-21 12:35:00,ATM-1,CE,1040.0,1046.3,10.5,10.5,10.25,10.25,13.020871,3000,1458750
2026-08-21 12:40:00,ATM-1,CE,1040.0,1046.9,10.3,10.3,10.0,10.0,11.198652,36000,1453500
2026-08-21 12:45:00,ATM-1,CE,1040.0,1045.9,10.15,10.2,10.0,10.0,13.107087,12000,1449000
2026-08-21 12:50:00,ATM-1,CE,1040.0,1045.9,10.0,10.2,10.0,10.15,13.49563,24000,1443750
2026-08-21 12:55:00,ATM-1,CE,1040.0,1045.9,10.1,10.5,10.05,10.5,14.384055,62250,1452750
2026-08-21 13:00:00,ATM-1,CE,1040.0,1046.1,10.45,10.55,10.2,10.2,13.287044,33750,1455750
2026-08-21 13:05:00,ATM-1,CE,1040.0,1045.9,10.25,10.45,9.7,10.45,14.274275,100500,1467000
2026-08-21 13:10:00,ATM-1,CE,1040.0,1045.8,10.3,10.45,10.05,10.1,13.571616,30750,1488750
2026-08-21 13:15:00,ATM-1,CE,1040.0,1045.1,10.4,18.05,9.6,10.0,14.493737,36750,1489500
2026-08-21 13:20:00,ATM-1,CE,1040.0,1045.1,10.05,17.3,9.55,10.0,14.501459,40500,1485000
2026-08-21 13:25:00,ATM-1,CE,1040.0,1045.4,17.4,17.4,9.75,10.1,14.267708,6750,1477500
2026-08-21 13:30:00,ATM-1,CE,1030.0,1043.7,17.65,17.65,16.7,16.7,15.691004,3750,932250
2026-08-21 13:35:00,ATM-1,CE,1030.0,1044.2,16.7,16.7,16.25,16.35,12.899222,19500,934500
2026-08-21 13:40:00,ATM-1,CE,1030.0,1043.8,16.35,16.9,16.35,16.65,15.268071,4500,934500
2026-08-21 13:45:00,ATM-1,CE,1030.0,1043.6,16.65,16.7,16.45,16.45,15.151806,7500,938250
2026-08-21 13:50:00,ATM-1,CE,1030.0,1044.6,16.35,17.25,16.35,16.95,13.956352,11250,936750
2026-08-21 13:55:00,ATM-1,CE,1030.0,1045.0,17.1,17.5,16.95,17.5,14.774865,7500,933000
2026-08-21 14:00:00,ATM-1,CE,1030.0,1042.9,17.5,17.5,16.0,16.05,15.718848,18000,933750
2026-08-21 14:05:00,ATM-1,CE,1030.0,1042.9,16.35,16.4,16.05,16.2,16.203803,10500,933000
2026-08-21 14:10:00,ATM-1,CE,1030.0,1044.3,16.3,16.35,16.05,16.35,12.597455,4500,933000
2026-08-21 14:15:00,ATM-1,CE,1030.0,1044.0,16.45,16.75,16.35,16.7,14.936543,2250,933000
2026-08-21 14:20:00,ATM-1,CE,1030.0,1043.8,16.7,16.7,16.15,16.35,14.286402,5250,932250
2026-08-21 14:25:00,ATM-1,CE,1030.0,1043.7,15.95,16.35,15.85,16.2,14.05235,15750,938250
2026-08-21 14:30:00,ATM-1,CE,1030.0,1043.5,16.2,16.85,16.2,16.45,15.508368,6750,939750
2026-08-21 14:35:00,ATM-1,CE,1030.0,1043.4,16.45,16.45,16.45,16.45,15.784739,0,939750
2026-08-21 14:40:00,ATM-1,CE,1030.0,1043.6,16.45,16.5,15.95,15.95,13.458783,7500,938250
2026-08-21 14:45:00,ATM-1,CE,1030.0,1043.6,15.95,16.5,15.95,16.1,14.027852,9750,944250
2026-08-21 14:50:00,ATM-1,CE,1030.0,1043.7,16.1,16.1,15.75,15.75,12.332591,750,943500
2026-08-21 14:55:00,ATM-1,CE,1030.0,1043.1,15.85,15.85,15.4,15.4,12.997515,7500,944250
2026-08-21 15:00:00,ATM-1,CE,1030.0,1041.9,15.25,15.4,14.85,14.85,14.526879,72000,927000
2026-08-21 15:05:00,ATM-1,CE,1030.0,1040.9,14.7,14.85,14.0,14.0,14.345124,18750,913500
2026-08-21 15:10:00,ATM-1,CE,1030.0,1041.0,13.95,14.0,13.45,13.6,12.802972,15000,909000
2026-08-21 15:15:00,ATM-1,CE,1030.0,1041.0,13.75,14.0,13.5,13.75,13.310939,15000,905250
2026-08-21 15:20:00,ATM-1,CE,1030.0,1041.0,13.75,13.75,13.35,13.35,11.950684,1500,905250
2026-08-21 15:25:00,ATM-1,CE,1040.0,1048.7,14.1,14.25,6.9,6.9,0.0,17250,1491750
2026-08-21 15:30:00,ATM-1,CE,1040.0,1048.7,7.25,7.65,6.9,7.4,0.0,19500,1490250
2026-08-21 15:35:00,ATM-1,CE,1040.0,1048.7,7.3,7.5,7.25,7.4,0.0,30000,1484250
2026-08-24 09:15:00,ATM-1,CE,1030.0,1044.7,7.55,15.5,7.4,15.4,17.045518,130500,892500
2026-08-24 09:20:00,ATM-1,CE,1030.0,1045.0,15.35,15.4,14.45,15.1,0.0,47250,885000
2026-08-24 09:25:00,ATM-1,CE,1030.0,1044.5,15.1,16.2,7.35,15.4,19.014634,95250,886500
2026-08-24 09:30:00,ATM-1,CE,1030.0,1044.1,15.45,15.45,14.65,14.7,15.384194,14250,885000
2026-08-24 09:35:00,ATM-1,CE,1030.0,1043.8,14.85,14.9,14.4,14.4,15.169783,21000,884250
2026-08-24 09:40:00,ATM-1,CE,1030.0,1044.4,14.1,14.6,13.95,14.6,0.0,18000,890250
2026-08-24 09:45:00,ATM-1,CE,1030.0,1044.0,14.8,15.0,13.9,13.9,0.0,12000,892500
2026-08-24 09:50:00,ATM-1,CE,1030.0,1044.5,14.05,14.75,13.9,14.75,0.0,25500,890250
2026-08-24 09:55:00,ATM-1,CE,1030.0,1044.5,14.65,14.75,14.35,14.35,0.0,49500,881250
2026-08-24 10:00:00,ATM-1,CE,1030.0,1044.3,14.35,14.6,14.35,14.4,0.0,5250,878250
2026-08-24 10:05:00,ATM-1,CE,1030.0,1043.6,14.5,14.65,14.3,14.3,16.425189,6000,877500
2026-08-24 10:10:00,ATM-1,CE,1030.0,1043.7,14.35,14.35,13.8,14.3,15.322149,13500,874500
2026-08-24 10:15:00,ATM-1,CE,1030.0,1043.4,13.9,14.3,13.85,13.9,13.607578,14250,885000
2026-08-24 10:20:00,ATM-1,CE,1030.0,1043.8,13.5,13.9,13.5,13.75,0.0,10500,883500
2026-08-24 10:25:00,ATM-1,CE,1030.0,1042.6,13.75,13.75,13.05,13.05,12.12055,117000,872250
2026-08-24 10:30:00,ATM-1,CE,1030.0,1042.5,13.3,13.3,12.35,12.35,0.0,28500,859500
2026-08-24 10:35:00,ATM-1,CE,1030.0,1041.1,12.75,12.75,12.05,12.05,16.628558,30000,866250
2026-08-24 10:40:00,ATM-1,CE,1030.0,1041.0,11.95,12.25,11.95,11.95,16.558378,21000,856500
2026-08-24 10:45:00,ATM-1,CE,1030.0,1040.9,11.95,11.95,11.7,11.8,16.073152,12000,855750
2026-08-24 10:50:00,ATM-1,CE,1030.0,1040.7,11.8,11.8,11.15,11.6,15.902801,42750,843000
2026-08-24 10:55:00,ATM-1,CE,1030.0,1040.0,11.95,11.95,11.4,11.4,18.82037,9000,842250
2026-08-24 11:00:00,ATM-1,CE,1030.0,1040.0,11.35,11.4,10.7,10.85,14.835883,23250,836250
2026-08-24 11:05:00,ATM-1,CE,1030.0,1037.0,10.85,10.9,9.1,9.25,19.987761,41250,820500
2026-08-24 11:10:00,ATM-1,CE,1030.0,1036.7,9.5,9.5,8.85,8.85,19.092614,103500,821250
2026-08-24 11:15:00,ATM-1,CE,1030.0,1035.9,8.65,8.85,8.55,8.6,20.744759,96750,828750
2026-08-24 11:20:00,ATM-1,CE,1030.0,1036.0,8.5,8.75,8.45,8.5,19.942912,139500,888000
2026-08-24 11:25:00,ATM-1,CE,1030.0,1036.0,8.7,9.15,8.5,9.1,22.893719,54750,886500
2026-08-24 11:30:00,ATM-1,CE,1030.0,1035.1,8.95,16.8,7.75,7.75,19.409352,62250,870750
2026-08-24 11:35:00,ATM-1,CE,1020.0,1034.0,15.25,15.8,15.0,15.5,24.53823,19500,1206000
2026-08-24 11:40:00,ATM-1,CE,1030.0,1035.4,15.5,15.5,7.75,8.15,20.410281,37500,855000
2026-08-24 11:45:00,ATM-1,CE,1030.0,1036.1,8.15,9.05,8.15,9.0,22.226066,48000,858000
2026-08-24 11:50:00,ATM-1,CE,1030.0,1035.2,8.8,9.0,8.4,8.4,22.319909,39000,859500
2026-08-24 11:55:00,ATM-1,CE,1020.0,1034.8,16.1,16.7,16.1,16.1,24.087016,750,1211250
2026-08-24 12:00:00,ATM-1,CE,1030.0,1035.4,15.5,16.1,8.05,8.35,21.512509,30750,857250
2026-08-24 12:05:00,ATM-1,CE,1020.0,1034.7,16.15,16.3,15.7,15.7,21.547378,3000,1211250
2026-08-24 12:10:00,ATM-1,CE,1020.0,1034.9,15.7,15.7,15.5,15.5,17.429356,10500,1207500
2026-08-24 12:15:00,ATM-1,CE,1020.0,1034.3,15.5,15.5,15.25,15.3,21.220701,3750,1206750
2026-08-24 12:20:00,ATM-1,CE,1020.0,1035.0,15.15,15.3,15.15,15.3,0.0,6000,1205250
2026-08-24 12:25:00,ATM-1,CE,1020.0,1034.6,15.25,15.4,15.1,15.1,15.756117,10500,1200750
2026-08-24 12:30:00,ATM-1,CE,1020.0,1034.9,15.25,15.25,7.75,14.95,0.0,18000,1196250
2026-08-24 12:35:00,ATM-1,CE,1020.0,1034.6,7.75,15.05,7.5,14.5,0.0,24000,1195500
2026-08-24 12:40:00,ATM-1,CE,1020.0,1034.0,14.55,14.55,14.25,14.25,0.0,12750,1194750
2026-08-24 12:45:00,ATM-1,CE,1020.0,1034.3,14.25,14.55,14.0,14.35,0.0,6000,1195500
2026-08-24 12:50:00,ATM-1,CE,1020.0,1033.3,14.35,14.5,13.75,13.9,16.299329,24750,1199250
2026-08-24 12:55:00,ATM-1,CE,1020.0,1034.0,13.6,13.9,13.6,13.6,0.0,10500,1199250
2026-08-24 13:00:00,ATM-1,CE,1020.0,1033.1,13.6,14.0,13.35,13.5,12.804233,24000,1203750
2026-08-24 13:05:00,ATM-1,CE,1020.0,1033.9,13.3,14.55,12.8,14.55,17.601011,72750,1203000
2026-08-24 13:10:00,ATM-1,CE,1020.0,1033.9,14.45,14.55,14.15,14.15,0.0,20250,1207500
2026-08-24 13:15:00,ATM-1,CE,1020.0,1034.8,14.15,14.95,14.1,14.85,0.0,54750,1202250
2026-08-24 13:20:00,ATM-1,CE,1020.0,1033.9,14.95,14.95,13.8,13.8,0.0,6000,1199250
2026-08-24 13:25:00,ATM-1,CE,1020.0,1033.7,13.8,13.8,13.8,13.8,0.0,750,1199250
2026-08-24 13:30:00,ATM-1,CE,1020.0,1033.7,13.8,13.95,13.5,13.5,0.0,6000,1201500
2026-08-24 13:35:00,ATM-1,CE,1020.0,1034.0,13.1,13.5,12.95,13.25,0.0,8250,1203750
2026-08-24 13:40:00,ATM-1,CE,1020.0,1033.7,13.2,13.55,13.2,13.55,0.0,12000,1200000
2026-08-24 13:45:00,ATM-1,CE,1020.0,1033.6,13.55,13.55,12.8,13.25,0.0,9000,1200750
2026-08-24 13:50:00,ATM-1,CE,1020.0,1033.5,13.25,13.25,12.7,12.7,0.0,7500,1197750
2026-08-24 13:55:00,ATM-1,CE,1020.0,1033.0,12.7,12.9,12.7,12.75,0.0,11250,1200000
2026-08-24 14:00:00,ATM-1,CE,1020.0,1034.2,12.85,13.8,12.75,13.8,0.0,9750,1200750
2026-08-24 14:05:00,ATM-1,CE,1020.0,1033.9,13.8,13.8,13.2,13.8,0.0,12750,1206000
2026-08-24 14:10:00,ATM-1,CE,1020.0,1033.4,13.8,13.8,13.0,13.35,0.0,11250,1203000
2026-08-24 14:15:00,ATM-1,CE,1020.0,1033.3,13.35,13.35,13.3,13.3,0.0,2250,1204500
2026-08-24 14:20:00,ATM-1,CE,1020.0,1033.8,13.25,13.8,13.25,13.7,0.0,9000,1200750
2026-08-24 14:25:00,ATM-1,CE,1020.0,1034.8,13.5,14.95,6.45,14.6,0.0,84000,1195500
2026-08-24 14:30:00,ATM-1,CE,1020.0,1034.5,14.85,14.85,14.2,14.2,0.0,16500,1195500
2026-08-24 14:35:00,ATM-1,CE,1030.0,1035.5,14.65,14.65,6.9,7.1,15.713577,60750,972750
2026-08-24 14:40:00,ATM-1,CE,1020.0,1035.0,7.15,15.4,6.95,15.4,15.233684,28500,1195500
2026-08-24 14:45:00,ATM-1,CE,1020.0,1034.8,6.9,15.4,6.9,14.65,0.0,11250,1193250
2026-08-24 14:50:00,ATM-1,CE,1020.0,1035.0,14.65,15.15,14.65,15.15,0.0,6750,1191750
2026-08-24 14:55:00,ATM-1,CE,1020.0,1034.9,7.1,15.15,7.1,14.75,0.0,11250,1188000
2026-08-24 15:00:00,ATM-1,CE,1030.0,1036.2,6.95,7.4,6.9,7.4,14.415505,243750,953250
2026-08-24 15:05:00,ATM-1,CE,1020.0,1035.0,15.05,15.85,6.55,15.0,0.0,15000,1188750
2026-08-24 15:10:00,ATM-1,CE,1030.0,1036.1,6.6,6.75,6.5,6.75,10.343719,33000,931500
2026-08-24 15:15:00,ATM-1,CE,1030.0,1036.1,6.75,6.75,6.5,6.5,7.663159,95250,902250
2026-08-24 15:20:00,ATM-1,CE,1030.0,1036.1,6.5,6.6,6.4,6.4,5.377463,91500,875250
2026-08-24 15:25:00,ATM-1,CE,1030.0,1039.5,6.45,6.45,5.8,5.9,0.0,39000,847500
2026-08-24 15:30:00,ATM-1,CE,1030.0,1039.5,5.85,5.9,5.55,5.55,0.0,18000,843750
2026-08-24 15:35:00,ATM-1,CE,1030.0,1039.5,5.7,5.8,5.45,5.55,0.0,33000,843000
2026-08-25 09:15:00,ATM-1,CE,1030.0,1036.9,10.55,12.8,4.9,4.9,0.0,108750,841500
2026-08-25 09:20:00,ATM-1,CE,1030.0,1038.6,6.75,8.2,4.9,8.05,0.0,121500,801750
2026-08-25 09:25:00,ATM-1,CE,1030.0,1038.5,8.6,8.85,8.05,8.1,0.0,32250,771000
2026-08-25 09:30:00,ATM-1,CE,1030.0,1039.6,8.9,10.0,8.1,9.1,0.0,18750,770250
2026-08-25 09:35:00,ATM-1,CE,1030.0,1036.7,8.95,9.1,6.4,6.4,0.0,45000,745500
2026-08-25 09:40:00,ATM-1,CE,1030.0,1036.0,6.3,6.4,5.6,5.85,0.0,15000,737250
2026-08-25 09:45:00,ATM-1,CE,1020.0,1034.6,6.0,14.15,5.75,14.0,0.0,11250,1074750
2026-08-25 09:50:00,ATM-1,CE,1020.0,1034.7,14.0,14.0,13.1,13.7,0.0,5250,1073250
2026-08-25 09:55:00,ATM-1,CE,1030.0,1037.1,13.7,14.3,5.4,6.3,0.0,36000,729000
2026-08-25 10:00:00,ATM-1,CE,1030.0,1038.3,6.3,7.5,5.55,7.5,0.0,27750,721500
2026-08-25 10:05:00,ATM-1,CE,1030.0,1037.2,7.6,7.7,7.05,7.05,0.0,10500,717750
2026-08-25 10:10:00,ATM-1,CE,1030.0,1037.0,7.0,7.35,6.75,7.35,21.999075,25500,720750
2026-08-25 10:15:00,ATM-1,CE,1030.0,1035.3,7.5,7.5,6.05,6.05,24.669408,88500,672000
2026-08-25 10:20:00,ATM-1,CE,1020.0,1034.8,6.05,15.55,6.05,12.5,0.0,750,1067250
2026-08-25 10:25:00,ATM-1,CE,1020.0,1034.0,12.5,13.45,12.5,13.45,0.0,6000,1067250
2026-08-25 10:30:00,ATM-1,CE,1020.0,1034.2,13.45,14.7,13.45,14.7,42.913873,28500,1060500
2026-08-25 10:35:00,ATM-1,CE,1030.0,1035.4,14.7,14.75,5.4,5.65,17.020882,18000,662250
2026-08-25 10:40:00,ATM-1,CE,1030.0,1037.1,5.75,6.8,5.65,6.8,0.0,11250,660750
2026-08-25 10:45:00,ATM-1,CE,1030.0,1039.5,6.6,9.0,6.6,9.0,0.0,37500,648000
2026-08-25 10:50:00,ATM-1,CE,1030.0,1042.1,9.9,12.05,9.0,11.05,0.0,39000,648000
2026-08-25 10:55:00,ATM-1,CE,1030.0,1040.1,11.2,11.2,9.0,9.65,0.0,9750,644250
2026-08-25 11:00:00,ATM-1,CE,1030.0,1038.6,9.6,9.65,8.65,8.65,0.0,18750,638250
2026-08-25 11:05:00,ATM-1,CE,1030.0,1037.5,7.9,8.65,7.3,7.3,0.0,17250,637500
2026-08-25 11:10:00,ATM-1,CE,1030.0,1039.0,7.9,8.0,7.3,7.75,0.0,4500,633750
2026-08-25 11:15:00,ATM-1,CE,1030.0,1038.5,8.8,9.2,7.75,8.5,0.0,11250,635250
2026-08-25 11:20:00,ATM-1,CE,1030.0,1039.2,8.3,10.35,8.3,10.35,46.210069,8250,633750
2026-08-25 11:25:00,ATM-1,CE,1030.0,1040.5,10.4,11.15,9.1,11.15,41.296479,5250,632250
2026-08-25 11:30:00,ATM-1,CE,1030.0,1040.0,11.15,11.2,10.4,10.4,34.592878,9000,628500
2026-08-25 11:35:00,ATM-1,CE,1030.0,1040.1,10.2,10.4,9.95,9.95,0.0,11250,622500
2026-08-25 11:40:00,ATM-1,CE,1030.0,1040.3,10.9,10.9,9.95,10.65,34.742661,3750,618750
2026-08-25 11:45:00,ATM-1,CE,1030.0,1039.9,10.65,11.1,9.7,10.4,38.042003,3000,618000
2026-08-25 11:50:00,ATM-1,CE,1030.0,1040.8,10.4,11.0,10.4,11.0,31.570489,1500,616500
2026-08-25 11:55:00,ATM-1,CE,1030.0,1042.5,11.9,13.5,10.85,13.5,57.421693,9000,617250
2026-08-25 12:00:00,ATM-1,CE,1030.0,1043.9,13.1,13.5,13.1,13.5,0.0,4500,616500
2026-08-25 12:05:00,ATM-1,CE,1030.0,1042.2,13.5,13.5,11.8,12.0,0.0,9000,615000
2026-08-25 12:10:00,ATM-1,CE,1030.0,1042.5,12.0,12.45,12.0,12.45,0.0,750,614250
2026-08-25 12:15:00,ATM-1,CE,1030.0,1041.6,12.45,12.45,12.35,12.35,52.021885,750,614250
2026-08-25 12:20:00,ATM-1,CE,1030.0,1040.7,12.0,12.35,11.2,11.2,43.815931,11250,609750
2026-08-25 12:25:00,ATM-1,CE,1030.0,1040.6,11.2,11.4,11.2,11.4,51.381415,3750,608250
2026-08-25 12:30:00,ATM-1,CE,1030.0,1040.7,11.4,11.4,10.05,10.05,0.0,5250,605250
2026-08-25 12:35:00,ATM-1,CE,1030.0,1040.8,10.05,10.65,9.95,10.65,0.0,1500,603750
2026-08-25 12:40:00,ATM-1,CE,1030.0,1041.9,10.35,11.0,10.05,11.0,0.0,9000,601500
2026-08-25 12:45:00,ATM-1,CE,1030.0,1041.0,11.0,12.0,11.0,12.0,60.291818,5250,597750
2026-08-25 12:50:00,ATM-1,CE,1030.0,1041.0,12.0,12.0,10.85,11.2,37.942982,12750,594750
2026-08-25 12:55:00,ATM-1,CE,1030.0,1041.0,11.45,11.45,11.2,11.35,44.68766,2250,594000
2026-08-25 13:00:00,ATM-1,CE,1030.0,1040.0,10.8,11.35,10.0,10.0,0.0,15000,589500
2026-08-25 13:05:00,ATM-1,CE,1030.0,1039.9,9.7,10.9,9.7,10.5,50.328957,6000,587250
2026-08-25 13:10:00,ATM-1,CE,1030.0,1038.3,10.5,10.5,10.5,10.5,77.828196,0,587250
2026-08-25 13:15:00,ATM-1,CE,1030.0,1037.9,9.3,10.5,9.3,9.4,64.322061,2250,586500
2026-08-25 13:20:00,ATM-1,CE,1030.0,1037.3,9.4,9.4,8.7,8.7,60.803123,750,586500
2026-08-25 13:25:00,ATM-1,CE,1030.0,1038.5,8.7,8.7,8.5,8.5,0.0,750,586500
2026-08-25 13:30:00,ATM-1,CE,1030.0,1038.3,8.5,9.7,8.5,9.7,67.913059,750,586500
2026-08-25 13:35:00,ATM-1,CE,1030.0,1039.3,9.7,9.7,9.7,9.7,47.682331,1500,585750
2026-08-25 13:40:00,ATM-1,CE,1030.0,1038.9,9.7,9.7,9.7,9.7,59.226762,0,585750
2026-08-25 13:45:00,ATM-1,CE,1030.0,1038.2,9.7,9.7,9.7,9.7,74.175677,0,585750
2026-08-25 13:50:00,ATM-1,CE,1030.0,1041.8,9.45,9.7,9.45,9.45,0.0,2250,585000
2026-08-25 13:55:00,ATM-1,CE,1030.0,1040.8,9.45,12.5,9.45,12.5,96.016423,750,585750
2026-08-25 14:00:00,ATM-1,CE,1030.0,1040.7,12.5,12.5,10.3,10.3,0.0,2250,585000
2026-08-25 14:05:00,ATM-1,CE,1030.0,1039.5,10.3,10.3,10.3,10.3,69.968595,0,585000
2026-08-25 14:10:00,ATM-1,CE,1030.0,1039.2,10.3,10.3,10.3,10.3,79.391976,0,585000
2026-08-25 14:15:00,ATM-1,CE,1030.0,1040.3,10.3,11.0,10.3,11.0,74.883509,2250,586500
2026-08-25 14:20:00,ATM-1,CE,1030.0,1041.1,11.0,11.0,11.0,11.0,0.0,750,585750
2026-08-25 14:25:00,ATM-1,CE,1030.0,1042.8,11.0,11.0,11.0,11.0,0.0,0,585750
2026-08-25 14:30:00,ATM-1,CE,1030.0,1043.6,11.0,12.85,11.0,12.85,0.0,2250,587250
2026-08-25 14:35:00,ATM-1,CE,1030.0,1044.1,12.85,13.35,12.85,13.35,0.0,750,587250
2026-08-25 14:40:00,ATM-1,CE,1030.0,1043.9,13.7,15.7,13.35,15.7,153.932517,3750,587250
2026-08-25 14:45:00,ATM-1,CE,1030.0,1043.3,13.7,15.7,13.7,13.7,96.705001,2250,585000
2026-08-25 14:50:00,ATM-1,CE,1030.0,1042.9,13.7,13.7,13.7,13.7,121.695335,750,585000
2026-08-25 14:55:00,ATM-1,CE,1030.0,1043.7,13.25,14.05,13.25,14.05,106.994075,2250,585000
2026-08-25 15:00:00,ATM-1,CE,1030.0,1043.5,13.7,16.4,13.7,16.4,233.214434,1500,585000
2026-08-25 15:05:00,ATM-1,CE,1030.0,1043.5,16.4,16.4,13.0,15.7,222.733403,2250,585750
2026-08-25 15:10:00,ATM-1,CE,1030.0,1044.0,15.7,15.7,12.3,12.3,0.0,1500,585750
2026-08-25 15:15:00,ATM-1,CE,1030.0,1044.0,12.3,12.3,12.3,12.3,0.0,0,585750
2026-08-25 15:20:00,ATM-1,CE,1030.0,1044.0,14.3,14.3,12.3,14.3,0.0,1500,585750
2026-08-25 15:25:00,ATM-1,CE,1040.0,1048.0,14.3,14.3,6.0,6.0,0.0,7500,678750
2026-08-25 15:30:00,ATM-1,CE,1040.0,1048.0,6.0,7.0,6.0,7.0,0.0,18750,676500
2026-08-25 15:35:00,ATM-1,CE,1040.0,1048.0,1.1,7.0,1.05,1.05,0.0,24750,676500
2026-08-20 09:15:00,ATM-1,PE,1040.0,1048.0,6.05,6.55,5.15,6.55,21.270906,254250,2478750
2026-08-20 09:20:00,ATM-1,PE,1040.0,1048.1,6.65,6.85,6.2,6.3,20.818474,192000,2460000
2026-08-20 09:25:00,ATM-1,PE,1040.0,1050.1,6.1,6.3,5.15,5.35,20.216748,210000,2462250
2026-08-20 09:30:00,ATM-1,PE,1040.0,1049.8,5.3,5.65,5.3,5.55,20.451436,337500,2427000
2026-08-20 09:35:00,ATM-1,PE,1040.0,1049.0,5.6,5.9,5.5,5.85,20.5344,104250,2439750
2026-08-20 09:40:00,ATM-1,PE,1040.0,1050.2,5.75,5.95,5.4,5.4,20.416782,57750,2439750
2026-08-20 09:45:00,ATM-1,PE,1040.0,1049.8,5.5,5.9,5.4,5.75,20.910174,52500,2445000
2026-08-20 09:50:00,ATM-1,PE,1040.0,1050.6,5.65,5.75,5.35,5.45,20.823662,90750,2440500
2026-08-20 09:55:00,ATM-1,PE,1040.0,1050.0,5.3,5.5,5.1,5.45,20.403554,84000,2452500
2026-08-20 10:00:00,ATM-1,PE,1040.0,1049.4,5.35,5.6,5.35,5.55,20.199279,90750,2451000
2026-08-20 10:05:00,ATM-1,PE,1040.0,1049.6,5.55,5.65,5.5,5.5,20.239405,57750,2454750
2026-08-20 10:10:00,ATM-1,PE,1040.0,1049.8,5.5,5.6,5.3,5.3,19.945601,165000,2459250
2026-08-20 10:15:00,ATM-1,PE,1040.0,1049.3,5.35,5.6,5.25,5.6,20.254711,171000,2424750
2026-08-20 10:20:00,ATM-1,PE,1040.0,1048.3,5.6,5.65,5.55,5.6,19.527446,80250,2410500
2026-08-20 10:25:00,ATM-1,PE,1040.0,1048.2,5.6,5.8,5.55,5.7,19.67659,79500,2423250
2026-08-20 10:30:00,ATM-1,PE,1040.0,1048.4,5.7,5.75,5.5,5.5,19.394561,114000,2419500
2026-08-20 10:35:00,ATM-1,PE,1040.0,1048.5,5.45,5.55,5.3,5.5,19.47392,58500,2429250
2026-08-20 10:40:00,ATM-1,PE,1040.0,1049.9,5.5,5.5,4.95,5.0,19.381224,95250,2420250
2026-08-20 10:45:00,ATM-1,PE,1040.0,1051.2,4.95,5.1,4.6,4.65,19.495044,117750,2399250
2026-08-20 10:50:00,ATM-1,PE,1040.0,1050.4,4.6,4.65,4.55,4.55,18.721576,100500,2354250
2026-08-20 10:55:00,ATM-1,PE,1040.0,1050.8,4.65,4.65,4.55,4.6,19.117347,31500,2355750
2026-08-20 11:00:00,ATM-1,PE,1040.0,1050.8,4.6,4.7,4.6,4.7,19.35248,49500,2363250
2026-08-20 11:05:00,ATM-1,PE,1040.0,1049.8,4.65,4.9,4.65,4.8,18.888515,84000,2370750
2026-08-20 11:10:00,ATM-1,PE,1040.0,1049.4,4.8,5.05,4.8,4.9,18.836012,54000,2383500
2026-08-20 11:15:00,ATM-1,PE,1040.0,1048.0,5.15,5.3,4.9,5.1,18.272851,66000,2385750
2026-08-20 11:20:00,ATM-1,PE,1040.0,1047.6,5.25,5.55,5.1,5.55,18.964742,90000,2377500
2026-08-20 11:25:00,ATM-1,PE,1040.0,1047.5,5.65,5.7,5.45,5.45,18.677698,78750,2385000
2026-08-20 11:30:00,ATM-1,PE,1040.0,1048.0,5.45,5.45,4.95,5.05,18.178836,89250,2376000
2026-08-20 11:35:00,ATM-1,PE,1040.0,1048.0,5.2,5.2,5.0,5.0,18.073865,29250,2374500
2026-08-20 11:40:00,ATM-1,PE,1040.0,1047.9,5.0,5.1,5.0,5.0,18.005685,6750,2387250
2026-08-20 11:45:00,ATM-1,PE,1040.0,1048.0,5.1,5.1,4.85,4.85,17.752594,52500,2387250
2026-08-20 11:50:00,ATM-1,PE,1040.0,1046.8,4.8,5.25,4.7,5.25,17.741324,42000,2396250
2026-08-20 11:55:00,ATM-1,PE,1040.0,1047.0,5.35,5.5,5.15,5.2,17.789169,114750,2397000
2026-08-20 12:00:00,ATM-1,PE,1040.0,1046.9,5.25,5.25,5.1,5.1,17.500961,21750,2400000
2026-08-20 12:05:00,ATM-1,PE,1040.0,1047.0,5.05,5.3,5.05,5.1,17.58148,69750,2397750
2026-08-20 12:10:00,ATM-1,PE,1040.0,1047.8,4.85,5.1,4.75,4.8,17.521267,65250,2401500
2026-08-20 12:15:00,ATM-1,PE,1040.0,1047.8,4.75,4.8,4.7,4.8,17.526442,24000,2403000
2026-08-20 12:20:00,ATM-1,PE,1040.0,1046.9,4.8,5.05,4.8,5.0,17.30301,49500,2413500
2026-08-20 12:25:00,ATM-1,PE,1040.0,1047.5,5.05,5.1,5.0,5.05,17.867348,23250,2406000
2026-08-20 12:30:00,ATM-1,PE,1040.0,1047.0,5.0,5.2,5.0,5.15,17.716713,70500,2385000
2026-08-20 12:35:00,ATM-1,PE,1040.0,1047.6,5.1,5.15,4.9,4.9,17.621259,33750,2384250
2026-08-20 12:40:00,ATM-1,PE,1040.0,1047.0,4.85,5.05,4.75,4.95,17.289041,33000,2371500
2026-08-20 12:45:00,ATM-1,PE,1040.0,1048.9,4.85,4.95,4.35,4.35,17.339276,81750,2379750
2026-08-20 12:50:00,ATM-1,PE,1040.0,1048.7,4.3,4.35,3.95,4.25,16.974621,222750,2340750
2026-08-20 12:55:00,ATM-1,PE,1040.0,1049.9,4.25,4.3,3.9,4.0,17.239081,233250,2352000
2026-08-20 13:00:00,ATM-1,PE,1040.0,1049.4,4.05,4.15,4.0,4.15,17.247117,42000,2355000
2026-08-20 13:05:00,ATM-1,PE,1040.0,1049.0,4.1,4.15,4.0,4.15,16.972335,84750,2368500
2026-08-20 13:10:00,ATM-1,PE,1040.0,1049.7,4.15,4.15,3.95,4.0,17.116952,36750,2362500
2026-08-20 13:15:00,ATM-1,PE,1040.0,1049.5,4.0,4.05,4.0,4.0,16.983916,35250,2351250
2026-08-20 13:20:00,ATM-1,PE,1040.0,1049.7,4.0,4.0,3.9,3.9,16.893162,43500,2357250
2026-08-20 13:25:00,ATM-1,PE,1040.0,1050.0,3.95,4.05,3.75,3.75,16.749384,80250,2364750
2026-08-20 13:30:00,ATM-1,PE,1040.0,1050.2,3.75,3.9,3.7,3.7,16.770947,107250,2384250
2026-08-20 13:35:00,ATM-1,PE,1040.0,1049.4,3.65,4.0,3.65,3.95,16.818366,59250,2359500
2026-08-20 13:40:00,ATM-1,PE,1040.0,1049.7,4.0,4.0,3.9,3.9,16.913461,105750,2365500
2026-08-20 13:45:00,ATM-1,PE,1040.0,1050.3,3.85,3.9,3.65,3.65,16.734037,46500,2386500
2026-08-20 13:50:00,ATM-1,PE,1040.0,1050.0,3.7,3.8,3.65,3.8,16.893162,42000,2379750
2026-08-20 13:55:00,ATM-1,PE,1040.0,1049.8,3.9,3.95,3.8,3.9,16.997527,58500,2362500
2026-08-20 14:00:00,ATM-1,PE,1040.0,1049.4,3.85,4.05,3.85,4.0,16.96041,105000,2360250
2026-08-20 14:05:00,ATM-1,PE,1040.0,1048.5,4.1,4.5,4.0,4.5,17.477824,161250,2361750
2026-08-20 14:10:00,ATM-1,PE,1040.0,1048.1,4.55,4.6,4.4,4.6,17.418747,63750,2352750
2026-08-20 14:15:00,ATM-1,PE,1040.0,1048.2,4.65,4.85,4.6,4.6,17.497009,183750,2337000
2026-08-20 14:20:00,ATM-1,PE,1040.0,1048.3,4.65,4.7,4.55,4.65,17.688168,57750,2325750
2026-08-20 14:25:00,ATM-1,PE,1040.0,1048.2,4.75,4.75,4.55,4.6,17.507561,46500,2318250
2026-08-20 14:30:00,ATM-1,PE,1040.0,1047.9,4.6,4.75,4.5,4.7,17.518016,26250,2316750
2026-08-20 14:35:00,ATM-1,PE,1040.0,1048.3,4.75,4.95,4.5,4.5,17.364496,69750,2307000
2026-08-20 14:40:00,ATM-1,PE,1040.0,1048.7,4.5,4.5,4.35,4.35,17.316413,33000,2311500
2026-08-20 14:45:00,ATM-1,PE,1040.0,1048.4,4.35,4.5,4.25,4.5,17.447627,51000,2311500
2026-08-20 14:50:00,ATM-1,PE,1040.0,1048.9,4.5,4.55,4.3,4.4,17.584983,51000,2311500
2026-08-20 14:55:00,ATM-1,PE,1040.0,1049.7,4.4,4.4,4.25,4.25,17.810881,51750,2292750
2026-08-20 15:00:00,ATM-1,PE,1040.0,1048.4,4.25,4.55,4.2,4.5,17.463499,79500,2299500
2026-08-20 15:05:00,ATM-1,PE,1040.0,1048.1,4.5,4.6,4.5,4.55,17.363526,51000,2291250
2026-08-20 15:10:00,ATM-1,PE,1040.0,1047.5,4.6,4.8,4.55,4.65,17.151381,103500,2284500
2026-08-20 15:15:00,ATM-1,PE,1040.0,1047.5,4.6,4.75,4.6,4.6,17.04425,45750,2288250
2026-08-20 15:20:00,ATM-1,PE,1040.0,1047.5,4.7,5.05,4.6,4.85,17.60988,98250,2280750
2026-08-20 15:25:00,ATM-1,PE,1040.0,1048.0,5.05,5.05,4.75,4.85,17.988383,26250,2277750
2026-08-20 15:30:00,ATM-1,PE,1040.0,1048.0,4.75,5.0,4.75,5.0,18.330777,58500,2247000
2026-08-20 15:35:00,ATM-1,PE,1040.0,1048.0,5.0,5.15,4.95,5.15,18.672311,49500,2244750
2026-08-21 09:15:00,ATM-1,PE,1040.0,1050.2,3.95,4.25,3.65,4.0,18.914085,277500,2258250
2026-08-21 09:20:00,ATM-1,PE,1040.0,1049.7,3.55,4.0,3.45,3.55,17.388029,365250,2235750
2026-08-21 09:25:00,ATM-1,PE,1040.0,1050.5,3.7,3.7,3.5,3.5,17.852079,184500,2205000
2026-08-21 09:30:00,ATM-1,PE,1040.0,1049.2,3.4,3.7,3.3,3.7,17.413339,86250,2208750
2026-08-21 09:35:00,ATM-1,PE,1040.0,1050.5,3.5,3.7,3.4,3.4,17.601168,78750,2201250
2026-08-21 09:40:00,ATM-1,PE,1040.0,1052.2,3.1,3.4,2.5,2.75,17.02425,363750,2214000
2026-08-21 09:45:00,ATM-1,PE,1040.0,1054.0,2.65,2.75,2.25,2.3,16.895883,322500,2225250
2026-08-21 09:50:00,ATM-1,PE,1040.0,1053.3,2.25,2.45,2.1,2.35,16.601652,300000,2280750
2026-08-21 09:55:00,ATM-1,PE,1040.0,1052.0,2.6,2.8,2.35,2.7,16.764937,261750,2251500
2026-08-21 10:00:00,ATM-1,PE,1040.0,1051.3,2.75,2.95,2.7,2.85,16.711244,100500,2233500
2026-08-21 10:05:00,ATM-1,PE,1040.0,1050.0,2.95,3.1,2.85,3.1,16.478005,140250,2235000
2026-08-21 10:10:00,ATM-1,PE,1040.0,1051.3,3.1,3.1,2.9,2.9,16.862354,157500,2286000
2026-08-21 10:15:00,ATM-1,PE,1040.0,1050.4,2.85,2.95,2.85,2.95,16.371772,43500,2276250
2026-08-21 10:20:00,ATM-1,PE,1040.0,1050.7,3.05,3.15,2.9,2.95,16.590665,116250,2272500
2026-08-21 10:25:00,ATM-1,PE,1040.0,1050.1,2.9,3.25,2.9,3.1,16.574474,163500,2284500
2026-08-21 10:30:00,ATM-1,PE,1040.0,1049.7,3.15,3.25,3.1,3.25,16.689361,42000,2290500
2026-08-21 10:35:00,ATM-1,PE,1040.0,1049.3,3.25,3.3,3.1,3.25,16.400743,120000,2304000
2026-08-21 10:40:00,ATM-1,PE,1040.0,1049.4,3.2,3.25,3.05,3.25,16.480694,69750,2312250
2026-08-21 10:45:00,ATM-1,PE,1040.0,1049.4,3.15,3.3,3.1,3.25,16.486755,47250,2321250
2026-08-21 10:50:00,ATM-1,PE,1040.0,1050.3,3.3,3.45,2.7,2.85,16.069209,165750,2332500
2026-08-21 10:55:00,ATM-1,PE,1040.0,1049.8,2.85,2.95,2.8,2.8,15.582102,70500,2337000
2026-08-21 11:00:00,ATM-1,PE,1040.0,1049.0,2.8,3.1,2.7,3.1,15.812666,154500,2312250
2026-08-21 11:05:00,ATM-1,PE,1040.0,1048.5,3.1,3.5,3.05,3.2,15.708757,275250,2330250
2026-08-21 11:10:00,ATM-1,PE,1040.0,1049.1,3.15,3.3,3.1,3.1,15.898193,66000,2353500
2026-08-21 11:15:00,ATM-1,PE,1040.0,1049.5,3.15,3.25,3.05,3.05,16.064662,59250,2358750
2026-08-21 11:20:00,ATM-1,PE,1040.0,1050.2,2.95,3.05,2.75,2.75,15.758124,81000,2379750
2026-08-21 11:25:00,ATM-1,PE,1040.0,1050.1,2.8,2.8,2.7,2.75,15.693033,33750,2383500
2026-08-21 11:30:00,ATM-1,PE,1040.0,1049.6,2.7,2.8,2.6,2.8,15.478831,148500,2361750
2026-08-21 11:35:00,ATM-1,PE,1040.0,1049.4,3.0,3.2,2.8,3.0,15.881057,240750,2404500
2026-08-21 11:40:00,ATM-1,PE,1040.0,1048.9,3.15,3.2,3.0,3.1,15.785107,50250,2417250
2026-08-21 11:45:00,ATM-1,PE,1040.0,1048.7,3.15,3.15,3.0,3.1,15.641961,37500,2411250
2026-08-21 11:50:00,ATM-1,PE,1040.0,1048.6,3.3,3.3,3.1,3.25,15.967275,249000,2402250
2026-08-21 11:55:00,ATM-1,PE,1040.0,1046.8,3.35,3.8,3.25,3.75,15.847714,211500,2400000
2026-08-21 12:00:00,ATM-1,PE,1040.0,1046.9,3.65,4.05,3.65,4.0,16.556916,101250,2391000
2026-08-21 12:05:00,ATM-1,PE,1040.0,1046.8,3.95,4.05,3.8,4.0,16.481688,39750,2391750
2026-08-21 12:10:00,ATM-1,PE,1040.0,1046.0,4.05,4.05,3.7,4.0,15.829877,41250,2397750
2026-08-21 12:15:00,ATM-1,PE,1040.0,1045.9,4.2,4.5,3.95,4.05,15.874995,131250,2397000
2026-08-21 12:20:00,ATM-1,PE,1040.0,1046.8,4.0,4.1,3.65,3.7,15.751685,74250,2406750
2026-08-21 12:25:00,ATM-1,PE,1040.0,1047.0,3.7,3.8,3.55,3.55,15.539955,21000,2407500
2026-08-21 12:30:00,ATM-1,PE,1040.0,1047.0,3.55,3.6,3.35,3.35,15.037986,46500,2417250
2026-08-21 12:35:00,ATM-1,PE,1040.0,1046.3,3.45,3.5,3.3,3.5,14.864166,63000,2406000
2026-08-21 12:40:00,ATM-1,PE,1040.0,1046.9,3.6,3.75,3.5,3.75,15.981064,30750,2406750
2026-08-21 12:45:00,ATM-1,PE,1040.0,1045.9,3.65,4.25,3.65,4.25,16.399693,228000,2328000
2026-08-21 12:50:00,ATM-1,PE,1040.0,1045.9,4.3,4.5,4.25,4.4,16.771684,201000,2224500
2026-08-21 12:55:00,ATM-1,PE,1040.0,1045.9,4.35,4.45,4.1,4.1,16.044524,97500,2229750
2026-08-21 13:00:00,ATM-1,PE,1040.0,1046.1,4.1,4.25,4.1,4.25,16.586382,33000,2225250
2026-08-21 13:05:00,ATM-1,PE,1040.0,1045.9,4.25,4.5,4.0,4.0,15.81059,158250,2246250
2026-08-21 13:10:00,ATM-1,PE,1040.0,1045.8,4.1,4.3,4.0,4.25,16.345504,22500,2242500
2026-08-21 13:15:00,ATM-1,PE,1040.0,1045.1,4.0,4.45,1.6,4.35,15.99501,87750,2242500
2026-08-21 13:20:00,ATM-1,PE,1040.0,1045.1,4.4,4.45,1.75,4.25,15.758761,121500,2250000
2026-08-21 13:25:00,ATM-1,PE,1040.0,1045.4,1.75,4.35,1.65,4.15,15.778978,27000,2262000
2026-08-21 13:30:00,ATM-1,PE,1030.0,1043.7,1.7,1.9,1.7,1.9,15.864892,33750,1610250
2026-08-21 13:35:00,ATM-1,PE,1030.0,1044.2,1.85,1.95,1.85,1.85,16.022971,35250,1619250
2026-08-21 13:40:00,ATM-1,PE,1030.0,1043.8,1.85,1.95,1.8,1.9,15.941068,45750,1623000
2026-08-21 13:45:00,ATM-1,PE,1030.0,1043.6,1.9,1.95,1.85,1.85,15.654054,26250,1625250
2026-08-21 13:50:00,ATM-1,PE,1030.0,1044.6,1.85,1.95,1.65,1.7,15.780863,93750,1623750
2026-08-21 13:55:00,ATM-1,PE,1030.0,1045.0,1.7,1.7,1.6,1.6,15.681689,30000,1615500
2026-08-21 14:00:00,ATM-1,PE,1030.0,1042.9,1.65,1.85,1.6,1.85,15.222735,49500,1617750
2026-08-21 14:05:00,ATM-1,PE,1030.0,1042.9,1.8,1.9,1.75,1.85,15.22859,71250,1626750
2026-08-21 14:10:00,ATM-1,PE,1030.0,1044.3,1.85,1.9,1.7,1.7,15.61859,66750,1613250
2026-08-21 14:15:00,ATM-1,PE,1030.0,1044.0,1.7,1.75,1.65,1.75,15.608014,22500,1604250
2026-08-21 14:20:00,ATM-1,PE,1030.0,1043.8,1.75,1.8,1.7,1.7,15.317539,35250,1601250
2026-08-21 14:25:00,ATM-1,PE,1030.0,1043.7,1.75,1.85,1.7,1.75,15.430634,19500,1593000
2026-08-21 14:30:00,ATM-1,PE,1030.0,1043.5,1.65,1.75,1.6,1.75,15.3098,52500,1600500
2026-08-21 14:35:00,ATM-1,PE,1030.0,1043.4,1.8,1.8,1.7,1.7,15.082971,9000,1599000
2026-08-21 14:40:00,ATM-1,PE,1030.0,1043.6,1.75,1.75,1.65,1.75,15.385195,11250,1597500
2026-08-21 14:45:00,ATM-1,PE,1030.0,1043.6,1.75,1.75,1.6,1.7,15.221161,32250,1596750
2026-08-21 14:50:00,ATM-1,PE,1030.0,1043.7,1.7,1.75,1.7,1.7,15.290225,14250,1594500
2026-08-21 14:55:00,ATM-1,PE,1030.0,1043.1,1.75,1.85,1.7,1.8,15.251371,72750,1592250
2026-08-21 15:00:00,ATM-1,PE,1030.0,1041.9,1.8,1.95,1.7,1.95,14.96017,136500,1608750
2026-08-21 15:05:00,ATM-1,PE,1030.0,1040.9,1.9,2.1,1.9,2.05,14.605031,122250,1595250
2026-08-21 15:10:00,ATM-1,PE,1030.0,1041.0,2.1,2.15,2.05,2.15,14.985524,73500,1620000
2026-08-21 15:15:00,ATM-1,PE,1030.0,1041.0,2.05,2.2,2.0,2.15,14.991319,123000,1579500
2026-08-21 15:20:00,ATM-1,PE,1030.0,1041.0,2.1,2.15,1.9,1.9,14.222695,33750,1579500
2026-08-21 15:25:00,ATM-1,PE,1040.0,1048.7,1.9,5.2,1.8,5.2,21.326384,37500,2268000
2026-08-21 15:30:00,ATM-1,PE,1040.0,1048.7,4.95,5.2,4.7,4.75,20.201146,129000,2329500
2026-08-21 15:35:00,ATM-1,PE,1040.0,1048.7,4.9,5.4,4.75,5.35,21.718783,124500,2248500
2026-08-24 09:15:00,ATM-1,PE,1030.0,1044.7,4.0,4.1,1.15,1.15,23.952666,339000,1582500
2026-08-24 09:20:00,ATM-1,PE,1030.0,1045.0,1.15,1.2,1.0,1.0,23.215802,147750,1537500
2026-08-24 09:25:00,ATM-1,PE,1030.0,1044.5,1.0,3.35,0.8,0.95,22.365371,267000,1513500
2026-08-24 09:30:00,ATM-1,PE,1030.0,1044.1,1.0,1.1,0.9,1.0,22.353662,184500,1464750
2026-08-24 09:35:00,ATM-1,PE,1030.0,1043.8,1.1,1.2,1.0,1.2,23.469682,147000,1476000
2026-08-24 09:40:00,ATM-1,PE,1030.0,1044.4,1.25,1.35,1.2,1.25,24.484696,79500,1443750
2026-08-24 09:45:00,ATM-1,PE,1030.0,1044.0,1.15,1.35,1.15,1.35,24.750646,45750,1449750
2026-08-24 09:50:00,ATM-1,PE,1030.0,1044.5,1.3,1.35,1.15,1.15,23.967378,81000,1476750
2026-08-24 09:55:00,ATM-1,PE,1030.0,1044.5,1.15,1.3,1.15,1.25,24.692146,69750,1467000
2026-08-24 10:00:00,ATM-1,PE,1030.0,1044.3,1.2,1.3,1.2,1.3,24.847726,20250,1460250
2026-08-24 10:05:00,ATM-1,PE,1030.0,1043.6,1.3,1.3,1.3,1.3,24.114837,13500,1458000
2026-08-24 10:10:00,ATM-1,PE,1030.0,1043.7,1.3,1.35,1.3,1.35,24.587967,38250,1455750
2026-08-24 10:15:00,ATM-1,PE,1030.0,1043.4,1.35,1.35,1.35,1.35,24.288023,7500,1453500
2026-08-24 10:20:00,ATM-1,PE,1030.0,1043.8,1.4,1.4,1.3,1.3,24.435161,20250,1455000
2026-08-24 10:25:00,ATM-1,PE,1030.0,1042.6,1.35,1.5,1.3,1.5,24.402439,463500,1473750
2026-08-24 10:30:00,ATM-1,PE,1030.0,1042.5,1.45,1.7,1.45,1.6,24.935556,186000,1454250
2026-08-24 10:35:00,ATM-1,PE,1030.0,1041.1,1.55,1.95,1.55,1.95,25.322574,153000,1401000
2026-08-24 10:40:00,ATM-1,PE,1030.0,1041.0,2.05,2.1,1.95,2.0,25.512432,115500,1437000
2026-08-24 10:45:00,ATM-1,PE,1030.0,1040.9,2.0,2.15,2.0,2.15,26.250078,75750,1472250
2026-08-24 10:50:00,ATM-1,PE,1030.0,1040.7,2.15,2.35,1.95,2.05,25.481928,309000,1470000
2026-08-24 10:55:00,ATM-1,PE,1030.0,1040.0,2.0,2.2,2.0,2.2,25.430887,28500,1465500
2026-08-24 11:00:00,ATM-1,PE,1030.0,1040.0,2.2,2.45,2.2,2.25,25.734381,156750,1460250
2026-08-24 11:05:00,ATM-1,PE,1030.0,1037.0,2.3,3.05,2.2,3.05,25.602426,180750,1452000
2026-08-24 11:10:00,ATM-1,PE,1030.0,1036.7,2.95,3.3,2.85,3.3,26.375525,267750,1464000
2026-08-24 11:15:00,ATM-1,PE,1030.0,1035.9,3.35,3.6,3.3,3.4,25.645505,201750,1461000
2026-08-24 11:20:00,ATM-1,PE,1030.0,1036.0,3.4,3.5,3.15,3.4,25.838361,197250,1420500
2026-08-24 11:25:00,ATM-1,PE,1030.0,1036.0,3.4,3.55,3.05,3.05,24.230638,120000,1437750
2026-08-24 11:30:00,ATM-1,PE,1030.0,1035.1,3.1,3.6,1.25,3.6,25.400597,122250,1407750
2026-08-24 11:35:00,ATM-1,PE,1020.0,1034.0,1.35,1.4,1.2,1.3,25.424389,227250,1853250
2026-08-24 11:40:00,ATM-1,PE,1030.0,1035.4,1.25,3.6,1.25,3.45,25.265713,117750,1410750
2026-08-24 11:45:00,ATM-1,PE,1030.0,1036.1,3.45,3.45,2.8,3.1,24.761643,345750,1377750
2026-08-24 11:50:00,ATM-1,PE,1030.0,1035.2,3.05,3.4,3.05,3.35,24.550975,100500,1384500
2026-08-24 11:55:00,ATM-1,PE,1020.0,1034.8,1.2,1.25,1.2,1.25,26.124463,31500,1851000
2026-08-24 12:00:00,ATM-1,PE,1030.0,1035.4,1.25,3.55,1.25,3.35,24.944227,143250,1398750
2026-08-24 12:05:00,ATM-1,PE,1020.0,1034.7,1.2,1.3,1.15,1.2,25.72697,15750,1822500
2026-08-24 12:10:00,ATM-1,PE,1020.0,1034.9,1.25,1.25,1.2,1.2,25.988641,15750,1821000
2026-08-24 12:15:00,ATM-1,PE,1020.0,1034.3,1.25,1.25,1.2,1.25,25.712709,15750,1828500
2026-08-24 12:20:00,ATM-1,PE,1020.0,1035.0,1.25,1.25,1.15,1.2,26.177747,21750,1829250
2026-08-24 12:25:00,ATM-1,PE,1020.0,1034.6,1.15,1.2,1.1,1.2,25.767286,16500,1830750
2026-08-24 12:30:00,ATM-1,PE,1020.0,1034.9,1.15,3.55,1.1,1.2,26.143617,9000,1830000
2026-08-24 12:35:00,ATM-1,PE,1020.0,1034.6,3.5,3.55,1.15,1.2,25.844438,195750,1827000
2026-08-24 12:40:00,ATM-1,PE,1020.0,1034.0,1.15,1.2,1.1,1.2,25.201431,96750,1827750
2026-08-24 12:45:00,ATM-1,PE,1020.0,1034.3,1.1,1.25,1.1,1.1,24.839728,39000,1829250
2026-08-24 12:50:00,ATM-1,PE,1020.0,1033.3,1.15,1.2,1.1,1.2,24.47236,286500,1842000
2026-08-24 12:55:00,ATM-1,PE,1020.0,1034.0,1.2,1.25,1.1,1.15,24.949269,24750,1821750
2026-08-24 13:00:00,ATM-1,PE,1020.0,1033.1,1.15,1.25,1.15,1.2,24.314388,414000,1802250
2026-08-24 13:05:00,ATM-1,PE,1020.0,1033.9,1.25,1.3,0.75,0.75,21.728441,881250,1800750
2026-08-24 13:10:00,ATM-1,PE,1020.0,1033.9,0.8,0.8,0.75,0.75,21.761635,58500,1758000
2026-08-24 13:15:00,ATM-1,PE,1020.0,1034.8,0.85,0.85,0.55,0.55,20.847895,122250,1761000
2026-08-24 13:20:00,ATM-1,PE,1020.0,1033.9,0.6,0.65,0.55,0.65,20.931425,45000,1755750
2026-08-24 13:25:00,ATM-1,PE,1020.0,1033.7,0.65,0.65,0.55,0.6,20.287039,28500,1751250
2026-08-24 13:30:00,ATM-1,PE,1020.0,1033.7,0.75,0.75,0.6,0.65,20.787126,150750,1738500
2026-08-24 13:35:00,ATM-1,PE,1020.0,1034.0,0.65,0.65,0.6,0.6,20.659566,10500,1738500
2026-08-24 13:40:00,ATM-1,PE,1020.0,1033.7,0.55,0.6,0.55,0.6,20.381575,40500,1746000
2026-08-24 13:45:00,ATM-1,PE,1020.0,1033.6,0.65,0.65,0.6,0.65,20.779136,168000,1802250
2026-08-24 13:50:00,ATM-1,PE,1020.0,1033.5,0.65,0.7,0.6,0.6,20.237263,34500,1807500
2026-08-24 13:55:00,ATM-1,PE,1020.0,1033.0,0.65,0.65,0.6,0.6,19.745478,82500,1770750
2026-08-24 14:00:00,ATM-1,PE,1020.0,1034.2,0.6,0.6,0.45,0.55,20.531726,46500,1786500
2026-08-24 14:05:00,ATM-1,PE,1020.0,1033.9,0.55,0.55,0.45,0.45,19.204716,27000,1787250
2026-08-24 14:10:00,ATM-1,PE,1020.0,1033.4,0.5,0.55,0.45,0.5,19.265959,39000,1767000
2026-08-24 14:15:00,ATM-1,PE,1020.0,1033.3,0.55,0.55,0.5,0.55,19.700731,16500,1765500
2026-08-24 14:20:00,ATM-1,PE,1020.0,1033.8,0.55,0.55,0.5,0.5,19.735379,22500,1767750
2026-08-24 14:25:00,ATM-1,PE,1020.0,1034.8,0.5,2.75,0.3,0.4,19.637032,105000,1747500
2026-08-24 14:30:00,ATM-1,PE,1020.0,1034.5,0.4,0.4,0.35,0.4,19.376093,156000,1772250
2026-08-24 14:35:00,ATM-1,PE,1030.0,1035.5,0.4,2.25,0.35,2.25,20.789806,82500,1304250
2026-08-24 14:40:00,ATM-1,PE,1020.0,1035.0,2.1,2.25,0.35,0.35,19.297981,40500,1674750
2026-08-24 14:45:00,ATM-1,PE,1020.0,1034.8,2.25,2.25,0.35,0.4,19.76451,12750,1667250
2026-08-24 14:50:00,ATM-1,PE,1020.0,1035.0,0.4,0.4,0.35,0.35,19.36096,29250,1659000
2026-08-24 14:55:00,ATM-1,PE,1020.0,1034.9,2.2,2.3,0.35,0.4,19.927352,48750,1653000
2026-08-24 15:00:00,ATM-1,PE,1030.0,1036.2,2.25,2.25,1.95,1.95,20.450051,198000,1350750
2026-08-24 15:05:00,ATM-1,PE,1020.0,1035.0,0.35,2.2,0.35,0.4,20.091421,170250,1598250
2026-08-24 15:10:00,ATM-1,PE,1030.0,1036.1,2.3,2.3,2.1,2.2,21.706704,36000,1364250
2026-08-24 15:15:00,ATM-1,PE,1030.0,1036.1,2.25,2.35,2.2,2.35,22.5371,87000,1334250
2026-08-24 15:20:00,ATM-1,PE,1030.0,1036.1,2.25,2.35,2.2,2.35,22.574224,37500,1317750
2026-08-24 15:25:00,ATM-1,PE,1030.0,1039.5,2.35,2.45,2.3,2.35,27.764365,89250,1305000
2026-08-24 15:30:00,ATM-1,PE,1030.0,1039.5,2.4,2.45,2.3,2.4,28.095381,55500,1312500
2026-08-24 15:35:00,ATM-1,PE,1030.0,1039.5,2.45,2.6,2.35,2.45,28.426452,43500,1299000
2026-08-25 09:15:00,ATM-1,PE,1030.0,1036.9,0.35,2.2,0.2,2.2,44.391793,108000,1306500
2026-08-25 09:20:00,ATM-1,PE,1030.0,1038.6,1.35,2.2,1.1,1.1,36.647507,183000,1308750
2026-08-25 09:25:00,ATM-1,PE,1030.0,1038.5,1.15,1.2,0.95,1.15,37.287937,100500,1305750
2026-08-25 09:30:00,ATM-1,PE,1030.0,1039.6,1.0,1.15,0.8,0.95,37.592797,115500,1287750
2026-08-25 09:35:00,ATM-1,PE,1030.0,1036.7,1.05,1.4,0.95,1.4,35.979635,199500,1264500
2026-08-25 09:40:00,ATM-1,PE,1030.0,1036.0,1.45,1.65,1.4,1.65,37.051251,77250,1268250
2026-08-25 09:45:00,ATM-1,PE,1020.0,1034.6,1.5,1.65,0.15,0.2,34.131386,56250,1487250
2026-08-25 09:50:00,ATM-1,PE,1020.0,1034.7,0.2,0.2,0.2,0.2,34.560315,7500,1484250
2026-08-25 09:55:00,ATM-1,PE,1030.0,1037.1,0.2,1.75,0.15,1.3,36.938573,66750,1265250
2026-08-25 10:00:00,ATM-1,PE,1030.0,1038.3,1.35,1.45,1.05,1.05,37.25075,55500,1255500
2026-08-25 10:05:00,ATM-1,PE,1030.0,1037.2,1.05,1.55,1.05,1.55,40.899985,49500,1239750
2026-08-25 10:10:00,ATM-1,PE,1030.0,1037.0,1.65,1.8,1.55,1.75,43.026357,39000,1245000
2026-08-25 10:15:00,ATM-1,PE,1030.0,1035.3,1.6,1.8,1.45,1.7,37.32116,64500,1241250
2026-08-25 10:20:00,ATM-1,PE,1020.0,1034.8,1.75,1.75,0.15,0.15,34.333544,19500,1461750
2026-08-25 10:25:00,ATM-1,PE,1020.0,1034.0,0.15,0.25,0.15,0.2,35.080327,11250,1464000
2026-08-25 10:30:00,ATM-1,PE,1020.0,1034.2,0.15,0.25,0.15,0.15,33.755807,26250,1479000
2026-08-25 10:35:00,ATM-1,PE,1030.0,1035.4,0.15,1.55,0.1,1.4,35.225902,39000,1211250
2026-08-25 10:40:00,ATM-1,PE,1030.0,1037.1,1.5,1.55,1.0,1.0,35.46694,43500,1205250
2026-08-25 10:45:00,ATM-1,PE,1030.0,1039.5,1.05,1.1,0.65,0.75,38.526773,114750,1213500
2026-08-25 10:50:00,ATM-1,PE,1030.0,1042.1,0.7,0.85,0.6,0.7,44.681237,197250,1195500
2026-08-25 10:55:00,ATM-1,PE,1030.0,1040.1,0.75,0.9,0.7,0.9,43.432117,63750,1188750
2026-08-25 11:00:00,ATM-1,PE,1030.0,1038.6,0.9,1.0,0.75,1.0,41.186616,84000,1186500
2026-08-25 11:05:00,ATM-1,PE,1030.0,1037.5,0.9,1.2,0.9,1.2,41.248955,65250,1187250
2026-08-25 11:10:00,ATM-1,PE,1030.0,1039.0,1.1,1.2,0.9,0.9,41.486953,64500,1177500
2026-08-25 11:15:00,ATM-1,PE,1030.0,1038.5,0.85,1.1,0.75,0.95,41.236391,122250,1190250
2026-08-25 11:20:00,ATM-1,PE,1030.0,1039.2,0.95,1.2,0.7,0.75,40.215497,159000,1210500
2026-08-25 11:25:00,ATM-1,PE,1030.0,1040.5,0.85,0.95,0.75,0.95,48.008546,22500,1203750
2026-08-25 11:30:00,ATM-1,PE,1030.0,1040.0,0.85,0.95,0.6,0.7,42.351825,74250,1197000
2026-08-25 11:35:00,ATM-1,PE,1030.0,1040.1,0.8,0.8,0.65,0.65,42.059676,57750,1193250
2026-08-25 11:40:00,ATM-1,PE,1030.0,1040.3,0.65,0.8,0.65,0.65,43.068848,48000,1197000
2026-08-25 11:45:00,ATM-1,PE,1030.0,1039.9,0.6,0.7,0.6,0.7,43.411185,27000,1187250
2026-08-25 11:50:00,ATM-1,PE,1030.0,1040.8,0.65,0.7,0.5,0.5,42.016537,77250,1179000
2026-08-25 11:55:00,ATM-1,PE,1030.0,1042.5,0.55,0.6,0.5,0.55,48.408735,50250,1176750
2026-08-25 12:00:00,ATM-1,PE,1030.0,1043.9,0.6,0.6,0.45,0.45,50.054815,45750,1185750
2026-08-25 12:05:00,ATM-1,PE,1030.0,1042.2,0.4,0.5,0.4,0.45,46.062153,43500,1177500
2026-08-25 12:10:00,ATM-1,PE,1030.0,1042.5,0.45,0.5,0.45,0.5,48.821625,7500,1172250
2026-08-25 12:15:00,ATM-1,PE,1030.0,1041.6,0.45,0.5,0.3,0.35,42.59133,22500,1167000
2026-08-25 12:20:00,ATM-1,PE,1030.0,1040.7,0.3,0.35,0.15,0.3,39.081161,92250,1171500
2026-08-25 12:25:00,ATM-1,PE,1030.0,1040.6,0.2,0.3,0.1,0.15,33.56733,29250,1172250
2026-08-25 12:30:00,ATM-1,PE,1030.0,1040.7,0.2,0.2,0.15,0.2,36.4565,27750,1143750
2026-08-25 12:35:00,ATM-1,PE,1030.0,1040.8,0.2,0.2,0.15,0.15,34.991601,29250,1125750
2026-08-25 12:40:00,ATM-1,PE,1030.0,1041.9,0.15,0.2,0.15,0.15,38.302505,19500,1125750
2026-08-25 12:45:00,ATM-1,PE,1030.0,1041.0,0.15,0.2,0.15,0.15,36.523747,19500,1122000
2026-08-25 12:50:00,ATM-1,PE,1030.0,1041.0,0.2,0.2,0.1,0.1,34.237233,30750,1115250
2026-08-25 12:55:00,ATM-1,PE,1030.0,1041.0,0.1,0.15,0.1,0.15,37.642519,24000,1107000
2026-08-25 13:00:00,ATM-1,PE,1030.0,1040.0,0.15,0.2,0.05,0.05,28.952067,136500,1068000
2026-08-25 13:05:00,ATM-1,PE,1030.0,1039.9,0.05,0.05,0.05,0.05,29.183883,23250,1047750
2026-08-25 13:10:00,ATM-1,PE,1030.0,1038.3,0.05,0.05,0.05,0.05,25.655743,3750,1038000
2026-08-25 13:15:00,ATM-1,PE,1030.0,1037.9,0.05,0.05,0.05,0.05,25.067597,9000,1035000
2026-08-25 13:20:00,ATM-1,PE,1030.0,1037.3,0.05,0.05,0.05,0.05,23.923435,2250,1032750
2026-08-25 13:25:00,ATM-1,PE,1030.0,1038.5,0.05,0.05,0.05,0.05,27.624297,0,1032750
2026-08-25 13:30:00,ATM-1,PE,1030.0,1038.3,0.05,0.05,0.05,0.05,27.621155,750,1031250
2026-08-25 13:35:00,ATM-1,PE,1030.0,1039.3,0.05,0.05,0.05,0.05,30.964989,2250,1030500
2026-08-25 13:40:00,ATM-1,PE,1030.0,1038.9,0.05,0.05,0.05,0.05,30.49856,22500,1029750
2026-08-25 13:45:00,ATM-1,PE,1030.0,1038.2,0.05,0.05,0.05,0.05,29.143097,32250,1006500
2026-08-25 13:50:00,ATM-1,PE,1030.0,1041.8,0.05,0.05,0.05,0.05,40.344773,3000,973500
2026-08-25 13:55:00,ATM-1,PE,1030.0,1040.8,0.05,0.05,0.05,0.05,38.393632,15750,965250
2026-08-25 14:00:00,ATM-1,PE,1030.0,1040.7,0.05,0.05,0.05,0.05,39.08388,1500,957000
2026-08-25 14:05:00,ATM-1,PE,1030.0,1039.5,0.05,0.05,0.05,0.05,36.372379,0,956250
2026-08-25 14:10:00,ATM-1,PE,1030.0,1039.2,0.05,0.05,0.05,0.05,36.441566,0,956250
2026-08-25 14:15:00,ATM-1,PE,1030.0,1040.3,0.05,0.05,0.05,0.05,41.25132,0,956250
2026-08-25 14:20:00,ATM-1,PE,1030.0,1041.1,0.05,0.05,0.05,0.05,45.340356,21000,941250
2026-08-25 14:25:00,ATM-1,PE,1030.0,1042.8,0.05,0.05,0.05,0.05,52.869372,0,941250
2026-08-25 14:30:00,ATM-1,PE,1030.0,1043.6,0.05,0.05,0.05,0.05,57.725064,0,941250
2026-08-25 14:35:00,ATM-1,PE,1030.0,1044.1,0.05,0.05,0.05,0.05,61.930603,0,941250
2026-08-25 14:40:00,ATM-1,PE,1030.0,1043.9,0.05,0.05,0.05,0.05,63.907566,0,941250
2026-08-25 14:45:00,ATM-1,PE,1030.0,1043.3,0.05,0.05,0.05,0.05,64.583632,0,941250
2026-08-25 14:50:00,ATM-1,PE,1030.0,1042.9,0.05,0.05,0.05,0.05,66.349845,1500,941250
2026-08-25 14:55:00,ATM-1,PE,1030.0,1043.7,0.05,0.05,0.05,0.05,74.018603,16500,940500
2026-08-25 15:00:00,ATM-1,PE,1030.0,1043.5,0.05,0.05,0.05,0.05,78.151714,6000,935250
2026-08-25 15:05:00,ATM-1,PE,1030.0,1043.5,0.05,0.05,0.05,0.05,84.407563,8250,933750
2026-08-25 15:10:00,ATM-1,PE,1030.0,1044.0,0.05,0.05,0.05,0.05,95.33078,2250,933750
2026-08-25 15:15:00,ATM-1,PE,1030.0,1044.0,0.05,0.05,0.05,0.05,106.577172,0,933750
2026-08-25 15:20:00,ATM-1,PE,1030.0,1044.0,0.05,0.05,0.05,0.05,0.0,2250,933000
2026-08-25 15:25:00,ATM-1,PE,1040.0,1048.0,0.05,0.45,0.05,0.45,0.0,750,759000
2026-08-25 15:30:00,ATM-1,PE,1040.0,1048.0,0.45,0.45,0.45,0.45,0.0,2250,758250
2026-08-25 15:35:00,ATM-1,PE,1040.0,1048.0,0.1,0.45,0.1,0.1,0.0,8250,752250
2026-08-20 09:15:00,ATM,CE,1050.0,1048.0,9.95,10.45,8.8,8.9,18.202868,783000,4040250
2026-08-20 09:20:00,ATM,CE,1050.0,1048.1,8.8,8.9,8.45,8.75,17.812052,672750,4170750
2026-08-20 09:25:00,ATM,CE,1050.0,1050.1,8.9,9.9,8.75,9.7,17.658737,552750,4152750
2026-08-20 09:30:00,ATM,CE,1050.0,1049.8,9.7,9.95,9.3,9.45,17.484299,399000,4108500
2026-08-20 09:35:00,ATM,CE,1050.0,1049.0,9.6,9.65,8.95,9.1,17.623735,239250,4140750
2026-08-20 09:40:00,ATM,CE,1050.0,1050.2,9.1,9.75,9.0,9.75,17.672615,216750,4140000
2026-08-20 09:45:00,ATM,CE,1050.0,1049.8,9.45,9.75,9.2,9.3,17.205192,187500,4173750
2026-08-20 09:50:00,ATM,CE,1050.0,1050.6,9.3,9.65,9.3,9.6,16.954702,207000,4222500
2026-08-20 09:55:00,ATM,CE,1050.0,1050.0,9.65,9.85,9.4,9.55,17.506595,174000,4188000
2026-08-20 10:00:00,ATM,CE,1050.0,1049.4,9.55,9.55,9.2,9.2,17.444728,174750,4237500
2026-08-20 10:05:00,ATM,CE,1050.0,1049.6,9.25,9.3,9.05,9.15,17.142729,74250,4265250
2026-08-20 10:10:00,ATM,CE,1050.0,1049.8,9.15,9.2,9.1,9.2,17.038882,85500,4267500
2026-08-20 10:15:00,ATM,CE,1050.0,1049.3,9.2,9.2,8.85,8.85,16.869293,189750,4355250
2026-08-20 10:20:00,ATM,CE,1050.0,1048.3,8.85,8.9,8.6,8.75,17.695171,253500,4413750
2026-08-20 10:25:00,ATM,CE,1050.0,1048.2,8.7,8.75,8.4,8.4,17.101812,186000,4468500
2026-08-20 10:30:00,ATM,CE,1050.0,1048.4,8.4,8.55,8.4,8.55,17.208402,95250,4481250
2026-08-20 10:35:00,ATM,CE,1050.0,1048.5,8.7,8.75,8.55,8.6,17.214497,117750,4522500
2026-08-20 10:40:00,ATM,CE,1050.0,1049.9,8.6,9.25,8.6,9.25,17.073346,420000,4505250
2026-08-20 10:45:00,ATM,CE,1050.0,1051.2,9.15,9.75,9.1,9.65,16.465513,300000,4455000
2026-08-20 10:50:00,ATM,CE,1050.0,1050.4,9.75,9.8,9.45,9.45,16.951512,162000,4428750
2026-08-20 10:55:00,ATM,CE,1050.0,1050.8,9.4,9.5,9.4,9.4,16.41988,56250,4435500
2026-08-20 11:00:00,ATM,CE,1050.0,1050.8,9.45,9.5,9.15,9.25,16.124165,38250,4437000
2026-08-20 11:05:00,ATM,CE,1050.0,1049.8,9.1,9.25,9.0,9.1,16.912164,101250,4449750
2026-08-20 11:10:00,ATM,CE,1050.0,1049.4,9.05,9.1,8.7,8.85,16.838241,126750,4468500
2026-08-20 11:15:00,ATM,CE,1050.0,1048.0,8.6,8.85,8.45,8.6,17.769756,107250,4461750
2026-08-20 11:20:00,ATM,CE,1050.0,1047.6,8.5,8.6,8.25,8.3,17.568792,183000,4506750
2026-08-20 11:25:00,ATM,CE,1050.0,1047.5,8.1,8.45,8.1,8.4,17.874646,205500,4591500
2026-08-20 11:30:00,ATM,CE,1050.0,1048.0,8.45,8.85,8.35,8.75,18.092048,162750,4588500
2026-08-20 11:35:00,ATM,CE,1050.0,1048.0,8.7,8.75,8.55,8.7,17.998575,72000,4575750
2026-08-20 11:40:00,ATM,CE,1050.0,1047.9,8.75,8.8,8.6,8.6,17.903866,85500,4602000
2026-08-20 11:45:00,ATM,CE,1050.0,1048.0,8.6,8.9,8.6,8.9,18.415005,96000,4593750
2026-08-20 11:50:00,ATM,CE,1050.0,1046.8,8.9,9.0,8.35,8.45,18.688509,180750,4566000
2026-08-20 11:55:00,ATM,CE,1050.0,1047.0,8.4,8.5,8.1,8.5,18.604245,273000,4641750
2026-08-20 12:00:00,ATM,CE,1050.0,1046.9,8.55,8.6,8.3,8.6,18.909787,63000,4656750
2026-08-20 12:05:00,ATM,CE,1050.0,1047.0,8.65,8.65,8.3,8.45,18.51772,39000,4659750
2026-08-20 12:10:00,ATM,CE,1050.0,1047.8,8.8,8.85,8.45,8.85,18.549157,150750,4644000
2026-08-20 12:15:00,ATM,CE,1050.0,1047.8,8.75,8.9,8.75,8.75,18.354736,108750,4608750
2026-08-20 12:20:00,ATM,CE,1050.0,1046.9,8.85,8.85,8.5,8.5,18.736918,114750,4630500
2026-08-20 12:25:00,ATM,CE,1050.0,1047.5,8.5,8.65,8.45,8.65,18.463429,32250,4638750
2026-08-20 12:30:00,ATM,CE,1050.0,1047.0,8.6,8.65,8.45,8.45,18.553768,47250,4659000
2026-08-20 12:35:00,ATM,CE,1050.0,1047.6,8.6,8.75,8.45,8.7,18.480406,78000,4645500
2026-08-20 12:40:00,ATM,CE,1050.0,1047.0,8.7,8.8,8.45,8.6,18.87186,105000,4635000
2026-08-20 12:45:00,ATM,CE,1050.0,1048.9,8.65,9.25,8.55,9.25,18.294233,306750,4517250
2026-08-20 12:50:00,ATM,CE,1050.0,1048.7,9.25,9.85,9.25,9.35,18.709024,320250,4437750
2026-08-20 12:55:00,ATM,CE,1050.0,1049.9,9.1,9.9,9.1,9.65,18.066821,322500,4338000
2026-08-20 13:00:00,ATM,CE,1050.0,1049.4,9.65,9.7,9.3,9.4,18.098415,163500,4332750
2026-08-20 13:05:00,ATM,CE,1050.0,1049.0,9.4,9.55,9.35,9.4,18.522971,126750,4344750
2026-08-20 13:10:00,ATM,CE,1050.0,1049.7,9.4,9.7,9.4,9.55,18.099244,105750,4308750
2026-08-20 13:15:00,ATM,CE,1050.0,1049.5,9.5,9.55,9.4,9.55,18.318236,90750,4290000
2026-08-20 13:20:00,ATM,CE,1050.0,1049.7,9.45,9.55,9.45,9.55,18.113664,63750,4308750
2026-08-20 13:25:00,ATM,CE,1050.0,1050.0,9.4,9.8,9.35,9.75,18.205476,142500,4257000
2026-08-20 13:30:00,ATM,CE,1050.0,1050.2,9.8,9.8,9.45,9.8,18.098355,135000,4240500
2026-08-20 13:35:00,ATM,CE,1050.0,1049.4,9.75,9.9,9.25,9.25,17.844884,89250,4229250
2026-08-20 13:40:00,ATM,CE,1050.0,1049.7,9.3,9.55,9.25,9.45,17.939778,141000,4225500
2026-08-20 13:45:00,ATM,CE,1050.0,1050.3,9.45,9.7,9.4,9.7,17.808289,73500,4203000
2026-08-20 13:50:00,ATM,CE,1050.0,1050.0,9.65,9.7,9.2,9.2,17.124835,86250,4176750
2026-08-20 13:55:00,ATM,CE,1050.0,1049.8,9.2,9.25,9.15,9.2,17.346857,108000,4175250
2026-08-20 14:00:00,ATM,CE,1050.0,1049.4,9.25,9.3,8.95,9.0,17.373108,117000,4150500
2026-08-20 14:05:00,ATM,CE,1050.0,1048.5,8.95,9.0,8.35,8.5,17.299818,242250,4184250
2026-08-20 14:10:00,ATM,CE,1050.0,1048.1,8.3,8.5,8.3,8.4,17.509484,113250,4227750
2026-08-20 14:15:00,ATM,CE,1050.0,1048.2,8.3,8.45,8.1,8.3,17.212341,291000,4341750
2026-08-20 14:20:00,ATM,CE,1050.0,1048.3,8.35,8.4,8.25,8.35,17.219562,130500,4296000
2026-08-20 14:25:00,ATM,CE,1050.0,1048.2,8.3,8.55,8.25,8.45,17.531162,137250,4302750
2026-08-20 14:30:00,ATM,CE,1050.0,1047.9,8.5,8.55,8.2,8.2,17.331569,78750,4293750
2026-08-20 14:35:00,ATM,CE,1050.0,1048.3,8.25,8.6,8.15,8.6,17.748964,127500,4283250
2026-08-20 14:40:00,ATM,CE,1050.0,1048.7,8.6,8.75,8.55,8.75,17.651721,165000,4267500
2026-08-20 14:45:00,ATM,CE,1050.0,1048.4,8.55,8.75,8.5,8.6,17.661316,120000,4256250
2026-08-20 14:50:00,ATM,CE,1050.0,1048.9,8.5,8.65,8.45,8.6,17.153356,141750,4256250
2026-08-20 14:55:00,ATM,CE,1050.0,1049.7,8.55,8.75,8.5,8.75,16.621066,140250,4270500
2026-08-20 15:00:00,ATM,CE,1050.0,1048.4,8.65,8.75,8.1,8.1,16.663692,200250,4313250
2026-08-20 15:05:00,ATM,CE,1050.0,1048.1,8.15,8.2,8.0,8.0,16.771156,242250,4311750
2026-08-20 15:10:00,ATM,CE,1050.0,1047.5,7.9,8.25,7.65,8.1,17.581852,357000,4186500
2026-08-20 15:15:00,ATM,CE,1050.0,1047.5,8.0,8.1,7.85,7.85,17.078082,108750,4149000
2026-08-20 15:20:00,ATM,CE,1050.0,1047.5,7.95,7.95,7.4,7.65,16.676136,200250,4228500
2026-08-20 15:25:00,ATM,CE,1050.0,1048.0,7.65,7.65,7.15,7.4,15.673775,231750,4173750
2026-08-20 15:30:00,ATM,CE,1050.0,1048.0,7.4,7.7,7.4,7.5,15.884525,115500,4185000
2026-08-20 15:35:00,ATM,CE,1050.0,1048.0,7.45,7.55,7.1,7.25,15.38003,232500,4223250
2026-08-21 09:15:00,ATM,CE,1050.0,1050.2,8.5,9.45,6.65,6.8,13.392458,593250,4233000
2026-08-21 09:20:00,ATM,CE,1050.0,1049.7,7.05,7.1,6.8,6.85,14.100984,474750,4173750
2026-08-21 09:25:00,ATM,CE,1050.0,1050.5,6.75,6.9,6.75,6.85,13.153694,341250,4245000
2026-08-21 09:30:00,ATM,CE,1050.0,1049.2,7.1,7.1,6.6,6.6,14.136742,314250,4254000
2026-08-21 09:35:00,ATM,CE,1050.0,1050.5,6.7,7.0,6.6,7.0,13.50099,203250,4236750
2026-08-21 09:40:00,ATM,CE,1050.0,1052.2,7.2,8.0,7.0,7.6,12.671094,509250,4107000
2026-08-21 09:45:00,ATM,CE,1050.0,1054.0,7.7,8.5,7.6,8.5,12.162961,666000,3882750
2026-08-21 09:50:00,ATM,CE,1050.0,1053.3,8.45,9.1,8.1,8.5,13.211889,444750,3776250
2026-08-21 09:55:00,ATM,CE,1050.0,1052.0,8.1,8.5,7.4,7.65,13.07385,179250,3753000
2026-08-21 10:00:00,ATM,CE,1050.0,1051.3,7.5,7.65,7.15,7.2,12.980896,116250,3749250
2026-08-21 10:05:00,ATM,CE,1050.0,1050.0,6.9,7.2,6.65,6.7,13.475841,168750,3754500
2026-08-21 10:10:00,ATM,CE,1050.0,1051.3,6.55,7.05,6.5,7.05,12.656248,173250,3745500
2026-08-21 10:15:00,ATM,CE,1050.0,1050.4,7.15,7.15,6.7,6.7,13.00695,101250,3723750
2026-08-21 10:20:00,ATM,CE,1050.0,1050.7,6.7,6.85,6.55,6.8,12.867522,127500,3713250
2026-08-21 10:25:00,ATM,CE,1050.0,1050.1,6.8,6.85,6.3,6.65,13.271609,240000,3750000
2026-08-21 10:30:00,ATM,CE,1050.0,1049.7,6.6,6.75,6.5,6.6,13.64136,120750,3763500
2026-08-21 10:35:00,ATM,CE,1050.0,1049.3,6.55,6.6,6.2,6.3,13.444485,237750,3840000
2026-08-21 10:40:00,ATM,CE,1050.0,1049.4,6.35,6.7,6.3,6.4,13.558647,150750,3840750
2026-08-21 10:45:00,ATM,CE,1050.0,1049.4,6.55,6.65,6.4,6.45,13.676829,159000,3843000
2026-08-21 10:50:00,ATM,CE,1050.0,1050.3,6.4,7.05,6.25,6.7,13.175011,273000,3854250
2026-08-21 10:55:00,ATM,CE,1050.0,1049.8,6.75,6.85,6.6,6.7,13.780837,96000,3849750
2026-08-21 11:00:00,ATM,CE,1050.0,1049.0,6.65,6.85,6.15,6.15,13.486167,159750,3859500
2026-08-21 11:05:00,ATM,CE,1050.0,1048.5,6.2,6.45,6.1,6.35,14.499194,396000,3963000
2026-08-21 11:10:00,ATM,CE,1050.0,1049.1,6.5,6.55,6.25,6.55,14.278814,96750,3969750
2026-08-21 11:15:00,ATM,CE,1050.0,1049.5,6.5,6.6,6.2,6.6,13.936778,109500,3972000
2026-08-21 11:20:00,ATM,CE,1050.0,1050.2,6.5,6.9,6.5,6.85,13.672877,156000,3915000
2026-08-21 11:25:00,ATM,CE,1050.0,1050.1,6.8,6.85,6.65,6.75,13.576173,84750,3899250
2026-08-21 11:30:00,ATM,CE,1050.0,1049.6,6.75,6.95,6.65,6.95,14.624078,177750,3871500
2026-08-21 11:35:00,ATM,CE,1050.0,1049.4,6.65,6.95,6.55,6.6,14.080843,215250,3858000
2026-08-21 11:40:00,ATM,CE,1050.0,1048.9,6.5,6.6,6.35,6.55,14.548596,60000,3842250
2026-08-21 11:45:00,ATM,CE,1050.0,1048.7,6.6,6.6,6.45,6.5,14.669073,63000,3826500
2026-08-21 11:50:00,ATM,CE,1050.0,1048.6,6.25,6.5,6.25,6.3,14.340134,151500,3836250
2026-08-21 11:55:00,ATM,CE,1050.0,1046.8,6.05,6.3,5.6,5.7,14.925801,455250,3903000
2026-08-21 12:00:00,ATM,CE,1050.0,1046.9,5.65,5.7,5.25,5.4,14.15217,275250,3946500
2026-08-21 12:05:00,ATM,CE,1050.0,1046.8,5.5,5.65,5.4,5.55,14.601107,192000,4003500
2026-08-21 12:10:00,ATM,CE,1050.0,1046.0,5.5,5.8,5.5,5.6,15.531956,105000,4065000
2026-08-21 12:15:00,ATM,CE,1050.0,1045.9,5.4,5.6,5.15,5.3,14.955062,279000,4067250
2026-08-21 12:20:00,ATM,CE,1050.0,1046.8,5.35,5.6,5.3,5.6,14.735752,93750,4084500
2026-08-21 12:25:00,ATM,CE,1050.0,1047.0,5.5,5.65,5.5,5.6,14.536278,84750,4104750
2026-08-21 12:30:00,ATM,CE,1050.0,1047.0,5.6,5.6,5.5,5.55,14.430238,36750,4106250
2026-08-21 12:35:00,ATM,CE,1050.0,1046.3,5.65,5.8,5.4,5.45,14.92626,180000,4113750
2026-08-21 12:40:00,ATM,CE,1050.0,1046.9,5.45,5.45,5.3,5.3,13.981105,118500,4137750
2026-08-21 12:45:00,ATM,CE,1050.0,1045.9,5.3,5.45,5.3,5.35,15.113083,85500,4154250
2026-08-21 12:50:00,ATM,CE,1050.0,1045.9,5.35,5.55,5.3,5.4,15.234842,183000,4153500
2026-08-21 12:55:00,ATM,CE,1050.0,1045.9,5.5,5.6,5.4,5.6,15.699822,226500,4082250
2026-08-21 13:00:00,ATM,CE,1050.0,1046.1,5.6,5.6,5.45,5.45,15.164146,135750,4098000
2026-08-21 13:05:00,ATM,CE,1050.0,1045.9,5.55,5.55,5.2,5.55,15.600611,337500,4105500
2026-08-21 13:10:00,ATM,CE,1050.0,1045.8,5.4,5.55,5.35,5.45,15.478685,74250,4074000
2026-08-21 13:15:00,ATM,CE,1050.0,1045.1,5.6,10.7,5.1,5.3,15.827965,260250,4053000
2026-08-21 13:20:00,ATM,CE,1050.0,1045.1,5.35,10.05,5.1,5.15,15.488627,100500,4101750
2026-08-21 13:25:00,ATM,CE,1050.0,1045.4,10.0,10.0,5.1,5.25,15.435622,40500,4095000
2026-08-21 13:30:00,ATM,CE,1040.0,1043.7,10.05,10.15,9.4,9.5,15.453905,26250,1479750
2026-08-21 13:35:00,ATM,CE,1040.0,1044.2,9.5,9.5,9.2,9.4,14.476908,36750,1482750
2026-08-21 13:40:00,ATM,CE,1040.0,1043.8,9.45,9.5,9.3,9.3,14.847195,27000,1464750
2026-08-21 13:45:00,ATM,CE,1040.0,1043.6,9.45,9.45,9.05,9.05,14.555184,14250,1467000
2026-08-21 13:50:00,ATM,CE,1040.0,1044.6,9.1,9.65,9.0,9.55,14.242728,29250,1467750
2026-08-21 13:55:00,ATM,CE,1040.0,1045.0,9.6,10.0,9.55,10.0,14.716004,19500,1466250
2026-08-21 14:00:00,ATM,CE,1040.0,1042.9,9.95,10.0,8.8,8.8,14.997065,60750,1473750
2026-08-21 14:05:00,ATM,CE,1040.0,1042.9,8.95,9.1,8.55,8.65,14.651644,28500,1470000
2026-08-21 14:10:00,ATM,CE,1040.0,1044.3,8.65,9.3,8.65,9.3,14.134341,50250,1458000
2026-08-21 14:15:00,ATM,CE,1040.0,1044.0,9.0,9.3,9.0,9.05,13.999355,14250,1453500
2026-08-21 14:20:00,ATM,CE,1040.0,1043.8,9.2,9.2,8.75,8.75,13.588246,30000,1466250
2026-08-21 14:25:00,ATM,CE,1040.0,1043.7,8.55,9.0,8.55,9.0,14.348213,20250,1472250
2026-08-21 14:30:00,ATM,CE,1040.0,1043.5,9.1,9.3,8.8,8.9,14.413898,22500,1475250
2026-08-21 14:35:00,ATM,CE,1040.0,1043.4,8.75,8.9,8.7,8.7,14.091484,9000,1476000
2026-08-21 14:40:00,ATM,CE,1040.0,1043.6,8.9,9.0,8.6,8.6,13.559874,29250,1480500
2026-08-21 14:45:00,ATM,CE,1040.0,1043.6,8.75,9.05,8.6,8.6,13.56719,30750,1479750
2026-08-21 14:50:00,ATM,CE,1040.0,1043.7,8.75,8.75,8.35,8.5,13.180244,22500,1493250
2026-08-21 14:55:00,ATM,CE,1040.0,1043.1,8.55,8.55,8.2,8.35,13.72706,18000,1488750
2026-08-21 15:00:00,ATM,CE,1040.0,1041.9,8.0,8.35,7.7,7.7,13.894795,124500,1481250
2026-08-21 15:05:00,ATM,CE,1040.0,1040.9,7.7,7.7,7.05,7.15,13.947187,81750,1473000
2026-08-21 15:10:00,ATM,CE,1040.0,1041.0,7.1,7.15,6.75,6.9,13.244583,103500,1509000
2026-08-21 15:15:00,ATM,CE,1040.0,1041.0,6.95,7.2,6.8,7.05,13.600092,114750,1502250
2026-08-21 15:20:00,ATM,CE,1040.0,1041.0,6.9,7.15,6.85,7.15,13.83958,35250,1502250
2026-08-21 15:25:00,ATM,CE,1050.0,1048.7,7.25,7.4,3.35,3.5,8.151573,71250,4200000
2026-08-21 15:30:00,ATM,CE,1050.0,1048.7,3.4,3.7,3.4,3.55,8.270349,183000,4124250
2026-08-21 15:35:00,ATM,CE,1050.0,1048.7,3.55,3.6,3.4,3.5,8.160887,270750,4137750
2026-08-24 09:15:00,ATM,CE,1040.0,1044.7,3.25,8.4,2.5,7.9,20.294624,704250,1425000
2026-08-24 09:20:00,ATM,CE,1040.0,1045.0,7.75,7.9,7.05,7.55,17.827018,146250,1462500
2026-08-24 09:25:00,ATM,CE,1040.0,1044.5,7.25,8.3,2.9,7.6,19.608402,294000,1460250
2026-08-24 09:30:00,ATM,CE,1040.0,1044.1,7.3,7.6,6.95,7.3,19.468071,62250,1470000
2026-08-24 09:35:00,ATM,CE,1040.0,1043.8,6.95,7.3,6.95,7.0,19.029766,51000,1468500
2026-08-24 09:40:00,ATM,CE,1040.0,1044.4,6.9,7.1,6.7,7.1,17.748571,59250,1470000
2026-08-24 09:45:00,ATM,CE,1040.0,1044.0,7.35,7.35,6.7,6.7,17.175689,62250,1473000
2026-08-24 09:50:00,ATM,CE,1040.0,1044.5,6.7,7.3,6.65,7.1,17.496238,79500,1467750
2026-08-24 09:55:00,ATM,CE,1040.0,1044.5,7.25,7.25,6.9,6.95,16.832771,37500,1461750
2026-08-24 10:00:00,ATM,CE,1040.0,1044.3,7.2,7.25,6.95,7.0,17.710357,62250,1434000
2026-08-24 10:05:00,ATM,CE,1040.0,1043.6,7.15,7.15,6.85,6.85,19.109056,43500,1451250
2026-08-24 10:10:00,ATM,CE,1040.0,1043.7,6.95,6.95,6.8,6.85,18.857116,22500,1443750
2026-08-24 10:15:00,ATM,CE,1040.0,1043.4,6.75,6.9,6.6,6.65,18.846314,35250,1450500
2026-08-24 10:20:00,ATM,CE,1040.0,1043.8,6.55,6.65,6.35,6.65,17.735263,39750,1453500
2026-08-24 10:25:00,ATM,CE,1040.0,1042.6,6.6,6.65,6.15,6.2,19.096725,231750,1444500
2026-08-24 10:30:00,ATM,CE,1040.0,1042.5,6.15,6.3,5.65,5.9,18.091342,113250,1453500
2026-08-24 10:35:00,ATM,CE,1040.0,1041.1,5.95,5.95,5.3,5.45,19.650054,144000,1469250
2026-08-24 10:40:00,ATM,CE,1040.0,1041.0,5.5,5.65,5.45,5.5,20.123532,42750,1466250
2026-08-24 10:45:00,ATM,CE,1040.0,1040.9,5.5,5.5,5.3,5.3,19.540415,35250,1471500
2026-08-24 10:50:00,ATM,CE,1040.0,1040.7,5.3,5.4,5.0,5.4,20.450285,164250,1519500
2026-08-24 10:55:00,ATM,CE,1040.0,1040.0,5.35,5.4,5.25,5.25,21.398855,51750,1554000
2026-08-24 11:00:00,ATM,CE,1040.0,1040.0,5.05,5.25,4.85,4.85,19.743442,84000,1563000
2026-08-24 11:05:00,ATM,CE,1040.0,1037.0,4.7,4.85,3.8,3.9,21.674788,198750,1576500
2026-08-24 11:10:00,ATM,CE,1040.0,1036.7,4.0,4.1,3.8,3.8,21.815876,228750,1630500
2026-08-24 11:15:00,ATM,CE,1040.0,1035.9,3.6,3.8,3.6,3.6,22.379367,262500,1723500
2026-08-24 11:20:00,ATM,CE,1040.0,1036.0,3.65,3.65,3.5,3.65,22.461895,172500,1748250
2026-08-24 11:25:00,ATM,CE,1040.0,1036.0,3.55,3.8,3.5,3.8,23.159959,151500,1755000
2026-08-24 11:30:00,ATM,CE,1040.0,1035.1,3.65,8.4,3.15,3.15,21.816255,249000,1809000
2026-08-24 11:35:00,ATM,CE,1030.0,1034.0,7.65,8.05,7.65,7.75,22.802989,95250,859500
2026-08-24 11:40:00,ATM,CE,1040.0,1035.4,7.7,8.1,3.05,3.3,22.064295,145500,1808250
2026-08-24 11:45:00,ATM,CE,1040.0,1036.1,3.25,3.85,3.2,3.7,22.684708,272250,1834500
2026-08-24 11:50:00,ATM,CE,1040.0,1035.2,3.6,3.75,3.4,3.45,23.151968,129000,1845750
2026-08-24 11:55:00,ATM,CE,1030.0,1034.8,8.4,8.45,8.05,8.05,21.957199,15000,861750
2026-08-24 12:00:00,ATM,CE,1040.0,1035.4,8.05,8.05,3.35,3.6,23.563707,65250,1827000
2026-08-24 12:05:00,ATM,CE,1030.0,1034.7,8.15,8.35,8.0,8.0,22.103195,8250,865500
2026-08-24 12:10:00,ATM,CE,1030.0,1034.9,8.15,8.15,7.95,7.95,21.280117,12750,869250
2026-08-24 12:15:00,ATM,CE,1030.0,1034.3,8.0,8.0,7.65,7.75,22.221477,6750,873750
2026-08-24 12:20:00,ATM,CE,1030.0,1035.0,7.75,7.75,7.65,7.7,19.825675,2250,874500
2026-08-24 12:25:00,ATM,CE,1030.0,1034.6,7.7,7.75,7.6,7.6,20.669994,14250,879750
2026-08-24 12:30:00,ATM,CE,1030.0,1034.9,7.8,7.95,3.25,7.55,19.494531,39750,890250
2026-08-24 12:35:00,ATM,CE,1030.0,1034.6,3.3,7.5,3.2,7.15,18.573888,104250,890250
2026-08-24 12:40:00,ATM,CE,1030.0,1034.0,7.15,7.15,6.95,7.05,20.033335,33750,895500
2026-08-24 12:45:00,ATM,CE,1030.0,1034.3,7.05,7.15,6.85,7.15,19.609184,14250,896250
2026-08-24 12:50:00,ATM,CE,1030.0,1033.3,6.8,7.25,6.45,6.45,19.389257,43500,892500
2026-08-24 12:55:00,ATM,CE,1030.0,1034.0,6.5,6.9,6.45,6.85,19.187453,31500,891000
2026-08-24 13:00:00,ATM,CE,1030.0,1033.1,6.8,6.85,6.25,6.3,19.341499,38250,896250
2026-08-24 13:05:00,ATM,CE,1030.0,1033.9,6.15,6.65,5.85,6.65,18.611622,114750,912750
2026-08-24 13:10:00,ATM,CE,1030.0,1033.9,6.95,7.1,6.65,7.0,20.309545,156000,927750
2026-08-24 13:15:00,ATM,CE,1030.0,1034.8,7.05,7.6,6.8,7.6,20.377526,114000,935250
2026-08-24 13:20:00,ATM,CE,1030.0,1033.9,7.25,7.6,6.6,6.6,18.468787,50250,944250
2026-08-24 13:25:00,ATM,CE,1030.0,1033.7,6.3,6.6,6.3,6.5,18.649516,30750,933750
2026-08-24 13:30:00,ATM,CE,1030.0,1033.7,6.45,6.55,6.1,6.1,16.751173,38250,946500
2026-08-24 13:35:00,ATM,CE,1030.0,1034.0,6.2,6.35,5.8,6.1,15.777081,75750,949500
2026-08-24 13:40:00,ATM,CE,1030.0,1033.7,6.2,6.4,5.9,5.95,16.075054,40500,953250
2026-08-24 13:45:00,ATM,CE,1030.0,1033.6,5.9,6.1,5.8,6.05,16.92151,31500,960000
2026-08-24 13:50:00,ATM,CE,1030.0,1033.5,6.05,6.05,5.85,5.85,16.29878,24000,960750
2026-08-24 13:55:00,ATM,CE,1030.0,1033.0,5.75,5.85,5.7,5.85,17.885334,42750,971250
2026-08-24 14:00:00,ATM,CE,1030.0,1034.2,5.8,6.5,5.8,6.3,16.236624,50250,966000
2026-08-24 14:05:00,ATM,CE,1030.0,1033.9,6.3,6.4,6.15,6.4,17.785899,17250,963750
2026-08-24 14:10:00,ATM,CE,1030.0,1033.4,6.2,6.4,5.75,6.0,17.471233,102000,971250
2026-08-24 14:15:00,ATM,CE,1030.0,1033.3,6.0,6.05,5.9,6.05,18.057572,10500,964500
2026-08-24 14:20:00,ATM,CE,1030.0,1033.8,6.0,6.35,5.95,6.15,16.974196,24000,968250
2026-08-24 14:25:00,ATM,CE,1030.0,1034.8,6.15,7.0,2.55,6.75,16.536893,114000,996000
2026-08-24 14:30:00,ATM,CE,1030.0,1034.5,6.75,7.1,6.4,6.7,17.406518,82500,998250
2026-08-24 14:35:00,ATM,CE,1040.0,1035.5,6.45,6.95,2.65,2.65,20.071916,150000,1949250
2026-08-24 14:40:00,ATM,CE,1030.0,1035.0,2.8,7.2,2.6,7.05,17.467463,300000,974250
2026-08-24 14:45:00,ATM,CE,1030.0,1034.8,2.65,7.15,2.65,6.7,16.395474,46500,968250
2026-08-24 14:50:00,ATM,CE,1030.0,1035.0,6.8,7.15,6.7,7.15,18.062573,37500,948750
2026-08-24 14:55:00,ATM,CE,1030.0,1034.9,2.6,7.1,2.6,6.9,17.146473,48000,938250
2026-08-24 15:00:00,ATM,CE,1040.0,1036.2,2.5,2.7,2.45,2.7,19.257745,357750,1981500
2026-08-24 15:05:00,ATM,CE,1030.0,1035.0,7.25,7.4,2.25,6.5,14.604782,106500,946500
2026-08-24 15:10:00,ATM,CE,1040.0,1036.1,2.4,2.4,2.25,2.35,17.801968,195750,2061750
2026-08-24 15:15:00,ATM,CE,1040.0,1036.1,2.3,2.4,2.2,2.25,17.342461,137250,2024250
2026-08-24 15:20:00,ATM,CE,1040.0,1036.1,2.3,2.3,2.2,2.2,17.126925,60000,2035500
2026-08-24 15:25:00,ATM,CE,1040.0,1039.5,2.25,2.25,1.95,2.05,9.892139,235500,2031000
2026-08-24 15:30:00,ATM,CE,1040.0,1039.5,2.15,2.2,2.0,2.05,9.91143,108750,2029500
2026-08-24 15:35:00,ATM,CE,1040.0,1039.5,2.1,2.3,2.05,2.2,10.622308,185250,2017500
2026-08-25 09:15:00,ATM,CE,1040.0,1036.9,4.85,5.3,1.5,2.15,31.005867,185250,1928250
2026-08-25 09:20:00,ATM,CE,1040.0,1038.6,2.25,2.4,2.1,2.35,26.781163,549000,1760250
2026-08-25 09:25:00,ATM,CE,1040.0,1038.5,2.5,2.8,2.35,2.4,27.82421,246000,1663500
2026-08-25 09:30:00,ATM,CE,1040.0,1039.6,2.75,3.5,2.4,2.85,27.54584,272250,1545750
2026-08-25 09:35:00,ATM,CE,1040.0,1036.7,2.85,3.0,1.65,1.75,28.601408,311250,1502250
2026-08-25 09:40:00,ATM,CE,1040.0,1036.0,1.65,1.75,1.5,1.6,29.613198,120750,1533000
2026-08-25 09:45:00,ATM,CE,1030.0,1034.6,1.5,5.75,1.5,5.45,22.928776,72000,736500
2026-08-25 09:50:00,ATM,CE,1030.0,1034.7,5.35,5.45,4.8,5.0,15.205302,19500,728250
2026-08-25 09:55:00,ATM,CE,1040.0,1037.1,5.35,5.4,1.3,1.7,27.509984,105750,1466250
2026-08-25 10:00:00,ATM,CE,1040.0,1038.3,1.6,2.0,1.5,1.9,25.193898,195750,1482000
2026-08-25 10:05:00,ATM,CE,1040.0,1037.2,2.15,2.7,1.9,2.45,35.213321,164250,1462500
2026-08-25 10:10:00,ATM,CE,1040.0,1037.0,2.2,2.55,2.1,2.55,37.281386,72000,1449750
2026-08-25 10:15:00,ATM,CE,1040.0,1035.3,2.5,2.55,2.0,2.0,38.048519,95250,1429500
2026-08-25 10:20:00,ATM,CE,1030.0,1034.8,1.95,6.05,1.85,5.2,18.11029,29250,669750
2026-08-25 10:25:00,ATM,CE,1030.0,1034.0,5.25,5.25,5.1,5.1,25.76885,7500,669000
2026-08-25 10:30:00,ATM,CE,1030.0,1034.2,5.1,5.55,5.1,5.35,27.2504,19500,668250
2026-08-25 10:35:00,ATM,CE,1040.0,1035.4,5.15,5.55,1.6,1.75,36.100878,12000,1441500
2026-08-25 10:40:00,ATM,CE,1040.0,1037.1,1.75,1.95,1.65,1.95,32.299094,63750,1425750
2026-08-25 10:45:00,ATM,CE,1040.0,1039.5,2.0,2.8,1.9,2.75,30.442694,144000,1411500
2026-08-25 10:50:00,ATM,CE,1040.0,1042.1,2.8,4.3,2.75,3.5,23.36951,683250,1287000
2026-08-25 10:55:00,ATM,CE,1040.0,1040.1,3.5,3.6,2.45,2.85,28.942009,128250,1303500
2026-08-25 11:00:00,ATM,CE,1040.0,1038.6,3.0,3.0,2.55,2.6,34.040365,79500,1281000
2026-08-25 11:05:00,ATM,CE,1040.0,1037.5,2.6,2.9,2.25,2.65,39.894012,186750,1218750
2026-08-25 11:10:00,ATM,CE,1040.0,1039.0,2.7,3.1,2.65,3.1,38.164892,39000,1218750
2026-08-25 11:15:00,ATM,CE,1040.0,1038.5,3.3,3.4,3.1,3.3,43.188911,88500,1225500
2026-08-25 11:20:00,ATM,CE,1040.0,1039.2,3.1,3.8,2.7,3.65,43.937204,138750,1146750
2026-08-25 11:25:00,ATM,CE,1040.0,1040.5,3.6,3.9,3.3,3.7,37.768294,78000,1129500
2026-08-25 11:30:00,ATM,CE,1040.0,1040.0,3.75,3.8,3.3,3.3,36.569407,44250,1106250
2026-08-25 11:35:00,ATM,CE,1040.0,1040.1,3.0,3.55,3.0,3.25,35.818778,51000,1092000
2026-08-25 11:40:00,ATM,CE,1040.0,1040.3,3.2,3.45,3.15,3.45,37.312885,27750,1092000
2026-08-25 11:45:00,ATM,CE,1040.0,1039.9,3.5,3.55,3.35,3.5,40.642767,26250,1085250
2026-08-25 11:50:00,ATM,CE,1040.0,1040.8,3.5,3.5,3.4,3.5,35.624387,13500,1082250
2026-08-25 11:55:00,ATM,CE,1040.0,1042.5,3.8,5.3,3.5,5.0,42.191453,108750,1037250
2026-08-25 12:00:00,ATM,CE,1040.0,1043.9,4.85,5.15,4.85,5.15,32.582403,51000,1011000
2026-08-25 12:05:00,ATM,CE,1040.0,1042.2,5.15,5.15,4.15,4.15,34.836423,50250,986250
2026-08-25 12:10:00,ATM,CE,1040.0,1042.5,4.05,4.7,4.05,4.7,39.910564,23250,972000
2026-08-25 12:15:00,ATM,CE,1040.0,1041.6,4.5,4.7,3.55,4.0,38.419007,23250,969000
2026-08-25 12:20:00,ATM,CE,1040.0,1040.7,3.9,4.0,2.6,2.95,32.07116,18750,966000
2026-08-25 12:25:00,ATM,CE,1040.0,1040.6,2.8,3.0,2.55,3.0,33.826436,23250,959250
2026-08-25 12:30:00,ATM,CE,1040.0,1040.7,2.35,3.0,2.3,2.3,24.518612,9750,956250
2026-08-25 12:35:00,ATM,CE,1040.0,1040.8,2.2,2.3,2.1,2.2,22.791028,24000,946500
2026-08-25 12:40:00,ATM,CE,1040.0,1041.9,2.2,2.8,2.2,2.8,21.854607,21750,940500
2026-08-25 12:45:00,ATM,CE,1040.0,1041.0,2.55,3.25,2.5,3.1,34.15748,25500,929250
2026-08-25 12:50:00,ATM,CE,1040.0,1041.0,2.95,3.1,2.55,2.55,27.074405,24750,925500
2026-08-25 12:55:00,ATM,CE,1040.0,1041.0,2.6,2.8,2.4,2.45,26.090194,16500,918000
2026-08-25 13:00:00,ATM,CE,1040.0,1040.0,2.7,2.7,1.3,1.3,18.030053,81000,859500
2026-08-25 13:05:00,ATM,CE,1040.0,1039.9,1.05,1.5,1.05,1.5,21.90027,55500,845250
2026-08-25 13:10:00,ATM,CE,1040.0,1038.3,1.5,1.75,1.3,1.5,32.488876,18750,840750
2026-08-25 13:15:00,ATM,CE,1040.0,1037.9,1.5,1.8,1.5,1.8,40.078061,20250,837000
2026-08-25 13:20:00,ATM,CE,1040.0,1037.3,1.6,1.8,1.35,1.35,37.028379,32250,825750
2026-08-25 13:25:00,ATM,CE,1040.0,1038.5,1.35,1.5,1.35,1.4,31.493783,27750,822750
2026-08-25 13:30:00,ATM,CE,1040.0,1038.3,1.7,1.7,1.35,1.35,32.554686,17250,820500
2026-08-25 13:35:00,ATM,CE,1040.0,1039.3,1.2,1.35,1.0,1.05,21.724972,21000,816750
2026-08-25 13:40:00,ATM,CE,1040.0,1038.9,1.05,1.2,1.05,1.15,26.612894,3750,816750
2026-08-25 13:45:00,ATM,CE,1040.0,1038.2,1.15,1.2,1.05,1.2,32.721101,16500,810000
2026-08-25 13:50:00,ATM,CE,1040.0,1041.8,1.2,3.0,1.2,3.0,33.331379,61500,799500
2026-08-25 13:55:00,ATM,CE,1040.0,1040.8,3.8,3.8,2.75,2.75,40.472743,21000,795750
2026-08-25 14:00:00,ATM,CE,1040.0,1040.7,2.45,2.75,1.7,1.95,28.036772,29250,795000
2026-08-25 14:05:00,ATM,CE,1040.0,1039.5,2.05,2.1,1.55,1.95,40.211863,18000,795000
2026-08-25 14:10:00,ATM,CE,1040.0,1039.2,2.0,2.7,1.75,1.75,40.169559,23250,792000
2026-08-25 14:15:00,ATM,CE,1040.0,1040.3,1.7,2.0,1.5,2.0,35.898172,17250,785250
2026-08-25 14:20:00,ATM,CE,1040.0,1041.1,2.5,3.2,2.0,3.2,52.52764,15000,798000
2026-08-25 14:25:00,ATM,CE,1040.0,1042.8,3.2,3.3,2.8,3.3,31.053373,9750,795750
2026-08-25 14:30:00,ATM,CE,1040.0,1043.6,4.0,6.05,3.3,4.0,34.126936,71250,777750
2026-08-25 14:35:00,ATM,CE,1040.0,1044.1,4.7,5.5,3.25,4.4,34.850586,36000,777000
2026-08-25 14:40:00,ATM,CE,1040.0,1043.9,5.3,5.35,4.0,4.9,58.018405,19500,764250
2026-08-25 14:45:00,ATM,CE,1040.0,1043.3,4.95,5.05,4.6,4.6,64.619937,88500,728250
2026-08-25 14:50:00,ATM,CE,1040.0,1042.9,5.0,5.0,4.0,4.9,84.277976,36750,718500
2026-08-25 14:55:00,ATM,CE,1040.0,1043.7,4.9,5.0,4.25,5.0,76.085003,8250,717000
2026-08-25 15:00:00,ATM,CE,1040.0,1043.5,4.7,5.0,4.4,4.4,65.451047,7500,716250
2026-08-25 15:05:00,ATM,CE,1040.0,1043.5,4.75,5.0,4.2,5.0,92.939929,18750,706500
2026-08-25 15:10:00,ATM,CE,1040.0,1044.0,4.5,6.6,1.15,1.15,0.0,12750,704250
2026-08-25 15:15:00,ATM,CE,1040.0,1044.0,5.0,5.0,1.15,4.95,95.305124,12750,696000
2026-08-25 15:20:00,ATM,CE,1040.0,1044.0,2.1,4.95,2.1,4.5,83.247813,4500,687000
2026-08-25 15:25:00,ATM,CE,1050.0,1048.0,4.0,6.0,0.05,0.1,37.121117,120000,1780500
2026-08-25 15:30:00,ATM,CE,1050.0,1048.0,0.15,0.15,0.05,0.1,52.521194,74250,1738500
2026-08-25 15:35:00,ATM,CE,1050.0,1048.0,0.05,0.1,0.05,0.05,0.0,24000,1732500
2026-08-20 09:15:00,ATM,PE,1050.0,1048.0,12.25,12.25,9.1,11.4,22.2126,225750,3238500
2026-08-20 09:20:00,ATM,PE,1050.0,1048.1,11.45,11.85,10.9,10.9,21.322624,272250,3221250
2026-08-20 09:25:00,ATM,PE,1050.0,1050.1,10.85,10.9,9.25,9.6,20.673769,199500,3248250
2026-08-20 09:30:00,ATM,PE,1050.0,1049.8,9.6,10.05,9.55,9.9,20.9951,130500,3249000
2026-08-20 09:35:00,ATM,PE,1050.0,1049.0,9.9,10.55,9.8,10.4,21.230311,72000,3269250
2026-08-20 09:40:00,ATM,PE,1050.0,1050.2,10.3,10.4,9.8,9.8,21.184551,66000,3270750
2026-08-20 09:45:00,ATM,PE,1050.0,1049.8,9.9,10.3,9.8,10.15,21.512051,45750,3268500
2026-08-20 09:50:00,ATM,PE,1050.0,1050.6,10.2,10.2,9.55,9.65,21.269817,117000,3307500
2026-08-20 09:55:00,ATM,PE,1050.0,1050.0,9.65,9.9,9.3,9.8,21.014566,83250,3310500
2026-08-20 10:00:00,ATM,PE,1050.0,1049.4,9.65,10.1,9.65,9.9,20.648943,77250,3330750
2026-08-20 10:05:00,ATM,PE,1050.0,1049.6,9.9,10.0,9.85,9.95,20.946418,31500,3335250
2026-08-20 10:10:00,ATM,PE,1050.0,1049.8,10.0,10.1,9.75,9.75,20.743177,37500,3339750
2026-08-20 10:15:00,ATM,PE,1050.0,1049.3,9.8,10.15,9.75,10.15,21.06999,24750,3341250
2026-08-20 10:20:00,ATM,PE,1050.0,1048.3,10.2,10.3,10.05,10.25,20.295232,62250,3344250
2026-08-20 10:25:00,ATM,PE,1050.0,1048.2,10.35,10.45,10.1,10.4,20.501213,114000,3341250
2026-08-20 10:30:00,ATM,PE,1050.0,1048.4,10.4,10.4,10.1,10.15,20.206184,47250,3336750
2026-08-20 10:35:00,ATM,PE,1050.0,1048.5,10.0,10.2,9.85,10.05,20.111036,40500,3337500
2026-08-20 10:40:00,ATM,PE,1050.0,1049.9,9.95,10.05,9.35,9.35,20.072387,66000,3337500
2026-08-20 10:45:00,ATM,PE,1050.0,1051.2,9.3,9.4,8.5,8.6,19.779745,98250,3321000
2026-08-20 10:50:00,ATM,PE,1050.0,1050.4,8.5,8.75,8.5,8.7,19.249876,64500,3324750
2026-08-20 10:55:00,ATM,PE,1050.0,1050.8,8.8,8.8,8.7,8.75,19.726566,36750,3338250
2026-08-20 11:00:00,ATM,PE,1050.0,1050.8,8.75,8.85,8.65,8.85,19.933341,72000,3366750
2026-08-20 11:05:00,ATM,PE,1050.0,1049.8,8.8,9.1,8.8,8.95,19.203193,68250,3378000
2026-08-20 11:10:00,ATM,PE,1050.0,1049.4,8.95,9.35,8.95,9.25,19.427511,31500,3381000
2026-08-20 11:15:00,ATM,PE,1050.0,1048.0,9.55,9.85,9.25,9.65,18.852428,45750,3378000
2026-08-20 11:20:00,ATM,PE,1050.0,1047.6,9.75,10.25,9.65,10.25,19.655541,69750,3377250
2026-08-20 11:25:00,ATM,PE,1050.0,1047.5,10.4,10.45,10.0,10.05,19.156168,71250,3375000
2026-08-20 11:30:00,ATM,PE,1050.0,1048.0,10.1,10.1,9.4,9.5,18.566857,56250,3364500
2026-08-20 11:35:00,ATM,PE,1050.0,1048.0,9.7,9.7,9.45,9.45,18.471541,39750,3369750
2026-08-20 11:40:00,ATM,PE,1050.0,1047.9,9.45,9.55,9.35,9.55,18.576206,12000,3369750
2026-08-20 11:45:00,ATM,PE,1050.0,1048.0,9.6,9.6,9.15,9.15,17.878356,36750,3378750
2026-08-20 11:50:00,ATM,PE,1050.0,1046.8,9.1,9.75,9.05,9.75,17.845127,37500,3383250
2026-08-20 11:55:00,ATM,PE,1050.0,1047.0,9.85,10.15,9.65,9.65,17.860074,63000,3372000
2026-08-20 12:00:00,ATM,PE,1050.0,1046.9,9.8,9.8,9.55,9.55,17.557218,11250,3375000
2026-08-20 12:05:00,ATM,PE,1050.0,1047.0,9.45,9.75,9.45,9.55,17.668006,21750,3371250
2026-08-20 12:10:00,ATM,PE,1050.0,1047.8,9.45,9.55,9.0,9.1,17.598175,52500,3378000
2026-08-20 12:15:00,ATM,PE,1050.0,1047.8,9.1,9.15,8.95,9.15,17.703911,16500,3378750
2026-08-20 12:20:00,ATM,PE,1050.0,1046.9,9.1,9.45,9.05,9.45,17.374361,55500,3400500
2026-08-20 12:25:00,ATM,PE,1050.0,1047.5,9.45,9.55,9.3,9.4,17.908677,15000,3397500
2026-08-20 12:30:00,ATM,PE,1050.0,1047.0,9.6,9.65,9.4,9.55,17.692518,32250,3405750
2026-08-20 12:35:00,ATM,PE,1050.0,1047.6,9.55,9.55,9.3,9.3,17.820367,14250,3407250
2026-08-20 12:40:00,ATM,PE,1050.0,1047.0,9.1,9.45,9.05,9.3,17.196168,30750,3402750
2026-08-20 12:45:00,ATM,PE,1050.0,1048.9,9.15,9.3,8.45,8.45,17.428707,78000,3399750
2026-08-20 12:50:00,ATM,PE,1050.0,1048.7,8.3,8.45,7.7,8.2,16.730458,175500,3382500
2026-08-20 12:55:00,ATM,PE,1050.0,1049.9,8.25,8.25,7.65,7.9,17.296668,168750,3343500
2026-08-20 13:00:00,ATM,PE,1050.0,1049.4,7.85,8.2,7.85,8.05,17.124513,60750,3349500
2026-08-20 13:05:00,ATM,PE,1050.0,1049.0,8.1,8.15,7.9,8.15,16.940575,18750,3348000
2026-08-20 13:10:00,ATM,PE,1050.0,1049.7,8.15,8.15,7.85,7.9,17.120162,44250,3363000
2026-08-20 13:15:00,ATM,PE,1050.0,1049.5,7.9,8.0,7.85,7.85,16.831112,22500,3360750
2026-08-20 13:20:00,ATM,PE,1050.0,1049.7,7.85,7.9,7.75,7.75,16.826022,18000,3353250
2026-08-20 13:25:00,ATM,PE,1050.0,1050.0,7.9,8.05,7.5,7.55,16.711702,38250,3342000
2026-08-20 13:30:00,ATM,PE,1050.0,1050.2,7.65,7.85,7.4,7.4,16.601136,92250,3359250
2026-08-20 13:35:00,ATM,PE,1050.0,1049.4,7.4,7.9,7.35,7.9,16.854498,54000,3360000
2026-08-20 13:40:00,ATM,PE,1050.0,1049.7,7.9,7.95,7.8,7.8,16.946536,66000,3357750
2026-08-20 13:45:00,ATM,PE,1050.0,1050.3,7.65,7.8,7.5,7.5,16.912683,57000,3369000
2026-08-20 13:50:00,ATM,PE,1050.0,1050.0,7.55,7.7,7.4,7.7,17.040166,54000,3372750
2026-08-20 13:55:00,ATM,PE,1050.0,1049.8,7.65,7.95,7.65,7.8,17.057088,84750,3372750
2026-08-20 14:00:00,ATM,PE,1050.0,1049.4,7.85,8.1,7.7,8.0,17.081431,96000,3341250
2026-08-20 14:05:00,ATM,PE,1050.0,1048.5,8.05,8.85,8.0,8.85,17.919635,101250,3327000
2026-08-20 14:10:00,ATM,PE,1050.0,1048.1,8.8,9.0,8.7,8.95,17.721429,65250,3317250
2026-08-20 14:15:00,ATM,PE,1050.0,1048.2,9.1,9.25,8.9,9.15,18.235087,120750,3308250
2026-08-20 14:20:00,ATM,PE,1050.0,1048.3,9.0,9.15,8.8,9.15,18.342141,65250,3297750
2026-08-20 14:25:00,ATM,PE,1050.0,1048.2,9.15,9.15,8.8,8.9,17.737215,62250,3288750
2026-08-20 14:30:00,ATM,PE,1050.0,1047.9,8.85,9.15,8.7,9.15,17.942756,42000,3280500
2026-08-20 14:35:00,ATM,PE,1050.0,1048.3,9.1,9.3,8.75,8.75,17.544171,225000,3204750
2026-08-20 14:40:00,ATM,PE,1050.0,1048.7,8.7,8.75,8.45,8.45,17.343137,129750,3217500
2026-08-20 14:45:00,ATM,PE,1050.0,1048.4,8.65,8.8,8.4,8.7,17.554126,80250,3181500
2026-08-20 14:50:00,ATM,PE,1050.0,1048.9,8.8,8.8,8.6,8.6,17.858582,51750,3171750
2026-08-20 14:55:00,ATM,PE,1050.0,1049.7,8.6,8.65,8.3,8.3,18.038731,44250,3171750
2026-08-20 15:00:00,ATM,PE,1050.0,1048.4,8.35,8.85,8.3,8.85,17.874898,78750,3158250
2026-08-20 15:05:00,ATM,PE,1050.0,1048.1,8.85,8.9,8.8,8.8,17.471352,96000,3156000
2026-08-20 15:10:00,ATM,PE,1050.0,1047.5,8.9,9.3,8.7,8.8,16.851321,122250,3144750
2026-08-20 15:15:00,ATM,PE,1050.0,1047.5,9.0,9.3,8.8,9.0,17.264765,60000,3092250
2026-08-20 15:20:00,ATM,PE,1050.0,1047.5,8.9,9.55,8.9,9.4,18.087251,83250,3085500
2026-08-20 15:25:00,ATM,PE,1050.0,1048.0,9.6,9.6,9.2,9.2,18.205125,24000,3056250
2026-08-20 15:30:00,ATM,PE,1050.0,1048.0,9.15,9.5,9.15,9.5,18.82331,23250,3054000
2026-08-20 15:35:00,ATM,PE,1050.0,1048.0,9.4,9.8,9.4,9.55,18.930984,38250,3054000
2026-08-21 09:15:00,ATM,PE,1050.0,1050.2,7.55,8.85,7.4,8.25,19.766886,196500,3042000
2026-08-21 09:20:00,ATM,PE,1050.0,1049.7,7.8,8.25,7.6,7.7,18.030975,262500,3060000
2026-08-21 09:25:00,ATM,PE,1050.0,1050.5,8.05,8.05,7.7,7.75,18.983051,109500,3077250
2026-08-21 09:30:00,ATM,PE,1050.0,1049.2,7.35,8.0,7.35,8.0,18.173089,81750,3073500
2026-08-21 09:35:00,ATM,PE,1050.0,1050.5,7.75,8.0,7.45,7.45,18.330289,57750,3086250
2026-08-21 09:40:00,ATM,PE,1050.0,1052.2,7.15,7.45,6.1,6.65,18.24622,393750,3075000
2026-08-21 09:45:00,ATM,PE,1050.0,1054.0,6.4,6.65,5.5,5.65,17.668233,382500,3098250
2026-08-21 09:50:00,ATM,PE,1050.0,1053.3,5.65,6.1,5.4,5.85,17.492476,305250,3123750
2026-08-21 09:55:00,ATM,PE,1050.0,1052.0,6.25,6.75,5.85,6.5,17.735268,183750,3081000
2026-08-21 10:00:00,ATM,PE,1050.0,1051.3,6.55,6.95,6.5,6.95,18.059696,184500,3078000
2026-08-21 10:05:00,ATM,PE,1050.0,1050.0,7.1,7.3,6.95,7.3,17.515507,119250,3085500
2026-08-21 10:10:00,ATM,PE,1050.0,1051.3,7.4,7.4,6.9,6.9,17.960716,154500,3097500
2026-08-21 10:15:00,ATM,PE,1050.0,1050.4,6.9,7.25,6.9,7.25,17.83323,42000,3086250
2026-08-21 10:20:00,ATM,PE,1050.0,1050.7,7.3,7.6,7.1,7.1,17.81361,90000,3075000
2026-08-21 10:25:00,ATM,PE,1050.0,1050.1,7.05,7.75,7.05,7.35,17.756331,149250,3084750
2026-08-21 10:30:00,ATM,PE,1050.0,1049.7,7.35,7.65,7.35,7.65,18.008305,72000,3081750
2026-08-21 10:35:00,ATM,PE,1050.0,1049.3,7.7,7.95,7.5,7.95,18.253119,99750,3073500
2026-08-21 10:40:00,ATM,PE,1050.0,1049.4,7.7,7.95,7.45,7.8,18.033552,43500,3066750
2026-08-21 10:45:00,ATM,PE,1050.0,1049.4,7.65,7.85,7.6,7.8,18.039906,40500,3055500
2026-08-21 10:50:00,ATM,PE,1050.0,1050.3,7.95,8.0,6.8,7.1,17.438453,138750,3048750
2026-08-21 10:55:00,ATM,PE,1050.0,1049.8,7.05,7.25,7.0,7.15,17.030927,51000,3047250
2026-08-21 11:00:00,ATM,PE,1050.0,1049.0,7.05,7.75,7.0,7.75,17.511964,68250,3042750
2026-08-21 11:05:00,ATM,PE,1050.0,1048.5,7.75,8.3,7.55,7.75,16.963238,156000,3051750
2026-08-21 11:10:00,ATM,PE,1050.0,1049.1,7.7,8.1,7.7,7.8,17.745515,45750,3043500
2026-08-21 11:15:00,ATM,PE,1050.0,1049.5,7.75,7.9,7.7,7.7,17.962805,42000,3047250
2026-08-21 11:20:00,ATM,PE,1050.0,1050.2,7.5,7.7,6.95,7.05,17.259124,107250,3030750
2026-08-21 11:25:00,ATM,PE,1050.0,1050.1,7.1,7.1,6.9,7.0,17.048395,18000,3033750
2026-08-21 11:30:00,ATM,PE,1050.0,1049.6,7.0,7.15,6.85,7.15,16.859225,84000,3025500
2026-08-21 11:35:00,ATM,PE,1050.0,1049.4,7.4,7.65,7.15,7.4,17.208977,139500,3023250
2026-08-21 11:40:00,ATM,PE,1050.0,1048.9,7.65,7.75,7.4,7.65,17.227188,24000,3025500
2026-08-21 11:45:00,ATM,PE,1050.0,1048.7,7.7,7.7,7.55,7.7,17.122909,18000,3018750
2026-08-21 11:50:00,ATM,PE,1050.0,1048.6,7.95,7.95,7.6,7.75,17.129023,96750,3007500
2026-08-21 11:55:00,ATM,PE,1050.0,1046.8,8.1,8.9,7.75,8.75,17.281921,80250,3003000
2026-08-21 12:00:00,ATM,PE,1050.0,1046.9,8.7,9.35,8.7,9.2,18.423195,120000,2995500
2026-08-21 12:05:00,ATM,PE,1050.0,1046.8,9.15,9.35,8.95,9.25,18.422025,72000,2985750
2026-08-21 12:10:00,ATM,PE,1050.0,1046.0,9.35,9.35,8.75,9.0,16.875724,45750,2994750
2026-08-21 12:15:00,ATM,PE,1050.0,1045.9,9.6,9.8,9.0,9.45,17.777905,101250,2988750
2026-08-21 12:20:00,ATM,PE,1050.0,1046.8,9.4,9.45,8.65,8.65,17.08602,24750,2988000
2026-08-21 12:25:00,ATM,PE,1050.0,1047.0,8.85,8.85,8.6,8.6,17.221305,16500,2984250
2026-08-21 12:30:00,ATM,PE,1050.0,1047.0,8.5,8.8,8.25,8.35,16.662415,29250,2974500
2026-08-21 12:35:00,ATM,PE,1050.0,1046.3,8.35,8.55,8.1,8.55,16.259166,37500,2978250
2026-08-21 12:40:00,ATM,PE,1050.0,1046.9,8.6,8.9,8.55,8.9,17.796993,62250,2988000
2026-08-21 12:45:00,ATM,PE,1050.0,1045.9,8.9,9.65,8.9,9.65,18.270591,244500,2903250
2026-08-21 12:50:00,ATM,PE,1050.0,1045.9,9.55,9.65,9.45,9.6,18.163139,240000,2764500
2026-08-21 12:55:00,ATM,PE,1050.0,1045.9,9.55,9.6,9.1,9.1,17.029312,276750,2590500
2026-08-21 13:00:00,ATM,PE,1050.0,1046.1,9.1,9.4,9.05,9.3,17.74408,82500,2588250
2026-08-21 13:05:00,ATM,PE,1050.0,1045.9,9.3,9.7,9.05,9.05,16.926927,173250,2606250
2026-08-21 13:10:00,ATM,PE,1050.0,1045.8,9.3,9.4,9.05,9.15,17.033615,36750,2601000
2026-08-21 13:15:00,ATM,PE,1050.0,1045.1,9.15,9.8,3.95,9.6,17.161487,62250,2589750
2026-08-21 13:20:00,ATM,PE,1050.0,1045.1,9.6,9.6,4.3,9.3,16.475535,81750,2746500
2026-08-21 13:25:00,ATM,PE,1050.0,1045.4,4.25,9.45,4.15,9.35,16.9924,46500,2739750
2026-08-21 13:30:00,ATM,PE,1040.0,1043.7,4.1,4.6,4.1,4.55,15.249533,64500,2261250
2026-08-21 13:35:00,ATM,PE,1040.0,1044.2,4.7,4.85,4.5,4.6,15.825582,55500,2278500
2026-08-21 13:40:00,ATM,PE,1040.0,1043.8,4.5,4.6,4.4,4.6,15.470312,51750,2275500
2026-08-21 13:45:00,ATM,PE,1040.0,1043.6,4.55,4.65,4.35,4.55,15.175129,45750,2284500
2026-08-21 13:50:00,ATM,PE,1040.0,1044.6,4.6,4.65,4.15,4.25,15.357958,75750,2269500
2026-08-21 13:55:00,ATM,PE,1040.0,1045.0,4.25,4.25,4.0,4.0,15.104421,42750,2268000
2026-08-21 14:00:00,ATM,PE,1040.0,1042.9,4.0,4.55,4.0,4.55,14.54476,99750,2270250
2026-08-21 14:05:00,ATM,PE,1040.0,1042.9,4.5,4.6,4.3,4.6,14.667879,65250,2278500
2026-08-21 14:10:00,ATM,PE,1040.0,1044.3,4.6,4.6,4.15,4.25,15.115743,72750,2278500
2026-08-21 14:15:00,ATM,PE,1040.0,1044.0,4.2,4.35,4.1,4.25,14.853924,49500,2278500
2026-08-21 14:20:00,ATM,PE,1040.0,1043.8,4.25,4.4,4.25,4.25,14.679689,54750,2281500
2026-08-21 14:25:00,ATM,PE,1040.0,1043.7,4.45,4.55,4.25,4.3,14.714385,47250,2286750
2026-08-21 14:30:00,ATM,PE,1040.0,1043.5,4.2,4.3,4.05,4.3,14.537921,46500,2281500
2026-08-21 14:35:00,ATM,PE,1040.0,1043.4,4.45,4.45,4.25,4.25,14.332569,41250,2279250
2026-08-21 14:40:00,ATM,PE,1040.0,1043.6,4.25,4.45,4.1,4.45,14.998096,46500,2283000
2026-08-21 14:45:00,ATM,PE,1040.0,1043.6,4.25,4.45,4.0,4.2,14.405706,45000,2292000
2026-08-21 14:50:00,ATM,PE,1040.0,1043.7,4.2,4.4,4.15,4.3,14.741479,41250,2287500
2026-08-21 14:55:00,ATM,PE,1040.0,1043.1,4.35,4.6,4.3,4.6,14.909128,54750,2263500
2026-08-21 15:00:00,ATM,PE,1040.0,1041.9,4.65,4.95,4.45,4.95,14.587203,154500,2238000
2026-08-21 15:05:00,ATM,PE,1040.0,1040.9,4.85,5.3,4.85,5.25,14.283231,140250,2247000
2026-08-21 15:10:00,ATM,PE,1040.0,1041.0,5.2,5.5,5.2,5.5,14.970827,207750,2265000
2026-08-21 15:15:00,ATM,PE,1040.0,1041.0,5.45,5.6,5.25,5.5,14.97627,201750,2310750
2026-08-21 15:20:00,ATM,PE,1040.0,1041.0,5.55,5.55,5.15,5.15,14.169506,49500,2281500
2026-08-21 15:25:00,ATM,PE,1050.0,1048.7,5.05,11.5,4.75,11.5,26.064578,50250,2415750
2026-08-21 15:30:00,ATM,PE,1050.0,1048.7,11.05,11.5,10.65,10.8,24.477086,58500,2382750
2026-08-21 15:35:00,ATM,PE,1050.0,1048.7,10.9,11.5,10.8,11.4,25.856549,69750,2376750
2026-08-24 09:15:00,ATM,PE,1040.0,1044.7,9.7,9.8,3.5,3.6,23.62981,207750,2305500
2026-08-24 09:20:00,ATM,PE,1040.0,1045.0,3.5,3.8,3.35,3.35,23.033435,216000,2320500
2026-08-24 09:25:00,ATM,PE,1040.0,1044.5,3.35,8.7,2.8,3.15,21.411733,102750,2341500
2026-08-24 09:30:00,ATM,PE,1040.0,1044.1,3.3,3.45,3.15,3.3,21.468222,198000,2330250
2026-08-24 09:35:00,ATM,PE,1040.0,1043.8,3.6,3.75,3.25,3.75,22.959016,123000,2319000
2026-08-24 09:40:00,ATM,PE,1040.0,1044.4,3.9,4.1,3.75,3.85,24.395652,143250,2304750
2026-08-24 09:45:00,ATM,PE,1040.0,1044.0,3.65,4.1,3.6,4.05,24.639986,85500,2295750
2026-08-24 09:50:00,ATM,PE,1040.0,1044.5,3.9,4.05,3.75,3.75,24.1864,93000,2284500
2026-08-24 09:55:00,ATM,PE,1040.0,1044.5,3.75,4.05,3.6,3.85,24.654858,87750,2277000
2026-08-24 10:00:00,ATM,PE,1040.0,1044.3,3.75,4.0,3.75,4.0,25.01569,50250,2266500
2026-08-24 10:05:00,ATM,PE,1040.0,1043.6,3.85,4.0,3.85,4.0,23.88979,47250,2253750
2026-08-24 10:10:00,ATM,PE,1040.0,1043.7,3.95,4.05,3.95,3.95,23.873656,45750,2238750
2026-08-24 10:15:00,ATM,PE,1040.0,1043.4,4.0,4.1,3.95,4.05,23.831784,56250,2226000
2026-08-24 10:20:00,ATM,PE,1040.0,1043.8,4.15,4.2,3.85,3.95,24.105442,83250,2217000
2026-08-24 10:25:00,ATM,PE,1040.0,1042.6,4.1,4.55,3.95,4.5,24.432371,245250,2206500
2026-08-24 10:30:00,ATM,PE,1040.0,1042.5,4.5,5.1,4.3,4.75,25.351059,237750,2147250
2026-08-24 10:35:00,ATM,PE,1040.0,1041.1,4.75,5.5,4.75,5.5,25.943083,280500,2052750
2026-08-24 10:40:00,ATM,PE,1040.0,1041.0,5.5,5.7,5.4,5.55,25.994793,125250,2055000
2026-08-24 10:45:00,ATM,PE,1040.0,1040.9,5.5,5.75,5.5,5.75,26.677577,93000,2082750
2026-08-24 10:50:00,ATM,PE,1040.0,1040.7,5.75,6.1,5.5,5.5,25.265273,242250,2061750
2026-08-24 10:55:00,ATM,PE,1040.0,1040.0,5.45,5.85,5.45,5.85,25.362444,57000,2055750
2026-08-24 11:00:00,ATM,PE,1040.0,1040.0,5.9,6.4,5.85,6.05,26.241596,113250,2030250
2026-08-24 11:05:00,ATM,PE,1040.0,1037.0,6.15,7.75,6.05,7.5,25.718717,171000,1992750
2026-08-24 11:10:00,ATM,PE,1040.0,1036.7,7.4,7.95,7.3,7.95,26.957805,133500,1954500
2026-08-24 11:15:00,ATM,PE,1040.0,1035.9,8.4,8.55,7.95,8.35,26.713334,120000,1957500
2026-08-24 11:20:00,ATM,PE,1040.0,1036.0,8.4,8.55,8.1,8.2,26.352397,114750,1968000
2026-08-24 11:25:00,ATM,PE,1040.0,1036.0,8.35,8.55,7.5,7.75,24.413398,128250,1986750
2026-08-24 11:30:00,ATM,PE,1040.0,1035.1,7.65,8.8,3.3,8.75,26.463202,216750,1950750
2026-08-24 11:35:00,ATM,PE,1030.0,1034.0,3.7,3.7,3.35,3.5,23.161391,217500,1416750
2026-08-24 11:40:00,ATM,PE,1040.0,1035.4,3.5,8.9,3.4,8.6,26.681963,199500,1911000
2026-08-24 11:45:00,ATM,PE,1040.0,1036.1,8.4,8.6,7.55,7.7,24.591366,121500,1873500
2026-08-24 11:50:00,ATM,PE,1040.0,1035.2,7.9,8.35,7.7,8.35,25.090773,45750,1866750
2026-08-24 11:55:00,ATM,PE,1030.0,1034.8,3.4,3.55,3.3,3.5,24.628929,76500,1381500
2026-08-24 12:00:00,ATM,PE,1040.0,1035.4,3.55,8.8,3.5,8.35,25.712673,81750,1841250
2026-08-24 12:05:00,ATM,PE,1030.0,1034.7,3.45,3.65,3.35,3.5,24.534723,75750,1391250
2026-08-24 12:10:00,ATM,PE,1030.0,1034.9,3.45,3.6,3.45,3.55,25.132873,50250,1389750
2026-08-24 12:15:00,ATM,PE,1030.0,1034.3,3.55,3.75,3.55,3.65,24.625552,61500,1379250
2026-08-24 12:20:00,ATM,PE,1030.0,1035.0,3.65,3.7,3.5,3.6,25.604293,28500,1375500
2026-08-24 12:25:00,ATM,PE,1030.0,1034.6,3.6,3.7,3.55,3.7,25.436148,60750,1357500
2026-08-24 12:30:00,ATM,PE,1030.0,1034.9,3.55,9.0,3.45,3.5,25.047361,30750,1350750
2026-08-24 12:35:00,ATM,PE,1030.0,1034.6,9.05,9.15,3.55,3.75,25.742499,59250,1343250
2026-08-24 12:40:00,ATM,PE,1030.0,1034.0,3.75,3.8,3.65,3.65,24.291613,70500,1326000
2026-08-24 12:45:00,ATM,PE,1030.0,1034.3,3.65,3.8,3.65,3.75,25.305995,87000,1340250
2026-08-24 12:50:00,ATM,PE,1030.0,1033.3,3.95,3.95,3.6,3.95,24.502147,97500,1339500
2026-08-24 12:55:00,ATM,PE,1030.0,1034.0,4.0,4.05,3.75,3.9,25.552667,90750,1374750
2026-08-24 13:00:00,ATM,PE,1030.0,1033.1,3.9,4.15,3.9,4.1,24.895068,114000,1378500
2026-08-24 13:05:00,ATM,PE,1030.0,1033.9,4.2,4.4,3.55,3.55,23.835596,321750,1356750
2026-08-24 13:10:00,ATM,PE,1030.0,1033.9,3.45,3.55,3.35,3.5,23.639136,223500,1404000
2026-08-24 13:15:00,ATM,PE,1030.0,1034.8,3.45,3.55,2.85,2.9,22.361299,150000,1368000
2026-08-24 13:20:00,ATM,PE,1030.0,1033.9,3.05,3.35,2.9,3.35,23.010134,50250,1357500
2026-08-24 13:25:00,ATM,PE,1030.0,1033.7,3.35,3.5,3.3,3.3,22.462871,61500,1362000
2026-08-24 13:30:00,ATM,PE,1030.0,1033.7,3.35,3.5,3.3,3.5,23.431351,87000,1362000
2026-08-24 13:35:00,ATM,PE,1030.0,1034.0,3.5,3.65,3.25,3.25,22.817974,72000,1365000
2026-08-24 13:40:00,ATM,PE,1030.0,1033.7,3.25,3.5,3.25,3.5,23.503055,20250,1355250
2026-08-24 13:45:00,ATM,PE,1030.0,1033.6,3.4,3.65,3.4,3.45,23.127615,42000,1341750
2026-08-24 13:50:00,ATM,PE,1030.0,1033.5,3.5,3.65,3.45,3.55,23.452862,78000,1344750
2026-08-24 13:55:00,ATM,PE,1030.0,1033.0,3.55,3.55,3.35,3.5,22.349843,72750,1335750
2026-08-24 14:00:00,ATM,PE,1030.0,1034.2,3.5,3.5,2.85,3.0,22.144735,75000,1335750
2026-08-24 14:05:00,ATM,PE,1030.0,1033.9,3.0,3.15,2.85,2.85,20.943952,71250,1333500
2026-08-24 14:10:00,ATM,PE,1030.0,1033.4,3.05,3.3,2.85,3.3,22.241351,57000,1316250
2026-08-24 14:15:00,ATM,PE,1030.0,1033.3,3.35,3.35,3.15,3.2,21.623901,30750,1301250
2026-08-24 14:20:00,ATM,PE,1030.0,1033.8,3.15,3.2,2.9,3.0,21.590666,41250,1300500
2026-08-24 14:25:00,ATM,PE,1030.0,1034.8,3.0,8.8,2.3,2.5,20.869675,86250,1335750
2026-08-24 14:30:00,ATM,PE,1030.0,1034.5,2.5,2.65,2.3,2.4,19.910613,115500,1306500
2026-08-24 14:35:00,ATM,PE,1040.0,1035.5,2.5,8.0,2.2,7.7,24.135194,42750,1492500
2026-08-24 14:40:00,ATM,PE,1030.0,1035.0,7.95,8.0,2.15,2.2,19.772583,64500,1299750
2026-08-24 14:45:00,ATM,PE,1030.0,1034.8,7.9,7.9,2.15,2.45,20.751097,45000,1305750
2026-08-24 14:50:00,ATM,PE,1030.0,1035.0,2.25,2.45,2.25,2.3,20.348442,97500,1359750
2026-08-24 14:55:00,ATM,PE,1030.0,1034.9,7.55,7.65,2.2,2.25,19.963474,54750,1379250
2026-08-24 15:00:00,ATM,PE,1040.0,1036.2,7.65,7.65,7.0,7.0,23.036906,171750,1328250
2026-08-24 15:05:00,ATM,PE,1030.0,1035.0,2.35,7.85,1.95,2.25,20.189988,57750,1365750
2026-08-24 15:10:00,ATM,PE,1040.0,1036.1,7.8,7.8,7.6,7.7,26.140497,39000,1278000
2026-08-24 15:15:00,ATM,PE,1040.0,1036.1,7.8,8.1,7.7,8.1,28.070529,57750,1278000
2026-08-24 15:20:00,ATM,PE,1040.0,1036.1,8.1,8.25,7.9,8.25,28.823327,21000,1269000
2026-08-24 15:25:00,ATM,PE,1040.0,1039.5,8.2,8.5,8.2,8.45,38.299643,42000,1261500
2026-08-24 15:30:00,ATM,PE,1040.0,1039.5,8.45,8.75,8.45,8.6,39.053353,22500,1260000
2026-08-24 15:35:00,ATM,PE,1040.0,1039.5,8.7,9.1,8.55,9.1,41.422247,30000,1271250
2026-08-25 09:15:00,ATM,PE,1040.0,1036.9,2.35,8.8,1.95,6.7,45.282279,153750,1262250
2026-08-25 09:20:00,ATM,PE,1040.0,1038.6,6.0,6.7,5.1,5.15,40.234595,147750,1166250
2026-08-25 09:25:00,ATM,PE,1040.0,1038.5,5.15,5.25,4.65,5.25,40.915787,57000,1131750
2026-08-25 09:30:00,ATM,PE,1040.0,1039.6,4.9,5.25,4.15,4.95,43.768314,78000,1119750
2026-08-25 09:35:00,ATM,PE,1040.0,1036.7,5.0,6.6,4.95,6.6,44.40956,73500,1111500
2026-08-25 09:40:00,ATM,PE,1040.0,1036.0,7.0,7.25,6.6,7.25,46.864942,26250,1106250
2026-08-25 09:45:00,ATM,PE,1030.0,1034.6,7.2,7.25,1.5,1.7,33.477371,41250,1253250
2026-08-25 09:50:00,ATM,PE,1030.0,1034.7,1.85,2.0,1.7,1.95,36.738171,106500,1259250
2026-08-25 09:55:00,ATM,PE,1040.0,1037.1,1.7,7.8,1.7,6.45,46.539255,65250,1084500
2026-08-25 10:00:00,ATM,PE,1040.0,1038.3,6.4,7.15,5.8,5.8,47.204115,48000,1089750
2026-08-25 10:05:00,ATM,PE,1040.0,1037.2,5.5,6.45,5.5,6.45,47.8073,22500,1090500
2026-08-25 10:10:00,ATM,PE,1040.0,1037.0,6.85,7.4,6.45,6.75,49.987023,18000,1082250
2026-08-25 10:15:00,ATM,PE,1040.0,1035.3,6.55,7.6,6.55,7.6,48.358446,28500,1083750
2026-08-25 10:20:00,ATM,PE,1030.0,1034.8,8.0,8.0,1.75,1.9,38.211738,70500,1226250
2026-08-25 10:25:00,ATM,PE,1030.0,1034.0,1.85,1.95,1.75,1.95,36.248228,30000,1218000
2026-08-25 10:30:00,ATM,PE,1030.0,1034.2,1.9,1.95,1.75,1.75,35.007004,46500,1218750
2026-08-25 10:35:00,ATM,PE,1040.0,1035.4,1.7,7.7,1.45,7.35,47.901844,30000,1051500
2026-08-25 10:40:00,ATM,PE,1040.0,1037.1,7.3,7.35,6.55,6.55,50.953689,11250,1047000
2026-08-25 10:45:00,ATM,PE,1040.0,1039.5,6.3,6.55,4.35,4.4,42.850579,39750,1030500
2026-08-25 10:50:00,ATM,PE,1040.0,1042.1,4.3,4.4,2.9,3.25,43.856284,272250,999000
2026-08-25 10:55:00,ATM,PE,1040.0,1040.1,3.25,4.55,3.25,4.3,45.708919,45000,999750
2026-08-25 11:00:00,ATM,PE,1040.0,1038.6,4.15,5.0,4.15,4.7,42.084751,48750,1007250
2026-08-25 11:05:00,ATM,PE,1040.0,1037.5,5.25,6.1,4.7,6.05,50.322158,64500,984750
2026-08-25 11:10:00,ATM,PE,1040.0,1039.0,5.85,6.05,5.6,5.6,54.903116,16500,984000
2026-08-25 11:15:00,ATM,PE,1040.0,1038.5,5.1,5.6,4.85,5.6,52.503137,29250,980250
2026-08-25 11:20:00,ATM,PE,1040.0,1039.2,5.05,5.6,4.4,4.4,43.942201,69000,957000
2026-08-25 11:25:00,ATM,PE,1040.0,1040.5,4.25,4.65,3.45,3.45,41.083381,39750,957000
2026-08-25 11:30:00,ATM,PE,1040.0,1040.0,3.4,3.5,3.2,3.5,39.343418,37500,949500
2026-08-25 11:35:00,ATM,PE,1040.0,1040.1,3.45,3.55,3.0,3.0,34.662329,35250,936750
2026-08-25 11:40:00,ATM,PE,1040.0,1040.3,2.95,3.5,2.95,3.35,40.124638,19500,933000
2026-08-25 11:45:00,ATM,PE,1040.0,1039.9,3.4,3.55,3.1,3.25,37.134094,20250,929250
2026-08-25 11:50:00,ATM,PE,1040.0,1040.8,3.65,3.75,3.25,3.3,43.167498,10500,927750
2026-08-25 11:55:00,ATM,PE,1040.0,1042.5,2.55,3.3,2.2,2.45,42.112207,91500,922500
2026-08-25 12:00:00,ATM,PE,1040.0,1043.9,2.35,2.45,2.0,2.1,44.556588,48000,930000
2026-08-25 12:05:00,ATM,PE,1040.0,1042.2,2.0,2.6,2.0,2.55,42.870318,68250,915750
2026-08-25 12:10:00,ATM,PE,1040.0,1042.5,2.55,2.85,2.15,2.35,42.340816,14250,921000
2026-08-25 12:15:00,ATM,PE,1040.0,1041.6,2.15,2.35,2.0,2.1,35.124973,22500,924000
2026-08-25 12:20:00,ATM,PE,1040.0,1040.7,2.1,2.1,1.15,1.5,23.089857,57750,906000
2026-08-25 12:25:00,ATM,PE,1040.0,1040.6,1.55,1.75,1.5,1.75,26.019209,24750,900750
2026-08-25 12:30:00,ATM,PE,1040.0,1040.7,1.75,2.35,1.65,2.2,32.767242,30750,889500
2026-08-25 12:35:00,ATM,PE,1040.0,1040.8,2.4,2.4,1.95,2.25,34.460285,15750,885750
2026-08-25 12:40:00,ATM,PE,1040.0,1041.9,2.05,2.25,1.65,1.65,32.980444,27750,879000
2026-08-25 12:45:00,ATM,PE,1040.0,1041.0,2.0,2.0,1.2,1.35,24.38405,21000,869250
2026-08-25 12:50:00,ATM,PE,1040.0,1041.0,1.55,1.55,1.2,1.3,24.046998,15000,864000
2026-08-25 12:55:00,ATM,PE,1040.0,1041.0,1.3,2.0,1.3,2.0,34.267988,5250,862500
2026-08-25 13:00:00,ATM,PE,1040.0,1040.0,1.6,2.0,1.25,1.35,19.162329,28500,851250
2026-08-25 13:05:00,ATM,PE,1040.0,1039.9,1.1,1.5,1.1,1.5,20.89675,33000,836250
2026-08-25 13:10:00,ATM,PE,1040.0,1038.3,1.45,2.05,1.25,2.05,14.522299,10500,831750
2026-08-25 13:15:00,ATM,PE,1040.0,1037.9,2.05,2.8,2.05,2.8,22.887528,10500,827250
2026-08-25 13:20:00,ATM,PE,1040.0,1037.3,2.45,3.15,2.3,2.9,16.158631,24750,825000
2026-08-25 13:25:00,ATM,PE,1040.0,1038.5,2.95,3.0,2.65,2.65,27.891043,18750,819750
2026-08-25 13:30:00,ATM,PE,1040.0,1038.3,2.35,2.7,2.1,2.25,19.332606,26250,812250
2026-08-25 13:35:00,ATM,PE,1040.0,1039.3,2.0,2.25,1.7,2.05,26.973228,18000,801000
2026-08-25 13:40:00,ATM,PE,1040.0,1038.9,2.05,2.1,1.7,1.75,18.433542,45750,792000
2026-08-25 13:45:00,ATM,PE,1040.0,1038.2,1.75,2.4,1.75,2.15,17.086494,18000,789750
2026-08-25 13:50:00,ATM,PE,1040.0,1041.8,2.55,2.65,1.7,1.7,42.694763,61500,773250
2026-08-25 13:55:00,ATM,PE,1040.0,1040.8,1.6,1.7,1.4,1.7,36.40676,32250,755250
2026-08-25 14:00:00,ATM,PE,1040.0,1040.7,1.7,2.0,1.55,1.55,33.830307,17250,758250
2026-08-25 14:05:00,ATM,PE,1040.0,1039.5,1.3,2.1,1.3,1.65,25.713248,17250,753750
2026-08-25 14:10:00,ATM,PE,1040.0,1039.2,1.65,1.65,1.3,1.45,19.159295,8250,754500
2026-08-25 14:15:00,ATM,PE,1040.0,1040.3,1.95,1.95,1.3,1.3,28.371589,28500,762750
2026-08-25 14:20:00,ATM,PE,1040.0,1041.1,1.35,1.5,1.1,1.45,39.467792,27000,767250
2026-08-25 14:25:00,ATM,PE,1040.0,1042.8,1.45,1.45,1.25,1.25,50.036371,12000,771000
2026-08-25 14:30:00,ATM,PE,1040.0,1043.6,1.0,1.95,0.55,1.95,74.873384,48750,766500
2026-08-25 14:35:00,ATM,PE,1040.0,1044.1,0.55,1.95,0.1,0.1,25.91071,27750,768750
2026-08-25 14:40:00,ATM,PE,1040.0,1043.9,1.15,1.15,0.1,0.15,28.924403,14250,765750
2026-08-25 14:45:00,ATM,PE,1040.0,1043.3,0.15,0.9,0.15,0.9,53.396092,18000,774000
2026-08-25 14:50:00,ATM,PE,1040.0,1042.9,0.9,0.9,0.5,0.65,44.975049,21000,763500
2026-08-25 14:55:00,ATM,PE,1040.0,1043.7,0.85,0.9,0.65,0.7,56.262179,12000,769500
2026-08-25 15:00:00,ATM,PE,1040.0,1043.5,0.5,0.7,0.3,0.3,41.632472,9000,766500
2026-08-25 15:05:00,ATM,PE,1040.0,1043.5,0.25,0.3,0.1,0.1,32.498497,17250,764250
2026-08-25 15:10:00,ATM,PE,1040.0,1044.0,0.1,0.15,0.05,0.15,43.649366,3750,762750
2026-08-25 15:15:00,ATM,PE,1040.0,1044.0,0.15,0.45,0.15,0.45,69.402779,750,762000
2026-08-25 15:20:00,ATM,PE,1040.0,1044.0,0.45,0.45,0.45,0.45,80.127108,1500,761250
2026-08-25 15:25:00,ATM,PE,1050.0,1048.0,0.45,4.6,0.45,4.55,189.531329,3750,783750
2026-08-25 15:30:00,ATM,PE,1050.0,1048.0,4.0,11.05,3.0,4.0,224.0252,9750,782250
2026-08-25 15:35:00,ATM,PE,1050.0,1048.0,8.85,8.85,4.0,8.85,0.0,1500,779250
2026-08-20 09:15:00,ATM+1,CE,1060.0,1048.0,6.0,6.5,5.3,5.5,19.5499,607500,3926250
2026-08-20 09:20:00,ATM+1,CE,1060.0,1048.1,5.15,5.5,5.15,5.25,18.940285,489750,4004250
2026-08-20 09:25:00,ATM+1,CE,1060.0,1050.1,5.45,6.05,5.25,6.0,19.04383,372750,4026750
2026-08-20 09:30:00,ATM+1,CE,1060.0,1049.8,6.05,6.05,5.7,5.7,18.648071,349500,4137750
2026-08-20 09:35:00,ATM+1,CE,1060.0,1049.0,5.8,5.8,5.5,5.5,18.834299,156000,4162500
2026-08-20 09:40:00,ATM+1,CE,1060.0,1050.2,5.55,5.95,5.45,5.95,18.882077,107250,4195500
2026-08-20 09:45:00,ATM+1,CE,1060.0,1049.8,5.75,5.95,5.55,5.7,18.668847,169500,4203750
2026-08-20 09:50:00,ATM+1,CE,1060.0,1050.6,5.65,5.9,5.65,5.75,18.16391,117000,4230000
2026-08-20 09:55:00,ATM+1,CE,1060.0,1050.0,5.85,6.0,5.7,5.75,18.635194,261750,4232250
2026-08-20 10:00:00,ATM+1,CE,1060.0,1049.4,5.7,5.75,5.5,5.5,18.567613,91500,4242000
2026-08-20 10:05:00,ATM+1,CE,1060.0,1049.6,5.5,5.6,5.4,5.6,18.636476,80250,4227000
2026-08-20 10:10:00,ATM+1,CE,1060.0,1049.8,5.55,5.6,5.4,5.55,18.384216,71250,4236000
2026-08-20 10:15:00,ATM+1,CE,1060.0,1049.3,5.55,5.55,5.25,5.25,18.126298,117750,4249500
2026-08-20 10:20:00,ATM+1,CE,1060.0,1048.3,5.2,5.35,5.15,5.15,18.65867,161250,4299000
2026-08-20 10:25:00,ATM+1,CE,1060.0,1048.2,5.15,5.15,4.95,4.95,18.300232,207750,4319250
2026-08-20 10:30:00,ATM+1,CE,1060.0,1048.4,4.95,5.0,4.9,5.0,18.270578,148500,4238250
2026-08-20 10:35:00,ATM+1,CE,1060.0,1048.5,5.05,5.2,4.9,5.0,18.20398,96750,4247250
2026-08-20 10:40:00,ATM+1,CE,1060.0,1049.9,5.05,5.4,5.0,5.35,17.921454,76500,4257750
2026-08-20 10:45:00,ATM+1,CE,1060.0,1051.2,5.4,5.7,5.35,5.7,17.662731,261750,4203750
2026-08-20 10:50:00,ATM+1,CE,1060.0,1050.4,5.8,5.8,5.65,5.65,18.189819,132000,4260750
2026-08-20 10:55:00,ATM+1,CE,1060.0,1050.8,5.5,5.65,5.5,5.55,17.673623,73500,4260000
2026-08-20 11:00:00,ATM+1,CE,1060.0,1050.8,5.55,5.55,5.35,5.5,17.574461,49500,4265250
2026-08-20 11:05:00,ATM+1,CE,1060.0,1049.8,5.5,5.5,5.25,5.35,18.031377,96000,4290000
2026-08-20 11:10:00,ATM+1,CE,1060.0,1049.4,5.3,5.35,5.05,5.15,17.909412,99750,4341750
2026-08-20 11:15:00,ATM+1,CE,1060.0,1048.0,5.05,5.15,4.95,5.05,18.73574,165000,4377750
2026-08-20 11:20:00,ATM+1,CE,1060.0,1047.6,4.95,5.05,4.85,4.95,18.81265,178500,4413750
2026-08-20 11:25:00,ATM+1,CE,1060.0,1047.5,4.85,4.95,4.7,4.9,18.78073,208500,4434750
2026-08-20 11:30:00,ATM+1,CE,1060.0,1048.0,4.9,5.2,4.9,5.1,18.867175,101250,4404000
2026-08-20 11:35:00,ATM+1,CE,1060.0,1048.0,5.1,5.15,5.05,5.15,18.984553,46500,4405500
2026-08-20 11:40:00,ATM+1,CE,1060.0,1047.9,5.1,5.15,5.05,5.1,18.954695,54000,4402500
2026-08-20 11:45:00,ATM+1,CE,1060.0,1048.0,5.05,5.2,5.05,5.2,19.109044,36750,4392750
2026-08-20 11:50:00,ATM+1,CE,1060.0,1046.8,5.2,5.3,4.8,4.8,19.094633,76500,4305750
2026-08-20 11:55:00,ATM+1,CE,1060.0,1047.0,4.7,4.9,4.65,4.9,19.183808,281250,4331250
2026-08-20 12:00:00,ATM+1,CE,1060.0,1046.9,4.8,4.95,4.8,4.95,19.375379,28500,4331250
2026-08-20 12:05:00,ATM+1,CE,1060.0,1047.0,4.9,4.95,4.8,4.95,19.310577,51000,4353750
2026-08-20 12:10:00,ATM+1,CE,1060.0,1047.8,5.0,5.15,4.95,5.1,19.070808,90750,4342500
2026-08-20 12:15:00,ATM+1,CE,1060.0,1047.8,5.1,5.15,5.05,5.1,19.07797,53250,4334250
2026-08-20 12:20:00,ATM+1,CE,1060.0,1046.9,5.0,5.1,4.8,4.85,19.178905,47250,4320750
2026-08-20 12:25:00,ATM+1,CE,1060.0,1047.5,4.9,4.9,4.85,4.9,18.865373,50250,4325250
2026-08-20 12:30:00,ATM+1,CE,1060.0,1047.0,4.9,4.9,4.8,4.8,19.008485,33750,4327500
2026-08-20 12:35:00,ATM+1,CE,1060.0,1047.6,4.85,5.05,4.8,4.95,18.918738,36750,4308750
2026-08-20 12:40:00,ATM+1,CE,1060.0,1047.0,5.0,5.0,4.85,4.9,19.248619,52500,4317750
2026-08-20 12:45:00,ATM+1,CE,1060.0,1048.9,5.0,5.35,4.9,5.3,18.743378,149250,4282500
2026-08-20 12:50:00,ATM+1,CE,1060.0,1048.7,5.35,5.7,5.3,5.35,19.010489,325500,4230750
2026-08-20 12:55:00,ATM+1,CE,1060.0,1049.9,5.2,5.7,5.15,5.55,18.536987,175500,4215750
2026-08-20 13:00:00,ATM+1,CE,1060.0,1049.4,5.55,5.6,5.35,5.35,18.49487,84750,4193250
2026-08-20 13:05:00,ATM+1,CE,1060.0,1049.0,5.35,5.5,5.3,5.35,18.805627,60000,4171500
2026-08-20 13:10:00,ATM+1,CE,1060.0,1049.7,5.4,5.55,5.35,5.45,18.496364,59250,4140750
2026-08-20 13:15:00,ATM+1,CE,1060.0,1049.5,5.4,5.5,5.4,5.45,18.656904,52500,4149000
2026-08-20 13:20:00,ATM+1,CE,1060.0,1049.7,5.4,5.5,5.35,5.45,18.510483,69750,4135500
2026-08-20 13:25:00,ATM+1,CE,1060.0,1050.0,5.45,5.6,5.35,5.55,18.501952,126750,4104750
2026-08-20 13:30:00,ATM+1,CE,1060.0,1050.2,5.6,5.7,5.5,5.7,18.67602,55500,4099500
2026-08-20 13:35:00,ATM+1,CE,1060.0,1049.4,5.7,5.7,5.15,5.15,18.10757,88500,4066500
2026-08-20 13:40:00,ATM+1,CE,1060.0,1049.7,5.25,5.4,5.15,5.4,18.430302,99750,4074750
2026-08-20 13:45:00,ATM+1,CE,1060.0,1050.3,5.4,5.6,5.4,5.6,18.404223,86250,4048500
2026-08-20 13:50:00,ATM+1,CE,1060.0,1050.0,5.55,5.6,5.25,5.25,17.887823,40500,4042500
2026-08-20 13:55:00,ATM+1,CE,1060.0,1049.8,5.15,5.3,5.15,5.25,18.048421,88500,4030500
2026-08-20 14:00:00,ATM+1,CE,1060.0,1049.4,5.3,5.3,5.05,5.1,18.032672,76500,4007250
2026-08-20 14:05:00,ATM+1,CE,1060.0,1048.5,5.05,5.1,4.7,4.75,17.937683,242250,3994500
2026-08-20 14:10:00,ATM+1,CE,1060.0,1048.1,4.75,4.8,4.65,4.7,18.126352,101250,3974250
2026-08-20 14:15:00,ATM+1,CE,1060.0,1048.2,4.7,4.75,4.5,4.75,18.172408,234750,3967500
2026-08-20 14:20:00,ATM+1,CE,1060.0,1048.3,4.75,4.75,4.65,4.7,17.993523,68250,3993750
2026-08-20 14:25:00,ATM+1,CE,1060.0,1048.2,4.65,4.85,4.65,4.8,18.298673,75000,3988500
2026-08-20 14:30:00,ATM+1,CE,1060.0,1047.9,4.8,4.85,4.7,4.7,18.300522,54750,3989250
2026-08-20 14:35:00,ATM+1,CE,1060.0,1048.3,4.65,4.85,4.65,4.85,18.351077,64500,3959250
2026-08-20 14:40:00,ATM+1,CE,1060.0,1048.7,4.9,4.9,4.85,4.9,18.172692,90000,3934500
2026-08-20 14:45:00,ATM+1,CE,1060.0,1048.4,4.8,4.95,4.75,4.85,18.291112,62250,3907500
2026-08-20 14:50:00,ATM+1,CE,1060.0,1048.9,4.85,4.85,4.75,4.75,17.70288,48750,3891750
2026-08-20 14:55:00,ATM+1,CE,1060.0,1049.7,4.8,4.9,4.75,4.9,17.440556,117000,3879750
2026-08-20 15:00:00,ATM+1,CE,1060.0,1048.4,4.85,4.9,4.45,4.55,17.636953,157500,3809250
2026-08-20 15:05:00,ATM+1,CE,1060.0,1048.1,4.5,4.6,4.4,4.45,17.636102,93750,3782250
2026-08-20 15:10:00,ATM+1,CE,1060.0,1047.5,4.25,4.65,4.2,4.45,18.077425,684750,3812250
2026-08-20 15:15:00,ATM+1,CE,1060.0,1047.5,4.45,4.45,4.25,4.3,17.739215,106500,3748500
2026-08-20 15:20:00,ATM+1,CE,1060.0,1047.5,4.3,4.3,4.05,4.2,17.514916,102000,3783750
2026-08-20 15:25:00,ATM+1,CE,1060.0,1048.0,4.15,4.2,3.9,4.0,16.70169,147000,3806250
2026-08-20 15:30:00,ATM+1,CE,1060.0,1048.0,4.2,4.2,4.0,4.0,16.708184,119250,3792000
2026-08-20 15:35:00,ATM+1,CE,1060.0,1048.0,4.05,4.1,3.6,3.9,16.482439,113250,3786000
2026-08-21 09:15:00,ATM+1,CE,1060.0,1050.2,3.9,4.7,1.65,3.45,15.182075,621750,3872250
2026-08-21 09:20:00,ATM+1,CE,1060.0,1049.7,3.55,3.6,3.35,3.55,15.826898,584250,3906750
2026-08-21 09:25:00,ATM+1,CE,1060.0,1050.5,3.45,3.55,3.4,3.45,14.961492,199500,3957000
2026-08-21 09:30:00,ATM+1,CE,1060.0,1049.2,3.6,3.6,3.25,3.25,15.466789,330000,3977250
2026-08-21 09:35:00,ATM+1,CE,1060.0,1050.5,3.4,3.5,3.25,3.5,15.099028,144000,3990750
2026-08-21 09:40:00,ATM+1,CE,1060.0,1052.2,3.65,4.05,3.5,3.95,14.818175,603000,3933000
2026-08-21 09:45:00,ATM+1,CE,1060.0,1054.0,4.0,4.6,3.95,4.45,14.437989,780000,3897000
2026-08-21 09:50:00,ATM+1,CE,1060.0,1053.3,4.45,4.9,4.25,4.45,15.063771,607500,3937500
2026-08-21 09:55:00,ATM+1,CE,1060.0,1052.0,4.25,4.45,3.85,3.95,15.005628,403500,4024500
2026-08-21 10:00:00,ATM+1,CE,1060.0,1051.3,3.95,3.95,3.65,3.75,15.106771,246750,4068750
2026-08-21 10:05:00,ATM+1,CE,1060.0,1050.0,3.55,3.75,3.4,3.4,15.282675,287250,4134000
2026-08-21 10:10:00,ATM+1,CE,1060.0,1051.3,3.35,3.7,3.35,3.65,14.877638,183000,4163250
2026-08-21 10:15:00,ATM+1,CE,1060.0,1050.4,3.7,3.7,3.55,3.55,15.357853,108750,4146000
2026-08-21 10:20:00,ATM+1,CE,1060.0,1050.7,3.5,3.65,3.45,3.6,15.250627,92250,4128000
2026-08-21 10:25:00,ATM+1,CE,1060.0,1050.1,3.4,3.6,3.2,3.5,15.483542,441000,4218750
2026-08-21 10:30:00,ATM+1,CE,1060.0,1049.7,3.35,3.55,3.35,3.4,15.55075,109500,4209000
2026-08-21 10:35:00,ATM+1,CE,1060.0,1049.3,3.4,3.4,3.1,3.25,15.483166,279000,4214250
2026-08-21 10:40:00,ATM+1,CE,1060.0,1049.4,3.25,3.45,3.25,3.4,15.796753,115500,4198500
2026-08-21 10:45:00,ATM+1,CE,1060.0,1049.4,3.4,3.45,3.25,3.25,15.421147,106500,4219500
2026-08-21 10:50:00,ATM+1,CE,1060.0,1050.3,3.3,3.7,3.2,3.5,15.362089,269250,4182750
2026-08-21 10:55:00,ATM+1,CE,1060.0,1049.8,3.55,3.6,3.4,3.5,15.761527,80250,4179000
2026-08-21 11:00:00,ATM+1,CE,1060.0,1049.0,3.5,3.6,3.2,3.2,15.618076,216000,4161000
2026-08-21 11:05:00,ATM+1,CE,1060.0,1048.5,3.3,3.4,3.15,3.3,16.262867,202500,4152750
2026-08-21 11:10:00,ATM+1,CE,1060.0,1049.1,3.3,3.45,3.25,3.45,16.199475,93750,4143000
2026-08-21 11:15:00,ATM+1,CE,1060.0,1049.5,3.4,3.45,3.25,3.4,15.770662,114750,4167750
2026-08-21 11:20:00,ATM+1,CE,1060.0,1050.2,3.45,3.65,3.4,3.6,15.734241,126750,4162500
2026-08-21 11:25:00,ATM+1,CE,1060.0,1050.1,3.55,3.7,3.55,3.55,15.695495,80250,4173000
2026-08-21 11:30:00,ATM+1,CE,1060.0,1049.6,3.5,3.65,3.45,3.65,16.348142,162750,4181250
2026-08-21 11:35:00,ATM+1,CE,1060.0,1049.4,3.4,3.65,3.4,3.5,16.132321,294000,4179750
2026-08-21 11:40:00,ATM+1,CE,1060.0,1048.9,3.5,3.5,3.35,3.4,16.269865,83250,4165500
2026-08-21 11:45:00,ATM+1,CE,1060.0,1048.7,3.4,3.45,3.35,3.4,16.430562,35250,4156500
2026-08-21 11:50:00,ATM+1,CE,1060.0,1048.6,3.3,3.4,3.2,3.2,15.993644,223500,4182000
2026-08-21 11:55:00,ATM+1,CE,1060.0,1046.8,3.1,3.2,2.8,2.85,16.385743,271500,4113750
2026-08-21 12:00:00,ATM+1,CE,1060.0,1046.9,2.85,2.85,2.6,2.75,16.044715,195750,4126500
2026-08-21 12:05:00,ATM+1,CE,1060.0,1046.8,2.8,2.85,2.75,2.75,16.123555,141750,4140750
2026-08-21 12:10:00,ATM+1,CE,1060.0,1046.0,2.75,2.95,2.75,2.8,16.839862,72750,4113750
2026-08-21 12:15:00,ATM+1,CE,1060.0,1045.9,2.65,2.8,2.55,2.65,16.492984,233250,4101000
2026-08-21 12:20:00,ATM+1,CE,1060.0,1046.8,2.7,2.8,2.65,2.7,16.006338,166500,4109250
2026-08-21 12:25:00,ATM+1,CE,1060.0,1047.0,2.75,2.8,2.7,2.8,16.148942,27000,4093500
2026-08-21 12:30:00,ATM+1,CE,1060.0,1047.0,2.8,2.8,2.75,2.8,16.15644,46500,4089000
2026-08-21 12:35:00,ATM+1,CE,1060.0,1046.3,2.8,2.85,2.55,2.6,16.099947,210000,4092000
2026-08-21 12:40:00,ATM+1,CE,1060.0,1046.9,2.6,2.65,2.55,2.6,15.683836,42750,4086000
2026-08-21 12:45:00,ATM+1,CE,1060.0,1045.9,2.55,2.65,2.55,2.55,16.251432,114000,4058250
2026-08-21 12:50:00,ATM+1,CE,1060.0,1045.9,2.55,2.7,2.55,2.65,16.546467,97500,4017000
2026-08-21 12:55:00,ATM+1,CE,1060.0,1045.9,2.65,2.8,2.65,2.8,16.98109,76500,3995250
2026-08-21 13:00:00,ATM+1,CE,1060.0,1046.1,2.75,2.8,2.7,2.75,16.705398,126750,3981750
2026-08-21 13:05:00,ATM+1,CE,1060.0,1045.9,2.75,2.8,2.65,2.8,16.996851,150000,3970500
2026-08-21 13:10:00,ATM+1,CE,1060.0,1045.8,2.7,2.85,2.7,2.8,17.075786,76500,3971250
2026-08-21 13:15:00,ATM+1,CE,1060.0,1045.1,2.85,5.55,2.55,2.65,17.144919,264750,3961500
2026-08-21 13:20:00,ATM+1,CE,1060.0,1045.1,2.65,5.3,2.6,2.65,17.152876,177000,3989250
2026-08-21 13:25:00,ATM+1,CE,1060.0,1045.4,5.2,5.3,2.55,2.6,16.806204,160500,3994500
2026-08-21 13:30:00,ATM+1,CE,1050.0,1043.7,5.25,5.25,4.9,4.95,16.358954,221250,4136250
2026-08-21 13:35:00,ATM+1,CE,1050.0,1044.2,4.95,4.95,4.7,4.95,15.901669,204750,4169250
2026-08-21 13:40:00,ATM+1,CE,1050.0,1043.8,4.95,5.05,4.8,4.9,16.164287,169500,4143750
2026-08-21 13:45:00,ATM+1,CE,1050.0,1043.6,4.85,4.9,4.7,4.7,15.88337,191250,4191750
2026-08-21 13:50:00,ATM+1,CE,1050.0,1044.6,4.7,5.0,4.6,5.0,15.664266,388500,4144500
2026-08-21 13:55:00,ATM+1,CE,1050.0,1045.0,5.05,5.1,4.9,5.05,15.405712,273750,4117500
2026-08-21 14:00:00,ATM+1,CE,1050.0,1042.9,5.05,5.05,4.4,4.45,15.942364,369750,4135500
2026-08-21 14:05:00,ATM+1,CE,1050.0,1042.9,4.5,4.65,4.2,4.25,15.468267,278250,4147500
2026-08-21 14:10:00,ATM+1,CE,1050.0,1044.3,4.25,4.65,4.25,4.6,15.03803,256500,4152000
2026-08-21 14:15:00,ATM+1,CE,1050.0,1044.0,4.6,4.7,4.5,4.6,15.323955,161250,4134750
2026-08-21 14:20:00,ATM+1,CE,1050.0,1043.8,4.6,4.65,4.4,4.45,15.159371,161250,4131750
2026-08-21 14:25:00,ATM+1,CE,1050.0,1043.7,4.3,4.5,4.25,4.5,15.377332,191250,4145250
2026-08-21 14:30:00,ATM+1,CE,1050.0,1043.5,4.55,4.7,4.3,4.45,15.447824,346500,4233750
2026-08-21 14:35:00,ATM+1,CE,1050.0,1043.4,4.45,4.5,4.35,4.5,15.66582,156000,4224750
2026-08-21 14:40:00,ATM+1,CE,1050.0,1043.6,4.5,4.55,4.35,4.35,15.132683,211500,4230000
2026-08-21 14:45:00,ATM+1,CE,1050.0,1043.6,4.4,4.6,4.35,4.4,15.259765,209250,4279500
2026-08-21 14:50:00,ATM+1,CE,1050.0,1043.7,4.35,4.45,4.25,4.35,15.056455,208500,4340250
2026-08-21 14:55:00,ATM+1,CE,1050.0,1043.1,4.35,4.45,4.25,4.3,15.485952,157500,4297500
2026-08-21 15:00:00,ATM+1,CE,1050.0,1041.9,4.2,4.3,3.8,3.8,15.317658,507750,4288500
2026-08-21 15:05:00,ATM+1,CE,1050.0,1040.9,3.85,3.85,3.6,3.6,15.66139,366750,4283250
2026-08-21 15:10:00,ATM+1,CE,1050.0,1041.0,3.6,3.6,3.35,3.45,15.204084,348750,4307250
2026-08-21 15:15:00,ATM+1,CE,1050.0,1041.0,3.45,3.6,3.4,3.55,15.466564,300000,4309500
2026-08-21 15:20:00,ATM+1,CE,1050.0,1041.0,3.55,3.55,3.4,3.55,15.474067,140250,4308000
2026-08-21 15:25:00,ATM+1,CE,1060.0,1048.7,3.6,3.65,1.5,1.5,11.404155,205500,3608250
2026-08-21 15:30:00,ATM+1,CE,1060.0,1048.7,1.45,1.65,1.45,1.55,11.566115,147000,3566250
2026-08-21 15:35:00,ATM+1,CE,1060.0,1048.7,1.6,1.7,1.55,1.65,11.880755,157500,3533250
2026-08-24 09:15:00,ATM+1,CE,1050.0,1044.7,1.35,3.8,1.15,3.25,21.805915,656250,4061250
2026-08-24 09:20:00,ATM+1,CE,1050.0,1045.0,3.25,3.25,2.95,3.05,20.496649,470250,4155750
2026-08-24 09:25:00,ATM+1,CE,1050.0,1044.5,2.9,3.3,1.15,3.0,21.082472,269250,4042500
2026-08-24 09:30:00,ATM+1,CE,1050.0,1044.1,3.0,3.0,2.65,2.9,21.278486,401250,4130250
2026-08-24 09:35:00,ATM+1,CE,1050.0,1043.8,2.8,2.95,2.8,2.8,21.310025,222750,4161000
2026-08-24 09:40:00,ATM+1,CE,1050.0,1044.4,2.75,2.95,2.65,2.95,21.106725,156000,4176000
2026-08-24 09:45:00,ATM+1,CE,1050.0,1044.0,2.95,3.0,2.65,2.75,20.846546,96750,4188750
2026-08-24 09:50:00,ATM+1,CE,1050.0,1044.5,2.8,3.0,2.65,3.0,21.237216,163500,4168500
2026-08-24 09:55:00,ATM+1,CE,1050.0,1044.5,2.9,3.0,2.8,2.95,21.04582,104250,4189500
2026-08-24 10:00:00,ATM+1,CE,1050.0,1044.3,2.95,2.95,2.85,2.9,21.160977,136500,4195500
2026-08-24 10:05:00,ATM+1,CE,1050.0,1043.6,2.9,2.9,2.65,2.65,21.108993,102750,4170000
2026-08-24 10:10:00,ATM+1,CE,1050.0,1043.7,2.8,2.8,2.6,2.7,21.22214,102000,4180500
2026-08-24 10:15:00,ATM+1,CE,1050.0,1043.4,2.75,2.75,2.55,2.65,21.467731,163500,4188000
2026-08-24 10:20:00,ATM+1,CE,1050.0,1043.8,2.55,2.7,2.4,2.6,20.674478,282750,4182750
2026-08-24 10:25:00,ATM+1,CE,1050.0,1042.6,2.6,2.65,2.4,2.4,21.509484,689250,4206750
2026-08-24 10:30:00,ATM+1,CE,1050.0,1042.5,2.4,2.5,2.25,2.35,21.442077,240000,4249500
2026-08-24 10:35:00,ATM+1,CE,1050.0,1041.1,2.35,2.35,2.1,2.15,22.416965,340500,4216500
2026-08-24 10:40:00,ATM+1,CE,1050.0,1041.0,2.1,2.25,2.1,2.2,22.840902,252000,4192500
2026-08-24 10:45:00,ATM+1,CE,1050.0,1040.9,2.15,2.2,2.0,2.0,21.978809,190500,4197000
2026-08-24 10:50:00,ATM+1,CE,1050.0,1040.7,2.05,2.1,1.9,2.1,22.799666,708750,4165500
2026-08-24 10:55:00,ATM+1,CE,1050.0,1040.0,2.1,2.15,2.0,2.0,23.235535,82500,4164000
2026-08-24 11:00:00,ATM+1,CE,1050.0,1040.0,2.0,2.0,1.75,1.9,22.732746,438750,4215000
2026-08-24 11:05:00,ATM+1,CE,1050.0,1037.0,1.75,1.9,1.45,1.45,23.870483,638250,4166250
2026-08-24 11:10:00,ATM+1,CE,1050.0,1036.7,1.55,1.55,1.4,1.4,23.942554,468750,4137000
2026-08-24 11:15:00,ATM+1,CE,1050.0,1035.9,1.35,1.4,1.3,1.3,24.250533,332250,4112250
2026-08-24 11:20:00,ATM+1,CE,1050.0,1036.0,1.3,1.35,1.25,1.3,24.172867,308250,4102500
2026-08-24 11:25:00,ATM+1,CE,1050.0,1036.0,1.3,1.4,1.3,1.4,24.870111,258750,4053750
2026-08-24 11:30:00,ATM+1,CE,1050.0,1035.1,1.3,3.35,1.15,1.15,24.228257,281250,4077750
2026-08-24 11:35:00,ATM+1,CE,1040.0,1034.0,3.0,3.2,3.0,3.0,22.938499,257250,1800750
2026-08-24 11:40:00,ATM+1,CE,1050.0,1035.4,3.1,3.2,1.05,1.15,23.967507,593250,4222500
2026-08-24 11:45:00,ATM+1,CE,1050.0,1036.1,1.25,1.4,1.15,1.35,24.57663,277500,4210500
2026-08-24 11:50:00,ATM+1,CE,1050.0,1035.2,1.35,1.4,1.35,1.35,25.658082,109500,4224000
2026-08-24 11:55:00,ATM+1,CE,1040.0,1034.8,3.45,3.6,3.35,3.35,23.403616,64500,1844250
2026-08-24 12:00:00,ATM+1,CE,1050.0,1035.4,3.25,3.35,1.25,1.4,25.842591,153000,4197750
2026-08-24 12:05:00,ATM+1,CE,1040.0,1034.7,3.5,3.6,3.3,3.45,24.104254,46500,1848000
2026-08-24 12:10:00,ATM+1,CE,1040.0,1034.9,3.4,3.45,3.3,3.35,23.347599,68250,1871250
2026-08-24 12:15:00,ATM+1,CE,1040.0,1034.3,3.35,3.35,3.25,3.3,24.149992,43500,1890000
2026-08-24 12:20:00,ATM+1,CE,1040.0,1035.0,3.15,3.3,3.15,3.2,22.562116,36750,1894500
2026-08-24 12:25:00,ATM+1,CE,1040.0,1034.6,3.25,3.3,3.2,3.25,23.497669,61500,1893750
2026-08-24 12:30:00,ATM+1,CE,1040.0,1034.9,3.25,3.4,1.3,3.25,23.034352,96750,1881000
2026-08-24 12:35:00,ATM+1,CE,1040.0,1034.6,1.2,3.2,1.2,3.0,22.401734,137250,1917750
2026-08-24 12:40:00,ATM+1,CE,1040.0,1034.0,2.95,3.0,2.85,3.0,23.416044,174000,1952250
2026-08-24 12:45:00,ATM+1,CE,1040.0,1034.3,3.1,3.1,2.8,3.05,23.203551,113250,1970250
2026-08-24 12:50:00,ATM+1,CE,1040.0,1033.3,2.95,3.05,2.8,2.8,23.641516,175500,1994250
2026-08-24 12:55:00,ATM+1,CE,1040.0,1034.0,2.8,2.85,2.7,2.85,22.809716,144750,1990500
2026-08-24 13:00:00,ATM+1,CE,1040.0,1033.1,2.85,2.85,2.5,2.5,22.54353,222000,1992750
2026-08-24 13:05:00,ATM+1,CE,1040.0,1033.9,2.5,2.95,2.25,2.95,23.528941,808500,1962000
2026-08-24 13:10:00,ATM+1,CE,1040.0,1033.9,2.85,3.05,2.8,2.85,23.083487,147000,1984500
2026-08-24 13:15:00,ATM+1,CE,1040.0,1034.8,2.9,3.2,2.8,3.2,23.309153,272250,1942500
2026-08-24 13:20:00,ATM+1,CE,1040.0,1033.9,3.05,3.2,2.6,2.6,21.936615,141000,1930500
2026-08-24 13:25:00,ATM+1,CE,1040.0,1033.7,2.7,2.75,2.55,2.7,22.78453,57000,1927500
2026-08-24 13:30:00,ATM+1,CE,1040.0,1033.7,2.7,2.7,2.45,2.45,21.581105,95250,1974000
2026-08-24 13:35:00,ATM+1,CE,1040.0,1034.0,2.55,2.7,2.4,2.65,22.132904,176250,1984500
2026-08-24 13:40:00,ATM+1,CE,1040.0,1033.7,2.6,2.7,2.55,2.6,22.402576,156000,1981500
2026-08-24 13:45:00,ATM+1,CE,1040.0,1033.6,2.6,2.6,2.45,2.6,22.599365,64500,1996500
2026-08-24 13:50:00,ATM+1,CE,1040.0,1033.5,2.6,2.6,2.4,2.45,22.041382,108750,2041500
2026-08-24 13:55:00,ATM+1,CE,1040.0,1033.0,2.4,2.45,2.35,2.45,22.859562,171750,2076750
2026-08-24 14:00:00,ATM+1,CE,1040.0,1034.2,2.45,2.8,2.45,2.65,21.995245,393750,1862250
2026-08-24 14:05:00,ATM+1,CE,1040.0,1033.9,2.6,2.65,2.45,2.65,22.520428,123750,1850250
2026-08-24 14:10:00,ATM+1,CE,1040.0,1033.4,2.6,2.65,2.35,2.45,22.349406,129750,1860750
2026-08-24 14:15:00,ATM+1,CE,1040.0,1033.3,2.5,2.5,2.4,2.45,22.545276,104250,1917750
2026-08-24 14:20:00,ATM+1,CE,1040.0,1033.8,2.4,2.6,2.4,2.5,22.043362,227250,1914000
2026-08-24 14:25:00,ATM+1,CE,1040.0,1034.8,2.5,2.85,0.95,2.7,21.434696,287250,1956750
2026-08-24 14:30:00,ATM+1,CE,1040.0,1034.5,2.75,2.8,2.5,2.7,21.974465,150750,1981500
2026-08-24 14:35:00,ATM+1,CE,1050.0,1035.5,2.5,2.75,0.95,1.0,24.097622,113250,4014000
2026-08-24 14:40:00,ATM+1,CE,1040.0,1035.0,1.0,2.8,1.0,2.7,21.207969,103500,1944750
2026-08-24 14:45:00,ATM+1,CE,1040.0,1034.8,1.0,2.8,0.95,2.55,20.841457,112500,1904250
2026-08-24 14:50:00,ATM+1,CE,1040.0,1035.0,2.55,2.65,2.55,2.65,21.036029,78000,1918500
2026-08-24 14:55:00,ATM+1,CE,1040.0,1034.9,0.85,2.65,0.85,2.45,20.248019,280500,2023500
2026-08-24 15:00:00,ATM+1,CE,1050.0,1036.2,0.7,0.8,0.7,0.8,21.865878,555000,3916500
2026-08-24 15:05:00,ATM+1,CE,1040.0,1035.0,2.6,2.7,0.65,2.25,19.146354,198000,2119500
2026-08-24 15:10:00,ATM+1,CE,1050.0,1036.1,0.65,0.7,0.65,0.65,20.723962,87750,3804000
2026-08-24 15:15:00,ATM+1,CE,1050.0,1036.1,0.7,0.75,0.65,0.7,21.217725,126750,3753750
2026-08-24 15:20:00,ATM+1,CE,1050.0,1036.1,0.65,0.7,0.55,0.6,20.324346,234750,3669750
2026-08-24 15:25:00,ATM+1,CE,1050.0,1039.5,0.55,0.6,0.55,0.6,16.605311,141000,3625500
2026-08-24 15:30:00,ATM+1,CE,1050.0,1039.5,0.55,0.6,0.55,0.55,16.199026,111000,3581250
2026-08-24 15:35:00,ATM+1,CE,1050.0,1039.5,0.55,0.6,0.5,0.5,15.77518,122250,3585750
2026-08-25 09:15:00,ATM+1,CE,1050.0,1036.9,1.8,1.9,0.25,0.3,32.15007,279750,3447000
2026-08-25 09:20:00,ATM+1,CE,1050.0,1038.6,0.3,0.5,0.3,0.5,33.284618,336750,3286500
2026-08-25 09:25:00,ATM+1,CE,1050.0,1038.5,0.5,0.6,0.5,0.55,34.660537,207750,3247500
2026-08-25 09:30:00,ATM+1,CE,1050.0,1039.6,0.6,1.0,0.55,0.85,37.35345,348750,3227250
2026-08-25 09:35:00,ATM+1,CE,1050.0,1036.7,0.9,0.9,0.5,0.5,38.038621,495000,3132000
2026-08-25 09:40:00,ATM+1,CE,1050.0,1036.0,0.45,0.5,0.45,0.45,38.701524,204750,3051000
2026-08-25 09:45:00,ATM+1,CE,1040.0,1034.6,0.4,1.55,0.4,1.5,33.208607,99000,1534500
2026-08-25 09:50:00,ATM+1,CE,1040.0,1034.7,1.5,1.5,1.2,1.2,29.694438,228000,1497750
2026-08-25 09:55:00,ATM+1,CE,1050.0,1037.1,1.35,1.45,0.4,0.5,38.27828,116250,2940750
2026-08-25 10:00:00,ATM+1,CE,1050.0,1038.3,0.5,0.75,0.5,0.7,39.670019,345000,2966250
2026-08-25 10:05:00,ATM+1,CE,1050.0,1037.2,0.75,1.3,0.7,0.9,46.083198,955500,3064500
2026-08-25 10:10:00,ATM+1,CE,1050.0,1037.0,0.9,1.0,0.85,1.0,48.59902,169500,3060000
2026-08-25 10:15:00,ATM+1,CE,1050.0,1035.3,1.0,1.0,0.8,0.8,49.653482,111750,3057000
2026-08-25 10:20:00,ATM+1,CE,1040.0,1034.8,0.8,1.85,0.8,1.7,36.695239,120000,1440750
2026-08-25 10:25:00,ATM+1,CE,1040.0,1034.0,1.6,1.7,1.55,1.65,39.070217,27750,1442250
2026-08-25 10:30:00,ATM+1,CE,1040.0,1034.2,1.6,1.65,1.6,1.6,38.129214,39000,1434000
2026-08-25 10:35:00,ATM+1,CE,1050.0,1035.4,1.55,1.65,0.6,0.6,46.949964,34500,3093000
2026-08-25 10:40:00,ATM+1,CE,1050.0,1037.1,0.6,0.75,0.55,0.75,46.261233,101250,3078750
2026-08-25 10:45:00,ATM+1,CE,1050.0,1039.5,0.65,0.9,0.65,0.9,43.054686,85500,3066750
2026-08-25 10:50:00,ATM+1,CE,1050.0,1042.1,1.0,1.35,0.9,1.2,40.554019,601500,3126000
2026-08-25 10:55:00,ATM+1,CE,1050.0,1040.1,1.2,1.2,0.85,0.9,42.159658,364500,3166500
2026-08-25 11:00:00,ATM+1,CE,1050.0,1038.6,0.9,0.95,0.8,0.8,44.91107,103500,3137250
2026-08-25 11:05:00,ATM+1,CE,1050.0,1037.5,0.75,1.0,0.75,0.9,50.162444,219000,3144000
2026-08-25 11:10:00,ATM+1,CE,1050.0,1039.0,0.9,1.1,0.85,1.1,49.884611,166500,3135750
2026-08-25 11:15:00,ATM+1,CE,1050.0,1038.5,1.15,1.15,1.05,1.05,50.976988,132000,3098250
2026-08-25 11:20:00,ATM+1,CE,1050.0,1039.2,0.9,1.05,0.45,0.9,46.798793,496500,3014250
2026-08-25 11:25:00,ATM+1,CE,1050.0,1040.5,0.95,1.05,0.75,1.05,45.987748,160500,2917500
2026-08-25 11:30:00,ATM+1,CE,1050.0,1040.0,1.0,1.05,0.8,0.8,43.571671,59250,2923500
2026-08-25 11:35:00,ATM+1,CE,1050.0,1040.1,0.75,0.9,0.7,0.8,43.732013,132000,2921250
2026-08-25 11:40:00,ATM+1,CE,1050.0,1040.3,0.75,1.0,0.75,1.0,47.207419,36000,2930250
2026-08-25 11:45:00,ATM+1,CE,1050.0,1039.9,1.0,1.05,0.85,0.95,48.075316,45750,2925750
2026-08-25 11:50:00,ATM+1,CE,1050.0,1040.8,0.95,1.0,0.8,0.95,45.773176,67500,2931750
2026-08-25 11:55:00,ATM+1,CE,1050.0,1042.5,1.0,1.3,0.95,1.3,46.383449,256500,2868750
2026-08-25 12:00:00,ATM+1,CE,1050.0,1043.9,1.25,1.45,1.15,1.45,44.04079,107250,2835000
2026-08-25 12:05:00,ATM+1,CE,1050.0,1042.2,1.4,1.45,0.9,1.05,44.441753,129750,2807250
2026-08-25 12:10:00,ATM+1,CE,1050.0,1042.5,0.9,1.35,0.9,1.2,46.437069,37500,2794500
2026-08-25 12:15:00,ATM+1,CE,1050.0,1041.6,1.2,1.25,0.65,0.65,40.027545,156750,2759250
2026-08-25 12:20:00,ATM+1,CE,1050.0,1040.7,0.7,0.7,0.5,0.7,44.502069,141750,2703000
2026-08-25 12:25:00,ATM+1,CE,1050.0,1040.6,0.6,0.75,0.55,0.65,44.318627,99750,2731500
2026-08-25 12:30:00,ATM+1,CE,1050.0,1040.7,0.55,0.65,0.45,0.45,39.802038,83250,2679000
2026-08-25 12:35:00,ATM+1,CE,1050.0,1040.8,0.4,0.5,0.3,0.45,40.043638,96000,2636250
2026-08-25 12:40:00,ATM+1,CE,1050.0,1041.9,0.45,0.5,0.4,0.5,38.342128,48000,2621250
2026-08-25 12:45:00,ATM+1,CE,1050.0,1041.0,0.55,0.85,0.5,0.6,44.331149,92250,2561250
2026-08-25 12:50:00,ATM+1,CE,1050.0,1041.0,0.75,0.75,0.45,0.45,41.183406,42750,2551500
2026-08-25 12:55:00,ATM+1,CE,1050.0,1041.0,0.5,0.55,0.45,0.55,44.456948,39750,2511000
2026-08-25 13:00:00,ATM+1,CE,1050.0,1040.0,0.6,0.6,0.1,0.15,34.979044,522750,2189250
2026-08-25 13:05:00,ATM+1,CE,1050.0,1039.9,0.1,0.25,0.1,0.15,35.842883,221250,2156250
2026-08-25 13:10:00,ATM+1,CE,1050.0,1038.3,0.15,0.3,0.15,0.3,47.850481,81750,2140500
2026-08-25 13:15:00,ATM+1,CE,1050.0,1037.9,0.25,0.45,0.25,0.4,53.714766,75000,2104500
2026-08-25 13:20:00,ATM+1,CE,1050.0,1037.3,0.4,0.45,0.25,0.3,52.815813,53250,2066250
2026-08-25 13:25:00,ATM+1,CE,1050.0,1038.5,0.2,0.45,0.2,0.45,55.413124,20250,2066250
2026-08-25 13:30:00,ATM+1,CE,1050.0,1038.3,0.25,0.45,0.25,0.25,49.363581,13500,2057250
2026-08-25 13:35:00,ATM+1,CE,1050.0,1039.3,0.3,0.3,0.2,0.25,47.02513,10500,2056500
2026-08-25 13:40:00,ATM+1,CE,1050.0,1038.9,0.2,0.3,0.2,0.3,51.638623,6000,2057250
2026-08-25 13:45:00,ATM+1,CE,1050.0,1038.2,0.3,0.4,0.2,0.2,50.3906,15000,2055750
2026-08-25 13:50:00,ATM+1,CE,1050.0,1041.8,0.2,0.6,0.2,0.5,49.980739,38250,2037750
2026-08-25 13:55:00,ATM+1,CE,1050.0,1040.8,0.7,0.75,0.5,0.7,61.778026,17250,2035500
2026-08-25 14:00:00,ATM+1,CE,1050.0,1040.7,0.6,0.7,0.25,0.35,51.819715,16500,2027250
2026-08-25 14:05:00,ATM+1,CE,1050.0,1039.5,0.25,0.4,0.25,0.4,60.357992,18750,2024250
2026-08-25 14:10:00,ATM+1,CE,1050.0,1039.2,0.4,0.7,0.4,0.7,74.732883,9750,2025750
2026-08-25 14:15:00,ATM+1,CE,1050.0,1040.3,0.4,0.8,0.35,0.7,71.596409,24000,2017500
2026-08-25 14:20:00,ATM+1,CE,1050.0,1041.1,0.4,0.85,0.4,0.7,69.795892,19500,2005500
2026-08-25 14:25:00,ATM+1,CE,1050.0,1042.8,0.7,0.85,0.7,0.85,67.604903,11250,1997250
2026-08-25 14:30:00,ATM+1,CE,1050.0,1043.6,0.85,1.4,0.85,1.2,75.502877,99750,1971750
2026-08-25 14:35:00,ATM+1,CE,1050.0,1044.1,0.8,1.3,0.8,0.85,64.715005,23250,1949250
2026-08-25 14:40:00,ATM+1,CE,1050.0,1043.9,0.8,1.25,0.8,1.05,75.344972,24750,1939500
2026-08-25 14:45:00,ATM+1,CE,1050.0,1043.3,1.1,1.2,1.0,1.0,81.742833,34500,1929000
2026-08-25 14:50:00,ATM+1,CE,1050.0,1042.9,1.0,1.0,0.8,0.9,85.510137,20250,1912500
2026-08-25 14:55:00,ATM+1,CE,1050.0,1043.7,0.8,0.9,0.6,0.7,76.467828,46500,1875750
2026-08-25 15:00:00,ATM+1,CE,1050.0,1043.5,0.7,0.9,0.6,0.7,83.37676,42000,1863750
2026-08-25 15:05:00,ATM+1,CE,1050.0,1043.5,0.7,0.8,0.5,0.6,85.145456,24000,1856250
2026-08-25 15:10:00,ATM+1,CE,1050.0,1044.0,0.6,0.9,0.6,0.7,93.854434,21000,1848750
2026-08-25 15:15:00,ATM+1,CE,1050.0,1044.0,0.75,0.75,0.5,0.5,92.869953,19500,1829250
2026-08-25 15:20:00,ATM+1,CE,1050.0,1044.0,0.3,0.5,0.3,0.4,99.573361,15750,1819500
2026-08-25 15:25:00,ATM+1,CE,1060.0,1048.0,0.25,0.4,0.05,0.05,0.0,12750,1081500
2026-08-25 15:30:00,ATM+1,CE,1060.0,1048.0,0.05,0.05,0.05,0.05,0.0,3750,1081500
2026-08-25 15:35:00,ATM+1,CE,1060.0,1048.0,0.05,0.05,0.05,0.05,0.0,3000,1080000
2026-08-20 09:15:00,ATM+1,PE,1060.0,1048.0,15.5,17.9,15.5,17.8,23.453192,122250,1410750
2026-08-20 09:20:00,ATM+1,PE,1060.0,1048.1,17.9,18.5,17.45,17.5,22.959839,105750,1390500
2026-08-20 09:25:00,ATM+1,PE,1060.0,1050.1,17.2,17.5,15.45,15.85,22.123352,86250,1385250
2026-08-20 09:30:00,ATM+1,PE,1060.0,1049.8,15.55,16.4,15.55,16.1,22.265799,34500,1378500
2026-08-20 09:35:00,ATM+1,PE,1060.0,1049.0,16.25,17.0,15.8,17.0,23.115955,18750,1377750
2026-08-20 09:40:00,ATM+1,PE,1060.0,1050.2,16.55,17.0,15.9,15.9,22.371667,24000,1375500
2026-08-20 09:45:00,ATM+1,PE,1060.0,1049.8,15.9,16.75,15.9,16.25,22.595882,15000,1374750
2026-08-20 09:50:00,ATM+1,PE,1060.0,1050.6,16.45,16.45,15.65,15.9,22.884534,9000,1372500
2026-08-20 09:55:00,ATM+1,PE,1060.0,1050.0,15.8,16.05,15.3,16.05,22.447581,25500,1378500
2026-08-20 10:00:00,ATM+1,PE,1060.0,1049.4,16.05,16.3,16.05,16.15,21.888481,13500,1374750
2026-08-20 10:05:00,ATM+1,PE,1060.0,1049.6,16.4,16.45,16.15,16.3,22.468041,5250,1371750
2026-08-20 10:10:00,ATM+1,PE,1060.0,1049.8,16.3,16.3,16.15,16.15,22.418582,14250,1373250
2026-08-20 10:15:00,ATM+1,PE,1060.0,1049.3,16.05,16.65,16.05,16.65,22.823819,17250,1362000
2026-08-20 10:20:00,ATM+1,PE,1060.0,1048.3,16.75,16.75,16.65,16.65,21.496921,21750,1359750
2026-08-20 10:25:00,ATM+1,PE,1060.0,1048.2,16.65,17.0,16.5,16.95,22.006344,37500,1352250
2026-08-20 10:30:00,ATM+1,PE,1060.0,1048.4,16.95,16.95,16.5,16.5,21.325001,14250,1350750
2026-08-20 10:35:00,ATM+1,PE,1060.0,1048.5,16.35,16.65,16.25,16.45,21.360811,30000,1357500
2026-08-20 10:40:00,ATM+1,PE,1060.0,1049.9,16.4,16.45,15.4,15.55,21.329744,27000,1349250
2026-08-20 10:45:00,ATM+1,PE,1060.0,1051.2,15.45,15.7,14.75,14.75,21.324752,41250,1358250
2026-08-20 10:50:00,ATM+1,PE,1060.0,1050.4,14.4,14.75,14.4,14.6,20.000022,7500,1348500
2026-08-20 10:55:00,ATM+1,PE,1060.0,1050.8,14.6,14.9,14.6,14.75,20.833547,23250,1352250
2026-08-20 11:00:00,ATM+1,PE,1060.0,1050.8,14.75,14.85,14.75,14.85,21.047216,2250,1354500
2026-08-20 11:05:00,ATM+1,PE,1060.0,1049.8,15.0,15.25,14.85,15.15,20.384776,13500,1354500
2026-08-20 11:10:00,ATM+1,PE,1060.0,1049.4,15.15,15.55,15.15,15.4,20.384936,12000,1355250
2026-08-20 11:15:00,ATM+1,PE,1060.0,1048.0,15.85,16.2,15.4,16.2,20.167787,21750,1348500
2026-08-20 11:20:00,ATM+1,PE,1060.0,1047.6,16.4,16.65,16.2,16.6,20.471498,42750,1354500
2026-08-20 11:25:00,ATM+1,PE,1060.0,1047.5,16.85,17.15,16.6,16.65,20.441671,31500,1336500
2026-08-20 11:30:00,ATM+1,PE,1060.0,1048.0,16.5,16.65,15.85,15.95,19.637496,48000,1309500
2026-08-20 11:35:00,ATM+1,PE,1060.0,1048.0,15.95,16.05,15.75,15.75,19.203491,18000,1300500
2026-08-20 11:40:00,ATM+1,PE,1060.0,1047.9,15.75,15.95,15.75,15.9,19.392349,5250,1297500
2026-08-20 11:45:00,ATM+1,PE,1060.0,1048.0,15.85,15.9,15.5,15.5,18.661396,21000,1298250
2026-08-20 11:50:00,ATM+1,PE,1060.0,1046.8,15.15,16.25,15.15,16.25,18.519528,18000,1306500
2026-08-20 11:55:00,ATM+1,PE,1060.0,1047.0,16.4,16.6,16.0,16.0,18.268858,22500,1310250
2026-08-20 12:00:00,ATM+1,PE,1060.0,1046.9,15.85,16.05,15.85,15.85,17.772153,8250,1311000
2026-08-20 12:05:00,ATM+1,PE,1060.0,1047.0,15.85,16.1,15.85,16.0,18.27799,9750,1310250
2026-08-20 12:10:00,ATM+1,PE,1060.0,1047.8,15.4,16.0,15.2,15.3,17.937531,18750,1311750
2026-08-20 12:15:00,ATM+1,PE,1060.0,1047.8,15.35,15.45,15.2,15.45,18.278588,32250,1298250
2026-08-20 12:20:00,ATM+1,PE,1060.0,1046.9,15.4,15.8,15.4,15.8,17.674483,15000,1288500
2026-08-20 12:25:00,ATM+1,PE,1060.0,1047.5,15.75,15.8,15.6,15.6,18.166701,16500,1284000
2026-08-20 12:30:00,ATM+1,PE,1060.0,1047.0,15.75,16.0,15.6,15.9,18.072435,23250,1266750
2026-08-20 12:35:00,ATM+1,PE,1060.0,1047.6,15.9,15.9,15.5,15.6,18.329482,6000,1266750
2026-08-20 12:40:00,ATM+1,PE,1060.0,1047.0,15.6,15.7,15.4,15.65,17.506477,12000,1270500
2026-08-20 12:45:00,ATM+1,PE,1060.0,1048.9,15.6,15.65,14.4,14.4,17.612003,33750,1274250
2026-08-20 12:50:00,ATM+1,PE,1060.0,1048.7,14.25,14.4,13.5,14.25,16.984735,42750,1261500
2026-08-20 12:55:00,ATM+1,PE,1060.0,1049.9,14.2,14.25,13.4,13.85,17.852986,37500,1266750
2026-08-20 13:00:00,ATM+1,PE,1060.0,1049.4,13.7,14.15,13.7,14.15,17.801997,10500,1265250
2026-08-20 13:05:00,ATM+1,PE,1060.0,1049.0,13.95,14.15,13.95,14.05,17.001251,12000,1264500
2026-08-20 13:10:00,ATM+1,PE,1060.0,1049.7,14.05,14.05,13.65,13.8,17.475253,14250,1258500
2026-08-20 13:15:00,ATM+1,PE,1060.0,1049.5,13.9,13.9,13.8,13.8,17.191975,11250,1258500
2026-08-20 13:20:00,ATM+1,PE,1060.0,1049.7,13.8,13.8,13.65,13.65,17.155945,9750,1257000
2026-08-20 13:25:00,ATM+1,PE,1060.0,1050.0,13.65,13.95,13.3,13.4,17.042895,20250,1258500
2026-08-20 13:30:00,ATM+1,PE,1060.0,1050.2,13.4,13.7,13.2,13.2,16.895167,58500,1234500
2026-08-20 13:35:00,ATM+1,PE,1060.0,1049.4,13.15,13.9,13.1,13.9,17.284434,14250,1233000
2026-08-20 13:40:00,ATM+1,PE,1060.0,1049.7,14.05,14.05,13.7,13.75,17.392828,42750,1229250
2026-08-20 13:45:00,ATM+1,PE,1060.0,1050.3,13.75,13.75,13.35,13.35,17.374973,9000,1227000
2026-08-20 13:50:00,ATM+1,PE,1060.0,1050.0,13.3,13.7,13.2,13.7,17.718825,12750,1224000
2026-08-20 13:55:00,ATM+1,PE,1060.0,1049.8,13.85,13.95,13.7,13.8,17.658589,31500,1217250
2026-08-20 14:00:00,ATM+1,PE,1060.0,1049.4,13.7,14.2,13.7,14.05,17.637464,30750,1206750
2026-08-20 14:05:00,ATM+1,PE,1060.0,1048.5,14.3,15.1,14.05,15.1,18.648757,61500,1206750
2026-08-20 14:10:00,ATM+1,PE,1060.0,1048.1,15.1,15.35,15.05,15.3,18.504151,34500,1210500
2026-08-20 14:15:00,ATM+1,PE,1060.0,1048.2,15.5,15.7,15.25,15.35,18.770571,48000,1200000
2026-08-20 14:20:00,ATM+1,PE,1060.0,1048.3,15.35,15.55,15.2,15.45,19.146173,36000,1203000
2026-08-20 14:25:00,ATM+1,PE,1060.0,1048.2,15.6,15.6,15.1,15.1,18.220415,39750,1203750
2026-08-20 14:30:00,ATM+1,PE,1060.0,1047.9,15.45,15.45,15.1,15.3,18.219456,11250,1205250
2026-08-20 14:35:00,ATM+1,PE,1060.0,1048.3,15.55,15.8,15.05,15.05,18.268441,15000,1197750
2026-08-20 14:40:00,ATM+1,PE,1060.0,1048.7,14.9,15.05,14.6,14.6,17.864984,12000,1192500
2026-08-20 14:45:00,ATM+1,PE,1060.0,1048.4,14.6,15.0,14.6,14.6,17.415657,4500,1192500
2026-08-20 14:50:00,ATM+1,PE,1060.0,1048.9,15.05,15.05,14.6,14.65,18.281801,9000,1194000
2026-08-20 14:55:00,ATM+1,PE,1060.0,1049.7,14.9,14.9,14.65,14.8,19.751639,11250,1191000
2026-08-20 15:00:00,ATM+1,PE,1060.0,1048.4,14.6,15.2,14.6,15.2,18.777747,16500,1193250
2026-08-20 15:05:00,ATM+1,PE,1060.0,1048.1,15.3,15.35,15.2,15.2,18.332075,18000,1195500
2026-08-20 15:10:00,ATM+1,PE,1060.0,1047.5,15.4,15.6,15.05,15.05,17.051189,11250,1194750
2026-08-20 15:15:00,ATM+1,PE,1060.0,1047.5,15.4,15.5,15.05,15.5,18.096074,16500,1190250
2026-08-20 15:20:00,ATM+1,PE,1060.0,1047.5,15.75,16.25,15.5,15.85,18.900277,56250,1197000
2026-08-20 15:25:00,ATM+1,PE,1060.0,1048.0,16.3,16.3,15.85,15.95,19.884333,7500,1195500
2026-08-20 15:30:00,ATM+1,PE,1060.0,1048.0,15.95,16.15,15.95,16.15,20.334769,3000,1192500
2026-08-20 15:35:00,ATM+1,PE,1060.0,1048.0,16.15,16.55,16.1,16.1,20.229198,13500,1185000
2026-08-21 09:15:00,ATM+1,PE,1060.0,1050.2,14.55,15.4,13.45,14.8,21.856443,67500,1173000
2026-08-21 09:20:00,ATM+1,PE,1060.0,1049.7,14.2,14.8,13.95,14.25,19.811129,47250,1179000
2026-08-21 09:25:00,ATM+1,PE,1060.0,1050.5,14.7,14.7,14.25,14.25,21.028345,27750,1181250
2026-08-21 09:30:00,ATM+1,PE,1060.0,1049.2,14.0,14.65,14.0,14.65,19.997247,27000,1186500
2026-08-21 09:35:00,ATM+1,PE,1060.0,1050.5,14.5,14.65,13.95,13.95,20.339657,15750,1187250
2026-08-21 09:40:00,ATM+1,PE,1060.0,1052.2,13.55,13.95,12.2,12.7,19.902459,109500,1191000
2026-08-21 09:45:00,ATM+1,PE,1060.0,1054.0,12.35,12.7,11.6,11.7,20.067123,107250,1214250
2026-08-21 09:50:00,ATM+1,PE,1060.0,1053.3,11.4,12.15,11.25,11.85,19.486245,87000,1231500
2026-08-21 09:55:00,ATM+1,PE,1060.0,1052.0,12.5,12.9,11.85,12.9,20.101597,68250,1222500
2026-08-21 10:00:00,ATM+1,PE,1060.0,1051.3,12.85,13.6,12.85,13.5,20.497278,36000,1227000
2026-08-21 10:05:00,ATM+1,PE,1060.0,1050.0,13.65,14.1,13.5,14.1,19.976932,56250,1230000
2026-08-21 10:10:00,ATM+1,PE,1060.0,1051.3,14.25,14.25,13.55,13.65,20.859612,23250,1231500
2026-08-21 10:15:00,ATM+1,PE,1060.0,1050.4,13.45,14.0,13.45,14.0,20.362043,18000,1227750
2026-08-21 10:20:00,ATM+1,PE,1060.0,1050.7,14.0,14.45,13.8,13.8,20.346576,27000,1223250
2026-08-21 10:25:00,ATM+1,PE,1060.0,1050.1,14.05,14.65,13.75,14.65,21.459235,74250,1207500
2026-08-21 10:30:00,ATM+1,PE,1060.0,1049.7,14.65,14.65,14.1,14.5,20.50151,13500,1203000
2026-08-21 10:35:00,ATM+1,PE,1060.0,1049.3,14.6,14.85,14.35,14.85,20.723673,31500,1197000
2026-08-21 10:40:00,ATM+1,PE,1060.0,1049.4,14.7,14.85,14.25,14.4,19.803599,13500,1199250
2026-08-21 10:45:00,ATM+1,PE,1060.0,1049.4,14.4,14.9,14.2,14.75,20.654023,11250,1195500
2026-08-21 10:50:00,ATM+1,PE,1060.0,1050.3,14.9,15.0,13.55,13.85,19.902137,65250,1193250
2026-08-21 10:55:00,ATM+1,PE,1060.0,1049.8,13.75,14.0,13.75,13.9,19.250006,18000,1196250
2026-08-21 11:00:00,ATM+1,PE,1060.0,1049.0,13.65,14.6,13.65,14.6,19.671745,30000,1200750
2026-08-21 11:05:00,ATM+1,PE,1060.0,1048.5,14.65,15.35,14.6,14.6,18.845362,75750,1208250
2026-08-21 11:10:00,ATM+1,PE,1060.0,1049.1,14.75,15.0,14.6,14.65,19.969116,7500,1203000
2026-08-21 11:15:00,ATM+1,PE,1060.0,1049.5,14.65,14.95,14.55,14.55,20.371049,21750,1208250
2026-08-21 11:20:00,ATM+1,PE,1060.0,1050.2,14.35,14.55,13.7,13.7,19.428914,18000,1209000
2026-08-21 11:25:00,ATM+1,PE,1060.0,1050.1,13.8,13.9,13.7,13.9,19.759803,15000,1201500
2026-08-21 11:30:00,ATM+1,PE,1060.0,1049.6,13.9,13.9,13.75,13.9,18.973941,9000,1201500
2026-08-21 11:35:00,ATM+1,PE,1060.0,1049.4,13.9,14.55,13.9,14.35,19.754625,50250,1198500
2026-08-21 11:40:00,ATM+1,PE,1060.0,1048.9,14.6,14.6,14.35,14.5,19.312922,9000,1200750
2026-08-21 11:45:00,ATM+1,PE,1060.0,1048.7,14.55,14.6,14.35,14.45,18.859653,9000,1197750
2026-08-21 11:50:00,ATM+1,PE,1060.0,1048.6,15.1,15.1,14.45,14.85,19.692516,26250,1200750
2026-08-21 11:55:00,ATM+1,PE,1060.0,1046.8,15.1,16.3,14.85,15.95,19.339368,28500,1191000
2026-08-21 12:00:00,ATM+1,PE,1060.0,1046.9,16.0,16.85,15.95,16.5,20.937338,38250,1167750
2026-08-21 12:05:00,ATM+1,PE,1060.0,1046.8,16.45,16.55,16.3,16.55,20.895827,15000,1166250
2026-08-21 12:10:00,ATM+1,PE,1060.0,1046.0,16.55,16.55,15.85,16.4,19.037789,15000,1158750
2026-08-21 12:15:00,ATM+1,PE,1060.0,1045.9,16.9,17.35,16.4,16.65,19.518856,32250,1152000
2026-08-21 12:20:00,ATM+1,PE,1060.0,1046.8,16.65,16.65,15.95,16.05,19.630662,5250,1149750
2026-08-21 12:25:00,ATM+1,PE,1060.0,1047.0,16.25,16.3,15.9,16.1,20.127387,8250,1147500
2026-08-21 12:30:00,ATM+1,PE,1060.0,1047.0,15.9,16.1,15.65,15.65,18.968974,8250,1145250
2026-08-21 12:35:00,ATM+1,PE,1060.0,1046.3,15.55,15.85,15.45,15.75,17.900585,26250,1134750
2026-08-21 12:40:00,ATM+1,PE,1060.0,1046.9,16.1,16.5,15.75,16.25,20.353956,15750,1126500
2026-08-21 12:45:00,ATM+1,PE,1060.0,1045.9,16.25,16.85,16.2,16.85,20.087911,18000,1119750
2026-08-21 12:50:00,ATM+1,PE,1060.0,1045.9,16.85,17.0,16.75,17.0,20.490195,29250,1094250
2026-08-21 12:55:00,ATM+1,PE,1060.0,1045.9,16.8,17.05,16.4,16.4,18.896877,11250,1086000
2026-08-21 13:00:00,ATM+1,PE,1060.0,1046.1,16.35,16.9,16.35,16.85,20.481893,15750,1078500
2026-08-21 13:05:00,ATM+1,PE,1060.0,1045.9,16.5,17.1,16.4,16.4,18.90886,87750,1075500
2026-08-21 13:10:00,ATM+1,PE,1060.0,1045.8,16.8,16.8,16.4,16.7,19.528967,17250,1086750
2026-08-21 13:15:00,ATM+1,PE,1060.0,1045.1,16.05,17.6,9.15,17.2,19.511229,57000,1089000
2026-08-21 13:20:00,ATM+1,PE,1060.0,1045.1,17.3,17.45,9.5,16.8,18.406169,224250,1088250
2026-08-21 13:25:00,ATM+1,PE,1060.0,1045.4,9.2,17.05,9.15,16.7,18.75287,39750,1070250
2026-08-21 13:30:00,ATM+1,PE,1050.0,1043.7,9.15,9.9,9.1,9.9,15.946094,39000,2742000
2026-08-21 13:35:00,ATM+1,PE,1050.0,1044.2,9.9,10.2,9.8,10.05,17.010338,42750,2731500
2026-08-21 13:40:00,ATM+1,PE,1050.0,1043.8,9.8,10.05,9.6,9.9,16.100634,45750,2736000
2026-08-21 13:45:00,ATM+1,PE,1050.0,1043.6,9.9,10.05,9.7,10.05,16.172287,31500,2735250
2026-08-21 13:50:00,ATM+1,PE,1050.0,1044.6,10.0,10.1,9.35,9.4,16.063392,93750,2729250
2026-08-21 13:55:00,ATM+1,PE,1050.0,1045.0,9.3,9.55,8.95,8.95,15.568491,34500,2736000
2026-08-21 14:00:00,ATM+1,PE,1050.0,1042.9,9.3,10.05,8.95,9.9,14.7811,63750,2725500
2026-08-21 14:05:00,ATM+1,PE,1050.0,1042.9,9.95,10.1,9.65,10.1,15.270255,61500,2725500
2026-08-21 14:10:00,ATM+1,PE,1050.0,1044.3,9.9,10.15,9.5,9.55,16.018949,308250,2543250
2026-08-21 14:15:00,ATM+1,PE,1050.0,1044.0,9.65,9.7,9.4,9.7,15.952728,44250,2538750
2026-08-21 14:20:00,ATM+1,PE,1050.0,1043.8,9.7,9.95,9.6,9.85,16.025755,45750,2538000
2026-08-21 14:25:00,ATM+1,PE,1050.0,1043.7,10.0,10.15,9.75,9.75,15.648695,50250,2528250
2026-08-21 14:30:00,ATM+1,PE,1050.0,1043.5,9.55,9.75,9.4,9.7,15.239741,45000,2530500
2026-08-21 14:35:00,ATM+1,PE,1050.0,1043.4,9.85,10.0,9.7,9.7,15.095227,23250,2532750
2026-08-21 14:40:00,ATM+1,PE,1050.0,1043.6,9.75,10.0,9.5,10.0,16.11351,49500,2509500
2026-08-21 14:45:00,ATM+1,PE,1050.0,1043.6,9.8,10.0,9.55,9.85,15.761525,29250,2509500
2026-08-21 14:50:00,ATM+1,PE,1050.0,1043.7,9.85,10.1,9.85,10.0,16.269878,18000,2510250
2026-08-21 14:55:00,ATM+1,PE,1050.0,1043.1,10.05,10.4,10.0,10.4,16.34804,29250,2502750
2026-08-21 15:00:00,ATM+1,PE,1050.0,1041.9,10.4,11.0,10.3,11.0,15.954724,211500,2391000
2026-08-21 15:05:00,ATM+1,PE,1050.0,1040.9,11.0,11.75,11.0,11.55,15.676755,101250,2388750
2026-08-21 15:10:00,ATM+1,PE,1050.0,1041.0,11.6,12.0,11.55,11.95,16.859267,84750,2383500
2026-08-21 15:15:00,ATM+1,PE,1050.0,1041.0,11.8,12.1,11.65,11.8,16.488608,37500,2379000
2026-08-21 15:20:00,ATM+1,PE,1050.0,1041.0,11.8,11.85,11.4,11.4,15.481831,53250,2391750
2026-08-21 15:25:00,ATM+1,PE,1060.0,1048.7,11.3,19.65,10.8,19.45,31.31567,58500,960000
2026-08-21 15:30:00,ATM+1,PE,1060.0,1048.7,19.15,19.45,18.7,19.05,30.377927,8250,954000
2026-08-21 15:35:00,ATM+1,PE,1060.0,1048.7,19.05,19.65,19.05,19.35,31.102548,14250,949500
2026-08-24 09:15:00,ATM+1,PE,1050.0,1044.7,17.1,17.1,8.8,9.1,25.740672,86250,2398500
2026-08-24 09:20:00,ATM+1,PE,1050.0,1045.0,8.8,9.65,8.8,8.8,25.282981,111750,2357250
2026-08-24 09:25:00,ATM+1,PE,1050.0,1044.5,8.8,17.0,7.95,8.5,22.669279,68250,2349750
2026-08-24 09:30:00,ATM+1,PE,1050.0,1044.1,8.85,9.1,8.5,8.9,23.321279,85500,2319750
2026-08-24 09:35:00,ATM+1,PE,1050.0,1043.8,9.4,9.6,8.9,9.6,25.577995,79500,2322750
2026-08-24 09:40:00,ATM+1,PE,1050.0,1044.4,9.9,10.05,9.55,9.55,27.041596,67500,2285250
2026-08-24 09:45:00,ATM+1,PE,1050.0,1044.0,9.3,9.95,9.1,9.9,27.509528,33750,2270250
2026-08-24 09:50:00,ATM+1,PE,1050.0,1044.5,9.8,10.0,9.25,9.35,26.516278,53250,2276250
2026-08-24 09:55:00,ATM+1,PE,1050.0,1044.5,9.3,9.75,9.3,9.5,27.199081,57750,2260500
2026-08-24 10:00:00,ATM+1,PE,1050.0,1044.3,9.4,9.5,9.3,9.4,26.259563,29250,2277000
2026-08-24 10:05:00,ATM+1,PE,1050.0,1043.6,9.65,9.85,9.4,9.85,26.313752,11250,2274000
2026-08-24 10:10:00,ATM+1,PE,1050.0,1043.7,9.7,10.0,9.7,9.8,26.411642,27750,2265750
2026-08-24 10:15:00,ATM+1,PE,1050.0,1043.4,9.95,10.05,9.8,10.0,26.474664,26250,2259000
2026-08-24 10:20:00,ATM+1,PE,1050.0,1043.8,10.0,10.35,9.65,9.95,27.427276,37500,2247000
2026-08-24 10:25:00,ATM+1,PE,1050.0,1042.6,10.05,10.7,9.95,10.7,27.335952,117750,2247000
2026-08-24 10:30:00,ATM+1,PE,1050.0,1042.5,10.75,11.35,10.55,11.25,29.566155,108000,2199750
2026-08-24 10:35:00,ATM+1,PE,1050.0,1041.1,11.1,12.15,11.1,12.1,29.21175,77250,2181000
2026-08-24 10:40:00,ATM+1,PE,1050.0,1041.0,12.05,12.3,11.95,12.15,29.163435,41250,2166750
2026-08-24 10:45:00,ATM+1,PE,1050.0,1040.9,12.15,12.4,12.05,12.3,29.586517,23250,2163000
2026-08-24 10:50:00,ATM+1,PE,1050.0,1040.7,12.45,12.85,12.0,12.0,27.524608,60000,2157750
2026-08-24 10:55:00,ATM+1,PE,1050.0,1040.0,12.0,12.55,12.0,12.55,27.820447,24750,2147250
2026-08-24 11:00:00,ATM+1,PE,1050.0,1040.0,12.7,13.55,12.55,13.1,30.551512,48750,2145750
2026-08-24 11:05:00,ATM+1,PE,1050.0,1037.0,13.25,15.1,13.1,15.1,29.61777,66000,2116500
2026-08-24 11:10:00,ATM+1,PE,1050.0,1036.7,14.9,15.7,14.9,15.7,31.672607,47250,2109000
2026-08-24 11:15:00,ATM+1,PE,1050.0,1035.9,16.05,16.45,15.7,16.15,30.842843,81750,2063250
2026-08-24 11:20:00,ATM+1,PE,1050.0,1036.0,16.0,16.3,15.9,15.95,30.191701,42000,2036250
2026-08-24 11:25:00,ATM+1,PE,1050.0,1036.0,15.95,16.2,15.2,15.3,26.382574,34500,2034000
2026-08-24 11:30:00,ATM+1,PE,1050.0,1035.1,15.55,16.9,8.2,16.9,31.704963,60750,2045250
2026-08-24 11:35:00,ATM+1,PE,1040.0,1034.0,9.0,9.1,8.5,8.8,23.555679,137250,1914750
2026-08-24 11:40:00,ATM+1,PE,1050.0,1035.4,8.5,17.25,8.5,16.75,32.261513,135750,2021250
2026-08-24 11:45:00,ATM+1,PE,1050.0,1036.1,16.4,16.75,15.3,15.5,28.227879,32250,2004000
2026-08-24 11:50:00,ATM+1,PE,1050.0,1035.2,15.9,16.25,15.5,16.25,28.459779,18750,1999500
2026-08-24 11:55:00,ATM+1,PE,1040.0,1034.8,8.4,8.8,8.35,8.7,25.584469,30750,1856250
2026-08-24 12:00:00,ATM+1,PE,1050.0,1035.4,8.8,16.8,8.7,16.5,30.998201,25500,1997250
2026-08-24 12:05:00,ATM+1,PE,1040.0,1034.7,8.45,8.8,8.35,8.7,25.370239,36750,1851750
2026-08-24 12:10:00,ATM+1,PE,1040.0,1034.9,8.75,9.0,8.7,8.9,26.882801,24000,1841250
2026-08-24 12:15:00,ATM+1,PE,1040.0,1034.3,8.9,9.15,8.9,9.05,25.885978,13500,1837500
2026-08-24 12:20:00,ATM+1,PE,1040.0,1035.0,9.15,9.15,8.95,9.05,27.916831,24000,1833750
2026-08-24 12:25:00,ATM+1,PE,1040.0,1034.6,9.1,9.2,8.95,9.1,27.060315,21750,1827000
2026-08-24 12:30:00,ATM+1,PE,1040.0,1034.9,8.95,17.0,8.85,9.05,27.718966,18750,1815750
2026-08-24 12:35:00,ATM+1,PE,1040.0,1034.6,17.3,17.35,9.15,9.25,27.825525,36750,1812750
2026-08-24 12:40:00,ATM+1,PE,1040.0,1034.0,9.45,9.7,9.25,9.65,27.971768,42000,1803000
2026-08-24 12:45:00,ATM+1,PE,1040.0,1034.3,9.6,10.0,9.45,9.45,27.963734,103500,1742250
2026-08-24 12:50:00,ATM+1,PE,1040.0,1033.3,9.75,10.1,9.4,10.1,28.051016,69750,1724250
2026-08-24 12:55:00,ATM+1,PE,1040.0,1034.0,10.15,10.15,9.75,9.8,28.792335,75750,1696500
2026-08-24 13:00:00,ATM+1,PE,1040.0,1033.1,9.9,10.45,9.8,10.3,28.462842,49500,1692750
2026-08-24 13:05:00,ATM+1,PE,1040.0,1033.9,10.35,10.85,9.0,9.0,24.799145,162750,1687500
2026-08-24 13:10:00,ATM+1,PE,1040.0,1033.9,9.25,9.5,9.0,9.35,26.501839,37500,1670250
2026-08-24 13:15:00,ATM+1,PE,1040.0,1034.8,9.45,9.5,8.45,8.45,25.011852,76500,1658250
2026-08-24 13:20:00,ATM+1,PE,1040.0,1033.9,8.6,9.45,8.45,9.45,27.054498,18000,1653750
2026-08-24 13:25:00,ATM+1,PE,1040.0,1033.7,9.45,9.8,9.4,9.45,26.476001,24000,1647000
2026-08-24 13:30:00,ATM+1,PE,1040.0,1033.7,9.6,9.95,9.45,9.95,28.898937,20250,1635000
2026-08-24 13:35:00,ATM+1,PE,1040.0,1034.0,9.8,10.3,9.65,9.65,28.427626,60000,1623000
2026-08-24 13:40:00,ATM+1,PE,1040.0,1033.7,9.6,10.05,9.5,9.9,28.747771,42750,1614000
2026-08-24 13:45:00,ATM+1,PE,1040.0,1033.6,10.1,10.2,9.8,9.9,28.483805,54000,1610250
2026-08-24 13:50:00,ATM+1,PE,1040.0,1033.5,9.95,10.25,9.9,10.05,28.936583,42750,1604250
2026-08-24 13:55:00,ATM+1,PE,1040.0,1033.0,10.05,10.15,9.85,9.95,26.896653,79500,1582500
2026-08-24 14:00:00,ATM+1,PE,1040.0,1034.2,10.05,10.1,9.05,9.3,27.581435,90000,1566000
2026-08-24 14:05:00,ATM+1,PE,1040.0,1033.9,9.2,9.7,9.05,9.15,25.972012,85500,1557750
2026-08-24 14:10:00,ATM+1,PE,1040.0,1033.4,9.25,9.9,9.15,9.8,27.584043,72750,1551750
2026-08-24 14:15:00,ATM+1,PE,1040.0,1033.3,9.8,9.8,9.4,9.65,26.56488,49500,1552500
2026-08-24 14:20:00,ATM+1,PE,1040.0,1033.8,9.45,9.65,9.0,9.2,26.015462,75000,1480500
2026-08-24 14:25:00,ATM+1,PE,1040.0,1034.8,9.25,17.4,8.0,8.4,25.303407,72750,1476000
2026-08-24 14:30:00,ATM+1,PE,1040.0,1034.5,8.4,8.65,7.95,8.3,23.927615,134250,1519500
2026-08-24 14:35:00,ATM+1,PE,1050.0,1035.5,8.5,16.4,7.85,16.05,30.075521,109500,1828500
2026-08-24 14:40:00,ATM+1,PE,1040.0,1035.0,15.85,16.4,7.65,7.9,23.622293,72750,1418250
2026-08-24 14:45:00,ATM+1,PE,1040.0,1034.8,16.25,16.25,7.7,8.1,24.008033,39000,1422750
2026-08-24 14:50:00,ATM+1,PE,1040.0,1035.0,7.95,8.1,7.6,7.65,22.478578,105750,1414500
2026-08-24 14:55:00,ATM+1,PE,1040.0,1034.9,15.95,16.1,7.45,7.6,21.949,41250,1425750
2026-08-24 15:00:00,ATM+1,PE,1050.0,1036.2,16.05,16.1,15.2,15.2,28.413899,97500,1803750
2026-08-24 15:05:00,ATM+1,PE,1040.0,1035.0,7.25,16.35,7.0,7.75,23.073901,25500,1317000
2026-08-24 15:10:00,ATM+1,PE,1050.0,1036.1,16.2,16.4,16.0,16.2,34.222978,9750,1798500
2026-08-24 15:15:00,ATM+1,PE,1050.0,1036.1,16.35,16.5,16.1,16.5,36.030512,20250,1788000
2026-08-24 15:20:00,ATM+1,PE,1050.0,1036.1,16.55,16.85,16.5,16.5,36.087999,5250,1788750
2026-08-24 15:25:00,ATM+1,PE,1050.0,1039.5,16.6,17.05,16.5,16.75,49.762377,34500,1766250
2026-08-24 15:30:00,ATM+1,PE,1050.0,1039.5,16.75,17.4,16.75,17.1,51.559174,8250,1754250
2026-08-24 15:35:00,ATM+1,PE,1050.0,1039.5,17.2,17.75,17.1,17.75,54.815036,31500,1745250
2026-08-25 09:15:00,ATM+1,PE,1050.0,1036.9,10.2,17.5,8.2,17.5,85.931543,33000,1732500
2026-08-25 09:20:00,ATM+1,PE,1050.0,1038.6,14.55,17.5,13.4,13.55,57.003991,47250,1723500
2026-08-25 09:25:00,ATM+1,PE,1050.0,1038.5,13.4,13.8,12.6,13.8,59.398847,38250,1722000
2026-08-25 09:30:00,ATM+1,PE,1050.0,1039.6,13.15,13.8,11.95,12.6,55.489378,55500,1702500
2026-08-25 09:35:00,ATM+1,PE,1050.0,1036.7,13.95,15.4,12.6,15.4,62.86178,63750,1689000
2026-08-25 09:40:00,ATM+1,PE,1050.0,1036.0,15.6,16.2,15.4,16.2,66.479508,12000,1683750
2026-08-25 09:45:00,ATM+1,PE,1040.0,1034.6,16.2,16.3,7.25,7.45,39.942161,12750,1101000
2026-08-25 09:50:00,ATM+1,PE,1040.0,1034.7,7.85,8.2,7.45,8.1,47.722303,17250,1096500
2026-08-25 09:55:00,ATM+1,PE,1050.0,1037.1,8.05,17.0,7.75,15.5,69.658491,49500,1650000
2026-08-25 10:00:00,ATM+1,PE,1050.0,1038.3,15.5,15.55,14.95,14.95,74.084904,12000,1648500
2026-08-25 10:05:00,ATM+1,PE,1050.0,1037.2,14.05,15.4,14.05,15.4,70.38665,11250,1642500
2026-08-25 10:10:00,ATM+1,PE,1050.0,1037.0,15.75,16.3,15.4,15.5,70.28591,6000,1636500
2026-08-25 10:15:00,ATM+1,PE,1050.0,1035.3,15.5,16.95,15.5,16.95,72.646402,6000,1632750
2026-08-25 10:20:00,ATM+1,PE,1040.0,1034.8,16.95,16.95,8.0,8.55,55.381844,7500,1080750
2026-08-25 10:25:00,ATM+1,PE,1040.0,1034.0,8.15,8.55,8.1,8.3,47.299045,9750,1074000
2026-08-25 10:30:00,ATM+1,PE,1040.0,1034.2,8.3,8.3,7.8,7.9,44.692847,13500,1068750
2026-08-25 10:35:00,ATM+1,PE,1050.0,1035.4,8.05,16.7,7.5,16.55,70.514051,21750,1593750
2026-08-25 10:40:00,ATM+1,PE,1050.0,1037.1,16.55,16.9,15.35,15.35,72.745507,10500,1592250
2026-08-25 10:45:00,ATM+1,PE,1050.0,1039.5,15.35,15.35,13.0,13.0,66.244545,30000,1578750
2026-08-25 10:50:00,ATM+1,PE,1050.0,1042.1,12.6,13.0,10.6,11.5,70.791271,105000,1573500
2026-08-25 10:55:00,ATM+1,PE,1050.0,1040.1,11.1,13.4,10.8,12.75,69.739189,122250,1544250
2026-08-25 11:00:00,ATM+1,PE,1050.0,1038.6,12.3,13.1,12.3,13.1,60.094219,16500,1545000
2026-08-25 11:05:00,ATM+1,PE,1050.0,1037.5,14.0,15.0,13.1,15.0,75.346346,27750,1542750
2026-08-25 11:10:00,ATM+1,PE,1050.0,1039.0,14.05,15.0,13.7,13.7,73.601896,147750,1542750
2026-08-25 11:15:00,ATM+1,PE,1050.0,1038.5,12.65,13.7,12.65,13.25,62.824578,36000,1423500
2026-08-25 11:20:00,ATM+1,PE,1050.0,1039.2,12.95,13.25,11.5,11.5,44.041647,318000,1241250
2026-08-25 11:25:00,ATM+1,PE,1050.0,1040.5,11.8,11.8,10.7,10.7,49.201698,116250,1182000
2026-08-25 11:30:00,ATM+1,PE,1050.0,1040.0,10.65,11.0,10.5,11.0,47.975096,57000,1183500
2026-08-25 11:35:00,ATM+1,PE,1050.0,1040.1,11.0,11.0,10.0,10.0,27.767734,235500,1071750
2026-08-25 11:40:00,ATM+1,PE,1050.0,1040.3,10.6,11.2,10.0,11.0,52.969065,47250,1032000
2026-08-25 11:45:00,ATM+1,PE,1050.0,1039.9,11.35,11.65,10.9,10.9,46.153243,30000,1011000
2026-08-25 11:50:00,ATM+1,PE,1050.0,1040.8,10.95,11.0,10.35,10.35,49.972125,18750,1001250
2026-08-25 11:55:00,ATM+1,PE,1050.0,1042.5,9.6,10.35,8.15,8.5,42.298824,52500,1000500
2026-08-25 12:00:00,ATM+1,PE,1050.0,1043.9,8.55,8.75,8.2,8.25,54.469427,41250,976500
2026-08-25 12:05:00,ATM+1,PE,1050.0,1042.2,8.5,9.05,8.25,9.0,47.626956,19500,972750
2026-08-25 12:10:00,ATM+1,PE,1050.0,1042.5,9.4,9.55,8.6,8.65,46.288428,24000,960750
2026-08-25 12:15:00,ATM+1,PE,1050.0,1041.6,9.0,9.0,8.65,9.0,39.81847,3750,960750
2026-08-25 12:20:00,ATM+1,PE,1050.0,1040.7,8.9,9.4,8.6,9.4,28.944127,9750,958500
2026-08-25 12:25:00,ATM+1,PE,1050.0,1040.6,9.4,9.65,9.4,9.4,23.384774,15000,956250
2026-08-25 12:30:00,ATM+1,PE,1050.0,1040.7,9.7,10.1,9.4,10.0,46.493984,23250,945750
2026-08-25 12:35:00,ATM+1,PE,1050.0,1040.8,10.0,10.65,10.0,10.65,61.138472,10500,945750
2026-08-25 12:40:00,ATM+1,PE,1050.0,1041.9,10.1,10.65,9.45,9.45,55.899815,16500,939000
2026-08-25 12:45:00,ATM+1,PE,1050.0,1041.0,9.4,9.45,8.95,8.95,0.0,30750,926250
2026-08-25 12:50:00,ATM+1,PE,1050.0,1041.0,9.65,9.65,8.8,9.25,36.235255,16500,915000
2026-08-25 12:55:00,ATM+1,PE,1050.0,1041.0,9.25,9.65,9.2,9.65,47.66388,6000,913500
2026-08-25 13:00:00,ATM+1,PE,1050.0,1040.0,9.65,10.8,9.65,10.1,34.006255,10500,906000
2026-08-25 13:05:00,ATM+1,PE,1050.0,1039.9,10.1,10.5,9.9,10.5,46.325184,9750,900000
2026-08-25 13:10:00,ATM+1,PE,1050.0,1038.3,10.35,11.0,10.25,11.0,0.0,14250,897000
2026-08-25 13:15:00,ATM+1,PE,1050.0,1037.9,11.0,11.15,11.0,11.15,0.0,4500,894750
2026-08-25 13:20:00,ATM+1,PE,1050.0,1037.3,11.15,12.0,11.15,11.85,0.0,31500,875250
2026-08-25 13:25:00,ATM+1,PE,1050.0,1038.5,11.85,11.85,11.35,11.35,0.0,15750,872250
2026-08-25 13:30:00,ATM+1,PE,1050.0,1038.3,10.9,11.55,10.9,11.55,0.0,4500,870750
2026-08-25 13:35:00,ATM+1,PE,1050.0,1039.3,11.5,11.55,10.85,11.25,58.736189,9000,870000
2026-08-25 13:40:00,ATM+1,PE,1050.0,1038.9,11.25,11.7,10.6,11.3,48.125711,9000,873000
2026-08-25 13:45:00,ATM+1,PE,1050.0,1038.2,11.3,11.55,10.85,10.85,0.0,12750,868500
2026-08-25 13:50:00,ATM+1,PE,1050.0,1041.8,10.8,11.1,9.0,9.0,59.106968,29250,864000
2026-08-25 13:55:00,ATM+1,PE,1050.0,1040.8,9.0,10.2,8.15,10.2,70.623439,12750,866250
2026-08-25 14:00:00,ATM+1,PE,1050.0,1040.7,9.9,10.3,9.75,10.05,65.914595,14250,861000
2026-08-25 14:05:00,ATM+1,PE,1050.0,1039.5,10.3,10.3,9.65,10.05,0.0,9000,861750
2026-08-25 14:10:00,ATM+1,PE,1050.0,1039.2,9.75,10.05,9.7,10.05,0.0,11250,855000
2026-08-25 14:15:00,ATM+1,PE,1050.0,1040.3,10.05,10.3,9.6,9.6,0.0,28500,835500
2026-08-25 14:20:00,ATM+1,PE,1050.0,1041.1,9.6,9.6,9.0,9.0,43.414701,17250,819750
2026-08-25 14:25:00,ATM+1,PE,1050.0,1042.8,9.0,9.0,8.5,8.5,80.910267,12750,809250
2026-08-25 14:30:00,ATM+1,PE,1050.0,1043.6,7.9,8.8,6.3,8.8,106.95217,40500,807750
2026-08-25 14:35:00,ATM+1,PE,1050.0,1044.1,7.1,8.8,6.3,7.3,81.101084,9750,805500
2026-08-25 14:40:00,ATM+1,PE,1050.0,1043.9,7.75,7.75,6.5,7.4,83.248198,15750,805500
2026-08-25 14:45:00,ATM+1,PE,1050.0,1043.3,6.75,7.6,6.35,7.0,54.472555,21000,799500
2026-08-25 14:50:00,ATM+1,PE,1050.0,1042.9,7.0,7.7,6.7,6.7,0.0,2250,797250
2026-08-25 14:55:00,ATM+1,PE,1050.0,1043.7,6.7,7.75,6.4,6.45,48.711253,11250,796500
2026-08-25 15:00:00,ATM+1,PE,1050.0,1043.5,6.45,8.15,6.25,7.3,88.030802,17250,792000
2026-08-25 15:05:00,ATM+1,PE,1050.0,1043.5,6.55,7.3,6.2,6.2,0.0,6000,791250
2026-08-25 15:10:00,ATM+1,PE,1050.0,1044.0,6.2,6.85,3.45,6.85,101.577401,6750,788250
2026-08-25 15:15:00,ATM+1,PE,1050.0,1044.0,4.1,6.85,4.1,4.1,0.0,750,786750
2026-08-25 15:20:00,ATM+1,PE,1050.0,1044.0,3.15,4.1,3.15,3.25,0.0,4500,783750
2026-08-25 15:25:00,ATM+1,PE,1060.0,1048.0,3.25,14.45,3.25,14.45,0.0,0,560250
2026-08-25 15:30:00,ATM+1,PE,1060.0,1048.0,14.45,14.45,12.0,12.0,0.0,2250,560250
2026-08-25 15:35:00,ATM+1,PE,1060.0,1048.0,12.1,17.95,12.0,17.95,0.0,4500,560250
2026-08-20 09:15:00,ATM+2,CE,1070.0,1048.0,3.8,4.05,3.25,3.3,20.73204,306750,3712500
2026-08-20 09:20:00,ATM+2,CE,1070.0,1048.1,3.25,3.3,3.1,3.25,20.546634,201750,3719250
2026-08-20 09:25:00,ATM+2,CE,1070.0,1050.1,3.25,3.6,3.25,3.45,19.876573,189750,3731250
2026-08-20 09:30:00,ATM+2,CE,1070.0,1049.8,3.65,3.65,3.35,3.45,20.066425,175500,3720750
2026-08-20 09:35:00,ATM+2,CE,1070.0,1049.0,3.4,3.45,3.25,3.35,20.296953,115500,3735750
2026-08-20 09:40:00,ATM+2,CE,1070.0,1050.2,3.3,3.55,3.2,3.55,20.092897,86250,3742500
2026-08-20 09:45:00,ATM+2,CE,1070.0,1049.8,3.45,3.55,3.35,3.35,19.829089,94500,3724500
2026-08-20 09:50:00,ATM+2,CE,1070.0,1050.6,3.4,3.5,3.35,3.45,19.606494,63750,3759000
2026-08-20 09:55:00,ATM+2,CE,1070.0,1050.0,3.5,3.6,3.4,3.45,19.980736,274500,3791250
2026-08-20 10:00:00,ATM+2,CE,1070.0,1049.4,3.45,3.45,3.3,3.3,19.961445,45750,3798000
2026-08-20 10:05:00,ATM+2,CE,1070.0,1049.6,3.3,3.35,3.25,3.3,19.848132,43500,3818250
2026-08-20 10:10:00,ATM+2,CE,1070.0,1049.8,3.3,3.35,3.25,3.35,19.864985,127500,3890250
2026-08-20 10:15:00,ATM+2,CE,1070.0,1049.3,3.3,3.35,3.1,3.1,19.51279,94500,3891750
2026-08-20 10:20:00,ATM+2,CE,1070.0,1048.3,3.05,3.15,3.0,3.0,19.83995,180750,3907500
2026-08-20 10:25:00,ATM+2,CE,1070.0,1048.2,3.0,3.0,2.85,2.85,19.491911,111750,3933750
2026-08-20 10:30:00,ATM+2,CE,1070.0,1048.4,2.9,2.9,2.85,2.9,19.521049,120000,3915000
2026-08-20 10:35:00,ATM+2,CE,1070.0,1048.5,2.95,3.0,2.85,2.85,19.331652,84750,3921000
2026-08-20 10:40:00,ATM+2,CE,1070.0,1049.9,2.9,3.05,2.85,3.05,19.056759,96000,3894000
2026-08-20 10:45:00,ATM+2,CE,1070.0,1051.2,3.1,3.35,3.0,3.25,18.802329,154500,3946500
2026-08-20 10:50:00,ATM+2,CE,1070.0,1050.4,3.3,3.35,3.2,3.25,19.297131,135750,3932250
2026-08-20 10:55:00,ATM+2,CE,1070.0,1050.8,3.25,3.25,3.15,3.15,18.80007,26250,3935250
2026-08-20 11:00:00,ATM+2,CE,1070.0,1050.8,3.2,3.2,3.1,3.1,18.675892,29250,3930750
2026-08-20 11:05:00,ATM+2,CE,1070.0,1049.8,3.1,3.1,2.95,3.0,19.017278,133500,3866250
2026-08-20 11:10:00,ATM+2,CE,1070.0,1049.4,3.0,3.0,2.85,2.9,18.990603,135000,3883500
2026-08-20 11:15:00,ATM+2,CE,1070.0,1048.0,2.8,2.9,2.75,2.8,19.539041,114750,3893250
2026-08-20 11:20:00,ATM+2,CE,1070.0,1047.6,2.8,2.85,2.7,2.8,19.777545,68250,3897000
2026-08-20 11:25:00,ATM+2,CE,1070.0,1047.5,2.8,2.85,2.7,2.8,19.8425,127500,3931500
2026-08-20 11:30:00,ATM+2,CE,1070.0,1048.0,2.8,2.95,2.8,2.9,19.840315,66000,3918000
2026-08-20 11:35:00,ATM+2,CE,1070.0,1048.0,2.9,2.95,2.85,2.9,19.847553,33750,3923250
2026-08-20 11:40:00,ATM+2,CE,1070.0,1047.9,2.9,2.9,2.85,2.9,19.913183,25500,3940500
2026-08-20 11:45:00,ATM+2,CE,1070.0,1048.0,2.9,3.0,2.85,3.0,20.139605,114000,3951000
2026-08-20 11:50:00,ATM+2,CE,1070.0,1046.8,3.0,3.0,2.75,2.75,20.138832,69750,3943500
2026-08-20 11:55:00,ATM+2,CE,1070.0,1047.0,2.65,2.75,2.6,2.7,19.887454,186000,3894750
2026-08-20 12:00:00,ATM+2,CE,1070.0,1046.9,2.7,2.75,2.65,2.75,20.096156,44250,3897000
2026-08-20 12:05:00,ATM+2,CE,1070.0,1047.0,2.7,2.8,2.65,2.7,19.901997,52500,3906750
2026-08-20 12:10:00,ATM+2,CE,1070.0,1047.8,2.8,2.85,2.7,2.75,19.592151,89250,3926250
2026-08-20 12:15:00,ATM+2,CE,1070.0,1047.8,2.8,2.8,2.75,2.75,19.599337,20250,3920250
2026-08-20 12:20:00,ATM+2,CE,1070.0,1046.9,2.75,2.75,2.65,2.65,19.83596,34500,3909750
2026-08-20 12:25:00,ATM+2,CE,1070.0,1047.5,2.7,2.7,2.6,2.7,19.643945,8250,3900750
2026-08-20 12:30:00,ATM+2,CE,1070.0,1047.0,2.7,2.7,2.65,2.65,19.793377,109500,3949500
2026-08-20 12:35:00,ATM+2,CE,1070.0,1047.6,2.65,2.7,2.65,2.7,19.600766,19500,3948750
2026-08-20 12:40:00,ATM+2,CE,1070.0,1047.0,2.75,2.75,2.65,2.65,19.807919,18000,3940500
2026-08-20 12:45:00,ATM+2,CE,1070.0,1048.9,2.75,2.9,2.65,2.8,19.142003,159750,3936750
2026-08-20 12:50:00,ATM+2,CE,1070.0,1048.7,2.9,3.15,2.8,2.95,19.683495,183000,3910500
2026-08-20 12:55:00,ATM+2,CE,1070.0,1049.9,2.8,3.15,2.8,3.0,19.111857,192750,3888750
2026-08-20 13:00:00,ATM+2,CE,1070.0,1049.4,3.0,3.1,2.95,2.95,19.282081,165000,3899250
2026-08-20 13:05:00,ATM+2,CE,1070.0,1049.0,2.95,3.1,2.95,3.0,19.664624,81750,3900750
2026-08-20 13:10:00,ATM+2,CE,1070.0,1049.7,2.95,3.1,2.95,3.0,19.253234,57000,3902250
2026-08-20 13:15:00,ATM+2,CE,1070.0,1049.5,2.95,3.05,2.95,2.95,19.243846,39000,3909000
2026-08-20 13:20:00,ATM+2,CE,1070.0,1049.7,3.0,3.05,2.9,3.0,19.267538,18000,3905250
2026-08-20 13:25:00,ATM+2,CE,1070.0,1050.0,3.0,3.15,2.95,3.05,19.229307,48750,3896250
2026-08-20 13:30:00,ATM+2,CE,1070.0,1050.2,3.05,3.1,3.0,3.1,19.24962,21000,3894000
2026-08-20 13:35:00,ATM+2,CE,1070.0,1049.4,3.1,3.1,2.9,2.9,19.194789,45750,3898500
2026-08-20 13:40:00,ATM+2,CE,1070.0,1049.7,2.95,3.0,2.9,2.95,19.159921,53250,3903750
2026-08-20 13:45:00,ATM+2,CE,1070.0,1050.3,2.95,3.05,2.95,3.05,19.076266,27750,3889500
2026-08-20 13:50:00,ATM+2,CE,1070.0,1050.0,3.05,3.05,2.9,2.9,18.857671,20250,3891000
2026-08-20 13:55:00,ATM+2,CE,1070.0,1049.8,2.85,2.9,2.8,2.85,18.847018,48750,3891000
2026-08-20 14:00:00,ATM+2,CE,1070.0,1049.4,2.9,2.9,2.75,2.8,18.95329,15000,3890250
2026-08-20 14:05:00,ATM+2,CE,1070.0,1048.5,2.75,2.8,2.6,2.6,18.921208,86250,3882000
2026-08-20 14:10:00,ATM+2,CE,1070.0,1048.1,2.65,2.65,2.55,2.6,19.159913,77250,3849000
2026-08-20 14:15:00,ATM+2,CE,1070.0,1048.2,2.6,2.65,2.55,2.6,19.1092,128250,3835500
2026-08-20 14:20:00,ATM+2,CE,1070.0,1048.3,2.6,2.6,2.6,2.6,19.05841,35250,3828000
2026-08-20 14:25:00,ATM+2,CE,1070.0,1048.2,2.65,2.75,2.6,2.7,19.411866,66000,3814500
2026-08-20 14:30:00,ATM+2,CE,1070.0,1047.9,2.7,2.7,2.65,2.65,19.449507,7500,3817500
2026-08-20 14:35:00,ATM+2,CE,1070.0,1048.3,2.6,2.7,2.55,2.7,19.367979,24000,3808500
2026-08-20 14:40:00,ATM+2,CE,1070.0,1048.7,2.75,2.75,2.65,2.75,19.283246,21000,3797250
2026-08-20 14:45:00,ATM+2,CE,1070.0,1048.4,2.75,2.75,2.65,2.65,19.180399,45750,3779250
2026-08-20 14:50:00,ATM+2,CE,1070.0,1048.9,2.7,2.7,2.65,2.7,19.037969,20250,3777000
2026-08-20 14:55:00,ATM+2,CE,1070.0,1049.7,2.7,2.75,2.65,2.75,18.713389,12750,3768000
2026-08-20 15:00:00,ATM+2,CE,1070.0,1048.4,2.7,2.75,2.45,2.45,18.619007,48750,3760500
2026-08-20 15:05:00,ATM+2,CE,1070.0,1048.1,2.45,2.5,2.35,2.4,18.649749,87000,3786750
2026-08-20 15:10:00,ATM+2,CE,1070.0,1047.5,2.3,2.6,2.25,2.55,19.446285,117750,3786000
2026-08-20 15:15:00,ATM+2,CE,1070.0,1047.5,2.5,2.55,2.3,2.3,18.703151,114750,3757500
2026-08-20 15:20:00,ATM+2,CE,1070.0,1047.5,2.3,2.3,2.2,2.25,18.557121,83250,3759750
2026-08-20 15:25:00,ATM+2,CE,1070.0,1048.0,2.25,2.25,2.1,2.2,18.129188,212250,3701250
2026-08-20 15:30:00,ATM+2,CE,1070.0,1048.0,2.1,2.25,2.1,2.15,17.981893,115500,3645000
2026-08-20 15:35:00,ATM+2,CE,1070.0,1048.0,2.15,2.15,1.9,2.0,17.519128,154500,3651750
2026-08-21 09:15:00,ATM+2,CE,1070.0,1050.2,2.45,2.45,1.6,1.6,16.395904,550500,3817500
2026-08-21 09:20:00,ATM+2,CE,1070.0,1049.7,1.65,1.75,1.6,1.65,16.873793,266250,3782250
2026-08-21 09:25:00,ATM+2,CE,1070.0,1050.5,1.7,1.7,1.65,1.7,16.586204,162750,3732750
2026-08-21 09:30:00,ATM+2,CE,1070.0,1049.2,1.75,1.75,1.6,1.6,16.999937,127500,3711000
2026-08-21 09:35:00,ATM+2,CE,1070.0,1050.5,1.6,1.7,1.6,1.65,16.425988,91500,3695250
2026-08-21 09:40:00,ATM+2,CE,1070.0,1052.2,1.75,2.0,1.65,1.9,16.254273,228000,3660000
2026-08-21 09:45:00,ATM+2,CE,1070.0,1054.0,1.95,2.2,1.9,2.2,16.067173,300000,3603750
2026-08-21 09:50:00,ATM+2,CE,1070.0,1053.3,2.2,2.35,2.05,2.2,16.524789,309000,3569250
2026-08-21 09:55:00,ATM+2,CE,1070.0,1052.0,2.2,2.2,1.95,1.95,16.562296,111000,3580500
2026-08-21 10:00:00,ATM+2,CE,1070.0,1051.3,1.95,1.95,1.8,1.85,16.669259,96000,3582750
2026-08-21 10:05:00,ATM+2,CE,1070.0,1050.0,1.75,1.85,1.6,1.6,16.586046,186000,3594000
2026-08-21 10:10:00,ATM+2,CE,1070.0,1051.3,1.6,1.75,1.6,1.75,16.34638,195750,3620250
2026-08-21 10:15:00,ATM+2,CE,1070.0,1050.4,1.75,1.75,1.75,1.75,16.893788,15000,3615750
2026-08-21 10:20:00,ATM+2,CE,1070.0,1050.7,1.65,1.8,1.65,1.8,16.89339,45750,3601500
2026-08-21 10:25:00,ATM+2,CE,1070.0,1050.1,1.75,1.8,1.6,1.7,16.912812,144750,3610500
2026-08-21 10:30:00,ATM+2,CE,1070.0,1049.7,1.65,1.7,1.65,1.65,16.979037,49500,3604500
2026-08-21 10:35:00,ATM+2,CE,1070.0,1049.3,1.6,1.65,1.5,1.5,16.670786,282750,3591000
2026-08-21 10:40:00,ATM+2,CE,1070.0,1049.4,1.5,1.7,1.5,1.65,17.170639,87750,3605250
2026-08-21 10:45:00,ATM+2,CE,1070.0,1049.4,1.65,1.65,1.6,1.65,17.178311,67500,3624000
2026-08-21 10:50:00,ATM+2,CE,1070.0,1050.3,1.65,1.8,1.55,1.65,16.654953,232500,3606750
2026-08-21 10:55:00,ATM+2,CE,1070.0,1049.8,1.7,1.7,1.65,1.65,16.958078,8250,3603000
2026-08-21 11:00:00,ATM+2,CE,1070.0,1049.0,1.7,1.75,1.55,1.55,17.068336,83250,3601500
2026-08-21 11:05:00,ATM+2,CE,1070.0,1048.5,1.7,1.7,1.55,1.65,17.736848,70500,3593250
2026-08-21 11:10:00,ATM+2,CE,1070.0,1049.1,1.7,1.75,1.65,1.7,17.574165,40500,3608250
2026-08-21 11:15:00,ATM+2,CE,1070.0,1049.5,1.75,1.75,1.65,1.75,17.523283,64500,3596250
2026-08-21 11:20:00,ATM+2,CE,1070.0,1050.2,1.75,1.9,1.7,1.9,17.630405,57750,3628500
2026-08-21 11:25:00,ATM+2,CE,1070.0,1050.1,1.8,1.9,1.75,1.8,17.354813,53250,3618750
2026-08-21 11:30:00,ATM+2,CE,1070.0,1049.6,1.75,1.8,1.7,1.8,17.663405,125250,3611250
2026-08-21 11:35:00,ATM+2,CE,1070.0,1049.4,1.75,1.8,1.65,1.75,17.614487,200250,3597000
2026-08-21 11:40:00,ATM+2,CE,1070.0,1048.9,1.7,1.75,1.65,1.75,17.920124,18750,3588750
2026-08-21 11:45:00,ATM+2,CE,1070.0,1048.7,1.75,1.75,1.6,1.65,17.683271,9750,3588000
2026-08-21 11:50:00,ATM+2,CE,1070.0,1048.6,1.6,1.65,1.6,1.6,17.564842,64500,3616500
2026-08-21 11:55:00,ATM+2,CE,1070.0,1046.8,1.55,1.6,1.35,1.35,17.626176,431250,3639750
2026-08-21 12:00:00,ATM+2,CE,1070.0,1046.9,1.25,1.35,1.25,1.3,17.372315,399750,3634500
2026-08-21 12:05:00,ATM+2,CE,1070.0,1046.8,1.35,1.35,1.3,1.3,17.435717,50250,3632250
2026-08-21 12:10:00,ATM+2,CE,1070.0,1046.0,1.3,1.35,1.3,1.35,18.096404,73500,3630750
2026-08-21 12:15:00,ATM+2,CE,1070.0,1045.9,1.25,1.35,1.2,1.25,17.737352,375750,3665250
2026-08-21 12:20:00,ATM+2,CE,1070.0,1046.8,1.25,1.3,1.25,1.3,17.459312,66000,3705750
2026-08-21 12:25:00,ATM+2,CE,1070.0,1047.0,1.25,1.3,1.25,1.3,17.355814,46500,3711750
2026-08-21 12:30:00,ATM+2,CE,1070.0,1047.0,1.35,1.35,1.3,1.35,17.569684,69750,3723750
2026-08-21 12:35:00,ATM+2,CE,1070.0,1046.3,1.35,1.35,1.2,1.25,17.549125,237750,3807750
2026-08-21 12:40:00,ATM+2,CE,1070.0,1046.9,1.25,1.25,1.2,1.25,17.225485,30000,3823500
2026-08-21 12:45:00,ATM+2,CE,1070.0,1045.9,1.2,1.25,1.2,1.2,17.568412,57750,3809250
2026-08-21 12:50:00,ATM+2,CE,1070.0,1045.9,1.25,1.3,1.2,1.3,18.007139,67500,3795000
2026-08-21 12:55:00,ATM+2,CE,1070.0,1045.9,1.25,1.35,1.25,1.3,18.015284,172500,3793500
2026-08-21 13:00:00,ATM+2,CE,1070.0,1046.1,1.3,1.3,1.3,1.3,17.912415,51000,3773250
2026-08-21 13:05:00,ATM+2,CE,1070.0,1045.9,1.3,1.4,1.2,1.4,18.450104,380250,3782250
2026-08-21 13:10:00,ATM+2,CE,1070.0,1045.8,1.4,1.4,1.3,1.4,18.514705,30750,3755250
2026-08-21 13:15:00,ATM+2,CE,1070.0,1045.1,1.4,2.85,1.25,1.3,18.491233,173250,3729750
2026-08-21 13:20:00,ATM+2,CE,1070.0,1045.1,1.3,2.7,1.25,1.3,18.499621,116250,3729000
2026-08-21 13:25:00,ATM+2,CE,1070.0,1045.4,2.65,2.7,1.25,1.25,18.125691,54000,3727500
2026-08-21 13:30:00,ATM+2,CE,1060.0,1043.7,2.65,2.7,2.5,2.5,17.685848,57000,3982500
2026-08-21 13:35:00,ATM+2,CE,1060.0,1044.2,2.45,2.5,2.35,2.45,17.203447,261750,4006500
2026-08-21 13:40:00,ATM+2,CE,1060.0,1043.8,2.45,2.5,2.35,2.35,17.1771,169500,3962250
2026-08-21 13:45:00,ATM+2,CE,1060.0,1043.6,2.35,2.4,2.3,2.3,17.164541,319500,4103250
2026-08-21 13:50:00,ATM+2,CE,1060.0,1044.6,2.25,2.4,2.2,2.4,16.804253,127500,4107750
2026-08-21 13:55:00,ATM+2,CE,1060.0,1045.0,2.35,2.45,2.35,2.4,16.538928,91500,4081500
2026-08-21 14:00:00,ATM+2,CE,1060.0,1042.9,2.35,2.4,2.1,2.1,17.017447,209250,4117500
2026-08-21 14:05:00,ATM+2,CE,1060.0,1042.9,2.1,2.2,1.9,2.0,16.700398,469500,4148250
2026-08-21 14:10:00,ATM+2,CE,1060.0,1044.3,1.95,2.15,1.95,2.1,16.113189,267000,4044000
2026-08-21 14:15:00,ATM+2,CE,1060.0,1044.0,2.05,2.15,2.05,2.1,16.319212,93000,4034250
2026-08-21 14:20:00,ATM+2,CE,1060.0,1043.8,2.1,2.15,2.05,2.1,16.458844,58500,4049250
2026-08-21 14:25:00,ATM+2,CE,1060.0,1043.7,1.95,2.1,1.9,2.05,16.372653,148500,3986250
2026-08-21 14:30:00,ATM+2,CE,1060.0,1043.5,2.1,2.15,1.95,2.0,16.349788,89250,3967500
2026-08-21 14:35:00,ATM+2,CE,1060.0,1043.4,2.1,2.1,2.0,2.05,16.584549,141000,3917250
2026-08-21 14:40:00,ATM+2,CE,1060.0,1043.6,2.05,2.1,1.95,1.95,16.13732,207750,3863250
2026-08-21 14:45:00,ATM+2,CE,1060.0,1043.6,2.0,2.1,1.95,2.0,16.307542,309750,3759000
2026-08-21 14:50:00,ATM+2,CE,1060.0,1043.7,2.0,2.0,1.9,1.95,16.087444,110250,3737250
2026-08-21 14:55:00,ATM+2,CE,1060.0,1043.1,1.95,2.0,1.9,1.95,16.4844,194250,3710250
2026-08-21 15:00:00,ATM+2,CE,1060.0,1041.9,1.8,1.95,1.7,1.7,16.402394,378000,3694500
2026-08-21 15:05:00,ATM+2,CE,1060.0,1040.9,1.7,1.7,1.65,1.65,16.849891,204000,3688500
2026-08-21 15:10:00,ATM+2,CE,1060.0,1041.0,1.65,1.7,1.5,1.5,16.244428,324000,3664500
2026-08-21 15:15:00,ATM+2,CE,1060.0,1041.0,1.55,1.65,1.5,1.65,16.804189,246000,3639750
2026-08-21 15:20:00,ATM+2,CE,1060.0,1041.0,1.55,1.65,1.55,1.6,16.629887,129750,3639750
2026-08-21 15:25:00,ATM+2,CE,1070.0,1048.7,1.6,1.65,0.75,0.75,14.190616,120750,3458250
2026-08-21 15:30:00,ATM+2,CE,1070.0,1048.7,0.75,0.8,0.75,0.75,14.197286,79500,3435000
2026-08-21 15:35:00,ATM+2,CE,1070.0,1048.7,0.75,0.8,0.75,0.75,14.203963,116250,3410250
2026-08-24 09:15:00,ATM+2,CE,1060.0,1044.7,0.8,1.5,0.6,1.25,24.158393,291000,3471750
2026-08-24 09:20:00,ATM+2,CE,1060.0,1045.0,1.2,1.25,1.1,1.15,23.198149,709500,3431250
2026-08-24 09:25:00,ATM+2,CE,1060.0,1044.5,1.15,1.2,0.5,1.1,23.412195,159000,3420000
2026-08-24 09:30:00,ATM+2,CE,1060.0,1044.1,1.0,1.1,1.0,1.1,23.864332,261000,3381000
2026-08-24 09:35:00,ATM+2,CE,1060.0,1043.8,1.0,1.1,1.0,1.0,23.482726,210000,3393750
2026-08-24 09:40:00,ATM+2,CE,1060.0,1044.4,1.0,1.0,0.9,1.0,22.898558,312750,3357750
2026-08-24 09:45:00,ATM+2,CE,1060.0,1044.0,1.05,1.05,0.9,0.95,22.970396,127500,3288000
2026-08-24 09:50:00,ATM+2,CE,1060.0,1044.5,0.95,1.0,0.9,1.0,22.861008,91500,3279000
2026-08-24 09:55:00,ATM+2,CE,1060.0,1044.5,0.95,1.0,0.95,1.0,22.894126,131250,3244500
2026-08-24 10:00:00,ATM+2,CE,1060.0,1044.3,1.0,1.05,0.95,0.95,22.76228,108750,3213750
2026-08-24 10:05:00,ATM+2,CE,1060.0,1043.6,1.0,1.0,0.95,0.95,23.513664,45750,3200250
2026-08-24 10:10:00,ATM+2,CE,1060.0,1043.7,0.95,0.95,0.9,0.9,23.058184,136500,3192000
2026-08-24 10:15:00,ATM+2,CE,1060.0,1043.4,0.95,0.95,0.9,0.9,23.39647,45000,3177750
2026-08-24 10:20:00,ATM+2,CE,1060.0,1043.8,0.9,0.9,0.8,0.85,22.627873,403500,3148500
2026-08-24 10:25:00,ATM+2,CE,1060.0,1042.6,0.85,0.9,0.8,0.85,23.866865,611250,3085500
2026-08-24 10:30:00,ATM+2,CE,1060.0,1042.5,0.8,0.85,0.75,0.75,23.150538,163500,3120000
2026-08-24 10:35:00,ATM+2,CE,1060.0,1041.1,0.75,0.75,0.7,0.7,24.088807,531000,3071250
2026-08-24 10:40:00,ATM+2,CE,1060.0,1041.0,0.75,0.75,0.7,0.7,24.220308,114750,3088500
2026-08-24 10:45:00,ATM+2,CE,1060.0,1040.9,0.75,0.75,0.65,0.65,23.873764,102000,3084750
2026-08-24 10:50:00,ATM+2,CE,1060.0,1040.7,0.65,0.65,0.6,0.65,24.098875,393750,3107250
2026-08-24 10:55:00,ATM+2,CE,1060.0,1040.0,0.7,0.7,0.65,0.65,24.797171,56250,3116250
2026-08-24 11:00:00,ATM+2,CE,1060.0,1040.0,0.65,0.65,0.6,0.6,24.325768,210750,3104250
2026-08-24 11:05:00,ATM+2,CE,1060.0,1037.0,0.6,0.6,0.5,0.55,26.570749,351750,3240000
2026-08-24 11:10:00,ATM+2,CE,1060.0,1036.7,0.55,0.6,0.55,0.55,26.88201,729750,2851500
2026-08-24 11:15:00,ATM+2,CE,1060.0,1035.9,0.5,0.55,0.5,0.5,27.035964,87750,2856750
2026-08-24 11:20:00,ATM+2,CE,1060.0,1036.0,0.55,0.55,0.5,0.5,26.987689,84750,2836500
2026-08-24 11:25:00,ATM+2,CE,1060.0,1036.0,0.55,0.55,0.5,0.5,27.028455,70500,2872500
2026-08-24 11:30:00,ATM+2,CE,1060.0,1035.1,0.5,1.25,0.5,0.5,27.871018,195750,2856000
2026-08-24 11:35:00,ATM+2,CE,1050.0,1034.0,1.15,1.15,1.05,1.1,25.113244,426000,4095000
2026-08-24 11:40:00,ATM+2,CE,1060.0,1035.4,1.1,1.1,0.45,0.45,27.03581,261750,2880750
2026-08-24 11:45:00,ATM+2,CE,1060.0,1036.1,0.5,0.6,0.45,0.55,27.715676,273000,2706750
2026-08-24 11:50:00,ATM+2,CE,1060.0,1035.2,0.55,0.6,0.55,0.55,28.5768,10500,2709750
2026-08-24 11:55:00,ATM+2,CE,1050.0,1034.8,1.35,1.4,1.3,1.3,25.813911,44250,4217250
2026-08-24 12:00:00,ATM+2,CE,1060.0,1035.4,1.25,1.3,0.55,0.6,29.079239,136500,2638500
2026-08-24 12:05:00,ATM+2,CE,1050.0,1034.7,1.3,1.4,1.3,1.3,26.008703,69000,4176750
2026-08-24 12:10:00,ATM+2,CE,1050.0,1034.9,1.35,1.35,1.3,1.3,25.819944,43500,4173000
2026-08-24 12:15:00,ATM+2,CE,1050.0,1034.3,1.3,1.3,1.2,1.25,26.192467,114750,4078500
2026-08-24 12:20:00,ATM+2,CE,1050.0,1035.0,1.2,1.25,1.2,1.25,25.435395,32250,4070250
2026-08-24 12:25:00,ATM+2,CE,1050.0,1034.6,1.2,1.25,1.2,1.25,25.933069,17250,4063500
2026-08-24 12:30:00,ATM+2,CE,1050.0,1034.9,1.25,1.3,0.55,1.2,25.273353,153000,4046250
2026-08-24 12:35:00,ATM+2,CE,1050.0,1034.6,0.55,1.2,0.5,1.1,24.918032,54750,4047000
2026-08-24 12:40:00,ATM+2,CE,1050.0,1034.0,1.1,1.1,1.05,1.1,25.62777,99000,4057500
2026-08-24 12:45:00,ATM+2,CE,1050.0,1034.3,1.1,1.15,1.1,1.15,25.708743,210750,4097250
2026-08-24 12:50:00,ATM+2,CE,1050.0,1033.3,1.1,1.15,1.0,1.05,26.097415,187500,4140750
2026-08-24 12:55:00,ATM+2,CE,1050.0,1034.0,1.0,1.1,1.0,1.05,25.365469,231000,4187250
2026-08-24 13:00:00,ATM+2,CE,1050.0,1033.1,1.05,1.05,0.9,0.9,25.172992,333000,4218750
2026-08-24 13:05:00,ATM+2,CE,1050.0,1033.9,0.9,1.1,0.85,1.1,25.946079,552000,4327500
2026-08-24 13:10:00,ATM+2,CE,1050.0,1033.9,1.2,1.2,1.1,1.2,26.745645,151500,4310250
2026-08-24 13:15:00,ATM+2,CE,1050.0,1034.8,1.2,1.3,1.2,1.3,26.477645,221250,4239000
2026-08-24 13:20:00,ATM+2,CE,1050.0,1033.9,1.3,1.3,1.1,1.1,26.07263,30000,4236750
2026-08-24 13:25:00,ATM+2,CE,1050.0,1033.7,1.1,1.15,1.05,1.1,26.340573,72000,4232250
2026-08-24 13:30:00,ATM+2,CE,1050.0,1033.7,1.1,1.15,1.0,1.0,25.591502,37500,4245000
2026-08-24 13:35:00,ATM+2,CE,1050.0,1034.0,1.05,1.15,1.0,1.15,26.471739,57750,4271250
2026-08-24 13:40:00,ATM+2,CE,1050.0,1033.7,1.15,1.2,1.05,1.05,26.076768,73500,4245000
2026-08-24 13:45:00,ATM+2,CE,1050.0,1033.6,1.1,1.15,1.05,1.1,26.627628,113250,4247250
2026-08-24 13:50:00,ATM+2,CE,1050.0,1033.5,1.05,1.1,1.05,1.05,26.388061,76500,4253250
2026-08-24 13:55:00,ATM+2,CE,1050.0,1033.0,1.05,1.05,0.95,1.0,26.583355,113250,4258500
2026-08-24 14:00:00,ATM+2,CE,1050.0,1034.2,1.0,1.2,1.0,1.1,26.076367,263250,4191750
2026-08-24 14:05:00,ATM+2,CE,1050.0,1033.9,1.15,1.15,1.05,1.1,26.46332,108750,4199250
2026-08-24 14:10:00,ATM+2,CE,1050.0,1033.4,1.1,1.1,1.0,1.05,26.677939,162000,4164000
2026-08-24 14:15:00,ATM+2,CE,1050.0,1033.3,1.0,1.05,0.95,0.95,26.008994,270000,4057500
2026-08-24 14:20:00,ATM+2,CE,1050.0,1033.8,0.95,1.05,0.95,1.05,26.313966,360750,4021500
2026-08-24 14:25:00,ATM+2,CE,1050.0,1034.8,0.95,1.1,0.55,1.05,25.213449,73500,3986250
2026-08-24 14:30:00,ATM+2,CE,1050.0,1034.5,1.1,1.1,0.9,0.9,24.379217,258000,4027500
2026-08-24 14:35:00,ATM+2,CE,1060.0,1035.5,0.9,1.0,0.5,0.5,29.19681,56250,2322000
2026-08-24 14:40:00,ATM+2,CE,1050.0,1035.0,0.55,1.0,0.5,1.0,24.715299,37500,3984750
2026-08-24 14:45:00,ATM+2,CE,1050.0,1034.8,0.5,1.0,0.5,0.9,24.167195,49500,3965250
2026-08-24 14:50:00,ATM+2,CE,1050.0,1035.0,0.9,0.95,0.85,0.85,23.560963,195750,3972000
2026-08-24 14:55:00,ATM+2,CE,1050.0,1034.9,0.5,0.85,0.45,0.7,22.379089,281250,3878250
2026-08-24 15:00:00,ATM+2,CE,1060.0,1036.2,0.4,0.45,0.4,0.4,27.372796,42000,2310750
2026-08-24 15:05:00,ATM+2,CE,1050.0,1035.0,0.7,0.8,0.35,0.65,21.877576,402750,3897750
2026-08-24 15:10:00,ATM+2,CE,1060.0,1036.1,0.35,0.4,0.35,0.4,27.560524,56250,2262000
2026-08-24 15:15:00,ATM+2,CE,1060.0,1036.1,0.4,0.4,0.35,0.4,27.608587,23250,2253000
2026-08-24 15:20:00,ATM+2,CE,1060.0,1036.1,0.4,0.4,0.4,0.4,27.656898,15750,2247750
2026-08-24 15:25:00,ATM+2,CE,1060.0,1039.5,0.4,0.4,0.35,0.35,23.790567,73500,2223000
2026-08-24 15:30:00,ATM+2,CE,1060.0,1039.5,0.35,0.35,0.3,0.35,23.83259,30000,2211750
2026-08-24 15:35:00,ATM+2,CE,1060.0,1039.5,0.35,0.35,0.2,0.2,21.294612,172500,2227500
2026-08-25 09:15:00,ATM+2,CE,1060.0,1036.9,0.35,0.45,0.15,0.2,46.136791,227250,2139750
2026-08-25 09:20:00,ATM+2,CE,1060.0,1038.6,0.15,0.25,0.15,0.25,45.521201,182250,2046000
2026-08-25 09:25:00,ATM+2,CE,1060.0,1038.5,0.3,0.3,0.25,0.25,46.003831,48750,2037000
2026-08-25 09:30:00,ATM+2,CE,1060.0,1039.6,0.3,0.5,0.25,0.4,49.066303,187500,1951500
2026-08-25 09:35:00,ATM+2,CE,1060.0,1036.7,0.35,0.4,0.25,0.25,49.808476,164250,1901250
2026-08-25 09:40:00,ATM+2,CE,1060.0,1036.0,0.25,0.3,0.25,0.3,53.275954,77250,1917750
2026-08-25 09:45:00,ATM+2,CE,1050.0,1034.6,0.25,0.5,0.25,0.5,43.032631,58500,3026250
2026-08-25 09:50:00,ATM+2,CE,1050.0,1034.7,0.5,0.5,0.35,0.4,40.767922,162750,2941500
2026-08-25 09:55:00,ATM+2,CE,1060.0,1037.1,0.35,0.4,0.25,0.3,52.412484,94500,1896000
2026-08-25 10:00:00,ATM+2,CE,1060.0,1038.3,0.3,0.45,0.25,0.45,55.236834,54000,1896000
2026-08-25 10:05:00,ATM+2,CE,1060.0,1037.2,0.45,0.5,0.4,0.4,56.353437,239250,1885500
2026-08-25 10:10:00,ATM+2,CE,1060.0,1037.0,0.35,0.4,0.3,0.35,55.557304,92250,1859250
2026-08-25 10:15:00,ATM+2,CE,1060.0,1035.3,0.4,0.4,0.3,0.3,57.453601,51750,1852500
2026-08-25 10:20:00,ATM+2,CE,1050.0,1034.8,0.3,0.8,0.3,0.65,48.248739,58500,3063000
2026-08-25 10:25:00,ATM+2,CE,1050.0,1034.0,0.7,0.7,0.6,0.6,49.399206,42000,3072000
2026-08-25 10:30:00,ATM+2,CE,1050.0,1034.2,0.65,0.65,0.6,0.65,50.443858,63000,3081000
2026-08-25 10:35:00,ATM+2,CE,1060.0,1035.4,0.6,0.7,0.25,0.25,57.071188,107250,1854000
2026-08-25 10:40:00,ATM+2,CE,1060.0,1037.1,0.25,0.3,0.25,0.25,54.27321,17250,1849500
2026-08-25 10:45:00,ATM+2,CE,1060.0,1039.5,0.25,0.35,0.25,0.35,53.671843,23250,1839750
2026-08-25 10:50:00,ATM+2,CE,1060.0,1042.1,0.3,0.5,0.3,0.4,50.169279,122250,1815000
2026-08-25 10:55:00,ATM+2,CE,1060.0,1040.1,0.4,0.45,0.35,0.35,53.355038,32250,1811250
2026-08-25 11:00:00,ATM+2,CE,1060.0,1038.6,0.35,0.35,0.35,0.35,57.037524,17250,1802250
2026-08-25 11:05:00,ATM+2,CE,1060.0,1037.5,0.35,0.35,0.3,0.3,58.012027,52500,1803000
2026-08-25 11:10:00,ATM+2,CE,1060.0,1039.0,0.3,0.35,0.3,0.35,57.242199,15000,1800000
2026-08-25 11:15:00,ATM+2,CE,1060.0,1038.5,0.35,0.35,0.3,0.3,56.993913,29250,1794000
2026-08-25 11:20:00,ATM+2,CE,1060.0,1039.2,0.3,0.3,0.3,0.3,56.041197,21750,1789500
2026-08-25 11:25:00,ATM+2,CE,1060.0,1040.5,0.3,0.35,0.3,0.35,55.579846,47250,1802250
2026-08-25 11:30:00,ATM+2,CE,1060.0,1040.0,0.35,0.35,0.3,0.3,55.408617,96000,1755750
2026-08-25 11:35:00,ATM+2,CE,1060.0,1040.1,0.35,0.35,0.3,0.3,55.761021,39000,1752000
2026-08-25 11:40:00,ATM+2,CE,1060.0,1040.3,0.3,0.3,0.25,0.3,55.900439,24750,1753500
2026-08-25 11:45:00,ATM+2,CE,1060.0,1039.9,0.3,0.3,0.3,0.3,57.422752,3750,1753500
2026-08-25 11:50:00,ATM+2,CE,1060.0,1040.8,0.3,0.35,0.3,0.35,57.885186,27000,1742250
2026-08-25 11:55:00,ATM+2,CE,1060.0,1042.5,0.3,0.4,0.3,0.35,54.429209,77250,1737750
2026-08-25 12:00:00,ATM+2,CE,1060.0,1043.9,0.35,0.4,0.3,0.4,53.256208,53250,1735500
2026-08-25 12:05:00,ATM+2,CE,1060.0,1042.2,0.35,0.4,0.3,0.3,54.559777,63000,1727250
2026-08-25 12:10:00,ATM+2,CE,1060.0,1042.5,0.25,0.35,0.25,0.35,56.393156,9000,1722750
2026-08-25 12:15:00,ATM+2,CE,1060.0,1041.6,0.35,0.35,0.2,0.2,52.819318,70500,1713750
2026-08-25 12:20:00,ATM+2,CE,1060.0,1040.7,0.25,0.25,0.15,0.2,55.622506,147000,1647000
2026-08-25 12:25:00,ATM+2,CE,1060.0,1040.6,0.15,0.2,0.15,0.15,53.641099,18000,1631250
2026-08-25 12:30:00,ATM+2,CE,1060.0,1040.7,0.2,0.2,0.1,0.15,54.130391,105000,1618500
2026-08-25 12:35:00,ATM+2,CE,1060.0,1040.8,0.15,0.15,0.1,0.1,50.958814,60750,1602000
2026-08-25 12:40:00,ATM+2,CE,1060.0,1041.9,0.1,0.15,0.1,0.15,52.775292,15750,1601250
2026-08-25 12:45:00,ATM+2,CE,1060.0,1041.0,0.1,0.15,0.1,0.1,51.978232,74250,1598250
2026-08-25 12:50:00,ATM+2,CE,1060.0,1041.0,0.15,0.15,0.1,0.1,52.762084,30000,1598250
2026-08-25 12:55:00,ATM+2,CE,1060.0,1041.0,0.1,0.1,0.1,0.1,53.582713,24000,1598250
2026-08-25 13:00:00,ATM+2,CE,1060.0,1040.0,0.15,0.15,0.05,0.1,56.859162,332250,1315500
2026-08-25 13:05:00,ATM+2,CE,1060.0,1039.9,0.1,0.1,0.1,0.1,58.046538,19500,1283250
2026-08-25 13:10:00,ATM+2,CE,1060.0,1038.3,0.1,0.1,0.05,0.1,63.01193,42750,1244250
2026-08-25 13:15:00,ATM+2,CE,1060.0,1037.9,0.1,0.1,0.05,0.1,65.135072,22500,1231500
2026-08-25 13:20:00,ATM+2,CE,1060.0,1037.3,0.05,0.1,0.05,0.1,67.865601,15000,1227000
2026-08-25 13:25:00,ATM+2,CE,1060.0,1038.5,0.1,0.1,0.05,0.05,59.541021,3000,1226250
2026-08-25 13:30:00,ATM+2,CE,1060.0,1038.3,0.05,0.1,0.05,0.1,67.876219,12000,1215000
2026-08-25 13:35:00,ATM+2,CE,1060.0,1039.3,0.1,0.1,0.1,0.1,66.554601,8250,1209000
2026-08-25 13:40:00,ATM+2,CE,1060.0,1038.9,0.1,0.1,0.05,0.05,62.284473,56250,1208250
2026-08-25 13:45:00,ATM+2,CE,1060.0,1038.2,0.1,0.1,0.05,0.05,65.525693,16500,1208250
2026-08-25 13:50:00,ATM+2,CE,1060.0,1041.8,0.1,0.15,0.05,0.15,68.487241,93750,1221000
2026-08-25 13:55:00,ATM+2,CE,1060.0,1040.8,0.2,0.2,0.15,0.15,73.361689,9750,1227750
2026-08-25 14:00:00,ATM+2,CE,1060.0,1040.7,0.15,0.2,0.1,0.2,79.756936,52500,1224000
2026-08-25 14:05:00,ATM+2,CE,1060.0,1039.5,0.2,0.2,0.1,0.15,81.666088,21750,1224000
2026-08-25 14:10:00,ATM+2,CE,1060.0,1039.2,0.15,0.15,0.15,0.15,85.060751,10500,1217250
2026-08-25 14:15:00,ATM+2,CE,1060.0,1040.3,0.15,0.2,0.15,0.15,83.804565,8250,1212000
2026-08-25 14:20:00,ATM+2,CE,1060.0,1041.1,0.2,0.2,0.15,0.15,83.629472,74250,1198500
2026-08-25 14:25:00,ATM+2,CE,1060.0,1042.8,0.15,0.15,0.15,0.15,80.082392,25500,1194750
2026-08-25 14:30:00,ATM+2,CE,1060.0,1043.6,0.15,0.25,0.1,0.2,84.494411,60750,1191750
2026-08-25 14:35:00,ATM+2,CE,1060.0,1044.1,0.3,0.3,0.15,0.2,85.779485,30000,1184250
2026-08-25 14:40:00,ATM+2,CE,1060.0,1043.9,0.2,0.25,0.2,0.2,90.505319,43500,1151250
2026-08-25 14:45:00,ATM+2,CE,1060.0,1043.3,0.25,0.25,0.15,0.2,97.775618,29250,1149000
2026-08-25 14:50:00,ATM+2,CE,1060.0,1042.9,0.15,0.25,0.15,0.25,109.958955,29250,1149000
2026-08-25 14:55:00,ATM+2,CE,1060.0,1043.7,0.4,0.4,0.15,0.2,107.207322,64500,1101000
2026-08-25 15:00:00,ATM+2,CE,1060.0,1043.5,0.2,0.35,0.2,0.2,115.748678,15750,1096500
2026-08-25 15:05:00,ATM+2,CE,1060.0,1043.5,0.2,0.2,0.1,0.1,110.019681,29250,1085250
2026-08-25 15:10:00,ATM+2,CE,1060.0,1044.0,0.1,0.35,0.1,0.15,0.0,23250,1085250
2026-08-25 15:15:00,ATM+2,CE,1060.0,1044.0,0.1,0.15,0.1,0.1,0.0,38250,1083750
2026-08-25 15:20:00,ATM+2,CE,1060.0,1044.0,0.1,0.1,0.05,0.05,0.0,21750,1081500
2026-08-25 15:25:00,ATM+2,CE,1070.0,1048.0,0.05,0.05,0.05,0.05,0.0,0,1681500
2026-08-25 15:30:00,ATM+2,CE,1070.0,1048.0,0.05,0.05,0.05,0.05,0.0,0,1680750
2026-08-25 15:35:00,ATM+2,CE,1070.0,1048.0,0.05,0.05,0.05,0.05,0.0,0,1680750
2026-08-20 09:15:00,ATM+2,PE,1070.0,1048.0,24.0,25.85,24.0,25.7,25.619435,24000,1429500
2026-08-20 09:20:00,ATM+2,PE,1070.0,1048.1,26.15,26.65,25.1,25.4,25.078971,30000,1430250
2026-08-20 09:25:00,ATM+2,PE,1070.0,1050.1,25.25,25.4,23.0,23.25,23.428275,29250,1426500
2026-08-20 09:30:00,ATM+2,PE,1070.0,1049.8,23.0,24.15,23.0,24.0,24.697703,21000,1425750
2026-08-20 09:35:00,ATM+2,PE,1070.0,1049.0,24.0,24.8,23.7,24.65,24.874641,39750,1407750
2026-08-20 09:40:00,ATM+2,PE,1070.0,1050.2,24.45,24.65,23.5,23.5,24.210188,15000,1407000
2026-08-20 09:45:00,ATM+2,PE,1070.0,1049.8,23.8,24.55,23.5,24.55,26.002167,6750,1404750
2026-08-20 09:50:00,ATM+2,PE,1070.0,1050.6,24.2,24.55,23.45,23.55,25.005721,14250,1401000
2026-08-20 09:55:00,ATM+2,PE,1070.0,1050.0,23.55,24.05,22.95,24.05,25.183398,13500,1399500
2026-08-20 10:00:00,ATM+2,PE,1070.0,1049.4,24.05,24.05,23.65,24.0,24.046389,7500,1395000
2026-08-20 10:05:00,ATM+2,PE,1070.0,1049.6,24.0,24.05,24.0,24.05,24.519517,3750,1394250
2026-08-20 10:10:00,ATM+2,PE,1070.0,1049.8,24.05,24.05,23.85,23.85,24.394099,3750,1392000
2026-08-20 10:15:00,ATM+2,PE,1070.0,1049.3,23.85,24.4,23.85,24.4,24.848827,4500,1390500
2026-08-20 10:20:00,ATM+2,PE,1070.0,1048.3,24.4,24.45,24.35,24.45,23.178041,13500,1388250
2026-08-20 10:25:00,ATM+2,PE,1070.0,1048.2,24.4,24.85,24.4,24.8,23.871001,31500,1382250
2026-08-20 10:30:00,ATM+2,PE,1070.0,1048.4,24.9,24.9,24.4,24.4,23.252025,6750,1381500
2026-08-20 10:35:00,ATM+2,PE,1070.0,1048.5,24.1,24.5,24.1,24.25,23.069616,6000,1378500
2026-08-20 10:40:00,ATM+2,PE,1070.0,1049.9,24.3,24.3,23.2,23.2,23.045215,15750,1377750
2026-08-20 10:45:00,ATM+2,PE,1070.0,1051.2,22.9,23.2,21.95,22.3,23.154746,17250,1375500
2026-08-20 10:50:00,ATM+2,PE,1070.0,1050.4,22.2,22.35,22.1,22.35,21.880118,9750,1374750
2026-08-20 10:55:00,ATM+2,PE,1070.0,1050.8,22.35,22.35,22.35,22.35,22.59775,5250,1375500
2026-08-20 11:00:00,ATM+2,PE,1070.0,1050.8,22.2,22.55,22.2,22.55,23.082144,2250,1374750
2026-08-20 11:05:00,ATM+2,PE,1070.0,1049.8,22.75,22.85,22.55,22.85,22.031954,6750,1374750
2026-08-20 11:10:00,ATM+2,PE,1070.0,1049.4,22.85,23.25,22.85,23.2,22.165743,9000,1370250
2026-08-20 11:15:00,ATM+2,PE,1070.0,1048.0,23.7,23.95,23.2,23.95,21.360062,3750,1369500
2026-08-20 11:20:00,ATM+2,PE,1070.0,1047.6,24.0,24.75,23.95,24.75,22.659674,23250,1368750
2026-08-20 11:25:00,ATM+2,PE,1070.0,1047.5,24.85,24.85,24.45,24.45,21.671482,6000,1364250
2026-08-20 11:30:00,ATM+2,PE,1070.0,1048.0,24.45,24.45,23.8,23.8,20.974204,4500,1363500
2026-08-20 11:35:00,ATM+2,PE,1070.0,1048.0,23.95,23.95,23.45,23.45,20.02408,2250,1363500
2026-08-20 11:40:00,ATM+2,PE,1070.0,1047.9,23.35,23.6,23.35,23.5,19.948119,2250,1363500
2026-08-20 11:45:00,ATM+2,PE,1070.0,1048.0,23.5,23.5,23.5,23.5,20.171381,0,1362750
2026-08-20 11:50:00,ATM+2,PE,1070.0,1046.8,23.2,23.55,23.2,23.55,17.42965,5250,1361250
2026-08-20 11:55:00,ATM+2,PE,1070.0,1047.0,24.15,24.15,23.55,24.15,19.770203,2250,1362000
2026-08-20 12:00:00,ATM+2,PE,1070.0,1046.9,24.15,24.15,23.85,23.85,18.64143,3000,1362000
2026-08-20 12:05:00,ATM+2,PE,1070.0,1047.0,23.85,23.85,23.85,23.85,18.892691,0,1362000
2026-08-20 12:10:00,ATM+2,PE,1070.0,1047.8,23.45,23.85,23.0,23.4,19.467998,5250,1362750
2026-08-20 12:15:00,ATM+2,PE,1070.0,1047.8,23.4,23.4,23.05,23.05,18.452387,1500,1362750
2026-08-20 12:20:00,ATM+2,PE,1070.0,1046.9,23.05,23.35,23.05,23.35,17.065715,1500,1362750
2026-08-20 12:25:00,ATM+2,PE,1070.0,1047.5,23.35,23.35,23.35,23.35,18.628343,0,1362750
2026-08-20 12:30:00,ATM+2,PE,1070.0,1047.0,23.6,23.7,23.35,23.7,18.455077,5250,1362000
2026-08-20 12:35:00,ATM+2,PE,1070.0,1047.6,23.7,23.7,23.7,23.7,19.890165,0,1361250
2026-08-20 12:40:00,ATM+2,PE,1070.0,1047.0,23.0,23.7,22.95,23.6,18.15196,7500,1361250
2026-08-20 12:45:00,ATM+2,PE,1070.0,1048.9,23.6,23.6,21.95,21.95,17.853401,6750,1354500
2026-08-20 12:50:00,ATM+2,PE,1070.0,1048.7,21.8,21.95,21.1,21.65,16.444695,25500,1354500
2026-08-20 12:55:00,ATM+2,PE,1070.0,1049.9,22.15,22.15,20.85,20.95,17.290272,9750,1357500
2026-08-20 13:00:00,ATM+2,PE,1070.0,1049.4,21.1,21.1,20.95,21.1,16.53479,750,1356000
2026-08-20 13:05:00,ATM+2,PE,1070.0,1049.0,21.35,21.35,21.1,21.35,16.290465,1500,1356750
2026-08-20 13:10:00,ATM+2,PE,1070.0,1049.7,21.6,21.6,21.25,21.25,17.704041,9750,1352250
2026-08-20 13:15:00,ATM+2,PE,1070.0,1049.5,21.45,21.45,21.25,21.4,17.678593,5250,1352250
2026-08-20 13:20:00,ATM+2,PE,1070.0,1049.7,21.4,21.4,21.35,21.35,17.997012,2250,1350750
2026-08-20 13:25:00,ATM+2,PE,1070.0,1050.0,21.35,21.6,20.85,20.85,17.253942,5250,1350000
2026-08-20 13:30:00,ATM+2,PE,1070.0,1050.2,20.85,21.0,20.55,20.65,17.142467,13500,1349250
2026-08-20 13:35:00,ATM+2,PE,1070.0,1049.4,20.5,21.0,20.5,21.0,16.246425,3750,1345500
2026-08-20 13:40:00,ATM+2,PE,1070.0,1049.7,21.0,21.75,21.0,21.25,17.726187,12750,1340250
2026-08-20 13:45:00,ATM+2,PE,1070.0,1050.3,21.25,21.25,20.7,20.75,17.665828,3750,1339500
2026-08-20 13:50:00,ATM+2,PE,1070.0,1050.0,20.75,21.15,20.65,21.15,18.127008,6750,1338750
2026-08-20 13:55:00,ATM+2,PE,1070.0,1049.8,21.45,21.45,21.15,21.3,18.107439,6750,1338000
2026-08-20 14:00:00,ATM+2,PE,1070.0,1049.4,21.35,21.8,21.3,21.7,18.345121,4500,1335750
2026-08-20 14:05:00,ATM+2,PE,1070.0,1048.5,22.25,22.9,21.7,22.9,19.725229,29250,1326000
2026-08-20 14:10:00,ATM+2,PE,1070.0,1048.1,22.9,23.2,22.8,23.2,19.68281,5250,1328250
2026-08-20 14:15:00,ATM+2,PE,1070.0,1048.2,23.2,23.65,23.1,23.35,20.330919,34500,1305000
2026-08-20 14:20:00,ATM+2,PE,1070.0,1048.3,23.35,23.35,23.35,23.35,20.552274,3000,1305000
2026-08-20 14:25:00,ATM+2,PE,1070.0,1048.2,23.55,23.55,23.0,23.05,19.494874,15750,1306500
2026-08-20 14:30:00,ATM+2,PE,1070.0,1047.9,23.35,23.35,23.05,23.25,19.385583,1500,1305750
2026-08-20 14:35:00,ATM+2,PE,1070.0,1048.3,23.65,23.65,23.25,23.65,21.383391,750,1305750
2026-08-20 14:40:00,ATM+2,PE,1070.0,1048.7,23.65,23.65,22.4,22.4,18.785015,5250,1307250
2026-08-20 14:45:00,ATM+2,PE,1070.0,1048.4,22.55,22.7,22.4,22.7,18.963302,1500,1305000
2026-08-20 14:50:00,ATM+2,PE,1070.0,1048.9,22.7,22.7,22.7,22.7,20.082687,0,1305000
2026-08-20 14:55:00,ATM+2,PE,1070.0,1049.7,22.7,22.7,22.7,22.7,21.715653,0,1305000
2026-08-20 15:00:00,ATM+2,PE,1070.0,1048.4,22.7,23.35,22.7,23.35,20.805659,4500,1303500
2026-08-20 15:05:00,ATM+2,PE,1070.0,1048.1,23.35,23.35,23.35,23.35,20.157796,0,1303500
2026-08-20 15:10:00,ATM+2,PE,1070.0,1047.5,23.35,23.95,22.9,23.05,17.824683,6750,1301250
2026-08-20 15:15:00,ATM+2,PE,1070.0,1047.5,23.05,23.55,23.05,23.3,18.607843,9000,1303500
2026-08-20 15:20:00,ATM+2,PE,1070.0,1047.5,23.7,24.35,23.3,23.95,20.527325,25500,1300500
2026-08-20 15:25:00,ATM+2,PE,1070.0,1048.0,24.5,24.5,23.95,24.5,23.084183,750,1301250
2026-08-20 15:30:00,ATM+2,PE,1070.0,1048.0,23.7,24.5,23.7,24.15,22.164025,3750,1297500
2026-08-20 15:35:00,ATM+2,PE,1070.0,1048.0,24.15,24.8,24.15,24.35,22.701524,11250,1290750
2026-08-21 09:15:00,ATM+2,PE,1070.0,1050.2,22.4,23.4,22.35,23.4,26.036486,17250,1287000
2026-08-21 09:20:00,ATM+2,PE,1070.0,1049.7,22.4,23.4,22.1,22.3,21.954972,22500,1275750
2026-08-21 09:25:00,ATM+2,PE,1070.0,1050.5,22.3,22.95,22.3,22.55,24.36209,34500,1255500
2026-08-21 09:30:00,ATM+2,PE,1070.0,1049.2,22.1,22.55,22.1,22.5,21.406454,7500,1251000
2026-08-21 09:35:00,ATM+2,PE,1070.0,1050.5,22.5,22.6,22.3,22.3,23.694407,24000,1237500
2026-08-21 09:40:00,ATM+2,PE,1070.0,1052.2,21.65,22.3,20.25,20.8,23.038944,88500,1207500
2026-08-21 09:45:00,ATM+2,PE,1070.0,1054.0,20.4,20.8,19.35,19.35,22.648489,42000,1199250
2026-08-21 09:50:00,ATM+2,PE,1070.0,1053.3,19.3,19.8,18.8,19.55,21.861908,38250,1198500
2026-08-21 09:55:00,ATM+2,PE,1070.0,1052.0,20.1,20.9,19.55,20.9,22.93624,18750,1200000
2026-08-21 10:00:00,ATM+2,PE,1070.0,1051.3,21.2,21.8,20.9,21.45,23.032868,8250,1195500
2026-08-21 10:05:00,ATM+2,PE,1070.0,1050.0,21.9,22.3,21.45,22.3,22.681647,13500,1196250
2026-08-21 10:10:00,ATM+2,PE,1070.0,1051.3,22.3,22.3,21.55,21.75,23.863586,15000,1197000
2026-08-21 10:15:00,ATM+2,PE,1070.0,1050.4,21.75,21.75,21.75,21.75,21.993675,0,1197000
2026-08-21 10:20:00,ATM+2,PE,1070.0,1050.7,21.75,22.65,21.75,22.3,24.170895,27000,1183500
2026-08-21 10:25:00,ATM+2,PE,1070.0,1050.1,22.35,22.9,21.75,22.85,24.465966,28500,1180500
2026-08-21 10:30:00,ATM+2,PE,1070.0,1049.7,22.85,22.85,22.35,22.35,22.195457,12750,1177500
2026-08-21 10:35:00,ATM+2,PE,1070.0,1049.3,23.0,23.45,22.35,23.4,24.343034,19500,1169250
2026-08-21 10:40:00,ATM+2,PE,1070.0,1049.4,23.2,23.4,22.6,22.7,22.55699,8250,1161750
2026-08-21 10:45:00,ATM+2,PE,1070.0,1049.4,22.8,23.0,22.7,23.0,23.435157,6750,1158750
2026-08-21 10:50:00,ATM+2,PE,1070.0,1050.3,23.0,23.5,21.85,22.15,22.96782,38250,1131000
2026-08-21 10:55:00,ATM+2,PE,1070.0,1049.8,22.0,22.15,21.9,22.0,21.422056,7500,1128750
2026-08-21 11:00:00,ATM+2,PE,1070.0,1049.0,21.95,23.25,21.95,23.25,23.294051,11250,1124250
2026-08-21 11:05:00,ATM+2,PE,1070.0,1048.5,23.25,23.85,22.95,23.15,21.830399,47250,1118250
2026-08-21 11:10:00,ATM+2,PE,1070.0,1049.1,23.15,23.15,23.15,23.15,23.241163,0,1113000
2026-08-21 11:15:00,ATM+2,PE,1070.0,1049.5,23.15,23.3,23.1,23.1,23.983784,3750,1111500
2026-08-21 11:20:00,ATM+2,PE,1070.0,1050.2,23.1,23.1,21.9,21.95,22.218655,16500,1109250
2026-08-21 11:25:00,ATM+2,PE,1070.0,1050.1,22.15,22.15,21.95,22.1,22.438724,4500,1108500
2026-08-21 11:30:00,ATM+2,PE,1070.0,1049.6,22.1,22.1,21.95,21.95,20.838752,16500,1096500
2026-08-21 11:35:00,ATM+2,PE,1070.0,1049.4,22.55,22.9,21.95,22.45,21.889826,59250,1077000
2026-08-21 11:40:00,ATM+2,PE,1070.0,1048.9,23.0,23.0,22.45,23.0,22.378809,1500,1077000
2026-08-21 11:45:00,ATM+2,PE,1070.0,1048.7,23.0,23.0,23.0,23.0,21.907337,0,1075500
2026-08-21 11:50:00,ATM+2,PE,1070.0,1048.6,23.3,23.45,22.85,22.85,21.197985,21000,1071000
2026-08-21 11:55:00,ATM+2,PE,1070.0,1046.8,22.85,24.95,22.85,24.5,21.860703,11250,1069500
2026-08-21 12:00:00,ATM+2,PE,1070.0,1046.9,24.6,25.1,24.5,25.1,24.032409,13500,1062000
2026-08-21 12:05:00,ATM+2,PE,1070.0,1046.8,25.0,25.1,24.75,25.05,23.64,7500,1061250
2026-08-21 12:10:00,ATM+2,PE,1070.0,1046.0,25.05,25.05,24.7,24.7,20.285204,11250,1059000
2026-08-21 12:15:00,ATM+2,PE,1070.0,1045.9,25.45,25.75,24.7,25.3,22.111489,15000,1050000
2026-08-21 12:20:00,ATM+2,PE,1070.0,1046.8,25.3,25.3,25.3,25.3,24.436243,0,1048500
2026-08-21 12:25:00,ATM+2,PE,1070.0,1047.0,25.3,25.3,24.7,24.7,23.067278,2250,1047750
2026-08-21 12:30:00,ATM+2,PE,1070.0,1047.0,24.5,24.75,24.35,24.35,21.944946,30000,1032000
2026-08-21 12:35:00,ATM+2,PE,1070.0,1046.3,24.0,24.75,24.0,24.75,21.376185,8250,1032750
2026-08-21 12:40:00,ATM+2,PE,1070.0,1046.9,24.75,25.1,24.75,24.85,23.311803,8250,1029000
2026-08-21 12:45:00,ATM+2,PE,1070.0,1045.9,24.85,25.55,24.85,25.4,22.48896,9000,1027500
2026-08-21 12:50:00,ATM+2,PE,1070.0,1045.9,25.55,25.6,25.4,25.45,22.663532,17250,1023750
2026-08-21 12:55:00,ATM+2,PE,1070.0,1045.9,25.4,25.65,25.0,25.0,21.117661,12750,1020750
2026-08-21 13:00:00,ATM+2,PE,1070.0,1046.1,25.0,25.3,25.0,25.3,22.718128,6000,1016250
2026-08-21 13:05:00,ATM+2,PE,1070.0,1045.9,25.2,25.8,25.1,25.1,21.483443,54750,1010250
2026-08-21 13:10:00,ATM+2,PE,1070.0,1045.8,25.05,25.7,25.05,25.7,23.253068,11250,1014000
2026-08-21 13:15:00,ATM+2,PE,1070.0,1045.1,25.7,25.9,16.05,25.85,21.804556,10500,1005750
2026-08-21 13:20:00,ATM+2,PE,1070.0,1045.1,25.85,26.3,17.05,25.75,21.449106,12000,999000
2026-08-21 13:25:00,ATM+2,PE,1070.0,1045.4,16.8,25.85,16.8,25.85,22.684412,39750,999000
2026-08-21 13:30:00,ATM+2,PE,1060.0,1043.7,16.6,17.65,16.6,17.5,17.339294,12000,1068000
2026-08-21 13:35:00,ATM+2,PE,1060.0,1044.2,17.5,17.95,17.5,17.85,19.492543,3750,1068000
2026-08-21 13:40:00,ATM+2,PE,1060.0,1043.8,17.3,17.85,17.25,17.65,18.0375,7500,1071000
2026-08-21 13:45:00,ATM+2,PE,1060.0,1043.6,17.65,17.65,17.45,17.55,17.267251,7500,1067250
2026-08-21 13:50:00,ATM+2,PE,1060.0,1044.6,17.65,17.75,16.9,16.95,17.789887,27000,1056750
2026-08-21 13:55:00,ATM+2,PE,1060.0,1045.0,17.0,17.0,16.55,16.55,17.515183,5250,1055250
2026-08-21 14:00:00,ATM+2,PE,1060.0,1042.9,17.05,17.75,16.55,17.75,16.129817,22500,1056750
2026-08-21 14:05:00,ATM+2,PE,1060.0,1042.9,17.75,17.95,17.3,17.95,16.795555,16500,1055250
2026-08-21 14:10:00,ATM+2,PE,1060.0,1044.3,17.65,17.95,17.1,17.2,17.873083,14250,1045500
2026-08-21 14:15:00,ATM+2,PE,1060.0,1044.0,17.45,17.45,17.0,17.35,17.637275,18750,1041750
2026-08-21 14:20:00,ATM+2,PE,1060.0,1043.8,17.35,17.65,17.35,17.4,17.321593,8250,1038000
2026-08-21 14:25:00,ATM+2,PE,1060.0,1043.7,17.9,17.9,17.4,17.4,17.084124,11250,1034250
2026-08-21 14:30:00,ATM+2,PE,1060.0,1043.5,17.4,17.4,17.2,17.35,16.427817,8250,1028250
2026-08-21 14:35:00,ATM+2,PE,1060.0,1043.4,17.75,17.75,17.35,17.65,17.136937,7500,1026000
2026-08-21 14:40:00,ATM+2,PE,1060.0,1043.6,17.65,17.8,17.35,17.6,17.47661,9750,1025250
2026-08-21 14:45:00,ATM+2,PE,1060.0,1043.6,17.6,17.7,17.25,17.7,17.789454,9000,1020750
2026-08-21 14:50:00,ATM+2,PE,1060.0,1043.7,17.7,17.9,17.7,17.7,18.030911,6000,1012500
2026-08-21 14:55:00,ATM+2,PE,1060.0,1043.1,17.7,18.0,17.7,18.0,17.514081,2250,1012500
2026-08-21 15:00:00,ATM+2,PE,1060.0,1041.9,18.45,19.05,18.0,19.05,17.824068,54750,1005750
2026-08-21 15:05:00,ATM+2,PE,1060.0,1040.9,19.0,19.85,19.0,19.85,17.794718,25500,985500
2026-08-21 15:10:00,ATM+2,PE,1060.0,1041.0,19.9,20.4,19.85,20.0,18.583147,24750,974250
2026-08-21 15:15:00,ATM+2,PE,1060.0,1041.0,20.0,20.2,20.0,20.0,18.588466,12000,973500
2026-08-21 15:20:00,ATM+2,PE,1060.0,1041.0,20.0,20.1,20.0,20.0,18.59379,19500,964500
2026-08-21 15:25:00,ATM+2,PE,1070.0,1048.7,19.3,29.25,19.05,29.25,39.237189,12000,932250
2026-08-21 15:30:00,ATM+2,PE,1070.0,1048.7,28.6,29.25,27.7,28.0,36.077402,57000,937500
2026-08-21 15:35:00,ATM+2,PE,1070.0,1048.7,28.0,28.55,28.0,28.4,37.114599,5250,936750
2026-08-24 09:15:00,ATM+2,PE,1060.0,1044.7,26.35,27.8,16.5,17.05,29.436683,39000,945000
2026-08-24 09:20:00,ATM+2,PE,1060.0,1045.0,17.0,17.9,17.0,17.35,32.389458,28500,939000
2026-08-24 09:25:00,ATM+2,PE,1060.0,1044.5,17.0,27.5,15.9,16.65,26.162723,69000,927750
2026-08-24 09:30:00,ATM+2,PE,1060.0,1044.1,17.0,17.4,16.65,17.2,27.577487,29250,924750
2026-08-24 09:35:00,ATM+2,PE,1060.0,1043.8,17.2,17.7,16.95,17.7,29.171168,13500,924000
2026-08-24 09:40:00,ATM+2,PE,1060.0,1044.4,17.9,18.3,17.7,17.8,32.489498,16500,921750
2026-08-24 09:45:00,ATM+2,PE,1060.0,1044.0,17.4,18.3,17.4,18.25,33.296645,13500,919500
2026-08-24 09:50:00,ATM+2,PE,1060.0,1044.5,18.25,18.45,17.35,17.5,31.344738,31500,913500
2026-08-24 09:55:00,ATM+2,PE,1060.0,1044.5,17.3,18.0,17.3,18.0,34.108202,25500,916500
2026-08-24 10:00:00,ATM+2,PE,1060.0,1044.3,17.55,18.0,17.55,17.75,31.947517,4500,913500
2026-08-24 10:05:00,ATM+2,PE,1060.0,1043.6,17.75,17.9,17.65,17.9,29.618835,8250,911250
2026-08-24 10:10:00,ATM+2,PE,1060.0,1043.7,17.9,18.05,17.9,18.05,31.033646,3750,909000
2026-08-24 10:15:00,ATM+2,PE,1060.0,1043.4,18.0,18.45,18.0,18.3,31.132178,6750,909000
2026-08-24 10:20:00,ATM+2,PE,1060.0,1043.8,18.3,18.4,18.2,18.25,32.723498,11250,906000
2026-08-24 10:25:00,ATM+2,PE,1060.0,1042.6,18.25,19.15,18.25,19.15,32.454567,75750,903000
2026-08-24 10:30:00,ATM+2,PE,1060.0,1042.5,19.2,19.9,19.15,19.7,35.253369,29250,888750
2026-08-24 10:35:00,ATM+2,PE,1060.0,1041.1,20.0,20.8,19.7,20.8,35.215291,15750,888750
2026-08-24 10:40:00,ATM+2,PE,1060.0,1041.0,20.75,20.8,20.7,20.7,34.14542,22500,878250
2026-08-24 10:45:00,ATM+2,PE,1060.0,1040.9,20.7,21.0,20.7,21.0,35.543309,9000,880500
2026-08-24 10:50:00,ATM+2,PE,1060.0,1040.7,21.55,21.7,20.7,20.7,32.642333,13500,879750
2026-08-24 10:55:00,ATM+2,PE,1060.0,1040.0,20.85,21.1,20.7,21.1,31.38653,3000,876750
2026-08-24 11:00:00,ATM+2,PE,1060.0,1040.0,21.3,21.85,21.1,21.85,36.433897,3000,876000
2026-08-24 11:05:00,ATM+2,PE,1060.0,1037.0,22.05,24.55,21.85,24.55,37.940394,34500,864000
2026-08-24 11:10:00,ATM+2,PE,1060.0,1036.7,24.05,24.95,24.05,24.65,36.908513,18000,858750
2026-08-24 11:15:00,ATM+2,PE,1060.0,1035.9,25.3,25.7,24.65,25.7,39.616658,6750,855750
2026-08-24 11:20:00,ATM+2,PE,1060.0,1036.0,25.7,25.7,25.2,25.2,36.65123,10500,851250
2026-08-24 11:25:00,ATM+2,PE,1060.0,1036.0,25.3,25.6,24.35,24.35,29.222542,10500,845250
2026-08-24 11:30:00,ATM+2,PE,1060.0,1035.1,24.55,26.25,15.55,26.1,37.711589,25500,846000
2026-08-24 11:35:00,ATM+2,PE,1050.0,1034.0,17.1,17.1,16.55,16.9,26.10269,33000,2035500
2026-08-24 11:40:00,ATM+2,PE,1060.0,1035.4,16.5,26.45,16.5,26.1,39.726214,30750,834000
2026-08-24 11:45:00,ATM+2,PE,1060.0,1036.1,26.1,26.1,24.45,24.8,34.395692,20250,819750
2026-08-24 11:50:00,ATM+2,PE,1060.0,1035.2,24.8,25.45,24.8,25.45,33.160202,3750,819000
2026-08-24 11:55:00,ATM+2,PE,1050.0,1034.8,16.3,16.75,16.25,16.75,29.606008,8250,1998750
2026-08-24 12:00:00,ATM+2,PE,1060.0,1035.4,16.8,25.9,16.75,25.6,36.091426,20250,819000
2026-08-24 12:05:00,ATM+2,PE,1050.0,1034.7,16.6,16.9,16.5,16.7,28.864729,21750,1977000
2026-08-24 12:10:00,ATM+2,PE,1050.0,1034.9,16.7,17.0,16.7,16.85,30.824874,24000,1978500
2026-08-24 12:15:00,ATM+2,PE,1050.0,1034.3,16.95,17.15,16.85,17.15,29.745736,7500,1975500
2026-08-24 12:20:00,ATM+2,PE,1050.0,1035.0,17.15,17.15,16.9,16.9,31.680206,22500,1970250
2026-08-24 12:25:00,ATM+2,PE,1050.0,1034.6,17.15,17.4,16.85,17.4,32.828021,8250,1966500
2026-08-24 12:30:00,ATM+2,PE,1050.0,1034.9,16.95,26.7,16.8,17.35,33.939919,12750,1962000
2026-08-24 12:35:00,ATM+2,PE,1050.0,1034.6,26.7,26.7,16.9,17.7,34.669946,11250,1968000
2026-08-24 12:40:00,ATM+2,PE,1050.0,1034.0,17.7,17.85,17.7,17.8,32.521613,18000,1965000
2026-08-24 12:45:00,ATM+2,PE,1050.0,1034.3,17.8,17.85,17.55,17.6,32.797459,20250,1954500
2026-08-24 12:50:00,ATM+2,PE,1050.0,1033.3,18.2,18.5,17.55,18.5,33.492443,53250,1933500
2026-08-24 12:55:00,ATM+2,PE,1050.0,1034.0,18.55,18.55,17.8,17.95,33.577266,20250,1937250
2026-08-24 13:00:00,ATM+2,PE,1050.0,1033.1,18.15,18.65,17.95,18.65,33.522277,13500,1938000
2026-08-24 13:05:00,ATM+2,PE,1050.0,1033.9,18.85,19.2,17.8,17.8,32.252462,63750,1941000
2026-08-24 13:10:00,ATM+2,PE,1050.0,1033.9,17.55,17.8,17.35,17.6,31.016908,63750,1931250
2026-08-24 13:15:00,ATM+2,PE,1050.0,1034.8,17.85,17.85,16.65,16.65,29.624025,53250,1929750
2026-08-24 13:20:00,ATM+2,PE,1050.0,1033.9,17.0,17.95,16.65,17.95,33.330586,9750,1921500
2026-08-24 13:25:00,ATM+2,PE,1050.0,1033.7,18.15,18.45,17.9,18.1,33.321125,24750,1912500
2026-08-24 13:30:00,ATM+2,PE,1050.0,1033.7,18.0,18.6,18.0,18.6,36.422137,12000,1908000
2026-08-24 13:35:00,ATM+2,PE,1050.0,1034.0,18.5,18.8,18.1,18.1,34.880541,25500,1902750
2026-08-24 13:40:00,ATM+2,PE,1050.0,1033.7,18.3,18.6,18.1,18.6,36.529729,15000,1895250
2026-08-24 13:45:00,ATM+2,PE,1050.0,1033.6,18.75,18.85,18.6,18.8,37.312374,17250,1886250
2026-08-24 13:50:00,ATM+2,PE,1050.0,1033.5,18.8,18.85,18.65,18.8,36.904699,20250,1878750
2026-08-24 13:55:00,ATM+2,PE,1050.0,1033.0,18.85,18.9,18.6,18.7,33.860258,15000,1876500
2026-08-24 14:00:00,ATM+2,PE,1050.0,1034.2,18.65,18.7,17.7,17.8,34.263839,17250,1866750
2026-08-24 14:05:00,ATM+2,PE,1050.0,1033.9,17.9,18.15,17.6,17.6,31.510066,23250,1860000
2026-08-24 14:10:00,ATM+2,PE,1050.0,1033.4,17.85,18.45,17.6,18.45,34.468542,31500,1850250
2026-08-24 14:15:00,ATM+2,PE,1050.0,1033.3,18.4,18.45,18.15,18.3,33.021926,9750,1846500
2026-08-24 14:20:00,ATM+2,PE,1050.0,1033.8,18.1,18.3,17.65,17.85,32.765992,18750,1846500
2026-08-24 14:25:00,ATM+2,PE,1050.0,1034.8,17.9,27.05,16.4,16.75,30.88452,16500,1839000
2026-08-24 14:30:00,ATM+2,PE,1050.0,1034.5,16.35,17.15,16.35,16.75,29.292189,35250,1826250
2026-08-24 14:35:00,ATM+2,PE,1060.0,1035.5,17.05,26.05,16.4,25.6,38.418962,16500,715500
2026-08-24 14:40:00,ATM+2,PE,1050.0,1035.0,25.9,25.9,16.0,16.2,28.411859,22500,1803750
2026-08-24 14:45:00,ATM+2,PE,1050.0,1034.8,26.0,26.0,16.15,16.3,27.993749,31500,1794000
2026-08-24 14:50:00,ATM+2,PE,1050.0,1035.0,16.5,16.5,16.1,16.1,27.790064,16500,1791750
2026-08-24 14:55:00,ATM+2,PE,1050.0,1034.9,25.7,25.7,15.95,16.1,27.228062,6750,1791750
2026-08-24 15:00:00,ATM+2,PE,1060.0,1036.2,26.15,26.15,25.0,25.1,39.557394,56250,710250
2026-08-24 15:05:00,ATM+2,PE,1050.0,1035.0,15.55,26.0,15.2,16.4,29.999959,17250,1800000
2026-08-24 15:10:00,ATM+2,PE,1060.0,1036.1,26.05,26.05,25.8,25.8,44.34608,4500,702750
2026-08-24 15:15:00,ATM+2,PE,1060.0,1036.1,25.8,25.8,25.8,25.8,44.415883,13500,696750
2026-08-24 15:20:00,ATM+2,PE,1060.0,1036.1,25.8,25.8,25.8,25.8,44.486058,0,696750
2026-08-24 15:25:00,ATM+2,PE,1060.0,1039.5,26.45,27.0,25.8,27.0,67.052112,12000,693000
2026-08-24 15:30:00,ATM+2,PE,1060.0,1039.5,26.8,27.25,26.8,27.25,68.482868,9750,685500
2026-08-24 15:35:00,ATM+2,PE,1060.0,1039.5,27.0,27.7,27.0,27.7,70.957738,18000,686250
2026-08-25 09:15:00,ATM+2,PE,1060.0,1036.9,20.65,27.5,16.75,25.65,91.516037,58500,682500
2026-08-25 09:20:00,ATM+2,PE,1060.0,1038.6,25.0,25.65,23.1,23.1,76.074868,64500,641250
2026-08-25 09:25:00,ATM+2,PE,1060.0,1038.5,23.1,23.1,23.1,23.1,75.310933,750,640500
2026-08-25 09:30:00,ATM+2,PE,1060.0,1039.6,23.1,23.1,21.5,21.5,65.210737,18000,637500
2026-08-25 09:35:00,ATM+2,PE,1060.0,1036.7,22.85,25.6,21.5,25.6,91.02888,5250,633750
2026-08-25 09:40:00,ATM+2,PE,1060.0,1036.0,25.6,26.0,25.6,26.0,89.03958,3000,633750
2026-08-25 09:45:00,ATM+2,PE,1050.0,1034.6,26.0,26.0,16.1,16.4,53.715607,3000,1674000
2026-08-25 09:50:00,ATM+2,PE,1050.0,1034.7,16.95,18.0,16.4,17.15,66.404873,15750,1665000
2026-08-25 09:55:00,ATM+2,PE,1060.0,1037.1,17.0,26.55,17.0,25.3,94.011842,9750,630750
2026-08-25 10:00:00,ATM+2,PE,1060.0,1038.3,25.3,26.0,24.0,24.0,90.094448,14250,627000
2026-08-25 10:05:00,ATM+2,PE,1060.0,1037.2,23.95,24.3,23.95,24.3,81.207691,7500,624750
2026-08-25 10:10:00,ATM+2,PE,1060.0,1037.0,24.3,25.6,24.3,24.85,88.048019,9000,615000
2026-08-25 10:15:00,ATM+2,PE,1060.0,1035.3,24.85,26.5,24.85,26.5,92.25479,15000,615750
2026-08-25 10:20:00,ATM+2,PE,1050.0,1034.8,26.5,26.5,16.95,17.55,76.00934,20250,1618500
2026-08-25 10:25:00,ATM+2,PE,1050.0,1034.0,17.55,17.8,17.45,17.45,65.924902,9750,1612500
2026-08-25 10:30:00,ATM+2,PE,1050.0,1034.2,17.4,17.75,17.1,17.4,68.227231,39750,1611000
2026-08-25 10:35:00,ATM+2,PE,1060.0,1035.4,17.4,27.25,16.7,27.25,108.523641,41250,615000
2026-08-25 10:40:00,ATM+2,PE,1060.0,1037.1,27.25,27.25,24.8,24.8,92.890534,9750,615000
2026-08-25 10:45:00,ATM+2,PE,1060.0,1039.5,24.8,24.8,22.7,22.7,91.774107,12000,615750
2026-08-25 10:50:00,ATM+2,PE,1060.0,1042.1,22.5,22.7,19.95,20.95,97.033306,39750,591750
2026-08-25 10:55:00,ATM+2,PE,1060.0,1040.1,20.2,22.2,20.0,22.2,93.163754,7500,591000
2026-08-25 11:00:00,ATM+2,PE,1060.0,1038.6,22.2,22.2,22.0,22.0,66.107935,750,591000
2026-08-25 11:05:00,ATM+2,PE,1060.0,1037.5,23.4,23.4,22.0,23.4,76.599291,750,591000
2026-08-25 11:10:00,ATM+2,PE,1060.0,1039.0,23.4,23.5,21.95,21.95,74.602437,3750,591000
2026-08-25 11:15:00,ATM+2,PE,1060.0,1038.5,21.95,22.6,21.95,22.6,79.802833,15000,588000
2026-08-25 11:20:00,ATM+2,PE,1060.0,1039.2,22.6,22.6,22.6,22.6,91.922858,0,588000
2026-08-25 11:25:00,ATM+2,PE,1060.0,1040.5,22.6,22.6,20.45,20.45,72.774089,2250,588000
2026-08-25 11:30:00,ATM+2,PE,1060.0,1040.0,20.35,20.55,19.9,20.55,65.056244,18750,573750
2026-08-25 11:35:00,ATM+2,PE,1060.0,1040.1,20.75,20.75,20.55,20.75,73.045429,2250,573750
2026-08-25 11:40:00,ATM+2,PE,1060.0,1040.3,20.75,20.75,20.05,20.05,59.469212,3000,573750
2026-08-25 11:45:00,ATM+2,PE,1060.0,1039.9,20.05,20.25,20.05,20.25,52.750152,3750,573750
2026-08-25 11:50:00,ATM+2,PE,1060.0,1040.8,20.25,20.5,20.0,20.0,72.249182,12000,573750
2026-08-25 11:55:00,ATM+2,PE,1060.0,1042.5,18.75,20.0,18.0,18.0,60.570166,8250,573750
2026-08-25 12:00:00,ATM+2,PE,1060.0,1043.9,18.0,18.0,17.15,17.15,70.557973,7500,573750
2026-08-25 12:05:00,ATM+2,PE,1060.0,1042.2,17.75,19.15,17.15,19.15,82.792776,24000,573750
2026-08-25 12:10:00,ATM+2,PE,1060.0,1042.5,19.15,19.15,17.55,17.55,43.485616,5250,573750
2026-08-25 12:15:00,ATM+2,PE,1060.0,1041.6,18.0,18.6,17.55,18.6,54.791336,3000,573750
2026-08-25 12:20:00,ATM+2,PE,1060.0,1040.7,18.45,18.6,18.45,18.45,0.0,750,573750
2026-08-25 12:25:00,ATM+2,PE,1060.0,1040.6,18.45,18.45,18.45,18.45,0.0,0,573750
2026-08-25 12:30:00,ATM+2,PE,1060.0,1040.7,19.1,19.9,18.45,19.9,74.079162,12750,573750
2026-08-25 12:35:00,ATM+2,PE,1060.0,1040.8,19.3,20.0,19.3,19.85,76.292653,3000,573000
2026-08-25 12:40:00,ATM+2,PE,1060.0,1041.9,19.85,20.2,19.8,19.8,99.048402,12750,573750
2026-08-25 12:45:00,ATM+2,PE,1060.0,1041.0,19.0,19.8,18.2,18.2,0.0,15750,573750
2026-08-25 12:50:00,ATM+2,PE,1060.0,1041.0,18.2,18.2,18.2,18.2,0.0,0,573750
2026-08-25 12:55:00,ATM+2,PE,1060.0,1041.0,18.2,18.2,18.2,18.2,0.0,0,573750
2026-08-25 13:00:00,ATM+2,PE,1060.0,1040.0,18.2,20.2,18.2,20.2,66.097277,3000,573000
2026-08-25 13:05:00,ATM+2,PE,1060.0,1039.9,20.0,20.2,20.0,20.0,0.0,4500,573750
2026-08-25 13:10:00,ATM+2,PE,1060.0,1038.3,20.0,20.0,20.0,20.0,0.0,750,573000
2026-08-25 13:15:00,ATM+2,PE,1060.0,1037.9,20.0,20.0,20.0,20.0,47.656694,0,573000
2026-08-25 13:20:00,ATM+2,PE,1060.0,1037.3,21.55,21.55,20.0,21.5,0.0,2250,573000
2026-08-25 13:25:00,ATM+2,PE,1060.0,1038.5,21.5,21.5,21.1,21.1,0.0,750,572250
2026-08-25 13:30:00,ATM+2,PE,1060.0,1038.3,21.1,21.1,21.05,21.05,0.0,750,572250
2026-08-25 13:35:00,ATM+2,PE,1060.0,1039.3,21.6,21.6,20.95,20.95,79.958761,3000,572250
2026-08-25 13:40:00,ATM+2,PE,1060.0,1038.9,20.95,20.95,20.7,20.7,0.0,31500,573000
2026-08-25 13:45:00,ATM+2,PE,1060.0,1038.2,20.7,20.9,20.7,20.9,0.0,6750,573000
2026-08-25 13:50:00,ATM+2,PE,1060.0,1041.8,20.9,20.9,18.15,18.15,0.0,20250,573000
2026-08-25 13:55:00,ATM+2,PE,1060.0,1040.8,18.1,18.15,18.1,18.1,0.0,750,570750
2026-08-25 14:00:00,ATM+2,PE,1060.0,1040.7,18.1,21.4,18.1,20.0,106.824725,4500,570750
2026-08-25 14:05:00,ATM+2,PE,1060.0,1039.5,20.0,20.05,20.0,20.05,0.0,750,570750
2026-08-25 14:10:00,ATM+2,PE,1060.0,1039.2,20.05,20.05,20.05,20.05,0.0,0,570750
2026-08-25 14:15:00,ATM+2,PE,1060.0,1040.3,20.05,20.45,19.5,19.5,0.0,2250,570000
2026-08-25 14:20:00,ATM+2,PE,1060.0,1041.1,19.1,19.65,18.4,19.65,120.431781,13500,571500
2026-08-25 14:25:00,ATM+2,PE,1060.0,1042.8,19.65,19.65,18.2,18.2,126.553095,7500,570000
2026-08-25 14:30:00,ATM+2,PE,1060.0,1043.6,17.1,18.2,16.0,17.95,146.933885,12750,568500
2026-08-25 14:35:00,ATM+2,PE,1060.0,1044.1,15.75,17.95,15.75,16.8,125.224224,6000,567000
2026-08-25 14:40:00,ATM+2,PE,1060.0,1043.9,16.9,16.9,15.8,15.8,0.0,5250,567000
2026-08-25 14:45:00,ATM+2,PE,1060.0,1043.3,15.8,16.85,15.8,16.5,0.0,7500,565500
2026-08-25 14:50:00,ATM+2,PE,1060.0,1042.9,16.5,16.5,16.2,16.3,0.0,10500,565500
2026-08-25 14:55:00,ATM+2,PE,1060.0,1043.7,16.3,16.45,16.3,16.35,86.41373,3750,565500
2026-08-25 15:00:00,ATM+2,PE,1060.0,1043.5,16.0,17.0,16.0,16.85,131.168986,4500,565500
2026-08-25 15:05:00,ATM+2,PE,1060.0,1043.5,16.85,16.85,14.05,14.05,0.0,14250,565500
2026-08-25 15:10:00,ATM+2,PE,1060.0,1044.0,14.05,14.8,14.05,14.45,0.0,1500,560250
2026-08-25 15:15:00,ATM+2,PE,1060.0,1044.0,14.45,16.1,14.45,16.1,0.0,750,560250
2026-08-25 15:20:00,ATM+2,PE,1060.0,1044.0,14.45,16.1,14.45,14.45,0.0,1500,560250
2026-08-25 15:25:00,ATM+2,PE,1070.0,1048.0,14.45,26.6,14.45,26.6,0.0,0,786750
2026-08-25 15:30:00,ATM+2,PE,1070.0,1048.0,26.6,26.6,22.0,22.0,0.0,1500,786750
2026-08-25 15:35:00,ATM+2,PE,1070.0,1048.0,22.0,22.0,22.0,22.0,0.0,0,786750
2026-08-20 09:15:00,ATM+3,CE,1080.0,1048.0,2.1,2.7,2.05,2.1,22.386331,303000,7951500
2026-08-20 09:20:00,ATM+3,CE,1080.0,1048.1,2.0,2.1,1.95,2.0,21.994409,286500,7932000
2026-08-20 09:25:00,ATM+3,CE,1080.0,1050.1,2.05,2.2,2.0,2.2,21.665343,212250,7884000
2026-08-20 09:30:00,ATM+3,CE,1080.0,1049.8,2.3,2.3,2.1,2.2,21.828096,217500,7897500
2026-08-20 09:35:00,ATM+3,CE,1080.0,1049.0,2.15,2.2,2.05,2.05,21.736947,96000,7889250
2026-08-20 09:40:00,ATM+3,CE,1080.0,1050.2,2.15,2.25,2.05,2.25,21.801748,70500,7897500
2026-08-20 09:45:00,ATM+3,CE,1080.0,1049.8,2.2,2.25,2.15,2.15,21.683886,99000,7891500
2026-08-20 09:50:00,ATM+3,CE,1080.0,1050.6,2.15,2.2,2.15,2.15,21.278672,42750,7889250
2026-08-20 09:55:00,ATM+3,CE,1080.0,1050.0,2.2,2.25,2.15,2.15,21.596179,80250,7893750
2026-08-20 10:00:00,ATM+3,CE,1080.0,1049.4,2.15,2.15,2.05,2.05,21.571724,69750,7902750
2026-08-20 10:05:00,ATM+3,CE,1080.0,1049.6,2.05,2.05,2.05,2.05,21.477319,27750,7894500
2026-08-20 10:10:00,ATM+3,CE,1080.0,1049.8,2.05,2.1,2.05,2.1,21.553314,51000,7897500
2026-08-20 10:15:00,ATM+3,CE,1080.0,1049.3,2.1,2.1,1.9,1.9,21.12104,112500,7870500
2026-08-20 10:20:00,ATM+3,CE,1080.0,1048.3,1.9,1.95,1.85,1.85,21.449964,129000,7868250
2026-08-20 10:25:00,ATM+3,CE,1080.0,1048.2,1.8,1.85,1.75,1.8,21.324511,240750,7847250
2026-08-20 10:30:00,ATM+3,CE,1080.0,1048.4,1.75,1.8,1.75,1.8,21.232804,123000,7848750
2026-08-20 10:35:00,ATM+3,CE,1080.0,1048.5,1.8,1.8,1.7,1.75,21.006354,186000,7842750
2026-08-20 10:40:00,ATM+3,CE,1080.0,1049.9,1.7,1.85,1.7,1.85,20.678652,170250,7833000
2026-08-20 10:45:00,ATM+3,CE,1080.0,1051.2,1.9,1.95,1.8,1.95,20.376017,139500,7836000
2026-08-20 10:50:00,ATM+3,CE,1080.0,1050.4,1.95,2.0,1.9,1.9,20.617479,79500,7812750
2026-08-20 10:55:00,ATM+3,CE,1080.0,1050.8,1.9,1.95,1.85,1.95,20.595199,33000,7806000
2026-08-20 11:00:00,ATM+3,CE,1080.0,1050.8,1.95,1.95,1.85,1.85,20.253787,40500,7803000
2026-08-20 11:05:00,ATM+3,CE,1080.0,1049.8,1.85,1.85,1.8,1.8,20.586547,74250,7800000
2026-08-20 11:10:00,ATM+3,CE,1080.0,1049.4,1.75,1.8,1.7,1.75,20.611788,93000,7790250
2026-08-20 11:15:00,ATM+3,CE,1080.0,1048.0,1.7,1.75,1.65,1.7,21.126034,46500,7776750
2026-08-20 11:20:00,ATM+3,CE,1080.0,1047.6,1.7,1.7,1.65,1.65,21.138952,75750,7794000
2026-08-20 11:25:00,ATM+3,CE,1080.0,1047.5,1.65,1.7,1.65,1.7,21.387198,120000,7767000
2026-08-20 11:30:00,ATM+3,CE,1080.0,1048.0,1.7,1.75,1.7,1.7,21.148762,153750,7713750
2026-08-20 11:35:00,ATM+3,CE,1080.0,1048.0,1.7,1.75,1.7,1.75,21.344767,4500,7713750
2026-08-20 11:40:00,ATM+3,CE,1080.0,1047.9,1.75,1.75,1.7,1.7,21.213248,27750,7709250
2026-08-20 11:45:00,ATM+3,CE,1080.0,1048.0,1.7,1.75,1.7,1.75,21.360104,21750,7694250
2026-08-20 11:50:00,ATM+3,CE,1080.0,1046.8,1.75,1.8,1.6,1.6,21.379502,66750,7671750
2026-08-20 11:55:00,ATM+3,CE,1080.0,1047.0,1.6,1.6,1.5,1.55,21.091653,369000,7623750
2026-08-20 12:00:00,ATM+3,CE,1080.0,1046.9,1.55,1.6,1.55,1.6,21.346262,69000,7584000
2026-08-20 12:05:00,ATM+3,CE,1080.0,1047.0,1.6,1.6,1.5,1.55,21.106835,15750,7581750
2026-08-20 12:10:00,ATM+3,CE,1080.0,1047.8,1.6,1.65,1.55,1.6,20.922933,41250,7557750
2026-08-20 12:15:00,ATM+3,CE,1080.0,1047.8,1.6,1.6,1.55,1.55,20.73402,12750,7557000
2026-08-20 12:20:00,ATM+3,CE,1080.0,1046.9,1.6,1.6,1.5,1.5,20.976493,27750,7550250
2026-08-20 12:25:00,ATM+3,CE,1080.0,1047.5,1.5,1.55,1.5,1.55,20.894768,66750,7571250
2026-08-20 12:30:00,ATM+3,CE,1080.0,1047.0,1.55,1.55,1.5,1.5,20.943453,89250,7534500
2026-08-20 12:35:00,ATM+3,CE,1080.0,1047.6,1.55,1.55,1.5,1.55,20.861275,72750,7509750
2026-08-20 12:40:00,ATM+3,CE,1080.0,1047.0,1.55,1.55,1.5,1.5,20.958598,18000,7496250
2026-08-20 12:45:00,ATM+3,CE,1080.0,1048.9,1.5,1.65,1.5,1.65,20.627554,129000,7431750
2026-08-20 12:50:00,ATM+3,CE,1080.0,1048.7,1.65,1.8,1.6,1.6,20.541873,179250,7374000
2026-08-20 12:55:00,ATM+3,CE,1080.0,1049.9,1.65,1.75,1.6,1.7,20.333031,105750,7366500
2026-08-20 13:00:00,ATM+3,CE,1080.0,1049.4,1.7,1.75,1.65,1.7,20.590258,92250,7377000
2026-08-20 13:05:00,ATM+3,CE,1080.0,1049.0,1.7,1.75,1.65,1.7,20.797232,81000,7314000
2026-08-20 13:10:00,ATM+3,CE,1080.0,1049.7,1.7,1.75,1.7,1.7,20.455333,73500,7328250
2026-08-20 13:15:00,ATM+3,CE,1080.0,1049.5,1.7,1.7,1.65,1.65,20.374743,10500,7326000
2026-08-20 13:20:00,ATM+3,CE,1080.0,1049.7,1.65,1.7,1.65,1.7,20.47026,22500,7317000
2026-08-20 13:25:00,ATM+3,CE,1080.0,1050.0,1.7,1.8,1.7,1.8,20.694944,61500,7310250
2026-08-20 13:30:00,ATM+3,CE,1080.0,1050.2,1.8,1.8,1.7,1.75,20.418826,55500,7305000
2026-08-20 13:35:00,ATM+3,CE,1080.0,1049.4,1.75,1.75,1.65,1.65,20.454293,45750,7278750
2026-08-20 13:40:00,ATM+3,CE,1080.0,1049.7,1.65,1.7,1.65,1.7,20.500205,184500,7247250
2026-08-20 13:45:00,ATM+3,CE,1080.0,1050.3,1.7,1.75,1.7,1.75,20.390731,22500,7245000
2026-08-20 13:50:00,ATM+3,CE,1080.0,1050.0,1.75,1.75,1.65,1.65,20.177473,55500,7239000
2026-08-20 13:55:00,ATM+3,CE,1080.0,1049.8,1.65,1.7,1.6,1.65,20.284769,47250,7239000
2026-08-20 14:00:00,ATM+3,CE,1080.0,1049.4,1.6,1.7,1.6,1.65,20.491771,36000,7217250
2026-08-20 14:05:00,ATM+3,CE,1080.0,1048.5,1.6,1.65,1.5,1.5,20.35862,79500,7221000
2026-08-20 14:10:00,ATM+3,CE,1080.0,1048.1,1.5,1.5,1.5,1.5,20.561279,17250,7222500
2026-08-20 14:15:00,ATM+3,CE,1080.0,1048.2,1.5,1.55,1.45,1.55,20.71968,111000,7213500
2026-08-20 14:20:00,ATM+3,CE,1080.0,1048.3,1.55,1.55,1.5,1.5,20.478747,67500,7188750
2026-08-20 14:25:00,ATM+3,CE,1080.0,1048.2,1.5,1.55,1.5,1.55,20.734891,41250,7185750
2026-08-20 14:30:00,ATM+3,CE,1080.0,1047.9,1.55,1.55,1.5,1.55,20.889771,32250,7181250
2026-08-20 14:35:00,ATM+3,CE,1080.0,1048.3,1.55,1.6,1.5,1.6,20.898047,43500,7185750
2026-08-20 14:40:00,ATM+3,CE,1080.0,1048.7,1.6,1.65,1.55,1.65,20.901365,8250,7182750
2026-08-20 14:45:00,ATM+3,CE,1080.0,1048.4,1.6,1.65,1.6,1.6,20.863956,55500,7190250
2026-08-20 14:50:00,ATM+3,CE,1080.0,1048.9,1.6,1.65,1.55,1.6,20.623829,93000,7208250
2026-08-20 14:55:00,ATM+3,CE,1080.0,1049.7,1.6,1.6,1.55,1.6,20.23357,69000,7213500
2026-08-20 15:00:00,ATM+3,CE,1080.0,1048.4,1.6,1.6,1.5,1.5,20.490164,97500,7209750
2026-08-20 15:05:00,ATM+3,CE,1080.0,1048.1,1.45,1.5,1.4,1.45,20.441241,110250,7212000
2026-08-20 15:10:00,ATM+3,CE,1080.0,1047.5,1.35,1.5,1.35,1.5,20.945582,155250,7134000
2026-08-20 15:15:00,ATM+3,CE,1080.0,1047.5,1.4,1.5,1.35,1.35,20.32848,125250,7072500
2026-08-20 15:20:00,ATM+3,CE,1080.0,1047.5,1.35,1.35,1.3,1.3,20.121201,93750,7083000
2026-08-20 15:25:00,ATM+3,CE,1080.0,1048.0,1.25,1.3,1.25,1.3,19.889925,115500,7075500
2026-08-20 15:30:00,ATM+3,CE,1080.0,1048.0,1.3,1.3,1.25,1.3,19.897295,194250,7058250
2026-08-20 15:35:00,ATM+3,CE,1080.0,1048.0,1.3,1.3,1.15,1.2,19.466841,180750,7040250
2026-08-21 09:15:00,ATM+3,CE,1080.0,1050.2,1.45,1.5,0.9,0.95,18.828874,453000,6994500
2026-08-21 09:20:00,ATM+3,CE,1080.0,1049.7,0.95,1.0,0.95,1.0,19.343526,252750,6949500
2026-08-21 09:25:00,ATM+3,CE,1080.0,1050.5,1.0,1.0,0.9,0.95,18.696205,195750,6875250
2026-08-21 09:30:00,ATM+3,CE,1080.0,1049.2,0.95,1.0,0.85,0.85,18.807075,192000,6852750
2026-08-21 09:35:00,ATM+3,CE,1080.0,1050.5,0.9,0.95,0.85,0.9,18.450604,248250,6688500
2026-08-21 09:40:00,ATM+3,CE,1080.0,1052.2,0.95,1.0,0.9,1.0,18.119778,264750,6642000
2026-08-21 09:45:00,ATM+3,CE,1080.0,1054.0,1.0,1.1,1.0,1.1,17.678876,172500,6660000
2026-08-21 09:50:00,ATM+3,CE,1080.0,1053.3,1.15,1.2,1.1,1.15,18.279125,335250,6575250
2026-08-21 09:55:00,ATM+3,CE,1080.0,1052.0,1.1,1.15,1.05,1.05,18.489116,369750,6641250
2026-08-21 10:00:00,ATM+3,CE,1080.0,1051.3,1.05,1.05,1.0,1.0,18.606618,125250,6637500
2026-08-21 10:05:00,ATM+3,CE,1080.0,1050.0,0.95,1.0,0.9,0.95,19.010481,184500,6557250
2026-08-21 10:10:00,ATM+3,CE,1080.0,1051.3,0.95,1.0,0.95,1.0,18.622902,191250,6603750
2026-08-21 10:15:00,ATM+3,CE,1080.0,1050.4,1.0,1.0,0.95,0.95,18.827759,21000,6605250
2026-08-21 10:20:00,ATM+3,CE,1080.0,1050.7,0.95,0.95,0.95,0.95,18.686189,30000,6586500
2026-08-21 10:25:00,ATM+3,CE,1080.0,1050.1,0.95,1.0,0.9,0.95,18.993902,84000,6561750
2026-08-21 10:30:00,ATM+3,CE,1080.0,1049.7,1.0,1.0,0.95,0.95,19.201531,74250,6541500
2026-08-21 10:35:00,ATM+3,CE,1080.0,1049.3,0.95,1.0,0.9,0.95,19.408975,159000,6537000
2026-08-21 10:40:00,ATM+3,CE,1080.0,1049.4,0.95,1.0,0.9,1.0,19.629466,34500,6529500
2026-08-21 10:45:00,ATM+3,CE,1080.0,1049.4,1.0,1.0,0.95,0.95,19.376225,53250,6497250
2026-08-21 10:50:00,ATM+3,CE,1080.0,1050.3,0.95,1.0,0.85,0.95,18.935657,195000,6456750
2026-08-21 10:55:00,ATM+3,CE,1080.0,1049.8,0.95,1.0,0.95,1.0,19.454193,10500,6443250
2026-08-21 11:00:00,ATM+3,CE,1080.0,1049.0,1.0,1.0,0.9,0.95,19.600947,114750,6408750
2026-08-21 11:05:00,ATM+3,CE,1080.0,1048.5,0.95,1.0,0.9,1.0,20.124195,194250,6453750
2026-08-21 11:10:00,ATM+3,CE,1080.0,1049.1,1.0,1.0,0.95,0.95,19.568386,25500,6450750
2026-08-21 11:15:00,ATM+3,CE,1080.0,1049.5,1.0,1.0,0.95,1.0,19.639598,52500,6447750
2026-08-21 11:20:00,ATM+3,CE,1080.0,1050.2,1.0,1.05,0.95,1.05,19.548661,40500,6417750
2026-08-21 11:25:00,ATM+3,CE,1080.0,1050.1,1.05,1.05,1.0,1.0,19.354227,182250,6370500
2026-08-21 11:30:00,ATM+3,CE,1080.0,1049.6,0.95,1.0,0.9,1.0,19.615192,165000,6411750
2026-08-21 11:35:00,ATM+3,CE,1080.0,1049.4,0.9,1.0,0.9,0.9,19.19236,173250,6403500
2026-08-21 11:40:00,ATM+3,CE,1080.0,1048.9,0.9,0.95,0.9,0.95,19.720077,22500,6462000
2026-08-21 11:45:00,ATM+3,CE,1080.0,1048.7,0.9,0.95,0.9,0.9,19.55593,11250,6464250
2026-08-21 11:50:00,ATM+3,CE,1080.0,1048.6,0.9,0.9,0.85,0.85,19.333656,43500,6456000
2026-08-21 11:55:00,ATM+3,CE,1080.0,1046.8,0.85,0.85,0.75,0.8,19.924375,337500,6387750
2026-08-21 12:00:00,ATM+3,CE,1080.0,1046.9,0.75,0.8,0.75,0.8,19.88496,163500,6408000
2026-08-21 12:05:00,ATM+3,CE,1080.0,1046.8,0.8,0.8,0.75,0.75,19.63583,39750,6384750
2026-08-21 12:10:00,ATM+3,CE,1080.0,1046.0,0.75,0.8,0.75,0.75,20.026153,32250,6381750
2026-08-21 12:15:00,ATM+3,CE,1080.0,1045.9,0.75,0.75,0.75,0.75,20.082666,124500,6382500
2026-08-21 12:20:00,ATM+3,CE,1080.0,1046.8,0.75,0.8,0.75,0.8,19.968539,63000,6375000
2026-08-21 12:25:00,ATM+3,CE,1080.0,1047.0,0.8,0.8,0.75,0.75,19.574991,18750,6370500
2026-08-21 12:30:00,ATM+3,CE,1080.0,1047.0,0.75,0.8,0.75,0.75,19.583693,21750,6366000
2026-08-21 12:35:00,ATM+3,CE,1080.0,1046.3,0.75,0.8,0.7,0.7,19.607597,109500,6340500
2026-08-21 12:40:00,ATM+3,CE,1080.0,1046.9,0.75,0.75,0.7,0.75,19.649053,24000,6334500
2026-08-21 12:45:00,ATM+3,CE,1080.0,1045.9,0.7,0.75,0.7,0.75,20.136225,14250,6333000
2026-08-21 12:50:00,ATM+3,CE,1080.0,1045.9,0.7,0.75,0.7,0.75,20.145191,25500,6330750
2026-08-21 12:55:00,ATM+3,CE,1080.0,1045.9,0.7,0.75,0.7,0.7,19.831859,9750,6322500
2026-08-21 13:00:00,ATM+3,CE,1080.0,1046.1,0.7,0.75,0.7,0.7,19.74605,11250,6313500
2026-08-21 13:05:00,ATM+3,CE,1080.0,1045.9,0.7,0.8,0.7,0.8,20.484277,184500,6291750
2026-08-21 13:10:00,ATM+3,CE,1080.0,1045.8,0.8,0.8,0.75,0.8,20.541752,6000,6261750
2026-08-21 13:15:00,ATM+3,CE,1080.0,1045.1,0.8,1.4,0.75,0.75,20.572638,162750,6238500
2026-08-21 13:20:00,ATM+3,CE,1080.0,1045.1,0.7,1.3,0.7,0.75,20.581834,32250,6258750
2026-08-21 13:25:00,ATM+3,CE,1080.0,1045.4,1.3,1.3,0.7,0.7,20.121952,15750,6264750
2026-08-21 13:30:00,ATM+3,CE,1070.0,1043.7,1.25,1.25,1.15,1.15,18.608505,168750,3762750
2026-08-21 13:35:00,ATM+3,CE,1070.0,1044.2,1.2,1.2,1.1,1.15,18.347796,184500,3759000
2026-08-21 13:40:00,ATM+3,CE,1070.0,1043.8,1.15,1.15,1.1,1.1,18.337275,90000,3730500
2026-08-21 13:45:00,ATM+3,CE,1070.0,1043.6,1.1,1.15,1.1,1.1,18.452395,54750,3735750
2026-08-21 13:50:00,ATM+3,CE,1070.0,1044.6,1.1,1.15,1.05,1.15,18.156689,93750,3713250
2026-08-21 13:55:00,ATM+3,CE,1070.0,1045.0,1.15,1.2,1.15,1.15,17.94821,35250,3730500
2026-08-21 14:00:00,ATM+3,CE,1070.0,1042.9,1.15,1.15,1.0,1.0,18.359715,193500,3716250
2026-08-21 14:05:00,ATM+3,CE,1070.0,1042.9,1.0,1.1,0.95,0.95,18.114343,144750,3708750
2026-08-21 14:10:00,ATM+3,CE,1070.0,1044.3,0.95,1.05,0.95,1.0,17.63968,158250,3681750
2026-08-21 14:15:00,ATM+3,CE,1070.0,1044.0,1.0,1.1,1.0,1.0,17.806174,66750,3686250
2026-08-21 14:20:00,ATM+3,CE,1070.0,1043.8,1.0,1.05,0.95,1.05,18.164511,48750,3687000
2026-08-21 14:25:00,ATM+3,CE,1070.0,1043.7,1.0,1.05,0.9,1.0,17.98077,143250,3641250
2026-08-21 14:30:00,ATM+3,CE,1070.0,1043.5,1.0,1.05,0.95,0.95,17.842814,92250,3617250
2026-08-21 14:35:00,ATM+3,CE,1070.0,1043.4,1.0,1.0,0.95,1.0,18.155415,54750,3619500
2026-08-21 14:40:00,ATM+3,CE,1070.0,1043.6,0.95,1.0,0.95,1.0,18.058275,69000,3619500
2026-08-21 14:45:00,ATM+3,CE,1070.0,1043.6,0.95,1.0,0.95,0.95,17.81506,193500,3605250
2026-08-21 14:50:00,ATM+3,CE,1070.0,1043.7,0.95,1.0,0.9,0.95,17.77088,49500,3626250
2026-08-21 14:55:00,ATM+3,CE,1070.0,1043.1,0.95,1.0,0.9,0.95,18.092968,95250,3648750
2026-08-21 15:00:00,ATM+3,CE,1070.0,1041.9,0.95,0.95,0.85,0.85,18.188397,271500,3640500
2026-08-21 15:05:00,ATM+3,CE,1070.0,1040.9,0.9,0.9,0.85,0.9,18.983041,199500,3576000
2026-08-21 15:10:00,ATM+3,CE,1070.0,1041.0,0.9,0.9,0.75,0.8,18.378958,255750,3521250
2026-08-21 15:15:00,ATM+3,CE,1070.0,1041.0,0.8,0.8,0.75,0.8,18.387403,163500,3399750
2026-08-21 15:20:00,ATM+3,CE,1070.0,1041.0,0.8,0.85,0.75,0.8,18.395854,160500,3459750
2026-08-21 15:25:00,ATM+3,CE,1080.0,1048.7,0.8,0.85,0.5,0.5,17.37664,85500,5751000
2026-08-21 15:30:00,ATM+3,CE,1080.0,1048.7,0.55,0.55,0.5,0.5,17.38463,204000,5707500
2026-08-21 15:35:00,ATM+3,CE,1080.0,1048.7,0.5,0.55,0.5,0.5,17.39263,93000,5684250
2026-08-24 09:15:00,ATM+3,CE,1070.0,1044.7,0.5,0.65,0.35,0.6,28.045991,327000,3428250
2026-08-24 09:20:00,ATM+3,CE,1070.0,1045.0,0.55,0.6,0.5,0.5,26.660741,495750,3375750
2026-08-24 09:25:00,ATM+3,CE,1070.0,1044.5,0.5,0.6,0.3,0.5,27.122285,99750,3319500
2026-08-24 09:30:00,ATM+3,CE,1070.0,1044.1,0.55,0.55,0.45,0.5,27.499512,134250,3291750
2026-08-24 09:35:00,ATM+3,CE,1070.0,1043.8,0.45,0.5,0.45,0.5,27.792574,123750,3234750
2026-08-24 09:40:00,ATM+3,CE,1070.0,1044.4,0.5,0.5,0.45,0.45,26.685642,129750,3232500
2026-08-24 09:45:00,ATM+3,CE,1070.0,1044.0,0.5,0.5,0.45,0.5,27.701966,33000,3210000
2026-08-24 09:50:00,ATM+3,CE,1070.0,1044.5,0.45,0.5,0.45,0.45,26.678018,32250,3189750
2026-08-24 09:55:00,ATM+3,CE,1070.0,1044.5,0.45,0.5,0.45,0.5,27.354949,57000,3186000
2026-08-24 10:00:00,ATM+3,CE,1070.0,1044.3,0.5,0.5,0.45,0.5,27.565213,16500,3183000
2026-08-24 10:05:00,ATM+3,CE,1070.0,1043.6,0.5,0.5,0.45,0.45,27.550313,10500,3182250
2026-08-24 10:10:00,ATM+3,CE,1070.0,1043.7,0.45,0.5,0.45,0.5,28.158131,24000,3166500
2026-08-24 10:15:00,ATM+3,CE,1070.0,1043.4,0.5,0.5,0.45,0.5,28.455371,33000,3152250
2026-08-24 10:20:00,ATM+3,CE,1070.0,1043.8,0.45,0.5,0.4,0.45,27.501621,187500,3147750
2026-08-24 10:25:00,ATM+3,CE,1070.0,1042.6,0.45,0.5,0.4,0.4,27.843079,370500,3103500
2026-08-24 10:30:00,ATM+3,CE,1070.0,1042.5,0.35,0.4,0.35,0.4,27.96647,115500,3177750
2026-08-24 10:35:00,ATM+3,CE,1070.0,1041.1,0.35,0.4,0.35,0.4,29.163567,22500,3178500
2026-08-24 10:40:00,ATM+3,CE,1070.0,1041.0,0.4,0.4,0.35,0.4,29.288818,73500,3138750
2026-08-24 10:45:00,ATM+3,CE,1070.0,1040.9,0.4,0.4,0.4,0.4,29.414465,97500,3138000
2026-08-24 10:50:00,ATM+3,CE,1070.0,1040.7,0.4,0.4,0.35,0.4,29.623088,391500,3039750
2026-08-24 10:55:00,ATM+3,CE,1070.0,1040.0,0.4,0.4,0.35,0.35,29.43904,48750,3039750
2026-08-24 11:00:00,ATM+3,CE,1070.0,1040.0,0.35,0.4,0.35,0.35,29.482742,14250,3042000
2026-08-24 11:05:00,ATM+3,CE,1070.0,1037.0,0.35,0.35,0.35,0.35,31.94966,82500,3057000
2026-08-24 11:10:00,ATM+3,CE,1070.0,1036.7,0.3,0.35,0.3,0.3,31.306665,48750,3050250
2026-08-24 11:15:00,ATM+3,CE,1070.0,1035.9,0.35,0.35,0.3,0.35,32.930274,34500,3037500
2026-08-24 11:20:00,ATM+3,CE,1070.0,1036.0,0.3,0.35,0.3,0.35,32.899122,36750,3032250
2026-08-24 11:25:00,ATM+3,CE,1070.0,1036.0,0.35,0.35,0.3,0.3,32.000868,50250,3013500
2026-08-24 11:30:00,ATM+3,CE,1070.0,1035.1,0.3,0.5,0.3,0.3,32.759757,64500,3018750
2026-08-24 11:35:00,ATM+3,CE,1060.0,1034.0,0.45,0.5,0.45,0.45,28.218746,29250,2849250
2026-08-24 11:40:00,ATM+3,CE,1070.0,1035.4,0.45,0.45,0.35,0.35,33.583456,198000,3024750
2026-08-24 11:45:00,ATM+3,CE,1070.0,1036.1,0.35,0.35,0.3,0.35,33.06733,32250,3000000
2026-08-24 11:50:00,ATM+3,CE,1070.0,1035.2,0.35,0.35,0.35,0.35,33.847819,2250,2994000
2026-08-24 11:55:00,ATM+3,CE,1060.0,1034.8,0.55,0.6,0.55,0.55,28.983852,16500,2709000
2026-08-24 12:00:00,ATM+3,CE,1070.0,1035.4,0.55,0.55,0.3,0.35,33.788943,46500,2983500
2026-08-24 12:05:00,ATM+3,CE,1060.0,1034.7,0.55,0.6,0.5,0.55,29.164267,15750,2628750
2026-08-24 12:10:00,ATM+3,CE,1060.0,1034.9,0.55,0.55,0.55,0.55,29.02724,2250,2627250
2026-08-24 12:15:00,ATM+3,CE,1060.0,1034.3,0.55,0.55,0.55,0.55,29.619265,2250,2625750
2026-08-24 12:20:00,ATM+3,CE,1060.0,1035.0,0.5,0.55,0.5,0.55,29.0262,15750,2623500
2026-08-24 12:25:00,ATM+3,CE,1060.0,1034.6,0.55,0.55,0.55,0.55,29.437693,24750,2604000
2026-08-24 12:30:00,ATM+3,CE,1060.0,1034.9,0.5,0.55,0.3,0.55,29.208901,40500,2586750
2026-08-24 12:35:00,ATM+3,CE,1060.0,1034.6,0.3,0.5,0.3,0.45,28.213804,22500,2589750
2026-08-24 12:40:00,ATM+3,CE,1060.0,1034.0,0.5,0.5,0.45,0.5,29.476729,97500,2574750
2026-08-24 12:45:00,ATM+3,CE,1060.0,1034.3,0.45,0.5,0.45,0.45,28.57062,45750,2558250
2026-08-24 12:50:00,ATM+3,CE,1060.0,1033.3,0.45,0.5,0.45,0.45,29.506613,100500,2556000
2026-08-24 12:55:00,ATM+3,CE,1060.0,1034.0,0.4,0.45,0.4,0.4,28.200908,290250,2688750
2026-08-24 13:00:00,ATM+3,CE,1060.0,1033.1,0.4,0.45,0.35,0.35,28.240431,290250,2645250
2026-08-24 13:05:00,ATM+3,CE,1060.0,1033.9,0.35,0.55,0.35,0.55,30.459791,1245750,2728500
2026-08-24 13:10:00,ATM+3,CE,1060.0,1033.9,0.55,0.55,0.5,0.5,29.850818,22500,2541750
2026-08-24 13:15:00,ATM+3,CE,1060.0,1034.8,0.5,0.55,0.5,0.55,29.723091,391500,2517000
2026-08-24 13:20:00,ATM+3,CE,1060.0,1033.9,0.55,0.55,0.5,0.5,29.947208,81750,2463000
2026-08-24 13:25:00,ATM+3,CE,1060.0,1033.7,0.5,0.5,0.45,0.5,30.178689,31500,2441250
2026-08-24 13:30:00,ATM+3,CE,1060.0,1033.7,0.45,0.5,0.45,0.5,30.227756,22500,2446500
2026-08-24 13:35:00,ATM+3,CE,1060.0,1034.0,0.5,0.55,0.5,0.5,30.001709,51750,2421750
2026-08-24 13:40:00,ATM+3,CE,1060.0,1033.7,0.5,0.55,0.5,0.5,30.32658,22500,2421000
2026-08-24 13:45:00,ATM+3,CE,1060.0,1033.6,0.5,0.55,0.45,0.5,30.46836,117750,2390250
2026-08-24 13:50:00,ATM+3,CE,1060.0,1033.5,0.5,0.5,0.45,0.45,29.903489,135000,2371500
2026-08-24 13:55:00,ATM+3,CE,1060.0,1033.0,0.5,0.5,0.45,0.45,30.406329,87000,2364750
2026-08-24 14:00:00,ATM+3,CE,1060.0,1034.2,0.5,0.6,0.45,0.55,30.728908,28500,2344500
2026-08-24 14:05:00,ATM+3,CE,1060.0,1033.9,0.55,0.55,0.55,0.55,31.062315,69750,2320500
2026-08-24 14:10:00,ATM+3,CE,1060.0,1033.4,0.6,0.6,0.5,0.5,30.906964,76500,2317500
2026-08-24 14:15:00,ATM+3,CE,1060.0,1033.3,0.5,0.55,0.5,0.55,31.731453,2250,2317500
2026-08-24 14:20:00,ATM+3,CE,1060.0,1033.8,0.5,0.55,0.5,0.55,31.312948,94500,2312250
2026-08-24 14:25:00,ATM+3,CE,1060.0,1034.8,0.5,0.6,0.35,0.6,31.049909,46500,2306250
2026-08-24 14:30:00,ATM+3,CE,1060.0,1034.5,0.6,0.6,0.5,0.55,30.754137,35250,2307750
2026-08-24 14:35:00,ATM+3,CE,1070.0,1035.5,0.55,0.55,0.4,0.4,36.368338,12000,2640750
2026-08-24 14:40:00,ATM+3,CE,1060.0,1035.0,0.4,0.5,0.4,0.5,29.718469,36000,2312250
2026-08-24 14:45:00,ATM+3,CE,1060.0,1034.8,0.4,0.55,0.4,0.55,30.624442,3750,2308500
2026-08-24 14:50:00,ATM+3,CE,1060.0,1035.0,0.55,0.55,0.45,0.5,29.820223,52500,2303250
2026-08-24 14:55:00,ATM+3,CE,1060.0,1034.9,0.35,0.45,0.3,0.4,28.520463,138000,2315250
2026-08-24 15:00:00,ATM+3,CE,1070.0,1036.2,0.35,0.35,0.3,0.35,35.131922,51750,2580750
2026-08-24 15:05:00,ATM+3,CE,1060.0,1035.0,0.4,0.4,0.25,0.4,28.527162,72000,2292000
2026-08-24 15:10:00,ATM+3,CE,1070.0,1036.1,0.3,0.3,0.3,0.3,34.323034,32250,2569500
2026-08-24 15:15:00,ATM+3,CE,1070.0,1036.1,0.3,0.35,0.3,0.3,34.382589,22500,2563500
2026-08-24 15:20:00,ATM+3,CE,1070.0,1036.1,0.3,0.3,0.3,0.3,34.442453,45000,2570250
2026-08-24 15:25:00,ATM+3,CE,1070.0,1039.5,0.3,0.3,0.25,0.25,30.532577,27750,2577000
2026-08-24 15:30:00,ATM+3,CE,1070.0,1039.5,0.25,0.25,0.2,0.2,29.395215,74250,2565000
2026-08-24 15:35:00,ATM+3,CE,1070.0,1039.5,0.25,0.25,0.2,0.2,29.447009,42750,2568000
2026-08-25 09:15:00,ATM+3,CE,1070.0,1036.9,0.2,0.2,0.1,0.15,58.926698,156750,2517000
2026-08-25 09:20:00,ATM+3,CE,1070.0,1038.6,0.15,0.2,0.15,0.2,59.483117,166500,2470500
2026-08-25 09:25:00,ATM+3,CE,1070.0,1038.5,0.2,0.2,0.15,0.2,60.046392,153750,2485500
2026-08-25 09:30:00,ATM+3,CE,1070.0,1039.6,0.2,0.25,0.2,0.25,61.045378,216750,2509500
2026-08-25 09:35:00,ATM+3,CE,1070.0,1036.7,0.25,0.25,0.15,0.15,60.861718,237750,2388750
2026-08-25 09:40:00,ATM+3,CE,1070.0,1036.0,0.2,0.25,0.15,0.2,65.404269,153000,2393250
2026-08-25 09:45:00,ATM+3,CE,1060.0,1034.6,0.2,0.3,0.15,0.25,54.23031,26250,1922250
2026-08-25 09:50:00,ATM+3,CE,1060.0,1034.7,0.25,0.3,0.2,0.2,52.237057,57000,1905000
2026-08-25 09:55:00,ATM+3,CE,1070.0,1037.1,0.25,0.25,0.15,0.15,61.986278,48000,2352750
2026-08-25 10:00:00,ATM+3,CE,1070.0,1038.3,0.2,0.3,0.15,0.3,68.257778,116250,2364750
2026-08-25 10:05:00,ATM+3,CE,1070.0,1037.2,0.4,0.4,0.25,0.25,68.425166,129750,2338500
2026-08-25 10:10:00,ATM+3,CE,1070.0,1037.0,0.25,0.3,0.25,0.3,71.653221,70500,2339250
2026-08-25 10:15:00,ATM+3,CE,1070.0,1035.3,0.25,0.3,0.2,0.2,70.103184,23250,2331000
2026-08-25 10:20:00,ATM+3,CE,1060.0,1034.8,0.2,0.3,0.2,0.3,58.862229,49500,1867500
2026-08-25 10:25:00,ATM+3,CE,1060.0,1034.0,0.3,0.35,0.25,0.35,62.79173,33750,1867500
2026-08-25 10:30:00,ATM+3,CE,1060.0,1034.2,0.3,0.35,0.25,0.25,58.863217,39750,1860000
2026-08-25 10:35:00,ATM+3,CE,1070.0,1035.4,0.25,0.3,0.15,0.15,68.921373,3750,2302500
2026-08-25 10:40:00,ATM+3,CE,1070.0,1037.1,0.15,0.2,0.15,0.2,69.795387,11250,2302500
2026-08-25 10:45:00,ATM+3,CE,1070.0,1039.5,0.2,0.2,0.2,0.2,66.031066,26250,2292750
2026-08-25 10:50:00,ATM+3,CE,1070.0,1042.1,0.25,0.3,0.2,0.25,64.35516,169500,2272500
2026-08-25 10:55:00,ATM+3,CE,1070.0,1040.1,0.25,0.3,0.2,0.25,68.773027,42750,2256750
2026-08-25 11:00:00,ATM+3,CE,1070.0,1038.6,0.25,0.25,0.2,0.2,69.498254,33000,2259750
2026-08-25 11:05:00,ATM+3,CE,1070.0,1037.5,0.2,0.25,0.2,0.2,72.212229,63750,2244750
2026-08-25 11:10:00,ATM+3,CE,1070.0,1039.0,0.2,0.25,0.2,0.25,72.860376,6000,2238000
2026-08-25 11:15:00,ATM+3,CE,1070.0,1038.5,0.3,0.3,0.2,0.25,74.549123,42750,2220000
2026-08-25 11:20:00,ATM+3,CE,1070.0,1039.2,0.25,0.25,0.2,0.25,73.878992,17250,2219250
2026-08-25 11:25:00,ATM+3,CE,1070.0,1040.5,0.25,0.25,0.2,0.2,69.16464,17250,2220000
2026-08-25 11:30:00,ATM+3,CE,1070.0,1040.0,0.25,0.25,0.2,0.2,70.863513,27000,2223000
2026-08-25 11:35:00,ATM+3,CE,1070.0,1040.1,0.2,0.2,0.15,0.2,71.398923,18750,2224500
2026-08-25 11:40:00,ATM+3,CE,1070.0,1040.3,0.2,0.2,0.2,0.2,71.750543,4500,2229000
2026-08-25 11:45:00,ATM+3,CE,1070.0,1039.9,0.2,0.2,0.2,0.2,73.349581,9750,2232750
2026-08-25 11:50:00,ATM+3,CE,1070.0,1040.8,0.15,0.2,0.15,0.15,68.855222,2250,2232000
2026-08-25 11:55:00,ATM+3,CE,1070.0,1042.5,0.2,0.3,0.15,0.3,74.969653,109500,2247000
2026-08-25 12:00:00,ATM+3,CE,1070.0,1043.9,0.3,0.3,0.25,0.3,72.667055,48750,2239500
2026-08-25 12:05:00,ATM+3,CE,1070.0,1042.2,0.25,0.3,0.25,0.25,74.781657,38250,2239500
2026-08-25 12:10:00,ATM+3,CE,1070.0,1042.5,0.25,0.25,0.2,0.2,72.028763,41250,2236500
2026-08-25 12:15:00,ATM+3,CE,1070.0,1041.6,0.2,0.25,0.15,0.15,71.336726,71250,2229750
2026-08-25 12:20:00,ATM+3,CE,1070.0,1040.7,0.2,0.2,0.1,0.1,69.618655,135750,2175000
2026-08-25 12:25:00,ATM+3,CE,1070.0,1040.6,0.1,0.15,0.1,0.1,70.739024,24750,2155500
2026-08-25 12:30:00,ATM+3,CE,1070.0,1040.7,0.1,0.1,0.1,0.1,71.479632,199500,2073000
2026-08-25 12:35:00,ATM+3,CE,1070.0,1040.8,0.1,0.15,0.05,0.1,72.253736,57000,2074500
2026-08-25 12:40:00,ATM+3,CE,1070.0,1041.9,0.1,0.1,0.1,0.1,70.889946,57750,2067750
2026-08-25 12:45:00,ATM+3,CE,1070.0,1041.0,0.1,0.1,0.1,0.1,73.912426,0,2052000
2026-08-25 12:50:00,ATM+3,CE,1070.0,1041.0,0.1,0.1,0.1,0.1,75.025963,12000,2043000
2026-08-25 12:55:00,ATM+3,CE,1070.0,1041.0,0.1,0.15,0.1,0.1,76.191757,42750,2020500
2026-08-25 13:00:00,ATM+3,CE,1070.0,1040.0,0.15,0.15,0.05,0.1,79.716826,204000,1989000
2026-08-25 13:05:00,ATM+3,CE,1070.0,1039.9,0.05,0.1,0.05,0.1,81.27088,59250,1926000
2026-08-25 13:10:00,ATM+3,CE,1070.0,1038.3,0.1,0.1,0.05,0.1,86.459081,13500,1911000
2026-08-25 13:15:00,ATM+3,CE,1070.0,1037.9,0.05,0.1,0.05,0.05,80.854893,6750,1904250
2026-08-25 13:20:00,ATM+3,CE,1070.0,1037.3,0.05,0.1,0.05,0.1,92.059601,750,1902750
2026-08-25 13:25:00,ATM+3,CE,1070.0,1038.5,0.1,0.1,0.05,0.05,82.519144,3750,1902000
2026-08-25 13:30:00,ATM+3,CE,1070.0,1038.3,0.1,0.1,0.05,0.1,93.129154,1500,1901250
2026-08-25 13:35:00,ATM+3,CE,1070.0,1039.3,0.1,0.1,0.1,0.1,92.445688,0,1901250
2026-08-25 13:40:00,ATM+3,CE,1070.0,1038.9,0.05,0.1,0.05,0.1,95.502455,3000,1898250
2026-08-25 13:45:00,ATM+3,CE,1070.0,1038.2,0.1,0.1,0.1,0.1,99.555875,0,1898250
2026-08-25 13:50:00,ATM+3,CE,1070.0,1041.8,0.1,0.15,0.1,0.15,97.920172,83250,1848000
2026-08-25 13:55:00,ATM+3,CE,1070.0,1040.8,0.1,0.15,0.1,0.15,103.357047,9750,1848000
2026-08-25 14:00:00,ATM+3,CE,1070.0,1040.7,0.15,0.15,0.15,0.15,106.353772,18750,1867500
2026-08-25 14:05:00,ATM+3,CE,1070.0,1039.5,0.15,0.15,0.1,0.1,0.0,53250,1851000
2026-08-25 14:10:00,ATM+3,CE,1070.0,1039.2,0.1,0.15,0.1,0.15,0.0,11250,1830750
2026-08-25 14:15:00,ATM+3,CE,1070.0,1040.3,0.15,0.15,0.1,0.1,0.0,3750,1830750
2026-08-25 14:20:00,ATM+3,CE,1070.0,1041.1,0.1,0.15,0.1,0.15,0.0,88500,1830000
2026-08-25 14:25:00,ATM+3,CE,1070.0,1042.8,0.15,0.15,0.1,0.1,0.0,6750,1888500
2026-08-25 14:30:00,ATM+3,CE,1070.0,1043.6,0.15,0.25,0.1,0.15,0.0,62250,1874250
2026-08-25 14:35:00,ATM+3,CE,1070.0,1044.1,0.2,0.2,0.1,0.1,0.0,23250,1858500
2026-08-25 14:40:00,ATM+3,CE,1070.0,1043.9,0.15,0.15,0.1,0.15,0.0,8250,1853250
2026-08-25 14:45:00,ATM+3,CE,1070.0,1043.3,0.15,0.2,0.15,0.15,0.0,34500,1851750
2026-08-25 14:50:00,ATM+3,CE,1070.0,1042.9,0.1,0.2,0.1,0.15,0.0,25500,1837500
2026-08-25 14:55:00,ATM+3,CE,1070.0,1043.7,0.2,0.2,0.15,0.2,0.0,24000,1829250
2026-08-25 15:00:00,ATM+3,CE,1070.0,1043.5,0.25,0.25,0.15,0.15,0.0,15000,1821000
2026-08-25 15:05:00,ATM+3,CE,1070.0,1043.5,0.1,0.15,0.1,0.15,0.0,21000,1800750
2026-08-25 15:10:00,ATM+3,CE,1070.0,1044.0,0.15,0.15,0.1,0.15,0.0,63750,1785000
2026-08-25 15:15:00,ATM+3,CE,1070.0,1044.0,0.15,0.15,0.1,0.1,0.0,21000,1788750
2026-08-25 15:20:00,ATM+3,CE,1070.0,1044.0,0.1,0.1,0.05,0.1,0.0,75750,1756500
2026-08-25 15:25:00,ATM+3,CE,1080.0,1048.0,0.05,0.1,0.05,0.05,0.0,260250,3174000
2026-08-25 15:30:00,ATM+3,CE,1080.0,1048.0,0.05,0.05,0.05,0.05,0.0,18750,3176250
2026-08-25 15:35:00,ATM+3,CE,1080.0,1048.0,0.05,0.05,0.05,0.05,0.0,4500,3180000
2026-08-20 09:15:00,ATM+3,PE,1080.0,1048.0,33.7,35.0,32.8,34.3,27.821383,9000,2613750
2026-08-20 09:20:00,ATM+3,PE,1080.0,1048.1,34.7,35.3,33.9,34.3,28.053683,20250,2597250
2026-08-20 09:25:00,ATM+3,PE,1080.0,1050.1,34.3,34.3,31.8,32.0,26.07533,39750,2577750
2026-08-20 09:30:00,ATM+3,PE,1080.0,1049.8,31.7,32.8,31.7,32.8,27.641335,18750,2574750
2026-08-20 09:35:00,ATM+3,PE,1080.0,1049.0,32.2,33.5,32.2,33.5,27.8369,7500,2569500
2026-08-20 09:40:00,ATM+3,PE,1080.0,1050.2,33.5,33.5,32.2,32.3,27.148806,13500,2564250
2026-08-20 09:45:00,ATM+3,PE,1080.0,1049.8,32.45,33.3,32.3,33.3,29.008196,7500,2561250
2026-08-20 09:50:00,ATM+3,PE,1080.0,1050.6,33.3,33.3,32.15,32.15,27.606747,4500,2557500
2026-08-20 09:55:00,ATM+3,PE,1080.0,1050.0,32.0,32.65,31.65,32.65,27.695589,18000,2554500
2026-08-20 10:00:00,ATM+3,PE,1080.0,1049.4,32.45,32.85,32.45,32.85,26.942468,7500,2551500
2026-08-20 10:05:00,ATM+3,PE,1080.0,1049.6,32.9,32.95,32.85,32.85,27.392827,3000,2550750
2026-08-20 10:10:00,ATM+3,PE,1080.0,1049.8,32.85,32.85,32.75,32.75,27.559608,1500,2551500
2026-08-20 10:15:00,ATM+3,PE,1080.0,1049.3,32.6,33.35,32.6,33.35,28.132692,6000,2550750
2026-08-20 10:20:00,ATM+3,PE,1080.0,1048.3,33.35,33.7,33.15,33.35,25.842252,9000,2547750
2026-08-20 10:25:00,ATM+3,PE,1080.0,1048.2,33.6,33.8,33.2,33.8,26.939634,10500,2544000
2026-08-20 10:30:00,ATM+3,PE,1080.0,1048.4,33.8,33.8,33.5,33.8,27.410943,3750,2542500
2026-08-20 10:35:00,ATM+3,PE,1080.0,1048.5,33.5,33.8,33.0,33.35,26.344825,21000,2538750
2026-08-20 10:40:00,ATM+3,PE,1080.0,1049.9,33.35,33.35,32.0,32.0,25.711004,19500,2535750
2026-08-20 10:45:00,ATM+3,PE,1080.0,1051.2,31.95,32.0,30.75,30.75,25.122919,15750,2532750
2026-08-20 10:50:00,ATM+3,PE,1080.0,1050.4,30.9,31.15,30.75,31.15,24.41738,7500,2531250
2026-08-20 10:55:00,ATM+3,PE,1080.0,1050.8,31.2,31.2,31.05,31.05,25.07629,19500,2531250
2026-08-20 11:00:00,ATM+3,PE,1080.0,1050.8,31.05,31.35,31.05,31.15,25.369055,6000,2524500
2026-08-20 11:05:00,ATM+3,PE,1080.0,1049.8,31.4,31.7,31.15,31.45,23.853584,6750,2522250
2026-08-20 11:10:00,ATM+3,PE,1080.0,1049.4,31.45,32.15,31.45,32.15,24.993909,3000,2524500
2026-08-20 11:15:00,ATM+3,PE,1080.0,1048.0,32.15,32.65,32.15,32.65,22.861279,3000,2525250
2026-08-20 11:20:00,ATM+3,PE,1080.0,1047.6,32.85,33.5,32.65,33.5,24.576787,13500,2523750
2026-08-20 11:25:00,ATM+3,PE,1080.0,1047.5,33.8,33.9,33.5,33.9,25.591076,1500,2523000
2026-08-20 11:30:00,ATM+3,PE,1080.0,1048.0,33.9,33.9,32.5,32.5,22.351226,3750,2522250
2026-08-20 11:35:00,ATM+3,PE,1080.0,1048.0,32.55,32.75,32.25,32.35,21.816651,7500,2517750
2026-08-20 11:40:00,ATM+3,PE,1080.0,1047.9,32.35,32.45,32.35,32.45,21.870904,1500,2517000
2026-08-20 11:45:00,ATM+3,PE,1080.0,1048.0,32.45,32.45,32.0,32.0,20.496019,2250,2517750
2026-08-20 11:50:00,ATM+3,PE,1080.0,1046.8,31.8,32.0,31.8,31.8,12.392533,750,2514750
2026-08-20 11:55:00,ATM+3,PE,1080.0,1047.0,31.8,32.6,31.8,32.6,19.2748,4500,2514750
2026-08-20 12:00:00,ATM+3,PE,1080.0,1046.9,32.6,32.6,32.6,32.6,18.853901,750,2514750
2026-08-20 12:05:00,ATM+3,PE,1080.0,1047.0,32.6,32.7,32.6,32.6,19.279292,1500,2513250
2026-08-20 12:10:00,ATM+3,PE,1080.0,1047.8,32.0,32.6,31.8,32.1,20.205466,3750,2510250
2026-08-20 12:15:00,ATM+3,PE,1080.0,1047.8,32.1,32.1,32.1,32.1,20.208556,0,2510250
2026-08-20 12:20:00,ATM+3,PE,1080.0,1046.9,32.1,32.45,31.9,32.45,18.113915,4500,2510250
2026-08-20 12:25:00,ATM+3,PE,1080.0,1047.5,32.45,32.45,32.45,32.45,20.562959,0,2510250
2026-08-20 12:30:00,ATM+3,PE,1080.0,1047.0,32.45,32.45,32.45,32.45,18.576948,0,2510250
2026-08-20 12:35:00,ATM+3,PE,1080.0,1047.6,32.45,32.45,31.9,31.9,18.550664,1500,2512500
2026-08-20 12:40:00,ATM+3,PE,1080.0,1047.0,31.9,31.9,31.8,31.8,14.503523,750,2512500
2026-08-20 12:45:00,ATM+3,PE,1080.0,1048.9,31.8,31.8,31.0,31.0,19.698749,4500,2510250
2026-08-20 12:50:00,ATM+3,PE,1080.0,1048.7,30.5,31.0,29.75,30.35,15.652316,20250,2505000
2026-08-20 12:55:00,ATM+3,PE,1080.0,1049.9,30.45,30.55,29.45,29.8,18.39675,13500,2499750
2026-08-20 13:00:00,ATM+3,PE,1080.0,1049.4,30.0,30.35,29.8,30.35,18.847758,8250,2492250
2026-08-20 13:05:00,ATM+3,PE,1080.0,1049.0,30.5,30.5,30.0,30.45,17.688255,4500,2489250
2026-08-20 13:10:00,ATM+3,PE,1080.0,1049.7,30.45,30.45,29.95,29.95,18.281894,5250,2487750
2026-08-20 13:15:00,ATM+3,PE,1080.0,1049.5,29.95,30.2,29.95,30.2,18.594743,3000,2486250
2026-08-20 13:20:00,ATM+3,PE,1080.0,1049.7,30.2,30.2,30.2,30.2,19.333256,0,2487000
2026-08-20 13:25:00,ATM+3,PE,1080.0,1050.0,30.3,30.3,29.4,29.4,17.001243,6000,2487750
2026-08-20 13:30:00,ATM+3,PE,1080.0,1050.2,29.4,30.05,29.3,29.3,17.384995,8250,2487750
2026-08-20 13:35:00,ATM+3,PE,1080.0,1049.4,29.25,29.3,29.25,29.3,12.585267,3750,2486250
2026-08-20 13:40:00,ATM+3,PE,1080.0,1049.7,29.3,30.55,29.3,29.8,17.617514,9000,2486250
2026-08-20 13:45:00,ATM+3,PE,1080.0,1050.3,29.8,29.8,29.5,29.5,18.650562,2250,2484000
2026-08-20 13:50:00,ATM+3,PE,1080.0,1050.0,29.5,29.65,29.4,29.65,18.158872,4500,2485500
2026-08-20 13:55:00,ATM+3,PE,1080.0,1049.8,30.1,30.2,29.65,30.2,19.703359,8250,2478750
2026-08-20 14:00:00,ATM+3,PE,1080.0,1049.4,30.1,30.7,30.1,30.7,20.292634,12750,2472750
2026-08-20 14:05:00,ATM+3,PE,1080.0,1048.5,30.7,31.9,30.45,31.9,21.871498,29250,2462250
2026-08-20 14:10:00,ATM+3,PE,1080.0,1048.1,32.1,32.1,31.9,32.1,21.329851,1500,2460750
2026-08-20 14:15:00,ATM+3,PE,1080.0,1048.2,32.1,32.1,32.0,32.0,21.283902,6000,2457000
2026-08-20 14:20:00,ATM+3,PE,1080.0,1048.3,32.0,32.0,32.0,32.0,21.616041,15750,2445750
2026-08-20 14:25:00,ATM+3,PE,1080.0,1048.2,32.0,32.0,31.75,31.75,20.303184,5250,2441250
2026-08-20 14:30:00,ATM+3,PE,1080.0,1047.9,31.75,31.75,31.75,31.75,19.159103,0,2441250
2026-08-20 14:35:00,ATM+3,PE,1080.0,1048.3,31.75,32.95,31.75,32.95,24.903339,13500,2436750
2026-08-20 14:40:00,ATM+3,PE,1080.0,1048.7,32.95,32.95,31.25,31.25,20.070069,5250,2432250
2026-08-20 14:45:00,ATM+3,PE,1080.0,1048.4,31.4,31.9,31.25,31.55,20.21915,20250,2427750
2026-08-20 14:50:00,ATM+3,PE,1080.0,1048.9,31.8,32.0,31.45,31.5,21.705855,14250,2424750
2026-08-20 14:55:00,ATM+3,PE,1080.0,1049.7,31.5,31.6,31.45,31.5,24.001671,5250,2427000
2026-08-20 15:00:00,ATM+3,PE,1080.0,1048.4,31.15,32.05,31.1,32.05,22.152444,16500,2434500
2026-08-20 15:05:00,ATM+3,PE,1080.0,1048.1,32.1,32.15,31.9,32.0,20.982563,9750,2441250
2026-08-20 15:10:00,ATM+3,PE,1080.0,1047.5,32.15,32.75,31.8,31.8,17.621973,12000,2447250
2026-08-20 15:15:00,ATM+3,PE,1080.0,1047.5,31.9,32.45,31.8,31.9,18.153052,5250,2449500
2026-08-20 15:20:00,ATM+3,PE,1080.0,1047.5,32.9,33.4,31.9,33.0,22.814305,15000,2451000
2026-08-20 15:25:00,ATM+3,PE,1080.0,1048.0,33.0,33.3,33.0,33.3,25.287041,1500,2450250
2026-08-20 15:30:00,ATM+3,PE,1080.0,1048.0,33.3,33.55,33.1,33.55,26.087045,3750,2449500
2026-08-20 15:35:00,ATM+3,PE,1080.0,1048.0,33.5,33.85,33.5,33.85,27.019427,4500,2448000
2026-08-21 09:15:00,ATM+3,PE,1080.0,1050.2,32.05,32.65,31.75,32.65,30.475151,12750,2444250
2026-08-21 09:20:00,ATM+3,PE,1080.0,1049.7,31.35,32.65,31.35,31.55,25.582579,24750,2431500
2026-08-21 09:25:00,ATM+3,PE,1080.0,1050.5,32.05,32.25,31.55,32.25,29.997271,7500,2427000
2026-08-21 09:30:00,ATM+3,PE,1080.0,1049.2,31.1,32.25,31.1,31.6,24.22607,27750,2421750
2026-08-21 09:35:00,ATM+3,PE,1080.0,1050.5,31.6,31.7,31.6,31.7,28.303698,3750,2419500
2026-08-21 09:40:00,ATM+3,PE,1080.0,1052.2,30.95,31.7,29.2,29.8,26.612411,37500,2406750
2026-08-21 09:45:00,ATM+3,PE,1080.0,1054.0,29.65,29.8,28.15,28.15,25.952795,43500,2391000
2026-08-21 09:50:00,ATM+3,PE,1080.0,1053.3,28.4,28.9,27.85,28.35,24.820452,41250,2382750
2026-08-21 09:55:00,ATM+3,PE,1080.0,1052.0,29.65,30.2,28.35,30.2,27.395015,13500,2380500
2026-08-21 10:00:00,ATM+3,PE,1080.0,1051.3,30.3,31.0,30.2,30.6,26.884079,27750,2367000
2026-08-21 10:05:00,ATM+3,PE,1080.0,1050.0,30.6,31.85,30.6,31.65,26.859357,15750,2361000
2026-08-21 10:10:00,ATM+3,PE,1080.0,1051.3,31.7,31.7,30.8,30.8,27.545188,4500,2358000
2026-08-21 10:15:00,ATM+3,PE,1080.0,1050.4,30.8,31.25,30.8,31.25,26.633068,3750,2355000
2026-08-21 10:20:00,ATM+3,PE,1080.0,1050.7,31.55,31.55,31.25,31.25,27.452284,13500,2346000
2026-08-21 10:25:00,ATM+3,PE,1080.0,1050.1,31.7,32.3,31.05,32.05,28.483442,26250,2338500
2026-08-21 10:30:00,ATM+3,PE,1080.0,1049.7,32.05,32.2,31.85,31.85,26.739446,11250,2329500
2026-08-21 10:35:00,ATM+3,PE,1080.0,1049.3,31.85,32.7,31.85,32.7,28.508902,10500,2323500
2026-08-21 10:40:00,ATM+3,PE,1080.0,1049.4,32.7,32.7,32.0,32.4,27.789353,6000,2323500
2026-08-21 10:45:00,ATM+3,PE,1080.0,1049.4,32.0,32.45,31.75,32.25,27.288565,15750,2316000
2026-08-21 10:50:00,ATM+3,PE,1080.0,1050.3,32.25,32.8,31.05,31.15,26.064956,49500,2301000
2026-08-21 10:55:00,ATM+3,PE,1080.0,1049.8,31.15,31.65,31.15,31.6,26.197407,3750,2301000
2026-08-21 11:00:00,ATM+3,PE,1080.0,1049.0,31.5,32.2,31.1,32.2,25.962413,7500,2298000
2026-08-21 11:05:00,ATM+3,PE,1080.0,1048.5,32.25,33.0,32.2,32.3,24.748072,26250,2281500
2026-08-21 11:10:00,ATM+3,PE,1080.0,1049.1,32.3,32.3,32.3,32.3,26.638288,0,2281500
2026-08-21 11:15:00,ATM+3,PE,1080.0,1049.5,32.3,32.3,32.3,32.3,27.788719,0,2281500
2026-08-21 11:20:00,ATM+3,PE,1080.0,1050.2,32.3,32.3,31.05,31.05,25.466158,2250,2280750
2026-08-21 11:25:00,ATM+3,PE,1080.0,1050.1,31.05,31.2,31.05,31.2,25.711452,1500,2278500
2026-08-21 11:30:00,ATM+3,PE,1080.0,1049.6,31.2,31.35,31.1,31.35,24.730261,9000,2277000
2026-08-21 11:35:00,ATM+3,PE,1080.0,1049.4,31.85,32.1,31.35,32.1,26.851868,5250,2276250
2026-08-21 11:40:00,ATM+3,PE,1080.0,1048.9,32.1,32.1,32.1,32.1,25.337676,0,2276250
2026-08-21 11:45:00,ATM+3,PE,1080.0,1048.7,32.1,32.1,32.05,32.05,24.492108,750,2275500
2026-08-21 11:50:00,ATM+3,PE,1080.0,1048.6,32.05,32.55,32.05,32.1,24.35598,3750,2274750
2026-08-21 11:55:00,ATM+3,PE,1080.0,1046.8,32.1,33.65,32.1,33.65,24.318145,4500,2271750
2026-08-21 12:00:00,ATM+3,PE,1080.0,1046.9,33.65,33.65,33.65,33.65,24.69794,0,2269500
2026-08-21 12:05:00,ATM+3,PE,1080.0,1046.8,33.65,34.4,33.65,34.4,27.349614,1500,2270250
2026-08-21 12:10:00,ATM+3,PE,1080.0,1046.0,34.4,34.4,34.15,34.15,23.402884,6000,2268000
2026-08-21 12:15:00,ATM+3,PE,1080.0,1045.9,34.8,34.8,34.15,34.8,25.901464,2250,2267250
2026-08-21 12:20:00,ATM+3,PE,1080.0,1046.8,34.8,34.8,33.85,33.85,25.199528,750,2267250
2026-08-21 12:25:00,ATM+3,PE,1080.0,1047.0,33.85,33.85,33.85,33.85,25.908801,0,2267250
2026-08-21 12:30:00,ATM+3,PE,1080.0,1047.0,34.3,34.3,33.85,34.25,27.46178,3000,2266500
2026-08-21 12:35:00,ATM+3,PE,1080.0,1046.3,34.25,34.25,33.5,33.5,21.498307,3750,2268000
2026-08-21 12:40:00,ATM+3,PE,1080.0,1046.9,33.5,33.5,33.5,33.5,24.101092,0,2268000
2026-08-21 12:45:00,ATM+3,PE,1080.0,1045.9,33.5,33.5,33.5,33.5,19.258589,0,2268000
2026-08-21 12:50:00,ATM+3,PE,1080.0,1045.9,33.5,35.05,33.5,35.05,26.971517,4500,2265750
2026-08-21 12:55:00,ATM+3,PE,1080.0,1045.9,35.05,35.2,34.65,35.15,27.374956,6750,2266500
2026-08-21 13:00:00,ATM+3,PE,1080.0,1046.1,33.95,35.15,33.95,34.4,25.001733,5250,2266500
2026-08-21 13:05:00,ATM+3,PE,1080.0,1045.9,34.55,35.0,34.25,34.25,23.5158,33000,2264250
2026-08-21 13:10:00,ATM+3,PE,1080.0,1045.8,34.25,34.25,34.25,34.25,23.084044,3750,2266500
2026-08-21 13:15:00,ATM+3,PE,1080.0,1045.1,34.25,34.7,25.7,34.7,22.132036,15000,2265750
2026-08-21 13:20:00,ATM+3,PE,1080.0,1045.1,34.7,35.7,25.75,35.7,26.861028,7500,2265000
2026-08-21 13:25:00,ATM+3,PE,1080.0,1045.4,25.75,35.25,25.75,35.25,26.06953,750,2256750
2026-08-21 13:30:00,ATM+3,PE,1070.0,1043.7,25.3,26.5,25.3,26.5,19.711904,4500,998250
2026-08-21 13:35:00,ATM+3,PE,1070.0,1044.2,26.5,26.7,26.35,26.35,20.865111,9750,999750
2026-08-21 13:40:00,ATM+3,PE,1070.0,1043.8,26.35,26.5,26.0,26.35,19.449239,5250,999000
2026-08-21 13:45:00,ATM+3,PE,1070.0,1043.6,26.35,26.35,26.0,26.35,18.661174,8250,999750
2026-08-21 13:50:00,ATM+3,PE,1070.0,1044.6,26.35,26.35,25.65,25.8,20.054562,18750,1000500
2026-08-21 13:55:00,ATM+3,PE,1070.0,1045.0,25.8,25.8,25.35,25.35,19.628556,3000,1003500
2026-08-21 14:00:00,ATM+3,PE,1070.0,1042.9,25.45,26.4,25.35,26.15,13.304927,12750,997500
2026-08-21 14:05:00,ATM+3,PE,1070.0,1042.9,26.7,26.7,26.15,26.7,17.260533,9000,987000
2026-08-21 14:10:00,ATM+3,PE,1070.0,1044.3,26.25,26.8,26.2,26.2,20.647964,4500,986250
2026-08-21 14:15:00,ATM+3,PE,1070.0,1044.0,26.2,26.4,26.0,26.4,20.42329,9000,986250
2026-08-21 14:20:00,ATM+3,PE,1070.0,1043.8,26.15,26.65,26.15,26.55,20.336581,6750,979500
2026-08-21 14:25:00,ATM+3,PE,1070.0,1043.7,26.8,26.8,26.2,26.2,18.40038,9000,974250
2026-08-21 14:30:00,ATM+3,PE,1070.0,1043.5,26.25,26.4,25.85,26.25,17.767099,14250,963750
2026-08-21 14:35:00,ATM+3,PE,1070.0,1043.4,26.4,26.6,26.25,26.55,18.806349,11250,958500
2026-08-21 14:40:00,ATM+3,PE,1070.0,1043.6,26.55,26.6,26.3,26.6,19.832051,7500,957750
2026-08-21 14:45:00,ATM+3,PE,1070.0,1043.6,26.2,26.85,26.05,26.85,20.888154,12750,951750
2026-08-21 14:50:00,ATM+3,PE,1070.0,1043.7,26.85,26.85,26.7,26.7,20.631228,2250,948750
2026-08-21 14:55:00,ATM+3,PE,1070.0,1043.1,26.7,27.2,26.7,27.15,20.342636,22500,942000
2026-08-21 15:00:00,ATM+3,PE,1070.0,1041.9,27.2,28.3,27.15,28.3,20.795382,51000,945000
2026-08-21 15:05:00,ATM+3,PE,1070.0,1040.9,28.15,29.0,28.15,29.0,19.917839,8250,947250
2026-08-21 15:10:00,ATM+3,PE,1070.0,1041.0,29.0,29.55,29.0,29.3,21.750319,16500,942000
2026-08-21 15:15:00,ATM+3,PE,1070.0,1041.0,29.3,29.45,28.95,29.2,21.307386,5250,940500
2026-08-21 15:20:00,ATM+3,PE,1070.0,1041.0,29.2,29.2,29.0,29.0,20.372464,3000,939000
2026-08-21 15:25:00,ATM+3,PE,1080.0,1048.7,28.7,38.35,28.3,38.35,44.416233,18750,2121000
2026-08-21 15:30:00,ATM+3,PE,1080.0,1048.7,38.1,38.35,37.8,37.8,42.934172,9750,2120250
2026-08-21 15:35:00,ATM+3,PE,1080.0,1048.7,37.95,38.4,37.8,38.4,44.586089,5250,2120250
2026-08-24 09:15:00,ATM+3,PE,1070.0,1044.7,35.0,35.35,26.0,26.25,34.646886,11250,885000
2026-08-24 09:20:00,ATM+3,PE,1070.0,1045.0,26.25,27.5,26.25,27.5,44.776884,9000,888000
2026-08-24 09:25:00,ATM+3,PE,1070.0,1044.5,27.5,37.1,25.1,26.1,31.979299,9000,868500
2026-08-24 09:30:00,ATM+3,PE,1070.0,1044.1,26.5,26.85,26.1,26.45,31.931184,18000,868500
2026-08-24 09:35:00,ATM+3,PE,1070.0,1043.8,27.1,27.1,26.35,27.05,34.886506,9000,870000
2026-08-24 09:40:00,ATM+3,PE,1070.0,1044.4,27.35,27.7,27.05,27.45,41.603471,19500,873000
2026-08-24 09:45:00,ATM+3,PE,1070.0,1044.0,26.8,27.6,26.8,27.6,40.403704,5250,873750
2026-08-24 09:50:00,ATM+3,PE,1070.0,1044.5,27.7,27.7,27.0,27.0,39.226891,12000,876750
2026-08-24 09:55:00,ATM+3,PE,1070.0,1044.5,26.9,27.25,26.8,27.0,39.275876,8250,872250
2026-08-24 10:00:00,ATM+3,PE,1070.0,1044.3,27.0,27.2,27.0,27.2,39.537693,3750,870750
2026-08-24 10:05:00,ATM+3,PE,1070.0,1043.6,27.2,27.2,27.15,27.15,34.474914,1500,869250
2026-08-24 10:10:00,ATM+3,PE,1070.0,1043.7,27.5,27.85,27.15,27.85,40.629621,3000,867750
2026-08-24 10:15:00,ATM+3,PE,1070.0,1043.4,27.6,27.85,27.6,27.8,38.426423,7500,864750
2026-08-24 10:20:00,ATM+3,PE,1070.0,1043.8,28.0,28.0,27.7,28.0,42.353173,9000,863250
2026-08-24 10:25:00,ATM+3,PE,1070.0,1042.6,27.95,29.0,27.95,29.0,42.317422,33750,859500
2026-08-24 10:30:00,ATM+3,PE,1070.0,1042.5,28.8,29.4,28.65,29.3,43.884018,12000,861000
2026-08-24 10:35:00,ATM+3,PE,1070.0,1041.1,29.1,30.35,29.1,30.35,42.916767,12750,863250
2026-08-24 10:40:00,ATM+3,PE,1070.0,1041.0,30.35,30.35,30.35,30.35,42.314099,0,861750
2026-08-24 10:45:00,ATM+3,PE,1070.0,1040.9,30.5,30.5,30.35,30.5,42.857028,7500,861750
2026-08-24 10:50:00,ATM+3,PE,1070.0,1040.7,31.5,31.5,30.5,30.5,41.548398,24750,861000
2026-08-24 10:55:00,ATM+3,PE,1070.0,1040.0,30.4,30.95,30.4,30.95,40.206204,3750,859500
2026-08-24 11:00:00,ATM+3,PE,1070.0,1040.0,30.95,31.85,30.95,31.85,47.31617,3750,858750
2026-08-24 11:05:00,ATM+3,PE,1070.0,1037.0,31.85,32.5,31.7,32.5,0.0,2250,857250
2026-08-24 11:10:00,ATM+3,PE,1070.0,1036.7,34.0,34.7,32.5,34.7,47.511733,3750,857250
2026-08-24 11:15:00,ATM+3,PE,1070.0,1035.9,35.25,35.45,34.7,35.45,47.984757,3000,855750
2026-08-24 11:20:00,ATM+3,PE,1070.0,1036.0,35.45,35.45,35.45,35.45,48.771074,0,855000
2026-08-24 11:25:00,ATM+3,PE,1070.0,1036.0,35.45,35.45,35.15,35.15,46.291608,2250,855000
2026-08-24 11:30:00,ATM+3,PE,1070.0,1035.1,34.65,35.85,25.45,35.85,45.41529,19500,854250
2026-08-24 11:35:00,ATM+3,PE,1060.0,1034.0,26.8,26.8,26.0,26.1,28.062677,22500,841500
2026-08-24 11:40:00,ATM+3,PE,1070.0,1035.4,26.1,36.1,26.1,36.1,50.068797,11250,837750
2026-08-24 11:45:00,ATM+3,PE,1070.0,1036.1,35.6,36.1,34.6,34.9,45.074297,13500,828000
2026-08-24 11:50:00,ATM+3,PE,1070.0,1035.2,34.9,34.9,34.9,34.9,35.392506,750,825750
2026-08-24 11:55:00,ATM+3,PE,1060.0,1034.8,25.45,25.7,25.45,25.7,32.14046,1500,819750
2026-08-24 12:00:00,ATM+3,PE,1070.0,1035.4,25.7,35.75,25.7,35.75,47.330866,0,825000
2026-08-24 12:05:00,ATM+3,PE,1060.0,1034.7,26.1,26.1,25.6,26.0,34.251955,2250,811500
2026-08-24 12:10:00,ATM+3,PE,1060.0,1034.9,26.15,26.15,26.0,26.15,37.126144,7500,809250
2026-08-24 12:15:00,ATM+3,PE,1060.0,1034.3,26.15,26.65,26.15,26.65,36.971174,3000,807750
2026-08-24 12:20:00,ATM+3,PE,1060.0,1035.0,26.65,26.65,26.45,26.45,40.236643,1500,807750
2026-08-24 12:25:00,ATM+3,PE,1060.0,1034.6,26.45,26.7,26.4,26.7,39.593546,3000,805500
2026-08-24 12:30:00,ATM+3,PE,1060.0,1034.9,26.7,36.5,26.7,26.7,41.564995,0,805500
2026-08-24 12:35:00,ATM+3,PE,1060.0,1034.6,36.5,36.5,26.15,26.95,41.595336,9750,802500
2026-08-24 12:40:00,ATM+3,PE,1060.0,1034.0,26.95,27.3,26.95,27.1,38.802296,9000,798750
2026-08-24 12:45:00,ATM+3,PE,1060.0,1034.3,27.05,27.4,27.0,27.4,43.151013,42000,782250
2026-08-24 12:50:00,ATM+3,PE,1060.0,1033.3,27.6,28.0,27.2,28.0,41.294629,8250,781500
2026-08-24 12:55:00,ATM+3,PE,1060.0,1034.0,27.95,28.0,27.45,27.45,41.750038,2250,780750
2026-08-24 13:00:00,ATM+3,PE,1060.0,1033.1,27.45,28.25,27.45,28.25,42.028522,5250,779250
2026-08-24 13:05:00,ATM+3,PE,1060.0,1033.9,28.3,28.85,26.95,26.95,37.004018,22500,781500
2026-08-24 13:10:00,ATM+3,PE,1060.0,1033.9,27.0,27.45,26.85,26.85,36.12984,16500,771000
2026-08-24 13:15:00,ATM+3,PE,1060.0,1034.8,26.85,27.35,26.2,26.35,38.722083,23250,762750
2026-08-24 13:20:00,ATM+3,PE,1060.0,1033.9,26.15,27.25,26.15,27.25,39.75878,3000,759000
2026-08-24 13:25:00,ATM+3,PE,1060.0,1033.7,27.55,27.65,27.25,27.65,41.659509,1500,759000
2026-08-24 13:30:00,ATM+3,PE,1060.0,1033.7,27.65,27.65,27.45,27.45,40.089221,1500,759000
2026-08-24 13:35:00,ATM+3,PE,1060.0,1034.0,27.45,28.4,27.45,28.4,49.037375,1500,759000
2026-08-24 13:40:00,ATM+3,PE,1060.0,1033.7,27.75,28.4,27.7,28.1,45.272622,2250,757500
2026-08-24 13:45:00,ATM+3,PE,1060.0,1033.6,28.3,28.3,28.1,28.25,45.822065,1500,756750
2026-08-24 13:50:00,ATM+3,PE,1060.0,1033.5,28.25,28.45,28.25,28.45,46.732632,750,756750
2026-08-24 13:55:00,ATM+3,PE,1060.0,1033.0,28.45,28.55,28.35,28.35,42.806707,6000,756000
2026-08-24 14:00:00,ATM+3,PE,1060.0,1034.2,28.35,28.45,27.3,27.4,43.462906,30000,743250
2026-08-24 14:05:00,ATM+3,PE,1060.0,1033.9,27.4,27.6,27.4,27.4,41.514679,19500,733500
2026-08-24 14:10:00,ATM+3,PE,1060.0,1033.4,27.4,27.75,27.4,27.75,40.882716,1500,728250
2026-08-24 14:15:00,ATM+3,PE,1060.0,1033.3,27.75,28.1,27.75,28.1,43.125237,5250,729000
2026-08-24 14:20:00,ATM+3,PE,1060.0,1033.8,27.9,28.1,27.2,27.45,41.399127,6750,728250
2026-08-24 14:25:00,ATM+3,PE,1060.0,1034.8,27.5,37.6,25.85,25.85,34.960327,18750,723750
2026-08-24 14:30:00,ATM+3,PE,1060.0,1034.5,25.85,26.7,25.85,26.2,35.818445,18750,717750
2026-08-24 14:35:00,ATM+3,PE,1070.0,1035.5,26.45,36.6,26.05,35.65,49.342567,6750,804000
2026-08-24 14:40:00,ATM+3,PE,1060.0,1035.0,35.5,36.1,25.5,25.5,33.339877,14250,710250
2026-08-24 14:45:00,ATM+3,PE,1060.0,1034.8,35.8,35.8,25.5,26.05,37.088945,7500,710250
2026-08-24 14:50:00,ATM+3,PE,1060.0,1035.0,26.05,26.05,25.7,25.7,35.495635,9000,707250
2026-08-24 14:55:00,ATM+3,PE,1060.0,1034.9,35.85,36.0,25.7,26.15,38.888416,3750,706500
2026-08-24 15:00:00,ATM+3,PE,1070.0,1036.2,35.85,35.85,35.0,35.75,55.906373,15750,801000
2026-08-24 15:05:00,ATM+3,PE,1060.0,1035.0,25.75,35.9,25.1,25.9,37.551983,8250,702000
2026-08-24 15:10:00,ATM+3,PE,1070.0,1036.1,35.85,35.85,35.85,35.85,56.198913,0,801000
2026-08-24 15:15:00,ATM+3,PE,1070.0,1036.1,35.85,36.2,35.85,36.2,59.033582,9750,801000
2026-08-24 15:20:00,ATM+3,PE,1070.0,1036.1,36.2,36.5,36.2,36.5,61.382471,7500,800250
2026-08-24 15:25:00,ATM+3,PE,1070.0,1039.5,36.25,36.6,36.25,36.6,79.234455,3000,800250
2026-08-24 15:30:00,ATM+3,PE,1070.0,1039.5,37.0,37.0,36.6,37.0,81.650383,7500,798750
2026-08-24 15:35:00,ATM+3,PE,1070.0,1039.5,37.0,37.65,37.0,37.65,85.445805,1500,798750
2026-08-25 09:15:00,ATM+3,PE,1070.0,1036.9,29.55,36.6,27.4,36.6,128.123194,7500,798000
2026-08-25 09:20:00,ATM+3,PE,1070.0,1038.6,38.15,38.15,35.05,35.5,132.453784,7500,798000
2026-08-25 09:25:00,ATM+3,PE,1070.0,1038.5,33.1,35.5,32.45,32.45,84.836275,2250,798000
2026-08-25 09:30:00,ATM+3,PE,1070.0,1039.6,33.05,33.05,32.0,32.3,100.546756,14250,798000
2026-08-25 09:35:00,ATM+3,PE,1070.0,1036.7,33.45,35.2,32.3,35.2,107.916959,11250,797250
2026-08-25 09:40:00,ATM+3,PE,1070.0,1036.0,35.85,36.55,35.2,36.1,113.655695,12000,795750
2026-08-25 09:45:00,ATM+3,PE,1060.0,1034.6,36.1,36.15,26.0,26.0,67.128345,8250,632250
2026-08-25 09:50:00,ATM+3,PE,1060.0,1034.7,26.0,26.0,26.0,26.0,69.777499,0,632250
2026-08-25 09:55:00,ATM+3,PE,1070.0,1037.1,26.6,37.0,26.0,35.5,121.517418,19500,795750
2026-08-25 10:00:00,ATM+3,PE,1070.0,1038.3,35.5,35.5,35.3,35.3,134.027954,3750,795000
2026-08-25 10:05:00,ATM+3,PE,1070.0,1037.2,33.5,35.3,33.5,33.5,86.232582,750,795000
2026-08-25 10:10:00,ATM+3,PE,1070.0,1037.0,33.5,35.2,33.5,35.2,117.947057,750,794250
2026-08-25 10:15:00,ATM+3,PE,1070.0,1035.3,35.2,35.2,35.2,35.2,85.440102,0,794250
2026-08-25 10:20:00,ATM+3,PE,1060.0,1034.8,36.3,36.3,26.5,27.35,99.945692,2250,616500
2026-08-25 10:25:00,ATM+3,PE,1060.0,1034.0,27.3,27.35,27.1,27.25,87.004082,5250,615000
2026-08-25 10:30:00,ATM+3,PE,1060.0,1034.2,27.25,27.25,27.25,27.25,91.041273,0,615000
2026-08-25 10:35:00,ATM+3,PE,1070.0,1035.4,27.25,36.45,27.25,36.45,120.318762,0,793500
2026-08-25 10:40:00,ATM+3,PE,1070.0,1037.1,36.45,36.45,35.25,35.25,126.074348,6000,793500
2026-08-25 10:45:00,ATM+3,PE,1070.0,1039.5,35.25,35.25,32.0,32.75,119.0325,7500,792750
2026-08-25 10:50:00,ATM+3,PE,1070.0,1042.1,32.0,32.75,29.75,29.75,106.077478,26250,792750
2026-08-25 10:55:00,ATM+3,PE,1070.0,1040.1,30.3,32.4,29.75,32.4,123.759964,8250,792750
2026-08-25 11:00:00,ATM+3,PE,1070.0,1038.6,31.5,32.8,31.5,32.8,108.123317,4500,792750
2026-08-25 11:05:00,ATM+3,PE,1070.0,1037.5,32.8,33.65,32.7,33.6,104.96795,8250,792750
2026-08-25 11:10:00,ATM+3,PE,1070.0,1039.0,33.65,33.65,33.2,33.2,124.919692,3750,792750
2026-08-25 11:15:00,ATM+3,PE,1070.0,1038.5,32.8,33.2,32.0,32.4,99.36354,6750,792000
2026-08-25 11:20:00,ATM+3,PE,1070.0,1039.2,32.6,32.6,31.05,31.05,76.517494,4500,792000
2026-08-25 11:25:00,ATM+3,PE,1070.0,1040.5,32.15,32.15,29.9,29.9,80.876366,13500,792750
2026-08-25 11:30:00,ATM+3,PE,1070.0,1040.0,30.2,30.95,29.9,30.95,99.887408,10500,790500
2026-08-25 11:35:00,ATM+3,PE,1070.0,1040.1,30.95,30.95,30.45,30.45,88.812323,7500,790500
2026-08-25 11:40:00,ATM+3,PE,1070.0,1040.3,30.3,30.45,30.15,30.15,85.681391,22500,790500
2026-08-25 11:45:00,ATM+3,PE,1070.0,1039.9,30.15,31.05,30.15,30.25,73.146134,7500,790500
2026-08-25 11:50:00,ATM+3,PE,1070.0,1040.8,30.25,30.25,30.25,30.25,104.679865,0,790500
2026-08-25 11:55:00,ATM+3,PE,1070.0,1042.5,29.45,30.25,27.45,27.45,0.0,16500,790500
2026-08-25 12:00:00,ATM+3,PE,1070.0,1043.9,27.55,27.55,27.15,27.2,99.767551,13500,791250
2026-08-25 12:05:00,ATM+3,PE,1070.0,1042.2,27.2,29.0,27.2,28.55,95.96695,18000,789750
2026-08-25 12:10:00,ATM+3,PE,1070.0,1042.5,28.55,28.7,27.6,27.85,81.967053,6000,789750
2026-08-25 12:15:00,ATM+3,PE,1070.0,1041.6,27.85,28.5,27.85,28.5,70.593932,8250,790500
2026-08-25 12:20:00,ATM+3,PE,1070.0,1040.7,28.4,28.5,28.4,28.4,0.0,750,790500
2026-08-25 12:25:00,ATM+3,PE,1070.0,1040.6,28.4,29.2,28.4,29.0,0.0,2250,790500
2026-08-25 12:30:00,ATM+3,PE,1070.0,1040.7,29.0,30.05,29.0,30.05,106.288897,5250,789750
2026-08-25 12:35:00,ATM+3,PE,1070.0,1040.8,30.25,30.25,29.7,29.8,102.124171,17250,789750
2026-08-25 12:40:00,ATM+3,PE,1070.0,1041.9,29.8,29.8,29.8,29.8,132.066171,0,789750
2026-08-25 12:45:00,ATM+3,PE,1070.0,1041.0,29.8,29.8,29.05,29.3,91.030369,1500,789750
2026-08-25 12:50:00,ATM+3,PE,1070.0,1041.0,28.85,29.65,28.65,28.65,0.0,2250,789750
2026-08-25 12:55:00,ATM+3,PE,1070.0,1041.0,28.65,30.25,28.65,29.6,107.589191,3000,789000
2026-08-25 13:00:00,ATM+3,PE,1070.0,1040.0,29.7,30.7,29.55,29.55,0.0,3750,789000
2026-08-25 13:05:00,ATM+3,PE,1070.0,1039.9,29.55,29.55,29.55,29.55,0.0,0,789000
2026-08-25 13:10:00,ATM+3,PE,1070.0,1038.3,29.55,29.55,29.55,29.55,0.0,0,789000
2026-08-25 13:15:00,ATM+3,PE,1070.0,1037.9,31.15,31.75,29.55,31.75,0.0,2250,789750
2026-08-25 13:20:00,ATM+3,PE,1070.0,1037.3,31.75,32.0,31.75,32.0,0.0,1500,789000
2026-08-25 13:25:00,ATM+3,PE,1070.0,1038.5,32.0,32.0,30.95,30.95,0.0,2250,789000
2026-08-25 13:30:00,ATM+3,PE,1070.0,1038.3,31.0,31.0,30.95,31.0,0.0,750,789000
2026-08-25 13:35:00,ATM+3,PE,1070.0,1039.3,31.0,31.0,31.0,31.0,112.87078,0,789000
2026-08-25 13:40:00,ATM+3,PE,1070.0,1038.9,31.0,31.1,31.0,31.1,79.14356,750,789000
2026-08-25 13:45:00,ATM+3,PE,1070.0,1038.2,30.9,31.1,30.9,30.9,0.0,750,789000
2026-08-25 13:50:00,ATM+3,PE,1070.0,1041.8,31.0,31.0,28.9,28.9,134.128034,9000,788250
2026-08-25 13:55:00,ATM+3,PE,1070.0,1040.8,28.0,28.9,28.0,28.8,0.0,2250,788250
2026-08-25 14:00:00,ATM+3,PE,1070.0,1040.7,28.8,30.3,28.8,30.25,0.0,6000,788250
2026-08-25 14:05:00,ATM+3,PE,1070.0,1039.5,29.5,30.25,29.5,30.2,0.0,2250,787500
2026-08-25 14:10:00,ATM+3,PE,1070.0,1039.2,30.2,30.2,29.35,29.5,0.0,1500,787500
2026-08-25 14:15:00,ATM+3,PE,1070.0,1040.3,29.5,29.5,29.15,29.15,0.0,3750,787500
2026-08-25 14:20:00,ATM+3,PE,1070.0,1041.1,29.15,29.55,28.0,29.55,0.0,71250,788250
2026-08-25 14:25:00,ATM+3,PE,1070.0,1042.8,29.55,29.55,29.55,29.55,0.0,0,788250
2026-08-25 14:30:00,ATM+3,PE,1070.0,1043.6,27.1,29.55,26.0,27.8,0.0,11250,789750
2026-08-25 14:35:00,ATM+3,PE,1070.0,1044.1,25.55,27.8,25.55,25.55,0.0,1500,789000
2026-08-25 14:40:00,ATM+3,PE,1070.0,1043.9,26.95,27.15,25.55,27.15,0.0,6750,788250
2026-08-25 14:45:00,ATM+3,PE,1070.0,1043.3,27.15,27.15,27.15,27.15,0.0,0,788250
2026-08-25 14:50:00,ATM+3,PE,1070.0,1042.9,27.15,27.15,26.0,26.0,0.0,6750,786000
2026-08-25 14:55:00,ATM+3,PE,1070.0,1043.7,26.0,26.0,26.0,26.0,0.0,1500,786000
2026-08-25 15:00:00,ATM+3,PE,1070.0,1043.5,26.05,26.9,26.0,26.9,0.0,2250,786000
2026-08-25 15:05:00,ATM+3,PE,1070.0,1043.5,26.9,26.9,26.9,26.9,0.0,0,786000
2026-08-25 15:10:00,ATM+3,PE,1070.0,1044.0,26.9,26.9,25.0,26.4,0.0,12000,786750
2026-08-25 15:15:00,ATM+3,PE,1070.0,1044.0,26.4,26.4,26.4,26.4,0.0,0,786750
2026-08-25 15:20:00,ATM+3,PE,1070.0,1044.0,25.85,26.4,25.85,25.85,0.0,750,786750
2026-08-25 15:25:00,ATM+3,PE,1080.0,1048.0,25.85,34.3,25.85,34.3,0.0,1500,1402500
2026-08-25 15:30:00,ATM+3,PE,1080.0,1048.0,34.3,38.55,34.3,38.55,0.0,3000,1403250
2026-08-25 15:35:00,ATM+3,PE,1080.0,1048.0,33.0,42.7,33.0,42.7,0.0,6000,1404000
