ts,offset,side,strike,spot,open,high,low,close,iv,volume,oi
2026-08-20 09:15:00,ATM-3,CE,260.0,275.2,17.0,17.0,17.0,17.0,50.137465,1825,474500
2026-08-20 09:20:00,ATM-3,CE,260.0,274.4,17.0,17.0,17.0,17.0,57.699795,0,474500
2026-08-20 09:25:00,ATM-3,CE,265.0,277.75,17.0,18.15,13.9,13.9,35.968521,1825,286525
2026-08-20 09:30:00,ATM-3,CE,265.0,279.3,14.9,15.4,13.9,15.2,34.707575,18250,290175
2026-08-20 09:35:00,ATM-3,CE,265.0,282.3,15.9,19.55,12.4,18.75,48.557263,91250,282875
2026-08-20 09:40:00,ATM-3,CE,270.0,284.2,18.75,18.75,14.25,16.45,51.441895,173375,1553075
2026-08-20 09:45:00,ATM-3,CE,265.0,281.2,15.65,20.25,15.65,18.85,61.026611,12775,277400
2026-08-20 09:50:00,ATM-3,CE,265.0,279.9,18.85,18.85,16.85,16.85,50.490336,12775,271925
2026-08-20 09:55:00,ATM-3,CE,265.0,280.7,16.8,16.85,16.8,16.8,40.544119,5475,268275
2026-08-20 10:00:00,ATM-3,CE,265.0,280.3,16.8,17.5,16.8,17.5,54.238109,1825,268275
2026-08-20 10:05:00,ATM-3,CE,265.0,279.5,17.5,17.5,17.5,17.5,61.140154,0,268275
2026-08-20 10:10:00,ATM-3,CE,265.0,280.45,16.5,17.5,16.5,17.3,50.45402,21900,271925
2026-08-20 10:15:00,ATM-3,CE,265.0,281.2,17.3,17.65,16.85,17.65,46.706104,5475,268275
2026-08-20 10:20:00,ATM-3,CE,265.0,281.0,17.65,17.65,17.65,17.65,49.035062,0,268275
2026-08-20 10:25:00,ATM-3,CE,265.0,281.15,17.4,17.7,17.4,17.7,48.015894,7300,268275
2026-08-20 10:30:00,ATM-3,CE,265.0,280.7,17.7,17.7,17.7,17.7,52.836458,0,268275
2026-08-20 10:35:00,ATM-3,CE,265.0,281.15,17.7,17.7,17.5,17.5,45.274129,1825,266450
2026-08-20 10:40:00,ATM-3,CE,265.0,281.0,17.5,17.5,17.5,17.5,47.1166,0,266450
2026-08-20 10:45:00,ATM-3,CE,265.0,280.85,17.5,17.5,17.5,17.5,48.845072,0,266450
2026-08-20 10:50:00,ATM-3,CE,265.0,281.0,17.5,17.5,17.5,17.5,47.153895,0,266450
2026-08-20 10:55:00,ATM-3,CE,265.0,280.25,17.5,17.5,17.5,17.5,54.92872,0,266450
2026-08-20 11:00:00,ATM-3,CE,265.0,280.15,17.5,17.5,17.5,17.5,55.86556,0,266450
2026-08-20 11:05:00,ATM-3,CE,265.0,280.2,17.5,17.5,17.5,17.5,55.430916,0,266450
2026-08-20 11:10:00,ATM-3,CE,265.0,280.2,17.5,17.5,17.5,17.5,55.45173,0,266450
2026-08-20 11:15:00,ATM-3,CE,265.0,280.45,17.5,17.5,17.5,17.5,53.109092,0,266450
2026-08-20 11:20:00,ATM-3,CE,265.0,280.45,17.5,17.5,17.5,17.5,53.129307,0,266450
2026-08-20 11:25:00,ATM-3,CE,265.0,280.7,17.5,17.5,17.5,17.5,50.617552,0,266450
2026-08-20 11:30:00,ATM-3,CE,265.0,280.75,17.5,17.5,17.5,17.5,50.1065,0,266450
2026-08-20 11:35:00,ATM-3,CE,265.0,280.3,17.5,17.5,17.5,17.5,54.62732,0,266450
2026-08-20 11:40:00,ATM-3,CE,265.0,279.3,17.5,17.5,17.5,17.5,63.147752,0,264625
2026-08-20 11:45:00,ATM-3,CE,265.0,279.2,17.5,17.5,17.5,17.5,63.944077,0,264625
2026-08-20 11:50:00,ATM-3,CE,265.0,279.5,17.5,17.5,17.5,17.5,61.612235,0,264625
2026-08-20 11:55:00,ATM-3,CE,265.0,279.45,17.5,17.5,17.5,17.5,62.035109,0,264625
2026-08-20 12:00:00,ATM-3,CE,265.0,279.2,17.5,17.5,17.5,17.5,64.014357,0,264625
2026-08-20 12:05:00,ATM-3,CE,265.0,278.8,17.5,17.5,15.15,15.15,41.242998,7300,264625
2026-08-20 12:10:00,ATM-3,CE,265.0,279.6,15.15,15.15,15.15,15.15,27.785606,0,264625
2026-08-20 12:15:00,ATM-3,CE,265.0,280.0,15.15,15.15,15.15,15.15,0.0,0,264625
2026-08-20 12:20:00,ATM-3,CE,265.0,280.35,15.15,15.15,15.15,15.15,0.0,0,264625
2026-08-20 12:25:00,ATM-3,CE,265.0,280.45,15.15,15.15,15.15,15.15,0.0,0,264625
2026-08-20 12:30:00,ATM-3,CE,265.0,280.3,15.15,15.15,15.15,15.15,0.0,0,264625
2026-08-20 12:35:00,ATM-3,CE,265.0,280.7,15.15,15.15,15.15,15.15,0.0,0,264625
2026-08-20 12:40:00,ATM-3,CE,265.0,280.7,15.15,15.15,15.15,15.15,0.0,0,264625
2026-08-20 12:45:00,ATM-3,CE,265.0,281.2,15.15,15.15,15.15,15.15,0.0,0,264625
2026-08-20 12:50:00,ATM-3,CE,265.0,281.4,15.15,15.15,15.15,15.15,0.0,0,264625
2026-08-20 12:55:00,ATM-3,CE,265.0,281.8,15.15,17.7,15.15,17.7,39.530169,5475,262800
2026-08-20 13:00:00,ATM-3,CE,265.0,281.2,17.7,17.7,17.7,17.7,48.020621,0,262800
2026-08-20 13:05:00,ATM-3,CE,265.0,281.2,17.7,17.7,17.7,17.7,48.0399,0,262800
2026-08-20 13:10:00,ATM-3,CE,265.0,281.2,17.7,17.7,17.7,17.7,48.059193,0,262800
2026-08-20 13:15:00,ATM-3,CE,265.0,281.5,17.7,17.7,17.7,17.7,44.23965,0,262800
2026-08-20 13:20:00,ATM-3,CE,265.0,281.45,17.7,17.7,17.7,17.7,44.941096,0,262800
2026-08-20 13:25:00,ATM-3,CE,265.0,281.6,17.7,17.7,17.7,17.7,42.844913,0,262800
2026-08-20 13:30:00,ATM-3,CE,265.0,282.15,17.7,17.7,17.7,17.7,31.692381,0,262800
2026-08-20 13:35:00,ATM-3,CE,265.0,282.0,17.7,17.7,17.7,17.7,35.717562,0,262800
2026-08-20 13:40:00,ATM-3,CE,265.0,281.9,17.7,17.7,17.7,17.7,37.840602,0,262800
2026-08-20 13:45:00,ATM-3,CE,265.0,281.3,17.7,17.7,17.7,17.7,46.97665,0,262800
2026-08-20 13:50:00,ATM-3,CE,265.0,281.25,17.7,17.7,17.7,17.7,47.61189,0,262800
2026-08-20 13:55:00,ATM-3,CE,265.0,281.4,17.7,17.7,17.7,17.7,45.736841,0,262800
2026-08-20 14:00:00,ATM-3,CE,265.0,281.4,17.7,17.7,17.7,17.7,45.755771,0,262800
2026-08-20 14:05:00,ATM-3,CE,265.0,281.55,17.7,17.7,17.7,17.7,43.720458,0,262800
2026-08-20 14:10:00,ATM-3,CE,265.0,281.05,17.7,17.7,17.25,17.25,43.639958,1825,260975
2026-08-20 14:15:00,ATM-3,CE,265.0,280.45,17.25,17.25,17.25,17.25,50.799067,0,260975
2026-08-20 14:20:00,ATM-3,CE,265.0,280.6,17.25,17.25,17.25,17.25,49.195841,0,260975
2026-08-20 14:25:00,ATM-3,CE,265.0,281.0,17.25,17.25,17.25,17.25,44.371445,0,260975
2026-08-20 14:30:00,ATM-3,CE,265.0,280.8,17.25,17.25,17.25,17.25,46.922028,0,260975
2026-08-20 14:35:00,ATM-3,CE,265.0,280.9,17.25,17.25,17.25,17.25,45.706664,0,260975
2026-08-20 14:40:00,ATM-3,CE,265.0,280.85,17.25,17.25,17.25,17.25,46.350246,0,260975
2026-08-20 14:45:00,ATM-3,CE,265.0,280.85,17.25,17.25,17.25,17.25,46.369292,0,260975
2026-08-20 14:50:00,ATM-3,CE,265.0,280.3,17.25,17.25,17.25,17.25,52.488273,0,260975
2026-08-20 14:55:00,ATM-3,CE,265.0,280.55,17.25,17.25,17.25,17.25,49.885428,0,260975
2026-08-20 15:00:00,ATM-3,CE,265.0,280.2,17.25,17.25,17.25,17.25,53.52511,0,260975
2026-08-20 15:05:00,ATM-3,CE,265.0,280.0,17.25,17.25,17.25,17.25,55.460691,0,260975
2026-08-20 15:10:00,ATM-3,CE,265.0,279.65,17.25,17.25,17.25,17.25,58.628748,0,260975
2026-08-20 15:15:00,ATM-3,CE,265.0,279.65,17.25,17.25,17.25,17.25,58.651185,0,260975
2026-08-20 15:20:00,ATM-3,CE,265.0,279.65,17.25,17.25,17.25,17.25,58.673633,0,260975
2026-08-20 15:25:00,ATM-3,CE,265.0,279.0,17.25,17.25,17.25,17.25,64.028415,0,260975
2026-08-20 15:30:00,ATM-3,CE,265.0,279.0,17.25,17.25,17.25,17.25,64.052525,0,260975
2026-08-20 15:35:00,ATM-3,CE,265.0,279.0,17.25,17.25,17.25,17.25,64.076673,0,260975
2026-08-21 10:15:00,ATM-3,CE,265.0,277.6,18.6,18.6,16.8,16.8,76.510057,0,260975
2026-08-21 10:20:00,ATM-3,CE,265.0,277.65,18.6,18.6,16.8,16.8,76.169806,0,260975
2026-08-21 10:25:00,ATM-3,CE,265.0,277.7,16.8,16.8,16.8,16.8,75.827425,0,260975
2026-08-21 10:30:00,ATM-3,CE,265.0,277.7,16.8,16.8,16.8,16.8,75.860504,0,260975
2026-08-21 10:35:00,ATM-3,CE,260.0,277.3,16.8,18.6,16.8,18.6,53.94245,0,441650
2026-08-21 10:40:00,ATM-3,CE,260.0,277.15,18.0,18.6,18.0,18.0,45.356151,1825,443475
2026-08-21 10:45:00,ATM-3,CE,260.0,277.2,18.0,18.0,18.0,18.0,44.384485,0,443475
2026-08-21 10:50:00,ATM-3,CE,260.0,276.95,18.0,18.0,18.0,18.0,48.969872,0,443475
2026-08-21 10:55:00,ATM-3,CE,260.0,277.3,18.0,18.0,18.0,18.0,42.263932,0,443475
2026-08-21 11:00:00,ATM-3,CE,260.0,276.9,16.8,18.0,16.8,18.0,49.830479,0,443475
2026-08-21 11:05:00,ATM-3,CE,260.0,276.65,18.0,18.0,17.25,17.25,38.545857,3650,445300
2026-08-21 11:10:00,ATM-3,CE,260.0,276.7,17.25,17.25,17.25,17.25,37.174453,0,445300
2026-08-21 11:15:00,ATM-3,CE,260.0,276.75,17.25,17.25,17.25,17.25,35.631714,0,445300
2026-08-21 11:20:00,ATM-3,CE,260.0,277.25,17.25,18.15,17.25,18.15,46.775747,1825,447125
2026-08-21 11:25:00,ATM-3,CE,260.0,277.05,18.15,18.15,18.15,18.15,50.249514,0,447125
2026-08-21 11:30:00,ATM-3,CE,260.0,277.4,18.15,18.15,18.15,18.15,43.813254,0,447125
2026-08-21 11:35:00,ATM-3,CE,260.0,277.45,18.15,18.15,18.15,18.15,42.714551,0,447125
2026-08-21 11:40:00,ATM-3,CE,265.0,279.2,16.8,16.8,16.8,16.8,63.844687,0,260975
2026-08-21 11:45:00,ATM-3,CE,265.0,280.1,16.8,16.8,16.8,16.8,54.596032,0,262800
2026-08-21 11:50:00,ATM-3,CE,265.0,280.3,16.8,16.8,16.8,16.8,52.212699,0,262800
2026-08-21 11:55:00,ATM-3,CE,265.0,280.35,16.8,16.8,16.8,16.8,51.605977,0,262800
2026-08-21 12:00:00,ATM-3,CE,265.0,281.3,16.8,16.8,13.5,16.6,0.0,10950,268275
2026-08-21 12:05:00,ATM-3,CE,265.0,282.2,16.6,18.25,16.6,18.25,48.822646,5475,270100
2026-08-21 12:10:00,ATM-3,CE,265.0,282.15,18.25,18.25,18.25,18.25,49.655466,0,270100
2026-08-21 12:15:00,ATM-3,CE,265.0,281.8,18.25,18.25,18.25,18.25,54.741836,0,270100
2026-08-21 12:20:00,ATM-3,CE,270.0,284.05,18.25,18.25,12.9,15.6,49.399926,60225,1089525
2026-08-21 12:25:00,ATM-3,CE,270.0,285.2,14.75,15.6,14.75,15.05,0.0,12775,1085875
2026-08-21 12:30:00,ATM-3,CE,270.0,283.3,15.6,15.6,15.05,15.6,57.270192,7300,1084050
2026-08-21 12:35:00,ATM-3,CE,270.0,283.55,15.6,15.6,13.95,13.95,25.513772,1825,1084050
2026-08-21 12:40:00,ATM-3,CE,270.0,283.7,13.95,15.25,13.95,14.6,38.641061,9125,1078575
2026-08-21 12:45:00,ATM-3,CE,270.0,283.8,14.6,14.6,14.6,14.6,36.950633,0,1076750
2026-08-21 12:50:00,ATM-3,CE,270.0,284.4,14.6,15.0,14.6,15.0,33.557197,9125,1071275
2026-08-21 12:55:00,ATM-3,CE,270.0,283.9,15.0,15.0,15.0,15.0,42.533904,3650,1071275
2026-08-21 13:00:00,ATM-3,CE,270.0,283.15,15.0,15.0,14.3,14.3,41.830498,3650,1067625
2026-08-21 13:05:00,ATM-3,CE,270.0,282.75,14.3,14.3,14.3,14.3,46.770498,0,1067625
2026-08-21 13:10:00,ATM-3,CE,270.0,283.15,14.3,14.3,13.75,13.95,35.834921,5475,1065800
2026-08-21 13:15:00,ATM-3,CE,270.0,282.7,13.95,13.95,13.75,13.75,39.384633,1825,1065800
2026-08-21 13:20:00,ATM-3,CE,270.0,282.55,13.75,20.0,13.75,13.75,41.435204,0,1065800
2026-08-21 13:25:00,ATM-3,CE,270.0,282.6,13.75,13.75,13.65,13.65,39.222042,1825,1065800
2026-08-21 13:30:00,ATM-3,CE,270.0,282.8,13.95,13.95,13.65,13.95,41.234793,5475,1065800
2026-08-21 13:35:00,ATM-3,CE,270.0,282.85,13.95,13.95,13.45,13.45,31.059097,3650,1067625
2026-08-21 13:40:00,ATM-3,CE,270.0,282.85,13.45,13.45,13.45,13.45,31.07813,1825,1067625
2026-08-21 13:45:00,ATM-3,CE,270.0,283.0,13.45,13.65,13.45,13.65,32.546068,5475,1062150
2026-08-21 13:50:00,ATM-3,CE,270.0,283.3,13.25,13.95,13.25,13.95,33.101269,20075,1054850
2026-08-21 13:55:00,ATM-3,CE,270.0,283.3,14.0,14.0,13.9,13.9,31.92205,10950,1053025
2026-08-21 14:00:00,ATM-3,CE,270.0,282.85,13.75,13.9,13.75,13.75,37.318361,3650,1053025
2026-08-21 14:05:00,ATM-3,CE,270.0,282.95,13.55,13.75,13.55,13.55,31.34906,1825,1051200
2026-08-21 14:10:00,ATM-3,CE,270.0,283.0,13.55,13.75,13.55,13.75,34.794718,10950,1047550
2026-08-21 14:15:00,ATM-3,CE,270.0,283.0,13.65,13.75,13.45,13.45,27.118658,5475,1045725
2026-08-21 14:20:00,ATM-3,CE,270.0,282.8,13.45,13.45,13.3,13.3,28.444214,7300,1043900
2026-08-21 14:25:00,ATM-3,CE,270.0,282.95,13.3,13.5,13.3,13.5,30.139295,1825,1043900
2026-08-21 14:30:00,ATM-3,CE,270.0,282.7,13.5,13.5,13.4,13.4,33.275917,10950,1042075
2026-08-21 14:35:00,ATM-3,CE,270.0,282.8,13.4,13.4,13.35,13.35,29.920877,3650,1043900
2026-08-21 14:40:00,ATM-3,CE,270.0,282.75,13.35,13.35,13.35,13.35,31.131547,0,1043900
2026-08-21 14:45:00,ATM-3,CE,270.0,283.0,13.35,13.6,13.35,13.6,31.591588,5475,1040250
2026-08-21 14:50:00,ATM-3,CE,270.0,282.9,13.7,13.8,13.35,13.45,30.150598,20075,1029300
2026-08-21 14:55:00,ATM-3,CE,270.0,282.8,13.45,13.45,13.4,13.4,31.277561,3650,1029300
2026-08-21 15:00:00,ATM-3,CE,270.0,283.35,13.45,13.45,13.4,13.45,0.0,1825,1029300
2026-08-21 15:05:00,ATM-3,CE,270.0,282.8,13.65,13.65,13.35,13.35,30.036797,5475,1027475
2026-08-21 15:10:00,ATM-3,CE,265.0,281.8,13.35,18.5,13.2,17.8,48.03575,14600,264625
2026-08-21 15:15:00,ATM-3,CE,265.0,281.8,17.8,17.8,17.8,17.8,48.060762,0,264625
2026-08-21 15:20:00,ATM-3,CE,265.0,281.8,17.8,17.8,17.8,17.8,48.08579,0,264625
2026-08-21 15:25:00,ATM-3,CE,265.0,282.5,17.8,17.8,17.8,17.8,23.673974,0,264625
2026-08-21 15:30:00,ATM-3,CE,265.0,282.5,17.8,17.8,17.8,17.8,23.751889,0,264625
2026-08-21 15:35:00,ATM-3,CE,265.0,282.5,17.8,17.8,17.8,17.8,23.82857,0,264625
2026-08-24 09:20:00,ATM-3,CE,270.0,282.65,13.8,13.8,13.8,13.8,78.386701,1825,1001925
2026-08-24 09:25:00,ATM-3,CE,270.0,283.0,13.8,13.8,13.8,13.8,70.113513,0,1001925
2026-08-24 09:35:00,ATM-3,CE,270.0,282.9,12.5,18.5,12.5,14.0,78.406121,7300,1003750
2026-08-24 09:40:00,ATM-3,CE,270.0,282.8,14.0,14.1,13.65,14.1,83.204151,7300,1000100
2026-08-24 09:45:00,ATM-3,CE,270.0,284.0,13.6,14.1,13.6,13.6,0.0,1825,996450
2026-08-24 09:50:00,ATM-3,CE,270.0,283.7,13.6,15.0,13.6,15.0,87.029977,10950,987325
2026-08-24 09:55:00,ATM-3,CE,270.0,283.55,15.0,15.0,15.0,15.0,90.261648,0,987325
2026-08-24 10:00:00,ATM-3,CE,270.0,283.3,15.0,15.0,15.0,15.0,95.242767,0,987325
2026-08-24 10:05:00,ATM-3,CE,270.0,283.6,15.0,15.0,15.0,15.0,89.507607,0,987325
2026-08-24 10:10:00,ATM-3,CE,270.0,283.3,15.0,15.0,15.0,15.0,95.521628,0,987325
2026-08-24 10:15:00,ATM-3,CE,270.0,283.55,15.0,15.0,15.0,15.0,90.793499,0,987325
2026-08-24 10:20:00,ATM-3,CE,270.0,283.0,15.0,15.0,15.0,15.0,101.223828,0,987325
2026-08-24 10:25:00,ATM-3,CE,270.0,283.1,15.0,15.0,15.0,15.0,99.608117,0,987325
2026-08-24 10:30:00,ATM-3,CE,270.0,282.55,15.0,15.0,15.0,15.0,109.022628,0,987325
2026-08-24 10:35:00,ATM-3,CE,270.0,282.65,18.5,18.5,15.0,15.0,107.570923,0,987325
2026-08-24 10:40:00,ATM-3,CE,270.0,284.0,14.25,15.0,13.75,13.75,0.0,16425,983675
2026-08-24 10:45:00,ATM-3,CE,270.0,284.05,13.75,13.75,13.75,13.75,0.0,0,983675
2026-08-24 10:50:00,ATM-3,CE,270.0,284.1,13.75,13.75,13.75,13.75,0.0,0,983675
2026-08-24 10:55:00,ATM-3,CE,270.0,284.05,13.75,13.75,13.75,13.75,0.0,0,983675
2026-08-24 11:00:00,ATM-3,CE,270.0,282.95,13.75,13.75,13.75,13.75,72.058475,0,983675
2026-08-24 11:05:00,ATM-3,CE,270.0,282.7,13.75,13.75,13.75,13.75,78.405323,0,983675
2026-08-24 11:10:00,ATM-3,CE,265.0,282.4,13.75,18.5,13.75,18.5,99.745025,0,260975
2026-08-24 11:15:00,ATM-3,CE,265.0,282.25,13.75,18.5,13.75,18.5,103.750087,0,260975
2026-08-24 11:20:00,ATM-3,CE,265.0,282.05,18.5,18.5,18.0,18.0,94.057222,3650,259150
2026-08-24 11:25:00,ATM-3,CE,265.0,281.95,18.0,18.0,18.0,18.0,96.974725,0,259150
2026-08-24 11:30:00,ATM-3,CE,265.0,282.05,18.0,18.0,18.0,18.0,94.350122,0,259150
2026-08-24 11:35:00,ATM-3,CE,265.0,281.45,18.0,18.0,17.75,17.75,102.666018,1825,257325
2026-08-24 11:40:00,ATM-3,CE,265.0,281.35,17.75,17.75,17.75,17.75,105.18476,0,257325
2026-08-24 11:45:00,ATM-3,CE,265.0,281.45,17.75,17.75,17.75,17.75,102.984878,0,257325
2026-08-24 11:50:00,ATM-3,CE,265.0,281.8,17.75,17.75,17.75,17.75,94.008666,0,257325
2026-08-24 11:55:00,ATM-3,CE,265.0,281.5,17.75,17.75,17.75,17.75,102.086872,0,257325
2026-08-24 12:00:00,ATM-3,CE,265.0,281.7,17.75,17.75,17.75,17.75,97.085688,0,257325
2026-08-24 12:05:00,ATM-3,CE,265.0,281.85,17.75,17.75,17.75,17.75,93.004339,0,257325
2026-08-24 12:10:00,ATM-3,CE,265.0,281.3,17.75,17.75,17.75,17.75,107.331983,0,257325
2026-08-24 12:15:00,ATM-3,CE,270.0,282.65,17.75,17.75,12.55,13.4,71.073854,1825,980025
2026-08-24 12:20:00,ATM-3,CE,270.0,282.65,17.75,17.75,13.4,13.4,71.189618,0,980025
2026-08-24 12:25:00,ATM-3,CE,270.0,282.55,13.4,13.4,13.4,13.4,74.024832,0,980025
2026-08-24 12:30:00,ATM-3,CE,270.0,283.2,13.4,13.4,13.4,13.4,48.895676,0,980025
2026-08-24 12:35:00,ATM-3,CE,270.0,283.35,13.4,13.4,13.4,13.4,0.0,0,980025
2026-08-24 12:40:00,ATM-3,CE,270.0,283.6,13.4,13.4,13.4,13.4,0.0,0,980025
2026-08-24 12:45:00,ATM-3,CE,270.0,283.25,13.4,13.4,13.4,13.4,44.784328,0,980025
2026-08-24 12:50:00,ATM-3,CE,270.0,283.1,13.5,13.5,13.4,13.5,60.402743,1825,980025
2026-08-24 12:55:00,ATM-3,CE,270.0,282.9,13.5,13.65,13.5,13.65,72.971931,1825,980025
2026-08-24 13:00:00,ATM-3,CE,270.0,282.7,13.65,13.65,13.4,13.4,70.68462,3650,978200
2026-08-24 13:05:00,ATM-3,CE,270.0,282.7,13.4,17.75,13.2,13.2,63.568502,0,974550
2026-08-24 13:10:00,ATM-3,CE,270.0,283.15,13.2,13.2,13.2,13.2,0.0,0,974550
2026-08-24 13:15:00,ATM-3,CE,270.0,283.25,13.2,13.2,13.2,13.2,0.0,0,974550
2026-08-24 13:20:00,ATM-3,CE,270.0,283.55,13.2,13.2,13.2,13.2,0.0,0,974550
2026-08-24 13:25:00,ATM-3,CE,270.0,283.75,13.2,13.2,13.2,13.2,0.0,0,974550
2026-08-24 13:30:00,ATM-3,CE,270.0,283.3,13.2,13.2,13.2,13.2,0.0,0,974550
2026-08-24 13:35:00,ATM-3,CE,270.0,283.65,13.2,13.2,13.2,13.2,0.0,0,974550
2026-08-24 13:40:00,ATM-3,CE,270.0,283.7,13.2,13.2,13.2,13.2,0.0,0,974550
2026-08-24 13:45:00,ATM-3,CE,270.0,283.65,13.2,13.2,13.2,13.2,0.0,0,974550
2026-08-24 13:50:00,ATM-3,CE,270.0,283.75,13.2,14.4,13.2,14.4,74.130494,1825,970900
2026-08-24 13:55:00,ATM-3,CE,270.0,283.9,14.4,14.4,14.4,14.4,68.99427,0,970900
2026-08-24 14:00:00,ATM-3,CE,270.0,283.7,14.4,14.4,14.4,14.4,75.980037,0,970900
2026-08-24 14:05:00,ATM-3,CE,270.0,283.6,14.4,14.4,14.4,14.4,79.114365,0,970900
2026-08-24 14:10:00,ATM-3,CE,270.0,283.5,14.4,14.4,14.4,14.4,82.054716,0,970900
2026-08-24 14:15:00,ATM-3,CE,270.0,283.5,14.4,14.4,14.4,14.4,82.196454,0,970900
2026-08-24 14:20:00,ATM-3,CE,270.0,283.4,14.4,14.45,14.4,14.45,86.464876,7300,969075
2026-08-24 14:25:00,ATM-3,CE,270.0,283.6,14.45,14.45,14.45,14.45,81.296037,0,969075
2026-08-24 14:30:00,ATM-3,CE,270.0,284.0,14.45,14.45,14.45,14.45,68.0451,0,969075
2026-08-24 14:35:00,ATM-3,CE,270.0,283.8,14.45,14.45,14.45,14.45,75.499308,0,969075
2026-08-24 14:40:00,ATM-3,CE,270.0,284.05,14.45,14.45,14.45,14.45,66.139959,0,969075
2026-08-24 14:45:00,ATM-3,CE,270.0,283.95,14.45,14.45,14.45,14.45,70.422133,0,961775
2026-08-24 14:50:00,ATM-3,CE,270.0,283.7,15.5,15.5,14.45,15.0,95.769309,18250,969075
2026-08-24 14:55:00,ATM-3,CE,270.0,283.35,15.0,15.0,15.0,15.0,103.581537,0,969075
2026-08-24 15:00:00,ATM-3,CE,270.0,283.05,15.0,15.0,15.0,15.0,109.729101,0,969075
2026-08-24 15:05:00,ATM-3,CE,270.0,283.6,14.1,15.0,14.1,14.75,91.611154,89425,958125
2026-08-24 15:10:00,ATM-3,CE,270.0,283.25,14.75,14.95,14.75,14.95,104.925585,5475,956300
2026-08-24 15:15:00,ATM-3,CE,270.0,283.25,14.95,14.95,14.95,14.95,105.110291,0,956300
2026-08-24 15:20:00,ATM-3,CE,270.0,283.25,14.95,14.95,14.95,14.95,105.295853,0,956300
2026-08-24 15:25:00,ATM-3,CE,270.0,284.25,14.95,14.95,14.95,14.95,80.459383,0,956300
2026-08-24 15:30:00,ATM-3,CE,270.0,284.25,14.95,15.2,14.95,15.2,89.094209,1825,952650
2026-08-24 15:35:00,ATM-3,CE,270.0,284.25,15.2,15.2,15.05,15.05,84.295528,7300,949000
2026-08-25 09:15:00,ATM-3,CE,275.0,288.3,8.25,8.25,8.25,8.25,0.0,0,454425
2026-08-25 09:20:00,ATM-3,CE,275.0,288.4,8.25,14.05,8.25,14.05,0.0,20075,454425
2026-08-25 09:25:00,ATM-3,CE,275.0,289.1,14.05,14.85,13.45,14.6,0.0,62050,417925
2026-08-25 09:30:00,ATM-3,CE,270.0,286.95,20.15,20.15,20.15,20.15,0.0,0,859575
2026-08-25 09:35:00,ATM-3,CE,270.0,287.0,20.15,20.15,20.15,20.15,0.0,0,859575
2026-08-25 09:40:00,ATM-3,CE,270.0,286.35,20.15,20.15,20.15,20.15,0.0,0,859575
2026-08-25 09:45:00,ATM-3,CE,270.0,284.85,20.15,20.15,15.0,15.0,0.0,14600,857750
2026-08-25 09:50:00,ATM-3,CE,270.0,284.8,15.2,15.2,15.0,15.05,0.0,3650,852275
2026-08-25 09:55:00,ATM-3,CE,270.0,284.8,15.25,15.25,15.0,15.0,0.0,69350,803000
2026-08-25 10:00:00,ATM-3,CE,270.0,284.1,15.0,15.0,15.0,15.0,0.0,1825,781100
2026-08-25 10:05:00,ATM-3,CE,270.0,284.9,15.0,15.15,15.0,15.15,0.0,5475,777450
2026-08-25 10:10:00,ATM-3,CE,270.0,285.25,15.15,15.15,15.15,15.15,0.0,0,777450
2026-08-25 10:15:00,ATM-3,CE,275.0,288.15,16.5,17.7,9.7,12.95,0.0,43800,339450
2026-08-25 10:20:00,ATM-3,CE,275.0,289.05,12.95,14.0,12.95,14.0,0.0,3650,337625
2026-08-25 10:25:00,ATM-3,CE,275.0,289.15,14.0,14.0,14.0,14.0,0.0,0,337625
2026-08-25 10:30:00,ATM-3,CE,275.0,288.55,14.0,14.0,14.0,14.0,0.0,0,337625
2026-08-25 10:35:00,ATM-3,CE,275.0,288.15,14.0,14.0,14.0,14.0,0.0,0,337625
2026-08-25 10:40:00,ATM-3,CE,275.0,288.35,14.0,14.0,14.0,14.0,0.0,0,337625
2026-08-25 10:45:00,ATM-3,CE,275.0,288.3,14.0,14.0,14.0,14.0,0.0,0,337625
2026-08-25 10:50:00,ATM-3,CE,270.0,286.8,14.0,18.8,14.0,18.05,0.0,21900,742775
2026-08-25 10:55:00,ATM-3,CE,270.0,287.4,16.5,18.05,12.0,18.0,0.0,23725,709925
2026-08-25 11:00:00,ATM-3,CE,275.0,287.7,13.0,13.1,13.0,13.1,0.0,3650,295650
2026-08-25 11:05:00,ATM-3,CE,275.0,288.5,13.1,13.1,13.1,13.1,0.0,0,295650
2026-08-25 11:10:00,ATM-3,CE,275.0,290.0,13.1,13.1,13.1,13.1,0.0,0,295650
2026-08-25 11:15:00,ATM-3,CE,275.0,289.75,13.1,13.1,13.1,13.1,0.0,0,295650
2026-08-25 11:20:00,ATM-3,CE,275.0,290.0,13.1,13.1,13.1,13.1,0.0,0,295650
2026-08-25 11:25:00,ATM-3,CE,275.0,288.1,13.1,14.0,13.1,14.0,0.0,3650,293825
2026-08-25 11:30:00,ATM-3,CE,275.0,288.8,14.0,14.0,14.0,14.0,0.0,0,292000
2026-08-25 11:35:00,ATM-3,CE,275.0,288.75,14.0,14.0,14.0,14.0,0.0,0,292000
2026-08-25 11:40:00,ATM-3,CE,270.0,287.3,14.0,18.45,13.3,18.45,0.0,9125,646050
2026-08-25 11:45:00,ATM-3,CE,275.0,287.75,13.3,18.45,13.25,13.25,0.0,7300,290175
2026-08-25 11:50:00,ATM-3,CE,275.0,287.9,13.25,13.25,13.25,13.25,0.0,0,290175
2026-08-25 11:55:00,ATM-3,CE,275.0,287.85,13.25,13.25,13.25,13.25,0.0,0,290175
2026-08-25 12:00:00,ATM-3,CE,270.0,287.5,13.25,18.45,13.25,18.45,0.0,0,646050
2026-08-25 12:05:00,ATM-3,CE,275.0,288.15,13.25,13.95,13.25,13.95,0.0,3650,290175
2026-08-25 12:10:00,ATM-3,CE,275.0,288.0,13.95,13.95,13.5,13.5,0.0,1825,290175
2026-08-25 12:15:00,ATM-3,CE,275.0,288.35,13.5,13.7,13.5,13.7,0.0,21900,277400
2026-08-25 12:20:00,ATM-3,CE,275.0,287.9,13.7,13.7,13.5,13.5,0.0,3650,275575
2026-08-25 12:25:00,ATM-3,CE,270.0,286.8,18.45,18.45,18.45,18.45,0.0,0,646050
2026-08-25 12:30:00,ATM-3,CE,270.0,286.95,18.45,18.45,18.45,18.45,0.0,0,646050
2026-08-25 12:35:00,ATM-3,CE,270.0,286.85,18.45,18.45,18.45,18.45,0.0,0,646050
2026-08-25 12:40:00,ATM-3,CE,270.0,287.0,18.45,18.45,17.5,17.5,0.0,1825,644225
2026-08-25 12:45:00,ATM-3,CE,270.0,287.2,17.5,17.9,17.5,17.9,0.0,5475,642400
2026-08-25 12:50:00,ATM-3,CE,270.0,287.5,17.9,17.9,17.9,17.9,0.0,0,642400
2026-08-25 12:55:00,ATM-3,CE,275.0,287.55,13.2,17.9,13.2,13.2,0.0,0,275575
2026-08-25 13:00:00,ATM-3,CE,270.0,286.8,17.9,17.9,17.55,17.55,0.0,9125,640575
2026-08-25 13:05:00,ATM-3,CE,270.0,286.8,17.55,17.55,17.55,17.55,0.0,0,640575
2026-08-25 13:10:00,ATM-3,CE,270.0,287.15,17.55,17.55,17.55,17.55,0.0,0,638750
2026-08-25 13:15:00,ATM-3,CE,270.0,287.05,17.55,17.55,17.55,17.55,0.0,0,638750
2026-08-25 13:20:00,ATM-3,CE,275.0,287.6,17.55,17.55,12.2,12.2,0.0,0,275575
2026-08-25 13:25:00,ATM-3,CE,270.0,287.4,17.55,17.55,17.55,17.55,0.0,0,638750
2026-08-25 13:30:00,ATM-3,CE,275.0,287.9,17.55,17.55,12.2,12.2,0.0,0,275575
2026-08-25 13:35:00,ATM-3,CE,275.0,288.1,12.2,12.2,12.2,12.2,0.0,0,275575
2026-08-25 13:40:00,ATM-3,CE,275.0,288.1,12.2,12.2,12.2,12.2,0.0,0,275575
2026-08-25 13:45:00,ATM-3,CE,275.0,288.0,12.2,12.2,12.2,12.2,0.0,0,275575
2026-08-25 13:50:00,ATM-3,CE,275.0,287.6,12.2,12.2,12.2,12.2,0.0,0,275575
2026-08-25 13:55:00,ATM-3,CE,270.0,287.5,17.55,17.55,12.2,17.55,0.0,0,638750
2026-08-25 14:00:00,ATM-3,CE,270.0,287.4,12.2,17.55,12.2,17.55,0.0,0,638750
2026-08-25 14:05:00,ATM-3,CE,270.0,287.35,17.55,18.1,13.0,18.1,0.0,18250,627800
2026-08-25 14:10:00,ATM-3,CE,275.0,287.6,18.1,18.1,13.0,13.0,0.0,0,275575
2026-08-25 14:15:00,ATM-3,CE,270.0,287.45,18.1,18.1,13.0,18.1,0.0,0,627800
2026-08-25 14:20:00,ATM-3,CE,270.0,287.35,18.1,18.1,18.1,18.1,0.0,0,627800
2026-08-25 14:25:00,ATM-3,CE,275.0,287.9,18.1,18.1,13.0,13.0,0.0,0,275575
2026-08-25 14:30:00,ATM-3,CE,275.0,287.9,13.0,13.0,13.0,13.0,0.0,0,275575
2026-08-25 14:35:00,ATM-3,CE,275.0,287.85,13.0,14.15,13.0,14.15,0.0,3650,270100
2026-08-25 14:40:00,ATM-3,CE,275.0,287.85,14.15,14.15,14.15,14.15,0.0,0,270100
2026-08-25 14:45:00,ATM-3,CE,275.0,287.85,14.15,14.15,14.15,14.15,0.0,0,270100
2026-08-25 14:50:00,ATM-3,CE,275.0,287.9,14.15,14.15,14.15,14.15,0.0,0,270100
2026-08-25 14:55:00,ATM-3,CE,275.0,287.65,14.15,17.95,14.15,14.15,0.0,0,270100
2026-08-25 15:00:00,ATM-3,CE,275.0,287.55,17.95,17.95,14.15,14.15,0.0,0,270100
2026-08-25 15:05:00,ATM-3,CE,275.0,287.55,17.95,17.95,14.15,14.15,0.0,0,270100
2026-08-25 15:10:00,ATM-3,CE,270.0,286.65,17.95,17.95,17.95,17.95,0.0,0,625975
2026-08-25 15:15:00,ATM-3,CE,270.0,286.65,17.95,17.95,17.95,17.95,0.0,0,625975
2026-08-25 15:20:00,ATM-3,CE,270.0,286.65,17.95,17.95,17.95,17.95,0.0,0,625975
2026-08-25 15:25:00,ATM-3,CE,270.0,287.4,19.15,19.15,17.95,19.15,0.0,5475,624150
2026-08-25 15:30:00,ATM-3,CE,270.0,287.4,19.15,19.15,16.25,16.25,0.0,5475,620500
2026-08-25 15:35:00,ATM-3,CE,270.0,287.4,16.25,16.25,16.25,16.25,0.0,0,620500
2026-08-20 09:15:00,ATM-3,PE,260.0,275.2,1.0,1.0,0.6,0.65,39.147326,41975,1657100
2026-08-20 09:20:00,ATM-3,PE,260.0,274.4,0.65,0.7,0.65,0.7,38.570841,20075,1616950
2026-08-20 09:25:00,ATM-3,PE,265.0,277.75,0.7,1.0,0.55,1.0,39.146754,58400,883300
2026-08-20 09:30:00,ATM-3,PE,265.0,279.3,0.95,1.0,0.8,0.8,39.247141,109500,903375
2026-08-20 09:35:00,ATM-3,PE,265.0,282.3,0.8,1.4,0.6,0.6,41.144313,368650,841325
2026-08-20 09:40:00,ATM-3,PE,270.0,284.2,0.65,1.2,0.6,1.15,43.133827,549325,3215650
2026-08-20 09:45:00,ATM-3,PE,265.0,281.2,1.2,1.2,0.7,0.75,41.860708,36500,857750
2026-08-20 09:50:00,ATM-3,PE,265.0,279.9,0.8,0.95,0.75,0.85,41.115076,193450,846800
2026-08-20 09:55:00,ATM-3,PE,265.0,280.7,0.9,0.95,0.8,0.8,41.799217,78475,857750
2026-08-20 10:00:00,ATM-3,PE,265.0,280.3,0.75,0.8,0.7,0.7,39.541039,49275,854100
2026-08-20 10:05:00,ATM-3,PE,265.0,279.5,0.7,0.8,0.7,0.8,39.693979,38325,876000
2026-08-20 10:10:00,ATM-3,PE,265.0,280.45,0.8,0.8,0.65,0.7,39.826071,47450,890600
2026-08-20 10:15:00,ATM-3,PE,265.0,281.2,0.7,0.75,0.65,0.7,41.129444,25550,876000
2026-08-20 10:20:00,ATM-3,PE,265.0,281.0,0.7,0.7,0.65,0.65,39.966484,16425,876000
2026-08-20 10:25:00,ATM-3,PE,265.0,281.15,0.65,0.7,0.65,0.7,41.070212,18250,874175
2026-08-20 10:30:00,ATM-3,PE,265.0,280.7,0.7,0.75,0.7,0.75,41.112286,7300,874175
2026-08-20 10:35:00,ATM-3,PE,265.0,281.15,0.75,0.75,0.75,0.75,41.908562,3650,872350
2026-08-20 10:40:00,ATM-3,PE,265.0,281.0,0.75,0.75,0.75,0.75,41.661518,0,872350
2026-08-20 10:45:00,ATM-3,PE,265.0,280.85,0.75,0.75,0.75,0.75,41.413754,0,870525
2026-08-20 10:50:00,ATM-3,PE,265.0,281.0,0.75,0.75,0.75,0.75,41.688386,0,870525
2026-08-20 10:55:00,ATM-3,PE,265.0,280.25,0.75,0.75,0.75,0.75,40.389305,5475,868700
2026-08-20 11:00:00,ATM-3,PE,265.0,280.15,0.75,0.75,0.75,0.75,40.226178,0,868700
2026-08-20 11:05:00,ATM-3,PE,265.0,280.2,0.75,0.75,0.75,0.75,40.327299,3650,868700
2026-08-20 11:10:00,ATM-3,PE,265.0,280.2,0.75,0.75,0.75,0.75,40.340319,0,872350
2026-08-20 11:15:00,ATM-3,PE,265.0,280.45,0.75,0.75,0.75,0.75,40.793373,10950,870525
2026-08-20 11:20:00,ATM-3,PE,265.0,280.45,0.75,0.75,0.7,0.7,40.005967,27375,861400
2026-08-20 11:25:00,ATM-3,PE,265.0,280.7,0.7,0.7,0.7,0.7,40.452699,0,861400
2026-08-20 11:30:00,ATM-3,PE,265.0,280.75,0.7,0.7,0.65,0.65,39.720491,20075,855925
2026-08-20 11:35:00,ATM-3,PE,265.0,280.3,0.65,0.7,0.65,0.7,39.783647,31025,863225
2026-08-20 11:40:00,ATM-3,PE,265.0,279.3,0.7,0.7,0.7,0.7,38.039572,0,855925
2026-08-20 11:45:00,ATM-3,PE,265.0,279.2,0.7,0.7,0.7,0.7,37.874648,14600,855925
2026-08-20 11:50:00,ATM-3,PE,265.0,279.5,0.7,0.75,0.7,0.75,39.201156,10950,855925
2026-08-20 11:55:00,ATM-3,PE,265.0,279.45,0.75,0.75,0.7,0.7,38.342074,9125,852275
2026-08-20 12:00:00,ATM-3,PE,265.0,279.2,0.7,0.75,0.7,0.75,38.689069,1825,852275
2026-08-20 12:05:00,ATM-3,PE,265.0,278.8,0.75,0.75,0.75,0.75,37.980695,0,852275
2026-08-20 12:10:00,ATM-3,PE,265.0,279.6,0.75,0.75,0.75,0.75,39.430853,0,852275
2026-08-20 12:15:00,ATM-3,PE,265.0,280.0,0.75,0.75,0.6,0.65,38.542935,9125,855925
2026-08-20 12:20:00,ATM-3,PE,265.0,280.35,0.65,0.65,0.65,0.65,39.161283,0,855925
2026-08-20 12:25:00,ATM-3,PE,265.0,280.45,0.6,0.65,0.6,0.6,38.489937,7300,855925
2026-08-20 12:30:00,ATM-3,PE,265.0,280.3,0.6,0.6,0.6,0.6,38.246767,1825,859575
2026-08-20 12:35:00,ATM-3,PE,265.0,280.7,0.6,0.6,0.6,0.6,38.940244,118625,859575
2026-08-20 12:40:00,ATM-3,PE,265.0,280.7,0.6,0.6,0.6,0.6,38.952981,0,859575
2026-08-20 12:45:00,ATM-3,PE,265.0,281.2,0.6,0.6,0.55,0.55,38.904742,58400,852275
2026-08-20 12:50:00,ATM-3,PE,265.0,281.4,0.55,0.55,0.55,0.55,39.249925,0,852275
2026-08-20 12:55:00,ATM-3,PE,265.0,281.8,0.5,0.55,0.4,0.4,36.894345,187975,936225
2026-08-20 13:00:00,ATM-3,PE,265.0,281.2,0.45,0.5,0.4,0.5,37.996364,171550,863225
2026-08-20 13:05:00,ATM-3,PE,265.0,281.2,0.5,0.5,0.45,0.45,37.016653,9125,859575
2026-08-20 13:10:00,ATM-3,PE,265.0,281.2,0.45,0.45,0.45,0.45,37.028806,0,859575
2026-08-20 13:15:00,ATM-3,PE,265.0,281.5,0.45,0.45,0.45,0.45,37.524878,0,859575
2026-08-20 13:20:00,ATM-3,PE,265.0,281.45,0.45,0.45,0.45,0.45,37.456677,0,859575
2026-08-20 13:25:00,ATM-3,PE,265.0,281.6,0.45,0.45,0.45,0.45,37.710568,0,859575
2026-08-20 13:30:00,ATM-3,PE,265.0,282.15,0.45,0.45,0.45,0.45,38.604992,10950,859575
2026-08-20 13:35:00,ATM-3,PE,265.0,282.0,0.45,0.45,0.45,0.45,38.377732,7300,859575
2026-08-20 13:40:00,ATM-3,PE,265.0,281.9,0.45,0.5,0.45,0.5,39.242986,18250,865050
2026-08-20 13:45:00,ATM-3,PE,265.0,281.3,0.5,0.5,0.5,0.5,38.27358,0,865050
2026-08-20 13:50:00,ATM-3,PE,265.0,281.25,0.5,0.5,0.45,0.45,37.207489,10950,859575
2026-08-20 13:55:00,ATM-3,PE,265.0,281.4,0.45,0.45,0.45,0.45,37.462486,21900,855925
2026-08-20 14:00:00,ATM-3,PE,265.0,281.4,0.45,0.45,0.4,0.4,36.419035,3650,844975
2026-08-20 14:05:00,ATM-3,PE,265.0,281.55,0.4,0.4,0.4,0.4,36.669195,10950,844975
2026-08-20 14:10:00,ATM-3,PE,265.0,281.05,0.4,0.45,0.4,0.45,36.932074,31025,843150
2026-08-20 14:15:00,ATM-3,PE,265.0,280.45,0.45,0.45,0.45,0.45,35.964602,0,841325
2026-08-20 14:20:00,ATM-3,PE,265.0,280.6,0.5,0.5,0.45,0.5,37.203408,5475,843150
2026-08-20 14:25:00,ATM-3,PE,265.0,281.0,0.5,0.5,0.5,0.5,37.879607,0,843150
2026-08-20 14:30:00,ATM-3,PE,265.0,280.8,0.5,0.5,0.5,0.5,37.560599,36500,841325
2026-08-20 14:35:00,ATM-3,PE,265.0,280.9,0.5,0.5,0.5,0.5,37.739046,16425,810300
2026-08-20 14:40:00,ATM-3,PE,265.0,280.85,0.5,0.5,0.5,0.5,37.66861,0,810300
2026-08-20 14:45:00,ATM-3,PE,265.0,280.85,0.5,0.5,0.5,0.5,37.681144,0,815775
2026-08-20 14:50:00,ATM-3,PE,265.0,280.3,0.55,0.55,0.5,0.55,37.707552,12775,812125
2026-08-20 14:55:00,ATM-3,PE,265.0,280.55,0.55,0.55,0.55,0.55,38.144374,0,812125
2026-08-20 15:00:00,ATM-3,PE,265.0,280.2,0.55,0.55,0.55,0.55,37.562485,0,812125
2026-08-20 15:05:00,ATM-3,PE,265.0,280.0,0.55,0.55,0.55,0.55,37.233762,0,812125
2026-08-20 15:10:00,ATM-3,PE,265.0,279.65,0.5,0.55,0.5,0.5,35.730626,3650,806650
2026-08-20 15:15:00,ATM-3,PE,265.0,279.65,0.5,0.5,0.45,0.45,34.78376,31025,806650
2026-08-20 15:20:00,ATM-3,PE,265.0,279.65,0.45,0.45,0.45,0.45,34.795358,3650,806650
2026-08-20 15:25:00,ATM-3,PE,265.0,279.0,0.45,0.5,0.45,0.45,33.718608,40150,799350
2026-08-20 15:30:00,ATM-3,PE,265.0,279.0,0.45,0.45,0.45,0.45,33.729848,9125,799350
2026-08-20 15:35:00,ATM-3,PE,265.0,279.0,0.45,0.5,0.45,0.45,33.741106,125925,704450
2026-08-21 09:15:00,ATM-3,PE,265.0,280.05,0.5,0.5,0.5,0.5,39.383769,1825,709925
2026-08-21 09:20:00,ATM-3,PE,265.0,280.75,0.5,0.5,0.4,0.4,38.472104,7300,709925
2026-08-21 09:25:00,ATM-3,PE,265.0,279.6,0.4,0.4,0.4,0.4,36.460181,0,702625
2026-08-21 09:30:00,ATM-3,PE,265.0,279.3,0.45,0.5,0.4,0.4,35.94007,29200,691675
2026-08-21 09:35:00,ATM-3,PE,265.0,279.3,0.4,0.4,0.4,0.4,35.954266,1825,691675
2026-08-21 09:40:00,ATM-3,PE,265.0,279.3,0.4,0.4,0.4,0.4,35.968483,0,691675
2026-08-21 09:45:00,ATM-3,PE,265.0,279.3,0.4,0.4,0.4,0.4,35.982709,0,691675
2026-08-21 09:50:00,ATM-3,PE,265.0,279.75,0.4,0.4,0.4,0.4,36.799166,0,691675
2026-08-21 09:55:00,ATM-3,PE,265.0,278.8,0.4,0.4,0.4,0.4,35.113278,0,691675
2026-08-21 10:00:00,ATM-3,PE,265.0,278.15,0.4,0.5,0.4,0.5,35.991756,87600,689850
2026-08-21 10:05:00,ATM-3,PE,265.0,278.0,0.5,0.5,0.5,0.5,35.722536,0,730000
2026-08-21 10:10:00,ATM-3,PE,265.0,278.0,0.5,0.5,0.5,0.5,35.736695,0,730000
2026-08-21 10:15:00,ATM-3,PE,265.0,277.6,0.5,0.55,0.25,0.55,35.928073,71175,724525
2026-08-21 10:20:00,ATM-3,PE,265.0,277.65,0.25,0.55,0.25,0.55,36.039136,7300,762850
2026-08-21 10:25:00,ATM-3,PE,265.0,277.7,0.5,0.55,0.5,0.5,35.209272,18250,761025
2026-08-21 10:30:00,ATM-3,PE,265.0,277.7,0.5,0.55,0.5,0.55,36.164595,9125,742775
2026-08-21 10:35:00,ATM-3,PE,260.0,277.3,0.55,0.55,0.25,0.25,37.991401,0,1494675
2026-08-21 10:40:00,ATM-3,PE,260.0,277.15,0.3,0.3,0.25,0.3,39.261161,1825,1492850
2026-08-21 10:45:00,ATM-3,PE,260.0,277.2,0.3,0.3,0.3,0.3,39.361248,0,1492850
2026-08-21 10:50:00,ATM-3,PE,260.0,276.95,0.3,0.3,0.3,0.3,38.954747,9125,1485550
2026-08-21 10:55:00,ATM-3,PE,260.0,277.3,0.3,0.3,0.3,0.3,39.561553,0,1485550
2026-08-21 11:00:00,ATM-3,PE,260.0,276.9,0.4,0.5,0.3,0.3,38.901416,43800,1485550
2026-08-21 11:05:00,ATM-3,PE,260.0,276.65,0.3,0.3,0.3,0.3,38.492652,0,1485550
2026-08-21 11:10:00,ATM-3,PE,260.0,276.7,0.3,0.3,0.3,0.3,38.59319,0,1485550
2026-08-21 11:15:00,ATM-3,PE,260.0,276.75,0.3,0.3,0.3,0.3,38.69377,0,1485550
2026-08-21 11:20:00,ATM-3,PE,260.0,277.25,0.3,0.3,0.3,0.3,39.556939,0,1485550
2026-08-21 11:25:00,ATM-3,PE,260.0,277.05,0.3,0.3,0.25,0.3,39.234407,5475,1483725
2026-08-21 11:30:00,ATM-3,PE,260.0,277.4,0.3,0.3,0.3,0.3,39.842419,1825,1487375
2026-08-21 11:35:00,ATM-3,PE,260.0,277.45,0.3,0.3,0.3,0.3,39.942983,3650,1487375
2026-08-21 11:40:00,ATM-3,PE,265.0,279.2,0.4,0.45,0.4,0.4,36.134338,5475,715400
2026-08-21 11:45:00,ATM-3,PE,265.0,280.1,0.35,0.4,0.3,0.3,35.296439,41975,720875
2026-08-21 11:50:00,ATM-3,PE,265.0,280.3,0.3,0.3,0.3,0.3,35.652429,0,720875
2026-08-21 11:55:00,ATM-3,PE,265.0,280.35,0.3,0.35,0.3,0.35,37.041599,1825,719050
2026-08-21 12:00:00,ATM-3,PE,265.0,281.3,0.35,0.35,0.3,0.3,37.377827,21900,719050
2026-08-21 12:05:00,ATM-3,PE,265.0,282.2,0.3,0.3,0.25,0.25,37.416107,9125,740950
2026-08-21 12:10:00,ATM-3,PE,265.0,282.15,0.25,0.25,0.25,0.25,37.35003,0,731825
2026-08-21 12:15:00,ATM-3,PE,265.0,281.8,0.25,0.25,0.25,0.25,36.794444,0,731825
2026-08-21 12:20:00,ATM-3,PE,270.0,284.05,0.25,0.55,0.25,0.35,34.204241,552975,2830575
2026-08-21 12:25:00,ATM-3,PE,270.0,285.2,0.4,0.4,0.35,0.4,37.391949,178850,2768525
2026-08-21 12:30:00,ATM-3,PE,270.0,283.3,0.35,0.4,0.35,0.4,34.020488,246375,2834225
2026-08-21 12:35:00,ATM-3,PE,270.0,283.55,0.45,0.5,0.4,0.45,35.540485,74825,2848825
2026-08-21 12:40:00,ATM-3,PE,270.0,283.7,0.45,0.45,0.45,0.45,35.830023,63875,2848825
2026-08-21 12:45:00,ATM-3,PE,270.0,283.8,0.45,0.45,0.45,0.45,36.027725,27375,2850650
2026-08-21 12:50:00,ATM-3,PE,270.0,284.4,0.45,0.45,0.4,0.4,36.051394,63875,2852475
2026-08-21 12:55:00,ATM-3,PE,270.0,283.9,0.4,0.4,0.4,0.4,35.171815,0,2863425
2026-08-21 13:00:00,ATM-3,PE,270.0,283.15,0.4,0.5,0.4,0.5,35.867159,32850,2857950
2026-08-21 13:05:00,ATM-3,PE,270.0,282.75,0.5,0.5,0.5,0.5,35.126271,0,2857950
2026-08-21 13:10:00,ATM-3,PE,270.0,283.15,0.5,0.5,0.45,0.45,34.903575,29200,2847000
2026-08-21 13:15:00,ATM-3,PE,270.0,282.7,0.45,0.5,0.45,0.5,35.060114,5475,2845175
2026-08-21 13:20:00,ATM-3,PE,270.0,282.55,0.5,0.5,0.25,0.5,34.789249,0,2848825
2026-08-21 13:25:00,ATM-3,PE,270.0,282.6,0.5,0.55,0.5,0.55,35.833513,62050,2848825
2026-08-21 13:30:00,ATM-3,PE,270.0,282.8,0.5,0.55,0.5,0.5,35.293118,36500,2847000
2026-08-21 13:35:00,ATM-3,PE,270.0,282.85,0.5,0.5,0.5,0.5,35.402478,0,2847000
2026-08-21 13:40:00,ATM-3,PE,270.0,282.85,0.55,0.55,0.5,0.5,35.417022,71175,2883500
2026-08-21 13:45:00,ATM-3,PE,270.0,283.0,0.5,0.5,0.5,0.5,35.715998,27375,2881675
2026-08-21 13:50:00,ATM-3,PE,270.0,283.3,0.5,0.5,0.5,0.5,36.297699,40150,2888975
2026-08-21 13:55:00,ATM-3,PE,270.0,283.3,0.5,0.5,0.5,0.5,36.312661,0,2888975
2026-08-21 14:00:00,ATM-3,PE,270.0,282.85,0.5,0.5,0.5,0.5,35.475386,3650,2879850
2026-08-21 14:05:00,ATM-3,PE,270.0,282.95,0.45,0.5,0.4,0.4,33.646454,12775,2879850
2026-08-21 14:10:00,ATM-3,PE,270.0,283.0,0.4,0.4,0.4,0.4,33.751981,1825,2879850
2026-08-21 14:15:00,ATM-3,PE,270.0,283.0,0.45,0.45,0.4,0.45,34.810919,3650,2879850
2026-08-21 14:20:00,ATM-3,PE,270.0,282.8,0.4,0.45,0.4,0.45,34.451152,18250,2879850
2026-08-21 14:25:00,ATM-3,PE,270.0,282.95,0.45,0.45,0.45,0.45,34.746268,1825,2881675
2026-08-21 14:30:00,ATM-3,PE,270.0,282.7,0.45,0.45,0.45,0.45,34.291978,0,2881675
2026-08-21 14:35:00,ATM-3,PE,270.0,282.8,0.45,0.45,0.4,0.4,33.454102,5475,2879850
2026-08-21 14:40:00,ATM-3,PE,270.0,282.75,0.4,0.45,0.4,0.45,34.414396,3650,2874375
2026-08-21 14:45:00,ATM-3,PE,270.0,283.0,0.45,0.45,0.4,0.4,33.849963,10950,2874375
2026-08-21 14:50:00,ATM-3,PE,270.0,282.9,0.4,0.4,0.4,0.4,33.680056,38325,2868900
2026-08-21 14:55:00,ATM-3,PE,270.0,282.8,0.4,0.4,0.4,0.4,33.50971,1825,2867075
2026-08-21 15:00:00,ATM-3,PE,270.0,283.35,0.4,0.4,0.35,0.4,34.534448,31025,2845175
2026-08-21 15:05:00,ATM-3,PE,270.0,282.8,0.4,0.4,0.4,0.4,33.537623,10950,2837875
2026-08-21 15:10:00,ATM-3,PE,265.0,281.8,0.4,0.45,0.25,0.25,37.330994,16425,667950
2026-08-21 15:15:00,ATM-3,PE,265.0,281.8,0.25,0.25,0.2,0.2,35.683577,3650,667950
2026-08-21 15:20:00,ATM-3,PE,265.0,281.8,0.2,0.2,0.2,0.2,35.698579,10950,664300
2026-08-21 15:25:00,ATM-3,PE,265.0,282.5,0.2,0.2,0.2,0.2,36.836679,0,664300
2026-08-21 15:30:00,ATM-3,PE,265.0,282.5,0.2,0.2,0.2,0.2,36.852215,0,664300
2026-08-21 15:35:00,ATM-3,PE,265.0,282.5,0.2,0.2,0.2,0.2,36.86777,3650,655175
2026-08-24 09:15:00,ATM-3,PE,270.0,282.9,0.4,0.4,0.3,0.3,55.338384,10950,2640775
2026-08-24 09:20:00,ATM-3,PE,270.0,282.65,0.25,0.3,0.25,0.25,52.38764,5475,2637125
2026-08-24 09:25:00,ATM-3,PE,265.0,281.75,0.25,0.25,0.1,0.1,55.471894,0,644225
2026-08-24 09:30:00,ATM-3,PE,265.0,281.8,0.1,0.1,0.1,0.1,55.68,0,644225
2026-08-24 09:35:00,ATM-3,PE,270.0,282.9,0.15,0.25,0.1,0.25,53.376295,38325,2633475
2026-08-24 09:40:00,ATM-3,PE,270.0,282.8,0.25,0.25,0.25,0.25,53.140298,23725,2633475
2026-08-24 09:45:00,ATM-3,PE,270.0,284.0,0.25,0.25,0.2,0.2,54.243474,40150,2628000
2026-08-24 09:50:00,ATM-3,PE,270.0,283.7,0.15,0.2,0.15,0.2,53.430077,45625,2635300
2026-08-24 09:55:00,ATM-3,PE,270.0,283.55,0.2,0.2,0.15,0.15,50.053306,29200,2624350
2026-08-24 10:00:00,ATM-3,PE,270.0,283.3,0.15,0.2,0.15,0.2,52.384804,16425,2633475
2026-08-24 10:05:00,ATM-3,PE,270.0,283.6,0.2,0.2,0.2,0.2,53.35526,7300,2631650
2026-08-24 10:10:00,ATM-3,PE,270.0,283.3,0.2,0.2,0.15,0.15,49.543123,3650,2629825
2026-08-24 10:15:00,ATM-3,PE,270.0,283.55,0.2,0.2,0.15,0.2,53.35527,9125,2624350
2026-08-24 10:20:00,ATM-3,PE,270.0,283.0,0.2,0.2,0.2,0.2,51.774023,10950,2618875
2026-08-24 10:25:00,ATM-3,PE,270.0,283.1,0.2,0.2,0.2,0.2,52.14971,0,2618875
2026-08-24 10:30:00,ATM-3,PE,270.0,282.55,0.2,0.2,0.2,0.2,50.55134,14600,2607925
2026-08-24 10:35:00,ATM-3,PE,270.0,282.65,0.05,0.15,0.05,0.15,47.996149,0,2576900
2026-08-24 10:40:00,ATM-3,PE,270.0,284.0,0.15,0.2,0.15,0.15,51.992166,9125,2575075
2026-08-24 10:45:00,ATM-3,PE,270.0,284.05,0.15,0.15,0.15,0.15,52.210728,3650,2576900
2026-08-24 10:50:00,ATM-3,PE,270.0,284.1,0.15,0.2,0.15,0.2,55.545741,1825,2573250
2026-08-24 10:55:00,ATM-3,PE,270.0,284.05,0.2,0.2,0.15,0.2,55.475213,3650,2571425
2026-08-24 11:00:00,ATM-3,PE,270.0,282.95,0.2,0.2,0.2,0.2,52.214673,0,2571425
2026-08-24 11:05:00,ATM-3,PE,270.0,282.7,0.2,0.2,0.2,0.2,51.522261,0,2571425
2026-08-24 11:10:00,ATM-3,PE,265.0,282.4,0.2,0.2,0.05,0.05,52.866455,69350,646050
2026-08-24 11:15:00,ATM-3,PE,265.0,282.25,0.15,0.15,0.05,0.05,52.568993,0,646050
2026-08-24 11:20:00,ATM-3,PE,265.0,282.05,0.05,0.1,0.05,0.1,58.122017,3650,646050
2026-08-24 11:25:00,ATM-3,PE,265.0,281.95,0.1,0.1,0.1,0.1,57.935036,0,646050
2026-08-24 11:30:00,ATM-3,PE,265.0,282.05,0.1,0.1,0.1,0.1,58.292751,0,646050
2026-08-24 11:35:00,ATM-3,PE,265.0,281.45,0.1,0.1,0.1,0.1,56.736234,0,646050
2026-08-24 11:40:00,ATM-3,PE,265.0,281.35,0.1,0.1,0.1,0.1,56.544869,0,646050
2026-08-24 11:45:00,ATM-3,PE,265.0,281.45,0.1,0.1,0.1,0.1,56.904348,0,646050
2026-08-24 11:50:00,ATM-3,PE,265.0,281.8,0.1,0.1,0.1,0.1,57.952762,0,646050
2026-08-24 11:55:00,ATM-3,PE,265.0,281.5,0.1,0.1,0.1,0.1,57.212139,0,646050
2026-08-24 12:00:00,ATM-3,PE,265.0,281.7,0.1,0.1,0.1,0.1,57.850279,0,646050
2026-08-24 12:05:00,ATM-3,PE,265.0,281.85,0.1,0.1,0.1,0.1,58.351333,0,646050
2026-08-24 12:10:00,ATM-3,PE,265.0,281.3,0.1,0.1,0.1,0.1,56.914657,0,646050
2026-08-24 12:15:00,ATM-3,PE,270.0,282.65,0.1,0.2,0.1,0.2,52.441178,0,2492950
2026-08-24 12:20:00,ATM-3,PE,270.0,282.65,0.1,0.15,0.1,0.15,49.496043,0,2489300
2026-08-24 12:25:00,ATM-3,PE,270.0,282.55,0.15,0.15,0.15,0.15,49.267805,23725,2487475
2026-08-24 12:30:00,ATM-3,PE,270.0,283.2,0.15,0.15,0.15,0.15,51.309368,0,2487475
2026-08-24 12:35:00,ATM-3,PE,270.0,283.35,0.15,0.15,0.15,0.15,51.839538,0,2487475
2026-08-24 12:40:00,ATM-3,PE,270.0,283.6,0.15,0.15,0.15,0.15,52.671214,1825,2487475
2026-08-24 12:45:00,ATM-3,PE,270.0,283.25,0.15,0.15,0.15,0.15,51.696503,0,2487475
2026-08-24 12:50:00,ATM-3,PE,270.0,283.1,0.15,0.15,0.15,0.15,51.321455,0,2487475
2026-08-24 12:55:00,ATM-3,PE,270.0,282.9,0.15,0.15,0.15,0.15,50.792036,1825,2485650
2026-08-24 13:00:00,ATM-3,PE,270.0,282.7,0.15,0.15,0.15,0.15,50.259324,0,2485650
2026-08-24 13:05:00,ATM-3,PE,270.0,282.7,0.15,0.2,0.1,0.2,53.41029,0,2480175
2026-08-24 13:10:00,ATM-3,PE,270.0,283.15,0.2,0.2,0.2,0.2,54.927145,0,2480175
2026-08-24 13:15:00,ATM-3,PE,270.0,283.25,0.2,0.2,0.2,0.2,55.330913,0,2480175
2026-08-24 13:20:00,ATM-3,PE,270.0,283.55,0.2,0.2,0.15,0.15,53.177076,7300,2478350
2026-08-24 13:25:00,ATM-3,PE,270.0,283.75,0.15,0.15,0.15,0.15,53.869776,0,2478350
2026-08-24 13:30:00,ATM-3,PE,270.0,283.3,0.15,0.15,0.15,0.15,52.58023,3650,2478350
2026-08-24 13:35:00,ATM-3,PE,270.0,283.65,0.15,0.15,0.15,0.15,53.735264,62050,2474700
2026-08-24 13:40:00,ATM-3,PE,270.0,283.7,0.15,0.15,0.15,0.15,53.973654,47450,2472875
2026-08-24 13:45:00,ATM-3,PE,270.0,283.65,0.15,0.15,0.15,0.15,53.906657,0,2471050
2026-08-24 13:50:00,ATM-3,PE,270.0,283.75,0.15,0.15,0.15,0.15,54.299692,5475,2467400
2026-08-24 13:55:00,ATM-3,PE,270.0,283.9,0.15,0.15,0.15,0.15,54.846993,5475,2461925
2026-08-24 14:00:00,ATM-3,PE,270.0,283.7,0.15,0.15,0.15,0.15,54.320806,20075,2447325
2026-08-24 14:05:00,ATM-3,PE,270.0,283.6,0.15,0.15,0.15,0.15,54.100208,0,2447325
2026-08-24 14:10:00,ATM-3,PE,270.0,283.5,0.15,0.15,0.15,0.15,53.878616,0,2447325
2026-08-24 14:15:00,ATM-3,PE,270.0,283.5,0.15,0.15,0.15,0.15,53.966301,0,2447325
2026-08-24 14:20:00,ATM-3,PE,270.0,283.4,0.15,0.2,0.15,0.2,56.979873,116800,2441850
2026-08-24 14:25:00,ATM-3,PE,270.0,283.6,0.2,0.2,0.2,0.2,57.720489,32850,2359725
2026-08-24 14:30:00,ATM-3,PE,270.0,284.0,0.2,0.2,0.2,0.2,59.106706,93075,2361550
2026-08-24 14:35:00,ATM-3,PE,270.0,283.8,0.2,0.2,0.2,0.2,58.558428,3650,2350600
2026-08-24 14:40:00,ATM-3,PE,270.0,284.05,0.2,0.25,0.2,0.25,62.375659,105850,2396225
2026-08-24 14:45:00,ATM-3,PE,270.0,283.95,0.25,0.25,0.25,0.25,62.145368,0,2396225
2026-08-24 14:50:00,ATM-3,PE,270.0,283.7,0.25,0.25,0.25,0.25,61.410621,5475,2399875
2026-08-24 14:55:00,ATM-3,PE,270.0,283.35,0.25,0.25,0.25,0.25,60.332417,0,2390750
2026-08-24 15:00:00,ATM-3,PE,270.0,283.05,0.3,0.3,0.25,0.25,59.414889,60225,2387100
2026-08-24 15:05:00,ATM-3,PE,270.0,283.6,0.3,0.3,0.25,0.25,61.382419,5475,2385275
2026-08-24 15:10:00,ATM-3,PE,270.0,283.25,0.25,0.25,0.25,0.25,60.297466,25550,2368850
2026-08-24 15:15:00,ATM-3,PE,270.0,283.25,0.25,0.3,0.25,0.3,62.979394,38325,2370675
2026-08-24 15:20:00,ATM-3,PE,270.0,283.25,0.3,0.3,0.2,0.2,57.636083,12775,2363375
2026-08-24 15:25:00,ATM-3,PE,270.0,284.25,0.2,0.2,0.2,0.2,61.025936,0,2363375
2026-08-24 15:30:00,ATM-3,PE,270.0,284.25,0.2,0.2,0.2,0.2,61.130524,0,2363375
2026-08-24 15:35:00,ATM-3,PE,270.0,284.25,0.2,0.25,0.2,0.2,61.235662,5475,2361550
2026-08-25 09:15:00,ATM-3,PE,275.0,288.3,0.15,0.35,0.1,0.1,96.779421,43800,1036600
2026-08-25 09:20:00,ATM-3,PE,275.0,288.4,0.1,0.1,0.05,0.05,87.408085,14600,1036600
2026-08-25 09:25:00,ATM-3,PE,275.0,289.1,0.05,0.1,0.05,0.1,102.752852,29200,1034775
2026-08-25 09:30:00,ATM-3,PE,270.0,286.95,0.05,0.1,0.05,0.1,0.0,9125,2346950
2026-08-25 09:35:00,ATM-3,PE,270.0,287.0,0.1,0.1,0.05,0.05,0.0,16425,2348775
2026-08-25 09:40:00,ATM-3,PE,270.0,286.35,0.05,0.05,0.05,0.05,0.0,0,2348775
2026-08-25 09:45:00,ATM-3,PE,270.0,284.85,0.05,0.05,0.05,0.05,100.224068,0,2348775
2026-08-25 09:50:00,ATM-3,PE,270.0,284.8,0.05,0.05,0.05,0.05,100.666471,0,2348775
2026-08-25 09:55:00,ATM-3,PE,270.0,284.8,0.05,0.05,0.05,0.05,0.0,3650,2348775
2026-08-25 10:00:00,ATM-3,PE,270.0,284.1,0.05,0.05,0.05,0.05,98.162303,0,2348775
2026-08-25 10:05:00,ATM-3,PE,270.0,284.9,0.05,0.05,0.05,0.05,0.0,0,2348775
2026-08-25 10:10:00,ATM-3,PE,270.0,285.25,0.05,0.05,0.05,0.05,0.0,20075,2348775
2026-08-25 10:15:00,ATM-3,PE,275.0,288.15,0.05,0.1,0.05,0.05,93.150183,29200,1014700
2026-08-25 10:20:00,ATM-3,PE,275.0,289.05,0.05,0.05,0.05,0.05,99.140331,3650,1014700
2026-08-25 10:25:00,ATM-3,PE,275.0,289.15,0.05,0.05,0.05,0.05,100.520124,0,1014700
2026-08-25 10:30:00,ATM-3,PE,275.0,288.55,0.05,0.05,0.05,0.05,97.789342,0,1014700
2026-08-25 10:35:00,ATM-3,PE,275.0,288.15,0.05,0.05,0.05,0.05,0.0,0,1014700
2026-08-25 10:40:00,ATM-3,PE,275.0,288.35,0.05,0.1,0.05,0.1,110.139588,3650,1012875
2026-08-25 10:45:00,ATM-3,PE,275.0,288.3,0.1,0.1,0.1,0.1,0.0,0,1012875
2026-08-25 10:50:00,ATM-3,PE,270.0,286.8,0.1,0.15,0.05,0.15,0.0,306600,2388925
2026-08-25 10:55:00,ATM-3,PE,270.0,287.4,0.15,0.15,0.1,0.15,0.0,114975,2325050
2026-08-25 11:00:00,ATM-3,PE,275.0,287.7,0.1,0.1,0.05,0.05,97.631583,5475,1023825
2026-08-25 11:05:00,ATM-3,PE,275.0,288.5,0.05,0.05,0.05,0.05,0.0,0,1023825
2026-08-25 11:10:00,ATM-3,PE,275.0,290.0,0.05,0.05,0.05,0.05,0.0,58400,1023825
2026-08-25 11:15:00,ATM-3,PE,275.0,289.75,0.1,0.1,0.05,0.1,0.0,104025,1023825
2026-08-25 11:20:00,ATM-3,PE,275.0,290.0,0.1,0.1,0.1,0.1,0.0,18250,941700
2026-08-25 11:25:00,ATM-3,PE,275.0,288.1,0.1,0.15,0.1,0.15,0.0,5475,921625
2026-08-25 11:30:00,ATM-3,PE,275.0,288.8,0.15,0.15,0.1,0.1,0.0,34675,919800
2026-08-25 11:35:00,ATM-3,PE,275.0,288.75,0.1,0.1,0.1,0.1,0.0,7300,885125
2026-08-25 11:40:00,ATM-3,PE,270.0,287.3,0.1,0.1,0.1,0.1,0.0,1825,2292200
2026-08-25 11:45:00,ATM-3,PE,275.0,287.75,0.1,0.1,0.1,0.1,0.0,7300,881475
2026-08-25 11:50:00,ATM-3,PE,275.0,287.9,0.1,0.1,0.1,0.1,0.0,0,881475
2026-08-25 11:55:00,ATM-3,PE,275.0,287.85,0.1,0.1,0.1,0.1,0.0,0,881475
2026-08-25 12:00:00,ATM-3,PE,270.0,287.5,0.1,0.1,0.1,0.1,0.0,0,2292200
2026-08-25 12:05:00,ATM-3,PE,275.0,288.15,0.1,0.1,0.1,0.1,0.0,7300,872350
2026-08-25 12:10:00,ATM-3,PE,275.0,288.0,0.1,0.15,0.1,0.15,0.0,27375,846800
2026-08-25 12:15:00,ATM-3,PE,275.0,288.35,0.15,0.15,0.1,0.1,0.0,14600,839500
2026-08-25 12:20:00,ATM-3,PE,275.0,287.9,0.1,0.1,0.1,0.1,0.0,38325,801175
2026-08-25 12:25:00,ATM-3,PE,270.0,286.8,0.1,0.1,0.05,0.05,0.0,1825,2290375
2026-08-25 12:30:00,ATM-3,PE,270.0,286.95,0.05,0.05,0.05,0.05,0.0,0,2290375
2026-08-25 12:35:00,ATM-3,PE,270.0,286.85,0.05,0.05,0.05,0.05,0.0,78475,2250225
2026-08-25 12:40:00,ATM-3,PE,270.0,287.0,0.05,0.05,0.05,0.05,0.0,1825,2231975
2026-08-25 12:45:00,ATM-3,PE,270.0,287.2,0.05,0.05,0.05,0.05,0.0,1825,2230150
2026-08-25 12:50:00,ATM-3,PE,270.0,287.5,0.05,0.05,0.05,0.05,0.0,0,2230150
2026-08-25 12:55:00,ATM-3,PE,275.0,287.55,0.1,0.1,0.05,0.1,0.0,71175,658825
2026-08-25 13:00:00,ATM-3,PE,270.0,286.8,0.05,0.1,0.05,0.1,0.0,18250,2204600
2026-08-25 13:05:00,ATM-3,PE,270.0,286.8,0.1,0.1,0.05,0.05,0.0,14600,2195475
2026-08-25 13:10:00,ATM-3,PE,270.0,287.15,0.05,0.05,0.05,0.05,0.0,12775,2177225
2026-08-25 13:15:00,ATM-3,PE,270.0,287.05,0.05,0.05,0.05,0.05,0.0,0,2177225
2026-08-25 13:20:00,ATM-3,PE,275.0,287.6,0.05,0.05,0.05,0.05,0.0,0,615025
2026-08-25 13:25:00,ATM-3,PE,270.0,287.4,0.05,0.05,0.05,0.05,0.0,5475,2177225
2026-08-25 13:30:00,ATM-3,PE,275.0,287.9,0.05,0.05,0.05,0.05,0.0,0,615025
2026-08-25 13:35:00,ATM-3,PE,275.0,288.1,0.05,0.05,0.05,0.05,0.0,0,615025
2026-08-25 13:40:00,ATM-3,PE,275.0,288.1,0.05,0.05,0.05,0.05,0.0,0,615025
2026-08-25 13:45:00,ATM-3,PE,275.0,288.0,0.05,0.05,0.05,0.05,0.0,0,615025
2026-08-25 13:50:00,ATM-3,PE,275.0,287.6,0.05,0.05,0.05,0.05,0.0,0,615025
2026-08-25 13:55:00,ATM-3,PE,270.0,287.5,0.05,0.05,0.05,0.05,0.0,0,2151675
2026-08-25 14:00:00,ATM-3,PE,270.0,287.4,0.05,0.05,0.05,0.05,0.0,23725,2151675
2026-08-25 14:05:00,ATM-3,PE,270.0,287.35,0.05,0.1,0.05,0.05,0.0,1825,2148025
2026-08-25 14:10:00,ATM-3,PE,275.0,287.6,0.05,0.1,0.05,0.1,0.0,3650,600425
2026-08-25 14:15:00,ATM-3,PE,270.0,287.45,0.05,0.1,0.05,0.05,0.0,0,2144375
2026-08-25 14:20:00,ATM-3,PE,270.0,287.35,0.05,0.1,0.05,0.05,0.0,31025,2146200
2026-08-25 14:25:00,ATM-3,PE,275.0,287.9,0.05,0.05,0.05,0.05,0.0,0,596775
2026-08-25 14:30:00,ATM-3,PE,275.0,287.9,0.05,0.05,0.05,0.05,0.0,0,552975
2026-08-25 14:35:00,ATM-3,PE,275.0,287.85,0.05,0.05,0.05,0.05,0.0,0,521950
2026-08-25 14:40:00,ATM-3,PE,275.0,287.85,0.1,0.1,0.05,0.1,0.0,80300,512825
2026-08-25 14:45:00,ATM-3,PE,275.0,287.85,0.1,0.1,0.1,0.1,0.0,0,512825
2026-08-25 14:50:00,ATM-3,PE,275.0,287.9,0.1,0.1,0.1,0.1,0.0,0,512825
2026-08-25 14:55:00,ATM-3,PE,275.0,287.65,0.1,0.1,0.05,0.1,0.0,10950,470850
2026-08-25 15:00:00,ATM-3,PE,275.0,287.55,0.05,0.1,0.05,0.05,0.0,18250,465375
2026-08-25 15:05:00,ATM-3,PE,275.0,287.55,0.05,0.05,0.05,0.05,0.0,0,461725
2026-08-25 15:10:00,ATM-3,PE,270.0,286.65,0.05,0.05,0.05,0.05,0.0,9125,2098750
2026-08-25 15:15:00,ATM-3,PE,270.0,286.65,0.05,0.05,0.05,0.05,0.0,3650,2089625
2026-08-25 15:20:00,ATM-3,PE,270.0,286.65,0.05,0.05,0.05,0.05,0.0,10950,2089625
2026-08-25 15:25:00,ATM-3,PE,270.0,287.4,0.05,0.05,0.05,0.05,0.0,0,2089625
2026-08-25 15:30:00,ATM-3,PE,270.0,287.4,0.05,0.05,0.05,0.05,0.0,5475,2089625
2026-08-25 15:35:00,ATM-3,PE,270.0,287.4,0.05,0.05,0.05,0.05,0.0,0,2089625
2026-08-20 09:15:00,ATM-2,CE,265.0,275.2,9.75,12.35,9.75,12.35,42.688521,3650,281050
2026-08-20 09:20:00,ATM-2,CE,265.0,274.4,12.35,12.35,11.55,11.55,40.907967,1825,282875
2026-08-20 09:25:00,ATM-2,CE,270.0,277.75,11.55,13.9,9.95,9.95,36.854964,16425,1717325
2026-08-20 09:30:00,ATM-2,CE,270.0,279.3,10.0,11.25,9.95,11.05,35.79106,417925,1629725
2026-08-20 09:35:00,ATM-2,CE,270.0,282.3,11.6,14.6,8.65,14.25,44.243993,326675,1558550
2026-08-20 09:40:00,ATM-2,CE,275.0,284.2,14.15,14.25,10.25,12.3,47.818744,323025,1543950
2026-08-20 09:45:00,ATM-2,CE,270.0,281.2,12.15,15.65,11.35,14.0,50.623162,114975,1560375
2026-08-20 09:50:00,ATM-2,CE,270.0,279.9,13.75,14.0,12.35,12.6,46.703766,104025,1556725
2026-08-20 09:55:00,ATM-2,CE,270.0,280.7,12.3,12.7,11.9,12.7,41.504733,62050,1543950
2026-08-20 10:00:00,ATM-2,CE,270.0,280.3,12.95,13.85,12.7,13.15,49.092184,23725,1534825
2026-08-20 10:05:00,ATM-2,CE,270.0,279.5,12.55,13.15,12.1,12.1,44.873574,20075,1525700
2026-08-20 10:10:00,ATM-2,CE,270.0,280.45,12.15,13.65,12.1,12.95,46.092833,36500,1523875
2026-08-20 10:15:00,ATM-2,CE,270.0,281.2,12.95,13.25,12.95,13.25,43.163272,5475,1518400
2026-08-20 10:20:00,ATM-2,CE,270.0,281.0,13.25,13.25,13.25,13.25,44.835566,0,1518400
2026-08-20 10:25:00,ATM-2,CE,270.0,281.15,13.25,13.45,12.95,13.45,45.691909,21900,1520225
2026-08-20 10:30:00,ATM-2,CE,270.0,280.7,13.45,13.45,12.8,12.8,42.66688,14600,1522050
2026-08-20 10:35:00,ATM-2,CE,270.0,281.15,12.8,13.15,12.8,13.15,42.590073,1825,1520225
2026-08-20 10:40:00,ATM-2,CE,270.0,281.0,13.15,13.15,13.0,13.0,42.288058,1825,1522050
2026-08-20 10:45:00,ATM-2,CE,270.0,280.85,13.1,13.1,13.0,13.0,43.561161,9125,1523875
2026-08-20 10:50:00,ATM-2,CE,270.0,281.0,13.0,13.0,13.0,13.0,42.320603,1825,1522050
2026-08-20 10:55:00,ATM-2,CE,270.0,280.25,13.0,13.0,13.0,13.0,48.220971,0,1522050
2026-08-20 11:00:00,ATM-2,CE,270.0,280.15,13.0,13.0,13.0,13.0,48.960076,0,1522050
2026-08-20 11:05:00,ATM-2,CE,270.0,280.2,13.0,13.0,12.1,12.15,40.124589,3650,1522050
2026-08-20 11:10:00,ATM-2,CE,270.0,280.2,12.35,12.6,12.15,12.25,41.189687,10950,1520225
2026-08-20 11:15:00,ATM-2,CE,270.0,280.45,12.25,12.3,12.25,12.25,39.074097,3650,1520225
2026-08-20 11:20:00,ATM-2,CE,270.0,280.45,12.35,12.35,12.1,12.35,40.174062,43800,1534825
2026-08-20 11:25:00,ATM-2,CE,270.0,280.7,12.35,12.5,12.35,12.45,39.076169,7300,1533000
2026-08-20 11:30:00,ATM-2,CE,270.0,280.75,12.45,12.65,12.45,12.65,40.843467,32850,1501975
2026-08-20 11:35:00,ATM-2,CE,270.0,280.3,12.65,12.65,12.0,12.0,37.715356,36500,1480075
2026-08-20 11:40:00,ATM-2,CE,270.0,279.3,12.0,12.05,12.0,12.05,46.151925,23725,1458175
2026-08-20 11:45:00,ATM-2,CE,270.0,279.2,11.6,12.05,11.3,11.3,39.599428,20075,1461825
2026-08-20 11:50:00,ATM-2,CE,270.0,279.5,11.35,11.45,11.3,11.45,38.74047,62050,1456350
2026-08-20 11:55:00,ATM-2,CE,270.0,279.45,11.45,11.45,11.1,11.3,37.594752,60225,1365100
2026-08-20 12:00:00,ATM-2,CE,270.0,279.2,11.4,11.4,10.85,11.05,37.064566,104025,1339550
2026-08-20 12:05:00,ATM-2,CE,270.0,278.8,11.0,11.05,10.8,10.8,37.745451,96725,1255600
2026-08-20 12:10:00,ATM-2,CE,270.0,279.6,10.8,11.05,10.8,11.05,33.518315,10950,1255600
2026-08-20 12:15:00,ATM-2,CE,270.0,280.0,11.45,11.7,11.05,11.7,37.205314,5475,1253775
2026-08-20 12:20:00,ATM-2,CE,270.0,280.35,11.75,12.2,11.7,12.2,39.608196,12775,1248300
2026-08-20 12:25:00,ATM-2,CE,270.0,280.45,12.15,12.2,12.15,12.15,38.179506,1825,1246475
2026-08-20 12:30:00,ATM-2,CE,270.0,280.3,12.15,12.15,12.15,12.15,39.532599,0,1246475
2026-08-20 12:35:00,ATM-2,CE,270.0,280.7,12.35,12.35,12.15,12.15,35.816156,9125,1241000
2026-08-20 12:40:00,ATM-2,CE,270.0,280.7,12.15,12.15,12.15,12.15,35.830847,0,1241000
2026-08-20 12:45:00,ATM-2,CE,270.0,281.2,12.15,12.75,12.15,12.75,38.048175,3650,1241000
2026-08-20 12:50:00,ATM-2,CE,270.0,281.4,12.75,13.0,12.75,12.8,36.633822,71175,1188075
2026-08-20 12:55:00,ATM-2,CE,270.0,281.8,12.8,13.5,12.1,13.35,39.282305,36500,1199025
2026-08-20 13:00:00,ATM-2,CE,270.0,281.2,13.0,13.35,13.0,13.0,40.978171,7300,1188075
2026-08-20 13:05:00,ATM-2,CE,270.0,281.2,13.0,13.0,13.0,13.0,40.99441,0,1188075
2026-08-20 13:10:00,ATM-2,CE,270.0,281.2,13.0,13.0,12.6,12.6,36.300878,1825,1186250
2026-08-20 13:15:00,ATM-2,CE,270.0,281.5,12.7,13.1,12.6,12.9,36.905768,9125,1186250
2026-08-20 13:20:00,ATM-2,CE,270.0,281.45,12.9,12.9,12.9,12.9,37.444742,0,1186250
2026-08-20 13:25:00,ATM-2,CE,270.0,281.6,12.9,12.9,12.9,12.9,35.850964,1825,1188075
2026-08-20 13:30:00,ATM-2,CE,270.0,282.15,12.9,12.9,12.9,12.9,28.389392,0,1189900
2026-08-20 13:35:00,ATM-2,CE,270.0,282.0,13.5,13.5,12.9,13.5,39.196836,3650,1189900
2026-08-20 13:40:00,ATM-2,CE,270.0,281.9,13.5,13.5,13.5,13.5,40.228378,0,1189900
2026-08-20 13:45:00,ATM-2,CE,270.0,281.3,13.5,13.5,12.75,12.75,37.22387,3650,1186250
2026-08-20 13:50:00,ATM-2,CE,270.0,281.25,12.75,12.75,12.75,12.75,37.749649,3650,1184425
2026-08-20 13:55:00,ATM-2,CE,270.0,281.4,12.75,12.75,12.75,12.75,36.198938,0,1184425
2026-08-20 14:00:00,ATM-2,CE,270.0,281.4,12.75,12.75,12.75,12.75,36.214078,0,1184425
2026-08-20 14:05:00,ATM-2,CE,270.0,281.55,12.75,12.75,12.75,12.75,34.543134,0,1184425
2026-08-20 14:10:00,ATM-2,CE,270.0,281.05,12.75,12.75,12.2,12.2,32.928332,16425,1178950
2026-08-20 14:15:00,ATM-2,CE,270.0,280.45,12.2,12.2,12.2,12.2,39.079615,0,1173475
2026-08-20 14:20:00,ATM-2,CE,270.0,280.6,12.2,12.2,12.2,12.2,37.701899,0,1173475
2026-08-20 14:25:00,ATM-2,CE,270.0,281.0,12.2,12.2,12.2,12.2,33.554009,0,1173475
2026-08-20 14:30:00,ATM-2,CE,270.0,280.8,12.2,12.55,12.2,12.55,39.867019,9125,1173475
2026-08-20 14:35:00,ATM-2,CE,270.0,280.9,12.55,12.55,12.2,12.2,34.700018,5475,1166175
2026-08-20 14:40:00,ATM-2,CE,270.0,280.85,12.2,12.2,12.2,12.2,35.251809,0,1166175
2026-08-20 14:45:00,ATM-2,CE,270.0,280.85,12.4,12.55,12.2,12.55,39.452405,18250,1155225
2026-08-20 14:50:00,ATM-2,CE,270.0,280.3,12.55,12.55,12.55,12.55,44.207736,0,1158875
2026-08-20 14:55:00,ATM-2,CE,270.0,280.55,12.55,12.55,12.55,12.55,42.15822,0,1158875
2026-08-20 15:00:00,ATM-2,CE,270.0,280.2,12.0,12.55,11.45,11.45,32.753367,29200,1157050
2026-08-20 15:05:00,ATM-2,CE,270.0,280.0,11.45,11.5,11.4,11.5,35.425817,32850,1144275
2026-08-20 15:10:00,ATM-2,CE,270.0,279.65,11.5,11.7,11.4,11.7,40.741569,25550,1133325
2026-08-20 15:15:00,ATM-2,CE,270.0,279.65,11.7,11.7,11.45,11.45,38.096754,3650,1133325
2026-08-20 15:20:00,ATM-2,CE,270.0,279.65,11.45,11.45,11.0,11.0,32.955327,3650,1129675
2026-08-20 15:25:00,ATM-2,CE,270.0,279.0,11.0,11.2,10.75,10.75,36.159578,14600,1126025
2026-08-20 15:30:00,ATM-2,CE,270.0,279.0,10.7,10.8,10.7,10.8,36.712159,5475,1118725
2026-08-20 15:35:00,ATM-2,CE,270.0,279.0,10.8,11.1,10.8,11.1,39.861079,12775,1113250
2026-08-21 09:15:00,ATM-2,CE,270.0,280.05,12.05,12.05,11.6,11.6,39.752648,7300,1111425
2026-08-21 09:20:00,ATM-2,CE,270.0,280.75,11.1,12.3,11.1,12.3,41.360421,23725,1111425
2026-08-21 09:25:00,ATM-2,CE,270.0,279.6,12.1,12.3,11.5,11.5,42.895911,21900,1100475
2026-08-21 09:30:00,ATM-2,CE,270.0,279.3,10.8,11.5,10.3,10.3,30.796729,21900,1091350
2026-08-21 09:35:00,ATM-2,CE,270.0,279.3,10.3,10.8,10.3,10.8,37.483234,1825,1089525
2026-08-21 09:40:00,ATM-2,CE,270.0,279.3,10.65,10.8,10.55,10.55,34.312117,3650,1091350
2026-08-21 09:45:00,ATM-2,CE,270.0,279.3,10.55,10.55,10.5,10.5,33.660142,1825,1089525
2026-08-21 09:50:00,ATM-2,CE,270.0,279.75,10.4,10.9,10.3,10.9,33.968974,18250,1102300
2026-08-21 09:55:00,ATM-2,CE,270.0,278.8,10.9,10.9,10.2,10.2,35.158469,18250,1105950
2026-08-21 10:00:00,ATM-2,CE,270.0,278.15,10.2,10.2,9.4,9.5,33.047168,20075,1105950
2026-08-21 10:05:00,ATM-2,CE,270.0,278.0,9.5,9.5,9.5,9.5,34.527651,1825,1105950
2026-08-21 10:10:00,ATM-2,CE,270.0,278.0,9.5,9.6,9.5,9.6,35.719092,9125,1102300
2026-08-21 10:15:00,ATM-2,CE,270.0,277.6,9.6,16.8,8.9,9.1,33.596486,3650,1102300
2026-08-21 10:20:00,ATM-2,CE,270.0,277.65,16.8,16.8,8.9,9.1,33.14262,14600,1100475
2026-08-21 10:25:00,ATM-2,CE,270.0,277.7,9.1,9.1,8.9,9.0,31.456325,9125,1100475
2026-08-21 10:30:00,ATM-2,CE,270.0,277.7,9.0,9.4,9.0,9.4,36.195998,9125,1102300
2026-08-21 10:35:00,ATM-2,CE,265.0,277.3,9.4,16.8,8.95,16.8,78.849661,3650,260975
2026-08-21 10:40:00,ATM-2,CE,265.0,277.15,16.8,16.8,16.8,16.8,79.964882,0,260975
2026-08-21 10:45:00,ATM-2,CE,265.0,277.2,16.8,16.8,16.8,16.8,79.640779,0,260975
2026-08-21 10:50:00,ATM-2,CE,265.0,276.95,16.8,16.8,16.8,16.8,81.455175,0,260975
2026-08-21 10:55:00,ATM-2,CE,265.0,277.3,16.8,16.8,16.8,16.8,78.987118,0,260975
2026-08-21 11:00:00,ATM-2,CE,265.0,276.9,8.95,16.8,8.65,16.8,81.877833,9125,260975
2026-08-21 11:05:00,ATM-2,CE,265.0,276.65,16.8,16.8,16.8,16.8,83.652226,0,260975
2026-08-21 11:10:00,ATM-2,CE,265.0,276.7,16.8,16.8,16.8,16.8,83.34339,0,260975
2026-08-21 11:15:00,ATM-2,CE,265.0,276.75,16.8,16.8,16.8,16.8,83.033007,0,260975
2026-08-21 11:20:00,ATM-2,CE,265.0,277.25,16.8,16.8,16.8,16.8,79.522915,0,260975
2026-08-21 11:25:00,ATM-2,CE,265.0,277.05,16.8,16.8,16.8,16.8,80.994619,0,260975
2026-08-21 11:30:00,ATM-2,CE,265.0,277.4,16.8,16.8,16.8,16.8,78.497664,0,260975
2026-08-21 11:35:00,ATM-2,CE,265.0,277.45,16.8,16.8,16.8,16.8,78.163636,0,260975
2026-08-21 11:40:00,ATM-2,CE,270.0,279.2,9.85,10.8,9.2,10.8,38.926118,38325,1085875
2026-08-21 11:45:00,ATM-2,CE,270.0,280.1,10.9,11.8,10.8,11.8,42.292204,7300,1080400
2026-08-21 11:50:00,ATM-2,CE,270.0,280.3,11.8,11.8,11.8,11.8,40.287334,0,1080400
2026-08-21 11:55:00,ATM-2,CE,270.0,280.35,11.8,11.8,11.8,11.8,39.776914,0,1080400
2026-08-21 12:00:00,ATM-2,CE,270.0,281.3,11.8,12.5,11.8,12.5,38.470258,20075,1082225
2026-08-21 12:05:00,ATM-2,CE,270.0,282.2,12.5,13.5,12.5,13.5,41.849307,14600,1087700
2026-08-21 12:10:00,ATM-2,CE,270.0,282.15,13.5,13.5,13.5,13.5,42.470832,0,1087700
2026-08-21 12:15:00,ATM-2,CE,270.0,281.8,13.5,13.5,13.5,13.5,46.370241,0,1084050
2026-08-21 12:20:00,ATM-2,CE,275.0,284.05,13.5,13.5,8.25,10.25,32.962314,69350,980025
2026-08-21 12:25:00,ATM-2,CE,275.0,285.2,10.35,10.55,10.25,10.55,17.273306,16425,983675
2026-08-21 12:30:00,ATM-2,CE,275.0,283.3,11.1,11.1,10.55,11.0,48.056661,9125,983675
2026-08-21 12:35:00,ATM-2,CE,275.0,283.55,11.0,11.0,9.45,10.15,36.841311,45625,983675
2026-08-21 12:40:00,ATM-2,CE,275.0,283.7,10.0,10.55,9.9,10.25,36.623744,45625,978200
2026-08-21 12:45:00,ATM-2,CE,275.0,283.8,10.25,10.4,10.2,10.4,37.472158,10950,974550
2026-08-21 12:50:00,ATM-2,CE,275.0,284.4,10.4,11.05,10.4,11.05,39.502667,9125,970900
2026-08-21 12:55:00,ATM-2,CE,275.0,283.9,11.05,11.05,10.5,10.5,37.74584,3650,969075
2026-08-21 13:00:00,ATM-2,CE,275.0,283.15,10.5,10.5,9.55,9.55,33.593222,5475,967250
2026-08-21 13:05:00,ATM-2,CE,275.0,282.75,9.55,9.55,9.1,9.1,32.062607,7300,967250
2026-08-21 13:10:00,ATM-2,CE,275.0,283.15,9.1,9.3,9.05,9.3,30.465821,10950,965425
2026-08-21 13:15:00,ATM-2,CE,275.0,282.7,9.5,9.5,9.3,9.5,37.181969,1825,952650
2026-08-21 13:20:00,ATM-2,CE,275.0,282.55,9.5,13.75,9.0,9.0,32.834735,0,952650
2026-08-21 13:25:00,ATM-2,CE,275.0,282.6,9.4,9.4,9.0,9.4,36.96597,1825,952650
2026-08-21 13:30:00,ATM-2,CE,275.0,282.8,9.4,9.4,9.25,9.25,33.467197,1825,952650
2026-08-21 13:35:00,ATM-2,CE,275.0,282.85,9.25,9.25,9.25,9.25,33.002971,0,952650
2026-08-21 13:40:00,ATM-2,CE,275.0,282.85,9.25,9.25,9.25,9.25,33.019523,0,952650
2026-08-21 13:45:00,ATM-2,CE,275.0,283.0,9.25,9.25,9.25,9.25,31.529753,0,952650
2026-08-21 13:50:00,ATM-2,CE,275.0,283.3,9.25,9.25,9.2,9.2,27.413526,3650,950825
2026-08-21 13:55:00,ATM-2,CE,275.0,283.3,9.2,9.2,9.2,9.2,27.428563,0,950825
2026-08-21 14:00:00,ATM-2,CE,275.0,282.85,9.2,9.2,9.0,9.0,29.947044,3650,952650
2026-08-21 14:05:00,ATM-2,CE,275.0,282.95,9.0,9.0,9.0,9.0,28.849284,0,952650
2026-08-21 14:10:00,ATM-2,CE,275.0,283.0,9.0,9.0,9.0,9.0,28.281423,5475,950825
2026-08-21 14:15:00,ATM-2,CE,275.0,283.0,9.0,9.0,9.0,9.0,28.296593,0,950825
2026-08-21 14:20:00,ATM-2,CE,275.0,282.8,9.15,9.15,9.0,9.15,32.4245,1825,949000
2026-08-21 14:25:00,ATM-2,CE,275.0,282.95,9.1,9.15,8.8,8.8,26.024889,7300,947175
2026-08-21 14:30:00,ATM-2,CE,275.0,282.7,8.8,8.8,8.8,8.8,29.041507,3650,947175
2026-08-21 14:35:00,ATM-2,CE,275.0,282.8,8.8,8.8,8.8,8.8,27.918983,0,947175
2026-08-21 14:40:00,ATM-2,CE,275.0,282.75,8.8,8.8,8.8,8.8,28.512063,0,947175
2026-08-21 14:45:00,ATM-2,CE,275.0,283.0,8.8,9.05,8.8,9.05,29.083131,3650,945350
2026-08-21 14:50:00,ATM-2,CE,275.0,282.9,9.1,9.1,8.9,8.9,28.18404,7300,938050
2026-08-21 14:55:00,ATM-2,CE,275.0,282.8,8.9,8.9,8.9,8.9,29.344242,0,938050
2026-08-21 15:00:00,ATM-2,CE,275.0,283.35,8.95,8.95,8.9,8.95,22.599567,7300,936225
2026-08-21 15:05:00,ATM-2,CE,275.0,282.8,8.95,8.95,8.95,8.95,30.037116,1825,932575
2026-08-21 15:10:00,ATM-2,CE,270.0,281.8,8.95,13.25,8.95,12.7,35.511338,29200,1016525
2026-08-21 15:15:00,ATM-2,CE,270.0,281.8,12.7,12.7,12.7,12.7,35.530603,0,1016525
2026-08-21 15:20:00,ATM-2,CE,270.0,281.8,12.7,13.1,12.7,13.0,40.339371,7300,1009225
2026-08-21 15:25:00,ATM-2,CE,270.0,282.5,13.0,13.2,13.0,13.2,33.117065,1825,1007400
2026-08-21 15:30:00,ATM-2,CE,270.0,282.5,13.2,13.8,13.2,13.8,43.366843,1825,1005575
2026-08-21 15:35:00,ATM-2,CE,270.0,282.5,13.8,14.5,13.6,14.15,48.238076,20075,998275
2026-08-24 09:15:00,ATM-2,CE,275.0,282.9,9.85,9.85,9.85,9.85,73.850088,1825,921625
2026-08-24 09:20:00,ATM-2,CE,275.0,282.65,9.85,9.85,8.9,8.9,58.91967,5475,919800
2026-08-24 09:25:00,ATM-2,CE,270.0,281.75,9.1,13.8,8.9,12.85,73.700487,18250,1003750
2026-08-24 09:30:00,ATM-2,CE,270.0,281.8,12.85,12.85,12.5,12.5,62.924268,5475,1001925
2026-08-24 09:35:00,ATM-2,CE,275.0,282.9,12.5,12.5,7.85,8.6,47.434646,12775,866875
2026-08-24 09:40:00,ATM-2,CE,275.0,282.8,9.2,9.2,8.6,9.0,58.846813,43800,843150
2026-08-24 09:45:00,ATM-2,CE,275.0,284.0,9.1,9.3,8.85,9.3,38.485263,14600,830375
2026-08-24 09:50:00,ATM-2,CE,275.0,283.7,10.1,10.2,9.3,10.2,69.335615,45625,808475
2026-08-24 09:55:00,ATM-2,CE,275.0,283.55,9.9,10.2,9.8,9.8,63.436435,14600,801175
2026-08-24 10:00:00,ATM-2,CE,275.0,283.3,9.8,9.85,9.3,9.3,56.817034,10950,795700
2026-08-24 10:05:00,ATM-2,CE,275.0,283.6,9.4,9.45,9.0,9.45,54.486663,27375,788400
2026-08-24 10:10:00,ATM-2,CE,275.0,283.3,9.45,9.6,9.45,9.6,63.723914,7300,786575
2026-08-24 10:15:00,ATM-2,CE,275.0,283.55,9.6,9.6,9.35,9.35,53.180865,3650,786575
2026-08-24 10:20:00,ATM-2,CE,275.0,283.0,9.35,9.35,9.35,9.35,63.660091,0,786575
2026-08-24 10:25:00,ATM-2,CE,275.0,283.1,9.35,9.35,9.1,9.1,56.410235,1825,782925
2026-08-24 10:30:00,ATM-2,CE,275.0,282.55,9.1,9.1,8.9,8.9,61.827913,52925,781100
2026-08-24 10:35:00,ATM-2,CE,275.0,282.65,15.0,15.0,8.7,8.85,59.158677,5475,739125
2026-08-24 10:40:00,ATM-2,CE,275.0,284.0,8.85,9.4,8.85,9.4,43.22434,14600,733650
2026-08-24 10:45:00,ATM-2,CE,275.0,284.05,9.4,9.4,9.4,9.4,41.544577,0,733650
2026-08-24 10:50:00,ATM-2,CE,275.0,284.1,9.4,9.4,9.4,9.4,39.66679,0,733650
2026-08-24 10:55:00,ATM-2,CE,275.0,284.05,9.4,9.4,9.4,9.4,41.68437,0,733650
2026-08-24 11:00:00,ATM-2,CE,275.0,282.95,9.4,9.4,9.4,9.4,66.329689,0,733650
2026-08-24 11:05:00,ATM-2,CE,275.0,282.7,9.4,9.4,9.4,9.4,70.397997,0,733650
2026-08-24 11:10:00,ATM-2,CE,270.0,282.4,8.45,13.75,8.45,13.75,85.059347,1825,983675
2026-08-24 11:15:00,ATM-2,CE,270.0,282.25,8.35,13.75,8.35,13.75,88.187406,5475,983675
2026-08-24 11:20:00,ATM-2,CE,270.0,282.05,13.75,13.75,13.75,13.75,92.109166,0,983675
2026-08-24 11:25:00,ATM-2,CE,270.0,281.95,13.75,13.75,13.75,13.75,94.067403,0,983675
2026-08-24 11:30:00,ATM-2,CE,270.0,282.05,13.75,13.75,13.75,13.75,92.391385,0,983675
2026-08-24 11:35:00,ATM-2,CE,270.0,281.45,13.75,13.75,13.75,13.75,102.850637,0,983675
2026-08-24 11:40:00,ATM-2,CE,270.0,281.35,13.75,13.75,13.75,13.75,104.607306,0,983675
2026-08-24 11:45:00,ATM-2,CE,270.0,281.45,13.75,13.75,13.75,13.75,103.166209,0,983675
2026-08-24 11:50:00,ATM-2,CE,270.0,281.8,13.75,13.75,13.75,13.75,97.453909,0,983675
2026-08-24 11:55:00,ATM-2,CE,270.0,281.5,13.75,13.75,13.75,13.75,102.670195,0,983675
2026-08-24 12:00:00,ATM-2,CE,270.0,281.7,13.75,13.75,12.5,12.5,68.637848,1825,981850
2026-08-24 12:05:00,ATM-2,CE,270.0,281.85,12.5,12.55,12.5,12.55,66.225734,1825,980025
2026-08-24 12:10:00,ATM-2,CE,270.0,281.3,12.55,12.55,12.55,12.55,79.467185,0,980025
2026-08-24 12:15:00,ATM-2,CE,275.0,282.65,12.55,12.55,7.75,7.75,22.00785,5475,715400
2026-08-24 12:20:00,ATM-2,CE,275.0,282.65,13.4,13.4,8.8,8.8,59.996018,0,709925
2026-08-24 12:25:00,ATM-2,CE,275.0,282.55,8.8,8.8,8.8,8.8,61.881176,0,709925
2026-08-24 12:30:00,ATM-2,CE,275.0,283.2,8.8,8.8,8.8,8.8,48.49149,0,709925
2026-08-24 12:35:00,ATM-2,CE,275.0,283.35,8.8,8.8,8.8,8.8,44.380016,0,709925
2026-08-24 12:40:00,ATM-2,CE,275.0,283.6,8.8,8.8,8.8,8.8,34.43291,0,709925
2026-08-24 12:45:00,ATM-2,CE,275.0,283.25,8.8,9.05,8.8,9.05,54.532749,1825,708100
2026-08-24 12:50:00,ATM-2,CE,275.0,283.1,9.05,9.05,9.05,9.05,57.825053,0,708100
2026-08-24 12:55:00,ATM-2,CE,275.0,282.9,9.05,9.05,9.05,9.05,61.82082,1825,706275
2026-08-24 13:00:00,ATM-2,CE,275.0,282.7,9.05,9.05,8.75,8.75,58.673753,7300,706275
2026-08-24 13:05:00,ATM-2,CE,275.0,282.7,8.75,13.4,8.75,8.75,58.770903,3650,702625
2026-08-24 13:10:00,ATM-2,CE,275.0,283.15,8.75,8.75,8.75,8.75,48.954577,0,702625
2026-08-24 13:15:00,ATM-2,CE,275.0,283.25,8.75,9.2,8.75,9.2,58.962592,5475,702625
2026-08-24 13:20:00,ATM-2,CE,275.0,283.55,9.2,9.45,9.2,9.45,59.083728,1825,700800
2026-08-24 13:25:00,ATM-2,CE,275.0,283.75,9.45,9.45,9.45,9.45,54.567605,0,700800
2026-08-24 13:30:00,ATM-2,CE,275.0,283.3,9.45,9.45,9.45,9.45,64.369069,0,700800
2026-08-24 13:35:00,ATM-2,CE,275.0,283.65,9.45,9.45,9.45,9.45,57.146603,0,700800
2026-08-24 13:40:00,ATM-2,CE,275.0,283.7,9.45,9.45,9.45,9.45,56.068515,0,700800
2026-08-24 13:45:00,ATM-2,CE,275.0,283.65,9.45,9.45,9.45,9.45,57.342662,0,700800
2026-08-24 13:50:00,ATM-2,CE,275.0,283.75,9.45,9.45,9.45,9.45,55.039674,0,700800
2026-08-24 13:55:00,ATM-2,CE,275.0,283.9,9.55,9.55,9.45,9.55,54.266007,1825,698975
2026-08-24 14:00:00,ATM-2,CE,275.0,283.7,9.55,9.55,9.55,9.55,59.212912,0,698975
2026-08-24 14:05:00,ATM-2,CE,275.0,283.6,9.55,9.55,9.55,9.55,61.517189,0,698975
2026-08-24 14:10:00,ATM-2,CE,275.0,283.5,9.55,9.55,9.55,9.55,63.713731,1825,697150
2026-08-24 14:15:00,ATM-2,CE,275.0,283.5,9.55,10.55,9.55,9.7,67.482844,114975,678900
2026-08-24 14:20:00,ATM-2,CE,275.0,283.4,9.7,9.7,9.7,9.7,69.492788,23725,651525
2026-08-24 14:25:00,ATM-2,CE,275.0,283.6,9.7,9.8,9.7,9.8,68.179447,58400,649700
2026-08-24 14:30:00,ATM-2,CE,275.0,284.0,10.0,10.0,9.8,10.0,65.123637,16425,631450
2026-08-24 14:35:00,ATM-2,CE,275.0,283.8,10.35,10.35,10.0,10.3,76.382102,40150,625975
2026-08-24 14:40:00,ATM-2,CE,275.0,284.05,10.2,10.3,10.05,10.05,65.57442,52925,609550
2026-08-24 14:45:00,ATM-2,CE,275.0,283.95,10.05,10.05,10.05,10.05,67.799722,0,576700
2026-08-24 14:50:00,ATM-2,CE,275.0,283.7,10.3,10.3,10.05,10.1,73.993389,73000,552975
2026-08-24 14:55:00,ATM-2,CE,275.0,283.35,10.1,10.1,10.1,10.1,80.259157,1825,549325
2026-08-24 15:00:00,ATM-2,CE,275.0,283.05,10.1,10.1,9.3,9.3,67.611368,82125,549325
2026-08-24 15:05:00,ATM-2,CE,275.0,283.6,9.3,10.0,9.3,10.0,73.901272,3650,469025
2026-08-24 15:10:00,ATM-2,CE,275.0,283.25,10.0,10.3,10.0,10.0,80.172325,14600,465375
2026-08-24 15:15:00,ATM-2,CE,275.0,283.25,10.0,10.55,10.0,10.55,91.960112,5475,463550
2026-08-24 15:20:00,ATM-2,CE,275.0,283.25,10.55,11.3,10.55,11.3,107.193895,29200,459900
2026-08-24 15:25:00,ATM-2,CE,275.0,284.25,11.3,11.3,11.3,11.3,92.274295,0,459900
2026-08-24 15:30:00,ATM-2,CE,275.0,284.25,11.3,11.3,11.3,11.3,92.438027,0,459900
2026-08-24 15:35:00,ATM-2,CE,275.0,284.25,11.3,11.3,9.9,9.9,57.715258,20075,461725
2026-08-25 09:15:00,ATM-2,CE,280.0,288.3,9.3,9.3,5.0,8.25,0.0,32850,1191725
2026-08-25 09:20:00,ATM-2,CE,280.0,288.4,8.85,8.9,8.25,8.6,75.496444,54750,1164350
2026-08-25 09:25:00,ATM-2,CE,280.0,289.1,8.8,10.2,8.4,10.0,127.246349,122275,1045725
2026-08-25 09:30:00,ATM-2,CE,275.0,286.95,14.5,14.6,11.75,11.75,0.0,10950,390550
2026-08-25 09:35:00,ATM-2,CE,275.0,287.0,12.3,12.3,11.75,12.0,0.0,9125,386900
2026-08-25 09:40:00,ATM-2,CE,275.0,286.35,12.0,12.55,12.0,12.55,168.671266,5475,385075
2026-08-25 09:45:00,ATM-2,CE,275.0,284.85,12.55,12.55,10.0,10.0,83.908138,14600,377775
2026-08-25 09:50:00,ATM-2,CE,275.0,284.8,10.3,10.3,10.0,10.25,112.144046,7300,372300
2026-08-25 09:55:00,ATM-2,CE,275.0,284.8,10.25,10.25,10.2,10.2,109.17559,10950,370475
2026-08-25 10:00:00,ATM-2,CE,275.0,284.1,10.2,10.2,10.2,10.2,146.999961,5475,359525
2026-08-25 10:05:00,ATM-2,CE,275.0,284.9,9.7,10.2,9.7,9.7,0.0,5475,357700
2026-08-25 10:10:00,ATM-2,CE,275.0,285.25,9.7,9.7,9.7,9.7,0.0,0,357700
2026-08-25 10:15:00,ATM-2,CE,280.0,288.15,9.7,9.7,7.3,7.6,0.0,41975,771975
2026-08-25 10:20:00,ATM-2,CE,280.0,289.05,7.6,9.95,7.6,9.4,101.443814,38325,748250
2026-08-25 10:25:00,ATM-2,CE,280.0,289.15,9.05,9.5,9.05,9.5,103.083938,12775,740950
2026-08-25 10:30:00,ATM-2,CE,280.0,288.55,9.5,9.7,9.0,9.0,106.717835,56575,739125
2026-08-25 10:35:00,ATM-2,CE,280.0,288.15,8.6,9.0,8.5,8.55,100.449952,67525,719050
2026-08-25 10:40:00,ATM-2,CE,280.0,288.35,9.4,9.55,8.5,8.6,90.250283,180675,662475
2026-08-25 10:45:00,ATM-2,CE,280.0,288.3,8.6,9.05,8.6,9.0,124.090145,12775,658825
2026-08-25 10:50:00,ATM-2,CE,275.0,286.8,8.8,14.0,8.8,11.9,98.652781,83950,312075
2026-08-25 10:55:00,ATM-2,CE,275.0,287.4,11.75,13.0,7.65,13.0,0.0,27375,295650
2026-08-25 11:00:00,ATM-2,CE,280.0,287.7,7.9,8.25,7.9,7.9,83.125538,5475,580350
2026-08-25 11:05:00,ATM-2,CE,280.0,288.5,7.9,9.5,7.9,9.5,148.925272,58400,558450
2026-08-25 11:10:00,ATM-2,CE,280.0,290.0,9.5,10.7,9.5,10.7,0.0,27375,540200
2026-08-25 11:15:00,ATM-2,CE,280.0,289.75,10.7,10.7,10.4,10.4,142.061213,10950,518300
2026-08-25 11:20:00,ATM-2,CE,280.0,290.0,10.75,11.15,10.4,11.15,178.408098,5475,516475
2026-08-25 11:25:00,ATM-2,CE,280.0,288.1,10.55,11.15,10.55,10.55,225.828258,3650,514650
2026-08-25 11:30:00,ATM-2,CE,280.0,288.8,10.55,10.55,9.25,9.25,121.688806,1825,511000
2026-08-25 11:35:00,ATM-2,CE,280.0,288.75,9.25,9.25,9.25,9.25,126.522543,0,511000
2026-08-25 11:40:00,ATM-2,CE,275.0,287.3,9.25,13.3,8.45,13.3,0.0,29200,290175
2026-08-25 11:45:00,ATM-2,CE,280.0,287.75,8.25,13.25,8.05,8.65,146.617024,7300,479975
2026-08-25 11:50:00,ATM-2,CE,280.0,287.9,8.65,8.65,8.3,8.3,113.812312,1825,479975
2026-08-25 11:55:00,ATM-2,CE,280.0,287.85,8.3,8.3,8.3,8.3,118.841084,0,479975
2026-08-25 12:00:00,ATM-2,CE,275.0,287.5,8.3,13.25,8.3,13.25,0.0,0,290175
2026-08-25 12:05:00,ATM-2,CE,280.0,288.15,8.3,9.35,8.3,9.35,177.396272,5475,478150
2026-08-25 12:10:00,ATM-2,CE,280.0,288.0,9.35,9.35,8.55,8.55,133.033492,1825,476325
2026-08-25 12:15:00,ATM-2,CE,280.0,288.35,8.55,8.55,8.55,8.55,104.046186,0,476325
2026-08-25 12:20:00,ATM-2,CE,280.0,287.9,8.55,8.65,8.55,8.65,150.618153,1825,474500
2026-08-25 12:25:00,ATM-2,CE,275.0,286.8,13.5,13.5,13.5,13.5,0.0,0,275575
2026-08-25 12:30:00,ATM-2,CE,275.0,286.95,13.5,13.5,13.5,13.5,0.0,0,275575
2026-08-25 12:35:00,ATM-2,CE,275.0,286.85,13.5,13.5,13.5,13.5,0.0,0,275575
2026-08-25 12:40:00,ATM-2,CE,275.0,287.0,13.5,13.5,13.5,13.5,0.0,0,275575
2026-08-25 12:45:00,ATM-2,CE,275.0,287.2,13.5,13.5,13.5,13.5,0.0,0,275575
2026-08-25 12:50:00,ATM-2,CE,275.0,287.5,13.2,13.5,13.2,13.2,0.0,1825,277400
2026-08-25 12:55:00,ATM-2,CE,280.0,287.55,7.9,13.2,7.9,8.05,140.634721,12775,427050
2026-08-25 13:00:00,ATM-2,CE,275.0,286.8,13.2,13.2,12.2,12.2,0.0,20075,275575
2026-08-25 13:05:00,ATM-2,CE,275.0,286.8,12.2,12.2,12.2,12.2,0.0,0,275575
2026-08-25 13:10:00,ATM-2,CE,275.0,287.15,12.2,12.2,12.2,12.2,0.0,0,275575
2026-08-25 13:15:00,ATM-2,CE,275.0,287.05,12.2,12.2,12.2,12.2,0.0,0,275575
2026-08-25 13:20:00,ATM-2,CE,280.0,287.6,12.2,12.2,7.95,8.0,143.511919,3650,410625
2026-08-25 13:25:00,ATM-2,CE,275.0,287.4,12.2,12.2,12.2,12.2,0.0,0,275575
2026-08-25 13:30:00,ATM-2,CE,280.0,287.9,12.2,12.2,7.95,7.95,94.09777,0,406975
2026-08-25 13:35:00,ATM-2,CE,280.0,288.1,7.95,7.95,7.95,7.95,0.0,0,406975
2026-08-25 13:40:00,ATM-2,CE,280.0,288.1,7.95,8.7,7.95,8.7,0.0,7300,405150
2026-08-25 13:45:00,ATM-2,CE,280.0,288.0,8.7,8.7,8.7,8.7,0.0,0,405150
2026-08-25 13:50:00,ATM-2,CE,280.0,287.6,8.7,8.7,8.7,8.7,0.0,0,405150
2026-08-25 13:55:00,ATM-2,CE,275.0,287.5,12.2,12.2,8.2,12.2,0.0,0,275575
2026-08-25 14:00:00,ATM-2,CE,275.0,287.4,8.2,13.0,8.2,13.0,0.0,10950,275575
2026-08-25 14:05:00,ATM-2,CE,275.0,287.35,13.0,13.0,8.0,13.0,0.0,0,275575
2026-08-25 14:10:00,ATM-2,CE,280.0,287.6,13.0,13.0,8.0,8.0,0.0,1825,399675
2026-08-25 14:15:00,ATM-2,CE,275.0,287.45,13.0,13.0,7.95,13.0,0.0,3650,275575
2026-08-25 14:20:00,ATM-2,CE,275.0,287.35,13.0,13.0,13.0,13.0,0.0,0,275575
2026-08-25 14:25:00,ATM-2,CE,280.0,287.9,13.0,13.0,8.0,8.15,0.0,1825,399675
2026-08-25 14:30:00,ATM-2,CE,280.0,287.9,8.15,8.6,8.15,8.6,0.0,36500,399675
2026-08-25 14:35:00,ATM-2,CE,280.0,287.85,8.6,9.05,8.6,9.05,0.0,1825,396025
2026-08-25 14:40:00,ATM-2,CE,280.0,287.85,8.8,9.05,8.8,8.8,0.0,16425,396025
2026-08-25 14:45:00,ATM-2,CE,280.0,287.85,8.8,9.35,8.8,9.0,0.0,5475,388725
2026-08-25 14:50:00,ATM-2,CE,280.0,287.9,9.0,9.2,9.0,9.2,0.0,10950,383250
2026-08-25 14:55:00,ATM-2,CE,280.0,287.65,9.2,14.15,9.2,9.2,0.0,0,383250
2026-08-25 15:00:00,ATM-2,CE,280.0,287.55,14.15,14.15,9.2,9.2,0.0,0,383250
2026-08-25 15:05:00,ATM-2,CE,280.0,287.55,14.15,14.15,8.3,8.3,0.0,0,379600
2026-08-25 15:10:00,ATM-2,CE,275.0,286.65,14.05,14.15,14.05,14.05,0.0,1825,268275
2026-08-25 15:15:00,ATM-2,CE,275.0,286.65,13.65,14.05,13.65,13.65,0.0,3650,266450
2026-08-25 15:20:00,ATM-2,CE,275.0,286.65,13.65,13.65,13.65,13.65,0.0,0,266450
2026-08-25 15:25:00,ATM-2,CE,275.0,287.4,13.65,13.9,13.65,13.9,0.0,25550,266450
2026-08-25 15:30:00,ATM-2,CE,275.0,287.4,13.9,13.9,11.35,11.35,0.0,7300,262800
2026-08-25 15:35:00,ATM-2,CE,275.0,287.4,11.35,11.35,11.35,11.35,0.0,0,262800
2026-08-20 09:15:00,ATM-2,PE,265.0,275.2,1.25,1.25,1.15,1.25,37.076903,31025,883300
2026-08-20 09:20:00,ATM-2,PE,265.0,274.4,1.25,1.35,1.25,1.35,36.50513,16425,890600
2026-08-20 09:25:00,ATM-2,PE,270.0,277.75,1.25,1.9,1.0,1.8,36.745686,38325,3279525
2026-08-20 09:30:00,ATM-2,PE,270.0,279.3,1.85,1.85,1.45,1.5,37.248775,585825,3272225
2026-08-20 09:35:00,ATM-2,PE,270.0,282.3,1.45,2.65,1.2,1.2,40.094029,481800,3268575
2026-08-20 09:40:00,ATM-2,PE,275.0,284.2,1.25,2.2,1.2,2.05,41.798303,578525,1983775
2026-08-20 09:45:00,ATM-2,PE,270.0,281.2,2.05,2.15,1.2,1.35,39.65954,507350,3268575
2026-08-20 09:50:00,ATM-2,PE,270.0,279.9,1.4,1.7,1.35,1.6,39.6372,438000,3279525
2026-08-20 09:55:00,ATM-2,PE,270.0,280.7,1.75,1.75,1.4,1.4,39.210338,189800,3321500
2026-08-20 10:00:00,ATM-2,PE,270.0,280.3,1.4,1.4,1.25,1.35,37.840178,131400,3303250
2026-08-20 10:05:00,ATM-2,PE,270.0,279.5,1.35,1.6,1.35,1.55,38.286357,96725,3328800
2026-08-20 10:10:00,ATM-2,PE,270.0,280.45,1.55,1.55,1.25,1.35,38.176347,209875,3328800
2026-08-20 10:15:00,ATM-2,PE,270.0,281.2,1.4,1.45,1.25,1.25,38.595639,91250,3308725
2026-08-20 10:20:00,ATM-2,PE,270.0,281.0,1.25,1.35,1.25,1.35,39.337584,38325,3314200
2026-08-20 10:25:00,ATM-2,PE,270.0,281.15,1.35,1.4,1.3,1.35,39.658073,105850,3294125
2026-08-20 10:30:00,ATM-2,PE,270.0,280.7,1.4,1.45,1.35,1.4,39.297664,40150,3317850
2026-08-20 10:35:00,ATM-2,PE,270.0,281.15,1.4,1.4,1.35,1.35,39.683376,3650,3317850
2026-08-20 10:40:00,ATM-2,PE,270.0,281.0,1.35,1.4,1.35,1.4,39.946182,25550,3299600
2026-08-20 10:45:00,ATM-2,PE,270.0,280.85,1.4,1.4,1.4,1.4,39.647596,9125,3297775
2026-08-20 10:50:00,ATM-2,PE,270.0,281.0,1.4,1.4,1.4,1.4,39.971719,0,3295950
2026-08-20 10:55:00,ATM-2,PE,270.0,280.25,1.45,1.45,1.4,1.45,38.960067,14600,3286825
2026-08-20 11:00:00,ATM-2,PE,270.0,280.15,1.4,1.5,1.4,1.5,39.297056,43800,3281350
2026-08-20 11:05:00,ATM-2,PE,270.0,280.2,1.5,1.5,1.45,1.45,38.878835,20075,3270400
2026-08-20 11:10:00,ATM-2,PE,270.0,280.2,1.4,1.45,1.4,1.4,38.348214,12775,3263100
2026-08-20 11:15:00,ATM-2,PE,270.0,280.45,1.4,1.4,1.4,1.4,38.88707,0,3266750
2026-08-20 11:20:00,ATM-2,PE,270.0,280.45,1.3,1.4,1.3,1.3,37.788807,38325,3268575
2026-08-20 11:25:00,ATM-2,PE,270.0,280.7,1.3,1.3,1.25,1.25,37.749553,36500,3270400
2026-08-20 11:30:00,ATM-2,PE,270.0,280.75,1.25,1.25,1.2,1.2,37.287637,47450,3263100
2026-08-20 11:35:00,ATM-2,PE,270.0,280.3,1.2,1.3,1.2,1.25,36.950224,51100,3266750
2026-08-20 11:40:00,ATM-2,PE,270.0,279.3,1.25,1.25,1.25,1.25,34.870652,31025,3261275
2026-08-20 11:45:00,ATM-2,PE,270.0,279.2,1.3,1.5,1.25,1.45,36.82474,124100,3261275
2026-08-20 11:50:00,ATM-2,PE,270.0,279.5,1.4,1.45,1.35,1.35,36.412962,71175,3257625
2026-08-20 11:55:00,ATM-2,PE,270.0,279.45,1.35,1.4,1.35,1.4,36.8574,93075,3204700
2026-08-20 12:00:00,ATM-2,PE,270.0,279.2,1.4,1.45,1.4,1.45,36.860191,67525,3159075
2026-08-20 12:05:00,ATM-2,PE,270.0,278.8,1.4,1.45,1.4,1.45,35.995039,56575,3151775
2026-08-20 12:10:00,ATM-2,PE,270.0,279.6,1.45,1.45,1.35,1.35,36.673465,25550,3128050
2026-08-20 12:15:00,ATM-2,PE,270.0,280.0,1.3,1.35,1.2,1.2,35.854565,36500,3113450
2026-08-20 12:20:00,ATM-2,PE,270.0,280.35,1.2,1.25,1.2,1.2,36.588689,25550,3115275
2026-08-20 12:25:00,ATM-2,PE,270.0,280.45,1.2,1.2,1.15,1.15,36.224605,36500,3098850
2026-08-20 12:30:00,ATM-2,PE,270.0,280.3,1.2,1.2,1.15,1.15,35.930098,27375,3100675
2026-08-20 12:35:00,ATM-2,PE,270.0,280.7,1.2,1.2,1.15,1.15,36.756396,36500,3097025
2026-08-20 12:40:00,ATM-2,PE,270.0,280.7,1.15,1.15,1.15,1.15,36.768302,0,3095200
2026-08-20 12:45:00,ATM-2,PE,270.0,281.2,1.15,1.15,1.05,1.05,36.576577,78475,3095200
2026-08-20 12:50:00,ATM-2,PE,270.0,281.4,1.05,1.05,0.95,1.0,36.35869,113150,3124400
2026-08-20 12:55:00,ATM-2,PE,270.0,281.8,1.0,1.0,0.85,0.85,35.184312,357700,3170025
2026-08-20 13:00:00,ATM-2,PE,270.0,281.2,0.9,0.9,0.85,0.9,34.714689,138700,3089725
2026-08-20 13:05:00,ATM-2,PE,270.0,281.2,0.9,0.95,0.9,0.95,35.369999,45625,3098850
2026-08-20 13:10:00,ATM-2,PE,270.0,281.2,0.95,0.95,0.95,0.95,35.381501,23725,3084250
2026-08-20 13:15:00,ATM-2,PE,270.0,281.5,0.95,0.95,0.9,0.9,35.325311,43800,3078775
2026-08-20 13:20:00,ATM-2,PE,270.0,281.45,0.9,0.9,0.9,0.9,35.240894,1825,3078775
2026-08-20 13:25:00,ATM-2,PE,270.0,281.6,0.9,0.95,0.9,0.95,36.192177,3650,3078775
2026-08-20 13:30:00,ATM-2,PE,270.0,282.15,0.95,0.95,0.9,0.9,36.599616,21900,3076950
2026-08-20 13:35:00,ATM-2,PE,270.0,282.0,0.85,0.9,0.85,0.9,36.326731,63875,3098850
2026-08-20 13:40:00,ATM-2,PE,270.0,281.9,0.9,0.9,0.9,0.9,36.14821,0,3098850
2026-08-20 13:45:00,ATM-2,PE,270.0,281.3,0.9,0.95,0.9,0.95,35.657223,10950,3100675
2026-08-20 13:50:00,ATM-2,PE,270.0,281.25,0.95,0.95,0.85,0.85,34.264845,23725,3107975
2026-08-20 13:55:00,ATM-2,PE,270.0,281.4,0.85,0.85,0.8,0.8,33.885382,5475,3095200
2026-08-20 14:00:00,ATM-2,PE,270.0,281.4,0.8,0.85,0.8,0.85,34.573827,5475,3089725
2026-08-20 14:05:00,ATM-2,PE,270.0,281.55,0.8,0.85,0.8,0.8,34.190434,25550,3087900
2026-08-20 14:10:00,ATM-2,PE,270.0,281.05,0.8,0.9,0.8,0.85,33.926129,71175,3104325
2026-08-20 14:15:00,ATM-2,PE,270.0,280.45,0.85,0.9,0.85,0.9,33.422091,12775,3089725
2026-08-20 14:20:00,ATM-2,PE,270.0,280.6,0.9,0.9,0.9,0.9,33.727525,80300,3038625
2026-08-20 14:25:00,ATM-2,PE,270.0,281.0,0.9,0.95,0.85,0.85,33.863288,18250,3020375
2026-08-20 14:30:00,ATM-2,PE,270.0,280.8,0.85,0.95,0.85,0.9,34.14117,54750,2971100
2026-08-20 14:35:00,ATM-2,PE,270.0,280.9,0.9,1.0,0.9,1.0,35.620874,32850,2958325
2026-08-20 14:40:00,ATM-2,PE,270.0,280.85,1.0,1.0,0.95,0.95,34.902986,18250,2971100
2026-08-20 14:45:00,ATM-2,PE,270.0,280.85,0.95,0.95,0.95,0.95,34.914481,9125,2967450
2026-08-20 14:50:00,ATM-2,PE,270.0,280.3,0.95,1.0,0.9,1.0,34.455376,47450,2943725
2026-08-20 14:55:00,ATM-2,PE,270.0,280.55,0.95,1.0,0.95,0.95,34.343587,38325,2945550
2026-08-20 15:00:00,ATM-2,PE,270.0,280.2,0.95,1.05,0.95,1.05,34.885549,228125,3055050
2026-08-20 15:05:00,ATM-2,PE,270.0,280.0,1.0,1.05,0.95,0.95,33.266952,25550,3051400
2026-08-20 15:10:00,ATM-2,PE,270.0,279.65,0.95,0.95,0.9,0.9,31.95116,29200,3034975
2026-08-20 15:15:00,ATM-2,PE,270.0,279.65,0.9,0.9,0.85,0.85,31.329703,120450,3027675
2026-08-20 15:20:00,ATM-2,PE,270.0,279.65,0.9,0.9,0.85,0.9,31.972209,18250,3014900
2026-08-20 15:25:00,ATM-2,PE,270.0,279.0,0.9,0.9,0.9,0.9,30.666931,122275,2987525
2026-08-20 15:30:00,ATM-2,PE,270.0,279.0,0.9,0.95,0.85,0.95,31.285233,38325,3002125
2026-08-20 15:35:00,ATM-2,PE,270.0,279.0,0.95,1.1,0.9,1.1,33.063445,240900,2993000
2026-08-21 09:15:00,ATM-2,PE,270.0,280.05,0.85,0.85,0.8,0.8,33.999577,85775,3005775
2026-08-21 09:20:00,ATM-2,PE,270.0,280.75,0.8,0.9,0.75,0.75,34.744637,49275,3009425
2026-08-21 09:25:00,ATM-2,PE,270.0,279.6,0.75,0.85,0.75,0.85,33.765576,52925,2998475
2026-08-21 09:30:00,ATM-2,PE,270.0,279.3,0.9,1.05,0.85,0.9,33.80475,122275,3024025
2026-08-21 09:35:00,ATM-2,PE,270.0,279.3,0.95,0.95,0.9,0.9,33.81796,47450,3003950
2026-08-21 09:40:00,ATM-2,PE,270.0,279.3,0.85,0.95,0.85,0.95,34.496484,5475,3009425
2026-08-21 09:45:00,ATM-2,PE,270.0,279.3,0.9,0.95,0.9,0.9,33.844429,27375,2985700
2026-08-21 09:50:00,ATM-2,PE,270.0,279.75,0.85,0.9,0.8,0.8,33.454046,20075,2972925
2026-08-21 09:55:00,ATM-2,PE,270.0,278.8,0.75,0.9,0.75,0.9,32.762271,21900,2982050
2026-08-21 10:00:00,ATM-2,PE,270.0,278.15,0.9,0.95,0.9,0.95,31.954127,102200,2956500
2026-08-21 10:05:00,ATM-2,PE,270.0,278.0,0.95,1.0,0.95,1.0,32.250363,87600,2960150
2026-08-21 10:10:00,ATM-2,PE,270.0,278.0,1.05,1.05,0.95,0.95,31.634609,54750,2930950
2026-08-21 10:15:00,ATM-2,PE,270.0,277.6,0.95,1.0,0.45,0.95,30.721086,93075,2972925
2026-08-21 10:20:00,ATM-2,PE,270.0,277.65,0.55,1.0,0.55,0.95,30.849437,14600,2960150
2026-08-21 10:25:00,ATM-2,PE,270.0,277.7,0.95,1.0,0.95,1.0,31.600382,54750,2954675
2026-08-21 10:30:00,ATM-2,PE,270.0,277.7,1.05,1.05,0.85,0.9,30.35714,14600,2958325
2026-08-21 10:35:00,ATM-2,PE,265.0,277.3,0.95,1.0,0.55,0.55,35.401942,20075,742775
2026-08-21 10:40:00,ATM-2,PE,265.0,277.15,0.55,0.55,0.5,0.5,34.197505,3650,740950
2026-08-21 10:45:00,ATM-2,PE,265.0,277.2,0.5,0.5,0.5,0.5,34.307362,0,740950
2026-08-21 10:50:00,ATM-2,PE,265.0,276.95,0.5,0.5,0.5,0.5,33.83874,0,740950
2026-08-21 10:55:00,ATM-2,PE,265.0,277.3,0.5,0.5,0.5,0.5,34.527134,0,740950
2026-08-21 11:00:00,ATM-2,PE,265.0,276.9,1.0,1.0,0.4,0.4,31.799933,43800,735475
2026-08-21 11:05:00,ATM-2,PE,265.0,276.65,0.4,0.55,0.4,0.55,34.20925,9125,728175
2026-08-21 11:10:00,ATM-2,PE,265.0,276.7,0.55,0.55,0.55,0.55,34.321746,0,728175
2026-08-21 11:15:00,ATM-2,PE,265.0,276.75,0.55,0.6,0.55,0.6,35.316048,7300,726350
2026-08-21 11:20:00,ATM-2,PE,265.0,277.25,0.6,0.6,0.6,0.6,36.327899,0,726350
2026-08-21 11:25:00,ATM-2,PE,265.0,277.05,0.6,0.6,0.6,0.6,35.944289,0,726350
2026-08-21 11:30:00,ATM-2,PE,265.0,277.4,0.6,0.6,0.5,0.5,34.81663,12775,733650
2026-08-21 11:35:00,ATM-2,PE,265.0,277.45,0.5,0.5,0.45,0.45,33.946059,5475,733650
2026-08-21 11:40:00,ATM-2,PE,270.0,279.2,0.8,0.95,0.7,0.7,31.11551,96725,2845175
2026-08-21 11:45:00,ATM-2,PE,270.0,280.1,0.7,0.7,0.6,0.6,31.463874,136875,2783125
2026-08-21 11:50:00,ATM-2,PE,270.0,280.3,0.6,0.65,0.6,0.65,32.683051,12775,2788600
2026-08-21 11:55:00,ATM-2,PE,270.0,280.35,0.65,0.65,0.6,0.6,31.997461,43800,2784950
2026-08-21 12:00:00,ATM-2,PE,270.0,281.3,0.6,0.65,0.55,0.55,33.063803,40150,2784950
2026-08-21 12:05:00,ATM-2,PE,270.0,282.2,0.5,0.55,0.5,0.5,33.913737,118625,2837875
2026-08-21 12:10:00,ATM-2,PE,270.0,282.15,0.5,0.55,0.5,0.55,34.747914,144175,2797725
2026-08-21 12:15:00,ATM-2,PE,270.0,281.8,0.55,0.55,0.55,0.55,34.08224,0,2797725
2026-08-21 12:20:00,ATM-2,PE,275.0,284.05,0.55,1.2,0.55,0.75,31.06631,593125,1815875
2026-08-21 12:25:00,ATM-2,PE,275.0,285.2,0.8,0.8,0.75,0.8,34.228167,350400,1779375
2026-08-21 12:30:00,ATM-2,PE,275.0,283.3,0.75,0.95,0.75,0.95,32.110845,910675,1879750
2026-08-21 12:35:00,ATM-2,PE,275.0,283.55,0.95,1.0,0.9,0.9,32.042952,233600,1874275
2026-08-21 12:40:00,ATM-2,PE,275.0,283.7,0.9,0.95,0.85,0.9,32.390578,250025,1845075
2026-08-21 12:45:00,ATM-2,PE,275.0,283.8,0.9,0.9,0.9,0.9,32.626205,5475,1786675
2026-08-21 12:50:00,ATM-2,PE,275.0,284.4,0.9,0.9,0.85,0.85,33.286141,10950,1786675
2026-08-21 12:55:00,ATM-2,PE,275.0,283.9,0.8,0.9,0.8,0.9,32.874747,34675,1790325
2026-08-21 13:00:00,ATM-2,PE,275.0,283.15,0.9,1.0,0.9,1.0,32.475437,60225,1775725
2026-08-21 13:05:00,ATM-2,PE,275.0,282.75,1.0,1.05,1.0,1.05,32.172627,43800,1733750
2026-08-21 13:10:00,ATM-2,PE,275.0,283.15,1.05,1.05,0.9,0.9,31.232347,94900,1677175
2026-08-21 13:15:00,ATM-2,PE,275.0,282.7,0.9,1.0,0.9,1.0,31.4696,45625,1682650
2026-08-21 13:20:00,ATM-2,PE,275.0,282.55,1.0,1.05,0.5,1.05,31.739222,9125,1675350
2026-08-21 13:25:00,ATM-2,PE,275.0,282.6,1.05,1.05,1.0,1.05,31.87043,16425,1679000
2026-08-21 13:30:00,ATM-2,PE,275.0,282.8,1.0,1.05,1.0,1.0,31.741417,7300,1677175
2026-08-21 13:35:00,ATM-2,PE,275.0,282.85,1.0,1.1,1.0,1.1,33.093228,14600,1673525
2026-08-21 13:40:00,ATM-2,PE,275.0,282.85,1.05,1.1,1.0,1.0,31.883832,12775,1668050
2026-08-21 13:45:00,ATM-2,PE,275.0,283.0,1.0,1.05,1.0,1.05,32.865012,3650,1662575
2026-08-21 13:50:00,ATM-2,PE,275.0,283.3,1.05,1.05,0.95,0.95,32.319064,102200,1653450
2026-08-21 13:55:00,ATM-2,PE,275.0,283.3,0.95,0.95,0.95,0.95,32.332219,3650,1595050
2026-08-21 14:00:00,ATM-2,PE,275.0,282.85,0.95,0.95,0.95,0.95,31.309971,1825,1598700
2026-08-21 14:05:00,ATM-2,PE,275.0,282.95,0.95,0.95,0.9,0.9,30.915754,7300,1600525
2026-08-21 14:10:00,ATM-2,PE,275.0,283.0,0.9,0.95,0.85,0.85,30.391983,23725,1591400
2026-08-21 14:15:00,ATM-2,PE,275.0,283.0,0.85,0.9,0.85,0.9,31.05533,1825,1585925
2026-08-21 14:20:00,ATM-2,PE,275.0,282.8,0.9,0.95,0.9,0.95,31.245024,40150,1574975
2026-08-21 14:25:00,ATM-2,PE,275.0,282.95,0.95,0.95,0.9,0.9,30.966225,20075,1578625
2026-08-21 14:30:00,ATM-2,PE,275.0,282.7,0.9,0.95,0.9,0.95,31.037859,5475,1574975
2026-08-21 14:35:00,ATM-2,PE,275.0,282.8,0.95,0.95,0.95,0.95,31.283353,0,1574975
2026-08-21 14:40:00,ATM-2,PE,275.0,282.75,0.9,0.95,0.9,0.9,30.544233,5475,1573150
2026-08-21 14:45:00,ATM-2,PE,275.0,283.0,0.9,0.9,0.85,0.85,30.479031,5475,1573150
2026-08-21 14:50:00,ATM-2,PE,275.0,282.9,0.85,0.9,0.85,0.9,30.914814,23725,1564025
2026-08-21 14:55:00,ATM-2,PE,275.0,282.8,0.9,0.9,0.9,0.9,30.697195,0,1574975
2026-08-21 15:00:00,ATM-2,PE,275.0,283.35,0.9,0.9,0.8,0.85,31.308002,73000,1569500
2026-08-21 15:05:00,ATM-2,PE,275.0,282.8,0.85,0.85,0.8,0.8,29.41236,27375,1562200
2026-08-21 15:10:00,ATM-2,PE,270.0,281.8,0.8,0.8,0.35,0.4,31.6889,7300,2826925
2026-08-21 15:15:00,ATM-2,PE,270.0,281.8,0.4,0.45,0.4,0.4,31.702096,23725,2819625
2026-08-21 15:20:00,ATM-2,PE,270.0,281.8,0.4,0.4,0.4,0.4,31.715302,9125,2815975
2026-08-21 15:25:00,ATM-2,PE,270.0,282.5,0.4,0.4,0.35,0.4,33.037369,10950,2815975
2026-08-21 15:30:00,ATM-2,PE,270.0,282.5,0.45,0.45,0.35,0.35,31.955248,41975,2819625
2026-08-21 15:35:00,ATM-2,PE,270.0,282.5,0.35,0.45,0.35,0.35,31.968618,116800,2817800
2026-08-24 09:15:00,ATM-2,PE,270.0,282.4,0.75,0.75,0.25,0.3,53.784882,52925,2642600
2026-08-24 09:20:00,ATM-2,PE,275.0,282.65,0.3,0.55,0.3,0.4,40.568249,18250,1456350
2026-08-24 09:25:00,ATM-2,PE,270.0,281.75,0.4,0.4,0.25,0.25,49.657244,14600,2633475
2026-08-24 09:30:00,ATM-2,PE,270.0,281.8,0.25,0.25,0.25,0.25,49.882108,5475,2637125
2026-08-24 09:35:00,ATM-2,PE,275.0,282.9,0.25,0.55,0.25,0.45,43.134379,32850,1418025
2026-08-24 09:40:00,ATM-2,PE,275.0,282.8,0.4,0.45,0.4,0.45,42.825235,54750,1425325
2026-08-24 09:45:00,ATM-2,PE,275.0,284.0,0.45,0.45,0.3,0.3,42.227929,219000,1454525
2026-08-24 09:50:00,ATM-2,PE,275.0,283.7,0.3,0.35,0.3,0.35,43.026115,73000,1487375
2026-08-24 09:55:00,ATM-2,PE,275.0,283.55,0.35,0.35,0.35,0.35,42.563671,20075,1478250
2026-08-24 10:00:00,ATM-2,PE,275.0,283.3,0.3,0.35,0.3,0.35,41.747567,36500,1460000
2026-08-24 10:05:00,ATM-2,PE,275.0,283.6,0.35,0.35,0.3,0.3,41.106138,20075,1458175
2026-08-24 10:10:00,ATM-2,PE,275.0,283.3,0.3,0.3,0.25,0.25,38.275558,1825,1450875
2026-08-24 10:15:00,ATM-2,PE,275.0,283.55,0.25,0.25,0.25,0.25,39.161677,0,1450875
2026-08-24 10:20:00,ATM-2,PE,275.0,283.0,0.25,0.25,0.25,0.25,37.375636,0,1450875
2026-08-24 10:25:00,ATM-2,PE,275.0,283.1,0.25,0.3,0.25,0.3,39.614501,21900,1450875
2026-08-24 10:30:00,ATM-2,PE,275.0,282.55,0.3,0.3,0.3,0.3,37.74915,0,1450875
2026-08-24 10:35:00,ATM-2,PE,275.0,282.65,0.2,0.3,0.15,0.3,38.154143,31025,1450875
2026-08-24 10:40:00,ATM-2,PE,275.0,284.0,0.3,0.3,0.25,0.25,40.936369,107675,1445400
2026-08-24 10:45:00,ATM-2,PE,275.0,284.05,0.25,0.25,0.25,0.25,41.160371,1825,1489200
2026-08-24 10:50:00,ATM-2,PE,275.0,284.1,0.25,0.25,0.25,0.25,41.384938,3650,1487375
2026-08-24 10:55:00,ATM-2,PE,275.0,284.05,0.25,0.25,0.25,0.25,41.278038,0,1487375
2026-08-24 11:00:00,ATM-2,PE,275.0,282.95,0.25,0.3,0.25,0.25,37.631114,21900,1465475
2026-08-24 11:05:00,ATM-2,PE,275.0,282.7,0.25,0.25,0.25,0.25,36.828419,0,1461825
2026-08-24 11:10:00,ATM-2,PE,270.0,282.4,0.3,0.3,0.15,0.15,47.738466,142350,2527625
2026-08-24 11:15:00,ATM-2,PE,270.0,282.25,0.3,0.3,0.15,0.2,50.278359,3650,2529450
2026-08-24 11:20:00,ATM-2,PE,270.0,282.05,0.2,0.2,0.2,0.2,49.7282,0,2529450
2026-08-24 11:25:00,ATM-2,PE,270.0,281.95,0.2,0.2,0.15,0.15,46.598567,9125,2531275
2026-08-24 11:30:00,ATM-2,PE,270.0,282.05,0.15,0.2,0.15,0.2,49.873843,9125,2531275
2026-08-24 11:35:00,ATM-2,PE,270.0,281.45,0.2,0.2,0.2,0.2,48.056562,0,2531275
2026-08-24 11:40:00,ATM-2,PE,270.0,281.35,0.2,0.2,0.2,0.2,47.809992,0,2531275
2026-08-24 11:45:00,ATM-2,PE,270.0,281.45,0.2,0.2,0.2,0.2,48.198502,0,2531275
2026-08-24 11:50:00,ATM-2,PE,270.0,281.8,0.15,0.2,0.15,0.15,46.487933,100375,2533100
2026-08-24 11:55:00,ATM-2,PE,270.0,281.5,0.15,0.15,0.15,0.15,45.642346,1825,2498425
2026-08-24 12:00:00,ATM-2,PE,270.0,281.7,0.15,0.15,0.15,0.15,46.321625,0,2498425
2026-08-24 12:05:00,ATM-2,PE,270.0,281.85,0.15,0.15,0.15,0.15,46.848778,3650,2496600
2026-08-24 12:10:00,ATM-2,PE,270.0,281.3,0.15,0.15,0.15,0.15,45.232437,0,2496600
2026-08-24 12:15:00,ATM-2,PE,275.0,282.65,0.2,0.4,0.15,0.3,39.280513,36500,1339550
2026-08-24 12:20:00,ATM-2,PE,275.0,282.65,0.2,0.35,0.15,0.35,41.073415,3650,1339550
2026-08-24 12:25:00,ATM-2,PE,275.0,282.55,0.35,0.35,0.3,0.35,40.762558,118625,1346850
2026-08-24 12:30:00,ATM-2,PE,275.0,283.2,0.35,0.35,0.35,0.35,43.234429,0,1346850
2026-08-24 12:35:00,ATM-2,PE,275.0,283.35,0.35,0.35,0.35,0.35,43.851715,3650,1306700
2026-08-24 12:40:00,ATM-2,PE,275.0,283.6,0.35,0.35,0.35,0.35,44.835017,0,1306700
2026-08-24 12:45:00,ATM-2,PE,275.0,283.25,0.35,0.4,0.35,0.4,45.312071,9125,1304875
2026-08-24 12:50:00,ATM-2,PE,275.0,283.1,0.4,0.4,0.4,0.4,44.813597,0,1304875
2026-08-24 12:55:00,ATM-2,PE,275.0,282.9,0.4,0.4,0.4,0.4,44.120737,0,1301225
2026-08-24 13:00:00,ATM-2,PE,275.0,282.7,0.4,0.4,0.4,0.4,43.42195,5475,1301225
2026-08-24 13:05:00,ATM-2,PE,275.0,282.7,0.4,0.45,0.15,0.45,45.066271,10950,1295750
2026-08-24 13:10:00,ATM-2,PE,275.0,283.15,0.45,0.45,0.45,0.45,46.896388,0,1295750
2026-08-24 13:15:00,ATM-2,PE,275.0,283.25,0.45,0.45,0.45,0.45,47.358536,0,1295750
2026-08-24 13:20:00,ATM-2,PE,275.0,283.55,0.45,0.45,0.45,0.45,48.595909,0,1295750
2026-08-24 13:25:00,ATM-2,PE,275.0,283.75,0.45,0.45,0.35,0.35,46.019056,32850,1275675
2026-08-24 13:30:00,ATM-2,PE,275.0,283.3,0.35,0.4,0.35,0.4,46.140781,18250,1270200
2026-08-24 13:35:00,ATM-2,PE,275.0,283.65,0.35,0.4,0.35,0.35,45.793219,5475,1264725
2026-08-24 13:40:00,ATM-2,PE,275.0,283.7,0.35,0.35,0.35,0.35,46.0517,0,1255600
2026-08-24 13:45:00,ATM-2,PE,275.0,283.65,0.35,0.35,0.35,0.35,45.938671,0,1255600
2026-08-24 13:50:00,ATM-2,PE,275.0,283.75,0.35,0.35,0.35,0.35,46.384806,0,1255600
2026-08-24 13:55:00,ATM-2,PE,275.0,283.9,0.35,0.35,0.3,0.3,45.114907,43800,1224575
2026-08-24 14:00:00,ATM-2,PE,275.0,283.7,0.3,0.3,0.3,0.3,44.459133,5475,1204500
2026-08-24 14:05:00,ATM-2,PE,275.0,283.6,0.3,0.3,0.3,0.3,44.164798,0,1206325
2026-08-24 14:10:00,ATM-2,PE,275.0,283.5,0.3,0.35,0.3,0.35,45.743949,32850,1208150
2026-08-24 14:15:00,ATM-2,PE,275.0,283.5,0.35,0.35,0.35,0.35,45.818083,1825,1211800
2026-08-24 14:20:00,ATM-2,PE,275.0,283.4,0.35,0.35,0.35,0.35,45.513861,0,1211800
2026-08-24 14:25:00,ATM-2,PE,275.0,283.6,0.3,0.35,0.3,0.3,44.452287,10950,1208150
2026-08-24 14:30:00,ATM-2,PE,275.0,284.0,0.3,0.3,0.3,0.3,45.995982,0,1208150
2026-08-24 14:35:00,ATM-2,PE,275.0,283.8,0.3,0.35,0.3,0.35,47.255048,1825,1211800
2026-08-24 14:40:00,ATM-2,PE,275.0,284.05,0.35,0.35,0.35,0.35,48.275969,27375,1204500
2026-08-24 14:45:00,ATM-2,PE,275.0,283.95,0.35,0.35,0.35,0.35,47.978656,0,1195375
2026-08-24 14:50:00,ATM-2,PE,275.0,283.7,0.35,0.35,0.35,0.35,47.110103,41975,1188075
2026-08-24 14:55:00,ATM-2,PE,275.0,283.35,0.35,0.4,0.35,0.4,47.625511,31025,1171650
2026-08-24 15:00:00,ATM-2,PE,275.0,283.05,0.4,0.4,0.35,0.35,44.767744,21900,1144275
2026-08-24 15:05:00,ATM-2,PE,275.0,283.6,0.4,0.4,0.35,0.35,46.963947,16425,1144275
2026-08-24 15:10:00,ATM-2,PE,275.0,283.25,0.35,0.4,0.35,0.4,47.470292,63875,1133325
2026-08-24 15:15:00,ATM-2,PE,275.0,283.25,0.4,0.4,0.3,0.3,43.878933,27375,1100475
2026-08-24 15:20:00,ATM-2,PE,275.0,283.25,0.35,0.4,0.3,0.3,43.953209,56575,1063975
2026-08-24 15:25:00,ATM-2,PE,275.0,284.25,0.3,0.3,0.2,0.2,43.255806,32850,1062150
2026-08-24 15:30:00,ATM-2,PE,275.0,284.25,0.2,0.2,0.2,0.2,43.329621,0,1062150
2026-08-24 15:35:00,ATM-2,PE,275.0,284.25,0.2,0.3,0.2,0.3,47.942619,34675,1042075
2026-08-25 09:15:00,ATM-2,PE,280.0,288.3,0.35,0.55,0.3,0.3,84.432976,105850,1220925
2026-08-25 09:20:00,ATM-2,PE,280.0,288.4,0.25,0.3,0.1,0.1,66.536862,578525,1428975
2026-08-25 09:25:00,ATM-2,PE,280.0,289.1,0.15,0.15,0.1,0.15,77.53139,432525,1259250
2026-08-25 09:30:00,ATM-2,PE,275.0,286.95,0.1,0.1,0.1,0.1,90.679336,52925,1012875
2026-08-25 09:35:00,ATM-2,PE,275.0,287.0,0.1,0.1,0.1,0.1,91.608915,0,1012875
2026-08-25 09:40:00,ATM-2,PE,275.0,286.35,0.1,0.1,0.05,0.05,78.377489,10950,1014700
2026-08-25 09:45:00,ATM-2,PE,275.0,284.85,0.05,0.05,0.05,0.05,70.281875,5475,1016525
2026-08-25 09:50:00,ATM-2,PE,275.0,284.8,0.05,0.05,0.05,0.05,70.493846,0,1016525
2026-08-25 09:55:00,ATM-2,PE,275.0,284.8,0.05,0.05,0.05,0.05,71.008805,0,1016525
2026-08-25 10:00:00,ATM-2,PE,275.0,284.1,0.05,0.05,0.05,0.05,67.33311,10950,1018350
2026-08-25 10:05:00,ATM-2,PE,275.0,284.9,0.1,0.1,0.05,0.1,82.144716,3650,1016525
2026-08-25 10:10:00,ATM-2,PE,275.0,285.25,0.1,0.1,0.1,0.1,85.076282,0,1016525
2026-08-25 10:15:00,ATM-2,PE,280.0,288.15,0.1,0.2,0.1,0.15,76.615562,36500,1031125
2026-08-25 10:20:00,ATM-2,PE,280.0,289.05,0.15,0.2,0.15,0.2,89.246668,133225,1016525
2026-08-25 10:25:00,ATM-2,PE,280.0,289.15,0.2,0.25,0.15,0.15,85.035388,138700,1001925
2026-08-25 10:30:00,ATM-2,PE,280.0,288.55,0.15,0.2,0.15,0.2,86.920152,43800,974550
2026-08-25 10:35:00,ATM-2,PE,280.0,288.15,0.2,0.2,0.2,0.2,84.565608,12775,965425
2026-08-25 10:40:00,ATM-2,PE,280.0,288.35,0.2,0.2,0.2,0.2,86.830812,20075,959950
2026-08-25 10:45:00,ATM-2,PE,280.0,288.3,0.2,0.2,0.2,0.2,87.18266,21900,959950
2026-08-25 10:50:00,ATM-2,PE,275.0,286.8,0.2,0.25,0.1,0.25,122.660325,514650,1018350
2026-08-25 10:55:00,ATM-2,PE,275.0,287.4,0.2,0.35,0.1,0.1,106.588578,217175,1023825
2026-08-25 11:00:00,ATM-2,PE,280.0,287.7,0.3,0.3,0.2,0.3,94.027749,40150,945350
2026-08-25 11:05:00,ATM-2,PE,280.0,288.5,0.3,0.4,0.2,0.4,110.301635,63875,965425
2026-08-25 11:10:00,ATM-2,PE,280.0,290.0,0.4,0.4,0.2,0.2,104.860804,25550,970900
2026-08-25 11:15:00,ATM-2,PE,280.0,289.75,0.25,0.25,0.2,0.25,109.481915,25550,972725
2026-08-25 11:20:00,ATM-2,PE,280.0,290.0,0.25,0.25,0.2,0.2,106.892481,41975,980025
2026-08-25 11:25:00,ATM-2,PE,280.0,288.1,0.2,0.25,0.15,0.2,92.191092,173375,1011050
2026-08-25 11:30:00,ATM-2,PE,280.0,288.8,0.2,0.2,0.2,0.2,99.063858,29200,989150
2026-08-25 11:35:00,ATM-2,PE,280.0,288.75,0.2,0.2,0.15,0.15,93.360408,25550,970900
2026-08-25 11:40:00,ATM-2,PE,275.0,287.3,0.15,0.25,0.1,0.1,0.0,9125,881475
2026-08-25 11:45:00,ATM-2,PE,280.0,287.75,0.25,0.25,0.1,0.2,93.004506,9125,956300
2026-08-25 11:50:00,ATM-2,PE,280.0,287.9,0.2,0.2,0.2,0.2,95.376545,0,956300
2026-08-25 11:55:00,ATM-2,PE,280.0,287.85,0.2,0.2,0.15,0.15,89.754892,31025,939875
2026-08-25 12:00:00,ATM-2,PE,275.0,287.5,0.15,0.15,0.1,0.1,0.0,7300,881475
2026-08-25 12:05:00,ATM-2,PE,280.0,288.15,0.15,0.15,0.15,0.15,94.522664,3650,939875
2026-08-25 12:10:00,ATM-2,PE,280.0,288.0,0.15,0.15,0.15,0.15,94.321821,0,939875
2026-08-25 12:15:00,ATM-2,PE,280.0,288.35,0.15,0.15,0.15,0.15,98.659421,7300,939875
2026-08-25 12:20:00,ATM-2,PE,280.0,287.9,0.15,0.15,0.1,0.15,95.783955,52925,919800
2026-08-25 12:25:00,ATM-2,PE,275.0,286.8,0.1,0.1,0.1,0.1,0.0,23725,788400
2026-08-25 12:30:00,ATM-2,PE,275.0,286.95,0.1,0.1,0.1,0.1,0.0,29200,762850
2026-08-25 12:35:00,ATM-2,PE,275.0,286.85,0.1,0.1,0.1,0.1,0.0,5475,751900
2026-08-25 12:40:00,ATM-2,PE,275.0,287.0,0.1,0.1,0.1,0.1,0.0,0,751900
2026-08-25 12:45:00,ATM-2,PE,275.0,287.2,0.1,0.1,0.1,0.1,0.0,3650,744600
2026-08-25 12:50:00,ATM-2,PE,275.0,287.5,0.1,0.1,0.1,0.1,0.0,1825,740950
2026-08-25 12:55:00,ATM-2,PE,280.0,287.55,0.1,0.1,0.05,0.05,82.138163,85775,870525
2026-08-25 13:00:00,ATM-2,PE,275.0,286.8,0.1,0.1,0.1,0.1,0.0,10950,657000
2026-08-25 13:05:00,ATM-2,PE,275.0,286.8,0.1,0.1,0.1,0.1,0.0,109500,611375
2026-08-25 13:10:00,ATM-2,PE,275.0,287.15,0.1,0.1,0.1,0.1,0.0,0,609550
2026-08-25 13:15:00,ATM-2,PE,275.0,287.05,0.1,0.1,0.05,0.05,0.0,94900,615025
2026-08-25 13:20:00,ATM-2,PE,280.0,287.6,0.05,0.05,0.05,0.05,89.888229,14600,844975
2026-08-25 13:25:00,ATM-2,PE,275.0,287.4,0.05,0.05,0.05,0.05,0.0,0,615025
2026-08-25 13:30:00,ATM-2,PE,280.0,287.9,0.05,0.05,0.05,0.05,96.397327,0,844975
2026-08-25 13:35:00,ATM-2,PE,280.0,288.1,0.05,0.05,0.05,0.05,100.40546,0,844975
2026-08-25 13:40:00,ATM-2,PE,280.0,288.1,0.05,0.05,0.05,0.05,0.0,0,844975
2026-08-25 13:45:00,ATM-2,PE,280.0,288.0,0.05,0.05,0.05,0.05,103.808912,21900,826725
2026-08-25 13:50:00,ATM-2,PE,280.0,287.6,0.05,0.05,0.05,0.05,101.905893,0,826725
2026-08-25 13:55:00,ATM-2,PE,275.0,287.5,0.05,0.05,0.05,0.05,0.0,0,615025
2026-08-25 14:00:00,ATM-2,PE,275.0,287.4,0.05,0.1,0.05,0.1,0.0,12775,596775
2026-08-25 14:05:00,ATM-2,PE,275.0,287.35,0.1,0.1,0.05,0.1,0.0,0,596775
2026-08-25 14:10:00,ATM-2,PE,280.0,287.6,0.1,0.1,0.05,0.05,0.0,0,823075
2026-08-25 14:15:00,ATM-2,PE,275.0,287.45,0.1,0.1,0.05,0.1,0.0,0,600425
2026-08-25 14:20:00,ATM-2,PE,275.0,287.35,0.1,0.1,0.05,0.05,0.0,62050,596775
2026-08-25 14:25:00,ATM-2,PE,280.0,287.9,0.05,0.05,0.05,0.05,0.0,0,821250
2026-08-25 14:30:00,ATM-2,PE,280.0,287.9,0.05,0.05,0.05,0.05,0.0,0,821250
2026-08-25 14:35:00,ATM-2,PE,280.0,287.85,0.05,0.05,0.05,0.05,0.0,63875,761025
2026-08-25 14:40:00,ATM-2,PE,280.0,287.85,0.5,0.55,0.05,0.55,0.0,25550,746425
2026-08-25 14:45:00,ATM-2,PE,280.0,287.85,0.55,0.55,0.2,0.2,0.0,7300,739125
2026-08-25 14:50:00,ATM-2,PE,280.0,287.9,0.2,0.35,0.2,0.35,0.0,14600,735475
2026-08-25 14:55:00,ATM-2,PE,280.0,287.65,0.2,0.35,0.1,0.3,0.0,29200,715400
2026-08-25 15:00:00,ATM-2,PE,280.0,287.55,0.1,0.1,0.05,0.05,0.0,27375,713575
2026-08-25 15:05:00,ATM-2,PE,280.0,287.55,0.05,0.1,0.05,0.1,0.0,7300,711750
2026-08-25 15:10:00,ATM-2,PE,275.0,286.65,0.05,0.05,0.05,0.05,0.0,12775,454425
2026-08-25 15:15:00,ATM-2,PE,275.0,286.65,0.3,0.3,0.05,0.3,0.0,3650,454425
2026-08-25 15:20:00,ATM-2,PE,275.0,286.65,0.3,0.3,0.3,0.3,0.0,0,454425
2026-08-25 15:25:00,ATM-2,PE,275.0,287.4,0.3,0.3,0.3,0.3,0.0,0,454425
2026-08-25 15:30:00,ATM-2,PE,275.0,287.4,0.3,0.3,0.05,0.05,0.0,5475,454425
2026-08-25 15:35:00,ATM-2,PE,275.0,287.4,0.05,0.05,0.05,0.05,0.0,0,454425
2026-08-20 09:15:00,ATM-1,CE,270.0,275.2,8.5,8.55,7.5,8.55,40.559598,91250,1689950
2026-08-20 09:20:00,ATM-1,CE,270.0,274.4,8.15,8.55,7.65,7.65,37.51652,58400,1657100
2026-08-20 09:25:00,ATM-1,CE,275.0,277.75,8.0,10.1,6.3,6.4,35.238788,255500,1543950
2026-08-20 09:30:00,ATM-1,CE,275.0,279.3,7.0,7.7,6.4,7.55,36.551401,560275,1647975
2026-08-20 09:35:00,ATM-1,CE,275.0,282.3,8.15,11.1,5.7,10.4,43.182005,1376050,1536650
2026-08-20 09:40:00,ATM-1,CE,280.0,284.2,10.25,10.55,7.35,8.8,46.214988,1783025,3051400
2026-08-20 09:45:00,ATM-1,CE,275.0,281.2,8.8,11.5,7.85,9.6,42.954039,310250,1501975
2026-08-20 09:50:00,ATM-1,CE,275.0,279.9,9.85,9.85,8.65,8.9,44.35581,107675,1494675
2026-08-20 09:55:00,ATM-1,CE,275.0,280.7,8.75,9.15,8.2,9.15,42.077731,138700,1500150
2026-08-20 10:00:00,ATM-1,CE,275.0,280.3,9.25,9.75,9.1,9.25,45.102223,65700,1489200
2026-08-20 10:05:00,ATM-1,CE,275.0,279.5,8.85,9.25,8.1,8.45,42.867231,73000,1481900
2026-08-20 10:10:00,ATM-1,CE,275.0,280.45,8.45,9.6,8.2,8.85,41.038507,153300,1492850
2026-08-20 10:15:00,ATM-1,CE,275.0,281.2,9.3,9.3,8.65,9.15,39.234558,49275,1505625
2026-08-20 10:20:00,ATM-1,CE,275.0,281.0,9.6,9.6,9.15,9.35,42.118184,16425,1503800
2026-08-20 10:25:00,ATM-1,CE,275.0,281.15,9.05,9.7,9.05,9.5,42.528625,29200,1489200
2026-08-20 10:30:00,ATM-1,CE,275.0,280.7,9.45,9.5,9.0,9.0,40.935799,18250,1491025
2026-08-20 10:35:00,ATM-1,CE,275.0,281.15,9.0,9.0,9.0,9.0,38.304992,0,1491025
2026-08-20 10:40:00,ATM-1,CE,275.0,281.0,9.0,9.25,9.0,9.25,41.339393,16425,1483725
2026-08-20 10:45:00,ATM-1,CE,275.0,280.85,9.25,9.25,9.0,9.0,40.117035,9125,1478250
2026-08-20 10:50:00,ATM-1,CE,275.0,281.0,9.1,9.1,8.85,9.0,39.249716,20075,1470950
2026-08-20 10:55:00,ATM-1,CE,275.0,280.25,9.0,9.0,8.7,8.7,41.045996,3650,1470950
2026-08-20 11:00:00,ATM-1,CE,275.0,280.15,8.7,8.7,8.25,8.45,39.54762,32850,1469125
2026-08-20 11:05:00,ATM-1,CE,275.0,280.2,8.45,8.5,8.3,8.5,39.697932,16425,1441750
2026-08-20 11:10:00,ATM-1,CE,275.0,280.2,8.5,8.5,8.45,8.45,39.297032,5475,1438100
2026-08-20 11:15:00,ATM-1,CE,275.0,280.45,8.45,8.45,8.15,8.35,37.035881,7300,1436275
2026-08-20 11:20:00,ATM-1,CE,275.0,280.45,8.35,8.35,8.35,8.35,37.049798,5475,1436275
2026-08-20 11:25:00,ATM-1,CE,275.0,280.7,8.4,8.6,8.35,8.55,37.289655,18250,1425325
2026-08-20 11:30:00,ATM-1,CE,275.0,280.75,8.55,8.55,8.55,8.55,37.003724,3650,1419850
2026-08-20 11:35:00,ATM-1,CE,275.0,280.3,8.55,8.55,7.9,8.15,36.271724,23725,1410725
2026-08-20 11:40:00,ATM-1,CE,275.0,279.3,8.2,8.2,8.1,8.1,41.379077,21900,1394300
2026-08-20 11:45:00,ATM-1,CE,275.0,279.2,7.7,8.1,7.4,7.55,37.455661,21900,1392475
2026-08-20 11:50:00,ATM-1,CE,275.0,279.5,7.6,7.75,7.5,7.75,37.491617,14600,1394300
2026-08-20 11:55:00,ATM-1,CE,275.0,279.45,7.75,7.75,7.2,7.3,34.049433,5475,1394300
2026-08-20 12:00:00,ATM-1,CE,275.0,279.2,7.3,7.35,7.25,7.25,35.034826,7300,1392475
2026-08-20 12:05:00,ATM-1,CE,275.0,278.8,7.25,7.3,7.1,7.1,35.96301,34675,1381525
2026-08-20 12:10:00,ATM-1,CE,275.0,279.6,7.05,7.1,7.05,7.1,31.530579,3650,1379700
2026-08-20 12:15:00,ATM-1,CE,275.0,280.0,7.7,7.85,7.1,7.85,35.585044,12775,1374225
2026-08-20 12:20:00,ATM-1,CE,275.0,280.35,7.85,8.15,7.85,8.1,35.671448,3650,1374225
2026-08-20 12:25:00,ATM-1,CE,275.0,280.45,8.1,8.1,8.1,8.1,35.083462,0,1374225
2026-08-20 12:30:00,ATM-1,CE,275.0,280.3,8.1,8.1,8.0,8.0,35.137873,7300,1376050
2026-08-20 12:35:00,ATM-1,CE,275.0,280.7,8.65,8.65,8.0,8.65,38.34597,31025,1376050
2026-08-20 12:40:00,ATM-1,CE,275.0,280.7,8.65,8.65,8.65,8.65,38.360485,0,1376050
2026-08-20 12:45:00,ATM-1,CE,275.0,281.2,8.65,8.7,8.65,8.7,35.729508,10950,1355975
2026-08-20 12:50:00,ATM-1,CE,275.0,281.4,8.7,9.05,8.7,8.95,36.688952,7300,1350500
2026-08-20 12:55:00,ATM-1,CE,275.0,281.8,8.95,9.45,8.2,9.45,38.592692,56575,1343200
2026-08-20 13:00:00,ATM-1,CE,275.0,281.2,8.85,9.45,8.45,8.6,34.875112,12775,1341375
2026-08-20 13:05:00,ATM-1,CE,275.0,281.2,8.6,8.6,8.4,8.4,33.072861,9125,1337725
2026-08-20 13:10:00,ATM-1,CE,275.0,281.2,8.5,8.5,8.4,8.4,33.08584,10950,1334075
2026-08-20 13:15:00,ATM-1,CE,275.0,281.5,8.65,8.95,8.4,8.8,34.746633,21900,1334075
2026-08-20 13:20:00,ATM-1,CE,275.0,281.45,8.8,8.8,8.8,8.8,35.094197,0,1330425
2026-08-20 13:25:00,ATM-1,CE,275.0,281.6,8.75,8.8,8.75,8.75,33.629941,12775,1321300
2026-08-20 13:30:00,ATM-1,CE,275.0,282.15,8.95,9.1,8.75,9.1,33.035646,12775,1321300
2026-08-20 13:35:00,ATM-1,CE,275.0,282.0,9.1,9.1,9.1,9.1,34.137652,0,1321300
2026-08-20 13:40:00,ATM-1,CE,275.0,281.9,9.1,9.1,9.1,9.1,34.855485,0,1321300
2026-08-20 13:45:00,ATM-1,CE,275.0,281.3,9.1,9.1,8.7,8.75,35.697092,23725,1315825
2026-08-20 13:50:00,ATM-1,CE,275.0,281.25,8.8,8.85,8.75,8.8,36.482209,7300,1310350
2026-08-20 13:55:00,ATM-1,CE,275.0,281.4,8.8,8.85,8.8,8.85,35.973962,16425,1301225
2026-08-20 14:00:00,ATM-1,CE,275.0,281.4,9.1,9.1,8.85,9.1,38.224591,3650,1303050
2026-08-20 14:05:00,ATM-1,CE,275.0,281.55,9.1,9.2,9.1,9.2,38.173682,3650,1304875
2026-08-20 14:10:00,ATM-1,CE,275.0,281.05,9.2,9.2,8.5,8.55,35.587053,21900,1293925
2026-08-20 14:15:00,ATM-1,CE,275.0,280.45,8.55,8.55,8.25,8.25,36.683743,31025,1284800
2026-08-20 14:20:00,ATM-1,CE,275.0,280.6,8.25,8.25,8.2,8.2,35.348377,5475,1281150
2026-08-20 14:25:00,ATM-1,CE,275.0,281.0,8.2,8.2,7.9,8.2,32.79016,36500,1251950
2026-08-20 14:30:00,ATM-1,CE,275.0,280.8,8.2,8.5,8.2,8.45,36.332973,5475,1251950
2026-08-20 14:35:00,ATM-1,CE,275.0,280.9,8.45,8.45,8.35,8.35,34.829085,9125,1253775
2026-08-20 14:40:00,ATM-1,CE,275.0,280.85,8.35,8.5,8.35,8.5,36.490378,1825,1244650
2026-08-20 14:45:00,ATM-1,CE,275.0,280.85,8.4,8.5,8.4,8.5,36.504552,14600,1233700
2026-08-20 14:50:00,ATM-1,CE,275.0,280.3,8.5,8.5,7.9,7.9,34.648172,25550,1226400
2026-08-20 14:55:00,ATM-1,CE,275.0,280.55,7.9,7.9,7.9,7.9,33.098096,1825,1226400
2026-08-20 15:00:00,ATM-1,CE,275.0,280.2,7.9,7.9,7.5,7.55,32.213567,32850,1217275
2026-08-20 15:05:00,ATM-1,CE,275.0,280.0,7.7,7.7,7.5,7.5,33.025544,18250,1217275
2026-08-20 15:10:00,ATM-1,CE,275.0,279.65,7.5,7.75,7.4,7.7,36.80613,20075,1204500
2026-08-20 15:15:00,ATM-1,CE,275.0,279.65,7.7,7.85,7.7,7.85,38.081487,7300,1197200
2026-08-20 15:20:00,ATM-1,CE,275.0,279.65,7.4,7.85,7.1,7.1,31.700874,34675,1177125
2026-08-20 15:25:00,ATM-1,CE,275.0,279.0,7.1,7.1,6.9,6.95,34.184835,18250,1168000
2026-08-20 15:30:00,ATM-1,CE,275.0,279.0,6.5,6.95,6.5,6.7,32.096605,31025,1151575
2026-08-20 15:35:00,ATM-1,CE,275.0,279.0,6.8,7.15,6.7,6.95,34.211393,16425,1144275
2026-08-21 09:15:00,ATM-1,CE,275.0,280.05,8.05,8.15,7.25,7.25,33.486288,16425,1144275
2026-08-21 09:20:00,ATM-1,CE,275.0,280.75,7.0,8.15,7.0,8.1,36.902724,104025,1122375
2026-08-21 09:25:00,ATM-1,CE,275.0,279.6,8.0,8.1,7.45,7.45,38.31911,49275,1113250
2026-08-21 09:30:00,ATM-1,CE,275.0,279.3,6.45,7.45,6.35,6.6,32.341582,58400,1096825
2026-08-21 09:35:00,ATM-1,CE,275.0,279.3,6.85,6.85,6.55,6.55,31.885567,14600,1095000
2026-08-21 09:40:00,ATM-1,CE,275.0,279.3,6.7,6.75,6.55,6.75,33.775511,14600,1093175
2026-08-21 09:45:00,ATM-1,CE,275.0,279.3,6.5,6.75,6.5,6.6,32.386253,14600,1089525
2026-08-21 09:50:00,ATM-1,CE,275.0,279.75,6.3,6.7,6.3,6.55,28.838112,25550,1085875
2026-08-21 09:55:00,ATM-1,CE,275.0,278.8,6.6,6.6,6.05,6.15,31.402804,20075,1082225
2026-08-21 10:00:00,ATM-1,CE,275.0,278.15,6.15,6.15,5.4,5.55,29.890155,21900,1076750
2026-08-21 10:05:00,ATM-1,CE,275.0,278.0,5.55,5.8,5.45,5.45,29.887491,27375,1071275
2026-08-21 10:10:00,ATM-1,CE,275.0,278.0,5.45,5.6,5.45,5.6,31.253157,23725,1053025
2026-08-21 10:15:00,ATM-1,CE,275.0,277.6,5.6,9.6,5.2,5.25,30.424697,27375,1051200
2026-08-21 10:20:00,ATM-1,CE,275.0,277.65,9.1,9.1,5.05,5.15,29.262542,7300,1043900
2026-08-21 10:25:00,ATM-1,CE,275.0,277.7,5.15,5.3,5.15,5.3,30.332187,32850,1038425
2026-08-21 10:30:00,ATM-1,CE,275.0,277.7,5.3,5.4,5.3,5.35,30.792688,9125,1032950
2026-08-21 10:35:00,ATM-1,CE,270.0,277.3,5.15,8.95,5.15,8.8,32.929636,20075,1107775
2026-08-21 10:40:00,ATM-1,CE,270.0,277.15,8.8,8.85,8.65,8.8,34.288675,23725,1105950
2026-08-21 10:45:00,ATM-1,CE,270.0,277.2,8.7,8.9,8.65,8.65,32.132325,14600,1102300
2026-08-21 10:50:00,ATM-1,CE,270.0,276.95,8.55,8.65,8.25,8.25,29.756438,7300,1100475
2026-08-21 10:55:00,ATM-1,CE,270.0,277.3,8.25,8.65,8.25,8.65,31.214323,21900,1096825
2026-08-21 11:00:00,ATM-1,CE,270.0,276.9,5.0,8.95,5.0,8.95,38.058361,10950,1096825
2026-08-21 11:05:00,ATM-1,CE,270.0,276.65,8.95,8.95,7.9,8.2,31.981176,27375,1104125
2026-08-21 11:10:00,ATM-1,CE,270.0,276.7,8.2,8.3,8.2,8.2,31.553864,5475,1102300
2026-08-21 11:15:00,ATM-1,CE,270.0,276.75,8.2,8.25,8.0,8.25,31.694292,20075,1111425
2026-08-21 11:20:00,ATM-1,CE,270.0,277.25,8.4,8.85,8.25,8.85,34.103994,7300,1104125
2026-08-21 11:25:00,ATM-1,CE,270.0,277.05,8.85,8.85,8.85,8.85,35.84995,0,1104125
2026-08-21 11:30:00,ATM-1,CE,270.0,277.4,8.85,8.85,8.85,8.85,32.7623,0,1104125
2026-08-21 11:35:00,ATM-1,CE,270.0,277.45,8.85,9.2,8.85,9.2,36.354426,3650,1100475
2026-08-21 11:40:00,ATM-1,CE,275.0,279.2,5.75,6.55,5.05,6.55,32.911129,60225,1007400
2026-08-21 11:45:00,ATM-1,CE,275.0,280.1,6.55,7.5,6.55,7.3,34.098053,36500,1003750
2026-08-21 11:50:00,ATM-1,CE,275.0,280.3,7.35,7.35,7.3,7.35,33.193956,7300,1000100
2026-08-21 11:55:00,ATM-1,CE,275.0,280.35,7.3,7.5,7.3,7.45,33.846172,41975,1003750
2026-08-21 12:00:00,ATM-1,CE,275.0,281.3,7.45,8.1,7.45,8.1,33.347321,5475,1005575
2026-08-21 12:05:00,ATM-1,CE,275.0,282.2,8.1,9.1,8.05,9.1,36.753792,45625,1001925
2026-08-21 12:10:00,ATM-1,CE,275.0,282.15,8.65,9.1,8.45,8.5,30.472961,32850,980025
2026-08-21 12:15:00,ATM-1,CE,275.0,281.8,8.5,8.5,8.25,8.25,30.811557,1825,980025
2026-08-21 12:20:00,ATM-1,CE,280.0,284.05,8.25,8.25,4.65,6.45,32.435041,1281150,2732025
2026-08-21 12:25:00,ATM-1,CE,280.0,285.2,6.45,6.7,6.35,6.65,26.303742,427050,2628000
2026-08-21 12:30:00,ATM-1,CE,280.0,283.3,7.0,7.0,5.85,5.85,31.558573,390550,2739325
2026-08-21 12:35:00,ATM-1,CE,280.0,283.55,5.85,6.25,5.5,6.25,33.701578,219000,2701000
2026-08-21 12:40:00,ATM-1,CE,280.0,283.7,6.2,6.75,6.05,6.45,34.63303,122275,2655375
2026-08-21 12:45:00,ATM-1,CE,280.0,283.8,6.4,6.65,6.3,6.65,35.861206,47450,2659025
2026-08-21 12:50:00,ATM-1,CE,280.0,284.4,6.5,6.95,6.25,6.75,33.090794,100375,2648075
2026-08-21 12:55:00,ATM-1,CE,280.0,283.9,6.8,6.8,6.5,6.5,33.931695,43800,2598800
2026-08-21 13:00:00,ATM-1,CE,280.0,283.15,6.35,6.5,5.7,5.75,31.628349,71175,2565950
2026-08-21 13:05:00,ATM-1,CE,280.0,282.75,5.95,5.95,5.45,5.45,31.258548,31025,2562300
2026-08-21 13:10:00,ATM-1,CE,280.0,283.15,5.45,5.75,5.45,5.75,31.65817,41975,2556825
2026-08-21 13:15:00,ATM-1,CE,280.0,282.7,5.85,5.85,5.5,5.5,32.01154,20075,2556825
2026-08-21 13:20:00,ATM-1,CE,280.0,282.55,5.5,9.5,5.3,5.35,31.53395,21900,2551350
2026-08-21 13:25:00,ATM-1,CE,280.0,282.6,5.4,5.55,5.35,5.45,32.154952,16425,2553175
2026-08-21 13:30:00,ATM-1,CE,280.0,282.8,5.45,5.75,5.35,5.5,31.494298,36500,2553175
2026-08-21 13:35:00,ATM-1,CE,280.0,282.85,5.5,5.5,5.5,5.5,31.224723,9125,2549525
2026-08-21 13:40:00,ATM-1,CE,280.0,282.85,5.55,5.55,5.5,5.55,31.685819,3650,2549525
2026-08-21 13:45:00,ATM-1,CE,280.0,283.0,5.55,5.55,5.35,5.5,30.386885,7300,2544050
2026-08-21 13:50:00,ATM-1,CE,280.0,283.3,5.45,5.75,5.25,5.75,30.88901,47450,2516675
2026-08-21 13:55:00,ATM-1,CE,280.0,283.3,5.8,5.8,5.6,5.75,30.903751,16425,2513025
2026-08-21 14:00:00,ATM-1,CE,280.0,282.85,5.65,5.75,5.4,5.4,30.402428,16425,2509375
2026-08-21 14:05:00,ATM-1,CE,280.0,282.95,5.45,5.65,5.4,5.45,30.28615,34675,2494775
2026-08-21 14:10:00,ATM-1,CE,280.0,283.0,5.55,5.55,5.45,5.5,30.459461,10950,2492950
2026-08-21 14:15:00,ATM-1,CE,280.0,283.0,5.5,5.55,5.3,5.4,29.568138,14600,2482000
2026-08-21 14:20:00,ATM-1,CE,280.0,282.8,5.45,5.45,5.25,5.3,29.85013,18250,2482000
2026-08-21 14:25:00,ATM-1,CE,280.0,282.95,5.35,5.35,5.2,5.2,28.072998,21900,2472875
2026-08-21 14:30:00,ATM-1,CE,280.0,282.7,5.2,5.4,5.2,5.25,30.005446,45625,2452800
2026-08-21 14:35:00,ATM-1,CE,280.0,282.8,5.2,5.3,5.2,5.2,28.990301,23725,2454625
2026-08-21 14:40:00,ATM-1,CE,280.0,282.75,5.2,5.2,5.05,5.1,28.392045,29200,2449150
2026-08-21 14:45:00,ATM-1,CE,280.0,283.0,5.1,5.45,5.1,5.45,30.108224,16425,2445500
2026-08-21 14:50:00,ATM-1,CE,280.0,282.9,5.4,5.45,5.1,5.25,28.896524,31025,2441850
2026-08-21 14:55:00,ATM-1,CE,280.0,282.8,5.25,5.25,5.15,5.2,29.046369,7300,2436375
2026-08-21 15:00:00,ATM-1,CE,280.0,283.35,5.2,5.25,4.95,5.1,24.697982,135050,2399875
2026-08-21 15:05:00,ATM-1,CE,280.0,282.8,5.2,5.2,4.95,5.0,27.252871,34675,2403525
2026-08-21 15:10:00,ATM-1,CE,275.0,281.8,4.95,8.95,4.95,8.95,39.011472,3650,932575
2026-08-21 15:15:00,ATM-1,CE,275.0,281.8,8.95,8.95,8.25,8.25,31.372577,1825,934400
2026-08-21 15:20:00,ATM-1,CE,275.0,281.8,8.25,8.35,8.25,8.35,32.537652,3650,934400
2026-08-21 15:25:00,ATM-1,CE,275.0,282.5,8.35,8.65,8.35,8.45,26.705122,3650,936225
2026-08-21 15:30:00,ATM-1,CE,275.0,282.5,8.45,9.1,8.45,9.1,34.90041,10950,936225
2026-08-21 15:35:00,ATM-1,CE,275.0,282.5,9.1,9.85,8.75,9.85,43.093194,3650,925275
2026-08-24 09:15:00,ATM-1,CE,275.0,282.4,3.8,9.85,3.8,9.85,80.684735,29200,921625
2026-08-24 09:20:00,ATM-1,CE,280.0,282.65,9.85,9.85,4.35,4.8,49.187162,20075,2107875
2026-08-24 09:25:00,ATM-1,CE,275.0,281.75,4.8,9.1,4.8,7.95,53.997148,49275,907025
2026-08-24 09:30:00,ATM-1,CE,275.0,281.8,7.9,8.35,7.85,7.85,51.117881,47450,890600
2026-08-24 09:35:00,ATM-1,CE,280.0,282.9,7.85,8.75,4.1,5.0,50.037205,82125,2012975
2026-08-24 09:40:00,ATM-1,CE,280.0,282.8,5.0,5.0,4.9,5.0,51.154527,162425,2029400
2026-08-24 09:45:00,ATM-1,CE,280.0,284.0,5.0,6.05,5.0,5.75,50.377535,116800,1998375
2026-08-24 09:50:00,ATM-1,CE,280.0,283.7,5.85,5.85,5.6,5.8,54.763358,91250,1980125
2026-08-24 09:55:00,ATM-1,CE,280.0,283.55,5.6,5.8,5.05,5.05,43.827779,73000,1969175
2026-08-24 10:00:00,ATM-1,CE,280.0,283.3,5.45,6.15,5.05,5.25,50.194222,60225,1938150
2026-08-24 10:05:00,ATM-1,CE,280.0,283.6,5.25,5.35,4.65,5.35,48.5375,127750,1888875
2026-08-24 10:10:00,ATM-1,CE,280.0,283.3,5.3,5.35,5.1,5.1,47.821067,16425,1888875
2026-08-24 10:15:00,ATM-1,CE,280.0,283.55,5.1,5.25,5.1,5.25,47.553449,5475,1885225
2026-08-24 10:20:00,ATM-1,CE,280.0,283.0,5.25,5.25,4.85,4.85,47.125971,9125,1885225
2026-08-24 10:25:00,ATM-1,CE,280.0,283.1,4.85,4.9,4.65,4.9,46.919827,9125,1888875
2026-08-24 10:30:00,ATM-1,CE,280.0,282.55,4.9,4.9,4.65,4.65,48.789556,9125,1883400
2026-08-24 10:35:00,ATM-1,CE,280.0,282.65,8.7,8.9,4.3,4.6,46.984873,10950,1874275
2026-08-24 10:40:00,ATM-1,CE,280.0,284.0,4.6,5.0,4.6,4.9,35.540539,45625,1846900
2026-08-24 10:45:00,ATM-1,CE,280.0,284.05,5.3,5.3,4.9,5.25,41.621048,29200,1841425
2026-08-24 10:50:00,ATM-1,CE,280.0,284.1,5.25,5.25,5.05,5.05,37.118052,18250,1839600
2026-08-24 10:55:00,ATM-1,CE,280.0,284.05,5.25,5.25,5.05,5.2,40.806216,20075,1834125
2026-08-24 11:00:00,ATM-1,CE,280.0,282.95,5.2,5.2,4.45,4.45,41.430878,38325,1810400
2026-08-24 11:05:00,ATM-1,CE,280.0,282.7,4.45,4.45,4.1,4.3,41.807887,16425,1795800
2026-08-24 11:10:00,ATM-1,CE,275.0,282.4,4.2,8.45,4.2,8.45,55.336538,12775,731825
2026-08-24 11:15:00,ATM-1,CE,275.0,282.25,4.25,8.35,4.25,8.15,51.286169,9125,728175
2026-08-24 11:20:00,ATM-1,CE,275.0,282.05,8.15,8.2,8.05,8.2,56.183495,7300,726350
2026-08-24 11:25:00,ATM-1,CE,275.0,281.95,8.2,8.2,7.75,7.75,47.75349,5475,724525
2026-08-24 11:30:00,ATM-1,CE,275.0,282.05,7.8,8.35,7.75,8.05,52.997892,18250,711750
2026-08-24 11:35:00,ATM-1,CE,275.0,281.45,7.6,8.05,7.6,7.6,53.699534,5475,711750
2026-08-24 11:40:00,ATM-1,CE,275.0,281.35,7.6,7.6,7.6,7.6,55.442037,0,711750
2026-08-24 11:45:00,ATM-1,CE,275.0,281.45,7.2,7.6,7.15,7.2,44.700394,10950,709925
2026-08-24 11:50:00,ATM-1,CE,275.0,281.8,7.4,7.8,7.2,7.8,52.222123,16425,713575
2026-08-24 11:55:00,ATM-1,CE,275.0,281.5,7.8,7.8,7.8,7.8,57.469017,0,713575
2026-08-24 12:00:00,ATM-1,CE,275.0,281.7,7.8,7.8,7.8,7.8,54.185703,0,715400
2026-08-24 12:05:00,ATM-1,CE,275.0,281.85,7.8,7.8,7.75,7.75,50.36448,3650,715400
2026-08-24 12:10:00,ATM-1,CE,275.0,281.3,7.95,7.95,7.75,7.8,60.895326,5475,715400
2026-08-24 12:15:00,ATM-1,CE,280.0,282.65,7.8,7.8,3.75,4.65,49.303831,69350,1591400
2026-08-24 12:20:00,ATM-1,CE,280.0,282.65,8.8,8.8,4.55,4.65,49.382037,14600,1582275
2026-08-24 12:25:00,ATM-1,CE,280.0,282.55,4.7,5.2,4.65,4.75,52.235135,58400,1574975
2026-08-24 12:30:00,ATM-1,CE,280.0,283.2,4.75,5.2,4.75,5.05,50.223175,25550,1560375
2026-08-24 12:35:00,ATM-1,CE,280.0,283.35,5.5,5.5,5.05,5.3,52.926902,36500,1549425
2026-08-24 12:40:00,ATM-1,CE,280.0,283.6,5.3,5.3,5.25,5.25,49.118598,14600,1545775
2026-08-24 12:45:00,ATM-1,CE,280.0,283.25,5.35,5.35,4.95,5.0,48.993812,18250,1543950
2026-08-24 12:50:00,ATM-1,CE,280.0,283.1,5.0,5.05,5.0,5.05,51.708141,3650,1543950
2026-08-24 12:55:00,ATM-1,CE,280.0,282.9,5.05,5.05,4.8,4.8,49.726269,9125,1545775
2026-08-24 13:00:00,ATM-1,CE,280.0,282.7,4.85,4.85,4.55,4.55,47.732157,14600,1533000
2026-08-24 13:05:00,ATM-1,CE,280.0,282.7,4.5,8.75,4.35,4.35,44.312212,3650,1529350
2026-08-24 13:10:00,ATM-1,CE,280.0,283.15,4.7,5.05,4.35,5.0,50.582713,23725,1527525
2026-08-24 13:15:00,ATM-1,CE,280.0,283.25,5.0,5.0,4.95,4.95,48.581118,5475,1523875
2026-08-24 13:20:00,ATM-1,CE,280.0,283.55,4.95,5.6,4.95,5.45,53.989792,20075,1523875
2026-08-24 13:25:00,ATM-1,CE,280.0,283.75,5.45,5.65,5.45,5.45,51.611642,21900,1511100
2026-08-24 13:30:00,ATM-1,CE,280.0,283.3,5.4,5.45,5.0,5.0,49.113905,10950,1500150
2026-08-24 13:35:00,ATM-1,CE,280.0,283.65,5.0,5.3,5.0,5.3,50.297887,1825,1498325
2026-08-24 13:40:00,ATM-1,CE,280.0,283.7,5.3,5.45,5.3,5.45,52.500051,20075,1492850
2026-08-24 13:45:00,ATM-1,CE,280.0,283.65,5.45,5.55,5.35,5.35,51.385271,9125,1485550
2026-08-24 13:50:00,ATM-1,CE,280.0,283.75,5.35,5.5,5.35,5.5,52.963705,14600,1481900
2026-08-24 13:55:00,ATM-1,CE,280.0,283.9,5.3,5.7,5.3,5.7,54.834012,29200,1470950
2026-08-24 14:00:00,ATM-1,CE,280.0,283.7,5.6,5.7,5.35,5.35,51.008669,20075,1456350
2026-08-24 14:05:00,ATM-1,CE,280.0,283.6,5.45,5.5,5.3,5.35,52.363888,25550,1441750
2026-08-24 14:10:00,ATM-1,CE,280.0,283.5,5.35,5.35,5.25,5.35,53.694852,12775,1438100
2026-08-24 14:15:00,ATM-1,CE,280.0,283.5,5.25,5.4,5.2,5.2,51.038196,16425,1430800
2026-08-24 14:20:00,ATM-1,CE,280.0,283.4,5.35,5.45,5.2,5.2,52.37198,18250,1416200
2026-08-24 14:25:00,ATM-1,CE,280.0,283.6,5.3,5.5,5.2,5.5,55.478808,25550,1401600
2026-08-24 14:30:00,ATM-1,CE,280.0,284.0,5.5,5.85,5.5,5.85,57.002008,25550,1390650
2026-08-24 14:35:00,ATM-1,CE,280.0,283.8,5.75,5.85,5.7,5.7,56.855725,73000,1348675
2026-08-24 14:40:00,ATM-1,CE,280.0,284.05,5.7,5.95,5.6,5.8,55.614354,62050,1332250
2026-08-24 14:45:00,ATM-1,CE,280.0,283.95,5.8,5.85,5.7,5.8,57.006242,12775,1310350
2026-08-24 14:50:00,ATM-1,CE,280.0,283.7,5.85,5.85,5.6,5.6,56.557661,32850,1297575
2026-08-24 14:55:00,ATM-1,CE,280.0,283.35,5.55,5.6,5.1,5.1,51.78611,43800,1277500
2026-08-24 15:00:00,ATM-1,CE,280.0,283.05,5.0,5.1,4.9,5.0,53.709767,138700,1228225
2026-08-24 15:05:00,ATM-1,CE,280.0,283.6,4.8,5.55,4.8,5.55,57.179581,51100,1211800
2026-08-24 15:10:00,ATM-1,CE,280.0,283.25,5.5,6.05,5.5,5.8,65.979658,233600,1281150
2026-08-24 15:15:00,ATM-1,CE,280.0,283.25,6.05,6.2,5.8,6.2,73.213113,25550,1268375
2026-08-24 15:20:00,ATM-1,CE,280.0,283.25,6.5,6.9,6.2,6.6,80.406543,69350,1261075
2026-08-24 15:25:00,ATM-1,CE,280.0,284.25,6.2,6.6,6.0,6.0,57.665371,16425,1250125
2026-08-24 15:30:00,ATM-1,CE,280.0,284.25,6.0,6.0,5.8,5.9,55.83313,23725,1241000
2026-08-24 15:35:00,ATM-1,CE,280.0,284.25,5.9,5.9,5.05,5.05,38.31763,27375,1241000
2026-08-25 09:15:00,ATM-1,CE,285.0,288.3,4.8,5.0,1.75,3.9,57.388854,302950,1430800
2026-08-25 09:20:00,ATM-1,CE,285.0,288.4,4.3,4.9,3.9,4.9,94.000907,419750,1248300
2026-08-25 09:25:00,ATM-1,CE,285.0,289.1,4.65,5.65,4.55,5.55,100.676158,213525,1116900
2026-08-25 09:30:00,ATM-1,CE,280.0,286.95,9.6,10.0,7.3,7.8,106.306714,228125,954475
2026-08-25 09:35:00,ATM-1,CE,280.0,287.0,7.8,7.8,6.85,7.0,0.0,3650,934400
2026-08-25 09:40:00,ATM-1,CE,280.0,286.35,7.8,7.95,7.0,7.2,102.170478,51100,923450
2026-08-25 09:45:00,ATM-1,CE,280.0,284.85,7.2,7.2,5.25,5.25,65.416619,36500,916150
2026-08-25 09:50:00,ATM-1,CE,280.0,284.8,5.5,5.6,5.25,5.25,68.304109,21900,919800
2026-08-25 09:55:00,ATM-1,CE,280.0,284.8,5.25,5.25,5.25,5.25,68.817096,0,919800
2026-08-25 10:00:00,ATM-1,CE,280.0,284.1,5.25,5.25,5.25,5.25,95.314502,0,917975
2026-08-25 10:05:00,ATM-1,CE,280.0,284.9,4.75,5.25,4.75,5.15,58.089317,91250,877825
2026-08-25 10:10:00,ATM-1,CE,280.0,285.25,5.15,5.65,5.15,5.65,71.572974,104025,797525
2026-08-25 10:15:00,ATM-1,CE,285.0,288.15,6.75,7.6,3.15,4.0,72.192557,129575,934400
2026-08-25 10:20:00,ATM-1,CE,285.0,289.05,3.9,5.25,3.75,4.7,73.421874,299300,742775
2026-08-25 10:25:00,ATM-1,CE,285.0,289.15,4.5,4.95,4.5,4.95,82.264796,93075,691675
2026-08-25 10:30:00,ATM-1,CE,285.0,288.55,5.0,5.0,4.45,4.45,80.813746,89425,671600
2026-08-25 10:35:00,ATM-1,CE,285.0,288.15,4.25,4.45,3.8,3.8,65.481235,41975,667950
2026-08-25 10:40:00,ATM-1,CE,285.0,288.35,5.0,5.35,3.6,3.85,60.841824,91250,642400
2026-08-25 10:45:00,ATM-1,CE,285.0,288.3,3.9,4.3,3.85,4.3,84.391663,9125,640575
2026-08-25 10:50:00,ATM-1,CE,280.0,286.8,4.3,9.05,4.2,7.7,121.677819,100375,607725
2026-08-25 10:55:00,ATM-1,CE,280.0,287.4,7.5,8.35,3.25,8.25,126.274692,38325,591300
2026-08-25 11:00:00,ATM-1,CE,285.0,287.7,3.45,4.0,3.45,4.0,91.945949,49275,618675
2026-08-25 11:05:00,ATM-1,CE,285.0,288.5,4.0,4.15,3.85,4.15,73.160962,40150,600425
2026-08-25 11:10:00,ATM-1,CE,285.0,290.0,4.15,6.0,4.15,6.0,109.086732,36500,578525
2026-08-25 11:15:00,ATM-1,CE,285.0,289.75,5.8,6.3,5.7,6.05,121.722546,67525,580350
2026-08-25 11:20:00,ATM-1,CE,285.0,290.0,6.05,6.45,6.0,6.3,126.075737,20075,562100
2026-08-25 11:25:00,ATM-1,CE,285.0,288.1,5.95,6.3,4.3,4.3,97.585834,27375,556625
2026-08-25 11:30:00,ATM-1,CE,285.0,288.8,4.0,4.7,4.0,4.7,93.473504,25550,538375
2026-08-25 11:35:00,ATM-1,CE,285.0,288.75,4.7,4.7,4.7,4.7,96.330665,0,538375
2026-08-25 11:40:00,ATM-1,CE,280.0,287.3,4.65,8.45,4.15,8.25,142.937485,16425,485450
2026-08-25 11:45:00,ATM-1,CE,285.0,287.75,3.9,8.05,3.75,3.75,87.203139,12775,525600
2026-08-25 11:50:00,ATM-1,CE,285.0,287.9,3.75,3.9,3.75,3.75,82.865025,5475,525600
2026-08-25 11:55:00,ATM-1,CE,285.0,287.85,3.75,3.75,3.75,3.75,85.640843,0,525600
2026-08-25 12:00:00,ATM-1,CE,280.0,287.5,3.75,8.3,3.75,8.3,142.164422,0,479975
2026-08-25 12:05:00,ATM-1,CE,285.0,288.15,3.75,4.6,3.75,4.6,119.617943,23725,523775
2026-08-25 12:10:00,ATM-1,CE,285.0,288.0,4.6,4.6,4.3,4.4,116.261339,10950,521950
2026-08-25 12:15:00,ATM-1,CE,285.0,288.35,4.4,4.4,4.4,4.4,105.19116,0,521950
2026-08-25 12:20:00,ATM-1,CE,285.0,287.9,4.4,4.4,3.95,3.95,99.70234,3650,523775
2026-08-25 12:25:00,ATM-1,CE,280.0,286.8,8.25,8.65,7.55,7.6,142.52124,43800,447125
2026-08-25 12:30:00,ATM-1,CE,280.0,286.95,7.5,7.6,7.05,7.05,79.882969,3650,445300
2026-08-25 12:35:00,ATM-1,CE,280.0,286.85,7.05,7.05,7.05,7.05,94.773842,0,445300
2026-08-25 12:40:00,ATM-1,CE,280.0,287.0,7.05,7.05,7.05,7.05,71.289597,0,445300
2026-08-25 12:45:00,ATM-1,CE,280.0,287.2,7.05,7.8,7.05,7.8,140.570861,1825,443475
2026-08-25 12:50:00,ATM-1,CE,280.0,287.5,7.9,7.9,7.8,7.9,128.496562,7300,443475
2026-08-25 12:55:00,ATM-1,CE,285.0,287.55,3.4,7.9,3.25,3.55,101.269694,1825,481800
2026-08-25 13:00:00,ATM-1,CE,280.0,286.8,8.0,8.05,7.7,7.7,165.401646,20075,417925
2026-08-25 13:05:00,ATM-1,CE,280.0,286.8,7.7,7.7,7.7,7.7,168.151972,0,417925
2026-08-25 13:10:00,ATM-1,CE,280.0,287.15,7.7,7.7,7.7,7.7,147.159329,0,417925
2026-08-25 13:15:00,ATM-1,CE,280.0,287.05,7.7,7.7,7.7,7.7,157.330609,0,417925
2026-08-25 13:20:00,ATM-1,CE,285.0,287.6,7.3,7.95,2.8,2.8,54.568478,5475,399675
2026-08-25 13:25:00,ATM-1,CE,280.0,287.4,8.0,8.0,7.95,7.95,159.016095,9125,406975
2026-08-25 13:30:00,ATM-1,CE,285.0,287.9,7.95,7.95,2.95,3.3,78.803504,5475,394200
2026-08-25 13:35:00,ATM-1,CE,285.0,288.1,3.3,3.6,3.3,3.6,91.801832,1825,394200
2026-08-25 13:40:00,ATM-1,CE,285.0,288.1,3.6,3.6,3.5,3.5,85.529114,1825,396025
2026-08-25 13:45:00,ATM-1,CE,285.0,288.0,3.5,3.6,3.5,3.6,102.09743,25550,396025
2026-08-25 13:50:00,ATM-1,CE,285.0,287.6,3.6,3.6,3.6,3.6,126.22184,0,396025
2026-08-25 13:55:00,ATM-1,CE,280.0,287.5,8.7,8.7,3.6,8.2,0.0,10950,405150
2026-08-25 14:00:00,ATM-1,CE,280.0,287.4,3.3,8.2,3.3,8.0,0.0,7300,401500
2026-08-25 14:05:00,ATM-1,CE,280.0,287.35,8.0,8.15,3.4,8.15,0.0,12775,401500
2026-08-25 14:10:00,ATM-1,CE,285.0,287.6,8.15,8.15,3.75,3.75,151.990898,14600,368650
2026-08-25 14:15:00,ATM-1,CE,280.0,287.45,8.0,8.0,3.75,8.0,0.0,9125,399675
2026-08-25 14:20:00,ATM-1,CE,280.0,287.35,8.0,8.0,8.0,8.0,0.0,0,399675
2026-08-25 14:25:00,ATM-1,CE,285.0,287.9,8.0,8.0,3.6,3.6,135.341354,0,341275
2026-08-25 14:30:00,ATM-1,CE,285.0,287.9,3.5,4.2,3.5,4.2,195.378585,12775,333975
2026-08-25 14:35:00,ATM-1,CE,285.0,287.85,4.2,4.2,3.5,3.5,139.856233,3650,330325
2026-08-25 14:40:00,ATM-1,CE,285.0,287.85,4.55,4.55,3.5,4.2,215.669692,7300,328500
2026-08-25 14:45:00,ATM-1,CE,285.0,287.85,4.2,4.2,3.5,4.2,226.216201,9125,323025
2026-08-25 14:50:00,ATM-1,CE,285.0,287.9,4.2,4.2,4.2,4.2,234.894347,0,323025
2026-08-25 14:55:00,ATM-1,CE,285.0,287.65,3.6,9.2,3.15,3.6,200.760655,12775,306600
2026-08-25 15:00:00,ATM-1,CE,285.0,287.55,9.2,9.2,4.1,4.1,282.14815,0,297475
2026-08-25 15:05:00,ATM-1,CE,285.0,287.55,9.2,9.2,3.0,3.0,157.633617,12775,293825
2026-08-25 15:10:00,ATM-1,CE,280.0,286.65,8.25,8.3,7.3,7.5,0.0,10950,381425
2026-08-25 15:15:00,ATM-1,CE,280.0,286.65,8.25,8.25,7.5,7.95,0.0,7300,372300
2026-08-25 15:20:00,ATM-1,CE,280.0,286.65,8.0,8.0,7.95,8.0,0.0,9125,372300
2026-08-25 15:25:00,ATM-1,CE,280.0,287.4,8.0,8.0,8.0,8.0,0.0,5475,372300
2026-08-25 15:30:00,ATM-1,CE,280.0,287.4,8.0,8.0,6.5,7.5,0.0,36500,363175
2026-08-25 15:35:00,ATM-1,CE,280.0,287.4,7.0,7.5,6.5,6.5,0.0,20075,343100
2026-08-20 09:15:00,ATM-1,PE,270.0,275.2,2.4,2.7,2.2,2.2,34.078287,78475,3310550
2026-08-20 09:20:00,ATM-1,PE,270.0,274.4,2.4,2.55,2.2,2.55,34.923013,51100,3301425
2026-08-20 09:25:00,ATM-1,PE,275.0,277.75,2.4,3.45,1.9,3.4,36.381044,182500,1952750
2026-08-20 09:30:00,ATM-1,PE,275.0,279.3,3.2,3.4,2.8,2.8,36.10801,476325,1943625
2026-08-20 09:35:00,ATM-1,PE,275.0,282.3,2.85,4.75,2.0,2.2,38.740256,445300,1965525
2026-08-20 09:40:00,ATM-1,PE,280.0,284.2,2.15,4.0,2.15,3.6,41.560182,1151575,1938150
2026-08-20 09:45:00,ATM-1,PE,275.0,281.2,3.65,3.8,2.15,2.45,38.244067,317550,1985600
2026-08-20 09:50:00,ATM-1,PE,275.0,279.9,2.5,3.0,2.45,2.9,38.620301,631450,1983775
2026-08-20 09:55:00,ATM-1,PE,275.0,280.7,2.95,3.05,2.45,2.45,36.989857,350400,2002025
2026-08-20 10:00:00,ATM-1,PE,275.0,280.3,2.45,2.45,2.3,2.3,34.689333,158775,1969175
2026-08-20 10:05:00,ATM-1,PE,275.0,279.5,2.5,2.85,2.3,2.85,37.14875,158775,2016625
2026-08-20 10:10:00,ATM-1,PE,275.0,280.45,2.8,2.85,2.3,2.45,36.376779,319375,2031225
2026-08-20 10:15:00,ATM-1,PE,275.0,281.2,2.45,2.65,2.35,2.35,37.450922,133225,2067725
2026-08-20 10:20:00,ATM-1,PE,275.0,281.0,2.2,2.4,2.2,2.35,36.956705,49275,2082325
2026-08-20 10:25:00,ATM-1,PE,275.0,281.15,2.35,2.55,2.3,2.55,39.072684,31025,2076850
2026-08-20 10:30:00,ATM-1,PE,275.0,280.7,2.5,2.55,2.5,2.55,37.923078,20075,2082325
2026-08-20 10:35:00,ATM-1,PE,275.0,281.15,2.55,2.6,2.5,2.55,39.097309,14600,2080500
2026-08-20 10:40:00,ATM-1,PE,275.0,281.0,2.55,2.55,2.45,2.45,37.866105,23725,2089625
2026-08-20 10:45:00,ATM-1,PE,275.0,280.85,2.45,2.55,2.45,2.55,38.348494,14600,2085975
2026-08-20 10:50:00,ATM-1,PE,275.0,281.0,2.55,2.55,2.55,2.55,38.748406,0,2085975
2026-08-20 10:55:00,ATM-1,PE,275.0,280.25,2.55,2.65,2.45,2.65,37.642552,56575,2085975
2026-08-20 11:00:00,ATM-1,PE,275.0,280.15,2.65,2.65,2.6,2.65,37.387506,16425,2084150
2026-08-20 11:05:00,ATM-1,PE,275.0,280.2,2.65,2.7,2.55,2.55,36.691827,49275,2084150
2026-08-20 11:10:00,ATM-1,PE,275.0,280.2,2.55,2.6,2.4,2.55,36.703383,67525,2082325
2026-08-20 11:15:00,ATM-1,PE,275.0,280.45,2.5,2.55,2.45,2.45,36.525588,47450,2082325
2026-08-20 11:20:00,ATM-1,PE,275.0,280.45,2.45,2.45,2.4,2.4,36.110183,31025,2075025
2026-08-20 11:25:00,ATM-1,PE,275.0,280.7,2.4,2.4,2.25,2.25,35.47461,51100,2069550
2026-08-20 11:30:00,ATM-1,PE,275.0,280.75,2.25,2.3,2.15,2.3,36.047468,40150,2053125
2026-08-20 11:35:00,ATM-1,PE,275.0,280.3,2.3,2.45,2.25,2.45,36.178109,34675,2038525
2026-08-20 11:40:00,ATM-1,PE,275.0,279.3,2.45,2.45,2.35,2.35,32.672756,10950,2038525
2026-08-20 11:45:00,ATM-1,PE,275.0,279.2,2.5,2.8,2.35,2.6,34.48742,63875,2022100
2026-08-20 11:50:00,ATM-1,PE,275.0,279.5,2.7,2.7,2.6,2.6,35.325395,32850,2022100
2026-08-20 11:55:00,ATM-1,PE,275.0,279.45,2.6,2.65,2.5,2.65,35.614461,34675,2016625
2026-08-20 12:00:00,ATM-1,PE,275.0,279.2,2.65,2.7,2.65,2.7,35.34561,47450,2020275
2026-08-20 12:05:00,ATM-1,PE,275.0,278.8,2.7,2.8,2.6,2.8,35.046744,32850,2014800
2026-08-20 12:10:00,ATM-1,PE,275.0,279.6,2.8,2.8,2.55,2.6,35.643971,142350,2120650
2026-08-20 12:15:00,ATM-1,PE,275.0,280.0,2.5,2.6,2.35,2.35,34.62422,76650,2109700
2026-08-20 12:20:00,ATM-1,PE,275.0,280.35,2.3,2.4,2.25,2.25,34.695146,21900,2071375
2026-08-20 12:25:00,ATM-1,PE,275.0,280.45,2.15,2.25,2.15,2.25,34.965508,49275,2044000
2026-08-20 12:30:00,ATM-1,PE,275.0,280.3,2.25,2.25,2.25,2.25,34.587145,0,2044000
2026-08-20 12:35:00,ATM-1,PE,275.0,280.7,2.15,2.3,2.15,2.2,35.195853,93075,2109700
2026-08-20 12:40:00,ATM-1,PE,275.0,280.7,2.2,2.25,2.2,2.2,35.207083,5475,2115175
2026-08-20 12:45:00,ATM-1,PE,275.0,281.2,2.2,2.2,2.0,2.0,34.702748,40150,2107875
2026-08-20 12:50:00,ATM-1,PE,275.0,281.4,2.05,2.05,1.85,1.85,33.841566,54750,2113350
2026-08-20 12:55:00,ATM-1,PE,275.0,281.8,1.9,2.05,1.7,1.75,33.885463,100375,2122475
2026-08-20 13:00:00,ATM-1,PE,275.0,281.2,1.8,1.9,1.7,1.9,33.831436,71175,2069550
2026-08-20 13:05:00,ATM-1,PE,275.0,281.2,1.9,1.95,1.85,1.95,34.295758,65700,2078675
2026-08-20 13:10:00,ATM-1,PE,275.0,281.2,1.9,1.95,1.9,1.95,34.306749,23725,2085975
2026-08-20 13:15:00,ATM-1,PE,275.0,281.5,1.85,1.95,1.85,1.85,34.138545,36500,2085975
2026-08-20 13:20:00,ATM-1,PE,275.0,281.45,1.85,1.85,1.85,1.85,34.0282,3650,2085975
2026-08-20 13:25:00,ATM-1,PE,275.0,281.6,1.85,1.85,1.8,1.8,33.939356,14600,2085975
2026-08-20 13:30:00,ATM-1,PE,275.0,282.15,1.8,1.8,1.75,1.75,34.790267,51100,2084150
2026-08-20 13:35:00,ATM-1,PE,275.0,282.0,1.7,1.75,1.7,1.75,34.447354,16425,2087800
2026-08-20 13:40:00,ATM-1,PE,275.0,281.9,1.75,1.75,1.75,1.75,34.221417,20075,2065900
2026-08-20 13:45:00,ATM-1,PE,275.0,281.3,1.75,1.85,1.75,1.85,33.717276,89425,2040350
2026-08-20 13:50:00,ATM-1,PE,275.0,281.25,1.8,1.85,1.8,1.8,33.145948,5475,2044000
2026-08-20 13:55:00,ATM-1,PE,275.0,281.4,1.8,1.8,1.7,1.7,32.590337,23725,2042175
2026-08-20 14:00:00,ATM-1,PE,275.0,281.4,1.7,1.7,1.65,1.65,32.131163,21900,2054950
2026-08-20 14:05:00,ATM-1,PE,275.0,281.55,1.65,1.7,1.65,1.65,32.499139,32850,2040350
2026-08-20 14:10:00,ATM-1,PE,275.0,281.05,1.65,1.75,1.65,1.75,32.238713,51100,2023925
2026-08-20 14:15:00,ATM-1,PE,275.0,280.45,1.75,1.75,1.75,1.75,30.767098,3650,2023925
2026-08-20 14:20:00,ATM-1,PE,275.0,280.6,1.85,1.9,1.75,1.9,32.509336,29200,2025750
2026-08-20 14:25:00,ATM-1,PE,275.0,281.0,1.9,1.9,1.8,1.85,33.065662,21900,2007500
2026-08-20 14:30:00,ATM-1,PE,275.0,280.8,1.75,1.85,1.75,1.8,32.123851,51100,1996550
2026-08-20 14:35:00,ATM-1,PE,275.0,280.9,1.8,1.8,1.8,1.8,32.381961,0,1994725
2026-08-20 14:40:00,ATM-1,PE,275.0,280.85,1.8,1.9,1.8,1.9,33.179591,16425,1989250
2026-08-20 14:45:00,ATM-1,PE,275.0,280.85,1.9,1.9,1.8,1.8,32.279085,20075,1989250
2026-08-20 14:50:00,ATM-1,PE,275.0,280.3,1.85,1.95,1.8,1.9,31.810661,32850,1991075
2026-08-20 14:55:00,ATM-1,PE,275.0,280.55,1.95,1.95,1.85,1.85,32.005255,31025,1985600
2026-08-20 15:00:00,ATM-1,PE,275.0,280.2,1.95,2.1,1.85,1.95,32.020674,69350,1989250
2026-08-20 15:05:00,ATM-1,PE,275.0,280.0,2.0,2.0,1.95,2.0,31.955199,23725,1987425
2026-08-20 15:10:00,ATM-1,PE,275.0,279.65,1.9,2.0,1.9,1.9,30.169457,14600,1989250
2026-08-20 15:15:00,ATM-1,PE,275.0,279.65,1.9,1.9,1.8,1.8,29.295334,3650,1989250
2026-08-20 15:20:00,ATM-1,PE,275.0,279.65,1.9,1.9,1.8,1.9,30.188934,12775,1996550
2026-08-20 15:25:00,ATM-1,PE,275.0,279.0,1.9,1.9,1.8,1.85,28.036248,16425,1994725
2026-08-20 15:30:00,ATM-1,PE,275.0,279.0,1.9,1.95,1.85,1.95,28.910874,16425,1989250
2026-08-20 15:35:00,ATM-1,PE,275.0,279.0,1.95,2.0,1.9,2.0,29.350998,45625,1992900
2026-08-21 09:15:00,ATM-1,PE,275.0,280.05,1.7,1.7,1.6,1.6,30.760227,12775,1991075
2026-08-21 09:20:00,ATM-1,PE,275.0,280.75,1.8,1.8,1.5,1.5,31.633643,129575,2025750
2026-08-21 09:25:00,ATM-1,PE,275.0,279.6,1.5,1.65,1.5,1.65,30.03522,87600,2005675
2026-08-21 09:30:00,ATM-1,PE,275.0,279.3,1.8,2.05,1.65,2.05,33.000599,104025,2003850
2026-08-21 09:35:00,ATM-1,PE,275.0,279.3,1.85,2.05,1.8,1.8,30.65355,45625,2007500
2026-08-21 09:40:00,ATM-1,PE,275.0,279.3,1.8,1.85,1.8,1.85,31.140827,49275,1985600
2026-08-21 09:45:00,ATM-1,PE,275.0,279.3,1.8,1.85,1.8,1.8,30.677065,60225,1987425
2026-08-21 09:50:00,ATM-1,PE,275.0,279.75,1.9,1.9,1.65,1.65,30.51062,49275,1972825
2026-08-21 09:55:00,ATM-1,PE,275.0,278.8,1.65,1.85,1.65,1.85,29.716607,25550,1974650
2026-08-21 10:00:00,ATM-1,PE,275.0,278.15,1.8,2.1,1.8,2.1,30.06013,135050,1965525
2026-08-21 10:05:00,ATM-1,PE,275.0,278.0,2.1,2.1,1.95,2.1,29.60222,114975,1991075
2026-08-21 10:10:00,ATM-1,PE,275.0,278.0,2.1,2.15,1.95,2.05,29.160429,43800,2060425
2026-08-21 10:15:00,ATM-1,PE,275.0,277.6,2.1,2.2,0.95,2.2,29.247741,43800,2054950
2026-08-21 10:20:00,ATM-1,PE,275.0,277.65,0.95,2.25,0.95,2.25,29.867516,169725,2089625
2026-08-21 10:25:00,ATM-1,PE,275.0,277.7,2.15,2.25,2.05,2.15,29.144817,23725,2075025
2026-08-21 10:30:00,ATM-1,PE,275.0,277.7,2.15,2.15,1.95,2.05,28.256238,32850,2073200
2026-08-21 10:35:00,ATM-1,PE,270.0,277.3,2.2,2.2,1.0,1.0,30.681266,9125,2958325
2026-08-21 10:40:00,ATM-1,PE,270.0,277.15,1.1,1.1,1.0,1.0,30.336393,83950,2916350
2026-08-21 10:45:00,ATM-1,PE,270.0,277.2,1.0,1.0,1.0,1.0,30.467471,10950,2916350
2026-08-21 10:50:00,ATM-1,PE,270.0,276.95,1.0,1.2,1.0,1.2,32.233631,9125,2914525
2026-08-21 10:55:00,ATM-1,PE,270.0,277.3,1.2,1.2,1.0,1.0,30.729465,14600,2910875
2026-08-21 11:00:00,ATM-1,PE,270.0,276.9,2.05,2.25,1.0,1.05,30.383074,73000,2896275
2026-08-21 11:05:00,ATM-1,PE,270.0,276.65,1.05,1.1,1.05,1.1,30.371184,14600,2907225
2026-08-21 11:10:00,ATM-1,PE,270.0,276.7,1.1,1.1,1.1,1.1,30.50651,5475,2909050
2026-08-21 11:15:00,ATM-1,PE,270.0,276.75,1.1,1.25,1.1,1.2,31.798134,104025,2885325
2026-08-21 11:20:00,ATM-1,PE,270.0,277.25,1.1,1.2,1.05,1.05,31.277716,91250,2830575
2026-08-21 11:25:00,ATM-1,PE,270.0,277.05,1.05,1.05,1.05,1.05,30.807072,3650,2832400
2026-08-21 11:30:00,ATM-1,PE,270.0,277.4,1.05,1.05,1.05,1.05,31.663026,7300,2830575
2026-08-21 11:35:00,ATM-1,PE,270.0,277.45,1.0,1.05,0.95,0.95,30.562929,9125,2839700
2026-08-21 11:40:00,ATM-1,PE,275.0,279.2,1.75,2.1,1.55,1.6,28.72636,131400,1992900
2026-08-21 11:45:00,ATM-1,PE,275.0,280.1,1.4,1.6,1.25,1.35,28.708547,116800,2034875
2026-08-21 11:50:00,ATM-1,PE,275.0,280.3,1.35,1.4,1.35,1.4,29.771627,23725,2102400
2026-08-21 11:55:00,ATM-1,PE,275.0,280.35,1.4,1.4,1.3,1.35,29.395106,160600,2115175
2026-08-21 12:00:00,ATM-1,PE,275.0,281.3,1.3,1.4,1.2,1.2,30.234215,160600,2080500
2026-08-21 12:05:00,ATM-1,PE,275.0,282.2,1.2,1.2,1.05,1.05,30.721155,219000,2029400
2026-08-21 12:10:00,ATM-1,PE,275.0,282.15,1.1,1.1,1.05,1.1,31.203064,290175,1788500
2026-08-21 12:15:00,ATM-1,PE,275.0,281.8,1.1,1.15,1.1,1.15,30.944993,7300,1786675
2026-08-21 12:20:00,ATM-1,PE,280.0,284.05,1.2,2.7,1.15,1.95,31.201558,494575,1452700
2026-08-21 12:25:00,ATM-1,PE,280.0,285.2,1.85,1.95,1.8,1.8,33.054156,527425,1620600
2026-08-21 12:30:00,ATM-1,PE,280.0,283.3,1.75,2.1,1.75,2.1,30.352358,354050,1664400
2026-08-21 12:35:00,ATM-1,PE,280.0,283.55,2.15,2.35,2.0,2.0,30.213892,197100,1649800
2026-08-21 12:40:00,ATM-1,PE,280.0,283.7,2.05,2.1,1.85,2.05,31.136876,231775,1640675
2026-08-21 12:45:00,ATM-1,PE,280.0,283.8,2.1,2.1,2.0,2.0,30.987812,74825,1622425
2026-08-21 12:50:00,ATM-1,PE,280.0,284.4,2.0,2.0,1.85,1.85,31.349673,114975,1647975
2026-08-21 12:55:00,ATM-1,PE,280.0,283.9,1.9,2.05,1.85,2.05,31.773335,71175,1626075
2026-08-21 13:00:00,ATM-1,PE,280.0,283.15,2.05,2.35,2.05,2.3,31.762414,107675,1629725
2026-08-21 13:05:00,ATM-1,PE,280.0,282.75,2.2,2.45,2.2,2.45,31.831814,73000,1587750
2026-08-21 13:10:00,ATM-1,PE,280.0,283.15,2.35,2.45,2.15,2.15,30.435829,54750,1582275
2026-08-21 13:15:00,ATM-1,PE,280.0,282.7,2.2,2.4,2.15,2.3,30.362895,63875,1600525
2026-08-21 13:20:00,ATM-1,PE,280.0,282.55,2.3,2.4,1.0,2.35,30.330774,52925,1587750
2026-08-21 13:25:00,ATM-1,PE,280.0,282.6,2.3,2.4,2.25,2.4,30.949281,45625,1585925
2026-08-21 13:30:00,ATM-1,PE,280.0,282.8,2.35,2.4,2.2,2.35,31.167697,32850,1585925
2026-08-21 13:35:00,ATM-1,PE,280.0,282.85,2.4,2.45,2.35,2.45,32.232586,85775,1542125
2026-08-21 13:40:00,ATM-1,PE,280.0,282.85,2.4,2.45,2.35,2.4,31.799968,65700,1556725
2026-08-21 13:45:00,ATM-1,PE,280.0,283.0,2.4,2.4,2.25,2.25,30.950142,21900,1556725
2026-08-21 13:50:00,ATM-1,PE,280.0,283.3,2.35,2.45,2.15,2.15,31.000732,113150,1514750
2026-08-21 13:55:00,ATM-1,PE,280.0,283.3,2.2,2.2,2.15,2.15,31.013096,32850,1507450
2026-08-21 14:00:00,ATM-1,PE,280.0,282.85,2.15,2.2,2.15,2.2,30.058605,3650,1505625
2026-08-21 14:05:00,ATM-1,PE,280.0,282.95,2.25,2.25,2.15,2.15,29.938279,9125,1505625
2026-08-21 14:10:00,ATM-1,PE,280.0,283.0,2.15,2.3,2.15,2.2,30.560686,7300,1501975
2026-08-21 14:15:00,ATM-1,PE,280.0,283.0,2.2,2.2,2.15,2.15,30.120616,20075,1516575
2026-08-21 14:20:00,ATM-1,PE,280.0,282.8,2.25,2.35,2.15,2.35,31.292024,21900,1512925
2026-08-21 14:25:00,ATM-1,PE,280.0,282.95,2.35,2.35,2.25,2.25,30.889399,5475,1511100
2026-08-21 14:30:00,ATM-1,PE,280.0,282.7,2.25,2.3,2.2,2.2,29.647681,23725,1507450
2026-08-21 14:35:00,ATM-1,PE,280.0,282.8,2.2,2.2,2.2,2.2,29.982071,23725,1507450
2026-08-21 14:40:00,ATM-1,PE,280.0,282.75,2.2,2.25,2.2,2.2,29.832954,60225,1485550
2026-08-21 14:45:00,ATM-1,PE,280.0,283.0,2.2,2.2,2.0,2.0,28.826987,41975,1487375
2026-08-21 14:50:00,ATM-1,PE,280.0,282.9,2.05,2.15,2.0,2.15,29.886832,67525,1492850
2026-08-21 14:55:00,ATM-1,PE,280.0,282.8,2.1,2.15,2.05,2.05,28.672827,12775,1449050
2026-08-21 15:00:00,ATM-1,PE,280.0,283.35,2.05,2.1,2.0,2.05,30.41249,142350,1430800
2026-08-21 15:05:00,ATM-1,PE,280.0,282.8,2.0,2.05,1.95,2.0,28.24112,54750,1408900
2026-08-21 15:10:00,ATM-1,PE,275.0,281.8,2.05,2.05,0.8,0.85,27.768114,38325,1554900
2026-08-21 15:15:00,ATM-1,PE,275.0,281.8,0.9,0.9,0.8,0.85,27.779485,87600,1496500
2026-08-21 15:20:00,ATM-1,PE,275.0,281.8,0.8,0.85,0.8,0.8,27.15424,47450,1461825
2026-08-21 15:25:00,ATM-1,PE,275.0,282.5,0.8,0.85,0.8,0.85,29.433658,51100,1456350
2026-08-21 15:30:00,ATM-1,PE,275.0,282.5,0.85,0.85,0.65,0.7,27.439906,60225,1491025
2026-08-21 15:35:00,ATM-1,PE,275.0,282.5,0.65,0.85,0.65,0.65,26.751586,71175,1483725
2026-08-24 09:15:00,ATM-1,PE,275.0,282.4,1.7,1.7,0.5,0.55,43.795795,58400,1460000
2026-08-24 09:20:00,ATM-1,PE,280.0,282.65,0.55,1.55,0.55,1.3,36.858682,98550,1427150
2026-08-24 09:25:00,ATM-1,PE,275.0,281.75,1.25,1.3,0.4,0.45,38.740456,67525,1419850
2026-08-24 09:30:00,ATM-1,PE,275.0,281.8,0.5,0.55,0.45,0.55,41.646093,40150,1425325
2026-08-24 09:35:00,ATM-1,PE,280.0,282.9,0.55,1.65,0.45,1.25,37.500176,32850,1443575
2026-08-24 09:40:00,ATM-1,PE,280.0,282.8,1.3,1.35,1.2,1.3,37.869259,140525,1438100
2026-08-24 09:45:00,ATM-1,PE,280.0,284.0,1.3,1.35,1.0,1.05,39.621037,271925,1445400
2026-08-24 09:50:00,ATM-1,PE,280.0,283.7,1.1,1.1,1.0,1.0,37.287247,131400,1450875
2026-08-24 09:55:00,ATM-1,PE,280.0,283.55,1.0,1.1,1.0,1.05,37.516585,136875,1480075
2026-08-24 10:00:00,ATM-1,PE,280.0,283.3,1.0,1.1,0.9,1.1,37.21128,260975,1553075
2026-08-24 10:05:00,ATM-1,PE,280.0,283.6,1.1,1.25,1.0,1.0,36.948876,375950,1545775
2026-08-24 10:10:00,ATM-1,PE,280.0,283.3,1.0,1.05,0.95,1.05,36.41312,45625,1545775
2026-08-24 10:15:00,ATM-1,PE,280.0,283.55,1.1,1.1,1.0,1.0,36.803279,71175,1542125
2026-08-24 10:20:00,ATM-1,PE,280.0,283.0,1.0,1.1,1.0,1.1,35.864858,45625,1549425
2026-08-24 10:25:00,ATM-1,PE,280.0,283.1,1.1,1.1,1.0,1.0,34.637366,36500,1547600
2026-08-24 10:30:00,ATM-1,PE,280.0,282.55,1.0,1.05,0.95,1.05,32.699409,31025,1551250
2026-08-24 10:35:00,ATM-1,PE,280.0,282.65,0.3,1.1,0.3,1.05,33.279231,69350,1574975
2026-08-24 10:40:00,ATM-1,PE,280.0,284.0,1.05,1.1,0.95,1.0,39.282412,109500,1551250
2026-08-24 10:45:00,ATM-1,PE,280.0,284.05,1.0,1.0,0.85,0.9,37.65105,83950,1534825
2026-08-24 10:50:00,ATM-1,PE,280.0,284.1,0.95,0.95,0.9,0.9,37.943357,27375,1533000
2026-08-24 10:55:00,ATM-1,PE,280.0,284.05,0.85,0.9,0.85,0.9,37.757722,16425,1529350
2026-08-24 11:00:00,ATM-1,PE,280.0,282.95,0.9,1.0,0.9,1.0,34.201338,52925,1496500
2026-08-24 11:05:00,ATM-1,PE,280.0,282.7,1.0,1.1,1.0,1.0,32.934441,63875,1436275
2026-08-24 11:10:00,ATM-1,PE,275.0,282.4,1.1,1.15,0.3,0.3,37.646906,83950,1449050
2026-08-24 11:15:00,ATM-1,PE,275.0,282.25,1.1,1.1,0.3,0.3,37.163635,9125,1445400
2026-08-24 11:20:00,ATM-1,PE,275.0,282.05,0.3,0.3,0.3,0.3,36.496166,9125,1443575
2026-08-24 11:25:00,ATM-1,PE,275.0,281.95,0.3,0.3,0.3,0.3,36.186506,16425,1441750
2026-08-24 11:30:00,ATM-1,PE,275.0,282.05,0.3,0.3,0.3,0.3,36.602338,0,1441750
2026-08-24 11:35:00,ATM-1,PE,275.0,281.45,0.3,0.3,0.3,0.3,34.457997,31025,1405250
2026-08-24 11:40:00,ATM-1,PE,275.0,281.35,0.3,0.4,0.3,0.4,37.2297,14600,1405250
2026-08-24 11:45:00,ATM-1,PE,275.0,281.45,0.4,0.4,0.4,0.4,37.67406,3650,1405250
2026-08-24 11:50:00,ATM-1,PE,275.0,281.8,0.35,0.4,0.3,0.3,35.902271,21900,1399775
2026-08-24 11:55:00,ATM-1,PE,275.0,281.5,0.35,0.4,0.3,0.35,36.458561,34675,1365100
2026-08-24 12:00:00,ATM-1,PE,275.0,281.7,0.35,0.35,0.35,0.35,37.273282,0,1365100
2026-08-24 12:05:00,ATM-1,PE,275.0,281.85,0.35,0.35,0.35,0.35,37.897152,0,1365100
2026-08-24 12:10:00,ATM-1,PE,275.0,281.3,0.35,0.4,0.35,0.4,37.364466,12775,1363275
2026-08-24 12:15:00,ATM-1,PE,280.0,282.65,0.4,1.7,0.4,1.25,37.836234,91250,1339550
2026-08-24 12:20:00,ATM-1,PE,280.0,282.65,0.3,1.35,0.3,1.35,39.660697,1825,1326775
2026-08-24 12:25:00,ATM-1,PE,280.0,282.55,1.35,1.4,1.2,1.35,39.143223,71175,1303050
2026-08-24 12:30:00,ATM-1,PE,280.0,283.2,1.4,1.4,1.25,1.3,41.98507,21900,1319475
2026-08-24 12:35:00,ATM-1,PE,280.0,283.35,1.35,1.35,1.2,1.3,42.874553,29200,1335900
2026-08-24 12:40:00,ATM-1,PE,280.0,283.6,1.3,1.3,1.2,1.25,43.375406,51100,1355975
2026-08-24 12:45:00,ATM-1,PE,280.0,283.25,1.2,1.3,1.2,1.25,41.536872,62050,1337725
2026-08-24 12:50:00,ATM-1,PE,280.0,283.1,1.3,1.3,1.25,1.3,41.682262,38325,1352325
2026-08-24 12:55:00,ATM-1,PE,280.0,282.9,1.25,1.3,1.25,1.25,39.713454,5475,1350500
2026-08-24 13:00:00,ATM-1,PE,280.0,282.7,1.35,1.35,1.25,1.35,40.432312,36500,1363275
2026-08-24 13:05:00,ATM-1,PE,280.0,282.7,1.4,1.4,0.4,1.4,41.386548,27375,1377875
2026-08-24 13:10:00,ATM-1,PE,280.0,283.15,1.3,1.4,1.25,1.25,41.300061,47450,1379700
2026-08-24 13:15:00,ATM-1,PE,280.0,283.25,1.2,1.25,1.2,1.25,41.920278,9125,1388825
2026-08-24 13:20:00,ATM-1,PE,280.0,283.55,1.25,1.25,1.05,1.05,39.824163,18250,1392475
2026-08-24 13:25:00,ATM-1,PE,280.0,283.75,1.05,1.05,1.05,1.05,40.940787,27375,1392475
2026-08-24 13:30:00,ATM-1,PE,280.0,283.3,1.05,1.2,1.05,1.2,41.458124,27375,1394300
2026-08-24 13:35:00,ATM-1,PE,280.0,283.65,1.2,1.2,1.1,1.1,41.514584,9125,1392475
2026-08-24 13:40:00,ATM-1,PE,280.0,283.7,1.1,1.15,1.05,1.05,40.869558,25550,1407075
2026-08-24 13:45:00,ATM-1,PE,280.0,283.65,1.05,1.15,1.05,1.05,40.668963,32850,1418025
2026-08-24 13:50:00,ATM-1,PE,280.0,283.75,1.05,1.05,1.05,1.05,41.263467,5475,1418025
2026-08-24 13:55:00,ATM-1,PE,280.0,283.9,1.05,1.05,0.95,0.95,40.110747,20075,1414375
2026-08-24 14:00:00,ATM-1,PE,280.0,283.7,0.95,1.05,0.95,1.05,41.129149,25550,1399775
2026-08-24 14:05:00,ATM-1,PE,280.0,283.6,1.05,1.05,1.0,1.0,39.671679,3650,1394300
2026-08-24 14:10:00,ATM-1,PE,280.0,283.5,1.1,1.1,1.0,1.0,39.201893,29200,1407075
2026-08-24 14:15:00,ATM-1,PE,280.0,283.5,1.0,1.05,1.0,1.05,40.252181,23725,1407075
2026-08-24 14:20:00,ATM-1,PE,280.0,283.4,1.0,1.05,1.0,1.0,38.790018,21900,1410725
2026-08-24 14:25:00,ATM-1,PE,280.0,283.6,1.0,1.0,0.95,0.95,38.922988,36500,1394300
2026-08-24 14:30:00,ATM-1,PE,280.0,284.0,0.95,0.95,0.9,0.9,40.04761,45625,1376050
2026-08-24 14:35:00,ATM-1,PE,280.0,283.8,0.85,0.9,0.85,0.85,38.036843,41975,1348675
2026-08-24 14:40:00,ATM-1,PE,280.0,284.05,0.85,0.9,0.85,0.9,40.436124,41975,1334075
2026-08-24 14:45:00,ATM-1,PE,280.0,283.95,0.85,0.9,0.85,0.85,38.933353,21900,1330425
2026-08-24 14:50:00,ATM-1,PE,280.0,283.7,0.85,0.9,0.85,0.85,37.705388,18250,1330425
2026-08-24 14:55:00,ATM-1,PE,280.0,283.35,0.85,0.95,0.85,0.95,37.960086,29200,1323125
2026-08-24 15:00:00,ATM-1,PE,280.0,283.05,1.0,1.05,0.95,1.05,38.346081,98550,1339550
2026-08-24 15:05:00,ATM-1,PE,280.0,283.6,1.0,1.05,1.0,1.0,40.455443,74825,1337725
2026-08-24 15:10:00,ATM-1,PE,280.0,283.25,1.0,1.05,0.95,1.05,39.597779,62050,1317650
2026-08-24 15:15:00,ATM-1,PE,280.0,283.25,1.0,1.05,0.95,0.95,37.665357,56575,1314000
2026-08-24 15:20:00,ATM-1,PE,280.0,283.25,0.95,0.95,0.75,0.8,34.650534,85775,1295750
2026-08-24 15:25:00,ATM-1,PE,280.0,284.25,0.85,0.85,0.8,0.85,41.002752,38325,1303050
2026-08-24 15:30:00,ATM-1,PE,280.0,284.25,0.85,0.9,0.75,0.85,41.072222,20075,1299400
2026-08-24 15:35:00,ATM-1,PE,280.0,284.25,0.9,0.9,0.8,0.8,40.040384,34675,1277500
2026-08-25 09:15:00,ATM-1,PE,285.0,288.3,1.0,2.7,0.55,0.95,72.45055,187975,516475
2026-08-25 09:20:00,ATM-1,PE,285.0,288.4,0.95,1.0,0.7,0.7,63.886854,226300,523775
2026-08-25 09:25:00,ATM-1,PE,285.0,289.1,0.85,1.05,0.7,0.8,75.554692,242725,507350
2026-08-25 09:30:00,ATM-1,PE,280.0,286.95,0.15,0.35,0.15,0.2,68.173989,596775,1202675
2026-08-25 09:35:00,ATM-1,PE,280.0,287.0,0.2,0.25,0.15,0.15,64.383712,319375,1206325
2026-08-25 09:40:00,ATM-1,PE,280.0,286.35,0.15,0.2,0.15,0.2,64.703466,38325,1188075
2026-08-25 09:45:00,ATM-1,PE,280.0,284.85,0.2,0.3,0.2,0.25,57.224162,98550,1204500
2026-08-25 09:50:00,ATM-1,PE,280.0,284.8,0.25,0.25,0.25,0.25,57.223713,71175,1189900
2026-08-25 09:55:00,ATM-1,PE,280.0,284.8,0.25,0.25,0.25,0.25,57.640781,27375,1195375
2026-08-25 10:00:00,ATM-1,PE,280.0,284.1,0.25,0.25,0.25,0.25,52.1297,23725,1202675
2026-08-25 10:05:00,ATM-1,PE,280.0,284.9,0.25,0.3,0.25,0.3,62.730451,213525,1073100
2026-08-25 10:10:00,ATM-1,PE,280.0,285.25,0.3,0.3,0.25,0.25,62.735201,31025,1062150
2026-08-25 10:15:00,ATM-1,PE,285.0,288.15,0.2,1.1,0.15,0.95,77.173682,180675,363175
2026-08-25 10:20:00,ATM-1,PE,285.0,289.05,0.85,1.0,0.55,0.65,74.250439,146000,401500
2026-08-25 10:25:00,ATM-1,PE,285.0,289.15,0.7,0.8,0.65,0.7,78.317932,116800,447125
2026-08-25 10:30:00,ATM-1,PE,285.0,288.55,0.7,0.85,0.7,0.8,77.062314,89425,456250
2026-08-25 10:35:00,ATM-1,PE,285.0,288.15,0.85,0.9,0.8,0.8,73.092462,58400,450775
2026-08-25 10:40:00,ATM-1,PE,285.0,288.35,0.75,0.8,0.5,0.6,66.637533,175200,531075
2026-08-25 10:45:00,ATM-1,PE,285.0,288.3,0.55,0.7,0.55,0.6,66.650342,23725,518300
2026-08-25 10:50:00,ATM-1,PE,280.0,286.8,0.6,1.0,0.2,0.85,119.770519,1436275,990975
2026-08-25 10:55:00,ATM-1,PE,280.0,287.4,0.65,1.0,0.2,0.2,81.479599,383250,947175
2026-08-25 11:00:00,ATM-1,PE,285.0,287.7,1.0,1.0,0.85,0.95,77.478413,109500,547500
2026-08-25 11:05:00,ATM-1,PE,285.0,288.5,0.85,0.95,0.6,0.65,73.90103,116800,472675
2026-08-25 11:10:00,ATM-1,PE,285.0,290.0,0.65,0.75,0.55,0.55,85.754161,89425,492750
2026-08-25 11:15:00,ATM-1,PE,285.0,289.75,0.6,0.7,0.55,0.65,89.575175,93075,511000
2026-08-25 11:20:00,ATM-1,PE,285.0,290.0,0.7,0.7,0.55,0.55,87.413335,63875,523775
2026-08-25 11:25:00,ATM-1,PE,285.0,288.1,0.55,0.75,0.55,0.7,74.445903,38325,529250
2026-08-25 11:30:00,ATM-1,PE,285.0,288.8,0.8,0.8,0.7,0.75,86.479036,29200,525600
2026-08-25 11:35:00,ATM-1,PE,285.0,288.75,0.75,0.75,0.75,0.75,86.750952,21900,516475
2026-08-25 11:40:00,ATM-1,PE,280.0,287.3,0.75,0.9,0.25,0.25,93.198548,20075,969075
2026-08-25 11:45:00,ATM-1,PE,285.0,287.75,0.85,0.95,0.2,0.85,80.507152,36500,512825
2026-08-25 11:50:00,ATM-1,PE,285.0,287.9,0.85,0.9,0.8,0.9,85.981686,7300,511000
2026-08-25 11:55:00,ATM-1,PE,285.0,287.85,0.9,0.9,0.9,0.9,86.24058,9125,511000
2026-08-25 12:00:00,ATM-1,PE,280.0,287.5,0.9,0.9,0.15,0.15,87.700287,0,939875
2026-08-25 12:05:00,ATM-1,PE,285.0,288.15,0.8,0.85,0.6,0.6,76.293122,14600,505525
2026-08-25 12:10:00,ATM-1,PE,285.0,288.0,0.6,0.85,0.6,0.85,88.885647,20075,514650
2026-08-25 12:15:00,ATM-1,PE,285.0,288.35,0.85,0.85,0.45,0.45,71.67998,155125,514650
2026-08-25 12:20:00,ATM-1,PE,285.0,287.9,0.7,0.7,0.45,0.5,69.794356,36500,498225
2026-08-25 12:25:00,ATM-1,PE,280.0,286.8,0.15,0.15,0.05,0.15,86.620342,82125,896075
2026-08-25 12:30:00,ATM-1,PE,280.0,286.95,0.1,0.15,0.1,0.1,81.610773,12775,877825
2026-08-25 12:35:00,ATM-1,PE,280.0,286.85,0.1,0.15,0.1,0.15,89.481083,31025,876000
2026-08-25 12:40:00,ATM-1,PE,280.0,287.0,0.15,0.15,0.1,0.1,84.374217,18250,874175
2026-08-25 12:45:00,ATM-1,PE,280.0,287.2,0.1,0.1,0.1,0.1,87.502288,0,874175
2026-08-25 12:50:00,ATM-1,PE,280.0,287.5,0.1,0.1,0.1,0.1,91.689541,23725,874175
2026-08-25 12:55:00,ATM-1,PE,285.0,287.55,0.45,0.5,0.05,0.2,50.126279,27375,450775
2026-08-25 13:00:00,ATM-1,PE,280.0,286.8,0.05,0.1,0.05,0.05,76.660938,40150,850450
2026-08-25 13:05:00,ATM-1,PE,280.0,286.8,0.05,0.05,0.05,0.05,77.925762,0,850450
2026-08-25 13:10:00,ATM-1,PE,280.0,287.15,0.05,0.05,0.05,0.05,82.5451,0,844975
2026-08-25 13:15:00,ATM-1,PE,280.0,287.05,0.05,0.05,0.05,0.05,83.0493,0,844975
2026-08-25 13:20:00,ATM-1,PE,285.0,287.6,0.05,0.55,0.05,0.3,63.877565,5475,397850
2026-08-25 13:25:00,ATM-1,PE,280.0,287.4,0.05,0.05,0.05,0.05,89.634645,0,844975
2026-08-25 13:30:00,ATM-1,PE,285.0,287.9,0.05,0.15,0.05,0.1,50.379226,5475,394200
2026-08-25 13:35:00,ATM-1,PE,285.0,288.1,0.1,0.1,0.05,0.05,45.830801,32850,363175
2026-08-25 13:40:00,ATM-1,PE,285.0,288.1,0.05,0.05,0.05,0.05,46.813355,1825,363175
2026-08-25 13:45:00,ATM-1,PE,285.0,288.0,0.05,0.05,0.05,0.05,46.658003,18250,361350
2026-08-25 13:50:00,ATM-1,PE,285.0,287.6,0.05,0.05,0.05,0.05,42.755005,36500,326675
2026-08-25 13:55:00,ATM-1,PE,280.0,287.5,0.05,0.05,0.05,0.05,0.0,5475,826725
2026-08-25 14:00:00,ATM-1,PE,280.0,287.4,0.2,0.2,0.05,0.05,104.831946,0,826725
2026-08-25 14:05:00,ATM-1,PE,280.0,287.35,0.05,0.1,0.05,0.05,107.110372,1825,823075
2026-08-25 14:10:00,ATM-1,PE,285.0,287.6,0.05,0.1,0.05,0.1,56.409794,0,304775
2026-08-25 14:15:00,ATM-1,PE,280.0,287.45,0.05,0.3,0.05,0.05,0.0,18250,821250
2026-08-25 14:20:00,ATM-1,PE,280.0,287.35,0.05,0.05,0.05,0.05,0.0,0,821250
2026-08-25 14:25:00,ATM-1,PE,285.0,287.9,0.05,0.35,0.05,0.35,100.521701,0,297475
2026-08-25 14:30:00,ATM-1,PE,285.0,287.9,0.35,0.35,0.05,0.05,59.083097,1825,297475
2026-08-25 14:35:00,ATM-1,PE,285.0,287.85,0.05,0.05,0.05,0.05,60.668796,0,297475
2026-08-25 14:40:00,ATM-1,PE,285.0,287.85,0.05,0.4,0.05,0.4,118.30752,1825,295650
2026-08-25 14:45:00,ATM-1,PE,285.0,287.85,0.2,0.4,0.05,0.05,66.449423,23725,284700
2026-08-25 14:50:00,ATM-1,PE,285.0,287.9,0.05,0.05,0.05,0.05,70.988571,1825,282875
2026-08-25 14:55:00,ATM-1,PE,285.0,287.65,0.05,0.3,0.05,0.05,70.222035,0,282875
2026-08-25 15:00:00,ATM-1,PE,285.0,287.55,0.3,0.3,0.05,0.05,72.874233,16425,281050
2026-08-25 15:05:00,ATM-1,PE,285.0,287.55,0.05,0.1,0.05,0.05,78.706038,7300,281050
2026-08-25 15:10:00,ATM-1,PE,280.0,286.65,0.1,0.1,0.1,0.1,0.0,1825,711750
2026-08-25 15:15:00,ATM-1,PE,280.0,286.65,0.1,0.1,0.1,0.1,0.0,0,711750
2026-08-25 15:20:00,ATM-1,PE,280.0,286.65,0.1,0.1,0.1,0.1,0.0,0,711750
2026-08-25 15:25:00,ATM-1,PE,280.0,287.4,0.1,0.1,0.1,0.1,0.0,0,711750
2026-08-25 15:30:00,ATM-1,PE,280.0,287.4,0.1,0.1,0.05,0.05,0.0,9125,711750
2026-08-25 15:35:00,ATM-1,PE,280.0,287.4,0.05,0.05,0.05,0.05,0.0,0,711750
2026-08-20 09:15:00,ATM,CE,275.0,275.2,5.05,5.45,4.6,5.45,39.079103,215350,1534825
2026-08-20 09:20:00,ATM,CE,275.0,274.4,5.1,5.45,4.75,4.75,36.904048,146000,1536650
2026-08-20 09:25:00,ATM,CE,280.0,277.75,5.05,6.35,3.95,3.95,36.108546,335800,3801475
2026-08-20 09:30:00,ATM,CE,280.0,279.3,4.4,5.05,3.95,4.9,37.740098,1396125,3688325
2026-08-20 09:35:00,ATM,CE,280.0,282.3,5.3,7.85,3.6,7.1,42.007959,1969175,3308725
2026-08-20 09:40:00,ATM,CE,285.0,284.2,7.3,7.45,4.9,6.1,46.271995,3524075,3000300
2026-08-20 09:45:00,ATM,CE,280.0,281.2,6.05,7.85,5.35,6.55,42.619253,1281150,2960150
2026-08-20 09:50:00,ATM,CE,280.0,279.9,6.65,6.75,5.7,5.95,43.365134,1065800,3131700
2026-08-20 09:55:00,ATM,CE,280.0,280.7,5.85,6.3,5.5,6.25,42.45375,735475,3350700
2026-08-20 10:00:00,ATM,CE,280.0,280.3,6.3,6.65,6.0,6.0,42.200254,505525,3341575
2026-08-20 10:05:00,ATM,CE,280.0,279.5,6.0,6.0,5.35,5.75,43.450646,461725,3407275
2026-08-20 10:10:00,ATM,CE,280.0,280.45,5.65,6.5,5.65,6.1,42.381854,642400,3317850
2026-08-20 10:15:00,ATM,CE,280.0,281.2,6.05,6.3,5.8,6.25,40.452978,213525,3325150
2026-08-20 10:20:00,ATM,CE,280.0,281.0,6.45,6.45,6.1,6.2,40.92416,182500,3332450
2026-08-20 10:25:00,ATM,CE,280.0,281.15,6.05,6.7,6.05,6.4,41.820619,231775,3343400
2026-08-20 10:30:00,ATM,CE,280.0,280.7,6.35,6.5,6.0,6.1,41.432948,111325,3305075
2026-08-20 10:35:00,ATM,CE,280.0,281.15,6.05,6.2,6.05,6.2,40.343808,169725,3316025
2026-08-20 10:40:00,ATM,CE,280.0,281.0,6.35,6.35,6.15,6.25,41.359468,73000,3303250
2026-08-20 10:45:00,ATM,CE,280.0,280.85,6.25,6.25,6.15,6.15,41.240239,9125,3297775
2026-08-20 10:50:00,ATM,CE,280.0,281.0,6.15,6.2,6.0,6.2,41.012478,93075,3266750
2026-08-20 10:55:00,ATM,CE,280.0,280.25,6.1,6.2,5.5,5.6,39.558384,208050,3166375
2026-08-20 11:00:00,ATM,CE,280.0,280.15,5.55,5.6,5.5,5.6,39.969207,113150,3173675
2026-08-20 11:05:00,ATM,CE,280.0,280.2,5.55,5.75,5.5,5.5,39.033367,104025,3177325
2026-08-20 11:10:00,ATM,CE,280.0,280.2,5.6,5.75,5.5,5.5,39.047454,87600,3118925
2026-08-20 11:15:00,ATM,CE,280.0,280.45,5.4,5.55,5.35,5.5,38.061007,80300,3093375
2026-08-20 11:20:00,ATM,CE,280.0,280.45,5.5,5.55,5.35,5.55,38.451539,215350,3102500
2026-08-20 11:25:00,ATM,CE,280.0,280.7,5.55,5.65,5.55,5.65,38.202745,237250,2998475
2026-08-20 11:30:00,ATM,CE,280.0,280.75,5.55,5.65,5.35,5.55,37.256192,158775,3013075
2026-08-20 11:35:00,ATM,CE,280.0,280.3,5.55,5.6,5.15,5.25,36.834491,173375,2987525
2026-08-20 11:40:00,ATM,CE,280.0,279.3,5.3,5.3,5.1,5.1,39.602902,63875,3025850
2026-08-20 11:45:00,ATM,CE,280.0,279.2,5.0,5.1,4.6,4.7,36.973191,363175,3029500
2026-08-20 11:50:00,ATM,CE,280.0,279.5,4.7,4.95,4.7,4.95,37.740101,244550,3149950
2026-08-20 11:55:00,ATM,CE,280.0,279.45,5.0,5.0,4.75,4.85,37.189368,49275,3162725
2026-08-20 12:00:00,ATM,CE,280.0,279.2,4.85,4.85,4.5,4.65,36.6355,73000,3184625
2026-08-20 12:05:00,ATM,CE,280.0,278.8,4.6,4.65,4.4,4.45,36.614873,120450,3237550
2026-08-20 12:10:00,ATM,CE,280.0,279.6,4.45,4.9,4.45,4.9,37.034053,71175,3252150
2026-08-20 12:15:00,ATM,CE,280.0,280.0,4.95,5.2,4.9,5.15,37.379829,71175,3250325
2026-08-20 12:20:00,ATM,CE,280.0,280.35,5.1,5.25,5.05,5.25,36.754478,62050,3255800
2026-08-20 12:25:00,ATM,CE,280.0,280.45,5.3,5.35,5.25,5.3,36.741776,43800,3243025
2026-08-20 12:30:00,ATM,CE,280.0,280.3,5.25,5.3,5.15,5.2,36.604396,43800,3233900
2026-08-20 12:35:00,ATM,CE,280.0,280.7,5.6,5.6,5.2,5.5,37.261113,56575,3212000
2026-08-20 12:40:00,ATM,CE,280.0,280.7,5.5,5.5,5.4,5.4,36.516275,18250,3215650
2026-08-20 12:45:00,ATM,CE,280.0,281.2,5.45,5.7,5.4,5.7,36.710067,62050,3197400
2026-08-20 12:50:00,ATM,CE,280.0,281.4,5.7,5.9,5.65,5.65,35.480897,74825,3208350
2026-08-20 12:55:00,ATM,CE,280.0,281.8,5.7,6.2,5.25,6.1,37.181208,392375,3182800
2026-08-20 13:00:00,ATM,CE,280.0,281.2,5.7,6.1,5.4,5.5,35.225569,65700,3164550
2026-08-20 13:05:00,ATM,CE,280.0,281.2,5.5,5.65,5.35,5.4,34.475349,65700,3162725
2026-08-20 13:10:00,ATM,CE,280.0,281.2,5.4,5.5,5.4,5.45,34.87001,27375,3159075
2026-08-20 13:15:00,ATM,CE,280.0,281.5,5.6,5.9,5.45,5.65,35.10994,98550,3157250
2026-08-20 13:20:00,ATM,CE,280.0,281.45,5.6,5.65,5.45,5.65,35.342043,47450,3160900
2026-08-20 13:25:00,ATM,CE,280.0,281.6,5.6,5.75,5.6,5.65,34.695137,63875,3153600
2026-08-20 13:30:00,ATM,CE,280.0,282.15,5.65,6.1,5.65,6.1,35.696672,124100,3124400
2026-08-20 13:35:00,ATM,CE,280.0,282.0,6.2,6.2,5.9,5.95,35.235835,91250,3113450
2026-08-20 13:40:00,ATM,CE,280.0,281.9,6.0,6.05,5.95,6.0,36.087881,40150,3102500
2026-08-20 13:45:00,ATM,CE,280.0,281.3,5.85,6.0,5.55,5.55,35.29481,85775,3084250
2026-08-20 13:50:00,ATM,CE,280.0,281.25,5.65,5.75,5.55,5.7,36.672647,34675,3076950
2026-08-20 13:55:00,ATM,CE,280.0,281.4,5.65,5.8,5.5,5.8,36.803566,146000,3047750
2026-08-20 14:00:00,ATM,CE,280.0,281.4,5.95,5.95,5.75,5.75,36.433787,16425,3047750
2026-08-20 14:05:00,ATM,CE,280.0,281.55,5.75,5.95,5.75,5.85,36.558944,52925,3053225
2026-08-20 14:10:00,ATM,CE,280.0,281.05,5.85,5.85,5.3,5.4,35.287197,100375,3073300
2026-08-20 14:15:00,ATM,CE,280.0,280.45,5.5,5.5,5.05,5.05,35.134852,122275,3067825
2026-08-20 14:20:00,ATM,CE,280.0,280.6,5.2,5.2,5.05,5.2,35.675271,89425,3082425
2026-08-20 14:25:00,ATM,CE,280.0,281.0,5.05,5.35,5.05,5.35,35.157019,43800,3091550
2026-08-20 14:30:00,ATM,CE,280.0,280.8,5.35,5.4,5.25,5.4,36.397759,25550,3087900
2026-08-20 14:35:00,ATM,CE,280.0,280.9,5.35,5.4,5.15,5.35,35.607761,41975,3082425
2026-08-20 14:40:00,ATM,CE,280.0,280.85,5.35,5.35,5.2,5.25,35.066322,10950,3089725
2026-08-20 14:45:00,ATM,CE,280.0,280.85,5.25,5.35,5.25,5.3,35.462552,32850,3076950
2026-08-20 14:50:00,ATM,CE,280.0,280.3,5.3,5.3,4.9,4.9,34.693371,47450,3071475
2026-08-20 14:55:00,ATM,CE,280.0,280.55,4.8,5.1,4.8,5.0,34.445394,43800,3064175
2026-08-20 15:00:00,ATM,CE,280.0,280.2,4.95,5.0,4.45,4.6,32.83138,173375,3056875
2026-08-20 15:05:00,ATM,CE,280.0,280.0,4.65,4.7,4.5,4.5,32.882927,124100,3044100
2026-08-20 15:10:00,ATM,CE,280.0,279.65,4.55,4.75,4.45,4.7,35.804347,54750,3051400
2026-08-20 15:15:00,ATM,CE,280.0,279.65,4.65,4.75,4.4,4.4,33.522798,56575,3060525
2026-08-20 15:20:00,ATM,CE,280.0,279.65,4.4,4.45,4.15,4.2,32.004951,100375,3076950
2026-08-20 15:25:00,ATM,CE,280.0,279.0,4.15,4.3,4.1,4.15,34.110047,138700,3093375
2026-08-20 15:30:00,ATM,CE,280.0,279.0,4.0,4.15,3.9,4.05,33.354982,182500,3179150
2026-08-20 15:35:00,ATM,CE,280.0,279.0,4.05,4.35,4.05,4.35,35.671761,67525,3180975
2026-08-21 09:15:00,ATM,CE,280.0,280.05,4.35,4.9,4.2,4.45,35.295038,171550,3162725
2026-08-21 09:20:00,ATM,CE,280.0,280.75,4.15,4.95,4.15,4.8,35.10839,381425,3122575
2026-08-21 09:25:00,ATM,CE,280.0,279.6,4.8,4.8,4.3,4.3,35.998254,122275,3111625
2026-08-21 09:30:00,ATM,CE,280.0,279.3,3.9,4.3,3.6,3.9,33.934155,226300,3126225
2026-08-21 09:35:00,ATM,CE,280.0,279.3,3.9,3.9,3.7,3.8,33.117216,98550,3146300
2026-08-21 09:40:00,ATM,CE,280.0,279.3,3.95,3.95,3.8,3.8,33.131815,56575,3164550
2026-08-21 09:45:00,ATM,CE,280.0,279.3,3.65,3.8,3.65,3.75,32.730145,78475,3186450
2026-08-21 09:50:00,ATM,CE,280.0,279.75,3.65,3.8,3.65,3.8,31.285571,166075,3208350
2026-08-21 09:55:00,ATM,CE,280.0,278.8,3.8,3.8,3.4,3.4,31.845945,125925,3244850
2026-08-21 10:00:00,ATM,CE,280.0,278.15,3.4,3.45,2.95,3.05,31.411839,206225,3266750
2026-08-21 10:05:00,ATM,CE,280.0,278.0,3.0,3.05,2.9,2.9,30.71176,186150,3297775
2026-08-21 10:10:00,ATM,CE,280.0,278.0,2.9,2.95,2.8,2.9,30.725324,127750,3326975
2026-08-21 10:15:00,ATM,CE,280.0,277.6,2.9,5.6,2.7,2.8,31.342022,63875,3374425
2026-08-21 10:20:00,ATM,CE,280.0,277.65,5.25,5.25,2.65,2.8,31.175892,18250,3398150
2026-08-21 10:25:00,ATM,CE,280.0,277.7,2.75,2.85,2.65,2.7,30.152332,96725,3396325
2026-08-21 10:30:00,ATM,CE,280.0,277.7,2.75,2.9,2.7,2.8,31.022854,69350,3387200
2026-08-21 10:35:00,ATM,CE,275.0,277.3,2.7,5.15,2.7,5.05,30.374298,125925,1032950
2026-08-21 10:40:00,ATM,CE,275.0,277.15,5.05,5.05,4.9,4.9,29.883513,14600,1032950
2026-08-21 10:45:00,ATM,CE,275.0,277.2,4.9,4.95,4.8,4.9,29.625143,7300,1032950
2026-08-21 10:50:00,ATM,CE,275.0,276.95,4.9,4.9,4.55,4.55,27.912258,20075,1023825
2026-08-21 10:55:00,ATM,CE,275.0,277.3,4.5,5.0,4.5,5.0,29.987944,91250,1043900
2026-08-21 11:00:00,ATM,CE,275.0,276.9,2.6,5.1,2.5,4.8,30.398891,78475,1036600
2026-08-21 11:05:00,ATM,CE,275.0,276.65,4.8,4.8,4.4,4.6,29.97422,49275,1027475
2026-08-21 11:10:00,ATM,CE,275.0,276.7,4.6,4.6,4.45,4.45,28.418931,12775,1027475
2026-08-21 11:15:00,ATM,CE,275.0,276.75,4.55,4.7,4.4,4.5,28.606341,32850,1036600
2026-08-21 11:20:00,ATM,CE,275.0,277.25,4.5,4.85,4.5,4.8,28.558063,20075,1034775
2026-08-21 11:25:00,ATM,CE,275.0,277.05,4.8,4.9,4.75,4.9,30.547789,25550,1036600
2026-08-21 11:30:00,ATM,CE,275.0,277.4,4.9,5.05,4.75,5.05,29.974615,16425,1036600
2026-08-21 11:35:00,ATM,CE,275.0,277.45,5.0,5.1,5.0,5.05,29.708325,43800,1012875
2026-08-21 11:40:00,ATM,CE,280.0,279.2,3.25,3.7,2.75,3.65,32.637905,365000,3403625
2026-08-21 11:45:00,ATM,CE,280.0,280.1,3.9,4.4,3.65,4.1,32.609695,248200,3385375
2026-08-21 11:50:00,ATM,CE,280.0,280.3,4.15,4.25,4.0,4.15,32.156711,167900,3325150
2026-08-21 11:55:00,ATM,CE,280.0,280.35,4.2,4.25,4.1,4.15,31.946864,135050,3321500
2026-08-21 12:00:00,ATM,CE,280.0,281.3,4.15,4.7,4.0,4.7,32.160076,96725,3325150
2026-08-21 12:05:00,ATM,CE,280.0,282.2,4.75,5.5,4.7,5.45,34.055575,282875,3246675
2026-08-21 12:10:00,ATM,CE,280.0,282.15,5.35,5.45,4.95,5.05,30.871332,244550,3155425
2026-08-21 12:15:00,ATM,CE,280.0,281.8,5.05,5.05,4.75,4.85,30.984849,89425,3151775
2026-08-21 12:20:00,ATM,CE,285.0,284.05,4.65,4.85,2.65,3.7,33.175516,1038425,2706475
2026-08-21 12:25:00,ATM,CE,285.0,285.2,3.75,4.05,3.5,4.05,31.280107,552975,2717425
2026-08-21 12:30:00,ATM,CE,285.0,283.3,4.15,4.15,3.4,3.4,33.627903,649700,2713775
2026-08-21 12:35:00,ATM,CE,285.0,283.55,3.3,3.7,3.1,3.7,35.191882,343100,2742975
2026-08-21 12:40:00,ATM,CE,285.0,283.7,3.7,4.0,3.55,3.75,35.039355,268275,2699175
2026-08-21 12:45:00,ATM,CE,285.0,283.8,3.65,3.9,3.5,3.9,35.911303,116800,2693700
2026-08-21 12:50:00,ATM,CE,285.0,284.4,3.75,4.1,3.65,4.0,34.335318,160600,2721075
2026-08-21 12:55:00,ATM,CE,285.0,283.9,3.95,4.0,3.6,3.8,34.713006,127750,2701000
2026-08-21 13:00:00,ATM,CE,285.0,283.15,3.75,3.8,3.2,3.45,34.708128,124100,2680925
2026-08-21 13:05:00,ATM,CE,285.0,282.75,3.35,3.45,3.1,3.1,33.252923,136875,2637125
2026-08-21 13:10:00,ATM,CE,285.0,283.15,3.15,3.35,3.05,3.35,33.897205,118625,2607925
2026-08-21 13:15:00,ATM,CE,285.0,282.7,3.35,3.35,3.0,3.0,32.614779,87600,2586025
2026-08-21 13:20:00,ATM,CE,285.0,282.55,3.1,5.5,2.95,3.1,34.026004,58400,2556825
2026-08-21 13:25:00,ATM,CE,285.0,282.6,3.15,3.2,3.0,3.0,33.006953,47450,2584200
2026-08-21 13:30:00,ATM,CE,285.0,282.8,3.1,3.3,3.0,3.1,33.144947,58400,2555000
2026-08-21 13:35:00,ATM,CE,285.0,282.85,3.1,3.15,3.05,3.15,33.400859,21900,2555000
2026-08-21 13:40:00,ATM,CE,285.0,282.85,3.1,3.2,3.05,3.15,33.416039,14600,2553175
2026-08-21 13:45:00,ATM,CE,285.0,283.0,3.1,3.15,3.1,3.1,32.450886,5475,2553175
2026-08-21 13:50:00,ATM,CE,285.0,283.3,3.1,3.4,3.0,3.4,33.872516,71175,2562300
2026-08-21 13:55:00,ATM,CE,285.0,283.3,3.3,3.4,3.15,3.3,33.04394,41975,2565950
2026-08-21 14:00:00,ATM,CE,285.0,282.85,3.25,3.3,3.05,3.1,33.051271,49275,2560475
2026-08-21 14:05:00,ATM,CE,285.0,282.95,3.05,3.2,3.05,3.1,32.696114,40150,2547700
2026-08-21 14:10:00,ATM,CE,285.0,283.0,3.1,3.1,3.0,3.1,32.525102,32850,2536750
2026-08-21 14:15:00,ATM,CE,285.0,283.0,3.1,3.1,3.0,3.1,32.539993,21900,2511200
2026-08-21 14:20:00,ATM,CE,285.0,282.8,3.1,3.1,2.95,3.0,32.442194,40150,2513025
2026-08-21 14:25:00,ATM,CE,285.0,282.95,3.0,3.0,2.9,3.0,31.90373,40150,2520325
2026-08-21 14:30:00,ATM,CE,285.0,282.7,3.0,3.0,2.9,2.9,31.981186,63875,2513025
2026-08-21 14:35:00,ATM,CE,285.0,282.8,2.9,3.05,2.9,2.95,32.058939,23725,2505725
2026-08-21 14:40:00,ATM,CE,285.0,282.75,2.9,2.95,2.8,2.8,30.970037,67525,2454625
2026-08-21 14:45:00,ATM,CE,285.0,283.0,2.8,3.1,2.8,3.0,31.776689,40150,2456450
2026-08-21 14:50:00,ATM,CE,285.0,282.9,3.05,3.05,2.85,2.85,30.878759,36500,2449150
2026-08-21 14:55:00,ATM,CE,285.0,282.8,2.85,3.0,2.75,2.75,30.401019,43800,2427250
2026-08-21 15:00:00,ATM,CE,285.0,283.35,2.75,2.85,2.65,2.8,28.802286,124100,2345125
2026-08-21 15:05:00,ATM,CE,285.0,282.8,2.75,2.8,2.65,2.7,29.998924,69350,2315925
2026-08-21 15:10:00,ATM,CE,280.0,281.8,2.65,4.95,2.6,4.55,28.871082,127750,2390750
2026-08-21 15:15:00,ATM,CE,280.0,281.8,4.5,4.55,4.4,4.55,28.884955,54750,2385275
2026-08-21 15:20:00,ATM,CE,280.0,281.8,4.7,4.8,4.55,4.8,31.090226,36500,2379800
2026-08-21 15:25:00,ATM,CE,280.0,282.5,4.75,4.9,4.55,4.7,26.350921,41975,2359725
2026-08-21 15:30:00,ATM,CE,280.0,282.5,4.8,5.45,4.7,5.15,30.419341,43800,2350600
2026-08-21 15:35:00,ATM,CE,280.0,282.5,5.05,5.85,4.9,5.0,29.088727,87600,2326875
2026-08-24 09:15:00,ATM,CE,280.0,282.4,2.35,5.15,2.25,4.35,44.455195,156950,2118825
2026-08-24 09:20:00,ATM,CE,285.0,282.65,4.35,4.35,1.95,2.35,50.452745,100375,2064075
2026-08-24 09:25:00,ATM,CE,280.0,281.75,2.35,4.8,2.35,4.1,46.992502,54750,2102400
2026-08-24 09:30:00,ATM,CE,280.0,281.8,4.3,4.3,4.05,4.1,46.58843,543850,2020275
2026-08-24 09:35:00,ATM,CE,285.0,282.9,4.1,4.65,1.85,2.2,46.754567,63875,2089625
2026-08-24 09:40:00,ATM,CE,285.0,282.8,2.55,2.55,2.2,2.4,50.575164,147825,2096925
2026-08-24 09:45:00,ATM,CE,285.0,284.0,2.45,3.2,2.3,3.0,51.834921,131400,2076850
2026-08-24 09:50:00,ATM,CE,285.0,283.7,3.0,3.0,2.7,2.85,51.713483,200750,2042175
2026-08-24 09:55:00,ATM,CE,285.0,283.55,2.65,2.85,2.35,2.5,47.43975,146000,2042175
2026-08-24 10:00:00,ATM,CE,285.0,283.3,2.55,3.0,2.35,2.35,46.851739,118625,2080500
2026-08-24 10:05:00,ATM,CE,285.0,283.6,2.25,2.45,2.15,2.4,45.697596,365000,2109700
2026-08-24 10:10:00,ATM,CE,285.0,283.3,2.4,2.45,2.35,2.35,46.987749,51100,2071375
2026-08-24 10:15:00,ATM,CE,285.0,283.55,2.15,2.35,2.15,2.3,44.618363,78475,2062250
2026-08-24 10:20:00,ATM,CE,285.0,283.0,2.3,2.3,2.0,2.0,43.567363,54750,2069550
2026-08-24 10:25:00,ATM,CE,285.0,283.1,1.95,2.15,1.9,2.05,43.785216,78475,2036700
2026-08-24 10:30:00,ATM,CE,285.0,282.55,2.1,2.1,1.9,1.9,44.898814,85775,2071375
2026-08-24 10:35:00,ATM,CE,285.0,282.65,4.6,4.65,1.7,1.9,44.350206,52925,2065900
2026-08-24 10:40:00,ATM,CE,285.0,284.0,1.9,2.05,1.9,2.05,37.986586,122275,2078675
2026-08-24 10:45:00,ATM,CE,285.0,284.05,2.25,2.35,2.05,2.3,41.569722,65700,2084150
2026-08-24 10:50:00,ATM,CE,285.0,284.1,2.3,2.3,2.1,2.25,40.503974,29200,2085975
2026-08-24 10:55:00,ATM,CE,285.0,284.05,2.25,2.4,2.15,2.3,41.69414,146000,2153500
2026-08-24 11:00:00,ATM,CE,285.0,282.95,2.25,2.3,1.85,1.85,41.994815,122275,2157150
2026-08-24 11:05:00,ATM,CE,285.0,282.7,1.85,1.85,1.75,1.75,41.994427,38325,2155325
2026-08-24 11:10:00,ATM,CE,280.0,282.4,1.65,4.25,1.65,4.25,44.332507,18250,1790325
2026-08-24 11:15:00,ATM,CE,280.0,282.25,1.7,4.25,1.65,4.15,44.32907,21900,1784850
2026-08-24 11:20:00,ATM,CE,280.0,282.05,4.15,4.15,3.95,3.95,43.174873,40150,1773900
2026-08-24 11:25:00,ATM,CE,280.0,281.95,3.95,3.95,3.8,3.8,41.798689,20075,1757475
2026-08-24 11:30:00,ATM,CE,280.0,282.05,4.15,4.15,3.8,3.95,43.308235,65700,1722800
2026-08-24 11:35:00,ATM,CE,280.0,281.45,3.8,3.95,3.2,3.35,39.575883,32850,1711850
2026-08-24 11:40:00,ATM,CE,280.0,281.35,3.35,3.4,3.3,3.4,41.419226,31025,1704550
2026-08-24 11:45:00,ATM,CE,280.0,281.45,3.4,3.45,3.3,3.45,41.330137,65700,1689950
2026-08-24 11:50:00,ATM,CE,280.0,281.8,3.55,3.95,3.45,3.9,45.303445,23725,1669875
2026-08-24 11:55:00,ATM,CE,280.0,281.5,3.75,3.9,3.65,3.85,47.493366,34675,1646150
2026-08-24 12:00:00,ATM,CE,280.0,281.7,3.7,3.85,3.7,3.8,44.798715,27375,1637025
2026-08-24 12:05:00,ATM,CE,280.0,281.85,3.8,3.9,3.75,3.9,45.012488,20075,1627900
2026-08-24 12:10:00,ATM,CE,280.0,281.3,3.9,4.0,3.8,3.8,48.801423,27375,1613300
2026-08-24 12:15:00,ATM,CE,285.0,282.65,3.7,3.8,1.6,2.05,48.200123,83950,2179050
2026-08-24 12:20:00,ATM,CE,285.0,282.65,4.65,4.65,2.0,2.05,48.275473,21900,2133425
2026-08-24 12:25:00,ATM,CE,285.0,282.55,2.05,2.35,2.05,2.05,48.993593,125925,2142550
2026-08-24 12:30:00,ATM,CE,285.0,283.2,2.1,2.4,2.05,2.3,48.89121,29200,2144375
2026-08-24 12:35:00,ATM,CE,285.0,283.35,2.45,2.5,2.3,2.35,48.754171,107675,2115175
2026-08-24 12:40:00,ATM,CE,285.0,283.6,2.3,2.45,2.3,2.4,47.898096,47450,2115175
2026-08-24 12:45:00,ATM,CE,285.0,283.25,2.4,2.4,2.1,2.2,47.148417,102200,2078675
2026-08-24 12:50:00,ATM,CE,285.0,283.1,2.15,2.2,2.1,2.15,47.41874,36500,2080500
2026-08-24 12:55:00,ATM,CE,285.0,282.9,2.15,2.2,2.05,2.05,47.174439,18250,2084150
2026-08-24 13:00:00,ATM,CE,285.0,282.7,2.0,2.05,1.85,1.85,45.208017,62050,2064075
2026-08-24 13:05:00,ATM,CE,285.0,282.7,1.9,4.5,1.75,1.8,44.436609,16425,2067725
2026-08-24 13:10:00,ATM,CE,285.0,283.15,1.95,2.1,1.8,2.1,46.557865,54750,2062250
2026-08-24 13:15:00,ATM,CE,285.0,283.25,2.15,2.15,2.0,2.0,44.297589,21900,2058600
2026-08-24 13:20:00,ATM,CE,285.0,283.55,2.2,2.4,2.0,2.4,48.873618,23725,2054950
2026-08-24 13:25:00,ATM,CE,285.0,283.75,2.3,2.45,2.3,2.35,46.702053,71175,2045825
2026-08-24 13:30:00,ATM,CE,285.0,283.3,2.45,2.45,2.1,2.1,45.834286,36500,2038525
2026-08-24 13:35:00,ATM,CE,285.0,283.65,2.1,2.35,2.1,2.35,47.575852,16425,2029400
2026-08-24 13:40:00,ATM,CE,285.0,283.7,2.35,2.4,2.35,2.35,47.294048,21900,2027575
2026-08-24 13:45:00,ATM,CE,285.0,283.65,2.35,2.45,2.3,2.4,48.55667,25550,2016625
2026-08-24 13:50:00,ATM,CE,285.0,283.75,2.4,2.4,2.3,2.3,46.264192,16425,2011150
2026-08-24 13:55:00,ATM,CE,285.0,283.9,2.35,2.5,2.3,2.45,47.712326,54750,2002025
2026-08-24 14:00:00,ATM,CE,285.0,283.7,2.35,2.45,2.2,2.35,47.608876,52925,2022100
2026-08-24 14:05:00,ATM,CE,285.0,283.6,2.35,2.4,2.3,2.3,47.582698,18250,2016625
2026-08-24 14:10:00,ATM,CE,285.0,283.5,2.3,2.3,2.15,2.15,45.876951,18250,2022100
2026-08-24 14:15:00,ATM,CE,285.0,283.5,2.1,2.2,2.05,2.05,44.278996,133225,1916250
2026-08-24 14:20:00,ATM,CE,285.0,283.4,2.05,2.05,2.05,2.05,45.059288,10950,1912600
2026-08-24 14:25:00,ATM,CE,285.0,283.6,2.2,2.35,2.05,2.35,48.740403,34675,1903475
2026-08-24 14:30:00,ATM,CE,285.0,284.0,2.3,2.5,2.3,2.45,47.526342,102200,1903475
2026-08-24 14:35:00,ATM,CE,285.0,283.8,2.4,2.55,2.4,2.45,49.106767,62050,1901650
2026-08-24 14:40:00,ATM,CE,285.0,284.05,2.4,2.6,2.35,2.45,47.309697,36500,1905300
2026-08-24 14:45:00,ATM,CE,285.0,283.95,2.45,2.45,2.4,2.4,47.314264,49275,1925375
2026-08-24 14:50:00,ATM,CE,285.0,283.7,2.45,2.6,2.25,2.25,46.740459,135050,1885225
2026-08-24 14:55:00,ATM,CE,285.0,283.35,2.35,2.35,2.1,2.2,48.512212,34675,1885225
2026-08-24 15:00:00,ATM,CE,285.0,283.05,2.25,2.25,1.95,2.0,47.279823,125925,1859675
2026-08-24 15:05:00,ATM,CE,285.0,283.6,1.9,2.55,1.85,2.5,51.953901,109500,1848725
2026-08-24 15:10:00,ATM,CE,285.0,283.25,2.35,2.9,2.35,2.75,58.872262,240900,1750175
2026-08-24 15:15:00,ATM,CE,285.0,283.25,2.75,2.9,2.75,2.9,61.529947,156950,1699075
2026-08-24 15:20:00,ATM,CE,285.0,283.25,2.95,3.3,2.9,2.95,62.489838,200750,1655275
2026-08-24 15:25:00,ATM,CE,285.0,284.25,3.0,3.0,2.55,2.55,48.183824,40150,1626075
2026-08-24 15:30:00,ATM,CE,285.0,284.25,2.55,2.55,2.3,2.3,44.049208,60225,1647975
2026-08-24 15:35:00,ATM,CE,285.0,284.25,2.35,2.5,2.2,2.4,45.819072,60225,1631550
2026-08-25 09:15:00,ATM,CE,290.0,288.3,1.75,1.75,0.75,1.75,80.616711,266450,2474700
2026-08-25 09:20:00,ATM,CE,290.0,288.4,2.0,2.4,1.75,2.1,91.498059,927100,2529450
2026-08-25 09:25:00,ATM,CE,290.0,289.1,2.25,2.8,2.05,2.5,95.238868,1279325,2485650
2026-08-25 09:30:00,ATM,CE,285.0,286.95,5.35,5.55,3.15,3.65,84.646692,156950,1063975
2026-08-25 09:35:00,ATM,CE,285.0,287.0,3.3,3.65,2.7,3.25,69.881817,78475,1034775
2026-08-25 09:40:00,ATM,CE,285.0,286.35,3.25,3.4,2.9,2.9,72.465488,25550,1027475
2026-08-25 09:45:00,ATM,CE,285.0,284.85,3.0,3.0,1.55,1.6,56.755157,182500,961775
2026-08-25 09:50:00,ATM,CE,285.0,284.8,1.7,1.8,1.6,1.65,59.726933,60225,961775
2026-08-25 09:55:00,ATM,CE,285.0,284.8,1.8,1.9,1.65,1.65,60.169119,49275,970900
2026-08-25 10:00:00,ATM,CE,285.0,284.1,2.0,2.0,1.5,1.5,66.599144,36500,965425
2026-08-25 10:05:00,ATM,CE,285.0,284.9,1.6,1.85,1.5,1.8,64.626399,36500,950825
2026-08-25 10:10:00,ATM,CE,285.0,285.25,1.9,2.2,1.8,2.15,71.183934,27375,947175
2026-08-25 10:15:00,ATM,CE,290.0,288.15,3.0,3.15,1.15,1.3,73.437196,233600,2445500
2026-08-25 10:20:00,ATM,CE,290.0,289.05,1.4,1.95,1.15,1.6,71.877691,861400,2281250
2026-08-25 10:25:00,ATM,CE,290.0,289.15,1.3,1.85,1.3,1.85,79.911,385075,2292200
2026-08-25 10:30:00,ATM,CE,290.0,288.55,1.65,1.85,1.6,1.6,80.728838,233600,2288550
2026-08-25 10:35:00,ATM,CE,290.0,288.15,1.25,1.6,1.2,1.35,77.787493,129575,2279425
2026-08-25 10:40:00,ATM,CE,290.0,288.35,1.3,1.9,1.15,1.15,67.81778,321200,2253875
2026-08-25 10:45:00,ATM,CE,290.0,288.3,1.15,1.3,1.15,1.3,74.993962,114975,2224675
2026-08-25 10:50:00,ATM,CE,285.0,286.8,1.4,4.4,1.3,3.3,85.778006,156950,651525
2026-08-25 10:55:00,ATM,CE,285.0,287.4,3.15,3.75,1.0,3.75,89.079419,147825,625975
2026-08-25 11:00:00,ATM,CE,290.0,287.7,1.2,1.5,1.2,1.4,89.888239,184325,2264825
2026-08-25 11:05:00,ATM,CE,290.0,288.5,1.4,1.4,1.3,1.3,74.691024,118625,2253875
2026-08-25 11:10:00,ATM,CE,290.0,290.0,1.4,2.4,1.3,2.4,92.108933,496400,2060425
2026-08-25 11:15:00,ATM,CE,290.0,289.75,2.0,2.7,1.95,2.55,103.664499,750075,2060425
2026-08-25 11:20:00,ATM,CE,290.0,290.0,2.5,2.8,2.5,2.55,99.795027,184325,2047650
2026-08-25 11:25:00,ATM,CE,290.0,288.1,2.5,2.55,1.4,1.45,90.245155,523775,2067725
2026-08-25 11:30:00,ATM,CE,290.0,288.8,1.45,1.9,1.4,1.9,98.197108,127750,2065900
2026-08-25 11:35:00,ATM,CE,290.0,288.75,1.85,1.9,1.75,1.75,93.888526,41975,2045825
2026-08-25 11:40:00,ATM,CE,285.0,287.3,1.75,4.15,1.45,4.15,117.882712,29200,532900
2026-08-25 11:45:00,ATM,CE,290.0,287.75,1.3,3.75,1.3,1.45,99.761685,49275,2049475
2026-08-25 11:50:00,ATM,CE,290.0,287.9,1.5,1.65,1.45,1.6,105.106272,63875,2034875
2026-08-25 11:55:00,ATM,CE,290.0,287.85,1.5,1.6,1.5,1.55,104.886896,43800,2025750
2026-08-25 12:00:00,ATM,CE,285.0,287.5,1.55,3.75,1.5,3.75,98.600102,20075,525600
2026-08-25 12:05:00,ATM,CE,290.0,288.15,1.5,1.9,1.5,1.9,118.042976,51100,1934500
2026-08-25 12:10:00,ATM,CE,290.0,288.0,1.7,1.9,1.5,1.55,106.075242,60225,1930850
2026-08-25 12:15:00,ATM,CE,290.0,288.35,1.5,1.7,1.5,1.5,98.833653,62050,1930850
2026-08-25 12:20:00,ATM,CE,290.0,287.9,1.5,1.5,1.4,1.4,103.362126,85775,1872450
2026-08-25 12:25:00,ATM,CE,285.0,286.8,4.0,4.0,3.1,3.1,95.464583,12775,520125
2026-08-25 12:30:00,ATM,CE,285.0,286.95,3.0,3.25,2.55,2.9,81.666892,20075,503700
2026-08-25 12:35:00,ATM,CE,285.0,286.85,2.9,3.0,2.9,2.9,86.270541,12775,498225
2026-08-25 12:40:00,ATM,CE,285.0,287.0,2.85,3.0,2.85,3.0,87.500821,7300,490925
2026-08-25 12:45:00,ATM,CE,285.0,287.2,3.0,3.2,3.0,3.2,92.269597,3650,487275
2026-08-25 12:50:00,ATM,CE,285.0,287.5,3.2,3.5,3.2,3.4,93.214588,5475,483625
2026-08-25 12:55:00,ATM,CE,290.0,287.55,0.9,3.4,0.7,0.7,81.571874,40150,1565850
2026-08-25 13:00:00,ATM,CE,285.0,286.8,3.2,3.55,2.6,2.6,78.04707,131400,412450
2026-08-25 13:05:00,ATM,CE,285.0,286.8,2.6,2.6,2.6,2.6,79.348017,20075,408800
2026-08-25 13:10:00,ATM,CE,285.0,287.15,2.6,2.8,2.6,2.8,77.923798,3650,399675
2026-08-25 13:15:00,ATM,CE,285.0,287.05,2.8,2.8,2.8,2.8,83.775045,0,399675
2026-08-25 13:20:00,ATM,CE,290.0,287.6,2.8,2.8,0.6,0.65,84.686507,5475,1357800
2026-08-25 13:25:00,ATM,CE,285.0,287.4,2.8,2.8,2.8,2.8,69.220855,0,399675
2026-08-25 13:30:00,ATM,CE,290.0,287.9,2.95,2.95,0.25,0.35,61.427561,41975,1315825
2026-08-25 13:35:00,ATM,CE,290.0,288.1,0.6,0.6,0.35,0.6,76.857804,16425,1308525
2026-08-25 13:40:00,ATM,CE,290.0,288.1,0.55,0.6,0.5,0.5,71.53509,54750,1321300
2026-08-25 13:45:00,ATM,CE,290.0,288.0,0.5,0.5,0.45,0.45,71.390896,87600,1330425
2026-08-25 13:50:00,ATM,CE,290.0,287.6,0.45,0.45,0.35,0.35,72.491747,9125,1317650
2026-08-25 13:55:00,ATM,CE,285.0,287.5,3.6,3.7,0.35,3.65,137.844217,32850,381425
2026-08-25 14:00:00,ATM,CE,285.0,287.4,0.6,3.4,0.6,3.4,128.213817,1825,374125
2026-08-25 14:05:00,ATM,CE,285.0,287.35,3.4,3.8,0.5,3.8,163.613923,3650,372300
2026-08-25 14:10:00,ATM,CE,290.0,287.6,3.8,3.8,0.55,0.55,98.431924,0,1295750
2026-08-25 14:15:00,ATM,CE,285.0,287.45,3.75,3.75,0.55,3.75,164.630176,9125,368650
2026-08-25 14:20:00,ATM,CE,285.0,287.35,3.75,3.75,3.0,3.6,163.368101,38325,343100
2026-08-25 14:25:00,ATM,CE,290.0,287.9,3.6,3.6,0.3,0.6,105.734545,5475,1282975
2026-08-25 14:30:00,ATM,CE,290.0,287.9,0.6,0.9,0.6,0.9,136.698873,7300,1279325
2026-08-25 14:35:00,ATM,CE,290.0,287.85,0.9,0.9,0.9,0.9,143.739791,0,1279325
2026-08-25 14:40:00,ATM,CE,290.0,287.85,0.9,1.1,0.75,1.0,159.606874,65700,1241000
2026-08-25 14:45:00,ATM,CE,290.0,287.85,1.0,1.0,0.95,1.0,167.407234,16425,1208150
2026-08-25 14:50:00,ATM,CE,290.0,287.9,1.0,1.0,0.45,0.55,126.277133,25550,1184425
2026-08-25 14:55:00,ATM,CE,290.0,287.65,0.55,3.6,0.1,0.1,75.618507,31025,1107775
2026-08-25 15:00:00,ATM,CE,290.0,287.55,3.6,4.1,0.1,0.1,83.326637,18250,1093175
2026-08-25 15:05:00,ATM,CE,290.0,287.55,4.1,4.1,0.1,0.1,90.009602,0,1078575
2026-08-25 15:10:00,ATM,CE,285.0,286.65,3.0,3.0,1.0,1.0,0.0,21900,288350
2026-08-25 15:15:00,ATM,CE,285.0,286.65,1.0,1.0,1.0,1.0,0.0,0,288350
2026-08-25 15:20:00,ATM,CE,285.0,286.65,7.2,7.2,1.0,4.0,509.758449,9125,288350
2026-08-25 15:25:00,ATM,CE,285.0,287.4,4.0,4.0,4.0,4.0,0.0,1825,286525
2026-08-25 15:30:00,ATM,CE,285.0,287.4,4.0,4.0,2.6,2.6,0.0,3650,284700
2026-08-25 15:35:00,ATM,CE,285.0,287.4,2.6,2.6,2.0,2.0,0.0,1825,282875
2026-08-20 09:15:00,ATM,PE,275.0,275.2,4.65,4.75,4.0,4.0,32.587324,67525,1927200
2026-08-20 09:20:00,ATM,PE,275.0,274.4,4.1,4.55,4.0,4.55,33.830244,71175,1941800
2026-08-20 09:25:00,ATM,PE,280.0,277.75,4.4,6.15,3.45,5.9,36.889481,74825,1604175
2026-08-20 09:30:00,ATM,PE,280.0,279.3,5.85,5.9,5.1,5.1,37.012345,246375,1511100
2026-08-20 09:35:00,ATM,PE,280.0,282.3,5.1,7.65,3.7,3.85,37.850119,357700,1606000
2026-08-20 09:40:00,ATM,PE,285.0,284.2,4.0,6.65,3.85,5.8,41.191278,448950,983675
2026-08-20 09:45:00,ATM,PE,280.0,281.2,5.8,6.25,3.8,4.3,37.749667,605900,2107875
2026-08-20 09:50:00,ATM,PE,280.0,279.9,4.35,5.15,4.3,5.0,38.513775,781100,1914425
2026-08-20 09:55:00,ATM,PE,280.0,280.7,5.0,5.2,4.45,4.55,37.965597,299300,1843250
2026-08-20 10:00:00,ATM,PE,280.0,280.3,4.4,4.55,4.15,4.4,35.4666,242725,1841425
2026-08-20 10:05:00,ATM,PE,280.0,279.5,4.6,5.0,4.4,4.9,36.338011,187975,1835950
2026-08-20 10:10:00,ATM,PE,280.0,280.45,4.95,4.95,4.2,4.6,37.512256,198925,1845075
2026-08-20 10:15:00,ATM,PE,280.0,281.2,4.45,4.6,4.2,4.25,37.442577,151475,1832300
2026-08-20 10:20:00,ATM,PE,280.0,281.0,4.2,4.35,4.15,4.3,37.162649,71175,1857850
2026-08-20 10:25:00,ATM,PE,280.0,281.15,4.3,4.65,4.3,4.6,39.936649,569400,2036700
2026-08-20 10:30:00,ATM,PE,280.0,280.7,4.5,4.7,4.45,4.65,38.799092,184325,2075025
2026-08-20 10:35:00,ATM,PE,280.0,281.15,4.55,4.65,4.5,4.5,39.207641,93075,2069550
2026-08-20 10:40:00,ATM,PE,280.0,281.0,4.6,4.65,4.5,4.55,39.092433,54750,2098750
2026-08-20 10:45:00,ATM,PE,280.0,280.85,4.6,4.6,4.5,4.55,38.595761,49275,2106050
2026-08-20 10:50:00,ATM,PE,280.0,281.0,4.55,4.55,4.5,4.5,38.73971,34675,2104225
2026-08-20 10:55:00,ATM,PE,280.0,280.25,4.7,4.75,4.5,4.75,38.041273,45625,2106050
2026-08-20 11:00:00,ATM,PE,280.0,280.15,4.75,4.85,4.75,4.75,37.697975,107675,2095100
2026-08-20 11:05:00,ATM,PE,280.0,280.2,4.8,4.9,4.7,4.8,38.263581,47450,2045825
2026-08-20 11:10:00,ATM,PE,280.0,280.2,4.65,4.8,4.5,4.65,37.146683,47450,2053125
2026-08-20 11:15:00,ATM,PE,280.0,280.45,4.65,4.65,4.5,4.5,36.909477,76650,2062250
2026-08-20 11:20:00,ATM,PE,280.0,280.45,4.6,4.6,4.45,4.5,36.920887,167900,2075025
2026-08-20 11:25:00,ATM,PE,280.0,280.7,4.5,4.5,4.25,4.25,35.913031,94900,2107875
2026-08-20 11:30:00,ATM,PE,280.0,280.75,4.3,4.3,4.2,4.25,36.095685,158775,2177225
2026-08-20 11:35:00,ATM,PE,280.0,280.3,4.25,4.6,4.25,4.5,36.427845,51100,2184525
2026-08-20 11:40:00,ATM,PE,280.0,279.3,4.5,4.5,4.4,4.5,32.779905,67525,2171750
2026-08-20 11:45:00,ATM,PE,280.0,279.2,4.6,5.0,4.5,4.85,35.051559,151475,2124300
2026-08-20 11:50:00,ATM,PE,280.0,279.5,4.85,4.95,4.7,4.75,35.440552,56575,2102400
2026-08-20 11:55:00,ATM,PE,280.0,279.45,4.8,5.0,4.7,4.75,35.264223,69350,2075025
2026-08-20 12:00:00,ATM,PE,280.0,279.2,4.8,5.0,4.75,4.85,35.083849,113150,2034875
2026-08-20 12:05:00,ATM,PE,280.0,278.8,4.95,5.15,4.85,5.1,35.43594,111325,1994725
2026-08-20 12:10:00,ATM,PE,280.0,279.6,5.1,5.1,4.95,4.95,37.368007,20075,1974650
2026-08-20 12:15:00,ATM,PE,280.0,280.0,4.55,4.95,4.5,4.5,35.445076,49275,1972825
2026-08-20 12:20:00,ATM,PE,280.0,280.35,4.6,4.6,4.3,4.4,35.950221,107675,1974650
2026-08-20 12:25:00,ATM,PE,280.0,280.45,4.3,4.4,4.25,4.35,35.934938,36500,2018450
2026-08-20 12:30:00,ATM,PE,280.0,280.3,4.35,4.45,4.35,4.4,35.795687,10950,2023925
2026-08-20 12:35:00,ATM,PE,280.0,280.7,4.4,4.4,4.2,4.4,37.207088,87600,2054950
2026-08-20 12:40:00,ATM,PE,280.0,280.7,4.4,4.4,4.3,4.4,37.218746,14600,2067725
2026-08-20 12:45:00,ATM,PE,280.0,281.2,4.4,4.4,3.9,3.9,35.128019,67525,2056775
2026-08-20 12:50:00,ATM,PE,280.0,281.4,4.0,4.0,3.65,3.85,35.420373,164250,2011150
2026-08-20 12:55:00,ATM,PE,280.0,281.8,3.9,4.05,3.4,3.5,34.046768,253675,2056775
2026-08-20 13:00:00,ATM,PE,280.0,281.2,3.7,3.9,3.5,3.9,35.161063,76650,2076850
2026-08-20 13:05:00,ATM,PE,280.0,281.2,3.9,3.9,3.85,3.9,35.172099,41975,2091450
2026-08-20 13:10:00,ATM,PE,280.0,281.2,3.9,3.9,3.8,3.85,34.801386,21900,2089625
2026-08-20 13:15:00,ATM,PE,280.0,281.5,3.75,3.85,3.7,3.8,35.422131,71175,2104225
2026-08-20 13:20:00,ATM,PE,280.0,281.45,3.8,3.9,3.8,3.8,35.26913,40150,2117000
2026-08-20 13:25:00,ATM,PE,280.0,281.6,3.65,3.8,3.65,3.7,35.003954,31025,2106050
2026-08-20 13:30:00,ATM,PE,280.0,282.15,3.7,3.7,3.5,3.5,35.231894,144175,2075025
2026-08-20 13:35:00,ATM,PE,280.0,282.0,3.45,3.55,3.45,3.55,35.156121,78475,2085975
2026-08-20 13:40:00,ATM,PE,280.0,281.9,3.55,3.6,3.45,3.6,35.234916,65700,2109700
2026-08-20 13:45:00,ATM,PE,280.0,281.3,3.6,3.75,3.6,3.75,34.445473,47450,2109700
2026-08-20 13:50:00,ATM,PE,280.0,281.25,3.7,3.75,3.5,3.5,32.373119,20075,2104225
2026-08-20 13:55:00,ATM,PE,280.0,281.4,3.65,3.65,3.4,3.5,32.877962,40150,2095100
2026-08-20 14:00:00,ATM,PE,280.0,281.4,3.4,3.5,3.4,3.45,32.503762,49275,2115175
2026-08-20 14:05:00,ATM,PE,280.0,281.55,3.5,3.5,3.35,3.35,32.232854,21900,2109700
2026-08-20 14:10:00,ATM,PE,280.0,281.05,3.35,3.7,3.35,3.7,33.279355,74825,2089625
2026-08-20 14:15:00,ATM,PE,280.0,280.45,3.55,3.8,3.55,3.8,31.988229,51100,2080500
2026-08-20 14:20:00,ATM,PE,280.0,280.6,3.75,3.8,3.75,3.8,32.523226,18250,2067725
2026-08-20 14:25:00,ATM,PE,280.0,281.0,3.8,3.9,3.6,3.6,32.374996,21900,2060425
2026-08-20 14:30:00,ATM,PE,280.0,280.8,3.65,3.8,3.6,3.75,32.853071,76650,2054950
2026-08-20 14:35:00,ATM,PE,280.0,280.9,3.8,3.9,3.7,3.7,32.822718,58400,2000200
2026-08-20 14:40:00,ATM,PE,280.0,280.85,3.7,3.8,3.7,3.8,33.428604,12775,1985600
2026-08-20 14:45:00,ATM,PE,280.0,280.85,3.8,3.8,3.75,3.75,33.05587,10950,1987425
2026-08-20 14:50:00,ATM,PE,280.0,280.3,3.65,4.0,3.65,4.0,33.055598,78475,1963700
2026-08-20 14:55:00,ATM,PE,280.0,280.55,4.0,4.0,3.8,3.85,32.802993,29200,1954575
2026-08-20 15:00:00,ATM,PE,280.0,280.2,3.95,4.15,3.85,3.95,32.335645,138700,1925375
2026-08-20 15:05:00,ATM,PE,280.0,280.0,4.0,4.1,3.85,3.95,31.620767,142350,1876100
2026-08-20 15:10:00,ATM,PE,280.0,279.65,3.8,3.95,3.75,3.8,29.186839,131400,1793975
2026-08-20 15:15:00,ATM,PE,280.0,279.65,3.9,3.9,3.6,3.9,29.960862,229950,1671700
2026-08-20 15:20:00,ATM,PE,280.0,279.65,3.85,4.0,3.8,3.95,30.352818,80300,1627900
2026-08-20 15:25:00,ATM,PE,280.0,279.0,4.05,4.05,3.9,4.0,28.227519,78475,1602350
2026-08-20 15:30:00,ATM,PE,280.0,279.0,4.05,4.2,4.0,4.2,29.772703,133225,1558550
2026-08-20 15:35:00,ATM,PE,280.0,279.0,4.15,4.2,4.0,4.1,29.013485,34675,1540300
2026-08-21 09:15:00,ATM,PE,280.0,280.05,3.9,4.1,3.25,3.7,32.200594,125925,1534825
2026-08-21 09:20:00,ATM,PE,280.0,280.75,3.85,3.85,3.3,3.35,31.999012,65700,1545775
2026-08-21 09:25:00,ATM,PE,280.0,279.6,3.25,3.6,3.25,3.5,28.74555,58400,1549425
2026-08-21 09:30:00,ATM,PE,280.0,279.3,3.8,4.3,3.5,4.3,34.151208,58400,1542125
2026-08-21 09:35:00,ATM,PE,280.0,279.3,4.0,4.3,3.9,3.9,30.836453,43800,1551250
2026-08-21 09:40:00,ATM,PE,280.0,279.3,3.8,4.0,3.8,4.0,31.680169,23725,1551250
2026-08-21 09:45:00,ATM,PE,280.0,279.3,4.0,4.0,4.0,4.0,31.691968,40150,1518400
2026-08-21 09:50:00,ATM,PE,280.0,279.75,4.0,4.0,3.7,3.75,31.49381,146000,1476425
2026-08-21 09:55:00,ATM,PE,280.0,278.8,3.55,4.0,3.55,4.0,29.541942,52925,1427150
2026-08-21 10:00:00,ATM,PE,280.0,278.15,4.0,4.45,4.0,4.4,29.926788,34675,1412550
2026-08-21 10:05:00,ATM,PE,280.0,278.0,4.35,4.4,4.35,4.35,28.792586,38325,1405250
2026-08-21 10:10:00,ATM,PE,280.0,278.0,4.5,4.5,4.35,4.35,28.803089,49275,1385175
2026-08-21 10:15:00,ATM,PE,280.0,277.6,4.55,4.7,2.1,4.6,28.968835,82125,1372400
2026-08-21 10:20:00,ATM,PE,280.0,277.65,2.25,4.85,2.2,4.7,30.090706,158775,1370575
2026-08-21 10:25:00,ATM,PE,280.0,277.7,4.6,4.85,4.6,4.6,29.493321,27375,1365100
2026-08-21 10:30:00,ATM,PE,280.0,277.7,4.6,4.65,4.3,4.65,29.933294,25550,1366925
2026-08-21 10:35:00,ATM,PE,275.0,277.3,4.75,4.75,2.15,2.25,28.754504,34675,2064075
2026-08-21 10:40:00,ATM,PE,275.0,277.15,2.25,2.25,2.25,2.25,28.2661,29200,2075025
2026-08-21 10:45:00,ATM,PE,275.0,277.2,2.25,2.35,2.2,2.2,28.000882,25550,2069550
2026-08-21 10:50:00,ATM,PE,275.0,276.95,2.35,2.5,2.2,2.4,28.932644,45625,2071375
2026-08-21 10:55:00,ATM,PE,275.0,277.3,2.5,2.5,2.2,2.25,28.798494,38325,2065900
2026-08-21 11:00:00,ATM,PE,275.0,276.9,4.9,4.9,2.05,2.25,27.464842,20075,2040350
2026-08-21 11:05:00,ATM,PE,275.0,276.65,2.25,2.5,2.25,2.5,28.800967,41975,2031225
2026-08-21 11:10:00,ATM,PE,275.0,276.7,2.5,2.5,2.4,2.45,28.550514,43800,2033050
2026-08-21 11:15:00,ATM,PE,275.0,276.75,2.4,2.6,2.35,2.6,30.046864,62050,2011150
2026-08-21 11:20:00,ATM,PE,275.0,277.25,2.6,2.6,2.2,2.2,28.242452,38325,2007500
2026-08-21 11:25:00,ATM,PE,275.0,277.05,2.2,2.25,2.2,2.25,28.026728,20075,2007500
2026-08-21 11:30:00,ATM,PE,275.0,277.4,2.25,2.3,2.25,2.3,29.653908,5475,2007500
2026-08-21 11:35:00,ATM,PE,275.0,277.45,2.2,2.3,2.0,2.1,28.039656,29200,2003850
2026-08-21 11:40:00,ATM,PE,280.0,279.2,3.95,4.75,3.6,3.6,28.172646,65700,1352325
2026-08-21 11:45:00,ATM,PE,280.0,280.1,3.45,3.6,3.1,3.3,29.409055,127750,1383350
2026-08-21 11:50:00,ATM,PE,280.0,280.3,3.25,3.3,3.2,3.25,29.790715,118625,1387000
2026-08-21 11:55:00,ATM,PE,280.0,280.35,3.25,3.25,3.0,3.05,28.314104,118625,1436275
2026-08-21 12:00:00,ATM,PE,280.0,281.3,3.05,3.15,2.85,2.85,30.186747,118625,1407075
2026-08-21 12:05:00,ATM,PE,280.0,282.2,2.85,2.85,2.45,2.45,29.875821,191625,1394300
2026-08-21 12:10:00,ATM,PE,280.0,282.15,2.6,2.65,2.45,2.65,31.457718,89425,1394300
2026-08-21 12:15:00,ATM,PE,280.0,281.8,2.65,2.65,2.6,2.6,29.84165,21900,1392475
2026-08-21 12:20:00,ATM,PE,285.0,284.05,2.55,5.45,2.55,4.2,32.119169,204400,934400
2026-08-21 12:25:00,ATM,PE,285.0,285.2,4.2,4.35,4.0,4.0,35.192263,129575,949000
2026-08-21 12:30:00,ATM,PE,285.0,283.3,3.6,4.5,3.6,4.5,31.298917,98550,952650
2026-08-21 12:35:00,ATM,PE,285.0,283.55,4.5,4.65,4.4,4.4,31.616177,36500,941700
2026-08-21 12:40:00,ATM,PE,285.0,283.7,4.4,4.4,4.15,4.35,31.883486,38325,939875
2026-08-21 12:45:00,ATM,PE,285.0,283.8,4.35,4.35,4.15,4.15,30.671165,10950,945350
2026-08-21 12:50:00,ATM,PE,285.0,284.4,4.15,4.2,4.0,4.0,32.01993,10950,945350
2026-08-21 12:55:00,ATM,PE,285.0,283.9,4.0,4.45,4.0,4.35,32.80312,36500,939875
2026-08-21 13:00:00,ATM,PE,285.0,283.15,4.35,4.55,4.35,4.55,31.090543,10950,934400
2026-08-21 13:05:00,ATM,PE,285.0,282.75,4.55,5.0,4.55,5.0,33.000592,20075,925275
2026-08-21 13:10:00,ATM,PE,285.0,283.15,4.95,5.05,4.65,4.65,31.958217,31025,919800
2026-08-21 13:15:00,ATM,PE,285.0,282.7,4.65,4.95,4.65,4.95,32.357142,12775,919800
2026-08-21 13:20:00,ATM,PE,285.0,282.55,4.95,5.0,2.2,5.0,32.056939,25550,919800
2026-08-21 13:25:00,ATM,PE,285.0,282.6,4.9,5.0,4.9,4.9,31.46205,5475,917975
2026-08-21 13:30:00,ATM,PE,285.0,282.8,4.9,4.9,4.9,4.9,32.455525,9125,917975
2026-08-21 13:35:00,ATM,PE,285.0,282.85,4.9,5.0,4.9,5.0,33.559312,3650,908850
2026-08-21 13:40:00,ATM,PE,285.0,282.85,4.9,5.0,4.9,4.9,32.722315,7300,905200
2026-08-21 13:45:00,ATM,PE,285.0,283.0,4.9,4.9,4.9,4.9,33.45247,0,907025
2026-08-21 13:50:00,ATM,PE,285.0,283.3,5.0,5.0,4.6,4.6,32.335434,12775,903375
2026-08-21 13:55:00,ATM,PE,285.0,283.3,4.6,4.7,4.6,4.7,33.192297,3650,908850
2026-08-21 14:00:00,ATM,PE,285.0,282.85,4.7,4.95,4.7,4.9,32.772803,3650,908850
2026-08-21 14:05:00,ATM,PE,285.0,282.95,4.95,4.95,4.85,4.85,32.840964,14600,905200
2026-08-21 14:10:00,ATM,PE,285.0,283.0,4.85,5.0,4.85,4.85,33.092545,18250,907025
2026-08-21 14:15:00,ATM,PE,285.0,283.0,4.85,4.85,4.75,4.75,32.254947,3650,901550
2026-08-21 14:20:00,ATM,PE,285.0,282.8,4.75,4.75,4.75,4.75,31.29821,0,901550
2026-08-21 14:25:00,ATM,PE,285.0,282.95,4.75,4.75,4.75,4.75,32.039716,0,901550
2026-08-21 14:30:00,ATM,PE,285.0,282.7,4.75,4.9,4.75,4.9,32.115654,10950,899725
2026-08-21 14:35:00,ATM,PE,285.0,282.8,4.9,4.9,4.85,4.9,32.618693,5475,896075
2026-08-21 14:40:00,ATM,PE,285.0,282.75,4.9,4.9,4.9,4.9,32.386691,0,896075
2026-08-21 14:45:00,ATM,PE,285.0,283.0,4.9,4.9,4.6,4.6,31.049857,7300,894250
2026-08-21 14:50:00,ATM,PE,285.0,282.9,4.6,4.8,4.6,4.75,31.859721,3650,892425
2026-08-21 14:55:00,ATM,PE,285.0,282.8,4.75,4.75,4.7,4.7,30.953666,9125,890600
2026-08-21 15:00:00,ATM,PE,285.0,283.35,4.7,4.75,4.4,4.4,31.047019,23725,879650
2026-08-21 15:05:00,ATM,PE,285.0,282.8,4.6,4.7,4.4,4.55,29.687101,27375,876000
2026-08-21 15:10:00,ATM,PE,280.0,281.8,4.55,4.55,2.05,2.25,27.182778,56575,1410725
2026-08-21 15:15:00,ATM,PE,280.0,281.8,2.25,2.25,2.15,2.2,26.752578,78475,1418025
2026-08-21 15:20:00,ATM,PE,280.0,281.8,2.1,2.2,2.05,2.05,25.436365,40150,1407075
2026-08-21 15:25:00,ATM,PE,280.0,282.5,2.05,2.2,2.0,2.05,27.77478,54750,1419850
2026-08-21 15:30:00,ATM,PE,280.0,282.5,2.05,2.05,1.6,1.75,25.058964,49275,1427150
2026-08-21 15:35:00,ATM,PE,280.0,282.5,1.75,1.95,1.55,1.55,23.226734,31025,1423500
2026-08-24 09:15:00,ATM,PE,280.0,282.4,4.75,4.75,1.4,1.55,39.555901,45625,1450875
2026-08-24 09:20:00,ATM,PE,285.0,282.65,1.55,4.2,1.55,3.65,35.399154,20075,848625
2026-08-24 09:25:00,ATM,PE,280.0,281.75,3.6,3.65,1.25,1.55,35.884033,89425,1410725
2026-08-24 09:30:00,ATM,PE,280.0,281.8,1.6,1.7,1.45,1.7,38.625713,69350,1427150
2026-08-24 09:35:00,ATM,PE,285.0,282.9,1.65,4.35,1.35,3.9,42.019668,21900,830375
2026-08-24 09:40:00,ATM,PE,285.0,282.8,3.65,4.0,3.6,3.65,37.126109,60225,812125
2026-08-24 09:45:00,ATM,PE,285.0,284.0,3.9,3.9,3.0,3.0,38.09636,76650,784750
2026-08-24 09:50:00,ATM,PE,285.0,283.7,3.1,3.35,2.8,2.8,32.451363,107675,784750
2026-08-24 09:55:00,ATM,PE,285.0,283.55,3.15,3.3,2.8,3.15,36.570012,41975,804825
2026-08-24 10:00:00,ATM,PE,285.0,283.3,3.1,3.4,2.75,3.4,38.218984,40150,803000
2026-08-24 10:05:00,ATM,PE,285.0,283.6,3.25,3.5,2.85,3.05,35.565207,187975,788400
2026-08-24 10:10:00,ATM,PE,285.0,283.3,3.0,3.1,3.0,3.1,33.582376,40150,786575
2026-08-24 10:15:00,ATM,PE,285.0,283.55,3.1,3.2,3.1,3.15,36.767158,18250,779275
2026-08-24 10:20:00,ATM,PE,285.0,283.0,3.05,3.2,3.05,3.15,31.454074,14600,779275
2026-08-24 10:25:00,ATM,PE,285.0,283.1,3.4,3.4,3.15,3.3,34.950169,10950,775625
2026-08-24 10:30:00,ATM,PE,285.0,282.55,3.15,3.3,3.15,3.3,29.03838,10950,766500
2026-08-24 10:35:00,ATM,PE,285.0,282.65,1.1,3.45,1.05,3.4,31.940971,40150,761025
2026-08-24 10:40:00,ATM,PE,285.0,284.0,3.4,3.4,3.15,3.15,40.992751,93075,708100
2026-08-24 10:45:00,ATM,PE,285.0,284.05,3.15,3.15,3.15,3.15,41.4736,0,708100
2026-08-24 10:50:00,ATM,PE,285.0,284.1,3.0,3.15,3.0,3.1,41.178267,16425,702625
2026-08-24 10:55:00,ATM,PE,285.0,284.05,3.1,3.1,2.9,2.95,38.48173,18250,697150
2026-08-24 11:00:00,ATM,PE,285.0,282.95,3.1,3.1,2.95,3.1,30.426904,14600,691675
2026-08-24 11:05:00,ATM,PE,285.0,282.7,3.1,3.1,3.1,3.1,27.613397,0,691675
2026-08-24 11:10:00,ATM,PE,280.0,282.4,3.65,3.65,1.05,1.05,32.251769,18250,1381525
2026-08-24 11:15:00,ATM,PE,280.0,282.25,3.35,3.5,1.05,1.05,31.469901,52925,1372400
2026-08-24 11:20:00,ATM,PE,280.0,282.05,1.05,1.2,1.05,1.2,32.971605,31025,1372400
2026-08-24 11:25:00,ATM,PE,280.0,281.95,1.2,1.25,1.15,1.25,33.286461,62050,1374225
2026-08-24 11:30:00,ATM,PE,280.0,282.05,1.1,1.25,1.05,1.1,31.346819,253675,1235525
2026-08-24 11:35:00,ATM,PE,280.0,281.45,1.2,1.45,1.1,1.45,33.676128,182500,1230050
2026-08-24 11:40:00,ATM,PE,280.0,281.35,1.45,1.6,1.45,1.6,35.548127,118625,1233700
2026-08-24 11:45:00,ATM,PE,280.0,281.45,1.55,1.65,1.55,1.55,35.421695,189800,1337725
2026-08-24 11:50:00,ATM,PE,280.0,281.8,1.55,1.55,1.35,1.45,36.00386,56575,1374225
2026-08-24 11:55:00,ATM,PE,280.0,281.5,1.45,1.45,1.4,1.45,34.188004,10950,1372400
2026-08-24 12:00:00,ATM,PE,280.0,281.7,1.45,1.45,1.45,1.45,35.490992,18250,1366925
2026-08-24 12:05:00,ATM,PE,280.0,281.85,1.45,1.5,1.45,1.45,36.469652,31025,1350500
2026-08-24 12:10:00,ATM,PE,280.0,281.3,1.45,1.5,1.45,1.5,33.883806,40150,1352325
2026-08-24 12:15:00,ATM,PE,285.0,282.65,1.65,4.4,1.5,4.15,45.531758,40150,647875
2026-08-24 12:20:00,ATM,PE,285.0,282.65,1.35,4.15,1.25,3.6,36.334229,25550,644225
2026-08-24 12:25:00,ATM,PE,285.0,282.55,3.6,3.7,3.6,3.65,36.12359,32850,646050
2026-08-24 12:30:00,ATM,PE,285.0,283.2,3.6,3.65,3.6,3.6,42.164712,1825,644225
2026-08-24 12:35:00,ATM,PE,285.0,283.35,3.4,3.6,3.25,3.45,41.228003,29200,647875
2026-08-24 12:40:00,ATM,PE,285.0,283.6,3.45,3.45,3.3,3.3,41.220057,25550,647875
2026-08-24 12:45:00,ATM,PE,285.0,283.25,3.25,3.45,3.25,3.35,38.719551,32850,642400
2026-08-24 12:50:00,ATM,PE,285.0,283.1,3.35,3.4,3.35,3.4,38.087897,9125,642400
2026-08-24 12:55:00,ATM,PE,285.0,282.9,3.45,3.45,3.4,3.45,36.883343,3650,638750
2026-08-24 13:00:00,ATM,PE,285.0,282.7,3.45,3.45,3.45,3.45,34.722564,0,638750
2026-08-24 13:05:00,ATM,PE,285.0,282.7,3.45,3.85,1.4,3.85,41.659265,31025,635100
2026-08-24 13:10:00,ATM,PE,285.0,283.15,3.85,3.85,3.3,3.3,37.150835,7300,635100
2026-08-24 13:15:00,ATM,PE,285.0,283.25,3.3,3.3,3.3,3.3,38.232748,0,635100
2026-08-24 13:20:00,ATM,PE,285.0,283.55,3.3,3.3,2.9,2.9,34.623416,16425,631450
2026-08-24 13:25:00,ATM,PE,285.0,283.75,2.9,3.0,2.9,3.0,38.264701,1825,629625
2026-08-24 13:30:00,ATM,PE,285.0,283.3,2.95,3.25,2.95,3.25,38.075264,7300,629625
2026-08-24 13:35:00,ATM,PE,285.0,283.65,3.25,3.25,3.25,3.25,41.560434,1825,627800
2026-08-24 13:40:00,ATM,PE,285.0,283.7,3.25,3.25,3.25,3.25,42.096432,0,627800
2026-08-24 13:45:00,ATM,PE,285.0,283.65,3.25,3.25,3.25,3.25,41.689063,0,627800
2026-08-24 13:50:00,ATM,PE,285.0,283.75,2.9,3.25,2.9,2.9,36.900838,1825,625975
2026-08-24 13:55:00,ATM,PE,285.0,283.9,3.05,3.05,2.9,3.05,40.853859,1825,627800
2026-08-24 14:00:00,ATM,PE,285.0,283.7,2.9,3.05,2.9,2.95,37.366814,10950,618675
2026-08-24 14:05:00,ATM,PE,285.0,283.6,2.95,2.95,2.95,2.95,36.445443,0,618675
2026-08-24 14:10:00,ATM,PE,285.0,283.5,2.8,2.95,2.8,2.8,32.951237,3650,620500
2026-08-24 14:15:00,ATM,PE,285.0,283.5,2.8,2.8,2.8,2.8,33.002542,0,620500
2026-08-24 14:20:00,ATM,PE,285.0,283.4,2.8,2.8,2.8,2.8,32.001918,3650,618675
2026-08-24 14:25:00,ATM,PE,285.0,283.6,2.8,2.8,2.7,2.7,32.430439,10950,615025
2026-08-24 14:30:00,ATM,PE,285.0,284.0,2.65,2.7,2.45,2.45,32.220753,10950,607725
2026-08-24 14:35:00,ATM,PE,285.0,283.8,2.5,2.55,2.4,2.5,31.156587,40150,596775
2026-08-24 14:40:00,ATM,PE,285.0,284.05,2.6,2.6,2.45,2.5,33.638853,18250,584000
2026-08-24 14:45:00,ATM,PE,285.0,283.95,2.5,2.55,2.5,2.55,33.578119,5475,578525
2026-08-24 14:50:00,ATM,PE,285.0,283.7,2.4,2.65,2.35,2.65,32.855786,27375,563925
2026-08-24 14:55:00,ATM,PE,285.0,283.35,2.65,2.8,2.65,2.8,31.81328,7300,558450
2026-08-24 15:00:00,ATM,PE,285.0,283.05,2.8,2.95,2.8,2.95,31.124302,31025,556625
2026-08-24 15:05:00,ATM,PE,285.0,283.6,3.05,3.05,2.95,3.0,38.005335,16425,552975
2026-08-24 15:10:00,ATM,PE,285.0,283.25,2.95,3.0,2.6,2.85,31.737259,45625,547500
2026-08-24 15:15:00,ATM,PE,285.0,283.25,2.85,2.85,2.55,2.55,26.378903,21900,556625
2026-08-24 15:20:00,ATM,PE,285.0,283.25,2.45,2.55,2.05,2.05,16.77217,67525,536550
2026-08-24 15:25:00,ATM,PE,285.0,284.25,2.2,2.5,2.05,2.5,36.015234,29200,529250
2026-08-24 15:30:00,ATM,PE,285.0,284.25,2.5,2.7,2.5,2.7,39.458813,1825,521950
2026-08-24 15:35:00,ATM,PE,285.0,284.25,2.5,2.85,2.5,2.85,42.064521,32850,518300
2026-08-25 09:15:00,ATM,PE,290.0,288.3,2.85,6.05,2.7,4.35,111.095949,16425,629625
2026-08-25 09:20:00,ATM,PE,290.0,288.4,3.3,4.35,3.15,3.5,85.521422,127750,584000
2026-08-25 09:25:00,ATM,PE,290.0,289.1,3.65,3.65,2.75,2.9,79.453041,111325,576700
2026-08-25 09:30:00,ATM,PE,285.0,286.95,0.8,1.4,0.8,1.1,64.092908,235425,479975
2026-08-25 09:35:00,ATM,PE,285.0,287.0,1.2,1.25,0.85,0.95,59.630939,76650,474500
2026-08-25 09:40:00,ATM,PE,285.0,286.35,0.9,0.95,0.85,0.95,51.951189,25550,465375
2026-08-25 09:45:00,ATM,PE,285.0,284.85,1.05,1.8,0.95,1.55,50.579961,122275,445300
2026-08-25 09:50:00,ATM,PE,285.0,284.8,1.45,1.65,1.45,1.65,53.494701,12775,441650
2026-08-25 09:55:00,ATM,PE,285.0,284.8,1.65,1.65,1.55,1.55,50.418331,32850,416100
2026-08-25 10:00:00,ATM,PE,285.0,284.1,1.8,2.0,1.55,2.0,52.987457,94900,414275
2026-08-25 10:05:00,ATM,PE,285.0,284.9,2.0,2.0,1.75,1.75,59.987442,21900,390550
2026-08-25 10:10:00,ATM,PE,285.0,285.25,1.75,1.9,1.55,1.6,61.18368,21900,374125
2026-08-25 10:15:00,ATM,PE,290.0,288.15,1.5,3.85,0.95,3.4,83.36493,58400,498225
2026-08-25 10:20:00,ATM,PE,290.0,289.05,3.4,3.6,2.2,2.2,59.874716,113150,481800
2026-08-25 10:25:00,ATM,PE,290.0,289.15,2.4,2.5,2.2,2.3,66.079924,25550,469025
2026-08-25 10:30:00,ATM,PE,290.0,288.55,2.5,2.5,2.3,2.5,60.703097,21900,467200
2026-08-25 10:35:00,ATM,PE,290.0,288.15,2.95,2.95,2.5,2.95,68.736676,3650,465375
2026-08-25 10:40:00,ATM,PE,290.0,288.35,2.25,2.95,2.2,2.2,44.347153,25550,456250
2026-08-25 10:45:00,ATM,PE,290.0,288.3,2.2,2.55,2.2,2.5,55.769526,5475,452600
2026-08-25 10:50:00,ATM,PE,285.0,286.8,2.5,2.5,0.6,1.4,82.42253,673425,458075
2026-08-25 10:55:00,ATM,PE,285.0,287.4,1.7,4.65,0.8,0.85,68.555627,326675,474500
2026-08-25 11:00:00,ATM,PE,290.0,287.7,3.7,3.7,3.15,3.2,69.651688,10950,408800
2026-08-25 11:05:00,ATM,PE,290.0,288.5,3.2,3.2,2.8,2.8,75.287239,18250,410625
2026-08-25 11:10:00,ATM,PE,290.0,290.0,2.8,2.8,1.75,1.95,75.348033,31025,397850
2026-08-25 11:15:00,ATM,PE,290.0,289.75,2.0,2.1,1.9,1.95,71.142763,74825,436175
2026-08-25 11:20:00,ATM,PE,290.0,290.0,1.95,1.95,1.8,1.8,70.913605,56575,456250
2026-08-25 11:25:00,ATM,PE,290.0,288.1,1.85,2.9,1.8,2.9,71.656587,67525,469025
2026-08-25 11:30:00,ATM,PE,290.0,288.8,2.9,3.0,2.75,2.75,84.400292,29200,467200
2026-08-25 11:35:00,ATM,PE,290.0,288.75,2.75,2.85,2.5,2.5,73.575922,3650,463550
2026-08-25 11:40:00,ATM,PE,285.0,287.3,2.5,3.2,0.9,0.9,75.749501,12775,540200
2026-08-25 11:45:00,ATM,PE,290.0,287.75,3.2,3.2,0.85,3.2,77.678467,0,465375
2026-08-25 11:50:00,ATM,PE,290.0,287.9,3.2,3.2,3.2,3.2,83.185523,0,465375
2026-08-25 11:55:00,ATM,PE,290.0,287.85,3.2,3.2,3.2,3.2,82.575682,0,465375
2026-08-25 12:00:00,ATM,PE,285.0,287.5,3.2,3.2,0.85,0.85,79.646181,1825,514650
2026-08-25 12:05:00,ATM,PE,290.0,288.15,3.2,3.2,3.0,3.0,84.338249,63875,456250
2026-08-25 12:10:00,ATM,PE,290.0,288.0,3.0,3.15,2.75,2.8,70.910595,47450,445300
2026-08-25 12:15:00,ATM,PE,290.0,288.35,3.05,3.05,2.8,2.8,82.974712,5475,463550
2026-08-25 12:20:00,ATM,PE,290.0,287.9,2.8,2.9,2.65,2.9,74.275648,9125,463550
2026-08-25 12:25:00,ATM,PE,285.0,286.8,0.6,0.9,0.5,0.9,76.067945,18250,489100
2026-08-25 12:30:00,ATM,PE,285.0,286.95,0.65,0.9,0.65,0.7,69.047192,10950,481800
2026-08-25 12:35:00,ATM,PE,285.0,286.85,0.7,0.7,0.35,0.5,57.281637,45625,465375
2026-08-25 12:40:00,ATM,PE,285.0,287.0,0.5,0.5,0.4,0.4,54.384588,5475,458075
2026-08-25 12:45:00,ATM,PE,285.0,287.2,0.4,0.4,0.4,0.4,58.126106,0,456250
2026-08-25 12:50:00,ATM,PE,285.0,287.5,0.4,0.5,0.4,0.5,69.905184,5475,454425
2026-08-25 12:55:00,ATM,PE,290.0,287.55,3.05,3.05,0.25,3.05,76.091576,0,459900
2026-08-25 13:00:00,ATM,PE,285.0,286.8,0.3,0.3,0.1,0.1,32.260301,94900,414275
2026-08-25 13:05:00,ATM,PE,285.0,286.8,0.1,0.25,0.1,0.25,45.229772,5475,416100
2026-08-25 13:10:00,ATM,PE,285.0,287.15,0.25,0.25,0.1,0.1,37.749809,14600,410625
2026-08-25 13:15:00,ATM,PE,285.0,287.05,0.1,0.55,0.1,0.55,71.628418,18250,401500
2026-08-25 13:20:00,ATM,PE,290.0,287.6,0.55,2.5,0.55,2.5,42.583299,3650,447125
2026-08-25 13:25:00,ATM,PE,285.0,287.4,0.3,0.3,0.3,0.3,61.998808,0,397850
2026-08-25 13:30:00,ATM,PE,290.0,287.9,0.15,2.4,0.15,2.0,0.0,12775,434350
2026-08-25 13:35:00,ATM,PE,290.0,288.1,2.3,2.3,1.9,1.9,21.037844,12775,428875
2026-08-25 13:40:00,ATM,PE,290.0,288.1,1.9,1.9,1.9,1.9,21.355955,0,428875
2026-08-25 13:45:00,ATM,PE,290.0,288.0,1.9,1.9,1.9,1.9,0.0,0,428875
2026-08-25 13:50:00,ATM,PE,290.0,287.6,1.9,1.95,1.9,1.95,0.0,5475,427050
2026-08-25 13:55:00,ATM,PE,285.0,287.5,0.05,1.95,0.05,0.2,62.534591,5475,308425
2026-08-25 14:00:00,ATM,PE,285.0,287.4,1.95,1.95,0.1,0.1,50.384768,3650,304775
2026-08-25 14:05:00,ATM,PE,285.0,287.35,0.1,2.65,0.1,0.1,50.988763,0,304775
2026-08-25 14:10:00,ATM,PE,290.0,287.6,0.1,2.65,0.1,2.3,0.0,1825,421575
2026-08-25 14:15:00,ATM,PE,285.0,287.45,0.1,2.35,0.1,0.3,79.969806,3650,302950
2026-08-25 14:20:00,ATM,PE,285.0,287.35,0.3,0.35,0.3,0.35,85.704168,7300,301125
2026-08-25 14:25:00,ATM,PE,290.0,287.9,0.35,2.6,0.35,2.1,27.859707,14600,405150
2026-08-25 14:30:00,ATM,PE,290.0,287.9,2.1,2.35,2.1,2.35,74.762081,1825,401500
2026-08-25 14:35:00,ATM,PE,290.0,287.85,2.25,2.35,2.2,2.3,66.031039,16425,399675
2026-08-25 14:40:00,ATM,PE,290.0,287.85,2.65,2.65,2.3,2.65,110.692229,3650,401500
2026-08-25 14:45:00,ATM,PE,290.0,287.85,2.4,2.65,2.25,2.25,63.930508,9125,396025
2026-08-25 14:50:00,ATM,PE,290.0,287.9,2.25,2.4,2.0,2.0,0.0,10950,385075
2026-08-25 14:55:00,ATM,PE,290.0,287.65,2.0,2.0,0.05,2.0,0.0,0,381425
2026-08-25 15:00:00,ATM,PE,290.0,287.55,0.05,2.25,0.05,2.25,0.0,12775,359525
2026-08-25 15:05:00,ATM,PE,290.0,287.55,0.05,2.25,0.05,2.25,0.0,0,359525
2026-08-25 15:10:00,ATM,PE,285.0,286.65,0.05,0.05,0.05,0.05,62.046684,1825,279225
2026-08-25 15:15:00,ATM,PE,285.0,286.65,0.05,0.05,0.05,0.05,69.362218,0,279225
2026-08-25 15:20:00,ATM,PE,285.0,286.65,0.05,0.05,0.05,0.05,80.082784,9125,279225
2026-08-25 15:25:00,ATM,PE,285.0,287.4,0.05,0.05,0.05,0.05,130.087344,0,279225
2026-08-25 15:30:00,ATM,PE,285.0,287.4,0.05,0.05,0.05,0.05,0.0,0,279225
2026-08-25 15:35:00,ATM,PE,285.0,287.4,0.05,0.05,0.05,0.05,0.0,1825,279225
2026-08-20 09:15:00,ATM+1,CE,280.0,275.2,3.4,3.4,2.6,3.4,39.969267,500050,3976675
2026-08-20 09:20:00,ATM+1,CE,280.0,274.4,3.25,3.4,2.8,2.8,37.485005,233600,3956600
2026-08-20 09:25:00,ATM+1,CE,285.0,277.75,3.1,4.05,2.4,2.4,37.949276,518300,2379800
2026-08-20 09:30:00,ATM+1,CE,285.0,279.3,2.7,3.15,2.4,3.1,39.523778,702625,2361550
2026-08-20 09:35:00,ATM+1,CE,285.0,282.3,3.45,5.3,2.4,4.9,44.066821,1823175,2618875
2026-08-20 09:40:00,ATM+1,CE,290.0,284.2,4.75,5.0,3.2,4.0,46.144007,2589675,4463950
2026-08-20 09:45:00,ATM+1,CE,285.0,281.2,4.05,5.35,3.55,4.35,43.555936,2182700,3739425
2026-08-20 09:50:00,ATM+1,CE,285.0,279.9,4.35,4.45,3.7,3.85,43.748936,1491025,3741250
2026-08-20 09:55:00,ATM+1,CE,285.0,280.7,3.85,4.15,3.5,4.15,43.635202,939875,4088000
2026-08-20 10:00:00,ATM+1,CE,285.0,280.3,4.0,4.4,4.0,4.05,44.117227,877825,4084350
2026-08-20 10:05:00,ATM+1,CE,285.0,279.5,3.85,4.05,3.4,3.65,43.417402,722700,4067925
2026-08-20 10:10:00,ATM+1,CE,285.0,280.45,3.65,4.2,3.6,3.95,42.914575,771975,4049675
2026-08-20 10:15:00,ATM+1,CE,285.0,281.2,3.9,4.2,3.7,4.15,42.124541,284700,4049675
2026-08-20 10:20:00,ATM+1,CE,285.0,281.0,4.15,4.25,3.9,3.95,41.240058,315725,4139100
2026-08-20 10:25:00,ATM+1,CE,285.0,281.15,4.0,4.4,3.9,4.05,41.548881,346750,4080700
2026-08-20 10:30:00,ATM+1,CE,285.0,280.7,4.15,4.25,3.9,3.95,42.203192,177025,4119025
2026-08-20 10:35:00,ATM+1,CE,285.0,281.15,3.9,4.05,3.9,4.05,41.578199,71175,4097125
2026-08-20 10:40:00,ATM+1,CE,285.0,281.0,4.05,4.1,4.0,4.0,41.681949,94900,4093475
2026-08-20 10:45:00,ATM+1,CE,285.0,280.85,4.1,4.1,4.0,4.0,42.166156,89425,4086175
2026-08-20 10:50:00,ATM+1,CE,285.0,281.0,3.95,4.0,3.85,4.0,41.711402,100375,4109900
2026-08-20 10:55:00,ATM+1,CE,285.0,280.25,3.9,4.0,3.55,3.6,40.935886,401500,4177425
2026-08-20 11:00:00,ATM+1,CE,285.0,280.15,3.6,3.6,3.5,3.6,41.251639,140525,4193850
2026-08-20 11:05:00,ATM+1,CE,285.0,280.2,3.6,3.7,3.5,3.6,41.115641,104025,4181075
2026-08-20 11:10:00,ATM+1,CE,285.0,280.2,3.6,3.7,3.5,3.5,40.345842,193450,4162825
2026-08-20 11:15:00,ATM+1,CE,285.0,280.45,3.5,3.6,3.45,3.5,39.606801,239075,4248600
2026-08-20 11:20:00,ATM+1,CE,285.0,280.45,3.6,3.6,3.45,3.6,40.402259,180675,4259550
2026-08-20 11:25:00,ATM+1,CE,285.0,280.7,3.6,3.6,3.5,3.55,39.264429,98550,4263200
2026-08-20 11:30:00,ATM+1,CE,285.0,280.75,3.6,3.6,3.5,3.5,38.736238,146000,4208450
2026-08-20 11:35:00,ATM+1,CE,285.0,280.3,3.5,3.55,3.15,3.25,38.148705,257325,4071575
2026-08-20 11:40:00,ATM+1,CE,285.0,279.3,3.35,3.35,3.15,3.15,40.291077,107675,4035075
2026-08-20 11:45:00,ATM+1,CE,285.0,279.2,3.1,3.15,2.85,2.9,38.561035,514650,3954775
2026-08-20 11:50:00,ATM+1,CE,285.0,279.5,2.95,3.1,2.9,3.1,39.339484,47450,3978500
2026-08-20 11:55:00,ATM+1,CE,285.0,279.45,3.1,3.1,2.95,3.0,38.689424,100375,3954775
2026-08-20 12:00:00,ATM+1,CE,285.0,279.2,2.9,3.0,2.8,2.8,37.783557,85775,3982150
2026-08-20 12:05:00,ATM+1,CE,285.0,278.8,2.85,2.9,2.7,2.75,38.502392,383250,4049675
2026-08-20 12:10:00,ATM+1,CE,285.0,279.6,2.9,3.1,2.75,3.1,39.106027,312075,3974850
2026-08-20 12:15:00,ATM+1,CE,285.0,280.0,3.1,3.3,3.1,3.2,38.75119,151475,4060625
2026-08-20 12:20:00,ATM+1,CE,285.0,280.35,3.2,3.35,3.2,3.35,38.91211,76650,4047850
2026-08-20 12:25:00,ATM+1,CE,285.0,280.45,3.3,3.4,3.3,3.4,39.018575,67525,4018650
2026-08-20 12:30:00,ATM+1,CE,285.0,280.3,3.35,3.4,3.3,3.35,39.090317,32850,4022300
2026-08-20 12:35:00,ATM+1,CE,285.0,280.7,3.55,3.55,3.3,3.5,39.070175,235425,3949300
2026-08-20 12:40:00,ATM+1,CE,285.0,280.7,3.5,3.5,3.4,3.4,38.300606,76650,3985800
2026-08-20 12:45:00,ATM+1,CE,285.0,281.2,3.5,3.6,3.4,3.6,38.327111,421575,3887250
2026-08-20 12:50:00,ATM+1,CE,285.0,281.4,3.55,3.7,3.55,3.6,37.711603,253675,3675550
2026-08-20 12:55:00,ATM+1,CE,285.0,281.8,3.5,3.95,3.2,3.85,38.369574,321200,3542325
2026-08-20 13:00:00,ATM+1,CE,285.0,281.2,3.55,3.85,3.4,3.5,37.592079,180675,3560575
2026-08-20 13:05:00,ATM+1,CE,285.0,281.2,3.45,3.5,3.35,3.45,37.216837,87600,3564225
2026-08-20 13:10:00,ATM+1,CE,285.0,281.2,3.45,3.45,3.35,3.35,36.451453,20075,3562400
2026-08-20 13:15:00,ATM+1,CE,285.0,281.5,3.5,3.8,3.35,3.55,37.07637,335800,3538675
2026-08-20 13:20:00,ATM+1,CE,285.0,281.45,3.55,3.55,3.4,3.5,36.860881,173375,3578825
2026-08-20 13:25:00,ATM+1,CE,285.0,281.6,3.55,3.6,3.5,3.55,36.785595,113150,3577000
2026-08-20 13:30:00,ATM+1,CE,285.0,282.15,3.55,3.75,3.55,3.75,36.558809,135050,3562400
2026-08-20 13:35:00,ATM+1,CE,285.0,282.0,3.85,3.9,3.7,3.75,37.062819,135050,3538675
2026-08-20 13:40:00,ATM+1,CE,285.0,281.9,3.75,3.85,3.75,3.75,37.401877,63875,3540500
2026-08-20 13:45:00,ATM+1,CE,285.0,281.3,3.7,3.75,3.45,3.5,37.401006,125925,3489400
2026-08-20 13:50:00,ATM+1,CE,285.0,281.25,3.5,3.6,3.5,3.5,37.571772,23725,3493050
2026-08-20 13:55:00,ATM+1,CE,285.0,281.4,3.5,3.6,3.45,3.6,37.889821,80300,3513125
2026-08-20 14:00:00,ATM+1,CE,285.0,281.4,3.7,3.7,3.6,3.6,37.903625,45625,3511300
2026-08-20 14:05:00,ATM+1,CE,285.0,281.55,3.65,3.75,3.6,3.7,38.214503,105850,3425525
2026-08-20 14:10:00,ATM+1,CE,285.0,281.05,3.7,3.7,3.3,3.35,37.077345,127750,3434650
2026-08-20 14:15:00,ATM+1,CE,285.0,280.45,3.4,3.45,3.1,3.15,37.341425,71175,3463850
2026-08-20 14:20:00,ATM+1,CE,285.0,280.6,3.2,3.25,3.1,3.2,37.299956,32850,3452900
2026-08-20 14:25:00,ATM+1,CE,285.0,281.0,3.1,3.25,3.0,3.25,36.485907,116800,3434650
2026-08-20 14:30:00,ATM+1,CE,285.0,280.8,3.3,3.3,3.25,3.3,37.509377,54750,3440125
2026-08-20 14:35:00,ATM+1,CE,285.0,280.9,3.3,3.35,3.2,3.35,37.609802,96725,3425525
2026-08-20 14:40:00,ATM+1,CE,285.0,280.85,3.35,3.35,3.35,3.35,37.77795,5475,3431000
2026-08-20 14:45:00,ATM+1,CE,285.0,280.85,3.25,3.35,3.25,3.3,37.396739,49275,3420050
2026-08-20 14:50:00,ATM+1,CE,285.0,280.3,3.3,3.3,3.0,3.0,36.68313,93075,3414575
2026-08-20 14:55:00,ATM+1,CE,285.0,280.55,2.95,3.2,2.95,3.15,37.14852,62050,3418225
2026-08-20 15:00:00,ATM+1,CE,285.0,280.2,3.0,3.15,2.6,2.65,34.166845,310250,3358000
2026-08-20 15:05:00,ATM+1,CE,285.0,280.0,2.75,2.8,2.6,2.65,34.758807,138700,3341575
2026-08-20 15:10:00,ATM+1,CE,285.0,279.65,2.7,2.75,2.65,2.75,36.602985,182500,3316025
2026-08-20 15:15:00,ATM+1,CE,285.0,279.65,2.7,2.85,2.7,2.75,36.616407,91250,3303250
2026-08-20 15:20:00,ATM+1,CE,285.0,279.65,2.6,2.75,2.4,2.4,33.721849,125925,3259450
2026-08-20 15:25:00,ATM+1,CE,285.0,279.0,2.45,2.55,2.4,2.45,35.968157,83950,3261275
2026-08-20 15:30:00,ATM+1,CE,285.0,279.0,2.35,2.45,2.3,2.4,35.55594,122275,3255800
2026-08-20 15:35:00,ATM+1,CE,285.0,279.0,2.4,2.55,2.4,2.55,36.842361,102200,3239375
2026-08-21 09:15:00,ATM+1,CE,285.0,280.05,2.9,2.9,2.5,2.5,36.3991,224475,3162725
2026-08-21 09:20:00,ATM+1,CE,285.0,280.75,2.4,2.9,2.3,2.85,37.282532,677075,3372600
2026-08-21 09:25:00,ATM+1,CE,285.0,279.6,2.8,2.85,2.5,2.5,37.816427,317550,3535025
2026-08-21 09:30:00,ATM+1,CE,285.0,279.3,2.1,2.5,2.0,2.15,35.519067,456250,3553275
2026-08-21 09:35:00,ATM+1,CE,285.0,279.3,2.2,2.25,2.05,2.05,34.599162,96725,3542325
2026-08-21 09:40:00,ATM+1,CE,285.0,279.3,2.25,2.25,2.0,2.1,35.082639,271925,3407275
2026-08-21 09:45:00,ATM+1,CE,285.0,279.3,2.05,2.1,2.05,2.1,35.097748,41975,3401800
2026-08-21 09:50:00,ATM+1,CE,285.0,279.75,2.0,2.15,2.0,2.15,34.241921,209875,3321500
2026-08-21 09:55:00,ATM+1,CE,285.0,278.8,2.15,2.15,1.8,1.9,34.67425,164250,3310550
2026-08-21 10:00:00,ATM+1,CE,285.0,278.15,1.8,1.9,1.55,1.55,33.016074,193450,3281350
2026-08-21 10:05:00,ATM+1,CE,285.0,278.0,1.5,1.6,1.5,1.5,32.917437,217175,3195575
2026-08-21 10:10:00,ATM+1,CE,285.0,278.0,1.5,1.5,1.45,1.5,32.931644,270100,3210175
2026-08-21 10:15:00,ATM+1,CE,285.0,277.6,1.45,2.85,1.35,1.4,32.949648,209875,3188275
2026-08-21 10:20:00,ATM+1,CE,285.0,277.65,2.65,2.8,1.4,1.4,32.833366,149650,3197400
2026-08-21 10:25:00,ATM+1,CE,285.0,277.7,1.45,1.5,1.4,1.45,33.246706,74825,3206525
2026-08-21 10:30:00,ATM+1,CE,285.0,277.7,1.4,1.55,1.35,1.4,32.731012,151475,3208350
2026-08-21 10:35:00,ATM+1,CE,280.0,277.3,1.4,2.7,1.35,2.6,30.73769,23725,3487575
2026-08-21 10:40:00,ATM+1,CE,280.0,277.15,2.55,2.65,2.55,2.6,31.275234,268275,3657300
2026-08-21 10:45:00,ATM+1,CE,280.0,277.2,2.6,2.6,2.5,2.6,31.114771,40150,3642700
2026-08-21 10:50:00,ATM+1,CE,280.0,276.95,2.5,2.6,2.3,2.4,30.241954,67525,3655475
2026-08-21 10:55:00,ATM+1,CE,280.0,277.3,2.3,2.5,2.3,2.5,29.922973,113150,3640875
2026-08-21 11:00:00,ATM+1,CE,280.0,276.9,1.35,2.7,1.3,2.5,31.318886,63875,3631750
2026-08-21 11:05:00,ATM+1,CE,280.0,276.65,2.45,2.5,2.25,2.4,31.297925,102200,3602550
2026-08-21 11:10:00,ATM+1,CE,280.0,276.7,2.4,2.45,2.3,2.3,30.255805,34675,3597075
2026-08-21 11:15:00,ATM+1,CE,280.0,276.75,2.4,2.4,2.25,2.4,30.988391,78475,3582475
2026-08-21 11:20:00,ATM+1,CE,280.0,277.25,2.4,2.75,2.4,2.6,31.036265,71175,3566050
2026-08-21 11:25:00,ATM+1,CE,280.0,277.05,2.65,2.65,2.5,2.55,31.31057,49275,3556925
2026-08-21 11:30:00,ATM+1,CE,280.0,277.4,2.6,2.7,2.55,2.7,31.403326,80300,3562400
2026-08-21 11:35:00,ATM+1,CE,280.0,277.45,2.65,2.9,2.65,2.75,31.672402,91250,3535025
2026-08-21 11:40:00,ATM+1,CE,285.0,279.2,1.7,2.05,1.45,2.05,35.272125,233600,3107975
2026-08-21 11:45:00,ATM+1,CE,285.0,280.1,2.05,2.5,2.05,2.35,35.356224,251850,3157250
2026-08-21 11:50:00,ATM+1,CE,285.0,280.3,2.3,2.35,2.2,2.25,33.83828,156950,3164550
2026-08-21 11:55:00,ATM+1,CE,285.0,280.35,2.3,2.4,2.25,2.35,34.606606,184325,3226600
2026-08-21 12:00:00,ATM+1,CE,285.0,281.3,2.25,2.7,2.2,2.7,34.666871,229950,3213825
2026-08-21 12:05:00,ATM+1,CE,285.0,282.2,2.7,3.25,2.65,3.25,36.324469,584000,3049575
2026-08-21 12:10:00,ATM+1,CE,285.0,282.15,3.0,3.25,2.75,2.8,32.670593,354050,2994825
2026-08-21 12:15:00,ATM+1,CE,285.0,281.8,2.85,2.85,2.6,2.65,32.594657,175200,2909050
2026-08-21 12:20:00,ATM+1,CE,290.0,284.05,2.65,2.65,1.3,2.0,34.726749,963600,4080700
2026-08-21 12:25:00,ATM+1,CE,290.0,285.2,2.0,2.3,2.0,2.3,34.091651,744600,4075225
2026-08-21 12:30:00,ATM+1,CE,290.0,283.3,2.25,2.3,1.8,1.8,34.945139,852275,4024125
2026-08-21 12:35:00,ATM+1,CE,290.0,283.55,1.75,2.0,1.6,2.0,36.203243,313900,3987625
2026-08-21 12:40:00,ATM+1,CE,290.0,283.7,1.9,2.15,1.9,2.0,35.791963,186150,3976675
2026-08-21 12:45:00,ATM+1,CE,290.0,283.8,1.95,2.05,1.85,2.05,35.997905,91250,3985800
2026-08-21 12:50:00,ATM+1,CE,290.0,284.4,2.0,2.2,1.85,2.15,35.204019,153300,4036900
2026-08-21 12:55:00,ATM+1,CE,290.0,283.9,2.15,2.15,2.0,2.0,35.26645,224475,4049675
2026-08-21 13:00:00,ATM+1,CE,290.0,283.15,2.0,2.0,1.75,1.8,35.453137,239075,4102600
2026-08-21 13:05:00,ATM+1,CE,290.0,282.75,1.85,1.85,1.6,1.6,34.538668,202575,4086175
2026-08-21 13:10:00,ATM+1,CE,290.0,283.15,1.6,1.75,1.6,1.75,34.987231,73000,4049675
2026-08-21 13:15:00,ATM+1,CE,290.0,282.7,1.75,1.75,1.6,1.6,34.703127,100375,4044200
2026-08-21 13:20:00,ATM+1,CE,290.0,282.55,1.6,3.2,1.5,1.55,34.599744,87600,4035075
2026-08-21 13:25:00,ATM+1,CE,290.0,282.6,1.55,1.6,1.55,1.6,35.001336,45625,4038725
2026-08-21 13:30:00,ATM+1,CE,290.0,282.8,1.55,1.65,1.55,1.55,33.965614,60225,3907325
2026-08-21 13:35:00,ATM+1,CE,290.0,282.85,1.55,1.6,1.55,1.6,34.362401,109500,3929225
2026-08-21 13:40:00,ATM+1,CE,290.0,282.85,1.6,1.65,1.55,1.6,34.37773,10950,3925575
2026-08-21 13:45:00,ATM+1,CE,290.0,283.0,1.6,1.65,1.6,1.65,34.498658,21900,3925575
2026-08-21 13:50:00,ATM+1,CE,290.0,283.3,1.6,1.75,1.55,1.75,34.697578,114975,3883600
2026-08-21 13:55:00,ATM+1,CE,290.0,283.3,1.7,1.75,1.65,1.7,34.213431,51100,3885425
2026-08-21 14:00:00,ATM+1,CE,290.0,282.85,1.7,1.7,1.55,1.55,33.922976,100375,3872650
2026-08-21 14:05:00,ATM+1,CE,290.0,282.95,1.6,1.65,1.55,1.65,34.696401,38325,3852575
2026-08-21 14:10:00,ATM+1,CE,290.0,283.0,1.65,1.65,1.55,1.6,34.064984,21900,3854400
2026-08-21 14:15:00,ATM+1,CE,290.0,283.0,1.55,1.6,1.55,1.55,33.565834,32850,3858050
2026-08-21 14:20:00,ATM+1,CE,290.0,282.8,1.55,1.55,1.5,1.5,33.59635,36500,3887250
2026-08-21 14:25:00,ATM+1,CE,290.0,282.95,1.5,1.6,1.5,1.55,33.730564,43800,3874475
2026-08-21 14:30:00,ATM+1,CE,290.0,282.7,1.5,1.55,1.45,1.45,33.365125,47450,3856225
2026-08-21 14:35:00,ATM+1,CE,290.0,282.8,1.45,1.55,1.45,1.45,33.115744,147825,3817900
2026-08-21 14:40:00,ATM+1,CE,290.0,282.75,1.4,1.45,1.4,1.4,32.731893,47450,3803300
2026-08-21 14:45:00,ATM+1,CE,290.0,283.0,1.4,1.55,1.4,1.5,33.137402,65700,3790525
2026-08-21 14:50:00,ATM+1,CE,290.0,282.9,1.45,1.5,1.4,1.45,32.89523,111325,3754025
2026-08-21 14:55:00,ATM+1,CE,290.0,282.8,1.45,1.45,1.35,1.35,32.109479,54750,3777750
2026-08-21 15:00:00,ATM+1,CE,290.0,283.35,1.35,1.4,1.3,1.35,30.675618,220825,3805125
2026-08-21 15:05:00,ATM+1,CE,290.0,282.8,1.4,1.4,1.2,1.2,30.502829,105850,3792350
2026-08-21 15:10:00,ATM+1,CE,285.0,281.8,1.25,2.6,1.2,2.35,30.463368,105850,2297675
2026-08-21 15:15:00,ATM+1,CE,285.0,281.8,2.3,2.35,2.2,2.35,30.477433,162425,2171750
2026-08-21 15:20:00,ATM+1,CE,285.0,281.8,2.45,2.45,2.35,2.4,30.935404,20075,2160800
2026-08-21 15:25:00,ATM+1,CE,285.0,282.5,2.4,2.5,2.3,2.35,28.092552,62050,2157150
2026-08-21 15:30:00,ATM+1,CE,285.0,282.5,2.35,2.9,2.35,2.8,32.020186,82125,2146200
2026-08-21 15:35:00,ATM+1,CE,285.0,282.5,2.65,2.95,2.5,2.95,33.334332,76650,2148025
2026-08-24 09:15:00,ATM+1,CE,285.0,282.4,1.2,2.4,0.8,1.9,44.835314,189800,2075025
2026-08-24 09:20:00,ATM+1,CE,290.0,282.65,1.95,1.95,0.75,0.9,49.888707,125925,3816075
2026-08-24 09:25:00,ATM+1,CE,285.0,281.75,0.85,2.35,0.85,1.85,47.952979,142350,2091450
2026-08-24 09:30:00,ATM+1,CE,285.0,281.8,1.8,2.05,1.8,1.85,47.733616,83950,2091450
2026-08-24 09:35:00,ATM+1,CE,290.0,282.9,1.85,2.2,0.7,0.9,49.021448,125925,3710225
2026-08-24 09:40:00,ATM+1,CE,290.0,282.8,1.0,1.05,0.9,1.0,51.653568,339450,3677375
2026-08-24 09:45:00,ATM+1,CE,290.0,284.0,1.0,1.4,0.95,1.4,54.023654,436175,3626275
2026-08-24 09:50:00,ATM+1,CE,290.0,283.7,1.4,1.4,1.25,1.25,52.707192,118625,3629925
2026-08-24 09:55:00,ATM+1,CE,290.0,283.55,1.2,1.25,1.05,1.05,49.540017,96725,3626275
2026-08-24 10:00:00,ATM+1,CE,290.0,283.3,1.1,1.2,1.05,1.05,50.746503,40150,3626275
2026-08-24 10:05:00,ATM+1,CE,290.0,283.6,1.0,1.05,1.0,1.05,49.453881,122275,3620800
2026-08-24 10:10:00,ATM+1,CE,290.0,283.3,1.05,1.1,0.9,0.9,47.758348,49275,3589775
2026-08-24 10:15:00,ATM+1,CE,290.0,283.55,0.9,0.95,0.8,0.95,47.769586,73000,3577000
2026-08-24 10:20:00,ATM+1,CE,290.0,283.0,0.95,0.95,0.8,0.8,47.012365,38325,3571525
2026-08-24 10:25:00,ATM+1,CE,290.0,283.1,0.8,0.85,0.8,0.85,47.75926,29200,3562400
2026-08-24 10:30:00,ATM+1,CE,290.0,282.55,0.85,0.85,0.8,0.85,50.214109,16425,3549625
2026-08-24 10:35:00,ATM+1,CE,290.0,282.65,1.85,1.9,0.65,0.75,47.564144,47450,3544150
2026-08-24 10:40:00,ATM+1,CE,290.0,284.0,0.75,0.85,0.75,0.8,42.917872,43800,3533200
2026-08-24 10:45:00,ATM+1,CE,290.0,284.05,0.9,0.95,0.8,0.9,44.876075,58400,3520425
2026-08-24 10:50:00,ATM+1,CE,290.0,284.1,0.9,0.9,0.85,0.9,44.714775,21900,3520425
2026-08-24 10:55:00,ATM+1,CE,290.0,284.05,0.9,0.9,0.85,0.9,45.008771,20075,3513125
2026-08-24 11:00:00,ATM+1,CE,290.0,282.95,0.9,0.9,0.65,0.65,44.260542,74825,3511300
2026-08-24 11:05:00,ATM+1,CE,290.0,282.7,0.6,0.7,0.6,0.6,44.119138,73000,3507650
2026-08-24 11:10:00,ATM+1,CE,285.0,282.4,0.6,1.7,0.55,1.65,42.23456,69350,2164450
2026-08-24 11:15:00,ATM+1,CE,285.0,282.25,0.6,1.65,0.6,1.6,42.357701,60225,2206425
2026-08-24 11:20:00,ATM+1,CE,285.0,282.05,1.6,1.6,1.5,1.5,41.903116,63875,2215550
2026-08-24 11:25:00,ATM+1,CE,285.0,281.95,1.55,1.55,1.35,1.35,39.960618,62050,2219200
2026-08-24 11:30:00,ATM+1,CE,285.0,282.05,1.5,1.6,1.35,1.5,42.030345,120450,2210075
2026-08-24 11:35:00,ATM+1,CE,285.0,281.45,1.3,1.5,1.2,1.25,41.09843,160600,2213725
2026-08-24 11:40:00,ATM+1,CE,285.0,281.35,1.2,1.3,1.2,1.2,40.799256,65700,2206425
2026-08-24 11:45:00,ATM+1,CE,285.0,281.45,1.3,1.3,1.2,1.3,42.123145,60225,2208250
2026-08-24 11:50:00,ATM+1,CE,285.0,281.8,1.35,1.6,1.3,1.55,44.606574,60225,2193650
2026-08-24 11:55:00,ATM+1,CE,285.0,281.5,1.55,1.55,1.55,1.55,46.405927,12775,2202775
2026-08-24 12:00:00,ATM+1,CE,285.0,281.7,1.55,1.6,1.55,1.55,45.324823,14600,2199125
2026-08-24 12:05:00,ATM+1,CE,285.0,281.85,1.55,1.65,1.55,1.6,45.387084,21900,2197300
2026-08-24 12:10:00,ATM+1,CE,285.0,281.3,1.7,1.7,1.55,1.65,49.53339,29200,2195475
2026-08-24 12:15:00,ATM+1,CE,290.0,282.65,1.45,1.65,0.55,0.75,49.01586,120450,3427350
2026-08-24 12:20:00,ATM+1,CE,290.0,282.65,1.95,2.05,0.75,0.8,50.285283,78475,3427350
2026-08-24 12:25:00,ATM+1,CE,290.0,282.55,0.85,0.95,0.8,0.9,53.139286,127750,3392675
2026-08-24 12:30:00,ATM+1,CE,290.0,283.2,0.9,1.0,0.85,1.0,52.468374,62050,3381725
2026-08-24 12:35:00,ATM+1,CE,290.0,283.35,1.05,1.1,1.0,1.05,52.920586,122275,3403625
2026-08-24 12:40:00,ATM+1,CE,290.0,283.6,1.05,1.05,1.0,1.05,51.812052,76650,3394500
2026-08-24 12:45:00,ATM+1,CE,290.0,283.25,1.05,1.05,0.85,0.85,49.143619,94900,3334275
2026-08-24 12:50:00,ATM+1,CE,290.0,283.1,0.85,0.9,0.85,0.9,51.04358,5475,3337925
2026-08-24 12:55:00,ATM+1,CE,290.0,282.9,0.9,0.9,0.8,0.8,49.72273,51100,3326975
2026-08-24 13:00:00,ATM+1,CE,290.0,282.7,0.75,0.8,0.75,0.75,49.492315,10950,3325150
2026-08-24 13:05:00,ATM+1,CE,290.0,282.7,0.7,1.9,0.7,0.7,48.338017,51100,3319675
2026-08-24 13:10:00,ATM+1,CE,290.0,283.15,0.7,0.8,0.7,0.8,48.831651,63875,3323325
2026-08-24 13:15:00,ATM+1,CE,290.0,283.25,0.8,0.85,0.8,0.8,48.455762,27375,3325150
2026-08-24 13:20:00,ATM+1,CE,290.0,283.55,0.9,0.9,0.8,0.9,49.434226,7300,3325150
2026-08-24 13:25:00,ATM+1,CE,290.0,283.75,0.9,1.0,0.9,0.9,48.571393,43800,3328800
2026-08-24 13:30:00,ATM+1,CE,290.0,283.3,0.9,0.9,0.8,0.8,48.462391,34675,3341575
2026-08-24 13:35:00,ATM+1,CE,290.0,283.65,0.85,0.9,0.8,0.9,49.202822,9125,3334275
2026-08-24 13:40:00,ATM+1,CE,290.0,283.7,0.9,0.9,0.9,0.9,49.04615,29200,3334275
2026-08-24 13:45:00,ATM+1,CE,290.0,283.65,0.9,0.9,0.85,0.85,48.233217,14600,3336100
2026-08-24 13:50:00,ATM+1,CE,290.0,283.75,0.8,0.85,0.8,0.8,46.696081,20075,3339750
2026-08-24 13:55:00,ATM+1,CE,290.0,283.9,0.8,0.85,0.8,0.85,47.211426,14600,3347050
2026-08-24 14:00:00,ATM+1,CE,290.0,283.7,0.8,0.85,0.75,0.8,47.083915,49275,3348875
2026-08-24 14:05:00,ATM+1,CE,290.0,283.6,0.8,0.8,0.7,0.7,45.243664,23725,3348875
2026-08-24 14:10:00,ATM+1,CE,290.0,283.5,0.7,0.75,0.65,0.65,44.534252,76650,3330625
2026-08-24 14:15:00,ATM+1,CE,290.0,283.5,0.65,0.75,0.65,0.7,45.850122,49275,3308725
2026-08-24 14:20:00,ATM+1,CE,290.0,283.4,0.7,0.7,0.65,0.65,45.13217,56575,3292300
2026-08-24 14:25:00,ATM+1,CE,290.0,283.6,0.7,0.75,0.65,0.75,46.759597,16425,3292300
2026-08-24 14:30:00,ATM+1,CE,290.0,284.0,0.75,0.8,0.75,0.8,46.139007,25550,3279525
2026-08-24 14:35:00,ATM+1,CE,290.0,283.8,0.8,0.85,0.8,0.8,47.166189,21900,3275875
2026-08-24 14:40:00,ATM+1,CE,290.0,284.05,0.8,0.8,0.75,0.75,44.888632,41975,3259450
2026-08-24 14:45:00,ATM+1,CE,290.0,283.95,0.75,0.8,0.75,0.75,45.436731,91250,3257625
2026-08-24 14:50:00,ATM+1,CE,290.0,283.7,0.85,0.85,0.75,0.75,46.689809,34675,3259450
2026-08-24 14:55:00,ATM+1,CE,290.0,283.35,0.75,0.75,0.7,0.75,48.405434,52925,3255800
2026-08-24 15:00:00,ATM+1,CE,290.0,283.05,0.65,0.75,0.65,0.75,49.881943,229950,3190100
2026-08-24 15:05:00,ATM+1,CE,290.0,283.6,0.7,0.95,0.7,0.95,52.099649,186150,3102500
2026-08-24 15:10:00,ATM+1,CE,290.0,283.25,0.9,1.45,0.9,1.25,60.596986,775625,2890800
2026-08-24 15:15:00,ATM+1,CE,290.0,283.25,1.35,1.35,1.2,1.3,61.778388,169725,2794075
2026-08-24 15:20:00,ATM+1,CE,290.0,283.25,1.3,1.45,1.25,1.25,60.807585,259150,2710125
2026-08-24 15:25:00,ATM+1,CE,290.0,284.25,1.2,1.3,1.05,1.05,51.416603,62050,2682750
2026-08-24 15:30:00,ATM+1,CE,290.0,284.25,1.05,1.05,0.95,1.05,51.506847,38325,2684575
2026-08-24 15:35:00,ATM+1,CE,290.0,284.25,1.05,1.15,0.95,1.15,53.754201,71175,2669975
2026-08-25 09:15:00,ATM+1,CE,295.0,288.3,0.8,0.8,0.45,0.65,89.975546,262800,1414375
2026-08-25 09:20:00,ATM+1,CE,295.0,288.4,0.9,1.1,0.65,1.05,108.259544,366825,1387000
2026-08-25 09:25:00,ATM+1,CE,295.0,289.1,1.05,1.3,1.0,1.1,104.226565,297475,1372400
2026-08-25 09:30:00,ATM+1,CE,290.0,286.95,2.45,2.5,1.05,1.25,81.632818,1038425,2586025
2026-08-25 09:35:00,ATM+1,CE,290.0,287.0,1.1,1.25,0.8,1.1,75.961198,547500,2447325
2026-08-25 09:40:00,ATM+1,CE,290.0,286.35,1.15,1.3,1.05,1.05,81.972046,350400,2469225
2026-08-25 09:45:00,ATM+1,CE,290.0,284.85,0.8,1.05,0.45,0.45,70.424113,503700,2533100
2026-08-25 09:50:00,ATM+1,CE,290.0,284.8,0.55,0.55,0.45,0.5,74.108362,76650,2507550
2026-08-25 09:55:00,ATM+1,CE,290.0,284.8,0.55,0.7,0.5,0.55,77.304074,80300,2507550
2026-08-25 10:00:00,ATM+1,CE,290.0,284.1,0.7,0.7,0.5,0.5,81.733272,71175,2514850
2026-08-25 10:05:00,ATM+1,CE,290.0,284.9,0.55,0.65,0.5,0.65,82.638101,93075,2454625
2026-08-25 10:10:00,ATM+1,CE,290.0,285.25,0.65,0.75,0.65,0.7,82.175128,73000,2476525
2026-08-25 10:15:00,ATM+1,CE,295.0,288.15,0.7,1.35,0.4,0.55,93.861746,405150,1288450
2026-08-25 10:20:00,ATM+1,CE,295.0,289.05,0.5,0.7,0.45,0.6,88.900359,248200,1292100
2026-08-25 10:25:00,ATM+1,CE,295.0,289.15,0.5,0.6,0.5,0.55,85.887323,191625,1357800
2026-08-25 10:30:00,ATM+1,CE,295.0,288.55,0.55,0.6,0.5,0.5,89.392511,105850,1385175
2026-08-25 10:35:00,ATM+1,CE,295.0,288.15,0.5,0.5,0.4,0.45,90.732325,40150,1377875
2026-08-25 10:40:00,ATM+1,CE,295.0,288.35,0.45,0.55,0.3,0.3,79.244721,166075,1381525
2026-08-25 10:45:00,ATM+1,CE,295.0,288.3,0.3,0.45,0.3,0.45,90.885307,18250,1365100
2026-08-25 10:50:00,ATM+1,CE,290.0,286.8,0.4,1.4,0.35,1.0,83.668523,169725,2197300
2026-08-25 10:55:00,ATM+1,CE,290.0,287.4,1.05,1.25,0.3,1.2,85.064649,153300,2199125
2026-08-25 11:00:00,ATM+1,CE,295.0,287.7,0.35,0.5,0.35,0.5,102.463719,45625,1352325
2026-08-25 11:05:00,ATM+1,CE,295.0,288.5,0.5,0.5,0.45,0.45,92.254922,9125,1348675
2026-08-25 11:10:00,ATM+1,CE,295.0,290.0,0.4,1.0,0.4,1.0,107.583677,211700,1379700
2026-08-25 11:15:00,ATM+1,CE,295.0,289.75,0.75,1.0,0.75,0.95,109.103701,352225,1456350
2026-08-25 11:20:00,ATM+1,CE,295.0,290.0,0.9,1.0,0.9,0.9,104.628123,125925,1458175
2026-08-25 11:25:00,ATM+1,CE,295.0,288.1,0.9,0.9,0.5,0.5,103.400421,100375,1472775
2026-08-25 11:30:00,ATM+1,CE,295.0,288.8,0.5,0.6,0.45,0.6,103.573091,31025,1478250
2026-08-25 11:35:00,ATM+1,CE,295.0,288.75,0.6,0.7,0.6,0.6,105.198551,25550,1478250
2026-08-25 11:40:00,ATM+1,CE,290.0,287.3,0.55,1.45,0.45,1.3,98.93448,36500,2042175
2026-08-25 11:45:00,ATM+1,CE,295.0,287.75,0.45,1.4,0.45,0.45,107.841283,27375,1470950
2026-08-25 11:50:00,ATM+1,CE,295.0,287.9,0.4,0.45,0.4,0.45,107.455885,23725,1461825
2026-08-25 11:55:00,ATM+1,CE,295.0,287.85,0.45,0.45,0.4,0.4,105.284624,18250,1467300
2026-08-25 12:00:00,ATM+1,CE,290.0,287.5,0.4,1.5,0.4,1.5,109.607598,87600,1978300
2026-08-25 12:05:00,ATM+1,CE,295.0,288.15,0.4,0.45,0.4,0.45,108.499572,29200,1465475
2026-08-25 12:10:00,ATM+1,CE,295.0,288.0,0.45,0.5,0.45,0.45,111.48118,60225,1474600
2026-08-25 12:15:00,ATM+1,CE,295.0,288.35,0.5,0.5,0.4,0.4,104.934607,54750,1472775
2026-08-25 12:20:00,ATM+1,CE,295.0,287.9,0.4,0.4,0.15,0.15,85.74293,82125,1461825
2026-08-25 12:25:00,ATM+1,CE,290.0,286.8,1.4,1.4,1.05,1.05,105.22608,363175,1651625
2026-08-25 12:30:00,ATM+1,CE,290.0,286.95,1.0,1.05,0.75,0.75,87.747189,151475,1600525
2026-08-25 12:35:00,ATM+1,CE,290.0,286.85,0.8,0.85,0.65,0.65,84.589437,20075,1595050
2026-08-25 12:40:00,ATM+1,CE,290.0,287.0,0.7,0.75,0.65,0.7,86.523116,29200,1585925
2026-08-25 12:45:00,ATM+1,CE,290.0,287.2,0.7,0.85,0.7,0.85,93.373366,3650,1584100
2026-08-25 12:50:00,ATM+1,CE,290.0,287.5,1.0,1.0,0.85,0.9,92.607816,9125,1578625
2026-08-25 12:55:00,ATM+1,CE,295.0,287.55,0.05,0.9,0.05,0.05,78.993503,21900,1368750
2026-08-25 13:00:00,ATM+1,CE,290.0,286.8,0.6,1.05,0.2,0.35,71.135588,317550,1425325
2026-08-25 13:05:00,ATM+1,CE,290.0,286.8,0.45,0.45,0.35,0.45,79.777367,16425,1421675
2026-08-25 13:10:00,ATM+1,CE,290.0,287.15,0.45,0.45,0.25,0.4,72.155621,63875,1394300
2026-08-25 13:15:00,ATM+1,CE,290.0,287.05,0.4,0.45,0.4,0.45,78.684095,5475,1390650
2026-08-25 13:20:00,ATM+1,CE,295.0,287.6,0.5,0.6,0.05,0.1,97.520843,69350,998275
2026-08-25 13:25:00,ATM+1,CE,290.0,287.4,0.65,0.65,0.35,0.35,68.331053,10950,1354150
2026-08-25 13:30:00,ATM+1,CE,295.0,287.9,0.35,0.35,0.05,0.05,85.855493,62050,987325
2026-08-25 13:35:00,ATM+1,CE,295.0,288.1,0.05,0.05,0.05,0.05,85.559246,3650,983675
2026-08-25 13:40:00,ATM+1,CE,295.0,288.1,0.1,0.1,0.05,0.05,87.402442,27375,981850
2026-08-25 13:45:00,ATM+1,CE,295.0,288.0,0.05,0.05,0.05,0.05,90.451306,1825,954475
2026-08-25 13:50:00,ATM+1,CE,295.0,287.6,0.05,0.05,0.05,0.05,96.994844,12775,949000
2026-08-25 13:55:00,ATM+1,CE,290.0,287.5,0.35,0.6,0.05,0.6,96.647545,60225,1315825
2026-08-25 14:00:00,ATM+1,CE,290.0,287.4,0.05,0.6,0.05,0.5,93.045439,43800,1304875
2026-08-25 14:05:00,ATM+1,CE,290.0,287.35,0.5,0.55,0.1,0.55,100.888849,1825,1295750
2026-08-25 14:10:00,ATM+1,CE,295.0,287.6,0.55,0.55,0.1,0.1,122.937892,0,881475
2026-08-25 14:15:00,ATM+1,CE,290.0,287.45,0.55,0.55,0.05,0.55,104.810623,1825,1293925
2026-08-25 14:20:00,ATM+1,CE,290.0,287.35,0.55,0.55,0.4,0.4,96.156256,12775,1286625
2026-08-25 14:25:00,ATM+1,CE,295.0,287.9,0.3,0.4,0.1,0.1,0.0,1825,846800
2026-08-25 14:30:00,ATM+1,CE,295.0,287.9,0.1,0.1,0.05,0.05,0.0,20075,843150
2026-08-25 14:35:00,ATM+1,CE,295.0,287.85,0.1,0.1,0.05,0.1,0.0,5475,824900
2026-08-25 14:40:00,ATM+1,CE,295.0,287.85,0.1,0.1,0.1,0.1,0.0,1825,824900
2026-08-25 14:45:00,ATM+1,CE,295.0,287.85,0.1,0.1,0.05,0.1,0.0,3650,821250
2026-08-25 14:50:00,ATM+1,CE,295.0,287.9,0.05,0.1,0.05,0.05,0.0,14600,813950
2026-08-25 14:55:00,ATM+1,CE,295.0,287.65,0.05,0.2,0.05,0.05,0.0,76650,781100
2026-08-25 15:00:00,ATM+1,CE,295.0,287.55,0.1,0.4,0.05,0.05,0.0,76650,770150
2026-08-25 15:05:00,ATM+1,CE,295.0,287.55,0.1,0.1,0.05,0.05,0.0,27375,708100
2026-08-25 15:10:00,ATM+1,CE,290.0,286.65,0.1,0.15,0.1,0.15,138.626458,3650,1074925
2026-08-25 15:15:00,ATM+1,CE,290.0,286.65,0.15,0.95,0.15,0.95,0.0,21900,1054850
2026-08-25 15:20:00,ATM+1,CE,290.0,286.65,0.95,0.95,0.2,0.2,0.0,9125,1045725
2026-08-25 15:25:00,ATM+1,CE,290.0,287.4,0.3,0.3,0.05,0.05,137.137788,80300,1036600
2026-08-25 15:30:00,ATM+1,CE,290.0,287.4,0.05,0.05,0.05,0.05,0.0,10950,1036600
2026-08-25 15:35:00,ATM+1,CE,290.0,287.4,0.05,0.05,0.05,0.05,0.0,0,1036600
2026-08-20 09:15:00,ATM+1,PE,280.0,275.2,7.65,7.65,7.15,7.15,34.788933,12775,1593225
2026-08-20 09:20:00,ATM+1,PE,280.0,274.4,7.15,7.85,7.15,7.85,36.274515,12775,1587750
2026-08-20 09:25:00,ATM+1,PE,285.0,277.75,7.45,9.5,6.15,9.5,40.16168,56575,806650
2026-08-20 09:30:00,ATM+1,PE,285.0,279.3,8.8,9.5,8.4,8.4,39.60319,31025,804825
2026-08-20 09:35:00,ATM+1,PE,285.0,282.3,8.2,11.5,6.1,6.55,39.281095,73000,813950
2026-08-20 09:40:00,ATM+1,PE,290.0,284.2,6.4,9.8,6.4,8.65,40.434139,41975,1184425
2026-08-20 09:45:00,ATM+1,PE,285.0,281.2,8.9,8.9,6.25,7.1,38.673408,162425,1067625
2026-08-20 09:50:00,ATM+1,PE,285.0,279.9,7.15,8.2,6.95,7.95,39.111833,156950,1107775
2026-08-20 09:55:00,ATM+1,PE,285.0,280.7,8.25,8.45,7.25,7.25,37.531857,73000,1091350
2026-08-20 10:00:00,ATM+1,PE,285.0,280.3,7.3,7.3,6.8,7.2,35.201751,43800,1091350
2026-08-20 10:05:00,ATM+1,PE,285.0,279.5,7.3,8.05,7.2,7.9,36.700894,62050,1089525
2026-08-20 10:10:00,ATM+1,PE,285.0,280.45,7.9,7.9,6.9,7.2,35.966632,78475,1084050
2026-08-20 10:15:00,ATM+1,PE,285.0,281.2,7.2,7.7,7.05,7.05,38.359633,43800,1073100
2026-08-20 10:20:00,ATM+1,PE,285.0,281.0,7.05,7.15,7.05,7.15,38.221263,10950,1076750
2026-08-20 10:25:00,ATM+1,PE,285.0,281.15,7.15,7.2,7.15,7.2,39.305501,10950,1084050
2026-08-20 10:30:00,ATM+1,PE,285.0,280.7,7.15,7.4,7.1,7.35,38.387331,36500,1080400
2026-08-20 10:35:00,ATM+1,PE,285.0,281.15,7.35,7.35,7.35,7.35,40.479125,1825,1078575
2026-08-20 10:40:00,ATM+1,PE,285.0,281.0,7.35,7.35,7.2,7.2,38.652786,5475,1076750
2026-08-20 10:45:00,ATM+1,PE,285.0,280.85,7.2,7.2,7.2,7.2,37.965027,0,1076750
2026-08-20 10:50:00,ATM+1,PE,285.0,281.0,7.25,7.25,7.2,7.25,39.061717,3650,1073100
2026-08-20 10:55:00,ATM+1,PE,285.0,280.25,7.45,7.7,7.25,7.7,39.017492,9125,1071275
2026-08-20 11:00:00,ATM+1,PE,285.0,280.15,7.7,7.8,7.7,7.8,39.32697,5475,1067625
2026-08-20 11:05:00,ATM+1,PE,285.0,280.2,7.85,7.85,7.7,7.85,39.976361,18250,1051200
2026-08-20 11:10:00,ATM+1,PE,285.0,280.2,7.6,7.85,7.5,7.6,38.018343,9125,1049375
2026-08-20 11:15:00,ATM+1,PE,285.0,280.45,7.7,7.7,7.6,7.6,39.248725,14600,1040250
2026-08-20 11:20:00,ATM+1,PE,285.0,280.45,7.55,7.65,7.45,7.45,38.08454,14600,1038425
2026-08-20 11:25:00,ATM+1,PE,285.0,280.7,7.35,7.5,7.2,7.2,37.343241,29200,1049375
2026-08-20 11:30:00,ATM+1,PE,285.0,280.75,7.15,7.3,7.1,7.3,38.373397,29200,1029300
2026-08-20 11:35:00,ATM+1,PE,285.0,280.3,7.3,7.65,7.2,7.6,38.567849,23725,1029300
2026-08-20 11:40:00,ATM+1,PE,285.0,279.3,7.4,7.6,7.4,7.5,32.501974,23725,1018350
2026-08-20 11:45:00,ATM+1,PE,285.0,279.2,7.75,8.15,7.5,8.15,37.354441,58400,1018350
2026-08-20 11:50:00,ATM+1,PE,285.0,279.5,8.15,8.15,7.9,7.9,36.928592,21900,1005575
2026-08-20 11:55:00,ATM+1,PE,285.0,279.45,7.9,8.0,7.9,8.0,37.488564,5475,1001925
2026-08-20 12:00:00,ATM+1,PE,285.0,279.2,8.0,8.3,8.0,8.3,38.6168,9125,994625
2026-08-20 12:05:00,ATM+1,PE,285.0,278.8,8.3,8.5,8.3,8.45,37.683531,25550,990975
2026-08-20 12:10:00,ATM+1,PE,285.0,279.6,8.45,8.45,8.2,8.2,39.920282,5475,992800
2026-08-20 12:15:00,ATM+1,PE,285.0,280.0,8.2,8.2,8.2,8.2,41.931998,0,992800
2026-08-20 12:20:00,ATM+1,PE,285.0,280.35,8.2,8.2,8.2,8.2,43.625615,0,992800
2026-08-20 12:25:00,ATM+1,PE,285.0,280.45,7.35,8.2,7.3,7.3,37.048886,14600,992800
2026-08-20 12:30:00,ATM+1,PE,285.0,280.3,7.3,7.4,7.3,7.4,37.109817,1825,992800
2026-08-20 12:35:00,ATM+1,PE,285.0,280.7,7.1,7.4,7.1,7.35,38.677826,7300,992800
2026-08-20 12:40:00,ATM+1,PE,285.0,280.7,7.35,7.4,7.35,7.4,39.081235,1825,990975
2026-08-20 12:45:00,ATM+1,PE,285.0,281.2,7.4,7.4,6.85,6.85,37.158011,18250,992800
2026-08-20 12:50:00,ATM+1,PE,285.0,281.4,6.85,6.85,6.55,6.7,36.931095,34675,981850
2026-08-20 12:55:00,ATM+1,PE,285.0,281.8,6.8,7.0,6.15,6.2,34.904745,65700,987325
2026-08-20 13:00:00,ATM+1,PE,285.0,281.2,6.4,6.75,6.2,6.7,36.024011,34675,978200
2026-08-20 13:05:00,ATM+1,PE,285.0,281.2,6.7,6.85,6.7,6.85,37.203346,5475,974550
2026-08-20 13:10:00,ATM+1,PE,285.0,281.2,6.85,6.85,6.85,6.85,37.214705,0,972725
2026-08-20 13:15:00,ATM+1,PE,285.0,281.5,6.85,6.85,6.5,6.55,36.284836,9125,978200
2026-08-20 13:20:00,ATM+1,PE,285.0,281.45,6.6,6.6,6.55,6.6,36.453586,5475,978200
2026-08-20 13:25:00,ATM+1,PE,285.0,281.6,6.6,6.6,6.6,6.6,37.150044,1825,972725
2026-08-20 13:30:00,ATM+1,PE,285.0,282.15,6.6,6.6,6.4,6.4,38.063414,14600,976375
2026-08-20 13:35:00,ATM+1,PE,285.0,282.0,6.15,6.4,6.05,6.05,34.73366,5475,974550
2026-08-20 13:40:00,ATM+1,PE,285.0,281.9,6.25,6.25,6.05,6.25,35.836243,3650,970900
2026-08-20 13:45:00,ATM+1,PE,285.0,281.3,6.25,6.6,6.25,6.6,35.811855,3650,969075
2026-08-20 13:50:00,ATM+1,PE,285.0,281.25,6.6,6.6,6.6,6.6,35.587549,0,969075
2026-08-20 13:55:00,ATM+1,PE,285.0,281.4,6.6,6.6,6.3,6.3,33.959215,5475,963600
2026-08-20 14:00:00,ATM+1,PE,285.0,281.4,6.25,6.3,6.25,6.25,33.578006,3650,963600
2026-08-20 14:05:00,ATM+1,PE,285.0,281.55,6.25,6.25,6.0,6.0,32.340446,12775,959950
2026-08-20 14:10:00,ATM+1,PE,285.0,281.05,6.0,6.35,6.0,6.35,32.695143,3650,959950
2026-08-20 14:15:00,ATM+1,PE,285.0,280.45,6.35,6.35,6.35,6.35,29.609533,0,959950
2026-08-20 14:20:00,ATM+1,PE,285.0,280.6,6.7,6.7,6.35,6.7,33.255942,7300,956300
2026-08-20 14:25:00,ATM+1,PE,285.0,281.0,6.7,6.7,6.7,6.7,35.254435,3650,958125
2026-08-20 14:30:00,ATM+1,PE,285.0,280.8,6.6,6.75,6.6,6.75,34.682358,12775,952650
2026-08-20 14:35:00,ATM+1,PE,285.0,280.9,6.8,6.8,6.75,6.8,35.581612,3650,950825
2026-08-20 14:40:00,ATM+1,PE,285.0,280.85,6.8,6.8,6.8,6.8,35.34795,0,950825
2026-08-20 14:45:00,ATM+1,PE,285.0,280.85,6.8,6.8,6.6,6.6,33.765489,3650,950825
2026-08-20 14:50:00,ATM+1,PE,285.0,280.3,6.6,6.65,6.6,6.65,31.33431,10950,950825
2026-08-20 14:55:00,ATM+1,PE,285.0,280.55,7.1,7.1,6.65,6.75,33.473811,7300,947175
2026-08-20 15:00:00,ATM+1,PE,285.0,280.2,7.1,7.25,6.75,7.05,34.101847,23725,934400
2026-08-20 15:05:00,ATM+1,PE,285.0,280.0,7.1,7.2,6.95,6.95,32.2139,40150,910675
2026-08-20 15:10:00,ATM+1,PE,285.0,279.65,7.0,7.1,6.9,6.9,29.810635,29200,899725
2026-08-20 15:15:00,ATM+1,PE,285.0,279.65,6.85,6.9,6.8,6.8,28.955674,12775,894250
2026-08-20 15:20:00,ATM+1,PE,285.0,279.65,7.15,7.35,6.8,7.2,32.384573,12775,885125
2026-08-20 15:25:00,ATM+1,PE,285.0,279.0,7.25,7.35,7.15,7.15,27.997263,16425,877825
2026-08-20 15:30:00,ATM+1,PE,285.0,279.0,7.45,7.6,7.15,7.6,32.022295,10950,872350
2026-08-20 15:35:00,ATM+1,PE,285.0,279.0,7.6,7.6,7.45,7.5,31.153012,12775,870525
2026-08-21 09:15:00,ATM+1,PE,285.0,280.05,6.85,7.05,6.7,6.7,32.624406,18250,874175
2026-08-21 09:20:00,ATM+1,PE,285.0,280.75,6.85,6.85,6.2,6.4,34.063811,16425,876000
2026-08-21 09:25:00,ATM+1,PE,285.0,279.6,6.4,6.6,6.4,6.6,28.775194,5475,877825
2026-08-21 09:30:00,ATM+1,PE,285.0,279.3,7.25,7.75,6.6,7.5,35.350584,23725,881475
2026-08-21 09:35:00,ATM+1,PE,285.0,279.3,7.5,7.5,7.25,7.25,33.00956,3650,879650
2026-08-21 09:40:00,ATM+1,PE,285.0,279.3,7.25,7.25,7.25,7.25,33.021229,0,881475
2026-08-21 09:45:00,ATM+1,PE,285.0,279.3,7.25,7.35,7.25,7.35,33.980433,3650,881475
2026-08-21 09:50:00,ATM+1,PE,285.0,279.75,7.65,7.65,6.95,6.95,33.139707,5475,881475
2026-08-21 09:55:00,ATM+1,PE,285.0,278.8,6.95,7.45,6.95,7.45,31.543785,5475,879650
2026-08-21 10:00:00,ATM+1,PE,285.0,278.15,7.45,8.2,7.45,8.2,34.338291,5475,879650
2026-08-21 10:05:00,ATM+1,PE,285.0,278.0,8.2,8.2,8.15,8.15,32.710338,7300,877825
2026-08-21 10:10:00,ATM+1,PE,285.0,278.0,8.15,8.15,8.15,8.15,32.721646,1825,874175
2026-08-21 10:15:00,ATM+1,PE,285.0,277.6,8.15,8.35,4.55,8.35,31.650882,10950,876000
2026-08-21 10:20:00,ATM+1,PE,285.0,277.65,4.8,8.5,4.6,8.5,33.672035,21900,879650
2026-08-21 10:25:00,ATM+1,PE,285.0,277.7,8.5,8.55,8.25,8.25,31.415658,7300,883300
2026-08-21 10:30:00,ATM+1,PE,285.0,277.7,8.25,8.25,7.9,8.15,30.328669,5475,874175
2026-08-21 10:35:00,ATM+1,PE,280.0,277.3,8.15,8.6,4.7,4.7,28.326499,1825,1363275
2026-08-21 10:40:00,ATM+1,PE,280.0,277.15,4.95,4.95,4.7,4.75,27.975026,49275,1363275
2026-08-21 10:45:00,ATM+1,PE,280.0,277.2,4.95,4.95,4.75,4.85,29.128333,9125,1365100
2026-08-21 10:50:00,ATM+1,PE,280.0,276.95,4.85,4.85,4.85,4.85,27.786598,0,1363275
2026-08-21 10:55:00,ATM+1,PE,280.0,277.3,5.25,5.25,4.7,4.9,30.110694,60225,1357800
2026-08-21 11:00:00,ATM+1,PE,280.0,276.9,8.95,8.95,4.9,4.95,28.417484,14600,1363275
2026-08-21 11:05:00,ATM+1,PE,280.0,276.65,4.95,5.5,4.95,5.2,29.259612,31025,1357800
2026-08-21 11:10:00,ATM+1,PE,280.0,276.7,5.2,5.3,5.2,5.25,29.995942,5475,1357800
2026-08-21 11:15:00,ATM+1,PE,280.0,276.75,5.25,5.5,5.25,5.45,32.053798,20075,1359625
2026-08-21 11:20:00,ATM+1,PE,280.0,277.25,5.0,5.45,4.85,4.85,29.467514,16425,1357800
2026-08-21 11:25:00,ATM+1,PE,280.0,277.05,4.8,5.0,4.8,4.9,28.848069,9125,1355975
2026-08-21 11:30:00,ATM+1,PE,280.0,277.4,4.9,5.0,4.85,5.0,31.574349,5475,1354150
2026-08-21 11:35:00,ATM+1,PE,280.0,277.45,4.8,5.0,4.7,4.75,29.671547,10950,1355975
2026-08-21 11:40:00,ATM+1,PE,285.0,279.2,7.65,9.35,7.05,7.05,30.663096,14600,877825
2026-08-21 11:45:00,ATM+1,PE,285.0,280.1,6.65,7.05,6.65,6.65,32.827043,3650,881475
2026-08-21 11:50:00,ATM+1,PE,285.0,280.3,6.45,6.65,6.15,6.15,29.441176,7300,876000
2026-08-21 11:55:00,ATM+1,PE,285.0,280.35,6.2,6.2,6.15,6.2,30.237424,21900,881475
2026-08-21 12:00:00,ATM+1,PE,285.0,281.3,6.2,6.2,6.0,6.0,33.99919,20075,874175
2026-08-21 12:05:00,ATM+1,PE,285.0,282.2,6.0,6.0,5.25,5.25,32.254995,29200,870525
2026-08-21 12:10:00,ATM+1,PE,285.0,282.15,5.45,5.45,5.25,5.45,33.727149,3650,868700
2026-08-21 12:15:00,ATM+1,PE,285.0,281.8,5.45,5.45,5.45,5.45,31.925936,10950,874175
2026-08-21 12:20:00,ATM+1,PE,290.0,284.05,5.45,9.25,5.45,7.25,31.158128,80300,766500
2026-08-21 12:25:00,ATM+1,PE,290.0,285.2,7.35,7.4,7.15,7.4,39.664461,29200,773800
2026-08-21 12:30:00,ATM+1,PE,290.0,283.3,7.0,7.5,6.95,7.4,26.934074,18250,771975
2026-08-21 12:35:00,ATM+1,PE,290.0,283.55,8.15,8.2,7.4,7.65,31.564863,20075,770150
2026-08-21 12:40:00,ATM+1,PE,290.0,283.7,7.65,7.65,7.2,7.6,32.167382,14600,771975
2026-08-21 12:45:00,ATM+1,PE,290.0,283.8,7.6,7.6,7.4,7.5,31.904169,5475,771975
2026-08-21 12:50:00,ATM+1,PE,290.0,284.4,7.5,7.5,6.95,6.95,30.733058,7300,766500
2026-08-21 12:55:00,ATM+1,PE,290.0,283.9,7.25,7.35,6.95,7.35,31.157076,5475,762850
2026-08-21 13:00:00,ATM+1,PE,290.0,283.15,7.35,8.4,7.35,8.4,36.205411,1825,762850
2026-08-21 13:05:00,ATM+1,PE,290.0,282.75,8.4,8.4,8.4,8.4,33.25273,0,761025
2026-08-21 13:10:00,ATM+1,PE,290.0,283.15,8.4,8.4,8.05,8.05,32.72001,9125,755550
2026-08-21 13:15:00,ATM+1,PE,290.0,282.7,8.05,8.35,8.05,8.35,32.352003,5475,753725
2026-08-21 13:20:00,ATM+1,PE,290.0,282.55,8.35,8.6,4.95,8.6,33.814502,1825,750075
2026-08-21 13:25:00,ATM+1,PE,290.0,282.6,8.6,8.6,8.6,8.6,34.219638,0,750075
2026-08-21 13:30:00,ATM+1,PE,290.0,282.8,8.6,8.6,8.6,8.6,35.751784,0,748250
2026-08-21 13:35:00,ATM+1,PE,290.0,282.85,8.6,8.6,8.6,8.6,36.133001,0,748250
2026-08-21 13:40:00,ATM+1,PE,290.0,282.85,8.6,8.6,8.6,8.6,36.146323,0,748250
2026-08-21 13:45:00,ATM+1,PE,290.0,283.0,8.6,8.6,8.6,8.6,37.239387,0,748250
2026-08-21 13:50:00,ATM+1,PE,290.0,283.3,8.6,8.6,8.55,8.6,39.312731,9125,746425
2026-08-21 13:55:00,ATM+1,PE,290.0,283.3,8.6,8.6,8.35,8.35,36.912789,3650,748250
2026-08-21 14:00:00,ATM+1,PE,290.0,282.85,8.35,8.35,8.35,8.35,33.641394,0,748250
2026-08-21 14:05:00,ATM+1,PE,290.0,282.95,8.35,8.55,8.35,8.55,36.439513,1825,746425
2026-08-21 14:10:00,ATM+1,PE,290.0,283.0,8.55,8.55,8.55,8.55,36.812906,0,744600
2026-08-21 14:15:00,ATM+1,PE,290.0,283.0,8.5,8.55,8.5,8.5,36.327908,7300,742775
2026-08-21 14:20:00,ATM+1,PE,290.0,282.8,8.5,8.5,8.5,8.5,34.860337,0,742775
2026-08-21 14:25:00,ATM+1,PE,290.0,282.95,8.5,8.55,8.5,8.55,36.493831,1825,742775
2026-08-21 14:30:00,ATM+1,PE,290.0,282.7,8.55,8.65,8.55,8.65,35.671469,1825,740950
2026-08-21 14:35:00,ATM+1,PE,290.0,282.8,8.65,8.65,8.65,8.65,36.431737,1825,739125
2026-08-21 14:40:00,ATM+1,PE,290.0,282.75,8.65,8.65,8.65,8.65,36.073931,0,739125
2026-08-21 14:45:00,ATM+1,PE,290.0,283.0,8.65,8.65,8.55,8.55,36.909516,1825,737300
2026-08-21 14:50:00,ATM+1,PE,290.0,282.9,8.2,8.55,8.2,8.55,36.196659,5475,735475
2026-08-21 14:55:00,ATM+1,PE,290.0,282.8,8.55,8.55,8.55,8.55,35.465388,0,735475
2026-08-21 15:00:00,ATM+1,PE,290.0,283.35,8.55,8.55,8.55,8.55,39.37714,0,735475
2026-08-21 15:05:00,ATM+1,PE,290.0,282.8,8.25,8.55,8.25,8.25,32.345731,3650,735475
2026-08-21 15:10:00,ATM+1,PE,285.0,281.8,8.25,8.25,4.55,5.05,28.803142,9125,870525
2026-08-21 15:15:00,ATM+1,PE,285.0,281.8,5.05,5.05,4.75,4.75,26.118069,9125,868700
2026-08-21 15:20:00,ATM+1,PE,285.0,281.8,4.75,4.85,4.75,4.85,27.0306,7300,861400
2026-08-21 15:25:00,ATM+1,PE,285.0,282.5,4.85,4.85,4.65,4.8,30.380431,16425,872350
2026-08-21 15:30:00,ATM+1,PE,285.0,282.5,4.8,4.8,4.1,4.25,25.585112,29200,859575
2026-08-21 15:35:00,ATM+1,PE,285.0,282.5,4.25,4.6,4.0,4.25,25.594741,36500,861400
2026-08-24 09:15:00,ATM+1,PE,285.0,282.4,3.65,4.2,3.65,4.2,41.624053,1825,857750
2026-08-24 09:20:00,ATM+1,PE,285.0,282.5,4.2,4.2,4.2,4.2,42.643263,0,857750
2026-08-24 09:25:00,ATM+1,PE,285.0,281.75,3.6,4.2,3.6,4.2,34.477523,9125,843150
2026-08-24 09:30:00,ATM+1,PE,285.0,281.8,4.2,4.4,4.2,4.4,38.569625,3650,843150
2026-08-24 09:35:00,ATM+1,PE,290.0,282.9,4.35,8.0,3.9,8.0,51.12519,71175,733650
2026-08-24 09:40:00,ATM+1,PE,290.0,282.8,8.0,8.0,7.4,7.4,34.327546,9125,733650
2026-08-24 09:45:00,ATM+1,PE,290.0,284.0,7.4,7.4,6.2,6.2,30.059428,7300,735475
2026-08-24 09:50:00,ATM+1,PE,290.0,283.7,6.2,6.6,6.2,6.6,34.050394,20075,720875
2026-08-24 09:55:00,ATM+1,PE,290.0,283.55,6.7,6.85,6.6,6.85,37.293173,16425,720875
2026-08-24 10:00:00,ATM+1,PE,290.0,283.3,6.85,6.85,6.7,6.7,24.884715,1825,719050
2026-08-24 10:05:00,ATM+1,PE,290.0,283.6,6.85,7.25,6.7,7.25,47.359292,9125,713575
2026-08-24 10:10:00,ATM+1,PE,290.0,283.3,7.25,7.25,6.75,6.75,27.330152,1825,715400
2026-08-24 10:15:00,ATM+1,PE,290.0,283.55,6.75,6.75,6.75,6.75,34.832183,0,715400
2026-08-24 10:20:00,ATM+1,PE,290.0,283.0,6.75,7.0,6.75,7.0,25.876776,3650,715400
2026-08-24 10:25:00,ATM+1,PE,290.0,283.1,7.0,7.0,7.0,7.0,30.121373,5475,709925
2026-08-24 10:30:00,ATM+1,PE,290.0,282.55,7.0,7.0,7.0,7.0,0.0,0,709925
2026-08-24 10:35:00,ATM+1,PE,290.0,282.65,3.3,7.5,3.3,7.5,33.591527,1825,708100
2026-08-24 10:40:00,ATM+1,PE,290.0,284.0,7.5,7.5,6.8,6.8,44.9472,16425,704450
2026-08-24 10:45:00,ATM+1,PE,290.0,284.05,6.8,6.8,6.8,6.8,45.817021,0,704450
2026-08-24 10:50:00,ATM+1,PE,290.0,284.1,6.8,6.8,6.8,6.8,46.670703,0,704450
2026-08-24 10:55:00,ATM+1,PE,290.0,284.05,6.8,6.8,6.75,6.75,44.901777,3650,702625
2026-08-24 11:00:00,ATM+1,PE,290.0,282.95,6.75,7.05,6.75,7.05,26.210622,7300,700800
2026-08-24 11:05:00,ATM+1,PE,290.0,282.7,7.05,7.05,7.05,7.05,0.0,0,700800
2026-08-24 11:10:00,ATM+1,PE,285.0,282.4,7.05,7.05,3.5,3.5,31.051384,0,688025
2026-08-24 11:15:00,ATM+1,PE,285.0,282.25,7.05,7.05,3.5,3.65,31.912795,18250,673425
2026-08-24 11:20:00,ATM+1,PE,285.0,282.05,3.65,3.7,3.65,3.65,29.37471,10950,682550
2026-08-24 11:25:00,ATM+1,PE,285.0,281.95,3.65,3.95,3.65,3.95,33.619995,12775,675250
2026-08-24 11:30:00,ATM+1,PE,285.0,282.05,3.4,3.95,3.4,3.85,33.128942,21900,669775
2026-08-24 11:35:00,ATM+1,PE,285.0,281.45,4.0,4.0,3.85,4.0,27.464551,23725,671600
2026-08-24 11:40:00,ATM+1,PE,285.0,281.35,4.0,4.35,4.0,4.35,33.089571,3650,673425
2026-08-24 11:45:00,ATM+1,PE,285.0,281.45,4.35,4.5,4.35,4.4,35.519189,7300,667950
2026-08-24 11:50:00,ATM+1,PE,285.0,281.8,4.35,4.4,4.25,4.25,37.389008,5475,660650
2026-08-24 11:55:00,ATM+1,PE,285.0,281.5,4.25,4.25,4.25,4.25,33.445676,0,658825
2026-08-24 12:00:00,ATM+1,PE,285.0,281.7,4.25,4.25,4.2,4.2,35.290527,9125,655175
2026-08-24 12:05:00,ATM+1,PE,285.0,281.85,4.2,4.3,4.05,4.05,34.536451,5475,653350
2026-08-24 12:10:00,ATM+1,PE,285.0,281.3,4.05,4.3,4.05,4.3,31.595311,3650,651525
2026-08-24 12:15:00,ATM+1,PE,290.0,282.65,4.4,8.4,4.3,8.05,49.982188,12775,700800
2026-08-24 12:20:00,ATM+1,PE,290.0,282.65,4.15,8.05,4.15,8.05,50.053183,0,700800
2026-08-24 12:25:00,ATM+1,PE,290.0,282.55,8.05,8.05,7.35,7.35,0.0,1825,700800
2026-08-24 12:30:00,ATM+1,PE,290.0,283.2,7.35,7.35,7.35,7.35,44.160113,0,700800
2026-08-24 12:35:00,ATM+1,PE,290.0,283.35,7.35,7.35,7.35,7.35,47.149482,0,700800
2026-08-24 12:40:00,ATM+1,PE,290.0,283.6,7.35,7.35,7.35,7.35,51.581032,0,700800
2026-08-24 12:45:00,ATM+1,PE,290.0,283.25,7.35,7.35,7.35,7.35,45.360111,0,700800
2026-08-24 12:50:00,ATM+1,PE,290.0,283.1,7.35,7.35,7.35,7.35,42.26287,0,700800
2026-08-24 12:55:00,ATM+1,PE,290.0,282.9,7.35,7.35,7.35,7.35,37.317839,0,700800
2026-08-24 13:00:00,ATM+1,PE,290.0,282.7,7.35,7.35,7.35,7.35,30.34314,0,700800
2026-08-24 13:05:00,ATM+1,PE,290.0,282.7,7.35,7.35,3.45,7.35,30.378019,3650,700800
2026-08-24 13:10:00,ATM+1,PE,290.0,283.15,7.35,7.35,7.35,7.35,43.607872,0,700800
2026-08-24 13:15:00,ATM+1,PE,290.0,283.25,7.35,7.35,7.35,7.35,45.755248,0,700800
2026-08-24 13:20:00,ATM+1,PE,290.0,283.55,7.35,7.35,7.35,7.35,51.352498,0,700800
2026-08-24 13:25:00,ATM+1,PE,290.0,283.75,7.35,7.35,7.35,7.35,54.701374,0,700800
2026-08-24 13:30:00,ATM+1,PE,290.0,283.3,7.35,7.35,7.35,7.35,46.950538,0,700800
2026-08-24 13:35:00,ATM+1,PE,290.0,283.65,7.35,7.35,6.95,6.95,44.237857,1825,698975
2026-08-24 13:40:00,ATM+1,PE,290.0,283.7,6.95,6.95,6.95,6.95,45.274217,0,698975
2026-08-24 13:45:00,ATM+1,PE,290.0,283.65,6.95,6.95,6.95,6.95,44.369344,0,698975
2026-08-24 13:50:00,ATM+1,PE,290.0,283.75,6.95,6.95,6.95,6.95,46.353832,0,698975
2026-08-24 13:55:00,ATM+1,PE,290.0,283.9,6.95,6.95,6.95,6.95,49.106735,0,698975
2026-08-24 14:00:00,ATM+1,PE,290.0,283.7,6.95,6.95,6.95,6.95,45.546838,0,698975
2026-08-24 14:05:00,ATM+1,PE,290.0,283.6,6.4,6.95,6.4,6.6,33.654781,5475,698975
2026-08-24 14:10:00,ATM+1,PE,290.0,283.5,6.6,6.6,6.6,6.6,30.356514,0,698975
2026-08-24 14:15:00,ATM+1,PE,290.0,283.5,6.6,6.6,6.6,6.6,30.395917,0,697150
2026-08-24 14:20:00,ATM+1,PE,290.0,283.4,6.6,6.6,6.6,6.6,25.7938,0,697150
2026-08-24 14:25:00,ATM+1,PE,290.0,283.6,6.6,6.6,6.6,6.6,33.843503,0,697150
2026-08-24 14:30:00,ATM+1,PE,290.0,284.0,6.6,6.6,6.6,6.6,43.37162,0,697150
2026-08-24 14:35:00,ATM+1,PE,290.0,283.8,5.7,6.6,5.7,5.7,0.0,5475,695325
2026-08-24 14:40:00,ATM+1,PE,290.0,284.05,5.7,5.7,5.7,5.7,0.0,0,695325
2026-08-24 14:45:00,ATM+1,PE,290.0,283.95,5.7,5.7,5.7,5.7,0.0,0,697150
2026-08-24 14:50:00,ATM+1,PE,290.0,283.7,5.75,5.85,5.7,5.85,0.0,7300,698975
2026-08-24 14:55:00,ATM+1,PE,290.0,283.35,5.85,5.85,5.85,5.85,0.0,0,698975
2026-08-24 15:00:00,ATM+1,PE,290.0,283.05,5.85,5.85,5.85,5.85,0.0,0,698975
2026-08-24 15:05:00,ATM+1,PE,290.0,283.6,6.8,6.8,5.85,6.8,40.413902,1825,698975
2026-08-24 15:10:00,ATM+1,PE,290.0,283.25,6.8,6.8,6.5,6.55,0.0,49275,698975
2026-08-24 15:15:00,ATM+1,PE,290.0,283.25,6.55,6.55,6.55,6.55,0.0,0,698975
2026-08-24 15:20:00,ATM+1,PE,290.0,283.25,5.75,6.55,5.2,5.2,0.0,23725,664300
2026-08-24 15:25:00,ATM+1,PE,290.0,284.25,5.55,5.85,5.2,5.85,28.191232,14600,642400
2026-08-24 15:30:00,ATM+1,PE,290.0,284.25,5.85,6.15,5.85,6.15,37.870947,3650,640575
2026-08-24 15:35:00,ATM+1,PE,290.0,284.25,6.15,6.4,6.15,6.4,44.297518,5475,636925
2026-08-25 09:15:00,ATM+1,PE,295.0,288.3,6.05,11.0,6.05,7.85,113.707458,193450,757375
2026-08-25 09:20:00,ATM+1,PE,295.0,288.4,7.5,7.85,7.1,7.7,111.332554,78475,700800
2026-08-25 09:25:00,ATM+1,PE,295.0,289.1,7.65,7.75,6.5,6.55,85.022388,34675,678900
2026-08-25 09:30:00,ATM+1,PE,290.0,286.95,2.7,4.5,2.7,3.75,61.153444,89425,584000
2026-08-25 09:35:00,ATM+1,PE,290.0,287.0,4.0,4.35,3.75,3.8,65.073565,31025,569400
2026-08-25 09:40:00,ATM+1,PE,290.0,286.35,3.75,3.8,3.6,3.6,0.0,5475,567575
2026-08-25 09:45:00,ATM+1,PE,290.0,284.85,3.6,5.2,3.6,5.2,42.590018,76650,536550
2026-08-25 09:50:00,ATM+1,PE,290.0,284.8,5.2,5.5,5.2,5.5,63.710641,12775,534725
2026-08-25 09:55:00,ATM+1,PE,290.0,284.8,5.5,5.5,5.5,5.5,64.162406,0,534725
2026-08-25 10:00:00,ATM+1,PE,290.0,284.1,5.5,5.8,5.5,5.8,0.0,1825,534725
2026-08-25 10:05:00,ATM+1,PE,290.0,284.9,6.35,6.35,5.55,5.55,73.087372,21900,516475
2026-08-25 10:10:00,ATM+1,PE,290.0,285.25,5.55,5.55,5.35,5.35,78.130059,10950,507350
2026-08-25 10:15:00,ATM+1,PE,295.0,288.15,4.95,8.45,3.7,8.15,132.247796,43800,543850
2026-08-25 10:20:00,ATM+1,PE,295.0,289.05,7.55,8.15,6.25,6.65,95.10092,18250,534725
2026-08-25 10:25:00,ATM+1,PE,295.0,289.15,7.15,7.15,6.45,6.85,109.521794,43800,500050
2026-08-25 10:30:00,ATM+1,PE,295.0,288.55,6.85,6.85,6.4,6.4,0.0,3650,487275
2026-08-25 10:35:00,ATM+1,PE,295.0,288.15,7.0,7.0,6.4,7.0,68.889506,1825,485450
2026-08-25 10:40:00,ATM+1,PE,295.0,288.35,6.65,7.15,6.2,7.0,84.066106,21900,470850
2026-08-25 10:45:00,ATM+1,PE,295.0,288.3,7.0,7.0,6.75,6.75,56.501633,1825,467200
2026-08-25 10:50:00,ATM+1,PE,290.0,286.8,6.7,6.75,2.5,4.2,84.356841,104025,432525
2026-08-25 10:55:00,ATM+1,PE,290.0,287.4,4.0,9.15,3.15,3.15,57.220293,18250,421575
2026-08-25 11:00:00,ATM+1,PE,295.0,287.7,9.15,9.15,9.15,9.15,173.919963,0,432525
2026-08-25 11:05:00,ATM+1,PE,295.0,288.5,9.15,9.15,9.15,9.15,200.445614,0,428875
2026-08-25 11:10:00,ATM+1,PE,295.0,290.0,9.15,9.15,5.85,5.85,100.857717,7300,423400
2026-08-25 11:15:00,ATM+1,PE,295.0,289.75,5.35,5.85,5.3,5.45,64.640569,16425,419750
2026-08-25 11:20:00,ATM+1,PE,295.0,290.0,5.35,5.45,5.1,5.35,74.038735,20075,399675
2026-08-25 11:25:00,ATM+1,PE,295.0,288.1,5.35,5.35,5.35,5.35,0.0,0,386900
2026-08-25 11:30:00,ATM+1,PE,295.0,288.8,5.35,5.35,5.35,5.35,0.0,0,386900
2026-08-25 11:35:00,ATM+1,PE,295.0,288.75,5.35,5.35,5.35,5.35,0.0,0,386900
2026-08-25 11:40:00,ATM+1,PE,290.0,287.3,5.35,7.3,3.2,3.2,61.018596,16425,465375
2026-08-25 11:45:00,ATM+1,PE,295.0,287.75,7.3,7.3,3.2,7.15,0.0,1825,379600
2026-08-25 11:50:00,ATM+1,PE,295.0,287.9,7.15,7.15,7.05,7.05,0.0,3650,381425
2026-08-25 11:55:00,ATM+1,PE,295.0,287.85,7.05,7.05,7.05,7.05,0.0,0,381425
2026-08-25 12:00:00,ATM+1,PE,290.0,287.5,7.05,7.05,3.2,3.2,71.647163,0,465375
2026-08-25 12:05:00,ATM+1,PE,295.0,288.15,7.05,7.05,7.0,7.0,81.780731,3650,377775
2026-08-25 12:10:00,ATM+1,PE,295.0,288.0,7.0,7.0,6.9,6.9,0.0,1825,374125
2026-08-25 12:15:00,ATM+1,PE,295.0,288.35,6.9,6.9,6.9,6.9,92.631816,0,374125
2026-08-25 12:20:00,ATM+1,PE,295.0,287.9,6.9,6.9,6.6,6.6,0.0,1825,372300
2026-08-25 12:25:00,ATM+1,PE,290.0,286.8,2.9,3.45,2.9,3.45,57.772434,3650,463550
2026-08-25 12:30:00,ATM+1,PE,290.0,286.95,3.45,3.45,3.25,3.25,52.773791,3650,463550
2026-08-25 12:35:00,ATM+1,PE,290.0,286.85,3.25,3.25,3.25,3.25,45.251021,0,461725
2026-08-25 12:40:00,ATM+1,PE,290.0,287.0,3.25,3.25,3.25,3.25,57.626095,0,461725
2026-08-25 12:45:00,ATM+1,PE,290.0,287.2,3.25,3.25,3.05,3.05,55.867966,3650,461725
2026-08-25 12:50:00,ATM+1,PE,290.0,287.5,3.05,3.05,3.05,3.05,72.695018,0,461725
2026-08-25 12:55:00,ATM+1,PE,295.0,287.55,8.0,8.0,3.05,8.0,141.385795,0,370475
2026-08-25 13:00:00,ATM+1,PE,290.0,286.8,3.05,3.05,2.7,2.7,0.0,21900,456250
2026-08-25 13:05:00,ATM+1,PE,290.0,286.8,2.7,2.7,2.7,2.7,0.0,0,450775
2026-08-25 13:10:00,ATM+1,PE,290.0,287.15,2.7,2.7,2.7,2.7,0.0,0,448950
2026-08-25 13:15:00,ATM+1,PE,290.0,287.05,2.7,2.7,2.7,2.7,0.0,0,448950
2026-08-25 13:20:00,ATM+1,PE,295.0,287.6,2.7,7.6,2.4,7.6,115.077706,20075,363175
2026-08-25 13:25:00,ATM+1,PE,290.0,287.4,2.5,2.5,2.5,2.5,0.0,0,445300
2026-08-25 13:30:00,ATM+1,PE,295.0,287.9,2.35,7.2,2.35,7.2,99.429992,7300,357700
2026-08-25 13:35:00,ATM+1,PE,295.0,288.1,7.2,7.2,7.2,7.2,128.571729,0,357700
2026-08-25 13:40:00,ATM+1,PE,295.0,288.1,6.5,7.2,6.5,6.5,0.0,1825,355875
2026-08-25 13:45:00,ATM+1,PE,295.0,288.0,6.5,6.5,6.5,6.5,0.0,0,355875
2026-08-25 13:50:00,ATM+1,PE,295.0,287.6,6.5,6.8,6.5,6.8,0.0,1825,354050
2026-08-25 13:55:00,ATM+1,PE,290.0,287.5,1.95,6.8,1.95,1.95,0.0,0,427050
2026-08-25 14:00:00,ATM+1,PE,290.0,287.4,6.8,6.8,1.95,2.65,45.453716,1825,421575
2026-08-25 14:05:00,ATM+1,PE,290.0,287.35,2.65,6.5,2.65,2.65,31.110869,0,421575
2026-08-25 14:10:00,ATM+1,PE,295.0,287.6,2.65,6.5,2.65,6.5,0.0,0,352225
2026-08-25 14:15:00,ATM+1,PE,290.0,287.45,2.3,6.5,2.3,2.35,0.0,0,419750
2026-08-25 14:20:00,ATM+1,PE,290.0,287.35,2.35,2.8,2.25,2.25,0.0,10950,417925
2026-08-25 14:25:00,ATM+1,PE,295.0,287.9,2.6,6.5,2.25,6.5,0.0,3650,352225
2026-08-25 14:30:00,ATM+1,PE,295.0,287.9,6.5,6.5,5.25,6.25,0.0,49275,352225
2026-08-25 14:35:00,ATM+1,PE,295.0,287.85,6.25,6.25,6.25,6.25,0.0,0,352225
2026-08-25 14:40:00,ATM+1,PE,295.0,287.85,6.25,6.25,6.15,6.15,0.0,1825,323025
2026-08-25 14:45:00,ATM+1,PE,295.0,287.85,6.15,6.15,6.15,6.15,0.0,0,323025
2026-08-25 14:50:00,ATM+1,PE,295.0,287.9,6.15,6.65,6.15,6.65,0.0,3650,323025
2026-08-25 14:55:00,ATM+1,PE,295.0,287.65,6.65,6.65,2.0,6.65,0.0,0,319375
2026-08-25 15:00:00,ATM+1,PE,295.0,287.55,2.0,6.7,2.0,6.55,0.0,62050,317550
2026-08-25 15:05:00,ATM+1,PE,295.0,287.55,2.25,6.55,2.25,6.55,0.0,0,301125
2026-08-25 15:10:00,ATM+1,PE,290.0,286.65,2.25,2.25,2.25,2.25,0.0,0,359525
2026-08-25 15:15:00,ATM+1,PE,290.0,286.65,3.0,3.0,2.25,3.0,0.0,23725,339450
2026-08-25 15:20:00,ATM+1,PE,290.0,286.65,2.55,3.0,2.55,2.55,0.0,9125,335800
2026-08-25 15:25:00,ATM+1,PE,290.0,287.4,2.2,2.55,2.05,2.05,0.0,7300,326675
2026-08-25 15:30:00,ATM+1,PE,290.0,287.4,2.05,2.05,1.9,1.9,0.0,3650,323025
2026-08-25 15:35:00,ATM+1,PE,290.0,287.4,1.9,2.0,1.9,2.0,0.0,1825,323025
2026-08-20 09:15:00,ATM+2,CE,285.0,275.2,1.9,2.05,1.6,2.05,41.17619,162425,2419950
2026-08-20 09:20:00,ATM+2,CE,285.0,274.4,2.0,2.05,1.7,1.7,39.682285,107675,2410825
2026-08-20 09:25:00,ATM+2,CE,290.0,277.75,1.8,2.5,1.45,1.5,40.574163,162425,4111725
2026-08-20 09:30:00,ATM+2,CE,290.0,279.3,1.65,1.95,1.5,1.95,41.647579,580350,4117200
2026-08-20 09:35:00,ATM+2,CE,290.0,282.3,2.1,3.6,1.55,3.15,44.696263,981850,4224875
2026-08-20 09:40:00,ATM+2,CE,295.0,284.2,3.1,3.25,2.0,2.75,48.404571,1261075,1841425
2026-08-20 09:45:00,ATM+2,CE,290.0,281.2,2.7,3.6,2.3,2.8,44.687577,1478250,4611775
2026-08-20 09:50:00,ATM+2,CE,290.0,279.9,2.75,2.8,2.35,2.45,44.900151,1408900,4675650
2026-08-20 09:55:00,ATM+2,CE,290.0,280.7,2.45,2.6,2.2,2.6,44.261875,830375,4739525
2026-08-20 10:00:00,ATM+2,CE,290.0,280.3,2.55,2.8,2.5,2.5,44.393449,956300,4664700
2026-08-20 10:05:00,ATM+2,CE,290.0,279.5,2.4,2.5,2.15,2.3,44.554694,496400,4600825
2026-08-20 10:10:00,ATM+2,CE,290.0,280.45,2.25,2.7,2.25,2.4,43.16453,523775,4578925
2026-08-20 10:15:00,ATM+2,CE,290.0,281.2,2.4,2.6,2.3,2.6,43.062521,200750,4604475
2026-08-20 10:20:00,ATM+2,CE,290.0,281.0,2.7,2.7,2.45,2.5,42.711804,197100,4635500
2026-08-20 10:25:00,ATM+2,CE,290.0,281.15,2.5,2.75,2.45,2.55,42.785456,142350,4604475
2026-08-20 10:30:00,ATM+2,CE,290.0,280.7,2.55,2.6,2.35,2.45,43.050328,182500,4613600
2026-08-20 10:35:00,ATM+2,CE,290.0,281.15,2.4,2.5,2.4,2.5,42.379815,89425,4593525
2026-08-20 10:40:00,ATM+2,CE,290.0,281.0,2.5,2.5,2.45,2.5,42.771355,94900,4600825
2026-08-20 10:45:00,ATM+2,CE,290.0,280.85,2.5,2.5,2.45,2.45,42.721902,31025,4597175
2026-08-20 10:50:00,ATM+2,CE,290.0,281.0,2.4,2.45,2.35,2.45,42.36229,45625,4604475
2026-08-20 10:55:00,ATM+2,CE,290.0,280.25,2.45,2.45,2.15,2.15,41.52272,173375,4575275
2026-08-20 11:00:00,ATM+2,CE,290.0,280.15,2.1,2.25,2.1,2.2,42.237144,208050,4560675
2026-08-20 11:05:00,ATM+2,CE,290.0,280.2,2.2,2.2,2.1,2.2,42.131073,144175,4515050
2026-08-20 11:10:00,ATM+2,CE,290.0,280.2,2.25,2.3,2.1,2.1,41.225379,25550,4511400
2026-08-20 11:15:00,ATM+2,CE,290.0,280.45,2.1,2.2,2.1,2.15,41.09804,34675,4507750
2026-08-20 11:20:00,ATM+2,CE,290.0,280.45,2.15,2.2,2.1,2.15,41.112446,83950,4449350
2026-08-20 11:25:00,ATM+2,CE,290.0,280.7,2.15,2.2,2.15,2.15,40.520738,51100,4451175
2026-08-20 11:30:00,ATM+2,CE,290.0,280.75,2.15,2.2,2.1,2.15,40.413402,63875,4432925
2026-08-20 11:35:00,ATM+2,CE,290.0,280.3,2.2,2.2,1.95,2.0,40.128437,158775,4409200
2026-08-20 11:40:00,ATM+2,CE,290.0,279.3,2.0,2.0,2.0,2.0,42.505991,67525,4367225
2026-08-20 11:45:00,ATM+2,CE,290.0,279.2,1.85,2.0,1.7,1.7,39.81939,200750,4303350
2026-08-20 11:50:00,ATM+2,CE,290.0,279.5,1.75,1.9,1.7,1.9,41.106387,63875,4279625
2026-08-20 11:55:00,ATM+2,CE,290.0,279.45,1.9,1.9,1.7,1.8,40.264593,49275,4297875
2026-08-20 12:00:00,ATM+2,CE,290.0,279.2,1.85,1.85,1.7,1.7,39.861413,36500,4296050
2026-08-20 12:05:00,ATM+2,CE,290.0,278.8,1.7,1.7,1.65,1.65,40.274625,105850,4288750
2026-08-20 12:10:00,ATM+2,CE,290.0,279.6,1.65,1.8,1.65,1.8,39.960688,65700,4281450
2026-08-20 12:15:00,ATM+2,CE,290.0,280.0,1.9,1.95,1.8,1.95,40.483057,104025,4232175
2026-08-20 12:20:00,ATM+2,CE,290.0,280.35,1.95,2.0,1.9,2.0,40.136468,47450,4244950
2026-08-20 12:25:00,ATM+2,CE,290.0,280.45,2.05,2.1,2.0,2.0,39.911394,49275,4252250
2026-08-20 12:30:00,ATM+2,CE,290.0,280.3,2.0,2.05,2.0,2.0,40.284403,16425,4261375
2026-08-20 12:35:00,ATM+2,CE,290.0,280.7,2.2,2.2,2.0,2.1,40.262932,41975,4263200
2026-08-20 12:40:00,ATM+2,CE,290.0,280.7,2.2,2.2,2.05,2.05,39.816429,43800,4257725
2026-08-20 12:45:00,ATM+2,CE,290.0,281.2,2.15,2.2,2.05,2.2,39.974619,51100,4255900
2026-08-20 12:50:00,ATM+2,CE,290.0,281.4,2.25,2.3,2.15,2.15,39.043811,85775,4235825
2026-08-20 12:55:00,ATM+2,CE,290.0,281.8,2.2,2.35,1.9,2.35,39.831651,293825,4195675
2026-08-20 13:00:00,ATM+2,CE,290.0,281.2,2.25,2.35,2.0,2.15,39.565842,259150,4148225
2026-08-20 13:05:00,ATM+2,CE,290.0,281.2,2.1,2.15,2.05,2.1,39.126284,43800,4128150
2026-08-20 13:10:00,ATM+2,CE,290.0,281.2,2.1,2.15,2.1,2.1,39.140235,41975,4108075
2026-08-20 13:15:00,ATM+2,CE,290.0,281.5,2.15,2.35,2.1,2.15,38.865435,527425,4122675
2026-08-20 13:20:00,ATM+2,CE,290.0,281.45,2.1,2.15,2.05,2.1,38.552171,193450,4046025
2026-08-20 13:25:00,ATM+2,CE,290.0,281.6,2.15,2.2,2.1,2.15,38.644553,34675,4055150
2026-08-20 13:30:00,ATM+2,CE,290.0,282.15,2.15,2.35,2.15,2.35,39.037994,36500,4053325
2026-08-20 13:35:00,ATM+2,CE,290.0,282.0,2.35,2.35,2.25,2.3,38.997363,62050,4047850
2026-08-20 13:40:00,ATM+2,CE,290.0,281.9,2.3,2.3,2.25,2.25,38.824284,63875,4055150
2026-08-20 13:45:00,ATM+2,CE,290.0,281.3,2.2,2.25,2.1,2.1,38.991829,52925,4058800
2026-08-20 13:50:00,ATM+2,CE,290.0,281.25,2.1,2.1,2.05,2.05,38.672519,21900,4058800
2026-08-20 13:55:00,ATM+2,CE,290.0,281.4,2.15,2.2,2.05,2.1,38.772718,21900,4053325
2026-08-20 14:00:00,ATM+2,CE,290.0,281.4,2.2,2.2,2.0,2.15,39.239748,82125,4047850
2026-08-20 14:05:00,ATM+2,CE,290.0,281.55,2.2,2.2,2.15,2.2,39.329928,16425,4033250
2026-08-20 14:10:00,ATM+2,CE,290.0,281.05,2.2,2.2,1.95,2.0,38.756809,47450,4027775
2026-08-20 14:15:00,ATM+2,CE,290.0,280.45,2.0,2.0,1.85,1.85,38.802474,54750,4013175
2026-08-20 14:20:00,ATM+2,CE,290.0,280.6,1.85,1.85,1.8,1.8,37.981272,73000,4002225
2026-08-20 14:25:00,ATM+2,CE,290.0,281.0,1.8,1.9,1.8,1.9,37.987339,34675,3982150
2026-08-20 14:30:00,ATM+2,CE,290.0,280.8,1.95,2.0,1.9,1.9,38.482813,56575,3949300
2026-08-20 14:35:00,ATM+2,CE,290.0,280.9,1.9,1.95,1.8,1.85,37.783834,80300,3909150
2026-08-20 14:40:00,ATM+2,CE,290.0,280.85,1.95,1.95,1.85,1.95,38.860426,14600,3905500
2026-08-20 14:45:00,ATM+2,CE,290.0,280.85,1.9,1.95,1.85,1.85,37.93101,34675,3920100
2026-08-20 14:50:00,ATM+2,CE,290.0,280.3,1.9,1.9,1.7,1.7,37.798349,41975,3914625
2026-08-20 14:55:00,ATM+2,CE,290.0,280.55,1.7,1.8,1.7,1.8,38.195989,195275,3878125
2026-08-20 15:00:00,ATM+2,CE,290.0,280.2,1.65,1.8,1.4,1.4,35.031689,702625,4199325
2026-08-20 15:05:00,ATM+2,CE,290.0,280.0,1.55,1.55,1.4,1.45,36.011822,208050,4153700
2026-08-20 15:10:00,ATM+2,CE,290.0,279.65,1.5,1.5,1.45,1.5,37.331966,54750,4142750
2026-08-20 15:15:00,ATM+2,CE,290.0,279.65,1.55,1.55,1.45,1.45,36.826011,171550,4078875
2026-08-20 15:20:00,ATM+2,CE,290.0,279.65,1.45,1.45,1.35,1.35,35.785165,65700,4055150
2026-08-20 15:25:00,ATM+2,CE,290.0,279.0,1.35,1.4,1.35,1.4,37.77209,182500,4098950
2026-08-20 15:30:00,ATM+2,CE,290.0,279.0,1.3,1.45,1.3,1.45,38.320533,124100,4102600
2026-08-20 15:35:00,ATM+2,CE,290.0,279.0,1.45,1.5,1.4,1.5,38.864268,38325,4100775
2026-08-21 09:15:00,ATM+2,CE,290.0,280.05,1.5,1.8,0.55,1.35,37.963157,642400,4084350
2026-08-21 09:20:00,ATM+2,CE,290.0,280.75,1.35,1.5,1.2,1.5,37.933815,469025,4135450
2026-08-21 09:25:00,ATM+2,CE,290.0,279.6,1.45,1.5,1.2,1.2,37.311601,217175,4133625
2026-08-21 09:30:00,ATM+2,CE,290.0,279.3,1.1,1.2,1.0,1.05,36.17729,292000,4177425
2026-08-21 09:35:00,ATM+2,CE,290.0,279.3,1.15,1.15,1.05,1.05,36.192658,94900,4186550
2026-08-21 09:40:00,ATM+2,CE,290.0,279.3,1.1,1.1,1.0,1.05,36.20805,69350,4192025
2026-08-21 09:45:00,ATM+2,CE,290.0,279.3,1.05,1.1,1.0,1.1,36.850357,71175,4164650
2026-08-21 09:50:00,ATM+2,CE,290.0,279.75,1.1,1.1,1.0,1.05,35.209011,189800,4193850
2026-08-21 09:55:00,ATM+2,CE,290.0,278.8,1.1,1.1,0.95,1.0,36.744266,124100,4173775
2026-08-21 10:00:00,ATM+2,CE,290.0,278.15,0.9,1.0,0.75,0.8,35.446302,235425,4197500
2026-08-21 10:05:00,ATM+2,CE,290.0,278.0,0.75,0.85,0.75,0.75,35.048374,127750,4221225
2026-08-21 10:10:00,ATM+2,CE,290.0,278.0,0.75,0.8,0.75,0.75,35.063314,105850,4219400
2026-08-21 10:15:00,ATM+2,CE,290.0,277.6,0.75,1.45,0.7,0.7,35.15853,87600,4206625
2026-08-21 10:20:00,ATM+2,CE,290.0,277.65,1.35,1.4,0.65,0.7,35.069498,78475,4190200
2026-08-21 10:25:00,ATM+2,CE,290.0,277.7,0.7,0.75,0.65,0.75,35.741985,60225,4173775
2026-08-21 10:30:00,ATM+2,CE,290.0,277.7,0.75,0.75,0.7,0.75,35.757263,36500,4157350
2026-08-21 10:35:00,ATM+2,CE,285.0,277.3,0.75,1.35,0.65,1.3,32.698878,27375,3197400
2026-08-21 10:40:00,ATM+2,CE,285.0,277.15,1.3,1.35,1.25,1.3,33.096208,118625,3197400
2026-08-21 10:45:00,ATM+2,CE,285.0,277.2,1.25,1.35,1.25,1.35,33.53204,65700,3201050
2026-08-21 10:50:00,ATM+2,CE,285.0,276.95,1.25,1.35,1.1,1.15,31.93834,111325,3170025
2026-08-21 10:55:00,ATM+2,CE,285.0,277.3,1.15,1.3,1.15,1.3,32.755618,124100,3131700
2026-08-21 11:00:00,ATM+2,CE,285.0,276.9,0.65,1.4,0.6,1.3,33.79065,73000,3140825
2026-08-21 11:05:00,ATM+2,CE,285.0,276.65,1.25,1.3,1.15,1.15,32.723328,62050,3129875
2026-08-21 11:10:00,ATM+2,CE,285.0,276.7,1.2,1.25,1.15,1.25,33.762486,60225,3122575
2026-08-21 11:15:00,ATM+2,CE,285.0,276.75,1.25,1.25,1.2,1.2,33.080957,45625,3140825
2026-08-21 11:20:00,ATM+2,CE,285.0,277.25,1.2,1.45,1.2,1.4,34.049999,76650,3117100
2026-08-21 11:25:00,ATM+2,CE,285.0,277.05,1.4,1.4,1.35,1.35,34.035386,23725,3106150
2026-08-21 11:30:00,ATM+2,CE,285.0,277.4,1.3,1.4,1.3,1.4,33.688512,56575,3097025
2026-08-21 11:35:00,ATM+2,CE,285.0,277.45,1.4,1.5,1.4,1.45,34.110004,80300,3120750
2026-08-21 11:40:00,ATM+2,CE,290.0,279.2,0.85,1.1,0.75,1.05,36.813055,277400,4330725
2026-08-21 11:45:00,ATM+2,CE,290.0,280.1,1.1,1.25,1.05,1.2,36.571874,273750,4257725
2026-08-21 11:50:00,ATM+2,CE,290.0,280.3,1.2,1.25,1.1,1.2,36.108832,71175,4248600
2026-08-21 11:55:00,ATM+2,CE,290.0,280.35,1.15,1.25,1.15,1.15,35.408278,74825,4259550
2026-08-21 12:00:00,ATM+2,CE,290.0,281.3,1.15,1.4,1.1,1.4,35.969897,156950,4294225
2026-08-21 12:05:00,ATM+2,CE,290.0,282.2,1.45,1.75,1.4,1.7,36.84459,496400,4285100
2026-08-21 12:10:00,ATM+2,CE,290.0,282.15,1.6,1.7,1.45,1.5,34.90903,237250,4285100
2026-08-21 12:15:00,ATM+2,CE,290.0,281.8,1.5,1.5,1.4,1.4,34.751642,96725,4281450
2026-08-21 12:20:00,ATM+2,CE,295.0,284.05,1.3,1.4,0.8,1.15,37.879562,602250,1591400
2026-08-21 12:25:00,ATM+2,CE,295.0,285.2,1.15,1.3,1.15,1.3,36.977895,335800,1657100
2026-08-21 12:30:00,ATM+2,CE,295.0,283.3,1.3,1.3,1.0,1.0,37.696696,240900,1631550
2026-08-21 12:35:00,ATM+2,CE,295.0,283.55,1.0,1.05,0.95,1.05,37.806679,131400,1638850
2026-08-21 12:40:00,ATM+2,CE,295.0,283.7,1.05,1.15,1.05,1.1,38.122482,102200,1640675
2026-08-21 12:45:00,ATM+2,CE,295.0,283.8,1.05,1.1,1.05,1.1,37.911445,47450,1638850
2026-08-21 12:50:00,ATM+2,CE,295.0,284.4,1.05,1.25,1.05,1.25,38.375956,120450,1611475
2026-08-21 12:55:00,ATM+2,CE,295.0,283.9,1.2,1.25,1.1,1.1,37.716464,83950,1644325
2026-08-21 13:00:00,ATM+2,CE,295.0,283.15,1.1,1.1,1.0,1.0,38.129439,43800,1624250
2026-08-21 13:05:00,ATM+2,CE,295.0,282.75,1.05,1.05,0.9,0.9,37.661982,62050,1622425
2026-08-21 13:10:00,ATM+2,CE,295.0,283.15,0.9,0.95,0.9,0.95,37.491498,27375,1624250
2026-08-21 13:15:00,ATM+2,CE,295.0,282.7,0.95,0.95,0.85,0.85,37.095866,12775,1622425
2026-08-21 13:20:00,ATM+2,CE,295.0,282.55,0.85,1.65,0.85,0.85,37.434396,74825,1569500
2026-08-21 13:25:00,ATM+2,CE,295.0,282.6,0.9,0.9,0.85,0.9,38.054097,12775,1571325
2026-08-21 13:30:00,ATM+2,CE,295.0,282.8,0.85,0.9,0.85,0.85,36.929522,3650,1560375
2026-08-21 13:35:00,ATM+2,CE,295.0,282.85,0.9,0.9,0.85,0.85,36.838007,5475,1560375
2026-08-21 13:40:00,ATM+2,CE,295.0,282.85,0.85,0.85,0.85,0.85,36.85425,0,1560375
2026-08-21 13:45:00,ATM+2,CE,295.0,283.0,0.85,0.85,0.85,0.85,36.546541,18250,1560375
2026-08-21 13:50:00,ATM+2,CE,295.0,283.3,0.9,0.95,0.85,0.95,37.291832,32850,1551250
2026-08-21 13:55:00,ATM+2,CE,295.0,283.3,0.95,0.95,0.95,0.95,37.30832,14600,1545775
2026-08-21 14:00:00,ATM+2,CE,295.0,282.85,0.95,0.95,0.85,0.9,37.626562,21900,1536650
2026-08-21 14:05:00,ATM+2,CE,295.0,282.95,0.9,0.95,0.9,0.95,38.116025,12775,1540300
2026-08-21 14:10:00,ATM+2,CE,295.0,283.0,0.95,0.95,0.95,0.95,38.022391,0,1540300
2026-08-21 14:15:00,ATM+2,CE,295.0,283.0,0.95,0.95,0.85,0.85,36.643716,1825,1540300
2026-08-21 14:20:00,ATM+2,CE,295.0,282.8,0.85,0.85,0.8,0.8,36.368253,34675,1542125
2026-08-21 14:25:00,ATM+2,CE,295.0,282.95,0.8,0.8,0.8,0.8,36.063082,0,1542125
2026-08-21 14:30:00,ATM+2,CE,295.0,282.7,0.8,0.9,0.8,0.8,36.614598,29200,1542125
2026-08-21 14:35:00,ATM+2,CE,295.0,282.8,0.8,0.8,0.8,0.8,36.416786,10950,1542125
2026-08-21 14:40:00,ATM+2,CE,295.0,282.75,0.85,0.85,0.75,0.75,35.795668,7300,1540300
2026-08-21 14:45:00,ATM+2,CE,295.0,283.0,0.75,0.9,0.75,0.9,37.448121,51100,1542125
2026-08-21 14:50:00,ATM+2,CE,295.0,282.9,0.85,0.9,0.85,0.85,36.975272,3650,1538475
2026-08-21 14:55:00,ATM+2,CE,295.0,282.8,0.85,0.85,0.8,0.8,36.481779,23725,1547600
2026-08-21 15:00:00,ATM+2,CE,295.0,283.35,0.8,0.8,0.7,0.75,34.582938,34675,1547600
2026-08-21 15:05:00,ATM+2,CE,295.0,282.8,0.8,0.8,0.7,0.7,35.005596,23725,1547600
2026-08-21 15:10:00,ATM+2,CE,290.0,281.8,0.7,1.2,0.65,1.1,31.886571,98550,3790525
2026-08-21 15:15:00,ATM+2,CE,290.0,281.8,1.1,1.1,1.05,1.05,31.309495,91250,3810600
2026-08-21 15:20:00,ATM+2,CE,290.0,281.8,1.1,1.2,1.05,1.1,31.915466,21900,3797825
2026-08-21 15:25:00,ATM+2,CE,290.0,282.5,1.15,1.15,1.05,1.1,30.191384,56575,3781400
2026-08-21 15:30:00,ATM+2,CE,290.0,282.5,1.1,1.35,1.05,1.2,31.338623,91250,3774100
2026-08-21 15:35:00,ATM+2,CE,290.0,282.5,1.2,1.4,1.15,1.3,32.463351,158775,3744900
2026-08-24 09:15:00,ATM+2,CE,290.0,282.4,0.4,1.0,0.4,0.8,48.662947,217175,3788700
2026-08-24 09:20:00,ATM+2,CE,295.0,282.65,0.8,0.8,0.4,0.45,56.24832,65700,1387000
2026-08-24 09:25:00,ATM+2,CE,290.0,281.75,0.45,0.9,0.45,0.65,47.874842,180675,3806950
2026-08-24 09:30:00,ATM+2,CE,290.0,281.8,0.7,0.8,0.65,0.7,48.977484,63875,3792350
2026-08-24 09:35:00,ATM+2,CE,295.0,282.9,0.7,0.8,0.35,0.45,55.616674,49275,1339550
2026-08-24 09:40:00,ATM+2,CE,295.0,282.8,0.45,0.5,0.45,0.5,57.687323,73000,1348675
2026-08-24 09:45:00,ATM+2,CE,295.0,284.0,0.5,0.75,0.45,0.7,59.212629,217175,1259250
2026-08-24 09:50:00,ATM+2,CE,295.0,283.7,0.7,0.7,0.65,0.7,60.439122,177025,1251950
2026-08-24 09:55:00,ATM+2,CE,295.0,283.55,0.65,0.7,0.55,0.6,58.27402,67525,1279325
2026-08-24 10:00:00,ATM+2,CE,295.0,283.3,0.6,0.65,0.6,0.65,60.728802,20075,1277500
2026-08-24 10:05:00,ATM+2,CE,295.0,283.6,0.5,0.65,0.45,0.5,55.233798,67525,1241000
2026-08-24 10:10:00,ATM+2,CE,295.0,283.3,0.5,0.5,0.5,0.5,56.391328,0,1244650
2026-08-24 10:15:00,ATM+2,CE,295.0,283.55,0.5,0.5,0.45,0.45,53.959437,9125,1244650
2026-08-24 10:20:00,ATM+2,CE,295.0,283.0,0.45,0.45,0.45,0.45,55.981256,7300,1244650
2026-08-24 10:25:00,ATM+2,CE,295.0,283.1,0.45,0.45,0.4,0.4,53.979804,9125,1244650
2026-08-24 10:30:00,ATM+2,CE,295.0,282.55,0.4,0.4,0.4,0.4,55.961451,25550,1251950
2026-08-24 10:35:00,ATM+2,CE,295.0,282.65,0.75,0.85,0.4,0.4,55.69686,40150,1251950
2026-08-24 10:40:00,ATM+2,CE,295.0,284.0,0.4,0.4,0.4,0.4,51.069131,18250,1246475
2026-08-24 10:45:00,ATM+2,CE,295.0,284.05,0.4,0.4,0.4,0.4,50.967873,0,1246475
2026-08-24 10:50:00,ATM+2,CE,295.0,284.1,0.4,0.4,0.4,0.4,50.866336,7300,1244650
2026-08-24 10:55:00,ATM+2,CE,295.0,284.05,0.4,0.4,0.4,0.4,51.117712,5475,1250125
2026-08-24 11:00:00,ATM+2,CE,295.0,282.95,0.4,0.4,0.4,0.4,55.058968,0,1250125
2026-08-24 11:05:00,ATM+2,CE,295.0,282.7,0.35,0.4,0.3,0.3,52.119317,18250,1244650
2026-08-24 11:10:00,ATM+2,CE,290.0,282.4,0.3,0.6,0.3,0.6,45.41073,3650,3505825
2026-08-24 11:15:00,ATM+2,CE,290.0,282.25,0.3,0.6,0.25,0.55,44.771974,82125,3511300
2026-08-24 11:20:00,ATM+2,CE,290.0,282.05,0.5,0.55,0.5,0.55,45.639416,45625,3507650
2026-08-24 11:25:00,ATM+2,CE,290.0,281.95,0.55,0.55,0.5,0.5,44.721179,60225,3498525
2026-08-24 11:30:00,ATM+2,CE,290.0,282.05,0.5,0.5,0.5,0.5,44.395037,160600,3472975
2026-08-24 11:35:00,ATM+2,CE,290.0,281.45,0.5,0.5,0.4,0.4,43.78693,122275,3452900
2026-08-24 11:40:00,ATM+2,CE,290.0,281.35,0.45,0.45,0.4,0.45,45.787332,43800,3454725
2026-08-24 11:45:00,ATM+2,CE,290.0,281.45,0.45,0.45,0.45,0.45,45.472863,23725,3443775
2026-08-24 11:50:00,ATM+2,CE,290.0,281.8,0.45,0.55,0.45,0.55,47.060419,67525,3438300
2026-08-24 11:55:00,ATM+2,CE,290.0,281.5,0.55,0.55,0.55,0.55,48.334535,10950,3432825
2026-08-24 12:00:00,ATM+2,CE,290.0,281.7,0.55,0.6,0.55,0.6,48.977443,91250,3425525
2026-08-24 12:05:00,ATM+2,CE,290.0,281.85,0.55,0.6,0.55,0.6,48.438854,47450,3416400
2026-08-24 12:10:00,ATM+2,CE,290.0,281.3,0.6,0.65,0.6,0.6,50.759736,45625,3416400
2026-08-24 12:15:00,ATM+2,CE,295.0,282.65,0.5,0.6,0.25,0.3,53.402845,58400,1255600
2026-08-24 12:20:00,ATM+2,CE,295.0,282.65,0.8,0.8,0.3,0.3,53.485352,102200,1255600
2026-08-24 12:25:00,ATM+2,CE,295.0,282.55,0.4,0.4,0.3,0.4,57.923687,3650,1244650
2026-08-24 12:30:00,ATM+2,CE,295.0,283.2,0.4,0.4,0.4,0.4,55.681612,0,1244650
2026-08-24 12:35:00,ATM+2,CE,295.0,283.35,0.4,0.45,0.4,0.45,57.007213,3650,1244650
2026-08-24 12:40:00,ATM+2,CE,295.0,283.6,0.45,0.45,0.45,0.45,56.173411,3650,1248300
2026-08-24 12:45:00,ATM+2,CE,295.0,283.25,0.45,0.45,0.45,0.45,57.555024,14600,1250125
2026-08-24 12:50:00,ATM+2,CE,295.0,283.1,0.45,0.45,0.4,0.4,56.393265,7300,1251950
2026-08-24 12:55:00,ATM+2,CE,295.0,282.9,0.4,0.4,0.4,0.4,57.206236,10950,1266550
2026-08-24 13:00:00,ATM+2,CE,295.0,282.7,0.4,0.4,0.4,0.4,58.020537,0,1266550
2026-08-24 13:05:00,ATM+2,CE,295.0,282.7,0.35,0.7,0.35,0.35,56.160735,31025,1270200
2026-08-24 13:10:00,ATM+2,CE,295.0,283.15,0.35,0.35,0.35,0.35,54.649862,14600,1270200
2026-08-24 13:15:00,ATM+2,CE,295.0,283.25,0.35,0.35,0.35,0.35,54.380115,1825,1273850
2026-08-24 13:20:00,ATM+2,CE,295.0,283.55,0.35,0.4,0.35,0.4,55.28659,9125,1277500
2026-08-24 13:25:00,ATM+2,CE,295.0,283.75,0.4,0.4,0.4,0.4,54.639871,29200,1304875
2026-08-24 13:30:00,ATM+2,CE,295.0,283.3,0.4,0.4,0.35,0.35,54.463393,3650,1306700
2026-08-24 13:35:00,ATM+2,CE,295.0,283.65,0.35,0.35,0.35,0.35,53.290291,0,1306700
2026-08-24 13:40:00,ATM+2,CE,295.0,283.7,0.35,0.35,0.35,0.35,53.196008,16425,1319475
2026-08-24 13:45:00,ATM+2,CE,295.0,283.65,0.35,0.35,0.35,0.35,53.463853,9125,1324950
2026-08-24 13:50:00,ATM+2,CE,295.0,283.75,0.35,0.35,0.35,0.35,53.188319,5475,1324950
2026-08-24 13:55:00,ATM+2,CE,295.0,283.9,0.35,0.35,0.3,0.3,50.712968,7300,1334075
2026-08-24 14:00:00,ATM+2,CE,295.0,283.7,0.3,0.3,0.3,0.3,51.507644,5475,1339550
2026-08-24 14:05:00,ATM+2,CE,295.0,283.6,0.3,0.3,0.25,0.25,49.726692,7300,1341375
2026-08-24 14:10:00,ATM+2,CE,295.0,283.5,0.35,0.35,0.25,0.35,54.452416,3650,1341375
2026-08-24 14:15:00,ATM+2,CE,295.0,283.5,0.35,0.35,0.35,0.35,54.542862,0,1341375
2026-08-24 14:20:00,ATM+2,CE,295.0,283.4,0.35,0.35,0.35,0.35,54.999356,36500,1328600
2026-08-24 14:25:00,ATM+2,CE,295.0,283.6,0.35,0.35,0.35,0.35,54.358576,0,1328600
2026-08-24 14:30:00,ATM+2,CE,295.0,284.0,0.35,0.35,0.25,0.3,50.94633,18250,1337725
2026-08-24 14:35:00,ATM+2,CE,295.0,283.8,0.3,0.3,0.3,0.3,51.752238,7300,1341375
2026-08-24 14:40:00,ATM+2,CE,295.0,284.05,0.3,0.35,0.3,0.35,52.971149,20075,1348675
2026-08-24 14:45:00,ATM+2,CE,295.0,283.95,0.35,0.35,0.3,0.35,53.431673,31025,1354150
2026-08-24 14:50:00,ATM+2,CE,295.0,283.7,0.3,0.4,0.3,0.35,54.449211,49275,1357800
2026-08-24 14:55:00,ATM+2,CE,295.0,283.35,0.4,0.4,0.3,0.3,53.730444,21900,1359625
2026-08-24 15:00:00,ATM+2,CE,295.0,283.05,0.3,0.3,0.3,0.3,54.904243,27375,1381525
2026-08-24 15:05:00,ATM+2,CE,295.0,283.6,0.3,0.3,0.3,0.3,53.009421,1825,1381525
2026-08-24 15:10:00,ATM+2,CE,295.0,283.25,0.4,0.6,0.3,0.55,63.871283,140525,1394300
2026-08-24 15:15:00,ATM+2,CE,295.0,283.25,0.6,0.65,0.55,0.6,65.636092,65700,1407075
2026-08-24 15:20:00,ATM+2,CE,295.0,283.25,0.6,0.6,0.55,0.55,64.092511,102200,1412550
2026-08-24 15:25:00,ATM+2,CE,295.0,284.25,0.5,0.55,0.5,0.5,58.501794,41975,1418025
2026-08-24 15:30:00,ATM+2,CE,295.0,284.25,0.5,0.5,0.5,0.5,58.603983,5475,1414375
2026-08-24 15:35:00,ATM+2,CE,295.0,284.25,0.5,0.55,0.4,0.45,56.97185,94900,1423500
2026-08-25 09:15:00,ATM+2,CE,300.0,288.3,0.45,0.5,0.15,0.4,112.93721,273750,5821750
2026-08-25 09:20:00,ATM+2,CE,300.0,288.4,0.5,0.65,0.4,0.55,123.377609,1084050,5823575
2026-08-25 09:25:00,ATM+2,CE,300.0,289.1,0.6,0.65,0.55,0.6,121.844631,764675,5686700
2026-08-25 09:30:00,ATM+2,CE,295.0,286.95,1.05,1.1,0.4,0.45,92.098975,282875,1368750
2026-08-25 09:35:00,ATM+2,CE,295.0,287.0,0.5,0.5,0.25,0.45,92.32914,140525,1396125
2026-08-25 09:40:00,ATM+2,CE,295.0,286.35,0.45,0.45,0.45,0.45,98.314215,25550,1368750
2026-08-25 09:45:00,ATM+2,CE,295.0,284.85,0.35,0.45,0.2,0.2,90.497524,80300,1352325
2026-08-25 09:50:00,ATM+2,CE,295.0,284.8,0.15,0.25,0.15,0.25,96.403303,73000,1314000
2026-08-25 09:55:00,ATM+2,CE,295.0,284.8,0.25,0.25,0.2,0.2,92.181103,21900,1293925
2026-08-25 10:00:00,ATM+2,CE,295.0,284.1,0.2,0.3,0.2,0.2,97.901828,16425,1281150
2026-08-25 10:05:00,ATM+2,CE,295.0,284.9,0.2,0.2,0.2,0.2,92.843803,9125,1277500
2026-08-25 10:10:00,ATM+2,CE,295.0,285.25,0.2,0.2,0.2,0.2,90.98473,0,1273850
2026-08-25 10:15:00,ATM+2,CE,300.0,288.15,0.4,0.4,0.2,0.3,115.575953,125925,5248700
2026-08-25 10:20:00,ATM+2,CE,300.0,289.05,0.3,0.35,0.25,0.35,113.936696,958125,4690250
2026-08-25 10:25:00,ATM+2,CE,300.0,289.15,0.3,0.35,0.3,0.35,114.055307,142350,4715800
2026-08-25 10:30:00,ATM+2,CE,300.0,288.55,0.35,0.35,0.25,0.3,115.271856,149650,4662875
2026-08-25 10:35:00,ATM+2,CE,300.0,288.15,0.2,0.3,0.2,0.2,108.747318,12775,4650100
2026-08-25 10:40:00,ATM+2,CE,300.0,288.35,0.2,0.3,0.2,0.2,108.178759,374125,4589875
2026-08-25 10:45:00,ATM+2,CE,300.0,288.3,0.2,0.25,0.2,0.25,115.124736,51100,4573450
2026-08-25 10:50:00,ATM+2,CE,295.0,286.8,0.25,0.4,0.25,0.35,98.166247,45625,1370575
2026-08-25 10:55:00,ATM+2,CE,295.0,287.4,0.35,0.35,0.2,0.35,93.693083,69350,1332250
2026-08-25 11:00:00,ATM+2,CE,300.0,287.7,0.25,0.25,0.25,0.25,123.002758,82125,4533300
2026-08-25 11:05:00,ATM+2,CE,300.0,288.5,0.25,0.3,0.25,0.3,122.946318,41975,4513225
2026-08-25 11:10:00,ATM+2,CE,300.0,290.0,0.3,0.45,0.3,0.45,124.318101,341275,4403725
2026-08-25 11:15:00,ATM+2,CE,300.0,289.75,0.4,0.5,0.4,0.45,127.804954,357700,4425625
2026-08-25 11:20:00,ATM+2,CE,300.0,290.0,0.45,0.5,0.45,0.45,126.737143,282875,4496800
2026-08-25 11:25:00,ATM+2,CE,300.0,288.1,0.4,0.45,0.3,0.3,131.222305,175200,4498625
2026-08-25 11:30:00,ATM+2,CE,300.0,288.8,0.3,0.3,0.2,0.3,126.461421,36500,4474900
2026-08-25 11:35:00,ATM+2,CE,300.0,288.75,0.35,0.35,0.25,0.25,122.722441,32850,4471250
2026-08-25 11:40:00,ATM+2,CE,295.0,287.3,0.25,0.55,0.25,0.55,118.64234,47450,1467300
2026-08-25 11:45:00,ATM+2,CE,300.0,287.75,0.25,0.45,0.2,0.2,0.0,62050,4456650
2026-08-25 11:50:00,ATM+2,CE,300.0,287.9,0.2,0.25,0.2,0.25,0.0,10950,4449350
2026-08-25 11:55:00,ATM+2,CE,300.0,287.85,0.25,0.25,0.25,0.25,0.0,7300,4449350
2026-08-25 12:00:00,ATM+2,CE,295.0,287.5,0.25,0.4,0.2,0.4,110.186864,23725,1461825
2026-08-25 12:05:00,ATM+2,CE,300.0,288.15,0.2,0.25,0.2,0.2,0.0,104025,4401900
2026-08-25 12:10:00,ATM+2,CE,300.0,288.0,0.2,0.25,0.2,0.25,0.0,10950,4392775
2026-08-25 12:15:00,ATM+2,CE,300.0,288.35,0.2,0.25,0.15,0.2,0.0,144175,4292400
2026-08-25 12:20:00,ATM+2,CE,300.0,287.9,0.15,0.2,0.1,0.1,0.0,927100,4077050
2026-08-25 12:25:00,ATM+2,CE,295.0,286.8,0.15,0.15,0.1,0.1,89.314393,36500,1443575
2026-08-25 12:30:00,ATM+2,CE,295.0,286.95,0.1,0.1,0.05,0.05,78.401262,56575,1421675
2026-08-25 12:35:00,ATM+2,CE,295.0,286.85,0.1,0.1,0.05,0.05,80.317933,9125,1421675
2026-08-25 12:40:00,ATM+2,CE,295.0,287.0,0.05,0.1,0.05,0.05,80.192065,18250,1421675
2026-08-25 12:45:00,ATM+2,CE,295.0,287.2,0.05,0.05,0.05,0.05,79.647166,20075,1416200
2026-08-25 12:50:00,ATM+2,CE,295.0,287.5,0.05,0.05,0.05,0.05,78.223165,21900,1396125
2026-08-25 12:55:00,ATM+2,CE,300.0,287.55,0.05,0.1,0.05,0.05,0.0,65700,3460200
2026-08-25 13:00:00,ATM+2,CE,295.0,286.8,0.1,0.1,0.05,0.05,87.013721,301125,1105950
2026-08-25 13:05:00,ATM+2,CE,295.0,286.8,0.05,0.05,0.05,0.05,88.454696,9125,1060325
2026-08-25 13:10:00,ATM+2,CE,295.0,287.15,0.05,0.05,0.05,0.05,86.718803,43800,1031125
2026-08-25 13:15:00,ATM+2,CE,295.0,287.05,0.05,0.05,0.05,0.05,89.202581,14600,1001925
2026-08-25 13:20:00,ATM+2,CE,300.0,287.6,0.05,0.05,0.05,0.05,0.0,3650,3016725
2026-08-25 13:25:00,ATM+2,CE,295.0,287.4,0.1,0.1,0.1,0.1,101.548132,1825,998275
2026-08-25 13:30:00,ATM+2,CE,300.0,287.9,0.1,0.1,0.05,0.1,0.0,5475,3013075
2026-08-25 13:35:00,ATM+2,CE,300.0,288.1,0.1,0.1,0.1,0.1,0.0,0,2998475
2026-08-25 13:40:00,ATM+2,CE,300.0,288.1,0.1,0.1,0.05,0.05,0.0,69350,2934600
2026-08-25 13:45:00,ATM+2,CE,300.0,288.0,0.05,0.05,0.05,0.05,0.0,0,2934600
2026-08-25 13:50:00,ATM+2,CE,300.0,287.6,0.05,0.1,0.05,0.1,0.0,25550,2925475
2026-08-25 13:55:00,ATM+2,CE,295.0,287.5,0.05,0.1,0.05,0.05,100.519601,0,939875
2026-08-25 14:00:00,ATM+2,CE,295.0,287.4,0.1,0.1,0.05,0.1,118.814468,1825,881475
2026-08-25 14:05:00,ATM+2,CE,295.0,287.35,0.1,0.1,0.05,0.1,122.724077,0,881475
2026-08-25 14:10:00,ATM+2,CE,300.0,287.6,0.1,0.1,0.05,0.05,0.0,0,2892625
2026-08-25 14:15:00,ATM+2,CE,295.0,287.45,0.05,0.1,0.05,0.05,0.0,14600,876000
2026-08-25 14:20:00,ATM+2,CE,295.0,287.35,0.05,0.1,0.05,0.1,0.0,25550,863225
2026-08-25 14:25:00,ATM+2,CE,300.0,287.9,0.1,0.1,0.1,0.1,0.0,3650,2742975
2026-08-25 14:30:00,ATM+2,CE,300.0,287.9,0.1,0.1,0.1,0.1,0.0,5475,2742975
2026-08-25 14:35:00,ATM+2,CE,300.0,287.85,0.1,0.1,0.05,0.05,0.0,114975,2638950
2026-08-25 14:40:00,ATM+2,CE,300.0,287.85,0.05,0.05,0.05,0.05,0.0,18250,2620700
2026-08-25 14:45:00,ATM+2,CE,300.0,287.85,0.05,0.05,0.05,0.05,0.0,0,2617050
2026-08-25 14:50:00,ATM+2,CE,300.0,287.9,0.05,0.1,0.05,0.1,0.0,5475,2615225
2026-08-25 14:55:00,ATM+2,CE,300.0,287.65,0.1,0.1,0.05,0.05,0.0,5475,2609750
2026-08-25 15:00:00,ATM+2,CE,300.0,287.55,0.05,0.1,0.05,0.1,0.0,63875,2553175
2026-08-25 15:05:00,ATM+2,CE,300.0,287.55,0.05,0.1,0.05,0.05,0.0,25550,2529450
2026-08-25 15:10:00,ATM+2,CE,295.0,286.65,0.05,0.05,0.05,0.05,0.0,18250,693500
2026-08-25 15:15:00,ATM+2,CE,295.0,286.65,0.05,0.1,0.05,0.1,0.0,31025,667950
2026-08-25 15:20:00,ATM+2,CE,295.0,286.65,0.1,0.1,0.05,0.05,0.0,12775,667950
2026-08-25 15:25:00,ATM+2,CE,295.0,287.4,0.1,0.1,0.05,0.05,0.0,198925,629625
2026-08-25 15:30:00,ATM+2,CE,295.0,287.4,0.05,0.6,0.05,0.6,0.0,3650,629625
2026-08-25 15:35:00,ATM+2,CE,295.0,287.4,0.6,0.6,0.6,0.6,0.0,0,629625
2026-08-20 09:20:00,ATM+2,PE,285.0,274.4,11.5,11.5,11.5,11.5,35.649519,3650,808475
2026-08-20 09:25:00,ATM+2,PE,290.0,277.75,11.5,13.6,9.5,13.6,43.351096,14600,1202675
2026-08-20 09:30:00,ATM+2,PE,290.0,279.3,13.6,13.6,12.0,12.3,42.285736,21900,1195375
2026-08-20 09:35:00,ATM+2,PE,290.0,282.3,12.3,16.05,9.7,9.8,39.434471,29200,1202675
2026-08-20 09:40:00,ATM+2,PE,295.0,284.2,9.8,13.45,9.8,12.9,46.408549,9125,1082225
2026-08-20 09:45:00,ATM+2,PE,290.0,281.2,12.9,12.9,8.9,10.05,34.59758,16425,1162525
2026-08-20 09:50:00,ATM+2,PE,290.0,279.9,10.35,11.65,10.05,11.65,40.459114,85775,1160700
2026-08-20 09:55:00,ATM+2,PE,290.0,280.7,11.6,12.15,10.8,10.8,38.122501,52925,1158875
2026-08-20 10:00:00,ATM+2,PE,290.0,280.3,10.7,10.9,10.3,10.7,34.22834,27375,1157050
2026-08-20 10:05:00,ATM+2,PE,290.0,279.5,10.7,11.7,10.7,11.7,38.024253,9125,1158875
2026-08-20 10:10:00,ATM+2,PE,290.0,280.45,11.7,11.7,10.15,10.8,36.373023,52925,1158875
2026-08-20 10:15:00,ATM+2,PE,290.0,281.2,10.85,11.2,10.4,10.4,37.889396,9125,1158875
2026-08-20 10:20:00,ATM+2,PE,290.0,281.0,10.3,10.65,10.3,10.55,37.924271,5475,1158875
2026-08-20 10:25:00,ATM+2,PE,290.0,281.15,10.55,11.0,10.35,10.7,40.275248,25550,1147925
2026-08-20 10:30:00,ATM+2,PE,290.0,280.7,10.7,11.0,10.7,11.0,40.03619,9125,1144275
2026-08-20 10:35:00,ATM+2,PE,290.0,281.15,10.8,11.0,10.75,10.8,41.1832,7300,1142450
2026-08-20 10:40:00,ATM+2,PE,290.0,281.0,10.8,10.8,10.8,10.8,40.232691,1825,1140625
2026-08-20 10:45:00,ATM+2,PE,290.0,280.85,10.8,10.8,10.7,10.7,38.33639,5475,1135150
2026-08-20 10:50:00,ATM+2,PE,290.0,281.0,10.7,10.7,10.7,10.7,39.355539,0,1133325
2026-08-20 10:55:00,ATM+2,PE,290.0,280.25,10.7,10.7,10.7,10.7,33.931,0,1131500
2026-08-20 11:00:00,ATM+2,PE,290.0,280.15,10.7,11.2,10.7,11.2,38.130148,9125,1131500
2026-08-20 11:05:00,ATM+2,PE,290.0,280.2,11.2,11.3,11.2,11.3,39.453921,1825,1129675
2026-08-20 11:10:00,ATM+2,PE,290.0,280.2,11.2,11.3,11.15,11.15,38.035891,32850,1100475
2026-08-20 11:15:00,ATM+2,PE,290.0,280.45,11.15,11.2,11.15,11.2,40.282898,5475,1100475
2026-08-20 11:20:00,ATM+2,PE,290.0,280.45,11.2,11.2,11.2,11.2,40.294481,1825,1096825
2026-08-20 11:25:00,ATM+2,PE,290.0,280.7,11.2,11.2,10.7,10.7,37.3785,9125,1089525
2026-08-20 11:30:00,ATM+2,PE,290.0,280.75,10.7,10.85,10.7,10.85,39.136047,1825,1087700
2026-08-20 11:35:00,ATM+2,PE,290.0,280.3,10.85,11.3,10.85,11.15,38.812542,5475,1087700
2026-08-20 11:40:00,ATM+2,PE,290.0,279.3,11.15,11.15,11.15,11.15,30.453253,1825,1082225
2026-08-20 11:45:00,ATM+2,PE,290.0,279.2,11.6,11.95,11.15,11.8,36.848979,41975,1049375
2026-08-20 11:50:00,ATM+2,PE,290.0,279.5,11.8,11.8,11.8,11.8,39.243828,0,1049375
2026-08-20 11:55:00,ATM+2,PE,290.0,279.45,11.8,12.15,11.8,12.15,42.285082,7300,1049375
2026-08-20 12:00:00,ATM+2,PE,290.0,279.2,12.15,12.15,11.95,12.0,38.943376,5475,1045725
2026-08-20 12:05:00,ATM+2,PE,290.0,278.8,12.0,12.15,12.0,12.15,37.228578,3650,1045725
2026-08-20 12:10:00,ATM+2,PE,290.0,279.6,12.15,12.15,12.1,12.1,42.914322,5475,1045725
2026-08-20 12:15:00,ATM+2,PE,290.0,280.0,12.1,12.1,12.1,12.1,45.632809,0,1045725
2026-08-20 12:20:00,ATM+2,PE,290.0,280.35,12.1,12.1,11.0,11.0,37.837587,5475,1043900
2026-08-20 12:25:00,ATM+2,PE,290.0,280.45,11.0,11.0,11.0,11.0,38.569929,0,1043900
2026-08-20 12:30:00,ATM+2,PE,290.0,280.3,11.2,11.2,11.0,11.2,39.409733,3650,1043900
2026-08-20 12:35:00,ATM+2,PE,290.0,280.7,11.2,11.2,10.8,10.8,38.47074,7300,1043900
2026-08-20 12:40:00,ATM+2,PE,290.0,280.7,10.8,10.95,10.8,10.95,39.877665,3650,1043900
2026-08-20 12:45:00,ATM+2,PE,290.0,281.2,10.95,10.95,10.95,10.95,43.136713,0,1043900
2026-08-20 12:50:00,ATM+2,PE,290.0,281.4,10.95,10.95,10.25,10.25,38.195109,1825,1047550
2026-08-20 12:55:00,ATM+2,PE,290.0,281.8,10.25,10.25,9.9,9.9,37.669483,12775,1045725
2026-08-20 13:00:00,ATM+2,PE,290.0,281.2,10.05,10.35,9.9,10.35,37.789657,9125,1045725
2026-08-20 13:05:00,ATM+2,PE,290.0,281.2,10.35,10.6,10.35,10.4,38.260703,3650,1043900
2026-08-20 13:10:00,ATM+2,PE,290.0,281.2,10.5,10.5,10.4,10.4,38.271825,21900,1038425
2026-08-20 13:15:00,ATM+2,PE,290.0,281.5,10.3,10.4,10.1,10.15,38.004937,18250,1025650
2026-08-20 13:20:00,ATM+2,PE,290.0,281.45,10.15,10.15,10.15,10.15,37.683713,0,1025650
2026-08-20 13:25:00,ATM+2,PE,290.0,281.6,10.15,10.15,10.1,10.1,38.232257,1825,1025650
2026-08-20 13:30:00,ATM+2,PE,290.0,282.15,10.1,10.1,9.85,9.85,39.506737,7300,1023825
2026-08-20 13:35:00,ATM+2,PE,290.0,282.0,9.85,9.95,9.65,9.7,37.25873,10950,1018350
2026-08-20 13:40:00,ATM+2,PE,290.0,281.9,9.7,9.75,9.65,9.75,37.070889,5475,1016525
2026-08-20 13:45:00,ATM+2,PE,290.0,281.3,9.75,10.2,9.75,10.2,37.182854,25550,992800
2026-08-20 13:50:00,ATM+2,PE,290.0,281.25,10.2,10.2,9.85,9.85,33.502438,9125,989150
2026-08-20 13:55:00,ATM+2,PE,290.0,281.4,10.0,10.0,9.75,9.75,33.651058,9125,983675
2026-08-20 14:00:00,ATM+2,PE,290.0,281.4,9.7,9.75,9.6,9.65,32.68399,9125,978200
2026-08-20 14:05:00,ATM+2,PE,290.0,281.55,9.65,9.65,9.6,9.65,33.800364,14600,970900
2026-08-20 14:10:00,ATM+2,PE,290.0,281.05,9.6,10.1,9.6,9.95,33.00531,7300,963600
2026-08-20 14:15:00,ATM+2,PE,290.0,280.45,9.9,10.55,9.9,10.55,34.371132,21900,959950
2026-08-20 14:20:00,ATM+2,PE,290.0,280.6,10.25,10.55,10.25,10.3,33.012982,5475,959950
2026-08-20 14:25:00,ATM+2,PE,290.0,281.0,10.3,10.5,10.3,10.3,36.09626,5475,965425
2026-08-20 14:30:00,ATM+2,PE,290.0,280.8,10.3,10.3,10.25,10.25,34.114392,9125,965425
2026-08-20 14:35:00,ATM+2,PE,290.0,280.9,10.25,10.25,10.25,10.25,34.889958,0,965425
2026-08-20 14:40:00,ATM+2,PE,290.0,280.85,10.25,10.25,10.25,10.25,34.519558,0,965425
2026-08-20 14:45:00,ATM+2,PE,290.0,280.85,10.4,10.4,10.25,10.4,36.006637,1825,965425
2026-08-20 14:50:00,ATM+2,PE,290.0,280.3,10.4,10.4,10.4,10.4,31.579825,0,963600
2026-08-20 14:55:00,ATM+2,PE,290.0,280.55,10.4,10.6,10.4,10.6,35.73852,18250,963600
2026-08-20 15:00:00,ATM+2,PE,290.0,280.2,10.75,10.85,10.6,10.75,34.500096,9125,967250
2026-08-20 15:05:00,ATM+2,PE,290.0,280.0,10.55,10.95,10.55,10.75,32.802805,10950,965425
2026-08-20 15:10:00,ATM+2,PE,290.0,279.65,10.75,10.9,10.7,10.7,28.80784,3650,959950
2026-08-20 15:15:00,ATM+2,PE,290.0,279.65,10.65,10.7,10.6,10.6,27.496796,7300,959950
2026-08-20 15:20:00,ATM+2,PE,290.0,279.65,10.6,10.6,10.6,10.6,27.503095,0,959950
2026-08-20 15:25:00,ATM+2,PE,290.0,279.0,10.6,11.4,10.6,11.4,30.762438,1825,959950
2026-08-20 15:30:00,ATM+2,PE,290.0,279.0,11.4,11.5,11.2,11.4,30.77008,14600,959950
2026-08-20 15:35:00,ATM+2,PE,290.0,279.0,11.4,11.4,11.35,11.35,30.126222,1825,959950
2026-08-21 09:15:00,ATM+2,PE,290.0,280.05,11.15,11.15,11.15,11.15,40.078827,0,958125
2026-08-21 09:20:00,ATM+2,PE,290.0,280.75,11.15,11.45,9.55,9.9,32.064185,5475,958125
2026-08-21 09:25:00,ATM+2,PE,290.0,279.6,9.9,9.9,9.9,9.9,0.0,0,958125
2026-08-21 09:30:00,ATM+2,PE,290.0,279.3,9.9,9.9,9.9,9.9,0.0,0,958125
2026-08-21 09:35:00,ATM+2,PE,290.0,279.3,9.9,9.9,9.9,9.9,0.0,0,958125
2026-08-21 09:40:00,ATM+2,PE,290.0,279.3,9.9,11.2,9.9,11.2,33.422689,10950,958125
2026-08-21 09:45:00,ATM+2,PE,290.0,279.3,11.3,11.45,11.2,11.35,35.418812,47450,934400
2026-08-21 09:50:00,ATM+2,PE,290.0,279.75,11.0,11.35,11.0,11.1,36.878173,63875,886950
2026-08-21 09:55:00,ATM+2,PE,290.0,278.8,11.1,11.55,11.1,11.4,30.043857,9125,879650
2026-08-21 10:00:00,ATM+2,PE,290.0,278.15,11.4,12.1,11.4,12.1,32.180821,5475,879650
2026-08-21 10:05:00,ATM+2,PE,290.0,278.0,12.1,12.1,12.1,12.1,29.887425,0,879650
2026-08-21 10:10:00,ATM+2,PE,290.0,278.0,12.1,12.1,12.1,12.1,29.895083,0,879650
2026-08-21 10:15:00,ATM+2,PE,290.0,277.6,12.1,12.9,8.15,12.9,37.181148,3650,877825
2026-08-21 10:20:00,ATM+2,PE,290.0,277.65,8.35,12.9,8.35,12.9,37.800957,0,877825
2026-08-21 10:25:00,ATM+2,PE,290.0,277.7,12.9,12.9,12.45,12.45,31.413785,7300,877825
2026-08-21 10:30:00,ATM+2,PE,290.0,277.7,12.45,12.45,12.1,12.1,23.298755,5475,877825
2026-08-21 10:35:00,ATM+2,PE,285.0,277.3,12.1,12.6,8.6,8.6,31.906873,3650,872350
2026-08-21 10:40:00,ATM+2,PE,285.0,277.15,8.75,8.75,8.35,8.35,27.581862,9125,872350
2026-08-21 10:45:00,ATM+2,PE,285.0,277.2,8.7,8.7,8.35,8.7,32.181357,1825,872350
2026-08-21 10:50:00,ATM+2,PE,285.0,276.95,8.7,8.7,8.7,8.7,29.913487,0,870525
2026-08-21 10:55:00,ATM+2,PE,285.0,277.3,9.1,9.1,8.7,8.95,35.73703,10950,876000
2026-08-21 11:00:00,ATM+2,PE,285.0,276.9,12.6,12.6,8.95,8.95,32.400984,0,876000
2026-08-21 11:05:00,ATM+2,PE,285.0,276.65,8.95,9.05,8.95,9.05,31.267759,3650,879650
2026-08-21 11:10:00,ATM+2,PE,285.0,276.7,9.05,9.1,9.05,9.1,32.34028,1825,881475
2026-08-21 11:15:00,ATM+2,PE,285.0,276.75,9.1,9.35,9.1,9.35,35.617455,3650,881475
2026-08-21 11:20:00,ATM+2,PE,285.0,277.25,9.35,9.35,9.35,9.35,39.552178,0,881475
2026-08-21 11:25:00,ATM+2,PE,285.0,277.05,9.35,9.35,9.35,9.35,38.057398,0,881475
2026-08-21 11:30:00,ATM+2,PE,285.0,277.4,9.35,9.35,9.35,9.35,40.669822,0,881475
2026-08-21 11:35:00,ATM+2,PE,285.0,277.45,9.35,9.35,9.35,9.35,41.040418,0,881475
2026-08-21 11:40:00,ATM+2,PE,290.0,279.2,11.85,12.5,11.0,11.0,29.410449,21900,854100
2026-08-21 11:45:00,ATM+2,PE,290.0,280.1,10.8,11.0,10.3,10.3,30.54612,25550,857750
2026-08-21 11:50:00,ATM+2,PE,290.0,280.3,10.3,10.35,10.3,10.35,33.421419,10950,846800
2026-08-21 11:55:00,ATM+2,PE,290.0,280.35,10.0,10.35,10.0,10.0,29.316006,10950,821250
2026-08-21 12:00:00,ATM+2,PE,290.0,281.3,10.0,10.1,9.3,9.3,30.502071,34675,819425
2026-08-21 12:05:00,ATM+2,PE,290.0,282.2,9.3,9.3,9.0,9.0,35.071439,23725,810300
2026-08-21 12:10:00,ATM+2,PE,290.0,282.15,9.0,9.1,9.0,9.1,35.738665,29200,795700
2026-08-21 12:15:00,ATM+2,PE,290.0,281.8,9.1,9.25,9.1,9.25,34.519173,5475,795700
2026-08-21 12:20:00,ATM+2,PE,295.0,284.05,9.25,13.65,9.25,11.75,37.682579,73000,998275
2026-08-21 12:25:00,ATM+2,PE,295.0,285.2,11.75,11.75,11.1,11.1,40.687422,1825,1000100
2026-08-21 12:30:00,ATM+2,PE,295.0,283.3,10.9,11.1,10.9,10.9,0.0,3650,998275
2026-08-21 12:35:00,ATM+2,PE,295.0,283.55,10.9,10.9,10.9,10.9,0.0,0,998275
2026-08-21 12:40:00,ATM+2,PE,295.0,283.7,10.9,11.8,10.9,11.8,34.590957,3650,994625
2026-08-21 12:45:00,ATM+2,PE,295.0,283.8,11.8,11.8,11.8,11.8,35.743989,0,996450
2026-08-21 12:50:00,ATM+2,PE,295.0,284.4,11.8,11.8,11.8,11.8,41.641174,0,996450
2026-08-21 12:55:00,ATM+2,PE,295.0,283.9,11.8,11.8,11.8,11.8,36.852893,0,996450
2026-08-21 13:00:00,ATM+2,PE,295.0,283.15,11.8,11.8,11.8,11.8,26.407965,0,996450
2026-08-21 13:05:00,ATM+2,PE,295.0,282.75,11.8,11.8,11.8,11.8,0.0,0,996450
2026-08-21 13:10:00,ATM+2,PE,295.0,283.15,11.8,11.8,11.8,11.8,26.418624,0,996450
2026-08-21 13:15:00,ATM+2,PE,295.0,282.7,11.8,11.8,11.8,11.8,0.0,0,996450
2026-08-21 13:20:00,ATM+2,PE,295.0,282.55,11.8,13.05,8.35,13.05,38.575371,1825,996450
2026-08-21 13:25:00,ATM+2,PE,295.0,282.6,13.05,13.05,13.05,13.05,39.167936,0,996450
2026-08-21 13:30:00,ATM+2,PE,295.0,282.8,13.05,13.05,12.5,12.5,33.616235,3650,994625
2026-08-21 13:35:00,ATM+2,PE,295.0,282.85,12.5,12.5,12.5,12.5,34.31172,0,994625
2026-08-21 13:40:00,ATM+2,PE,295.0,282.85,12.5,12.5,12.5,12.5,34.322516,0,994625
2026-08-21 13:45:00,ATM+2,PE,295.0,283.0,12.5,12.5,12.5,12.5,36.250926,0,994625
2026-08-21 13:50:00,ATM+2,PE,295.0,283.3,12.5,12.5,12.5,12.5,39.642673,0,994625
2026-08-21 13:55:00,ATM+2,PE,295.0,283.3,12.5,12.5,12.5,12.5,39.6566,0,994625
2026-08-21 14:00:00,ATM+2,PE,295.0,282.85,12.5,12.6,12.5,12.6,35.880338,1825,990975
2026-08-21 14:05:00,ATM+2,PE,295.0,282.95,12.6,12.6,12.6,12.6,37.118344,0,990975
2026-08-21 14:10:00,ATM+2,PE,295.0,283.0,12.6,12.6,12.6,12.6,37.718429,0,990975
2026-08-21 14:15:00,ATM+2,PE,295.0,283.0,12.6,12.6,12.6,12.6,37.731277,0,990975
2026-08-21 14:20:00,ATM+2,PE,295.0,282.8,12.6,12.6,12.6,12.6,35.283589,0,990975
2026-08-21 14:25:00,ATM+2,PE,295.0,282.95,12.6,12.6,12.6,12.6,37.168432,0,990975
2026-08-21 14:30:00,ATM+2,PE,295.0,282.7,12.6,12.6,12.6,12.6,33.946143,0,990975
2026-08-21 14:35:00,ATM+2,PE,295.0,282.8,12.6,12.6,12.6,12.6,35.317897,0,990975
2026-08-21 14:40:00,ATM+2,PE,295.0,282.75,12.6,12.6,12.6,12.6,34.661147,0,990975
2026-08-21 14:45:00,ATM+2,PE,295.0,283.0,12.6,12.6,12.6,12.6,37.808772,1825,989150
2026-08-21 14:50:00,ATM+2,PE,295.0,282.9,12.6,12.7,12.6,12.7,38.042421,3650,987325
2026-08-21 14:55:00,ATM+2,PE,295.0,282.8,12.7,12.7,12.7,12.7,36.85248,0,987325
2026-08-21 15:00:00,ATM+2,PE,295.0,283.35,12.7,12.7,12.7,12.7,42.834636,1825,983675
2026-08-21 15:05:00,ATM+2,PE,295.0,282.8,12.7,12.7,12.7,12.7,36.877269,0,983675
2026-08-21 15:10:00,ATM+2,PE,290.0,281.8,12.7,12.7,8.25,8.55,26.462633,3650,739125
2026-08-21 15:15:00,ATM+2,PE,290.0,281.8,8.55,8.75,8.55,8.75,29.092452,7300,742775
2026-08-21 15:20:00,ATM+2,PE,290.0,281.8,8.75,8.75,8.3,8.3,22.767337,9125,740950
2026-08-21 15:25:00,ATM+2,PE,290.0,282.5,8.35,8.55,8.2,8.2,29.244211,14600,733650
2026-08-21 15:30:00,ATM+2,PE,290.0,282.5,8.2,8.2,7.35,7.6,21.325231,5475,733650
2026-08-21 15:35:00,ATM+2,PE,290.0,282.5,7.6,8.25,7.6,8.1,28.076525,3650,733650
2026-08-24 09:30:00,ATM+2,PE,290.0,281.8,8.0,8.0,8.0,8.0,0.0,3650,733650
2026-08-24 09:35:00,ATM+2,PE,295.0,282.9,8.0,12.6,8.0,12.6,60.357505,1825,987325
2026-08-24 09:40:00,ATM+2,PE,295.0,282.8,12.6,12.6,12.6,12.6,57.71077,0,987325
2026-08-24 09:45:00,ATM+2,PE,295.0,284.0,12.6,12.6,11.35,11.35,51.930835,3650,987325
2026-08-24 09:50:00,ATM+2,PE,295.0,283.7,11.35,11.35,11.35,11.35,40.841438,0,987325
2026-08-24 09:55:00,ATM+2,PE,295.0,283.55,11.35,11.35,11.35,11.35,0.0,0,987325
2026-08-24 10:00:00,ATM+2,PE,295.0,283.3,11.35,11.35,11.35,11.35,0.0,0,987325
2026-08-24 10:05:00,ATM+2,PE,295.0,283.6,11.35,11.65,11.25,11.25,0.0,18250,987325
2026-08-24 10:10:00,ATM+2,PE,295.0,283.3,11.25,11.25,11.25,11.25,0.0,0,987325
2026-08-24 10:15:00,ATM+2,PE,295.0,283.55,11.25,11.25,11.25,11.25,0.0,0,987325
2026-08-24 10:20:00,ATM+2,PE,295.0,283.0,11.25,11.25,11.25,11.25,0.0,0,987325
2026-08-24 10:25:00,ATM+2,PE,295.0,283.1,11.25,11.25,11.25,11.25,0.0,0,987325
2026-08-24 10:30:00,ATM+2,PE,295.0,282.55,11.25,11.25,11.25,11.25,0.0,0,987325
2026-08-24 10:35:00,ATM+2,PE,295.0,282.65,7.0,11.95,7.0,11.95,0.0,1825,987325
2026-08-24 10:40:00,ATM+2,PE,295.0,284.0,11.95,11.95,11.7,11.7,62.749332,7300,985500
2026-08-24 10:45:00,ATM+2,PE,295.0,284.05,11.7,11.7,11.7,11.7,63.922172,0,985500
2026-08-24 10:50:00,ATM+2,PE,295.0,284.1,11.7,11.7,11.7,11.7,65.06777,0,985500
2026-08-24 10:55:00,ATM+2,PE,295.0,284.05,11.7,11.7,11.7,11.7,64.095502,0,985500
2026-08-24 11:00:00,ATM+2,PE,295.0,282.95,11.7,11.7,11.7,11.7,0.0,0,985500
2026-08-24 11:05:00,ATM+2,PE,295.0,282.7,11.7,11.7,11.7,11.7,0.0,0,985500
2026-08-24 11:10:00,ATM+2,PE,290.0,282.4,11.7,11.7,7.05,7.05,0.0,0,700800
2026-08-24 11:15:00,ATM+2,PE,290.0,282.25,11.7,11.7,7.05,7.05,0.0,0,706275
2026-08-24 11:20:00,ATM+2,PE,290.0,282.05,7.05,7.8,7.05,7.8,0.0,3650,704450
2026-08-24 11:25:00,ATM+2,PE,290.0,281.95,7.8,7.8,7.8,7.8,0.0,0,704450
2026-08-24 11:30:00,ATM+2,PE,290.0,282.05,7.6,7.8,7.6,7.75,0.0,7300,709925
2026-08-24 11:35:00,ATM+2,PE,290.0,281.45,7.85,8.5,7.75,8.5,26.919207,32850,724525
2026-08-24 11:40:00,ATM+2,PE,290.0,281.35,8.5,8.6,8.5,8.6,27.202725,7300,726350
2026-08-24 11:45:00,ATM+2,PE,290.0,281.45,8.6,8.6,8.55,8.55,30.973912,1825,726350
2026-08-24 11:50:00,ATM+2,PE,290.0,281.8,8.45,8.55,8.45,8.45,40.783361,3650,720875
2026-08-24 11:55:00,ATM+2,PE,290.0,281.5,8.45,8.45,8.45,8.45,26.832619,0,720875
2026-08-24 12:00:00,ATM+2,PE,290.0,281.7,8.45,8.45,8.2,8.2,0.0,5475,717225
2026-08-24 12:05:00,ATM+2,PE,290.0,281.85,8.2,8.4,8.2,8.4,40.758011,27375,715400
2026-08-24 12:10:00,ATM+2,PE,290.0,281.3,8.4,8.4,8.4,8.4,0.0,0,715400
2026-08-24 12:15:00,ATM+2,PE,295.0,282.65,8.4,12.95,8.4,12.95,66.989612,0,990975
2026-08-24 12:20:00,ATM+2,PE,295.0,282.65,8.05,12.95,8.05,12.95,67.084694,0,990975
2026-08-24 12:25:00,ATM+2,PE,295.0,282.55,12.95,12.95,12.95,12.95,64.500926,0,990975
2026-08-24 12:30:00,ATM+2,PE,295.0,283.2,12.95,12.95,12.95,12.95,79.42141,0,990975
2026-08-24 12:35:00,ATM+2,PE,295.0,283.35,12.95,12.95,12.95,12.95,82.369171,0,990975
2026-08-24 12:40:00,ATM+2,PE,295.0,283.6,12.95,12.95,12.95,12.95,86.917418,0,990975
2026-08-24 12:45:00,ATM+2,PE,295.0,283.25,12.95,12.95,12.95,12.95,80.737736,0,990975
2026-08-24 12:50:00,ATM+2,PE,295.0,283.1,12.95,12.95,12.95,12.95,77.904574,0,990975
2026-08-24 12:55:00,ATM+2,PE,295.0,282.9,12.95,12.95,12.95,12.95,73.767531,0,990975
2026-08-24 13:00:00,ATM+2,PE,295.0,282.7,12.95,12.95,12.95,12.95,69.142648,0,990975
2026-08-24 13:05:00,ATM+2,PE,295.0,282.7,12.95,12.95,7.35,12.95,69.244127,0,990975
2026-08-24 13:10:00,ATM+2,PE,295.0,283.15,12.95,12.95,12.95,12.95,79.382039,0,990975
2026-08-24 13:15:00,ATM+2,PE,295.0,283.25,12.95,12.95,12.95,12.95,81.46774,0,990975
2026-08-24 13:20:00,ATM+2,PE,295.0,283.55,12.95,12.95,12.95,12.95,87.104504,0,990975
2026-08-24 13:25:00,ATM+2,PE,295.0,283.75,12.95,12.95,12.95,12.95,90.654583,0,990975
2026-08-24 13:30:00,ATM+2,PE,295.0,283.3,12.95,12.95,12.95,12.95,82.801374,0,990975
2026-08-24 13:35:00,ATM+2,PE,295.0,283.65,12.95,12.95,12.95,12.95,89.244325,0,990975
2026-08-24 13:40:00,ATM+2,PE,295.0,283.7,12.95,12.95,12.95,12.95,90.235134,0,990975
2026-08-24 13:45:00,ATM+2,PE,295.0,283.65,12.95,12.95,12.95,12.95,89.521938,0,990975
2026-08-24 13:50:00,ATM+2,PE,295.0,283.75,12.95,12.95,12.95,12.95,91.361139,0,990975
2026-08-24 13:55:00,ATM+2,PE,295.0,283.9,12.95,12.95,12.95,12.95,93.979171,0,990975
2026-08-24 14:00:00,ATM+2,PE,295.0,283.7,12.95,12.95,12.95,12.95,90.80165,0,990975
2026-08-24 14:05:00,ATM+2,PE,295.0,283.6,12.95,12.95,12.95,12.95,89.21406,0,990975
2026-08-24 14:10:00,ATM+2,PE,295.0,283.5,12.95,12.95,12.95,12.95,87.572034,0,990975
2026-08-24 14:15:00,ATM+2,PE,295.0,283.5,12.95,12.95,12.95,12.95,87.71076,0,990975
2026-08-24 14:20:00,ATM+2,PE,295.0,283.4,12.95,12.95,10.55,10.85,0.0,34675,978200
2026-08-24 14:25:00,ATM+2,PE,295.0,283.6,10.85,10.85,10.85,10.85,0.0,0,978200
2026-08-24 14:30:00,ATM+2,PE,295.0,284.0,10.85,10.85,10.5,10.5,0.0,1825,976375
2026-08-24 14:35:00,ATM+2,PE,295.0,283.8,10.5,10.5,10.25,10.25,0.0,1825,976375
2026-08-24 14:40:00,ATM+2,PE,295.0,284.05,10.25,10.6,10.25,10.6,0.0,1825,974550
2026-08-24 14:45:00,ATM+2,PE,295.0,283.95,10.6,10.6,10.6,10.6,0.0,0,974550
2026-08-24 14:50:00,ATM+2,PE,295.0,283.7,10.2,10.6,10.1,10.1,0.0,5475,970900
2026-08-24 14:55:00,ATM+2,PE,295.0,283.35,10.1,10.1,10.1,10.1,0.0,0,970900
2026-08-24 15:00:00,ATM+2,PE,295.0,283.05,10.9,11.2,10.1,11.2,0.0,14600,965425
2026-08-24 15:05:00,ATM+2,PE,295.0,283.6,11.55,11.55,11.2,11.55,49.89677,1825,963600
2026-08-24 15:10:00,ATM+2,PE,295.0,283.25,11.55,11.55,10.3,10.95,0.0,9125,958125
2026-08-24 15:15:00,ATM+2,PE,295.0,283.25,10.95,10.95,10.35,10.35,0.0,10950,961775
2026-08-24 15:20:00,ATM+2,PE,295.0,283.25,10.35,10.35,9.55,9.55,0.0,7300,950825
2026-08-24 15:25:00,ATM+2,PE,295.0,284.25,9.55,10.3,9.55,10.3,0.0,1825,945350
2026-08-24 15:30:00,ATM+2,PE,295.0,284.25,10.3,10.3,10.3,10.3,0.0,0,945350
2026-08-24 15:35:00,ATM+2,PE,295.0,284.25,10.3,10.6,10.3,10.6,0.0,23725,952650
2026-08-25 09:15:00,ATM+2,PE,295.0,284.95,13.5,13.5,10.9,10.9,130.193683,368650,810300
2026-08-25 09:20:00,ATM+2,PE,300.0,288.4,13.2,13.2,11.95,12.0,114.534066,54750,823075
2026-08-25 09:25:00,ATM+2,PE,300.0,289.1,12.0,12.0,12.0,12.0,150.183743,0,819425
2026-08-25 09:30:00,ATM+2,PE,295.0,286.95,6.65,8.95,6.55,8.15,65.903596,45625,660650
2026-08-25 09:35:00,ATM+2,PE,295.0,287.0,8.45,8.45,8.15,8.2,75.821262,5475,655175
2026-08-25 09:40:00,ATM+2,PE,295.0,286.35,7.8,8.2,7.8,8.0,0.0,14600,649700
2026-08-25 09:45:00,ATM+2,PE,295.0,284.85,9.05,10.65,8.0,10.65,115.964653,27375,627800
2026-08-25 09:50:00,ATM+2,PE,295.0,284.8,9.8,10.65,9.8,10.4,93.46939,36500,600425
2026-08-25 09:55:00,ATM+2,PE,295.0,284.8,10.25,10.4,9.95,10.0,0.0,7300,587650
2026-08-25 10:00:00,ATM+2,PE,295.0,284.1,10.05,10.65,10.0,10.65,0.0,31025,565750
2026-08-25 10:05:00,ATM+2,PE,295.0,284.9,10.6,10.65,10.6,10.6,118.935055,1825,556625
2026-08-25 10:10:00,ATM+2,PE,295.0,285.25,10.6,10.6,10.6,10.6,138.169838,0,556625
2026-08-25 10:15:00,ATM+2,PE,300.0,288.15,9.05,13.55,8.45,12.45,140.426969,23725,728175
2026-08-25 10:20:00,ATM+2,PE,300.0,289.05,12.45,12.85,10.8,10.95,66.209828,38325,711750
2026-08-25 10:25:00,ATM+2,PE,300.0,289.15,11.35,11.35,10.95,11.15,111.260468,18250,697150
2026-08-25 10:30:00,ATM+2,PE,300.0,288.55,11.55,11.55,11.15,11.55,94.037278,12775,688025
2026-08-25 10:35:00,ATM+2,PE,300.0,288.15,11.95,11.95,11.55,11.95,97.514879,3650,688025
2026-08-25 10:40:00,ATM+2,PE,300.0,288.35,10.55,11.95,10.55,10.55,0.0,7300,684375
2026-08-25 10:45:00,ATM+2,PE,300.0,288.3,10.55,10.55,10.55,10.55,0.0,0,677075
2026-08-25 10:50:00,ATM+2,PE,295.0,286.8,10.55,10.55,6.55,7.6,0.0,23725,430700
2026-08-25 10:55:00,ATM+2,PE,295.0,287.4,9.15,10.55,7.6,9.15,162.066898,7300,432525
2026-08-25 11:00:00,ATM+2,PE,300.0,287.7,10.55,10.55,10.55,10.55,0.0,0,677075
2026-08-25 11:05:00,ATM+2,PE,300.0,288.5,10.55,10.55,10.55,10.55,0.0,0,677075
2026-08-25 11:10:00,ATM+2,PE,300.0,290.0,10.55,10.55,10.55,10.55,132.980536,0,677075
2026-08-25 11:15:00,ATM+2,PE,300.0,289.75,10.55,10.55,10.55,10.55,116.071819,0,677075
2026-08-25 11:20:00,ATM+2,PE,300.0,290.0,10.55,10.55,10.55,10.55,135.526083,0,677075
2026-08-25 11:25:00,ATM+2,PE,300.0,288.1,10.55,10.55,10.55,10.55,0.0,0,677075
2026-08-25 11:30:00,ATM+2,PE,300.0,288.8,10.55,10.55,10.55,10.55,0.0,0,677075
2026-08-25 11:35:00,ATM+2,PE,300.0,288.75,10.55,10.55,10.55,10.55,0.0,0,677075
2026-08-25 11:40:00,ATM+2,PE,295.0,287.3,10.55,12.1,7.3,7.3,0.0,3650,381425
2026-08-25 11:45:00,ATM+2,PE,300.0,287.75,12.1,12.1,7.3,12.0,0.0,1825,675250
2026-08-25 11:50:00,ATM+2,PE,300.0,287.9,12.0,12.0,12.0,12.0,0.0,0,675250
2026-08-25 11:55:00,ATM+2,PE,300.0,287.85,12.0,12.0,12.0,12.0,0.0,0,675250
2026-08-25 12:00:00,ATM+2,PE,295.0,287.5,12.0,12.0,7.05,7.05,0.0,0,381425
2026-08-25 12:05:00,ATM+2,PE,300.0,288.15,12.0,12.0,12.0,12.0,0.0,0,675250
2026-08-25 12:10:00,ATM+2,PE,300.0,288.0,12.0,12.0,12.0,12.0,84.515382,0,675250
2026-08-25 12:15:00,ATM+2,PE,300.0,288.35,12.0,12.0,12.0,12.0,0.0,0,675250
2026-08-25 12:20:00,ATM+2,PE,300.0,287.9,12.0,12.0,12.0,12.0,0.0,0,675250
2026-08-25 12:25:00,ATM+2,PE,295.0,286.8,6.6,6.6,6.6,6.6,0.0,0,372300
2026-08-25 12:30:00,ATM+2,PE,295.0,286.95,6.6,8.0,6.6,8.0,0.0,1825,370475
2026-08-25 12:35:00,ATM+2,PE,295.0,286.85,8.0,8.0,8.0,8.0,0.0,0,370475
2026-08-25 12:40:00,ATM+2,PE,295.0,287.0,8.0,8.0,8.0,8.0,63.329736,0,370475
2026-08-25 12:45:00,ATM+2,PE,295.0,287.2,8.0,8.0,8.0,8.0,106.997995,0,370475
2026-08-25 12:50:00,ATM+2,PE,295.0,287.5,8.0,8.0,8.0,8.0,135.6493,0,370475
2026-08-25 12:55:00,ATM+2,PE,300.0,287.55,11.95,11.95,8.0,11.95,0.0,0,673425
2026-08-25 13:00:00,ATM+2,PE,295.0,286.8,8.0,8.0,7.35,7.6,0.0,10950,363175
2026-08-25 13:05:00,ATM+2,PE,295.0,286.8,7.6,7.6,7.6,7.6,0.0,0,363175
2026-08-25 13:10:00,ATM+2,PE,295.0,287.15,7.6,7.6,7.6,7.6,0.0,0,363175
2026-08-25 13:15:00,ATM+2,PE,295.0,287.05,7.6,7.6,7.6,7.6,0.0,0,363175
2026-08-25 13:20:00,ATM+2,PE,300.0,287.6,7.6,11.95,7.6,11.95,0.0,0,673425
2026-08-25 13:25:00,ATM+2,PE,295.0,287.4,7.2,7.6,7.2,7.2,0.0,1825,357700
2026-08-25 13:30:00,ATM+2,PE,300.0,287.9,7.2,11.95,7.2,11.95,0.0,0,673425
2026-08-25 13:35:00,ATM+2,PE,300.0,288.1,11.95,11.95,11.95,11.95,0.0,0,673425
2026-08-25 13:40:00,ATM+2,PE,300.0,288.1,11.95,11.95,11.95,11.95,0.0,0,673425
2026-08-25 13:45:00,ATM+2,PE,300.0,288.0,11.95,11.95,11.95,11.95,0.0,0,673425
2026-08-25 13:50:00,ATM+2,PE,300.0,287.6,11.95,12.1,11.7,12.1,0.0,5475,667950
2026-08-25 13:55:00,ATM+2,PE,295.0,287.5,6.8,12.1,6.8,6.8,0.0,0,354050
2026-08-25 14:00:00,ATM+2,PE,295.0,287.4,12.1,12.1,6.5,6.5,0.0,3650,352225
2026-08-25 14:05:00,ATM+2,PE,295.0,287.35,6.5,11.55,6.5,6.5,0.0,0,352225
2026-08-25 14:10:00,ATM+2,PE,300.0,287.6,6.5,11.55,6.5,11.55,0.0,0,667950
2026-08-25 14:15:00,ATM+2,PE,295.0,287.45,6.5,11.55,6.5,6.5,0.0,0,352225
2026-08-25 14:20:00,ATM+2,PE,295.0,287.35,6.5,6.5,6.5,6.5,0.0,0,352225
2026-08-25 14:25:00,ATM+2,PE,300.0,287.9,6.5,11.55,6.5,11.55,0.0,0,667950
2026-08-25 14:30:00,ATM+2,PE,300.0,287.9,11.55,11.55,11.55,11.55,0.0,0,667950
2026-08-25 14:35:00,ATM+2,PE,300.0,287.85,11.55,11.55,11.55,11.55,0.0,0,667950
2026-08-25 14:40:00,ATM+2,PE,300.0,287.85,11.55,11.55,11.55,11.55,0.0,0,667950
2026-08-25 14:45:00,ATM+2,PE,300.0,287.85,11.55,11.55,11.55,11.55,0.0,0,667950
2026-08-25 14:50:00,ATM+2,PE,300.0,287.9,11.55,11.55,11.55,11.55,0.0,0,667950
2026-08-25 14:55:00,ATM+2,PE,300.0,287.65,11.55,11.55,6.65,11.55,0.0,0,667950
2026-08-25 15:00:00,ATM+2,PE,300.0,287.55,6.65,11.65,6.65,11.65,0.0,5475,660650
2026-08-25 15:05:00,ATM+2,PE,300.0,287.55,6.55,11.6,6.55,11.6,0.0,5475,627800
2026-08-25 15:10:00,ATM+2,PE,295.0,286.65,6.55,6.55,6.55,6.55,0.0,0,301125
2026-08-25 15:15:00,ATM+2,PE,295.0,286.65,6.55,6.55,6.55,6.55,0.0,0,301125
2026-08-25 15:20:00,ATM+2,PE,295.0,286.65,7.65,7.65,6.55,7.65,0.0,3650,299300
2026-08-25 15:25:00,ATM+2,PE,295.0,287.4,6.5,7.65,6.5,6.5,0.0,1825,297475
2026-08-25 15:30:00,ATM+2,PE,295.0,287.4,6.5,6.5,6.5,6.5,0.0,1825,295650
2026-08-25 15:35:00,ATM+2,PE,295.0,287.4,6.5,6.5,6.5,6.5,0.0,0,295650
2026-08-20 09:15:00,ATM+3,CE,290.0,275.2,1.2,1.25,1.0,1.25,43.04974,209875,4137275
2026-08-20 09:20:00,ATM+3,CE,290.0,274.4,1.15,1.25,1.05,1.05,42.15338,69350,4120850
2026-08-20 09:25:00,ATM+3,CE,295.0,277.75,1.1,1.45,0.95,0.95,43.199622,290175,1938150
2026-08-20 09:30:00,ATM+3,CE,295.0,279.3,1.1,1.3,0.95,1.3,44.717278,292000,1903475
2026-08-20 09:35:00,ATM+3,CE,295.0,282.3,1.45,2.4,1.05,2.0,45.906025,841325,1806750
2026-08-20 09:40:00,ATM+3,CE,300.0,284.2,2.05,2.05,1.4,1.8,49.722895,2084150,8252650
2026-08-20 09:45:00,ATM+3,CE,295.0,281.2,1.6,2.3,1.55,1.75,45.825066,593125,1673525
2026-08-20 09:50:00,ATM+3,CE,295.0,279.9,1.75,1.75,1.45,1.6,46.987762,414275,1710025
2026-08-20 09:55:00,ATM+3,CE,295.0,280.7,1.55,1.65,1.4,1.65,45.866715,231775,1750175
2026-08-20 10:00:00,ATM+3,CE,295.0,280.3,1.7,1.9,1.65,1.7,47.264891,144175,1784850
2026-08-20 10:05:00,ATM+3,CE,295.0,279.5,1.55,1.7,1.35,1.45,46.176505,135050,1786675
2026-08-20 10:10:00,ATM+3,CE,295.0,280.45,1.45,1.7,1.4,1.5,44.802024,147825,1799450
2026-08-20 10:15:00,ATM+3,CE,295.0,281.2,1.5,1.65,1.5,1.5,43.257059,67525,1790325
2026-08-20 10:20:00,ATM+3,CE,295.0,281.0,1.7,1.7,1.5,1.6,44.77459,80300,1788500
2026-08-20 10:25:00,ATM+3,CE,295.0,281.15,1.55,1.7,1.55,1.65,45.006368,91250,1775725
2026-08-20 10:30:00,ATM+3,CE,295.0,280.7,1.65,1.65,1.5,1.55,44.894019,31025,1775725
2026-08-20 10:35:00,ATM+3,CE,295.0,281.15,1.55,1.6,1.55,1.6,44.503837,31025,1781200
2026-08-20 10:40:00,ATM+3,CE,295.0,281.0,1.6,1.6,1.6,1.6,44.836488,3650,1784850
2026-08-20 10:45:00,ATM+3,CE,295.0,280.85,1.6,1.6,1.55,1.55,44.626057,10950,1777550
2026-08-20 10:50:00,ATM+3,CE,295.0,281.0,1.5,1.55,1.5,1.55,44.326434,40150,1762950
2026-08-20 10:55:00,ATM+3,CE,295.0,280.25,1.5,1.55,1.3,1.3,43.068621,40150,1768425
2026-08-20 11:00:00,ATM+3,CE,295.0,280.15,1.35,1.4,1.3,1.4,44.446048,111325,1748350
2026-08-20 11:05:00,ATM+3,CE,295.0,280.2,1.4,1.4,1.35,1.4,44.359055,23725,1746525
2026-08-20 11:10:00,ATM+3,CE,295.0,280.2,1.4,1.4,1.4,1.4,44.374436,10950,1744700
2026-08-20 11:15:00,ATM+3,CE,295.0,280.45,1.4,1.4,1.3,1.4,43.876829,80300,1741050
2026-08-20 11:20:00,ATM+3,CE,295.0,280.45,1.4,1.4,1.35,1.35,43.318775,7300,1731925
2026-08-20 11:25:00,ATM+3,CE,295.0,280.7,1.35,1.4,1.35,1.4,43.392849,12775,1730100
2026-08-20 11:30:00,ATM+3,CE,295.0,280.75,1.35,1.4,1.35,1.35,42.735458,9125,1733750
2026-08-20 11:35:00,ATM+3,CE,295.0,280.3,1.35,1.35,1.25,1.25,42.496634,12775,1735575
2026-08-20 11:40:00,ATM+3,CE,295.0,279.3,1.25,1.3,1.25,1.25,44.514437,10950,1731925
2026-08-20 11:45:00,ATM+3,CE,295.0,279.2,1.2,1.25,1.1,1.1,42.854069,127750,1761125
2026-08-20 11:50:00,ATM+3,CE,295.0,279.5,1.05,1.2,1.05,1.2,43.53444,52925,1766600
2026-08-20 11:55:00,ATM+3,CE,295.0,279.45,1.2,1.2,1.15,1.15,43.027422,23725,1759300
2026-08-20 12:00:00,ATM+3,CE,295.0,279.2,1.2,1.2,1.05,1.05,42.252965,58400,1784850
2026-08-20 12:05:00,ATM+3,CE,295.0,278.8,1.05,1.1,1.0,1.05,43.039938,85775,1792150
2026-08-20 12:10:00,ATM+3,CE,295.0,279.6,1.0,1.15,1.0,1.15,42.776775,67525,1808575
2026-08-20 12:15:00,ATM+3,CE,295.0,280.0,1.2,1.3,1.15,1.3,43.816216,56575,1777550
2026-08-20 12:20:00,ATM+3,CE,295.0,280.35,1.3,1.3,1.3,1.3,43.121227,0,1777550
2026-08-20 12:25:00,ATM+3,CE,295.0,280.45,1.3,1.3,1.3,1.3,42.93293,9125,1779375
2026-08-20 12:30:00,ATM+3,CE,295.0,280.3,1.3,1.3,1.25,1.25,42.660352,1825,1779375
2026-08-20 12:35:00,ATM+3,CE,295.0,280.7,1.25,1.35,1.25,1.3,42.453392,21900,1779375
2026-08-20 12:40:00,ATM+3,CE,295.0,280.7,1.35,1.35,1.3,1.35,43.048116,3650,1779375
2026-08-20 12:45:00,ATM+3,CE,295.0,281.2,1.35,1.4,1.35,1.35,42.032356,18250,1772075
2026-08-20 12:50:00,ATM+3,CE,295.0,281.4,1.4,1.45,1.35,1.4,42.1965,21900,1773900
2026-08-20 12:55:00,ATM+3,CE,295.0,281.8,1.35,1.5,1.2,1.5,42.47234,83950,1786675
2026-08-20 13:00:00,ATM+3,CE,295.0,281.2,1.4,1.5,1.3,1.35,42.076818,41975,1753825
2026-08-20 13:05:00,ATM+3,CE,295.0,281.2,1.35,1.35,1.3,1.3,41.51824,23725,1746525
2026-08-20 13:10:00,ATM+3,CE,295.0,281.2,1.3,1.3,1.3,1.3,41.532901,0,1746525
2026-08-20 13:15:00,ATM+3,CE,295.0,281.5,1.3,1.45,1.3,1.4,42.061986,74825,1713675
2026-08-20 13:20:00,ATM+3,CE,295.0,281.45,1.4,1.4,1.3,1.3,41.047471,20075,1710025
2026-08-20 13:25:00,ATM+3,CE,295.0,281.6,1.3,1.4,1.3,1.4,41.882365,3650,1708200
2026-08-20 13:30:00,ATM+3,CE,295.0,282.15,1.4,1.4,1.4,1.4,40.741302,20075,1706375
2026-08-20 13:35:00,ATM+3,CE,295.0,282.0,1.45,1.45,1.4,1.45,41.621971,7300,1706375
2026-08-20 13:40:00,ATM+3,CE,295.0,281.9,1.45,1.45,1.4,1.4,41.296837,18250,1700900
2026-08-20 13:45:00,ATM+3,CE,295.0,281.3,1.35,1.4,1.25,1.3,41.429849,16425,1697250
2026-08-20 13:50:00,ATM+3,CE,295.0,281.25,1.3,1.35,1.25,1.3,41.547684,25550,1695425
2026-08-20 13:55:00,ATM+3,CE,295.0,281.4,1.25,1.35,1.25,1.35,41.825284,14600,1688125
2026-08-20 14:00:00,ATM+3,CE,295.0,281.4,1.35,1.4,1.35,1.4,42.406115,23725,1669875
2026-08-20 14:05:00,ATM+3,CE,295.0,281.55,1.4,1.4,1.4,1.4,42.106504,3650,1660750
2026-08-20 14:10:00,ATM+3,CE,295.0,281.05,1.4,1.4,1.25,1.25,41.433831,21900,1679000
2026-08-20 14:15:00,ATM+3,CE,295.0,280.45,1.25,1.25,1.15,1.2,42.069994,29200,1671700
2026-08-20 14:20:00,ATM+3,CE,295.0,280.6,1.2,1.2,1.15,1.15,41.172368,60225,1671700
2026-08-20 14:25:00,ATM+3,CE,295.0,281.0,1.15,1.15,1.1,1.15,40.382597,43800,1669875
2026-08-20 14:30:00,ATM+3,CE,295.0,280.8,1.2,1.2,1.15,1.2,41.406332,1825,1673525
2026-08-20 14:35:00,ATM+3,CE,295.0,280.9,1.15,1.2,1.1,1.1,39.998682,3650,1673525
2026-08-20 14:40:00,ATM+3,CE,295.0,280.85,1.1,1.2,1.1,1.2,41.334428,34675,1675350
2026-08-20 14:45:00,ATM+3,CE,295.0,280.85,1.15,1.2,1.1,1.1,40.127226,43800,1666225
2026-08-20 14:50:00,ATM+3,CE,295.0,280.3,1.2,1.2,1.05,1.05,40.603229,47450,1677175
2026-08-20 14:55:00,ATM+3,CE,295.0,280.55,1.05,1.1,1.05,1.1,40.755011,27375,1677175
2026-08-20 15:00:00,ATM+3,CE,295.0,280.2,1.05,1.1,0.9,0.9,38.847639,71175,1680825
2026-08-20 15:05:00,ATM+3,CE,295.0,280.0,0.9,0.95,0.85,0.85,38.552858,94900,1649800
2026-08-20 15:10:00,ATM+3,CE,295.0,279.65,0.85,0.9,0.85,0.9,39.928398,29200,1640675
2026-08-20 15:15:00,ATM+3,CE,295.0,279.65,0.9,0.95,0.9,0.95,40.627194,54750,1647975
2026-08-20 15:20:00,ATM+3,CE,295.0,279.65,0.9,0.95,0.8,0.8,38.541634,102200,1613300
2026-08-20 15:25:00,ATM+3,CE,295.0,279.0,0.85,0.85,0.8,0.85,40.498958,31025,1631550
2026-08-20 15:30:00,ATM+3,CE,295.0,279.0,0.8,0.85,0.75,0.8,39.783981,52925,1622425
2026-08-20 15:35:00,ATM+3,CE,295.0,279.0,0.8,0.9,0.8,0.9,41.240941,25550,1622425
2026-08-21 09:15:00,ATM+3,CE,295.0,280.05,0.9,0.9,0.75,0.75,40.29299,63875,1638850
2026-08-21 09:20:00,ATM+3,CE,295.0,280.75,0.7,0.9,0.7,0.9,41.159165,271925,1710025
2026-08-21 09:25:00,ATM+3,CE,295.0,279.6,0.8,0.9,0.7,0.7,40.410199,89425,1719150
2026-08-21 09:30:00,ATM+3,CE,295.0,279.3,0.6,0.7,0.55,0.6,39.285792,125925,1699075
2026-08-21 09:35:00,ATM+3,CE,295.0,279.3,0.6,0.65,0.6,0.6,39.302339,54750,1735575
2026-08-21 09:40:00,ATM+3,CE,295.0,279.3,0.65,0.65,0.6,0.6,39.31891,89425,1744700
2026-08-21 09:45:00,ATM+3,CE,295.0,279.3,0.6,0.65,0.6,0.65,40.218649,1825,1742875
2026-08-21 09:50:00,ATM+3,CE,295.0,279.75,0.6,0.65,0.6,0.65,39.353839,49275,1741050
2026-08-21 09:55:00,ATM+3,CE,295.0,278.8,0.65,0.65,0.55,0.55,39.401875,9125,1724625
2026-08-21 10:00:00,ATM+3,CE,295.0,278.15,0.55,0.55,0.45,0.45,38.623899,69350,1724625
2026-08-21 10:05:00,ATM+3,CE,295.0,278.0,0.45,0.5,0.45,0.5,39.956158,10950,1719150
2026-08-21 10:10:00,ATM+3,CE,295.0,278.0,0.45,0.5,0.45,0.45,38.931095,18250,1720975
2026-08-21 10:15:00,ATM+3,CE,295.0,277.6,0.45,0.75,0.45,0.45,39.678847,56575,1720975
2026-08-21 10:20:00,ATM+3,CE,295.0,277.65,0.7,0.7,0.4,0.4,38.492752,14600,1719150
2026-08-21 10:25:00,ATM+3,CE,295.0,277.7,0.4,0.45,0.4,0.45,39.529639,14600,1719150
2026-08-21 10:30:00,ATM+3,CE,295.0,277.7,0.45,0.45,0.45,0.45,39.546405,0,1719150
2026-08-21 10:35:00,ATM+3,CE,290.0,277.3,0.45,0.7,0.45,0.65,35.047894,1825,4157350
2026-08-21 10:40:00,ATM+3,CE,290.0,277.15,0.65,0.65,0.65,0.65,35.370202,187975,4179250
2026-08-21 10:45:00,ATM+3,CE,290.0,277.2,0.65,0.65,0.6,0.6,34.459756,5475,4175600
2026-08-21 10:50:00,ATM+3,CE,290.0,276.95,0.6,0.65,0.55,0.6,34.979302,98550,4199325
2026-08-21 10:55:00,ATM+3,CE,290.0,277.3,0.6,0.6,0.55,0.6,34.286995,49275,4204800
2026-08-21 11:00:00,ATM+3,CE,290.0,276.9,0.4,0.65,0.35,0.65,35.942928,51100,4171950
2026-08-21 11:05:00,ATM+3,CE,290.0,276.65,0.6,0.65,0.6,0.6,35.62929,127750,4184725
2026-08-21 11:10:00,ATM+3,CE,290.0,276.7,0.6,0.65,0.6,0.6,35.543839,113150,4213925
2026-08-21 11:15:00,ATM+3,CE,290.0,276.75,0.65,0.65,0.6,0.65,36.296292,173375,4243125
2026-08-21 11:20:00,ATM+3,CE,290.0,277.25,0.65,0.7,0.65,0.65,35.286361,31025,4241300
2026-08-21 11:25:00,ATM+3,CE,290.0,277.05,0.7,0.7,0.65,0.65,35.712539,49275,4243125
2026-08-21 11:30:00,ATM+3,CE,290.0,277.4,0.65,0.7,0.65,0.7,35.803534,27375,4255900
2026-08-21 11:35:00,ATM+3,CE,290.0,277.45,0.7,0.75,0.7,0.75,36.487193,257325,4272325
2026-08-21 11:40:00,ATM+3,CE,295.0,279.2,0.45,0.6,0.45,0.6,39.917326,12775,1669875
2026-08-21 11:45:00,ATM+3,CE,295.0,280.1,0.6,0.75,0.6,0.65,39.047353,82125,1664400
2026-08-21 11:50:00,ATM+3,CE,295.0,280.3,0.65,0.7,0.65,0.7,39.504471,9125,1673525
2026-08-21 11:55:00,ATM+3,CE,295.0,280.35,0.7,0.7,0.65,0.65,38.583547,40150,1657100
2026-08-21 12:00:00,ATM+3,CE,295.0,281.3,0.65,0.7,0.65,0.7,37.512669,34675,1657100
2026-08-21 12:05:00,ATM+3,CE,295.0,282.2,0.85,1.05,0.7,1.05,40.713516,178850,1613300
2026-08-21 12:10:00,ATM+3,CE,295.0,282.15,1.0,1.05,0.85,0.85,38.058044,76650,1595050
2026-08-21 12:15:00,ATM+3,CE,295.0,281.8,0.85,0.85,0.8,0.8,38.077034,32850,1593225
2026-08-21 12:20:00,ATM+3,CE,300.0,284.05,0.8,0.8,0.45,0.7,41.389196,863225,7519000
2026-08-21 12:25:00,ATM+3,CE,300.0,285.2,0.75,0.8,0.7,0.8,40.722172,500050,7469725
2026-08-21 12:30:00,ATM+3,CE,300.0,283.3,0.85,0.85,0.65,0.65,42.02168,605900,7544550
2026-08-21 12:35:00,ATM+3,CE,300.0,283.55,0.65,0.65,0.6,0.65,41.555628,104025,7577400
2026-08-21 12:40:00,ATM+3,CE,300.0,283.7,0.75,0.8,0.65,0.7,42.149833,250025,7586525
2026-08-21 12:45:00,ATM+3,CE,300.0,283.8,0.7,0.75,0.7,0.7,41.971375,34675,7602950
2026-08-21 12:50:00,ATM+3,CE,300.0,284.4,0.7,0.8,0.65,0.75,41.631321,94900,7601125
2026-08-21 12:55:00,ATM+3,CE,300.0,283.9,0.75,0.8,0.7,0.7,41.810807,36500,7579225
2026-08-21 13:00:00,ATM+3,CE,300.0,283.15,0.7,0.75,0.65,0.65,42.421973,100375,7522650
2026-08-21 13:05:00,ATM+3,CE,300.0,282.75,0.65,0.65,0.55,0.6,42.291747,198925,7539075
2026-08-21 13:10:00,ATM+3,CE,300.0,283.15,0.6,0.6,0.55,0.6,41.545689,91250,7487975
2026-08-21 13:15:00,ATM+3,CE,300.0,282.7,0.6,0.6,0.55,0.55,41.463542,93075,7447825
2026-08-21 13:20:00,ATM+3,CE,300.0,282.55,0.55,0.9,0.55,0.55,41.763907,149650,7404025
2026-08-21 13:25:00,ATM+3,CE,300.0,282.6,0.55,0.55,0.55,0.55,41.688013,5475,7405850
2026-08-21 13:30:00,ATM+3,CE,300.0,282.8,0.55,0.55,0.55,0.55,41.329363,9125,7404025
2026-08-21 13:35:00,ATM+3,CE,300.0,282.85,0.55,0.6,0.55,0.6,42.211166,20075,7405850
2026-08-21 13:40:00,ATM+3,CE,300.0,282.85,0.6,0.6,0.55,0.55,41.271159,5475,7424100
2026-08-21 13:45:00,ATM+3,CE,300.0,283.0,0.55,0.6,0.55,0.55,41.005876,9125,7422275
2026-08-21 13:50:00,ATM+3,CE,300.0,283.3,0.55,0.6,0.55,0.6,41.403062,40150,7424100
2026-08-21 13:55:00,ATM+3,CE,300.0,283.3,0.65,0.65,0.6,0.6,41.421225,45625,7436875
2026-08-21 14:00:00,ATM+3,CE,300.0,282.85,0.6,0.65,0.6,0.65,43.228709,1825,7436875
2026-08-21 14:05:00,ATM+3,CE,300.0,282.95,0.65,0.65,0.55,0.6,42.130345,10950,7436875
2026-08-21 14:10:00,ATM+3,CE,300.0,283.0,0.55,0.6,0.55,0.55,41.095977,7300,7433225
2026-08-21 14:15:00,ATM+3,CE,300.0,283.0,0.55,0.55,0.55,0.55,41.114057,1825,7431400
2026-08-21 14:20:00,ATM+3,CE,300.0,282.8,0.55,0.6,0.55,0.55,41.511052,47450,7418625
2026-08-21 14:25:00,ATM+3,CE,300.0,282.95,0.55,0.55,0.55,0.55,41.245103,9125,7418625
2026-08-21 14:30:00,ATM+3,CE,300.0,282.7,0.55,0.55,0.55,0.55,41.737105,16425,7396725
2026-08-21 14:35:00,ATM+3,CE,300.0,282.8,0.55,0.55,0.5,0.55,41.566012,69350,7391250
2026-08-21 14:40:00,ATM+3,CE,300.0,282.75,0.55,0.55,0.5,0.5,40.671871,21900,7385775
2026-08-21 14:45:00,ATM+3,CE,300.0,283.0,0.5,0.6,0.5,0.6,42.182835,31025,7374825
2026-08-21 14:50:00,ATM+3,CE,300.0,282.9,0.6,0.6,0.55,0.55,41.431306,229950,7378475
2026-08-21 14:55:00,ATM+3,CE,300.0,282.8,0.55,0.55,0.55,0.55,41.639613,40150,7362050
2026-08-21 15:00:00,ATM+3,CE,300.0,283.35,0.55,0.55,0.5,0.5,39.620103,138700,7380300
2026-08-21 15:05:00,ATM+3,CE,300.0,282.8,0.45,0.5,0.4,0.45,39.612081,178850,7221525
2026-08-21 15:10:00,ATM+3,CE,295.0,281.8,0.45,0.7,0.45,0.6,35.456582,124100,1496500
2026-08-21 15:15:00,ATM+3,CE,295.0,281.8,0.6,0.65,0.6,0.6,35.472452,29200,1445400
2026-08-21 15:20:00,ATM+3,CE,295.0,281.8,0.6,0.65,0.6,0.65,36.327869,18250,1441750
2026-08-21 15:25:00,ATM+3,CE,295.0,282.5,0.65,0.65,0.6,0.6,34.082587,14600,1419850
2026-08-21 15:30:00,ATM+3,CE,295.0,282.5,0.6,0.75,0.6,0.7,35.713586,65700,1421675
2026-08-21 15:35:00,ATM+3,CE,295.0,282.5,0.65,0.75,0.6,0.75,36.503445,27375,1421675
2026-08-24 09:15:00,ATM+3,CE,295.0,282.4,0.45,0.55,0.3,0.45,57.03151,164250,1388825
2026-08-24 09:20:00,ATM+3,CE,300.0,282.65,0.45,0.45,0.25,0.25,62.969321,259150,7037200
2026-08-24 09:25:00,ATM+3,CE,295.0,281.75,0.25,0.45,0.25,0.4,57.637953,87600,1346850
2026-08-24 09:30:00,ATM+3,CE,295.0,281.8,0.4,0.4,0.35,0.35,55.65397,31025,1341375
2026-08-24 09:35:00,ATM+3,CE,300.0,282.9,0.35,0.4,0.2,0.25,62.480701,208050,6903975
2026-08-24 09:40:00,ATM+3,CE,300.0,282.8,0.3,0.35,0.25,0.3,65.382246,136875,6818200
2026-08-24 09:45:00,ATM+3,CE,300.0,284.0,0.3,0.45,0.3,0.45,67.965124,133225,6754325
2026-08-24 09:50:00,ATM+3,CE,300.0,283.7,0.4,0.45,0.4,0.4,67.095039,153300,6741550
2026-08-24 09:55:00,ATM+3,CE,300.0,283.55,0.35,0.4,0.3,0.35,65.579281,83950,6732425
2026-08-24 10:00:00,ATM+3,CE,300.0,283.3,0.35,0.35,0.3,0.35,66.472103,83950,6688625
2026-08-24 10:05:00,ATM+3,CE,300.0,283.6,0.35,0.35,0.25,0.3,63.346047,248200,6628400
2026-08-24 10:10:00,ATM+3,CE,300.0,283.3,0.3,0.3,0.3,0.3,64.376705,140525,6706875
2026-08-24 10:15:00,ATM+3,CE,300.0,283.55,0.3,0.3,0.25,0.3,63.684433,171550,6624750
2026-08-24 10:20:00,ATM+3,CE,300.0,283.0,0.3,0.3,0.3,0.3,65.502921,1825,6624750
2026-08-24 10:25:00,ATM+3,CE,300.0,283.1,0.3,0.3,0.25,0.25,62.76369,21900,6617450
2026-08-24 10:30:00,ATM+3,CE,300.0,282.55,0.25,0.3,0.25,0.25,64.536788,14600,6615625
2026-08-24 10:35:00,ATM+3,CE,300.0,282.65,0.4,0.4,0.2,0.2,61.466273,16425,6622925
2026-08-24 10:40:00,ATM+3,CE,300.0,284.0,0.2,0.25,0.2,0.25,60.266437,43800,6622925
2026-08-24 10:45:00,ATM+3,CE,300.0,284.05,0.3,0.3,0.25,0.3,62.653749,63875,6677675
2026-08-24 10:50:00,ATM+3,CE,300.0,284.1,0.3,0.3,0.25,0.25,60.133014,5475,6675850
2026-08-24 10:55:00,ATM+3,CE,300.0,284.05,0.25,0.3,0.25,0.25,60.376181,3650,6672200
2026-08-24 11:00:00,ATM+3,CE,300.0,282.95,0.25,0.25,0.2,0.2,61.019995,162425,6619275
2026-08-24 11:05:00,ATM+3,CE,300.0,282.7,0.2,0.25,0.2,0.2,61.858274,31025,6650300
2026-08-24 11:10:00,ATM+3,CE,295.0,282.4,0.2,0.3,0.2,0.3,53.197112,153300,1244650
2026-08-24 11:15:00,ATM+3,CE,295.0,282.25,0.15,0.25,0.15,0.25,51.543586,36500,1244650
2026-08-24 11:20:00,ATM+3,CE,295.0,282.05,0.25,0.25,0.25,0.25,52.268767,43800,1235525
2026-08-24 11:25:00,ATM+3,CE,295.0,281.95,0.25,0.25,0.25,0.25,52.671194,0,1226400
2026-08-24 11:30:00,ATM+3,CE,295.0,282.05,0.25,0.25,0.25,0.25,52.42536,0,1226400
2026-08-24 11:35:00,ATM+3,CE,295.0,281.45,0.25,0.25,0.25,0.25,54.45206,40150,1222750
2026-08-24 11:40:00,ATM+3,CE,295.0,281.35,0.25,0.25,0.25,0.25,54.858429,0,1222750
2026-08-24 11:45:00,ATM+3,CE,295.0,281.45,0.25,0.25,0.2,0.2,52.035479,78475,1224575
2026-08-24 11:50:00,ATM+3,CE,295.0,281.8,0.2,0.25,0.2,0.25,53.559085,63875,1264725
2026-08-24 11:55:00,ATM+3,CE,295.0,281.5,0.25,0.25,0.25,0.25,54.619598,47450,1264725
2026-08-24 12:00:00,ATM+3,CE,295.0,281.7,0.25,0.25,0.25,0.25,54.049458,1825,1262900
2026-08-24 12:05:00,ATM+3,CE,295.0,281.85,0.25,0.25,0.25,0.25,53.640706,0,1262900
2026-08-24 12:10:00,ATM+3,CE,295.0,281.3,0.25,0.25,0.25,0.25,55.525132,5475,1261075
2026-08-24 12:15:00,ATM+3,CE,300.0,282.65,0.25,0.25,0.2,0.25,66.272967,182500,6489700
2026-08-24 12:20:00,ATM+3,CE,300.0,282.65,0.3,0.3,0.25,0.25,66.375071,54750,6482400
2026-08-24 12:25:00,ATM+3,CE,300.0,282.55,0.25,0.3,0.25,0.3,69.452251,220825,6462325
2026-08-24 12:30:00,ATM+3,CE,300.0,283.2,0.3,0.3,0.25,0.3,67.443116,158775,6460500
2026-08-24 12:35:00,ATM+3,CE,300.0,283.35,0.3,0.3,0.3,0.3,67.057763,202575,6369250
2026-08-24 12:40:00,ATM+3,CE,300.0,283.6,0.3,0.3,0.3,0.3,66.343266,98550,6447725
2026-08-24 12:45:00,ATM+3,CE,300.0,283.25,0.3,0.3,0.25,0.25,64.980916,29200,6442250
2026-08-24 12:50:00,ATM+3,CE,300.0,283.1,0.25,0.3,0.25,0.3,68.193544,16425,6438600
2026-08-24 12:55:00,ATM+3,CE,300.0,282.9,0.3,0.3,0.25,0.3,68.957647,23725,6436775
2026-08-24 13:00:00,ATM+3,CE,300.0,282.7,0.3,0.3,0.2,0.2,64.068411,47450,6469625
2026-08-24 13:05:00,ATM+3,CE,300.0,282.7,0.25,0.35,0.2,0.2,64.169887,21900,6460500
2026-08-24 13:10:00,ATM+3,CE,300.0,283.15,0.25,0.25,0.2,0.25,65.817189,94900,6458675
2026-08-24 13:15:00,ATM+3,CE,300.0,283.25,0.25,0.25,0.25,0.25,65.600111,7300,6471450
2026-08-24 13:20:00,ATM+3,CE,300.0,283.55,0.25,0.25,0.25,0.25,64.73653,0,6471450
2026-08-24 13:25:00,ATM+3,CE,300.0,283.75,0.25,0.25,0.25,0.25,64.192905,0,6471450
2026-08-24 13:30:00,ATM+3,CE,300.0,283.3,0.25,0.25,0.25,0.25,65.754458,5475,6464150
2026-08-24 13:35:00,ATM+3,CE,300.0,283.65,0.25,0.25,0.25,0.25,64.72491,3650,6464150
2026-08-24 13:40:00,ATM+3,CE,300.0,283.7,0.25,0.25,0.25,0.25,64.667072,0,6462325
2026-08-24 13:45:00,ATM+3,CE,300.0,283.65,0.25,0.25,0.25,0.25,64.935108,10950,6455025
2026-08-24 13:50:00,ATM+3,CE,300.0,283.75,0.25,0.3,0.25,0.25,64.714541,104025,6445900
2026-08-24 13:55:00,ATM+3,CE,300.0,283.9,0.25,0.25,0.25,0.25,64.329674,18250,6391150
2026-08-24 14:00:00,ATM+3,CE,300.0,283.7,0.25,0.25,0.2,0.2,62.154144,36500,6371075
2026-08-24 14:05:00,ATM+3,CE,300.0,283.6,0.2,0.25,0.2,0.25,65.525588,73000,6363775
2026-08-24 14:10:00,ATM+3,CE,300.0,283.5,0.25,0.25,0.2,0.2,62.995381,12775,6427650
2026-08-24 14:15:00,ATM+3,CE,300.0,283.5,0.2,0.25,0.2,0.25,66.071379,3650,6420350
2026-08-24 14:20:00,ATM+3,CE,300.0,283.4,0.25,0.25,0.2,0.2,63.523528,5475,6422175
2026-08-24 14:25:00,ATM+3,CE,300.0,283.6,0.2,0.25,0.2,0.2,62.99049,27375,6413050
2026-08-24 14:30:00,ATM+3,CE,300.0,284.0,0.25,0.25,0.2,0.25,64.748433,113150,6433125
2026-08-24 14:35:00,ATM+3,CE,300.0,283.8,0.25,0.25,0.25,0.25,65.520341,10950,6411225
2026-08-24 14:40:00,ATM+3,CE,300.0,284.05,0.25,0.25,0.2,0.25,64.800222,73000,6422175
2026-08-24 14:45:00,ATM+3,CE,300.0,283.95,0.25,0.25,0.2,0.2,62.288212,47450,6425825
2026-08-24 14:50:00,ATM+3,CE,300.0,283.7,0.25,0.25,0.2,0.25,66.186179,105850,6409400
2026-08-24 14:55:00,ATM+3,CE,300.0,283.35,0.25,0.25,0.2,0.2,64.437524,80300,6391150
2026-08-24 15:00:00,ATM+3,CE,300.0,283.05,0.25,0.25,0.2,0.25,68.579759,80300,6372900
2026-08-24 15:05:00,ATM+3,CE,300.0,283.6,0.25,0.3,0.2,0.3,69.564805,85775,6257925
2026-08-24 15:10:00,ATM+3,CE,300.0,283.25,0.3,0.35,0.25,0.35,73.40141,436175,6024325
2026-08-24 15:15:00,ATM+3,CE,300.0,283.25,0.35,0.4,0.35,0.35,73.527945,51100,5929425
2026-08-24 15:20:00,ATM+3,CE,300.0,283.25,0.35,0.4,0.35,0.4,76.001778,171550,5869200
2026-08-24 15:25:00,ATM+3,CE,300.0,284.25,0.35,0.4,0.3,0.35,70.238254,63875,5871025
2026-08-24 15:30:00,ATM+3,CE,300.0,284.25,0.35,0.35,0.3,0.35,70.360609,114975,5927600
2026-08-24 15:35:00,ATM+3,CE,300.0,284.25,0.3,0.35,0.25,0.3,68.03081,105850,5951325
2026-08-25 09:15:00,ATM+3,CE,305.0,288.3,0.2,0.2,0.05,0.15,0.0,175200,1613300
2026-08-25 09:20:00,ATM+3,CE,305.0,288.4,0.15,0.25,0.15,0.2,0.0,248200,1595050
2026-08-25 09:25:00,ATM+3,CE,305.0,289.1,0.2,0.25,0.2,0.2,0.0,328500,1565850
2026-08-25 09:30:00,ATM+3,CE,300.0,286.95,0.6,0.6,0.25,0.3,116.691225,890600,5617350
2026-08-25 09:35:00,ATM+3,CE,300.0,287.0,0.25,0.3,0.2,0.25,112.315007,554800,5701300
2026-08-25 09:40:00,ATM+3,CE,300.0,286.35,0.3,0.3,0.2,0.2,112.068823,184325,5695825
2026-08-25 09:45:00,ATM+3,CE,300.0,284.85,0.2,0.2,0.1,0.15,0.0,438000,5807150
2026-08-25 09:50:00,ATM+3,CE,300.0,284.8,0.15,0.15,0.1,0.15,0.0,164250,5796200
2026-08-25 09:55:00,ATM+3,CE,300.0,284.8,0.15,0.15,0.15,0.15,0.0,27375,5799850
2026-08-25 10:00:00,ATM+3,CE,300.0,284.1,0.15,0.15,0.1,0.1,0.0,49275,5794375
2026-08-25 10:05:00,ATM+3,CE,300.0,284.9,0.15,0.15,0.1,0.1,0.0,310250,5520625
2026-08-25 10:10:00,ATM+3,CE,300.0,285.25,0.15,0.15,0.1,0.15,0.0,73000,5449450
2026-08-25 10:15:00,ATM+3,CE,305.0,288.15,0.2,0.25,0.1,0.1,0.0,456250,1441750
2026-08-25 10:20:00,ATM+3,CE,305.0,289.05,0.1,0.15,0.1,0.15,0.0,25550,1441750
2026-08-25 10:25:00,ATM+3,CE,305.0,289.15,0.15,0.15,0.15,0.15,0.0,0,1441750
2026-08-25 10:30:00,ATM+3,CE,305.0,288.55,0.15,0.15,0.15,0.15,0.0,9125,1438100
2026-08-25 10:35:00,ATM+3,CE,305.0,288.15,0.15,0.15,0.1,0.1,0.0,3650,1432625
2026-08-25 10:40:00,ATM+3,CE,305.0,288.35,0.1,0.15,0.1,0.1,0.0,41975,1414375
2026-08-25 10:45:00,ATM+3,CE,305.0,288.3,0.1,0.1,0.1,0.1,0.0,0,1414375
2026-08-25 10:50:00,ATM+3,CE,300.0,286.8,0.1,0.25,0.1,0.2,0.0,87600,4546075
2026-08-25 10:55:00,ATM+3,CE,300.0,287.4,0.2,0.25,0.1,0.25,124.253651,85775,4522350
2026-08-25 11:00:00,ATM+3,CE,305.0,287.7,0.1,0.1,0.05,0.05,0.0,41975,1368750
2026-08-25 11:05:00,ATM+3,CE,305.0,288.5,0.05,0.05,0.05,0.05,0.0,0,1368750
2026-08-25 11:10:00,ATM+3,CE,305.0,290.0,0.05,0.1,0.05,0.1,0.0,60225,1359625
2026-08-25 11:15:00,ATM+3,CE,305.0,289.75,0.1,0.2,0.1,0.2,0.0,71175,1354150
2026-08-25 11:20:00,ATM+3,CE,305.0,290.0,0.2,0.2,0.15,0.15,0.0,25550,1301225
2026-08-25 11:25:00,ATM+3,CE,305.0,288.1,0.1,0.15,0.1,0.1,0.0,38325,1321300
2026-08-25 11:30:00,ATM+3,CE,305.0,288.8,0.1,0.1,0.1,0.1,0.0,0,1321300
2026-08-25 11:35:00,ATM+3,CE,305.0,288.75,0.1,0.1,0.1,0.1,0.0,0,1323125
2026-08-25 11:40:00,ATM+3,CE,300.0,287.3,0.05,0.3,0.05,0.3,0.0,54750,4463950
2026-08-25 11:45:00,ATM+3,CE,305.0,287.75,0.05,0.3,0.05,0.05,0.0,1825,1323125
2026-08-25 11:50:00,ATM+3,CE,305.0,287.9,0.05,0.05,0.05,0.05,0.0,0,1323125
2026-08-25 11:55:00,ATM+3,CE,305.0,287.85,0.05,0.05,0.05,0.05,0.0,0,1323125
2026-08-25 12:00:00,ATM+3,CE,300.0,287.5,0.05,0.2,0.05,0.2,0.0,0,4434750
2026-08-25 12:05:00,ATM+3,CE,305.0,288.15,0.05,0.05,0.05,0.05,0.0,0,1319475
2026-08-25 12:10:00,ATM+3,CE,305.0,288.0,0.05,0.05,0.05,0.05,0.0,0,1319475
2026-08-25 12:15:00,ATM+3,CE,305.0,288.35,0.05,0.05,0.05,0.05,0.0,0,1319475
2026-08-25 12:20:00,ATM+3,CE,305.0,287.9,0.05,0.1,0.05,0.1,0.0,31025,1314000
2026-08-25 12:25:00,ATM+3,CE,300.0,286.8,0.05,0.1,0.05,0.05,0.0,83950,3781400
2026-08-25 12:30:00,ATM+3,CE,300.0,286.95,0.05,0.1,0.05,0.05,0.0,62050,3757675
2026-08-25 12:35:00,ATM+3,CE,300.0,286.85,0.05,0.05,0.05,0.05,0.0,80300,3691975
2026-08-25 12:40:00,ATM+3,CE,300.0,287.0,0.05,0.05,0.05,0.05,0.0,56575,3653650
2026-08-25 12:45:00,ATM+3,CE,300.0,287.2,0.05,0.05,0.05,0.05,0.0,14600,3651825
2026-08-25 12:50:00,ATM+3,CE,300.0,287.5,0.05,0.05,0.05,0.05,0.0,164250,3545975
2026-08-25 12:55:00,ATM+3,CE,305.0,287.55,0.05,0.05,0.05,0.05,0.0,65700,1220925
2026-08-25 13:00:00,ATM+3,CE,300.0,286.8,0.1,0.1,0.05,0.1,0.0,85775,3358000
2026-08-25 13:05:00,ATM+3,CE,300.0,286.8,0.05,0.1,0.05,0.1,0.0,279225,3086075
2026-08-25 13:10:00,ATM+3,CE,300.0,287.15,0.1,0.1,0.05,0.05,0.0,43800,3040450
2026-08-25 13:15:00,ATM+3,CE,300.0,287.05,0.05,0.1,0.05,0.05,0.0,21900,3034975
2026-08-25 13:20:00,ATM+3,CE,305.0,287.6,0.05,0.05,0.05,0.05,0.0,0,1180775
2026-08-25 13:25:00,ATM+3,CE,300.0,287.4,0.05,0.1,0.05,0.1,0.0,14600,3013075
2026-08-25 13:30:00,ATM+3,CE,305.0,287.9,0.1,0.1,0.05,0.05,0.0,0,1180775
2026-08-25 13:35:00,ATM+3,CE,305.0,288.1,0.05,0.05,0.05,0.05,0.0,0,1180775
2026-08-25 13:40:00,ATM+3,CE,305.0,288.1,0.05,0.05,0.05,0.05,0.0,1825,1177125
2026-08-25 13:45:00,ATM+3,CE,305.0,288.0,0.05,0.05,0.05,0.05,0.0,3650,1177125
2026-08-25 13:50:00,ATM+3,CE,305.0,287.6,0.05,0.05,0.05,0.05,0.0,0,1177125
2026-08-25 13:55:00,ATM+3,CE,300.0,287.5,0.1,0.1,0.05,0.1,0.0,18250,2925475
2026-08-25 14:00:00,ATM+3,CE,300.0,287.4,0.1,0.1,0.05,0.05,0.0,16425,2894450
2026-08-25 14:05:00,ATM+3,CE,300.0,287.35,0.05,0.05,0.05,0.05,0.0,0,2894450
2026-08-25 14:10:00,ATM+3,CE,305.0,287.6,0.05,0.05,0.05,0.05,0.0,69350,1171650
2026-08-25 14:15:00,ATM+3,CE,300.0,287.45,0.05,0.1,0.05,0.1,0.0,69350,2890800
2026-08-25 14:20:00,ATM+3,CE,300.0,287.35,0.1,0.1,0.1,0.1,0.0,167900,2757575
2026-08-25 14:25:00,ATM+3,CE,305.0,287.9,0.1,0.1,0.05,0.05,0.0,18250,1155225
2026-08-25 14:30:00,ATM+3,CE,305.0,287.9,0.05,0.05,0.05,0.05,0.0,0,1155225
2026-08-25 14:35:00,ATM+3,CE,305.0,287.85,0.05,0.05,0.05,0.05,0.0,0,1155225
2026-08-25 14:40:00,ATM+3,CE,305.0,287.85,0.05,0.05,0.05,0.05,0.0,0,1155225
2026-08-25 14:45:00,ATM+3,CE,305.0,287.85,0.05,0.05,0.05,0.05,0.0,0,1155225
2026-08-25 14:50:00,ATM+3,CE,305.0,287.9,0.05,0.05,0.05,0.05,0.0,0,1155225
2026-08-25 14:55:00,ATM+3,CE,305.0,287.65,0.05,0.1,0.05,0.05,0.0,10950,1155225
2026-08-25 15:00:00,ATM+3,CE,305.0,287.55,0.05,0.05,0.05,0.05,0.0,16425,1155225
2026-08-25 15:05:00,ATM+3,CE,305.0,287.55,0.1,0.1,0.05,0.05,0.0,273750,1155225
2026-08-25 15:10:00,ATM+3,CE,300.0,286.65,0.05,0.05,0.05,0.05,0.0,0,2529450
2026-08-25 15:15:00,ATM+3,CE,300.0,286.65,0.05,0.05,0.05,0.05,0.0,25550,2527625
2026-08-25 15:20:00,ATM+3,CE,300.0,286.65,0.05,0.05,0.05,0.05,0.0,5475,2505725
2026-08-25 15:25:00,ATM+3,CE,300.0,287.4,0.05,0.05,0.05,0.05,0.0,16425,2500250
2026-08-25 15:30:00,ATM+3,CE,300.0,287.4,0.05,0.05,0.05,0.05,0.0,20075,2480175
2026-08-25 15:35:00,ATM+3,CE,300.0,287.4,0.05,0.05,0.05,0.05,0.0,0,2480175
2026-08-20 09:15:00,ATM+3,PE,290.0,275.2,16.0,16.0,16.0,16.0,47.282494,1825,1206325
2026-08-20 09:20:00,ATM+3,PE,290.0,274.4,16.0,16.0,16.0,16.0,38.978751,0,1204500
2026-08-20 09:25:00,ATM+3,PE,290.0,277.3,15.5,16.0,13.6,13.6,39.536354,16425,1200850
2026-08-20 09:35:00,ATM+3,PE,295.0,282.3,16.05,20.0,13.45,13.45,37.260132,32850,1087700
2026-08-20 09:40:00,ATM+3,PE,300.0,284.2,13.45,18.2,13.45,16.3,39.571622,25550,1157050
2026-08-20 09:45:00,ATM+3,PE,295.0,281.2,16.7,16.7,12.9,14.0,32.285719,14600,1082225
2026-08-20 09:50:00,ATM+3,PE,295.0,279.9,14.0,15.4,14.0,15.4,36.097373,14600,1089525
2026-08-20 09:55:00,ATM+3,PE,295.0,280.7,15.9,16.1,15.4,16.1,51.737198,9125,1087700
2026-08-20 10:00:00,ATM+3,PE,295.0,280.3,16.1,16.1,14.25,14.25,0.0,3650,1085875
2026-08-20 10:05:00,ATM+3,PE,295.0,279.5,14.25,14.25,14.25,14.25,0.0,0,1085875
2026-08-20 10:10:00,ATM+3,PE,295.0,280.45,14.25,15.05,14.25,15.0,37.220389,16425,1080400
2026-08-20 10:15:00,ATM+3,PE,295.0,281.2,15.0,15.35,15.0,15.35,48.191736,1825,1089525
2026-08-20 10:20:00,ATM+3,PE,295.0,281.0,15.35,15.35,15.35,15.35,46.590157,0,1089525
2026-08-20 10:25:00,ATM+3,PE,295.0,281.15,15.35,15.35,15.35,15.35,47.822675,0,1089525
2026-08-20 10:30:00,ATM+3,PE,295.0,280.7,15.35,15.35,15.35,15.35,44.022219,0,1089525
2026-08-20 10:35:00,ATM+3,PE,295.0,281.15,15.35,15.35,15.35,15.35,47.849976,0,1089525
2026-08-20 10:40:00,ATM+3,PE,295.0,281.0,15.35,15.35,15.35,15.35,46.642801,0,1089525
2026-08-20 10:45:00,ATM+3,PE,295.0,280.85,15.35,15.35,15.35,15.35,45.385547,0,1089525
2026-08-20 10:50:00,ATM+3,PE,295.0,281.0,15.35,15.35,15.35,15.35,46.669205,0,1089525
2026-08-20 10:55:00,ATM+3,PE,295.0,280.25,15.35,15.35,15.35,15.35,39.647061,0,1089525
2026-08-20 11:00:00,ATM+3,PE,295.0,280.15,15.35,15.35,15.35,15.35,38.546527,0,1089525
2026-08-20 11:05:00,ATM+3,PE,295.0,280.2,15.35,15.35,15.35,15.35,39.118981,0,1089525
2026-08-20 11:10:00,ATM+3,PE,295.0,280.2,15.35,15.35,15.35,15.35,39.128926,0,1089525
2026-08-20 11:15:00,ATM+3,PE,295.0,280.45,15.35,15.35,15.35,15.35,41.760836,0,1089525
2026-08-20 11:20:00,ATM+3,PE,295.0,280.45,15.35,15.35,15.35,15.35,41.772014,0,1089525
2026-08-20 11:25:00,ATM+3,PE,295.0,280.7,15.35,15.35,15.35,15.35,44.155949,0,1089525
2026-08-20 11:30:00,ATM+3,PE,295.0,280.75,15.35,15.35,15.35,15.35,44.619055,0,1089525
2026-08-20 11:35:00,ATM+3,PE,295.0,280.3,15.35,15.35,15.35,15.35,40.265604,0,1089525
2026-08-20 11:40:00,ATM+3,PE,295.0,279.3,15.35,15.35,15.35,15.35,22.511,0,1089525
2026-08-20 11:45:00,ATM+3,PE,295.0,279.2,15.35,15.35,15.35,15.35,0.0,0,1089525
2026-08-20 11:50:00,ATM+3,PE,295.0,279.5,15.35,15.35,15.35,15.35,28.826591,0,1089525
2026-08-20 11:55:00,ATM+3,PE,295.0,279.45,15.35,15.35,15.35,15.35,27.646302,0,1089525
2026-08-20 12:00:00,ATM+3,PE,295.0,279.2,15.35,15.35,15.35,15.35,0.0,0,1089525
2026-08-20 12:05:00,ATM+3,PE,295.0,278.8,15.35,15.35,15.35,15.35,0.0,0,1089525
2026-08-20 12:10:00,ATM+3,PE,295.0,279.6,15.35,15.35,15.35,15.35,30.877083,0,1089525
2026-08-20 12:15:00,ATM+3,PE,295.0,280.0,15.35,15.35,15.35,15.35,36.891662,0,1089525
2026-08-20 12:20:00,ATM+3,PE,295.0,280.35,15.35,15.35,15.35,15.35,40.887394,0,1089525
2026-08-20 12:25:00,ATM+3,PE,295.0,280.45,15.35,15.35,15.35,15.35,41.918416,0,1089525
2026-08-20 12:30:00,ATM+3,PE,295.0,280.3,15.35,15.35,15.35,15.35,40.381984,0,1089525
2026-08-20 12:35:00,ATM+3,PE,295.0,280.7,15.35,15.35,15.35,15.35,44.328423,0,1089525
2026-08-20 12:40:00,ATM+3,PE,295.0,280.7,15.35,15.35,15.35,15.35,44.340844,0,1089525
2026-08-20 12:45:00,ATM+3,PE,295.0,281.2,15.35,15.35,15.35,15.35,48.611279,0,1089525
2026-08-20 12:50:00,ATM+3,PE,295.0,281.4,14.85,15.35,14.85,14.85,45.065091,1825,1087700
2026-08-20 12:55:00,ATM+3,PE,295.0,281.8,14.85,14.85,14.05,14.05,39.82919,7300,1087700
2026-08-20 13:00:00,ATM+3,PE,295.0,281.2,14.05,14.05,14.05,14.05,33.313827,0,1087700
2026-08-20 13:05:00,ATM+3,PE,295.0,281.2,14.05,14.05,14.05,14.05,33.321491,0,1087700
2026-08-20 13:10:00,ATM+3,PE,295.0,281.2,14.05,14.05,14.05,14.05,33.329161,0,1080400
2026-08-20 13:15:00,ATM+3,PE,295.0,281.5,14.05,14.05,14.05,14.05,36.862331,0,1080400
2026-08-20 13:20:00,ATM+3,PE,295.0,281.45,14.05,14.05,14.05,14.05,36.327124,0,1080400
2026-08-20 13:25:00,ATM+3,PE,295.0,281.6,14.05,14.05,14.05,14.05,37.930914,0,1080400
2026-08-20 13:30:00,ATM+3,PE,295.0,282.15,14.05,14.05,14.05,14.05,43.01486,0,1080400
2026-08-20 13:35:00,ATM+3,PE,295.0,282.0,14.05,14.05,14.05,14.05,41.737416,0,1080400
2026-08-20 13:40:00,ATM+3,PE,295.0,281.9,14.05,14.05,13.4,13.9,39.144153,49275,1069450
2026-08-20 13:45:00,ATM+3,PE,295.0,281.3,13.9,14.25,13.9,14.25,37.309653,1825,1058500
2026-08-20 13:50:00,ATM+3,PE,295.0,281.25,14.25,14.25,14.0,14.0,33.299759,1825,1058500
2026-08-20 13:55:00,ATM+3,PE,295.0,281.4,14.0,14.0,13.95,13.95,34.468312,1825,1056675
2026-08-20 14:00:00,ATM+3,PE,295.0,281.4,13.95,13.95,13.95,13.95,34.4767,0,1056675
2026-08-20 14:05:00,ATM+3,PE,295.0,281.55,13.95,13.95,13.95,13.95,36.217257,0,1056675
2026-08-20 14:10:00,ATM+3,PE,295.0,281.05,13.95,14.35,13.95,14.35,35.845397,9125,1049375
2026-08-20 14:15:00,ATM+3,PE,295.0,280.45,14.35,14.35,14.35,14.35,26.203108,0,1053025
2026-08-20 14:20:00,ATM+3,PE,295.0,280.6,14.35,14.35,14.35,14.35,29.377701,0,1053025
2026-08-20 14:25:00,ATM+3,PE,295.0,281.0,14.35,14.35,14.35,14.35,35.266985,0,1053025
2026-08-20 14:30:00,ATM+3,PE,295.0,280.8,14.35,14.35,14.35,14.35,32.61882,0,1053025
2026-08-20 14:35:00,ATM+3,PE,295.0,280.9,14.35,14.35,14.35,14.35,34.007795,0,1053025
2026-08-20 14:40:00,ATM+3,PE,295.0,280.85,14.35,14.35,14.35,14.35,33.339357,0,1053025
2026-08-20 14:45:00,ATM+3,PE,295.0,280.85,14.7,14.7,14.35,14.7,38.304672,5475,1051200
2026-08-20 14:50:00,ATM+3,PE,295.0,280.3,14.7,14.7,14.7,14.7,30.881441,0,1049375
2026-08-20 14:55:00,ATM+3,PE,295.0,280.55,14.7,14.7,14.7,14.7,34.676756,0,1049375
2026-08-20 15:00:00,ATM+3,PE,295.0,280.2,14.7,14.7,14.7,14.7,29.017173,0,1049375
2026-08-20 15:05:00,ATM+3,PE,295.0,280.0,14.7,14.7,14.7,14.7,23.673352,0,1049375
2026-08-20 15:10:00,ATM+3,PE,295.0,279.65,14.7,14.7,14.7,14.7,0.0,0,1049375
2026-08-20 15:15:00,ATM+3,PE,295.0,279.65,14.7,14.7,14.7,14.7,0.0,0,1049375
2026-08-20 15:20:00,ATM+3,PE,295.0,279.65,14.7,14.7,14.7,14.7,0.0,0,1049375
2026-08-20 15:25:00,ATM+3,PE,295.0,279.0,14.7,14.7,14.7,14.7,0.0,0,1049375
2026-08-20 15:30:00,ATM+3,PE,295.0,279.0,14.7,14.7,14.7,14.7,0.0,0,1049375
2026-08-20 15:35:00,ATM+3,PE,295.0,279.0,14.7,14.7,14.7,14.7,0.0,0,1049375
2026-08-21 10:15:00,ATM+3,PE,290.0,277.5,12.9,12.9,12.1,12.9,35.904466,3650,877825
2026-08-21 10:20:00,ATM+3,PE,290.0,277.4,12.9,12.9,12.9,12.9,34.552051,0,877825
2026-08-21 10:35:00,ATM+3,PE,290.0,277.3,12.6,12.6,12.6,12.6,26.898146,0,876000
2026-08-21 10:40:00,ATM+3,PE,290.0,277.15,12.6,12.6,12.6,12.6,22.191067,0,876000
2026-08-21 10:45:00,ATM+3,PE,290.0,277.2,12.6,12.6,12.6,12.6,24.102588,0,876000
2026-08-21 10:50:00,ATM+3,PE,290.0,276.95,12.6,12.6,12.6,12.6,0.0,0,876000
2026-08-21 10:55:00,ATM+3,PE,290.0,277.3,12.6,12.6,12.6,12.6,26.915956,0,876000
2026-08-21 11:00:00,ATM+3,PE,290.0,276.9,17.45,17.45,12.6,12.6,0.0,0,876000
2026-08-21 11:05:00,ATM+3,PE,290.0,276.65,12.6,12.6,12.6,12.6,0.0,0,876000
2026-08-21 11:10:00,ATM+3,PE,290.0,276.7,12.6,12.6,12.6,12.6,0.0,0,876000
2026-08-21 11:15:00,ATM+3,PE,290.0,276.75,12.6,13.8,12.6,13.8,39.888985,1825,876000
2026-08-21 11:20:00,ATM+3,PE,290.0,277.25,13.8,13.8,13.8,13.8,45.464186,0,876000
2026-08-21 11:25:00,ATM+3,PE,290.0,277.05,13.8,13.8,13.8,13.8,43.395149,0,876000
2026-08-21 11:30:00,ATM+3,PE,290.0,277.4,13.8,13.8,13.8,13.8,46.968583,0,876000
2026-08-21 11:35:00,ATM+3,PE,290.0,277.45,13.8,13.8,12.5,12.5,27.922913,1825,874175
2026-08-21 11:40:00,ATM+3,PE,295.0,279.2,17.45,17.45,17.45,17.45,59.222716,0,1045725
2026-08-21 11:45:00,ATM+3,PE,295.0,280.1,17.45,17.45,17.45,17.45,66.937294,0,1045725
2026-08-21 11:50:00,ATM+3,PE,295.0,280.3,17.45,17.45,14.75,14.75,33.66017,3650,1043900
2026-08-21 11:55:00,ATM+3,PE,295.0,280.35,14.85,14.85,14.75,14.85,36.55534,5475,1036600
2026-08-21 12:00:00,ATM+3,PE,295.0,281.3,14.85,14.85,14.85,14.85,48.300908,0,1036600
2026-08-21 12:05:00,ATM+3,PE,295.0,282.2,14.85,14.85,13.65,13.65,42.483713,9125,1034775
2026-08-21 12:10:00,ATM+3,PE,295.0,282.15,13.65,13.65,13.65,13.65,41.962371,0,1034775
2026-08-21 12:15:00,ATM+3,PE,295.0,281.8,13.65,13.65,13.65,13.65,37.84132,1825,1036600
2026-08-21 12:20:00,ATM+3,PE,300.0,284.05,13.65,18.3,13.65,16.2,39.459906,73000,1000100
2026-08-21 12:25:00,ATM+3,PE,300.0,285.2,16.0,16.2,15.75,15.75,47.602237,25550,981850
2026-08-21 12:30:00,ATM+3,PE,300.0,283.3,15.75,16.2,15.75,16.2,0.0,9125,974550
2026-08-21 12:35:00,ATM+3,PE,300.0,283.55,17.35,17.35,16.2,17.35,50.592063,1825,972725
2026-08-21 12:40:00,ATM+3,PE,300.0,283.7,17.35,17.35,16.0,16.55,40.17645,21900,970900
2026-08-21 12:45:00,ATM+3,PE,300.0,283.8,16.55,16.55,16.55,16.55,41.771009,0,970900
2026-08-21 12:50:00,ATM+3,PE,300.0,284.4,16.55,16.55,15.4,15.4,28.019621,7300,970900
2026-08-21 12:55:00,ATM+3,PE,300.0,283.9,15.4,15.4,15.4,15.4,0.0,0,970900
2026-08-21 13:00:00,ATM+3,PE,300.0,283.15,15.4,15.4,15.4,15.4,0.0,0,970900
2026-08-21 13:05:00,ATM+3,PE,300.0,282.75,15.4,17.25,15.4,17.25,36.693202,1825,969075
2026-08-21 13:10:00,ATM+3,PE,300.0,283.15,17.25,17.25,17.25,17.25,43.975671,0,969075
2026-08-21 13:15:00,ATM+3,PE,300.0,282.7,17.25,17.25,17.25,17.25,35.504737,0,969075
2026-08-21 13:20:00,ATM+3,PE,300.0,282.55,17.25,17.25,11.8,17.25,30.872477,3650,969075
2026-08-21 13:25:00,ATM+3,PE,300.0,282.6,17.25,17.25,17.25,17.25,32.664176,0,969075
2026-08-21 13:30:00,ATM+3,PE,300.0,282.8,17.25,17.25,17.25,17.25,37.848946,0,969075
2026-08-21 13:35:00,ATM+3,PE,300.0,282.85,17.25,17.25,17.25,17.25,38.892507,0,969075
2026-08-21 13:40:00,ATM+3,PE,300.0,282.85,17.25,17.25,17.25,17.25,38.903314,0,969075
2026-08-21 13:45:00,ATM+3,PE,300.0,283.0,17.25,17.25,17.25,17.25,41.675419,0,969075
2026-08-21 13:50:00,ATM+3,PE,300.0,283.3,17.25,17.25,17.25,17.25,46.247131,0,969075
2026-08-21 13:55:00,ATM+3,PE,300.0,283.3,17.25,17.25,17.25,17.25,46.262895,0,969075
2026-08-21 14:00:00,ATM+3,PE,300.0,282.85,17.25,17.25,17.25,17.25,38.946685,0,969075
2026-08-21 14:05:00,ATM+3,PE,300.0,282.95,17.25,17.25,17.25,17.25,40.8522,0,969075
2026-08-21 14:10:00,ATM+3,PE,300.0,283.0,17.25,17.25,17.25,17.25,41.739897,0,969075
2026-08-21 14:15:00,ATM+3,PE,300.0,283.0,17.25,17.25,17.25,17.25,41.752838,0,969075
2026-08-21 14:20:00,ATM+3,PE,300.0,282.8,17.25,17.25,17.25,17.25,37.949053,0,969075
2026-08-21 14:25:00,ATM+3,PE,300.0,282.95,17.25,17.25,17.25,17.25,40.901559,0,969075
2026-08-21 14:30:00,ATM+3,PE,300.0,282.7,17.25,17.25,17.25,17.25,35.622744,0,969075
2026-08-21 14:35:00,ATM+3,PE,300.0,282.8,17.25,17.25,17.25,17.25,37.979339,0,969075
2026-08-21 14:40:00,ATM+3,PE,300.0,282.75,17.25,17.65,17.25,17.65,45.032751,3650,967250
2026-08-21 14:45:00,ATM+3,PE,300.0,283.0,17.65,17.65,17.65,17.65,48.605474,0,967250
2026-08-21 14:50:00,ATM+3,PE,300.0,282.9,17.65,17.65,17.1,17.1,36.620251,1825,965425
2026-08-21 14:55:00,ATM+3,PE,300.0,282.8,17.1,17.1,17.1,17.1,34.049095,0,965425
2026-08-21 15:00:00,ATM+3,PE,300.0,283.35,17.1,17.1,17.1,17.1,44.740268,0,965425
2026-08-21 15:05:00,ATM+3,PE,300.0,282.8,17.1,17.1,17.1,17.1,34.061982,0,965425
2026-08-21 15:10:00,ATM+3,PE,295.0,281.8,17.1,17.25,12.7,12.7,0.0,1825,983675
2026-08-21 15:15:00,ATM+3,PE,295.0,281.8,12.7,12.7,12.7,12.7,0.0,0,983675
2026-08-21 15:20:00,ATM+3,PE,295.0,281.8,12.7,13.05,12.7,13.05,26.242629,3650,983675
2026-08-21 15:25:00,ATM+3,PE,295.0,282.5,13.05,13.05,12.95,12.95,36.829748,1825,985500
2026-08-21 15:30:00,ATM+3,PE,295.0,282.5,12.95,12.95,12.95,12.95,36.842049,0,985500
2026-08-21 15:35:00,ATM+3,PE,295.0,282.5,12.95,12.95,12.95,12.95,36.854367,0,985500
2026-08-24 09:35:00,ATM+3,PE,300.0,282.9,12.6,17.4,12.6,16.95,0.0,27375,939875
2026-08-24 09:40:00,ATM+3,PE,300.0,282.8,16.95,16.95,16.95,16.95,0.0,0,939875
2026-08-24 09:45:00,ATM+3,PE,300.0,284.0,16.95,16.95,16.0,16.0,49.963117,1825,932575
2026-08-24 09:50:00,ATM+3,PE,300.0,283.7,16.0,16.0,16.0,16.0,0.0,0,932575
2026-08-24 09:55:00,ATM+3,PE,300.0,283.55,16.0,16.4,16.0,16.4,46.032858,14600,938050
2026-08-24 10:00:00,ATM+3,PE,300.0,283.3,16.4,16.4,16.4,16.4,0.0,0,936225
2026-08-24 10:05:00,ATM+3,PE,300.0,283.6,16.4,16.4,16.4,16.4,51.229523,0,936225
2026-08-24 10:10:00,ATM+3,PE,300.0,283.3,16.4,16.4,16.4,16.4,0.0,0,936225
2026-08-24 10:15:00,ATM+3,PE,300.0,283.55,16.4,16.4,16.4,16.4,46.143852,0,936225
2026-08-24 10:20:00,ATM+3,PE,300.0,283.0,16.4,16.4,16.4,16.4,0.0,0,936225
2026-08-24 10:25:00,ATM+3,PE,300.0,283.1,16.4,16.7,16.4,16.7,0.0,5475,932575
2026-08-24 10:30:00,ATM+3,PE,300.0,282.55,16.7,16.7,16.7,16.7,0.0,0,932575
2026-08-24 10:35:00,ATM+3,PE,300.0,282.65,11.25,16.7,11.25,16.7,0.0,0,930750
2026-08-24 10:40:00,ATM+3,PE,300.0,284.0,16.7,16.7,16.7,16.7,80.70616,5475,930750
2026-08-24 10:45:00,ATM+3,PE,300.0,284.05,16.7,16.7,16.1,16.1,60.134138,1825,934400
2026-08-24 10:50:00,ATM+3,PE,300.0,284.1,16.1,16.15,16.1,16.15,64.770032,1825,934400
2026-08-24 10:55:00,ATM+3,PE,300.0,284.05,16.15,16.15,16.15,16.15,62.750574,0,934400
2026-08-24 11:00:00,ATM+3,PE,300.0,282.95,16.15,16.15,16.15,16.15,0.0,0,934400
2026-08-24 11:05:00,ATM+3,PE,300.0,282.7,16.15,16.15,16.15,16.15,0.0,0,934400
2026-08-24 11:10:00,ATM+3,PE,295.0,282.4,17.3,17.3,11.7,11.7,0.0,3650,985500
2026-08-24 11:15:00,ATM+3,PE,295.0,282.25,17.3,17.3,11.7,11.7,0.0,0,985500
2026-08-24 11:20:00,ATM+3,PE,295.0,282.05,11.7,11.7,11.7,11.7,0.0,0,985500
2026-08-24 11:25:00,ATM+3,PE,295.0,281.95,11.7,11.7,11.7,11.7,0.0,0,985500
2026-08-24 11:30:00,ATM+3,PE,295.0,282.05,11.7,11.7,11.7,11.7,0.0,0,985500
2026-08-24 11:35:00,ATM+3,PE,295.0,281.45,12.95,12.95,11.7,12.95,0.0,5475,990975
2026-08-24 11:40:00,ATM+3,PE,295.0,281.35,12.95,12.95,12.95,12.95,0.0,0,990975
2026-08-24 11:45:00,ATM+3,PE,295.0,281.45,12.95,12.95,12.95,12.95,0.0,0,990975
2026-08-24 11:50:00,ATM+3,PE,295.0,281.8,12.95,12.95,12.95,12.95,0.0,0,990975
2026-08-24 11:55:00,ATM+3,PE,295.0,281.5,12.95,12.95,12.95,12.95,0.0,0,990975
2026-08-24 12:00:00,ATM+3,PE,295.0,281.7,12.95,12.95,12.95,12.95,0.0,0,990975
2026-08-24 12:05:00,ATM+3,PE,295.0,281.85,12.95,12.95,12.95,12.95,0.0,0,990975
2026-08-24 12:10:00,ATM+3,PE,295.0,281.3,12.95,12.95,12.95,12.95,0.0,0,990975
2026-08-24 12:15:00,ATM+3,PE,300.0,282.65,12.95,18.0,12.95,18.0,86.382523,0,921625
2026-08-24 12:20:00,ATM+3,PE,300.0,282.65,12.95,18.0,12.95,18.0,86.506138,0,921625
2026-08-24 12:25:00,ATM+3,PE,300.0,282.55,18.0,18.0,18.0,18.0,83.60615,0,921625
2026-08-24 12:30:00,ATM+3,PE,300.0,283.2,18.0,18.0,18.0,18.0,100.537873,0,921625
2026-08-24 12:35:00,ATM+3,PE,300.0,283.35,16.25,18.0,16.25,16.25,0.0,3650,921625
2026-08-24 12:40:00,ATM+3,PE,300.0,283.6,16.25,16.25,16.25,16.25,0.0,0,921625
2026-08-24 12:45:00,ATM+3,PE,300.0,283.25,16.25,16.25,16.25,16.25,0.0,0,921625
2026-08-24 12:50:00,ATM+3,PE,300.0,283.1,16.25,16.25,16.25,16.25,0.0,0,921625
2026-08-24 12:55:00,ATM+3,PE,300.0,282.9,16.25,16.25,16.25,16.25,0.0,0,921625
2026-08-24 13:00:00,ATM+3,PE,300.0,282.7,16.25,16.25,16.25,16.25,0.0,0,921625
2026-08-24 13:05:00,ATM+3,PE,300.0,282.7,17.1,17.1,12.95,17.1,0.0,3650,921625
2026-08-24 13:10:00,ATM+3,PE,300.0,283.15,17.1,17.1,17.1,17.1,70.436277,0,921625
2026-08-24 13:15:00,ATM+3,PE,300.0,283.25,17.1,17.1,17.1,17.1,74.621108,0,921625
2026-08-24 13:20:00,ATM+3,PE,300.0,283.55,17.1,17.1,17.1,17.1,84.589707,0,921625
2026-08-24 13:25:00,ATM+3,PE,300.0,283.75,17.1,17.1,16.1,16.1,0.0,5475,916150
2026-08-24 13:30:00,ATM+3,PE,300.0,283.3,16.1,16.1,16.1,16.1,0.0,0,916150
2026-08-24 13:35:00,ATM+3,PE,300.0,283.65,16.1,16.1,16.1,16.1,0.0,0,916150
2026-08-24 13:40:00,ATM+3,PE,300.0,283.7,16.1,16.1,16.1,16.1,0.0,0,916150
2026-08-24 13:45:00,ATM+3,PE,300.0,283.65,16.1,16.1,16.1,16.1,0.0,0,916150
2026-08-24 13:50:00,ATM+3,PE,300.0,283.75,16.15,16.15,16.1,16.15,0.0,1825,914325
2026-08-24 13:55:00,ATM+3,PE,300.0,283.9,16.15,16.15,15.75,15.75,0.0,1825,914325
2026-08-24 14:00:00,ATM+3,PE,300.0,283.7,15.75,15.75,15.75,15.75,0.0,0,914325
2026-08-24 14:05:00,ATM+3,PE,300.0,283.6,15.75,15.75,15.75,15.75,0.0,0,914325
2026-08-24 14:10:00,ATM+3,PE,300.0,283.5,15.75,15.75,15.75,15.75,0.0,0,914325
2026-08-24 14:15:00,ATM+3,PE,300.0,283.5,15.75,15.75,15.75,15.75,0.0,0,914325
2026-08-24 14:20:00,ATM+3,PE,300.0,283.4,15.75,16.1,15.75,16.1,0.0,3650,916150
2026-08-24 14:25:00,ATM+3,PE,300.0,283.6,16.0,16.1,15.7,15.7,0.0,9125,910675
2026-08-24 14:30:00,ATM+3,PE,300.0,284.0,15.7,15.7,15.5,15.5,0.0,3650,903375
2026-08-24 14:35:00,ATM+3,PE,300.0,283.8,15.5,15.5,15.5,15.5,0.0,0,903375
2026-08-24 14:40:00,ATM+3,PE,300.0,284.05,15.5,15.5,15.5,15.5,0.0,0,903375
2026-08-24 14:45:00,ATM+3,PE,300.0,283.95,15.5,15.5,15.5,15.5,0.0,0,903375
2026-08-24 14:50:00,ATM+3,PE,300.0,283.7,15.25,15.5,15.25,15.25,0.0,1825,903375
2026-08-24 14:55:00,ATM+3,PE,300.0,283.35,15.25,15.25,15.25,15.25,0.0,0,903375
2026-08-24 15:00:00,ATM+3,PE,300.0,283.05,16.0,16.2,15.25,16.2,0.0,5475,903375
2026-08-24 15:05:00,ATM+3,PE,300.0,283.6,16.2,16.2,16.0,16.0,0.0,3650,897900
2026-08-24 15:10:00,ATM+3,PE,300.0,283.25,16.0,16.0,15.5,15.7,0.0,16425,886950
2026-08-24 15:15:00,ATM+3,PE,300.0,283.25,15.7,15.7,15.1,15.1,0.0,5475,888775
2026-08-24 15:20:00,ATM+3,PE,300.0,283.25,14.9,15.1,14.35,14.35,0.0,36500,876000
2026-08-24 15:25:00,ATM+3,PE,300.0,284.25,14.35,15.45,14.35,15.45,0.0,10950,872350
2026-08-24 15:30:00,ATM+3,PE,300.0,284.25,15.45,15.45,15.45,15.45,0.0,0,872350
2026-08-24 15:35:00,ATM+3,PE,300.0,284.25,15.7,15.95,15.45,15.75,53.029112,16425,872350
2026-08-25 09:25:00,ATM+3,PE,305.0,289.1,16.0,16.0,16.0,16.0,0.0,5475,195275
2026-08-25 09:30:00,ATM+3,PE,300.0,286.95,11.25,13.65,11.25,12.75,0.0,20075,806650
2026-08-25 09:35:00,ATM+3,PE,300.0,287.0,12.75,13.55,12.75,13.55,138.385809,18250,801175
2026-08-25 09:40:00,ATM+3,PE,300.0,286.35,12.55,13.55,12.55,13.1,0.0,7300,788400
2026-08-25 09:45:00,ATM+3,PE,300.0,284.85,13.1,15.15,13.1,15.15,85.150652,12775,784750
2026-08-25 09:50:00,ATM+3,PE,300.0,284.8,15.15,15.15,15.15,15.15,0.0,0,784750
2026-08-25 09:55:00,ATM+3,PE,300.0,284.8,15.15,15.15,15.15,15.15,0.0,0,784750
2026-08-25 10:00:00,ATM+3,PE,300.0,284.1,15.15,15.15,15.15,15.15,0.0,0,784750
2026-08-25 10:05:00,ATM+3,PE,300.0,284.9,15.7,15.7,15.05,15.1,86.800527,29200,761025
2026-08-25 10:10:00,ATM+3,PE,300.0,285.25,15.1,15.1,14.85,14.85,0.0,7300,753725
2026-08-25 10:15:00,ATM+3,PE,305.0,288.15,13.55,18.15,13.55,18.15,0.0,20075,189800
2026-08-25 10:20:00,ATM+3,PE,305.0,289.05,18.15,18.15,18.15,18.15,0.0,0,189800
2026-08-25 10:25:00,ATM+3,PE,305.0,289.15,18.15,18.15,18.15,18.15,0.0,0,189800
2026-08-25 10:30:00,ATM+3,PE,305.0,288.55,18.15,18.15,16.4,16.4,0.0,1825,187975
2026-08-25 10:35:00,ATM+3,PE,305.0,288.15,16.4,16.4,16.4,16.4,0.0,0,187975
2026-08-25 10:40:00,ATM+3,PE,305.0,288.35,16.4,16.4,16.4,16.4,0.0,0,187975
2026-08-25 10:45:00,ATM+3,PE,305.0,288.3,16.4,16.4,16.4,16.4,0.0,0,187975
2026-08-25 10:50:00,ATM+3,PE,300.0,286.8,16.4,16.4,10.55,10.55,0.0,0,677075
2026-08-25 10:55:00,ATM+3,PE,300.0,287.4,10.55,16.4,10.55,10.55,0.0,0,677075
2026-08-25 11:00:00,ATM+3,PE,305.0,287.7,16.4,16.4,16.4,16.4,0.0,0,187975
2026-08-25 11:05:00,ATM+3,PE,305.0,288.5,16.4,16.4,16.4,16.4,0.0,0,187975
2026-08-25 11:10:00,ATM+3,PE,305.0,290.0,16.4,16.4,16.4,16.4,0.0,0,187975
2026-08-25 11:15:00,ATM+3,PE,305.0,289.75,16.4,16.4,16.4,16.4,0.0,0,187975
2026-08-25 11:20:00,ATM+3,PE,305.0,290.0,16.4,16.4,16.4,16.4,0.0,0,187975
2026-08-25 11:25:00,ATM+3,PE,305.0,288.1,16.4,16.4,16.25,16.25,0.0,1825,187975
2026-08-25 11:30:00,ATM+3,PE,305.0,288.8,16.25,16.25,16.25,16.25,0.0,0,187975
2026-08-25 11:35:00,ATM+3,PE,305.0,288.75,16.25,16.25,16.25,16.25,0.0,0,187975
2026-08-25 11:40:00,ATM+3,PE,300.0,287.3,16.25,16.25,12.1,12.1,0.0,0,675250
2026-08-25 11:45:00,ATM+3,PE,305.0,287.75,16.25,16.25,12.1,16.25,0.0,0,187975
2026-08-25 11:50:00,ATM+3,PE,305.0,287.9,16.25,16.25,16.25,16.25,0.0,0,187975
2026-08-25 11:55:00,ATM+3,PE,305.0,287.85,16.25,16.25,16.25,16.25,0.0,0,187975
2026-08-25 12:00:00,ATM+3,PE,300.0,287.5,16.25,16.25,12.0,12.0,0.0,0,675250
2026-08-25 12:05:00,ATM+3,PE,305.0,288.15,16.25,16.25,16.25,16.25,0.0,0,187975
2026-08-25 12:10:00,ATM+3,PE,305.0,288.0,16.25,16.25,16.25,16.25,0.0,0,187975
2026-08-25 12:15:00,ATM+3,PE,305.0,288.35,16.25,16.25,16.25,16.25,0.0,0,187975
2026-08-25 12:20:00,ATM+3,PE,305.0,287.9,16.25,16.25,16.25,16.25,0.0,0,187975
2026-08-25 12:25:00,ATM+3,PE,300.0,286.8,12.0,12.0,12.0,12.0,0.0,0,675250
2026-08-25 12:30:00,ATM+3,PE,300.0,286.95,12.0,12.0,12.0,12.0,0.0,0,675250
2026-08-25 12:35:00,ATM+3,PE,300.0,286.85,11.95,12.0,11.95,11.95,0.0,7300,673425
2026-08-25 12:40:00,ATM+3,PE,300.0,287.0,11.95,11.95,11.95,11.95,0.0,0,673425
2026-08-25 12:45:00,ATM+3,PE,300.0,287.2,11.95,11.95,11.95,11.95,0.0,0,673425
2026-08-25 12:50:00,ATM+3,PE,300.0,287.5,11.95,11.95,11.95,11.95,0.0,0,673425
2026-08-25 12:55:00,ATM+3,PE,305.0,287.55,17.9,17.9,11.95,17.9,0.0,0,187975
2026-08-25 13:00:00,ATM+3,PE,300.0,286.8,11.95,11.95,11.95,11.95,0.0,0,673425
2026-08-25 13:05:00,ATM+3,PE,300.0,286.8,11.95,11.95,11.95,11.95,0.0,0,673425
2026-08-25 13:10:00,ATM+3,PE,300.0,287.15,11.95,11.95,11.95,11.95,0.0,0,673425
2026-08-25 13:15:00,ATM+3,PE,300.0,287.05,11.95,11.95,11.95,11.95,0.0,0,673425
2026-08-25 13:20:00,ATM+3,PE,305.0,287.6,11.95,17.9,11.95,17.9,0.0,0,187975
2026-08-25 13:25:00,ATM+3,PE,300.0,287.4,11.95,11.95,11.95,11.95,0.0,0,673425
2026-08-25 13:30:00,ATM+3,PE,305.0,287.9,11.95,17.9,11.95,17.9,0.0,0,187975
2026-08-25 13:35:00,ATM+3,PE,305.0,288.1,17.9,17.9,17.9,17.9,0.0,0,187975
2026-08-25 13:40:00,ATM+3,PE,305.0,288.1,17.9,17.9,15.65,15.65,0.0,1825,186150
2026-08-25 13:45:00,ATM+3,PE,305.0,288.0,15.65,15.65,15.65,15.65,0.0,0,186150
2026-08-25 13:50:00,ATM+3,PE,305.0,287.6,15.65,15.65,15.65,15.65,0.0,0,186150
2026-08-25 13:55:00,ATM+3,PE,300.0,287.5,12.1,15.65,12.1,12.1,0.0,0,667950
2026-08-25 14:00:00,ATM+3,PE,300.0,287.4,15.65,15.65,11.55,11.55,0.0,3650,667950
2026-08-25 14:05:00,ATM+3,PE,300.0,287.35,11.55,16.25,11.55,11.55,0.0,0,667950
2026-08-25 14:10:00,ATM+3,PE,305.0,287.6,11.55,16.25,11.55,16.25,0.0,0,186150
2026-08-25 14:15:00,ATM+3,PE,300.0,287.45,11.55,16.25,11.55,11.55,0.0,0,667950
2026-08-25 14:20:00,ATM+3,PE,300.0,287.35,11.55,11.55,11.55,11.55,0.0,0,667950
2026-08-25 14:25:00,ATM+3,PE,305.0,287.9,11.55,16.25,11.55,16.25,0.0,0,186150
2026-08-25 14:30:00,ATM+3,PE,305.0,287.9,16.25,16.25,16.25,16.25,0.0,0,186150
2026-08-25 14:35:00,ATM+3,PE,305.0,287.85,16.25,16.25,16.25,16.25,0.0,0,186150
2026-08-25 14:40:00,ATM+3,PE,305.0,287.85,16.25,16.25,16.25,16.25,0.0,0,186150
2026-08-25 14:45:00,ATM+3,PE,305.0,287.85,16.25,16.25,16.25,16.25,0.0,0,186150
2026-08-25 14:50:00,ATM+3,PE,305.0,287.9,16.25,16.25,16.25,16.25,0.0,0,186150
2026-08-25 14:55:00,ATM+3,PE,305.0,287.65,16.25,16.25,11.55,16.25,0.0,0,186150
2026-08-25 15:00:00,ATM+3,PE,305.0,287.55,11.55,16.25,11.5,16.25,0.0,3650,186150
2026-08-25 15:05:00,ATM+3,PE,305.0,287.55,12.05,16.25,11.6,16.25,0.0,34675,186150
2026-08-25 15:10:00,ATM+3,PE,300.0,286.65,11.6,11.6,11.6,11.6,0.0,0,627800
2026-08-25 15:15:00,ATM+3,PE,300.0,286.65,11.6,12.6,11.6,12.6,0.0,3650,629625
2026-08-25 15:20:00,ATM+3,PE,300.0,286.65,12.6,12.6,12.6,12.6,0.0,0,629625
2026-08-25 15:25:00,ATM+3,PE,300.0,287.4,12.6,12.6,12.6,12.6,0.0,0,629625
2026-08-25 15:30:00,ATM+3,PE,300.0,287.4,11.0,12.6,9.25,9.25,0.0,9125,627800
2026-08-25 15:35:00,ATM+3,PE,300.0,287.4,9.25,9.25,9.25,9.25,0.0,0,627800
