ts,offset,side,strike,spot,open,high,low,close,iv,volume,oi
2026-08-20 09:15:00,ATM-3,CE,360.0,393.45,34.0,34.0,34.0,34.0,30.553213,1875,1014375
2026-08-20 09:20:00,ATM-3,CE,360.0,388.25,32.0,34.0,32.0,32.0,71.453837,9375,1014375
2026-08-20 09:25:00,ATM-3,CE,360.0,388.9,32.0,32.0,32.0,32.0,66.755175,0,1014375
2026-08-20 09:30:00,ATM-3,CE,360.0,388.0,27.35,32.0,27.35,27.55,0.0,5625,1014375
2026-08-20 09:35:00,ATM-3,CE,360.0,387.85,27.55,27.55,27.2,27.2,0.0,5625,1018125
2026-08-20 09:40:00,ATM-3,CE,360.0,387.35,26.7,27.2,26.5,26.5,0.0,3750,1018125
2026-08-20 09:45:00,ATM-3,CE,360.0,387.1,26.5,26.5,26.5,26.5,0.0,7500,1020000
2026-08-20 09:50:00,ATM-3,CE,360.0,387.55,26.5,26.5,26.5,26.5,0.0,0,1020000
2026-08-20 09:55:00,ATM-3,CE,360.0,387.8,26.5,27.05,26.5,27.05,0.0,3750,1020000
2026-08-20 10:00:00,ATM-3,CE,360.0,388.2,27.05,27.05,27.05,27.05,0.0,0,1020000
2026-08-20 10:05:00,ATM-3,CE,360.0,388.5,27.05,27.05,27.05,27.05,0.0,0,1020000
2026-08-20 10:10:00,ATM-3,CE,360.0,389.65,27.05,27.05,27.05,27.05,0.0,0,1020000
2026-08-20 10:15:00,ATM-3,CE,360.0,389.15,27.05,27.05,27.05,27.05,0.0,0,1020000
2026-08-20 10:20:00,ATM-3,CE,360.0,389.65,27.05,27.05,27.05,27.05,0.0,0,1020000
2026-08-20 10:25:00,ATM-3,CE,360.0,388.85,27.05,27.05,27.05,27.05,0.0,0,1020000
2026-08-20 10:30:00,ATM-3,CE,360.0,389.7,27.05,29.0,27.05,29.0,0.0,3750,1021875
2026-08-20 10:35:00,ATM-3,CE,360.0,390.5,29.0,29.0,29.0,29.0,0.0,0,1021875
2026-08-20 10:40:00,ATM-3,CE,360.0,390.55,29.0,30.6,29.0,30.6,0.0,1875,1021875
2026-08-20 10:45:00,ATM-3,CE,360.0,390.45,30.6,30.6,30.6,30.6,0.0,0,1021875
2026-08-20 10:50:00,ATM-3,CE,360.0,388.8,30.6,30.6,30.6,30.6,53.779696,0,1021875
2026-08-20 10:55:00,ATM-3,CE,360.0,389.2,30.6,30.6,30.6,30.6,49.147505,0,1021875
2026-08-20 11:00:00,ATM-3,CE,360.0,388.75,30.6,30.6,30.6,30.6,54.348209,0,1021875
2026-08-20 11:05:00,ATM-3,CE,360.0,390.5,28.85,30.6,28.85,29.0,0.0,5625,1023750
2026-08-20 11:10:00,ATM-3,CE,360.0,390.4,29.0,29.0,29.0,29.0,0.0,0,1023750
2026-08-20 11:15:00,ATM-3,CE,360.0,389.65,29.0,29.2,29.0,29.2,0.0,5625,1023750
2026-08-20 11:20:00,ATM-3,CE,360.0,389.5,29.2,29.2,29.2,29.2,0.0,0,1023750
2026-08-20 11:25:00,ATM-3,CE,360.0,389.5,29.2,29.2,29.2,29.2,0.0,0,1023750
2026-08-20 11:30:00,ATM-3,CE,360.0,389.75,29.2,29.2,29.2,29.2,0.0,0,1023750
2026-08-20 11:35:00,ATM-3,CE,360.0,389.4,29.2,29.2,29.2,29.2,0.0,0,1023750
2026-08-20 11:40:00,ATM-3,CE,360.0,389.3,29.2,29.2,29.2,29.2,0.0,0,1023750
2026-08-20 11:45:00,ATM-3,CE,360.0,389.2,29.2,29.2,29.2,29.2,0.0,0,1023750
2026-08-20 11:50:00,ATM-3,CE,360.0,389.2,29.2,29.2,29.2,29.2,0.0,0,1023750
2026-08-20 11:55:00,ATM-3,CE,360.0,389.5,29.2,29.2,29.2,29.2,0.0,0,1023750
2026-08-20 12:00:00,ATM-3,CE,360.0,389.35,29.2,29.2,29.2,29.2,0.0,0,1023750
2026-08-20 12:05:00,ATM-3,CE,360.0,389.0,29.2,29.2,28.5,28.5,0.0,1875,1023750
2026-08-20 12:10:00,ATM-3,CE,360.0,389.45,28.5,28.5,28.5,28.5,0.0,0,1023750
2026-08-20 12:15:00,ATM-3,CE,360.0,389.9,28.5,28.5,28.5,28.5,0.0,0,1023750
2026-08-20 12:20:00,ATM-3,CE,360.0,389.4,28.5,28.5,28.5,28.5,0.0,0,1023750
2026-08-20 12:25:00,ATM-3,CE,360.0,389.2,28.5,28.5,28.5,28.5,0.0,0,1023750
2026-08-20 12:30:00,ATM-3,CE,360.0,389.2,28.5,28.5,28.5,28.5,0.0,0,1023750
2026-08-20 12:35:00,ATM-3,CE,360.0,389.0,28.5,28.5,28.5,28.5,0.0,0,1023750
2026-08-20 12:40:00,ATM-3,CE,360.0,388.65,28.5,28.5,28.5,28.5,0.0,0,1023750
2026-08-20 12:45:00,ATM-3,CE,360.0,388.8,28.5,28.5,28.5,28.5,0.0,0,1023750
2026-08-20 12:50:00,ATM-3,CE,360.0,388.0,28.5,28.5,28.5,28.5,0.0,0,1023750
2026-08-20 12:55:00,ATM-3,CE,360.0,387.7,27.05,28.5,27.05,27.05,0.0,3750,1023750
2026-08-20 13:00:00,ATM-3,CE,360.0,387.6,27.05,27.05,27.05,27.05,0.0,0,1023750
2026-08-20 13:05:00,ATM-3,CE,360.0,387.65,27.05,27.05,27.05,27.05,0.0,0,1023750
2026-08-20 13:10:00,ATM-3,CE,360.0,387.8,27.05,27.05,27.05,27.05,0.0,0,1023750
2026-08-20 13:15:00,ATM-3,CE,360.0,388.15,27.05,27.05,27.05,27.05,0.0,0,1023750
2026-08-20 13:20:00,ATM-3,CE,360.0,388.05,27.05,27.05,27.05,27.05,0.0,0,1023750
2026-08-20 13:25:00,ATM-3,CE,360.0,387.65,27.05,27.05,27.05,27.05,0.0,0,1023750
2026-08-20 13:30:00,ATM-3,CE,360.0,387.65,27.05,27.05,27.05,27.05,0.0,0,1023750
2026-08-20 13:35:00,ATM-3,CE,360.0,387.4,27.05,27.05,27.05,27.05,0.0,0,1023750
2026-08-20 13:40:00,ATM-3,CE,360.0,387.2,27.05,27.05,27.05,27.05,0.0,0,1023750
2026-08-20 13:45:00,ATM-3,CE,360.0,387.05,27.05,27.05,27.05,27.05,0.0,0,1023750
2026-08-20 13:50:00,ATM-3,CE,360.0,386.75,27.05,27.05,27.05,27.05,0.0,0,1023750
2026-08-20 13:55:00,ATM-3,CE,360.0,387.05,27.05,27.05,26.1,26.1,0.0,1875,1025625
2026-08-20 14:00:00,ATM-3,CE,360.0,387.35,26.1,26.1,26.1,26.1,0.0,0,1025625
2026-08-20 14:05:00,ATM-3,CE,360.0,387.45,26.1,26.1,26.1,26.1,0.0,0,1025625
2026-08-20 14:10:00,ATM-3,CE,360.0,387.1,26.1,26.1,26.1,26.1,0.0,0,1025625
2026-08-20 14:15:00,ATM-3,CE,360.0,387.55,26.1,26.1,26.1,26.1,0.0,0,1025625
2026-08-20 14:20:00,ATM-3,CE,360.0,387.4,26.1,26.1,26.1,26.1,0.0,0,1025625
2026-08-20 14:25:00,ATM-3,CE,360.0,387.7,26.1,26.1,26.1,26.1,0.0,0,1025625
2026-08-20 14:30:00,ATM-3,CE,360.0,387.15,26.1,26.1,26.1,26.1,0.0,0,1025625
2026-08-20 14:35:00,ATM-3,CE,360.0,387.05,26.1,26.1,26.1,26.1,0.0,0,1025625
2026-08-20 14:40:00,ATM-3,CE,360.0,387.15,26.1,26.1,26.1,26.1,0.0,0,1025625
2026-08-20 14:45:00,ATM-3,CE,360.0,387.1,26.1,26.1,26.1,26.1,0.0,0,1025625
2026-08-20 14:50:00,ATM-3,CE,360.0,387.0,26.1,26.1,26.1,26.1,0.0,0,1025625
2026-08-20 14:55:00,ATM-3,CE,360.0,387.0,26.1,26.1,26.1,26.1,0.0,0,1025625
2026-08-20 15:00:00,ATM-3,CE,360.0,386.35,26.1,26.1,26.1,26.1,0.0,0,1025625
2026-08-20 15:05:00,ATM-3,CE,360.0,385.9,26.1,26.1,26.1,26.1,0.0,0,1025625
2026-08-20 15:10:00,ATM-3,CE,360.0,385.6,26.1,26.1,26.1,26.1,20.831022,0,1025625
2026-08-20 15:15:00,ATM-3,CE,360.0,385.6,26.1,26.1,26.1,26.1,20.955667,0,1025625
2026-08-20 15:20:00,ATM-3,CE,360.0,385.6,26.1,26.1,26.1,26.1,21.075199,0,1025625
2026-08-20 15:25:00,ATM-3,CE,360.0,385.6,26.1,26.1,26.1,26.1,21.19023,0,1025625
2026-08-20 15:30:00,ATM-3,CE,360.0,385.6,26.1,26.1,26.1,26.1,21.301032,0,1025625
2026-08-20 15:35:00,ATM-3,CE,360.0,385.6,26.1,26.1,26.1,26.1,21.408117,0,1025625
2026-08-21 09:25:00,ATM-3,CE,360.0,391.9,28.7,30.35,27.35,30.35,0.0,22500,1020000
2026-08-21 09:30:00,ATM-3,CE,360.0,391.05,30.35,30.35,30.35,30.35,0.0,0,1020000
2026-08-21 09:35:00,ATM-3,CE,360.0,391.5,30.35,30.35,30.35,30.35,0.0,0,1020000
2026-08-21 09:40:00,ATM-3,CE,360.0,392.8,30.35,30.35,30.35,30.35,0.0,0,1020000
2026-08-21 09:45:00,ATM-3,CE,360.0,391.4,30.35,30.35,30.35,30.35,0.0,0,1020000
2026-08-21 09:50:00,ATM-3,CE,360.0,392.9,30.35,32.9,30.35,32.9,0.0,1875,1020000
2026-08-21 09:55:00,ATM-3,CE,360.0,394.0,32.9,32.9,32.9,32.9,0.0,0,1020000
2026-08-21 10:00:00,ATM-3,CE,360.0,392.35,32.9,32.9,32.9,32.9,40.201704,0,1020000
2026-08-21 10:05:00,ATM-3,CE,360.0,392.45,32.9,32.9,32.3,32.3,0.0,1875,1018125
2026-08-21 10:10:00,ATM-3,CE,360.0,392.3,32.3,32.3,32.3,32.3,0.0,1875,1018125
2026-08-21 10:15:00,ATM-3,CE,360.0,392.5,32.3,32.3,32.3,32.3,0.0,0,1018125
2026-08-21 10:20:00,ATM-3,CE,360.0,391.6,32.3,32.3,32.0,32.0,0.0,1875,1016250
2026-08-21 10:25:00,ATM-3,CE,360.0,394.15,32.0,34.25,32.0,34.25,0.0,3750,1016250
2026-08-21 10:30:00,ATM-3,CE,360.0,393.25,34.25,34.25,34.25,34.25,54.114433,0,1016250
2026-08-21 10:35:00,ATM-3,CE,360.0,394.0,34.25,34.25,34.25,34.25,0.0,0,1016250
2026-08-21 10:40:00,ATM-3,CE,360.0,393.1,34.25,34.25,34.25,34.25,56.857041,0,1016250
2026-08-21 10:45:00,ATM-3,CE,360.0,392.8,34.25,34.25,34.25,34.25,61.46375,0,1016250
2026-08-21 10:50:00,ATM-3,CE,360.0,392.45,34.25,34.25,34.25,34.25,66.009383,0,1016250
2026-08-21 10:55:00,ATM-3,CE,360.0,392.55,34.25,34.25,34.25,34.25,64.81793,0,1016250
2026-08-21 11:00:00,ATM-3,CE,360.0,392.4,34.25,34.25,34.25,34.25,66.666718,0,1016250
2026-08-21 11:05:00,ATM-3,CE,360.0,392.65,34.25,34.25,34.25,34.25,63.606167,0,1016250
2026-08-21 11:10:00,ATM-3,CE,360.0,392.55,34.25,34.25,34.25,34.25,64.911194,0,1016250
2026-08-21 11:15:00,ATM-3,CE,360.0,392.1,34.25,34.25,34.25,34.25,70.130358,0,1016250
2026-08-21 11:20:00,ATM-3,CE,360.0,392.65,34.25,34.25,34.25,34.25,63.698606,0,1016250
2026-08-21 11:25:00,ATM-3,CE,360.0,392.25,34.25,34.25,34.25,34.25,68.550696,0,1016250
2026-08-21 11:30:00,ATM-3,CE,360.0,392.3,34.25,34.25,34.25,34.25,68.0172,0,1016250
2026-08-21 11:35:00,ATM-3,CE,360.0,391.95,34.25,34.25,34.25,34.25,71.838486,0,1016250
2026-08-21 11:40:00,ATM-3,CE,360.0,392.45,34.25,34.25,34.25,34.25,66.324651,0,1016250
2026-08-21 11:45:00,ATM-3,CE,360.0,392.7,34.25,34.25,34.25,34.25,63.194004,0,1016250
2026-08-21 11:50:00,ATM-3,CE,360.0,392.35,34.25,34.25,34.25,34.25,67.570241,0,1016250
2026-08-21 11:55:00,ATM-3,CE,360.0,392.2,34.25,34.25,34.25,34.25,69.302901,0,1016250
2026-08-21 12:00:00,ATM-3,CE,360.0,392.25,34.25,34.25,34.25,34.25,68.777674,0,1016250
2026-08-21 12:05:00,ATM-3,CE,360.0,392.4,34.25,34.25,34.25,34.25,67.080501,0,1016250
2026-08-21 12:10:00,ATM-3,CE,360.0,392.25,34.25,34.25,34.25,34.25,68.842886,0,1016250
2026-08-21 12:15:00,ATM-3,CE,360.0,392.25,34.25,34.25,34.25,34.25,68.875547,0,1016250
2026-08-21 12:20:00,ATM-3,CE,360.0,392.6,34.25,34.25,34.25,34.25,64.717981,0,1016250
2026-08-21 12:25:00,ATM-3,CE,360.0,392.4,34.25,34.25,34.25,34.25,67.209111,0,1014375
2026-08-21 12:30:00,ATM-3,CE,360.0,392.5,34.25,34.25,34.25,34.25,66.034841,0,1014375
2026-08-21 12:35:00,ATM-3,CE,360.0,392.45,34.25,34.25,34.25,34.25,66.675766,0,1014375
2026-08-21 12:40:00,ATM-3,CE,360.0,392.6,31.35,34.25,31.35,31.35,0.0,11250,1010625
2026-08-21 12:45:00,ATM-3,CE,360.0,393.55,31.35,31.35,31.35,31.35,0.0,0,1010625
2026-08-21 12:50:00,ATM-3,CE,360.0,393.5,31.35,31.35,31.35,31.35,0.0,0,1010625
2026-08-21 12:55:00,ATM-3,CE,360.0,393.45,31.35,31.35,31.35,31.35,0.0,0,1010625
2026-08-21 13:00:00,ATM-3,CE,360.0,393.85,31.35,31.35,31.35,31.35,0.0,0,1010625
2026-08-21 13:05:00,ATM-3,CE,360.0,394.25,31.35,31.35,31.35,31.35,0.0,0,1010625
2026-08-21 13:10:00,ATM-3,CE,370.0,395.45,31.35,33.9,23.05,23.05,0.0,1875,733125
2026-08-21 13:15:00,ATM-3,CE,370.0,396.8,25.0,25.5,23.05,25.5,0.0,9375,731250
2026-08-21 13:20:00,ATM-3,CE,370.0,396.2,25.5,25.5,25.05,25.05,0.0,1875,729375
2026-08-21 13:25:00,ATM-3,CE,370.0,396.5,25.05,25.05,25.05,25.05,0.0,0,729375
2026-08-21 13:30:00,ATM-3,CE,370.0,396.2,25.05,25.05,24.85,24.85,0.0,3750,727500
2026-08-21 13:35:00,ATM-3,CE,370.0,396.15,24.85,24.85,24.85,24.85,0.0,0,727500
2026-08-21 13:40:00,ATM-3,CE,370.0,396.7,24.85,24.85,24.85,24.85,0.0,0,727500
2026-08-21 13:45:00,ATM-3,CE,370.0,396.5,24.85,24.85,24.85,24.85,0.0,0,727500
2026-08-21 13:50:00,ATM-3,CE,370.0,396.5,24.85,24.85,24.85,24.85,0.0,0,727500
2026-08-21 13:55:00,ATM-3,CE,370.0,396.6,24.85,24.85,24.85,24.85,0.0,0,727500
2026-08-21 14:00:00,ATM-3,CE,370.0,396.9,24.85,24.85,24.85,24.85,0.0,0,727500
2026-08-21 14:05:00,ATM-3,CE,370.0,396.3,24.85,24.85,24.85,24.85,0.0,0,727500
2026-08-21 14:10:00,ATM-3,CE,370.0,396.95,24.85,25.75,24.85,25.75,0.0,28125,735000
2026-08-21 14:15:00,ATM-3,CE,370.0,396.9,25.75,26.25,25.75,26.2,0.0,9375,731250
2026-08-21 14:20:00,ATM-3,CE,370.0,397.0,26.2,26.2,26.2,26.2,0.0,0,731250
2026-08-21 14:25:00,ATM-3,CE,370.0,396.8,26.2,26.2,25.95,25.95,0.0,1875,727500
2026-08-21 14:30:00,ATM-3,CE,370.0,396.55,25.95,25.95,25.95,25.95,0.0,0,727500
2026-08-21 14:35:00,ATM-3,CE,370.0,396.6,25.95,25.95,25.95,25.95,0.0,0,727500
2026-08-21 14:40:00,ATM-3,CE,370.0,396.65,25.95,26.2,25.95,26.05,0.0,5625,727500
2026-08-21 14:45:00,ATM-3,CE,370.0,396.55,26.05,26.05,26.05,26.05,0.0,0,727500
2026-08-21 14:50:00,ATM-3,CE,370.0,396.65,26.05,26.05,26.05,26.05,0.0,0,727500
2026-08-21 14:55:00,ATM-3,CE,370.0,396.25,25.9,26.05,25.5,25.5,0.0,3750,731250
2026-08-21 15:00:00,ATM-3,CE,370.0,396.3,25.3,25.5,25.25,25.25,0.0,3750,729375
2026-08-21 15:05:00,ATM-3,CE,370.0,396.45,25.25,25.25,25.25,25.25,0.0,1875,729375
2026-08-21 15:10:00,ATM-3,CE,370.0,396.3,25.25,26.0,25.25,26.0,0.0,13125,729375
2026-08-21 15:15:00,ATM-3,CE,370.0,396.3,26.0,26.0,26.0,26.0,0.0,0,729375
2026-08-21 15:20:00,ATM-3,CE,370.0,396.3,26.0,26.0,26.0,26.0,0.0,0,729375
2026-08-21 15:25:00,ATM-3,CE,360.0,394.45,26.0,35.65,25.0,35.65,61.184664,3750,1006875
2026-08-21 15:30:00,ATM-3,CE,360.0,394.45,35.65,35.65,35.65,35.65,61.216863,0,1006875
2026-08-21 15:35:00,ATM-3,CE,360.0,394.45,35.65,35.65,35.65,35.65,61.249099,0,1006875
2026-08-24 09:15:00,ATM-3,CE,370.0,400.1,25.5,25.5,25.5,25.5,0.0,0,729375
2026-08-24 09:20:00,ATM-3,CE,370.0,399.0,25.5,25.5,25.5,25.5,0.0,0,729375
2026-08-24 09:25:00,ATM-3,CE,370.0,399.45,30.65,30.65,28.6,28.6,0.0,7500,727500
2026-08-24 09:30:00,ATM-3,CE,370.0,398.2,28.6,28.6,28.6,28.6,72.530987,0,727500
2026-08-24 09:35:00,ATM-3,CE,370.0,398.3,28.6,28.6,28.6,28.6,67.127761,0,727500
2026-08-24 09:40:00,ATM-3,CE,370.0,399.6,28.6,28.6,28.6,28.6,0.0,0,727500
2026-08-24 09:45:00,ATM-3,CE,370.0,400.55,29.6,31.25,28.6,31.25,90.150704,11250,725625
2026-08-24 09:50:00,ATM-3,CE,370.0,399.0,31.25,31.25,31.25,31.25,124.386905,0,725625
2026-08-24 09:55:00,ATM-3,CE,370.0,399.85,29.7,31.25,29.7,29.7,0.0,1875,718125
2026-08-24 10:00:00,ATM-3,CE,370.0,399.25,29.7,29.7,29.7,29.7,77.792049,1875,716250
2026-08-24 10:05:00,ATM-3,CE,370.0,399.8,29.45,29.7,29.45,29.45,0.0,1875,716250
2026-08-24 10:10:00,ATM-3,CE,370.0,399.8,29.45,29.45,29.45,29.45,0.0,0,716250
2026-08-24 10:15:00,ATM-3,CE,370.0,400.45,29.45,29.45,29.45,29.45,0.0,0,716250
2026-08-24 10:20:00,ATM-3,CE,370.0,400.7,29.45,29.45,29.45,29.45,0.0,0,718125
2026-08-24 10:25:00,ATM-3,CE,370.0,400.7,29.45,29.45,29.45,29.45,0.0,0,718125
2026-08-24 10:30:00,ATM-3,CE,370.0,400.75,29.45,29.45,29.45,29.45,0.0,0,716250
2026-08-24 10:35:00,ATM-3,CE,370.0,400.45,29.45,29.45,29.45,29.45,0.0,0,716250
2026-08-24 10:40:00,ATM-3,CE,370.0,401.1,29.45,31.75,29.45,31.75,91.07111,22500,716250
2026-08-24 10:45:00,ATM-3,CE,370.0,402.3,31.75,32.0,31.75,32.0,0.0,5625,718125
2026-08-24 10:50:00,ATM-3,CE,370.0,402.25,32.0,32.05,31.75,31.75,0.0,5625,714375
2026-08-24 10:55:00,ATM-3,CE,370.0,401.25,31.75,31.75,31.75,31.75,85.655761,0,714375
2026-08-24 11:00:00,ATM-3,CE,370.0,401.65,31.75,31.75,31.75,31.75,0.0,0,714375
2026-08-24 11:05:00,ATM-3,CE,370.0,402.05,31.75,31.75,31.75,31.75,0.0,0,714375
2026-08-24 11:10:00,ATM-3,CE,370.0,401.4,31.75,31.75,31.75,31.75,78.595009,0,714375
2026-08-24 11:15:00,ATM-3,CE,370.0,401.45,31.75,31.75,31.75,31.75,75.570176,0,714375
2026-08-24 11:20:00,ATM-3,CE,370.0,401.35,31.75,31.75,31.75,31.75,81.628051,0,714375
2026-08-24 11:25:00,ATM-3,CE,370.0,401.35,31.75,31.75,31.75,31.75,81.766981,0,714375
2026-08-24 11:30:00,ATM-3,CE,370.0,400.7,31.75,31.75,31.75,31.75,104.652321,0,714375
2026-08-24 11:35:00,ATM-3,CE,370.0,400.65,31.75,31.75,31.75,31.75,106.112561,0,714375
2026-08-24 11:40:00,ATM-3,CE,370.0,401.15,31.75,31.75,31.75,31.75,90.993262,0,714375
2026-08-24 11:45:00,ATM-3,CE,370.0,402.0,31.75,31.75,31.75,31.75,89.268462,0,714375
2026-08-24 11:50:00,ATM-3,CE,370.0,401.15,32.0,32.0,31.75,32.0,100.275336,1875,716250
2026-08-24 11:55:00,ATM-3,CE,370.0,401.1,30.75,32.0,30.75,30.75,0.0,1875,714375
2026-08-24 12:00:00,ATM-3,CE,370.0,401.6,30.75,30.75,30.75,30.75,0.0,0,714375
2026-08-24 12:05:00,ATM-3,CE,370.0,401.4,30.75,30.75,30.75,30.75,0.0,0,714375
2026-08-24 12:10:00,ATM-3,CE,370.0,403.3,30.75,30.75,30.75,30.75,0.0,0,714375
2026-08-24 12:15:00,ATM-3,CE,370.0,402.9,32.65,32.65,30.75,32.3,0.0,7500,712500
2026-08-24 12:20:00,ATM-3,CE,370.0,403.0,32.3,32.3,32.3,32.3,0.0,0,712500
2026-08-24 12:25:00,ATM-3,CE,370.0,402.85,32.3,32.85,32.3,32.85,0.0,3750,712500
2026-08-24 12:30:00,ATM-3,CE,370.0,402.75,32.85,32.85,32.85,32.85,0.0,0,712500
2026-08-24 12:35:00,ATM-3,CE,370.0,403.5,32.85,32.85,32.85,32.85,0.0,0,712500
2026-08-24 12:40:00,ATM-3,CE,370.0,403.65,32.85,32.85,32.85,32.85,0.0,0,712500
2026-08-24 12:45:00,ATM-3,CE,370.0,404.4,32.85,32.85,32.85,32.85,0.0,0,712500
2026-08-24 12:50:00,ATM-3,CE,370.0,404.65,32.85,32.85,32.85,32.85,0.0,0,712500
2026-08-24 12:55:00,ATM-3,CE,370.0,404.9,32.85,32.85,32.85,32.85,0.0,0,712500
2026-08-24 13:00:00,ATM-3,CE,370.0,404.35,32.85,34.6,32.85,34.6,80.102095,5625,708750
2026-08-24 13:05:00,ATM-3,CE,370.0,404.4,34.6,34.6,34.25,34.25,0.0,3750,705000
2026-08-24 13:10:00,ATM-3,CE,370.0,403.75,34.3,34.3,34.15,34.2,92.519285,13125,690000
2026-08-24 13:15:00,ATM-3,CE,370.0,403.8,34.2,34.2,34.2,34.2,90.052133,0,690000
2026-08-24 13:20:00,ATM-3,CE,370.0,403.25,34.2,34.2,34.2,34.2,111.591022,0,690000
2026-08-24 13:25:00,ATM-3,CE,370.0,403.25,34.2,34.2,34.2,34.2,111.778991,0,690000
2026-08-24 13:30:00,ATM-3,CE,370.0,402.55,34.2,34.2,34.2,34.2,129.56298,0,690000
2026-08-24 13:35:00,ATM-3,CE,370.0,402.55,34.2,34.2,34.2,34.2,129.777965,0,690000
2026-08-24 13:40:00,ATM-3,CE,370.0,402.7,34.2,34.2,34.2,34.2,0.0,0,690000
2026-08-24 13:45:00,ATM-3,CE,370.0,404.0,34.2,34.2,34.2,34.2,75.746895,0,690000
2026-08-24 13:50:00,ATM-3,CE,370.0,403.2,34.2,34.2,34.2,34.2,114.21194,0,690000
2026-08-24 13:55:00,ATM-3,CE,370.0,403.5,34.2,34.2,34.2,34.2,104.659129,0,690000
2026-08-24 14:00:00,ATM-3,CE,370.0,403.65,34.2,34.2,34.2,34.2,98.870839,0,690000
2026-08-24 14:05:00,ATM-3,CE,370.0,403.95,34.2,34.2,34.2,34.2,81.428865,0,690000
2026-08-24 14:10:00,ATM-3,CE,370.0,403.6,34.2,34.2,32.7,32.7,0.0,7500,686250
2026-08-24 14:15:00,ATM-3,CE,370.0,402.85,32.7,32.7,32.65,32.65,0.0,1875,686250
2026-08-24 14:20:00,ATM-3,CE,370.0,402.75,32.65,32.65,32.65,32.65,0.0,0,686250
2026-08-24 14:25:00,ATM-3,CE,370.0,402.65,32.65,32.65,32.65,32.65,0.0,0,686250
2026-08-24 14:30:00,ATM-3,CE,370.0,402.7,32.65,32.65,32.65,32.65,0.0,0,686250
2026-08-24 14:35:00,ATM-3,CE,370.0,402.3,32.65,32.65,32.65,32.65,86.558034,0,686250
2026-08-24 14:40:00,ATM-3,CE,370.0,402.5,32.65,32.65,32.65,32.65,67.585305,0,686250
2026-08-24 14:45:00,ATM-3,CE,370.0,402.5,32.0,32.65,32.0,32.0,0.0,5625,686250
2026-08-24 14:50:00,ATM-3,CE,370.0,401.95,32.0,32.0,31.5,31.5,0.0,11250,680625
2026-08-24 14:55:00,ATM-3,CE,370.0,402.25,31.5,31.5,31.5,31.5,0.0,0,680625
2026-08-24 15:00:00,ATM-3,CE,370.0,401.75,31.5,31.5,31.5,31.5,0.0,0,680625
2026-08-24 15:05:00,ATM-3,CE,370.0,400.9,31.5,31.5,31.5,31.5,97.123572,0,680625
2026-08-24 15:10:00,ATM-3,CE,370.0,400.5,31.5,31.5,31.5,31.5,110.609787,0,680625
2026-08-24 15:15:00,ATM-3,CE,370.0,400.5,31.5,31.5,31.5,31.5,110.809025,0,680625
2026-08-24 15:20:00,ATM-3,CE,370.0,400.5,31.5,31.5,31.5,31.5,111.009271,0,680625
2026-08-24 15:25:00,ATM-3,CE,370.0,403.3,31.5,31.5,31.5,31.5,0.0,0,680625
2026-08-24 15:30:00,ATM-3,CE,370.0,403.3,31.5,31.5,31.5,31.5,0.0,0,680625
2026-08-24 15:35:00,ATM-3,CE,370.0,403.3,31.5,31.5,29.8,29.8,0.0,1875,669375
2026-08-25 09:25:00,ATM-3,CE,370.0,397.55,29.8,29.8,29.8,29.8,0.0,0,667500
2026-08-25 09:30:00,ATM-3,CE,370.0,398.3,28.0,28.0,26.8,26.8,0.0,3750,665625
2026-08-25 09:35:00,ATM-3,CE,370.0,397.1,28.0,28.0,26.8,27.45,0.0,7500,660000
2026-08-25 09:40:00,ATM-3,CE,370.0,397.95,26.6,27.9,26.6,27.9,0.0,3750,656250
2026-08-25 09:45:00,ATM-3,CE,370.0,397.2,27.9,27.9,27.0,27.0,0.0,1875,654375
2026-08-25 09:50:00,ATM-3,CE,370.0,397.2,27.0,27.0,27.0,27.0,0.0,0,654375
2026-08-25 09:55:00,ATM-3,CE,370.0,396.7,26.2,27.0,26.2,26.2,0.0,5625,652500
2026-08-25 10:00:00,ATM-3,CE,370.0,396.7,26.2,26.6,26.2,26.6,0.0,1875,650625
2026-08-25 10:05:00,ATM-3,CE,370.0,396.5,26.6,26.6,26.6,26.6,0.0,0,648750
2026-08-25 10:10:00,ATM-3,CE,370.0,396.2,26.6,26.6,26.0,26.0,0.0,7500,645000
2026-08-25 10:15:00,ATM-3,CE,370.0,396.0,26.0,26.1,26.0,26.0,0.0,3750,641250
2026-08-25 10:20:00,ATM-3,CE,360.0,394.7,26.0,37.6,26.0,35.0,0.0,1875,967500
2026-08-25 10:25:00,ATM-3,CE,360.0,394.9,35.0,35.0,25.25,35.0,0.0,0,967500
2026-08-25 10:30:00,ATM-3,CE,360.0,394.5,35.0,35.0,34.0,34.0,0.0,1875,967500
2026-08-25 10:35:00,ATM-3,CE,360.0,394.15,34.0,34.0,34.0,34.0,0.0,0,967500
2026-08-25 10:40:00,ATM-3,CE,360.0,393.15,34.0,34.0,33.0,33.0,0.0,1875,967500
2026-08-25 10:45:00,ATM-3,CE,360.0,393.4,33.0,33.0,33.0,33.0,0.0,0,967500
2026-08-25 10:50:00,ATM-3,CE,360.0,392.95,33.0,33.0,33.0,33.0,0.0,0,967500
2026-08-25 10:55:00,ATM-3,CE,360.0,393.3,33.0,33.0,33.0,33.0,0.0,0,967500
2026-08-25 11:00:00,ATM-3,CE,360.0,393.0,33.0,33.0,33.0,33.0,0.0,0,967500
2026-08-25 11:05:00,ATM-3,CE,360.0,393.5,33.0,33.0,33.0,33.0,0.0,0,967500
2026-08-25 11:10:00,ATM-3,CE,360.0,392.95,33.0,33.0,33.0,33.0,0.0,0,967500
2026-08-25 11:15:00,ATM-3,CE,360.0,392.5,33.0,33.0,32.0,32.0,0.0,1875,967500
2026-08-25 11:20:00,ATM-3,CE,360.0,392.4,32.0,32.0,32.0,32.0,0.0,0,967500
2026-08-25 11:25:00,ATM-3,CE,360.0,392.75,32.0,32.5,32.0,32.5,0.0,1875,967500
2026-08-25 11:30:00,ATM-3,CE,360.0,392.8,32.5,32.5,32.5,32.5,0.0,0,967500
2026-08-25 11:35:00,ATM-3,CE,360.0,393.2,32.5,32.5,32.5,32.5,0.0,0,967500
2026-08-25 11:40:00,ATM-3,CE,360.0,393.1,32.5,32.5,32.5,32.5,0.0,0,967500
2026-08-25 11:45:00,ATM-3,CE,360.0,393.25,32.5,32.5,32.5,32.5,0.0,0,967500
2026-08-25 11:50:00,ATM-3,CE,360.0,392.65,32.5,32.5,32.5,32.5,0.0,0,967500
2026-08-25 11:55:00,ATM-3,CE,360.0,393.25,32.5,32.5,32.5,32.5,0.0,0,967500
2026-08-25 12:00:00,ATM-3,CE,360.0,393.65,32.5,32.5,32.1,32.1,0.0,1875,967500
2026-08-25 12:05:00,ATM-3,CE,370.0,395.6,32.1,32.1,22.4,22.4,0.0,0,583125
2026-08-25 12:10:00,ATM-3,CE,370.0,395.95,22.4,25.55,22.4,25.3,0.0,7500,581250
2026-08-25 12:15:00,ATM-3,CE,370.0,396.75,25.3,27.15,25.3,27.15,0.0,1875,581250
2026-08-25 12:20:00,ATM-3,CE,370.0,396.15,27.15,27.15,27.15,27.15,0.0,0,579375
2026-08-25 12:25:00,ATM-3,CE,370.0,395.9,27.15,27.15,26.5,26.5,0.0,9375,577500
2026-08-25 12:30:00,ATM-3,CE,370.0,395.65,26.5,26.5,26.5,26.5,0.0,0,577500
2026-08-25 12:35:00,ATM-3,CE,370.0,395.55,26.5,26.5,26.5,26.5,0.0,0,577500
2026-08-25 12:40:00,ATM-3,CE,370.0,395.05,26.5,26.5,26.5,26.5,0.0,0,577500
2026-08-25 12:45:00,ATM-3,CE,360.0,394.8,37.0,37.0,37.0,37.0,0.0,0,967500
2026-08-25 12:50:00,ATM-3,CE,360.0,394.8,37.0,37.0,37.0,37.0,0.0,0,967500
2026-08-25 12:55:00,ATM-3,CE,370.0,395.05,37.0,37.0,26.5,26.5,0.0,0,577500
2026-08-25 13:00:00,ATM-3,CE,360.0,394.3,26.5,37.0,26.5,37.0,0.0,0,967500
2026-08-25 13:05:00,ATM-3,CE,360.0,393.95,37.0,37.0,37.0,37.0,0.0,0,967500
2026-08-25 13:10:00,ATM-3,CE,360.0,394.0,37.0,37.0,34.0,34.0,0.0,11250,967500
2026-08-25 13:15:00,ATM-3,CE,360.0,394.9,34.0,34.0,34.0,34.0,0.0,0,967500
2026-08-25 13:20:00,ATM-3,CE,360.0,393.85,34.0,34.0,34.0,34.0,0.0,0,967500
2026-08-25 13:25:00,ATM-3,CE,360.0,394.1,34.0,34.0,34.0,34.0,0.0,0,967500
2026-08-25 13:30:00,ATM-3,CE,360.0,394.6,34.0,34.0,34.0,34.0,0.0,0,967500
2026-08-25 13:35:00,ATM-3,CE,360.0,394.5,34.0,34.0,34.0,34.0,0.0,0,967500
2026-08-25 13:40:00,ATM-3,CE,360.0,394.4,34.0,34.0,34.0,34.0,0.0,0,967500
2026-08-25 13:45:00,ATM-3,CE,360.0,394.2,34.0,34.0,34.0,34.0,0.0,0,967500
2026-08-25 13:50:00,ATM-3,CE,360.0,394.75,34.0,34.0,34.0,34.0,0.0,0,967500
2026-08-25 13:55:00,ATM-3,CE,360.0,394.6,34.0,34.0,34.0,34.0,0.0,0,967500
2026-08-25 14:00:00,ATM-3,CE,360.0,394.3,34.0,34.0,34.0,34.0,0.0,0,967500
2026-08-25 14:05:00,ATM-3,CE,360.0,394.25,34.0,34.5,34.0,34.5,0.0,3750,967500
2026-08-25 14:10:00,ATM-3,CE,360.0,393.75,34.5,34.5,34.5,34.5,0.0,0,967500
2026-08-25 14:15:00,ATM-3,CE,360.0,394.05,34.5,34.5,33.75,33.75,0.0,1875,963750
2026-08-25 14:20:00,ATM-3,CE,360.0,393.75,33.75,33.75,33.75,33.75,0.0,0,963750
2026-08-25 14:25:00,ATM-3,CE,360.0,394.1,33.75,34.25,33.75,34.25,0.0,1875,961875
2026-08-25 14:30:00,ATM-3,CE,360.0,393.9,34.25,34.25,34.25,34.25,0.0,1875,960000
2026-08-25 14:35:00,ATM-3,CE,360.0,394.3,34.65,34.65,34.25,34.65,0.0,1875,958125
2026-08-25 14:40:00,ATM-3,CE,360.0,395.0,34.65,34.65,24.0,34.65,0.0,0,958125
2026-08-25 14:45:00,ATM-3,CE,370.0,395.35,24.0,24.0,24.0,24.0,0.0,0,566250
2026-08-25 14:50:00,ATM-3,CE,370.0,395.35,24.0,24.0,24.0,24.0,0.0,0,566250
2026-08-25 14:55:00,ATM-3,CE,370.0,395.1,24.0,35.0,24.0,24.8,0.0,1875,566250
2026-08-25 15:00:00,ATM-3,CE,360.0,394.95,35.0,35.0,35.0,35.0,0.0,0,958125
2026-08-25 15:05:00,ATM-3,CE,360.0,395.0,35.0,35.0,24.8,34.75,0.0,11250,956250
2026-08-25 15:10:00,ATM-3,CE,370.0,395.95,24.8,34.75,24.8,26.05,0.0,3750,558750
2026-08-25 15:15:00,ATM-3,CE,370.0,395.95,26.05,26.05,26.05,26.05,0.0,0,558750
2026-08-25 15:20:00,ATM-3,CE,370.0,395.95,26.05,26.05,26.05,26.05,0.0,0,558750
2026-08-25 15:25:00,ATM-3,CE,370.0,397.8,26.05,26.05,26.05,26.05,0.0,0,558750
2026-08-25 15:30:00,ATM-3,CE,370.0,397.8,26.05,26.05,26.05,26.05,0.0,0,558750
2026-08-25 15:35:00,ATM-3,CE,370.0,397.8,26.05,26.05,26.05,26.05,0.0,0,558750
2026-08-20 09:15:00,ATM-3,PE,360.0,393.45,0.5,0.5,0.25,0.3,42.606229,185625,2433750
2026-08-20 09:20:00,ATM-3,PE,360.0,388.25,0.3,0.4,0.3,0.4,39.720229,268125,2415000
2026-08-20 09:25:00,ATM-3,PE,360.0,388.9,0.35,0.4,0.35,0.35,39.330344,46875,2413125
2026-08-20 09:30:00,ATM-3,PE,360.0,388.0,0.35,0.35,0.35,0.35,38.422049,48750,2441250
2026-08-20 09:35:00,ATM-3,PE,360.0,387.85,0.35,0.35,0.35,0.35,38.280212,15000,2437500
2026-08-20 09:40:00,ATM-3,PE,360.0,387.35,0.4,0.4,0.35,0.35,37.777199,5625,2426250
2026-08-20 09:45:00,ATM-3,PE,360.0,387.1,0.35,0.4,0.35,0.4,38.577175,1875,2424375
2026-08-20 09:50:00,ATM-3,PE,360.0,387.55,0.4,0.4,0.4,0.4,39.063234,3750,2422500
2026-08-20 09:55:00,ATM-3,PE,360.0,387.8,0.4,0.4,0.35,0.35,38.27791,5625,2420625
2026-08-20 10:00:00,ATM-3,PE,360.0,388.2,0.35,0.35,0.35,0.35,38.70173,0,2420625
2026-08-20 10:05:00,ATM-3,PE,360.0,388.5,0.35,0.35,0.3,0.3,37.859068,31875,2422500
2026-08-20 10:10:00,ATM-3,PE,360.0,389.65,0.3,0.3,0.3,0.3,39.02175,7500,2407500
2026-08-20 10:15:00,ATM-3,PE,360.0,389.15,0.35,0.35,0.3,0.3,38.535152,15000,2401875
2026-08-20 10:20:00,ATM-3,PE,360.0,389.65,0.3,0.3,0.3,0.3,39.046949,0,2401875
2026-08-20 10:25:00,ATM-3,PE,360.0,388.85,0.35,0.35,0.3,0.35,39.431322,3750,2383125
2026-08-20 10:30:00,ATM-3,PE,360.0,389.7,0.35,0.35,0.35,0.35,40.311934,0,2383125
2026-08-20 10:35:00,ATM-3,PE,360.0,390.5,0.3,0.35,0.25,0.25,38.602601,50625,2383125
2026-08-20 10:40:00,ATM-3,PE,360.0,390.55,0.25,0.25,0.25,0.25,38.66356,1875,2379375
2026-08-20 10:45:00,ATM-3,PE,360.0,390.45,0.3,0.3,0.25,0.3,39.906754,15000,2368125
2026-08-20 10:50:00,ATM-3,PE,360.0,388.8,0.3,0.3,0.3,0.3,38.271157,0,2368125
2026-08-20 10:55:00,ATM-3,PE,360.0,389.2,0.3,0.3,0.25,0.3,38.685164,5625,2360625
2026-08-20 11:00:00,ATM-3,PE,360.0,388.75,0.3,0.3,0.3,0.3,38.245694,0,2360625
2026-08-20 11:05:00,ATM-3,PE,360.0,390.5,0.3,0.3,0.25,0.25,38.677835,20625,2358750
2026-08-20 11:10:00,ATM-3,PE,360.0,390.4,0.25,0.25,0.25,0.25,38.593269,1875,2345625
2026-08-20 11:15:00,ATM-3,PE,360.0,389.65,0.25,0.25,0.25,0.25,37.874821,1875,2343750
2026-08-20 11:20:00,ATM-3,PE,360.0,389.5,0.25,0.25,0.25,0.25,37.74043,0,2343750
2026-08-20 11:25:00,ATM-3,PE,360.0,389.5,0.25,0.25,0.25,0.25,37.752724,0,2343750
2026-08-20 11:30:00,ATM-3,PE,360.0,389.75,0.25,0.25,0.25,0.25,38.009635,0,2343750
2026-08-20 11:35:00,ATM-3,PE,360.0,389.4,0.25,0.25,0.25,0.25,37.679351,0,2343750
2026-08-20 11:40:00,ATM-3,PE,360.0,389.3,0.25,0.25,0.25,0.25,37.593553,0,2343750
2026-08-20 11:45:00,ATM-3,PE,360.0,389.2,0.25,0.25,0.25,0.25,37.507626,3750,2343750
2026-08-20 11:50:00,ATM-3,PE,360.0,389.2,0.25,0.3,0.25,0.3,38.824007,7500,2343750
2026-08-20 11:55:00,ATM-3,PE,360.0,389.5,0.3,0.3,0.25,0.25,37.826745,1875,2343750
2026-08-20 12:00:00,ATM-3,PE,360.0,389.35,0.25,0.25,0.25,0.25,37.691864,0,2343750
2026-08-20 12:05:00,ATM-3,PE,360.0,389.0,0.25,0.3,0.25,0.3,38.660535,22500,2343750
2026-08-20 12:10:00,ATM-3,PE,360.0,389.45,0.25,0.3,0.25,0.25,37.814826,1875,2341875
2026-08-20 12:15:00,ATM-3,PE,360.0,389.9,0.25,0.25,0.25,0.25,38.268702,9375,2341875
2026-08-20 12:20:00,ATM-3,PE,360.0,389.4,0.25,0.25,0.25,0.25,37.790485,0,2341875
2026-08-20 12:25:00,ATM-3,PE,360.0,389.2,0.25,0.25,0.25,0.25,37.606031,0,2341875
2026-08-20 12:30:00,ATM-3,PE,360.0,389.2,0.25,0.25,0.25,0.25,37.618383,0,2341875
2026-08-20 12:35:00,ATM-3,PE,360.0,389.0,0.25,0.25,0.25,0.25,37.433465,1875,2341875
2026-08-20 12:40:00,ATM-3,PE,360.0,388.65,0.25,0.25,0.25,0.25,37.099731,0,2341875
2026-08-20 12:45:00,ATM-3,PE,360.0,388.8,0.25,0.25,0.25,0.25,37.260407,0,2343750
2026-08-20 12:50:00,ATM-3,PE,360.0,388.0,0.25,0.25,0.25,0.25,36.478714,0,2343750
2026-08-20 12:55:00,ATM-3,PE,360.0,387.7,0.25,0.25,0.25,0.25,36.19168,0,2343750
2026-08-20 13:00:00,ATM-3,PE,360.0,387.6,0.25,0.3,0.25,0.3,37.3757,3750,2343750
2026-08-20 13:05:00,ATM-3,PE,360.0,387.65,0.3,0.3,0.25,0.25,36.165606,5625,2343750
2026-08-20 13:10:00,ATM-3,PE,360.0,387.8,0.25,0.25,0.25,0.25,36.32735,0,2343750
2026-08-20 13:15:00,ATM-3,PE,360.0,388.15,0.25,0.25,0.25,0.25,36.688389,3750,2343750
2026-08-20 13:20:00,ATM-3,PE,360.0,388.05,0.25,0.25,0.25,0.25,36.60085,0,2343750
2026-08-20 13:25:00,ATM-3,PE,360.0,387.65,0.25,0.25,0.25,0.25,36.213406,0,2343750
2026-08-20 13:30:00,ATM-3,PE,360.0,387.65,0.25,0.25,0.25,0.25,36.225391,1875,2340000
2026-08-20 13:35:00,ATM-3,PE,360.0,387.4,0.25,0.3,0.25,0.3,37.256974,3750,2341875
2026-08-20 13:40:00,ATM-3,PE,360.0,387.2,0.3,0.3,0.25,0.25,35.798013,9375,2351250
2026-08-20 13:45:00,ATM-3,PE,360.0,387.05,0.25,0.25,0.25,0.25,35.659019,0,2351250
2026-08-20 13:50:00,ATM-3,PE,360.0,386.75,0.25,0.25,0.25,0.25,35.368518,0,2351250
2026-08-20 13:55:00,ATM-3,PE,360.0,387.05,0.25,0.25,0.25,0.25,35.682684,0,2351250
2026-08-20 14:00:00,ATM-3,PE,360.0,387.35,0.25,0.3,0.25,0.25,35.99638,30000,2355000
2026-08-20 14:05:00,ATM-3,PE,360.0,387.45,0.25,0.25,0.25,0.25,36.108842,0,2353125
2026-08-20 14:10:00,ATM-3,PE,360.0,387.1,0.25,0.25,0.25,0.25,35.768659,11250,2351250
2026-08-20 14:15:00,ATM-3,PE,360.0,387.55,0.25,0.25,0.25,0.25,36.233368,20625,2336250
2026-08-20 14:20:00,ATM-3,PE,360.0,387.4,0.25,0.25,0.25,0.25,36.094626,5625,2338125
2026-08-20 14:25:00,ATM-3,PE,360.0,387.7,0.25,0.25,0.25,0.25,36.408229,1875,2338125
2026-08-20 14:30:00,ATM-3,PE,360.0,387.15,0.25,0.25,0.25,0.25,35.866788,0,2338125
2026-08-20 14:35:00,ATM-3,PE,360.0,387.05,0.25,0.25,0.25,0.25,35.777821,0,2338125
2026-08-20 14:40:00,ATM-3,PE,360.0,387.15,0.25,0.25,0.25,0.25,35.890737,11250,2336250
2026-08-20 14:45:00,ATM-3,PE,360.0,387.1,0.25,0.25,0.25,0.25,35.852239,0,2336250
2026-08-20 14:50:00,ATM-3,PE,360.0,387.0,0.25,0.25,0.25,0.25,35.763154,0,2336250
2026-08-20 14:55:00,ATM-3,PE,360.0,387.0,0.25,0.25,0.25,0.25,35.775121,0,2336250
2026-08-20 15:00:00,ATM-3,PE,360.0,386.35,0.25,0.25,0.25,0.25,35.127755,0,2336250
2026-08-20 15:05:00,ATM-3,PE,360.0,385.9,0.25,0.25,0.25,0.25,34.680942,5625,2336250
2026-08-20 15:10:00,ATM-3,PE,360.0,385.6,0.25,0.3,0.25,0.3,35.619531,13125,2334375
2026-08-20 15:15:00,ATM-3,PE,360.0,385.6,0.3,0.3,0.3,0.3,35.631476,3750,2334375
2026-08-20 15:20:00,ATM-3,PE,360.0,385.6,0.3,0.3,0.25,0.3,35.643428,31875,2325000
2026-08-20 15:25:00,ATM-3,PE,360.0,385.6,0.3,0.3,0.3,0.3,35.655397,1875,2325000
2026-08-20 15:30:00,ATM-3,PE,360.0,385.6,0.3,0.3,0.3,0.3,35.66737,56250,2330625
2026-08-20 15:35:00,ATM-3,PE,360.0,385.6,0.3,0.3,0.3,0.3,35.679359,3750,2362500
2026-08-21 09:15:00,ATM-3,PE,360.0,390.05,0.3,0.55,0.1,0.2,40.435974,127500,2349375
2026-08-21 09:20:00,ATM-3,PE,360.0,388.4,0.15,0.2,0.15,0.15,36.871701,15000,2338125
2026-08-21 09:25:00,ATM-3,PE,360.0,391.9,0.15,0.2,0.15,0.2,42.390846,13125,2336250
2026-08-21 09:30:00,ATM-3,PE,360.0,391.05,0.2,0.2,0.2,0.2,41.526954,3750,2338125
2026-08-21 09:35:00,ATM-3,PE,360.0,391.5,0.2,0.2,0.15,0.15,40.052085,30000,2334375
2026-08-21 09:40:00,ATM-3,PE,360.0,392.8,0.2,0.2,0.15,0.15,41.365016,24375,2341875
2026-08-21 09:45:00,ATM-3,PE,360.0,391.4,0.15,0.15,0.15,0.15,39.983834,28125,2334375
2026-08-21 09:50:00,ATM-3,PE,360.0,392.9,0.15,0.2,0.15,0.2,43.507218,7500,2334375
2026-08-21 09:55:00,ATM-3,PE,360.0,394.0,0.2,0.2,0.2,0.2,44.652293,5625,2334375
2026-08-21 10:00:00,ATM-3,PE,360.0,392.35,0.15,0.2,0.15,0.15,40.982848,69375,2300625
2026-08-21 10:05:00,ATM-3,PE,360.0,392.45,0.15,0.15,0.15,0.15,41.099107,0,2300625
2026-08-21 10:10:00,ATM-3,PE,360.0,392.3,0.2,0.2,0.15,0.15,40.965806,142500,2214375
2026-08-21 10:15:00,ATM-3,PE,360.0,392.5,0.15,0.2,0.15,0.2,43.181917,191250,2191875
2026-08-21 10:20:00,ATM-3,PE,360.0,391.6,0.2,0.2,0.2,0.2,42.266392,0,2253750
2026-08-21 10:25:00,ATM-3,PE,360.0,394.15,0.2,0.25,0.2,0.25,46.677284,181875,2358750
2026-08-21 10:30:00,ATM-3,PE,360.0,393.25,0.25,0.25,0.2,0.2,44.008051,296250,2478750
2026-08-21 10:35:00,ATM-3,PE,360.0,394.0,0.2,0.2,0.2,0.2,44.796284,31875,2475000
2026-08-21 10:40:00,ATM-3,PE,360.0,393.1,0.2,0.2,0.15,0.15,41.864162,9375,2452500
2026-08-21 10:45:00,ATM-3,PE,360.0,392.8,0.15,0.15,0.15,0.15,41.581692,0,2452500
2026-08-21 10:50:00,ATM-3,PE,360.0,392.45,0.15,0.15,0.15,0.15,41.248369,1875,2452500
2026-08-21 10:55:00,ATM-3,PE,360.0,392.55,0.15,0.15,0.15,0.15,41.365222,0,2452500
2026-08-21 11:00:00,ATM-3,PE,360.0,392.4,0.15,0.15,0.15,0.15,41.231653,1875,2450625
2026-08-21 11:05:00,ATM-3,PE,360.0,392.65,0.15,0.15,0.15,0.15,41.498927,0,2450625
2026-08-21 11:10:00,ATM-3,PE,360.0,392.55,0.15,0.15,0.15,0.15,41.415538,0,2450625
2026-08-21 11:15:00,ATM-3,PE,360.0,392.1,0.15,0.15,0.15,0.15,40.980385,0,2448750
2026-08-21 11:20:00,ATM-3,PE,360.0,392.65,0.15,0.15,0.15,0.15,41.549489,0,2448750
2026-08-21 11:25:00,ATM-3,PE,360.0,392.25,0.15,0.15,0.15,0.15,41.164625,0,2448750
2026-08-21 11:30:00,ATM-3,PE,360.0,392.3,0.15,0.15,0.15,0.15,41.231674,0,2448750
2026-08-21 11:35:00,ATM-3,PE,360.0,391.95,0.15,0.15,0.15,0.15,40.895901,0,2448750
2026-08-21 11:40:00,ATM-3,PE,360.0,392.45,0.15,0.2,0.15,0.2,43.428213,5625,2446875
2026-08-21 11:45:00,ATM-3,PE,360.0,392.7,0.2,0.2,0.2,0.2,43.706019,0,2446875
2026-08-21 11:50:00,ATM-3,PE,360.0,392.35,0.2,0.2,0.15,0.15,41.349342,1875,2445000
2026-08-21 11:55:00,ATM-3,PE,360.0,392.2,0.15,0.15,0.15,0.15,41.215039,0,2445000
2026-08-21 12:00:00,ATM-3,PE,360.0,392.25,0.15,0.2,0.15,0.2,43.290615,1875,2445000
2026-08-21 12:05:00,ATM-3,PE,360.0,392.4,0.2,0.2,0.2,0.2,43.464912,0,2445000
2026-08-21 12:10:00,ATM-3,PE,360.0,392.25,0.2,0.2,0.2,0.2,43.326099,0,2445000
2026-08-21 12:15:00,ATM-3,PE,360.0,392.25,0.2,0.2,0.2,0.2,43.343873,0,2445000
2026-08-21 12:20:00,ATM-3,PE,360.0,392.6,0.2,0.2,0.2,0.2,43.727295,0,2445000
2026-08-21 12:25:00,ATM-3,PE,360.0,392.4,0.2,0.2,0.2,0.2,43.536312,0,2445000
2026-08-21 12:30:00,ATM-3,PE,360.0,392.5,0.2,0.2,0.2,0.2,43.658731,0,2445000
2026-08-21 12:35:00,ATM-3,PE,360.0,392.45,0.2,0.2,0.2,0.2,43.624433,5625,2446875
2026-08-21 12:40:00,ATM-3,PE,360.0,392.6,0.2,0.2,0.2,0.2,43.799309,5625,2446875
2026-08-21 12:45:00,ATM-3,PE,360.0,393.55,0.2,0.2,0.2,0.2,44.807441,0,2446875
2026-08-21 12:50:00,ATM-3,PE,360.0,393.5,0.2,0.2,0.2,0.2,44.773963,0,2446875
2026-08-21 12:55:00,ATM-3,PE,360.0,393.45,0.2,0.2,0.2,0.2,44.740444,0,2446875
2026-08-21 13:00:00,ATM-3,PE,360.0,393.85,0.2,0.2,0.2,0.2,45.174836,0,2446875
2026-08-21 13:05:00,ATM-3,PE,360.0,394.25,0.2,0.2,0.15,0.15,43.519445,22500,2452500
2026-08-21 13:10:00,ATM-3,PE,370.0,395.45,0.15,0.4,0.15,0.4,40.421089,22500,2191875
2026-08-21 13:15:00,ATM-3,PE,370.0,396.8,0.4,0.4,0.35,0.35,40.876783,60000,2227500
2026-08-21 13:20:00,ATM-3,PE,370.0,396.2,0.35,0.4,0.35,0.35,40.20485,292500,2201250
2026-08-21 13:25:00,ATM-3,PE,370.0,396.5,0.35,0.35,0.35,0.35,40.566438,11250,2280000
2026-08-21 13:30:00,ATM-3,PE,370.0,396.2,0.35,0.35,0.35,0.35,40.238111,50625,2283750
2026-08-21 13:35:00,ATM-3,PE,370.0,396.15,0.35,0.4,0.35,0.35,40.197147,7500,2285625
2026-08-21 13:40:00,ATM-3,PE,370.0,396.7,0.35,0.35,0.35,0.35,40.846689,0,2285625
2026-08-21 13:45:00,ATM-3,PE,370.0,396.5,0.35,0.4,0.35,0.4,41.774051,7500,2283750
2026-08-21 13:50:00,ATM-3,PE,370.0,396.5,0.4,0.4,0.4,0.4,41.791403,0,2283750
2026-08-21 13:55:00,ATM-3,PE,370.0,396.6,0.4,0.4,0.35,0.35,40.782596,5625,2287500
2026-08-21 14:00:00,ATM-3,PE,370.0,396.9,0.35,0.35,0.35,0.35,41.144484,0,2287500
2026-08-21 14:05:00,ATM-3,PE,370.0,396.3,0.35,0.35,0.35,0.35,40.470675,0,2287500
2026-08-21 14:10:00,ATM-3,PE,370.0,396.95,0.35,0.4,0.35,0.35,41.236233,15000,2296875
2026-08-21 14:15:00,ATM-3,PE,370.0,396.9,0.35,0.4,0.35,0.4,42.347766,46875,2287500
2026-08-21 14:20:00,ATM-3,PE,370.0,397.0,0.4,0.4,0.4,0.4,42.48258,0,2287500
2026-08-21 14:25:00,ATM-3,PE,370.0,396.8,0.4,0.4,0.4,0.4,42.265901,3750,2266875
2026-08-21 14:30:00,ATM-3,PE,370.0,396.55,0.4,0.4,0.35,0.4,41.989888,129375,2266875
2026-08-21 14:35:00,ATM-3,PE,370.0,396.6,0.4,0.4,0.4,0.4,42.066286,31875,2265000
2026-08-21 14:40:00,ATM-3,PE,370.0,396.65,0.35,0.4,0.35,0.35,40.993839,1875,2235000
2026-08-21 14:45:00,ATM-3,PE,370.0,396.55,0.35,0.4,0.35,0.4,42.042695,13125,2235000
2026-08-21 14:50:00,ATM-3,PE,370.0,396.65,0.4,0.4,0.4,0.4,42.178101,7500,2221875
2026-08-21 14:55:00,ATM-3,PE,370.0,396.25,0.4,0.4,0.4,0.4,41.723978,3750,2214375
2026-08-21 15:00:00,ATM-3,PE,370.0,396.3,0.4,0.4,0.4,0.4,41.800602,18750,2214375
2026-08-21 15:05:00,ATM-3,PE,370.0,396.45,0.4,0.4,0.35,0.35,40.84842,58125,2246250
2026-08-21 15:10:00,ATM-3,PE,370.0,396.3,0.35,0.35,0.35,0.35,40.69161,33750,2278125
2026-08-21 15:15:00,ATM-3,PE,370.0,396.3,0.35,0.35,0.35,0.35,40.708766,13125,2283750
2026-08-21 15:20:00,ATM-3,PE,370.0,396.3,0.35,0.35,0.35,0.35,40.725936,18750,2295000
2026-08-21 15:25:00,ATM-3,PE,360.0,394.45,0.35,0.35,0.2,0.2,46.356948,125625,2445000
2026-08-21 15:30:00,ATM-3,PE,360.0,394.45,0.2,0.2,0.15,0.2,46.376647,3750,2443125
2026-08-21 15:35:00,ATM-3,PE,360.0,394.45,0.2,0.2,0.2,0.2,46.396372,0,2445000
2026-08-24 09:15:00,ATM-3,PE,370.0,400.1,0.3,0.3,0.15,0.15,68.441377,48750,2358750
2026-08-24 09:20:00,ATM-3,PE,370.0,399.0,0.15,0.15,0.15,0.15,66.534396,13125,2358750
2026-08-24 09:25:00,ATM-3,PE,370.0,399.45,0.2,0.2,0.15,0.15,67.44692,9375,2360625
2026-08-24 09:30:00,ATM-3,PE,370.0,398.2,0.15,0.15,0.15,0.15,65.248551,0,2353125
2026-08-24 09:35:00,ATM-3,PE,370.0,398.3,0.15,0.2,0.15,0.15,65.522653,61875,2336250
2026-08-24 09:40:00,ATM-3,PE,370.0,399.6,0.15,0.2,0.15,0.2,71.379733,7500,2306250
2026-08-24 09:45:00,ATM-3,PE,370.0,400.55,0.2,0.2,0.15,0.2,73.273649,13125,2313750
2026-08-24 09:50:00,ATM-3,PE,370.0,399.0,0.15,0.2,0.15,0.2,70.436573,11250,2319375
2026-08-24 09:55:00,ATM-3,PE,370.0,399.85,0.15,0.2,0.15,0.15,68.74268,18750,2319375
2026-08-24 10:00:00,ATM-3,PE,370.0,399.25,0.15,0.2,0.15,0.2,71.110726,28125,2360625
2026-08-24 10:05:00,ATM-3,PE,370.0,399.8,0.2,0.2,0.2,0.2,72.259406,76875,2360625
2026-08-24 10:10:00,ATM-3,PE,370.0,399.8,0.2,0.2,0.2,0.2,72.36097,75000,2355000
2026-08-24 10:15:00,ATM-3,PE,370.0,400.45,0.2,0.2,0.15,0.15,70.232959,22500,2355000
2026-08-24 10:20:00,ATM-3,PE,370.0,400.7,0.2,0.2,0.15,0.2,74.280683,13125,2356875
2026-08-24 10:25:00,ATM-3,PE,370.0,400.7,0.2,0.2,0.15,0.15,70.891833,1875,2356875
2026-08-24 10:30:00,ATM-3,PE,370.0,400.75,0.15,0.2,0.15,0.15,71.084625,15000,2358750
2026-08-24 10:35:00,ATM-3,PE,370.0,400.45,0.15,0.15,0.15,0.15,70.632605,0,2358750
2026-08-24 10:40:00,ATM-3,PE,370.0,401.1,0.15,0.15,0.15,0.15,71.932911,71250,2394375
2026-08-24 10:45:00,ATM-3,PE,370.0,402.3,0.2,0.2,0.15,0.15,74.240277,7500,2416875
2026-08-24 10:50:00,ATM-3,PE,370.0,402.25,0.2,0.2,0.15,0.15,74.255472,11250,2428125
2026-08-24 10:55:00,ATM-3,PE,370.0,401.25,0.15,0.15,0.15,0.15,72.520989,45000,2430000
2026-08-24 11:00:00,ATM-3,PE,370.0,401.65,0.15,0.15,0.15,0.15,73.365036,48750,2405625
2026-08-24 11:05:00,ATM-3,PE,370.0,402.05,0.15,0.15,0.15,0.15,74.209818,0,2405625
2026-08-24 11:10:00,ATM-3,PE,370.0,401.4,0.15,0.15,0.15,0.15,73.115341,0,2405625
2026-08-24 11:15:00,ATM-3,PE,370.0,401.45,0.15,0.15,0.15,0.15,73.314899,0,2405625
2026-08-24 11:20:00,ATM-3,PE,370.0,401.35,0.15,0.15,0.15,0.15,73.236307,0,2405625
2026-08-24 11:25:00,ATM-3,PE,370.0,401.35,0.15,0.15,0.15,0.15,73.343848,0,2405625
2026-08-24 11:30:00,ATM-3,PE,370.0,400.7,0.15,0.15,0.1,0.15,72.236823,45000,2420625
2026-08-24 11:35:00,ATM-3,PE,370.0,400.65,0.15,0.15,0.1,0.1,67.842699,7500,2418750
2026-08-24 11:40:00,ATM-3,PE,370.0,401.15,0.1,0.15,0.1,0.15,73.294932,43125,2411250
2026-08-24 11:45:00,ATM-3,PE,370.0,402.0,0.15,0.15,0.15,0.15,74.994131,0,2411250
2026-08-24 11:50:00,ATM-3,PE,370.0,401.15,0.15,0.15,0.15,0.15,73.513263,0,2411250
2026-08-24 11:55:00,ATM-3,PE,370.0,401.1,0.15,0.15,0.15,0.15,73.529067,3750,2411250
2026-08-24 12:00:00,ATM-3,PE,370.0,401.6,0.15,0.15,0.1,0.1,70.059383,39375,2439375
2026-08-24 12:05:00,ATM-3,PE,370.0,401.4,0.1,0.1,0.1,0.1,69.80511,0,2439375
2026-08-24 12:10:00,ATM-3,PE,370.0,403.3,0.1,0.1,0.1,0.1,73.314383,11250,2450625
2026-08-24 12:15:00,ATM-3,PE,370.0,402.9,0.1,0.1,0.1,0.1,72.71087,50625,2491875
2026-08-24 12:20:00,ATM-3,PE,370.0,403.0,0.1,0.1,0.1,0.1,73.000338,82500,2544375
2026-08-24 12:25:00,ATM-3,PE,370.0,402.85,0.1,0.15,0.1,0.1,72.842529,13125,2512500
2026-08-24 12:30:00,ATM-3,PE,370.0,402.75,0.1,0.1,0.1,0.1,72.773984,0,2512500
2026-08-24 12:35:00,ATM-3,PE,370.0,403.5,0.1,0.1,0.1,0.1,74.233183,1875,2514375
2026-08-24 12:40:00,ATM-3,PE,370.0,403.65,0.1,0.1,0.1,0.1,74.61656,3750,2512500
2026-08-24 12:45:00,ATM-3,PE,370.0,404.4,0.1,0.1,0.1,0.1,76.07625,0,2512500
2026-08-24 12:50:00,ATM-3,PE,370.0,404.65,0.1,0.1,0.1,0.1,76.641559,3750,2506875
2026-08-24 12:55:00,ATM-3,PE,370.0,404.9,0.1,0.1,0.1,0.1,77.208206,43125,2491875
2026-08-24 13:00:00,ATM-3,PE,370.0,404.35,0.1,0.1,0.1,0.1,76.341161,22500,2491875
2026-08-24 13:05:00,ATM-3,PE,370.0,404.4,0.1,0.1,0.1,0.1,76.550447,7500,2490000
2026-08-24 13:10:00,ATM-3,PE,370.0,403.75,0.15,0.15,0.1,0.15,80.299511,13125,2490000
2026-08-24 13:15:00,ATM-3,PE,370.0,403.8,0.15,0.15,0.15,0.15,80.520599,7500,2482500
2026-08-24 13:20:00,ATM-3,PE,370.0,403.25,0.15,0.15,0.15,0.15,79.600838,3750,2480625
2026-08-24 13:25:00,ATM-3,PE,370.0,403.25,0.15,0.15,0.15,0.15,79.726752,0,2480625
2026-08-24 13:30:00,ATM-3,PE,370.0,402.55,0.15,0.15,0.15,0.15,78.511644,0,2480625
2026-08-24 13:35:00,ATM-3,PE,370.0,402.55,0.15,0.15,0.15,0.15,78.636608,0,2476875
2026-08-24 13:40:00,ATM-3,PE,370.0,402.7,0.15,0.15,0.15,0.15,79.051071,0,2476875
2026-08-24 13:45:00,ATM-3,PE,370.0,404.0,0.15,0.15,0.1,0.1,76.796017,136875,2476875
2026-08-24 13:50:00,ATM-3,PE,370.0,403.2,0.1,0.1,0.1,0.1,75.451629,1875,2355000
2026-08-24 13:55:00,ATM-3,PE,370.0,403.5,0.1,0.1,0.1,0.1,76.125437,0,2355000
2026-08-24 14:00:00,ATM-3,PE,370.0,403.65,0.1,0.1,0.1,0.1,76.524821,0,2355000
2026-08-24 14:05:00,ATM-3,PE,370.0,403.95,0.1,0.1,0.1,0.1,77.201489,0,2355000
2026-08-24 14:10:00,ATM-3,PE,370.0,403.6,0.1,0.1,0.1,0.1,76.681498,7500,2349375
2026-08-24 14:15:00,ATM-3,PE,370.0,402.85,0.1,0.1,0.1,0.1,75.41628,1875,2349375
2026-08-24 14:20:00,ATM-3,PE,370.0,402.75,0.1,0.1,0.1,0.1,75.353744,0,2349375
2026-08-24 14:25:00,ATM-3,PE,370.0,402.65,0.1,0.1,0.1,0.1,75.2911,0,2349375
2026-08-24 14:30:00,ATM-3,PE,370.0,402.7,0.1,0.1,0.1,0.1,75.508768,0,2349375
2026-08-24 14:35:00,ATM-3,PE,370.0,402.3,0.1,0.15,0.1,0.15,79.693838,16875,2347500
2026-08-24 14:40:00,ATM-3,PE,370.0,402.5,0.1,0.15,0.1,0.1,75.384146,91875,2343750
2026-08-24 14:45:00,ATM-3,PE,370.0,402.5,0.1,0.1,0.1,0.1,75.509804,7500,2340000
2026-08-24 14:50:00,ATM-3,PE,370.0,401.95,0.1,0.1,0.05,0.05,67.804136,5625,2340000
2026-08-24 14:55:00,ATM-3,PE,370.0,402.25,0.05,0.05,0.05,0.05,68.445544,1875,2340000
2026-08-24 15:00:00,ATM-3,PE,370.0,401.75,0.05,0.05,0.05,0.05,67.679297,129375,2448750
2026-08-24 15:05:00,ATM-3,PE,370.0,400.9,0.05,0.05,0.05,0.05,66.286632,155625,2565000
2026-08-24 15:10:00,ATM-3,PE,370.0,400.5,0.05,0.05,0.05,0.05,65.685898,215625,2634375
2026-08-24 15:15:00,ATM-3,PE,370.0,400.5,0.05,0.05,0.05,0.05,65.797603,343125,2392500
2026-08-24 15:20:00,ATM-3,PE,370.0,400.5,0.05,0.05,0.05,0.05,65.909886,136875,2253750
2026-08-24 15:25:00,ATM-3,PE,370.0,403.3,0.05,0.05,0.05,0.05,71.004717,133125,2281875
2026-08-24 15:30:00,ATM-3,PE,370.0,403.3,0.05,0.05,0.05,0.05,71.126793,108750,2287500
2026-08-24 15:35:00,ATM-3,PE,370.0,403.3,0.05,0.05,0.05,0.05,71.249492,65625,2280000
2026-08-25 09:15:00,ATM-3,PE,370.0,399.4,0.05,0.05,0.05,0.05,0.0,97500,1537500
2026-08-25 09:20:00,ATM-3,PE,370.0,397.7,0.05,0.05,0.05,0.05,0.0,0,1537500
2026-08-25 09:25:00,ATM-3,PE,370.0,397.55,0.05,0.05,0.05,0.05,0.0,46875,1541250
2026-08-25 09:30:00,ATM-3,PE,370.0,398.3,0.05,0.05,0.05,0.05,0.0,7500,1541250
2026-08-25 09:35:00,ATM-3,PE,370.0,397.1,0.05,0.05,0.05,0.05,0.0,39375,1423125
2026-08-25 09:40:00,ATM-3,PE,370.0,397.95,0.05,0.05,0.05,0.05,0.0,37500,1400625
2026-08-25 09:45:00,ATM-3,PE,370.0,397.2,0.05,0.05,0.05,0.05,0.0,0,1400625
2026-08-25 09:50:00,ATM-3,PE,370.0,397.2,0.05,0.05,0.05,0.05,0.0,3750,1389375
2026-08-25 09:55:00,ATM-3,PE,370.0,396.7,0.1,0.1,0.05,0.05,0.0,5625,1389375
2026-08-25 10:00:00,ATM-3,PE,370.0,396.7,0.05,0.05,0.05,0.05,0.0,33750,1348125
2026-08-25 10:05:00,ATM-3,PE,370.0,396.5,0.05,0.05,0.05,0.05,0.0,5625,1348125
2026-08-25 10:10:00,ATM-3,PE,370.0,396.2,0.05,0.05,0.05,0.05,0.0,1875,1346250
2026-08-25 10:15:00,ATM-3,PE,370.0,396.0,0.05,0.05,0.05,0.05,0.0,20625,1329375
2026-08-25 10:20:00,ATM-3,PE,360.0,394.7,0.05,0.05,0.05,0.05,0.0,1875,2124375
2026-08-25 10:25:00,ATM-3,PE,360.0,394.9,0.05,0.05,0.05,0.05,0.0,0,2124375
2026-08-25 10:30:00,ATM-3,PE,360.0,394.5,0.05,0.05,0.05,0.05,0.0,7500,2128125
2026-08-25 10:35:00,ATM-3,PE,360.0,394.15,0.05,0.05,0.05,0.05,0.0,0,2128125
2026-08-25 10:40:00,ATM-3,PE,360.0,393.15,0.05,0.05,0.05,0.05,0.0,39375,2128125
2026-08-25 10:45:00,ATM-3,PE,360.0,393.4,0.05,0.05,0.05,0.05,0.0,1875,2130000
2026-08-25 10:50:00,ATM-3,PE,360.0,392.95,0.05,0.05,0.05,0.05,0.0,0,2130000
2026-08-25 10:55:00,ATM-3,PE,360.0,393.3,0.05,0.05,0.05,0.05,0.0,0,2130000
2026-08-25 11:00:00,ATM-3,PE,360.0,393.0,0.05,0.05,0.05,0.05,0.0,15000,2130000
2026-08-25 11:05:00,ATM-3,PE,360.0,393.5,0.05,0.05,0.05,0.05,0.0,3750,2130000
2026-08-25 11:10:00,ATM-3,PE,360.0,392.95,0.05,0.05,0.05,0.05,0.0,0,2130000
2026-08-25 11:15:00,ATM-3,PE,360.0,392.5,0.05,0.05,0.05,0.05,0.0,1875,2130000
2026-08-25 11:20:00,ATM-3,PE,360.0,392.4,0.05,0.05,0.05,0.05,0.0,0,2130000
2026-08-25 11:25:00,ATM-3,PE,360.0,392.75,0.05,0.05,0.05,0.05,0.0,1875,2131875
2026-08-25 11:30:00,ATM-3,PE,360.0,392.8,0.05,0.05,0.05,0.05,0.0,0,2133750
2026-08-25 11:35:00,ATM-3,PE,360.0,393.2,0.05,0.05,0.05,0.05,0.0,0,2133750
2026-08-25 11:40:00,ATM-3,PE,360.0,393.1,0.05,0.05,0.05,0.05,0.0,0,2133750
2026-08-25 11:45:00,ATM-3,PE,360.0,393.25,0.05,0.05,0.05,0.05,0.0,0,2133750
2026-08-25 11:50:00,ATM-3,PE,360.0,392.65,0.05,0.05,0.05,0.05,0.0,0,2133750
2026-08-25 11:55:00,ATM-3,PE,360.0,393.25,0.05,0.05,0.05,0.05,0.0,0,2133750
2026-08-25 12:00:00,ATM-3,PE,360.0,393.65,0.05,0.05,0.05,0.05,0.0,0,2133750
2026-08-25 12:05:00,ATM-3,PE,370.0,395.6,0.05,0.05,0.05,0.05,0.0,0,1125000
2026-08-25 12:10:00,ATM-3,PE,370.0,395.95,0.05,0.1,0.05,0.1,0.0,7500,1123125
2026-08-25 12:15:00,ATM-3,PE,370.0,396.75,0.1,0.1,0.1,0.1,0.0,0,1123125
2026-08-25 12:20:00,ATM-3,PE,370.0,396.15,0.1,0.1,0.1,0.1,0.0,3750,1121250
2026-08-25 12:25:00,ATM-3,PE,370.0,395.9,0.1,0.1,0.1,0.1,0.0,7500,1121250
2026-08-25 12:30:00,ATM-3,PE,370.0,395.65,0.1,0.1,0.1,0.1,0.0,0,1121250
2026-08-25 12:35:00,ATM-3,PE,370.0,395.55,0.1,0.1,0.05,0.05,0.0,5625,1113750
2026-08-25 12:40:00,ATM-3,PE,370.0,395.05,0.05,0.05,0.05,0.05,0.0,0,1113750
2026-08-25 12:45:00,ATM-3,PE,360.0,394.8,0.05,0.05,0.05,0.05,0.0,0,2146875
2026-08-25 12:50:00,ATM-3,PE,360.0,394.8,0.05,0.05,0.05,0.05,0.0,0,2146875
2026-08-25 12:55:00,ATM-3,PE,370.0,395.05,0.05,0.05,0.05,0.05,0.0,0,1113750
2026-08-25 13:00:00,ATM-3,PE,360.0,394.3,0.05,0.05,0.05,0.05,0.0,13125,2148750
2026-08-25 13:05:00,ATM-3,PE,360.0,393.95,0.05,0.05,0.05,0.05,0.0,9375,2148750
2026-08-25 13:10:00,ATM-3,PE,360.0,394.0,0.05,0.05,0.05,0.05,0.0,1875,2148750
2026-08-25 13:15:00,ATM-3,PE,360.0,394.9,0.05,0.05,0.05,0.05,0.0,0,2148750
2026-08-25 13:20:00,ATM-3,PE,360.0,393.85,0.05,0.05,0.05,0.05,0.0,0,2148750
2026-08-25 13:25:00,ATM-3,PE,360.0,394.1,0.05,0.05,0.05,0.05,0.0,0,2148750
2026-08-25 13:30:00,ATM-3,PE,360.0,394.6,0.05,0.05,0.05,0.05,0.0,0,2148750
2026-08-25 13:35:00,ATM-3,PE,360.0,394.5,0.05,0.05,0.05,0.05,0.0,0,2148750
2026-08-25 13:40:00,ATM-3,PE,360.0,394.4,0.05,0.05,0.05,0.05,0.0,0,2148750
2026-08-25 13:45:00,ATM-3,PE,360.0,394.2,0.05,0.05,0.05,0.05,0.0,0,2148750
2026-08-25 13:50:00,ATM-3,PE,360.0,394.75,0.05,0.05,0.05,0.05,0.0,0,2148750
2026-08-25 13:55:00,ATM-3,PE,360.0,394.6,0.05,0.05,0.05,0.05,0.0,0,2148750
2026-08-25 14:00:00,ATM-3,PE,360.0,394.3,0.05,0.05,0.05,0.05,0.0,1875,2148750
2026-08-25 14:05:00,ATM-3,PE,360.0,394.25,0.05,0.05,0.05,0.05,0.0,0,2148750
2026-08-25 14:10:00,ATM-3,PE,360.0,393.75,0.05,0.05,0.05,0.05,0.0,0,2148750
2026-08-25 14:15:00,ATM-3,PE,360.0,394.05,0.05,0.05,0.05,0.05,0.0,0,2148750
2026-08-25 14:20:00,ATM-3,PE,360.0,393.75,0.05,0.05,0.05,0.05,0.0,0,2148750
2026-08-25 14:25:00,ATM-3,PE,360.0,394.1,0.05,0.05,0.05,0.05,0.0,0,2148750
2026-08-25 14:30:00,ATM-3,PE,360.0,393.9,0.05,0.05,0.05,0.05,0.0,0,2148750
2026-08-25 14:35:00,ATM-3,PE,360.0,394.3,0.05,0.05,0.05,0.05,0.0,1875,2146875
2026-08-25 14:40:00,ATM-3,PE,360.0,395.0,0.05,0.05,0.05,0.05,0.0,0,2146875
2026-08-25 14:45:00,ATM-3,PE,370.0,395.35,0.05,0.05,0.05,0.05,0.0,0,1089375
2026-08-25 14:50:00,ATM-3,PE,370.0,395.35,0.05,0.05,0.05,0.05,0.0,0,1089375
2026-08-25 14:55:00,ATM-3,PE,370.0,395.1,0.05,0.05,0.05,0.05,0.0,1875,1089375
2026-08-25 15:00:00,ATM-3,PE,360.0,394.95,0.05,0.05,0.05,0.05,0.0,0,2146875
2026-08-25 15:05:00,ATM-3,PE,360.0,395.0,0.05,0.05,0.05,0.05,0.0,0,2146875
2026-08-25 15:10:00,ATM-3,PE,370.0,395.95,0.05,0.05,0.05,0.05,0.0,3750,1081875
2026-08-25 15:15:00,ATM-3,PE,370.0,395.95,0.05,0.05,0.05,0.05,0.0,0,1081875
2026-08-25 15:20:00,ATM-3,PE,370.0,395.95,0.05,0.05,0.05,0.05,0.0,0,1081875
2026-08-25 15:25:00,ATM-3,PE,370.0,397.8,0.05,0.05,0.05,0.05,0.0,0,1081875
2026-08-25 15:30:00,ATM-3,PE,370.0,397.8,0.05,0.05,0.05,0.05,0.0,0,1081875
2026-08-25 15:35:00,ATM-3,PE,370.0,397.8,0.05,0.05,0.05,0.05,0.0,0,1081875
2026-08-20 09:15:00,ATM-2,CE,370.0,393.45,23.0,23.95,22.8,22.8,0.0,52500,825000
2026-08-20 09:20:00,ATM-2,CE,370.0,388.25,21.9,22.8,19.05,19.05,25.703282,39375,811875
2026-08-20 09:25:00,ATM-2,CE,370.0,388.9,18.6,19.05,18.0,18.0,0.0,7500,813750
2026-08-20 09:30:00,ATM-2,CE,370.0,388.0,18.0,18.25,17.4,17.4,0.0,13125,817500
2026-08-20 09:35:00,ATM-2,CE,370.0,387.85,17.4,18.0,17.4,18.0,0.0,3750,815625
2026-08-20 09:40:00,ATM-2,CE,370.0,387.35,18.0,18.0,16.8,17.0,0.0,11250,821250
2026-08-20 09:45:00,ATM-2,CE,370.0,387.1,17.0,17.65,17.0,17.4,0.0,22500,836250
2026-08-20 09:50:00,ATM-2,CE,370.0,387.55,17.45,17.6,17.4,17.6,0.0,9375,847500
2026-08-20 09:55:00,ATM-2,CE,370.0,387.8,17.6,17.75,17.6,17.75,0.0,3750,845625
2026-08-20 10:00:00,ATM-2,CE,370.0,388.2,17.8,18.1,17.75,18.1,0.0,7500,853125
2026-08-20 10:05:00,ATM-2,CE,370.0,388.5,18.1,18.5,18.1,18.5,0.0,1875,853125
2026-08-20 10:10:00,ATM-2,CE,370.0,389.65,18.85,18.85,18.5,18.85,0.0,1875,853125
2026-08-20 10:15:00,ATM-2,CE,370.0,389.15,20.0,20.0,18.85,19.85,24.508644,28125,849375
2026-08-20 10:20:00,ATM-2,CE,370.0,389.65,19.85,19.85,19.25,19.25,0.0,7500,849375
2026-08-20 10:25:00,ATM-2,CE,370.0,388.85,19.25,19.25,19.05,19.05,0.0,3750,849375
2026-08-20 10:30:00,ATM-2,CE,370.0,389.7,19.45,20.0,19.05,20.0,0.0,7500,847500
2026-08-20 10:35:00,ATM-2,CE,370.0,390.5,20.4,21.0,20.0,21.0,0.0,11250,855000
2026-08-20 10:40:00,ATM-2,CE,370.0,390.55,20.8,21.05,20.8,21.0,0.0,7500,853125
2026-08-20 10:45:00,ATM-2,CE,370.0,390.45,21.0,21.15,21.0,21.15,25.886865,3750,849375
2026-08-20 10:50:00,ATM-2,CE,370.0,388.8,21.15,21.15,20.25,20.25,35.832675,3750,847500
2026-08-20 10:55:00,ATM-2,CE,370.0,389.2,19.5,20.25,19.5,19.75,18.307715,5625,845625
2026-08-20 11:00:00,ATM-2,CE,370.0,388.75,19.75,19.75,19.65,19.65,28.389126,9375,838125
2026-08-20 11:05:00,ATM-2,CE,370.0,390.5,19.2,20.75,19.2,20.75,0.0,22500,834375
2026-08-20 11:10:00,ATM-2,CE,370.0,390.4,20.55,20.75,20.55,20.55,0.0,1875,840000
2026-08-20 11:15:00,ATM-2,CE,370.0,389.65,19.75,20.55,19.75,19.8,0.0,3750,838125
2026-08-20 11:20:00,ATM-2,CE,370.0,389.5,19.8,19.8,19.8,19.8,0.0,0,836250
2026-08-20 11:25:00,ATM-2,CE,370.0,389.5,19.8,19.8,19.8,19.8,0.0,0,836250
2026-08-20 11:30:00,ATM-2,CE,370.0,389.75,19.8,19.8,18.95,18.95,0.0,3750,838125
2026-08-20 11:35:00,ATM-2,CE,370.0,389.4,18.95,19.25,18.95,18.95,0.0,5625,834375
2026-08-20 11:40:00,ATM-2,CE,370.0,389.3,18.95,18.95,18.95,18.95,0.0,0,834375
2026-08-20 11:45:00,ATM-2,CE,370.0,389.2,18.95,18.95,18.95,18.95,0.0,0,834375
2026-08-20 11:50:00,ATM-2,CE,370.0,389.2,18.95,19.0,18.95,19.0,0.0,7500,836250
2026-08-20 11:55:00,ATM-2,CE,370.0,389.5,19.0,19.2,19.0,19.2,0.0,7500,826875
2026-08-20 12:00:00,ATM-2,CE,370.0,389.35,19.2,19.2,19.2,19.2,0.0,0,826875
2026-08-20 12:05:00,ATM-2,CE,370.0,389.0,19.2,19.2,19.2,19.2,0.0,0,826875
2026-08-20 12:10:00,ATM-2,CE,370.0,389.45,19.2,19.2,19.2,19.2,0.0,0,826875
2026-08-20 12:15:00,ATM-2,CE,370.0,389.9,19.2,19.65,19.2,19.65,0.0,3750,821250
2026-08-20 12:20:00,ATM-2,CE,370.0,389.4,19.65,19.65,19.65,19.65,0.0,0,821250
2026-08-20 12:25:00,ATM-2,CE,370.0,389.2,19.65,19.65,19.65,19.65,0.0,0,821250
2026-08-20 12:30:00,ATM-2,CE,370.0,389.2,19.65,19.65,19.65,19.65,0.0,0,821250
2026-08-20 12:35:00,ATM-2,CE,370.0,389.0,19.65,19.65,19.65,19.65,23.427837,0,821250
2026-08-20 12:40:00,ATM-2,CE,370.0,388.65,19.65,19.65,19.65,19.65,30.18747,0,821250
2026-08-20 12:45:00,ATM-2,CE,370.0,388.8,19.65,19.65,19.65,19.65,27.878094,0,821250
2026-08-20 12:50:00,ATM-2,CE,370.0,388.0,19.65,19.65,17.65,17.65,0.0,5625,826875
2026-08-20 12:55:00,ATM-2,CE,370.0,387.7,17.65,17.65,17.5,17.5,0.0,13125,823125
2026-08-20 13:00:00,ATM-2,CE,370.0,387.6,17.5,17.5,17.5,17.5,0.0,0,826875
2026-08-20 13:05:00,ATM-2,CE,370.0,387.65,17.6,17.6,17.5,17.6,0.0,7500,826875
2026-08-20 13:10:00,ATM-2,CE,370.0,387.8,17.6,17.6,17.6,17.6,0.0,0,826875
2026-08-20 13:15:00,ATM-2,CE,370.0,388.15,17.6,17.75,17.6,17.75,0.0,1875,828750
2026-08-20 13:20:00,ATM-2,CE,370.0,388.05,17.75,17.75,17.75,17.75,0.0,0,828750
2026-08-20 13:25:00,ATM-2,CE,370.0,387.65,17.75,17.75,17.75,17.75,0.0,0,828750
2026-08-20 13:30:00,ATM-2,CE,370.0,387.65,17.75,17.75,17.75,17.75,0.0,0,828750
2026-08-20 13:35:00,ATM-2,CE,370.0,387.4,17.75,17.75,17.75,17.75,0.0,0,828750
2026-08-20 13:40:00,ATM-2,CE,370.0,387.2,17.75,17.75,17.75,17.75,17.786415,0,828750
2026-08-20 13:45:00,ATM-2,CE,370.0,387.05,17.75,17.75,17.75,17.75,23.089243,0,828750
2026-08-20 13:50:00,ATM-2,CE,370.0,386.75,17.75,17.75,17.75,17.75,28.169126,0,828750
2026-08-20 13:55:00,ATM-2,CE,370.0,387.05,17.75,17.75,16.85,16.85,0.0,1875,826875
2026-08-20 14:00:00,ATM-2,CE,370.0,387.35,16.85,16.85,16.85,16.85,0.0,0,826875
2026-08-20 14:05:00,ATM-2,CE,370.0,387.45,16.85,16.85,16.85,16.85,0.0,0,826875
2026-08-20 14:10:00,ATM-2,CE,370.0,387.1,16.85,16.85,16.85,16.85,0.0,0,826875
2026-08-20 14:15:00,ATM-2,CE,370.0,387.55,16.85,16.85,16.85,16.85,0.0,0,826875
2026-08-20 14:20:00,ATM-2,CE,370.0,387.4,16.85,16.85,16.85,16.85,0.0,0,826875
2026-08-20 14:25:00,ATM-2,CE,370.0,387.7,16.85,16.85,16.85,16.85,0.0,0,826875
2026-08-20 14:30:00,ATM-2,CE,370.0,387.15,16.85,16.85,16.85,16.85,0.0,0,826875
2026-08-20 14:35:00,ATM-2,CE,370.0,387.05,16.85,16.85,16.85,16.85,0.0,0,826875
2026-08-20 14:40:00,ATM-2,CE,370.0,387.15,16.85,16.85,16.85,16.85,0.0,0,826875
2026-08-20 14:45:00,ATM-2,CE,370.0,387.1,16.85,16.85,16.85,16.85,0.0,0,826875
2026-08-20 14:50:00,ATM-2,CE,370.0,387.0,16.85,16.85,16.85,16.85,0.0,0,826875
2026-08-20 14:55:00,ATM-2,CE,370.0,387.0,16.85,16.85,16.85,16.85,0.0,13125,819375
2026-08-20 15:00:00,ATM-2,CE,370.0,386.35,16.85,16.85,16.85,16.85,0.0,0,811875
2026-08-20 15:05:00,ATM-2,CE,370.0,385.9,16.05,16.85,15.9,15.9,0.0,20625,806250
2026-08-20 15:10:00,ATM-2,CE,370.0,385.6,15.9,16.1,15.9,16.1,0.0,7500,813750
2026-08-20 15:15:00,ATM-2,CE,370.0,385.6,16.1,16.1,16.1,16.1,0.0,0,813750
2026-08-20 15:20:00,ATM-2,CE,370.0,385.6,16.1,16.1,15.6,15.6,0.0,9375,813750
2026-08-20 15:25:00,ATM-2,CE,370.0,385.6,15.6,15.6,15.6,15.6,0.0,0,813750
2026-08-20 15:30:00,ATM-2,CE,370.0,385.6,15.6,15.6,15.4,15.4,0.0,1875,813750
2026-08-20 15:35:00,ATM-2,CE,370.0,385.6,15.3,15.9,15.3,15.9,0.0,20625,810000
2026-08-21 09:15:00,ATM-2,CE,370.0,390.05,18.8,18.8,18.8,18.8,0.0,1875,810000
2026-08-21 09:20:00,ATM-2,CE,370.0,388.4,18.8,18.8,18.8,18.8,0.0,0,810000
2026-08-21 09:25:00,ATM-2,CE,370.0,391.9,18.8,21.4,18.8,21.2,0.0,20625,815625
2026-08-21 09:30:00,ATM-2,CE,370.0,391.05,21.8,21.8,21.0,21.0,0.0,5625,813750
2026-08-21 09:35:00,ATM-2,CE,370.0,391.5,21.5,22.1,21.0,22.1,29.540761,16875,815625
2026-08-21 09:40:00,ATM-2,CE,370.0,392.8,22.1,22.2,22.05,22.05,0.0,5625,813750
2026-08-21 09:45:00,ATM-2,CE,370.0,391.4,22.7,22.7,21.8,21.8,0.0,13125,808125
2026-08-21 09:50:00,ATM-2,CE,370.0,392.9,21.8,23.6,21.8,23.0,0.0,20625,804375
2026-08-21 09:55:00,ATM-2,CE,370.0,394.0,23.0,24.55,23.0,24.55,30.443957,7500,804375
2026-08-21 10:00:00,ATM-2,CE,370.0,392.35,23.2,24.55,23.2,23.2,36.574784,20625,791250
2026-08-21 10:05:00,ATM-2,CE,370.0,392.45,23.2,23.2,22.65,22.8,0.0,13125,791250
2026-08-21 10:10:00,ATM-2,CE,370.0,392.3,22.8,22.8,22.8,22.8,26.517597,0,791250
2026-08-21 10:15:00,ATM-2,CE,370.0,392.5,22.8,22.8,22.8,22.8,0.0,0,791250
2026-08-21 10:20:00,ATM-2,CE,370.0,391.6,22.8,22.8,22.0,22.0,0.0,5625,787500
2026-08-21 10:25:00,ATM-2,CE,370.0,394.15,21.5,23.6,21.5,23.6,0.0,18750,778125
2026-08-21 10:30:00,ATM-2,CE,370.0,393.25,23.6,24.5,23.6,24.5,44.386838,7500,772500
2026-08-21 10:35:00,ATM-2,CE,370.0,394.0,24.5,24.5,24.5,24.5,28.295317,0,772500
2026-08-21 10:40:00,ATM-2,CE,370.0,393.1,24.5,24.5,24.5,24.5,46.294413,0,772500
2026-08-21 10:45:00,ATM-2,CE,370.0,392.8,24.5,24.5,22.65,22.65,0.0,1875,768750
2026-08-21 10:50:00,ATM-2,CE,370.0,392.45,22.65,22.65,22.35,22.35,0.0,1875,766875
2026-08-21 10:55:00,ATM-2,CE,370.0,392.55,22.35,22.35,22.35,22.35,0.0,0,766875
2026-08-21 11:00:00,ATM-2,CE,370.0,392.4,22.35,22.35,22.0,22.0,0.0,3750,765000
2026-08-21 11:05:00,ATM-2,CE,370.0,392.65,22.0,22.0,22.0,22.0,0.0,1875,765000
2026-08-21 11:10:00,ATM-2,CE,370.0,392.55,22.0,22.0,22.0,22.0,0.0,0,765000
2026-08-21 11:15:00,ATM-2,CE,370.0,392.1,22.0,22.0,22.0,22.0,0.0,0,765000
2026-08-21 11:20:00,ATM-2,CE,370.0,392.65,22.0,22.05,22.0,22.05,0.0,11250,761250
2026-08-21 11:25:00,ATM-2,CE,370.0,392.25,22.05,22.05,21.55,21.7,0.0,37500,757500
2026-08-21 11:30:00,ATM-2,CE,370.0,392.3,21.7,22.0,21.6,21.6,0.0,3750,753750
2026-08-21 11:35:00,ATM-2,CE,370.0,391.95,21.75,22.05,21.6,22.05,0.0,13125,748125
2026-08-21 11:40:00,ATM-2,CE,370.0,392.45,22.05,22.05,22.05,22.05,0.0,0,736875
2026-08-21 11:45:00,ATM-2,CE,370.0,392.7,22.05,22.1,22.05,22.1,0.0,11250,735000
2026-08-21 11:50:00,ATM-2,CE,370.0,392.35,22.1,22.1,22.1,22.1,0.0,0,735000
2026-08-21 11:55:00,ATM-2,CE,370.0,392.2,22.1,22.1,22.1,22.1,0.0,0,735000
2026-08-21 12:00:00,ATM-2,CE,370.0,392.25,22.1,22.1,21.3,21.3,0.0,1875,733125
2026-08-21 12:05:00,ATM-2,CE,370.0,392.4,21.3,21.3,21.3,21.3,0.0,0,733125
2026-08-21 12:10:00,ATM-2,CE,370.0,392.25,21.3,21.3,21.3,21.3,0.0,0,733125
2026-08-21 12:15:00,ATM-2,CE,370.0,392.25,21.3,21.3,21.3,21.3,0.0,0,733125
2026-08-21 12:20:00,ATM-2,CE,370.0,392.6,21.3,21.3,21.3,21.3,0.0,0,733125
2026-08-21 12:25:00,ATM-2,CE,370.0,392.4,21.3,21.3,21.3,21.3,0.0,0,733125
2026-08-21 12:30:00,ATM-2,CE,370.0,392.5,21.3,21.3,21.3,21.3,0.0,0,733125
2026-08-21 12:35:00,ATM-2,CE,370.0,392.45,21.3,21.3,21.3,21.3,0.0,0,733125
2026-08-21 12:40:00,ATM-2,CE,370.0,392.6,21.3,21.3,21.3,21.3,0.0,0,733125
2026-08-21 12:45:00,ATM-2,CE,370.0,393.55,21.3,21.3,21.3,21.3,0.0,0,733125
2026-08-21 12:50:00,ATM-2,CE,370.0,393.5,22.6,22.6,21.3,22.5,0.0,5625,736875
2026-08-21 12:55:00,ATM-2,CE,370.0,393.45,22.5,22.5,22.5,22.5,0.0,0,736875
2026-08-21 13:00:00,ATM-2,CE,370.0,393.85,22.5,22.65,22.5,22.65,0.0,9375,733125
2026-08-21 13:05:00,ATM-2,CE,370.0,394.25,22.65,23.05,22.65,23.05,0.0,1875,733125
2026-08-21 13:10:00,ATM-2,CE,380.0,395.45,23.05,23.05,14.65,14.85,0.0,11250,1860000
2026-08-21 13:15:00,ATM-2,CE,380.0,396.8,15.5,16.2,14.85,16.0,0.0,33750,1856250
2026-08-21 13:20:00,ATM-2,CE,380.0,396.2,15.85,16.0,14.8,15.15,0.0,46875,1850625
2026-08-21 13:25:00,ATM-2,CE,380.0,396.5,15.15,15.4,15.15,15.4,0.0,16875,1854375
2026-08-21 13:30:00,ATM-2,CE,380.0,396.2,15.4,15.5,14.25,15.3,0.0,28125,1858125
2026-08-21 13:35:00,ATM-2,CE,380.0,396.15,15.35,15.35,15.15,15.15,0.0,5625,1860000
2026-08-21 13:40:00,ATM-2,CE,380.0,396.7,15.15,15.15,15.15,15.15,0.0,0,1860000
2026-08-21 13:45:00,ATM-2,CE,380.0,396.5,15.15,16.2,15.15,16.0,0.0,11250,1858125
2026-08-21 13:50:00,ATM-2,CE,380.0,396.5,15.6,16.0,15.6,15.75,0.0,11250,1848750
2026-08-21 13:55:00,ATM-2,CE,380.0,396.6,16.0,16.25,15.75,16.25,0.0,5625,1843125
2026-08-21 14:00:00,ATM-2,CE,380.0,396.9,16.25,16.3,16.05,16.05,0.0,13125,1837500
2026-08-21 14:05:00,ATM-2,CE,380.0,396.3,16.05,16.05,15.85,15.85,0.0,1875,1835625
2026-08-21 14:10:00,ATM-2,CE,380.0,396.95,15.85,16.15,15.75,16.15,0.0,11250,1841250
2026-08-21 14:15:00,ATM-2,CE,380.0,396.9,16.9,16.9,16.15,16.6,0.0,11250,1837500
2026-08-21 14:20:00,ATM-2,CE,380.0,397.0,16.5,16.6,16.5,16.5,0.0,5625,1837500
2026-08-21 14:25:00,ATM-2,CE,380.0,396.8,16.5,16.5,16.1,16.1,0.0,5625,1837500
2026-08-21 14:30:00,ATM-2,CE,380.0,396.55,16.5,16.65,16.1,16.3,0.0,11250,1839375
2026-08-21 14:35:00,ATM-2,CE,380.0,396.6,16.3,16.5,16.3,16.5,0.0,3750,1835625
2026-08-21 14:40:00,ATM-2,CE,380.0,396.65,16.5,16.7,16.5,16.65,0.0,15000,1833750
2026-08-21 14:45:00,ATM-2,CE,380.0,396.55,16.65,16.75,16.3,16.3,0.0,11250,1833750
2026-08-21 14:50:00,ATM-2,CE,380.0,396.65,16.3,16.3,16.3,16.3,0.0,0,1833750
2026-08-21 14:55:00,ATM-2,CE,380.0,396.25,16.3,16.3,16.3,16.3,0.0,1875,1830000
2026-08-21 15:00:00,ATM-2,CE,380.0,396.3,15.5,16.3,15.05,15.35,0.0,16875,1820625
2026-08-21 15:05:00,ATM-2,CE,380.0,396.45,15.7,15.9,15.35,15.9,0.0,11250,1816875
2026-08-21 15:10:00,ATM-2,CE,380.0,396.3,15.9,16.55,15.9,16.55,0.0,24375,1800000
2026-08-21 15:15:00,ATM-2,CE,380.0,396.3,16.0,16.55,16.0,16.0,0.0,1875,1794375
2026-08-21 15:20:00,ATM-2,CE,380.0,396.3,16.0,16.15,15.9,15.9,0.0,7500,1790625
2026-08-21 15:25:00,ATM-2,CE,370.0,394.45,15.5,25.05,15.5,24.7,0.0,9375,727500
2026-08-21 15:30:00,ATM-2,CE,370.0,394.45,24.7,25.9,24.7,25.9,50.245774,1875,727500
2026-08-21 15:35:00,ATM-2,CE,370.0,394.45,25.9,25.9,25.6,25.7,47.451937,5625,727500
2026-08-24 09:15:00,ATM-2,CE,380.0,400.1,21.45,21.65,20.9,21.65,83.231681,9375,1760625
2026-08-24 09:20:00,ATM-2,CE,380.0,399.0,19.85,21.65,19.7,19.7,61.645789,9375,1756875
2026-08-24 09:25:00,ATM-2,CE,380.0,399.45,19.1,19.7,18.5,19.1,0.0,13125,1760625
2026-08-24 09:30:00,ATM-2,CE,380.0,398.2,19.1,19.1,17.8,17.8,0.0,11250,1751250
2026-08-24 09:35:00,ATM-2,CE,380.0,398.3,17.7,18.3,17.55,18.3,0.0,56250,1749375
2026-08-24 09:40:00,ATM-2,CE,380.0,399.6,19.7,19.7,18.1,18.1,0.0,24375,1745625
2026-08-24 09:45:00,ATM-2,CE,380.0,400.55,18.1,20.5,18.1,20.4,0.0,16875,1749375
2026-08-24 09:50:00,ATM-2,CE,380.0,399.0,20.5,20.5,20.4,20.5,80.148487,1875,1741875
2026-08-24 09:55:00,ATM-2,CE,380.0,399.85,19.95,20.5,19.95,19.95,0.0,7500,1741875
2026-08-24 10:00:00,ATM-2,CE,380.0,399.25,19.95,19.95,19.95,19.95,62.997507,0,1741875
2026-08-24 10:05:00,ATM-2,CE,380.0,399.8,19.3,20.15,19.3,20.15,52.187764,20625,1743750
2026-08-24 10:10:00,ATM-2,CE,380.0,399.8,20.15,20.15,20.15,20.15,52.27754,0,1743750
2026-08-24 10:15:00,ATM-2,CE,380.0,400.45,20.15,20.4,20.15,20.4,0.0,3750,1745625
2026-08-24 10:20:00,ATM-2,CE,380.0,400.7,20.45,20.45,20.4,20.45,0.0,1875,1743750
2026-08-24 10:25:00,ATM-2,CE,380.0,400.7,20.45,21.0,20.45,21.0,51.852844,5625,1743750
2026-08-24 10:30:00,ATM-2,CE,380.0,400.75,20.85,21.0,20.75,20.75,0.0,3750,1743750
2026-08-24 10:35:00,ATM-2,CE,380.0,400.45,20.7,20.75,20.2,20.2,0.0,13125,1736250
2026-08-24 10:40:00,ATM-2,CE,380.0,401.1,20.55,21.5,20.2,21.5,57.74843,13125,1726875
2026-08-24 10:45:00,ATM-2,CE,380.0,402.3,21.5,22.05,21.0,22.05,0.0,5625,1721250
2026-08-24 10:50:00,ATM-2,CE,380.0,402.25,22.0,22.05,22.0,22.0,0.0,1875,1723125
2026-08-24 10:55:00,ATM-2,CE,380.0,401.25,22.0,22.0,22.0,22.0,70.272403,0,1723125
2026-08-24 11:00:00,ATM-2,CE,380.0,401.65,22.0,22.0,21.05,21.05,0.0,1875,1721250
2026-08-24 11:05:00,ATM-2,CE,380.0,402.05,21.05,21.95,21.05,21.95,0.0,1875,1721250
2026-08-24 11:10:00,ATM-2,CE,380.0,401.4,21.95,21.95,21.95,21.95,64.727743,0,1721250
2026-08-24 11:15:00,ATM-2,CE,380.0,401.45,21.95,21.95,21.95,21.95,63.165142,0,1721250
2026-08-24 11:20:00,ATM-2,CE,380.0,401.35,21.95,21.95,21.5,21.5,40.949454,7500,1721250
2026-08-24 11:25:00,ATM-2,CE,380.0,401.35,21.5,21.5,21.45,21.45,0.0,1875,1719375
2026-08-24 11:30:00,ATM-2,CE,380.0,400.7,21.45,21.45,21.0,21.0,53.093117,5625,1717500
2026-08-24 11:35:00,ATM-2,CE,380.0,400.65,21.0,21.0,21.0,21.0,55.637469,0,1717500
2026-08-24 11:40:00,ATM-2,CE,380.0,401.15,21.0,21.4,21.0,21.4,51.150118,7500,1715625
2026-08-24 11:45:00,ATM-2,CE,380.0,402.0,21.4,22.0,21.35,22.0,0.0,13125,1708125
2026-08-24 11:50:00,ATM-2,CE,380.0,401.15,22.0,22.0,22.0,22.0,74.057607,1875,1702500
2026-08-24 11:55:00,ATM-2,CE,380.0,401.1,20.45,22.0,20.45,20.45,0.0,3750,1700625
2026-08-24 12:00:00,ATM-2,CE,380.0,401.6,20.45,21.2,20.45,21.2,0.0,3750,1698750
2026-08-24 12:05:00,ATM-2,CE,380.0,401.4,21.2,21.35,21.1,21.1,0.0,3750,1693125
2026-08-24 12:10:00,ATM-2,CE,380.0,403.3,22.8,22.8,21.1,22.3,0.0,5625,1687500
2026-08-24 12:15:00,ATM-2,CE,380.0,402.9,22.6,22.6,22.3,22.6,0.0,5625,1687500
2026-08-24 12:20:00,ATM-2,CE,380.0,403.0,22.6,22.6,22.6,22.6,0.0,16875,1685625
2026-08-24 12:25:00,ATM-2,CE,380.0,402.85,22.6,23.35,22.55,22.55,0.0,18750,1680000
2026-08-24 12:30:00,ATM-2,CE,380.0,402.75,22.55,22.75,22.55,22.75,0.0,3750,1678125
2026-08-24 12:35:00,ATM-2,CE,380.0,403.5,22.75,22.75,22.75,22.75,0.0,0,1678125
2026-08-24 12:40:00,ATM-2,CE,380.0,403.65,22.75,22.85,22.7,22.85,0.0,9375,1676250
2026-08-24 12:45:00,ATM-2,CE,380.0,404.4,23.35,23.35,22.85,23.35,0.0,3750,1676250
2026-08-24 12:50:00,ATM-2,CE,380.0,404.65,23.35,24.55,23.35,24.55,0.0,3750,1678125
2026-08-24 12:55:00,ATM-2,CE,380.0,404.9,24.55,24.55,24.55,24.55,0.0,0,1678125
2026-08-24 13:00:00,ATM-2,CE,380.0,404.35,24.55,24.55,24.55,24.55,54.900584,0,1678125
2026-08-24 13:05:00,ATM-2,CE,380.0,404.4,24.55,24.55,24.55,24.55,48.76287,0,1678125
2026-08-24 13:10:00,ATM-2,CE,380.0,403.75,24.55,24.55,23.4,23.4,0.0,24375,1665000
2026-08-24 13:15:00,ATM-2,CE,380.0,403.8,23.4,23.6,23.4,23.6,0.0,5625,1663125
2026-08-24 13:20:00,ATM-2,CE,380.0,403.25,23.6,23.6,23.6,23.6,63.372669,0,1663125
2026-08-24 13:25:00,ATM-2,CE,380.0,403.25,23.6,23.6,23.6,23.6,63.491287,0,1661250
2026-08-24 13:30:00,ATM-2,CE,380.0,402.55,23.6,23.6,22.05,22.05,0.0,15000,1653750
2026-08-24 13:35:00,ATM-2,CE,380.0,402.55,22.05,22.05,22.0,22.0,0.0,7500,1653750
2026-08-24 13:40:00,ATM-2,CE,380.0,402.7,22.25,22.35,22.0,22.1,0.0,7500,1653750
2026-08-24 13:45:00,ATM-2,CE,380.0,404.0,22.1,22.85,22.1,22.85,0.0,1875,1653750
2026-08-24 13:50:00,ATM-2,CE,380.0,403.2,22.85,22.85,22.85,22.85,0.0,1875,1653750
2026-08-24 13:55:00,ATM-2,CE,380.0,403.5,22.85,22.85,22.75,22.75,0.0,3750,1655625
2026-08-24 14:00:00,ATM-2,CE,380.0,403.65,22.75,23.85,22.75,23.15,0.0,7500,1651875
2026-08-24 14:05:00,ATM-2,CE,380.0,403.95,23.7,23.8,23.15,23.75,0.0,13125,1650000
2026-08-24 14:10:00,ATM-2,CE,380.0,403.6,23.35,23.75,22.9,22.9,0.0,35625,1648125
2026-08-24 14:15:00,ATM-2,CE,380.0,402.85,22.9,22.9,22.0,22.2,0.0,16875,1648125
2026-08-24 14:20:00,ATM-2,CE,380.0,402.75,22.3,22.3,22.2,22.3,0.0,1875,1648125
2026-08-24 14:25:00,ATM-2,CE,380.0,402.65,22.3,22.3,22.05,22.05,0.0,1875,1648125
2026-08-24 14:30:00,ATM-2,CE,380.0,402.7,22.05,22.05,22.05,22.05,0.0,0,1648125
2026-08-24 14:35:00,ATM-2,CE,380.0,402.3,22.05,22.05,22.05,22.05,0.0,0,1648125
2026-08-24 14:40:00,ATM-2,CE,380.0,402.5,22.05,22.05,22.05,22.05,0.0,0,1648125
2026-08-24 14:45:00,ATM-2,CE,380.0,402.5,22.05,22.05,22.05,22.05,0.0,0,1648125
2026-08-24 14:50:00,ATM-2,CE,380.0,401.95,22.05,22.05,22.05,22.05,0.0,0,1648125
2026-08-24 14:55:00,ATM-2,CE,380.0,402.25,22.05,22.05,22.05,22.05,0.0,0,1650000
2026-08-24 15:00:00,ATM-2,CE,380.0,401.75,22.05,22.05,22.05,22.05,59.854183,0,1650000
2026-08-24 15:05:00,ATM-2,CE,380.0,400.9,22.05,22.05,20.55,20.55,0.0,16875,1650000
2026-08-24 15:10:00,ATM-2,CE,380.0,400.5,20.55,20.55,20.55,20.55,0.0,0,1650000
2026-08-24 15:15:00,ATM-2,CE,380.0,400.5,20.55,20.55,20.2,20.2,0.0,5625,1648125
2026-08-24 15:20:00,ATM-2,CE,380.0,400.5,20.2,20.2,19.7,19.7,0.0,9375,1644375
2026-08-24 15:25:00,ATM-2,CE,380.0,403.3,19.7,19.7,19.7,19.7,0.0,0,1635000
2026-08-24 15:30:00,ATM-2,CE,380.0,403.3,19.7,19.7,19.7,19.7,0.0,0,1635000
2026-08-24 15:35:00,ATM-2,CE,380.0,403.3,19.7,20.25,19.15,19.15,0.0,13125,1625625
2026-08-25 09:15:00,ATM-2,CE,380.0,399.4,18.75,20.0,18.2,18.25,0.0,20625,1614375
2026-08-25 09:20:00,ATM-2,CE,380.0,397.7,18.25,18.8,18.2,18.5,139.454312,7500,1610625
2026-08-25 09:25:00,ATM-2,CE,380.0,397.55,18.5,18.5,17.85,17.85,108.063759,15000,1599375
2026-08-25 09:30:00,ATM-2,CE,380.0,398.3,17.85,18.15,17.4,18.15,0.0,18750,1584375
2026-08-25 09:35:00,ATM-2,CE,380.0,397.1,18.0,18.15,17.45,17.45,111.490127,13125,1573125
2026-08-25 09:40:00,ATM-2,CE,380.0,397.95,17.45,18.0,17.45,18.0,75.750345,1875,1569375
2026-08-25 09:45:00,ATM-2,CE,380.0,397.2,18.0,18.0,18.0,18.0,141.595803,0,1569375
2026-08-25 09:50:00,ATM-2,CE,380.0,397.2,18.0,18.0,17.0,17.0,0.0,3750,1563750
2026-08-25 09:55:00,ATM-2,CE,380.0,396.7,16.2,17.0,16.2,16.2,0.0,18750,1560000
2026-08-25 10:00:00,ATM-2,CE,380.0,396.7,16.2,16.2,16.2,16.2,0.0,0,1560000
2026-08-25 10:05:00,ATM-2,CE,380.0,396.5,16.5,16.5,16.2,16.4,0.0,11250,1554375
2026-08-25 10:10:00,ATM-2,CE,380.0,396.2,16.4,16.4,16.4,16.4,99.124546,0,1554375
2026-08-25 10:15:00,ATM-2,CE,380.0,396.0,16.4,16.4,16.4,16.4,116.508151,0,1554375
2026-08-25 10:20:00,ATM-2,CE,370.0,394.7,16.4,26.0,14.7,25.25,0.0,43125,639375
2026-08-25 10:25:00,ATM-2,CE,370.0,394.9,25.25,25.25,14.6,24.55,0.0,9375,609375
2026-08-25 10:30:00,ATM-2,CE,370.0,394.5,24.55,24.55,24.55,24.55,0.0,0,609375
2026-08-25 10:35:00,ATM-2,CE,370.0,394.15,24.05,24.55,24.05,24.05,0.0,1875,607500
2026-08-25 10:40:00,ATM-2,CE,370.0,393.15,24.05,24.05,23.1,23.1,0.0,11250,600000
2026-08-25 10:45:00,ATM-2,CE,370.0,393.4,23.1,23.1,22.8,22.8,0.0,1875,600000
2026-08-25 10:50:00,ATM-2,CE,370.0,392.95,22.8,22.8,22.8,22.8,0.0,0,600000
2026-08-25 10:55:00,ATM-2,CE,370.0,393.3,22.8,22.8,22.8,22.8,0.0,0,600000
2026-08-25 11:00:00,ATM-2,CE,370.0,393.0,22.8,22.8,21.9,21.9,0.0,1875,598125
2026-08-25 11:05:00,ATM-2,CE,370.0,393.5,21.9,21.9,21.9,21.9,0.0,0,598125
2026-08-25 11:10:00,ATM-2,CE,370.0,392.95,21.9,21.9,21.9,21.9,0.0,0,598125
2026-08-25 11:15:00,ATM-2,CE,370.0,392.5,21.9,21.9,21.9,21.9,0.0,0,598125
2026-08-25 11:20:00,ATM-2,CE,370.0,392.4,21.9,21.9,21.9,21.9,0.0,0,598125
2026-08-25 11:25:00,ATM-2,CE,370.0,392.75,21.9,21.9,21.9,21.9,0.0,0,598125
2026-08-25 11:30:00,ATM-2,CE,370.0,392.8,22.45,22.45,21.9,22.45,0.0,1875,596250
2026-08-25 11:35:00,ATM-2,CE,370.0,393.2,22.45,22.45,22.45,22.45,0.0,0,596250
2026-08-25 11:40:00,ATM-2,CE,370.0,393.1,22.45,22.45,22.45,22.45,0.0,0,596250
2026-08-25 11:45:00,ATM-2,CE,370.0,393.25,22.45,22.45,22.45,22.45,0.0,0,596250
2026-08-25 11:50:00,ATM-2,CE,370.0,392.65,22.5,23.35,22.45,23.35,0.0,16875,592500
2026-08-25 11:55:00,ATM-2,CE,370.0,393.25,23.35,23.35,22.4,22.4,0.0,11250,583125
2026-08-25 12:00:00,ATM-2,CE,370.0,393.65,22.4,22.4,22.4,22.4,0.0,0,583125
2026-08-25 12:05:00,ATM-2,CE,380.0,395.6,22.4,22.4,13.6,14.95,0.0,3750,1380000
2026-08-25 12:10:00,ATM-2,CE,380.0,395.95,14.95,15.0,14.95,15.0,0.0,3750,1374375
2026-08-25 12:15:00,ATM-2,CE,380.0,396.75,15.0,16.4,15.0,16.4,0.0,3750,1370625
2026-08-25 12:20:00,ATM-2,CE,380.0,396.15,16.4,16.4,16.4,16.4,0.0,0,1370625
2026-08-25 12:25:00,ATM-2,CE,380.0,395.9,16.4,16.4,16.4,16.4,0.0,0,1370625
2026-08-25 12:30:00,ATM-2,CE,380.0,395.65,16.4,16.4,16.4,16.4,0.0,0,1370625
2026-08-25 12:35:00,ATM-2,CE,380.0,395.55,16.4,16.4,16.4,16.4,0.0,0,1370625
2026-08-25 12:40:00,ATM-2,CE,380.0,395.05,16.4,16.4,16.4,16.4,0.0,0,1370625
2026-08-25 12:45:00,ATM-2,CE,370.0,394.8,26.5,26.5,26.5,26.5,0.0,0,577500
2026-08-25 12:50:00,ATM-2,CE,370.0,394.8,26.5,26.5,26.5,26.5,0.0,0,577500
2026-08-25 12:55:00,ATM-2,CE,380.0,395.05,26.5,26.5,15.35,15.45,0.0,5625,1359375
2026-08-25 13:00:00,ATM-2,CE,370.0,394.3,15.35,26.5,15.35,26.5,0.0,1875,577500
2026-08-25 13:05:00,ATM-2,CE,370.0,393.95,26.5,26.5,26.5,26.5,0.0,0,577500
2026-08-25 13:10:00,ATM-2,CE,370.0,394.0,26.5,26.5,26.5,26.5,0.0,0,577500
2026-08-25 13:15:00,ATM-2,CE,370.0,394.9,26.5,26.5,24.25,24.25,0.0,1875,571875
2026-08-25 13:20:00,ATM-2,CE,370.0,393.85,24.25,24.25,24.25,24.25,0.0,0,571875
2026-08-25 13:25:00,ATM-2,CE,370.0,394.1,24.25,24.25,24.25,24.25,0.0,0,571875
2026-08-25 13:30:00,ATM-2,CE,370.0,394.6,24.25,24.5,24.25,24.5,0.0,1875,571875
2026-08-25 13:35:00,ATM-2,CE,370.0,394.5,24.5,24.5,24.5,24.5,0.0,0,571875
2026-08-25 13:40:00,ATM-2,CE,370.0,394.4,24.5,24.5,24.5,24.5,0.0,1875,570000
2026-08-25 13:45:00,ATM-2,CE,370.0,394.2,24.5,24.5,24.5,24.5,0.0,0,570000
2026-08-25 13:50:00,ATM-2,CE,370.0,394.75,24.5,24.5,24.5,24.5,0.0,0,570000
2026-08-25 13:55:00,ATM-2,CE,370.0,394.6,24.5,24.5,24.5,24.5,0.0,0,570000
2026-08-25 14:00:00,ATM-2,CE,370.0,394.3,24.5,24.95,24.5,24.95,0.0,3750,570000
2026-08-25 14:05:00,ATM-2,CE,370.0,394.25,24.95,24.95,24.95,24.95,0.0,0,570000
2026-08-25 14:10:00,ATM-2,CE,370.0,393.75,24.95,24.95,24.0,24.0,0.0,1875,566250
2026-08-25 14:15:00,ATM-2,CE,370.0,394.05,24.0,24.0,24.0,24.0,0.0,0,566250
2026-08-25 14:20:00,ATM-2,CE,370.0,393.75,24.0,24.0,24.0,24.0,0.0,0,566250
2026-08-25 14:25:00,ATM-2,CE,370.0,394.1,24.0,24.0,24.0,24.0,0.0,0,566250
2026-08-25 14:30:00,ATM-2,CE,370.0,393.9,24.0,24.0,24.0,24.0,0.0,0,566250
2026-08-25 14:35:00,ATM-2,CE,370.0,394.3,24.0,24.0,24.0,24.0,0.0,0,566250
2026-08-25 14:40:00,ATM-2,CE,370.0,395.0,24.0,24.0,14.9,24.0,0.0,0,566250
2026-08-25 14:45:00,ATM-2,CE,380.0,395.35,14.9,14.9,14.9,14.9,0.0,0,1318125
2026-08-25 14:50:00,ATM-2,CE,380.0,395.35,14.9,14.9,14.9,14.9,0.0,0,1318125
2026-08-25 14:55:00,ATM-2,CE,380.0,395.1,14.9,24.8,14.4,14.4,0.0,0,1318125
2026-08-25 15:00:00,ATM-2,CE,370.0,394.95,24.8,24.8,24.6,24.8,0.0,9375,562500
2026-08-25 15:05:00,ATM-2,CE,370.0,395.0,24.8,24.8,13.95,24.8,0.0,0,562500
2026-08-25 15:10:00,ATM-2,CE,380.0,395.95,15.4,24.8,15.4,15.4,0.0,0,1314375
2026-08-25 15:15:00,ATM-2,CE,380.0,395.95,15.4,17.55,15.4,17.55,0.0,1875,1312500
2026-08-25 15:20:00,ATM-2,CE,380.0,395.95,17.55,17.55,17.55,17.55,0.0,0,1312500
2026-08-25 15:25:00,ATM-2,CE,380.0,397.8,17.55,17.55,17.55,17.55,0.0,0,1312500
2026-08-25 15:30:00,ATM-2,CE,380.0,397.8,17.55,17.55,17.55,17.55,0.0,0,1312500
2026-08-25 15:35:00,ATM-2,CE,380.0,397.8,17.55,17.55,17.55,17.55,0.0,0,1312500
2026-08-20 09:15:00,ATM-2,PE,370.0,393.45,0.7,0.75,0.6,0.75,39.114243,315000,2135625
2026-08-20 09:20:00,ATM-2,PE,370.0,388.25,0.8,1.1,0.75,1.05,36.29914,337500,2137500
2026-08-20 09:25:00,ATM-2,PE,370.0,388.9,1.1,1.15,1.0,1.05,37.150565,307500,2139375
2026-08-20 09:30:00,ATM-2,PE,370.0,388.0,1.1,1.2,1.05,1.1,36.517012,348750,2133750
2026-08-20 09:35:00,ATM-2,PE,370.0,387.85,1.15,1.15,1.05,1.15,36.840895,69375,2135625
2026-08-20 09:40:00,ATM-2,PE,370.0,387.35,1.15,1.2,1.15,1.15,36.187936,75000,2131875
2026-08-20 09:45:00,ATM-2,PE,370.0,387.1,1.15,1.2,1.1,1.2,36.359385,168750,2105625
2026-08-20 09:50:00,ATM-2,PE,370.0,387.55,1.2,1.2,1.1,1.2,36.97599,80625,2113125
2026-08-20 09:55:00,ATM-2,PE,370.0,387.8,1.2,1.2,1.1,1.1,36.311863,43125,2116875
2026-08-20 10:00:00,ATM-2,PE,370.0,388.2,1.1,1.1,1.1,1.1,36.849226,0,2126250
2026-08-20 10:05:00,ATM-2,PE,370.0,388.5,1.0,1.1,0.85,0.9,35.085839,73125,2122500
2026-08-20 10:10:00,ATM-2,PE,370.0,389.65,0.9,0.9,0.85,0.85,35.955839,35625,2118750
2026-08-20 10:15:00,ATM-2,PE,370.0,389.15,0.85,0.85,0.85,0.85,35.347291,31875,2122500
2026-08-20 10:20:00,ATM-2,PE,370.0,389.65,0.85,0.9,0.85,0.85,35.978817,18750,2109375
2026-08-20 10:25:00,ATM-2,PE,370.0,388.85,0.85,0.95,0.85,0.9,35.572667,80625,2109375
2026-08-20 10:30:00,ATM-2,PE,370.0,389.7,0.9,0.9,0.8,0.8,35.461871,15000,2118750
2026-08-20 10:35:00,ATM-2,PE,370.0,390.5,0.8,0.85,0.75,0.75,35.820661,46875,2141250
2026-08-20 10:40:00,ATM-2,PE,370.0,390.55,0.75,0.75,0.7,0.75,35.89228,16875,2135625
2026-08-20 10:45:00,ATM-2,PE,370.0,390.45,0.75,0.75,0.7,0.75,35.783471,15000,2143125
2026-08-20 10:50:00,ATM-2,PE,370.0,388.8,0.75,0.9,0.75,0.9,35.566494,18750,2143125
2026-08-20 10:55:00,ATM-2,PE,370.0,389.2,0.85,0.9,0.8,0.8,34.903491,146250,2143125
2026-08-20 11:00:00,ATM-2,PE,370.0,388.75,0.8,0.85,0.8,0.85,34.949215,65625,2115000
2026-08-20 11:05:00,ATM-2,PE,370.0,390.5,0.85,0.85,0.8,0.8,36.519707,230625,2135625
2026-08-20 11:10:00,ATM-2,PE,370.0,390.4,0.75,0.85,0.75,0.85,37.021473,78750,2122500
2026-08-20 11:15:00,ATM-2,PE,370.0,389.65,0.9,0.9,0.85,0.9,36.694043,50625,2122500
2026-08-20 11:20:00,ATM-2,PE,370.0,389.5,0.9,0.9,0.9,0.9,36.51766,0,2122500
2026-08-20 11:25:00,ATM-2,PE,370.0,389.5,0.9,0.9,0.9,0.9,36.529438,0,2122500
2026-08-20 11:30:00,ATM-2,PE,370.0,389.75,0.9,0.9,0.9,0.9,36.854942,0,2122500
2026-08-20 11:35:00,ATM-2,PE,370.0,389.4,0.9,0.9,0.85,0.85,35.841396,43125,2124375
2026-08-20 11:40:00,ATM-2,PE,370.0,389.3,0.85,0.85,0.85,0.85,35.728188,0,2124375
2026-08-20 11:45:00,ATM-2,PE,370.0,389.2,0.85,0.85,0.85,0.85,35.614762,0,2124375
2026-08-20 11:50:00,ATM-2,PE,370.0,389.2,0.85,0.85,0.85,0.85,35.626284,0,2124375
2026-08-20 11:55:00,ATM-2,PE,370.0,389.5,0.85,0.9,0.85,0.85,36.012553,31875,2124375
2026-08-20 12:00:00,ATM-2,PE,370.0,389.35,0.85,0.85,0.85,0.85,35.836949,26250,2115000
2026-08-20 12:05:00,ATM-2,PE,370.0,389.0,0.85,0.9,0.85,0.9,35.992494,1875,2113125
2026-08-20 12:10:00,ATM-2,PE,370.0,389.45,0.9,0.9,0.85,0.85,35.985164,5625,2109375
2026-08-20 12:15:00,ATM-2,PE,370.0,389.9,0.85,0.85,0.75,0.75,35.323994,61875,2090625
2026-08-20 12:20:00,ATM-2,PE,370.0,389.4,0.75,0.8,0.75,0.8,35.343488,24375,2081250
2026-08-20 12:25:00,ATM-2,PE,370.0,389.2,0.8,0.8,0.8,0.8,35.106946,7500,2073750
2026-08-20 12:30:00,ATM-2,PE,370.0,389.2,0.8,0.8,0.8,0.8,35.118356,0,2073750
2026-08-20 12:35:00,ATM-2,PE,370.0,389.0,0.8,0.8,0.8,0.8,34.881018,0,2066250
2026-08-20 12:40:00,ATM-2,PE,370.0,388.65,0.8,0.8,0.8,0.8,34.455525,0,2066250
2026-08-20 12:45:00,ATM-2,PE,370.0,388.8,0.8,0.8,0.8,0.8,34.654238,0,2066250
2026-08-20 12:50:00,ATM-2,PE,370.0,388.0,0.9,0.95,0.8,0.95,35.378954,116250,2062500
2026-08-20 12:55:00,ATM-2,PE,370.0,387.7,0.95,0.95,0.95,0.95,35.000425,22500,2064375
2026-08-20 13:00:00,ATM-2,PE,370.0,387.6,0.95,0.95,0.9,0.9,34.326604,1875,2086875
2026-08-20 13:05:00,ATM-2,PE,370.0,387.65,0.95,0.95,0.9,0.95,34.958056,7500,2085000
2026-08-20 13:10:00,ATM-2,PE,370.0,387.8,0.95,0.95,0.95,0.95,35.164985,0,2086875
2026-08-20 13:15:00,ATM-2,PE,370.0,388.15,0.95,0.95,0.85,0.85,34.494814,9375,2081250
2026-08-20 13:20:00,ATM-2,PE,370.0,388.05,0.85,0.9,0.85,0.9,34.952436,26250,2079375
2026-08-20 13:25:00,ATM-2,PE,370.0,387.65,0.9,0.95,0.9,0.9,34.44739,5625,2085000
2026-08-20 13:30:00,ATM-2,PE,370.0,387.65,0.85,0.95,0.85,0.95,35.015201,18750,2077500
2026-08-20 13:35:00,ATM-2,PE,370.0,387.4,0.95,0.95,0.95,0.95,34.699422,0,2077500
2026-08-20 13:40:00,ATM-2,PE,370.0,387.2,0.95,1.0,0.95,1.0,34.988288,9375,2079375
2026-08-20 13:45:00,ATM-2,PE,370.0,387.05,1.0,1.0,0.95,0.95,34.261976,5625,2081250
2026-08-20 13:50:00,ATM-2,PE,370.0,386.75,0.95,1.0,0.95,0.95,33.876996,16875,2083125
2026-08-20 13:55:00,ATM-2,PE,370.0,387.05,0.95,1.0,0.95,1.0,34.823397,22500,2098125
2026-08-20 14:00:00,ATM-2,PE,370.0,387.35,1.0,1.0,0.9,0.9,34.136554,54375,2098125
2026-08-20 14:05:00,ATM-2,PE,370.0,387.45,0.9,0.9,0.9,0.9,34.27796,0,2107500
2026-08-20 14:10:00,ATM-2,PE,370.0,387.1,0.9,0.9,0.85,0.85,33.268589,5625,2107500
2026-08-20 14:15:00,ATM-2,PE,370.0,387.55,0.85,0.85,0.85,0.85,33.860801,0,2105625
2026-08-20 14:20:00,ATM-2,PE,370.0,387.4,0.85,0.85,0.85,0.85,33.678486,0,2105625
2026-08-20 14:25:00,ATM-2,PE,370.0,387.7,0.8,0.85,0.8,0.85,34.076294,80625,2066250
2026-08-20 14:30:00,ATM-2,PE,370.0,387.15,0.85,0.85,0.85,0.85,33.377218,5625,2070000
2026-08-20 14:35:00,ATM-2,PE,370.0,387.05,0.85,0.85,0.85,0.85,33.258505,0,2070000
2026-08-20 14:40:00,ATM-2,PE,370.0,387.15,0.85,0.85,0.85,0.85,33.399234,0,2070000
2026-08-20 14:45:00,ATM-2,PE,370.0,387.1,0.85,0.95,0.85,0.9,33.910806,15000,2077500
2026-08-20 14:50:00,ATM-2,PE,370.0,387.0,0.9,0.95,0.9,0.95,34.342659,5625,2079375
2026-08-20 14:55:00,ATM-2,PE,370.0,387.0,0.95,0.95,0.9,0.9,33.802013,41250,2066250
2026-08-20 15:00:00,ATM-2,PE,370.0,386.35,0.9,1.0,0.9,1.0,34.033441,3750,2088750
2026-08-20 15:05:00,ATM-2,PE,370.0,385.9,1.0,1.1,1.0,1.1,34.462796,58125,2100000
2026-08-20 15:10:00,ATM-2,PE,370.0,385.6,1.0,1.1,1.0,1.05,33.553739,114375,2145000
2026-08-20 15:15:00,ATM-2,PE,370.0,385.6,1.05,1.05,1.0,1.0,33.049859,16875,2137500
2026-08-20 15:20:00,ATM-2,PE,370.0,385.6,1.0,1.1,1.0,1.1,34.081982,20625,2124375
2026-08-20 15:25:00,ATM-2,PE,370.0,385.6,1.1,1.1,1.1,1.1,34.093283,13125,2126250
2026-08-20 15:30:00,ATM-2,PE,370.0,385.6,1.15,1.2,1.1,1.2,35.092628,86250,2135625
2026-08-20 15:35:00,ATM-2,PE,370.0,385.6,1.2,1.25,1.1,1.2,35.104282,76875,2182500
2026-08-21 09:15:00,ATM-2,PE,370.0,390.05,0.95,1.0,0.6,0.6,36.656302,106875,2161875
2026-08-21 09:20:00,ATM-2,PE,370.0,388.4,0.55,0.65,0.55,0.65,35.252235,112500,2167500
2026-08-21 09:25:00,ATM-2,PE,370.0,391.9,0.6,0.65,0.45,0.45,36.475386,90000,2210625
2026-08-21 09:30:00,ATM-2,PE,370.0,391.05,0.45,0.5,0.45,0.5,36.337631,69375,2248125
2026-08-21 09:35:00,ATM-2,PE,370.0,391.5,0.45,0.5,0.45,0.45,36.017357,33750,2250000
2026-08-21 09:40:00,ATM-2,PE,370.0,392.8,0.45,0.45,0.4,0.4,36.6359,54375,2229375
2026-08-21 09:45:00,ATM-2,PE,370.0,391.4,0.4,0.45,0.4,0.45,35.923779,7500,2235000
2026-08-21 09:50:00,ATM-2,PE,370.0,392.9,0.45,0.45,0.45,0.45,37.758404,50625,2235000
2026-08-21 09:55:00,ATM-2,PE,370.0,394.0,0.45,0.45,0.35,0.4,38.095598,90000,2238750
2026-08-21 10:00:00,ATM-2,PE,370.0,392.35,0.4,0.5,0.4,0.5,38.034735,178125,2236875
2026-08-21 10:05:00,ATM-2,PE,370.0,392.45,0.5,0.5,0.45,0.45,37.2594,22500,2236875
2026-08-21 10:10:00,ATM-2,PE,370.0,392.3,0.45,0.45,0.4,0.4,36.128114,35625,2212500
2026-08-21 10:15:00,ATM-2,PE,370.0,392.5,0.4,0.45,0.4,0.45,37.349722,20625,2214375
2026-08-21 10:20:00,ATM-2,PE,370.0,391.6,0.45,0.45,0.45,0.45,36.268687,0,2216250
2026-08-21 10:25:00,ATM-2,PE,370.0,394.15,0.45,0.45,0.45,0.45,39.366165,61875,2190000
2026-08-21 10:30:00,ATM-2,PE,370.0,393.25,0.45,0.45,0.4,0.45,38.301546,33750,2206875
2026-08-21 10:35:00,ATM-2,PE,370.0,394.0,0.45,0.45,0.45,0.45,39.218182,1875,2206875
2026-08-21 10:40:00,ATM-2,PE,370.0,393.1,0.45,0.45,0.4,0.4,37.168291,13125,2206875
2026-08-21 10:45:00,ATM-2,PE,370.0,392.8,0.4,0.4,0.4,0.4,36.826287,3750,2197500
2026-08-21 10:50:00,ATM-2,PE,370.0,392.45,0.4,0.4,0.4,0.4,36.423272,1875,2197500
2026-08-21 10:55:00,ATM-2,PE,370.0,392.55,0.4,0.4,0.4,0.4,36.557449,0,2197500
2026-08-21 11:00:00,ATM-2,PE,370.0,392.4,0.4,0.4,0.4,0.4,36.392693,1875,2197500
2026-08-21 11:05:00,ATM-2,PE,370.0,392.65,0.4,0.4,0.4,0.4,36.706387,1875,2195625
2026-08-21 11:10:00,ATM-2,PE,370.0,392.55,0.4,0.4,0.4,0.4,36.601563,0,2195625
2026-08-21 11:15:00,ATM-2,PE,370.0,392.1,0.4,0.4,0.4,0.4,36.076546,0,2195625
2026-08-21 11:20:00,ATM-2,PE,370.0,392.65,0.4,0.4,0.4,0.4,36.750756,0,2195625
2026-08-21 11:25:00,ATM-2,PE,370.0,392.25,0.4,0.5,0.4,0.5,38.170693,18750,2188125
2026-08-21 11:30:00,ATM-2,PE,370.0,392.3,0.5,0.5,0.45,0.45,37.331125,3750,2188125
2026-08-21 11:35:00,ATM-2,PE,370.0,391.95,0.5,0.5,0.45,0.45,36.917652,5625,2186250
2026-08-21 11:40:00,ATM-2,PE,370.0,392.45,0.45,0.45,0.45,0.45,37.544635,0,2184375
2026-08-21 11:45:00,ATM-2,PE,370.0,392.7,0.45,0.45,0.4,0.4,36.885024,15000,2184375
2026-08-21 11:50:00,ATM-2,PE,370.0,392.35,0.4,0.4,0.4,0.4,36.479698,0,2184375
2026-08-21 11:55:00,ATM-2,PE,370.0,392.2,0.4,0.4,0.4,0.4,36.313886,0,2182500
2026-08-21 12:00:00,ATM-2,PE,370.0,392.25,0.4,0.4,0.4,0.4,36.388871,0,2182500
2026-08-21 12:05:00,ATM-2,PE,370.0,392.4,0.4,0.4,0.4,0.4,36.584328,0,2182500
2026-08-21 12:10:00,ATM-2,PE,370.0,392.25,0.4,0.4,0.4,0.4,36.41845,0,2182500
2026-08-21 12:15:00,ATM-2,PE,370.0,392.25,0.4,0.4,0.4,0.4,36.433266,0,2182500
2026-08-21 12:20:00,ATM-2,PE,370.0,392.6,0.4,0.4,0.4,0.4,36.869829,5625,2184375
2026-08-21 12:25:00,ATM-2,PE,370.0,392.4,0.4,0.4,0.4,0.4,36.643931,11250,2180625
2026-08-21 12:30:00,ATM-2,PE,370.0,392.5,0.4,0.4,0.4,0.4,36.779446,0,2180625
2026-08-21 12:35:00,ATM-2,PE,370.0,392.45,0.4,0.4,0.4,0.4,36.734168,1875,2180625
2026-08-21 12:40:00,ATM-2,PE,370.0,392.6,0.4,0.4,0.4,0.4,36.930064,7500,2178750
2026-08-21 12:45:00,ATM-2,PE,370.0,393.55,0.4,0.4,0.4,0.4,38.085534,7500,2175000
2026-08-21 12:50:00,ATM-2,PE,370.0,393.5,0.4,0.45,0.4,0.45,39.04294,20625,2182500
2026-08-21 12:55:00,ATM-2,PE,370.0,393.45,0.4,0.45,0.4,0.4,37.997086,1875,2182500
2026-08-21 13:00:00,ATM-2,PE,370.0,393.85,0.4,0.45,0.4,0.4,38.490995,33750,2182500
2026-08-21 13:05:00,ATM-2,PE,370.0,394.25,0.4,0.4,0.35,0.35,37.896025,86250,2191875
2026-08-21 13:10:00,ATM-2,PE,380.0,395.45,0.35,0.8,0.35,0.8,32.930433,91875,1910625
2026-08-21 13:15:00,ATM-2,PE,380.0,396.8,0.8,0.8,0.75,0.75,34.207686,105000,1914375
2026-08-21 13:20:00,ATM-2,PE,380.0,396.2,0.8,0.85,0.75,0.75,33.389745,172500,1950000
2026-08-21 13:25:00,ATM-2,PE,380.0,396.5,0.75,0.8,0.75,0.75,33.820309,52500,1940625
2026-08-21 13:30:00,ATM-2,PE,380.0,396.2,0.75,0.85,0.75,0.75,33.417033,352500,1901250
2026-08-21 13:35:00,ATM-2,PE,380.0,396.15,0.8,0.8,0.75,0.75,33.360998,82500,1944375
2026-08-21 13:40:00,ATM-2,PE,380.0,396.7,0.75,0.75,0.75,0.75,34.139286,24375,1944375
2026-08-21 13:45:00,ATM-2,PE,380.0,396.5,0.75,0.8,0.75,0.8,34.50938,33750,1931250
2026-08-21 13:50:00,ATM-2,PE,380.0,396.5,0.8,0.8,0.75,0.75,33.88965,13125,1929375
2026-08-21 13:55:00,ATM-2,PE,380.0,396.6,0.75,0.75,0.7,0.7,33.388703,18750,1927500
2026-08-21 14:00:00,ATM-2,PE,380.0,396.9,0.7,0.75,0.7,0.75,34.472624,187500,1824375
2026-08-21 14:05:00,ATM-2,PE,380.0,396.3,0.75,0.75,0.75,0.75,33.652734,3750,1811250
2026-08-21 14:10:00,ATM-2,PE,380.0,396.95,0.75,0.75,0.7,0.75,34.570285,26250,1807500
2026-08-21 14:15:00,ATM-2,PE,380.0,396.9,0.7,0.75,0.65,0.65,33.175307,67500,1768125
2026-08-21 14:20:00,ATM-2,PE,380.0,397.0,0.75,0.75,0.65,0.7,34.006665,43125,1794375
2026-08-21 14:25:00,ATM-2,PE,380.0,396.8,0.7,0.75,0.7,0.75,34.404967,35625,1779375
2026-08-21 14:30:00,ATM-2,PE,380.0,396.55,0.7,0.75,0.7,0.7,33.416264,11250,1783125
2026-08-21 14:35:00,ATM-2,PE,380.0,396.6,0.7,0.75,0.7,0.7,33.499017,5625,1781250
2026-08-21 14:40:00,ATM-2,PE,380.0,396.65,0.7,0.75,0.7,0.75,34.238893,5625,1775625
2026-08-21 14:45:00,ATM-2,PE,380.0,396.55,0.7,0.75,0.7,0.7,33.457782,39375,1781250
2026-08-21 14:50:00,ATM-2,PE,380.0,396.65,0.7,0.75,0.7,0.7,33.609651,60000,1779375
2026-08-21 14:55:00,ATM-2,PE,380.0,396.25,0.7,0.75,0.7,0.75,33.722004,9375,1773750
2026-08-21 15:00:00,ATM-2,PE,380.0,396.3,0.7,0.75,0.7,0.7,33.15343,73125,1800000
2026-08-21 15:05:00,ATM-2,PE,380.0,396.45,0.7,0.7,0.7,0.7,33.375054,131250,1807500
2026-08-21 15:10:00,ATM-2,PE,380.0,396.3,0.7,0.7,0.65,0.65,32.507406,56250,1798125
2026-08-21 15:15:00,ATM-2,PE,380.0,396.3,0.65,0.7,0.65,0.7,33.194831,11250,1798125
2026-08-21 15:20:00,ATM-2,PE,380.0,396.3,0.7,0.7,0.65,0.7,33.208663,20625,1801875
2026-08-21 15:25:00,ATM-2,PE,370.0,394.45,0.7,0.7,0.35,0.35,38.576605,54375,2338125
2026-08-21 15:30:00,ATM-2,PE,370.0,394.45,0.35,0.4,0.35,0.4,39.69832,20625,2338125
2026-08-21 15:35:00,ATM-2,PE,370.0,394.45,0.35,0.4,0.3,0.35,38.609178,76875,2362500
2026-08-24 09:15:00,ATM-2,PE,380.0,400.1,0.7,0.7,0.25,0.25,53.314758,346875,1689375
2026-08-24 09:20:00,ATM-2,PE,380.0,399.0,0.3,0.3,0.25,0.25,51.13049,80625,1586250
2026-08-24 09:25:00,ATM-2,PE,380.0,399.45,0.3,0.3,0.25,0.3,54.13839,24375,1590000
2026-08-24 09:30:00,ATM-2,PE,380.0,398.2,0.3,0.3,0.3,0.3,51.555077,28125,1593750
2026-08-24 09:35:00,ATM-2,PE,380.0,398.3,0.25,0.3,0.25,0.25,49.88544,80625,1565625
2026-08-24 09:40:00,ATM-2,PE,380.0,399.6,0.2,0.25,0.2,0.25,52.652231,75000,1558125
2026-08-24 09:45:00,ATM-2,PE,380.0,400.55,0.25,0.25,0.2,0.2,52.352504,5625,1561875
2026-08-24 09:50:00,ATM-2,PE,380.0,399.0,0.2,0.25,0.2,0.25,51.553519,15000,1552500
2026-08-24 09:55:00,ATM-2,PE,380.0,399.85,0.2,0.25,0.2,0.2,51.099198,45000,1518750
2026-08-24 10:00:00,ATM-2,PE,380.0,399.25,0.25,0.25,0.2,0.25,52.2178,24375,1518750
2026-08-24 10:05:00,ATM-2,PE,380.0,399.8,0.25,0.25,0.25,0.25,53.43371,43125,1524375
2026-08-24 10:10:00,ATM-2,PE,380.0,399.8,0.25,0.25,0.25,0.25,53.508558,120000,1550625
2026-08-24 10:15:00,ATM-2,PE,380.0,400.45,0.25,0.25,0.25,0.25,54.930495,3750,1571250
2026-08-24 10:20:00,ATM-2,PE,380.0,400.7,0.25,0.25,0.25,0.25,55.524444,26250,1560000
2026-08-24 10:25:00,ATM-2,PE,380.0,400.7,0.2,0.25,0.15,0.15,50.513188,95625,1530000
2026-08-24 10:30:00,ATM-2,PE,380.0,400.75,0.15,0.15,0.15,0.15,50.681531,1875,1522500
2026-08-24 10:35:00,ATM-2,PE,380.0,400.45,0.15,0.2,0.15,0.2,52.890052,31875,1522500
2026-08-24 10:40:00,ATM-2,PE,380.0,401.1,0.2,0.2,0.15,0.15,51.504043,22500,1530000
2026-08-24 10:45:00,ATM-2,PE,380.0,402.3,0.2,0.2,0.15,0.2,56.751236,13125,1543125
2026-08-24 10:50:00,ATM-2,PE,380.0,402.25,0.2,0.2,0.15,0.15,53.872043,13125,1546875
2026-08-24 10:55:00,ATM-2,PE,380.0,401.25,0.2,0.2,0.15,0.15,52.017161,106875,1606875
2026-08-24 11:00:00,ATM-2,PE,380.0,401.65,0.15,0.2,0.15,0.2,55.694295,18750,1606875
2026-08-24 11:05:00,ATM-2,PE,380.0,402.05,0.2,0.2,0.15,0.2,56.578283,22500,1597500
2026-08-24 11:10:00,ATM-2,PE,380.0,401.4,0.2,0.2,0.2,0.2,55.351452,0,1597500
2026-08-24 11:15:00,ATM-2,PE,380.0,401.45,0.2,0.2,0.2,0.2,55.533137,0,1595625
2026-08-24 11:20:00,ATM-2,PE,380.0,401.35,0.2,0.2,0.15,0.15,52.591001,15000,1588125
2026-08-24 11:25:00,ATM-2,PE,380.0,401.35,0.15,0.15,0.15,0.15,52.667986,1875,1590000
2026-08-24 11:30:00,ATM-2,PE,380.0,400.7,0.15,0.2,0.15,0.2,54.249295,7500,1591875
2026-08-24 11:35:00,ATM-2,PE,380.0,400.65,0.2,0.2,0.2,0.2,54.226801,5625,1582500
2026-08-24 11:40:00,ATM-2,PE,380.0,401.15,0.2,0.2,0.2,0.2,55.330261,1875,1578750
2026-08-24 11:45:00,ATM-2,PE,380.0,402.0,0.15,0.2,0.15,0.15,54.25492,80625,1537500
2026-08-24 11:50:00,ATM-2,PE,380.0,401.15,0.15,0.15,0.15,0.15,52.663633,0,1537500
2026-08-24 11:55:00,ATM-2,PE,380.0,401.1,0.2,0.2,0.15,0.2,55.474729,7500,1500000
2026-08-24 12:00:00,ATM-2,PE,380.0,401.6,0.2,0.2,0.2,0.2,56.583035,0,1500000
2026-08-24 12:05:00,ATM-2,PE,380.0,401.4,0.2,0.2,0.15,0.15,53.395413,39375,1479375
2026-08-24 12:10:00,ATM-2,PE,380.0,403.3,0.15,0.15,0.15,0.15,57.211482,11250,1458750
2026-08-24 12:15:00,ATM-2,PE,380.0,402.9,0.15,0.15,0.15,0.15,56.51502,11250,1453125
2026-08-24 12:20:00,ATM-2,PE,380.0,403.0,0.15,0.2,0.15,0.2,59.789828,46875,1428750
2026-08-24 12:25:00,ATM-2,PE,380.0,402.85,0.1,0.2,0.1,0.1,52.918895,48750,1425000
2026-08-24 12:30:00,ATM-2,PE,380.0,402.75,0.15,0.15,0.1,0.1,52.811755,7500,1428750
2026-08-24 12:35:00,ATM-2,PE,380.0,403.5,0.1,0.15,0.1,0.15,58.040278,7500,1428750
2026-08-24 12:40:00,ATM-2,PE,380.0,403.65,0.15,0.15,0.1,0.15,58.424014,9375,1434375
2026-08-24 12:45:00,ATM-2,PE,380.0,404.4,0.15,0.15,0.15,0.15,59.984473,11250,1436250
2026-08-24 12:50:00,ATM-2,PE,380.0,404.65,0.15,0.15,0.15,0.15,60.566136,1875,1436250
2026-08-24 12:55:00,ATM-2,PE,380.0,404.9,0.15,0.15,0.15,0.15,61.148866,5625,1440000
2026-08-24 13:00:00,ATM-2,PE,380.0,404.35,0.15,0.15,0.1,0.1,56.315976,9375,1447500
2026-08-24 13:05:00,ATM-2,PE,380.0,404.4,0.1,0.1,0.1,0.1,56.497502,0,1447500
2026-08-24 13:10:00,ATM-2,PE,380.0,403.75,0.1,0.15,0.1,0.15,59.167807,18750,1447500
2026-08-24 13:15:00,ATM-2,PE,380.0,403.8,0.15,0.15,0.1,0.1,55.543554,69375,1447500
2026-08-24 13:20:00,ATM-2,PE,380.0,403.25,0.1,0.1,0.1,0.1,54.58807,0,1447500
2026-08-24 13:25:00,ATM-2,PE,380.0,403.25,0.1,0.1,0.1,0.1,54.674199,0,1453125
2026-08-24 13:30:00,ATM-2,PE,380.0,402.55,0.1,0.15,0.1,0.15,57.138362,22500,1455000
2026-08-24 13:35:00,ATM-2,PE,380.0,402.55,0.15,0.15,0.15,0.15,57.22907,1875,1455000
2026-08-24 13:40:00,ATM-2,PE,380.0,402.7,0.15,0.15,0.15,0.15,57.622856,0,1455000
2026-08-24 13:45:00,ATM-2,PE,380.0,404.0,0.15,0.15,0.1,0.1,56.455228,13125,1460625
2026-08-24 13:50:00,ATM-2,PE,380.0,403.2,0.1,0.1,0.1,0.1,55.015157,1875,1460625
2026-08-24 13:55:00,ATM-2,PE,380.0,403.5,0.1,0.15,0.1,0.15,59.516202,22500,1447500
2026-08-24 14:00:00,ATM-2,PE,380.0,403.65,0.15,0.15,0.1,0.1,56.05748,9375,1445625
2026-08-24 14:05:00,ATM-2,PE,380.0,403.95,0.1,0.1,0.1,0.1,56.72418,16875,1447500
2026-08-24 14:10:00,ATM-2,PE,380.0,403.6,0.1,0.1,0.1,0.1,56.143164,20625,1451250
2026-08-24 14:15:00,ATM-2,PE,380.0,402.85,0.1,0.15,0.1,0.1,54.78376,28125,1466250
2026-08-24 14:20:00,ATM-2,PE,380.0,402.75,0.1,0.1,0.1,0.1,54.678915,0,1466250
2026-08-24 14:25:00,ATM-2,PE,380.0,402.65,0.1,0.1,0.1,0.1,54.573727,9375,1471875
2026-08-24 14:30:00,ATM-2,PE,380.0,402.7,0.1,0.1,0.1,0.1,54.761169,1875,1475625
2026-08-24 14:35:00,ATM-2,PE,380.0,402.3,0.1,0.1,0.1,0.1,54.068146,0,1445625
2026-08-24 14:40:00,ATM-2,PE,380.0,402.5,0.1,0.1,0.1,0.1,54.550431,285000,1421250
2026-08-24 14:45:00,ATM-2,PE,380.0,402.5,0.1,0.1,0.1,0.1,54.641137,11250,1419375
2026-08-24 14:50:00,ATM-2,PE,380.0,401.95,0.1,0.1,0.1,0.1,53.64728,0,1413750
2026-08-24 14:55:00,ATM-2,PE,380.0,402.25,0.1,0.15,0.1,0.15,58.120973,48750,1415625
2026-08-24 15:00:00,ATM-2,PE,380.0,401.75,0.1,0.15,0.1,0.15,57.177374,60000,1460625
2026-08-24 15:05:00,ATM-2,PE,380.0,400.9,0.15,0.15,0.1,0.1,51.822566,5625,1460625
2026-08-24 15:10:00,ATM-2,PE,380.0,400.5,0.1,0.1,0.1,0.1,51.105812,11250,1462500
2026-08-24 15:15:00,ATM-2,PE,380.0,400.5,0.1,0.15,0.1,0.1,51.192388,26250,1443750
2026-08-24 15:20:00,ATM-2,PE,380.0,400.5,0.1,0.15,0.1,0.1,51.279503,24375,1438125
2026-08-24 15:25:00,ATM-2,PE,380.0,403.3,0.1,0.1,0.1,0.1,56.972106,31875,1426875
2026-08-24 15:30:00,ATM-2,PE,380.0,403.3,0.1,0.1,0.1,0.1,57.069829,22500,1417500
2026-08-24 15:35:00,ATM-2,PE,380.0,403.3,0.1,0.1,0.05,0.05,51.640783,35625,1421250
2026-08-25 09:15:00,ATM-2,PE,380.0,399.4,0.05,0.1,0.05,0.05,86.049957,41250,1396875
2026-08-25 09:20:00,ATM-2,PE,380.0,397.7,0.1,0.1,0.05,0.05,80.255421,20625,1381875
2026-08-25 09:25:00,ATM-2,PE,380.0,397.55,0.05,0.1,0.05,0.05,80.224452,33750,1383750
2026-08-25 09:30:00,ATM-2,PE,380.0,398.3,0.1,0.1,0.05,0.05,83.632217,15000,1381875
2026-08-25 09:35:00,ATM-2,PE,380.0,397.1,0.05,0.1,0.05,0.1,88.713927,15000,1381875
2026-08-25 09:40:00,ATM-2,PE,380.0,397.95,0.1,0.1,0.1,0.1,92.910165,120000,1404375
2026-08-25 09:45:00,ATM-2,PE,380.0,397.2,0.1,0.15,0.1,0.15,97.096923,76875,1359375
2026-08-25 09:50:00,ATM-2,PE,380.0,397.2,0.15,0.25,0.15,0.25,108.13713,52500,1372500
2026-08-25 09:55:00,ATM-2,PE,380.0,396.7,0.15,0.25,0.15,0.15,96.236429,33750,1378125
2026-08-25 10:00:00,ATM-2,PE,380.0,396.7,0.15,0.15,0.1,0.1,90.213519,63750,1381875
2026-08-25 10:05:00,ATM-2,PE,380.0,396.5,0.15,0.15,0.1,0.1,90.012288,33750,1372500
2026-08-25 10:10:00,ATM-2,PE,380.0,396.2,0.1,0.1,0.1,0.1,89.366099,78750,1376250
2026-08-25 10:15:00,ATM-2,PE,380.0,396.0,0.1,0.1,0.1,0.1,89.160827,15000,1415625
2026-08-25 10:20:00,ATM-2,PE,370.0,394.7,0.1,0.15,0.05,0.05,0.0,11250,1323750
2026-08-25 10:25:00,ATM-2,PE,370.0,394.9,0.05,0.15,0.05,0.05,0.0,118125,1321875
2026-08-25 10:30:00,ATM-2,PE,370.0,394.5,0.05,0.05,0.05,0.05,0.0,0,1321875
2026-08-25 10:35:00,ATM-2,PE,370.0,394.15,0.05,0.05,0.05,0.05,0.0,0,1321875
2026-08-25 10:40:00,ATM-2,PE,370.0,393.15,0.05,0.05,0.05,0.05,0.0,61875,1314375
2026-08-25 10:45:00,ATM-2,PE,370.0,393.4,0.05,0.05,0.05,0.05,0.0,71250,1186875
2026-08-25 10:50:00,ATM-2,PE,370.0,392.95,0.05,0.05,0.05,0.05,0.0,0,1186875
2026-08-25 10:55:00,ATM-2,PE,370.0,393.3,0.05,0.05,0.05,0.05,0.0,0,1183125
2026-08-25 11:00:00,ATM-2,PE,370.0,393.0,0.05,0.05,0.05,0.05,0.0,5625,1183125
2026-08-25 11:05:00,ATM-2,PE,370.0,393.5,0.05,0.05,0.05,0.05,0.0,0,1183125
2026-08-25 11:10:00,ATM-2,PE,370.0,392.95,0.05,0.1,0.05,0.1,0.0,73125,1185000
2026-08-25 11:15:00,ATM-2,PE,370.0,392.5,0.1,0.1,0.05,0.05,0.0,9375,1183125
2026-08-25 11:20:00,ATM-2,PE,370.0,392.4,0.05,0.05,0.05,0.05,0.0,26250,1156875
2026-08-25 11:25:00,ATM-2,PE,370.0,392.75,0.1,0.1,0.05,0.1,0.0,26250,1141875
2026-08-25 11:30:00,ATM-2,PE,370.0,392.8,0.1,0.1,0.1,0.1,0.0,7500,1125000
2026-08-25 11:35:00,ATM-2,PE,370.0,393.2,0.1,0.1,0.1,0.1,0.0,0,1125000
2026-08-25 11:40:00,ATM-2,PE,370.0,393.1,0.1,0.1,0.1,0.1,0.0,0,1125000
2026-08-25 11:45:00,ATM-2,PE,370.0,393.25,0.1,0.1,0.05,0.05,0.0,3750,1125000
2026-08-25 11:50:00,ATM-2,PE,370.0,392.65,0.05,0.05,0.05,0.05,0.0,0,1125000
2026-08-25 11:55:00,ATM-2,PE,370.0,393.25,0.05,0.05,0.05,0.05,0.0,0,1125000
2026-08-25 12:00:00,ATM-2,PE,370.0,393.65,0.05,0.05,0.05,0.05,0.0,0,1125000
2026-08-25 12:05:00,ATM-2,PE,380.0,395.6,0.05,0.15,0.05,0.15,0.0,3750,1095000
2026-08-25 12:10:00,ATM-2,PE,380.0,395.95,0.15,0.15,0.1,0.15,0.0,11250,1095000
2026-08-25 12:15:00,ATM-2,PE,380.0,396.75,0.15,0.15,0.1,0.1,0.0,71250,1095000
2026-08-25 12:20:00,ATM-2,PE,380.0,396.15,0.1,0.1,0.05,0.1,0.0,75000,1087500
2026-08-25 12:25:00,ATM-2,PE,380.0,395.9,0.05,0.1,0.05,0.05,0.0,3750,1044375
2026-08-25 12:30:00,ATM-2,PE,380.0,395.65,0.05,0.05,0.05,0.05,0.0,0,1044375
2026-08-25 12:35:00,ATM-2,PE,380.0,395.55,0.05,0.05,0.05,0.05,0.0,0,1044375
2026-08-25 12:40:00,ATM-2,PE,380.0,395.05,0.05,0.05,0.05,0.05,0.0,0,1044375
2026-08-25 12:45:00,ATM-2,PE,370.0,394.8,0.05,0.05,0.05,0.05,0.0,0,1113750
2026-08-25 12:50:00,ATM-2,PE,370.0,394.8,0.05,0.05,0.05,0.05,0.0,0,1113750
2026-08-25 12:55:00,ATM-2,PE,380.0,395.05,0.05,0.15,0.05,0.1,0.0,18750,997500
2026-08-25 13:00:00,ATM-2,PE,370.0,394.3,0.1,0.1,0.05,0.05,0.0,18750,1100625
2026-08-25 13:05:00,ATM-2,PE,370.0,393.95,0.05,0.05,0.05,0.05,0.0,3750,1096875
2026-08-25 13:10:00,ATM-2,PE,370.0,394.0,0.05,0.05,0.05,0.05,0.0,0,1096875
2026-08-25 13:15:00,ATM-2,PE,370.0,394.9,0.05,0.05,0.05,0.05,0.0,1875,1095000
2026-08-25 13:20:00,ATM-2,PE,370.0,393.85,0.05,0.05,0.05,0.05,0.0,0,1095000
2026-08-25 13:25:00,ATM-2,PE,370.0,394.1,0.05,0.05,0.05,0.05,0.0,0,1095000
2026-08-25 13:30:00,ATM-2,PE,370.0,394.6,0.05,0.05,0.05,0.05,0.0,1875,1095000
2026-08-25 13:35:00,ATM-2,PE,370.0,394.5,0.05,0.05,0.05,0.05,0.0,0,1095000
2026-08-25 13:40:00,ATM-2,PE,370.0,394.4,0.05,0.05,0.05,0.05,0.0,5625,1093125
2026-08-25 13:45:00,ATM-2,PE,370.0,394.2,0.05,0.05,0.05,0.05,0.0,0,1093125
2026-08-25 13:50:00,ATM-2,PE,370.0,394.75,0.05,0.05,0.05,0.05,0.0,0,1093125
2026-08-25 13:55:00,ATM-2,PE,370.0,394.6,0.05,0.05,0.05,0.05,0.0,0,1093125
2026-08-25 14:00:00,ATM-2,PE,370.0,394.3,0.05,0.05,0.05,0.05,0.0,1875,1091250
2026-08-25 14:05:00,ATM-2,PE,370.0,394.25,0.05,0.05,0.05,0.05,0.0,0,1091250
2026-08-25 14:10:00,ATM-2,PE,370.0,393.75,0.05,0.05,0.05,0.05,0.0,1875,1089375
2026-08-25 14:15:00,ATM-2,PE,370.0,394.05,0.05,0.05,0.05,0.05,0.0,0,1089375
2026-08-25 14:20:00,ATM-2,PE,370.0,393.75,0.05,0.05,0.05,0.05,0.0,0,1089375
2026-08-25 14:25:00,ATM-2,PE,370.0,394.1,0.05,0.05,0.05,0.05,0.0,0,1089375
2026-08-25 14:30:00,ATM-2,PE,370.0,393.9,0.05,0.05,0.05,0.05,0.0,5625,1089375
2026-08-25 14:35:00,ATM-2,PE,370.0,394.3,0.05,0.05,0.05,0.05,0.0,0,1089375
2026-08-25 14:40:00,ATM-2,PE,370.0,395.0,0.05,0.1,0.05,0.05,0.0,0,1089375
2026-08-25 14:45:00,ATM-2,PE,380.0,395.35,0.1,0.1,0.1,0.1,0.0,1875,843750
2026-08-25 14:50:00,ATM-2,PE,380.0,395.35,0.1,0.1,0.1,0.1,0.0,0,843750
2026-08-25 14:55:00,ATM-2,PE,380.0,395.1,0.1,0.1,0.05,0.1,0.0,0,841875
2026-08-25 15:00:00,ATM-2,PE,370.0,394.95,0.05,0.05,0.05,0.05,0.0,5625,1085625
2026-08-25 15:05:00,ATM-2,PE,370.0,395.0,0.05,0.1,0.05,0.05,0.0,5625,1085625
2026-08-25 15:10:00,ATM-2,PE,380.0,395.95,0.1,0.1,0.05,0.1,0.0,0,819375
2026-08-25 15:15:00,ATM-2,PE,380.0,395.95,0.1,0.1,0.1,0.1,0.0,3750,815625
2026-08-25 15:20:00,ATM-2,PE,380.0,395.95,0.1,0.1,0.1,0.1,0.0,0,815625
2026-08-25 15:25:00,ATM-2,PE,380.0,397.8,0.1,0.1,0.05,0.05,0.0,1875,813750
2026-08-25 15:30:00,ATM-2,PE,380.0,397.8,0.05,0.1,0.05,0.1,0.0,9375,813750
2026-08-25 15:35:00,ATM-2,PE,380.0,397.8,0.1,0.1,0.1,0.1,0.0,0,813750
2026-08-20 09:15:00,ATM-1,CE,380.0,393.45,13.1,16.15,9.4,14.15,17.785309,455625,2212500
2026-08-20 09:20:00,ATM-1,CE,380.0,388.25,14.25,14.25,10.95,10.95,29.70751,352500,2197500
2026-08-20 09:25:00,ATM-1,CE,380.0,388.9,10.85,11.15,10.35,10.7,24.34778,136875,2227500
2026-08-20 09:30:00,ATM-1,CE,380.0,388.0,10.2,10.7,9.8,9.95,24.09172,249375,2188125
2026-08-20 09:35:00,ATM-1,CE,380.0,387.85,9.95,10.25,9.95,10.0,25.299277,20625,2201250
2026-08-20 09:40:00,ATM-1,CE,380.0,387.35,9.55,10.0,9.3,9.3,23.072403,99375,2206875
2026-08-20 09:45:00,ATM-1,CE,380.0,387.1,9.3,9.9,9.3,9.65,26.789447,155625,2253750
2026-08-20 09:50:00,ATM-1,CE,380.0,387.55,9.8,9.9,9.65,9.75,25.188201,28125,2250000
2026-08-20 09:55:00,ATM-1,CE,380.0,387.8,10.0,10.0,9.75,10.0,25.610903,31875,2242500
2026-08-20 10:00:00,ATM-1,CE,380.0,388.2,10.0,10.4,10.0,10.2,24.836207,18750,2236875
2026-08-20 10:05:00,ATM-1,CE,380.0,388.5,10.35,11.0,10.2,10.7,26.773696,54375,2242500
2026-08-20 10:10:00,ATM-1,CE,380.0,389.65,10.6,11.7,10.6,11.7,27.504529,37500,2227500
2026-08-20 10:15:00,ATM-1,CE,380.0,389.15,11.7,11.7,11.25,11.25,27.107299,24375,2221875
2026-08-20 10:20:00,ATM-1,CE,380.0,389.65,11.25,11.45,11.0,11.35,24.792346,56250,2227500
2026-08-20 10:25:00,ATM-1,CE,380.0,388.85,11.35,11.35,10.65,10.9,26.286625,30000,2225625
2026-08-20 10:30:00,ATM-1,CE,380.0,389.7,11.0,11.8,10.9,11.8,28.003317,161250,2205000
2026-08-20 10:35:00,ATM-1,CE,380.0,390.5,11.8,12.25,11.8,12.25,26.48447,65625,2186250
2026-08-20 10:40:00,ATM-1,CE,380.0,390.55,12.25,12.45,12.25,12.35,26.978197,24375,2178750
2026-08-20 10:45:00,ATM-1,CE,380.0,390.45,12.25,12.55,12.1,12.1,25.601033,28125,2176875
2026-08-20 10:50:00,ATM-1,CE,380.0,388.8,12.0,12.1,10.9,10.9,26.629725,22500,2173125
2026-08-20 10:55:00,ATM-1,CE,380.0,389.2,11.0,11.4,10.9,11.25,26.903416,95625,2085000
2026-08-20 11:00:00,ATM-1,CE,380.0,388.75,11.25,11.25,11.0,11.0,27.657973,30000,2081250
2026-08-20 11:05:00,ATM-1,CE,380.0,390.5,10.9,12.1,10.9,12.05,24.858714,45000,2077500
2026-08-20 11:10:00,ATM-1,CE,380.0,390.4,12.15,12.15,11.4,11.4,19.291369,5625,2079375
2026-08-20 11:15:00,ATM-1,CE,380.0,389.65,11.2,11.4,11.15,11.15,23.231979,7500,2081250
2026-08-20 11:20:00,ATM-1,CE,380.0,389.5,11.15,11.15,10.65,10.65,19.782419,3750,2081250
2026-08-20 11:25:00,ATM-1,CE,380.0,389.5,10.65,10.65,10.65,10.65,19.792212,0,2079375
2026-08-20 11:30:00,ATM-1,CE,380.0,389.75,10.65,10.9,10.65,10.65,17.31323,31875,2071875
2026-08-20 11:35:00,ATM-1,CE,380.0,389.4,10.9,10.9,10.65,10.65,20.658115,30000,2071875
2026-08-20 11:40:00,ATM-1,CE,380.0,389.3,10.65,10.65,10.3,10.4,19.044281,5625,2079375
2026-08-20 11:45:00,ATM-1,CE,380.0,389.2,10.4,10.5,10.4,10.5,20.87078,5625,2077500
2026-08-20 11:50:00,ATM-1,CE,380.0,389.2,10.5,10.5,10.5,10.5,20.880624,0,2077500
2026-08-20 11:55:00,ATM-1,CE,380.0,389.5,10.5,10.5,10.5,10.5,18.249356,0,2077500
2026-08-20 12:00:00,ATM-1,CE,380.0,389.35,10.5,10.65,10.5,10.65,21.10913,11250,2070000
2026-08-20 12:05:00,ATM-1,CE,380.0,389.0,10.65,10.65,10.45,10.45,21.965242,9375,2071875
2026-08-20 12:10:00,ATM-1,CE,380.0,389.45,10.5,10.6,10.45,10.6,19.813921,24375,2083125
2026-08-20 12:15:00,ATM-1,CE,380.0,389.9,10.75,11.15,10.6,11.15,21.420676,46875,2083125
2026-08-20 12:20:00,ATM-1,CE,380.0,389.4,10.9,11.15,10.6,10.6,20.263847,16875,2075625
2026-08-20 12:25:00,ATM-1,CE,380.0,389.2,10.6,10.65,10.6,10.65,22.294387,9375,2079375
2026-08-20 12:30:00,ATM-1,CE,380.0,389.2,10.65,10.65,10.5,10.5,20.959638,1875,2079375
2026-08-20 12:35:00,ATM-1,CE,380.0,389.0,10.5,10.5,10.5,10.5,22.454212,0,2079375
2026-08-20 12:40:00,ATM-1,CE,380.0,388.65,10.3,10.5,10.1,10.15,21.949734,24375,2081250
2026-08-20 12:45:00,ATM-1,CE,380.0,388.8,10.15,10.4,10.15,10.4,23.013217,3750,2079375
2026-08-20 12:50:00,ATM-1,CE,380.0,388.0,10.15,10.4,10.05,10.05,25.233773,13125,2068125
2026-08-20 12:55:00,ATM-1,CE,380.0,387.7,9.5,10.05,9.5,9.6,23.656295,30000,2077500
2026-08-20 13:00:00,ATM-1,CE,380.0,387.6,9.5,9.6,9.35,9.45,23.133735,30000,2098125
2026-08-20 13:05:00,ATM-1,CE,380.0,387.65,9.45,9.45,9.4,9.45,22.848445,15000,2092500
2026-08-20 13:10:00,ATM-1,CE,380.0,387.8,9.45,9.5,9.45,9.5,22.330153,3750,2090625
2026-08-20 13:15:00,ATM-1,CE,380.0,388.15,9.5,9.9,9.5,9.75,22.090918,7500,2092500
2026-08-20 13:20:00,ATM-1,CE,380.0,388.05,9.75,9.75,9.45,9.65,21.948015,5625,2086875
2026-08-20 13:25:00,ATM-1,CE,380.0,387.65,9.65,9.65,9.35,9.35,22.124396,11250,2088750
2026-08-20 13:30:00,ATM-1,CE,380.0,387.65,9.45,9.45,9.35,9.45,22.898058,1875,2086875
2026-08-20 13:35:00,ATM-1,CE,380.0,387.4,9.4,9.45,9.4,9.4,23.980133,16875,2075625
2026-08-20 13:40:00,ATM-1,CE,380.0,387.2,9.4,9.4,8.9,8.9,21.441503,13125,2068125
2026-08-20 13:45:00,ATM-1,CE,380.0,387.05,8.9,8.95,8.9,8.95,22.696894,11250,2060625
2026-08-20 13:50:00,ATM-1,CE,380.0,386.75,8.95,8.95,8.7,8.7,22.569932,5625,2068125
2026-08-20 13:55:00,ATM-1,CE,380.0,387.05,8.7,8.85,8.7,8.85,21.980745,18750,2062500
2026-08-20 14:00:00,ATM-1,CE,380.0,387.35,8.75,9.05,8.6,9.05,21.718234,16875,2056875
2026-08-20 14:05:00,ATM-1,CE,380.0,387.45,9.05,9.05,9.05,9.05,21.108448,0,2060625
2026-08-20 14:10:00,ATM-1,CE,380.0,387.1,9.05,9.05,9.05,9.05,23.192144,0,2060625
2026-08-20 14:15:00,ATM-1,CE,380.0,387.55,9.05,9.05,9.05,9.05,20.481404,0,2060625
2026-08-20 14:20:00,ATM-1,CE,380.0,387.4,9.0,9.05,8.95,8.95,20.662724,9375,2058750
2026-08-20 14:25:00,ATM-1,CE,380.0,387.7,8.95,9.15,8.95,9.15,20.316942,5625,2056875
2026-08-20 14:30:00,ATM-1,CE,380.0,387.15,9.25,9.25,8.95,8.95,22.210924,37500,2040000
2026-08-20 14:35:00,ATM-1,CE,380.0,387.05,8.8,8.95,8.6,8.75,21.305932,9375,2040000
2026-08-20 14:40:00,ATM-1,CE,380.0,387.15,8.75,8.75,8.75,8.75,20.704222,0,2040000
2026-08-20 14:45:00,ATM-1,CE,380.0,387.1,8.75,8.75,8.6,8.6,19.844248,37500,2013750
2026-08-20 14:50:00,ATM-1,CE,380.0,387.0,8.6,8.6,8.6,8.6,20.485856,1875,2011875
2026-08-20 14:55:00,ATM-1,CE,380.0,387.0,8.65,8.85,8.6,8.85,22.385045,7500,2015625
2026-08-20 15:00:00,ATM-1,CE,380.0,386.35,8.7,8.85,8.3,8.3,22.029649,22500,2013750
2026-08-20 15:05:00,ATM-1,CE,380.0,385.9,8.0,8.3,8.0,8.1,22.989076,16875,2011875
2026-08-20 15:10:00,ATM-1,CE,380.0,385.6,8.1,8.4,8.1,8.35,26.066439,26250,1998750
2026-08-20 15:15:00,ATM-1,CE,380.0,385.6,8.35,8.45,8.35,8.35,26.077076,5625,1995000
2026-08-20 15:20:00,ATM-1,CE,380.0,385.6,8.35,8.35,7.9,7.9,23.150472,9375,1995000
2026-08-20 15:25:00,ATM-1,CE,380.0,385.6,7.9,7.9,7.8,7.9,23.160227,11250,1983750
2026-08-20 15:30:00,ATM-1,CE,380.0,385.6,8.0,8.1,7.7,7.95,23.502198,41250,1980000
2026-08-20 15:35:00,ATM-1,CE,380.0,385.6,7.65,8.2,7.65,8.05,24.172038,54375,1970625
2026-08-21 09:15:00,ATM-1,CE,380.0,390.05,8.0,10.7,7.9,10.65,15.854726,350625,2008125
2026-08-21 09:20:00,ATM-1,CE,380.0,388.4,11.0,11.0,9.95,9.95,24.754682,131250,1980000
2026-08-21 09:25:00,ATM-1,CE,380.0,391.9,10.25,12.4,9.95,12.4,15.01862,174375,1980000
2026-08-21 09:30:00,ATM-1,CE,380.0,391.05,12.65,12.65,11.75,12.2,25.01623,90000,1953750
2026-08-21 09:35:00,ATM-1,CE,380.0,391.5,12.2,13.3,12.2,12.55,24.526347,123750,1950000
2026-08-21 09:40:00,ATM-1,CE,380.0,392.8,12.75,13.55,12.55,13.55,22.071992,76875,1961250
2026-08-21 09:45:00,ATM-1,CE,380.0,391.4,13.35,13.55,12.25,12.25,21.831372,84375,1968750
2026-08-21 09:50:00,ATM-1,CE,380.0,392.9,12.15,14.05,12.15,13.6,21.336344,123750,1970625
2026-08-21 09:55:00,ATM-1,CE,380.0,394.0,13.8,15.4,13.6,15.0,27.395741,151875,1961250
2026-08-21 10:00:00,ATM-1,CE,380.0,392.35,14.1,15.0,13.4,13.4,25.791865,31875,1916250
2026-08-21 10:05:00,ATM-1,CE,380.0,392.45,13.45,13.65,13.4,13.45,25.318386,58125,1912500
2026-08-21 10:10:00,ATM-1,CE,380.0,392.3,13.25,13.55,13.2,13.2,23.79992,13125,1905000
2026-08-21 10:15:00,ATM-1,CE,380.0,392.5,13.2,13.4,13.2,13.4,24.081329,1875,1905000
2026-08-21 10:20:00,ATM-1,CE,380.0,391.6,13.4,13.4,13.0,13.0,28.623869,5625,1903125
2026-08-21 10:25:00,ATM-1,CE,380.0,394.15,12.65,14.4,12.6,14.4,0.0,39375,1899375
2026-08-21 10:30:00,ATM-1,CE,380.0,393.25,14.75,15.0,14.4,14.55,30.070797,26250,1897500
2026-08-21 10:35:00,ATM-1,CE,380.0,394.0,14.55,14.55,14.25,14.5,17.421173,18750,1897500
2026-08-21 10:40:00,ATM-1,CE,380.0,393.1,14.25,14.5,13.6,13.7,19.625801,7500,1895625
2026-08-21 10:45:00,ATM-1,CE,380.0,392.8,13.7,13.7,13.4,13.4,19.300745,7500,1890000
2026-08-21 10:50:00,ATM-1,CE,380.0,392.45,13.4,13.4,12.85,12.85,0.0,11250,1890000
2026-08-21 10:55:00,ATM-1,CE,380.0,392.55,12.85,13.1,12.85,12.95,0.0,7500,1893750
2026-08-21 11:00:00,ATM-1,CE,380.0,392.4,12.95,12.95,12.65,12.8,0.0,16875,1895625
2026-08-21 11:05:00,ATM-1,CE,380.0,392.65,12.65,12.95,12.65,12.95,0.0,13125,1886250
2026-08-21 11:10:00,ATM-1,CE,380.0,392.55,13.2,13.2,12.95,13.05,16.115412,15000,1890000
2026-08-21 11:15:00,ATM-1,CE,380.0,392.1,13.05,13.05,12.7,12.7,18.592224,9375,1886250
2026-08-21 11:20:00,ATM-1,CE,380.0,392.65,12.7,12.75,12.7,12.75,0.0,5625,1886250
2026-08-21 11:25:00,ATM-1,CE,380.0,392.25,12.95,12.95,12.4,12.55,0.0,56250,1865625
2026-08-21 11:30:00,ATM-1,CE,380.0,392.3,12.55,12.55,12.55,12.55,0.0,0,1865625
2026-08-21 11:35:00,ATM-1,CE,380.0,391.95,12.55,12.55,12.0,12.0,0.0,31875,1867500
2026-08-21 11:40:00,ATM-1,CE,380.0,392.45,11.65,12.5,11.65,12.5,0.0,9375,1858125
2026-08-21 11:45:00,ATM-1,CE,380.0,392.7,12.5,12.9,12.5,12.8,0.0,11250,1852500
2026-08-21 11:50:00,ATM-1,CE,380.0,392.35,12.8,12.8,12.8,12.8,13.242214,0,1852500
2026-08-21 11:55:00,ATM-1,CE,380.0,392.2,11.95,12.8,11.7,11.7,0.0,3750,1852500
2026-08-21 12:00:00,ATM-1,CE,380.0,392.25,11.7,11.7,11.7,11.7,0.0,0,1852500
2026-08-21 12:05:00,ATM-1,CE,380.0,392.4,11.7,12.15,11.7,12.15,0.0,11250,1848750
2026-08-21 12:10:00,ATM-1,CE,380.0,392.25,12.1,12.15,11.85,12.0,0.0,16875,1858125
2026-08-21 12:15:00,ATM-1,CE,380.0,392.25,12.15,12.15,12.0,12.0,0.0,11250,1865625
2026-08-21 12:20:00,ATM-1,CE,380.0,392.6,12.0,12.25,12.0,12.25,0.0,7500,1869375
2026-08-21 12:25:00,ATM-1,CE,380.0,392.4,12.25,12.25,12.2,12.2,0.0,15000,1875000
2026-08-21 12:30:00,ATM-1,CE,380.0,392.5,12.2,12.35,12.2,12.35,0.0,1875,1871250
2026-08-21 12:35:00,ATM-1,CE,380.0,392.45,12.35,12.35,12.2,12.2,0.0,1875,1873125
2026-08-21 12:40:00,ATM-1,CE,380.0,392.6,12.2,12.45,12.2,12.45,0.0,7500,1873125
2026-08-21 12:45:00,ATM-1,CE,380.0,393.55,12.45,12.9,12.45,12.9,0.0,7500,1878750
2026-08-21 12:50:00,ATM-1,CE,380.0,393.5,13.2,13.2,12.9,13.1,0.0,7500,1878750
2026-08-21 12:55:00,ATM-1,CE,380.0,393.45,13.1,13.2,13.1,13.2,0.0,3750,1878750
2026-08-21 13:00:00,ATM-1,CE,380.0,393.85,13.2,13.2,13.05,13.2,0.0,16875,1875000
2026-08-21 13:05:00,ATM-1,CE,380.0,394.25,13.35,13.7,13.2,13.7,0.0,7500,1865625
2026-08-21 13:10:00,ATM-1,CE,390.0,395.45,13.9,14.65,6.75,7.1,20.297729,161250,1721250
2026-08-21 13:15:00,ATM-1,CE,390.0,396.8,7.6,8.05,7.1,8.0,18.894113,611250,1728750
2026-08-21 13:20:00,ATM-1,CE,390.0,396.2,7.45,8.0,6.75,7.1,15.029052,485625,1786875
2026-08-21 13:25:00,ATM-1,CE,390.0,396.5,7.2,7.5,7.05,7.45,16.016807,71250,1788750
2026-08-21 13:30:00,ATM-1,CE,390.0,396.2,7.6,7.6,6.6,7.35,17.492481,225000,1809375
2026-08-21 13:35:00,ATM-1,CE,390.0,396.15,7.3,7.35,6.95,7.25,16.959592,71250,1801875
2026-08-21 13:40:00,ATM-1,CE,390.0,396.7,7.55,7.8,7.25,7.6,15.818058,159375,1770000
2026-08-21 13:45:00,ATM-1,CE,390.0,396.5,7.75,7.9,7.45,7.5,16.566748,187500,1685625
2026-08-21 13:50:00,ATM-1,CE,390.0,396.5,7.45,7.5,7.35,7.5,16.576935,52500,1698750
2026-08-21 13:55:00,ATM-1,CE,390.0,396.6,7.65,7.95,7.45,7.6,16.742201,61875,1719375
2026-08-21 14:00:00,ATM-1,CE,390.0,396.9,7.6,8.0,7.6,8.0,18.209178,101250,1730625
2026-08-21 14:05:00,ATM-1,CE,390.0,396.3,7.85,8.0,7.45,7.45,17.727557,43125,1719375
2026-08-21 14:10:00,ATM-1,CE,390.0,396.95,7.5,7.7,7.35,7.7,14.474962,22500,1719375
2026-08-21 14:15:00,ATM-1,CE,390.0,396.9,8.4,8.4,7.7,7.95,17.751201,228750,1689375
2026-08-21 14:20:00,ATM-1,CE,390.0,397.0,7.95,8.0,7.85,8.0,17.41143,45000,1689375
2026-08-21 14:25:00,ATM-1,CE,390.0,396.8,7.95,8.05,7.55,7.9,18.10428,90000,1661250
2026-08-21 14:30:00,ATM-1,CE,390.0,396.55,7.95,8.0,7.8,7.8,19.099637,45000,1663125
2026-08-21 14:35:00,ATM-1,CE,390.0,396.6,7.8,7.95,7.7,7.85,19.193653,41250,1642500
2026-08-21 14:40:00,ATM-1,CE,390.0,396.65,7.8,8.0,7.8,7.9,19.287641,28125,1636875
2026-08-21 14:45:00,ATM-1,CE,390.0,396.55,7.9,7.9,7.35,7.65,17.74741,82500,1606875
2026-08-21 14:50:00,ATM-1,CE,390.0,396.65,7.75,7.9,7.65,7.75,17.918364,31875,1588125
2026-08-21 14:55:00,ATM-1,CE,390.0,396.25,7.6,7.75,7.1,7.1,14.748952,187500,1505625
2026-08-21 15:00:00,ATM-1,CE,390.0,396.3,6.95,7.2,6.65,7.0,13.02118,142500,1498125
2026-08-21 15:05:00,ATM-1,CE,390.0,396.45,6.95,7.35,6.8,7.35,15.615452,114375,1451250
2026-08-21 15:10:00,ATM-1,CE,390.0,396.3,7.35,7.4,7.15,7.3,16.427306,61875,1419375
2026-08-21 15:15:00,ATM-1,CE,390.0,396.3,7.3,7.3,7.2,7.25,15.93141,15000,1411875
2026-08-21 15:20:00,ATM-1,CE,390.0,396.3,7.2,7.25,6.95,7.0,13.061353,52500,1404375
2026-08-21 15:25:00,ATM-1,CE,380.0,394.45,7.0,15.5,6.7,15.5,29.754956,22500,1788750
2026-08-21 15:30:00,ATM-1,CE,380.0,394.45,15.65,16.0,15.5,16.0,35.595761,3750,1781250
2026-08-21 15:35:00,ATM-1,CE,380.0,394.45,16.0,16.0,15.75,15.75,32.86486,30000,1760625
2026-08-24 09:15:00,ATM-1,CE,390.0,400.1,8.8,12.55,8.75,10.75,37.494885,566250,1303125
2026-08-24 09:20:00,ATM-1,CE,390.0,399.0,10.65,10.75,10.05,10.35,46.886717,215625,1265625
2026-08-24 09:25:00,ATM-1,CE,390.0,399.45,9.5,10.35,9.2,10.0,33.757539,80625,1245000
2026-08-24 09:30:00,ATM-1,CE,390.0,398.2,9.25,10.0,8.65,8.7,29.546015,48750,1233750
2026-08-24 09:35:00,ATM-1,CE,390.0,398.3,8.7,9.0,8.2,9.0,34.03862,58125,1216875
2026-08-24 09:40:00,ATM-1,CE,390.0,399.6,10.35,10.45,9.0,9.85,25.363151,161250,1216875
2026-08-24 09:45:00,ATM-1,CE,390.0,400.55,10.4,11.45,9.85,11.15,37.872419,80625,1228125
2026-08-24 09:50:00,ATM-1,CE,390.0,399.0,11.15,11.15,10.05,10.05,42.461058,11250,1209375
2026-08-24 09:55:00,ATM-1,CE,390.0,399.85,10.0,10.6,10.0,10.5,37.327386,20625,1213125
2026-08-24 10:00:00,ATM-1,CE,390.0,399.25,10.5,10.5,10.1,10.1,39.7611,26250,1201875
2026-08-24 10:05:00,ATM-1,CE,390.0,399.8,10.05,10.95,10.05,10.95,46.676461,37500,1201875
2026-08-24 10:10:00,ATM-1,CE,390.0,399.8,10.95,10.95,10.15,10.65,41.402594,9375,1198125
2026-08-24 10:15:00,ATM-1,CE,390.0,400.45,10.55,10.85,10.55,10.8,31.272104,9375,1200000
2026-08-24 10:20:00,ATM-1,CE,390.0,400.7,10.8,11.15,10.6,11.15,34.897163,26250,1186875
2026-08-24 10:25:00,ATM-1,CE,390.0,400.7,11.65,11.7,11.15,11.3,38.742025,26250,1179375
2026-08-24 10:30:00,ATM-1,CE,390.0,400.75,11.25,11.3,10.85,11.15,33.691921,35625,1149375
2026-08-24 10:35:00,ATM-1,CE,390.0,400.45,11.45,11.55,10.5,10.7,27.698945,31875,1141875
2026-08-24 10:40:00,ATM-1,CE,390.0,401.1,11.4,11.9,10.7,11.65,38.725497,45000,1140000
2026-08-24 10:45:00,ATM-1,CE,390.0,402.3,11.65,12.65,11.65,12.65,35.729219,9375,1140000
2026-08-24 10:50:00,ATM-1,CE,390.0,402.25,12.2,12.65,12.2,12.3,0.0,9375,1140000
2026-08-24 10:55:00,ATM-1,CE,390.0,401.25,12.35,12.35,11.95,12.0,43.897052,22500,1136250
2026-08-24 11:00:00,ATM-1,CE,390.0,401.65,11.3,12.05,11.3,11.4,0.0,35625,1136250
2026-08-24 11:05:00,ATM-1,CE,390.0,402.05,11.4,12.45,11.4,12.25,28.532148,33750,1132500
2026-08-24 11:10:00,ATM-1,CE,390.0,401.4,12.25,12.25,11.8,11.8,35.679091,5625,1140000
2026-08-24 11:15:00,ATM-1,CE,390.0,401.45,11.8,11.85,11.8,11.85,35.857982,9375,1140000
2026-08-24 11:20:00,ATM-1,CE,390.0,401.35,11.6,11.85,11.3,11.3,0.0,15000,1138125
2026-08-24 11:25:00,ATM-1,CE,390.0,401.35,11.3,11.55,11.3,11.5,23.143087,13125,1134375
2026-08-24 11:30:00,ATM-1,CE,390.0,400.7,11.5,11.5,11.1,11.1,34.293582,13125,1123125
2026-08-24 11:35:00,ATM-1,CE,390.0,400.65,11.1,11.1,10.8,10.8,22.094517,37500,1121250
2026-08-24 11:40:00,ATM-1,CE,390.0,401.15,10.8,10.95,10.8,10.95,0.0,1875,1121250
2026-08-24 11:45:00,ATM-1,CE,390.0,402.0,11.5,12.0,10.95,12.0,0.0,11250,1121250
2026-08-24 11:50:00,ATM-1,CE,390.0,401.15,12.2,12.2,12.0,12.2,50.410219,1875,1119375
2026-08-24 11:55:00,ATM-1,CE,390.0,401.1,12.2,12.2,11.0,11.1,0.0,33750,1119375
2026-08-24 12:00:00,ATM-1,CE,390.0,401.6,11.2,12.2,11.1,12.2,42.305032,11250,1108125
2026-08-24 12:05:00,ATM-1,CE,390.0,401.4,12.2,12.2,11.55,11.55,23.875883,11250,1108125
2026-08-24 12:10:00,ATM-1,CE,390.0,403.3,12.45,13.0,11.55,12.8,0.0,30000,1104375
2026-08-24 12:15:00,ATM-1,CE,390.0,402.9,12.85,13.2,12.65,12.65,0.0,65625,1106250
2026-08-24 12:20:00,ATM-1,CE,390.0,403.0,13.0,13.0,12.6,12.6,0.0,7500,1104375
2026-08-24 12:25:00,ATM-1,CE,390.0,402.85,12.6,13.6,12.55,12.85,0.0,33750,1108125
2026-08-24 12:30:00,ATM-1,CE,390.0,402.75,13.1,13.3,12.65,12.65,0.0,9375,1108125
2026-08-24 12:35:00,ATM-1,CE,390.0,403.5,12.5,13.3,12.5,13.3,0.0,5625,1100625
2026-08-24 12:40:00,ATM-1,CE,390.0,403.65,13.3,13.4,13.15,13.4,0.0,30000,1093125
2026-08-24 12:45:00,ATM-1,CE,390.0,404.4,13.4,14.1,13.4,14.1,0.0,26250,1093125
2026-08-24 12:50:00,ATM-1,CE,390.0,404.65,14.1,14.85,14.1,14.8,30.337627,37500,1076250
2026-08-24 12:55:00,ATM-1,CE,390.0,404.9,14.8,14.8,14.75,14.75,0.0,3750,1074375
2026-08-24 13:00:00,ATM-1,CE,390.0,404.35,14.95,14.95,14.25,14.3,0.0,26250,1074375
2026-08-24 13:05:00,ATM-1,CE,390.0,404.4,14.2,14.55,14.0,14.55,30.187586,31875,1081875
2026-08-24 13:10:00,ATM-1,CE,390.0,403.75,14.55,14.55,14.1,14.15,42.833501,125625,1085625
2026-08-24 13:15:00,ATM-1,CE,390.0,403.8,13.7,14.15,13.7,13.75,0.0,30000,1083750
2026-08-24 13:20:00,ATM-1,CE,390.0,403.25,13.75,14.05,13.0,13.0,0.0,35625,1085625
2026-08-24 13:25:00,ATM-1,CE,390.0,403.25,12.75,13.05,12.4,12.4,0.0,28125,1078125
2026-08-24 13:30:00,ATM-1,CE,390.0,402.55,13.0,13.05,12.35,12.35,0.0,39375,1081875
2026-08-24 13:35:00,ATM-1,CE,390.0,402.55,12.3,12.45,12.0,12.0,0.0,30000,1076250
2026-08-24 13:40:00,ATM-1,CE,390.0,402.7,12.15,12.15,12.0,12.0,0.0,13125,1072500
2026-08-24 13:45:00,ATM-1,CE,390.0,404.0,12.75,13.4,12.0,13.4,0.0,18750,1065000
2026-08-24 13:50:00,ATM-1,CE,390.0,403.2,13.6,13.6,13.05,13.05,0.0,28125,1059375
2026-08-24 13:55:00,ATM-1,CE,390.0,403.5,13.05,13.25,12.8,12.8,0.0,13125,1055625
2026-08-24 14:00:00,ATM-1,CE,390.0,403.65,13.35,14.1,12.8,13.25,0.0,31875,1051875
2026-08-24 14:05:00,ATM-1,CE,390.0,403.95,13.35,13.85,13.25,13.65,0.0,11250,1036875
2026-08-24 14:10:00,ATM-1,CE,390.0,403.6,13.45,13.7,12.9,12.9,0.0,28125,1033125
2026-08-24 14:15:00,ATM-1,CE,390.0,402.85,12.9,12.9,12.35,12.35,0.0,15000,1036875
2026-08-24 14:20:00,ATM-1,CE,390.0,402.75,12.25,12.35,12.25,12.25,0.0,7500,1036875
2026-08-24 14:25:00,ATM-1,CE,390.0,402.65,12.25,12.8,12.25,12.45,0.0,7500,1036875
2026-08-24 14:30:00,ATM-1,CE,390.0,402.7,12.15,12.45,12.15,12.15,0.0,1875,1036875
2026-08-24 14:35:00,ATM-1,CE,390.0,402.3,12.15,12.4,11.9,11.9,0.0,16875,1033125
2026-08-24 14:40:00,ATM-1,CE,390.0,402.5,11.85,12.15,11.85,12.0,0.0,13125,1031250
2026-08-24 14:45:00,ATM-1,CE,390.0,402.5,12.1,12.1,11.95,11.95,0.0,24375,1020000
2026-08-24 14:50:00,ATM-1,CE,390.0,401.95,12.0,12.0,11.65,11.65,0.0,9375,1012500
2026-08-24 14:55:00,ATM-1,CE,390.0,402.25,11.65,11.7,11.65,11.7,0.0,7500,1012500
2026-08-24 15:00:00,ATM-1,CE,390.0,401.75,11.55,11.7,11.5,11.5,0.0,11250,1006875
2026-08-24 15:05:00,ATM-1,CE,390.0,400.9,11.35,11.5,10.9,11.1,29.468662,20625,999375
2026-08-24 15:10:00,ATM-1,CE,390.0,400.5,11.1,11.1,10.85,10.85,35.111493,7500,997500
2026-08-24 15:15:00,ATM-1,CE,390.0,400.5,10.85,10.85,10.25,10.35,0.0,20625,988125
2026-08-24 15:20:00,ATM-1,CE,390.0,400.5,10.35,10.35,9.95,9.95,0.0,5625,980625
2026-08-24 15:25:00,ATM-1,CE,390.0,403.3,9.75,9.95,9.45,9.9,0.0,48750,984375
2026-08-24 15:30:00,ATM-1,CE,390.0,403.3,10.15,10.15,9.85,9.85,0.0,43125,980625
2026-08-24 15:35:00,ATM-1,CE,390.0,403.3,9.8,10.0,9.75,9.75,0.0,18750,969375
2026-08-25 09:15:00,ATM-1,CE,390.0,399.4,8.7,8.7,8.3,8.4,0.0,16875,971250
2026-08-25 09:20:00,ATM-1,CE,390.0,397.7,8.4,8.7,8.4,8.5,78.350474,31875,960000
2026-08-25 09:25:00,ATM-1,CE,390.0,397.55,7.7,8.5,7.7,7.8,53.306727,114375,894375
2026-08-25 09:30:00,ATM-1,CE,390.0,398.3,7.6,7.8,7.3,7.3,0.0,22500,886875
2026-08-25 09:35:00,ATM-1,CE,390.0,397.1,8.3,8.3,7.3,8.05,81.454415,16875,875625
2026-08-25 09:40:00,ATM-1,CE,390.0,397.95,8.05,8.35,7.55,8.35,64.961263,16875,855000
2026-08-25 09:45:00,ATM-1,CE,390.0,397.2,8.05,8.35,7.3,7.35,46.085145,65625,810000
2026-08-25 09:50:00,ATM-1,CE,390.0,397.2,7.35,7.35,7.05,7.05,0.0,15000,785625
2026-08-25 09:55:00,ATM-1,CE,390.0,396.7,6.65,7.05,6.6,6.75,32.88233,15000,774375
2026-08-25 10:00:00,ATM-1,CE,390.0,396.7,6.75,6.9,6.6,6.6,0.0,7500,766875
2026-08-25 10:05:00,ATM-1,CE,390.0,396.5,6.6,6.6,6.6,6.6,39.514798,0,766875
2026-08-25 10:10:00,ATM-1,CE,390.0,396.2,6.6,6.6,6.6,6.6,57.303875,0,766875
2026-08-25 10:15:00,ATM-1,CE,390.0,396.0,6.6,6.6,6.55,6.55,63.154124,9375,765000
2026-08-25 10:20:00,ATM-1,CE,380.0,394.7,6.15,14.7,5.6,14.5,0.0,30000,1537500
2026-08-25 10:25:00,ATM-1,CE,380.0,394.9,14.6,14.6,4.9,14.6,0.0,26250,1535625
2026-08-25 10:30:00,ATM-1,CE,380.0,394.5,14.6,14.6,13.85,13.85,0.0,1875,1522500
2026-08-25 10:35:00,ATM-1,CE,380.0,394.15,13.85,13.85,13.85,13.85,0.0,0,1522500
2026-08-25 10:40:00,ATM-1,CE,380.0,393.15,13.85,13.85,13.5,13.5,101.539726,11250,1513125
2026-08-25 10:45:00,ATM-1,CE,380.0,393.4,12.2,13.5,12.0,12.0,0.0,5625,1511250
2026-08-25 10:50:00,ATM-1,CE,380.0,392.95,12.0,12.0,12.0,12.0,0.0,0,1511250
2026-08-25 10:55:00,ATM-1,CE,380.0,393.3,12.0,12.0,12.0,12.0,0.0,0,1511250
2026-08-25 11:00:00,ATM-1,CE,380.0,393.0,12.9,12.9,12.0,12.35,0.0,18750,1490625
2026-08-25 11:05:00,ATM-1,CE,380.0,393.5,13.0,13.25,12.35,12.85,0.0,52500,1445625
2026-08-25 11:10:00,ATM-1,CE,380.0,392.95,12.6,12.95,12.45,12.5,0.0,15000,1434375
2026-08-25 11:15:00,ATM-1,CE,380.0,392.5,12.05,12.5,12.0,12.2,0.0,18750,1417500
2026-08-25 11:20:00,ATM-1,CE,380.0,392.4,11.75,12.2,11.55,11.95,0.0,18750,1402500
2026-08-25 11:25:00,ATM-1,CE,380.0,392.75,12.2,12.6,11.95,12.5,0.0,11250,1393125
2026-08-25 11:30:00,ATM-1,CE,380.0,392.8,12.35,12.6,12.35,12.6,0.0,3750,1389375
2026-08-25 11:35:00,ATM-1,CE,380.0,393.2,12.6,12.6,12.6,12.6,0.0,0,1389375
2026-08-25 11:40:00,ATM-1,CE,380.0,393.1,12.6,13.15,12.6,13.15,74.236435,1875,1385625
2026-08-25 11:45:00,ATM-1,CE,380.0,393.25,13.15,13.15,13.15,13.15,0.0,0,1385625
2026-08-25 11:50:00,ATM-1,CE,380.0,392.65,13.15,13.15,11.95,11.95,0.0,1875,1383750
2026-08-25 11:55:00,ATM-1,CE,380.0,393.25,11.95,11.95,11.95,11.95,0.0,0,1383750
2026-08-25 12:00:00,ATM-1,CE,380.0,393.65,11.95,12.0,11.95,12.0,0.0,5625,1383750
2026-08-25 12:05:00,ATM-1,CE,390.0,395.6,13.6,13.6,3.6,3.6,0.0,1875,648750
2026-08-25 12:10:00,ATM-1,CE,390.0,395.95,3.6,5.45,3.6,5.45,0.0,1875,646875
2026-08-25 12:15:00,ATM-1,CE,390.0,396.75,5.45,7.2,5.45,7.2,80.931539,11250,648750
2026-08-25 12:20:00,ATM-1,CE,390.0,396.15,7.2,7.2,6.75,6.8,87.840498,41250,641250
2026-08-25 12:25:00,ATM-1,CE,390.0,395.9,6.8,6.8,6.8,6.8,98.827578,0,641250
2026-08-25 12:30:00,ATM-1,CE,390.0,395.65,6.8,6.8,5.65,5.65,0.0,7500,616875
2026-08-25 12:35:00,ATM-1,CE,390.0,395.55,5.65,6.2,5.65,6.2,85.862955,3750,611250
2026-08-25 12:40:00,ATM-1,CE,390.0,395.05,6.2,6.2,6.2,6.2,105.571573,0,611250
2026-08-25 12:45:00,ATM-1,CE,380.0,394.8,15.0,16.4,14.65,14.85,98.5093,24375,1361250
2026-08-25 12:50:00,ATM-1,CE,380.0,394.8,14.85,15.4,14.75,15.4,0.0,28125,1353750
2026-08-25 12:55:00,ATM-1,CE,390.0,395.05,15.35,15.4,5.05,5.15,48.025955,24375,607500
2026-08-25 13:00:00,ATM-1,CE,380.0,394.3,5.15,15.5,5.15,14.7,0.0,18750,1365000
2026-08-25 13:05:00,ATM-1,CE,380.0,393.95,14.75,14.8,14.3,14.3,0.0,11250,1376250
2026-08-25 13:10:00,ATM-1,CE,380.0,394.0,14.15,14.35,13.8,14.35,0.0,15000,1378125
2026-08-25 13:15:00,ATM-1,CE,380.0,394.9,14.25,14.35,14.25,14.25,0.0,1875,1380000
2026-08-25 13:20:00,ATM-1,CE,380.0,393.85,14.25,14.6,14.25,14.6,0.0,9375,1378125
2026-08-25 13:25:00,ATM-1,CE,380.0,394.1,14.6,14.6,13.9,14.0,0.0,7500,1372500
2026-08-25 13:30:00,ATM-1,CE,380.0,394.6,14.0,14.0,14.0,14.0,0.0,0,1372500
2026-08-25 13:35:00,ATM-1,CE,380.0,394.5,14.0,14.0,14.0,14.0,0.0,0,1372500
2026-08-25 13:40:00,ATM-1,CE,380.0,394.4,14.0,14.75,14.0,14.75,0.0,3750,1370625
2026-08-25 13:45:00,ATM-1,CE,380.0,394.2,14.75,14.75,14.75,14.75,0.0,0,1370625
2026-08-25 13:50:00,ATM-1,CE,380.0,394.75,14.75,14.75,14.55,14.55,0.0,1875,1366875
2026-08-25 13:55:00,ATM-1,CE,380.0,394.6,14.55,15.05,14.45,14.45,0.0,5625,1361250
2026-08-25 14:00:00,ATM-1,CE,380.0,394.3,14.45,14.45,14.45,14.45,0.0,0,1361250
2026-08-25 14:05:00,ATM-1,CE,380.0,394.25,14.45,14.8,14.45,14.8,0.0,33750,1357500
2026-08-25 14:10:00,ATM-1,CE,380.0,393.75,14.0,14.8,13.9,13.9,0.0,15000,1329375
2026-08-25 14:15:00,ATM-1,CE,380.0,394.05,13.9,14.5,13.9,14.5,0.0,1875,1327500
2026-08-25 14:20:00,ATM-1,CE,380.0,393.75,14.5,14.5,14.5,14.5,0.0,1875,1325625
2026-08-25 14:25:00,ATM-1,CE,380.0,394.1,14.0,14.55,14.0,14.55,0.0,5625,1323750
2026-08-25 14:30:00,ATM-1,CE,380.0,393.9,14.55,14.55,14.55,14.55,0.0,0,1323750
2026-08-25 14:35:00,ATM-1,CE,380.0,394.3,13.9,14.7,13.9,14.05,0.0,7500,1320000
2026-08-25 14:40:00,ATM-1,CE,380.0,395.0,14.9,14.9,4.75,14.9,0.0,5625,1318125
2026-08-25 14:45:00,ATM-1,CE,390.0,395.35,4.0,4.75,4.0,4.0,0.0,7500,596250
2026-08-25 14:50:00,ATM-1,CE,390.0,395.35,4.0,4.0,4.0,4.0,0.0,0,596250
2026-08-25 14:55:00,ATM-1,CE,390.0,395.1,4.1,14.9,4.0,4.1,0.0,5625,600000
2026-08-25 15:00:00,ATM-1,CE,380.0,394.95,14.4,14.4,14.4,14.4,0.0,0,1318125
2026-08-25 15:05:00,ATM-1,CE,380.0,395.0,14.4,15.4,4.25,15.4,0.0,7500,1314375
2026-08-25 15:10:00,ATM-1,CE,390.0,395.95,5.3,15.4,4.25,5.5,0.0,3750,596250
2026-08-25 15:15:00,ATM-1,CE,390.0,395.95,5.5,6.5,5.5,6.5,0.0,3750,594375
2026-08-25 15:20:00,ATM-1,CE,390.0,395.95,6.85,6.85,6.5,6.85,0.0,1875,592500
2026-08-25 15:25:00,ATM-1,CE,390.0,397.8,6.85,6.85,6.85,6.85,0.0,0,590625
2026-08-25 15:30:00,ATM-1,CE,390.0,397.8,6.85,7.9,6.85,7.9,0.0,22500,583125
2026-08-25 15:35:00,ATM-1,CE,390.0,397.8,7.9,7.9,7.9,7.9,0.0,0,583125
2026-08-20 09:15:00,ATM-1,PE,380.0,393.45,2.15,2.2,1.5,2.1,37.684881,665625,2060625
2026-08-20 09:20:00,ATM-1,PE,380.0,388.25,2.3,3.1,2.1,3.0,35.194451,556875,2100000
2026-08-20 09:25:00,ATM-1,PE,380.0,388.9,3.1,3.35,2.9,3.05,36.689078,320625,2023125
2026-08-20 09:30:00,ATM-1,PE,380.0,388.0,3.25,3.45,3.05,3.25,36.323876,204375,2015625
2026-08-20 09:35:00,ATM-1,PE,380.0,387.85,3.25,3.35,3.2,3.35,36.67609,76875,2017500
2026-08-20 09:40:00,ATM-1,PE,380.0,387.35,3.45,3.55,3.35,3.4,36.056866,159375,2032500
2026-08-20 09:45:00,ATM-1,PE,380.0,387.1,3.4,3.45,3.3,3.4,35.594031,127500,1981875
2026-08-20 09:50:00,ATM-1,PE,380.0,387.55,3.35,3.5,3.35,3.5,37.068618,71250,1991250
2026-08-20 09:55:00,ATM-1,PE,380.0,387.8,3.3,3.5,3.15,3.15,35.389192,71250,1985625
2026-08-20 10:00:00,ATM-1,PE,380.0,388.2,3.15,3.15,2.95,2.95,34.875492,135000,1993125
2026-08-20 10:05:00,ATM-1,PE,380.0,388.5,3.0,3.0,2.65,2.8,34.468035,99375,1998750
2026-08-20 10:10:00,ATM-1,PE,380.0,389.65,2.8,2.8,2.55,2.55,34.846648,63750,1974375
2026-08-20 10:15:00,ATM-1,PE,380.0,389.15,2.5,2.6,2.45,2.55,33.999865,78750,1981875
2026-08-20 10:20:00,ATM-1,PE,380.0,389.65,2.55,2.7,2.5,2.5,34.534164,67500,1966875
2026-08-20 10:25:00,ATM-1,PE,380.0,388.85,2.55,2.7,2.5,2.6,33.829963,33750,1972500
2026-08-20 10:30:00,ATM-1,PE,380.0,389.7,2.6,2.7,2.4,2.4,33.96706,60000,1953750
2026-08-20 10:35:00,ATM-1,PE,380.0,390.5,2.4,2.4,2.15,2.2,33.929814,176250,1912500
2026-08-20 10:40:00,ATM-1,PE,380.0,390.55,2.25,2.25,2.05,2.15,33.670633,121875,1914375
2026-08-20 10:45:00,ATM-1,PE,380.0,390.45,2.1,2.15,2.1,2.15,33.518407,50625,1929375
2026-08-20 10:50:00,ATM-1,PE,380.0,388.8,2.15,2.65,2.15,2.65,34.123141,76875,1944375
2026-08-20 10:55:00,ATM-1,PE,380.0,389.2,2.55,2.65,2.45,2.45,33.505811,45000,1946250
2026-08-20 11:00:00,ATM-1,PE,380.0,388.75,2.45,2.55,2.45,2.55,33.400919,41250,1933125
2026-08-20 11:05:00,ATM-1,PE,380.0,390.5,2.65,2.65,2.25,2.3,34.692374,131250,1914375
2026-08-20 11:10:00,ATM-1,PE,380.0,390.4,2.2,2.55,2.2,2.45,35.571457,50625,1908750
2026-08-20 11:15:00,ATM-1,PE,380.0,389.65,2.55,2.65,2.45,2.65,35.656963,26250,1893750
2026-08-20 11:20:00,ATM-1,PE,380.0,389.5,2.65,2.7,2.65,2.7,35.740056,7500,1876875
2026-08-20 11:25:00,ATM-1,PE,380.0,389.5,2.7,2.7,2.55,2.6,35.087867,11250,1876875
2026-08-20 11:30:00,ATM-1,PE,380.0,389.75,2.55,2.6,2.55,2.6,35.529444,15000,1876875
2026-08-20 11:35:00,ATM-1,PE,380.0,389.4,2.6,2.65,2.6,2.65,35.269215,7500,1880625
2026-08-20 11:40:00,ATM-1,PE,380.0,389.3,2.65,2.75,2.65,2.7,35.436814,22500,1876875
2026-08-20 11:45:00,ATM-1,PE,380.0,389.2,2.7,2.7,2.7,2.7,35.273115,0,1876875
2026-08-20 11:50:00,ATM-1,PE,380.0,389.2,2.7,2.7,2.65,2.65,34.954372,9375,1876875
2026-08-20 11:55:00,ATM-1,PE,380.0,389.5,2.65,2.65,2.55,2.55,34.820537,1875,1875000
2026-08-20 12:00:00,ATM-1,PE,380.0,389.35,2.55,2.6,2.5,2.6,34.906056,7500,1869375
2026-08-20 12:05:00,ATM-1,PE,380.0,389.0,2.6,2.65,2.6,2.6,34.307092,13125,1869375
2026-08-20 12:10:00,ATM-1,PE,380.0,389.45,2.6,2.65,2.5,2.5,34.431967,35625,1871250
2026-08-20 12:15:00,ATM-1,PE,380.0,389.9,2.5,2.5,2.35,2.35,34.190122,63750,1850625
2026-08-20 12:20:00,ATM-1,PE,380.0,389.4,2.35,2.45,2.35,2.45,34.030993,26250,1850625
2026-08-20 12:25:00,ATM-1,PE,380.0,389.2,2.45,2.5,2.45,2.5,34.033077,7500,1846875
2026-08-20 12:30:00,ATM-1,PE,380.0,389.2,2.5,2.55,2.5,2.55,34.378386,7500,1845000
2026-08-20 12:35:00,ATM-1,PE,380.0,389.0,2.55,2.6,2.55,2.6,34.372757,15000,1845000
2026-08-20 12:40:00,ATM-1,PE,380.0,388.65,2.6,2.7,2.6,2.7,34.424034,31875,1839375
2026-08-20 12:45:00,ATM-1,PE,380.0,388.8,2.75,2.75,2.6,2.6,34.042984,13125,1816875
2026-08-20 12:50:00,ATM-1,PE,380.0,388.0,2.75,2.9,2.6,2.9,34.565956,39375,1813125
2026-08-20 12:55:00,ATM-1,PE,380.0,387.7,2.9,2.9,2.85,2.9,34.025005,28125,1809375
2026-08-20 13:00:00,ATM-1,PE,380.0,387.6,2.9,2.9,2.9,2.9,33.850882,24375,1815000
2026-08-20 13:05:00,ATM-1,PE,380.0,387.65,2.9,2.9,2.85,2.85,33.635579,1875,1809375
2026-08-20 13:10:00,ATM-1,PE,380.0,387.8,2.85,2.85,2.85,2.85,33.922635,7500,1813125
2026-08-20 13:15:00,ATM-1,PE,380.0,388.15,2.85,2.85,2.85,2.85,34.57443,0,1813125
2026-08-20 13:20:00,ATM-1,PE,380.0,388.05,2.85,2.85,2.75,2.75,33.757615,24375,1811250
2026-08-20 13:25:00,ATM-1,PE,380.0,387.65,2.75,2.85,2.75,2.85,33.678638,7500,1813125
2026-08-20 13:30:00,ATM-1,PE,380.0,387.65,2.8,2.85,2.8,2.8,33.369331,15000,1805625
2026-08-20 13:35:00,ATM-1,PE,380.0,387.4,2.9,2.9,2.8,2.9,33.554487,11250,1809375
2026-08-20 13:40:00,ATM-1,PE,380.0,387.2,2.9,3.0,2.9,3.0,33.822308,22500,1809375
2026-08-20 13:45:00,ATM-1,PE,380.0,387.05,3.0,3.0,2.95,2.95,33.234684,24375,1801875
2026-08-20 13:50:00,ATM-1,PE,380.0,386.75,2.95,3.05,2.95,3.05,33.301089,11250,1801875
2026-08-20 13:55:00,ATM-1,PE,380.0,387.05,3.05,3.05,2.95,3.0,33.570847,26250,1792500
2026-08-20 14:00:00,ATM-1,PE,380.0,387.35,3.0,3.0,2.85,2.85,33.196677,31875,1775625
2026-08-20 14:05:00,ATM-1,PE,380.0,387.45,2.85,2.85,2.8,2.8,33.074113,5625,1779375
2026-08-20 14:10:00,ATM-1,PE,380.0,387.1,2.8,2.85,2.8,2.85,32.749557,9375,1779375
2026-08-20 14:15:00,ATM-1,PE,380.0,387.55,2.85,2.9,2.7,2.7,32.637249,24375,1781250
2026-08-20 14:20:00,ATM-1,PE,380.0,387.4,2.7,2.75,2.7,2.7,32.370955,18750,1775625
2026-08-20 14:25:00,ATM-1,PE,380.0,387.7,2.7,2.7,2.5,2.5,31.630325,7500,1781250
2026-08-20 14:30:00,ATM-1,PE,380.0,387.15,2.6,2.85,2.5,2.85,32.885841,48750,1783125
2026-08-20 14:35:00,ATM-1,PE,380.0,387.05,2.85,2.95,2.85,2.95,33.34177,28125,1798125
2026-08-20 14:40:00,ATM-1,PE,380.0,387.15,2.95,2.95,2.8,2.8,32.588344,1875,1798125
2026-08-20 14:45:00,ATM-1,PE,380.0,387.1,2.8,2.85,2.8,2.85,32.823528,16875,1798125
2026-08-20 14:50:00,ATM-1,PE,380.0,387.0,2.85,2.85,2.85,2.85,32.645336,0,1805625
2026-08-20 14:55:00,ATM-1,PE,380.0,387.0,2.9,2.95,2.85,2.9,32.973266,50625,1803750
2026-08-20 15:00:00,ATM-1,PE,380.0,386.35,2.95,3.2,2.9,3.1,32.987418,82500,1775625
2026-08-20 15:05:00,ATM-1,PE,380.0,385.9,3.2,3.5,3.1,3.35,33.64772,206250,1753125
2026-08-20 15:10:00,ATM-1,PE,380.0,385.6,3.3,3.35,3.2,3.2,32.138314,75000,1768125
2026-08-20 15:15:00,ATM-1,PE,380.0,385.6,3.2,3.2,3.15,3.2,32.148688,16875,1771875
2026-08-20 15:20:00,ATM-1,PE,380.0,385.6,3.15,3.45,3.15,3.4,33.379409,48750,1770000
2026-08-20 15:25:00,ATM-1,PE,380.0,385.6,3.45,3.5,3.4,3.5,33.99776,20625,1762500
2026-08-20 15:30:00,ATM-1,PE,380.0,385.6,3.45,3.55,3.4,3.55,34.311993,43125,1766250
2026-08-20 15:35:00,ATM-1,PE,380.0,385.6,3.65,3.65,3.3,3.45,33.716064,180000,1764375
2026-08-21 09:15:00,ATM-1,PE,380.0,390.05,3.3,3.35,2.05,2.05,35.337292,541875,1876875
2026-08-21 09:20:00,ATM-1,PE,380.0,388.4,2.0,2.2,2.0,2.15,33.068055,181875,1950000
2026-08-21 09:25:00,ATM-1,PE,380.0,391.9,2.05,2.15,1.5,1.5,34.01943,240000,1948125
2026-08-21 09:30:00,ATM-1,PE,380.0,391.05,1.45,1.6,1.45,1.55,33.053243,86250,1942500
2026-08-21 09:35:00,ATM-1,PE,380.0,391.5,1.5,1.55,1.4,1.55,33.819549,547500,1966875
2026-08-21 09:40:00,ATM-1,PE,380.0,392.8,1.5,1.55,1.3,1.3,33.692682,157500,2013750
2026-08-21 09:45:00,ATM-1,PE,380.0,391.4,1.3,1.45,1.3,1.45,32.807834,105000,2038125
2026-08-21 09:50:00,ATM-1,PE,380.0,392.9,1.45,1.45,1.2,1.25,33.402746,281250,2013750
2026-08-21 09:55:00,ATM-1,PE,380.0,394.0,1.25,1.25,1.1,1.2,34.631775,168750,1993125
2026-08-21 10:00:00,ATM-1,PE,380.0,392.35,1.25,1.35,1.2,1.3,33.030978,290625,2034375
2026-08-21 10:05:00,ATM-1,PE,380.0,392.45,1.35,1.35,1.3,1.35,33.667343,46875,2040000
2026-08-21 10:10:00,ATM-1,PE,380.0,392.3,1.4,1.4,1.3,1.35,33.439743,69375,2070000
2026-08-21 10:15:00,ATM-1,PE,380.0,392.5,1.35,1.35,1.25,1.25,32.838212,67500,2051250
2026-08-21 10:20:00,ATM-1,PE,380.0,391.6,1.35,1.4,1.25,1.35,32.332821,82500,2056875
2026-08-21 10:25:00,ATM-1,PE,380.0,394.15,1.4,1.4,1.15,1.15,34.440314,316875,2146875
2026-08-21 10:30:00,ATM-1,PE,380.0,393.25,1.1,1.2,1.1,1.2,33.57052,148125,2051250
2026-08-21 10:35:00,ATM-1,PE,380.0,394.0,1.2,1.2,1.1,1.1,33.729947,50625,2049375
2026-08-21 10:40:00,ATM-1,PE,380.0,393.1,1.1,1.2,1.1,1.2,33.363803,22500,2047500
2026-08-21 10:45:00,ATM-1,PE,380.0,392.8,1.2,1.2,1.2,1.2,32.908581,7500,2045625
2026-08-21 10:50:00,ATM-1,PE,380.0,392.45,1.2,1.3,1.2,1.3,33.321135,65625,2077500
2026-08-21 10:55:00,ATM-1,PE,380.0,392.55,1.3,1.3,1.25,1.25,33.021206,3750,2073750
2026-08-21 11:00:00,ATM-1,PE,380.0,392.4,1.25,1.3,1.25,1.3,33.267526,69375,2041875
2026-08-21 11:05:00,ATM-1,PE,380.0,392.65,1.3,1.35,1.25,1.25,33.205832,9375,2038125
2026-08-21 11:10:00,ATM-1,PE,380.0,392.55,1.25,1.25,1.25,1.25,33.060473,22500,2032500
2026-08-21 11:15:00,ATM-1,PE,380.0,392.1,1.25,1.3,1.25,1.3,32.825081,15000,2028750
2026-08-21 11:20:00,ATM-1,PE,380.0,392.65,1.3,1.3,1.25,1.25,33.245393,24375,2034375
2026-08-21 11:25:00,ATM-1,PE,380.0,392.25,1.25,1.4,1.25,1.3,33.092685,110625,2017500
2026-08-21 11:30:00,ATM-1,PE,380.0,392.3,1.3,1.35,1.25,1.3,33.186252,31875,1942500
2026-08-21 11:35:00,ATM-1,PE,380.0,391.95,1.3,1.35,1.3,1.35,33.096901,219375,2041875
2026-08-21 11:40:00,ATM-1,PE,380.0,392.45,1.35,1.35,1.25,1.25,32.980256,163125,2058750
2026-08-21 11:45:00,ATM-1,PE,380.0,392.7,1.25,1.25,1.2,1.2,32.908355,30000,2060625
2026-08-21 11:50:00,ATM-1,PE,380.0,392.35,1.2,1.25,1.2,1.25,32.846973,43125,2004375
2026-08-21 11:55:00,ATM-1,PE,380.0,392.2,1.3,1.3,1.2,1.2,32.142743,24375,2004375
2026-08-21 12:00:00,ATM-1,PE,380.0,392.25,1.2,1.2,1.2,1.2,32.235113,0,2004375
2026-08-21 12:05:00,ATM-1,PE,380.0,392.4,1.2,1.2,1.2,1.2,32.48629,46875,1981875
2026-08-21 12:10:00,ATM-1,PE,380.0,392.25,1.2,1.25,1.2,1.25,32.739408,26250,1978125
2026-08-21 12:15:00,ATM-1,PE,380.0,392.25,1.2,1.3,1.15,1.25,32.752529,46875,2000625
2026-08-21 12:20:00,ATM-1,PE,380.0,392.6,1.2,1.25,1.2,1.2,32.842539,45000,1998750
2026-08-21 12:25:00,ATM-1,PE,380.0,392.4,1.2,1.2,1.2,1.2,32.538426,7500,2000625
2026-08-21 12:30:00,ATM-1,PE,380.0,392.5,1.2,1.2,1.15,1.2,32.710354,11250,1998750
2026-08-21 12:35:00,ATM-1,PE,380.0,392.45,1.2,1.2,1.2,1.2,32.644087,9375,1991250
2026-08-21 12:40:00,ATM-1,PE,380.0,392.6,1.2,1.2,1.1,1.1,31.90727,58125,1970625
2026-08-21 12:45:00,ATM-1,PE,380.0,393.55,1.15,1.15,1.05,1.05,32.874989,60000,1972500
2026-08-21 12:50:00,ATM-1,PE,380.0,393.5,1.0,1.05,1.0,1.05,32.811923,110625,1916250
2026-08-21 12:55:00,ATM-1,PE,380.0,393.45,1.05,1.05,1.0,1.05,32.748746,30000,1908750
2026-08-21 13:00:00,ATM-1,PE,380.0,393.85,1.05,1.05,1.0,1.0,32.841027,35625,1906875
2026-08-21 13:05:00,ATM-1,PE,380.0,394.25,1.0,1.05,0.95,0.95,32.909405,65625,1890000
2026-08-21 13:10:00,ATM-1,PE,390.0,395.45,0.9,2.9,0.8,2.8,31.480861,315000,1533750
2026-08-21 13:15:00,ATM-1,PE,390.0,396.8,2.7,2.8,2.5,2.5,32.250497,350625,1500000
2026-08-21 13:20:00,ATM-1,PE,390.0,396.2,2.7,2.85,2.5,2.6,31.730661,271875,1426875
2026-08-21 13:25:00,ATM-1,PE,390.0,396.5,2.6,2.65,2.45,2.5,31.669546,63750,1436250
2026-08-21 13:30:00,ATM-1,PE,390.0,396.2,2.4,2.8,2.4,2.45,30.725244,208125,1488750
2026-08-21 13:35:00,ATM-1,PE,390.0,396.15,2.5,2.65,2.45,2.55,31.322966,37500,1494375
2026-08-21 13:40:00,ATM-1,PE,390.0,396.7,2.5,2.55,2.5,2.5,32.11322,125625,1473750
2026-08-21 13:45:00,ATM-1,PE,390.0,396.5,2.5,2.65,2.45,2.65,32.755725,99375,1513125
2026-08-21 13:50:00,ATM-1,PE,390.0,396.5,2.55,2.65,2.5,2.5,31.733054,63750,1561875
2026-08-21 13:55:00,ATM-1,PE,390.0,396.6,2.45,2.5,2.3,2.4,31.251682,41250,1588125
2026-08-21 14:00:00,ATM-1,PE,390.0,396.9,2.4,2.45,2.3,2.45,32.218412,114375,1616250
2026-08-21 14:05:00,ATM-1,PE,390.0,396.3,2.5,2.55,2.45,2.55,31.707752,31875,1590000
2026-08-21 14:10:00,ATM-1,PE,390.0,396.95,2.55,2.55,2.35,2.35,31.638965,39375,1582500
2026-08-21 14:15:00,ATM-1,PE,390.0,396.9,2.15,2.35,2.15,2.3,31.197521,148125,1573125
2026-08-21 14:20:00,ATM-1,PE,390.0,397.0,2.25,2.3,2.15,2.25,31.051901,35625,1590000
2026-08-21 14:25:00,ATM-1,PE,390.0,396.8,2.25,2.3,2.15,2.2,30.311504,35625,1595625
2026-08-21 14:30:00,ATM-1,PE,390.0,396.55,2.25,2.25,2.1,2.1,29.113199,80625,1605000
2026-08-21 14:35:00,ATM-1,PE,390.0,396.6,2.1,2.15,2.1,2.15,29.581979,16875,1627500
2026-08-21 14:40:00,ATM-1,PE,390.0,396.65,2.15,2.2,2.1,2.2,30.050413,30000,1616250
2026-08-21 14:45:00,ATM-1,PE,390.0,396.55,2.1,2.2,2.05,2.1,29.148471,71250,1606875
2026-08-21 14:50:00,ATM-1,PE,390.0,396.65,2.05,2.15,2.05,2.15,29.717138,43125,1610625
2026-08-21 14:55:00,ATM-1,PE,390.0,396.25,2.05,2.25,2.05,2.2,29.28509,60000,1586250
2026-08-21 15:00:00,ATM-1,PE,390.0,396.3,2.25,2.35,2.15,2.15,29.04271,236250,1539375
2026-08-21 15:05:00,ATM-1,PE,390.0,396.45,2.1,2.15,2.0,2.0,28.276928,193125,1522500
2026-08-21 15:10:00,ATM-1,PE,390.0,396.3,2.05,2.05,1.85,1.95,27.630506,116250,1490625
2026-08-21 15:15:00,ATM-1,PE,390.0,396.3,1.95,1.95,1.85,1.85,26.913878,11250,1485000
2026-08-21 15:20:00,ATM-1,PE,390.0,396.3,1.85,1.9,1.75,1.9,27.289709,118125,1479375
2026-08-21 15:25:00,ATM-1,PE,380.0,394.45,1.95,2.05,0.65,0.7,30.620488,46875,1786875
2026-08-21 15:30:00,ATM-1,PE,380.0,394.45,0.7,0.7,0.65,0.7,30.633221,26250,1773750
2026-08-21 15:35:00,ATM-1,PE,380.0,394.45,0.65,0.7,0.65,0.7,30.645971,16875,1770000
2026-08-24 09:15:00,ATM-1,PE,390.0,400.1,1.1,1.5,0.65,0.9,44.871947,742500,1612500
2026-08-24 09:20:00,ATM-1,PE,390.0,399.0,0.85,0.95,0.85,0.95,42.655728,281250,1545000
2026-08-24 09:25:00,ATM-1,PE,390.0,399.45,1.0,1.0,0.9,0.95,44.010266,155625,1539375
2026-08-24 09:30:00,ATM-1,PE,390.0,398.2,1.0,1.15,0.95,1.1,42.801562,136875,1545000
2026-08-24 09:35:00,ATM-1,PE,390.0,398.3,1.15,1.15,1.0,1.0,41.585853,478125,1518750
2026-08-24 09:40:00,ATM-1,PE,390.0,399.6,0.8,1.05,0.8,0.8,42.000556,585000,1535625
2026-08-24 09:45:00,ATM-1,PE,390.0,400.55,0.75,0.85,0.7,0.75,43.738674,391875,1618125
2026-08-24 09:50:00,ATM-1,PE,390.0,399.0,0.75,0.9,0.75,0.9,42.163185,174375,1616250
2026-08-24 09:55:00,ATM-1,PE,390.0,399.85,0.9,0.9,0.75,0.75,41.948909,153750,1621875
2026-08-24 10:00:00,ATM-1,PE,390.0,399.25,0.8,0.9,0.75,0.9,43.001659,142500,1601250
2026-08-24 10:05:00,ATM-1,PE,390.0,399.8,0.9,0.9,0.75,0.8,42.850097,245625,1563750
2026-08-24 10:10:00,ATM-1,PE,390.0,399.8,0.8,0.8,0.8,0.8,42.909685,31875,1567500
2026-08-24 10:15:00,ATM-1,PE,390.0,400.45,0.75,0.8,0.7,0.7,42.861502,183750,1612500
2026-08-24 10:20:00,ATM-1,PE,390.0,400.7,0.65,0.75,0.65,0.7,43.595385,166875,1620000
2026-08-24 10:25:00,ATM-1,PE,390.0,400.7,0.65,0.7,0.65,0.7,43.656591,290625,1775625
2026-08-24 10:30:00,ATM-1,PE,390.0,400.75,0.7,0.7,0.65,0.7,43.852826,118125,1766250
2026-08-24 10:35:00,ATM-1,PE,390.0,400.45,0.65,0.7,0.6,0.6,41.070717,384375,1848750
2026-08-24 10:40:00,ATM-1,PE,390.0,401.1,0.6,0.6,0.55,0.6,42.838629,301875,1895625
2026-08-24 10:45:00,ATM-1,PE,390.0,402.3,0.6,0.65,0.55,0.55,44.870372,63750,1871250
2026-08-24 10:50:00,ATM-1,PE,390.0,402.25,0.55,0.6,0.5,0.6,45.946035,140625,1910625
2026-08-24 10:55:00,ATM-1,PE,390.0,401.25,0.6,0.6,0.55,0.55,42.312944,13125,1910625
2026-08-24 11:00:00,ATM-1,PE,390.0,401.65,0.65,0.65,0.5,0.6,44.523047,275625,1893750
2026-08-24 11:05:00,ATM-1,PE,390.0,402.05,0.6,0.6,0.5,0.55,44.491046,60000,1884375
2026-08-24 11:10:00,ATM-1,PE,390.0,401.4,0.55,0.55,0.5,0.55,42.883998,166875,1905000
2026-08-24 11:15:00,ATM-1,PE,390.0,401.45,0.55,0.55,0.55,0.55,43.075437,86250,1846875
2026-08-24 11:20:00,ATM-1,PE,390.0,401.35,0.55,0.55,0.55,0.55,42.878603,22500,1848750
2026-08-24 11:25:00,ATM-1,PE,390.0,401.35,0.55,0.55,0.5,0.5,41.782283,159375,1876875
2026-08-24 11:30:00,ATM-1,PE,390.0,400.7,0.5,0.5,0.5,0.5,40.168144,48750,1880625
2026-08-24 11:35:00,ATM-1,PE,390.0,400.65,0.55,0.55,0.5,0.55,41.230159,30000,1880625
2026-08-24 11:40:00,ATM-1,PE,390.0,401.15,0.55,0.55,0.5,0.5,41.45109,108750,1873125
2026-08-24 11:45:00,ATM-1,PE,390.0,402.0,0.5,0.5,0.4,0.4,41.139375,172500,1891875
2026-08-24 11:50:00,ATM-1,PE,390.0,401.15,0.4,0.45,0.4,0.45,40.36424,16875,1906875
2026-08-24 11:55:00,ATM-1,PE,390.0,401.1,0.5,0.55,0.45,0.55,42.664049,232500,1880625
2026-08-24 12:00:00,ATM-1,PE,390.0,401.6,0.55,0.55,0.4,0.4,40.332631,168750,1895625
2026-08-24 12:05:00,ATM-1,PE,390.0,401.4,0.4,0.45,0.4,0.45,41.181424,15000,1891875
2026-08-24 12:10:00,ATM-1,PE,390.0,403.3,0.35,0.45,0.3,0.35,43.169716,523125,2070000
2026-08-24 12:15:00,ATM-1,PE,390.0,402.9,0.35,0.35,0.3,0.35,42.279964,91875,2010000
2026-08-24 12:20:00,ATM-1,PE,390.0,403.0,0.35,0.35,0.35,0.35,42.583176,48750,2023125
2026-08-24 12:25:00,ATM-1,PE,390.0,402.85,0.35,0.35,0.35,0.35,42.28755,31875,2026875
2026-08-24 12:30:00,ATM-1,PE,390.0,402.75,0.35,0.35,0.35,0.35,42.110789,18750,2013750
2026-08-24 12:35:00,ATM-1,PE,390.0,403.5,0.35,0.35,0.35,0.35,43.975043,13125,2010000
2026-08-24 12:40:00,ATM-1,PE,390.0,403.65,0.35,0.35,0.35,0.35,44.400439,33750,1991250
2026-08-24 12:45:00,ATM-1,PE,390.0,404.4,0.35,0.35,0.35,0.35,46.251517,71250,1987500
2026-08-24 12:50:00,ATM-1,PE,390.0,404.65,0.35,0.35,0.3,0.3,45.255841,31875,1989375
2026-08-24 12:55:00,ATM-1,PE,390.0,404.9,0.35,0.35,0.3,0.35,47.576531,1875,1989375
2026-08-24 13:00:00,ATM-1,PE,390.0,404.35,0.3,0.35,0.3,0.35,46.34685,13125,1983750
2026-08-24 13:05:00,ATM-1,PE,390.0,404.4,0.3,0.35,0.3,0.3,44.885585,52500,1957500
2026-08-24 13:10:00,ATM-1,PE,390.0,403.75,0.3,0.35,0.3,0.35,45.053725,75000,1953750
2026-08-24 13:15:00,ATM-1,PE,390.0,403.8,0.35,0.35,0.3,0.3,43.620032,39375,1995000
2026-08-24 13:20:00,ATM-1,PE,390.0,403.25,0.3,0.35,0.3,0.35,43.983953,82500,2030625
2026-08-24 13:25:00,ATM-1,PE,390.0,403.25,0.35,0.35,0.3,0.35,44.052995,30000,2045625
2026-08-24 13:30:00,ATM-1,PE,390.0,402.55,0.3,0.35,0.3,0.35,42.407162,41250,2049375
2026-08-24 13:35:00,ATM-1,PE,390.0,402.55,0.35,0.35,0.3,0.3,40.910262,28125,2070000
2026-08-24 13:40:00,ATM-1,PE,390.0,402.7,0.3,0.35,0.3,0.35,42.911604,30000,2086875
2026-08-24 13:45:00,ATM-1,PE,390.0,404.0,0.35,0.35,0.3,0.3,44.508893,196875,2004375
2026-08-24 13:50:00,ATM-1,PE,390.0,403.2,0.3,0.3,0.3,0.3,42.671831,82500,1940625
2026-08-24 13:55:00,ATM-1,PE,390.0,403.5,0.35,0.35,0.3,0.35,45.087574,13125,1942500
2026-08-24 14:00:00,ATM-1,PE,390.0,403.65,0.35,0.35,0.3,0.35,45.527561,20625,1935000
2026-08-24 14:05:00,ATM-1,PE,390.0,403.95,0.35,0.35,0.3,0.3,44.67593,52500,1944375
2026-08-24 14:10:00,ATM-1,PE,390.0,403.6,0.3,0.35,0.3,0.35,45.551824,48750,1918125
2026-08-24 14:15:00,ATM-1,PE,390.0,402.85,0.35,0.35,0.3,0.3,42.168157,3750,1921875
2026-08-24 14:20:00,ATM-1,PE,390.0,402.75,0.35,0.35,0.3,0.3,41.993146,26250,1921875
2026-08-24 14:25:00,ATM-1,PE,390.0,402.65,0.3,0.35,0.3,0.35,43.412474,56250,1867500
2026-08-24 14:30:00,ATM-1,PE,390.0,402.7,0.3,0.35,0.3,0.35,43.60889,3750,1865625
2026-08-24 14:35:00,ATM-1,PE,390.0,402.3,0.35,0.35,0.3,0.3,41.093552,7500,1865625
2026-08-24 14:40:00,ATM-1,PE,390.0,402.5,0.35,0.35,0.3,0.35,43.248886,67500,1863750
2026-08-24 14:45:00,ATM-1,PE,390.0,402.5,0.3,0.35,0.25,0.25,39.989725,15000,1813125
2026-08-24 14:50:00,ATM-1,PE,390.0,401.95,0.25,0.3,0.25,0.3,40.427743,22500,1820625
2026-08-24 14:55:00,ATM-1,PE,390.0,402.25,0.3,0.3,0.25,0.25,39.519347,11250,1833750
2026-08-24 15:00:00,ATM-1,PE,390.0,401.75,0.25,0.3,0.25,0.3,40.061677,18750,1835625
2026-08-24 15:05:00,ATM-1,PE,390.0,400.9,0.3,0.35,0.3,0.3,37.978072,178125,1905000
2026-08-24 15:10:00,ATM-1,PE,390.0,400.5,0.3,0.3,0.25,0.3,37.017342,22500,1914375
2026-08-24 15:15:00,ATM-1,PE,390.0,400.5,0.3,0.3,0.25,0.3,37.07969,45000,1912500
2026-08-24 15:20:00,ATM-1,PE,390.0,400.5,0.3,0.35,0.25,0.35,38.635192,31875,1918125
2026-08-24 15:25:00,ATM-1,PE,390.0,403.3,0.35,0.4,0.3,0.35,45.942662,136875,1882500
2026-08-24 15:30:00,ATM-1,PE,390.0,403.3,0.35,0.35,0.3,0.35,46.021103,39375,1805625
2026-08-24 15:35:00,ATM-1,PE,390.0,403.3,0.3,0.35,0.25,0.3,44.428253,60000,1796250
2026-08-25 09:15:00,ATM-1,PE,390.0,399.4,0.35,0.35,0.25,0.25,63.653693,121875,1593750
2026-08-25 09:20:00,ATM-1,PE,390.0,397.7,0.25,0.25,0.2,0.2,52.320911,56250,1561875
2026-08-25 09:25:00,ATM-1,PE,390.0,397.55,0.2,0.2,0.15,0.15,48.499043,581250,1438125
2026-08-25 09:30:00,ATM-1,PE,390.0,398.3,0.2,0.3,0.15,0.15,52.487791,476250,1468125
2026-08-25 09:35:00,ATM-1,PE,390.0,397.1,0.25,0.35,0.15,0.35,58.497587,52500,1466250
2026-08-25 09:40:00,ATM-1,PE,390.0,397.95,0.4,0.55,0.35,0.4,66.26643,339375,1391250
2026-08-25 09:45:00,ATM-1,PE,390.0,397.2,0.45,0.6,0.3,0.5,66.862306,163125,1327500
2026-08-25 09:50:00,ATM-1,PE,390.0,397.2,0.5,0.6,0.5,0.6,71.576639,103125,1301250
2026-08-25 09:55:00,ATM-1,PE,390.0,396.7,0.6,0.6,0.4,0.4,60.2115,54375,1280625
2026-08-25 10:00:00,ATM-1,PE,390.0,396.7,0.4,0.55,0.15,0.2,49.930316,345000,1166250
2026-08-25 10:05:00,ATM-1,PE,390.0,396.5,0.3,0.3,0.2,0.3,54.917775,133125,1166250
2026-08-25 10:10:00,ATM-1,PE,390.0,396.2,0.3,0.45,0.3,0.45,60.707473,174375,1179375
2026-08-25 10:15:00,ATM-1,PE,390.0,396.0,0.35,0.45,0.35,0.4,57.609039,65625,1173750
2026-08-25 10:20:00,ATM-1,PE,380.0,394.7,0.5,0.6,0.1,0.15,90.390551,133125,1413750
2026-08-25 10:25:00,ATM-1,PE,380.0,394.9,0.15,0.7,0.1,0.15,92.090627,148125,1366875
2026-08-25 10:30:00,ATM-1,PE,380.0,394.5,0.15,0.15,0.1,0.15,90.870537,82500,1391250
2026-08-25 10:35:00,ATM-1,PE,380.0,394.15,0.15,0.15,0.15,0.15,89.876938,7500,1387500
2026-08-25 10:40:00,ATM-1,PE,380.0,393.15,0.15,0.15,0.1,0.1,79.285499,86250,1389375
2026-08-25 10:45:00,ATM-1,PE,380.0,393.4,0.15,0.2,0.1,0.15,87.578135,114375,1325625
2026-08-25 10:50:00,ATM-1,PE,380.0,392.95,0.15,0.15,0.1,0.15,86.004289,112500,1254375
2026-08-25 10:55:00,ATM-1,PE,380.0,393.3,0.15,0.15,0.1,0.15,88.601433,22500,1252500
2026-08-25 11:00:00,ATM-1,PE,380.0,393.0,0.15,0.15,0.1,0.15,87.815153,41250,1252500
2026-08-25 11:05:00,ATM-1,PE,380.0,393.5,0.15,0.15,0.15,0.15,91.287309,61875,1246875
2026-08-25 11:10:00,ATM-1,PE,380.0,392.95,0.15,0.2,0.15,0.2,94.605925,35625,1224375
2026-08-25 11:15:00,ATM-1,PE,380.0,392.5,0.2,0.25,0.15,0.2,92.947008,43125,1209375
2026-08-25 11:20:00,ATM-1,PE,380.0,392.4,0.25,0.35,0.2,0.25,98.000884,56250,1203750
2026-08-25 11:25:00,ATM-1,PE,380.0,392.75,0.3,0.3,0.1,0.25,101.077899,196875,1198125
2026-08-25 11:30:00,ATM-1,PE,380.0,392.8,0.2,0.25,0.2,0.25,102.404181,18750,1190625
2026-08-25 11:35:00,ATM-1,PE,380.0,393.2,0.3,0.3,0.2,0.2,100.874715,22500,1181250
2026-08-25 11:40:00,ATM-1,PE,380.0,393.1,0.25,0.25,0.2,0.2,101.344807,11250,1175625
2026-08-25 11:45:00,ATM-1,PE,380.0,393.25,0.2,0.2,0.1,0.15,97.449015,120000,1108125
2026-08-25 11:50:00,ATM-1,PE,380.0,392.65,0.15,0.15,0.1,0.1,87.97543,20625,1102500
2026-08-25 11:55:00,ATM-1,PE,380.0,393.25,0.1,0.15,0.1,0.1,92.339067,5625,1096875
2026-08-25 12:00:00,ATM-1,PE,380.0,393.65,0.15,0.15,0.1,0.1,95.664638,24375,1095000
2026-08-25 12:05:00,ATM-1,PE,390.0,395.6,0.1,0.5,0.1,0.45,70.578911,50625,916875
2026-08-25 12:10:00,ATM-1,PE,390.0,395.95,0.45,0.5,0.3,0.3,65.434819,39375,924375
2026-08-25 12:15:00,ATM-1,PE,390.0,396.75,0.5,0.5,0.25,0.3,72.365617,48750,930000
2026-08-25 12:20:00,ATM-1,PE,390.0,396.15,0.2,0.5,0.2,0.25,65.177212,103125,935625
2026-08-25 12:25:00,ATM-1,PE,390.0,395.9,0.2,0.25,0.05,0.05,44.494372,155625,931875
2026-08-25 12:30:00,ATM-1,PE,390.0,395.65,0.1,0.15,0.05,0.15,55.045103,91875,918750
2026-08-25 12:35:00,ATM-1,PE,390.0,395.55,0.15,0.15,0.1,0.1,50.084768,16875,913125
2026-08-25 12:40:00,ATM-1,PE,390.0,395.05,0.1,0.1,0.1,0.1,47.243506,9375,907500
2026-08-25 12:45:00,ATM-1,PE,380.0,394.8,0.05,0.05,0.05,0.05,102.640556,28125,1038750
2026-08-25 12:50:00,ATM-1,PE,380.0,394.8,0.05,0.2,0.05,0.2,0.0,71250,1006875
2026-08-25 12:55:00,ATM-1,PE,390.0,395.05,0.2,0.2,0.1,0.15,54.44499,63750,900000
2026-08-25 13:00:00,ATM-1,PE,380.0,394.3,0.1,0.15,0.1,0.15,0.0,45000,982500
2026-08-25 13:05:00,ATM-1,PE,380.0,393.95,0.05,0.15,0.05,0.1,0.0,82500,922500
2026-08-25 13:10:00,ATM-1,PE,380.0,394.0,0.1,0.15,0.1,0.15,0.0,13125,922500
2026-08-25 13:15:00,ATM-1,PE,380.0,394.9,0.15,0.15,0.15,0.15,0.0,1875,922500
2026-08-25 13:20:00,ATM-1,PE,380.0,393.85,0.15,0.15,0.15,0.15,0.0,3750,926250
2026-08-25 13:25:00,ATM-1,PE,380.0,394.1,0.15,0.15,0.1,0.1,0.0,9375,926250
2026-08-25 13:30:00,ATM-1,PE,380.0,394.6,0.1,0.1,0.1,0.1,0.0,0,926250
2026-08-25 13:35:00,ATM-1,PE,380.0,394.5,0.1,0.1,0.1,0.1,0.0,0,926250
2026-08-25 13:40:00,ATM-1,PE,380.0,394.4,0.1,0.1,0.1,0.1,0.0,3750,922500
2026-08-25 13:45:00,ATM-1,PE,380.0,394.2,0.1,0.1,0.1,0.1,0.0,0,922500
2026-08-25 13:50:00,ATM-1,PE,380.0,394.75,0.1,0.1,0.1,0.1,0.0,1875,918750
2026-08-25 13:55:00,ATM-1,PE,380.0,394.6,0.1,0.1,0.1,0.1,0.0,5625,913125
2026-08-25 14:00:00,ATM-1,PE,380.0,394.3,0.1,0.1,0.1,0.1,0.0,0,913125
2026-08-25 14:05:00,ATM-1,PE,380.0,394.25,0.1,0.1,0.1,0.1,0.0,45000,909375
2026-08-25 14:10:00,ATM-1,PE,380.0,393.75,0.1,0.15,0.1,0.15,0.0,11250,894375
2026-08-25 14:15:00,ATM-1,PE,380.0,394.05,0.05,0.15,0.05,0.15,0.0,30000,864375
2026-08-25 14:20:00,ATM-1,PE,380.0,393.75,0.15,0.2,0.15,0.2,0.0,52500,862500
2026-08-25 14:25:00,ATM-1,PE,380.0,394.1,0.1,0.2,0.1,0.15,0.0,11250,847500
2026-08-25 14:30:00,ATM-1,PE,380.0,393.9,0.1,0.15,0.1,0.1,0.0,18750,847500
2026-08-25 14:35:00,ATM-1,PE,380.0,394.3,0.1,0.1,0.05,0.05,0.0,5625,845625
2026-08-25 14:40:00,ATM-1,PE,380.0,395.0,0.1,0.1,0.05,0.1,0.0,5625,843750
2026-08-25 14:45:00,ATM-1,PE,390.0,395.35,0.05,0.05,0.05,0.05,80.037487,0,765000
2026-08-25 14:50:00,ATM-1,PE,390.0,395.35,0.05,0.05,0.05,0.05,84.361935,7500,763125
2026-08-25 14:55:00,ATM-1,PE,390.0,395.1,0.05,0.1,0.05,0.05,86.098377,16875,757500
2026-08-25 15:00:00,ATM-1,PE,380.0,394.95,0.05,0.1,0.05,0.05,0.0,3750,832500
2026-08-25 15:05:00,ATM-1,PE,380.0,395.0,0.05,0.1,0.05,0.1,0.0,11250,819375
2026-08-25 15:10:00,ATM-1,PE,390.0,395.95,0.05,0.1,0.05,0.05,0.0,1875,755625
2026-08-25 15:15:00,ATM-1,PE,390.0,395.95,0.05,0.05,0.05,0.05,0.0,0,755625
2026-08-25 15:20:00,ATM-1,PE,390.0,395.95,0.05,0.05,0.05,0.05,0.0,1875,753750
2026-08-25 15:25:00,ATM-1,PE,390.0,397.8,0.05,0.05,0.05,0.05,0.0,0,753750
2026-08-25 15:30:00,ATM-1,PE,390.0,397.8,0.05,0.05,0.05,0.05,0.0,28125,746250
2026-08-25 15:35:00,ATM-1,PE,390.0,397.8,0.05,0.05,0.05,0.05,0.0,0,746250
2026-08-20 09:15:00,ATM,CE,390.0,393.45,5.65,9.1,5.65,7.4,27.447329,1059375,2180625
2026-08-20 09:20:00,ATM,CE,390.0,388.25,7.55,7.55,5.4,5.4,32.088007,796875,2180625
2026-08-20 09:25:00,ATM,CE,390.0,388.9,5.45,5.55,5.0,5.35,30.138604,508125,2341875
2026-08-20 09:30:00,ATM,CE,390.0,388.0,5.1,5.35,4.7,4.85,29.778016,313125,2396250
2026-08-20 09:35:00,ATM,CE,390.0,387.85,4.9,5.0,4.75,4.75,29.6239,71250,2413125
2026-08-20 09:40:00,ATM,CE,390.0,387.35,4.6,4.75,4.3,4.6,30.053925,183750,2454375
2026-08-20 09:45:00,ATM,CE,390.0,387.1,4.55,4.75,4.5,4.5,30.12514,110625,2486250
2026-08-20 09:50:00,ATM,CE,390.0,387.55,4.55,4.7,4.5,4.7,30.129305,165000,2570625
2026-08-20 09:55:00,ATM,CE,390.0,387.8,4.7,4.8,4.6,4.75,29.791639,56250,2572500
2026-08-20 10:00:00,ATM,CE,390.0,388.2,4.75,5.0,4.65,4.9,29.606237,97500,2550000
2026-08-20 10:05:00,ATM,CE,390.0,388.5,4.85,5.3,4.85,5.15,30.196378,213750,2568750
2026-08-20 10:10:00,ATM,CE,390.0,389.65,5.2,5.7,5.15,5.7,30.092656,395625,2645625
2026-08-20 10:15:00,ATM,CE,390.0,389.15,5.65,5.7,5.45,5.45,30.119739,181875,2638125
2026-08-20 10:20:00,ATM,CE,390.0,389.65,5.45,5.6,5.25,5.6,29.576375,133125,2611875
2026-08-20 10:25:00,ATM,CE,390.0,388.85,5.65,5.65,4.95,5.25,29.863228,298125,2460000
2026-08-20 10:30:00,ATM,CE,390.0,389.7,5.3,5.7,5.25,5.7,29.998342,206250,2518125
2026-08-20 10:35:00,ATM,CE,390.0,390.5,5.9,6.4,5.7,6.0,29.357932,470625,2418750
2026-08-20 10:40:00,ATM,CE,390.0,390.55,6.0,6.2,5.95,5.95,28.953308,123750,2371875
2026-08-20 10:45:00,ATM,CE,390.0,390.45,5.95,6.1,5.85,5.85,28.71454,52500,2351250
2026-08-20 10:50:00,ATM,CE,390.0,388.8,5.85,5.85,5.2,5.2,29.779817,378750,2482500
2026-08-20 10:55:00,ATM,CE,390.0,389.2,5.4,5.45,5.2,5.35,29.533214,146250,2550000
2026-08-20 11:00:00,ATM,CE,390.0,388.75,5.35,5.35,5.3,5.35,30.744979,50625,2576250
2026-08-20 11:05:00,ATM,CE,390.0,390.5,5.2,5.9,5.2,5.9,28.88224,211875,2514375
2026-08-20 11:10:00,ATM,CE,390.0,390.4,6.0,6.0,5.4,5.55,27.289973,71250,2520000
2026-08-20 11:15:00,ATM,CE,390.0,389.65,5.35,5.55,5.2,5.25,27.80529,67500,2516250
2026-08-20 11:20:00,ATM,CE,390.0,389.5,5.25,5.25,4.95,5.1,27.418809,63750,2501250
2026-08-20 11:25:00,ATM,CE,390.0,389.5,5.1,5.15,5.1,5.15,27.699331,7500,2501250
2026-08-20 11:30:00,ATM,CE,390.0,389.75,5.05,5.15,4.95,5.1,26.746872,60000,2486250
2026-08-20 11:35:00,ATM,CE,390.0,389.4,5.1,5.15,4.95,4.95,26.911878,60000,2505000
2026-08-20 11:40:00,ATM,CE,390.0,389.3,5.0,5.0,4.85,4.85,26.652977,15000,2488125
2026-08-20 11:45:00,ATM,CE,390.0,389.2,4.85,4.95,4.85,4.95,27.475403,54375,2516250
2026-08-20 11:50:00,ATM,CE,390.0,389.2,4.95,5.1,4.95,4.95,27.485633,11250,2520000
2026-08-20 11:55:00,ATM,CE,390.0,389.5,4.95,5.1,4.95,5.0,26.948609,39375,2495625
2026-08-20 12:00:00,ATM,CE,390.0,389.35,4.9,5.0,4.9,5.0,27.369767,22500,2503125
2026-08-20 12:05:00,ATM,CE,390.0,389.0,4.95,5.0,4.85,4.85,27.511497,13125,2510625
2026-08-20 12:10:00,ATM,CE,390.0,389.45,4.85,4.85,4.85,4.85,26.302917,48750,2495625
2026-08-20 12:15:00,ATM,CE,390.0,389.9,5.05,5.35,4.85,5.25,27.229143,99375,2445000
2026-08-20 12:20:00,ATM,CE,390.0,389.4,5.2,5.25,5.0,5.0,27.273906,69375,2446875
2026-08-20 12:25:00,ATM,CE,390.0,389.2,5.0,5.05,4.95,4.95,27.557481,11250,2450625
2026-08-20 12:30:00,ATM,CE,390.0,389.2,4.9,4.95,4.85,4.85,27.024441,9375,2450625
2026-08-20 12:35:00,ATM,CE,390.0,389.0,4.8,4.9,4.8,4.9,27.845101,31875,2475000
2026-08-20 12:40:00,ATM,CE,390.0,388.65,4.9,4.9,4.65,4.7,27.69457,43125,2458125
2026-08-20 12:45:00,ATM,CE,390.0,388.8,4.65,4.8,4.65,4.75,27.581969,71250,2401875
2026-08-20 12:50:00,ATM,CE,390.0,388.0,4.6,4.75,4.3,4.3,27.201529,110625,2392500
2026-08-20 12:55:00,ATM,CE,390.0,387.7,4.3,4.3,4.2,4.25,27.688478,61875,2386875
2026-08-20 13:00:00,ATM,CE,390.0,387.6,4.25,4.25,4.15,4.2,27.671285,46875,2420625
2026-08-20 13:05:00,ATM,CE,390.0,387.65,4.25,4.25,4.15,4.15,27.282159,41250,2418750
2026-08-20 13:10:00,ATM,CE,390.0,387.8,4.2,4.3,4.15,4.25,27.46999,20625,2413125
2026-08-20 13:15:00,ATM,CE,390.0,388.15,4.25,4.35,4.2,4.35,27.146085,13125,2411250
2026-08-20 13:20:00,ATM,CE,390.0,388.05,4.35,4.35,4.3,4.35,27.410638,26250,2416875
2026-08-20 13:25:00,ATM,CE,390.0,387.65,4.35,4.35,4.2,4.2,27.598918,7500,2420625
2026-08-20 13:30:00,ATM,CE,390.0,387.65,4.2,4.3,4.1,4.15,27.333139,43125,2400000
2026-08-20 13:35:00,ATM,CE,390.0,387.4,4.15,4.2,4.15,4.15,27.960031,7500,2403750
2026-08-20 13:40:00,ATM,CE,390.0,387.2,4.15,4.15,3.9,3.9,27.069235,78750,2383125
2026-08-20 13:45:00,ATM,CE,390.0,387.05,3.9,3.9,3.85,3.85,27.161634,50625,2343750
2026-08-20 13:50:00,ATM,CE,390.0,386.75,3.9,3.9,3.75,3.8,27.606065,46875,2356875
2026-08-20 13:55:00,ATM,CE,390.0,387.05,3.85,3.9,3.7,3.8,26.902772,63750,2370000
2026-08-20 14:00:00,ATM,CE,390.0,387.35,3.8,3.95,3.75,3.95,27.02386,67500,2366250
2026-08-20 14:05:00,ATM,CE,390.0,387.45,3.95,4.0,3.9,3.95,26.789577,28125,2386875
2026-08-20 14:10:00,ATM,CE,390.0,387.1,3.95,3.95,3.85,3.95,27.650651,16875,2385000
2026-08-20 14:15:00,ATM,CE,390.0,387.55,3.95,4.0,3.85,4.0,26.841536,35625,2377500
2026-08-20 14:20:00,ATM,CE,390.0,387.4,4.0,4.0,3.9,3.9,26.6641,5625,2364375
2026-08-20 14:25:00,ATM,CE,390.0,387.7,3.9,4.1,3.9,4.1,27.04455,13125,2360625
2026-08-20 14:30:00,ATM,CE,390.0,387.15,4.1,4.1,3.85,3.9,27.291947,56250,2364375
2026-08-20 14:35:00,ATM,CE,390.0,387.05,3.9,3.9,3.8,3.85,27.263654,16875,2360625
2026-08-20 14:40:00,ATM,CE,390.0,387.15,3.85,3.85,3.75,3.85,27.032906,5625,2368125
2026-08-20 14:45:00,ATM,CE,390.0,387.1,3.8,3.95,3.7,3.8,26.883799,80625,2358750
2026-08-20 14:50:00,ATM,CE,390.0,387.0,3.8,3.85,3.8,3.85,27.414649,20625,2358750
2026-08-20 14:55:00,ATM,CE,390.0,387.0,3.8,3.95,3.8,3.95,27.985747,41250,2356875
2026-08-20 15:00:00,ATM,CE,390.0,386.35,3.85,3.95,3.6,3.75,28.409794,84375,2345625
2026-08-20 15:05:00,ATM,CE,390.0,385.9,3.65,3.75,3.4,3.5,28.031017,112500,2358750
2026-08-20 15:10:00,ATM,CE,390.0,385.6,3.55,3.65,3.5,3.6,29.295612,140625,2349375
2026-08-20 15:15:00,ATM,CE,390.0,385.6,3.7,3.7,3.6,3.6,29.306567,46875,2351250
2026-08-20 15:20:00,ATM,CE,390.0,385.6,3.6,3.6,3.4,3.4,28.163691,39375,2343750
2026-08-20 15:25:00,ATM,CE,390.0,385.6,3.4,3.4,3.3,3.35,27.885046,78750,2306250
2026-08-20 15:30:00,ATM,CE,390.0,385.6,3.4,3.45,3.25,3.4,28.184835,84375,2300625
2026-08-20 15:35:00,ATM,CE,390.0,385.6,3.25,3.6,3.25,3.4,28.195422,142500,2298750
2026-08-21 09:15:00,ATM,CE,390.0,390.05,4.0,4.8,3.25,4.75,26.731806,611250,2220000
2026-08-21 09:20:00,ATM,CE,390.0,388.4,5.0,5.0,4.3,4.3,28.936321,420000,2233125
2026-08-21 09:25:00,ATM,CE,390.0,391.9,4.45,6.0,4.3,6.0,28.097876,637500,2137500
2026-08-21 09:30:00,ATM,CE,390.0,391.05,5.95,6.0,5.4,5.75,29.519781,391875,2068125
2026-08-21 09:35:00,ATM,CE,390.0,391.5,5.7,6.45,5.7,6.0,29.516816,718125,2116875
2026-08-21 09:40:00,ATM,CE,390.0,392.8,6.2,6.65,6.0,6.55,28.202049,468750,2040000
2026-08-21 09:45:00,ATM,CE,390.0,391.4,6.6,6.6,5.6,5.6,27.474705,275625,1996875
2026-08-21 09:50:00,ATM,CE,390.0,392.9,5.55,6.95,5.55,6.7,28.774888,502500,2017500
2026-08-21 09:55:00,ATM,CE,390.0,394.0,6.65,7.75,6.65,7.4,28.819521,485625,1890000
2026-08-21 10:00:00,ATM,CE,390.0,392.35,6.95,7.4,6.15,6.15,27.474548,204375,1871250
2026-08-21 10:05:00,ATM,CE,390.0,392.45,6.45,6.5,6.15,6.15,27.116322,125625,1858125
2026-08-21 10:10:00,ATM,CE,390.0,392.3,6.1,6.55,6.1,6.2,27.990209,76875,1861875
2026-08-21 10:15:00,ATM,CE,390.0,392.5,6.2,6.45,6.2,6.25,27.570453,16875,1860000
2026-08-21 10:20:00,ATM,CE,390.0,391.6,6.2,6.25,5.7,5.7,27.474251,118125,1835625
2026-08-21 10:25:00,ATM,CE,390.0,394.15,5.45,7.05,5.45,7.05,26.014791,142500,1833750
2026-08-21 10:30:00,ATM,CE,390.0,393.25,7.25,7.6,6.65,6.65,27.207972,131250,1815000
2026-08-21 10:35:00,ATM,CE,390.0,394.0,6.85,6.95,6.65,6.95,26.038095,71250,1792500
2026-08-21 10:40:00,ATM,CE,390.0,393.1,6.9,6.95,6.4,6.45,26.571641,80625,1756875
2026-08-21 10:45:00,ATM,CE,390.0,392.8,6.45,6.45,6.15,6.15,25.882278,22500,1758750
2026-08-21 10:50:00,ATM,CE,390.0,392.45,5.95,6.15,5.8,5.95,25.992569,28125,1751250
2026-08-21 10:55:00,ATM,CE,390.0,392.55,5.95,5.95,5.8,5.8,24.690428,16875,1751250
2026-08-21 11:00:00,ATM,CE,390.0,392.4,5.9,5.9,5.5,5.6,24.032895,18750,1745625
2026-08-21 11:05:00,ATM,CE,390.0,392.65,5.7,5.7,5.5,5.7,23.697444,9375,1745625
2026-08-21 11:10:00,ATM,CE,390.0,392.55,5.7,5.85,5.7,5.85,25.037393,16875,1745625
2026-08-21 11:15:00,ATM,CE,390.0,392.1,5.75,6.0,5.4,5.4,23.962772,33750,1736250
2026-08-21 11:20:00,ATM,CE,390.0,392.65,5.4,5.7,5.4,5.55,22.78586,24375,1738125
2026-08-21 11:25:00,ATM,CE,390.0,392.25,5.55,5.6,5.2,5.25,22.481989,161250,1747500
2026-08-21 11:30:00,ATM,CE,390.0,392.3,5.5,5.5,5.25,5.35,22.924879,30000,1741875
2026-08-21 11:35:00,ATM,CE,390.0,391.95,5.35,5.35,4.9,5.0,22.090212,120000,1743750
2026-08-21 11:40:00,ATM,CE,390.0,392.45,4.95,5.45,4.95,5.45,22.990415,56250,1745625
2026-08-21 11:45:00,ATM,CE,390.0,392.7,5.45,5.7,5.45,5.55,22.640001,35625,1743750
2026-08-21 11:50:00,ATM,CE,390.0,392.35,5.4,5.55,5.15,5.15,21.516819,33750,1740000
2026-08-21 11:55:00,ATM,CE,390.0,392.2,5.0,5.15,4.75,5.0,21.172267,45000,1738125
2026-08-21 12:00:00,ATM,CE,390.0,392.25,5.05,5.05,5.0,5.0,20.986169,39375,1741875
2026-08-21 12:05:00,ATM,CE,390.0,392.4,4.95,5.15,4.85,5.05,20.715516,33750,1741875
2026-08-21 12:10:00,ATM,CE,390.0,392.25,5.05,5.05,4.85,5.05,21.322001,30000,1723125
2026-08-21 12:15:00,ATM,CE,390.0,392.25,5.15,5.15,4.85,5.0,21.016894,37500,1715625
2026-08-21 12:20:00,ATM,CE,390.0,392.6,5.1,5.2,5.0,5.2,20.890157,33750,1725000
2026-08-21 12:25:00,ATM,CE,390.0,392.4,5.2,5.2,5.05,5.1,21.074003,35625,1717500
2026-08-21 12:30:00,ATM,CE,390.0,392.5,5.1,5.1,5.1,5.1,20.679977,0,1717500
2026-08-21 12:35:00,ATM,CE,390.0,392.45,5.15,5.15,4.9,4.9,19.613794,16875,1713750
2026-08-21 12:40:00,ATM,CE,390.0,392.6,4.9,5.15,4.9,5.0,19.643789,26250,1713750
2026-08-21 12:45:00,ATM,CE,390.0,393.55,5.05,5.6,5.0,5.6,19.404169,33750,1713750
2026-08-21 12:50:00,ATM,CE,390.0,393.5,5.65,5.8,5.5,5.55,19.309402,108750,1680000
2026-08-21 12:55:00,ATM,CE,390.0,393.45,5.7,5.7,5.45,5.45,18.8739,22500,1680000
2026-08-21 13:00:00,ATM,CE,390.0,393.85,5.5,5.8,5.45,5.8,19.365564,37500,1670625
2026-08-21 13:05:00,ATM,CE,390.0,394.25,5.65,6.05,5.6,5.9,18.029705,157500,1689375
2026-08-21 13:10:00,ATM,CE,400.0,395.45,6.15,6.85,2.7,2.85,27.447679,515625,5148750
2026-08-21 13:15:00,ATM,CE,400.0,396.8,3.0,3.4,2.85,3.35,27.304499,1989375,5278125
2026-08-21 13:20:00,ATM,CE,400.0,396.2,3.05,3.35,2.5,2.8,25.390699,1561875,5055000
2026-08-21 13:25:00,ATM,CE,400.0,396.5,2.8,2.95,2.7,2.95,25.611365,301875,5053125
2026-08-21 13:30:00,ATM,CE,400.0,396.2,2.95,2.95,2.35,2.75,25.10114,521250,5109375
2026-08-21 13:35:00,ATM,CE,400.0,396.15,2.85,2.85,2.6,2.85,25.858117,311250,5175000
2026-08-21 13:40:00,ATM,CE,400.0,396.7,3.0,3.25,2.85,3.15,26.389301,706875,5336250
2026-08-21 13:45:00,ATM,CE,400.0,396.5,3.2,3.35,3.0,3.0,25.968588,541875,5326875
2026-08-21 13:50:00,ATM,CE,400.0,396.5,2.95,3.05,2.85,2.95,25.670418,191250,5300625
2026-08-21 13:55:00,ATM,CE,400.0,396.6,2.9,3.15,2.9,3.05,26.056297,210000,5340000
2026-08-21 14:00:00,ATM,CE,400.0,396.9,3.05,3.35,3.05,3.35,27.164714,849375,5175000
2026-08-21 14:05:00,ATM,CE,400.0,396.3,3.3,3.35,3.0,3.0,26.505114,300000,5047500
2026-08-21 14:10:00,ATM,CE,400.0,396.95,3.0,3.2,2.9,3.15,25.835692,153750,4959375
2026-08-21 14:15:00,ATM,CE,400.0,396.9,3.45,3.45,3.1,3.15,25.973654,268125,4899375
2026-08-21 14:20:00,ATM,CE,400.0,397.0,3.15,3.15,3.1,3.15,25.733366,103125,4865625
2026-08-21 14:25:00,ATM,CE,400.0,396.8,3.15,3.25,2.85,3.0,25.322777,333750,4762500
2026-08-21 14:30:00,ATM,CE,400.0,396.55,3.0,3.1,2.9,2.9,25.33172,135000,4785000
2026-08-21 14:35:00,ATM,CE,400.0,396.6,2.95,3.05,2.9,3.0,25.842549,73125,4758750
2026-08-21 14:40:00,ATM,CE,400.0,396.65,3.05,3.15,2.9,2.95,25.420315,213750,4661250
2026-08-21 14:45:00,ATM,CE,400.0,396.55,2.9,3.1,2.75,2.8,24.742955,221250,4565625
2026-08-21 14:50:00,ATM,CE,400.0,396.65,2.95,3.1,2.8,2.9,25.132902,234375,4636875
2026-08-21 14:55:00,ATM,CE,400.0,396.25,2.9,2.9,2.6,2.6,24.232365,241875,4655625
2026-08-21 15:00:00,ATM,CE,400.0,396.3,2.6,2.7,2.45,2.6,24.124343,326250,4582500
2026-08-21 15:05:00,ATM,CE,400.0,396.45,2.65,2.8,2.5,2.7,24.405305,431250,4522500
2026-08-21 15:10:00,ATM,CE,400.0,396.3,2.75,2.9,2.65,2.7,24.778829,386250,4511250
2026-08-21 15:15:00,ATM,CE,400.0,396.3,2.65,2.75,2.6,2.6,24.158289,90000,4456875
2026-08-21 15:20:00,ATM,CE,400.0,396.3,2.65,2.75,2.6,2.65,24.486052,234375,4515000
2026-08-21 15:25:00,ATM,CE,390.0,394.45,2.65,6.8,2.55,6.8,23.700805,230625,1391250
2026-08-21 15:30:00,ATM,CE,390.0,394.45,7.0,7.4,6.8,7.2,26.446153,48750,1350000
2026-08-21 15:35:00,ATM,CE,390.0,394.45,7.2,7.4,7.05,7.05,25.441628,46875,1355625
2026-08-24 09:15:00,ATM,CE,400.0,400.1,2.95,5.5,2.95,3.85,39.719939,2713125,3990000
2026-08-24 09:20:00,ATM,CE,400.0,399.0,3.85,3.85,3.3,3.3,39.674572,823125,4065000
2026-08-24 09:25:00,ATM,CE,400.0,399.45,3.2,3.55,3.05,3.55,40.107614,851250,4164375
2026-08-24 09:30:00,ATM,CE,400.0,398.2,3.1,3.55,2.75,2.8,38.268012,648750,4093125
2026-08-24 09:35:00,ATM,CE,400.0,398.3,2.65,3.1,2.55,3.1,41.117778,498750,4106250
2026-08-24 09:40:00,ATM,CE,400.0,399.6,3.7,3.85,2.9,3.5,38.954296,1134375,3999375
2026-08-24 09:45:00,ATM,CE,400.0,400.55,3.55,4.4,3.5,4.3,42.367236,911250,3785625
2026-08-24 09:50:00,ATM,CE,400.0,399.0,4.35,4.35,3.4,3.4,41.099334,425625,3735000
2026-08-24 09:55:00,ATM,CE,400.0,399.85,3.4,3.8,3.4,3.8,41.013564,330000,3708750
2026-08-24 10:00:00,ATM,CE,400.0,399.25,3.75,3.8,3.55,3.6,42.100542,125625,3673125
2026-08-24 10:05:00,ATM,CE,400.0,399.8,3.5,4.1,3.5,3.7,40.324657,279375,3669375
2026-08-24 10:10:00,ATM,CE,400.0,399.8,3.75,3.75,3.55,3.75,40.924749,200625,3680625
2026-08-24 10:15:00,ATM,CE,400.0,400.45,3.8,3.85,3.65,3.7,36.806542,127500,3660000
2026-08-24 10:20:00,ATM,CE,400.0,400.7,3.85,3.85,3.7,3.85,37.031653,121875,3639375
2026-08-24 10:25:00,ATM,CE,400.0,400.7,4.1,4.4,3.85,3.9,37.631939,189375,3588750
2026-08-24 10:30:00,ATM,CE,400.0,400.75,3.85,3.9,3.6,3.8,36.298409,116250,3581250
2026-08-24 10:35:00,ATM,CE,400.0,400.45,4.0,4.0,3.0,3.35,33.205567,510000,3390000
2026-08-24 10:40:00,ATM,CE,400.0,401.1,3.7,4.15,3.35,3.75,33.717641,408750,3311250
2026-08-24 10:45:00,ATM,CE,400.0,402.3,3.7,4.6,3.7,4.6,35.295328,219375,3279375
2026-08-24 10:50:00,ATM,CE,400.0,402.25,4.35,4.6,4.2,4.35,32.846847,151875,3232500
2026-08-24 10:55:00,ATM,CE,400.0,401.25,4.45,4.45,4.0,4.0,35.697205,76875,3200625
2026-08-24 11:00:00,ATM,CE,400.0,401.65,3.7,4.05,3.7,3.7,29.75554,80625,3183750
2026-08-24 11:05:00,ATM,CE,400.0,402.05,3.9,4.4,3.7,4.1,31.561338,39375,3178125
2026-08-24 11:10:00,ATM,CE,400.0,401.4,4.0,4.1,3.7,3.7,31.533396,165000,3168750
2026-08-24 11:15:00,ATM,CE,400.0,401.45,3.45,3.95,3.45,3.95,34.063307,120000,3142500
2026-08-24 11:20:00,ATM,CE,400.0,401.35,3.8,3.95,3.6,3.85,33.646688,82500,3127500
2026-08-24 11:25:00,ATM,CE,400.0,401.35,3.85,3.85,3.55,3.6,30.883409,69375,3125625
2026-08-24 11:30:00,ATM,CE,400.0,400.7,3.7,3.7,3.25,3.25,31.150749,151875,3052500
2026-08-24 11:35:00,ATM,CE,400.0,400.65,3.2,3.25,3.1,3.2,30.947925,65625,3037500
2026-08-24 11:40:00,ATM,CE,400.0,401.15,3.25,3.5,3.2,3.5,31.212027,86250,3007500
2026-08-24 11:45:00,ATM,CE,400.0,402.0,3.6,4.0,3.5,4.0,31.159004,54375,2990625
2026-08-24 11:50:00,ATM,CE,400.0,401.15,4.2,4.2,3.7,3.7,33.568751,45000,2975625
2026-08-24 11:55:00,ATM,CE,400.0,401.1,3.4,3.7,3.2,3.35,29.987483,88125,2990625
2026-08-24 12:00:00,ATM,CE,400.0,401.6,3.45,3.9,3.35,3.9,32.964928,76875,2956875
2026-08-24 12:05:00,ATM,CE,400.0,401.4,3.85,3.9,3.45,3.6,30.939398,31875,2951250
2026-08-24 12:10:00,ATM,CE,400.0,403.3,4.5,4.6,3.6,4.5,26.890404,185625,2915625
2026-08-24 12:15:00,ATM,CE,400.0,402.9,4.55,4.75,4.4,4.4,29.223268,129375,2881875
2026-08-24 12:20:00,ATM,CE,400.0,403.0,4.55,4.6,4.4,4.55,30.291465,118125,2866875
2026-08-24 12:25:00,ATM,CE,400.0,402.85,4.6,4.9,4.25,4.5,30.975467,125625,2848125
2026-08-24 12:30:00,ATM,CE,400.0,402.75,4.6,4.6,4.25,4.25,28.766209,50625,2818125
2026-08-24 12:35:00,ATM,CE,400.0,403.5,4.35,4.75,4.25,4.65,27.188949,63750,2808750
2026-08-24 12:40:00,ATM,CE,400.0,403.65,4.95,4.95,4.5,4.7,26.414104,176250,2756250
2026-08-24 12:45:00,ATM,CE,400.0,404.4,4.65,5.45,4.65,5.45,29.091936,270000,2711250
2026-08-24 12:50:00,ATM,CE,400.0,404.65,5.45,5.9,5.4,5.7,30.000253,283125,2649375
2026-08-24 12:55:00,ATM,CE,400.0,404.9,5.7,5.95,5.7,5.9,30.15968,131250,2608125
2026-08-24 13:00:00,ATM,CE,400.0,404.35,5.95,5.95,5.4,5.5,30.491423,131250,2566875
2026-08-24 13:05:00,ATM,CE,400.0,404.4,5.4,5.5,4.9,5.3,27.078842,129375,2529375
2026-08-24 13:10:00,ATM,CE,400.0,403.75,5.5,5.5,4.6,4.6,24.171447,140625,2548125
2026-08-24 13:15:00,ATM,CE,400.0,403.8,4.8,4.95,4.6,4.9,27.972316,63750,2529375
2026-08-24 13:20:00,ATM,CE,400.0,403.25,4.85,5.0,4.3,4.3,25.315386,52500,2531250
2026-08-24 13:25:00,ATM,CE,400.0,403.25,4.1,4.4,4.1,4.1,22.552697,69375,2516250
2026-08-24 13:30:00,ATM,CE,400.0,402.55,4.2,4.2,3.75,3.75,24.707572,127500,2484375
2026-08-24 13:35:00,ATM,CE,400.0,402.55,3.9,3.9,3.45,3.6,22.787318,106875,2445000
2026-08-24 13:40:00,ATM,CE,400.0,402.7,3.7,3.85,3.6,3.6,21.374134,150000,2407500
2026-08-24 13:45:00,ATM,CE,400.0,404.0,4.1,4.75,3.6,4.75,23.792604,91875,2364375
2026-08-24 13:50:00,ATM,CE,400.0,403.2,4.75,4.75,4.1,4.1,23.294105,69375,2351250
2026-08-24 13:55:00,ATM,CE,400.0,403.5,4.1,4.3,4.1,4.3,22.941187,31875,2340000
2026-08-24 14:00:00,ATM,CE,400.0,403.65,4.35,5.15,4.3,4.65,26.445373,103125,2351250
2026-08-24 14:05:00,ATM,CE,400.0,403.95,4.3,5.15,4.3,4.55,21.347947,129375,2385000
2026-08-24 14:10:00,ATM,CE,400.0,403.6,4.5,4.55,4.1,4.3,21.871338,136875,2308125
2026-08-24 14:15:00,ATM,CE,400.0,402.85,4.3,4.3,3.4,3.65,20.785095,808125,2032500
2026-08-24 14:20:00,ATM,CE,400.0,402.75,3.5,3.65,3.4,3.6,21.170199,33750,2032500
2026-08-24 14:25:00,ATM,CE,400.0,402.65,3.6,3.8,3.35,3.5,20.83439,41250,2045625
2026-08-24 14:30:00,ATM,CE,400.0,402.7,3.35,3.5,3.2,3.3,17.371563,30000,2034375
2026-08-24 14:35:00,ATM,CE,400.0,402.3,3.4,3.45,3.2,3.2,20.259765,41250,2026875
2026-08-24 14:40:00,ATM,CE,400.0,402.5,3.1,3.25,3.1,3.15,17.492124,86250,2011875
2026-08-24 14:45:00,ATM,CE,400.0,402.5,3.05,3.3,3.05,3.2,18.267013,133125,1983750
2026-08-24 14:50:00,ATM,CE,400.0,401.95,3.2,3.2,2.75,2.8,18.299514,202500,1996875
2026-08-24 14:55:00,ATM,CE,400.0,402.25,2.85,3.05,2.8,3.0,18.122879,50625,1987500
2026-08-24 15:00:00,ATM,CE,400.0,401.75,2.65,3.0,2.6,2.75,19.536148,69375,1976250
2026-08-24 15:05:00,ATM,CE,400.0,400.9,2.45,2.75,2.25,2.45,22.508341,343125,1878750
2026-08-24 15:10:00,ATM,CE,400.0,400.5,2.4,2.45,2.1,2.1,21.088809,61875,1873125
2026-08-24 15:15:00,ATM,CE,400.0,400.5,2.15,2.2,2.0,2.15,21.727092,93750,1850625
2026-08-24 15:20:00,ATM,CE,400.0,400.5,2.0,2.15,1.8,1.9,18.759903,116250,1809375
2026-08-24 15:25:00,ATM,CE,400.0,403.3,1.95,2.3,1.85,2.15,0.0,161250,1762500
2026-08-24 15:30:00,ATM,CE,400.0,403.3,2.1,2.2,2.0,2.0,0.0,48750,1704375
2026-08-24 15:35:00,ATM,CE,400.0,403.3,2.0,2.25,2.0,2.15,0.0,60000,1672500
2026-08-25 09:15:00,ATM,CE,400.0,399.4,1.65,2.35,1.35,1.6,43.656065,157500,1614375
2026-08-25 09:20:00,ATM,CE,400.0,397.7,1.65,1.65,1.4,1.4,55.627548,80625,1625625
2026-08-25 09:25:00,ATM,CE,400.0,397.55,1.05,1.4,0.85,0.85,42.85593,144375,1608750
2026-08-25 09:30:00,ATM,CE,400.0,398.3,0.9,1.1,0.85,1.0,40.690458,97500,1605000
2026-08-25 09:35:00,ATM,CE,400.0,397.1,0.95,1.0,0.8,0.8,45.68532,112500,1603125
2026-08-25 09:40:00,ATM,CE,400.0,397.95,0.9,1.1,0.75,1.05,45.738222,97500,1545000
2026-08-25 09:45:00,ATM,CE,400.0,397.2,0.95,1.05,0.65,0.7,42.592714,93750,1539375
2026-08-25 09:50:00,ATM,CE,400.0,397.2,0.8,0.8,0.65,0.65,41.392506,48750,1531875
2026-08-25 09:55:00,ATM,CE,400.0,396.7,0.65,0.7,0.65,0.65,45.587911,45000,1528125
2026-08-25 10:00:00,ATM,CE,400.0,396.7,0.65,0.75,0.65,0.75,49.083007,56250,1522500
2026-08-25 10:05:00,ATM,CE,400.0,396.5,0.65,0.75,0.65,0.75,51.047359,30000,1522500
2026-08-25 10:10:00,ATM,CE,400.0,396.2,0.7,0.75,0.65,0.65,50.506672,71250,1515000
2026-08-25 10:15:00,ATM,CE,400.0,396.0,0.65,0.7,0.6,0.6,50.698928,65625,1503750
2026-08-25 10:20:00,ATM,CE,390.0,394.7,0.55,5.75,0.45,5.2,52.637599,90000,740625
2026-08-25 10:25:00,ATM,CE,390.0,394.9,5.15,5.2,0.5,4.55,0.0,20625,716250
2026-08-25 10:30:00,ATM,CE,390.0,394.5,4.55,4.55,4.05,4.05,0.0,11250,712500
2026-08-25 10:35:00,ATM,CE,390.0,394.15,4.05,4.05,4.05,4.05,0.0,1875,710625
2026-08-25 10:40:00,ATM,CE,390.0,393.15,4.05,4.05,3.35,3.35,30.087285,37500,706875
2026-08-25 10:45:00,ATM,CE,390.0,393.4,3.0,3.35,2.5,3.35,0.0,20625,701250
2026-08-25 10:50:00,ATM,CE,390.0,392.95,3.35,3.4,3.35,3.4,40.073313,5625,695625
2026-08-25 10:55:00,ATM,CE,390.0,393.3,3.4,3.4,3.4,3.4,25.655142,0,695625
2026-08-25 11:00:00,ATM,CE,390.0,393.0,3.45,3.45,3.4,3.45,41.220459,3750,693750
2026-08-25 11:05:00,ATM,CE,390.0,393.5,3.45,3.7,3.45,3.55,22.311854,5625,693750
2026-08-25 11:10:00,ATM,CE,390.0,392.95,3.25,3.55,3.15,3.15,30.455596,5625,693750
2026-08-25 11:15:00,ATM,CE,390.0,392.5,3.15,3.15,3.1,3.1,43.774223,3750,691875
2026-08-25 11:20:00,ATM,CE,390.0,392.4,3.1,3.1,2.75,2.85,37.740101,9375,684375
2026-08-25 11:25:00,ATM,CE,390.0,392.75,3.2,3.3,2.85,3.3,45.066564,13125,678750
2026-08-25 11:30:00,ATM,CE,390.0,392.8,3.3,3.35,3.2,3.2,39.964125,11250,673125
2026-08-25 11:35:00,ATM,CE,390.0,393.2,3.55,3.75,3.2,3.2,0.0,15000,665625
2026-08-25 11:40:00,ATM,CE,390.0,393.1,3.2,3.2,3.2,3.2,26.969714,0,665625
2026-08-25 11:45:00,ATM,CE,390.0,393.25,3.45,3.45,2.75,2.75,0.0,22500,660000
2026-08-25 11:50:00,ATM,CE,390.0,392.65,3.6,3.75,2.7,2.7,19.956198,13125,656250
2026-08-25 11:55:00,ATM,CE,390.0,393.25,2.6,2.7,2.6,2.6,0.0,1875,650625
2026-08-25 12:00:00,ATM,CE,390.0,393.65,2.6,3.6,2.6,3.6,0.0,1875,648750
2026-08-25 12:05:00,ATM,CE,400.0,395.6,3.6,3.6,0.55,0.6,66.339184,105000,1380000
2026-08-25 12:10:00,ATM,CE,400.0,395.95,0.6,0.8,0.45,0.5,59.379408,129375,1381875
2026-08-25 12:15:00,ATM,CE,400.0,396.75,0.65,0.65,0.4,0.65,59.044342,148125,1425000
2026-08-25 12:20:00,ATM,CE,400.0,396.15,0.55,0.65,0.3,0.3,48.955916,121875,1434375
2026-08-25 12:25:00,ATM,CE,400.0,395.9,0.3,0.35,0.25,0.35,54.521564,193125,1396875
2026-08-25 12:30:00,ATM,CE,400.0,395.65,0.35,0.5,0.3,0.4,60.204365,58125,1338750
2026-08-25 12:35:00,ATM,CE,400.0,395.55,0.3,0.4,0.15,0.15,45.931542,61875,1335000
2026-08-25 12:40:00,ATM,CE,400.0,395.05,0.15,0.2,0.15,0.2,54.464752,65625,1312500
2026-08-25 12:45:00,ATM,CE,390.0,394.8,6.2,6.2,5.05,5.05,57.725479,9375,609375
2026-08-25 12:50:00,ATM,CE,390.0,394.8,5.05,5.05,5.05,5.05,58.617255,0,609375
2026-08-25 12:55:00,ATM,CE,400.0,395.05,5.05,5.05,0.2,0.2,56.970045,16875,1297500
2026-08-25 13:00:00,ATM,CE,390.0,394.3,0.2,5.15,0.2,4.6,59.519399,9375,605625
2026-08-25 13:05:00,ATM,CE,390.0,393.95,4.6,4.6,4.0,4.0,34.57245,1875,607500
2026-08-25 13:10:00,ATM,CE,390.0,394.0,4.0,4.0,4.0,4.0,0.0,0,607500
2026-08-25 13:15:00,ATM,CE,390.0,394.9,4.0,4.5,3.9,4.3,0.0,20625,605625
2026-08-25 13:20:00,ATM,CE,390.0,393.85,4.3,4.3,4.0,4.0,47.715622,3750,605625
2026-08-25 13:25:00,ATM,CE,390.0,394.1,3.95,4.0,3.95,3.95,0.0,5625,605625
2026-08-25 13:30:00,ATM,CE,390.0,394.6,3.95,3.95,3.95,3.95,0.0,0,605625
2026-08-25 13:35:00,ATM,CE,390.0,394.5,3.95,4.8,3.95,4.8,69.917538,1875,601875
2026-08-25 13:40:00,ATM,CE,390.0,394.4,4.8,4.8,4.8,4.8,77.697095,0,601875
2026-08-25 13:45:00,ATM,CE,390.0,394.2,4.8,4.8,4.8,4.8,90.25145,0,601875
2026-08-25 13:50:00,ATM,CE,390.0,394.75,4.8,4.8,4.8,4.8,48.651403,1875,600000
2026-08-25 13:55:00,ATM,CE,390.0,394.6,4.8,4.8,4.45,4.45,0.0,11250,605625
2026-08-25 14:00:00,ATM,CE,390.0,394.3,4.45,4.45,4.45,4.45,61.96041,0,603750
2026-08-25 14:05:00,ATM,CE,390.0,394.25,3.9,4.45,3.9,3.9,0.0,37500,601875
2026-08-25 14:10:00,ATM,CE,390.0,393.75,3.9,3.9,3.5,3.5,0.0,5625,603750
2026-08-25 14:15:00,ATM,CE,390.0,394.05,3.5,3.5,3.5,3.5,0.0,0,603750
2026-08-25 14:20:00,ATM,CE,390.0,393.75,3.5,4.4,3.5,4.4,106.094041,1875,607500
2026-08-25 14:25:00,ATM,CE,390.0,394.1,4.4,4.65,4.4,4.65,107.833435,5625,605625
2026-08-25 14:30:00,ATM,CE,390.0,393.9,4.5,4.65,4.1,4.1,76.12862,5625,601875
2026-08-25 14:35:00,ATM,CE,390.0,394.3,4.1,4.7,4.0,4.7,106.319098,7500,600000
2026-08-25 14:40:00,ATM,CE,390.0,395.0,4.45,4.75,0.05,4.75,0.0,88125,600000
2026-08-25 14:45:00,ATM,CE,400.0,395.35,0.15,0.2,0.05,0.05,70.470421,33750,1066875
2026-08-25 14:50:00,ATM,CE,400.0,395.35,0.05,0.05,0.05,0.05,74.287042,0,1066875
2026-08-25 14:55:00,ATM,CE,400.0,395.1,0.05,4.1,0.05,0.05,82.22807,28125,1066875
2026-08-25 15:00:00,ATM,CE,390.0,394.95,4.1,4.25,4.1,4.25,0.0,1875,598125
2026-08-25 15:05:00,ATM,CE,390.0,395.0,4.25,4.25,0.05,4.25,0.0,0,598125
2026-08-25 15:10:00,ATM,CE,400.0,395.95,0.05,5.3,0.05,0.05,89.163469,46875,982500
2026-08-25 15:15:00,ATM,CE,400.0,395.95,0.05,0.6,0.05,0.4,0.0,95625,898125
2026-08-25 15:20:00,ATM,CE,400.0,395.95,0.4,0.4,0.05,0.05,115.12619,3750,885000
2026-08-25 15:25:00,ATM,CE,400.0,397.8,0.05,0.05,0.05,0.05,87.267696,0,885000
2026-08-25 15:30:00,ATM,CE,400.0,397.8,0.05,0.05,0.05,0.05,123.439394,30000,885000
2026-08-25 15:35:00,ATM,CE,400.0,397.8,0.05,0.05,0.05,0.05,0.0,0,885000
2026-08-20 09:15:00,ATM,PE,390.0,393.45,4.55,5.5,4.5,5.5,39.100298,609375,1496250
2026-08-20 09:20:00,ATM,PE,390.0,388.25,5.9,7.5,5.5,7.5,36.997835,360000,1477500
2026-08-20 09:25:00,ATM,PE,390.0,388.9,7.8,8.1,7.4,7.4,38.256123,135000,1426875
2026-08-20 09:30:00,ATM,PE,390.0,388.0,7.85,8.15,7.4,7.95,38.744295,75000,1406250
2026-08-20 09:35:00,ATM,PE,390.0,387.85,7.95,8.0,7.85,8.0,38.601447,41250,1378125
2026-08-20 09:40:00,ATM,PE,390.0,387.35,8.45,8.75,8.0,8.35,39.069702,39375,1372500
2026-08-20 09:45:00,ATM,PE,390.0,387.1,8.35,8.35,8.15,8.3,38.077352,63750,1370625
2026-08-20 09:50:00,ATM,PE,390.0,387.55,8.4,8.4,8.2,8.2,38.859665,35625,1363125
2026-08-20 09:55:00,ATM,PE,390.0,387.8,8.2,8.2,7.8,7.8,37.42384,24375,1355625
2026-08-20 10:00:00,ATM,PE,390.0,388.2,7.8,7.8,7.5,7.55,37.21712,33750,1359375
2026-08-20 10:05:00,ATM,PE,390.0,388.5,7.5,7.55,7.0,7.3,36.715342,22500,1359375
2026-08-20 10:10:00,ATM,PE,390.0,389.65,7.3,7.3,6.65,6.65,36.32176,31875,1351875
2026-08-20 10:15:00,ATM,PE,390.0,389.15,6.55,6.75,6.5,6.75,35.545706,39375,1365000
2026-08-20 10:20:00,ATM,PE,390.0,389.65,6.75,7.0,6.75,6.85,37.420524,50625,1342500
2026-08-20 10:25:00,ATM,PE,390.0,388.85,6.5,7.2,6.5,6.8,35.024399,67500,1335000
2026-08-20 10:30:00,ATM,PE,390.0,389.7,6.7,6.9,6.3,6.3,34.611696,31875,1314375
2026-08-20 10:35:00,ATM,PE,390.0,390.5,6.3,6.3,5.9,6.0,35.056007,86250,1314375
2026-08-20 10:40:00,ATM,PE,390.0,390.55,6.0,6.0,5.75,6.0,35.192266,35625,1308750
2026-08-20 10:45:00,ATM,PE,390.0,390.45,5.9,6.0,5.7,5.9,34.411954,33750,1329375
2026-08-20 10:50:00,ATM,PE,390.0,388.8,5.9,7.1,5.9,7.1,36.561678,86250,1293750
2026-08-20 10:55:00,ATM,PE,390.0,389.2,6.8,7.1,6.4,6.6,34.956989,22500,1293750
2026-08-20 11:00:00,ATM,PE,390.0,388.75,6.6,6.8,6.6,6.8,34.824527,26250,1282500
2026-08-20 11:05:00,ATM,PE,390.0,390.5,6.6,6.8,6.05,6.05,35.390734,86250,1275000
2026-08-20 11:10:00,ATM,PE,390.0,390.4,6.1,6.75,6.05,6.55,37.851061,18750,1248750
2026-08-20 11:15:00,ATM,PE,390.0,389.65,6.7,6.7,6.55,6.55,35.926267,52500,1258125
2026-08-20 11:20:00,ATM,PE,390.0,389.5,6.55,7.0,6.55,7.0,37.973703,11250,1246875
2026-08-20 11:25:00,ATM,PE,390.0,389.5,7.0,7.0,7.0,7.0,37.985427,0,1246875
2026-08-20 11:30:00,ATM,PE,390.0,389.75,7.0,7.0,6.75,6.85,37.844348,11250,1245000
2026-08-20 11:35:00,ATM,PE,390.0,389.4,6.65,6.85,6.65,6.8,36.660939,5625,1252500
2026-08-20 11:40:00,ATM,PE,390.0,389.3,6.8,7.0,6.8,7.0,37.487825,3750,1254375
2026-08-20 11:45:00,ATM,PE,390.0,389.2,7.0,7.0,7.0,7.0,37.230893,3750,1250625
2026-08-20 11:50:00,ATM,PE,390.0,389.2,7.0,7.0,7.0,7.0,37.242399,0,1250625
2026-08-20 11:55:00,ATM,PE,390.0,389.5,7.0,7.0,6.75,6.75,36.701503,1875,1252500
2026-08-20 12:00:00,ATM,PE,390.0,389.35,6.75,6.95,6.75,6.85,36.854979,16875,1250625
2026-08-20 12:05:00,ATM,PE,390.0,389.0,6.85,6.85,6.85,6.85,35.920975,0,1250625
2026-08-20 12:10:00,ATM,PE,390.0,389.45,6.85,6.95,6.85,6.95,37.68729,1875,1250625
2026-08-20 12:15:00,ATM,PE,390.0,389.9,6.95,6.95,6.6,6.6,36.986672,3750,1246875
2026-08-20 12:20:00,ATM,PE,390.0,389.4,6.6,6.7,6.55,6.7,36.220303,13125,1246875
2026-08-20 12:25:00,ATM,PE,390.0,389.2,6.7,6.85,6.7,6.85,36.508484,7500,1248750
2026-08-20 12:30:00,ATM,PE,390.0,389.2,6.85,6.85,6.85,6.85,36.519802,0,1248750
2026-08-20 12:35:00,ATM,PE,390.0,389.0,6.85,7.0,6.85,7.0,36.803343,3750,1252500
2026-08-20 12:40:00,ATM,PE,390.0,388.65,7.0,7.2,7.0,7.2,36.939367,13125,1248750
2026-08-20 12:45:00,ATM,PE,390.0,388.8,7.2,7.2,7.1,7.1,36.821514,5625,1245000
2026-08-20 12:50:00,ATM,PE,390.0,388.0,7.1,7.5,7.1,7.5,36.76255,22500,1241250
2026-08-20 12:55:00,ATM,PE,390.0,387.7,7.5,7.6,7.5,7.6,36.451898,5625,1231875
2026-08-20 13:00:00,ATM,PE,390.0,387.6,7.6,7.6,7.6,7.6,36.169892,1875,1231875
2026-08-20 13:05:00,ATM,PE,390.0,387.65,7.6,7.65,7.55,7.55,36.053541,7500,1226250
2026-08-20 13:10:00,ATM,PE,390.0,387.8,7.55,7.55,7.55,7.55,36.503268,1875,1224375
2026-08-20 13:15:00,ATM,PE,390.0,388.15,7.55,7.55,7.25,7.25,35.881321,3750,1222500
2026-08-20 13:20:00,ATM,PE,390.0,388.05,7.25,7.45,7.25,7.45,36.700943,1875,1224375
2026-08-20 13:25:00,ATM,PE,390.0,387.65,7.45,7.6,7.45,7.45,35.548482,3750,1224375
2026-08-20 13:30:00,ATM,PE,390.0,387.65,7.45,7.7,7.45,7.7,36.934067,11250,1222500
2026-08-20 13:35:00,ATM,PE,390.0,387.4,7.7,7.7,7.7,7.7,36.206049,0,1222500
2026-08-20 13:40:00,ATM,PE,390.0,387.2,7.7,8.0,7.7,8.0,37.273963,3750,1218750
2026-08-20 13:45:00,ATM,PE,390.0,387.05,8.0,8.0,7.9,8.0,36.832845,7500,1216875
2026-08-20 13:50:00,ATM,PE,390.0,386.75,8.0,8.15,8.0,8.15,36.758155,1875,1216875
2026-08-20 13:55:00,ATM,PE,390.0,387.05,8.15,8.15,8.0,8.0,36.855749,1875,1215000
2026-08-20 14:00:00,ATM,PE,390.0,387.35,8.0,8.15,8.0,8.15,38.597331,20625,1220625
2026-08-20 14:05:00,ATM,PE,390.0,387.45,8.15,8.15,7.7,7.7,36.422765,1875,1218750
2026-08-20 14:10:00,ATM,PE,390.0,387.1,7.7,7.7,7.7,7.7,35.379603,0,1218750
2026-08-20 14:15:00,ATM,PE,390.0,387.55,7.7,7.7,7.7,7.7,36.742606,0,1216875
2026-08-20 14:20:00,ATM,PE,390.0,387.4,7.7,7.7,7.6,7.6,35.754617,3750,1215000
2026-08-20 14:25:00,ATM,PE,390.0,387.7,7.6,7.6,7.35,7.35,35.277156,11250,1213125
2026-08-20 14:30:00,ATM,PE,390.0,387.15,7.35,7.85,7.35,7.85,36.407941,13125,1215000
2026-08-20 14:35:00,ATM,PE,390.0,387.05,7.85,8.1,7.85,8.1,37.502864,15000,1215000
2026-08-20 14:40:00,ATM,PE,390.0,387.15,8.1,8.1,8.1,8.1,37.817515,0,1215000
2026-08-20 14:45:00,ATM,PE,390.0,387.1,8.1,8.1,7.9,7.9,36.567763,1875,1213125
2026-08-20 14:50:00,ATM,PE,390.0,387.0,8.0,8.0,7.9,8.0,36.829978,1875,1215000
2026-08-20 14:55:00,ATM,PE,390.0,387.0,8.0,8.0,7.95,8.0,36.841525,61875,1183125
2026-08-20 15:00:00,ATM,PE,390.0,386.35,8.2,8.45,8.0,8.45,37.344197,26250,1164375
2026-08-20 15:05:00,ATM,PE,390.0,385.9,8.7,9.05,8.45,8.95,38.729186,18750,1158750
2026-08-20 15:10:00,ATM,PE,390.0,385.6,8.95,8.95,8.5,8.5,35.214562,30000,1160625
2026-08-20 15:15:00,ATM,PE,390.0,385.6,8.5,8.5,8.35,8.35,34.372363,7500,1160625
2026-08-20 15:20:00,ATM,PE,390.0,385.6,8.35,8.65,8.35,8.65,36.088649,13125,1156875
2026-08-20 15:25:00,ATM,PE,390.0,385.6,9.0,9.0,8.65,8.9,37.518355,3750,1155000
2026-08-20 15:30:00,ATM,PE,390.0,385.6,8.95,8.95,8.9,8.95,37.813561,3750,1155000
2026-08-20 15:35:00,ATM,PE,390.0,385.6,9.25,9.25,8.4,8.75,36.690554,76875,1119375
2026-08-21 09:15:00,ATM,PE,390.0,390.05,8.45,8.5,6.15,6.15,38.077695,106875,1138125
2026-08-21 09:20:00,ATM,PE,390.0,388.4,6.0,6.45,6.0,6.45,34.953572,48750,1138125
2026-08-21 09:25:00,ATM,PE,390.0,391.9,6.15,6.45,4.8,4.95,35.969205,170625,1158750
2026-08-21 09:30:00,ATM,PE,390.0,391.05,4.8,5.15,4.75,5.05,34.335234,146250,1201875
2026-08-21 09:35:00,ATM,PE,390.0,391.5,4.9,5.05,4.6,4.85,34.350048,262500,1278750
2026-08-21 09:40:00,ATM,PE,390.0,392.8,4.8,4.85,4.4,4.4,34.959336,165000,1318125
2026-08-21 09:45:00,ATM,PE,390.0,391.4,4.25,4.75,4.25,4.75,33.511144,127500,1333125
2026-08-21 09:50:00,ATM,PE,390.0,392.9,4.9,4.9,4.0,4.05,33.094269,421875,1430625
2026-08-21 09:55:00,ATM,PE,390.0,394.0,4.1,4.1,3.6,3.8,34.176743,457500,1603125
2026-08-21 10:00:00,ATM,PE,390.0,392.35,4.0,4.25,3.8,4.2,32.674746,337500,1528125
2026-08-21 10:05:00,ATM,PE,390.0,392.45,4.15,4.3,4.15,4.3,33.546128,61875,1511250
2026-08-21 10:10:00,ATM,PE,390.0,392.3,4.35,4.35,4.05,4.2,32.574041,52500,1505625
2026-08-21 10:15:00,ATM,PE,390.0,392.5,4.1,4.2,4.05,4.05,32.172416,9375,1505625
2026-08-21 10:20:00,ATM,PE,390.0,391.6,4.2,4.3,4.05,4.15,30.50525,78750,1490625
2026-08-21 10:25:00,ATM,PE,390.0,394.15,4.35,4.35,3.7,3.7,33.97676,241875,1494375
2026-08-21 10:30:00,ATM,PE,390.0,393.25,3.55,3.85,3.45,3.85,32.810765,168750,1552500
2026-08-21 10:35:00,ATM,PE,390.0,394.0,3.75,3.85,3.55,3.55,32.7161,73125,1556250
2026-08-21 10:40:00,ATM,PE,390.0,393.1,3.6,3.85,3.55,3.85,32.475316,54375,1569375
2026-08-21 10:45:00,ATM,PE,390.0,392.8,3.9,3.95,3.85,3.95,32.374333,48750,1569375
2026-08-21 10:50:00,ATM,PE,390.0,392.45,3.95,4.1,3.95,4.1,32.43988,28125,1580625
2026-08-21 10:55:00,ATM,PE,390.0,392.55,4.1,4.1,4.0,4.05,32.39564,43125,1573125
2026-08-21 11:00:00,ATM,PE,390.0,392.4,3.95,4.2,3.95,4.15,32.64538,45000,1541250
2026-08-21 11:05:00,ATM,PE,390.0,392.65,4.15,4.15,4.1,4.1,32.975909,9375,1541250
2026-08-21 11:10:00,ATM,PE,390.0,392.55,3.95,4.1,3.95,4.0,32.126234,11250,1539375
2026-08-21 11:15:00,ATM,PE,390.0,392.1,4.0,4.2,3.9,4.2,32.228664,22500,1535625
2026-08-21 11:20:00,ATM,PE,390.0,392.65,4.05,4.2,3.9,4.0,32.399391,20625,1535625
2026-08-21 11:25:00,ATM,PE,390.0,392.25,4.05,4.35,4.0,4.2,32.635404,69375,1548750
2026-08-21 11:30:00,ATM,PE,390.0,392.3,4.05,4.2,4.05,4.2,32.77479,35625,1548750
2026-08-21 11:35:00,ATM,PE,390.0,391.95,4.2,4.4,4.2,4.4,33.113363,75000,1548750
2026-08-21 11:40:00,ATM,PE,390.0,392.45,4.3,4.4,4.1,4.15,32.872259,43125,1543125
2026-08-21 11:45:00,ATM,PE,390.0,392.7,4.15,4.15,3.95,4.05,32.894482,39375,1541250
2026-08-21 11:50:00,ATM,PE,390.0,392.35,4.05,4.15,4.05,4.15,32.645528,5625,1543125
2026-08-21 11:55:00,ATM,PE,390.0,392.2,4.2,4.4,4.15,4.2,32.583985,73125,1511250
2026-08-21 12:00:00,ATM,PE,390.0,392.25,4.3,4.3,4.15,4.15,32.417293,18750,1501875
2026-08-21 12:05:00,ATM,PE,390.0,392.4,4.15,4.15,4.05,4.1,32.502577,31875,1498125
2026-08-21 12:10:00,ATM,PE,390.0,392.25,4.15,4.3,4.1,4.3,33.36315,9375,1500000
2026-08-21 12:15:00,ATM,PE,390.0,392.25,4.1,4.3,4.1,4.2,32.762261,11250,1500000
2026-08-21 12:20:00,ATM,PE,390.0,392.6,4.05,4.2,4.05,4.05,32.734866,9375,1492500
2026-08-21 12:25:00,ATM,PE,390.0,392.4,3.9,4.15,3.9,4.15,32.861262,18750,1479375
2026-08-21 12:30:00,ATM,PE,390.0,392.5,4.15,4.15,4.0,4.0,32.200973,3750,1475625
2026-08-21 12:35:00,ATM,PE,390.0,392.45,4.0,4.15,3.95,4.05,32.396529,11250,1475625
2026-08-21 12:40:00,ATM,PE,390.0,392.6,4.05,4.05,3.8,3.9,31.857753,60000,1466250
2026-08-21 12:45:00,ATM,PE,390.0,393.55,3.9,3.95,3.5,3.5,31.677515,50625,1464375
2026-08-21 12:50:00,ATM,PE,390.0,393.5,3.55,3.65,3.45,3.65,32.516665,91875,1477500
2026-08-21 12:55:00,ATM,PE,390.0,393.45,3.65,3.65,3.5,3.6,32.09547,5625,1477500
2026-08-21 13:00:00,ATM,PE,390.0,393.85,3.55,3.6,3.4,3.4,31.785571,178125,1486875
2026-08-21 13:05:00,ATM,PE,390.0,394.25,3.45,3.45,3.2,3.2,31.43989,75000,1485000
2026-08-21 13:10:00,ATM,PE,400.0,395.45,3.2,8.8,2.85,8.6,37.719635,75000,1059375
2026-08-21 13:15:00,ATM,PE,400.0,396.8,8.15,8.6,7.75,7.75,37.309193,106875,1065000
2026-08-21 13:20:00,ATM,PE,400.0,396.2,8.0,8.65,7.75,8.25,38.287965,65625,1063125
2026-08-21 13:25:00,ATM,PE,400.0,396.5,8.15,8.25,7.9,7.9,37.219242,15000,1070625
2026-08-21 13:30:00,ATM,PE,400.0,396.2,7.8,8.55,7.8,7.95,36.490268,60000,1078125
2026-08-21 13:35:00,ATM,PE,400.0,396.15,7.95,8.15,7.95,8.1,37.243013,13125,1068750
2026-08-21 13:40:00,ATM,PE,400.0,396.7,7.9,8.1,7.75,8.0,38.554199,11250,1078125
2026-08-21 13:45:00,ATM,PE,400.0,396.5,7.95,8.0,7.6,8.0,37.884463,37500,1091250
2026-08-21 13:50:00,ATM,PE,400.0,396.5,8.0,8.0,7.9,7.9,37.291732,5625,1091250
2026-08-21 13:55:00,ATM,PE,400.0,396.6,7.9,7.9,7.55,7.7,36.436629,13125,1091250
2026-08-21 14:00:00,ATM,PE,400.0,396.9,7.7,7.7,7.45,7.6,36.871751,28125,1089375
2026-08-21 14:05:00,ATM,PE,400.0,396.3,7.6,7.85,7.6,7.85,36.3316,11250,1091250
2026-08-21 14:10:00,ATM,PE,400.0,396.95,7.85,7.85,7.55,7.55,36.767333,5625,1091250
2026-08-21 14:15:00,ATM,PE,400.0,396.9,7.2,7.55,7.15,7.25,34.791862,31875,1100625
2026-08-21 14:20:00,ATM,PE,400.0,397.0,7.25,7.35,7.25,7.35,35.753607,1875,1098750
2026-08-21 14:25:00,ATM,PE,400.0,396.8,7.35,7.5,7.35,7.45,35.69115,11250,1100625
2026-08-21 14:30:00,ATM,PE,400.0,396.55,7.45,7.45,7.0,7.2,33.307042,39375,1126875
2026-08-21 14:35:00,ATM,PE,400.0,396.6,7.2,7.2,7.2,7.2,33.496766,1875,1125000
2026-08-21 14:40:00,ATM,PE,400.0,396.65,7.2,7.3,7.1,7.3,34.297243,15000,1125000
2026-08-21 14:45:00,ATM,PE,400.0,396.55,7.3,7.35,7.05,7.35,34.264981,11250,1134375
2026-08-21 14:50:00,ATM,PE,400.0,396.65,7.15,7.35,7.1,7.15,33.406058,16875,1132500
2026-08-21 14:55:00,ATM,PE,400.0,396.25,7.15,7.65,7.15,7.65,35.067137,11250,1128750
2026-08-21 15:00:00,ATM,PE,400.0,396.3,7.75,8.0,7.5,7.6,34.952147,31875,1121250
2026-08-21 15:05:00,ATM,PE,400.0,396.45,7.75,7.75,7.4,7.5,34.885239,24375,1128750
2026-08-21 15:10:00,ATM,PE,400.0,396.3,7.5,7.6,7.0,7.1,31.893754,15000,1123125
2026-08-21 15:15:00,ATM,PE,400.0,396.3,7.15,7.15,7.05,7.05,31.596511,9375,1121250
2026-08-21 15:20:00,ATM,PE,400.0,396.3,7.05,7.2,7.05,7.2,32.5375,7500,1125000
2026-08-21 15:25:00,ATM,PE,390.0,394.45,7.2,7.75,2.05,2.1,24.924312,30000,1479375
2026-08-21 15:30:00,ATM,PE,390.0,394.45,2.0,2.1,1.85,1.85,23.209825,58125,1481250
2026-08-21 15:35:00,ATM,PE,390.0,394.45,1.9,1.95,1.8,1.95,23.912828,45000,1475625
2026-08-24 09:15:00,ATM,PE,400.0,400.1,3.5,5.0,2.95,4.1,44.924118,1310625,1696875
2026-08-24 09:20:00,ATM,PE,400.0,399.0,3.95,4.25,3.95,4.2,40.083246,178125,1723125
2026-08-24 09:25:00,ATM,PE,400.0,399.45,4.35,4.55,4.2,4.4,44.790345,65625,1725000
2026-08-24 09:30:00,ATM,PE,400.0,398.2,4.85,5.1,4.4,5.0,44.115361,116250,1689375
2026-08-24 09:35:00,ATM,PE,400.0,398.3,5.0,5.35,4.85,4.85,43.150092,118125,1661250
2026-08-24 09:40:00,ATM,PE,400.0,399.6,3.9,5.0,3.9,4.95,51.691974,114375,1653750
2026-08-24 09:45:00,ATM,PE,400.0,400.55,3.75,4.95,3.6,3.7,43.294663,135000,1648125
2026-08-24 09:50:00,ATM,PE,400.0,399.0,3.65,4.15,3.6,4.15,39.864533,84375,1666875
2026-08-24 09:55:00,ATM,PE,400.0,399.85,3.75,4.15,3.7,3.75,40.318075,48750,1674375
2026-08-24 10:00:00,ATM,PE,400.0,399.25,3.75,4.1,3.75,4.1,40.857102,11250,1672500
2026-08-24 10:05:00,ATM,PE,400.0,399.8,4.2,4.2,3.7,3.8,40.699351,86250,1706250
2026-08-24 10:10:00,ATM,PE,400.0,399.8,3.8,3.9,3.5,3.5,37.509037,61875,1764375
2026-08-24 10:15:00,ATM,PE,400.0,400.45,3.45,3.5,3.35,3.4,39.88684,41250,1762500
2026-08-24 10:20:00,ATM,PE,400.0,400.7,3.35,3.45,3.3,3.3,40.11804,82500,1775625
2026-08-24 10:25:00,ATM,PE,400.0,400.7,3.0,3.3,3.0,3.2,39.083546,76875,1756875
2026-08-24 10:30:00,ATM,PE,400.0,400.75,3.2,3.45,3.2,3.25,39.933381,61875,1753125
2026-08-24 10:35:00,ATM,PE,400.0,400.45,3.25,3.25,3.05,3.05,36.288382,60000,1732500
2026-08-24 10:40:00,ATM,PE,400.0,401.1,3.0,3.05,2.65,2.9,37.926439,213750,1721250
2026-08-24 10:45:00,ATM,PE,400.0,402.3,2.9,2.9,2.6,2.6,40.186353,65625,1721250
2026-08-24 10:50:00,ATM,PE,400.0,402.25,2.7,2.7,2.5,2.55,39.456839,65625,1732500
2026-08-24 10:55:00,ATM,PE,400.0,401.25,2.55,2.65,2.55,2.65,36.03979,22500,1728750
2026-08-24 11:00:00,ATM,PE,400.0,401.65,2.6,2.75,2.45,2.75,39.08919,63750,1728750
2026-08-24 11:05:00,ATM,PE,400.0,402.05,2.75,2.75,2.45,2.5,38.164235,20625,1725000
2026-08-24 11:10:00,ATM,PE,400.0,401.4,2.6,2.6,2.5,2.55,35.788944,58125,1743750
2026-08-24 11:15:00,ATM,PE,400.0,401.45,2.7,2.85,2.55,2.6,36.635521,120000,1713750
2026-08-24 11:20:00,ATM,PE,400.0,401.35,2.65,2.8,2.45,2.45,34.532858,82500,1706250
2026-08-24 11:25:00,ATM,PE,400.0,401.35,2.55,2.65,2.45,2.65,36.826102,11250,1706250
2026-08-24 11:30:00,ATM,PE,400.0,400.7,2.65,2.75,2.45,2.75,34.803315,78750,1689375
2026-08-24 11:35:00,ATM,PE,400.0,400.65,2.85,2.85,2.75,2.85,35.712621,73125,1683750
2026-08-24 11:40:00,ATM,PE,400.0,401.15,2.9,2.9,2.7,2.7,36.580092,121875,1591875
2026-08-24 11:45:00,ATM,PE,400.0,402.0,2.6,2.7,2.3,2.3,36.086334,135000,1563750
2026-08-24 11:50:00,ATM,PE,400.0,401.15,2.2,2.45,2.2,2.45,33.869791,31875,1561875
2026-08-24 11:55:00,ATM,PE,400.0,401.1,2.55,2.8,2.45,2.65,35.930684,129375,1565625
2026-08-24 12:00:00,ATM,PE,400.0,401.6,2.65,2.65,2.1,2.1,32.115951,131250,1569375
2026-08-24 12:05:00,ATM,PE,400.0,401.4,2.35,2.6,2.1,2.6,36.928162,118125,1576875
2026-08-24 12:10:00,ATM,PE,400.0,403.3,1.95,2.6,1.8,1.8,36.011517,230625,1524375
2026-08-24 12:15:00,ATM,PE,400.0,402.9,1.95,1.95,1.8,1.9,35.62618,103125,1531875
2026-08-24 12:20:00,ATM,PE,400.0,403.0,1.9,1.9,1.8,1.8,34.887783,48750,1548750
2026-08-24 12:25:00,ATM,PE,400.0,402.85,1.8,1.95,1.6,1.85,34.919394,90000,1550625
2026-08-24 12:30:00,ATM,PE,400.0,402.75,1.8,1.95,1.75,1.95,35.751259,45000,1554375
2026-08-24 12:35:00,ATM,PE,400.0,403.5,1.85,1.95,1.7,1.7,35.852255,33750,1558125
2026-08-24 12:40:00,ATM,PE,400.0,403.65,1.55,1.75,1.55,1.65,35.877808,78750,1571250
2026-08-24 12:45:00,ATM,PE,400.0,404.4,1.6,1.65,1.4,1.4,35.586499,146250,1558125
2026-08-24 12:50:00,ATM,PE,400.0,404.65,1.35,1.4,1.3,1.35,35.895042,350625,1548750
2026-08-24 12:55:00,ATM,PE,400.0,404.9,1.4,1.4,1.35,1.35,36.86203,133125,1552500
2026-08-24 13:00:00,ATM,PE,400.0,404.35,1.3,1.4,1.3,1.3,34.224084,127500,1580625
2026-08-24 13:05:00,ATM,PE,400.0,404.4,1.4,1.45,1.25,1.3,34.461345,232500,1601250
2026-08-24 13:10:00,ATM,PE,400.0,403.75,1.3,1.45,1.25,1.45,34.034639,133125,1646250
2026-08-24 13:15:00,ATM,PE,400.0,403.8,1.4,1.45,1.35,1.35,32.972726,45000,1635000
2026-08-24 13:20:00,ATM,PE,400.0,403.25,1.3,1.6,1.3,1.55,33.434465,148125,1606875
2026-08-24 13:25:00,ATM,PE,400.0,403.25,1.6,1.6,1.45,1.55,33.486089,56250,1620000
2026-08-24 13:30:00,ATM,PE,400.0,402.55,1.45,1.7,1.45,1.65,31.867751,91875,1636875
2026-08-24 13:35:00,ATM,PE,400.0,402.55,1.6,1.75,1.55,1.6,31.299285,97500,1633125
2026-08-24 13:40:00,ATM,PE,400.0,402.7,1.6,1.75,1.5,1.75,33.846982,50625,1642500
2026-08-24 13:45:00,ATM,PE,400.0,404.0,1.4,1.75,1.15,1.15,31.338873,155625,1635000
2026-08-24 13:50:00,ATM,PE,400.0,403.2,1.25,1.4,1.15,1.4,31.616019,110625,1638750
2026-08-24 13:55:00,ATM,PE,400.0,403.5,1.4,1.4,1.3,1.3,31.550218,15000,1642500
2026-08-24 14:00:00,ATM,PE,400.0,403.65,1.15,1.3,1.0,1.25,31.517415,303750,1590000
2026-08-24 14:05:00,ATM,PE,400.0,403.95,1.15,1.25,1.05,1.15,31.349395,146250,1588125
2026-08-24 14:10:00,ATM,PE,400.0,403.6,1.2,1.3,1.15,1.2,30.748462,213750,1612500
2026-08-24 14:15:00,ATM,PE,400.0,402.85,1.2,1.4,1.2,1.4,30.429055,125625,1633125
2026-08-24 14:20:00,ATM,PE,400.0,402.75,1.4,1.4,1.4,1.4,30.060428,18750,1635000
2026-08-24 14:25:00,ATM,PE,400.0,402.65,1.35,1.5,1.3,1.35,29.046628,105000,1590000
2026-08-24 14:30:00,ATM,PE,400.0,402.7,1.35,1.45,1.35,1.35,29.302875,22500,1590000
2026-08-24 14:35:00,ATM,PE,400.0,402.3,1.35,1.35,1.25,1.25,26.373447,30000,1590000
2026-08-24 14:40:00,ATM,PE,400.0,402.5,1.45,1.45,1.25,1.45,29.830511,11250,1590000
2026-08-24 14:45:00,ATM,PE,400.0,402.5,1.2,1.45,1.15,1.15,26.002449,37500,1580625
2026-08-24 14:50:00,ATM,PE,400.0,401.95,1.2,1.35,1.15,1.35,26.24728,103125,1576875
2026-08-24 14:55:00,ATM,PE,400.0,402.25,1.35,1.35,1.05,1.15,25.036557,215625,1561875
2026-08-24 15:00:00,ATM,PE,400.0,401.75,1.3,1.4,1.15,1.4,26.057392,108750,1545000
2026-08-24 15:05:00,ATM,PE,400.0,400.9,1.4,1.45,1.4,1.45,22.651876,35625,1539375
2026-08-24 15:10:00,ATM,PE,400.0,400.5,1.4,1.6,1.4,1.6,22.423139,67500,1530000
2026-08-24 15:15:00,ATM,PE,400.0,400.5,1.6,1.9,1.6,1.9,26.050454,108750,1498125
2026-08-24 15:20:00,ATM,PE,400.0,400.5,1.9,2.2,1.85,2.2,29.684019,125625,1481250
2026-08-24 15:25:00,ATM,PE,400.0,403.3,2.2,2.75,2.2,2.75,50.372182,446250,1507500
2026-08-24 15:30:00,ATM,PE,400.0,403.3,2.55,2.75,2.35,2.5,47.313125,58125,1513125
2026-08-24 15:35:00,ATM,PE,400.0,403.3,2.5,2.6,2.35,2.6,48.655997,58125,1513125
2026-08-25 09:15:00,ATM,PE,400.0,399.4,2.5,3.25,2.1,2.95,61.919347,97500,1503750
2026-08-25 09:20:00,ATM,PE,400.0,397.7,3.0,3.1,2.8,2.95,36.656678,112500,1485000
2026-08-25 09:25:00,ATM,PE,400.0,397.55,3.5,3.5,2.95,3.0,35.194976,105000,1458750
2026-08-25 09:30:00,ATM,PE,400.0,398.3,3.2,3.5,3.0,3.2,54.012305,46875,1436250
2026-08-25 09:35:00,ATM,PE,400.0,397.1,2.8,4.0,2.8,4.0,54.838573,61875,1398750
2026-08-25 09:40:00,ATM,PE,400.0,397.95,3.9,4.0,3.25,3.25,50.386146,35625,1398750
2026-08-25 09:45:00,ATM,PE,400.0,397.2,3.15,4.1,3.15,4.1,60.184173,54375,1385625
2026-08-25 09:50:00,ATM,PE,400.0,397.2,4.1,4.25,3.95,4.25,64.657172,26250,1365000
2026-08-25 09:55:00,ATM,PE,400.0,396.7,4.45,4.5,4.2,4.5,62.683651,16875,1348125
2026-08-25 10:00:00,ATM,PE,400.0,396.7,4.45,4.65,4.35,4.65,67.377196,54375,1325625
2026-08-25 10:05:00,ATM,PE,400.0,396.5,4.35,4.65,4.35,4.4,56.475629,13125,1305000
2026-08-25 10:10:00,ATM,PE,400.0,396.2,4.6,4.85,4.4,4.85,63.970916,16875,1297500
2026-08-25 10:15:00,ATM,PE,400.0,396.0,4.85,5.0,4.6,4.85,59.869777,146250,1192500
2026-08-25 10:20:00,ATM,PE,390.0,394.7,5.25,5.4,0.6,0.7,61.122569,129375,1141875
2026-08-25 10:25:00,ATM,PE,390.0,394.9,0.6,6.05,0.5,0.6,59.365052,283125,1098750
2026-08-25 10:30:00,ATM,PE,390.0,394.5,0.65,0.8,0.6,0.65,58.745984,129375,1117500
2026-08-25 10:35:00,ATM,PE,390.0,394.15,0.65,0.7,0.5,0.55,52.795454,103125,1093125
2026-08-25 10:40:00,ATM,PE,390.0,393.15,0.65,0.85,0.55,0.85,55.634196,181875,1089375
2026-08-25 10:45:00,ATM,PE,390.0,393.4,0.8,0.95,0.75,0.9,59.951336,354375,1072500
2026-08-25 10:50:00,ATM,PE,390.0,392.95,0.85,1.1,0.85,1.0,59.661079,174375,1076250
2026-08-25 10:55:00,ATM,PE,390.0,393.3,0.95,1.0,0.85,0.9,60.111672,73125,1070625
2026-08-25 11:00:00,ATM,PE,390.0,393.0,0.75,0.95,0.7,0.9,57.913064,99375,1053750
2026-08-25 11:05:00,ATM,PE,390.0,393.5,0.75,0.9,0.65,0.8,59.542651,93750,1061250
2026-08-25 11:10:00,ATM,PE,390.0,392.95,0.85,1.05,0.8,1.0,61.856935,444375,1025625
2026-08-25 11:15:00,ATM,PE,390.0,392.5,1.0,1.45,1.0,1.45,72.338413,63750,1038750
2026-08-25 11:20:00,ATM,PE,390.0,392.4,1.4,1.6,1.35,1.4,70.387574,204375,1020000
2026-08-25 11:25:00,ATM,PE,390.0,392.75,0.9,1.4,0.9,1.15,66.690034,112500,1005000
2026-08-25 11:30:00,ATM,PE,390.0,392.8,1.1,1.25,0.8,1.25,71.209156,543750,976875
2026-08-25 11:35:00,ATM,PE,390.0,393.2,1.45,1.45,0.7,0.7,56.577937,431250,1091250
2026-08-25 11:40:00,ATM,PE,390.0,393.1,0.65,0.9,0.65,0.7,56.230357,210000,980625
2026-08-25 11:45:00,ATM,PE,390.0,393.25,0.85,0.95,0.7,0.7,58.262116,22500,975000
2026-08-25 11:50:00,ATM,PE,390.0,392.65,0.7,0.8,0.65,0.8,56.750448,67500,946875
2026-08-25 11:55:00,ATM,PE,390.0,393.25,0.8,0.9,0.65,0.85,65.373112,39375,926250
2026-08-25 12:00:00,ATM,PE,390.0,393.65,0.85,0.85,0.65,0.65,62.053021,16875,924375
2026-08-25 12:05:00,ATM,PE,400.0,395.6,0.55,5.85,0.5,4.95,64.811912,110625,1053750
2026-08-25 12:10:00,ATM,PE,400.0,395.95,5.35,5.75,4.65,4.65,64.577283,86250,1091250
2026-08-25 12:15:00,ATM,PE,400.0,396.75,4.45,4.85,3.35,3.35,32.165738,97500,941250
2026-08-25 12:20:00,ATM,PE,400.0,396.15,3.4,3.8,3.3,3.45,0.0,121875,980625
2026-08-25 12:25:00,ATM,PE,400.0,395.9,3.3,4.1,3.3,3.8,0.0,56250,1003125
2026-08-25 12:30:00,ATM,PE,400.0,395.65,3.8,3.8,3.8,3.8,0.0,0,1001250
2026-08-25 12:35:00,ATM,PE,400.0,395.55,3.8,4.4,3.8,4.4,0.0,9375,789375
2026-08-25 12:40:00,ATM,PE,400.0,395.05,4.75,4.75,4.4,4.75,0.0,1875,785625
2026-08-25 12:45:00,ATM,PE,390.0,394.8,0.1,0.15,0.1,0.15,50.885968,9375,909375
2026-08-25 12:50:00,ATM,PE,390.0,394.8,0.1,0.15,0.1,0.1,46.79901,1875,909375
2026-08-25 12:55:00,ATM,PE,400.0,395.05,0.1,5.6,0.1,5.4,74.161838,50625,785625
2026-08-25 13:00:00,ATM,PE,390.0,394.3,5.4,5.4,0.05,0.05,38.221401,91875,849375
2026-08-25 13:05:00,ATM,PE,390.0,393.95,0.05,0.05,0.05,0.05,36.322574,5625,847500
2026-08-25 13:10:00,ATM,PE,390.0,394.0,0.05,0.05,0.05,0.05,37.310111,0,847500
2026-08-25 13:15:00,ATM,PE,390.0,394.9,0.05,0.05,0.05,0.05,44.622217,35625,847500
2026-08-25 13:20:00,ATM,PE,390.0,393.85,0.05,0.05,0.05,0.05,37.510996,3750,825000
2026-08-25 13:25:00,ATM,PE,390.0,394.1,0.05,0.05,0.05,0.05,40.17298,5625,823125
2026-08-25 13:30:00,ATM,PE,390.0,394.6,0.05,0.05,0.05,0.05,44.890628,46875,819375
2026-08-25 13:35:00,ATM,PE,390.0,394.5,0.05,0.05,0.05,0.05,45.017493,0,819375
2026-08-25 13:40:00,ATM,PE,390.0,394.4,0.05,0.05,0.05,0.05,45.167281,24375,813750
2026-08-25 13:45:00,ATM,PE,390.0,394.2,0.05,0.05,0.05,0.05,44.502647,0,813750
2026-08-25 13:50:00,ATM,PE,390.0,394.75,0.05,0.05,0.05,0.05,50.23804,1875,795000
2026-08-25 13:55:00,ATM,PE,390.0,394.6,0.05,0.05,0.05,0.05,50.172899,0,795000
2026-08-25 14:00:00,ATM,PE,390.0,394.3,0.05,0.05,0.05,0.05,48.781043,0,795000
2026-08-25 14:05:00,ATM,PE,390.0,394.25,0.05,0.05,0.05,0.05,49.650708,18750,793125
2026-08-25 14:10:00,ATM,PE,390.0,393.75,0.05,0.05,0.05,0.05,46.26558,0,793125
2026-08-25 14:15:00,ATM,PE,390.0,394.05,0.05,0.05,0.05,0.05,50.678444,0,793125
2026-08-25 14:20:00,ATM,PE,390.0,393.75,0.05,0.05,0.05,0.05,49.245976,3750,772500
2026-08-25 14:25:00,ATM,PE,390.0,394.1,0.05,0.05,0.05,0.05,54.699123,0,772500
2026-08-25 14:30:00,ATM,PE,390.0,393.9,0.05,0.05,0.05,0.05,54.555741,9375,770625
2026-08-25 14:35:00,ATM,PE,390.0,394.3,0.05,0.05,0.05,0.05,61.351583,3750,768750
2026-08-25 14:40:00,ATM,PE,390.0,395.0,0.05,6.0,0.05,0.05,72.280309,24375,765000
2026-08-25 14:45:00,ATM,PE,400.0,395.35,5.5,5.55,5.5,5.5,163.232075,13125,686250
2026-08-25 14:50:00,ATM,PE,400.0,395.35,5.5,5.5,5.5,5.5,172.035173,0,686250
2026-08-25 14:55:00,ATM,PE,400.0,395.1,5.05,5.5,0.05,5.05,105.433889,1875,673125
2026-08-25 15:00:00,ATM,PE,390.0,394.95,0.05,0.05,0.05,0.05,89.858568,0,757500
2026-08-25 15:05:00,ATM,PE,390.0,395.0,0.05,5.8,0.05,0.05,97.837069,0,757500
2026-08-25 15:10:00,ATM,PE,400.0,395.95,4.85,5.8,0.05,5.0,225.1344,9375,665625
2026-08-25 15:15:00,ATM,PE,400.0,395.95,5.0,5.0,4.0,4.0,0.0,1875,665625
2026-08-25 15:20:00,ATM,PE,400.0,395.95,3.0,4.0,3.0,3.0,0.0,3750,665625
2026-08-25 15:25:00,ATM,PE,400.0,397.8,3.0,3.0,3.0,3.0,241.430055,0,665625
2026-08-25 15:30:00,ATM,PE,400.0,397.8,1.8,3.0,0.45,0.45,0.0,3750,661875
2026-08-25 15:35:00,ATM,PE,400.0,397.8,0.45,0.45,0.45,0.45,0.0,0,661875
2026-08-20 09:15:00,ATM+1,CE,400.0,393.45,2.7,4.6,2.7,3.45,31.420176,2518125,4350000
2026-08-20 09:20:00,ATM+1,CE,400.0,388.25,3.55,3.55,2.45,2.45,34.904162,1655625,4522500
2026-08-20 09:25:00,ATM+1,CE,400.0,388.9,2.45,2.5,2.2,2.4,33.471756,826875,4421250
2026-08-20 09:30:00,ATM+1,CE,400.0,388.0,2.25,2.4,2.1,2.1,32.96666,483750,4438125
2026-08-20 09:35:00,ATM+1,CE,400.0,387.85,2.2,2.2,2.0,2.0,32.524176,189375,4406250
2026-08-20 09:40:00,ATM+1,CE,400.0,387.35,1.95,2.0,1.85,2.0,33.349432,331875,4383750
2026-08-20 09:45:00,ATM+1,CE,400.0,387.1,2.0,2.05,1.95,2.0,33.766206,142500,4393125
2026-08-20 09:50:00,ATM+1,CE,400.0,387.55,2.0,2.05,1.95,2.0,33.047551,240000,4335000
2026-08-20 09:55:00,ATM+1,CE,400.0,387.8,2.0,2.05,2.0,2.0,32.651353,120000,4310625
2026-08-20 10:00:00,ATM+1,CE,400.0,388.2,2.0,2.1,1.95,2.05,32.35693,168750,4306875
2026-08-20 10:05:00,ATM+1,CE,400.0,388.5,2.05,2.3,2.05,2.2,32.902126,125625,4267500
2026-08-20 10:10:00,ATM+1,CE,400.0,389.65,2.15,2.5,2.15,2.5,32.928901,183750,4306875
2026-08-20 10:15:00,ATM+1,CE,400.0,389.15,2.5,2.5,2.25,2.25,32.161464,99375,4321875
2026-08-20 10:20:00,ATM+1,CE,400.0,389.65,2.35,2.4,2.25,2.4,32.301743,165000,4316250
2026-08-20 10:25:00,ATM+1,CE,400.0,388.85,2.35,2.4,2.1,2.2,32.357511,114375,4327500
2026-08-20 10:30:00,ATM+1,CE,400.0,389.7,2.25,2.5,2.2,2.5,32.887382,262500,4340625
2026-08-20 10:35:00,ATM+1,CE,400.0,390.5,2.55,2.8,2.5,2.65,32.43189,318750,4308750
2026-08-20 10:40:00,ATM+1,CE,400.0,390.55,2.7,2.8,2.65,2.65,32.353097,146250,4365000
2026-08-20 10:45:00,ATM+1,CE,400.0,390.45,2.7,2.8,2.6,2.6,32.228939,75000,4398750
2026-08-20 10:50:00,ATM+1,CE,400.0,388.8,2.55,2.6,2.25,2.25,32.837951,316875,4455000
2026-08-20 10:55:00,ATM+1,CE,400.0,389.2,2.35,2.35,2.25,2.35,32.833547,61875,4438125
2026-08-20 11:00:00,ATM+1,CE,400.0,388.75,2.35,2.35,2.25,2.3,33.283844,91875,4421250
2026-08-20 11:05:00,ATM+1,CE,400.0,390.5,2.2,2.65,2.2,2.6,32.184668,251250,4351875
2026-08-20 11:10:00,ATM+1,CE,400.0,390.4,2.55,2.6,2.35,2.4,31.096767,133125,4406250
2026-08-20 11:15:00,ATM+1,CE,400.0,389.65,2.35,2.4,2.25,2.25,31.438039,54375,4410000
2026-08-20 11:20:00,ATM+1,CE,400.0,389.5,2.25,2.25,2.15,2.15,31.038194,65625,4423125
2026-08-20 11:25:00,ATM+1,CE,400.0,389.5,2.15,2.2,2.15,2.15,31.049227,56250,4432500
2026-08-20 11:30:00,ATM+1,CE,400.0,389.75,2.2,2.2,2.1,2.1,30.296488,16875,4453125
2026-08-20 11:35:00,ATM+1,CE,400.0,389.4,2.1,2.2,2.1,2.15,31.242148,67500,4455000
2026-08-20 11:40:00,ATM+1,CE,400.0,389.3,2.15,2.15,2.05,2.1,31.084449,67500,4415625
2026-08-20 11:45:00,ATM+1,CE,400.0,389.2,2.1,2.1,2.05,2.1,31.265136,15000,4423125
2026-08-20 11:50:00,ATM+1,CE,400.0,389.2,2.1,2.15,2.05,2.1,31.27628,22500,4425000
2026-08-20 11:55:00,ATM+1,CE,400.0,389.5,2.1,2.1,2.1,2.1,30.777441,7500,4415625
2026-08-20 12:00:00,ATM+1,CE,400.0,389.35,2.1,2.15,2.1,2.15,31.383325,18750,4417500
2026-08-20 12:05:00,ATM+1,CE,400.0,389.0,2.1,2.15,2.05,2.05,31.304442,35625,4430625
2026-08-20 12:10:00,ATM+1,CE,400.0,389.45,2.05,2.1,2.05,2.05,30.554968,24375,4438125
2026-08-20 12:15:00,ATM+1,CE,400.0,389.9,2.1,2.25,2.05,2.2,30.806175,245625,4466250
2026-08-20 12:20:00,ATM+1,CE,400.0,389.4,2.25,2.25,2.1,2.15,31.342646,86250,4481250
2026-08-20 12:25:00,ATM+1,CE,400.0,389.2,2.15,2.15,2.1,2.1,31.354563,39375,4485000
2026-08-20 12:30:00,ATM+1,CE,400.0,389.2,2.05,2.1,2.0,2.0,30.677461,26250,4455000
2026-08-20 12:35:00,ATM+1,CE,400.0,389.0,2.05,2.05,2.0,2.05,31.371667,28125,4464375
2026-08-20 12:40:00,ATM+1,CE,400.0,388.65,2.05,2.05,1.95,1.95,31.270405,95625,4466250
2026-08-20 12:45:00,ATM+1,CE,400.0,388.8,1.95,1.95,1.95,1.95,31.031836,22500,4470000
2026-08-20 12:50:00,ATM+1,CE,400.0,388.0,1.9,1.95,1.8,1.85,31.647483,221250,4473750
2026-08-20 12:55:00,ATM+1,CE,400.0,387.7,1.8,1.85,1.75,1.8,31.780206,106875,4522500
2026-08-20 13:00:00,ATM+1,CE,400.0,387.6,1.8,1.8,1.7,1.7,31.208236,99375,4558125
2026-08-20 13:05:00,ATM+1,CE,400.0,387.65,1.7,1.7,1.7,1.7,31.139473,63750,4537500
2026-08-20 13:10:00,ATM+1,CE,400.0,387.8,1.75,1.75,1.7,1.7,30.910391,15000,4537500
2026-08-20 13:15:00,ATM+1,CE,400.0,388.15,1.75,1.85,1.7,1.8,31.094826,48750,4545000
2026-08-20 13:20:00,ATM+1,CE,400.0,388.05,1.8,1.8,1.75,1.8,31.268891,9375,4546875
2026-08-20 13:25:00,ATM+1,CE,400.0,387.65,1.8,1.8,1.8,1.8,31.92969,3750,4545000
2026-08-20 13:30:00,ATM+1,CE,400.0,387.65,1.8,1.8,1.75,1.75,31.56974,9375,4545000
2026-08-20 13:35:00,ATM+1,CE,400.0,387.4,1.8,1.8,1.75,1.75,31.98342,26250,4556250
2026-08-20 13:40:00,ATM+1,CE,400.0,387.2,1.75,1.75,1.65,1.65,31.555701,187500,4633125
2026-08-20 13:45:00,ATM+1,CE,400.0,387.05,1.65,1.65,1.6,1.65,31.804684,30000,4635000
2026-08-20 13:50:00,ATM+1,CE,400.0,386.75,1.7,1.7,1.55,1.55,31.507893,18750,4644375
2026-08-20 13:55:00,ATM+1,CE,400.0,387.05,1.6,1.65,1.55,1.55,31.050635,58125,4638750
2026-08-20 14:00:00,ATM+1,CE,400.0,387.35,1.55,1.65,1.55,1.65,31.362912,230625,4693125
2026-08-20 14:05:00,ATM+1,CE,400.0,387.45,1.65,1.65,1.65,1.65,31.215065,18750,4605000
2026-08-20 14:10:00,ATM+1,CE,400.0,387.1,1.65,1.65,1.65,1.65,31.782778,65625,4606875
2026-08-20 14:15:00,ATM+1,CE,400.0,387.55,1.65,1.65,1.65,1.65,31.078163,3750,4629375
2026-08-20 14:20:00,ATM+1,CE,400.0,387.4,1.65,1.65,1.6,1.65,31.328648,69375,4666875
2026-08-20 14:25:00,ATM+1,CE,400.0,387.7,1.6,1.65,1.6,1.65,30.860918,65625,4659375
2026-08-20 14:30:00,ATM+1,CE,400.0,387.15,1.65,1.65,1.6,1.6,31.362575,33750,4651875
2026-08-20 14:35:00,ATM+1,CE,400.0,387.05,1.6,1.6,1.55,1.6,31.531905,28125,4659375
2026-08-20 14:40:00,ATM+1,CE,400.0,387.15,1.6,1.6,1.55,1.55,30.994821,31875,4674375
2026-08-20 14:45:00,ATM+1,CE,400.0,387.1,1.55,1.65,1.5,1.55,31.084653,142500,4721250
2026-08-20 14:50:00,ATM+1,CE,400.0,387.0,1.55,1.55,1.5,1.55,31.253013,106875,4715625
2026-08-20 14:55:00,ATM+1,CE,400.0,387.0,1.55,1.6,1.5,1.6,31.656724,97500,4666875
2026-08-20 15:00:00,ATM+1,CE,400.0,386.35,1.55,1.6,1.5,1.55,32.292872,318750,4591875
2026-08-20 15:05:00,ATM+1,CE,400.0,385.9,1.5,1.55,1.45,1.45,32.186302,99375,4575000
2026-08-20 15:10:00,ATM+1,CE,400.0,385.6,1.5,1.55,1.45,1.5,33.071469,217500,4522500
2026-08-20 15:15:00,ATM+1,CE,400.0,385.6,1.5,1.5,1.45,1.45,32.668954,41250,4541250
2026-08-20 15:20:00,ATM+1,CE,400.0,385.6,1.5,1.5,1.35,1.35,31.837628,76875,4528125
2026-08-20 15:25:00,ATM+1,CE,400.0,385.6,1.4,1.45,1.35,1.45,32.692704,50625,4539375
2026-08-20 15:30:00,ATM+1,CE,400.0,385.6,1.4,1.45,1.35,1.45,32.70459,97500,4526250
2026-08-20 15:35:00,ATM+1,CE,400.0,385.6,1.35,1.5,1.35,1.5,33.131604,255000,4498125
2026-08-21 09:15:00,ATM+1,CE,400.0,390.05,1.5,2.0,1.3,1.95,31.859556,727500,4516875
2026-08-21 09:20:00,ATM+1,CE,400.0,388.4,2.0,2.0,1.65,1.65,32.514095,560625,4530000
2026-08-21 09:25:00,ATM+1,CE,400.0,391.9,1.7,2.55,1.65,2.55,32.567487,958125,4522500
2026-08-21 09:30:00,ATM+1,CE,400.0,391.05,2.55,2.55,2.3,2.5,33.945001,1209375,4738125
2026-08-21 09:35:00,ATM+1,CE,400.0,391.5,2.5,2.85,2.5,2.65,34.091326,1728750,4813125
2026-08-21 09:40:00,ATM+1,CE,400.0,392.8,2.75,2.9,2.65,2.9,33.082046,706875,4895625
2026-08-21 09:45:00,ATM+1,CE,400.0,391.4,2.9,2.9,2.3,2.3,31.893432,720000,4976250
2026-08-21 09:50:00,ATM+1,CE,400.0,392.9,2.4,2.95,2.3,2.85,32.56923,1447500,4835625
2026-08-21 09:55:00,ATM+1,CE,400.0,394.0,2.95,3.5,2.85,3.2,32.449308,1560000,4927500
2026-08-21 10:00:00,ATM+1,CE,400.0,392.35,3.15,3.2,2.6,2.6,32.083434,909375,5101875
2026-08-21 10:05:00,ATM+1,CE,400.0,392.45,2.65,2.75,2.55,2.65,32.227116,375000,5070000
2026-08-21 10:10:00,ATM+1,CE,400.0,392.3,2.55,2.7,2.55,2.55,31.875834,298125,5092500
2026-08-21 10:15:00,ATM+1,CE,400.0,392.5,2.55,2.7,2.55,2.65,32.151158,97500,5071875
2026-08-21 10:20:00,ATM+1,CE,400.0,391.6,2.4,2.65,2.15,2.15,30.534363,693750,4867500
2026-08-21 10:25:00,ATM+1,CE,400.0,394.15,2.1,2.9,2.1,2.9,30.284048,885000,4860000
2026-08-21 10:30:00,ATM+1,CE,400.0,393.25,3.05,3.15,2.65,2.65,30.617091,845625,4830000
2026-08-21 10:35:00,ATM+1,CE,400.0,394.0,2.75,2.9,2.65,2.8,29.996223,298125,4923750
2026-08-21 10:40:00,ATM+1,CE,400.0,393.1,2.8,2.8,2.6,2.6,30.629151,125625,4972500
2026-08-21 10:45:00,ATM+1,CE,400.0,392.8,2.6,2.6,2.4,2.4,29.923301,142500,4970625
2026-08-21 10:50:00,ATM+1,CE,400.0,392.45,2.45,2.45,2.25,2.25,29.622743,159375,5043750
2026-08-21 10:55:00,ATM+1,CE,400.0,392.55,2.25,2.35,2.25,2.3,29.778063,97500,5017500
2026-08-21 11:00:00,ATM+1,CE,400.0,392.4,2.3,2.35,2.1,2.2,29.402432,234375,4946250
2026-08-21 11:05:00,ATM+1,CE,400.0,392.65,2.2,2.25,2.1,2.15,28.564368,320625,5000625
2026-08-21 11:10:00,ATM+1,CE,400.0,392.55,2.25,2.3,2.15,2.2,29.125914,56250,4996875
2026-08-21 11:15:00,ATM+1,CE,400.0,392.1,2.3,2.3,2.05,2.05,28.983281,191250,4993125
2026-08-21 11:20:00,ATM+1,CE,400.0,392.65,2.05,2.2,2.05,2.2,28.949253,140625,4980000
2026-08-21 11:25:00,ATM+1,CE,400.0,392.25,2.2,2.2,2.0,2.0,28.3569,240000,5064375
2026-08-21 11:30:00,ATM+1,CE,400.0,392.3,2.05,2.05,2.0,2.0,28.270756,50625,5056875
2026-08-21 11:35:00,ATM+1,CE,400.0,391.95,2.0,2.0,1.75,1.85,27.886044,283125,5049375
2026-08-21 11:40:00,ATM+1,CE,400.0,392.45,1.75,2.05,1.75,1.95,27.643372,311250,5006250
2026-08-21 11:45:00,ATM+1,CE,400.0,392.7,2.05,2.2,1.95,2.15,28.564394,148125,4998750
2026-08-21 11:50:00,ATM+1,CE,400.0,392.35,2.05,2.15,1.9,1.9,27.506706,73125,5025000
2026-08-21 11:55:00,ATM+1,CE,400.0,392.2,1.85,1.9,1.75,1.8,27.086847,65625,5038125
2026-08-21 12:00:00,ATM+1,CE,400.0,392.25,1.8,1.85,1.75,1.85,27.365564,20625,5036250
2026-08-21 12:05:00,ATM+1,CE,400.0,392.4,1.85,1.9,1.75,1.9,27.445201,146250,5028750
2026-08-21 12:10:00,ATM+1,CE,400.0,392.25,1.85,1.9,1.85,1.9,27.751808,31875,5047500
2026-08-21 12:15:00,ATM+1,CE,400.0,392.25,1.9,1.9,1.8,1.8,27.038174,41250,5041875
2026-08-21 12:20:00,ATM+1,CE,400.0,392.6,1.85,1.95,1.8,1.95,27.444386,45000,5045625
2026-08-21 12:25:00,ATM+1,CE,400.0,392.4,1.95,1.95,1.95,1.95,27.853215,24375,5053125
2026-08-21 12:30:00,ATM+1,CE,400.0,392.5,1.85,1.95,1.85,1.9,27.30931,56250,5077500
2026-08-21 12:35:00,ATM+1,CE,400.0,392.45,1.9,1.95,1.9,1.9,27.420196,58125,5103750
2026-08-21 12:40:00,ATM+1,CE,400.0,392.6,1.9,1.95,1.9,1.95,27.493505,120000,5135625
2026-08-21 12:45:00,ATM+1,CE,400.0,393.55,1.95,2.25,1.9,2.25,27.652484,84375,5128125
2026-08-21 12:50:00,ATM+1,CE,400.0,393.5,2.25,2.25,2.15,2.2,27.428736,170625,5118750
2026-08-21 12:55:00,ATM+1,CE,400.0,393.45,2.1,2.2,2.05,2.05,26.513408,45000,5116875
2026-08-21 13:00:00,ATM+1,CE,400.0,393.85,2.05,2.25,2.05,2.2,26.719507,39375,5101875
2026-08-21 13:05:00,ATM+1,CE,400.0,394.25,2.2,2.35,2.2,2.35,26.884704,193125,5081250
2026-08-21 13:10:00,ATM+1,CE,410.0,395.45,2.3,2.7,1.15,1.25,33.760762,288750,2643750
2026-08-21 13:15:00,ATM+1,CE,410.0,396.8,1.4,1.55,1.25,1.55,34.258207,433125,2604375
2026-08-21 13:20:00,ATM+1,CE,410.0,396.2,1.45,1.55,1.1,1.1,31.160299,881250,2557500
2026-08-21 13:25:00,ATM+1,CE,410.0,396.5,1.1,1.25,1.1,1.25,32.116939,178125,2664375
2026-08-21 13:30:00,ATM+1,CE,410.0,396.2,1.2,1.25,1.0,1.15,31.670787,395625,2512500
2026-08-21 13:35:00,ATM+1,CE,410.0,396.15,1.2,1.2,1.05,1.15,31.764235,195000,2520000
2026-08-21 13:40:00,ATM+1,CE,410.0,396.7,1.25,1.45,1.15,1.45,33.63332,511875,2917500
2026-08-21 13:45:00,ATM+1,CE,410.0,396.5,1.45,1.5,1.3,1.35,33.088521,106875,2930625
2026-08-21 13:50:00,ATM+1,CE,410.0,396.5,1.3,1.35,1.25,1.3,32.648607,80625,2926875
2026-08-21 13:55:00,ATM+1,CE,410.0,396.6,1.3,1.4,1.3,1.35,32.953366,136875,2921250
2026-08-21 14:00:00,ATM+1,CE,410.0,396.9,1.3,1.4,1.3,1.35,32.472939,905625,3183750
2026-08-21 14:05:00,ATM+1,CE,410.0,396.3,1.4,1.4,1.25,1.25,32.555541,135000,3118125
2026-08-21 14:10:00,ATM+1,CE,410.0,396.95,1.25,1.3,1.15,1.3,31.969022,50625,3073125
2026-08-21 14:15:00,ATM+1,CE,410.0,396.9,1.4,1.4,1.3,1.3,32.065509,63750,3060000
2026-08-21 14:20:00,ATM+1,CE,410.0,397.0,1.25,1.3,1.2,1.25,31.459895,61875,3037500
2026-08-21 14:25:00,ATM+1,CE,410.0,396.8,1.25,1.25,1.1,1.15,30.866125,206250,2943750
2026-08-21 14:30:00,ATM+1,CE,410.0,396.55,1.15,1.2,1.15,1.15,31.280993,170625,2878125
2026-08-21 14:35:00,ATM+1,CE,410.0,396.6,1.1,1.2,1.1,1.2,31.688262,39375,2866875
2026-08-21 14:40:00,ATM+1,CE,410.0,396.65,1.15,1.2,1.15,1.15,31.148658,106875,2891250
2026-08-21 14:45:00,ATM+1,CE,410.0,396.55,1.1,1.15,1.05,1.05,30.352708,88125,2895000
2026-08-21 14:50:00,ATM+1,CE,410.0,396.65,1.05,1.15,1.05,1.1,30.69634,65625,2930625
2026-08-21 14:55:00,ATM+1,CE,410.0,396.25,1.15,1.15,1.0,1.05,30.852801,95625,2945625
2026-08-21 15:00:00,ATM+1,CE,410.0,396.3,1.05,1.1,0.95,1.05,30.787969,283125,2940000
2026-08-21 15:05:00,ATM+1,CE,410.0,396.45,1.1,1.1,1.05,1.1,31.056536,118125,2934375
2026-08-21 15:10:00,ATM+1,CE,410.0,396.3,1.1,1.2,1.1,1.1,31.309205,114375,2919375
2026-08-21 15:15:00,ATM+1,CE,410.0,396.3,1.1,1.15,1.1,1.1,31.323339,41250,2919375
2026-08-21 15:20:00,ATM+1,CE,410.0,396.3,1.1,1.15,1.1,1.15,31.823704,45000,2919375
2026-08-21 15:25:00,ATM+1,CE,400.0,394.45,1.1,2.65,1.05,2.6,28.456681,172500,4571250
2026-08-21 15:30:00,ATM+1,CE,400.0,394.45,2.6,2.75,2.55,2.65,28.800422,125625,4528125
2026-08-21 15:35:00,ATM+1,CE,400.0,394.45,2.7,2.85,2.65,2.75,29.473154,270000,4471875
2026-08-24 09:15:00,ATM+1,CE,410.0,400.1,1.2,2.15,1.0,1.6,53.103876,3277500,3693750
2026-08-24 09:20:00,ATM+1,CE,410.0,399.0,1.65,1.65,1.35,1.35,52.922495,1098750,3699375
2026-08-24 09:25:00,ATM+1,CE,410.0,399.45,1.35,1.45,1.2,1.45,53.12271,1012500,3605625
2026-08-24 09:30:00,ATM+1,CE,410.0,398.2,1.2,1.45,1.05,1.1,51.44586,609375,3605625
2026-08-24 09:35:00,ATM+1,CE,410.0,398.3,1.0,1.15,0.95,1.15,52.05783,757500,3740625
2026-08-24 09:40:00,ATM+1,CE,410.0,399.6,1.35,1.4,1.05,1.25,49.8506,1215000,3515625
2026-08-24 09:45:00,ATM+1,CE,410.0,400.55,1.3,1.65,1.25,1.5,50.681104,699375,3393750
2026-08-24 09:50:00,ATM+1,CE,410.0,399.0,1.55,1.55,1.1,1.1,49.394403,249375,3315000
2026-08-24 09:55:00,ATM+1,CE,410.0,399.85,1.2,1.3,1.1,1.3,50.067197,253125,3333750
2026-08-24 10:00:00,ATM+1,CE,410.0,399.25,1.3,1.3,1.15,1.15,49.608139,120000,3294375
2026-08-24 10:05:00,ATM+1,CE,410.0,399.8,1.15,1.4,1.15,1.25,49.594889,226875,3268125
2026-08-24 10:10:00,ATM+1,CE,410.0,399.8,1.25,1.25,1.15,1.15,48.095539,191250,3245625
2026-08-24 10:15:00,ATM+1,CE,410.0,400.45,1.25,1.25,1.15,1.2,46.96278,161250,3202500
2026-08-24 10:20:00,ATM+1,CE,410.0,400.7,1.3,1.3,1.2,1.3,47.770895,232500,3225000
2026-08-24 10:25:00,ATM+1,CE,410.0,400.7,1.4,1.5,1.3,1.4,49.324545,348750,3275625
2026-08-24 10:30:00,ATM+1,CE,410.0,400.75,1.35,1.4,1.25,1.3,47.75199,84375,3277500
2026-08-24 10:35:00,ATM+1,CE,410.0,400.45,1.4,1.4,1.0,1.25,48.007031,416250,3429375
2026-08-24 10:40:00,ATM+1,CE,410.0,401.1,1.45,1.7,1.25,1.45,48.97722,907500,3521250
2026-08-24 10:45:00,ATM+1,CE,410.0,402.3,1.5,1.8,1.45,1.8,49.848892,643125,3474375
2026-08-24 10:50:00,ATM+1,CE,410.0,402.25,1.6,1.8,1.6,1.7,48.754777,253125,3560625
2026-08-24 10:55:00,ATM+1,CE,410.0,401.25,1.65,1.7,1.4,1.4,47.976715,140625,3525000
2026-08-24 11:00:00,ATM+1,CE,410.0,401.65,1.3,1.45,1.15,1.25,44.543254,283125,3491250
2026-08-24 11:05:00,ATM+1,CE,410.0,402.05,1.35,1.55,1.25,1.45,46.19365,123750,3498750
2026-08-24 11:10:00,ATM+1,CE,410.0,401.4,1.4,1.45,1.25,1.25,45.481022,133125,3491250
2026-08-24 11:15:00,ATM+1,CE,410.0,401.45,1.25,1.4,1.25,1.4,47.606169,56250,3487500
2026-08-24 11:20:00,ATM+1,CE,410.0,401.35,1.35,1.4,1.2,1.3,46.528603,91875,3472500
2026-08-24 11:25:00,ATM+1,CE,410.0,401.35,1.3,1.35,1.25,1.3,46.598604,121875,3498750
2026-08-24 11:30:00,ATM+1,CE,410.0,400.7,1.3,1.3,1.15,1.15,46.438825,251250,3525000
2026-08-24 11:35:00,ATM+1,CE,410.0,400.65,1.1,1.15,1.05,1.15,46.666185,161250,3519375
2026-08-24 11:40:00,ATM+1,CE,410.0,401.15,1.1,1.25,1.1,1.25,46.701974,69375,3586875
2026-08-24 11:45:00,ATM+1,CE,410.0,402.0,1.35,1.5,1.25,1.5,47.636669,142500,3603750
2026-08-24 11:50:00,ATM+1,CE,410.0,401.15,1.45,1.5,1.3,1.3,47.606341,206250,3480000
2026-08-24 11:55:00,ATM+1,CE,410.0,401.1,1.15,1.3,1.15,1.15,45.523732,75000,3457500
2026-08-24 12:00:00,ATM+1,CE,410.0,401.6,1.2,1.35,1.15,1.35,47.020723,39375,3472500
2026-08-24 12:05:00,ATM+1,CE,410.0,401.4,1.35,1.35,1.2,1.2,45.478962,84375,3465000
2026-08-24 12:10:00,ATM+1,CE,410.0,403.3,1.5,1.6,1.2,1.6,44.846545,410625,3489375
2026-08-24 12:15:00,ATM+1,CE,410.0,402.9,1.6,1.6,1.5,1.5,44.957358,346875,3564375
2026-08-24 12:20:00,ATM+1,CE,410.0,403.0,1.5,1.6,1.45,1.55,45.369736,116250,3556875
2026-08-24 12:25:00,ATM+1,CE,410.0,402.85,1.55,1.7,1.45,1.5,45.273356,375000,3510000
2026-08-24 12:30:00,ATM+1,CE,410.0,402.75,1.5,1.6,1.4,1.4,44.276707,225000,3564375
2026-08-24 12:35:00,ATM+1,CE,410.0,403.5,1.45,1.65,1.4,1.6,44.475154,219375,3549375
2026-08-24 12:40:00,ATM+1,CE,410.0,403.65,1.65,1.65,1.5,1.6,43.999806,305625,3511875
2026-08-24 12:45:00,ATM+1,CE,410.0,404.4,1.55,1.85,1.55,1.85,44.567496,378750,3577500
2026-08-24 12:50:00,ATM+1,CE,410.0,404.65,1.85,1.95,1.75,1.8,43.031624,1065000,3371250
2026-08-24 12:55:00,ATM+1,CE,410.0,404.9,1.8,1.9,1.8,1.9,43.40731,427500,3502500
2026-08-24 13:00:00,ATM+1,CE,410.0,404.35,1.9,1.9,1.6,1.65,42.351641,384375,3390000
2026-08-24 13:05:00,ATM+1,CE,410.0,404.4,1.55,1.65,1.4,1.55,40.899935,532500,3354375
2026-08-24 13:10:00,ATM+1,CE,410.0,403.75,1.55,1.55,1.3,1.3,39.884774,556875,3309375
2026-08-24 13:15:00,ATM+1,CE,410.0,403.8,1.35,1.35,1.3,1.35,40.479185,106875,3326250
2026-08-24 13:20:00,ATM+1,CE,410.0,403.25,1.35,1.35,1.1,1.1,38.818488,196875,3303750
2026-08-24 13:25:00,ATM+1,CE,410.0,403.25,1.1,1.15,1.05,1.05,38.120015,311250,3256875
2026-08-24 13:30:00,ATM+1,CE,410.0,402.55,1.1,1.1,0.95,0.95,38.926637,436875,3170625
2026-08-24 13:35:00,ATM+1,CE,410.0,402.55,0.95,0.95,0.75,0.85,37.339435,710625,2947500
2026-08-24 13:40:00,ATM+1,CE,410.0,402.7,0.85,0.9,0.8,0.8,36.076959,189375,2895000
2026-08-24 13:45:00,ATM+1,CE,410.0,404.0,0.95,1.15,0.8,1.15,37.278562,245625,2911875
2026-08-24 13:50:00,ATM+1,CE,410.0,403.2,1.1,1.15,0.9,0.9,36.234709,283125,2833125
2026-08-24 13:55:00,ATM+1,CE,410.0,403.5,0.9,1.0,0.9,0.95,36.092293,69375,2851875
2026-08-24 14:00:00,ATM+1,CE,410.0,403.65,1.05,1.2,0.95,0.95,35.646314,442500,2943750
2026-08-24 14:05:00,ATM+1,CE,410.0,403.95,0.95,1.15,0.95,1.05,36.212455,116250,2851875
2026-08-24 14:10:00,ATM+1,CE,410.0,403.6,1.05,1.05,0.9,0.9,35.142872,63750,2855625
2026-08-24 14:15:00,ATM+1,CE,410.0,402.85,0.9,0.9,0.7,0.8,36.016073,560625,3052500
2026-08-24 14:20:00,ATM+1,CE,410.0,402.75,0.85,0.85,0.8,0.85,37.251185,210000,3255000
2026-08-24 14:25:00,ATM+1,CE,410.0,402.65,0.9,0.95,0.8,0.8,36.782543,219375,3268125
2026-08-24 14:30:00,ATM+1,CE,410.0,402.7,0.75,0.8,0.75,0.8,36.683574,33750,3262500
2026-08-24 14:35:00,ATM+1,CE,410.0,402.3,0.8,0.8,0.7,0.7,36.232647,86250,3288750
2026-08-24 14:40:00,ATM+1,CE,410.0,402.5,0.75,0.75,0.7,0.7,35.667125,50625,3285000
2026-08-24 14:45:00,ATM+1,CE,410.0,402.5,0.75,0.75,0.65,0.7,35.728118,150000,3260625
2026-08-24 14:50:00,ATM+1,CE,410.0,401.95,0.7,0.7,0.6,0.6,35.585902,146250,3245625
2026-08-24 14:55:00,ATM+1,CE,410.0,402.25,0.65,0.7,0.6,0.65,35.698615,161250,3208125
2026-08-24 15:00:00,ATM+1,CE,410.0,401.75,0.6,0.65,0.6,0.65,37.304668,48750,3195000
2026-08-24 15:05:00,ATM+1,CE,410.0,400.9,0.55,0.65,0.5,0.6,38.937626,309375,3215625
2026-08-24 15:10:00,ATM+1,CE,410.0,400.5,0.6,0.6,0.45,0.55,39.117908,170625,3155625
2026-08-24 15:15:00,ATM+1,CE,410.0,400.5,0.5,0.55,0.45,0.45,36.896838,63750,3176250
2026-08-24 15:20:00,ATM+1,CE,410.0,400.5,0.5,0.55,0.45,0.5,38.130825,151875,3183750
2026-08-24 15:25:00,ATM+1,CE,410.0,403.3,0.45,0.55,0.45,0.5,29.88512,146250,3204375
2026-08-24 15:30:00,ATM+1,CE,410.0,403.3,0.6,0.6,0.5,0.6,31.876736,82500,3211875
2026-08-24 15:35:00,ATM+1,CE,410.0,403.3,0.55,0.6,0.55,0.6,31.933234,120000,3166875
2026-08-25 09:15:00,ATM+1,CE,410.0,399.4,0.6,0.8,0.35,0.4,76.301546,376875,3052500
2026-08-25 09:20:00,ATM+1,CE,410.0,397.7,0.35,0.4,0.3,0.3,79.916531,108750,3043125
2026-08-25 09:25:00,ATM+1,CE,410.0,397.55,0.3,0.3,0.2,0.2,74.076406,161250,3015000
2026-08-25 09:30:00,ATM+1,CE,410.0,398.3,0.15,0.25,0.15,0.2,70.966782,264375,2919375
2026-08-25 09:35:00,ATM+1,CE,410.0,397.1,0.2,0.2,0.15,0.2,77.275462,161250,2887500
2026-08-25 09:40:00,ATM+1,CE,410.0,397.95,0.15,0.2,0.15,0.2,73.67786,80625,2850000
2026-08-25 09:45:00,ATM+1,CE,410.0,397.2,0.15,0.2,0.1,0.15,73.40449,103125,2782500
2026-08-25 09:50:00,ATM+1,CE,410.0,397.2,0.1,0.15,0.1,0.1,68.475152,28125,2780625
2026-08-25 09:55:00,ATM+1,CE,410.0,396.7,0.15,0.15,0.1,0.1,71.231088,30000,2776875
2026-08-25 10:00:00,ATM+1,CE,410.0,396.7,0.1,0.1,0.1,0.1,71.762326,15000,2784375
2026-08-25 10:05:00,ATM+1,CE,410.0,396.5,0.15,0.15,0.1,0.1,73.218072,243750,2748750
2026-08-25 10:10:00,ATM+1,CE,410.0,396.2,0.1,0.1,0.1,0.1,75.15759,13125,2750625
2026-08-25 10:15:00,ATM+1,CE,410.0,396.0,0.1,0.1,0.1,0.1,76.667429,114375,2711250
2026-08-25 10:20:00,ATM+1,CE,400.0,394.7,0.05,0.55,0.05,0.5,56.752197,99375,1486875
2026-08-25 10:25:00,ATM+1,CE,400.0,394.9,0.55,0.55,0.05,0.5,55.800435,208125,1494375
2026-08-25 10:30:00,ATM+1,CE,400.0,394.5,0.4,0.5,0.4,0.4,54.747971,88125,1494375
2026-08-25 10:35:00,ATM+1,CE,400.0,394.15,0.4,0.45,0.4,0.4,57.578971,26250,1447500
2026-08-25 10:40:00,ATM+1,CE,400.0,393.15,0.4,0.4,0.3,0.3,59.496354,97500,1425000
2026-08-25 10:45:00,ATM+1,CE,400.0,393.4,0.35,0.45,0.3,0.45,66.098282,241875,1423125
2026-08-25 10:50:00,ATM+1,CE,400.0,392.95,0.45,0.45,0.4,0.4,67.266535,22500,1421250
2026-08-25 10:55:00,ATM+1,CE,400.0,393.3,0.4,0.4,0.4,0.4,65.483159,9375,1421250
2026-08-25 11:00:00,ATM+1,CE,400.0,393.0,0.45,0.5,0.4,0.4,68.141298,71250,1438125
2026-08-25 11:05:00,ATM+1,CE,400.0,393.5,0.45,0.5,0.4,0.45,67.799668,54375,1421250
2026-08-25 11:10:00,ATM+1,CE,400.0,392.95,0.5,0.5,0.4,0.45,72.379425,50625,1415625
2026-08-25 11:15:00,ATM+1,CE,400.0,392.5,0.5,0.5,0.45,0.45,76.293463,71250,1434375
2026-08-25 11:20:00,ATM+1,CE,400.0,392.4,0.4,0.45,0.4,0.4,75.016013,33750,1441875
2026-08-25 11:25:00,ATM+1,CE,400.0,392.75,0.4,0.5,0.4,0.5,78.594997,31875,1436250
2026-08-25 11:30:00,ATM+1,CE,400.0,392.8,0.5,0.5,0.45,0.45,76.395551,26250,1423125
2026-08-25 11:35:00,ATM+1,CE,400.0,393.2,0.5,0.6,0.45,0.6,81.715539,20625,1410000
2026-08-25 11:40:00,ATM+1,CE,400.0,393.1,0.55,0.65,0.55,0.6,83.383444,71250,1381875
2026-08-25 11:45:00,ATM+1,CE,400.0,393.25,0.5,0.6,0.5,0.6,83.074205,30000,1363125
2026-08-25 11:50:00,ATM+1,CE,400.0,392.65,0.6,0.9,0.6,0.7,93.816429,69375,1344375
2026-08-25 11:55:00,ATM+1,CE,400.0,393.25,0.7,0.7,0.6,0.6,84.947134,101250,1335000
2026-08-25 12:00:00,ATM+1,CE,400.0,393.65,0.6,0.65,0.4,0.4,72.025097,80625,1351875
2026-08-25 12:05:00,ATM+1,CE,410.0,395.6,0.5,0.55,0.05,0.1,96.962119,206250,2233125
2026-08-25 12:10:00,ATM+1,CE,410.0,395.95,0.1,0.1,0.05,0.1,96.125414,15000,2231250
2026-08-25 12:15:00,ATM+1,CE,410.0,396.75,0.1,0.1,0.05,0.05,82.597385,41250,2225625
2026-08-25 12:20:00,ATM+1,CE,410.0,396.15,0.1,0.1,0.05,0.05,86.919047,60000,2216250
2026-08-25 12:25:00,ATM+1,CE,410.0,395.9,0.05,0.05,0.05,0.05,89.433245,3750,2210625
2026-08-25 12:30:00,ATM+1,CE,410.0,395.65,0.05,0.05,0.05,0.05,92.028371,0,2210625
2026-08-25 12:35:00,ATM+1,CE,410.0,395.55,0.05,0.05,0.05,0.05,93.864271,0,2210625
2026-08-25 12:40:00,ATM+1,CE,410.0,395.05,0.05,0.05,0.05,0.05,98.054755,0,2210625
2026-08-25 12:45:00,ATM+1,CE,400.0,394.8,0.15,0.2,0.15,0.2,57.295787,30000,1301250
2026-08-25 12:50:00,ATM+1,CE,400.0,394.8,0.2,0.25,0.2,0.25,61.940347,46875,1297500
2026-08-25 12:55:00,ATM+1,CE,410.0,395.05,0.2,0.25,0.05,0.05,102.554806,7500,2201250
2026-08-25 13:00:00,ATM+1,CE,400.0,394.3,0.05,0.2,0.05,0.1,54.309627,225000,1261875
2026-08-25 13:05:00,ATM+1,CE,400.0,393.95,0.1,0.1,0.05,0.1,57.873403,15000,1248750
2026-08-25 13:10:00,ATM+1,CE,400.0,394.0,0.1,0.1,0.05,0.05,50.933835,11250,1243125
2026-08-25 13:15:00,ATM+1,CE,400.0,394.9,0.05,0.05,0.05,0.05,45.35544,28125,1241250
2026-08-25 13:20:00,ATM+1,CE,400.0,393.85,0.05,0.05,0.05,0.05,53.880498,0,1241250
2026-08-25 13:25:00,ATM+1,CE,400.0,394.1,0.05,0.05,0.05,0.05,53.059022,15000,1226250
2026-08-25 13:30:00,ATM+1,CE,400.0,394.6,0.05,0.1,0.05,0.1,57.975894,67500,1216875
2026-08-25 13:35:00,ATM+1,CE,400.0,394.5,0.05,0.1,0.05,0.05,52.129548,3750,1192500
2026-08-25 13:40:00,ATM+1,CE,400.0,394.4,0.05,0.1,0.05,0.1,62.204008,26250,1190625
2026-08-25 13:45:00,ATM+1,CE,400.0,394.2,0.05,0.1,0.05,0.1,65.389229,5625,1177500
2026-08-25 13:50:00,ATM+1,CE,400.0,394.75,0.1,0.1,0.05,0.05,53.651662,9375,1183125
2026-08-25 13:55:00,ATM+1,CE,400.0,394.6,0.05,0.05,0.05,0.05,56.264038,20625,1183125
2026-08-25 14:00:00,ATM+1,CE,400.0,394.3,0.05,0.05,0.05,0.05,60.351954,0,1183125
2026-08-25 14:05:00,ATM+1,CE,400.0,394.25,0.05,0.05,0.05,0.05,62.456872,0,1198125
2026-08-25 14:10:00,ATM+1,CE,400.0,393.75,0.05,0.05,0.05,0.05,68.849701,0,1198125
2026-08-25 14:15:00,ATM+1,CE,400.0,394.05,0.05,0.05,0.05,0.05,68.145811,9375,1196250
2026-08-25 14:20:00,ATM+1,CE,400.0,393.75,0.05,0.05,0.05,0.05,73.303757,0,1196250
2026-08-25 14:25:00,ATM+1,CE,400.0,394.1,0.05,0.05,0.05,0.05,72.353011,1875,1188750
2026-08-25 14:30:00,ATM+1,CE,400.0,393.9,0.05,0.05,0.05,0.05,77.183823,9375,1186875
2026-08-25 14:35:00,ATM+1,CE,400.0,394.3,0.05,0.05,0.05,0.05,75.969973,5625,1188750
2026-08-25 14:40:00,ATM+1,CE,400.0,395.0,0.05,0.05,0.05,0.05,71.275659,50625,1121250
2026-08-25 14:45:00,ATM+1,CE,410.0,395.35,0.05,0.05,0.05,0.05,0.0,30000,2064375
2026-08-25 14:50:00,ATM+1,CE,410.0,395.35,0.05,0.05,0.05,0.05,0.0,0,2064375
2026-08-25 14:55:00,ATM+1,CE,410.0,395.1,0.05,0.05,0.05,0.05,0.0,0,2064375
2026-08-25 15:00:00,ATM+1,CE,400.0,394.95,0.05,0.05,0.05,0.05,90.09878,0,1066875
2026-08-25 15:05:00,ATM+1,CE,400.0,395.0,0.05,0.05,0.05,0.05,96.535925,45000,1065000
2026-08-25 15:10:00,ATM+1,CE,410.0,395.95,0.05,0.4,0.05,0.05,0.0,20625,2034375
2026-08-25 15:15:00,ATM+1,CE,410.0,395.95,0.05,0.05,0.05,0.05,0.0,11250,2034375
2026-08-25 15:20:00,ATM+1,CE,410.0,395.95,0.05,0.05,0.05,0.05,0.0,0,2034375
2026-08-25 15:25:00,ATM+1,CE,410.0,397.8,0.05,0.05,0.05,0.05,0.0,0,2034375
2026-08-25 15:30:00,ATM+1,CE,410.0,397.8,0.05,0.05,0.05,0.05,0.0,1875,2023125
2026-08-25 15:35:00,ATM+1,CE,410.0,397.8,0.05,0.05,0.05,0.05,0.0,0,2023125
2026-08-20 09:15:00,ATM+1,PE,400.0,393.45,10.25,11.45,10.25,11.45,42.736428,46875,1156875
2026-08-20 09:20:00,ATM+1,PE,400.0,388.25,11.8,14.5,11.45,14.4,39.932667,50625,1155000
2026-08-20 09:25:00,ATM+1,PE,400.0,388.9,14.4,15.3,14.4,15.3,48.148532,16875,1149375
2026-08-20 09:30:00,ATM+1,PE,400.0,388.0,14.95,15.5,14.95,15.45,45.386993,24375,1151250
2026-08-20 09:35:00,ATM+1,PE,400.0,387.85,15.45,15.45,15.2,15.2,43.20716,3750,1151250
2026-08-20 09:40:00,ATM+1,PE,400.0,387.35,15.6,16.25,15.2,16.25,47.553416,9375,1149375
2026-08-20 09:45:00,ATM+1,PE,400.0,387.1,16.25,16.25,15.5,15.75,43.332744,24375,1149375
2026-08-20 09:50:00,ATM+1,PE,400.0,387.55,15.5,15.75,15.5,15.5,43.794847,18750,1147500
2026-08-20 09:55:00,ATM+1,PE,400.0,387.8,15.5,15.5,15.5,15.5,44.904118,0,1149375
2026-08-20 10:00:00,ATM+1,PE,400.0,388.2,15.2,15.5,14.8,14.8,42.314355,11250,1149375
2026-08-20 10:05:00,ATM+1,PE,400.0,388.5,14.8,14.8,13.8,13.8,37.351836,5625,1149375
2026-08-20 10:10:00,ATM+1,PE,400.0,389.65,14.2,14.2,13.7,13.7,41.756733,11250,1145625
2026-08-20 10:15:00,ATM+1,PE,400.0,389.15,13.7,13.7,13.45,13.45,38.10959,3750,1145625
2026-08-20 10:20:00,ATM+1,PE,400.0,389.65,13.45,13.8,13.45,13.65,41.480473,5625,1145625
2026-08-20 10:25:00,ATM+1,PE,400.0,388.85,13.65,13.85,13.65,13.85,39.306363,5625,1147500
2026-08-20 10:30:00,ATM+1,PE,400.0,389.7,13.6,13.85,13.1,13.1,38.368708,9375,1145625
2026-08-20 10:35:00,ATM+1,PE,400.0,390.5,13.1,13.1,12.3,12.7,39.28399,13125,1151250
2026-08-20 10:40:00,ATM+1,PE,400.0,390.55,12.5,12.7,12.25,12.25,36.794544,7500,1151250
2026-08-20 10:45:00,ATM+1,PE,400.0,390.45,12.25,12.45,12.25,12.45,37.600185,3750,1147500
2026-08-20 10:50:00,ATM+1,PE,400.0,388.8,12.45,13.9,12.45,13.9,39.454876,18750,1151250
2026-08-20 10:55:00,ATM+1,PE,400.0,389.2,13.9,13.9,13.5,13.5,38.731754,1875,1151250
2026-08-20 11:00:00,ATM+1,PE,400.0,388.75,13.5,13.6,13.5,13.6,37.345291,1875,1149375
2026-08-20 11:05:00,ATM+1,PE,400.0,390.5,13.5,13.6,12.55,12.55,38.453693,31875,1145625
2026-08-20 11:10:00,ATM+1,PE,400.0,390.4,12.55,12.55,12.55,12.55,38.052918,0,1162500
2026-08-20 11:15:00,ATM+1,PE,400.0,389.65,13.6,13.6,12.55,13.6,41.312862,13125,1149375
2026-08-20 11:20:00,ATM+1,PE,400.0,389.5,13.6,13.6,13.6,13.6,40.698231,0,1149375
2026-08-20 11:25:00,ATM+1,PE,400.0,389.5,13.6,13.6,13.6,13.6,40.710245,0,1149375
2026-08-20 11:30:00,ATM+1,PE,400.0,389.75,14.0,14.0,13.6,13.95,43.861088,5625,1145625
2026-08-20 11:35:00,ATM+1,PE,400.0,389.4,13.95,14.0,13.85,14.0,42.750759,5625,1147500
2026-08-20 11:40:00,ATM+1,PE,400.0,389.3,14.0,14.0,14.0,14.0,42.347864,0,1147500
2026-08-20 11:45:00,ATM+1,PE,400.0,389.2,14.0,14.0,14.0,14.0,41.940208,0,1147500
2026-08-20 11:50:00,ATM+1,PE,400.0,389.2,14.0,14.0,14.0,14.0,41.952686,0,1145625
2026-08-20 11:55:00,ATM+1,PE,400.0,389.5,14.0,14.0,14.0,14.0,43.213715,0,1145625
2026-08-20 12:00:00,ATM+1,PE,400.0,389.35,13.95,14.0,13.95,13.95,42.302712,7500,1143750
2026-08-20 12:05:00,ATM+1,PE,400.0,389.0,14.0,14.0,13.95,14.0,41.134214,3750,1141875
2026-08-20 12:10:00,ATM+1,PE,400.0,389.45,14.0,14.1,14.0,14.0,43.047042,3750,1140000
2026-08-20 12:15:00,ATM+1,PE,400.0,389.9,13.75,14.0,13.2,13.2,40.068181,7500,1138125
2026-08-20 12:20:00,ATM+1,PE,400.0,389.4,13.2,13.2,13.2,13.2,37.926277,0,1138125
2026-08-20 12:25:00,ATM+1,PE,400.0,389.2,13.2,13.2,13.2,13.2,37.036092,0,1138125
2026-08-20 12:30:00,ATM+1,PE,400.0,389.2,13.2,13.2,13.2,13.2,37.046851,0,1138125
2026-08-20 12:35:00,ATM+1,PE,400.0,389.0,13.2,13.2,13.2,13.2,36.129504,0,1138125
2026-08-20 12:40:00,ATM+1,PE,400.0,388.65,13.2,14.4,13.2,14.4,42.18878,9375,1138125
2026-08-20 12:45:00,ATM+1,PE,400.0,388.8,14.4,14.4,14.4,14.4,42.85106,0,1138125
2026-08-20 12:50:00,ATM+1,PE,400.0,388.0,14.4,14.4,14.4,14.4,39.255608,0,1138125
2026-08-20 12:55:00,ATM+1,PE,400.0,387.7,14.4,15.0,14.4,15.0,41.758682,3750,1136250
2026-08-20 13:00:00,ATM+1,PE,400.0,387.6,15.0,15.2,15.0,15.15,42.275995,7500,1136250
2026-08-20 13:05:00,ATM+1,PE,400.0,387.65,15.15,15.15,15.05,15.05,41.874366,1875,1136250
2026-08-20 13:10:00,ATM+1,PE,400.0,387.8,15.05,15.05,15.0,15.0,42.257769,7500,1132500
2026-08-20 13:15:00,ATM+1,PE,400.0,388.15,15.0,15.0,14.95,14.95,43.529216,3750,1130625
2026-08-20 13:20:00,ATM+1,PE,400.0,388.05,15.0,15.0,14.75,14.75,41.823901,22500,1128750
2026-08-20 13:25:00,ATM+1,PE,400.0,387.65,14.75,14.75,14.75,14.75,39.96256,0,1132500
2026-08-20 13:30:00,ATM+1,PE,400.0,387.65,14.75,14.75,14.75,14.75,39.974331,0,1132500
2026-08-20 13:35:00,ATM+1,PE,400.0,387.4,14.75,14.75,14.75,14.75,38.758382,0,1132500
2026-08-20 13:40:00,ATM+1,PE,400.0,387.2,15.4,15.65,14.75,15.65,43.75541,11250,1128750
2026-08-20 13:45:00,ATM+1,PE,400.0,387.05,15.65,15.7,15.6,15.6,42.735005,43125,1096875
2026-08-20 13:50:00,ATM+1,PE,400.0,386.75,15.6,16.0,15.6,16.0,43.946956,22500,1091250
2026-08-20 13:55:00,ATM+1,PE,400.0,387.05,16.0,16.0,16.0,16.0,45.363285,0,1091250
2026-08-20 14:00:00,ATM+1,PE,400.0,387.35,15.6,16.0,15.6,15.7,44.821973,5625,1070625
2026-08-20 14:05:00,ATM+1,PE,400.0,387.45,15.7,15.7,15.7,15.7,45.288806,0,1070625
2026-08-20 14:10:00,ATM+1,PE,400.0,387.1,15.7,15.7,15.5,15.5,42.379072,56250,1070625
2026-08-20 14:15:00,ATM+1,PE,400.0,387.55,15.5,15.5,15.4,15.4,43.849954,1875,1020000
2026-08-20 14:20:00,ATM+1,PE,400.0,387.4,15.4,15.4,15.4,15.4,43.169725,0,1020000
2026-08-20 14:25:00,ATM+1,PE,400.0,387.7,15.4,15.4,15.4,15.4,44.557847,0,1020000
2026-08-20 14:30:00,ATM+1,PE,400.0,387.15,15.4,15.4,15.3,15.3,41.344044,3750,1020000
2026-08-20 14:35:00,ATM+1,PE,400.0,387.05,15.3,15.3,15.3,15.3,40.864338,0,1020000
2026-08-20 14:40:00,ATM+1,PE,400.0,387.15,15.3,15.3,15.3,15.3,41.368729,0,1020000
2026-08-20 14:45:00,ATM+1,PE,400.0,387.1,15.3,15.3,15.3,15.3,41.135778,0,1020000
2026-08-20 14:50:00,ATM+1,PE,400.0,387.0,15.3,15.3,15.3,15.3,40.65177,0,1020000
2026-08-20 14:55:00,ATM+1,PE,400.0,387.0,15.7,15.75,15.3,15.75,43.665081,13125,1012500
2026-08-20 15:00:00,ATM+1,PE,400.0,386.35,15.85,16.15,15.75,16.15,43.182329,3750,1012500
2026-08-20 15:05:00,ATM+1,PE,400.0,385.9,16.7,16.7,16.15,16.7,44.673123,3750,1012500
2026-08-20 15:10:00,ATM+1,PE,400.0,385.6,16.65,16.7,16.25,16.25,39.970704,9375,1012500
2026-08-20 15:15:00,ATM+1,PE,400.0,385.6,16.25,16.25,16.25,16.25,39.982398,1875,1012500
2026-08-20 15:20:00,ATM+1,PE,400.0,385.6,16.25,16.25,16.25,16.25,39.994099,0,1012500
2026-08-20 15:25:00,ATM+1,PE,400.0,385.6,16.25,16.25,16.25,16.25,40.005819,0,1012500
2026-08-20 15:30:00,ATM+1,PE,400.0,385.6,16.25,17.05,16.25,17.05,45.615652,3750,1010625
2026-08-20 15:35:00,ATM+1,PE,400.0,385.6,17.2,17.2,16.45,16.45,41.464978,28125,1010625
2026-08-21 09:15:00,ATM+1,PE,400.0,390.05,16.55,16.55,13.8,14.2,50.784732,11250,1020000
2026-08-21 09:20:00,ATM+1,PE,400.0,388.4,12.75,14.2,12.75,13.35,36.95066,13125,1016250
2026-08-21 09:25:00,ATM+1,PE,400.0,391.9,13.35,13.35,11.4,11.4,40.616829,30000,1025625
2026-08-21 09:30:00,ATM+1,PE,400.0,391.05,11.35,11.95,11.3,11.95,40.497031,41250,1040625
2026-08-21 09:35:00,ATM+1,PE,400.0,391.5,11.4,11.95,10.9,11.5,39.554507,48750,1051875
2026-08-21 09:40:00,ATM+1,PE,400.0,392.8,11.05,11.5,10.8,10.8,40.58034,18750,1048125
2026-08-21 09:45:00,ATM+1,PE,400.0,391.4,10.6,11.55,10.6,11.55,39.466847,15000,1044375
2026-08-21 09:50:00,ATM+1,PE,400.0,392.9,11.55,11.55,10.05,10.05,36.239452,45000,1046250
2026-08-21 09:55:00,ATM+1,PE,400.0,394.0,10.15,10.15,9.25,9.35,36.316085,65625,1051875
2026-08-21 10:00:00,ATM+1,PE,400.0,392.35,10.15,10.6,9.35,10.6,37.467236,48750,1050000
2026-08-21 10:05:00,ATM+1,PE,400.0,392.45,10.6,10.6,10.3,10.3,35.959279,30000,1068750
2026-08-21 10:10:00,ATM+1,PE,400.0,392.3,10.5,10.5,10.3,10.45,36.294842,7500,1065000
2026-08-21 10:15:00,ATM+1,PE,400.0,392.5,10.55,10.55,10.4,10.4,36.856632,3750,1068750
2026-08-21 10:20:00,ATM+1,PE,400.0,391.6,10.4,10.75,10.4,10.5,33.415775,9375,1070625
2026-08-21 10:25:00,ATM+1,PE,400.0,394.15,10.65,10.65,9.5,9.5,37.919673,33750,1078125
2026-08-21 10:30:00,ATM+1,PE,400.0,393.25,9.35,9.5,8.9,9.35,33.312022,33750,1070625
2026-08-21 10:35:00,ATM+1,PE,400.0,394.0,9.65,9.65,9.35,9.5,37.36271,16875,1076250
2026-08-21 10:40:00,ATM+1,PE,400.0,393.1,9.45,9.95,9.45,9.95,36.573445,24375,1083750
2026-08-21 10:45:00,ATM+1,PE,400.0,392.8,9.95,10.05,9.95,10.05,35.956884,11250,1085625
2026-08-21 10:50:00,ATM+1,PE,400.0,392.45,10.05,10.4,10.05,10.4,36.733321,7500,1089375
2026-08-21 10:55:00,ATM+1,PE,400.0,392.55,10.4,10.55,10.4,10.55,38.156461,1875,1089375
2026-08-21 11:00:00,ATM+1,PE,400.0,392.4,10.55,10.55,10.5,10.5,37.196592,5625,1091250
2026-08-21 11:05:00,ATM+1,PE,400.0,392.65,10.5,10.5,10.45,10.45,37.963642,3750,1091250
2026-08-21 11:10:00,ATM+1,PE,400.0,392.55,10.3,10.45,10.3,10.3,36.569635,1875,1087500
2026-08-21 11:15:00,ATM+1,PE,400.0,392.1,10.3,10.3,10.15,10.15,33.546216,1875,1087500
2026-08-21 11:20:00,ATM+1,PE,400.0,392.65,10.15,10.45,10.15,10.45,38.005966,3750,1085625
2026-08-21 11:25:00,ATM+1,PE,400.0,392.25,10.45,10.95,10.45,10.7,37.920745,24375,1087500
2026-08-21 11:30:00,ATM+1,PE,400.0,392.3,10.7,10.7,10.7,10.7,38.153556,0,1087500
2026-08-21 11:35:00,ATM+1,PE,400.0,391.95,10.7,11.0,10.7,11.0,38.601679,13125,1081875
2026-08-21 11:40:00,ATM+1,PE,400.0,392.45,11.0,11.0,11.0,11.0,40.775117,0,1078125
2026-08-21 11:45:00,ATM+1,PE,400.0,392.7,11.0,11.0,10.25,10.25,36.989514,15000,1080000
2026-08-21 11:50:00,ATM+1,PE,400.0,392.35,10.25,10.8,10.25,10.8,39.08189,13125,1076250
2026-08-21 11:55:00,ATM+1,PE,400.0,392.2,11.0,11.05,10.8,11.05,40.081524,11250,1074375
2026-08-21 12:00:00,ATM+1,PE,400.0,392.25,11.05,11.05,11.05,11.05,40.311453,0,1074375
2026-08-21 12:05:00,ATM+1,PE,400.0,392.4,11.05,11.05,10.9,10.9,39.992055,9375,1070625
2026-08-21 12:10:00,ATM+1,PE,400.0,392.25,10.9,11.15,10.9,11.15,40.9927,5625,1072500
2026-08-21 12:15:00,ATM+1,PE,400.0,392.25,10.95,11.15,10.95,10.95,39.704125,3750,1072500
2026-08-21 12:20:00,ATM+1,PE,400.0,392.6,10.95,10.95,10.95,10.95,41.204975,0,1072500
2026-08-21 12:25:00,ATM+1,PE,400.0,392.4,10.95,11.0,10.7,11.0,40.702617,3750,1070625
2026-08-21 12:30:00,ATM+1,PE,400.0,392.5,11.0,11.0,11.0,11.0,41.140419,0,1070625
2026-08-21 12:35:00,ATM+1,PE,400.0,392.45,11.0,11.0,11.0,11.0,40.945359,0,1070625
2026-08-21 12:40:00,ATM+1,PE,400.0,392.6,11.0,11.0,10.7,10.7,39.649147,7500,1068750
2026-08-21 12:45:00,ATM+1,PE,400.0,393.55,10.7,10.7,10.7,10.7,43.520742,3750,1065000
2026-08-21 12:50:00,ATM+1,PE,400.0,393.5,10.7,10.7,10.7,10.7,43.342563,0,1065000
2026-08-21 12:55:00,ATM+1,PE,400.0,393.45,10.7,10.7,10.7,10.7,43.163414,0,1065000
2026-08-21 13:00:00,ATM+1,PE,400.0,393.85,10.7,10.7,9.8,9.8,39.075087,7500,1061250
2026-08-21 13:05:00,ATM+1,PE,400.0,394.25,9.8,9.8,9.5,9.5,38.771491,5625,1061250
2026-08-21 13:10:00,ATM+1,PE,410.0,395.45,9.5,17.5,8.8,17.0,47.448503,33750,815625
2026-08-21 13:15:00,ATM+1,PE,410.0,396.8,16.5,17.0,16.0,16.0,47.439275,13125,806250
2026-08-21 13:20:00,ATM+1,PE,410.0,396.2,16.5,17.2,16.0,16.25,46.066834,20625,800625
2026-08-21 13:25:00,ATM+1,PE,410.0,396.5,16.25,16.25,16.2,16.25,47.700483,3750,796875
2026-08-21 13:30:00,ATM+1,PE,410.0,396.2,16.25,17.35,16.2,17.0,51.523576,16875,793125
2026-08-21 13:35:00,ATM+1,PE,410.0,396.15,16.3,17.0,16.3,16.7,49.14015,11250,783750
2026-08-21 13:40:00,ATM+1,PE,410.0,396.7,16.2,16.7,16.2,16.2,48.441411,15000,785625
2026-08-21 13:45:00,ATM+1,PE,410.0,396.5,16.2,16.2,15.75,15.75,44.095526,1875,774375
2026-08-21 13:50:00,ATM+1,PE,410.0,396.5,15.75,16.25,15.75,16.25,47.791512,1875,772500
2026-08-21 13:55:00,ATM+1,PE,410.0,396.6,16.25,16.25,15.85,15.85,45.425959,1875,772500
2026-08-21 14:00:00,ATM+1,PE,410.0,396.9,15.85,15.9,15.85,15.9,47.406372,11250,772500
2026-08-21 14:05:00,ATM+1,PE,410.0,396.3,15.9,16.15,15.85,16.15,46.033354,9375,768750
2026-08-21 14:10:00,ATM+1,PE,410.0,396.95,16.15,16.25,15.7,15.7,46.263813,7500,765000
2026-08-21 14:15:00,ATM+1,PE,410.0,396.9,15.15,15.7,15.05,15.6,45.286281,20625,750000
2026-08-21 14:20:00,ATM+1,PE,410.0,397.0,15.4,15.6,15.4,15.4,44.376824,11250,748125
2026-08-21 14:25:00,ATM+1,PE,410.0,396.8,15.4,15.4,15.4,15.4,43.286739,0,748125
2026-08-21 14:30:00,ATM+1,PE,410.0,396.55,15.35,15.4,15.3,15.3,41.089533,5625,744375
2026-08-21 14:35:00,ATM+1,PE,410.0,396.6,15.3,15.3,15.3,15.3,41.402157,0,744375
2026-08-21 14:40:00,ATM+1,PE,410.0,396.65,15.3,15.3,15.2,15.2,40.936828,7500,738750
2026-08-21 14:45:00,ATM+1,PE,410.0,396.55,15.2,15.4,15.2,15.4,41.912804,7500,738750
2026-08-21 14:50:00,ATM+1,PE,410.0,396.65,15.4,15.4,15.4,15.4,42.512159,5625,740625
2026-08-21 14:55:00,ATM+1,PE,410.0,396.25,15.45,15.45,15.4,15.45,40.525282,1875,735000
2026-08-21 15:00:00,ATM+1,PE,410.0,396.3,16.15,16.25,15.45,16.05,45.478627,9375,727500
2026-08-21 15:05:00,ATM+1,PE,410.0,396.45,16.0,16.05,15.9,15.9,45.210424,11250,733125
2026-08-21 15:10:00,ATM+1,PE,410.0,396.3,15.9,15.95,15.5,15.75,43.22908,26250,733125
2026-08-21 15:15:00,ATM+1,PE,410.0,396.3,15.75,15.75,15.75,15.75,43.245455,0,733125
2026-08-21 15:20:00,ATM+1,PE,410.0,396.3,15.75,15.75,15.75,15.75,43.261844,0,733125
2026-08-21 15:25:00,ATM+1,PE,400.0,394.45,15.75,15.75,7.75,7.75,28.713661,1875,1113750
2026-08-21 15:30:00,ATM+1,PE,400.0,394.45,7.75,7.75,7.3,7.3,25.719027,7500,1113750
2026-08-21 15:35:00,ATM+1,PE,400.0,394.45,7.3,7.6,7.25,7.6,27.740325,15000,1098750
2026-08-24 09:15:00,ATM+1,PE,410.0,400.1,10.6,11.7,10.5,11.7,57.830205,24375,721875
2026-08-24 09:20:00,ATM+1,PE,410.0,399.0,11.75,12.5,11.7,12.5,57.262597,15000,721875
2026-08-24 09:25:00,ATM+1,PE,410.0,399.45,12.9,12.9,12.0,12.0,55.191067,33750,703125
2026-08-24 09:30:00,ATM+1,PE,410.0,398.2,12.95,13.4,12.0,13.35,60.665918,15000,697500
2026-08-24 09:35:00,ATM+1,PE,410.0,398.3,13.35,13.5,13.25,13.25,60.430435,18750,695625
2026-08-24 09:40:00,ATM+1,PE,410.0,399.6,12.2,13.25,11.65,11.85,54.931416,46875,680625
2026-08-24 09:45:00,ATM+1,PE,410.0,400.55,11.85,11.85,10.9,10.9,51.956313,35625,671250
2026-08-24 09:50:00,ATM+1,PE,410.0,399.0,10.9,11.9,10.9,11.9,48.386153,28125,667500
2026-08-24 09:55:00,ATM+1,PE,410.0,399.85,11.7,11.9,11.7,11.7,55.782715,1875,663750
2026-08-24 10:00:00,ATM+1,PE,410.0,399.25,11.6,11.95,11.6,11.95,52.577687,7500,660000
2026-08-24 10:05:00,ATM+1,PE,410.0,399.8,11.55,11.95,11.55,11.55,53.191348,1875,658125
2026-08-24 10:10:00,ATM+1,PE,410.0,399.8,11.55,11.55,11.2,11.2,47.898895,3750,652500
2026-08-24 10:15:00,ATM+1,PE,410.0,400.45,11.1,11.2,10.9,10.9,51.255743,7500,650625
2026-08-24 10:20:00,ATM+1,PE,410.0,400.7,10.9,11.1,10.9,11.1,56.807261,5625,650625
2026-08-24 10:25:00,ATM+1,PE,410.0,400.7,10.15,11.1,10.15,10.6,49.859043,11250,656250
2026-08-24 10:30:00,ATM+1,PE,410.0,400.75,10.6,10.9,10.6,10.75,52.636259,7500,658125
2026-08-24 10:35:00,ATM+1,PE,410.0,400.45,10.75,10.8,10.75,10.8,50.056169,9375,661875
2026-08-24 10:40:00,ATM+1,PE,410.0,401.1,10.55,10.8,9.95,9.95,45.052246,18750,658125
2026-08-24 10:45:00,ATM+1,PE,410.0,402.3,9.95,9.95,9.7,9.7,54.228982,1875,656250
2026-08-24 10:50:00,ATM+1,PE,410.0,402.25,9.95,9.95,9.7,9.7,53.837292,3750,656250
2026-08-24 10:55:00,ATM+1,PE,410.0,401.25,9.7,9.7,9.7,9.7,43.217821,0,656250
2026-08-24 11:00:00,ATM+1,PE,410.0,401.65,9.7,10.3,9.7,10.3,56.131691,5625,656250
2026-08-24 11:05:00,ATM+1,PE,410.0,402.05,10.3,10.3,9.65,9.65,51.467843,3750,658125
2026-08-24 11:10:00,ATM+1,PE,410.0,401.4,10.0,10.05,9.65,10.05,50.325798,9375,650625
2026-08-24 11:15:00,ATM+1,PE,410.0,401.45,10.3,10.3,10.05,10.3,54.386448,3750,646875
2026-08-24 11:20:00,ATM+1,PE,410.0,401.35,10.3,10.3,10.3,10.3,53.436652,0,646875
2026-08-24 11:25:00,ATM+1,PE,410.0,401.35,10.3,10.3,10.3,10.3,53.511537,0,646875
2026-08-24 11:30:00,ATM+1,PE,410.0,400.7,10.05,10.3,10.05,10.15,43.709963,7500,652500
2026-08-24 11:35:00,ATM+1,PE,410.0,400.65,10.15,10.8,10.15,10.7,51.730522,26250,663750
2026-08-24 11:40:00,ATM+1,PE,410.0,401.15,10.7,10.7,10.65,10.65,56.509958,1875,665625
2026-08-24 11:45:00,ATM+1,PE,410.0,402.0,10.2,10.65,10.15,10.15,58.214675,15000,661875
2026-08-24 11:50:00,ATM+1,PE,410.0,401.15,9.35,10.15,9.35,9.35,36.415248,1875,660000
2026-08-24 11:55:00,ATM+1,PE,410.0,401.1,9.35,10.4,9.35,10.35,51.983238,3750,660000
2026-08-24 12:00:00,ATM+1,PE,410.0,401.6,10.4,10.4,9.5,9.5,45.204559,11250,667500
2026-08-24 12:05:00,ATM+1,PE,410.0,401.4,9.5,10.2,9.5,10.2,53.245898,9375,665625
2026-08-24 12:10:00,ATM+1,PE,410.0,403.3,9.05,10.2,9.0,9.35,60.006882,16875,671250
2026-08-24 12:15:00,ATM+1,PE,410.0,402.9,9.15,9.35,8.65,8.9,50.767302,58125,712500
2026-08-24 12:20:00,ATM+1,PE,410.0,403.0,8.9,8.9,8.9,8.9,51.79084,0,712500
2026-08-24 12:25:00,ATM+1,PE,410.0,402.85,8.7,9.1,8.3,9.1,53.08412,71250,768750
2026-08-24 12:30:00,ATM+1,PE,410.0,402.75,8.7,9.1,8.65,9.0,50.872147,11250,753750
2026-08-24 12:35:00,ATM+1,PE,410.0,403.5,8.8,9.0,8.4,8.4,50.134854,7500,746250
2026-08-24 12:40:00,ATM+1,PE,410.0,403.65,8.2,8.75,8.2,8.4,51.573408,22500,744375
2026-08-24 12:45:00,ATM+1,PE,410.0,404.4,8.45,8.45,7.6,7.6,48.085871,41250,757500
2026-08-24 12:50:00,ATM+1,PE,410.0,404.65,7.45,7.6,7.3,7.35,47.168063,46875,738750
2026-08-24 12:55:00,ATM+1,PE,410.0,404.9,7.4,7.4,7.05,7.05,45.613493,39375,744375
2026-08-24 13:00:00,ATM+1,PE,410.0,404.35,7.2,7.7,7.05,7.4,45.290009,26250,746250
2026-08-24 13:05:00,ATM+1,PE,410.0,404.4,7.6,7.7,7.3,7.45,46.455299,24375,750000
2026-08-24 13:10:00,ATM+1,PE,410.0,403.75,7.45,7.7,7.3,7.3,38.068131,15000,753750
2026-08-24 13:15:00,ATM+1,PE,410.0,403.8,7.3,7.3,7.3,7.3,38.673426,0,753750
2026-08-24 13:20:00,ATM+1,PE,410.0,403.25,7.8,8.45,7.3,8.45,49.088474,9375,751875
2026-08-24 13:25:00,ATM+1,PE,410.0,403.25,8.35,8.5,8.35,8.5,49.839115,13125,748125
2026-08-24 13:30:00,ATM+1,PE,410.0,402.55,8.5,8.8,8.25,8.8,46.887993,22500,751875
2026-08-24 13:35:00,ATM+1,PE,410.0,402.55,8.7,8.8,8.7,8.7,45.494497,1875,763125
2026-08-24 13:40:00,ATM+1,PE,410.0,402.7,8.7,8.8,8.65,8.8,48.644362,24375,761250
2026-08-24 13:45:00,ATM+1,PE,410.0,404.0,8.35,8.8,7.55,7.55,44.587735,26250,753750
2026-08-24 13:50:00,ATM+1,PE,410.0,403.2,7.55,8.0,7.55,8.0,42.668622,16875,750000
2026-08-24 13:55:00,ATM+1,PE,410.0,403.5,8.15,8.15,8.0,8.1,47.299767,7500,757500
2026-08-24 14:00:00,ATM+1,PE,410.0,403.65,7.75,8.1,7.25,7.8,44.733184,24375,757500
2026-08-24 14:05:00,ATM+1,PE,410.0,403.95,7.85,7.85,7.3,7.6,45.053131,15000,757500
2026-08-24 14:10:00,ATM+1,PE,410.0,403.6,7.6,8.15,7.6,7.8,44.355422,15000,763125
2026-08-24 14:15:00,ATM+1,PE,410.0,402.85,7.8,8.75,7.8,8.65,48.619558,39375,783750
2026-08-24 14:20:00,ATM+1,PE,410.0,402.75,8.65,8.7,8.65,8.65,47.619922,5625,783750
2026-08-24 14:25:00,ATM+1,PE,410.0,402.65,8.65,8.65,8.55,8.55,45.088753,3750,781875
2026-08-24 14:30:00,ATM+1,PE,410.0,402.7,8.7,8.8,8.55,8.65,47.218008,15000,772500
2026-08-24 14:35:00,ATM+1,PE,410.0,402.3,8.5,8.7,8.5,8.7,43.337276,20625,759375
2026-08-24 14:40:00,ATM+1,PE,410.0,402.5,8.85,8.9,8.7,8.75,46.59261,9375,751875
2026-08-24 14:45:00,ATM+1,PE,410.0,402.5,8.75,8.8,8.35,8.4,41.172668,18750,742500
2026-08-24 14:50:00,ATM+1,PE,410.0,401.95,8.65,9.2,8.4,9.2,47.137885,35625,729375
2026-08-24 14:55:00,ATM+1,PE,410.0,402.25,9.2,9.2,9.2,9.2,50.724425,0,727500
2026-08-24 15:00:00,ATM+1,PE,410.0,401.75,9.2,9.2,9.15,9.15,43.890808,7500,727500
2026-08-24 15:05:00,ATM+1,PE,410.0,400.9,9.4,9.6,9.15,9.6,39.242063,41250,735000
2026-08-24 15:10:00,ATM+1,PE,410.0,400.5,9.55,9.6,9.55,9.55,28.542103,1875,735000
2026-08-24 15:15:00,ATM+1,PE,410.0,400.5,10.0,10.1,9.55,10.1,42.61511,13125,735000
2026-08-24 15:20:00,ATM+1,PE,410.0,400.5,10.1,11.05,10.1,11.05,59.050634,1875,731250
2026-08-24 15:25:00,ATM+1,PE,410.0,403.3,10.7,11.3,10.7,11.2,87.426647,28125,716250
2026-08-24 15:30:00,ATM+1,PE,410.0,403.3,11.1,11.2,11.1,11.15,86.948525,7500,720000
2026-08-24 15:35:00,ATM+1,PE,410.0,403.3,11.15,11.3,10.9,11.3,88.976124,16875,706875
2026-08-25 09:15:00,ATM+1,PE,410.0,399.4,11.8,12.4,10.85,12.25,124.317311,116250,646875
2026-08-25 09:20:00,ATM+1,PE,410.0,397.7,12.25,12.25,11.85,11.9,0.0,11250,637500
2026-08-25 09:25:00,ATM+1,PE,410.0,397.55,12.9,12.9,11.9,12.6,72.342048,7500,633750
2026-08-25 09:30:00,ATM+1,PE,410.0,398.3,13.0,13.0,12.6,13.0,122.699909,1875,628125
2026-08-25 09:35:00,ATM+1,PE,410.0,397.1,12.55,13.0,12.55,12.55,0.0,11250,630000
2026-08-25 09:40:00,ATM+1,PE,410.0,397.95,12.55,12.55,12.15,12.15,67.200988,3750,628125
2026-08-25 09:45:00,ATM+1,PE,410.0,397.2,12.15,12.15,12.15,12.15,0.0,0,628125
2026-08-25 09:50:00,ATM+1,PE,410.0,397.2,12.15,12.15,12.15,12.15,0.0,0,628125
2026-08-25 09:55:00,ATM+1,PE,410.0,396.7,12.15,12.15,12.15,12.15,0.0,0,628125
2026-08-25 10:00:00,ATM+1,PE,410.0,396.7,12.15,14.4,12.15,14.1,118.43563,7500,620625
2026-08-25 10:05:00,ATM+1,PE,410.0,396.5,14.1,14.1,14.1,14.1,110.93014,0,620625
2026-08-25 10:10:00,ATM+1,PE,410.0,396.2,14.1,14.1,14.1,14.1,95.753555,0,620625
2026-08-25 10:15:00,ATM+1,PE,410.0,396.0,14.1,14.1,14.1,14.1,79.826694,0,620625
2026-08-25 10:20:00,ATM+1,PE,400.0,394.7,14.1,15.5,5.4,6.0,65.330499,20625,1177500
2026-08-25 10:25:00,ATM+1,PE,400.0,394.9,6.0,15.5,6.0,6.3,81.241376,37500,1134375
2026-08-25 10:30:00,ATM+1,PE,400.0,394.5,6.25,7.15,6.25,7.15,99.551245,15000,1110000
2026-08-25 10:35:00,ATM+1,PE,400.0,394.15,7.15,7.15,6.7,7.05,88.88247,15000,1102500
2026-08-25 10:40:00,ATM+1,PE,400.0,393.15,7.0,8.4,6.45,8.4,109.839215,253125,1068750
2026-08-25 10:45:00,ATM+1,PE,400.0,393.4,8.35,9.0,7.8,8.0,103.566025,210000,1051875
2026-08-25 10:50:00,ATM+1,PE,400.0,392.95,8.0,8.0,7.8,8.0,91.976083,28125,1042500
2026-08-25 10:55:00,ATM+1,PE,400.0,393.3,8.0,8.0,8.0,8.0,102.752763,31875,1033125
2026-08-25 11:00:00,ATM+1,PE,400.0,393.0,8.05,8.05,7.95,7.95,93.206705,41250,1033125
2026-08-25 11:05:00,ATM+1,PE,400.0,393.5,8.35,8.35,7.85,7.9,106.406888,33750,1016250
2026-08-25 11:10:00,ATM+1,PE,400.0,392.95,8.25,8.25,7.9,8.25,104.94829,13125,1003125
2026-08-25 11:15:00,ATM+1,PE,400.0,392.5,8.25,8.85,8.25,8.85,115.485207,7500,1003125
2026-08-25 11:20:00,ATM+1,PE,400.0,392.4,8.85,8.95,8.85,8.95,117.484364,5625,999375
2026-08-25 11:25:00,ATM+1,PE,400.0,392.75,8.95,8.95,8.6,8.6,115.51049,1875,997500
2026-08-25 11:30:00,ATM+1,PE,400.0,392.8,8.6,8.6,8.05,8.1,98.284915,5625,999375
2026-08-25 11:35:00,ATM+1,PE,400.0,393.2,8.1,8.25,8.1,8.25,117.480809,18750,999375
2026-08-25 11:40:00,ATM+1,PE,400.0,393.1,8.25,8.25,7.8,7.8,97.741547,16875,995625
2026-08-25 11:45:00,ATM+1,PE,400.0,393.25,7.8,7.8,7.8,7.8,103.746955,0,995625
2026-08-25 11:50:00,ATM+1,PE,400.0,392.65,7.8,7.8,7.4,7.4,51.011309,1875,995625
2026-08-25 11:55:00,ATM+1,PE,400.0,393.25,7.4,8.15,7.4,8.0,114.261844,20625,995625
2026-08-25 12:00:00,ATM+1,PE,400.0,393.65,7.95,8.0,7.05,7.05,88.137561,75000,1012500
2026-08-25 12:05:00,ATM+1,PE,410.0,395.6,7.0,17.05,5.85,15.5,0.0,18750,600000
2026-08-25 12:10:00,ATM+1,PE,410.0,395.95,15.5,15.5,14.6,14.6,140.960646,1875,600000
2026-08-25 12:15:00,ATM+1,PE,410.0,396.75,14.6,14.6,14.6,14.6,181.535192,1875,600000
2026-08-25 12:20:00,ATM+1,PE,410.0,396.15,14.6,14.6,14.6,14.6,156.103438,0,600000
2026-08-25 12:25:00,ATM+1,PE,410.0,395.9,14.6,14.6,14.6,14.6,143.069146,0,600000
2026-08-25 12:30:00,ATM+1,PE,410.0,395.65,14.6,14.85,14.6,14.85,0.0,1875,598125
2026-08-25 12:35:00,ATM+1,PE,410.0,395.55,14.85,14.85,14.4,14.4,149.604813,3750,598125
2026-08-25 12:40:00,ATM+1,PE,410.0,395.05,14.4,14.4,14.4,14.4,0.0,0,598125
2026-08-25 12:45:00,ATM+1,PE,400.0,394.8,4.75,5.6,4.75,5.6,71.459137,1875,785625
2026-08-25 12:50:00,ATM+1,PE,400.0,394.8,5.6,5.6,5.6,5.6,72.514582,0,785625
2026-08-25 12:55:00,ATM+1,PE,410.0,395.05,5.6,15.5,5.6,15.5,0.0,0,594375
2026-08-25 13:00:00,ATM+1,PE,400.0,394.3,15.5,15.5,5.4,5.4,0.0,0,785625
2026-08-25 13:05:00,ATM+1,PE,400.0,393.95,5.4,6.55,5.4,6.55,90.558618,1875,785625
2026-08-25 13:10:00,ATM+1,PE,400.0,394.0,6.55,6.55,6.55,6.55,94.64132,0,783750
2026-08-25 13:15:00,ATM+1,PE,400.0,394.9,6.55,6.55,6.0,6.0,105.667217,24375,774375
2026-08-25 13:20:00,ATM+1,PE,400.0,393.85,5.5,6.0,5.5,5.5,0.0,41250,774375
2026-08-25 13:25:00,ATM+1,PE,400.0,394.1,5.5,5.5,5.5,5.5,0.0,0,774375
2026-08-25 13:30:00,ATM+1,PE,400.0,394.6,5.5,5.8,5.5,5.8,85.269112,3750,774375
2026-08-25 13:35:00,ATM+1,PE,400.0,394.5,5.4,5.8,5.4,5.4,0.0,1875,770625
2026-08-25 13:40:00,ATM+1,PE,400.0,394.4,5.4,5.4,5.4,5.4,0.0,5625,770625
2026-08-25 13:45:00,ATM+1,PE,400.0,394.2,5.7,5.7,5.4,5.7,0.0,3750,765000
2026-08-25 13:50:00,ATM+1,PE,400.0,394.75,5.7,5.7,5.7,5.7,94.886215,0,765000
2026-08-25 13:55:00,ATM+1,PE,400.0,394.6,5.15,5.7,4.7,4.7,0.0,52500,761250
2026-08-25 14:00:00,ATM+1,PE,400.0,394.3,4.7,5.35,4.7,5.35,0.0,1875,759375
2026-08-25 14:05:00,ATM+1,PE,400.0,394.25,5.3,5.5,5.3,5.5,0.0,16875,738750
2026-08-25 14:10:00,ATM+1,PE,400.0,393.75,5.5,5.5,5.5,5.5,0.0,41250,721875
2026-08-25 14:15:00,ATM+1,PE,400.0,394.05,5.5,6.5,5.5,6.5,126.389403,1875,721875
2026-08-25 14:20:00,ATM+1,PE,400.0,393.75,6.5,6.5,5.25,5.25,0.0,13125,714375
2026-08-25 14:25:00,ATM+1,PE,400.0,394.1,5.25,6.0,5.25,6.0,84.070274,1875,714375
2026-08-25 14:30:00,ATM+1,PE,400.0,393.9,6.0,6.0,6.0,6.0,0.0,0,714375
2026-08-25 14:35:00,ATM+1,PE,400.0,394.3,6.0,6.0,6.0,6.0,116.375222,0,712500
2026-08-25 14:40:00,ATM+1,PE,400.0,395.0,6.0,16.5,5.5,5.5,131.516229,16875,697500
2026-08-25 14:45:00,ATM+1,PE,410.0,395.35,16.5,16.5,16.5,16.5,0.0,0,585000
2026-08-25 14:50:00,ATM+1,PE,410.0,395.35,15.75,16.5,15.75,15.75,0.0,1875,585000
2026-08-25 14:55:00,ATM+1,PE,410.0,395.1,15.75,15.75,5.05,15.75,0.0,0,585000
2026-08-25 15:00:00,ATM+1,PE,400.0,394.95,5.05,5.8,5.05,5.8,0.0,9375,667500
2026-08-25 15:05:00,ATM+1,PE,400.0,395.0,5.8,16.2,5.8,5.8,213.878953,0,667500
2026-08-25 15:10:00,ATM+1,PE,410.0,395.95,15.55,16.2,4.85,15.55,0.0,60000,585000
2026-08-25 15:15:00,ATM+1,PE,410.0,395.95,15.55,15.55,15.55,15.55,0.0,0,585000
2026-08-25 15:20:00,ATM+1,PE,410.0,395.95,15.55,15.55,15.55,15.55,0.0,0,585000
2026-08-25 15:25:00,ATM+1,PE,410.0,397.8,15.55,15.55,15.55,15.55,0.0,0,585000
2026-08-25 15:30:00,ATM+1,PE,410.0,397.8,15.55,15.55,15.55,15.55,0.0,0,585000
2026-08-25 15:35:00,ATM+1,PE,410.0,397.8,15.55,15.55,15.55,15.55,0.0,0,585000
2026-08-20 09:15:00,ATM+2,CE,410.0,393.45,1.35,1.9,1.35,1.65,35.758447,915000,2896875
2026-08-20 09:20:00,ATM+2,CE,410.0,388.25,1.65,1.65,1.15,1.15,38.515437,691875,2883750
2026-08-20 09:25:00,ATM+2,CE,410.0,388.9,1.15,1.2,1.05,1.1,37.165118,399375,2881875
2026-08-20 09:30:00,ATM+2,CE,410.0,388.0,1.0,1.1,0.95,1.05,37.835295,163125,2904375
2026-08-20 09:35:00,ATM+2,CE,410.0,387.85,1.05,1.05,1.0,1.0,37.507759,67500,2906250
2026-08-20 09:40:00,ATM+2,CE,410.0,387.35,0.95,1.0,0.9,0.95,37.610952,133125,2938125
2026-08-20 09:45:00,ATM+2,CE,410.0,387.1,0.95,0.95,0.9,0.95,37.941876,82500,2915625
2026-08-20 09:50:00,ATM+2,CE,410.0,387.55,0.95,0.95,0.95,0.95,37.382024,16875,2908125
2026-08-20 09:55:00,ATM+2,CE,410.0,387.8,0.95,0.95,0.95,0.95,37.075982,5625,2904375
2026-08-20 10:00:00,ATM+2,CE,410.0,388.2,0.95,1.0,0.9,1.0,37.120897,30000,2910000
2026-08-20 10:05:00,ATM+2,CE,410.0,388.5,1.0,1.05,1.0,1.05,37.275125,24375,2934375
2026-08-20 10:10:00,ATM+2,CE,410.0,389.65,1.05,1.1,1.05,1.1,36.289613,52500,2917500
2026-08-20 10:15:00,ATM+2,CE,410.0,389.15,1.15,1.15,1.1,1.1,36.963351,46875,2902500
2026-08-20 10:20:00,ATM+2,CE,410.0,389.65,1.1,1.1,1.0,1.1,36.31471,71250,2883750
2026-08-20 10:25:00,ATM+2,CE,410.0,388.85,1.1,1.1,1.05,1.05,36.86911,84375,2891250
2026-08-20 10:30:00,ATM+2,CE,410.0,389.7,1.1,1.15,1.05,1.15,36.771397,193125,2934375
2026-08-20 10:35:00,ATM+2,CE,410.0,390.5,1.2,1.35,1.15,1.3,37.13402,170625,2943750
2026-08-20 10:40:00,ATM+2,CE,410.0,390.55,1.3,1.3,1.25,1.25,36.611717,63750,2960625
2026-08-20 10:45:00,ATM+2,CE,410.0,390.45,1.25,1.3,1.25,1.25,36.760903,37500,2964375
2026-08-20 10:50:00,ATM+2,CE,410.0,388.8,1.15,1.25,1.05,1.05,36.99852,161250,2986875
2026-08-20 10:55:00,ATM+2,CE,410.0,389.2,1.1,1.1,1.05,1.1,36.999685,24375,2992500
2026-08-20 11:00:00,ATM+2,CE,410.0,388.75,1.1,1.1,1.1,1.1,37.607932,3750,2986875
2026-08-20 11:05:00,ATM+2,CE,410.0,390.5,1.1,1.25,1.1,1.25,36.743751,236250,2973750
2026-08-20 11:10:00,ATM+2,CE,410.0,390.4,1.2,1.25,1.05,1.05,34.941364,185625,2936250
2026-08-20 11:15:00,ATM+2,CE,410.0,389.65,1.05,1.05,1.05,1.05,35.944714,3750,2936250
2026-08-20 11:20:00,ATM+2,CE,410.0,389.5,1.05,1.05,1.0,1.0,35.634408,13125,2940000
2026-08-20 11:25:00,ATM+2,CE,410.0,389.5,1.0,1.05,1.0,1.0,35.646839,3750,2940000
2026-08-20 11:30:00,ATM+2,CE,410.0,389.75,1.05,1.05,1.0,1.05,35.850309,7500,2945625
2026-08-20 11:35:00,ATM+2,CE,410.0,389.4,1.0,1.05,1.0,1.0,35.802496,7500,2945625
2026-08-20 11:40:00,ATM+2,CE,410.0,389.3,0.95,1.0,0.95,1.0,35.94574,5625,2938125
2026-08-20 11:45:00,ATM+2,CE,410.0,389.2,1.0,1.0,1.0,1.0,36.089006,0,2938125
2026-08-20 11:50:00,ATM+2,CE,410.0,389.2,1.0,1.0,0.95,1.0,36.101635,16875,2945625
2026-08-20 11:55:00,ATM+2,CE,410.0,389.5,1.0,1.0,1.0,1.0,35.721679,1875,2945625
2026-08-20 12:00:00,ATM+2,CE,410.0,389.35,0.95,1.0,0.95,0.95,35.396104,3750,2945625
2026-08-20 12:05:00,ATM+2,CE,410.0,389.0,0.95,0.95,0.9,0.9,35.311568,9375,2943750
2026-08-20 12:10:00,ATM+2,CE,410.0,389.45,0.95,0.95,0.9,0.95,35.291074,5625,2943750
2026-08-20 12:15:00,ATM+2,CE,410.0,389.9,1.0,1.05,0.95,1.05,35.764689,5625,2940000
2026-08-20 12:20:00,ATM+2,CE,410.0,389.4,1.0,1.05,1.0,1.0,35.915546,15000,2940000
2026-08-20 12:25:00,ATM+2,CE,410.0,389.2,1.0,1.0,0.95,0.95,35.653135,9375,2938125
2026-08-20 12:30:00,ATM+2,CE,410.0,389.2,0.95,0.95,0.95,0.95,35.66567,22500,2955000
2026-08-20 12:35:00,ATM+2,CE,410.0,389.0,0.95,0.95,0.9,0.95,35.937949,5625,2956875
2026-08-20 12:40:00,ATM+2,CE,410.0,388.65,0.95,0.95,0.9,0.9,35.848323,5625,2953125
2026-08-20 12:45:00,ATM+2,CE,410.0,388.8,0.9,0.9,0.9,0.9,35.668212,0,2956875
2026-08-20 12:50:00,ATM+2,CE,410.0,388.0,0.9,0.9,0.9,0.9,36.707348,0,2956875
2026-08-20 12:55:00,ATM+2,CE,410.0,387.7,0.9,0.9,0.85,0.85,36.522333,24375,2949375
2026-08-20 13:00:00,ATM+2,CE,410.0,387.6,0.85,0.85,0.8,0.85,36.661904,240000,2885625
2026-08-20 13:05:00,ATM+2,CE,410.0,387.65,0.85,0.85,0.8,0.8,36.013277,37500,2896875
2026-08-20 13:10:00,ATM+2,CE,410.0,387.8,0.8,0.8,0.8,0.8,35.837672,9375,2889375
2026-08-20 13:15:00,ATM+2,CE,410.0,388.15,0.8,0.85,0.8,0.85,36.002425,7500,2885625
2026-08-20 13:20:00,ATM+2,CE,410.0,388.05,0.85,0.85,0.8,0.8,35.548646,1875,2893125
2026-08-20 13:25:00,ATM+2,CE,410.0,387.65,0.8,0.85,0.8,0.85,36.663211,24375,2872500
2026-08-20 13:30:00,ATM+2,CE,410.0,387.65,0.85,0.85,0.85,0.85,36.676184,9375,2878125
2026-08-20 13:35:00,ATM+2,CE,410.0,387.4,0.85,0.85,0.85,0.85,37.006478,1875,2880000
2026-08-20 13:40:00,ATM+2,CE,410.0,387.2,0.85,0.85,0.8,0.8,36.667815,24375,2876250
2026-08-20 13:45:00,ATM+2,CE,410.0,387.05,0.8,0.8,0.8,0.8,36.869044,5625,2880000
2026-08-20 13:50:00,ATM+2,CE,410.0,386.75,0.75,0.8,0.75,0.75,36.629334,30000,2878125
2026-08-20 13:55:00,ATM+2,CE,410.0,387.05,0.75,0.75,0.7,0.7,35.62551,45000,2885625
2026-08-20 14:00:00,ATM+2,CE,410.0,387.35,0.75,0.75,0.7,0.75,35.90987,73125,2889375
2026-08-20 14:05:00,ATM+2,CE,410.0,387.45,0.75,0.8,0.75,0.8,36.418453,13125,2876250
2026-08-20 14:10:00,ATM+2,CE,410.0,387.1,0.75,0.8,0.75,0.75,36.246464,9375,2868750
2026-08-20 14:15:00,ATM+2,CE,410.0,387.55,0.75,0.75,0.75,0.75,35.699011,16875,2866875
2026-08-20 14:20:00,ATM+2,CE,410.0,387.4,0.75,0.75,0.75,0.75,35.898701,11250,2868750
2026-08-20 14:25:00,ATM+2,CE,410.0,387.7,0.75,0.75,0.75,0.75,35.537299,3750,2863125
2026-08-20 14:30:00,ATM+2,CE,410.0,387.15,0.75,0.8,0.75,0.75,36.235851,30000,2851875
2026-08-20 14:35:00,ATM+2,CE,410.0,387.05,0.75,0.8,0.75,0.8,37.000329,3750,2851875
2026-08-20 14:40:00,ATM+2,CE,410.0,387.15,0.8,0.8,0.75,0.75,36.26171,41250,2850000
2026-08-20 14:45:00,ATM+2,CE,410.0,387.1,0.75,0.75,0.7,0.7,35.690975,76875,2784375
2026-08-20 14:50:00,ATM+2,CE,410.0,387.0,0.7,0.75,0.7,0.75,36.47465,1875,2784375
2026-08-20 14:55:00,ATM+2,CE,410.0,387.0,0.75,0.75,0.7,0.75,36.487692,45000,2788125
2026-08-20 15:00:00,ATM+2,CE,410.0,386.35,0.75,0.75,0.75,0.75,37.310353,45000,2775000
2026-08-20 15:05:00,ATM+2,CE,410.0,385.9,0.75,0.75,0.7,0.75,37.883118,20625,2776875
2026-08-20 15:10:00,ATM+2,CE,410.0,385.6,0.7,0.75,0.7,0.7,37.601057,120000,2763750
2026-08-20 15:15:00,ATM+2,CE,410.0,385.6,0.75,0.75,0.7,0.7,37.614522,35625,2761875
2026-08-20 15:20:00,ATM+2,CE,410.0,385.6,0.7,0.7,0.65,0.7,37.627993,45000,2745000
2026-08-20 15:25:00,ATM+2,CE,410.0,385.6,0.7,0.7,0.65,0.65,36.949875,7500,2745000
2026-08-20 15:30:00,ATM+2,CE,410.0,385.6,0.65,0.65,0.65,0.65,36.963124,16875,2748750
2026-08-20 15:35:00,ATM+2,CE,410.0,385.6,0.65,0.65,0.65,0.65,36.976392,41250,2745000
2026-08-21 09:15:00,ATM+2,CE,410.0,390.05,0.7,0.95,0.7,0.85,36.832266,112500,2713125
2026-08-21 09:20:00,ATM+2,CE,410.0,388.4,0.9,0.9,0.75,0.75,37.844612,178125,2735625
2026-08-21 09:25:00,ATM+2,CE,410.0,391.9,0.8,1.1,0.75,1.1,37.035532,515625,2735625
2026-08-21 09:30:00,ATM+2,CE,410.0,391.05,1.05,1.15,0.95,1.05,37.765847,675000,2763750
2026-08-21 09:35:00,ATM+2,CE,410.0,391.5,1.2,1.25,1.05,1.15,38.192324,847500,2748750
2026-08-21 09:40:00,ATM+2,CE,410.0,392.8,1.2,1.3,1.15,1.3,37.754605,540000,2840625
2026-08-21 09:45:00,ATM+2,CE,410.0,391.4,1.25,1.3,1.0,1.0,36.746924,286875,2769375
2026-08-21 09:50:00,ATM+2,CE,410.0,392.9,1.0,1.35,1.0,1.25,37.13988,1136250,2739375
2026-08-21 09:55:00,ATM+2,CE,410.0,394.0,1.35,1.65,1.25,1.45,37.341253,648750,2835000
2026-08-21 10:00:00,ATM+2,CE,410.0,392.35,1.35,1.45,1.05,1.05,35.942422,825000,2713125
2026-08-21 10:05:00,ATM+2,CE,410.0,392.45,1.1,1.15,1.05,1.1,36.339395,125625,2733750
2026-08-21 10:10:00,ATM+2,CE,410.0,392.3,1.05,1.15,1.05,1.05,36.047243,125625,2743125
2026-08-21 10:15:00,ATM+2,CE,410.0,392.5,1.05,1.1,1.05,1.1,36.295415,67500,2709375
2026-08-21 10:20:00,ATM+2,CE,410.0,391.6,1.05,1.1,0.9,0.9,35.426667,110625,2694375
2026-08-21 10:25:00,ATM+2,CE,410.0,394.15,0.95,1.25,0.9,1.25,35.315295,772500,2853750
2026-08-21 10:30:00,ATM+2,CE,410.0,393.25,1.35,1.35,1.15,1.15,35.725352,234375,2778750
2026-08-21 10:35:00,ATM+2,CE,410.0,394.0,1.15,1.25,1.15,1.15,34.595154,61875,2812500
2026-08-21 10:40:00,ATM+2,CE,410.0,393.1,1.2,1.2,1.05,1.05,34.94611,24375,2797500
2026-08-21 10:45:00,ATM+2,CE,410.0,392.8,1.05,1.05,1.05,1.05,35.409717,60000,2776875
2026-08-21 10:50:00,ATM+2,CE,410.0,392.45,1.0,1.05,0.95,0.95,34.852788,114375,2711250
2026-08-21 10:55:00,ATM+2,CE,410.0,392.55,0.95,1.0,0.95,0.95,34.721231,65625,2733750
2026-08-21 11:00:00,ATM+2,CE,410.0,392.4,0.95,0.95,0.9,0.9,34.39065,82500,2690625
2026-08-21 11:05:00,ATM+2,CE,410.0,392.65,0.85,0.9,0.85,0.9,34.042243,35625,2679375
2026-08-21 11:10:00,ATM+2,CE,410.0,392.55,0.9,0.95,0.9,0.95,34.766038,28125,2686875
2026-08-21 11:15:00,ATM+2,CE,410.0,392.1,0.95,0.95,0.9,0.9,34.870394,13125,2683125
2026-08-21 11:20:00,ATM+2,CE,410.0,392.65,0.9,0.9,0.9,0.9,34.086259,75000,2679375
2026-08-21 11:25:00,ATM+2,CE,410.0,392.25,0.85,0.9,0.85,0.85,34.101215,260625,2715000
2026-08-21 11:30:00,ATM+2,CE,410.0,392.3,0.85,0.85,0.8,0.8,33.448784,7500,2715000
2026-08-21 11:35:00,ATM+2,CE,410.0,391.95,0.8,0.8,0.8,0.8,33.961225,65625,2696250
2026-08-21 11:40:00,ATM+2,CE,410.0,392.45,0.8,0.9,0.8,0.9,34.436657,58125,2701875
2026-08-21 11:45:00,ATM+2,CE,410.0,392.7,0.9,1.0,0.9,0.9,34.087037,112500,2709375
2026-08-21 11:50:00,ATM+2,CE,410.0,392.35,0.85,0.9,0.8,0.8,33.435388,116250,2720625
2026-08-21 11:55:00,ATM+2,CE,410.0,392.2,0.75,0.8,0.75,0.75,33.050071,54375,2737500
2026-08-21 12:00:00,ATM+2,CE,410.0,392.25,0.75,0.8,0.75,0.8,33.607151,11250,2726250
2026-08-21 12:05:00,ATM+2,CE,410.0,392.4,0.8,0.85,0.75,0.8,33.407501,24375,2724375
2026-08-21 12:10:00,ATM+2,CE,410.0,392.25,0.85,0.85,0.8,0.85,34.234366,1875,2726250
2026-08-21 12:15:00,ATM+2,CE,410.0,392.25,0.8,0.85,0.8,0.85,34.249253,22500,2718750
2026-08-21 12:20:00,ATM+2,CE,410.0,392.6,0.85,0.9,0.85,0.9,34.337143,3750,2718750
2026-08-21 12:25:00,ATM+2,CE,410.0,392.4,0.9,0.9,0.8,0.8,33.465701,3750,2716875
2026-08-21 12:30:00,ATM+2,CE,410.0,392.5,0.8,0.8,0.8,0.8,33.337043,0,2716875
2026-08-21 12:35:00,ATM+2,CE,410.0,392.45,0.8,0.85,0.8,0.85,34.019527,37500,2724375
2026-08-21 12:40:00,ATM+2,CE,410.0,392.6,0.85,0.9,0.85,0.85,33.816942,9375,2728125
2026-08-21 12:45:00,ATM+2,CE,410.0,393.55,0.85,1.0,0.85,0.95,33.568979,45000,2735625
2026-08-21 12:50:00,ATM+2,CE,410.0,393.5,0.95,1.0,0.95,1.0,34.202146,31875,2724375
2026-08-21 12:55:00,ATM+2,CE,410.0,393.45,1.0,1.0,0.9,0.9,33.191446,7500,2737500
2026-08-21 13:00:00,ATM+2,CE,410.0,393.85,0.9,1.0,0.9,1.0,33.704462,11250,2731875
2026-08-21 13:05:00,ATM+2,CE,410.0,394.25,1.0,1.05,0.95,1.05,33.638378,52500,2709375
2026-08-21 13:10:00,ATM+2,CE,420.0,395.45,1.0,1.15,0.6,0.65,40.131761,255000,7038750
2026-08-21 13:15:00,ATM+2,CE,420.0,396.8,0.7,0.8,0.65,0.8,40.497173,303750,6988125
2026-08-21 13:20:00,ATM+2,CE,420.0,396.2,0.75,0.8,0.55,0.55,37.623322,391875,6999375
2026-08-21 13:25:00,ATM+2,CE,420.0,396.5,0.55,0.6,0.55,0.6,38.048308,7500,6982500
2026-08-21 13:30:00,ATM+2,CE,420.0,396.2,0.65,0.65,0.5,0.65,39.219611,410625,7005000
2026-08-21 13:35:00,ATM+2,CE,420.0,396.15,0.6,0.65,0.55,0.6,38.535222,73125,6976875
2026-08-21 13:40:00,ATM+2,CE,420.0,396.7,0.65,0.75,0.6,0.7,39.328234,210000,6971250
2026-08-21 13:45:00,ATM+2,CE,420.0,396.5,0.7,0.75,0.65,0.65,38.876963,56250,6969375
2026-08-21 13:50:00,ATM+2,CE,420.0,396.5,0.65,0.65,0.65,0.65,38.894017,0,6965625
2026-08-21 13:55:00,ATM+2,CE,420.0,396.6,0.65,0.7,0.65,0.65,38.779479,28125,6961875
2026-08-21 14:00:00,ATM+2,CE,420.0,396.9,0.7,0.7,0.65,0.7,39.130537,285000,6954375
2026-08-21 14:05:00,ATM+2,CE,420.0,396.3,0.7,0.7,0.6,0.6,38.441964,165000,6956250
2026-08-21 14:10:00,ATM+2,CE,420.0,396.95,0.65,0.65,0.6,0.65,38.36902,24375,6965625
2026-08-21 14:15:00,ATM+2,CE,420.0,396.9,0.7,0.7,0.6,0.6,37.694708,219375,6958125
2026-08-21 14:20:00,ATM+2,CE,420.0,397.0,0.6,0.65,0.6,0.65,38.336797,88125,6961875
2026-08-21 14:25:00,ATM+2,CE,420.0,396.8,0.65,0.65,0.55,0.6,37.858418,151875,6982500
2026-08-21 14:30:00,ATM+2,CE,420.0,396.55,0.65,0.65,0.6,0.6,38.201123,65625,6931875
2026-08-21 14:35:00,ATM+2,CE,420.0,396.6,0.65,0.65,0.6,0.6,38.15282,106875,6922500
2026-08-21 14:40:00,ATM+2,CE,420.0,396.65,0.65,0.65,0.6,0.65,38.867564,50625,6903750
2026-08-21 14:45:00,ATM+2,CE,420.0,396.55,0.65,0.65,0.55,0.55,37.455433,106875,6915000
2026-08-21 14:50:00,ATM+2,CE,420.0,396.65,0.6,0.6,0.55,0.6,38.138236,155625,6845625
2026-08-21 14:55:00,ATM+2,CE,420.0,396.25,0.6,0.6,0.55,0.55,37.87491,9375,6830625
2026-08-21 15:00:00,ATM+2,CE,420.0,396.3,0.55,0.6,0.5,0.55,37.82735,99375,6826875
2026-08-21 15:05:00,ATM+2,CE,420.0,396.45,0.55,0.6,0.55,0.6,38.450488,101250,6811875
2026-08-21 15:10:00,ATM+2,CE,420.0,396.3,0.65,0.65,0.6,0.65,39.434618,90000,6791250
2026-08-21 15:15:00,ATM+2,CE,420.0,396.3,0.65,0.65,0.6,0.6,38.68082,45000,6810000
2026-08-21 15:20:00,ATM+2,CE,420.0,396.3,0.6,0.65,0.6,0.6,38.698041,110625,6781875
2026-08-21 15:25:00,ATM+2,CE,410.0,394.45,0.55,1.1,0.55,1.05,33.750247,236250,2885625
2026-08-21 15:30:00,ATM+2,CE,410.0,394.45,1.05,1.1,1.05,1.1,34.284571,33750,2842500
2026-08-21 15:35:00,ATM+2,CE,410.0,394.45,1.1,1.15,1.05,1.1,34.300026,101250,2863125
2026-08-24 09:15:00,ATM+2,CE,420.0,400.1,0.5,1.0,0.5,0.75,64.38571,2739375,5836875
2026-08-24 09:20:00,ATM+2,CE,420.0,399.0,0.75,0.75,0.65,0.65,64.694635,637500,6037500
2026-08-24 09:25:00,ATM+2,CE,420.0,399.45,0.6,0.65,0.6,0.65,63.708696,530625,6099375
2026-08-24 09:30:00,ATM+2,CE,420.0,398.2,0.6,0.65,0.5,0.5,62.621733,213750,6073125
2026-08-24 09:35:00,ATM+2,CE,420.0,398.3,0.55,0.6,0.45,0.6,65.310157,251250,6018750
2026-08-24 09:40:00,ATM+2,CE,420.0,399.6,0.65,0.65,0.5,0.55,60.981415,423750,6090000
2026-08-24 09:45:00,ATM+2,CE,420.0,400.55,0.55,0.7,0.55,0.7,62.631871,463125,5988750
2026-08-24 09:50:00,ATM+2,CE,420.0,399.0,0.7,0.7,0.5,0.5,61.133044,204375,5992500
2026-08-24 09:55:00,ATM+2,CE,420.0,399.85,0.55,0.6,0.5,0.6,61.992736,331875,6033750
2026-08-24 10:00:00,ATM+2,CE,420.0,399.25,0.6,0.6,0.6,0.6,63.513327,16875,6033750
2026-08-24 10:05:00,ATM+2,CE,420.0,399.8,0.6,0.6,0.6,0.6,62.289092,208125,6030000
2026-08-24 10:10:00,ATM+2,CE,420.0,399.8,0.6,0.6,0.55,0.55,61.030283,127500,6024375
2026-08-24 10:15:00,ATM+2,CE,420.0,400.45,0.6,0.6,0.55,0.55,59.576465,93750,6009375
2026-08-24 10:20:00,ATM+2,CE,420.0,400.7,0.6,0.65,0.55,0.65,61.660237,106875,6011250
2026-08-24 10:25:00,ATM+2,CE,420.0,400.7,0.7,0.7,0.65,0.65,61.749195,223125,6007500
2026-08-24 10:30:00,ATM+2,CE,420.0,400.75,0.65,0.65,0.6,0.6,60.442099,73125,5988750
2026-08-24 10:35:00,ATM+2,CE,420.0,400.45,0.65,0.65,0.5,0.55,59.921478,285000,6030000
2026-08-24 10:40:00,ATM+2,CE,420.0,401.1,0.65,0.8,0.55,0.65,61.032556,736875,6003750
2026-08-24 10:45:00,ATM+2,CE,420.0,402.3,0.65,0.8,0.65,0.8,61.603752,465000,6150000
2026-08-24 10:50:00,ATM+2,CE,420.0,402.25,0.75,0.8,0.7,0.7,59.546548,710625,5855625
2026-08-24 10:55:00,ATM+2,CE,420.0,401.25,0.7,0.75,0.6,0.6,59.662263,58125,5833125
2026-08-24 11:00:00,ATM+2,CE,420.0,401.65,0.55,0.6,0.55,0.55,57.464171,247500,5836875
2026-08-24 11:05:00,ATM+2,CE,420.0,402.05,0.55,0.7,0.55,0.7,60.316465,148125,5865000
2026-08-24 11:10:00,ATM+2,CE,420.0,401.4,0.65,0.7,0.6,0.65,60.825447,67500,5836875
2026-08-24 11:15:00,ATM+2,CE,420.0,401.45,0.6,0.65,0.55,0.6,59.523207,22500,5835000
2026-08-24 11:20:00,ATM+2,CE,420.0,401.35,0.65,0.65,0.55,0.6,59.858643,54375,5820000
2026-08-24 11:25:00,ATM+2,CE,420.0,401.35,0.6,0.65,0.55,0.65,61.222818,571875,5806875
2026-08-24 11:30:00,ATM+2,CE,420.0,400.7,0.65,0.65,0.55,0.55,60.294327,151875,6120000
2026-08-24 11:35:00,ATM+2,CE,420.0,400.65,0.55,0.55,0.55,0.55,60.50662,110625,6183750
2026-08-24 11:40:00,ATM+2,CE,420.0,401.15,0.55,0.6,0.5,0.6,60.714744,73125,6185625
2026-08-24 11:45:00,ATM+2,CE,420.0,402.0,0.55,0.65,0.55,0.65,59.951879,84375,6236250
2026-08-24 11:50:00,ATM+2,CE,420.0,401.15,0.65,0.7,0.65,0.65,62.189622,135000,6230625
2026-08-24 11:55:00,ATM+2,CE,420.0,401.1,0.6,0.65,0.55,0.6,61.115735,90000,6165000
2026-08-24 12:00:00,ATM+2,CE,420.0,401.6,0.6,0.65,0.6,0.6,59.960573,54375,6176250
2026-08-24 12:05:00,ATM+2,CE,420.0,401.4,0.6,0.65,0.55,0.55,59.214141,60000,6210000
2026-08-24 12:10:00,ATM+2,CE,420.0,403.3,0.6,0.7,0.55,0.7,58.270247,496875,6382500
2026-08-24 12:15:00,ATM+2,CE,420.0,402.9,0.65,0.7,0.65,0.65,58.200339,406875,6352500
2026-08-24 12:20:00,ATM+2,CE,420.0,403.0,0.7,0.7,0.65,0.65,58.033086,110625,6324375
2026-08-24 12:25:00,ATM+2,CE,420.0,402.85,0.7,0.75,0.65,0.7,59.715371,294375,6348750
2026-08-24 12:30:00,ATM+2,CE,420.0,402.75,0.7,0.7,0.65,0.65,58.857854,31875,6324375
2026-08-24 12:35:00,ATM+2,CE,420.0,403.5,0.7,0.75,0.65,0.75,59.351104,93750,6305625
2026-08-24 12:40:00,ATM+2,CE,420.0,403.65,0.75,0.75,0.65,0.7,57.894432,206250,6208125
2026-08-24 12:45:00,ATM+2,CE,420.0,404.4,0.7,0.8,0.7,0.75,57.129549,759375,6090000
2026-08-24 12:50:00,ATM+2,CE,420.0,404.65,0.8,0.85,0.65,0.75,56.546568,1220625,5731875
2026-08-24 12:55:00,ATM+2,CE,420.0,404.9,0.7,0.8,0.7,0.75,55.960517,161250,5690625
2026-08-24 13:00:00,ATM+2,CE,420.0,404.35,0.8,0.8,0.65,0.65,55.230655,345000,5649375
2026-08-24 13:05:00,ATM+2,CE,420.0,404.4,0.7,0.7,0.65,0.65,55.18667,174375,5570625
2026-08-24 13:10:00,ATM+2,CE,420.0,403.75,0.7,0.7,0.55,0.55,54.472065,174375,5623125
2026-08-24 13:15:00,ATM+2,CE,420.0,403.8,0.55,0.6,0.55,0.55,54.4312,76875,5621250
2026-08-24 13:20:00,ATM+2,CE,420.0,403.25,0.55,0.55,0.45,0.45,53.144616,155625,5673750
2026-08-24 13:25:00,ATM+2,CE,420.0,403.25,0.5,0.5,0.45,0.5,54.655436,43125,5681250
2026-08-24 13:30:00,ATM+2,CE,420.0,402.55,0.45,0.5,0.4,0.4,53.51103,88125,5649375
2026-08-24 13:35:00,ATM+2,CE,420.0,402.55,0.4,0.4,0.3,0.35,51.95968,153750,5626875
2026-08-24 13:40:00,ATM+2,CE,420.0,402.7,0.35,0.35,0.3,0.3,49.93045,108750,5679375
2026-08-24 13:45:00,ATM+2,CE,420.0,404.0,0.4,0.45,0.3,0.45,51.702229,498750,5641875
2026-08-24 13:50:00,ATM+2,CE,420.0,403.2,0.45,0.45,0.35,0.35,50.657376,65625,5645625
2026-08-24 13:55:00,ATM+2,CE,420.0,403.5,0.35,0.4,0.35,0.4,51.61991,33750,5656875
2026-08-24 14:00:00,ATM+2,CE,420.0,403.65,0.4,0.5,0.35,0.35,49.739064,170625,5643750
2026-08-24 14:05:00,ATM+2,CE,420.0,403.95,0.4,0.45,0.35,0.45,52.168942,76875,5583750
2026-08-24 14:10:00,ATM+2,CE,420.0,403.6,0.35,0.45,0.35,0.35,50.024788,35625,5570625
2026-08-24 14:15:00,ATM+2,CE,420.0,402.85,0.35,0.35,0.3,0.3,50.154625,142500,5520000
2026-08-24 14:20:00,ATM+2,CE,420.0,402.75,0.3,0.35,0.3,0.35,52.250905,18750,5516250
2026-08-24 14:25:00,ATM+2,CE,420.0,402.65,0.35,0.35,0.3,0.3,50.795276,86250,5506875
2026-08-24 14:30:00,ATM+2,CE,420.0,402.7,0.3,0.3,0.3,0.3,50.762052,0,5497500
2026-08-24 14:35:00,ATM+2,CE,420.0,402.3,0.3,0.35,0.3,0.35,53.605644,33750,5486250
2026-08-24 14:40:00,ATM+2,CE,420.0,402.5,0.35,0.35,0.25,0.3,51.408373,161250,5431875
2026-08-24 14:45:00,ATM+2,CE,420.0,402.5,0.3,0.3,0.25,0.25,49.525121,22500,5439375
2026-08-24 14:50:00,ATM+2,CE,420.0,401.95,0.25,0.3,0.25,0.25,50.882877,48750,5431875
2026-08-24 14:55:00,ATM+2,CE,420.0,402.25,0.25,0.25,0.25,0.25,50.274213,75000,5416875
2026-08-24 15:00:00,ATM+2,CE,420.0,401.75,0.25,0.3,0.25,0.3,53.547709,18750,5411250
2026-08-24 15:05:00,ATM+2,CE,420.0,400.9,0.3,0.3,0.2,0.2,51.252522,148125,5493750
2026-08-24 15:10:00,ATM+2,CE,420.0,400.5,0.25,0.25,0.2,0.2,52.237903,110625,5480625
2026-08-24 15:15:00,ATM+2,CE,420.0,400.5,0.25,0.25,0.2,0.25,54.690193,69375,5520000
2026-08-24 15:20:00,ATM+2,CE,420.0,400.5,0.25,0.25,0.2,0.2,52.41882,161250,5463750
2026-08-24 15:25:00,ATM+2,CE,420.0,403.3,0.25,0.25,0.2,0.2,46.161108,185625,5514375
2026-08-24 15:30:00,ATM+2,CE,420.0,403.3,0.25,0.25,0.2,0.25,48.413541,30000,5484375
2026-08-24 15:35:00,ATM+2,CE,420.0,403.3,0.25,0.25,0.2,0.2,46.322858,110625,5461875
2026-08-25 09:15:00,ATM+2,CE,420.0,399.4,0.25,0.25,0.1,0.1,95.428622,206250,5386875
2026-08-25 09:20:00,ATM+2,CE,420.0,397.7,0.1,0.15,0.1,0.15,0.0,196875,5220000
2026-08-25 09:25:00,ATM+2,CE,420.0,397.55,0.1,0.15,0.05,0.1,0.0,551250,5073750
2026-08-25 09:30:00,ATM+2,CE,420.0,398.3,0.1,0.1,0.05,0.05,0.0,170625,4996875
2026-08-25 09:35:00,ATM+2,CE,420.0,397.1,0.05,0.1,0.05,0.05,0.0,309375,4809375
2026-08-25 09:40:00,ATM+2,CE,420.0,397.95,0.1,0.1,0.05,0.05,94.490279,15000,4800000
2026-08-25 09:45:00,ATM+2,CE,420.0,397.2,0.05,0.1,0.05,0.05,0.0,45000,4771875
2026-08-25 09:50:00,ATM+2,CE,420.0,397.2,0.05,0.05,0.05,0.05,0.0,56250,4723125
2026-08-25 09:55:00,ATM+2,CE,420.0,396.7,0.05,0.1,0.05,0.1,0.0,33750,4691250
2026-08-25 10:00:00,ATM+2,CE,420.0,396.7,0.1,0.1,0.05,0.05,0.0,28125,4655625
2026-08-25 10:05:00,ATM+2,CE,420.0,396.5,0.05,0.05,0.05,0.05,0.0,26250,4640625
2026-08-25 10:10:00,ATM+2,CE,420.0,396.2,0.1,0.1,0.05,0.1,0.0,7500,4623750
2026-08-25 10:15:00,ATM+2,CE,420.0,396.0,0.1,0.1,0.05,0.05,0.0,11250,4620000
2026-08-25 10:20:00,ATM+2,CE,410.0,394.7,0.05,0.05,0.05,0.05,74.528415,35625,2683125
2026-08-25 10:25:00,ATM+2,CE,410.0,394.9,0.05,0.1,0.05,0.05,74.272138,15000,2679375
2026-08-25 10:30:00,ATM+2,CE,410.0,394.5,0.05,0.1,0.05,0.05,76.606295,60000,2670000
2026-08-25 10:35:00,ATM+2,CE,410.0,394.15,0.05,0.05,0.05,0.05,78.764136,31875,2670000
2026-08-25 10:40:00,ATM+2,CE,410.0,393.15,0.05,0.1,0.05,0.05,83.7984,180000,2632500
2026-08-25 10:45:00,ATM+2,CE,410.0,393.4,0.05,0.1,0.05,0.05,83.4194,99375,2580000
2026-08-25 10:50:00,ATM+2,CE,410.0,392.95,0.1,0.1,0.05,0.05,86.145589,24375,2572500
2026-08-25 10:55:00,ATM+2,CE,410.0,393.3,0.1,0.1,0.05,0.1,95.189345,9375,2568750
2026-08-25 11:00:00,ATM+2,CE,410.0,393.0,0.05,0.1,0.05,0.1,97.523041,5625,2565000
2026-08-25 11:05:00,ATM+2,CE,410.0,393.5,0.1,0.1,0.1,0.1,95.949612,82500,2525625
2026-08-25 11:10:00,ATM+2,CE,410.0,392.95,0.1,0.1,0.05,0.05,89.343956,7500,2514375
2026-08-25 11:15:00,ATM+2,CE,410.0,392.5,0.05,0.05,0.05,0.05,92.286657,16875,2510625
2026-08-25 11:20:00,ATM+2,CE,410.0,392.4,0.05,0.05,0.05,0.05,0.0,5625,2493750
2026-08-25 11:25:00,ATM+2,CE,410.0,392.75,0.1,0.1,0.05,0.05,92.936756,11250,2491875
2026-08-25 11:30:00,ATM+2,CE,410.0,392.8,0.05,0.05,0.05,0.05,0.0,16875,2473125
2026-08-25 11:35:00,ATM+2,CE,410.0,393.2,0.05,0.1,0.05,0.05,92.683471,9375,2471250
2026-08-25 11:40:00,ATM+2,CE,410.0,393.1,0.1,0.1,0.05,0.05,0.0,15000,2467500
2026-08-25 11:45:00,ATM+2,CE,410.0,393.25,0.05,0.1,0.05,0.1,105.316264,37500,2467500
2026-08-25 11:50:00,ATM+2,CE,410.0,392.65,0.1,0.1,0.05,0.05,98.471719,13125,2467500
2026-08-25 11:55:00,ATM+2,CE,410.0,393.25,0.05,0.05,0.05,0.05,96.559703,290625,2356875
2026-08-25 12:00:00,ATM+2,CE,410.0,393.65,0.05,0.05,0.05,0.05,95.633466,20625,2358750
2026-08-25 12:05:00,ATM+2,CE,420.0,395.6,0.05,0.1,0.05,0.05,0.0,26250,4372500
2026-08-25 12:10:00,ATM+2,CE,420.0,395.95,0.05,0.05,0.05,0.05,0.0,0,4372500
2026-08-25 12:15:00,ATM+2,CE,420.0,396.75,0.05,0.1,0.05,0.1,0.0,91875,4361250
2026-08-25 12:20:00,ATM+2,CE,420.0,396.15,0.05,0.1,0.05,0.05,0.0,24375,4261875
2026-08-25 12:25:00,ATM+2,CE,420.0,395.9,0.05,0.1,0.05,0.05,0.0,204375,4089375
2026-08-25 12:30:00,ATM+2,CE,420.0,395.65,0.05,0.05,0.05,0.05,0.0,39375,4053750
2026-08-25 12:35:00,ATM+2,CE,420.0,395.55,0.05,0.05,0.05,0.05,0.0,97500,3991875
2026-08-25 12:40:00,ATM+2,CE,420.0,395.05,0.05,0.05,0.05,0.05,0.0,28125,3939375
2026-08-25 12:45:00,ATM+2,CE,410.0,394.8,0.05,0.05,0.05,0.05,100.934815,0,2210625
2026-08-25 12:50:00,ATM+2,CE,410.0,394.8,0.05,0.05,0.05,0.05,102.45495,24375,2201250
2026-08-25 12:55:00,ATM+2,CE,420.0,395.05,0.05,0.05,0.05,0.05,0.0,24375,3907500
2026-08-25 13:00:00,ATM+2,CE,410.0,394.3,0.05,0.05,0.05,0.05,0.0,24375,2173125
2026-08-25 13:05:00,ATM+2,CE,410.0,393.95,0.05,0.05,0.05,0.05,0.0,28125,2152500
2026-08-25 13:10:00,ATM+2,CE,410.0,394.0,0.05,0.05,0.05,0.05,0.0,37500,2107500
2026-08-25 13:15:00,ATM+2,CE,410.0,394.9,0.05,0.05,0.05,0.05,0.0,11250,2100000
2026-08-25 13:20:00,ATM+2,CE,410.0,393.85,0.05,0.05,0.05,0.05,0.0,0,2100000
2026-08-25 13:25:00,ATM+2,CE,410.0,394.1,0.05,0.05,0.05,0.05,0.0,5625,2094375
2026-08-25 13:30:00,ATM+2,CE,410.0,394.6,0.05,0.05,0.05,0.05,0.0,20625,2085000
2026-08-25 13:35:00,ATM+2,CE,410.0,394.5,0.05,0.05,0.05,0.05,0.0,0,2085000
2026-08-25 13:40:00,ATM+2,CE,410.0,394.4,0.05,0.05,0.05,0.05,0.0,7500,2081250
2026-08-25 13:45:00,ATM+2,CE,410.0,394.2,0.05,0.05,0.05,0.05,0.0,5625,2073750
2026-08-25 13:50:00,ATM+2,CE,410.0,394.75,0.05,0.05,0.05,0.05,0.0,0,2073750
2026-08-25 13:55:00,ATM+2,CE,410.0,394.6,0.05,0.05,0.05,0.05,0.0,0,2073750
2026-08-25 14:00:00,ATM+2,CE,410.0,394.3,0.05,0.05,0.05,0.05,0.0,0,2073750
2026-08-25 14:05:00,ATM+2,CE,410.0,394.25,0.05,0.05,0.05,0.05,0.0,0,2073750
2026-08-25 14:10:00,ATM+2,CE,410.0,393.75,0.05,0.05,0.05,0.05,0.0,0,2068125
2026-08-25 14:15:00,ATM+2,CE,410.0,394.05,0.05,0.05,0.05,0.05,0.0,0,2068125
2026-08-25 14:20:00,ATM+2,CE,410.0,393.75,0.05,0.05,0.05,0.05,0.0,0,2068125
2026-08-25 14:25:00,ATM+2,CE,410.0,394.1,0.05,0.05,0.05,0.05,0.0,5625,2068125
2026-08-25 14:30:00,ATM+2,CE,410.0,393.9,0.05,0.05,0.05,0.05,0.0,0,2068125
2026-08-25 14:35:00,ATM+2,CE,410.0,394.3,0.05,0.05,0.05,0.05,0.0,3750,2068125
2026-08-25 14:40:00,ATM+2,CE,410.0,395.0,0.05,0.05,0.05,0.05,0.0,1875,2064375
2026-08-25 14:45:00,ATM+2,CE,420.0,395.35,0.05,0.05,0.05,0.05,0.0,0,3798750
2026-08-25 14:50:00,ATM+2,CE,420.0,395.35,0.05,0.05,0.05,0.05,0.0,0,3798750
2026-08-25 14:55:00,ATM+2,CE,420.0,395.1,0.05,0.05,0.05,0.05,0.0,0,3798750
2026-08-25 15:00:00,ATM+2,CE,410.0,394.95,0.05,0.05,0.05,0.05,0.0,1875,2034375
2026-08-25 15:05:00,ATM+2,CE,410.0,395.0,0.05,0.05,0.05,0.05,0.0,0,2034375
2026-08-25 15:10:00,ATM+2,CE,420.0,395.95,0.05,0.05,0.05,0.05,0.0,0,3796875
2026-08-25 15:15:00,ATM+2,CE,420.0,395.95,0.05,0.05,0.05,0.05,0.0,0,3796875
2026-08-25 15:20:00,ATM+2,CE,420.0,395.95,0.05,0.05,0.05,0.05,0.0,1875,3781875
2026-08-25 15:25:00,ATM+2,CE,420.0,397.8,0.05,0.05,0.05,0.05,0.0,0,3780000
2026-08-25 15:30:00,ATM+2,CE,420.0,397.8,0.05,0.05,0.05,0.05,0.0,22500,3780000
2026-08-25 15:35:00,ATM+2,CE,420.0,397.8,0.05,0.05,0.05,0.05,0.0,0,3780000
2026-08-20 09:20:00,ATM+2,PE,410.0,388.25,19.5,21.5,19.45,21.5,28.235026,56250,991875
2026-08-20 09:25:00,ATM+2,PE,410.0,388.9,22.9,22.9,21.5,22.9,48.380439,5625,990000
2026-08-20 09:30:00,ATM+2,PE,410.0,388.0,22.9,22.9,22.9,22.9,42.154092,0,990000
2026-08-20 09:35:00,ATM+2,PE,410.0,387.85,22.9,22.9,22.9,22.9,40.957857,0,990000
2026-08-20 09:40:00,ATM+2,PE,410.0,387.35,22.9,22.9,22.9,22.9,36.337347,0,990000
2026-08-20 09:45:00,ATM+2,PE,410.0,387.1,22.9,24.65,22.9,24.65,50.756153,7500,945000
2026-08-20 09:50:00,ATM+2,PE,410.0,387.55,24.65,24.65,24.65,24.65,53.589678,0,945000
2026-08-20 09:55:00,ATM+2,PE,410.0,387.8,24.65,24.65,24.15,24.15,51.303607,3750,946875
2026-08-20 10:00:00,ATM+2,PE,410.0,388.2,24.1,24.15,24.1,24.1,53.35406,1875,943125
2026-08-20 10:05:00,ATM+2,PE,410.0,388.5,24.1,24.1,22.85,22.85,45.464336,1875,941250
2026-08-20 10:10:00,ATM+2,PE,410.0,389.65,23.0,23.0,22.0,22.0,46.194745,9375,937500
2026-08-20 10:15:00,ATM+2,PE,410.0,389.15,22.0,22.0,22.0,22.0,42.85512,0,937500
2026-08-20 10:20:00,ATM+2,PE,410.0,389.65,22.0,22.5,22.0,22.5,50.021777,3750,933750
2026-08-20 10:25:00,ATM+2,PE,410.0,388.85,22.5,22.5,22.5,22.5,45.002262,0,933750
2026-08-20 10:30:00,ATM+2,PE,410.0,389.7,22.45,22.5,22.45,22.45,49.971801,3750,933750
2026-08-20 10:35:00,ATM+2,PE,410.0,390.5,22.45,22.45,21.15,21.15,44.969781,3750,935625
2026-08-20 10:40:00,ATM+2,PE,410.0,390.55,21.15,21.15,21.0,21.0,44.127678,1875,933750
2026-08-20 10:45:00,ATM+2,PE,410.0,390.45,21.0,21.0,21.0,21.0,43.499353,0,933750
2026-08-20 10:50:00,ATM+2,PE,410.0,388.8,21.0,21.0,21.0,21.0,28.548183,0,933750
2026-08-20 10:55:00,ATM+2,PE,410.0,389.2,21.0,22.15,21.0,22.15,44.562507,1875,933750
2026-08-20 11:00:00,ATM+2,PE,410.0,388.75,22.15,22.15,22.15,22.15,41.307275,0,933750
2026-08-20 11:05:00,ATM+2,PE,410.0,390.5,22.15,22.15,21.1,21.1,44.656145,22500,931875
2026-08-20 11:10:00,ATM+2,PE,410.0,390.4,21.1,21.1,21.1,21.1,44.032396,0,931875
2026-08-20 11:15:00,ATM+2,PE,410.0,389.65,21.1,21.1,21.1,21.1,38.701697,0,931875
2026-08-20 11:20:00,ATM+2,PE,410.0,389.5,21.1,21.1,21.1,21.1,37.475316,0,931875
2026-08-20 11:25:00,ATM+2,PE,410.0,389.5,21.1,21.1,21.1,21.1,37.484542,0,920625
2026-08-20 11:30:00,ATM+2,PE,410.0,389.75,21.1,21.1,21.1,21.1,39.517657,0,920625
2026-08-20 11:35:00,ATM+2,PE,410.0,389.4,21.1,21.1,21.1,21.1,36.632848,0,920625
2026-08-20 11:40:00,ATM+2,PE,410.0,389.3,21.1,21.1,21.1,21.1,35.728697,0,920625
2026-08-20 11:45:00,ATM+2,PE,410.0,389.2,21.1,21.1,21.1,21.1,34.773874,0,920625
2026-08-20 11:50:00,ATM+2,PE,410.0,389.2,21.1,22.75,21.1,22.75,49.477289,3750,918750
2026-08-20 11:55:00,ATM+2,PE,410.0,389.5,22.75,22.75,22.55,22.55,49.783476,7500,918750
2026-08-20 12:00:00,ATM+2,PE,410.0,389.35,22.55,22.55,22.55,22.55,48.889164,0,918750
2026-08-20 12:05:00,ATM+2,PE,410.0,389.0,22.55,22.55,22.55,22.55,46.675544,0,918750
2026-08-20 12:10:00,ATM+2,PE,410.0,389.45,22.55,22.55,22.55,22.55,49.526343,0,918750
2026-08-20 12:15:00,ATM+2,PE,410.0,389.9,22.55,22.55,22.55,22.55,52.15625,0,915000
2026-08-20 12:20:00,ATM+2,PE,410.0,389.4,22.55,22.55,22.55,22.55,49.251639,9375,915000
2026-08-20 12:25:00,ATM+2,PE,410.0,389.2,22.55,22.55,22.55,22.55,48.02279,0,915000
2026-08-20 12:30:00,ATM+2,PE,410.0,389.2,22.55,22.95,22.55,22.95,51.111325,1875,911250
2026-08-20 12:35:00,ATM+2,PE,410.0,389.0,22.95,22.95,22.95,22.95,49.917185,0,911250
2026-08-20 12:40:00,ATM+2,PE,410.0,388.65,22.95,23.4,22.95,23.4,51.246604,3750,907500
2026-08-20 12:45:00,ATM+2,PE,410.0,388.8,23.4,23.4,23.4,23.4,52.165624,0,907500
2026-08-20 12:50:00,ATM+2,PE,410.0,388.0,23.4,23.4,23.4,23.4,47.04015,0,907500
2026-08-20 12:55:00,ATM+2,PE,410.0,387.7,24.05,24.25,23.4,24.25,51.991411,5625,905625
2026-08-20 13:00:00,ATM+2,PE,410.0,387.6,24.25,24.25,24.25,24.25,51.366992,3750,903750
2026-08-20 13:05:00,ATM+2,PE,410.0,387.65,24.25,24.25,24.25,24.25,51.703343,0,903750
2026-08-20 13:10:00,ATM+2,PE,410.0,387.8,24.25,24.25,24.25,24.25,52.66514,0,903750
2026-08-20 13:15:00,ATM+2,PE,410.0,388.15,24.25,24.25,23.95,23.95,52.520459,3750,903750
2026-08-20 13:20:00,ATM+2,PE,410.0,388.05,23.95,23.95,23.95,23.95,51.916579,0,903750
2026-08-20 13:25:00,ATM+2,PE,410.0,387.65,23.95,23.95,23.95,23.95,49.331329,0,903750
2026-08-20 13:30:00,ATM+2,PE,410.0,387.65,23.95,23.95,23.95,23.95,49.345479,0,905625
2026-08-20 13:35:00,ATM+2,PE,410.0,387.4,23.95,23.95,23.95,23.95,47.614815,0,905625
2026-08-20 13:40:00,ATM+2,PE,410.0,387.2,23.95,24.8,23.95,24.8,53.29909,7500,905625
2026-08-20 13:45:00,ATM+2,PE,410.0,387.05,24.8,24.8,24.8,24.8,52.345752,0,905625
2026-08-20 13:50:00,ATM+2,PE,410.0,386.75,24.8,24.8,24.8,24.8,50.331933,0,905625
2026-08-20 13:55:00,ATM+2,PE,410.0,387.05,24.8,24.8,24.8,24.8,52.376387,0,903750
2026-08-20 14:00:00,ATM+2,PE,410.0,387.35,24.8,24.8,24.8,24.8,54.305801,0,903750
2026-08-20 14:05:00,ATM+2,PE,410.0,387.45,24.8,24.8,24.8,24.8,54.937895,0,903750
2026-08-20 14:10:00,ATM+2,PE,410.0,387.1,24.8,24.8,24.8,24.8,52.749215,5625,901875
2026-08-20 14:15:00,ATM+2,PE,410.0,387.55,24.8,24.8,24.8,24.8,55.577055,0,901875
2026-08-20 14:20:00,ATM+2,PE,410.0,387.4,24.8,24.8,24.8,24.8,54.680149,0,901875
2026-08-20 14:25:00,ATM+2,PE,410.0,387.7,24.8,24.8,24.8,24.8,56.502835,0,901875
2026-08-20 14:30:00,ATM+2,PE,410.0,387.15,24.8,24.8,24.8,24.8,53.13561,0,901875
2026-08-20 14:35:00,ATM+2,PE,410.0,387.05,24.8,24.8,24.8,24.8,52.499543,0,901875
2026-08-20 14:40:00,ATM+2,PE,410.0,387.15,24.8,24.8,24.8,24.8,53.167076,0,901875
2026-08-20 14:45:00,ATM+2,PE,410.0,387.1,24.8,24.8,24.8,24.8,52.858238,0,901875
2026-08-20 14:50:00,ATM+2,PE,410.0,387.0,24.8,24.8,24.8,24.8,52.214902,0,901875
2026-08-20 14:55:00,ATM+2,PE,410.0,387.0,24.85,24.85,24.8,24.85,52.63847,3750,901875
2026-08-20 15:00:00,ATM+2,PE,410.0,386.35,24.85,25.45,24.85,25.45,53.240381,7500,896250
2026-08-20 15:05:00,ATM+2,PE,410.0,385.9,25.7,25.7,25.45,25.7,52.252473,1875,896250
2026-08-20 15:10:00,ATM+2,PE,410.0,385.6,25.7,25.7,25.7,25.7,50.066122,0,896250
2026-08-20 15:15:00,ATM+2,PE,410.0,385.6,25.7,25.7,25.7,25.7,50.080443,0,896250
2026-08-20 15:20:00,ATM+2,PE,410.0,385.6,25.7,25.7,25.7,25.7,50.094774,0,896250
2026-08-20 15:25:00,ATM+2,PE,410.0,385.6,25.7,25.7,25.7,25.7,50.109127,0,896250
2026-08-20 15:30:00,ATM+2,PE,410.0,385.6,25.7,25.7,25.7,25.7,50.123483,0,896250
2026-08-20 15:35:00,ATM+2,PE,410.0,385.6,25.7,25.7,25.7,25.7,50.13786,0,896250
2026-08-21 09:15:00,ATM+2,PE,410.0,390.05,25.0,25.0,24.5,24.5,72.020403,9375,896250
2026-08-21 09:20:00,ATM+2,PE,410.0,388.4,24.5,24.5,24.5,24.5,62.904783,0,896250
2026-08-21 09:25:00,ATM+2,PE,410.0,391.9,24.5,24.5,20.0,20.0,48.730725,3750,886875
2026-08-21 09:30:00,ATM+2,PE,410.0,391.05,20.0,20.0,20.0,20.0,42.650215,3750,885000
2026-08-21 09:35:00,ATM+2,PE,410.0,391.5,20.0,20.0,19.7,19.7,43.360576,20625,881250
2026-08-21 09:40:00,ATM+2,PE,410.0,392.8,19.7,19.75,19.0,19.0,46.413693,5625,894375
2026-08-21 09:45:00,ATM+2,PE,410.0,391.4,19.0,19.3,19.0,19.3,38.651426,3750,892500
2026-08-21 09:50:00,ATM+2,PE,410.0,392.9,19.3,19.3,18.25,18.25,40.694526,22500,879375
2026-08-21 09:55:00,ATM+2,PE,410.0,394.0,18.25,18.25,17.5,17.5,41.932019,18750,870000
2026-08-21 10:00:00,ATM+2,PE,410.0,392.35,18.2,19.1,17.5,19.1,44.285211,18750,870000
2026-08-21 10:05:00,ATM+2,PE,410.0,392.45,19.1,19.1,18.75,18.75,41.917038,30000,853125
2026-08-21 10:10:00,ATM+2,PE,410.0,392.3,18.75,18.75,18.75,18.75,40.787692,0,853125
2026-08-21 10:15:00,ATM+2,PE,410.0,392.5,18.75,18.75,18.75,18.75,42.315988,0,853125
2026-08-21 10:20:00,ATM+2,PE,410.0,391.6,18.75,19.4,18.75,19.4,41.445737,1875,851250
2026-08-21 10:25:00,ATM+2,PE,410.0,394.15,19.4,19.4,17.95,17.95,46.590921,18750,853125
2026-08-21 10:30:00,ATM+2,PE,410.0,393.25,17.85,17.95,17.15,17.15,32.763228,13125,847500
2026-08-21 10:35:00,ATM+2,PE,410.0,394.0,17.15,17.15,17.15,17.15,39.030056,0,847500
2026-08-21 10:40:00,ATM+2,PE,410.0,393.1,17.15,18.45,17.15,18.45,44.01023,3750,847500
2026-08-21 10:45:00,ATM+2,PE,410.0,392.8,18.45,18.85,18.45,18.85,45.379647,1875,845625
2026-08-21 10:50:00,ATM+2,PE,410.0,392.45,18.85,18.95,18.85,18.95,43.835479,1875,843750
2026-08-21 10:55:00,ATM+2,PE,410.0,392.55,18.95,18.95,18.95,18.95,44.555705,0,843750
2026-08-21 11:00:00,ATM+2,PE,410.0,392.4,18.95,18.95,18.95,18.95,43.506842,0,843750
2026-08-21 11:05:00,ATM+2,PE,410.0,392.65,18.95,18.95,18.95,18.95,45.276122,0,843750
2026-08-21 11:10:00,ATM+2,PE,410.0,392.55,18.95,18.95,18.95,18.95,44.602852,0,843750
2026-08-21 11:15:00,ATM+2,PE,410.0,392.1,18.95,18.95,18.95,18.95,41.286072,0,843750
2026-08-21 11:20:00,ATM+2,PE,410.0,392.65,18.95,18.95,18.95,18.95,45.324429,0,843750
2026-08-21 11:25:00,ATM+2,PE,410.0,392.25,18.95,19.65,18.95,19.65,48.544419,9375,843750
2026-08-21 11:30:00,ATM+2,PE,410.0,392.3,19.65,19.65,19.65,19.65,48.886691,0,843750
2026-08-21 11:35:00,ATM+2,PE,410.0,391.95,19.65,19.65,19.45,19.45,44.804847,1875,847500
2026-08-21 11:40:00,ATM+2,PE,410.0,392.45,19.45,19.45,19.45,19.45,48.248868,0,847500
2026-08-21 11:45:00,ATM+2,PE,410.0,392.7,19.45,19.45,19.15,19.15,47.418136,5625,847500
2026-08-21 11:50:00,ATM+2,PE,410.0,392.35,19.15,19.65,19.15,19.65,49.280236,1875,847500
2026-08-21 11:55:00,ATM+2,PE,410.0,392.2,19.65,19.65,19.65,19.65,48.321825,0,847500
2026-08-21 12:00:00,ATM+2,PE,410.0,392.25,19.65,19.8,19.65,19.8,49.900775,1875,845625
2026-08-21 12:05:00,ATM+2,PE,410.0,392.4,19.8,19.8,19.8,19.8,50.86457,0,845625
2026-08-21 12:10:00,ATM+2,PE,410.0,392.25,19.8,20.0,19.8,20.0,51.552163,3750,843750
2026-08-21 12:15:00,ATM+2,PE,410.0,392.25,19.65,20.0,19.65,19.9,50.767703,7500,836250
2026-08-21 12:20:00,ATM+2,PE,410.0,392.6,19.9,19.9,19.9,19.9,52.9281,0,836250
2026-08-21 12:25:00,ATM+2,PE,410.0,392.4,19.9,19.9,19.9,19.9,51.738587,0,836250
2026-08-21 12:30:00,ATM+2,PE,410.0,392.5,19.9,19.9,19.9,19.9,52.367635,0,836250
2026-08-21 12:35:00,ATM+2,PE,410.0,392.45,19.9,19.9,19.9,19.9,52.083468,0,836250
2026-08-21 12:40:00,ATM+2,PE,410.0,392.6,19.9,19.9,19.9,19.9,53.00769,0,836250
2026-08-21 12:45:00,ATM+2,PE,410.0,393.55,19.9,19.9,19.0,19.0,51.661152,3750,834375
2026-08-21 12:50:00,ATM+2,PE,410.0,393.5,19.0,19.0,19.0,19.0,51.389609,0,830625
2026-08-21 12:55:00,ATM+2,PE,410.0,393.45,19.0,19.0,19.0,19.0,51.115607,0,830625
2026-08-21 13:00:00,ATM+2,PE,410.0,393.85,19.0,19.0,19.0,19.0,53.424256,0,830625
2026-08-21 13:05:00,ATM+2,PE,410.0,394.25,19.0,19.0,18.3,18.3,50.434139,3750,828750
2026-08-21 13:10:00,ATM+2,PE,420.0,395.45,18.05,29.35,17.5,26.5,59.623935,15000,1665000
2026-08-21 13:15:00,ATM+2,PE,420.0,396.8,26.5,26.5,25.5,25.5,60.43815,1875,1663125
2026-08-21 13:20:00,ATM+2,PE,420.0,396.2,25.5,25.65,25.5,25.65,57.533507,11250,1663125
2026-08-21 13:25:00,ATM+2,PE,420.0,396.5,25.65,25.65,25.65,25.65,59.707217,0,1663125
2026-08-21 13:30:00,ATM+2,PE,420.0,396.2,25.65,25.65,25.65,25.65,57.576355,0,1663125
2026-08-21 13:35:00,ATM+2,PE,420.0,396.15,25.65,25.65,25.65,25.65,57.226062,0,1663125
2026-08-21 13:40:00,ATM+2,PE,420.0,396.7,25.65,25.65,25.65,25.65,61.147311,0,1663125
2026-08-21 13:45:00,ATM+2,PE,420.0,396.5,25.65,25.65,25.0,25.0,53.911395,1875,1663125
2026-08-21 13:50:00,ATM+2,PE,420.0,396.5,25.0,25.0,25.0,25.0,53.931158,0,1663125
2026-08-21 13:55:00,ATM+2,PE,420.0,396.6,25.0,25.5,25.0,25.5,59.239316,7500,1657500
2026-08-21 14:00:00,ATM+2,PE,420.0,396.9,25.5,25.5,25.0,25.0,56.998086,5625,1651875
2026-08-21 14:05:00,ATM+2,PE,420.0,396.3,25.0,25.0,25.0,25.0,52.363546,0,1651875
2026-08-21 14:10:00,ATM+2,PE,420.0,396.95,25.0,25.0,25.0,25.0,57.401813,0,1651875
2026-08-21 14:15:00,ATM+2,PE,420.0,396.9,24.35,25.0,24.35,25.0,57.062367,18750,1642500
2026-08-21 14:20:00,ATM+2,PE,420.0,397.0,24.75,25.0,24.75,25.0,57.802846,22500,1614375
2026-08-21 14:25:00,ATM+2,PE,420.0,396.8,25.0,25.0,25.0,25.0,56.371366,0,1614375
2026-08-21 14:30:00,ATM+2,PE,420.0,396.55,25.0,25.0,25.0,25.0,54.485195,0,1614375
2026-08-21 14:35:00,ATM+2,PE,420.0,396.6,25.0,25.0,24.95,24.95,54.424887,5625,1608750
2026-08-21 14:40:00,ATM+2,PE,420.0,396.65,24.95,24.95,24.85,24.85,53.889725,3750,1606875
2026-08-21 14:45:00,ATM+2,PE,420.0,396.55,24.85,24.95,24.7,24.9,53.590179,11250,1599375
2026-08-21 14:50:00,ATM+2,PE,420.0,396.65,24.9,24.9,24.9,24.9,54.404945,0,1599375
2026-08-21 14:55:00,ATM+2,PE,420.0,396.25,24.9,24.9,24.9,24.9,51.112382,0,1599375
2026-08-21 15:00:00,ATM+2,PE,420.0,396.3,24.9,25.65,24.9,25.65,58.705665,9375,1593750
2026-08-21 15:05:00,ATM+2,PE,420.0,396.45,25.65,25.65,25.65,25.65,59.809491,0,1593750
2026-08-21 15:10:00,ATM+2,PE,420.0,396.3,25.65,25.65,24.6,25.2,54.572169,9375,1584375
2026-08-21 15:15:00,ATM+2,PE,420.0,396.3,25.2,25.2,25.2,25.2,54.592521,0,1584375
2026-08-21 15:20:00,ATM+2,PE,420.0,396.3,25.2,25.2,25.2,25.2,54.61289,0,1584375
2026-08-21 15:25:00,ATM+2,PE,410.0,394.45,25.2,25.2,15.75,16.3,35.280648,1875,731250
2026-08-21 15:30:00,ATM+2,PE,410.0,394.45,15.9,16.3,15.75,15.75,29.190251,9375,725625
2026-08-21 15:35:00,ATM+2,PE,410.0,394.45,15.75,15.75,15.75,15.75,29.198506,0,725625
2026-08-24 09:15:00,ATM+2,PE,420.0,400.1,25.05,25.05,18.5,20.75,69.765,3750,1575000
2026-08-24 09:20:00,ATM+2,PE,420.0,399.0,20.75,21.85,20.75,20.9,39.253855,9375,1575000
2026-08-24 09:25:00,ATM+2,PE,420.0,399.45,20.9,22.05,20.9,22.05,83.94912,1875,1567500
2026-08-24 09:30:00,ATM+2,PE,420.0,398.2,22.05,22.05,22.05,22.05,59.300044,0,1567500
2026-08-24 09:35:00,ATM+2,PE,420.0,398.3,22.05,23.15,22.05,23.15,86.511621,1875,1565625
2026-08-24 09:40:00,ATM+2,PE,420.0,399.6,20.85,23.15,20.85,21.35,73.57484,33750,1563750
2026-08-24 09:45:00,ATM+2,PE,420.0,400.55,21.35,21.35,19.8,20.05,63.650949,20625,1560000
2026-08-24 09:50:00,ATM+2,PE,420.0,399.0,20.05,21.5,20.05,21.5,65.050271,3750,1560000
2026-08-24 09:55:00,ATM+2,PE,420.0,399.85,20.55,21.5,20.55,20.55,60.438364,5625,1558125
2026-08-24 10:00:00,ATM+2,PE,420.0,399.25,20.55,20.55,20.55,20.55,0.0,0,1558125
2026-08-24 10:05:00,ATM+2,PE,420.0,399.8,20.55,20.55,20.55,20.55,59.289536,0,1558125
2026-08-24 10:10:00,ATM+2,PE,420.0,399.8,20.55,20.55,20.55,20.55,59.362735,0,1558125
2026-08-24 10:15:00,ATM+2,PE,420.0,400.45,20.45,20.55,20.45,20.45,70.974659,5625,1560000
2026-08-24 10:20:00,ATM+2,PE,420.0,400.7,20.45,20.45,20.45,20.45,75.301851,0,1560000
2026-08-24 10:25:00,ATM+2,PE,420.0,400.7,20.45,20.45,20.45,20.45,75.402868,0,1560000
2026-08-24 10:30:00,ATM+2,PE,420.0,400.75,20.45,20.45,20.45,20.45,76.302392,0,1560000
2026-08-24 10:35:00,ATM+2,PE,420.0,400.45,19.8,20.6,19.8,20.6,74.368291,15000,1561875
2026-08-24 10:40:00,ATM+2,PE,420.0,401.1,19.7,20.6,19.1,19.1,52.112349,22500,1558125
2026-08-24 10:45:00,ATM+2,PE,420.0,402.3,19.6,19.65,19.0,19.0,74.04228,15000,1561875
2026-08-24 10:50:00,ATM+2,PE,420.0,402.25,19.0,19.0,18.85,18.85,70.658076,7500,1567500
2026-08-24 10:55:00,ATM+2,PE,420.0,401.25,18.85,18.85,18.85,18.85,48.231527,0,1567500
2026-08-24 11:00:00,ATM+2,PE,420.0,401.65,18.85,19.65,18.85,19.65,76.212354,1875,1567500
2026-08-24 11:05:00,ATM+2,PE,420.0,402.05,19.65,19.65,19.65,19.65,82.004922,0,1567500
2026-08-24 11:10:00,ATM+2,PE,420.0,401.4,19.65,19.65,19.25,19.25,64.074649,9375,1567500
2026-08-24 11:15:00,ATM+2,PE,420.0,401.45,19.25,19.25,19.25,19.25,65.162785,0,1565625
2026-08-24 11:20:00,ATM+2,PE,420.0,401.35,19.2,19.55,19.2,19.55,69.797181,13125,1560000
2026-08-24 11:25:00,ATM+2,PE,420.0,401.35,19.55,19.55,19.55,19.55,69.893152,0,1560000
2026-08-24 11:30:00,ATM+2,PE,420.0,400.7,19.45,20.0,19.45,20.0,67.386406,9375,1565625
2026-08-24 11:35:00,ATM+2,PE,420.0,400.65,20.0,20.25,20.0,20.15,69.845537,3750,1565625
2026-08-24 11:40:00,ATM+2,PE,420.0,401.15,20.15,20.15,20.15,20.15,78.512646,0,1565625
2026-08-24 11:45:00,ATM+2,PE,420.0,402.0,19.1,20.15,19.0,19.0,70.509595,11250,1560000
2026-08-24 11:50:00,ATM+2,PE,420.0,401.15,19.0,19.0,19.0,19.0,51.071371,0,1560000
2026-08-24 11:55:00,ATM+2,PE,420.0,401.1,19.0,19.8,19.0,19.8,71.161376,9375,1560000
2026-08-24 12:00:00,ATM+2,PE,420.0,401.6,19.75,19.8,19.6,19.6,75.796842,3750,1554375
2026-08-24 12:05:00,ATM+2,PE,420.0,401.4,19.6,19.6,19.2,19.2,63.85822,3750,1552500
2026-08-24 12:10:00,ATM+2,PE,420.0,403.3,19.2,19.2,18.15,18.5,81.308123,13125,1556250
2026-08-24 12:15:00,ATM+2,PE,420.0,402.9,17.9,18.5,17.9,17.9,64.533217,3750,1556250
2026-08-24 12:20:00,ATM+2,PE,420.0,403.0,17.9,18.0,17.85,18.0,68.389049,3750,1558125
2026-08-24 12:25:00,ATM+2,PE,420.0,402.85,17.5,18.0,17.5,17.5,54.065128,1875,1560000
2026-08-24 12:30:00,ATM+2,PE,420.0,402.75,17.5,17.5,17.5,17.5,51.396294,0,1560000
2026-08-24 12:35:00,ATM+2,PE,420.0,403.5,17.5,17.5,17.5,17.5,67.258939,0,1560000
2026-08-24 12:40:00,ATM+2,PE,420.0,403.65,17.5,17.5,17.5,17.5,69.757483,0,1560000
2026-08-24 12:45:00,ATM+2,PE,420.0,404.4,17.5,17.5,17.0,17.0,72.056213,3750,1560000
2026-08-24 12:50:00,ATM+2,PE,420.0,404.65,17.0,17.0,16.1,16.1,59.293046,22500,1545000
2026-08-24 12:55:00,ATM+2,PE,420.0,404.9,16.1,16.1,16.0,16.0,61.690136,15000,1548750
2026-08-24 13:00:00,ATM+2,PE,420.0,404.35,16.0,16.65,16.0,16.65,65.295212,11250,1552500
2026-08-24 13:05:00,ATM+2,PE,420.0,404.4,16.65,16.65,16.6,16.6,65.246073,1875,1546875
2026-08-24 13:10:00,ATM+2,PE,420.0,403.75,16.6,16.8,16.45,16.45,47.931804,15000,1552500
2026-08-24 13:15:00,ATM+2,PE,420.0,403.8,16.45,17.25,16.45,17.25,68.148391,3750,1554375
2026-08-24 13:20:00,ATM+2,PE,420.0,403.25,17.25,17.75,17.25,17.75,68.875504,9375,1548750
2026-08-24 13:25:00,ATM+2,PE,420.0,403.25,17.65,17.85,17.65,17.75,68.978279,16875,1541250
2026-08-24 13:30:00,ATM+2,PE,420.0,402.55,17.75,18.15,17.75,17.9,58.56936,28125,1526250
2026-08-24 13:35:00,ATM+2,PE,420.0,402.55,17.9,18.15,17.9,18.05,62.451002,5625,1530000
2026-08-24 13:40:00,ATM+2,PE,420.0,402.7,18.05,18.3,18.05,18.2,68.834542,15000,1526250
2026-08-24 13:45:00,ATM+2,PE,420.0,404.0,18.2,18.2,16.85,16.85,64.189061,15000,1526250
2026-08-24 13:50:00,ATM+2,PE,420.0,403.2,17.2,17.2,16.85,17.2,55.878938,3750,1526250
2026-08-24 13:55:00,ATM+2,PE,420.0,403.5,17.2,17.2,17.2,17.2,62.559701,0,1526250
2026-08-24 14:00:00,ATM+2,PE,420.0,403.65,17.2,17.2,16.65,16.65,52.025948,5625,1524375
2026-08-24 14:05:00,ATM+2,PE,420.0,403.95,17.15,17.15,16.35,16.35,51.352017,5625,1520625
2026-08-24 14:10:00,ATM+2,PE,420.0,403.6,16.35,17.5,16.35,17.2,64.762509,7500,1522500
2026-08-24 14:15:00,ATM+2,PE,420.0,402.85,17.2,18.1,17.2,18.1,70.18282,15000,1530000
2026-08-24 14:20:00,ATM+2,PE,420.0,402.75,18.1,18.1,18.1,18.1,68.465895,0,1530000
2026-08-24 14:25:00,ATM+2,PE,420.0,402.65,18.0,18.45,18.0,18.45,74.034879,3750,1528125
2026-08-24 14:30:00,ATM+2,PE,420.0,402.7,18.65,18.65,18.45,18.6,77.868337,3750,1526250
2026-08-24 14:35:00,ATM+2,PE,420.0,402.3,18.6,18.6,18.0,18.0,55.927629,1875,1524375
2026-08-24 14:40:00,ATM+2,PE,420.0,402.5,18.0,18.0,18.0,18.0,61.262432,0,1524375
2026-08-24 14:45:00,ATM+2,PE,420.0,402.5,18.0,18.0,18.0,18.0,61.35558,0,1524375
2026-08-24 14:50:00,ATM+2,PE,420.0,401.95,18.0,18.8,18.0,18.8,69.138294,11250,1515000
2026-08-24 14:55:00,ATM+2,PE,420.0,402.25,18.8,18.8,18.3,18.35,64.796172,9375,1515000
2026-08-24 15:00:00,ATM+2,PE,420.0,401.75,19.0,19.0,18.35,19.0,69.92031,3750,1513125
2026-08-24 15:05:00,ATM+2,PE,420.0,400.9,19.0,19.4,19.0,19.4,59.929288,3750,1513125
2026-08-24 15:10:00,ATM+2,PE,420.0,400.5,19.4,19.4,19.4,19.4,36.193939,0,1513125
2026-08-24 15:15:00,ATM+2,PE,420.0,400.5,19.4,19.4,19.4,19.4,36.156985,0,1515000
2026-08-24 15:20:00,ATM+2,PE,420.0,400.5,20.45,20.45,19.4,20.45,78.556366,13125,1507500
2026-08-24 15:25:00,ATM+2,PE,420.0,403.3,20.45,20.45,20.45,20.45,116.64237,0,1507500
2026-08-24 15:30:00,ATM+2,PE,420.0,403.3,20.15,20.45,20.0,20.0,110.262118,5625,1503750
2026-08-24 15:35:00,ATM+2,PE,420.0,403.3,20.0,20.5,20.0,20.4,116.31423,5625,1501875
2026-08-25 09:25:00,ATM+2,PE,420.0,397.55,20.1,22.8,20.1,22.35,0.0,35625,1468125
2026-08-25 09:30:00,ATM+2,PE,420.0,398.3,22.35,22.35,22.0,22.0,0.0,7500,1464375
2026-08-25 09:35:00,ATM+2,PE,420.0,397.1,22.0,22.0,22.0,22.0,0.0,0,1464375
2026-08-25 09:40:00,ATM+2,PE,420.0,397.95,22.0,23.6,22.0,23.6,0.0,5625,1462500
2026-08-25 09:45:00,ATM+2,PE,420.0,397.2,23.6,23.6,23.15,23.15,0.0,1875,1458750
2026-08-25 09:50:00,ATM+2,PE,420.0,397.2,23.15,23.15,23.15,23.15,0.0,0,1458750
2026-08-25 09:55:00,ATM+2,PE,420.0,396.7,23.15,23.15,23.15,23.15,0.0,0,1458750
2026-08-25 10:00:00,ATM+2,PE,420.0,396.7,23.15,23.15,23.15,23.15,0.0,0,1451250
2026-08-25 10:05:00,ATM+2,PE,420.0,396.5,23.15,23.15,23.15,23.15,0.0,0,1451250
2026-08-25 10:10:00,ATM+2,PE,420.0,396.2,23.15,23.15,23.15,23.15,0.0,0,1451250
2026-08-25 10:15:00,ATM+2,PE,420.0,396.0,23.15,23.15,23.15,23.15,0.0,0,1451250
2026-08-25 10:20:00,ATM+2,PE,410.0,394.7,23.15,23.15,15.5,15.5,97.187698,0,618750
2026-08-25 10:25:00,ATM+2,PE,410.0,394.9,15.5,23.15,15.5,15.5,112.165678,0,618750
2026-08-25 10:30:00,ATM+2,PE,410.0,394.5,15.5,15.5,15.5,15.5,69.140636,0,618750
2026-08-25 10:35:00,ATM+2,PE,410.0,394.15,15.5,15.5,15.5,15.5,0.0,0,618750
2026-08-25 10:40:00,ATM+2,PE,410.0,393.15,15.5,17.5,15.5,17.5,141.069007,1875,613125
2026-08-25 10:45:00,ATM+2,PE,410.0,393.4,18.1,18.25,17.5,18.25,0.0,3750,609375
2026-08-25 10:50:00,ATM+2,PE,410.0,392.95,18.25,18.25,18.25,18.25,0.0,0,609375
2026-08-25 10:55:00,ATM+2,PE,410.0,393.3,18.25,18.25,18.25,18.25,0.0,0,609375
2026-08-25 11:00:00,ATM+2,PE,410.0,393.0,18.25,18.25,18.25,18.25,0.0,0,609375
2026-08-25 11:05:00,ATM+2,PE,410.0,393.5,18.25,18.25,17.25,17.25,0.0,1875,607500
2026-08-25 11:10:00,ATM+2,PE,410.0,392.95,17.25,17.85,17.25,17.85,0.0,5625,603750
2026-08-25 11:15:00,ATM+2,PE,410.0,392.5,17.85,17.85,17.85,17.85,0.0,0,603750
2026-08-25 11:20:00,ATM+2,PE,410.0,392.4,17.85,17.85,17.85,17.85,0.0,0,603750
2026-08-25 11:25:00,ATM+2,PE,410.0,392.75,17.85,17.85,17.85,17.85,0.0,0,601875
2026-08-25 11:30:00,ATM+2,PE,410.0,392.8,17.85,17.9,17.85,17.9,0.0,3750,601875
2026-08-25 11:35:00,ATM+2,PE,410.0,393.2,17.9,18.0,17.9,18.0,0.0,1875,600000
2026-08-25 11:40:00,ATM+2,PE,410.0,393.1,18.0,18.0,18.0,18.0,0.0,0,600000
2026-08-25 11:45:00,ATM+2,PE,410.0,393.25,18.0,18.0,17.95,17.95,0.0,1875,600000
2026-08-25 11:50:00,ATM+2,PE,410.0,392.65,17.95,17.95,17.95,17.95,0.0,0,600000
2026-08-25 11:55:00,ATM+2,PE,410.0,393.25,17.95,17.95,17.95,17.95,0.0,0,600000
2026-08-25 12:00:00,ATM+2,PE,410.0,393.65,17.95,17.95,17.05,17.05,0.0,1875,600000
2026-08-25 12:05:00,ATM+2,PE,420.0,395.6,17.05,26.4,17.05,26.4,0.0,0,1430625
2026-08-25 12:10:00,ATM+2,PE,420.0,395.95,26.4,26.4,26.4,26.4,0.0,0,1430625
2026-08-25 12:15:00,ATM+2,PE,420.0,396.75,26.4,26.4,26.4,26.4,0.0,0,1430625
2026-08-25 12:20:00,ATM+2,PE,420.0,396.15,26.4,26.4,23.5,23.5,0.0,20625,1428750
2026-08-25 12:25:00,ATM+2,PE,420.0,395.9,23.5,23.5,23.5,23.5,0.0,0,1428750
2026-08-25 12:30:00,ATM+2,PE,420.0,395.65,23.5,23.5,23.5,23.5,0.0,0,1428750
2026-08-25 12:35:00,ATM+2,PE,420.0,395.55,23.5,23.5,23.5,23.5,0.0,0,1428750
2026-08-25 12:40:00,ATM+2,PE,420.0,395.05,23.5,23.5,23.5,23.5,0.0,0,1428750
2026-08-25 12:45:00,ATM+2,PE,410.0,394.8,15.5,15.5,14.4,15.5,0.0,1875,594375
2026-08-25 12:50:00,ATM+2,PE,410.0,394.8,15.5,15.5,15.5,15.5,0.0,0,594375
2026-08-25 12:55:00,ATM+2,PE,420.0,395.05,15.5,26.05,15.5,24.7,0.0,16875,1410000
2026-08-25 13:00:00,ATM+2,PE,410.0,394.3,24.7,24.7,15.5,15.5,0.0,0,594375
2026-08-25 13:05:00,ATM+2,PE,410.0,393.95,15.5,16.05,15.5,16.05,0.0,1875,594375
2026-08-25 13:10:00,ATM+2,PE,410.0,394.0,16.05,16.05,16.05,16.05,0.0,0,594375
2026-08-25 13:15:00,ATM+2,PE,410.0,394.9,16.05,16.05,16.0,16.0,0.0,11250,590625
2026-08-25 13:20:00,ATM+2,PE,410.0,393.85,16.0,16.0,16.0,16.0,0.0,39375,590625
2026-08-25 13:25:00,ATM+2,PE,410.0,394.1,16.0,16.0,16.0,16.0,0.0,0,590625
2026-08-25 13:30:00,ATM+2,PE,410.0,394.6,16.0,16.0,16.0,16.0,0.0,11250,590625
2026-08-25 13:35:00,ATM+2,PE,410.0,394.5,16.0,16.0,16.0,16.0,0.0,0,590625
2026-08-25 13:40:00,ATM+2,PE,410.0,394.4,16.0,16.0,16.0,16.0,0.0,0,590625
2026-08-25 13:45:00,ATM+2,PE,410.0,394.2,16.0,16.0,16.0,16.0,0.0,0,590625
2026-08-25 13:50:00,ATM+2,PE,410.0,394.75,16.0,16.0,15.95,15.95,0.0,1875,586875
2026-08-25 13:55:00,ATM+2,PE,410.0,394.6,15.95,15.95,15.95,15.95,0.0,0,586875
2026-08-25 14:00:00,ATM+2,PE,410.0,394.3,15.95,15.95,15.95,15.95,0.0,0,586875
2026-08-25 14:05:00,ATM+2,PE,410.0,394.25,15.95,15.95,15.95,15.95,0.0,0,586875
2026-08-25 14:10:00,ATM+2,PE,410.0,393.75,15.95,15.95,15.95,15.95,0.0,0,585000
2026-08-25 14:15:00,ATM+2,PE,410.0,394.05,15.95,15.95,15.95,15.95,0.0,0,585000
2026-08-25 14:20:00,ATM+2,PE,410.0,393.75,15.95,15.95,15.95,15.95,0.0,0,585000
2026-08-25 14:25:00,ATM+2,PE,410.0,394.1,15.95,16.1,15.95,16.1,0.0,7500,585000
2026-08-25 14:30:00,ATM+2,PE,410.0,393.9,16.1,16.1,16.1,16.1,0.0,0,585000
2026-08-25 14:35:00,ATM+2,PE,410.0,394.3,16.1,16.1,16.1,16.1,0.0,0,585000
2026-08-25 14:40:00,ATM+2,PE,410.0,395.0,16.1,25.75,16.1,16.5,0.0,3750,585000
2026-08-25 14:45:00,ATM+2,PE,420.0,395.35,25.75,25.75,25.75,25.75,0.0,0,1393125
2026-08-25 14:50:00,ATM+2,PE,420.0,395.35,25.75,25.75,25.75,25.75,0.0,0,1393125
2026-08-25 14:55:00,ATM+2,PE,420.0,395.1,25.75,25.75,15.75,25.75,0.0,1875,1391250
2026-08-25 15:00:00,ATM+2,PE,410.0,394.95,15.75,16.2,15.75,16.2,0.0,1875,585000
2026-08-25 15:05:00,ATM+2,PE,410.0,395.0,16.2,25.75,16.2,16.2,0.0,0,585000
2026-08-25 15:10:00,ATM+2,PE,420.0,395.95,25.75,25.75,15.55,25.75,0.0,0,1387500
2026-08-25 15:15:00,ATM+2,PE,420.0,395.95,25.75,25.75,25.75,25.75,0.0,0,1387500
2026-08-25 15:20:00,ATM+2,PE,420.0,395.95,25.75,25.75,25.75,25.75,0.0,0,1387500
2026-08-25 15:25:00,ATM+2,PE,420.0,397.8,25.75,25.75,25.75,25.75,0.0,0,1385625
2026-08-25 15:30:00,ATM+2,PE,420.0,397.8,25.75,25.75,13.25,13.25,0.0,11250,1389375
2026-08-25 15:35:00,ATM+2,PE,420.0,397.8,13.25,13.25,13.25,13.25,0.0,0,1389375
2026-08-20 09:15:00,ATM+3,CE,420.0,393.45,0.8,1.1,0.7,0.85,40.196535,1505625,6980625
2026-08-20 09:20:00,ATM+3,CE,420.0,388.25,0.8,0.85,0.65,0.65,43.505936,515625,6935625
2026-08-20 09:25:00,ATM+3,CE,420.0,388.9,0.6,0.65,0.6,0.6,42.007321,436875,7121250
2026-08-20 09:30:00,ATM+3,CE,420.0,388.0,0.55,0.6,0.55,0.6,43.027926,273750,7239375
2026-08-20 09:35:00,ATM+3,CE,420.0,387.85,0.55,0.6,0.55,0.55,42.382858,71250,7218750
2026-08-20 09:40:00,ATM+3,CE,420.0,387.35,0.5,0.55,0.5,0.55,42.948517,33750,7218750
2026-08-20 09:45:00,ATM+3,CE,420.0,387.1,0.55,0.55,0.55,0.55,43.238668,43125,7222500
2026-08-20 09:50:00,ATM+3,CE,420.0,387.55,0.55,0.55,0.5,0.5,41.884246,7500,7226250
2026-08-20 09:55:00,ATM+3,CE,420.0,387.8,0.5,0.55,0.5,0.5,41.62643,16875,7216875
2026-08-20 10:00:00,ATM+3,CE,420.0,388.2,0.5,0.55,0.5,0.55,42.068428,161250,7207500
2026-08-20 10:05:00,ATM+3,CE,420.0,388.5,0.55,0.6,0.55,0.6,42.570499,20625,7205625
2026-08-20 10:10:00,ATM+3,CE,420.0,389.65,0.6,0.6,0.55,0.6,41.294161,91875,7141875
2026-08-20 10:15:00,ATM+3,CE,420.0,389.15,0.6,0.65,0.6,0.6,41.87011,45000,7153125
2026-08-20 10:20:00,ATM+3,CE,420.0,389.65,0.6,0.6,0.6,0.6,41.32244,52500,7158750
2026-08-20 10:25:00,ATM+3,CE,420.0,388.85,0.6,0.65,0.6,0.6,42.235822,206250,7170000
2026-08-20 10:30:00,ATM+3,CE,420.0,389.7,0.6,0.6,0.6,0.6,41.294509,73125,7170000
2026-08-20 10:35:00,ATM+3,CE,420.0,390.5,0.65,0.7,0.6,0.7,41.896634,281250,7256250
2026-08-20 10:40:00,ATM+3,CE,420.0,390.55,0.65,0.7,0.65,0.7,41.853236,86250,7248750
2026-08-20 10:45:00,ATM+3,CE,420.0,390.45,0.7,0.7,0.6,0.6,40.491334,39375,7209375
2026-08-20 10:50:00,ATM+3,CE,420.0,388.8,0.6,0.6,0.55,0.55,41.547055,24375,7203750
2026-08-20 10:55:00,ATM+3,CE,420.0,389.2,0.6,0.6,0.55,0.6,41.928875,16875,7209375
2026-08-20 11:00:00,ATM+3,CE,420.0,388.75,0.55,0.6,0.55,0.6,42.449998,41250,7203750
2026-08-20 11:05:00,ATM+3,CE,420.0,390.5,0.55,0.65,0.55,0.65,41.251182,131250,7306875
2026-08-20 11:10:00,ATM+3,CE,420.0,390.4,0.65,0.65,0.55,0.55,39.822754,84375,7284375
2026-08-20 11:15:00,ATM+3,CE,420.0,389.65,0.55,0.6,0.55,0.6,41.478993,7500,7280625
2026-08-20 11:20:00,ATM+3,CE,420.0,389.5,0.6,0.6,0.55,0.6,41.662642,13125,7280625
2026-08-20 11:25:00,ATM+3,CE,420.0,389.5,0.55,0.6,0.55,0.55,40.867874,1875,7282500
2026-08-20 11:30:00,ATM+3,CE,420.0,389.75,0.55,0.55,0.55,0.55,40.603262,1875,7282500
2026-08-20 11:35:00,ATM+3,CE,420.0,389.4,0.55,0.55,0.55,0.55,41.00763,31875,7263750
2026-08-20 11:40:00,ATM+3,CE,420.0,389.3,0.55,0.55,0.5,0.55,41.13333,7500,7256250
2026-08-20 11:45:00,ATM+3,CE,420.0,389.2,0.55,0.55,0.5,0.5,40.405207,5625,7250625
2026-08-20 11:50:00,ATM+3,CE,420.0,389.2,0.5,0.5,0.5,0.5,40.419215,0,7250625
2026-08-20 11:55:00,ATM+3,CE,420.0,389.5,0.55,0.55,0.5,0.55,40.952837,5625,7248750
2026-08-20 12:00:00,ATM+3,CE,420.0,389.35,0.55,0.55,0.55,0.55,41.134564,3750,7246875
2026-08-20 12:05:00,ATM+3,CE,420.0,389.0,0.55,0.55,0.55,0.55,41.539663,7500,7245000
2026-08-20 12:10:00,ATM+3,CE,420.0,389.45,0.55,0.55,0.55,0.55,41.051395,0,7245000
2026-08-20 12:15:00,ATM+3,CE,420.0,389.9,0.55,0.55,0.55,0.55,40.562367,5625,7239375
2026-08-20 12:20:00,ATM+3,CE,420.0,389.4,0.55,0.55,0.55,0.55,41.135862,9375,7235625
2026-08-20 12:25:00,ATM+3,CE,420.0,389.2,0.55,0.55,0.55,0.55,41.373846,0,7235625
2026-08-20 12:30:00,ATM+3,CE,420.0,389.2,0.55,0.55,0.55,0.55,41.38825,0,7235625
2026-08-20 12:35:00,ATM+3,CE,420.0,389.0,0.55,0.55,0.55,0.55,41.626431,0,7235625
2026-08-20 12:40:00,ATM+3,CE,420.0,388.65,0.55,0.55,0.5,0.5,41.166504,5625,7233750
2026-08-20 12:45:00,ATM+3,CE,420.0,388.8,0.5,0.5,0.5,0.5,41.01546,3750,7231875
2026-08-20 12:50:00,ATM+3,CE,420.0,388.0,0.5,0.5,0.5,0.5,41.911752,121875,7231875
2026-08-20 12:55:00,ATM+3,CE,420.0,387.7,0.5,0.5,0.45,0.45,41.327112,35625,7320000
2026-08-20 13:00:00,ATM+3,CE,420.0,387.6,0.45,0.45,0.45,0.45,41.450035,5625,7314375
2026-08-20 13:05:00,ATM+3,CE,420.0,387.65,0.5,0.5,0.45,0.5,42.341516,5625,7314375
2026-08-20 13:10:00,ATM+3,CE,420.0,387.8,0.5,0.5,0.45,0.45,41.261892,13125,7316250
2026-08-20 13:15:00,ATM+3,CE,420.0,388.15,0.45,0.5,0.45,0.45,40.896053,20625,7320000
2026-08-20 13:20:00,ATM+3,CE,420.0,388.05,0.45,0.45,0.45,0.45,41.019097,1875,7323750
2026-08-20 13:25:00,ATM+3,CE,420.0,387.65,0.45,0.45,0.45,0.45,41.468287,30000,7325625
2026-08-20 13:30:00,ATM+3,CE,420.0,387.65,0.45,0.45,0.45,0.45,41.482835,18750,7325625
2026-08-20 13:35:00,ATM+3,CE,420.0,387.4,0.45,0.5,0.45,0.5,42.706591,5625,7340625
2026-08-20 13:40:00,ATM+3,CE,420.0,387.2,0.5,0.5,0.45,0.45,42.001293,7500,7346250
2026-08-20 13:45:00,ATM+3,CE,420.0,387.05,0.45,0.45,0.45,0.45,42.179178,37500,7344375
2026-08-20 13:50:00,ATM+3,CE,420.0,386.75,0.45,0.45,0.45,0.45,42.52016,35625,7338750
2026-08-20 13:55:00,ATM+3,CE,420.0,387.05,0.45,0.45,0.4,0.45,42.208846,45000,7357500
2026-08-20 14:00:00,ATM+3,CE,420.0,387.35,0.45,0.45,0.45,0.45,41.897107,3750,7359375
2026-08-20 14:05:00,ATM+3,CE,420.0,387.45,0.45,0.45,0.4,0.4,40.806331,18750,7348125
2026-08-20 14:10:00,ATM+3,CE,420.0,387.1,0.4,0.45,0.4,0.4,41.195612,13125,7351875
2026-08-20 14:15:00,ATM+3,CE,420.0,387.55,0.4,0.4,0.4,0.4,40.727933,7500,7351875
2026-08-20 14:20:00,ATM+3,CE,420.0,387.4,0.45,0.45,0.4,0.4,40.903145,7500,7353750
2026-08-20 14:25:00,ATM+3,CE,420.0,387.7,0.4,0.4,0.4,0.4,40.595794,9375,7353750
2026-08-20 14:30:00,ATM+3,CE,420.0,387.15,0.4,0.4,0.4,0.4,41.200208,13125,7355625
2026-08-20 14:35:00,ATM+3,CE,420.0,387.05,0.4,0.45,0.4,0.45,42.328103,5625,7355625
2026-08-20 14:40:00,ATM+3,CE,420.0,387.15,0.45,0.45,0.4,0.4,41.229361,1875,7355625
2026-08-20 14:45:00,ATM+3,CE,420.0,387.1,0.4,0.4,0.4,0.4,41.297634,28125,7363125
2026-08-20 14:50:00,ATM+3,CE,420.0,387.0,0.4,0.45,0.4,0.45,42.42767,13125,7357500
2026-08-20 14:55:00,ATM+3,CE,420.0,387.0,0.45,0.45,0.4,0.45,42.44271,28125,7351875
2026-08-20 15:00:00,ATM+3,CE,420.0,386.35,0.45,0.45,0.4,0.4,42.147039,35625,7357500
2026-08-20 15:05:00,ATM+3,CE,420.0,385.9,0.4,0.45,0.4,0.45,43.674136,28125,7351875
2026-08-20 15:10:00,ATM+3,CE,420.0,385.6,0.4,0.45,0.4,0.4,42.982184,58125,7338750
2026-08-20 15:15:00,ATM+3,CE,420.0,385.6,0.4,0.4,0.4,0.4,42.997456,5625,7336875
2026-08-20 15:20:00,ATM+3,CE,420.0,385.6,0.4,0.4,0.4,0.4,43.012736,105000,7363125
2026-08-20 15:25:00,ATM+3,CE,420.0,385.6,0.4,0.4,0.35,0.35,41.917413,13125,7361250
2026-08-20 15:30:00,ATM+3,CE,420.0,385.6,0.35,0.4,0.35,0.4,43.043344,28125,7365000
2026-08-20 15:35:00,ATM+3,CE,420.0,385.6,0.4,0.4,0.35,0.4,43.058672,61875,7378125
2026-08-21 09:15:00,ATM+3,CE,420.0,390.05,0.35,0.45,0.35,0.45,42.556579,120000,7357500
2026-08-21 09:20:00,ATM+3,CE,420.0,388.4,0.45,0.45,0.4,0.4,43.46986,31875,7329375
2026-08-21 09:25:00,ATM+3,CE,420.0,391.9,0.4,0.65,0.4,0.65,43.889517,541875,7222500
2026-08-21 09:30:00,ATM+3,CE,420.0,391.05,0.55,0.65,0.55,0.55,43.283037,645000,7310625
2026-08-21 09:35:00,ATM+3,CE,420.0,391.5,0.55,0.65,0.55,0.6,43.607217,1149375,7261875
2026-08-21 09:40:00,ATM+3,CE,420.0,392.8,0.65,0.7,0.6,0.7,43.577667,206250,7265625
2026-08-21 09:45:00,ATM+3,CE,420.0,391.4,0.65,0.7,0.5,0.5,42.00078,290625,7226250
2026-08-21 09:50:00,ATM+3,CE,420.0,392.9,0.5,0.75,0.5,0.7,43.485468,680625,7160625
2026-08-21 09:55:00,ATM+3,CE,420.0,394.0,0.7,0.85,0.7,0.75,42.817165,496875,7226250
2026-08-21 10:00:00,ATM+3,CE,420.0,392.35,0.7,0.75,0.55,0.55,41.783246,408750,7151250
2026-08-21 10:05:00,ATM+3,CE,420.0,392.45,0.55,0.6,0.55,0.6,42.524333,97500,7147500
2026-08-21 10:10:00,ATM+3,CE,420.0,392.3,0.6,0.6,0.55,0.55,41.880507,16875,7149375
2026-08-21 10:15:00,ATM+3,CE,420.0,392.5,0.55,0.6,0.55,0.6,42.497284,24375,7128750
2026-08-21 10:20:00,ATM+3,CE,420.0,391.6,0.55,0.6,0.5,0.55,42.784156,65625,7115625
2026-08-21 10:25:00,ATM+3,CE,420.0,394.15,0.55,0.65,0.5,0.65,41.237157,375000,7196250
2026-08-21 10:30:00,ATM+3,CE,420.0,393.25,0.7,0.7,0.6,0.6,41.605117,135000,7173750
2026-08-21 10:35:00,ATM+3,CE,420.0,394.0,0.6,0.65,0.6,0.6,40.674165,15000,7162500
2026-08-21 10:40:00,ATM+3,CE,420.0,393.1,0.6,0.6,0.55,0.6,41.829923,33750,7130625
2026-08-21 10:45:00,ATM+3,CE,420.0,392.8,0.55,0.6,0.55,0.55,41.38218,24375,7128750
2026-08-21 10:50:00,ATM+3,CE,420.0,392.45,0.55,0.55,0.5,0.55,41.835747,20625,7115625
2026-08-21 10:55:00,ATM+3,CE,420.0,392.55,0.5,0.55,0.5,0.55,41.728941,39375,7117500
2026-08-21 11:00:00,ATM+3,CE,420.0,392.4,0.55,0.55,0.45,0.45,40.101445,82500,7104375
2026-08-21 11:05:00,ATM+3,CE,420.0,392.65,0.45,0.45,0.45,0.45,39.816066,5625,7100625
2026-08-21 11:10:00,ATM+3,CE,420.0,392.55,0.5,0.55,0.45,0.5,40.891682,116250,7095000
2026-08-21 11:15:00,ATM+3,CE,420.0,392.1,0.5,0.5,0.45,0.45,40.515673,28125,7085625
2026-08-21 11:20:00,ATM+3,CE,420.0,392.65,0.45,0.45,0.45,0.45,39.867006,0,7085625
2026-08-21 11:25:00,ATM+3,CE,420.0,392.25,0.45,0.45,0.45,0.45,40.368648,373125,7282500
2026-08-21 11:30:00,ATM+3,CE,420.0,392.3,0.4,0.45,0.4,0.4,39.324456,69375,7200000
2026-08-21 11:35:00,ATM+3,CE,420.0,391.95,0.4,0.45,0.4,0.45,40.7666,78750,7190625
2026-08-21 11:40:00,ATM+3,CE,420.0,392.45,0.45,0.45,0.45,0.45,40.177906,240000,7155000
2026-08-21 11:45:00,ATM+3,CE,420.0,392.7,0.45,0.45,0.45,0.45,39.89163,0,7149375
2026-08-21 11:50:00,ATM+3,CE,420.0,392.35,0.45,0.45,0.4,0.4,39.33221,48750,7143750
2026-08-21 11:55:00,ATM+3,CE,420.0,392.2,0.4,0.45,0.4,0.45,40.533142,5625,7134375
2026-08-21 12:00:00,ATM+3,CE,420.0,392.25,0.45,0.45,0.4,0.4,39.485364,9375,7136250
2026-08-21 12:05:00,ATM+3,CE,420.0,392.4,0.45,0.45,0.4,0.45,40.324944,13125,7134375
2026-08-21 12:10:00,ATM+3,CE,420.0,392.25,0.45,0.45,0.45,0.45,40.524642,11250,7134375
2026-08-21 12:15:00,ATM+3,CE,420.0,392.25,0.45,0.45,0.4,0.4,39.536341,11250,7130625
2026-08-21 12:20:00,ATM+3,CE,420.0,392.6,0.4,0.45,0.4,0.45,40.133598,1875,7128750
2026-08-21 12:25:00,ATM+3,CE,420.0,392.4,0.45,0.45,0.4,0.4,39.390974,20625,7125000
2026-08-21 12:30:00,ATM+3,CE,420.0,392.5,0.4,0.4,0.4,0.4,39.288253,0,7125000
2026-08-21 12:35:00,ATM+3,CE,420.0,392.45,0.4,0.4,0.4,0.4,39.365111,0,7125000
2026-08-21 12:40:00,ATM+3,CE,420.0,392.6,0.4,0.4,0.4,0.4,39.20237,3750,7125000
2026-08-21 12:45:00,ATM+3,CE,420.0,393.55,0.4,0.4,0.4,0.4,38.078723,0,7123125
2026-08-21 12:50:00,ATM+3,CE,420.0,393.5,0.4,0.45,0.4,0.45,39.137869,97500,7081875
2026-08-21 12:55:00,ATM+3,CE,420.0,393.45,0.45,0.45,0.45,0.45,39.21604,0,7081875
2026-08-21 13:00:00,ATM+3,CE,420.0,393.85,0.45,0.45,0.45,0.45,38.743,1875,7080000
2026-08-21 13:05:00,ATM+3,CE,420.0,394.25,0.45,0.55,0.45,0.5,39.182591,93750,7051875
2026-08-21 13:10:00,ATM+3,CE,430.0,395.45,0.5,0.6,0.25,0.25,42.71859,61875,1400625
2026-08-21 13:15:00,ATM+3,CE,430.0,396.8,0.3,0.4,0.25,0.4,45.119215,369375,1441875
2026-08-21 13:20:00,ATM+3,CE,430.0,396.2,0.4,0.4,0.3,0.3,43.359246,198750,1365000
2026-08-21 13:25:00,ATM+3,CE,430.0,396.5,0.3,0.3,0.3,0.3,43.043939,3750,1365000
2026-08-21 13:30:00,ATM+3,CE,430.0,396.2,0.3,0.3,0.25,0.25,41.977484,7500,1365000
2026-08-21 13:35:00,ATM+3,CE,430.0,396.15,0.25,0.25,0.25,0.25,42.050122,0,1365000
2026-08-21 13:40:00,ATM+3,CE,430.0,396.7,0.25,0.3,0.25,0.3,42.876922,37500,1359375
2026-08-21 13:45:00,ATM+3,CE,430.0,396.5,0.3,0.35,0.3,0.35,44.401917,16875,1359375
2026-08-21 13:50:00,ATM+3,CE,430.0,396.5,0.35,0.35,0.35,0.35,44.42126,0,1359375
2026-08-21 13:55:00,ATM+3,CE,430.0,396.6,0.35,0.35,0.35,0.35,44.326562,86250,1357500
2026-08-21 14:00:00,ATM+3,CE,430.0,396.9,0.3,0.35,0.3,0.3,42.728211,37500,1378125
2026-08-21 14:05:00,ATM+3,CE,430.0,396.3,0.3,0.35,0.3,0.3,43.417669,22500,1363125
2026-08-21 14:10:00,ATM+3,CE,430.0,396.95,0.3,0.35,0.3,0.3,42.709628,7500,1370625
2026-08-21 14:15:00,ATM+3,CE,430.0,396.9,0.35,0.35,0.3,0.35,44.061215,45000,1353750
2026-08-21 14:20:00,ATM+3,CE,430.0,397.0,0.35,0.35,0.3,0.3,42.69104,11250,1353750
2026-08-21 14:25:00,ATM+3,CE,430.0,396.8,0.3,0.3,0.3,0.3,42.933808,43125,1333125
2026-08-21 14:30:00,ATM+3,CE,430.0,396.55,0.3,0.3,0.3,0.3,43.232803,0,1333125
2026-08-21 14:35:00,ATM+3,CE,430.0,396.6,0.3,0.3,0.25,0.25,41.779029,1875,1308750
2026-08-21 14:40:00,ATM+3,CE,430.0,396.65,0.25,0.25,0.25,0.25,41.742667,0,1308750
2026-08-21 14:45:00,ATM+3,CE,430.0,396.55,0.25,0.3,0.25,0.3,43.289816,9375,1312500
2026-08-21 14:50:00,ATM+3,CE,430.0,396.65,0.3,0.3,0.3,0.3,43.196658,0,1312500
2026-08-21 14:55:00,ATM+3,CE,430.0,396.25,0.3,0.3,0.3,0.3,43.664666,0,1316250
2026-08-21 15:00:00,ATM+3,CE,430.0,396.3,0.3,0.3,0.25,0.25,42.199911,3750,1314375
2026-08-21 15:05:00,ATM+3,CE,430.0,396.45,0.25,0.25,0.25,0.25,42.05406,15000,1321875
2026-08-21 15:10:00,ATM+3,CE,430.0,396.3,0.25,0.3,0.25,0.3,43.6663,3750,1321875
2026-08-21 15:15:00,ATM+3,CE,430.0,396.3,0.25,0.3,0.25,0.25,42.255861,7500,1321875
2026-08-21 15:20:00,ATM+3,CE,430.0,396.3,0.25,0.25,0.25,0.25,42.274552,1875,1310625
2026-08-21 15:25:00,ATM+3,CE,420.0,394.45,0.25,0.55,0.25,0.55,40.290705,56250,6761250
2026-08-21 15:30:00,ATM+3,CE,420.0,394.45,0.55,0.6,0.55,0.6,41.145407,67500,6742500
2026-08-21 15:35:00,ATM+3,CE,420.0,394.45,0.55,0.6,0.45,0.45,38.529033,303750,6583125
2026-08-24 09:15:00,ATM+3,CE,430.0,400.1,0.3,0.45,0.3,0.35,72.976296,251250,1303125
2026-08-24 09:20:00,ATM+3,CE,430.0,399.0,0.35,0.35,0.3,0.3,73.12712,165000,1320000
2026-08-24 09:25:00,ATM+3,CE,430.0,399.45,0.3,0.3,0.3,0.3,72.322195,24375,1312500
2026-08-24 09:30:00,ATM+3,CE,430.0,398.2,0.3,0.35,0.25,0.25,72.463,60000,1318125
2026-08-24 09:35:00,ATM+3,CE,430.0,398.3,0.25,0.25,0.2,0.2,69.576915,56250,1265625
2026-08-24 09:40:00,ATM+3,CE,430.0,399.6,0.25,0.25,0.2,0.25,69.903337,93750,1211250
2026-08-24 09:45:00,ATM+3,CE,430.0,400.55,0.25,0.3,0.2,0.3,70.496421,112500,1218750
2026-08-24 09:50:00,ATM+3,CE,430.0,399.0,0.25,0.3,0.25,0.3,73.743587,84375,1179375
2026-08-24 09:55:00,ATM+3,CE,430.0,399.85,0.25,0.3,0.25,0.25,69.703478,37500,1179375
2026-08-24 10:00:00,ATM+3,CE,430.0,399.25,0.25,0.25,0.2,0.2,68.237701,1875,1147500
2026-08-24 10:05:00,ATM+3,CE,430.0,399.8,0.2,0.25,0.2,0.25,70.001087,13125,1140000
2026-08-24 10:10:00,ATM+3,CE,430.0,399.8,0.25,0.25,0.25,0.25,70.10094,0,1141875
2026-08-24 10:15:00,ATM+3,CE,430.0,400.45,0.25,0.25,0.25,0.25,68.903253,9375,1140000
2026-08-24 10:20:00,ATM+3,CE,430.0,400.7,0.25,0.25,0.25,0.25,68.50182,26250,1115625
2026-08-24 10:25:00,ATM+3,CE,430.0,400.7,0.25,0.25,0.25,0.25,68.60038,46875,1115625
2026-08-24 10:30:00,ATM+3,CE,430.0,400.75,0.25,0.25,0.25,0.25,68.598971,33750,1123125
2026-08-24 10:35:00,ATM+3,CE,430.0,400.45,0.25,0.25,0.25,0.25,69.301153,20625,1110000
2026-08-24 10:40:00,ATM+3,CE,430.0,401.1,0.3,0.3,0.25,0.3,70.47851,50625,1111875
2026-08-24 10:45:00,ATM+3,CE,430.0,402.3,0.3,0.35,0.3,0.35,70.215477,114375,1160625
2026-08-24 10:50:00,ATM+3,CE,430.0,402.25,0.3,0.35,0.25,0.25,65.965724,52500,1113750
2026-08-24 10:55:00,ATM+3,CE,430.0,401.25,0.25,0.25,0.25,0.25,68.088066,0,1113750
2026-08-24 11:00:00,ATM+3,CE,430.0,401.65,0.25,0.25,0.25,0.25,67.37701,11250,1108125
2026-08-24 11:05:00,ATM+3,CE,430.0,402.05,0.25,0.3,0.25,0.3,69.017901,75000,1220625
2026-08-24 11:10:00,ATM+3,CE,430.0,401.4,0.3,0.3,0.3,0.3,70.475464,106875,1254375
2026-08-24 11:15:00,ATM+3,CE,430.0,401.45,0.3,0.3,0.25,0.25,68.083274,5625,1256250
2026-08-24 11:20:00,ATM+3,CE,430.0,401.35,0.25,0.25,0.25,0.25,68.388308,0,1256250
2026-08-24 11:25:00,ATM+3,CE,430.0,401.35,0.25,0.25,0.25,0.25,68.490169,0,1256250
2026-08-24 11:30:00,ATM+3,CE,430.0,400.7,0.25,0.25,0.25,0.25,69.920993,5625,1256250
2026-08-24 11:35:00,ATM+3,CE,430.0,400.65,0.25,0.25,0.25,0.25,70.128044,3750,1258125
2026-08-24 11:40:00,ATM+3,CE,430.0,401.15,0.25,0.25,0.25,0.25,69.208639,3750,1258125
2026-08-24 11:45:00,ATM+3,CE,430.0,402.0,0.25,0.25,0.25,0.25,67.56606,0,1258125
2026-08-24 11:50:00,ATM+3,CE,430.0,401.15,0.25,0.25,0.25,0.25,69.417712,0,1258125
2026-08-24 11:55:00,ATM+3,CE,430.0,401.1,0.25,0.25,0.25,0.25,69.625938,18750,1258125
2026-08-24 12:00:00,ATM+3,CE,430.0,401.6,0.25,0.3,0.25,0.3,71.116933,5625,1239375
2026-08-24 12:05:00,ATM+3,CE,430.0,401.4,0.25,0.3,0.25,0.25,69.218268,3750,1239375
2026-08-24 12:10:00,ATM+3,CE,430.0,403.3,0.2,0.3,0.2,0.25,65.383604,262500,1149375
2026-08-24 12:15:00,ATM+3,CE,430.0,402.9,0.3,0.3,0.25,0.25,66.316146,65625,1141875
2026-08-24 12:20:00,ATM+3,CE,430.0,403.0,0.25,0.3,0.25,0.25,66.209981,140625,1164375
2026-08-24 12:25:00,ATM+3,CE,430.0,402.85,0.25,0.25,0.25,0.25,66.625177,33750,1126875
2026-08-24 12:30:00,ATM+3,CE,430.0,402.75,0.25,0.3,0.25,0.3,69.316083,1875,1134375
2026-08-24 12:35:00,ATM+3,CE,430.0,403.5,0.3,0.3,0.25,0.25,65.471171,13125,1128750
2026-08-24 12:40:00,ATM+3,CE,430.0,403.65,0.3,0.3,0.25,0.3,67.596992,1875,1128750
2026-08-24 12:45:00,ATM+3,CE,430.0,404.4,0.3,0.3,0.3,0.3,66.084281,37500,1147500
2026-08-24 12:50:00,ATM+3,CE,430.0,404.65,0.3,0.3,0.2,0.2,60.783366,157500,1179375
2026-08-24 12:55:00,ATM+3,CE,430.0,404.9,0.25,0.25,0.2,0.25,62.925682,114375,1149375
2026-08-24 13:00:00,ATM+3,CE,430.0,404.35,0.25,0.3,0.25,0.25,64.189607,78750,1130625
2026-08-24 13:05:00,ATM+3,CE,430.0,404.4,0.25,0.25,0.25,0.25,64.18531,0,1130625
2026-08-24 13:10:00,ATM+3,CE,430.0,403.75,0.25,0.25,0.25,0.25,65.665992,0,1132500
2026-08-24 13:15:00,ATM+3,CE,430.0,403.8,0.25,0.25,0.2,0.2,63.019851,5625,1132500
2026-08-24 13:20:00,ATM+3,CE,430.0,403.25,0.2,0.2,0.2,0.2,64.255216,0,1132500
2026-08-24 13:25:00,ATM+3,CE,430.0,403.25,0.2,0.2,0.2,0.2,64.358239,28125,1102500
2026-08-24 13:30:00,ATM+3,CE,430.0,402.55,0.2,0.2,0.2,0.2,65.908519,39375,1081875
2026-08-24 13:35:00,ATM+3,CE,430.0,402.55,0.2,0.2,0.15,0.2,66.014832,69375,1093125
2026-08-24 13:40:00,ATM+3,CE,430.0,402.7,0.2,0.2,0.15,0.15,62.633101,33750,1083750
2026-08-24 13:45:00,ATM+3,CE,430.0,404.0,0.15,0.15,0.15,0.15,60.129599,5625,1072500
2026-08-24 13:50:00,ATM+3,CE,430.0,403.2,0.15,0.15,0.15,0.15,61.834166,0,1072500
2026-08-24 13:55:00,ATM+3,CE,430.0,403.5,0.15,0.15,0.15,0.15,61.332141,11250,1072500
2026-08-24 14:00:00,ATM+3,CE,430.0,403.65,0.15,0.2,0.15,0.2,64.257669,22500,1076250
2026-08-24 14:05:00,ATM+3,CE,430.0,403.95,0.2,0.2,0.2,0.2,63.73503,0,1080000
2026-08-24 14:10:00,ATM+3,CE,430.0,403.6,0.2,0.2,0.1,0.1,57.561328,11250,1080000
2026-08-24 14:15:00,ATM+3,CE,430.0,402.85,0.15,0.15,0.1,0.15,63.052231,22500,1080000
2026-08-24 14:20:00,ATM+3,CE,430.0,402.75,0.1,0.15,0.1,0.1,59.392773,1875,1066875
2026-08-24 14:25:00,ATM+3,CE,430.0,402.65,0.1,0.1,0.1,0.1,59.684941,9375,1066875
2026-08-24 14:30:00,ATM+3,CE,430.0,402.7,0.1,0.1,0.1,0.1,59.687975,13125,1066875
2026-08-24 14:35:00,ATM+3,CE,430.0,402.3,0.1,0.1,0.1,0.1,60.562961,15000,1066875
2026-08-24 14:40:00,ATM+3,CE,430.0,402.5,0.1,0.1,0.1,0.1,60.276857,0,1066875
2026-08-24 14:45:00,ATM+3,CE,430.0,402.5,0.1,0.1,0.1,0.1,60.378652,3750,1068750
2026-08-24 14:50:00,ATM+3,CE,430.0,401.95,0.1,0.15,0.1,0.1,61.551392,3750,1066875
2026-08-24 14:55:00,ATM+3,CE,430.0,402.25,0.1,0.1,0.1,0.1,61.071225,0,1066875
2026-08-24 15:00:00,ATM+3,CE,430.0,401.75,0.1,0.15,0.1,0.15,66.269142,48750,1081875
2026-08-24 15:05:00,ATM+3,CE,430.0,400.9,0.15,0.15,0.1,0.1,63.918427,15000,1085625
2026-08-24 15:10:00,ATM+3,CE,430.0,400.5,0.1,0.1,0.1,0.1,64.810336,9375,1085625
2026-08-24 15:15:00,ATM+3,CE,430.0,400.5,0.1,0.1,0.1,0.1,64.921974,16875,1085625
2026-08-24 15:20:00,ATM+3,CE,430.0,400.5,0.1,0.1,0.1,0.1,65.034188,0,1085625
2026-08-24 15:25:00,ATM+3,CE,430.0,403.3,0.15,0.15,0.1,0.15,63.635377,48750,1046250
2026-08-24 15:30:00,ATM+3,CE,430.0,403.3,0.15,0.15,0.15,0.15,63.746174,13125,1035000
2026-08-24 15:35:00,ATM+3,CE,430.0,403.3,0.15,0.15,0.15,0.15,63.857533,0,1035000
2026-08-25 09:15:00,ATM+3,CE,430.0,399.4,0.1,0.1,0.05,0.1,0.0,106875,1006875
2026-08-25 09:20:00,ATM+3,CE,430.0,397.7,0.1,0.1,0.05,0.1,0.0,60000,993750
2026-08-25 09:25:00,ATM+3,CE,430.0,397.55,0.1,0.1,0.05,0.05,0.0,136875,935625
2026-08-25 09:30:00,ATM+3,CE,430.0,398.3,0.05,0.05,0.05,0.05,0.0,5625,903750
2026-08-25 09:35:00,ATM+3,CE,430.0,397.1,0.05,0.1,0.05,0.1,0.0,11250,890625
2026-08-25 09:40:00,ATM+3,CE,430.0,397.95,0.1,0.1,0.05,0.05,0.0,20625,871875
2026-08-25 09:45:00,ATM+3,CE,430.0,397.2,0.05,0.05,0.05,0.05,0.0,9375,862500
2026-08-25 09:50:00,ATM+3,CE,430.0,397.2,0.05,0.1,0.05,0.1,0.0,26250,838125
2026-08-25 09:55:00,ATM+3,CE,430.0,396.7,0.1,0.1,0.05,0.05,0.0,18750,828750
2026-08-25 10:00:00,ATM+3,CE,430.0,396.7,0.05,0.05,0.05,0.05,0.0,11250,819375
2026-08-25 10:05:00,ATM+3,CE,430.0,396.5,0.05,0.1,0.05,0.1,0.0,11250,813750
2026-08-25 10:10:00,ATM+3,CE,430.0,396.2,0.05,0.1,0.05,0.05,0.0,11250,808125
2026-08-25 10:15:00,ATM+3,CE,430.0,396.0,0.05,0.05,0.05,0.05,0.0,39375,789375
2026-08-25 10:20:00,ATM+3,CE,420.0,394.7,0.05,0.1,0.05,0.1,0.0,3750,4599375
2026-08-25 10:25:00,ATM+3,CE,420.0,394.9,0.05,0.1,0.05,0.05,0.0,5625,4590000
2026-08-25 10:30:00,ATM+3,CE,420.0,394.5,0.05,0.05,0.05,0.05,0.0,11250,4580625
2026-08-25 10:35:00,ATM+3,CE,420.0,394.15,0.05,0.1,0.05,0.1,0.0,7500,4571250
2026-08-25 10:40:00,ATM+3,CE,420.0,393.15,0.05,0.1,0.05,0.05,0.0,13125,4565625
2026-08-25 10:45:00,ATM+3,CE,420.0,393.4,0.1,0.1,0.05,0.1,0.0,9375,4548750
2026-08-25 10:50:00,ATM+3,CE,420.0,392.95,0.1,0.1,0.05,0.1,0.0,16875,4531875
2026-08-25 10:55:00,ATM+3,CE,420.0,393.3,0.05,0.1,0.05,0.1,0.0,13125,4524375
2026-08-25 11:00:00,ATM+3,CE,420.0,393.0,0.1,0.1,0.1,0.1,0.0,3750,4522500
2026-08-25 11:05:00,ATM+3,CE,420.0,393.5,0.05,0.1,0.05,0.05,0.0,15000,4518750
2026-08-25 11:10:00,ATM+3,CE,420.0,392.95,0.05,0.1,0.05,0.1,0.0,3750,4516875
2026-08-25 11:15:00,ATM+3,CE,420.0,392.5,0.1,0.1,0.05,0.1,0.0,86250,4455000
2026-08-25 11:20:00,ATM+3,CE,420.0,392.4,0.1,0.1,0.05,0.05,0.0,3750,4453125
2026-08-25 11:25:00,ATM+3,CE,420.0,392.75,0.05,0.05,0.05,0.05,0.0,20625,4434375
2026-08-25 11:30:00,ATM+3,CE,420.0,392.8,0.05,0.05,0.05,0.05,0.0,7500,4432500
2026-08-25 11:35:00,ATM+3,CE,420.0,393.2,0.05,0.05,0.05,0.05,0.0,7500,4417500
2026-08-25 11:40:00,ATM+3,CE,420.0,393.1,0.05,0.05,0.05,0.05,0.0,15000,4411875
2026-08-25 11:45:00,ATM+3,CE,420.0,393.25,0.05,0.05,0.05,0.05,0.0,13125,4400625
2026-08-25 11:50:00,ATM+3,CE,420.0,392.65,0.05,0.05,0.05,0.05,0.0,1875,4391250
2026-08-25 11:55:00,ATM+3,CE,420.0,393.25,0.05,0.05,0.05,0.05,0.0,5625,4389375
2026-08-25 12:00:00,ATM+3,CE,420.0,393.65,0.05,0.05,0.05,0.05,0.0,11250,4380000
2026-08-25 12:05:00,ATM+3,CE,430.0,395.6,0.1,0.1,0.05,0.05,0.0,7500,721875
2026-08-25 12:10:00,ATM+3,CE,430.0,395.95,0.05,0.05,0.05,0.05,0.0,0,721875
2026-08-25 12:15:00,ATM+3,CE,430.0,396.75,0.05,0.05,0.05,0.05,0.0,0,721875
2026-08-25 12:20:00,ATM+3,CE,430.0,396.15,0.05,0.05,0.05,0.05,0.0,0,721875
2026-08-25 12:25:00,ATM+3,CE,430.0,395.9,0.05,0.05,0.05,0.05,0.0,0,721875
2026-08-25 12:30:00,ATM+3,CE,430.0,395.65,0.05,0.05,0.05,0.05,0.0,0,721875
2026-08-25 12:35:00,ATM+3,CE,430.0,395.55,0.05,0.05,0.05,0.05,0.0,0,721875
2026-08-25 12:40:00,ATM+3,CE,430.0,395.05,0.05,0.05,0.05,0.05,0.0,0,721875
2026-08-25 12:45:00,ATM+3,CE,420.0,394.8,0.05,0.05,0.05,0.05,0.0,50625,3926250
2026-08-25 12:50:00,ATM+3,CE,420.0,394.8,0.05,0.1,0.05,0.05,0.0,15000,3913125
2026-08-25 12:55:00,ATM+3,CE,430.0,395.05,0.05,0.05,0.05,0.05,0.0,15000,721875
2026-08-25 13:00:00,ATM+3,CE,420.0,394.3,0.05,0.1,0.05,0.1,0.0,41250,3883125
2026-08-25 13:05:00,ATM+3,CE,420.0,393.95,0.05,0.1,0.05,0.05,0.0,65625,3849375
2026-08-25 13:10:00,ATM+3,CE,420.0,394.0,0.1,0.1,0.05,0.05,0.0,75000,3832500
2026-08-25 13:15:00,ATM+3,CE,420.0,394.9,0.05,0.05,0.05,0.05,0.0,11250,3826875
2026-08-25 13:20:00,ATM+3,CE,420.0,393.85,0.05,0.05,0.05,0.05,0.0,0,3826875
2026-08-25 13:25:00,ATM+3,CE,420.0,394.1,0.05,0.05,0.05,0.05,0.0,0,3826875
2026-08-25 13:30:00,ATM+3,CE,420.0,394.6,0.05,0.05,0.05,0.05,0.0,0,3826875
2026-08-25 13:35:00,ATM+3,CE,420.0,394.5,0.05,0.05,0.05,0.05,0.0,0,3826875
2026-08-25 13:40:00,ATM+3,CE,420.0,394.4,0.05,0.05,0.05,0.05,0.0,0,3826875
2026-08-25 13:45:00,ATM+3,CE,420.0,394.2,0.05,0.05,0.05,0.05,0.0,0,3826875
2026-08-25 13:50:00,ATM+3,CE,420.0,394.75,0.05,0.05,0.05,0.05,0.0,0,3826875
2026-08-25 13:55:00,ATM+3,CE,420.0,394.6,0.05,0.05,0.05,0.05,0.0,0,3826875
2026-08-25 14:00:00,ATM+3,CE,420.0,394.3,0.05,0.05,0.05,0.05,0.0,0,3826875
2026-08-25 14:05:00,ATM+3,CE,420.0,394.25,0.05,0.05,0.05,0.05,0.0,1875,3821250
2026-08-25 14:10:00,ATM+3,CE,420.0,393.75,0.05,0.05,0.05,0.05,0.0,1875,3821250
2026-08-25 14:15:00,ATM+3,CE,420.0,394.05,0.05,0.05,0.05,0.05,0.0,5625,3821250
2026-08-25 14:20:00,ATM+3,CE,420.0,393.75,0.05,0.05,0.05,0.05,0.0,0,3821250
2026-08-25 14:25:00,ATM+3,CE,420.0,394.1,0.05,0.05,0.05,0.05,0.0,0,3821250
2026-08-25 14:30:00,ATM+3,CE,420.0,393.9,0.05,0.05,0.05,0.05,0.0,9375,3811875
2026-08-25 14:35:00,ATM+3,CE,420.0,394.3,0.05,0.05,0.05,0.05,0.0,0,3811875
2026-08-25 14:40:00,ATM+3,CE,420.0,395.0,0.05,0.05,0.05,0.05,0.0,16875,3798750
2026-08-25 14:45:00,ATM+3,CE,430.0,395.35,0.05,0.05,0.05,0.05,0.0,0,718125
2026-08-25 14:50:00,ATM+3,CE,430.0,395.35,0.05,0.05,0.05,0.05,0.0,0,718125
2026-08-25 14:55:00,ATM+3,CE,430.0,395.1,0.05,0.05,0.05,0.05,0.0,0,718125
2026-08-25 15:00:00,ATM+3,CE,420.0,394.95,0.05,0.05,0.05,0.05,0.0,0,3798750
2026-08-25 15:05:00,ATM+3,CE,420.0,395.0,0.05,0.05,0.05,0.05,0.0,15000,3796875
2026-08-25 15:10:00,ATM+3,CE,430.0,395.95,0.05,0.05,0.05,0.05,0.0,5625,712500
2026-08-25 15:15:00,ATM+3,CE,430.0,395.95,0.05,0.05,0.05,0.05,0.0,0,712500
2026-08-25 15:20:00,ATM+3,CE,430.0,395.95,0.05,0.05,0.05,0.05,0.0,0,712500
2026-08-25 15:25:00,ATM+3,CE,430.0,397.8,0.05,0.05,0.05,0.05,0.0,0,712500
2026-08-25 15:30:00,ATM+3,CE,430.0,397.8,0.05,0.05,0.05,0.05,0.0,0,712500
2026-08-25 15:35:00,ATM+3,CE,430.0,397.8,0.05,0.05,0.05,0.05,0.0,0,712500
2026-08-20 09:20:00,ATM+3,PE,420.0,388.25,29.15,32.65,29.15,32.65,54.087956,9375,1756875
2026-08-20 09:25:00,ATM+3,PE,420.0,388.9,32.65,32.65,32.65,32.65,59.529702,0,1756875
2026-08-20 09:30:00,ATM+3,PE,420.0,388.0,33.25,33.8,32.65,33.8,63.038664,3750,1751250
2026-08-20 09:35:00,ATM+3,PE,420.0,387.85,33.8,33.8,33.8,33.8,61.930644,0,1751250
2026-08-20 09:40:00,ATM+3,PE,420.0,387.35,34.05,34.65,33.8,34.65,65.744435,3750,1749375
2026-08-20 09:45:00,ATM+3,PE,420.0,387.1,34.65,34.65,34.1,34.1,58.739294,1875,1749375
2026-08-20 09:50:00,ATM+3,PE,420.0,387.55,34.1,34.1,34.0,34.0,61.487746,1875,1747500
2026-08-20 09:55:00,ATM+3,PE,420.0,387.8,34.0,34.0,34.0,34.0,63.411409,0,1747500
2026-08-20 10:00:00,ATM+3,PE,420.0,388.2,34.0,34.0,34.0,34.0,66.28661,0,1745625
2026-08-20 10:05:00,ATM+3,PE,420.0,388.5,34.0,34.0,34.0,34.0,68.320396,0,1745625
2026-08-20 10:10:00,ATM+3,PE,420.0,389.65,34.0,34.0,34.0,34.0,75.312686,0,1743750
2026-08-20 10:15:00,ATM+3,PE,420.0,389.15,34.0,34.0,34.0,34.0,72.429181,0,1743750
2026-08-20 10:20:00,ATM+3,PE,420.0,389.65,34.0,34.0,34.0,34.0,75.358119,0,1743750
2026-08-20 10:25:00,ATM+3,PE,420.0,388.85,34.0,34.0,34.0,34.0,70.638894,0,1743750
2026-08-20 10:30:00,ATM+3,PE,420.0,389.7,34.0,34.0,31.75,31.75,57.721753,7500,1741875
2026-08-20 10:35:00,ATM+3,PE,420.0,390.5,31.75,31.75,31.75,31.75,63.448051,0,1741875
2026-08-20 10:40:00,ATM+3,PE,420.0,390.55,31.75,31.75,31.75,31.75,63.795628,0,1741875
2026-08-20 10:45:00,ATM+3,PE,420.0,390.45,31.75,31.75,31.75,31.75,63.152936,0,1741875
2026-08-20 10:50:00,ATM+3,PE,420.0,388.8,31.75,31.75,31.75,31.75,49.751011,0,1741875
2026-08-20 10:55:00,ATM+3,PE,420.0,389.2,31.75,31.85,31.75,31.85,54.65115,15000,1741875
2026-08-20 11:00:00,ATM+3,PE,420.0,388.75,31.85,31.85,31.85,31.85,50.421194,0,1741875
2026-08-20 11:05:00,ATM+3,PE,420.0,390.5,31.85,31.85,31.85,31.85,64.365167,0,1741875
2026-08-20 11:10:00,ATM+3,PE,420.0,390.4,31.85,31.85,31.85,31.85,63.72592,0,1741875
2026-08-20 11:15:00,ATM+3,PE,420.0,389.65,31.85,31.85,31.85,31.85,58.394175,0,1741875
2026-08-20 11:20:00,ATM+3,PE,420.0,389.5,31.85,31.85,31.85,31.85,57.231088,0,1741875
2026-08-20 11:25:00,ATM+3,PE,420.0,389.5,31.85,31.85,31.85,31.85,57.247037,0,1741875
2026-08-20 11:30:00,ATM+3,PE,420.0,389.75,31.85,31.85,31.85,31.85,59.207189,0,1741875
2026-08-20 11:35:00,ATM+3,PE,420.0,389.4,31.85,31.85,31.85,31.85,56.465913,0,1741875
2026-08-20 11:40:00,ATM+3,PE,420.0,389.3,31.85,31.85,31.85,31.85,55.645421,0,1741875
2026-08-20 11:45:00,ATM+3,PE,420.0,389.2,31.85,31.85,31.85,31.85,54.79931,0,1741875
2026-08-20 11:50:00,ATM+3,PE,420.0,389.2,31.85,31.85,31.85,31.85,54.81422,0,1741875
2026-08-20 11:55:00,ATM+3,PE,420.0,389.5,31.85,31.85,31.85,31.85,57.343072,0,1741875
2026-08-20 12:00:00,ATM+3,PE,420.0,389.35,31.85,31.85,31.85,31.85,56.128434,0,1741875
2026-08-20 12:05:00,ATM+3,PE,420.0,389.0,31.85,31.85,31.85,31.85,53.047728,0,1741875
2026-08-20 12:10:00,ATM+3,PE,420.0,389.45,31.85,31.85,31.85,31.85,56.986258,0,1741875
2026-08-20 12:15:00,ATM+3,PE,420.0,389.9,31.85,31.85,31.85,31.85,60.477194,0,1741875
2026-08-20 12:20:00,ATM+3,PE,420.0,389.4,31.85,31.85,31.85,31.85,56.607259,0,1741875
2026-08-20 12:25:00,ATM+3,PE,420.0,389.2,31.85,31.85,31.85,31.85,54.91898,0,1741875
2026-08-20 12:30:00,ATM+3,PE,420.0,389.2,31.85,31.85,31.85,31.85,54.934005,0,1741875
2026-08-20 12:35:00,ATM+3,PE,420.0,389.0,31.85,31.85,31.85,31.85,53.132631,0,1741875
2026-08-20 12:40:00,ATM+3,PE,420.0,388.65,31.85,33.0,31.85,33.0,61.453935,3750,1726875
2026-08-20 12:45:00,ATM+3,PE,420.0,388.8,33.0,33.0,33.0,33.0,62.601244,0,1726875
2026-08-20 12:50:00,ATM+3,PE,420.0,388.0,33.0,33.0,33.0,33.0,56.081791,0,1726875
2026-08-20 12:55:00,ATM+3,PE,420.0,387.7,33.0,33.0,33.0,33.0,53.211271,0,1726875
2026-08-20 13:00:00,ATM+3,PE,420.0,387.6,33.0,33.0,33.0,33.0,52.184943,0,1726875
2026-08-20 13:05:00,ATM+3,PE,420.0,387.65,33.0,33.7,33.0,33.65,59.636883,3750,1723125
2026-08-20 13:10:00,ATM+3,PE,420.0,387.8,33.65,33.65,33.65,33.65,60.895917,0,1723125
2026-08-20 13:15:00,ATM+3,PE,420.0,388.15,33.65,33.65,33.5,33.5,62.287839,1875,1721250
2026-08-20 13:20:00,ATM+3,PE,420.0,388.05,33.5,33.5,33.5,33.5,61.523224,0,1721250
2026-08-20 13:25:00,ATM+3,PE,420.0,387.65,33.5,33.5,33.5,33.5,58.206236,0,1721250
2026-08-20 13:30:00,ATM+3,PE,420.0,387.65,33.5,33.5,33.5,33.5,58.222532,0,1721250
2026-08-20 13:35:00,ATM+3,PE,420.0,387.4,33.5,34.0,33.5,34.0,61.058956,3750,1717500
2026-08-20 13:40:00,ATM+3,PE,420.0,387.2,34.0,34.0,34.0,34.0,59.37266,0,1717500
2026-08-20 13:45:00,ATM+3,PE,420.0,387.05,34.0,34.0,34.0,34.0,58.045555,0,1717500
2026-08-20 13:50:00,ATM+3,PE,420.0,386.75,34.0,34.0,34.0,34.0,55.164439,0,1717500
2026-08-20 13:55:00,ATM+3,PE,420.0,387.05,34.0,34.0,34.0,34.0,58.077867,0,1717500
2026-08-20 14:00:00,ATM+3,PE,420.0,387.35,34.0,34.05,34.0,34.05,61.216019,5625,1715625
2026-08-20 14:05:00,ATM+3,PE,420.0,387.45,34.05,34.05,34.05,34.05,62.055205,0,1715625
2026-08-20 14:10:00,ATM+3,PE,420.0,387.1,34.05,34.05,34.05,34.05,59.098889,0,1715625
2026-08-20 14:15:00,ATM+3,PE,420.0,387.55,34.05,34.05,34.05,34.05,62.893792,0,1715625
2026-08-20 14:20:00,ATM+3,PE,420.0,387.4,34.05,34.05,34.05,34.05,61.700468,0,1715625
2026-08-20 14:25:00,ATM+3,PE,420.0,387.7,34.05,34.05,34.05,34.05,64.101562,0,1715625
2026-08-20 14:30:00,ATM+3,PE,420.0,387.15,34.05,34.5,34.05,34.5,63.983476,7500,1710000
2026-08-20 14:35:00,ATM+3,PE,420.0,387.05,34.5,34.5,34.5,34.5,63.202032,0,1710000
2026-08-20 14:40:00,ATM+3,PE,420.0,387.15,34.5,34.5,34.5,34.5,64.021107,0,1710000
2026-08-20 14:45:00,ATM+3,PE,420.0,387.1,34.5,34.5,34.5,34.5,63.641795,0,1710000
2026-08-20 14:50:00,ATM+3,PE,420.0,387.0,34.5,34.5,34.5,34.5,62.849768,0,1710000
2026-08-20 14:55:00,ATM+3,PE,420.0,387.0,34.5,34.5,34.5,34.5,62.868128,0,1710000
2026-08-20 15:00:00,ATM+3,PE,420.0,386.35,34.5,35.1,34.5,35.1,63.31157,3750,1702500
2026-08-20 15:05:00,ATM+3,PE,420.0,385.9,35.1,35.8,35.1,35.8,66.365635,1875,1702500
2026-08-20 15:10:00,ATM+3,PE,420.0,385.6,35.8,35.8,35.4,35.4,59.725646,1875,1700625
2026-08-20 15:15:00,ATM+3,PE,420.0,385.6,35.4,35.4,35.4,35.4,59.742437,0,1700625
2026-08-20 15:20:00,ATM+3,PE,420.0,385.6,35.4,35.4,35.4,35.4,59.759238,0,1700625
2026-08-20 15:25:00,ATM+3,PE,420.0,385.6,35.4,35.9,35.4,35.9,64.944678,5625,1700625
2026-08-20 15:30:00,ATM+3,PE,420.0,385.6,35.9,35.9,35.9,35.9,64.963778,0,1700625
2026-08-20 15:35:00,ATM+3,PE,420.0,385.6,36.1,36.1,35.9,36.1,66.912382,1875,1695000
2026-08-21 09:25:00,ATM+3,PE,420.0,391.9,30.6,30.6,30.5,30.5,68.402466,5625,1695000
2026-08-21 09:30:00,ATM+3,PE,420.0,391.05,30.5,30.5,29.8,29.8,54.341437,1875,1689375
2026-08-21 09:35:00,ATM+3,PE,420.0,391.5,29.3,29.8,28.85,28.9,48.009883,22500,1689375
2026-08-21 09:40:00,ATM+3,PE,420.0,392.8,28.9,28.9,28.75,28.75,59.21218,1875,1696875
2026-08-21 09:45:00,ATM+3,PE,420.0,391.4,28.0,29.45,28.0,29.45,53.89575,9375,1693125
2026-08-21 09:50:00,ATM+3,PE,420.0,392.9,29.85,29.85,27.4,27.4,44.781979,22500,1687500
2026-08-21 09:55:00,ATM+3,PE,420.0,394.0,27.95,27.95,26.55,26.55,46.656092,7500,1687500
2026-08-21 10:00:00,ATM+3,PE,420.0,392.35,27.65,28.4,26.55,28.4,51.415908,15000,1687500
2026-08-21 10:05:00,ATM+3,PE,420.0,392.45,28.4,28.4,28.4,28.4,52.462596,0,1687500
2026-08-21 10:10:00,ATM+3,PE,420.0,392.3,28.4,28.4,28.4,28.4,50.918079,0,1687500
2026-08-21 10:15:00,ATM+3,PE,420.0,392.5,28.4,28.4,28.1,28.1,49.418617,5625,1689375
2026-08-21 10:20:00,ATM+3,PE,420.0,391.6,28.1,29.0,28.1,29.0,50.680737,7500,1691250
2026-08-21 10:25:00,ATM+3,PE,420.0,394.15,29.0,29.0,27.05,27.05,53.830636,15000,1693125
2026-08-21 10:30:00,ATM+3,PE,420.0,393.25,27.1,27.1,26.6,27.0,43.695558,9375,1689375
2026-08-21 10:35:00,ATM+3,PE,420.0,394.0,27.0,27.0,27.0,27.0,51.986029,0,1689375
2026-08-21 10:40:00,ATM+3,PE,420.0,393.1,27.0,27.0,27.0,27.0,41.558166,0,1689375
2026-08-21 10:45:00,ATM+3,PE,420.0,392.8,27.0,28.05,27.0,28.05,52.098699,1875,1689375
2026-08-21 10:50:00,ATM+3,PE,420.0,392.45,28.05,28.05,28.05,28.05,48.307755,0,1689375
2026-08-21 10:55:00,ATM+3,PE,420.0,392.55,28.05,28.05,28.05,28.05,49.47618,0,1689375
2026-08-21 11:00:00,ATM+3,PE,420.0,392.4,28.05,28.9,28.05,28.9,57.646694,1875,1689375
2026-08-21 11:05:00,ATM+3,PE,420.0,392.65,29.0,29.0,28.9,29.0,60.780331,1875,1689375
2026-08-21 11:10:00,ATM+3,PE,420.0,392.55,29.0,29.0,28.5,28.5,54.79985,1875,1689375
2026-08-21 11:15:00,ATM+3,PE,420.0,392.1,28.5,28.5,28.5,28.5,50.166212,0,1689375
2026-08-21 11:20:00,ATM+3,PE,420.0,392.65,29.0,29.0,28.5,28.75,58.370918,9375,1689375
2026-08-21 11:25:00,ATM+3,PE,420.0,392.25,28.8,29.05,28.75,29.05,57.976653,20625,1672500
2026-08-21 11:30:00,ATM+3,PE,420.0,392.3,29.05,29.05,29.05,29.05,58.438553,0,1672500
2026-08-21 11:35:00,ATM+3,PE,420.0,391.95,29.05,29.05,28.7,28.7,51.075025,5625,1674375
2026-08-21 11:40:00,ATM+3,PE,420.0,392.45,28.7,28.7,28.7,28.7,56.149434,0,1674375
2026-08-21 11:45:00,ATM+3,PE,420.0,392.7,28.7,28.7,28.6,28.6,57.373063,5625,1670625
2026-08-21 11:50:00,ATM+3,PE,420.0,392.35,28.6,28.6,28.6,28.6,54.12966,0,1670625
2026-08-21 11:55:00,ATM+3,PE,420.0,392.2,28.6,28.6,28.6,28.6,52.62336,0,1670625
2026-08-21 12:00:00,ATM+3,PE,420.0,392.25,28.6,28.6,28.6,28.6,53.159588,0,1670625
2026-08-21 12:05:00,ATM+3,PE,420.0,392.4,28.6,29.35,28.6,29.35,62.408507,1875,1670625
2026-08-21 12:10:00,ATM+3,PE,420.0,392.25,29.35,29.6,29.35,29.6,63.626287,3750,1670625
2026-08-21 12:15:00,ATM+3,PE,420.0,392.25,29.15,29.6,29.15,29.15,59.218249,3750,1670625
2026-08-21 12:20:00,ATM+3,PE,420.0,392.6,29.15,29.15,29.15,29.15,62.158483,0,1670625
2026-08-21 12:25:00,ATM+3,PE,420.0,392.4,29.15,29.35,29.15,29.35,62.500238,3750,1668750
2026-08-21 12:30:00,ATM+3,PE,420.0,392.5,29.35,29.35,29.35,29.35,63.318415,0,1668750
2026-08-21 12:35:00,ATM+3,PE,420.0,392.45,29.35,29.35,29.35,29.35,62.94621,0,1668750
2026-08-21 12:40:00,ATM+3,PE,420.0,392.6,29.35,29.35,29.35,29.35,64.144735,0,1668750
2026-08-21 12:45:00,ATM+3,PE,420.0,393.55,29.35,29.35,29.35,29.35,70.919125,0,1668750
2026-08-21 12:50:00,ATM+3,PE,420.0,393.5,29.35,29.35,29.35,29.35,70.615449,0,1668750
2026-08-21 12:55:00,ATM+3,PE,420.0,393.45,29.35,29.35,29.35,29.35,70.309142,0,1668750
2026-08-21 13:00:00,ATM+3,PE,420.0,393.85,29.35,29.35,29.35,29.35,72.941757,0,1668750
2026-08-21 13:05:00,ATM+3,PE,420.0,394.25,29.35,29.35,29.35,29.35,75.448085,0,1668750
2026-08-21 13:10:00,ATM+3,PE,420.0,394.9,29.35,29.35,29.35,29.35,79.267227,0,1668750
2026-08-21 13:25:00,ATM+3,PE,430.0,396.5,35.5,35.5,35.5,35.5,72.986307,1875,127500
2026-08-21 13:30:00,ATM+3,PE,430.0,396.2,35.5,35.5,35.5,35.5,70.458407,0,127500
2026-08-21 13:35:00,ATM+3,PE,430.0,396.15,35.5,35.5,35.5,35.5,70.041729,0,127500
2026-08-21 13:40:00,ATM+3,PE,430.0,396.7,35.5,35.5,35.25,35.25,72.263691,1875,125625
2026-08-21 13:45:00,ATM+3,PE,430.0,396.5,35.25,35.25,35.25,35.25,70.591668,0,125625
2026-08-21 13:50:00,ATM+3,PE,430.0,396.5,35.25,35.25,35.25,35.25,70.618131,0,125625
2026-08-21 13:55:00,ATM+3,PE,430.0,396.6,35.25,35.25,35.25,35.25,71.504307,0,125625
2026-08-21 14:00:00,ATM+3,PE,430.0,396.9,35.25,35.25,35.25,35.25,74.006537,0,125625
2026-08-21 14:05:00,ATM+3,PE,430.0,396.3,35.25,35.25,35.25,35.25,68.916105,0,125625
2026-08-21 14:10:00,ATM+3,PE,430.0,396.95,35.25,35.25,35.25,35.25,74.462157,0,125625
2026-08-21 14:15:00,ATM+3,PE,430.0,396.9,35.25,35.25,35.25,35.25,74.091446,0,125625
2026-08-21 14:20:00,ATM+3,PE,430.0,397.0,35.25,35.25,35.25,35.25,74.915069,0,125625
2026-08-21 14:25:00,ATM+3,PE,430.0,396.8,35.25,35.25,35.25,35.25,73.337512,0,125625
2026-08-21 14:30:00,ATM+3,PE,430.0,396.55,35.25,35.25,35.25,35.25,71.264881,0,125625
2026-08-21 14:35:00,ATM+3,PE,430.0,396.6,35.25,35.25,35.25,35.25,71.72114,0,125625
2026-08-21 14:40:00,ATM+3,PE,430.0,396.65,35.25,35.25,35.25,35.25,72.173268,0,125625
2026-08-21 14:45:00,ATM+3,PE,430.0,396.55,35.25,35.25,35.25,35.25,71.346011,0,125625
2026-08-21 14:50:00,ATM+3,PE,430.0,396.65,34.4,35.25,34.4,34.4,63.004588,1875,123750
2026-08-21 14:55:00,ATM+3,PE,430.0,396.25,34.4,34.8,34.4,34.8,63.604547,1875,121875
2026-08-21 15:00:00,ATM+3,PE,430.0,396.3,34.8,34.8,34.8,34.8,64.150735,0,121875
2026-08-21 15:05:00,ATM+3,PE,430.0,396.45,34.8,34.8,34.8,34.8,65.694417,0,121875
2026-08-21 15:10:00,ATM+3,PE,430.0,396.3,34.8,34.8,34.8,34.8,64.197544,0,121875
2026-08-21 15:15:00,ATM+3,PE,430.0,396.3,34.8,34.8,34.8,34.8,64.221003,0,121875
2026-08-21 15:20:00,ATM+3,PE,430.0,396.3,34.8,34.8,34.8,34.8,64.244481,0,121875
2026-08-21 15:25:00,ATM+3,PE,420.0,394.45,34.8,34.8,25.2,25.2,29.612966,0,1584375
2026-08-21 15:30:00,ATM+3,PE,420.0,394.45,25.4,25.4,25.2,25.2,29.609244,7500,1580625
2026-08-21 15:35:00,ATM+3,PE,420.0,394.45,25.2,25.2,25.2,25.2,29.605486,0,1580625
2026-08-24 09:40:00,ATM+3,PE,430.0,399.6,31.5,31.5,31.5,31.5,100.425822,1875,121875
2026-08-24 09:45:00,ATM+3,PE,430.0,400.55,31.5,31.5,30.05,30.05,85.843735,1875,120000
2026-08-24 09:50:00,ATM+3,PE,430.0,399.0,30.05,31.5,30.05,31.5,86.57449,1875,121875
2026-08-24 09:55:00,ATM+3,PE,430.0,399.85,31.5,31.5,31.5,31.5,105.585243,0,121875
2026-08-24 10:00:00,ATM+3,PE,430.0,399.25,31.5,31.5,31.5,31.5,93.323103,0,121875
2026-08-24 10:05:00,ATM+3,PE,430.0,399.8,31.5,31.5,31.5,31.5,104.948108,0,121875
2026-08-24 10:10:00,ATM+3,PE,430.0,399.8,31.5,31.5,31.5,31.5,105.088982,0,121875
2026-08-24 10:15:00,ATM+3,PE,430.0,400.45,31.5,31.5,31.5,31.5,116.183758,0,121875
2026-08-24 10:20:00,ATM+3,PE,430.0,400.7,31.5,31.5,31.5,31.5,120.091921,0,121875
2026-08-24 10:25:00,ATM+3,PE,430.0,400.7,31.5,31.5,31.5,31.5,120.257295,0,121875
2026-08-24 10:30:00,ATM+3,PE,430.0,400.75,31.5,31.5,31.5,31.5,121.151241,0,121875
2026-08-24 10:35:00,ATM+3,PE,430.0,400.45,31.5,31.5,31.5,31.5,116.823793,0,121875
2026-08-24 10:40:00,ATM+3,PE,430.0,401.1,31.5,31.5,28.9,28.9,61.730973,11250,123750
2026-08-24 10:45:00,ATM+3,PE,430.0,402.3,28.9,28.9,28.35,28.35,84.409065,1875,120000
2026-08-24 10:50:00,ATM+3,PE,430.0,402.25,28.75,28.75,28.35,28.75,93.255532,1875,118125
2026-08-24 10:55:00,ATM+3,PE,430.0,401.25,28.75,28.75,28.75,28.75,61.632307,0,118125
2026-08-24 11:00:00,ATM+3,PE,430.0,401.65,29.2,29.55,28.75,29.55,99.501031,7500,116250
2026-08-24 11:05:00,ATM+3,PE,430.0,402.05,29.55,29.55,29.55,29.55,106.713527,0,116250
2026-08-24 11:10:00,ATM+3,PE,430.0,401.4,29.55,29.55,29.55,29.55,94.771351,0,116250
2026-08-24 11:15:00,ATM+3,PE,430.0,401.45,29.55,29.55,29.55,29.55,95.949688,0,116250
2026-08-24 11:20:00,ATM+3,PE,430.0,401.35,29.55,29.55,29.55,29.55,93.957405,0,116250
2026-08-24 11:25:00,ATM+3,PE,430.0,401.35,29.55,29.55,29.55,29.55,94.087282,0,116250
2026-08-24 11:30:00,ATM+3,PE,430.0,400.7,29.55,29.55,29.55,29.55,76.147377,0,116250
2026-08-24 11:35:00,ATM+3,PE,430.0,400.65,29.55,29.55,29.55,29.55,74.258846,0,116250
2026-08-24 11:40:00,ATM+3,PE,430.0,401.15,29.55,29.55,29.55,29.55,89.839751,0,116250
2026-08-24 11:45:00,ATM+3,PE,430.0,402.0,29.55,29.55,29.55,29.55,107.082241,0,116250
2026-08-24 11:50:00,ATM+3,PE,430.0,401.15,29.55,29.55,28.95,28.95,68.697397,1875,114375
2026-08-24 11:55:00,ATM+3,PE,430.0,401.1,29.45,29.45,28.95,29.45,86.05805,3750,112500
2026-08-24 12:00:00,ATM+3,PE,430.0,401.6,29.45,29.45,29.45,29.45,97.944857,0,112500
2026-08-24 12:05:00,ATM+3,PE,430.0,401.4,29.45,29.45,29.45,29.45,93.773217,0,112500
2026-08-24 12:10:00,ATM+3,PE,430.0,403.3,29.45,29.45,28.3,28.3,105.187369,1875,110625
2026-08-24 12:15:00,ATM+3,PE,430.0,402.9,28.0,28.3,28.0,28.0,91.431718,5625,110625
2026-08-24 12:20:00,ATM+3,PE,430.0,403.0,28.0,28.0,28.0,28.0,93.667013,0,110625
2026-08-24 12:25:00,ATM+3,PE,430.0,402.85,28.0,28.0,27.6,27.6,79.51501,3750,112500
2026-08-24 12:30:00,ATM+3,PE,430.0,402.75,27.6,27.6,27.6,27.6,76.529381,0,112500
2026-08-24 12:35:00,ATM+3,PE,430.0,403.5,27.6,27.6,27.6,27.6,95.02202,0,112500
2026-08-24 12:40:00,ATM+3,PE,430.0,403.65,27.6,27.6,27.45,27.45,94.758238,1875,112500
2026-08-24 12:45:00,ATM+3,PE,430.0,404.4,27.45,27.45,27.45,27.45,107.826132,0,112500
2026-08-24 12:50:00,ATM+3,PE,430.0,404.65,27.45,27.45,25.65,25.7,72.556658,16875,110625
2026-08-24 12:55:00,ATM+3,PE,430.0,404.9,25.95,25.95,25.45,25.45,72.076095,5625,114375
2026-08-24 13:00:00,ATM+3,PE,430.0,404.35,25.45,26.25,25.45,26.25,81.128904,1875,116250
2026-08-24 13:05:00,ATM+3,PE,430.0,404.4,26.25,26.25,26.25,26.25,82.495253,0,116250
2026-08-24 13:10:00,ATM+3,PE,430.0,403.75,26.25,26.3,26.15,26.3,61.83584,5625,112500
2026-08-24 13:15:00,ATM+3,PE,430.0,403.8,26.3,26.3,26.3,26.3,64.607557,0,112500
2026-08-24 13:20:00,ATM+3,PE,430.0,403.25,26.3,26.3,26.3,26.3,0.0,0,114375
2026-08-24 13:25:00,ATM+3,PE,430.0,403.25,26.3,26.3,26.3,26.3,0.0,0,114375
2026-08-24 13:30:00,ATM+3,PE,430.0,402.55,26.3,27.85,26.3,27.85,80.038227,3750,116250
2026-08-24 13:35:00,ATM+3,PE,430.0,402.55,27.85,27.85,27.85,27.85,80.153267,0,116250
2026-08-24 13:40:00,ATM+3,PE,430.0,402.7,27.85,28.1,27.85,28.1,91.721427,3750,114375
2026-08-24 13:45:00,ATM+3,PE,430.0,404.0,28.1,28.1,26.65,26.65,84.487025,3750,112500
2026-08-24 13:50:00,ATM+3,PE,430.0,403.2,26.65,26.65,26.65,26.65,0.0,0,112500
2026-08-24 13:55:00,ATM+3,PE,430.0,403.5,26.65,26.65,26.65,26.65,68.442269,0,112500
2026-08-24 14:00:00,ATM+3,PE,430.0,403.65,26.65,26.65,26.65,26.65,74.536307,0,112500
2026-08-24 14:05:00,ATM+3,PE,430.0,403.95,27.25,27.25,26.65,27.25,98.629705,5625,112500
2026-08-24 14:10:00,ATM+3,PE,430.0,403.6,27.25,27.5,27.2,27.45,96.342795,9375,106875
2026-08-24 14:15:00,ATM+3,PE,430.0,402.85,27.45,27.45,27.45,27.45,76.722496,0,106875
2026-08-24 14:20:00,ATM+3,PE,430.0,402.75,27.45,27.45,27.45,27.45,72.904178,0,106875
2026-08-24 14:25:00,ATM+3,PE,430.0,402.65,27.45,27.45,27.45,27.45,68.248402,0,106875
2026-08-24 14:30:00,ATM+3,PE,430.0,402.7,27.45,27.45,27.45,27.45,70.858583,0,106875
2026-08-24 14:35:00,ATM+3,PE,430.0,402.3,27.45,27.45,27.45,27.45,0.0,0,106875
2026-08-24 14:40:00,ATM+3,PE,430.0,402.5,28.05,28.05,27.45,28.05,86.772909,3750,105000
2026-08-24 14:45:00,ATM+3,PE,430.0,402.5,28.05,28.05,28.05,28.05,86.90661,0,105000
2026-08-24 14:50:00,ATM+3,PE,430.0,401.95,28.05,28.05,28.05,28.05,63.43383,0,105000
2026-08-24 14:55:00,ATM+3,PE,430.0,402.25,28.05,28.05,28.05,28.05,79.043011,0,105000
2026-08-24 15:00:00,ATM+3,PE,430.0,401.75,28.05,28.05,28.05,28.05,0.0,0,105000
2026-08-24 15:05:00,ATM+3,PE,430.0,400.9,28.05,28.05,28.05,28.05,0.0,0,105000
2026-08-24 15:10:00,ATM+3,PE,430.0,400.5,28.05,28.05,28.05,28.05,0.0,0,105000
2026-08-24 15:15:00,ATM+3,PE,430.0,400.5,28.05,28.05,28.05,28.05,0.0,0,105000
2026-08-24 15:20:00,ATM+3,PE,430.0,400.5,28.05,28.05,28.05,28.05,0.0,0,105000
2026-08-24 15:25:00,ATM+3,PE,430.0,403.3,28.05,28.05,28.05,28.05,106.418458,0,105000
2026-08-24 15:30:00,ATM+3,PE,430.0,403.3,31.15,31.15,28.05,31.15,161.131997,3750,105000
2026-08-24 15:35:00,ATM+3,PE,430.0,403.3,31.15,31.15,31.15,31.15,161.406558,0,105000
2026-08-25 10:20:00,ATM+3,PE,420.0,394.7,23.15,23.15,23.15,23.15,0.0,0,1451250
2026-08-25 10:25:00,ATM+3,PE,420.0,394.9,23.15,23.15,23.15,23.15,0.0,0,1451250
2026-08-25 10:30:00,ATM+3,PE,420.0,394.5,23.15,23.15,23.15,23.15,0.0,0,1451250
2026-08-25 10:35:00,ATM+3,PE,420.0,394.15,23.15,23.15,23.15,23.15,0.0,0,1451250
2026-08-25 10:40:00,ATM+3,PE,420.0,393.15,23.15,23.15,23.15,23.15,0.0,0,1451250
2026-08-25 10:45:00,ATM+3,PE,420.0,393.4,23.15,27.55,23.15,27.55,0.0,20625,1441875
2026-08-25 10:50:00,ATM+3,PE,420.0,392.95,27.55,27.55,27.55,27.55,0.0,0,1438125
2026-08-25 10:55:00,ATM+3,PE,420.0,393.3,27.55,27.55,27.55,27.55,0.0,0,1438125
2026-08-25 11:00:00,ATM+3,PE,420.0,393.0,27.55,27.55,27.55,27.55,0.0,0,1438125
2026-08-25 11:05:00,ATM+3,PE,420.0,393.5,27.55,27.55,27.55,27.55,0.0,0,1438125
2026-08-25 11:10:00,ATM+3,PE,420.0,392.95,27.55,28.0,27.55,28.0,0.0,9375,1434375
2026-08-25 11:15:00,ATM+3,PE,420.0,392.5,28.0,28.0,28.0,28.0,0.0,0,1434375
2026-08-25 11:20:00,ATM+3,PE,420.0,392.4,28.0,28.0,28.0,28.0,0.0,0,1434375
2026-08-25 11:25:00,ATM+3,PE,420.0,392.75,28.0,28.0,28.0,28.0,0.0,0,1434375
2026-08-25 11:30:00,ATM+3,PE,420.0,392.8,28.0,28.0,28.0,28.0,0.0,0,1434375
2026-08-25 11:35:00,ATM+3,PE,420.0,393.2,28.0,28.0,28.0,28.0,0.0,0,1434375
2026-08-25 11:40:00,ATM+3,PE,420.0,393.1,28.0,28.0,28.0,28.0,0.0,0,1434375
2026-08-25 11:45:00,ATM+3,PE,420.0,393.25,28.0,28.0,28.0,28.0,0.0,0,1434375
2026-08-25 11:50:00,ATM+3,PE,420.0,392.65,28.0,28.0,27.0,27.0,0.0,1875,1432500
2026-08-25 11:55:00,ATM+3,PE,420.0,393.25,27.0,27.0,27.0,27.0,0.0,0,1432500
2026-08-25 12:00:00,ATM+3,PE,420.0,393.65,27.0,27.0,27.0,27.0,0.0,0,1432500
2026-08-25 12:05:00,ATM+3,PE,420.0,395.0,26.4,27.0,26.4,26.4,0.0,1875,1430625
2026-08-25 12:45:00,ATM+3,PE,420.0,394.8,23.5,23.5,23.5,23.5,0.0,0,1428750
2026-08-25 12:50:00,ATM+3,PE,420.0,394.8,23.5,26.05,23.5,26.05,0.0,1875,1411875
2026-08-25 12:55:00,ATM+3,PE,420.0,394.7,26.05,26.05,26.05,26.05,0.0,0,1411875
2026-08-25 13:00:00,ATM+3,PE,420.0,394.3,24.7,24.7,24.7,24.7,0.0,0,1410000
2026-08-25 13:05:00,ATM+3,PE,420.0,393.95,24.7,24.7,24.7,24.7,0.0,0,1410000
2026-08-25 13:10:00,ATM+3,PE,420.0,394.0,24.7,24.7,24.7,24.7,0.0,0,1410000
2026-08-25 13:15:00,ATM+3,PE,420.0,394.9,24.7,24.7,24.7,24.7,0.0,0,1410000
2026-08-25 13:20:00,ATM+3,PE,420.0,393.85,24.7,24.7,24.7,24.7,0.0,0,1410000
2026-08-25 13:25:00,ATM+3,PE,420.0,394.1,24.7,24.7,24.7,24.7,0.0,0,1410000
2026-08-25 13:30:00,ATM+3,PE,420.0,394.6,24.7,24.7,24.7,24.7,0.0,0,1410000
2026-08-25 13:35:00,ATM+3,PE,420.0,394.5,24.7,24.7,24.7,24.7,0.0,0,1410000
2026-08-25 13:40:00,ATM+3,PE,420.0,394.4,24.7,24.7,24.7,24.7,0.0,0,1410000
2026-08-25 13:45:00,ATM+3,PE,420.0,394.2,24.7,24.7,24.7,24.7,0.0,0,1410000
2026-08-25 13:50:00,ATM+3,PE,420.0,394.75,24.7,24.7,24.7,24.7,0.0,0,1410000
2026-08-25 13:55:00,ATM+3,PE,420.0,394.6,24.7,24.7,24.7,24.7,0.0,0,1410000
2026-08-25 14:00:00,ATM+3,PE,420.0,394.3,24.7,24.7,24.7,24.7,0.0,0,1410000
2026-08-25 14:05:00,ATM+3,PE,420.0,394.25,24.7,26.3,24.7,26.3,0.0,1875,1410000
2026-08-25 14:10:00,ATM+3,PE,420.0,393.75,26.3,26.3,26.3,26.3,0.0,1875,1408125
2026-08-25 14:15:00,ATM+3,PE,420.0,394.05,26.3,26.6,26.25,26.25,0.0,5625,1402500
2026-08-25 14:20:00,ATM+3,PE,420.0,393.75,26.25,26.25,26.25,26.25,0.0,0,1402500
2026-08-25 14:25:00,ATM+3,PE,420.0,394.1,26.25,26.25,25.75,25.75,0.0,1875,1400625
2026-08-25 14:30:00,ATM+3,PE,420.0,393.9,25.75,25.8,25.75,25.8,0.0,5625,1396875
2026-08-25 14:35:00,ATM+3,PE,420.0,394.3,25.8,25.8,25.8,25.8,0.0,0,1396875
2026-08-25 14:40:00,ATM+3,PE,420.0,395.0,25.75,25.8,25.75,25.75,0.0,1875,1393125
2026-08-25 14:55:00,ATM+3,PE,420.0,394.95,25.75,25.75,25.75,25.75,0.0,0,1393125
2026-08-25 15:00:00,ATM+3,PE,420.0,394.95,25.75,25.75,25.75,25.75,0.0,0,1391250
2026-08-25 15:05:00,ATM+3,PE,420.0,395.0,25.75,25.75,25.75,25.75,0.0,0,1387500
2026-08-25 15:10:00,ATM+3,PE,430.0,395.95,31.15,35.0,25.75,34.8,0.0,5625,103125
2026-08-25 15:15:00,ATM+3,PE,430.0,395.95,34.8,34.8,34.8,34.8,0.0,0,103125
2026-08-25 15:20:00,ATM+3,PE,430.0,395.95,34.8,34.8,34.8,34.8,0.0,0,103125
2026-08-25 15:25:00,ATM+3,PE,430.0,397.8,34.8,34.8,34.8,34.8,0.0,0,103125
2026-08-25 15:30:00,ATM+3,PE,430.0,397.8,34.8,34.8,34.8,34.8,0.0,0,103125
2026-08-25 15:35:00,ATM+3,PE,430.0,397.8,34.8,34.8,34.8,34.8,0.0,0,103125
