ts,offset,side,strike,spot,open,high,low,close,iv,volume,oi
2026-08-20 09:15:00,ATM-3,CE,1100.0,1133.0,30.45,42.9,28.6,39.25,30.879717,144000,2761600
2026-08-20 09:20:00,ATM-3,CE,1100.0,1136.2,40.0,42.1,39.25,41.85,30.879642,59600,2756800
2026-08-20 09:25:00,ATM-3,CE,1100.0,1136.2,42.1,42.7,41.75,41.75,30.607667,77600,2758800
2026-08-20 09:30:00,ATM-3,CE,1115.0,1141.2,28.0,33.0,28.0,33.0,28.226712,48000,287600
2026-08-20 09:35:00,ATM-3,CE,1115.0,1141.4,33.15,34.35,31.5,33.1,28.105475,36800,272000
2026-08-20 09:40:00,ATM-3,CE,1115.0,1140.3,33.5,33.6,32.85,33.4,30.793349,3600,269600
2026-08-20 09:45:00,ATM-3,CE,1115.0,1140.6,33.1,33.45,32.6,32.6,28.408067,13200,272000
2026-08-20 09:50:00,ATM-3,CE,1115.0,1139.3,32.4,32.6,31.6,31.6,28.393989,2800,271200
2026-08-20 09:55:00,ATM-3,CE,1115.0,1138.8,31.6,31.95,31.4,31.45,28.928573,6400,266800
2026-08-20 10:00:00,ATM-3,CE,1115.0,1140.5,31.3,32.6,31.3,32.45,28.266698,4000,268000
2026-08-20 10:05:00,ATM-3,CE,1115.0,1140.7,32.45,34.75,32.45,33.65,30.739466,7200,270000
2026-08-20 10:10:00,ATM-3,CE,1115.0,1139.4,32.65,33.65,31.5,31.5,28.026524,3200,271200
2026-08-20 10:15:00,ATM-3,CE,1115.0,1139.3,31.5,31.75,31.5,31.75,28.800092,400,271200
2026-08-20 10:20:00,ATM-3,CE,1115.0,1138.9,31.75,31.75,31.0,31.55,29.043601,8000,266400
2026-08-20 10:25:00,ATM-3,CE,1100.0,1137.2,44.8,45.05,29.8,42.9,31.687173,30000,2872000
2026-08-20 10:30:00,ATM-3,CE,1115.0,1137.6,43.2,43.6,29.25,30.05,27.850667,6800,261200
2026-08-20 10:35:00,ATM-3,CE,1100.0,1136.8,43.2,43.55,42.55,43.45,34.132271,9600,2875200
2026-08-20 10:40:00,ATM-3,CE,1100.0,1137.3,42.95,43.6,42.65,43.1,32.060944,20800,2876800
2026-08-20 10:45:00,ATM-3,CE,1115.0,1139.3,29.2,31.65,29.2,31.65,28.635369,6000,265600
2026-08-20 10:50:00,ATM-3,CE,1115.0,1138.9,31.65,31.65,31.0,31.35,28.649653,2000,264000
2026-08-20 10:55:00,ATM-3,CE,1115.0,1138.8,30.95,31.4,30.95,31.1,28.254116,7200,262000
2026-08-20 11:00:00,ATM-3,CE,1100.0,1135.5,31.35,45.2,31.1,42.25,33.785487,16400,2883200
2026-08-20 11:05:00,ATM-3,CE,1100.0,1133.4,42.1,42.25,40.1,40.1,32.55443,14800,2878800
2026-08-20 11:10:00,ATM-3,CE,1100.0,1130.9,39.8,40.4,37.8,37.8,31.733445,17600,2874800
2026-08-20 11:15:00,ATM-3,CE,1100.0,1130.6,37.8,38.25,37.0,37.0,30.299229,17200,2870400
2026-08-20 11:20:00,ATM-3,CE,1100.0,1129.0,37.8,37.8,36.3,36.3,31.706739,11200,2867600
2026-08-20 11:25:00,ATM-3,CE,1100.0,1128.5,36.95,36.95,36.0,36.45,33.013079,9600,2866800
2026-08-20 11:30:00,ATM-3,CE,1080.0,1127.1,36.5,54.4,36.0,53.55,39.709274,5600,343600
2026-08-20 11:35:00,ATM-3,CE,1080.0,1126.7,53.55,53.55,53.15,53.15,39.52479,800,344000
2026-08-20 11:40:00,ATM-3,CE,1100.0,1129.7,53.15,53.15,34.25,36.25,30.260623,4400,2872800
2026-08-20 11:45:00,ATM-3,CE,1100.0,1130.7,37.0,38.85,36.25,38.55,34.07715,26800,2867600
2026-08-20 11:50:00,ATM-3,CE,1100.0,1132.3,38.15,39.35,38.15,39.0,32.081713,43600,2875200
2026-08-20 11:55:00,ATM-3,CE,1100.0,1131.0,38.75,39.0,36.8,36.8,29.017472,42800,2864400
2026-08-20 12:00:00,ATM-3,CE,1100.0,1130.4,36.75,36.95,35.7,36.1,28.443156,29600,2875600
2026-08-20 12:05:00,ATM-3,CE,1100.0,1129.4,36.1,36.3,35.25,35.35,28.59568,28800,2882400
2026-08-20 12:10:00,ATM-3,CE,1100.0,1128.3,35.5,35.55,34.65,35.0,29.945326,18800,2886000
2026-08-20 12:15:00,ATM-3,CE,1100.0,1129.8,35.1,36.55,35.0,36.05,29.62385,21200,2887600
2026-08-20 12:20:00,ATM-3,CE,1100.0,1130.0,35.85,37.05,35.85,36.0,29.084718,66000,2882400
2026-08-20 12:25:00,ATM-3,CE,1100.0,1131.1,35.95,36.8,35.65,36.45,27.900466,48400,2892800
2026-08-20 12:30:00,ATM-3,CE,1100.0,1130.8,36.55,37.05,36.1,36.55,28.860887,50800,2926800
2026-08-20 12:35:00,ATM-3,CE,1100.0,1129.9,36.6,36.6,35.7,35.95,29.199979,49200,2921200
2026-08-20 12:40:00,ATM-3,CE,1100.0,1128.7,35.9,35.95,34.45,34.5,27.904892,50800,2927200
2026-08-20 12:45:00,ATM-3,CE,1100.0,1128.8,34.85,36.6,34.5,35.5,30.308212,48000,2944800
2026-08-20 12:50:00,ATM-3,CE,1100.0,1133.2,36.5,38.6,35.5,38.6,29.179119,21200,2944800
2026-08-20 12:55:00,ATM-3,CE,1100.0,1133.7,39.05,39.1,38.6,38.9,28.869188,15200,2942000
2026-08-20 13:00:00,ATM-3,CE,1100.0,1134.4,38.9,39.35,38.7,39.35,28.493485,30400,2941600
2026-08-20 13:05:00,ATM-3,CE,1100.0,1133.6,39.25,39.35,38.0,38.0,26.42414,22400,2940000
2026-08-20 13:10:00,ATM-3,CE,1100.0,1134.8,38.0,38.35,38.0,38.35,24.128443,1200,2936800
2026-08-20 13:15:00,ATM-3,CE,1100.0,1135.0,38.35,39.4,38.35,38.7,24.76997,6400,2932000
2026-08-20 13:20:00,ATM-3,CE,1100.0,1135.7,39.0,39.85,38.7,39.7,26.146242,7600,2929600
2026-08-20 13:25:00,ATM-3,CE,1100.0,1136.1,39.7,39.85,39.5,39.85,25.473251,1200,2930000
2026-08-20 13:30:00,ATM-3,CE,1100.0,1135.1,39.65,39.85,39.05,39.05,25.720416,6000,2928400
2026-08-20 13:35:00,ATM-3,CE,1100.0,1136.4,39.0,39.85,39.0,39.85,24.532767,3600,2929600
2026-08-20 13:40:00,ATM-3,CE,1115.0,1138.0,40.1,40.65,27.4,28.35,23.395314,7600,252400
2026-08-20 13:45:00,ATM-3,CE,1115.0,1138.3,28.4,29.35,28.35,28.45,23.047032,7600,248800
2026-08-20 13:50:00,ATM-3,CE,1100.0,1135.3,41.0,41.95,38.9,38.9,24.629514,8400,2918000
2026-08-20 13:55:00,ATM-3,CE,1100.0,1134.4,39.05,39.05,37.55,38.25,25.110799,16800,2917200
2026-08-20 14:00:00,ATM-3,CE,1100.0,1133.9,38.25,38.25,37.6,37.85,25.229256,2000,2918000
2026-08-20 14:05:00,ATM-3,CE,1100.0,1132.5,37.85,37.85,36.1,36.5,24.745095,49200,2914800
2026-08-20 14:10:00,ATM-3,CE,1100.0,1134.5,36.5,36.8,36.5,36.8,18.688499,800,2914800
2026-08-20 14:15:00,ATM-3,CE,1100.0,1134.6,37.75,38.7,36.8,38.7,26.097142,7600,2910800
2026-08-20 14:20:00,ATM-3,CE,1100.0,1134.0,38.7,38.7,37.15,37.15,22.416299,10800,2906800
2026-08-20 14:25:00,ATM-3,CE,1100.0,1132.9,37.25,37.3,36.05,36.1,22.136046,20000,2908400
2026-08-20 14:30:00,ATM-3,CE,1100.0,1131.0,36.0,36.2,35.15,35.15,24.565909,8400,2910000
2026-08-20 14:35:00,ATM-3,CE,1100.0,1130.6,35.15,35.8,35.15,35.7,27.240235,3200,2908400
2026-08-20 14:40:00,ATM-3,CE,1100.0,1129.4,35.75,36.05,34.6,34.6,26.912804,5200,2906800
2026-08-20 14:45:00,ATM-3,CE,1100.0,1129.5,34.3,34.9,33.7,34.9,27.536263,22800,2900400
2026-08-20 14:50:00,ATM-3,CE,1100.0,1129.8,35.35,35.35,33.95,34.45,25.551862,24400,2902400
2026-08-20 14:55:00,ATM-3,CE,1100.0,1129.0,33.5,34.45,33.2,33.6,25.008408,11600,2899600
2026-08-20 15:00:00,ATM-3,CE,1100.0,1129.7,34.45,34.8,33.6,34.8,26.83266,8800,2897200
2026-08-20 15:05:00,ATM-3,CE,1100.0,1129.1,34.75,34.8,34.0,34.2,26.531398,2800,2895200
2026-08-20 15:10:00,ATM-3,CE,1100.0,1129.4,34.5,34.6,33.85,34.55,26.841559,28400,2885600
2026-08-20 15:15:00,ATM-3,CE,1100.0,1129.4,34.95,36.6,34.55,36.45,31.911147,13600,2880000
2026-08-20 15:20:00,ATM-3,CE,1100.0,1129.4,36.45,36.5,35.8,36.2,31.288256,14400,2884800
2026-08-20 15:25:00,ATM-3,CE,1100.0,1130.0,36.0,36.4,35.8,36.1,29.804954,16400,2880400
2026-08-20 15:30:00,ATM-3,CE,1100.0,1130.0,35.0,36.1,33.6,36.0,29.54988,17600,2870800
2026-08-20 15:35:00,ATM-3,CE,1100.0,1130.0,36.2,36.3,35.7,35.7,28.749271,8800,2868400
2026-08-21 09:30:00,ATM-3,CE,1080.0,1119.9,42.0,42.0,40.55,40.55,0.0,800,334800
2026-08-21 09:35:00,ATM-3,CE,1080.0,1120.0,40.55,40.55,40.55,40.55,0.0,0,334000
2026-08-21 09:40:00,ATM-3,CE,1080.0,1122.7,40.55,40.55,40.55,40.55,0.0,0,334000
2026-08-21 09:45:00,ATM-3,CE,1080.0,1123.8,40.55,40.55,40.55,40.55,46.201493,0,334000
2026-08-21 09:50:00,ATM-3,CE,1100.0,1129.0,40.55,40.55,29.4,31.9,21.884765,43600,2296800
2026-08-21 09:55:00,ATM-3,CE,1100.0,1128.7,31.35,31.9,31.35,31.4,20.918691,14800,2291200
2026-08-21 10:00:00,ATM-3,CE,1100.0,1127.6,31.0,50.0,29.5,30.25,20.182728,6800,2293600
2026-08-21 10:05:00,ATM-3,CE,1080.0,1126.9,50.0,50.0,29.25,50.0,31.992851,2000,333600
2026-08-21 10:10:00,ATM-3,CE,1080.0,1127.3,50.0,50.0,29.75,50.0,30.20016,7200,333600
2026-08-21 10:15:00,ATM-3,CE,1080.0,1126.9,50.0,50.0,50.0,50.0,32.027823,0,333600
2026-08-21 10:20:00,ATM-3,CE,1100.0,1130.6,50.0,50.0,29.8,33.5,22.752292,33600,2307600
2026-08-21 10:25:00,ATM-3,CE,1100.0,1131.3,33.05,35.35,32.2,34.8,25.460112,520800,2616800
2026-08-21 10:30:00,ATM-3,CE,1100.0,1132.7,34.75,36.3,33.75,36.2,26.194999,118400,2655600
2026-08-21 10:35:00,ATM-3,CE,1100.0,1131.4,35.8,36.2,34.85,35.05,26.088615,67200,2681200
2026-08-21 10:40:00,ATM-3,CE,1100.0,1130.8,34.5,35.3,33.9,33.9,23.715346,11200,2676800
2026-08-21 10:45:00,ATM-3,CE,1100.0,1128.2,34.05,34.65,31.5,31.75,24.070596,63600,2647600
2026-08-21 10:50:00,ATM-3,CE,1100.0,1130.5,31.85,33.3,31.65,33.3,22.362669,34000,2657200
2026-08-21 10:55:00,ATM-3,CE,1100.0,1130.7,34.1,34.15,33.1,33.65,23.100439,6400,2654000
2026-08-21 11:00:00,ATM-3,CE,1100.0,1131.6,33.95,33.95,33.35,33.75,19.794963,4800,2653200
2026-08-21 11:05:00,ATM-3,CE,1100.0,1130.6,33.7,34.35,33.25,34.1,25.206649,20000,2652000
2026-08-21 11:10:00,ATM-3,CE,1100.0,1131.6,34.1,34.6,33.8,34.6,23.792494,5600,2646400
2026-08-21 11:15:00,ATM-3,CE,1100.0,1131.5,34.6,36.2,34.6,34.85,25.138024,39600,2625200
2026-08-21 11:20:00,ATM-3,CE,1100.0,1132.0,34.6,35.0,34.4,35.0,24.018297,2800,2624800
2026-08-21 11:25:00,ATM-3,CE,1100.0,1129.9,34.9,35.0,33.4,33.4,24.895004,4400,2623600
2026-08-21 11:30:00,ATM-3,CE,1100.0,1130.7,33.4,34.2,32.85,34.2,25.327734,4800,2622400
2026-08-21 11:35:00,ATM-3,CE,1100.0,1130.8,34.05,34.5,33.95,33.95,24.061288,4400,2622400
2026-08-21 11:40:00,ATM-3,CE,1100.0,1130.3,34.1,34.1,33.85,33.85,25.328785,4000,2619600
2026-08-21 11:45:00,ATM-3,CE,1100.0,1132.4,33.85,35.4,33.85,35.4,24.285796,92000,2668000
2026-08-21 11:50:00,ATM-3,CE,1100.0,1132.4,35.15,36.0,35.05,35.9,26.268371,32400,2666800
2026-08-21 11:55:00,ATM-3,CE,1100.0,1131.7,35.5,35.9,34.8,34.8,24.372012,33600,2668400
2026-08-21 12:00:00,ATM-3,CE,1100.0,1132.0,35.15,35.55,34.8,35.15,24.737473,32400,2674800
2026-08-21 12:05:00,ATM-3,CE,1100.0,1132.0,35.25,35.25,35.0,35.2,24.950152,13200,2676400
2026-08-21 12:10:00,ATM-3,CE,1100.0,1131.5,35.2,35.25,34.5,34.55,24.110963,43600,2699600
2026-08-21 12:15:00,ATM-3,CE,1100.0,1131.5,34.55,34.75,34.5,34.75,24.919617,1200,2700800
2026-08-21 12:20:00,ATM-3,CE,1100.0,1132.1,34.6,34.8,34.6,34.8,22.946878,1200,2700800
2026-08-21 12:25:00,ATM-3,CE,1100.0,1130.7,35.35,35.65,34.05,34.05,24.919363,47600,2705200
2026-08-21 12:30:00,ATM-3,CE,1100.0,1131.4,34.05,34.3,33.95,34.3,23.497082,10000,2705200
2026-08-21 12:35:00,ATM-3,CE,1100.0,1131.6,34.25,34.85,34.25,34.85,25.026856,3200,2704000
2026-08-21 12:40:00,ATM-3,CE,1100.0,1130.6,34.85,34.85,33.6,33.6,23.53719,2400,2703600
2026-08-21 12:45:00,ATM-3,CE,1100.0,1129.0,33.55,34.0,32.55,32.85,25.87471,28800,2704000
2026-08-21 12:50:00,ATM-3,CE,1100.0,1129.5,32.25,32.85,32.15,32.6,23.403887,6400,2702400
2026-08-21 12:55:00,ATM-3,CE,1100.0,1129.5,32.6,32.8,32.45,32.45,22.818718,2800,2701600
2026-08-21 13:00:00,ATM-3,CE,1100.0,1128.5,31.9,32.45,31.05,32.05,24.590324,24400,2702800
2026-08-21 13:05:00,ATM-3,CE,1100.0,1129.1,31.85,32.15,31.85,32.15,23.041787,800,2702000
2026-08-21 13:10:00,ATM-3,CE,1100.0,1129.1,32.3,32.3,32.1,32.1,22.856488,3200,2700400
2026-08-21 13:15:00,ATM-3,CE,1100.0,1129.9,32.55,33.55,32.1,32.95,23.478294,56800,2689200
2026-08-21 13:20:00,ATM-3,CE,1100.0,1128.6,32.95,32.95,31.75,31.75,23.213196,60400,2673600
2026-08-21 13:25:00,ATM-3,CE,1100.0,1128.6,31.8,32.1,31.6,32.1,24.531827,20000,2645600
2026-08-21 13:30:00,ATM-3,CE,1080.0,1127.3,31.75,50.1,30.8,50.1,31.431112,15600,318400
2026-08-21 13:35:00,ATM-3,CE,1080.0,1127.0,50.1,50.1,50.1,50.1,32.79109,0,318400
2026-08-21 13:40:00,ATM-3,CE,1080.0,1127.5,50.1,50.1,50.1,50.1,30.496303,0,318400
2026-08-21 13:45:00,ATM-3,CE,1080.0,1127.3,30.65,50.1,30.45,50.1,31.485598,3600,318400
2026-08-21 13:50:00,ATM-3,CE,1100.0,1127.6,48.7,50.1,30.35,30.5,21.792771,9200,2694800
2026-08-21 13:55:00,ATM-3,CE,1080.0,1126.6,30.4,48.4,30.4,47.7,0.0,2000,316800
2026-08-21 14:00:00,ATM-3,CE,1080.0,1125.0,47.7,47.7,47.25,47.25,27.415578,400,316000
2026-08-21 14:05:00,ATM-3,CE,1080.0,1125.7,46.55,47.25,46.3,46.3,0.0,1200,315200
2026-08-21 14:10:00,ATM-3,CE,1080.0,1125.0,46.95,46.95,46.3,46.95,25.445343,400,314800
2026-08-21 14:15:00,ATM-3,CE,1080.0,1124.5,46.95,46.95,46.95,46.95,28.42083,0,314800
2026-08-21 14:20:00,ATM-3,CE,1080.0,1124.4,46.95,46.95,46.15,46.15,23.655082,800,314400
2026-08-21 14:25:00,ATM-3,CE,1080.0,1122.8,46.15,46.15,44.7,44.75,24.567727,1600,313200
2026-08-21 14:30:00,ATM-3,CE,1080.0,1122.0,44.75,44.75,44.75,44.75,28.893289,0,313200
2026-08-21 14:35:00,ATM-3,CE,1080.0,1121.7,44.75,45.1,44.75,45.1,31.749375,2800,312400
2026-08-21 14:40:00,ATM-3,CE,1080.0,1120.8,44.8,45.1,43.95,43.95,30.222899,1200,310000
2026-08-21 14:45:00,ATM-3,CE,1080.0,1120.7,43.7,43.95,43.7,43.7,29.510426,800,309200
2026-08-21 14:50:00,ATM-3,CE,1080.0,1120.1,43.7,43.7,43.15,43.15,29.459061,2400,306800
2026-08-21 14:55:00,ATM-3,CE,1080.0,1120.0,43.15,43.15,43.15,43.15,29.873865,0,306000
2026-08-21 15:00:00,ATM-3,CE,1080.0,1120.0,43.15,43.15,43.15,43.15,29.890755,0,306000
2026-08-21 15:05:00,ATM-3,CE,1080.0,1118.7,42.4,43.15,42.4,42.4,31.53947,800,305600
2026-08-21 15:10:00,ATM-3,CE,1080.0,1119.0,42.4,42.4,42.0,42.0,28.752121,2800,306400
2026-08-21 15:15:00,ATM-3,CE,1080.0,1119.0,42.3,42.3,42.0,42.3,30.086432,400,306000
2026-08-21 15:20:00,ATM-3,CE,1080.0,1119.0,42.3,44.5,42.3,44.5,38.211211,800,306000
2026-08-21 15:25:00,ATM-3,CE,1080.0,1121.0,44.5,44.5,44.2,44.2,30.699722,400,305600
2026-08-21 15:30:00,ATM-3,CE,1080.0,1121.0,44.2,44.2,44.2,44.2,30.717036,800,305600
2026-08-21 15:35:00,ATM-3,CE,1080.0,1121.0,44.2,44.35,44.2,44.35,31.389353,800,304800
2026-08-24 09:15:00,ATM-3,CE,1115.0,1139.9,28.45,37.4,24.15,27.35,37.854863,47200,286800
2026-08-24 09:20:00,ATM-3,CE,1115.0,1142.3,28.35,31.1,27.35,31.1,48.209689,48800,264800
2026-08-24 09:25:00,ATM-3,CE,1115.0,1139.9,31.25,31.25,26.5,28.5,44.669427,20000,262400
2026-08-24 09:30:00,ATM-3,CE,1115.0,1137.9,29.05,29.05,26.0,26.0,39.871678,53200,244000
2026-08-24 09:35:00,ATM-3,CE,1115.0,1138.2,26.2,26.95,25.95,26.6,41.91102,16400,236000
2026-08-24 09:40:00,ATM-3,CE,1115.0,1138.8,26.7,26.95,26.15,26.6,39.187513,37200,210000
2026-08-24 09:45:00,ATM-3,CE,1100.0,1135.2,40.7,40.7,37.7,37.7,48.935066,16000,1534000
2026-08-24 09:50:00,ATM-3,CE,1100.0,1136.4,38.65,39.05,37.7,38.85,49.754929,14400,1526000
2026-08-24 09:55:00,ATM-3,CE,1100.0,1136.3,39.15,39.8,38.8,38.8,50.104038,25600,1520000
2026-08-24 10:00:00,ATM-3,CE,1100.0,1135.2,39.05,39.05,37.6,37.6,48.43581,15200,1510800
2026-08-24 10:05:00,ATM-3,CE,1100.0,1133.8,37.9,37.9,36.45,36.75,51.000989,16000,1505600
2026-08-24 10:10:00,ATM-3,CE,1100.0,1135.6,36.75,38.5,36.75,38.5,52.483194,10800,1494000
2026-08-24 10:15:00,ATM-3,CE,1100.0,1134.4,38.25,38.5,37.6,37.7,54.019007,14000,1484000
2026-08-24 10:20:00,ATM-3,CE,1100.0,1135.9,37.5,38.35,37.3,38.1,47.873978,12400,1478000
2026-08-24 10:25:00,ATM-3,CE,1100.0,1135.1,39.05,39.25,38.05,39.25,60.107879,20800,1463600
2026-08-24 10:30:00,ATM-3,CE,1100.0,1134.6,37.95,39.25,37.4,37.7,53.170142,14800,1456800
2026-08-24 10:35:00,ATM-3,CE,1100.0,1135.8,37.65,39.6,37.6,38.95,54.761637,12400,1448000
2026-08-24 10:40:00,ATM-3,CE,1100.0,1136.3,38.2,39.0,38.05,39.0,52.251597,12000,1436000
2026-08-24 10:45:00,ATM-3,CE,1100.0,1135.8,38.85,39.0,38.2,38.65,52.904018,12800,1425200
2026-08-24 10:50:00,ATM-3,CE,1100.0,1136.1,38.5,38.95,38.5,38.6,50.782086,8400,1418800
2026-08-24 10:55:00,ATM-3,CE,1100.0,1134.0,38.3,38.6,36.7,36.7,50.287489,15600,1406000
2026-08-24 11:00:00,ATM-3,CE,1100.0,1132.8,37.15,37.4,35.65,35.65,50.21907,17600,1398000
2026-08-24 11:05:00,ATM-3,CE,1100.0,1134.3,35.55,37.1,35.55,36.9,50.032829,24800,1382000
2026-08-24 11:10:00,ATM-3,CE,1100.0,1133.5,37.1,37.1,36.1,36.55,52.408695,17200,1373600
2026-08-24 11:15:00,ATM-3,CE,1100.0,1137.5,36.3,39.05,24.6,38.45,37.812297,15600,1366400
2026-08-24 11:20:00,ATM-3,CE,1100.0,1136.4,38.4,38.45,37.05,37.05,32.240547,16000,1354800
2026-08-24 11:25:00,ATM-3,CE,1100.0,1136.2,36.75,37.25,36.75,37.0,34.783405,13200,1346400
2026-08-24 11:30:00,ATM-3,CE,1100.0,1135.2,36.7,37.0,35.5,35.8,30.50278,13200,1336000
2026-08-24 11:35:00,ATM-3,CE,1100.0,1134.4,35.95,35.95,35.2,35.25,34.304917,19200,1324000
2026-08-24 11:40:00,ATM-3,CE,1100.0,1133.1,35.45,35.45,33.65,34.1,35.338776,19600,1319200
2026-08-24 11:45:00,ATM-3,CE,1100.0,1134.3,34.0,35.15,34.0,34.95,31.081236,14000,1309600
2026-08-24 11:50:00,ATM-3,CE,1100.0,1133.5,34.9,34.95,34.0,34.15,30.570761,12400,1303200
2026-08-24 11:55:00,ATM-3,CE,1100.0,1131.7,34.15,34.15,31.65,32.65,33.785767,80800,1331200
2026-08-24 12:00:00,ATM-3,CE,1100.0,1133.3,32.45,33.6,32.15,33.6,0.0,45200,1359600
2026-08-24 12:05:00,ATM-3,CE,1100.0,1134.0,33.9,34.55,33.6,34.55,29.009042,8400,1351200
2026-08-24 12:10:00,ATM-3,CE,1100.0,1134.9,35.15,35.35,34.55,35.1,0.0,13200,1348000
2026-08-24 12:15:00,ATM-3,CE,1100.0,1135.9,35.45,36.9,35.1,36.7,35.238442,7600,1338000
2026-08-24 12:20:00,ATM-3,CE,1100.0,1136.7,36.55,37.55,36.25,37.55,36.682685,5200,1333600
2026-08-24 12:25:00,ATM-3,CE,1100.0,1136.9,37.35,37.65,37.3,37.4,29.927742,11200,1328000
2026-08-24 12:30:00,ATM-3,CE,1100.0,1136.6,37.4,37.5,36.8,37.5,37.474285,8800,1324400
2026-08-24 12:35:00,ATM-3,CE,1100.0,1135.3,37.35,37.5,36.15,36.15,35.809501,7600,1320000
2026-08-24 12:40:00,ATM-3,CE,1100.0,1136.2,36.0,37.25,36.0,36.8,32.176444,4800,1318000
2026-08-24 12:45:00,ATM-3,CE,1100.0,1135.0,37.35,37.35,36.1,36.1,38.983845,8000,1314400
2026-08-24 12:50:00,ATM-3,CE,1100.0,1137.0,36.1,37.65,36.1,37.65,33.931056,4800,1312800
2026-08-24 12:55:00,ATM-3,CE,1100.0,1136.2,24.5,38.5,24.0,37.75,44.953039,11600,1306400
2026-08-24 13:00:00,ATM-3,CE,1100.0,1136.4,37.6,37.85,36.55,37.2,36.258598,6400,1302400
2026-08-24 13:05:00,ATM-3,CE,1100.0,1136.3,37.1,37.55,36.95,37.55,42.095097,11600,1302800
2026-08-24 13:10:00,ATM-3,CE,1100.0,1136.9,37.55,37.9,37.55,37.9,39.664071,5200,1301200
2026-08-24 13:15:00,ATM-3,CE,1100.0,1137.4,37.6,38.2,37.35,38.2,37.251033,5200,1298400
2026-08-24 13:20:00,ATM-3,CE,1100.0,1136.8,38.85,38.9,24.5,38.8,49.997798,6400,1296000
2026-08-24 13:25:00,ATM-3,CE,1100.0,1134.5,38.5,38.8,37.4,37.9,58.190976,14400,1288400
2026-08-24 13:30:00,ATM-3,CE,1100.0,1128.7,37.9,37.9,31.25,31.85,50.423365,31600,1280400
2026-08-24 13:35:00,ATM-3,CE,1100.0,1128.9,31.4,31.85,31.3,31.55,47.383417,15200,1272000
2026-08-24 13:40:00,ATM-3,CE,1100.0,1129.1,31.55,31.8,31.05,31.05,42.50039,4000,1272000
2026-08-24 13:45:00,ATM-3,CE,1100.0,1128.8,31.0,31.45,30.55,30.55,40.65352,24800,1276800
2026-08-24 13:50:00,ATM-3,CE,1100.0,1128.7,30.95,30.95,30.3,30.95,44.553711,4000,1275200
2026-08-24 13:55:00,ATM-3,CE,1100.0,1128.5,30.2,31.0,30.2,30.35,41.33107,5600,1272400
2026-08-24 14:00:00,ATM-3,CE,1100.0,1129.3,30.7,31.2,30.35,31.0,40.935888,2400,1272000
2026-08-24 14:05:00,ATM-3,CE,1100.0,1129.7,31.2,31.35,30.9,31.35,40.962263,4400,1274400
2026-08-24 14:10:00,ATM-3,CE,1100.0,1128.6,31.35,31.5,30.5,30.5,42.060496,3200,1274800
2026-08-24 14:15:00,ATM-3,CE,1100.0,1128.6,30.25,30.6,29.65,30.0,37.79376,19200,1281600
2026-08-24 14:20:00,ATM-3,CE,1100.0,1128.3,29.95,30.15,29.95,30.15,41.509081,8800,1285200
2026-08-24 14:25:00,ATM-3,CE,1080.0,1126.0,30.05,49.1,29.95,47.7,57.903674,12800,314000
2026-08-24 14:30:00,ATM-3,CE,1080.0,1126.0,47.8,49.05,47.7,48.35,64.307965,10400,326000
2026-08-24 14:35:00,ATM-3,CE,1080.0,1124.5,48.5,48.5,47.4,47.4,67.591919,19600,342400
2026-08-24 14:40:00,ATM-3,CE,1080.0,1123.7,47.4,47.4,46.0,46.4,65.275222,1600,347600
2026-08-24 14:45:00,ATM-3,CE,1080.0,1123.6,46.4,46.4,46.0,46.0,62.749963,400,348000
2026-08-24 14:50:00,ATM-3,CE,1080.0,1123.9,46.6,46.6,45.3,45.6,56.509081,10000,346000
2026-08-24 14:55:00,ATM-3,CE,1080.0,1123.5,45.6,46.1,45.55,45.55,59.707103,800,346400
2026-08-24 15:00:00,ATM-3,CE,1080.0,1123.8,45.6,45.6,45.55,45.6,57.657287,1200,346000
2026-08-24 15:05:00,ATM-3,CE,1080.0,1125.9,45.6,48.75,45.6,48.75,69.339743,2000,345600
2026-08-24 15:10:00,ATM-3,CE,1100.0,1129.5,29.65,32.55,29.65,32.55,52.453141,16800,1396000
2026-08-24 15:15:00,ATM-3,CE,1100.0,1129.5,32.55,34.0,32.55,34.0,61.744639,9200,1396000
2026-08-24 15:20:00,ATM-3,CE,1100.0,1129.5,34.0,36.05,34.0,35.6,71.031402,3200,1393600
2026-08-24 15:25:00,ATM-3,CE,1100.0,1130.0,35.6,36.6,31.65,31.9,44.672273,18000,1386400
2026-08-24 15:30:00,ATM-3,CE,1100.0,1130.0,34.1,37.9,31.9,37.9,81.630902,3600,1386800
2026-08-24 15:35:00,ATM-3,CE,1100.0,1130.0,37.85,38.4,37.7,37.85,81.513501,10000,1391200
2026-08-25 09:15:00,ATM-3,CE,1100.0,1130.8,30.05,31.95,30.0,30.75,0.0,4400,1087200
2026-08-25 09:20:00,ATM-3,CE,1080.0,1125.9,30.75,51.0,30.75,51.0,172.071246,4800,246800
2026-08-25 09:25:00,ATM-3,CE,1080.0,1126.2,43.65,51.0,43.65,43.65,0.0,800,246800
2026-08-25 09:30:00,ATM-3,CE,1080.0,1127.0,43.65,43.65,43.65,43.65,0.0,0,246800
2026-08-25 09:35:00,ATM-3,CE,1080.0,1127.2,43.65,43.65,43.65,43.65,0.0,0,246800
2026-08-25 09:40:00,ATM-3,CE,1080.0,1125.2,43.65,43.65,43.65,43.65,0.0,0,246400
2026-08-25 09:45:00,ATM-3,CE,1080.0,1124.0,43.65,45.25,43.65,45.25,111.277663,15200,246400
2026-08-25 09:50:00,ATM-3,CE,1080.0,1123.2,44.45,45.25,44.4,44.4,109.433394,3600,246000
2026-08-25 09:55:00,ATM-3,CE,1080.0,1125.4,43.85,45.6,43.85,45.2,0.0,22000,242800
2026-08-25 10:00:00,ATM-3,CE,1080.0,1127.1,45.2,46.3,45.2,46.3,0.0,800,242800
2026-08-25 10:05:00,ATM-3,CE,1080.0,1127.5,46.3,46.3,27.4,46.3,0.0,1600,242800
2026-08-25 10:10:00,ATM-3,CE,1100.0,1128.7,27.9,28.7,27.65,28.7,0.0,800,1035600
2026-08-25 10:15:00,ATM-3,CE,1100.0,1127.6,28.25,28.7,27.35,27.35,0.0,3200,1034000
2026-08-25 10:20:00,ATM-3,CE,1100.0,1127.6,46.3,46.3,26.85,27.0,0.0,800,1029600
2026-08-25 10:25:00,ATM-3,CE,1080.0,1126.6,46.3,46.3,46.3,46.3,0.0,0,242800
2026-08-25 10:30:00,ATM-3,CE,1080.0,1127.1,46.3,46.3,46.3,46.3,0.0,0,242800
2026-08-25 10:35:00,ATM-3,CE,1080.0,1127.4,46.3,46.3,46.3,46.3,0.0,400,242000
2026-08-25 10:40:00,ATM-3,CE,1100.0,1128.1,46.3,47.0,27.05,27.25,0.0,1200,1023200
2026-08-25 10:45:00,ATM-3,CE,1100.0,1128.2,27.25,27.7,27.25,27.7,0.0,1200,1023200
2026-08-25 10:50:00,ATM-3,CE,1080.0,1127.3,27.7,47.0,27.5,47.0,0.0,800,241600
2026-08-25 10:55:00,ATM-3,CE,1080.0,1126.6,47.0,47.0,47.0,47.0,100.407355,0,241600
2026-08-25 11:00:00,ATM-3,CE,1080.0,1127.0,47.0,47.0,46.5,46.5,0.0,400,241600
2026-08-25 11:05:00,ATM-3,CE,1080.0,1125.9,46.5,46.5,46.5,46.5,110.23561,0,241600
2026-08-25 11:10:00,ATM-3,CE,1080.0,1125.6,46.5,46.5,46.5,46.5,121.470339,0,241600
2026-08-25 11:15:00,ATM-3,CE,1080.0,1127.0,46.5,46.5,45.9,45.9,0.0,400,241600
2026-08-25 11:20:00,ATM-3,CE,1080.0,1126.4,26.1,45.9,26.1,45.9,0.0,0,241600
2026-08-25 11:25:00,ATM-3,CE,1080.0,1126.9,45.9,46.75,45.9,46.75,0.0,800,242000
2026-08-25 11:30:00,ATM-3,CE,1080.0,1126.9,46.75,46.75,46.25,46.25,0.0,2400,242000
2026-08-25 11:35:00,ATM-3,CE,1080.0,1127.5,46.25,46.25,46.25,46.25,0.0,0,242000
2026-08-25 11:40:00,ATM-3,CE,1080.0,1127.4,27.0,46.25,27.0,46.25,0.0,0,242000
2026-08-25 11:45:00,ATM-3,CE,1080.0,1127.4,46.25,46.25,46.25,46.25,0.0,0,242000
2026-08-25 11:50:00,ATM-3,CE,1100.0,1128.3,46.25,46.25,27.15,27.15,0.0,400,1102000
2026-08-25 11:55:00,ATM-3,CE,1100.0,1129.9,27.15,29.7,27.15,29.7,0.0,2800,1102000
2026-08-25 12:00:00,ATM-3,CE,1100.0,1128.2,29.65,29.7,29.5,29.5,102.955797,8800,1094800
2026-08-25 12:05:00,ATM-3,CE,1100.0,1128.3,29.5,29.5,27.6,27.6,0.0,1600,1094400
2026-08-25 12:10:00,ATM-3,CE,1100.0,1128.4,27.6,27.6,27.6,27.6,0.0,0,1094400
2026-08-25 12:15:00,ATM-3,CE,1080.0,1127.4,27.6,47.9,27.6,47.9,0.0,3200,242400
2026-08-25 12:20:00,ATM-3,CE,1080.0,1126.7,47.9,47.9,47.9,47.9,0.0,0,242400
2026-08-25 12:25:00,ATM-3,CE,1080.0,1125.0,47.9,47.9,47.9,47.9,0.0,0,242400
2026-08-25 12:30:00,ATM-3,CE,1080.0,1123.8,47.9,47.9,47.9,47.9,0.0,0,242400
2026-08-25 12:35:00,ATM-3,CE,1080.0,1121.9,44.9,47.9,42.0,42.0,88.844826,2400,241200
2026-08-25 12:40:00,ATM-3,CE,1080.0,1123.0,42.0,42.0,42.0,42.0,0.0,400,241200
2026-08-25 12:45:00,ATM-3,CE,1080.0,1123.5,42.0,42.0,41.1,42.0,0.0,5200,236000
2026-08-25 12:50:00,ATM-3,CE,1080.0,1123.7,41.9,42.85,41.85,42.85,0.0,10000,229200
2026-08-25 12:55:00,ATM-3,CE,1080.0,1123.9,42.15,42.95,41.7,42.5,0.0,8400,221600
2026-08-25 13:00:00,ATM-3,CE,1080.0,1123.5,42.45,42.5,41.8,41.8,0.0,2400,220000
2026-08-25 13:05:00,ATM-3,CE,1080.0,1124.4,41.8,41.8,41.8,41.8,0.0,0,218400
2026-08-25 13:10:00,ATM-3,CE,1080.0,1123.9,41.8,41.8,41.8,41.8,0.0,0,218400
2026-08-25 13:15:00,ATM-3,CE,1080.0,1123.8,41.8,41.8,41.8,41.8,0.0,0,218000
2026-08-25 13:20:00,ATM-3,CE,1080.0,1123.3,41.8,41.8,41.8,41.8,0.0,0,218000
2026-08-25 13:25:00,ATM-3,CE,1080.0,1122.6,41.8,41.8,41.8,41.8,0.0,0,217600
2026-08-25 13:30:00,ATM-3,CE,1080.0,1121.7,41.8,43.1,41.4,41.4,0.0,3200,217600
2026-08-25 13:35:00,ATM-3,CE,1080.0,1121.7,41.4,41.4,41.4,41.4,0.0,0,217600
2026-08-25 13:40:00,ATM-3,CE,1080.0,1121.9,41.4,41.4,41.4,41.4,0.0,0,217600
2026-08-25 13:45:00,ATM-3,CE,1080.0,1121.4,41.4,41.4,41.4,41.4,0.0,0,217600
2026-08-25 13:50:00,ATM-3,CE,1080.0,1126.4,41.4,41.4,41.4,41.4,0.0,0,217600
2026-08-25 13:55:00,ATM-3,CE,1080.0,1124.3,41.4,41.4,41.4,41.4,0.0,0,217600
2026-08-25 14:00:00,ATM-3,CE,1080.0,1125.0,41.4,41.4,41.4,41.4,0.0,0,217600
2026-08-25 14:05:00,ATM-3,CE,1080.0,1124.9,41.4,44.0,41.4,44.0,0.0,400,218000
2026-08-25 14:10:00,ATM-3,CE,1080.0,1123.8,44.0,44.0,44.0,44.0,0.0,0,218000
2026-08-25 14:15:00,ATM-3,CE,1080.0,1123.0,44.0,44.0,42.05,42.05,0.0,400,218000
2026-08-25 14:20:00,ATM-3,CE,1080.0,1124.0,42.25,42.25,42.05,42.25,0.0,400,217600
2026-08-25 14:25:00,ATM-3,CE,1080.0,1125.5,42.25,42.25,42.25,42.25,0.0,0,217600
2026-08-25 14:30:00,ATM-3,CE,1080.0,1126.7,42.25,42.25,22.2,42.25,0.0,2000,217600
2026-08-25 14:35:00,ATM-3,CE,1080.0,1126.4,42.25,42.25,42.25,42.25,0.0,0,217600
2026-08-25 14:40:00,ATM-3,CE,1080.0,1126.6,42.25,42.25,42.25,42.25,0.0,0,217600
2026-08-25 14:45:00,ATM-3,CE,1100.0,1128.8,42.25,47.8,27.65,27.65,0.0,2000,929600
2026-08-25 14:50:00,ATM-3,CE,1100.0,1129.1,27.65,27.65,27.65,27.65,0.0,0,929600
2026-08-25 14:55:00,ATM-3,CE,1100.0,1129.9,27.65,29.1,27.65,29.1,0.0,3600,928400
2026-08-25 15:00:00,ATM-3,CE,1100.0,1130.9,29.1,29.1,29.1,29.1,0.0,0,928400
2026-08-25 15:05:00,ATM-3,CE,1100.0,1130.3,31.05,31.05,29.1,29.5,0.0,5600,928000
2026-08-25 15:10:00,ATM-3,CE,1100.0,1131.6,29.5,31.1,29.5,31.1,0.0,800,928800
2026-08-25 15:15:00,ATM-3,CE,1100.0,1131.6,31.1,31.1,31.1,31.1,0.0,0,928800
2026-08-25 15:20:00,ATM-3,CE,1100.0,1131.6,32.1,32.7,31.1,32.7,0.0,1600,927600
2026-08-25 15:25:00,ATM-3,CE,1115.0,1144.0,32.7,32.7,15.0,24.5,0.0,1200,181200
2026-08-25 15:30:00,ATM-3,CE,1115.0,1144.0,25.0,25.0,24.5,25.0,0.0,400,181200
2026-08-25 15:35:00,ATM-3,CE,1115.0,1144.0,25.0,25.0,23.4,23.4,0.0,2800,179200
2026-08-20 09:15:00,ATM-3,PE,1100.0,1133.0,4.2,4.35,2.4,2.65,25.091299,518000,3103200
2026-08-20 09:20:00,ATM-3,PE,1100.0,1136.2,2.4,2.65,2.15,2.25,25.242156,467200,3116800
2026-08-20 09:25:00,ATM-3,PE,1100.0,1136.2,2.1,2.25,1.95,2.05,24.540242,353200,3138800
2026-08-20 09:30:00,ATM-3,PE,1115.0,1141.2,3.75,3.75,3.1,3.1,22.837127,106400,328400
2026-08-20 09:35:00,ATM-3,PE,1115.0,1141.4,2.95,3.5,2.95,3.4,23.768627,215600,334000
2026-08-20 09:40:00,ATM-3,PE,1115.0,1140.3,3.4,3.5,3.4,3.4,23.213102,8400,335600
2026-08-20 09:45:00,ATM-3,PE,1115.0,1140.6,3.4,3.55,3.35,3.55,23.775262,95200,360800
2026-08-20 09:50:00,ATM-3,PE,1115.0,1139.3,3.5,3.6,3.5,3.6,23.237757,7600,362000
2026-08-20 09:55:00,ATM-3,PE,1115.0,1138.8,3.45,3.6,3.45,3.5,22.721286,10800,362400
2026-08-20 10:00:00,ATM-3,PE,1115.0,1140.5,3.55,3.55,3.35,3.45,23.47867,34000,377600
2026-08-20 10:05:00,ATM-3,PE,1115.0,1140.7,3.45,3.45,3.2,3.3,23.183528,20400,386400
2026-08-20 10:10:00,ATM-3,PE,1115.0,1139.4,3.65,3.85,3.3,3.7,23.57964,13200,382800
2026-08-20 10:15:00,ATM-3,PE,1115.0,1139.3,3.7,3.85,3.7,3.75,23.663813,11200,374400
2026-08-20 10:20:00,ATM-3,PE,1115.0,1138.9,3.75,3.85,3.65,3.65,23.200412,23200,359200
2026-08-20 10:25:00,ATM-3,PE,1100.0,1137.2,2.15,3.9,2.15,2.35,26.145213,114800,3155600
2026-08-20 10:30:00,ATM-3,PE,1115.0,1137.6,2.25,3.95,2.15,3.75,22.779485,50000,376400
2026-08-20 10:35:00,ATM-3,PE,1100.0,1136.8,2.15,2.2,2.1,2.1,25.095801,44800,3167200
2026-08-20 10:40:00,ATM-3,PE,1100.0,1137.3,2.15,2.2,2.1,2.15,25.506969,55600,3163200
2026-08-20 10:45:00,ATM-3,PE,1115.0,1139.3,3.75,3.85,3.4,3.4,22.787982,4000,374800
2026-08-20 10:50:00,ATM-3,PE,1115.0,1138.9,3.4,3.5,3.4,3.5,22.850779,14000,374800
2026-08-20 10:55:00,ATM-3,PE,1115.0,1138.8,3.55,3.55,3.5,3.5,22.805292,24800,391600
2026-08-20 11:00:00,ATM-3,PE,1100.0,1135.5,3.5,3.5,2.0,2.3,25.256553,44400,3168400
2026-08-20 11:05:00,ATM-3,PE,1100.0,1133.4,2.3,2.6,2.3,2.6,25.292377,61200,3154000
2026-08-20 11:10:00,ATM-3,PE,1100.0,1130.9,2.65,3.05,2.5,3.0,25.34179,92000,3112800
2026-08-20 11:15:00,ATM-3,PE,1100.0,1130.6,3.05,3.3,2.95,3.2,25.795012,100000,3122800
2026-08-20 11:20:00,ATM-3,PE,1100.0,1129.0,3.1,3.35,3.1,3.25,25.144726,132000,3112800
2026-08-20 11:25:00,ATM-3,PE,1100.0,1128.5,3.35,3.35,3.15,3.35,25.184149,16400,3118400
2026-08-20 11:30:00,ATM-3,PE,1080.0,1127.1,3.25,3.35,1.65,1.7,28.492993,41200,734400
2026-08-20 11:35:00,ATM-3,PE,1080.0,1126.7,1.7,1.8,1.7,1.8,28.772861,40000,738800
2026-08-20 11:40:00,ATM-3,PE,1100.0,1129.7,1.8,3.9,1.8,3.2,25.384652,50000,3103600
2026-08-20 11:45:00,ATM-3,PE,1100.0,1130.7,3.25,3.25,2.85,2.9,24.996733,30400,3105200
2026-08-20 11:50:00,ATM-3,PE,1100.0,1132.3,3.0,3.0,2.7,2.75,25.318357,95600,3116400
2026-08-20 11:55:00,ATM-3,PE,1100.0,1131.0,2.95,3.05,2.75,3.05,25.613381,37200,3120400
2026-08-20 12:00:00,ATM-3,PE,1100.0,1130.4,3.05,3.3,3.05,3.25,25.914643,34400,3100400
2026-08-20 12:05:00,ATM-3,PE,1100.0,1129.4,3.2,3.35,3.15,3.3,25.563092,63600,3112800
2026-08-20 12:10:00,ATM-3,PE,1100.0,1128.3,3.25,3.55,3.25,3.55,25.715895,58800,3106000
2026-08-20 12:15:00,ATM-3,PE,1100.0,1129.8,3.5,3.55,3.1,3.15,25.344587,66800,3106800
2026-08-20 12:20:00,ATM-3,PE,1100.0,1130.0,3.2,3.2,2.9,3.05,25.156974,42400,3109600
2026-08-20 12:25:00,ATM-3,PE,1100.0,1131.1,3.0,3.1,2.9,2.95,25.409074,22000,3113600
2026-08-20 12:30:00,ATM-3,PE,1100.0,1130.8,2.9,3.0,2.9,2.9,25.117138,45200,3117200
2026-08-20 12:35:00,ATM-3,PE,1100.0,1129.9,2.85,3.1,2.85,3.0,24.981777,29200,3126800
2026-08-20 12:40:00,ATM-3,PE,1100.0,1128.7,3.0,3.35,3.0,3.3,25.262919,114800,3116000
2026-08-20 12:45:00,ATM-3,PE,1100.0,1128.8,3.25,3.3,2.9,3.1,24.741856,78000,3130800
2026-08-20 12:50:00,ATM-3,PE,1100.0,1133.2,3.0,3.1,2.45,2.45,24.87336,119600,3110000
2026-08-20 12:55:00,ATM-3,PE,1100.0,1133.7,2.45,2.55,2.3,2.55,25.447795,169200,3145600
2026-08-20 13:00:00,ATM-3,PE,1100.0,1134.4,2.55,2.6,2.55,2.6,25.951434,69200,3137600
2026-08-20 13:05:00,ATM-3,PE,1100.0,1133.6,2.65,2.75,2.6,2.75,26.065504,16400,3137200
2026-08-20 13:10:00,ATM-3,PE,1100.0,1134.8,2.75,2.9,2.7,2.7,26.485242,10400,3137200
2026-08-20 13:15:00,ATM-3,PE,1100.0,1135.0,2.7,2.7,2.65,2.65,26.424796,6800,3131200
2026-08-20 13:20:00,ATM-3,PE,1100.0,1135.7,2.6,2.65,2.5,2.5,26.261703,20400,3129600
2026-08-20 13:25:00,ATM-3,PE,1100.0,1136.1,2.5,2.5,2.4,2.45,26.28606,8000,3133600
2026-08-20 13:30:00,ATM-3,PE,1100.0,1135.1,2.45,2.55,2.4,2.55,26.165736,25600,3130800
2026-08-20 13:35:00,ATM-3,PE,1100.0,1136.4,2.55,2.55,2.45,2.45,26.442167,41600,3141200
2026-08-20 13:40:00,ATM-3,PE,1115.0,1138.0,2.4,4.3,2.4,4.3,24.666255,2000,371600
2026-08-20 13:45:00,ATM-3,PE,1115.0,1138.3,4.1,4.3,3.95,3.95,23.953703,16400,376400
2026-08-20 13:50:00,ATM-3,PE,1100.0,1135.3,2.35,2.6,2.15,2.55,26.293556,87600,3060000
2026-08-20 13:55:00,ATM-3,PE,1100.0,1134.4,2.7,2.8,2.55,2.75,26.533575,31600,3051200
2026-08-20 14:00:00,ATM-3,PE,1100.0,1133.9,2.7,2.8,2.7,2.8,26.462715,10800,3052400
2026-08-20 14:05:00,ATM-3,PE,1100.0,1132.5,2.8,3.05,2.8,2.95,26.262647,144400,3065200
2026-08-20 14:10:00,ATM-3,PE,1100.0,1134.5,3.0,3.0,2.75,2.75,26.60725,33200,3052400
2026-08-20 14:15:00,ATM-3,PE,1100.0,1134.6,2.7,2.8,2.7,2.75,26.663794,12800,3068400
2026-08-20 14:20:00,ATM-3,PE,1100.0,1134.0,2.6,2.85,2.6,2.85,26.705171,34400,3064400
2026-08-20 14:25:00,ATM-3,PE,1100.0,1132.9,2.9,3.0,2.8,3.0,26.648627,43600,3062800
2026-08-20 14:30:00,ATM-3,PE,1100.0,1131.0,3.0,3.15,2.95,3.05,25.868233,94400,3060000
2026-08-20 14:35:00,ATM-3,PE,1100.0,1130.6,3.05,3.05,2.9,2.9,25.219597,14800,3050800
2026-08-20 14:40:00,ATM-3,PE,1100.0,1129.4,2.85,3.15,2.85,3.15,25.377406,33200,3040000
2026-08-20 14:45:00,ATM-3,PE,1100.0,1129.5,3.25,3.3,3.0,3.05,25.139067,62000,3039600
2026-08-20 14:50:00,ATM-3,PE,1100.0,1129.8,3.05,3.15,2.9,2.95,24.997158,223600,3045600
2026-08-20 14:55:00,ATM-3,PE,1100.0,1129.0,2.95,3.25,2.95,3.1,25.050419,76800,3019600
2026-08-20 15:00:00,ATM-3,PE,1100.0,1129.7,3.05,3.1,2.9,2.95,24.963124,45200,3044400
2026-08-20 15:05:00,ATM-3,PE,1100.0,1129.1,3.05,3.1,2.95,2.95,24.669122,35600,3019600
2026-08-20 15:10:00,ATM-3,PE,1100.0,1129.4,2.9,3.05,2.9,2.9,24.676737,74400,3022000
2026-08-20 15:15:00,ATM-3,PE,1100.0,1129.4,2.95,2.95,2.55,2.6,23.755646,32800,3040000
2026-08-20 15:20:00,ATM-3,PE,1100.0,1129.4,2.6,2.65,2.55,2.55,23.604981,54800,3048800
2026-08-20 15:25:00,ATM-3,PE,1100.0,1130.0,2.55,2.55,2.45,2.45,23.584617,18000,3056000
2026-08-20 15:30:00,ATM-3,PE,1100.0,1130.0,2.7,2.7,2.3,2.35,23.265317,50400,3052400
2026-08-20 15:35:00,ATM-3,PE,1100.0,1130.0,2.4,2.55,2.3,2.45,23.599927,58400,3084400
2026-08-21 09:15:00,ATM-3,PE,1080.0,1121.6,0.95,1.55,0.95,1.3,26.712457,186400,663600
2026-08-21 09:20:00,ATM-3,PE,1080.0,1124.1,1.25,1.3,1.0,1.1,26.729096,133200,659200
2026-08-21 09:25:00,ATM-3,PE,1080.0,1122.3,1.1,1.15,1.05,1.15,26.234179,19600,658800
2026-08-21 09:30:00,ATM-3,PE,1080.0,1119.9,1.2,1.45,1.15,1.45,26.724604,132000,657600
2026-08-21 09:35:00,ATM-3,PE,1080.0,1120.0,1.3,1.45,1.25,1.3,26.026468,83200,654000
2026-08-21 09:40:00,ATM-3,PE,1080.0,1122.7,1.3,1.3,1.2,1.2,26.720655,213200,700800
2026-08-21 09:45:00,ATM-3,PE,1080.0,1123.8,1.15,1.2,1.15,1.2,27.219993,113200,760800
2026-08-21 09:50:00,ATM-3,PE,1100.0,1129.0,1.25,2.85,1.15,2.55,25.317908,212000,2599200
2026-08-21 09:55:00,ATM-3,PE,1100.0,1128.7,2.85,2.85,2.55,2.8,26.008206,54400,2622400
2026-08-21 10:00:00,ATM-3,PE,1100.0,1127.6,2.75,3.05,1.25,2.85,25.577913,138000,2636000
2026-08-21 10:05:00,ATM-3,PE,1080.0,1126.9,1.25,3.05,1.2,1.2,28.63014,22800,742800
2026-08-21 10:10:00,ATM-3,PE,1080.0,1127.3,1.25,2.95,1.2,1.25,29.103199,89200,734000
2026-08-21 10:15:00,ATM-3,PE,1080.0,1126.9,1.25,1.4,1.25,1.4,29.763821,26000,732800
2026-08-21 10:20:00,ATM-3,PE,1100.0,1130.6,1.4,3.0,1.4,2.5,26.056497,114000,2638800
2026-08-21 10:25:00,ATM-3,PE,1100.0,1131.3,2.55,2.6,2.35,2.45,26.258642,89200,2648000
2026-08-21 10:30:00,ATM-3,PE,1100.0,1132.7,2.55,2.65,2.45,2.5,27.182628,127600,2689600
2026-08-21 10:35:00,ATM-3,PE,1100.0,1131.4,2.55,2.7,2.5,2.7,27.211815,88800,2734000
2026-08-21 10:40:00,ATM-3,PE,1100.0,1130.8,2.75,3.0,2.7,3.0,27.914916,39200,2727600
2026-08-21 10:45:00,ATM-3,PE,1100.0,1128.2,2.9,3.25,2.85,3.1,26.811366,96800,2763600
2026-08-21 10:50:00,ATM-3,PE,1100.0,1130.5,3.15,3.2,2.95,3.2,28.428349,29600,2745600
2026-08-21 10:55:00,ATM-3,PE,1100.0,1130.7,3.1,3.3,3.05,3.25,28.712855,20400,2732000
2026-08-21 11:00:00,ATM-3,PE,1100.0,1131.6,3.25,3.25,3.05,3.05,28.56343,28000,2726400
2026-08-21 11:05:00,ATM-3,PE,1100.0,1130.6,3.2,3.35,3.05,3.2,28.517449,73200,2726400
2026-08-21 11:10:00,ATM-3,PE,1100.0,1131.6,3.2,3.2,3.0,3.0,28.418559,22800,2703600
2026-08-21 11:15:00,ATM-3,PE,1100.0,1131.5,3.0,3.05,2.8,3.0,28.375136,47600,2706400
2026-08-21 11:20:00,ATM-3,PE,1100.0,1132.0,3.0,3.1,2.95,2.95,28.49013,58400,2708000
2026-08-21 11:25:00,ATM-3,PE,1100.0,1129.9,3.05,3.25,2.95,3.15,28.009619,9600,2697600
2026-08-21 11:30:00,ATM-3,PE,1100.0,1130.7,3.3,3.45,3.15,3.25,28.792137,32000,2700400
2026-08-21 11:35:00,ATM-3,PE,1100.0,1130.8,3.25,3.25,3.15,3.15,28.532525,8800,2695600
2026-08-21 11:40:00,ATM-3,PE,1100.0,1130.3,3.25,3.35,3.15,3.25,28.591228,20800,2691600
2026-08-21 11:45:00,ATM-3,PE,1100.0,1132.4,3.25,3.25,2.95,2.95,28.764022,82000,2684000
2026-08-21 11:50:00,ATM-3,PE,1100.0,1132.4,3.0,3.0,2.65,2.7,27.909451,118800,2650800
2026-08-21 11:55:00,ATM-3,PE,1100.0,1131.7,2.75,2.75,2.7,2.75,27.719385,6400,2650800
2026-08-21 12:00:00,ATM-3,PE,1100.0,1132.0,2.75,2.8,2.75,2.8,28.065732,40400,2638400
2026-08-21 12:05:00,ATM-3,PE,1100.0,1132.0,2.8,2.85,2.8,2.8,28.076892,4000,2636800
2026-08-21 12:10:00,ATM-3,PE,1100.0,1131.5,2.8,2.9,2.8,2.9,28.160184,10800,2632400
2026-08-21 12:15:00,ATM-3,PE,1100.0,1131.5,2.9,3.05,2.85,2.85,28.000428,6400,2631600
2026-08-21 12:20:00,ATM-3,PE,1100.0,1132.1,2.85,2.85,2.7,2.75,27.990396,8800,2628400
2026-08-21 12:25:00,ATM-3,PE,1100.0,1130.7,2.8,2.8,2.6,2.65,26.896512,39200,2632000
2026-08-21 12:30:00,ATM-3,PE,1100.0,1131.4,2.75,2.8,2.65,2.75,27.634328,12800,2637600
2026-08-21 12:35:00,ATM-3,PE,1100.0,1131.6,2.75,2.75,2.75,2.75,27.753704,1200,2631600
2026-08-21 12:40:00,ATM-3,PE,1100.0,1130.6,2.75,2.9,2.75,2.9,27.733845,11200,2630000
2026-08-21 12:45:00,ATM-3,PE,1100.0,1129.0,2.9,3.25,2.75,3.25,28.004147,20800,2629200
2026-08-21 12:50:00,ATM-3,PE,1100.0,1129.5,3.3,3.35,3.15,3.25,28.299081,40400,2639600
2026-08-21 12:55:00,ATM-3,PE,1100.0,1129.5,3.25,3.25,3.15,3.15,27.985576,46800,2670400
2026-08-21 13:00:00,ATM-3,PE,1100.0,1128.5,3.35,3.6,3.15,3.4,28.229759,32800,2674400
2026-08-21 13:05:00,ATM-3,PE,1100.0,1129.1,3.4,3.4,3.25,3.25,28.105907,10000,2669600
2026-08-21 13:10:00,ATM-3,PE,1100.0,1129.1,3.2,3.25,3.2,3.2,27.955604,36800,2685200
2026-08-21 13:15:00,ATM-3,PE,1100.0,1129.9,3.05,3.2,2.8,2.85,27.255357,58800,2656800
2026-08-21 13:20:00,ATM-3,PE,1100.0,1128.6,2.9,3.1,2.85,3.05,27.206047,18000,2659600
2026-08-21 13:25:00,ATM-3,PE,1100.0,1128.6,3.1,3.15,3.05,3.05,27.216974,8800,2663600
2026-08-21 13:30:00,ATM-3,PE,1080.0,1127.3,3.05,3.2,1.3,1.3,29.859835,140000,658800
2026-08-21 13:35:00,ATM-3,PE,1080.0,1127.0,1.3,1.35,1.3,1.3,29.736729,58400,667200
2026-08-21 13:40:00,ATM-3,PE,1080.0,1127.5,1.3,1.3,1.25,1.25,29.687908,5200,662000
2026-08-21 13:45:00,ATM-3,PE,1080.0,1127.3,3.05,3.05,1.25,1.25,29.610415,6000,661600
2026-08-21 13:50:00,ATM-3,PE,1100.0,1127.6,1.25,3.05,1.2,3.0,26.540337,18000,2510800
2026-08-21 13:55:00,ATM-3,PE,1080.0,1126.6,2.95,3.0,1.25,1.25,29.320061,4800,658800
2026-08-21 14:00:00,ATM-3,PE,1080.0,1125.0,1.25,1.35,1.25,1.25,28.609098,96000,685200
2026-08-21 14:05:00,ATM-3,PE,1080.0,1125.7,1.3,1.3,1.25,1.25,28.937886,2400,684000
2026-08-21 14:10:00,ATM-3,PE,1080.0,1125.0,1.25,1.25,1.25,1.25,28.632573,6400,679600
2026-08-21 14:15:00,ATM-3,PE,1080.0,1124.5,1.25,1.3,1.25,1.3,28.696197,36000,670400
2026-08-21 14:20:00,ATM-3,PE,1080.0,1124.4,1.3,1.3,1.2,1.2,28.098905,24400,654000
2026-08-21 14:25:00,ATM-3,PE,1080.0,1122.8,1.2,1.25,1.15,1.25,27.663303,58800,647600
2026-08-21 14:30:00,ATM-3,PE,1080.0,1122.0,1.25,1.25,1.15,1.2,27.029076,74400,655200
2026-08-21 14:35:00,ATM-3,PE,1080.0,1121.7,1.15,1.2,1.1,1.1,26.331946,22400,654000
2026-08-21 14:40:00,ATM-3,PE,1080.0,1120.8,1.15,1.3,1.1,1.3,27.043499,114000,659200
2026-08-21 14:45:00,ATM-3,PE,1080.0,1120.7,1.2,1.3,1.2,1.2,26.464628,112400,653600
2026-08-21 14:50:00,ATM-3,PE,1080.0,1120.1,1.2,1.25,1.15,1.15,25.920334,116000,678800
2026-08-21 14:55:00,ATM-3,PE,1080.0,1120.0,1.1,1.15,1.1,1.15,25.884998,33200,655200
2026-08-21 15:00:00,ATM-3,PE,1080.0,1120.0,1.2,1.2,1.15,1.2,26.173504,104800,662400
2026-08-21 15:05:00,ATM-3,PE,1080.0,1118.7,1.2,1.2,1.2,1.2,25.579669,27200,656800
2026-08-21 15:10:00,ATM-3,PE,1080.0,1119.0,1.3,1.3,1.2,1.3,26.264628,80800,692000
2026-08-21 15:15:00,ATM-3,PE,1080.0,1119.0,1.3,1.3,1.1,1.1,25.184853,86800,688000
2026-08-21 15:20:00,ATM-3,PE,1080.0,1119.0,1.0,1.1,1.0,1.0,24.614485,8000,682400
2026-08-21 15:25:00,ATM-3,PE,1080.0,1121.0,1.0,1.0,1.0,1.0,25.527871,4800,682800
2026-08-21 15:30:00,ATM-3,PE,1080.0,1121.0,1.0,1.05,0.95,0.95,25.230295,30000,680400
2026-08-21 15:35:00,ATM-3,PE,1080.0,1121.0,0.95,1.05,0.95,1.05,25.849874,36000,665200
2026-08-24 09:15:00,ATM-3,PE,1115.0,1139.9,2.45,2.45,1.0,1.7,35.492942,227600,336400
2026-08-24 09:20:00,ATM-3,PE,1115.0,1142.3,1.7,1.7,1.6,1.7,37.768868,351200,398800
2026-08-24 09:25:00,ATM-3,PE,1115.0,1139.9,1.65,2.0,1.6,1.8,36.256335,267600,368000
2026-08-24 09:30:00,ATM-3,PE,1115.0,1137.9,1.75,1.85,1.75,1.85,34.711446,256800,373200
2026-08-24 09:35:00,ATM-3,PE,1115.0,1138.2,1.8,1.95,1.8,1.85,35.049511,108400,370800
2026-08-24 09:40:00,ATM-3,PE,1115.0,1138.8,1.7,1.85,1.7,1.7,34.692977,40800,359200
2026-08-24 09:45:00,ATM-3,PE,1100.0,1135.2,0.9,1.05,0.85,1.05,40.148178,198800,2259600
2026-08-24 09:50:00,ATM-3,PE,1100.0,1136.4,1.05,1.05,0.9,0.9,39.661702,35200,2249600
2026-08-24 09:55:00,ATM-3,PE,1100.0,1136.3,0.9,0.9,0.8,0.9,39.636172,40800,2237200
2026-08-24 10:00:00,ATM-3,PE,1100.0,1135.2,0.85,0.9,0.85,0.9,38.803648,3600,2236800
2026-08-24 10:05:00,ATM-3,PE,1100.0,1133.8,0.95,0.95,0.9,0.95,38.226268,8400,2226400
2026-08-24 10:10:00,ATM-3,PE,1100.0,1135.6,1.0,1.0,0.95,0.95,39.75618,27200,2226400
2026-08-24 10:15:00,ATM-3,PE,1100.0,1134.4,0.95,1.0,0.95,1.0,39.327662,4800,2224000
2026-08-24 10:20:00,ATM-3,PE,1100.0,1135.9,1.0,1.05,1.0,1.05,41.122402,14000,2218800
2026-08-24 10:25:00,ATM-3,PE,1100.0,1135.1,0.9,1.05,0.85,0.9,38.993897,137200,2239600
2026-08-24 10:30:00,ATM-3,PE,1100.0,1134.6,1.0,1.0,0.9,0.95,39.156479,152800,2253200
2026-08-24 10:35:00,ATM-3,PE,1100.0,1135.8,0.95,0.95,0.8,0.8,38.580011,60400,2242800
2026-08-24 10:40:00,ATM-3,PE,1100.0,1136.3,0.8,0.85,0.8,0.8,39.03487,12000,2235200
2026-08-24 10:45:00,ATM-3,PE,1100.0,1135.8,0.8,0.85,0.8,0.85,39.246737,8800,2230400
2026-08-24 10:50:00,ATM-3,PE,1100.0,1136.1,0.8,0.85,0.75,0.75,38.407809,53600,2219200
2026-08-24 10:55:00,ATM-3,PE,1100.0,1134.0,0.8,1.0,0.75,1.0,39.439018,93200,2178000
2026-08-24 11:00:00,ATM-3,PE,1100.0,1132.8,0.9,1.1,0.9,1.1,39.440035,124400,2176800
2026-08-24 11:05:00,ATM-3,PE,1100.0,1134.3,1.05,1.15,0.95,1.0,39.805135,45200,2176800
2026-08-24 11:10:00,ATM-3,PE,1100.0,1133.5,1.0,1.0,0.85,0.85,37.640998,110400,2212000
2026-08-24 11:15:00,ATM-3,PE,1100.0,1137.5,0.9,1.4,0.6,0.6,37.889971,186800,2230800
2026-08-24 11:20:00,ATM-3,PE,1100.0,1136.4,0.65,0.75,0.6,0.75,38.981323,100800,2247600
2026-08-24 11:25:00,ATM-3,PE,1100.0,1136.2,0.75,0.8,0.75,0.8,39.462181,4400,2246400
2026-08-24 11:30:00,ATM-3,PE,1100.0,1135.2,0.8,0.95,0.8,0.95,40.339825,60400,2202000
2026-08-24 11:35:00,ATM-3,PE,1100.0,1134.4,0.95,1.05,0.95,0.95,39.726485,34000,2212800
2026-08-24 11:40:00,ATM-3,PE,1100.0,1133.1,1.0,1.05,0.95,1.0,39.187988,156400,2206800
2026-08-24 11:45:00,ATM-3,PE,1100.0,1134.3,1.0,1.0,0.9,0.9,39.233203,6000,2216400
2026-08-24 11:50:00,ATM-3,PE,1100.0,1133.5,0.9,1.0,0.9,0.95,39.138871,45200,2222400
2026-08-24 11:55:00,ATM-3,PE,1100.0,1131.7,1.05,1.15,0.95,1.15,39.576908,108800,2229600
2026-08-24 12:00:00,ATM-3,PE,1100.0,1133.3,1.15,1.15,1.15,1.15,41.050276,4800,2227600
2026-08-24 12:05:00,ATM-3,PE,1100.0,1134.0,1.2,1.2,1.15,1.2,42.198463,222000,2194800
2026-08-24 12:10:00,ATM-3,PE,1100.0,1134.9,1.1,1.2,1.1,1.15,42.578803,19200,2193200
2026-08-24 12:15:00,ATM-3,PE,1100.0,1135.9,1.15,1.15,1.1,1.1,43.022526,6400,2192400
2026-08-24 12:20:00,ATM-3,PE,1100.0,1136.7,1.05,1.1,1.05,1.05,43.268935,3600,2188000
2026-08-24 12:25:00,ATM-3,PE,1100.0,1136.9,1.05,1.05,1.05,1.05,43.505825,5600,2190000
2026-08-24 12:30:00,ATM-3,PE,1100.0,1136.6,1.05,1.1,1.05,1.1,43.825097,4800,2188800
2026-08-24 12:35:00,ATM-3,PE,1100.0,1135.3,1.1,1.2,1.1,1.2,43.736878,22800,2185200
2026-08-24 12:40:00,ATM-3,PE,1100.0,1136.2,1.2,1.35,1.2,1.35,46.015434,28400,2176000
2026-08-24 12:45:00,ATM-3,PE,1100.0,1135.0,1.3,1.55,1.3,1.5,46.332119,86000,2182800
2026-08-24 12:50:00,ATM-3,PE,1100.0,1137.0,1.45,1.5,1.3,1.35,46.876725,30400,2167600
2026-08-24 12:55:00,ATM-3,PE,1100.0,1136.2,2.35,2.45,1.2,1.3,45.761853,57200,2165200
2026-08-24 13:00:00,ATM-3,PE,1100.0,1136.4,1.35,1.4,1.3,1.3,46.012338,18400,2158000
2026-08-24 13:05:00,ATM-3,PE,1100.0,1136.3,1.3,1.3,1.2,1.2,45.033104,5600,2156400
2026-08-24 13:10:00,ATM-3,PE,1100.0,1136.9,1.2,1.2,1.15,1.15,45.138227,24400,2162800
2026-08-24 13:15:00,ATM-3,PE,1100.0,1137.4,1.1,1.15,1.05,1.05,44.614013,17600,2162400
2026-08-24 13:20:00,ATM-3,PE,1100.0,1136.8,1.05,1.9,1.0,1.0,43.629067,35200,2160400
2026-08-24 13:25:00,ATM-3,PE,1100.0,1134.5,1.05,1.2,1.0,1.15,43.210699,143600,2190800
2026-08-24 13:30:00,ATM-3,PE,1100.0,1128.7,1.15,2.2,1.15,2.05,45.171517,923600,2246000
2026-08-24 13:35:00,ATM-3,PE,1100.0,1128.9,2.2,2.2,1.95,2.0,45.084771,136800,2248000
2026-08-24 13:40:00,ATM-3,PE,1100.0,1129.1,2.05,2.1,2.0,2.05,45.725824,38000,2249200
2026-08-24 13:45:00,ATM-3,PE,1100.0,1128.8,2.05,2.1,1.95,2.0,45.125101,91600,2268000
2026-08-24 13:50:00,ATM-3,PE,1100.0,1128.7,1.95,2.05,1.9,2.0,45.094049,36400,2267200
2026-08-24 13:55:00,ATM-3,PE,1100.0,1128.5,2.0,2.0,1.9,1.9,44.221296,38800,2250400
2026-08-24 14:00:00,ATM-3,PE,1100.0,1129.3,1.75,1.9,1.6,1.65,43.173473,354400,2134400
2026-08-24 14:05:00,ATM-3,PE,1100.0,1129.7,1.65,1.7,1.55,1.6,43.237478,102000,2104800
2026-08-24 14:10:00,ATM-3,PE,1100.0,1128.6,1.55,1.8,1.55,1.8,43.779947,36400,2140400
2026-08-24 14:15:00,ATM-3,PE,1100.0,1128.6,1.85,1.85,1.7,1.85,44.232212,87600,2101600
2026-08-24 14:20:00,ATM-3,PE,1100.0,1128.3,1.8,1.9,1.8,1.85,43.995872,47200,2084400
2026-08-24 14:25:00,ATM-3,PE,1080.0,1126.0,1.8,1.85,0.65,0.7,49.385007,67200,654000
2026-08-24 14:30:00,ATM-3,PE,1080.0,1126.0,0.7,0.7,0.65,0.7,49.466091,5200,656000
2026-08-24 14:35:00,ATM-3,PE,1080.0,1124.5,0.75,0.85,0.7,0.85,50.409597,11600,660400
2026-08-24 14:40:00,ATM-3,PE,1080.0,1123.7,0.9,1.0,0.85,1.0,51.712477,7600,662800
2026-08-24 14:45:00,ATM-3,PE,1080.0,1123.6,1.0,1.1,0.95,1.05,52.31279,84400,684400
2026-08-24 14:50:00,ATM-3,PE,1080.0,1123.9,1.05,1.1,1.05,1.05,52.665158,46400,697600
2026-08-24 14:55:00,ATM-3,PE,1080.0,1123.5,1.05,1.2,1.05,1.2,54.130137,40000,674000
2026-08-24 15:00:00,ATM-3,PE,1080.0,1123.8,1.2,1.2,1.0,1.15,53.924961,49600,660400
2026-08-24 15:05:00,ATM-3,PE,1080.0,1125.9,1.2,1.25,1.0,1.0,54.077899,30400,662400
2026-08-24 15:10:00,ATM-3,PE,1100.0,1129.5,2.55,2.65,2.05,2.05,47.511581,42800,1996400
2026-08-24 15:15:00,ATM-3,PE,1100.0,1129.5,2.1,2.1,1.75,1.75,45.264856,56000,1984000
2026-08-24 15:20:00,ATM-3,PE,1100.0,1129.5,1.65,1.75,1.35,1.4,42.413558,80000,1985200
2026-08-24 15:25:00,ATM-3,PE,1100.0,1130.0,1.35,1.9,1.35,1.9,47.126024,65200,1958400
2026-08-24 15:30:00,ATM-3,PE,1100.0,1130.0,1.5,1.9,1.1,1.1,40.263097,83200,1937200
2026-08-24 15:35:00,ATM-3,PE,1100.0,1130.0,1.15,1.2,1.1,1.1,40.331898,34800,1962400
2026-08-25 09:15:00,ATM-3,PE,1100.0,1130.8,1.2,1.2,0.55,0.7,71.045039,162400,1934400
2026-08-25 09:20:00,ATM-3,PE,1080.0,1125.9,0.65,0.75,0.15,0.15,74.96518,51600,622800
2026-08-25 09:25:00,ATM-3,PE,1080.0,1126.2,0.25,0.25,0.15,0.2,79.295519,20800,622000
2026-08-25 09:30:00,ATM-3,PE,1080.0,1127.0,0.2,0.25,0.15,0.15,77.489509,30400,615200
2026-08-25 09:35:00,ATM-3,PE,1080.0,1127.2,0.15,0.2,0.15,0.15,78.299631,23200,592000
2026-08-25 09:40:00,ATM-3,PE,1080.0,1125.2,0.2,0.2,0.15,0.15,76.066219,10400,589600
2026-08-25 09:45:00,ATM-3,PE,1080.0,1124.0,0.2,0.25,0.15,0.25,81.236811,27600,583200
2026-08-25 09:50:00,ATM-3,PE,1080.0,1123.2,0.3,0.35,0.25,0.35,85.496042,11200,584000
2026-08-25 09:55:00,ATM-3,PE,1080.0,1125.4,0.35,0.35,0.25,0.25,84.542103,25200,587200
2026-08-25 10:00:00,ATM-3,PE,1080.0,1127.1,0.25,0.25,0.2,0.2,84.653012,4400,586000
2026-08-25 10:05:00,ATM-3,PE,1080.0,1127.5,0.25,0.65,0.2,0.25,89.021583,7200,582800
2026-08-25 10:10:00,ATM-3,PE,1100.0,1128.7,0.65,0.65,0.5,0.55,68.881271,38000,1658400
2026-08-25 10:15:00,ATM-3,PE,1100.0,1127.6,0.5,0.55,0.45,0.5,65.958642,48800,1622000
2026-08-25 10:20:00,ATM-3,PE,1100.0,1127.6,0.2,0.55,0.2,0.55,67.915689,26000,1618000
2026-08-25 10:25:00,ATM-3,PE,1080.0,1126.6,0.25,0.3,0.2,0.3,93.250976,5200,580400
2026-08-25 10:30:00,ATM-3,PE,1080.0,1127.1,0.3,0.3,0.3,0.3,94.822602,8800,581600
2026-08-25 10:35:00,ATM-3,PE,1080.0,1127.4,0.3,0.3,0.25,0.25,93.196396,1600,581200
2026-08-25 10:40:00,ATM-3,PE,1100.0,1128.1,0.25,0.35,0.2,0.25,60.521633,38800,1458400
2026-08-25 10:45:00,ATM-3,PE,1100.0,1128.2,0.2,0.25,0.2,0.2,58.79315,85600,1425600
2026-08-25 10:50:00,ATM-3,PE,1080.0,1127.3,0.2,0.25,0.15,0.15,88.130826,36400,570800
2026-08-25 10:55:00,ATM-3,PE,1080.0,1126.6,0.15,0.15,0.15,0.15,87.81908,1200,569200
2026-08-25 11:00:00,ATM-3,PE,1080.0,1127.0,0.15,0.15,0.15,0.15,89.24301,1200,568000
2026-08-25 11:05:00,ATM-3,PE,1080.0,1125.9,0.15,0.15,0.15,0.15,88.311028,1200,567200
2026-08-25 11:10:00,ATM-3,PE,1080.0,1125.6,0.15,0.15,0.1,0.1,83.658398,8800,558400
2026-08-25 11:15:00,ATM-3,PE,1080.0,1127.0,0.15,0.15,0.1,0.15,91.775918,4000,555200
2026-08-25 11:20:00,ATM-3,PE,1080.0,1126.4,0.25,0.25,0.15,0.15,91.686604,13200,553200
2026-08-25 11:25:00,ATM-3,PE,1080.0,1126.9,0.15,0.2,0.15,0.2,0.0,6400,551600
2026-08-25 11:30:00,ATM-3,PE,1080.0,1126.9,0.25,0.3,0.2,0.3,105.41269,18800,559600
2026-08-25 11:35:00,ATM-3,PE,1080.0,1127.5,0.3,0.3,0.3,0.3,107.600469,3600,566400
2026-08-25 11:40:00,ATM-3,PE,1080.0,1127.4,0.5,0.55,0.2,0.25,105.274387,20400,568400
2026-08-25 11:45:00,ATM-3,PE,1080.0,1127.4,0.25,0.25,0.2,0.2,102.658954,2800,568800
2026-08-25 11:50:00,ATM-3,PE,1100.0,1128.3,0.2,0.35,0.2,0.3,72.113165,15600,1233200
2026-08-25 11:55:00,ATM-3,PE,1100.0,1129.9,0.25,0.3,0.25,0.25,73.624276,34000,1224800
2026-08-25 12:00:00,ATM-3,PE,1100.0,1128.2,0.2,0.25,0.15,0.15,64.983168,100000,1168800
2026-08-25 12:05:00,ATM-3,PE,1100.0,1128.3,0.15,0.35,0.1,0.15,65.941205,36000,1148000
2026-08-25 12:10:00,ATM-3,PE,1100.0,1128.4,0.1,0.5,0.1,0.1,62.783273,57600,1156000
2026-08-25 12:15:00,ATM-3,PE,1080.0,1127.4,0.25,0.25,0.1,0.1,0.0,10000,542400
2026-08-25 12:20:00,ATM-3,PE,1080.0,1126.7,0.1,0.1,0.1,0.1,0.0,0,542400
2026-08-25 12:25:00,ATM-3,PE,1080.0,1125.0,0.1,0.1,0.1,0.1,97.675866,13200,542400
2026-08-25 12:30:00,ATM-3,PE,1080.0,1123.8,0.05,0.1,0.05,0.1,96.75958,3600,540000
2026-08-25 12:35:00,ATM-3,PE,1080.0,1121.9,0.1,0.25,0.1,0.25,108.797771,3600,538800
2026-08-25 12:40:00,ATM-3,PE,1080.0,1123.0,0.25,0.25,0.1,0.15,0.0,6000,536800
2026-08-25 12:45:00,ATM-3,PE,1080.0,1123.5,0.15,0.15,0.05,0.1,0.0,3200,533200
2026-08-25 12:50:00,ATM-3,PE,1080.0,1123.7,0.05,0.15,0.05,0.05,93.452941,8800,530000
2026-08-25 12:55:00,ATM-3,PE,1080.0,1123.9,0.1,0.1,0.05,0.05,0.0,18400,511600
2026-08-25 13:00:00,ATM-3,PE,1080.0,1123.5,0.05,0.15,0.05,0.15,0.0,5200,508000
2026-08-25 13:05:00,ATM-3,PE,1080.0,1124.4,0.1,0.15,0.05,0.05,0.0,7600,500800
2026-08-25 13:10:00,ATM-3,PE,1080.0,1123.9,0.05,0.05,0.05,0.05,0.0,3200,500400
2026-08-25 13:15:00,ATM-3,PE,1080.0,1123.8,0.05,0.15,0.05,0.15,0.0,400,498400
2026-08-25 13:20:00,ATM-3,PE,1080.0,1123.3,0.15,0.15,0.15,0.15,0.0,2000,498000
2026-08-25 13:25:00,ATM-3,PE,1080.0,1122.6,0.15,0.15,0.15,0.15,0.0,0,497200
2026-08-25 13:30:00,ATM-3,PE,1080.0,1121.7,0.15,0.15,0.1,0.15,0.0,1600,497200
2026-08-25 13:35:00,ATM-3,PE,1080.0,1121.7,0.15,0.15,0.15,0.15,0.0,0,497200
2026-08-25 13:40:00,ATM-3,PE,1080.0,1121.9,0.15,0.2,0.15,0.2,0.0,4800,492800
2026-08-25 13:45:00,ATM-3,PE,1080.0,1121.4,0.2,0.2,0.2,0.2,0.0,0,492800
2026-08-25 13:50:00,ATM-3,PE,1080.0,1126.4,0.2,0.2,0.15,0.15,0.0,2000,492800
2026-08-25 13:55:00,ATM-3,PE,1080.0,1124.3,0.15,0.15,0.15,0.15,0.0,1200,492800
2026-08-25 14:00:00,ATM-3,PE,1080.0,1125.0,0.05,0.15,0.05,0.05,0.0,4400,492400
2026-08-25 14:05:00,ATM-3,PE,1080.0,1124.9,0.1,0.15,0.05,0.15,0.0,800,492400
2026-08-25 14:10:00,ATM-3,PE,1080.0,1123.8,0.15,0.15,0.15,0.15,0.0,0,492400
2026-08-25 14:15:00,ATM-3,PE,1080.0,1123.0,0.15,0.15,0.15,0.15,0.0,0,492400
2026-08-25 14:20:00,ATM-3,PE,1080.0,1124.0,0.05,0.15,0.05,0.05,0.0,400,492400
2026-08-25 14:25:00,ATM-3,PE,1080.0,1125.5,0.05,0.1,0.05,0.1,0.0,400,492400
2026-08-25 14:30:00,ATM-3,PE,1080.0,1126.7,0.1,0.25,0.1,0.1,0.0,3600,492400
2026-08-25 14:35:00,ATM-3,PE,1080.0,1126.4,0.1,0.1,0.1,0.1,0.0,0,492400
2026-08-25 14:40:00,ATM-3,PE,1080.0,1126.6,0.1,0.1,0.05,0.05,0.0,400,492000
2026-08-25 14:45:00,ATM-3,PE,1100.0,1128.8,0.05,0.1,0.05,0.1,0.0,5600,1001200
2026-08-25 14:50:00,ATM-3,PE,1100.0,1129.1,0.1,0.1,0.1,0.1,0.0,3200,996000
2026-08-25 14:55:00,ATM-3,PE,1100.0,1129.9,0.1,0.1,0.1,0.1,0.0,3200,993200
2026-08-25 15:00:00,ATM-3,PE,1100.0,1130.9,0.1,0.15,0.1,0.15,0.0,3600,990000
2026-08-25 15:05:00,ATM-3,PE,1100.0,1130.3,0.1,0.2,0.1,0.2,0.0,8800,986000
2026-08-25 15:10:00,ATM-3,PE,1100.0,1131.6,0.2,0.2,0.05,0.15,0.0,1600,984800
2026-08-25 15:15:00,ATM-3,PE,1100.0,1131.6,0.05,0.15,0.05,0.05,0.0,4400,982000
2026-08-25 15:20:00,ATM-3,PE,1100.0,1131.6,0.05,0.05,0.05,0.05,0.0,8800,976000
2026-08-25 15:25:00,ATM-3,PE,1115.0,1144.0,0.05,0.35,0.05,0.35,0.0,10000,201200
2026-08-25 15:30:00,ATM-3,PE,1115.0,1144.0,0.35,0.35,0.05,0.05,0.0,12400,187600
2026-08-25 15:35:00,ATM-3,PE,1115.0,1144.0,0.4,0.4,0.05,0.05,0.0,21200,186800
2026-08-20 09:15:00,ATM-2,CE,1115.0,1133.0,27.3,30.15,24.7,26.85,27.988137,678800,308000
2026-08-20 09:20:00,ATM-2,CE,1115.0,1136.2,27.5,29.0,26.85,28.3,26.083392,56800,302400
2026-08-20 09:25:00,ATM-2,CE,1115.0,1136.2,28.75,29.45,28.3,29.1,27.901306,30400,297200
2026-08-20 09:30:00,ATM-2,CE,1120.0,1141.2,24.3,28.3,24.15,28.05,25.403477,189200,1809600
2026-08-20 09:35:00,ATM-2,CE,1120.0,1141.4,28.55,30.55,26.85,28.8,26.784708,147200,1795200
2026-08-20 09:40:00,ATM-2,CE,1120.0,1140.3,28.8,29.55,27.9,27.9,26.597289,32800,1789600
2026-08-20 09:45:00,ATM-2,CE,1120.0,1140.6,28.85,29.3,27.9,28.3,27.008617,43200,1789200
2026-08-20 09:50:00,ATM-2,CE,1120.0,1139.3,28.2,28.3,27.35,27.35,27.01058,15200,1790800
2026-08-20 09:55:00,ATM-2,CE,1120.0,1138.8,27.75,27.75,26.5,26.7,26.389702,32400,1785600
2026-08-20 10:00:00,ATM-2,CE,1120.0,1140.5,27.0,28.5,26.7,28.5,27.64645,16400,1782800
2026-08-20 10:05:00,ATM-2,CE,1120.0,1140.7,28.55,30.45,28.5,28.6,27.555692,43200,1775200
2026-08-20 10:10:00,ATM-2,CE,1120.0,1139.4,28.35,28.6,26.85,27.75,27.767639,15600,1776000
2026-08-20 10:15:00,ATM-2,CE,1120.0,1139.3,27.45,27.75,27.25,27.25,26.844748,12000,1772800
2026-08-20 10:20:00,ATM-2,CE,1120.0,1138.9,27.45,27.45,26.85,27.0,26.939403,26000,1763200
2026-08-20 10:25:00,ATM-2,CE,1115.0,1137.2,31.45,31.55,25.9,29.85,28.062304,13200,262800
2026-08-20 10:30:00,ATM-2,CE,1120.0,1137.6,29.8,30.55,25.25,26.0,26.80412,17200,1767600
2026-08-20 10:35:00,ATM-2,CE,1115.0,1136.8,29.85,30.1,29.0,30.1,29.30832,8400,261600
2026-08-20 10:40:00,ATM-2,CE,1115.0,1137.3,30.1,30.1,29.2,29.2,26.424252,3200,264400
2026-08-20 10:45:00,ATM-2,CE,1120.0,1139.3,26.0,27.55,25.4,27.55,27.564784,15600,1767600
2026-08-20 10:50:00,ATM-2,CE,1120.0,1138.9,27.5,27.6,26.7,27.15,27.329828,12800,1770800
2026-08-20 10:55:00,ATM-2,CE,1120.0,1138.8,26.9,27.2,26.8,26.9,26.952488,10800,1766800
2026-08-20 11:00:00,ATM-2,CE,1115.0,1135.5,27.1,31.45,26.9,28.65,28.245432,6000,258800
2026-08-20 11:05:00,ATM-2,CE,1115.0,1133.4,28.45,28.65,27.3,27.35,28.695818,12000,262800
2026-08-20 11:10:00,ATM-2,CE,1115.0,1130.9,27.0,27.4,25.35,25.35,28.150179,19600,268000
2026-08-20 11:15:00,ATM-2,CE,1115.0,1130.6,25.3,26.1,24.65,25.25,28.3795,19200,264000
2026-08-20 11:20:00,ATM-2,CE,1115.0,1129.0,25.2,25.25,23.85,24.15,28.343786,12000,264000
2026-08-20 11:25:00,ATM-2,CE,1115.0,1128.5,24.15,24.4,23.85,24.05,28.825392,6800,266800
2026-08-20 11:30:00,ATM-2,CE,1100.0,1127.1,23.9,36.0,23.5,34.65,31.261734,13600,2867200
2026-08-20 11:35:00,ATM-2,CE,1100.0,1126.7,35.0,35.15,34.65,35.15,33.170956,15600,2874800
2026-08-20 11:40:00,ATM-2,CE,1115.0,1129.7,34.9,35.15,22.35,24.8,28.761451,12800,272800
2026-08-20 11:45:00,ATM-2,CE,1115.0,1130.7,24.5,26.1,24.5,26.05,29.963151,10400,269200
2026-08-20 11:50:00,ATM-2,CE,1115.0,1132.3,25.7,26.35,25.7,26.35,28.306743,2800,269600
2026-08-20 11:55:00,ATM-2,CE,1115.0,1131.0,25.55,26.35,24.3,24.3,25.880547,6400,266400
2026-08-20 12:00:00,ATM-2,CE,1115.0,1130.4,24.4,24.4,23.4,23.4,24.862763,6000,264400
2026-08-20 12:05:00,ATM-2,CE,1115.0,1129.4,23.6,23.6,23.1,23.4,26.33455,2800,264800
2026-08-20 12:10:00,ATM-2,CE,1115.0,1128.3,23.1,23.4,22.65,22.65,26.330839,7200,267600
2026-08-20 12:15:00,ATM-2,CE,1115.0,1129.8,22.95,24.3,22.65,23.45,25.885387,6400,270400
2026-08-20 12:20:00,ATM-2,CE,1115.0,1130.0,23.45,24.4,23.45,23.85,26.448854,9200,270400
2026-08-20 12:25:00,ATM-2,CE,1115.0,1131.1,23.55,23.95,23.55,23.65,24.383152,6400,274000
2026-08-20 12:30:00,ATM-2,CE,1115.0,1130.8,23.65,24.35,23.65,23.9,25.394607,2000,274400
2026-08-20 12:35:00,ATM-2,CE,1115.0,1129.9,23.55,23.9,23.3,23.3,25.462815,10800,269200
2026-08-20 12:40:00,ATM-2,CE,1115.0,1128.7,23.1,23.3,22.3,22.35,25.20709,14800,268400
2026-08-20 12:45:00,ATM-2,CE,1115.0,1128.8,22.4,23.85,22.35,23.7,27.879578,6000,268800
2026-08-20 12:50:00,ATM-2,CE,1115.0,1133.2,23.7,26.1,23.7,26.1,26.517495,21600,269200
2026-08-20 12:55:00,ATM-2,CE,1115.0,1133.7,26.25,26.25,25.7,26.1,25.723342,8800,260400
2026-08-20 13:00:00,ATM-2,CE,1115.0,1134.4,26.1,26.8,25.8,26.5,25.478248,8000,260400
2026-08-20 13:05:00,ATM-2,CE,1115.0,1133.6,26.1,26.5,25.45,25.55,24.664802,5200,256400
2026-08-20 13:10:00,ATM-2,CE,1115.0,1134.8,25.55,26.4,25.25,26.4,24.582231,4400,255600
2026-08-20 13:15:00,ATM-2,CE,1115.0,1135.0,26.65,26.65,26.05,26.45,24.357826,5200,256800
2026-08-20 13:20:00,ATM-2,CE,1115.0,1135.7,26.45,27.0,26.45,27.0,24.418901,2800,256400
2026-08-20 13:25:00,ATM-2,CE,1115.0,1136.1,27.1,27.1,26.6,26.75,23.075703,5600,256000
2026-08-20 13:30:00,ATM-2,CE,1115.0,1135.1,26.9,26.9,26.45,26.55,24.446806,3600,255600
2026-08-20 13:35:00,ATM-2,CE,1115.0,1136.4,26.1,26.55,26.05,26.55,21.998992,2800,254400
2026-08-20 13:40:00,ATM-2,CE,1120.0,1138.0,27.0,27.4,23.6,24.1,22.29811,15600,1738800
2026-08-20 13:45:00,ATM-2,CE,1120.0,1138.3,24.25,25.4,24.1,24.55,22.834432,23600,1733600
2026-08-20 13:50:00,ATM-2,CE,1115.0,1135.3,27.85,28.45,26.5,26.5,24.009593,10400,242800
2026-08-20 13:55:00,ATM-2,CE,1115.0,1134.4,26.05,26.5,25.55,25.55,23.377519,2800,243200
2026-08-20 14:00:00,ATM-2,CE,1115.0,1133.9,25.55,25.55,24.95,24.95,22.857692,3200,245200
2026-08-20 14:05:00,ATM-2,CE,1115.0,1132.5,23.95,24.95,23.55,23.95,22.974238,26800,242000
2026-08-20 14:10:00,ATM-2,CE,1115.0,1134.5,23.95,25.45,23.95,25.45,22.986534,5600,246400
2026-08-20 14:15:00,ATM-2,CE,1115.0,1134.6,25.25,25.5,24.9,25.5,22.933516,2400,249600
2026-08-20 14:20:00,ATM-2,CE,1115.0,1134.0,25.5,25.5,24.6,24.6,21.869796,1200,249200
2026-08-20 14:25:00,ATM-2,CE,1115.0,1132.9,24.0,24.6,23.5,23.5,21.245209,8400,248800
2026-08-20 14:30:00,ATM-2,CE,1115.0,1131.0,23.4,23.65,22.35,22.85,23.014329,8800,250000
2026-08-20 14:35:00,ATM-2,CE,1115.0,1130.6,22.85,23.35,22.85,23.35,24.761706,800,247600
2026-08-20 14:40:00,ATM-2,CE,1115.0,1129.4,23.35,23.7,22.55,22.55,24.85461,6000,244400
2026-08-20 14:45:00,ATM-2,CE,1115.0,1129.5,22.55,22.9,21.5,22.6,24.823426,8000,246400
2026-08-20 14:50:00,ATM-2,CE,1115.0,1129.8,23.15,23.15,21.9,22.1,23.292996,11200,244800
2026-08-20 14:55:00,ATM-2,CE,1115.0,1129.0,21.2,22.1,21.2,21.75,23.761652,7200,246400
2026-08-20 15:00:00,ATM-2,CE,1115.0,1129.7,22.0,22.5,21.75,22.5,24.337769,5600,248000
2026-08-20 15:05:00,ATM-2,CE,1115.0,1129.1,22.0,22.5,22.0,22.35,24.920375,2400,248000
2026-08-20 15:10:00,ATM-2,CE,1115.0,1129.4,22.35,22.35,21.75,21.75,23.183403,14800,244800
2026-08-20 15:15:00,ATM-2,CE,1115.0,1129.4,22.95,24.0,21.75,23.9,27.788608,8000,242000
2026-08-20 15:20:00,ATM-2,CE,1115.0,1129.4,23.5,23.9,23.5,23.75,27.484599,2000,242400
2026-08-20 15:25:00,ATM-2,CE,1115.0,1130.0,23.55,23.75,23.55,23.65,26.4157,3600,241600
2026-08-20 15:30:00,ATM-2,CE,1115.0,1130.0,22.1,23.65,21.5,23.2,25.460135,11600,245200
2026-08-20 15:35:00,ATM-2,CE,1115.0,1130.0,23.45,23.5,22.55,22.55,24.058066,4400,243600
2026-08-21 09:15:00,ATM-2,CE,1100.0,1121.6,31.75,32.0,25.0,25.45,21.230125,65600,2313600
2026-08-21 09:20:00,ATM-2,CE,1100.0,1124.1,26.2,27.9,25.0,27.5,21.147604,65200,2304800
2026-08-21 09:25:00,ATM-2,CE,1100.0,1122.3,27.2,28.0,26.05,26.05,21.331465,37200,2305200
2026-08-21 09:30:00,ATM-2,CE,1100.0,1119.9,25.65,26.05,22.65,23.65,19.982171,63600,2317200
2026-08-21 09:35:00,ATM-2,CE,1100.0,1120.0,23.8,24.35,23.55,23.9,20.511577,44400,2302400
2026-08-21 09:40:00,ATM-2,CE,1100.0,1122.7,23.9,26.1,23.9,25.5,18.292616,22000,2301600
2026-08-21 09:45:00,ATM-2,CE,1100.0,1123.8,26.3,27.1,25.5,27.0,20.346318,12400,2300400
2026-08-21 09:50:00,ATM-2,CE,1115.0,1129.0,27.0,29.75,17.65,20.2,22.580362,28400,298400
2026-08-21 09:55:00,ATM-2,CE,1115.0,1128.7,19.4,20.2,18.9,19.25,20.792711,13600,296400
2026-08-21 10:00:00,ATM-2,CE,1115.0,1127.6,19.05,31.0,17.45,18.1,19.933737,13600,296000
2026-08-21 10:05:00,ATM-2,CE,1100.0,1126.9,29.5,30.65,17.25,29.8,20.872886,24800,2299600
2026-08-21 10:10:00,ATM-2,CE,1100.0,1127.3,30.0,30.95,17.75,30.95,23.84936,20800,2308400
2026-08-21 10:15:00,ATM-2,CE,1100.0,1126.9,30.35,30.95,29.4,29.7,20.497277,29600,2312400
2026-08-21 10:20:00,ATM-2,CE,1115.0,1130.6,29.8,29.8,17.8,20.6,20.696083,15600,296000
2026-08-21 10:25:00,ATM-2,CE,1115.0,1131.3,20.2,22.25,20.2,21.55,21.808693,30000,305600
2026-08-21 10:30:00,ATM-2,CE,1115.0,1132.7,21.55,23.05,21.55,22.7,22.050683,13200,302400
2026-08-21 10:35:00,ATM-2,CE,1115.0,1131.4,22.7,22.7,22.15,22.15,23.180804,6800,304800
2026-08-21 10:40:00,ATM-2,CE,1115.0,1130.8,21.6,22.55,21.25,21.25,22.032581,3200,304400
2026-08-21 10:45:00,ATM-2,CE,1115.0,1128.2,21.6,21.6,19.4,19.4,22.146749,21200,302000
2026-08-21 10:50:00,ATM-2,CE,1115.0,1130.5,19.4,20.75,19.4,20.75,21.344388,8800,300000
2026-08-21 10:55:00,ATM-2,CE,1115.0,1130.7,20.85,21.6,20.75,21.6,23.140635,12400,299600
2026-08-21 11:00:00,ATM-2,CE,1115.0,1131.6,21.4,21.6,21.4,21.4,20.888528,1200,299600
2026-08-21 11:05:00,ATM-2,CE,1115.0,1130.6,21.6,21.65,20.7,21.3,22.592699,6000,297600
2026-08-21 11:10:00,ATM-2,CE,1115.0,1131.6,21.3,21.9,21.3,21.9,22.233042,2400,298400
2026-08-21 11:15:00,ATM-2,CE,1115.0,1131.5,21.9,22.95,21.9,22.6,24.22592,8400,301200
2026-08-21 11:20:00,ATM-2,CE,1115.0,1132.0,22.6,22.6,21.5,22.05,21.853919,6000,302800
2026-08-21 11:25:00,ATM-2,CE,1115.0,1129.9,21.75,22.05,20.95,20.95,23.042998,2400,302800
2026-08-21 11:30:00,ATM-2,CE,1115.0,1130.7,20.65,21.7,20.2,21.5,22.969359,8400,301200
2026-08-21 11:35:00,ATM-2,CE,1115.0,1130.8,21.5,21.8,21.2,21.8,23.551782,1200,301600
2026-08-21 11:40:00,ATM-2,CE,1115.0,1130.3,21.8,21.8,21.05,21.05,22.597772,5200,302800
2026-08-21 11:45:00,ATM-2,CE,1115.0,1132.4,21.0,22.0,21.0,22.0,20.943162,6400,306400
2026-08-21 11:50:00,ATM-2,CE,1115.0,1132.4,22.3,22.8,22.0,22.8,23.104082,4000,306400
2026-08-21 11:55:00,ATM-2,CE,1115.0,1131.7,22.8,22.8,21.85,21.95,22.268885,2800,306800
2026-08-21 12:00:00,ATM-2,CE,1115.0,1132.0,21.85,22.05,21.85,22.05,21.943972,3600,306400
2026-08-21 12:05:00,ATM-2,CE,1115.0,1132.0,22.05,22.35,22.05,22.25,22.485751,2000,308000
2026-08-21 12:10:00,ATM-2,CE,1115.0,1131.5,22.25,22.25,22.2,22.2,23.340655,3600,308400
2026-08-21 12:15:00,ATM-2,CE,1115.0,1131.5,21.3,22.2,21.2,21.5,21.524015,2800,309600
2026-08-21 12:20:00,ATM-2,CE,1115.0,1132.1,21.5,21.85,21.5,21.85,21.243901,1200,310000
2026-08-21 12:25:00,ATM-2,CE,1115.0,1130.7,22.25,22.25,20.95,20.95,21.684329,25200,307600
2026-08-21 12:30:00,ATM-2,CE,1115.0,1131.4,21.15,21.25,20.85,21.25,21.092203,8000,310000
2026-08-21 12:35:00,ATM-2,CE,1115.0,1131.6,21.25,21.3,21.25,21.3,20.825122,400,310800
2026-08-21 12:40:00,ATM-2,CE,1115.0,1130.6,21.3,21.3,21.25,21.25,22.682673,1200,311200
2026-08-21 12:45:00,ATM-2,CE,1115.0,1129.0,21.25,21.25,20.15,20.15,22.852671,1600,312000
2026-08-21 12:50:00,ATM-2,CE,1115.0,1129.5,20.15,20.15,19.8,19.8,21.072354,2800,314000
2026-08-21 12:55:00,ATM-2,CE,1115.0,1129.5,19.8,19.8,19.6,19.6,20.567766,2000,313600
2026-08-21 13:00:00,ATM-2,CE,1115.0,1128.5,19.3,19.6,18.25,19.05,21.049154,8000,312400
2026-08-21 13:05:00,ATM-2,CE,1115.0,1129.1,19.2,19.4,19.05,19.4,20.8359,2000,313200
2026-08-21 13:10:00,ATM-2,CE,1115.0,1129.1,19.4,19.55,19.4,19.45,20.974304,2000,313200
2026-08-21 13:15:00,ATM-2,CE,1115.0,1129.9,19.45,20.0,19.45,20.0,20.876217,4000,313200
2026-08-21 13:20:00,ATM-2,CE,1115.0,1128.6,20.0,20.0,20.0,20.0,23.264759,0,312800
2026-08-21 13:25:00,ATM-2,CE,1115.0,1128.6,19.15,20.0,19.1,19.25,21.423177,1600,313200
2026-08-21 13:30:00,ATM-2,CE,1100.0,1127.3,19.25,30.8,19.1,30.55,22.934722,51600,2673200
2026-08-21 13:35:00,ATM-2,CE,1100.0,1127.0,30.45,30.55,29.85,30.15,22.414362,34000,2684800
2026-08-21 13:40:00,ATM-2,CE,1100.0,1127.5,30.2,30.65,30.15,30.65,22.690562,8000,2686400
2026-08-21 13:45:00,ATM-2,CE,1100.0,1127.3,17.8,30.65,17.8,30.6,23.159183,8400,2692000
2026-08-21 13:50:00,ATM-2,CE,1115.0,1127.6,30.35,30.65,17.95,17.95,20.032301,21600,316800
2026-08-21 13:55:00,ATM-2,CE,1100.0,1126.6,17.95,30.45,17.95,30.0,23.173353,34000,2700800
2026-08-21 14:00:00,ATM-2,CE,1100.0,1125.0,29.7,30.0,28.5,28.5,22.664441,55200,2713600
2026-08-21 14:05:00,ATM-2,CE,1100.0,1125.7,28.5,29.0,28.3,29.0,22.351198,37600,2724400
2026-08-21 14:10:00,ATM-2,CE,1100.0,1125.0,28.85,29.0,28.4,28.65,23.205583,88800,2770000
2026-08-21 14:15:00,ATM-2,CE,1100.0,1124.5,28.6,29.0,27.85,28.0,22.425249,47600,2772000
2026-08-21 14:20:00,ATM-2,CE,1100.0,1124.4,28.0,28.05,27.75,28.05,22.894376,8800,2769200
2026-08-21 14:25:00,ATM-2,CE,1100.0,1122.8,27.65,28.05,26.5,27.0,23.763443,44400,2776400
2026-08-21 14:30:00,ATM-2,CE,1100.0,1122.0,27.0,27.2,26.9,27.2,26.260154,19200,2773200
2026-08-21 14:35:00,ATM-2,CE,1100.0,1121.7,26.85,27.4,26.85,27.2,26.931049,49600,2752800
2026-08-21 14:40:00,ATM-2,CE,1100.0,1120.8,26.95,27.2,25.3,25.5,24.092744,47600,2740800
2026-08-21 14:45:00,ATM-2,CE,1100.0,1120.7,26.35,26.4,25.5,25.85,25.334869,40800,2720000
2026-08-21 14:50:00,ATM-2,CE,1100.0,1120.1,25.85,25.85,24.7,24.7,23.390269,28400,2704800
2026-08-21 14:55:00,ATM-2,CE,1100.0,1120.0,24.95,24.95,24.65,24.65,23.485831,21600,2691200
2026-08-21 15:00:00,ATM-2,CE,1100.0,1120.0,24.8,25.1,24.6,24.75,23.787842,22400,2687200
2026-08-21 15:05:00,ATM-2,CE,1100.0,1118.7,24.55,25.0,24.55,24.8,26.668337,51600,2689200
2026-08-21 15:10:00,ATM-2,CE,1100.0,1119.0,23.85,24.8,23.85,24.15,24.306232,48400,2643600
2026-08-21 15:15:00,ATM-2,CE,1100.0,1119.0,24.55,25.2,24.15,25.2,27.163725,13600,2629200
2026-08-21 15:20:00,ATM-2,CE,1100.0,1119.0,25.95,26.5,25.2,26.4,30.287156,8000,2615600
2026-08-21 15:25:00,ATM-2,CE,1100.0,1121.0,26.35,26.4,26.05,26.05,25.346846,2800,2613200
2026-08-21 15:30:00,ATM-2,CE,1100.0,1121.0,26.0,26.35,26.0,26.1,25.503139,8400,2612400
2026-08-21 15:35:00,ATM-2,CE,1100.0,1121.0,25.45,26.3,25.45,25.5,23.767127,11600,2612400
2026-08-24 09:15:00,ATM-2,CE,1120.0,1139.9,16.3,24.15,16.25,23.15,37.17312,123600,1710400
2026-08-24 09:20:00,ATM-2,CE,1120.0,1142.3,23.2,27.85,23.15,25.85,41.384352,170400,1668000
2026-08-24 09:25:00,ATM-2,CE,1120.0,1139.9,25.9,26.8,22.0,23.7,40.128075,84800,1659600
2026-08-24 09:30:00,ATM-2,CE,1120.0,1137.9,24.0,26.5,21.3,21.3,35.93577,175600,1618400
2026-08-24 09:35:00,ATM-2,CE,1120.0,1138.2,21.9,22.55,21.3,22.35,40.057434,54000,1597600
2026-08-24 09:40:00,ATM-2,CE,1120.0,1138.8,22.15,22.5,21.65,22.0,35.99755,106000,1551600
2026-08-24 09:45:00,ATM-2,CE,1115.0,1135.2,26.0,26.6,24.3,24.3,42.411222,25600,201200
2026-08-24 09:50:00,ATM-2,CE,1115.0,1136.4,24.3,24.9,24.15,24.9,40.707231,5600,200000
2026-08-24 09:55:00,ATM-2,CE,1115.0,1136.3,25.15,25.6,24.5,24.8,40.659883,9200,205200
2026-08-24 10:00:00,ATM-2,CE,1115.0,1135.2,24.8,24.8,23.55,23.85,40.299513,10400,210000
2026-08-24 10:05:00,ATM-2,CE,1115.0,1133.8,23.85,23.85,22.0,22.55,39.298742,10400,212000
2026-08-24 10:10:00,ATM-2,CE,1115.0,1135.6,22.8,24.3,22.55,24.3,41.129368,10800,214800
2026-08-24 10:15:00,ATM-2,CE,1115.0,1134.4,24.1,24.3,23.15,23.45,41.624948,9600,216400
2026-08-24 10:20:00,ATM-2,CE,1115.0,1135.9,23.0,24.0,23.0,23.95,38.076951,3600,217600
2026-08-24 10:25:00,ATM-2,CE,1115.0,1135.1,24.7,24.7,23.8,23.8,40.756833,15600,219200
2026-08-24 10:30:00,ATM-2,CE,1115.0,1134.6,23.8,23.8,23.45,23.45,41.027936,5600,221200
2026-08-24 10:35:00,ATM-2,CE,1115.0,1135.8,23.45,24.9,23.45,24.9,43.746639,5600,220400
2026-08-24 10:40:00,ATM-2,CE,1115.0,1136.3,24.1,24.9,23.85,24.6,40.135774,9200,219600
2026-08-24 10:45:00,ATM-2,CE,1115.0,1135.8,24.45,24.6,24.0,24.2,40.194671,7600,222400
2026-08-24 10:50:00,ATM-2,CE,1115.0,1136.1,24.5,24.55,24.2,24.55,40.860557,4000,223600
2026-08-24 10:55:00,ATM-2,CE,1115.0,1134.0,24.25,24.55,23.55,23.55,44.164927,1600,223600
2026-08-24 11:00:00,ATM-2,CE,1115.0,1132.8,23.55,23.55,21.8,21.8,40.070267,8800,224000
2026-08-24 11:05:00,ATM-2,CE,1115.0,1134.3,21.55,22.8,21.55,22.8,39.298767,3600,225200
2026-08-24 11:10:00,ATM-2,CE,1115.0,1133.5,22.85,22.85,22.4,22.45,40.770717,3200,224400
2026-08-24 11:15:00,ATM-2,CE,1115.0,1137.5,22.45,24.95,19.75,23.95,29.913799,16800,224400
2026-08-24 11:20:00,ATM-2,CE,1115.0,1136.4,23.95,23.95,22.85,22.85,28.952256,2000,225600
2026-08-24 11:25:00,ATM-2,CE,1115.0,1136.2,22.85,23.0,22.75,22.75,29.583963,8400,227600
2026-08-24 11:30:00,ATM-2,CE,1115.0,1135.2,22.0,22.75,21.6,21.75,28.686403,8800,228000
2026-08-24 11:35:00,ATM-2,CE,1115.0,1134.4,22.25,22.25,20.95,21.15,29.388246,6000,228400
2026-08-24 11:40:00,ATM-2,CE,1115.0,1133.1,21.15,21.15,20.7,20.7,33.40527,5600,227200
2026-08-24 11:45:00,ATM-2,CE,1115.0,1134.3,20.3,20.85,20.3,20.7,26.844686,4800,228800
2026-08-24 11:50:00,ATM-2,CE,1115.0,1133.5,20.7,20.7,20.15,20.15,27.951428,4800,231600
2026-08-24 11:55:00,ATM-2,CE,1115.0,1131.7,20.2,20.2,18.45,18.75,28.775865,6000,234400
2026-08-24 12:00:00,ATM-2,CE,1115.0,1133.3,18.75,19.45,18.55,19.45,24.036746,2800,234800
2026-08-24 12:05:00,ATM-2,CE,1115.0,1134.0,20.6,20.6,19.45,20.5,27.505642,13200,231200
2026-08-24 12:10:00,ATM-2,CE,1115.0,1134.9,20.5,21.9,20.5,21.45,28.798144,4400,232000
2026-08-24 12:15:00,ATM-2,CE,1115.0,1135.9,21.45,22.35,21.45,22.35,29.042746,1200,232000
2026-08-24 12:20:00,ATM-2,CE,1115.0,1136.7,22.45,22.55,22.25,22.55,24.267626,2400,232400
2026-08-24 12:25:00,ATM-2,CE,1115.0,1136.9,23.35,24.25,22.55,23.25,29.275075,11600,234400
2026-08-24 12:30:00,ATM-2,CE,1115.0,1136.6,23.5,23.5,22.85,22.85,28.200874,2800,234800
2026-08-24 12:35:00,ATM-2,CE,1115.0,1135.3,23.05,23.05,22.35,22.6,34.584871,8000,239200
2026-08-24 12:40:00,ATM-2,CE,1115.0,1136.2,22.4,23.35,22.2,23.1,32.922054,15600,244800
2026-08-24 12:45:00,ATM-2,CE,1115.0,1135.0,23.1,23.6,22.3,22.5,35.629026,8400,244800
2026-08-24 12:50:00,ATM-2,CE,1115.0,1137.0,22.4,24.0,22.4,24.0,34.544371,5600,248400
2026-08-24 12:55:00,ATM-2,CE,1115.0,1136.2,20.0,24.85,19.8,23.9,38.283689,24400,248000
2026-08-24 13:00:00,ATM-2,CE,1115.0,1136.4,23.9,23.9,23.0,23.7,36.051822,12400,252400
2026-08-24 13:05:00,ATM-2,CE,1115.0,1136.3,23.45,23.8,22.9,23.75,36.969454,14800,258800
2026-08-24 13:10:00,ATM-2,CE,1115.0,1136.9,23.85,23.85,23.5,23.8,33.982202,6400,260400
2026-08-24 13:15:00,ATM-2,CE,1115.0,1137.4,23.1,23.85,23.1,23.85,31.118256,10800,262400
2026-08-24 13:20:00,ATM-2,CE,1115.0,1136.8,24.6,24.6,20.25,24.6,39.886605,8800,262400
2026-08-24 13:25:00,ATM-2,CE,1115.0,1134.5,23.95,24.6,23.15,23.8,45.675803,12000,262800
2026-08-24 13:30:00,ATM-2,CE,1115.0,1128.7,22.95,23.8,18.35,18.65,41.465664,38400,263200
2026-08-24 13:35:00,ATM-2,CE,1115.0,1128.9,18.0,18.65,17.9,18.05,37.915582,12400,264800
2026-08-24 13:40:00,ATM-2,CE,1115.0,1129.1,18.05,18.35,17.95,18.0,36.992615,8800,264400
2026-08-24 13:45:00,ATM-2,CE,1115.0,1128.8,17.75,18.15,17.6,17.6,36.160466,8800,266400
2026-08-24 13:50:00,ATM-2,CE,1115.0,1128.7,17.6,17.9,17.55,17.85,37.845332,7600,262000
2026-08-24 13:55:00,ATM-2,CE,1115.0,1128.5,17.45,17.85,17.45,17.65,37.643948,3600,260000
2026-08-24 14:00:00,ATM-2,CE,1115.0,1129.3,17.65,18.1,17.65,17.85,35.712181,3600,260400
2026-08-24 14:05:00,ATM-2,CE,1115.0,1129.7,17.8,18.4,17.8,18.25,36.286449,8800,259200
2026-08-24 14:10:00,ATM-2,CE,1115.0,1128.6,18.4,18.4,17.65,17.65,37.474157,14000,258800
2026-08-24 14:15:00,ATM-2,CE,1115.0,1128.6,17.3,17.65,16.85,17.3,35.76582,28400,248800
2026-08-24 14:20:00,ATM-2,CE,1115.0,1128.3,17.15,17.4,16.9,17.2,36.448958,14800,248400
2026-08-24 14:25:00,ATM-2,CE,1100.0,1126.0,17.25,29.95,17.2,28.75,45.76562,42800,1276800
2026-08-24 14:30:00,ATM-2,CE,1100.0,1126.0,29.05,30.25,28.75,29.7,51.874839,6800,1278400
2026-08-24 14:35:00,ATM-2,CE,1100.0,1124.5,28.9,29.7,28.25,28.3,50.791677,34400,1291600
2026-08-24 14:40:00,ATM-2,CE,1100.0,1123.7,28.35,28.45,27.7,27.8,51.665506,66400,1328400
2026-08-24 14:45:00,ATM-2,CE,1100.0,1123.6,27.9,28.15,27.55,27.75,51.921518,37200,1344400
2026-08-24 14:50:00,ATM-2,CE,1100.0,1123.9,27.75,28.1,27.25,27.9,51.513622,80800,1375600
2026-08-24 14:55:00,ATM-2,CE,1100.0,1123.5,27.8,28.05,27.35,27.5,51.116402,42400,1393600
2026-08-24 15:00:00,ATM-2,CE,1100.0,1123.8,27.05,28.2,27.05,28.2,53.877116,16400,1395200
2026-08-24 15:05:00,ATM-2,CE,1100.0,1125.9,28.15,29.8,27.95,29.8,53.618696,6400,1396400
2026-08-24 15:10:00,ATM-2,CE,1115.0,1129.5,17.6,19.3,17.05,19.3,43.308241,9200,226000
2026-08-24 15:15:00,ATM-2,CE,1115.0,1129.5,18.9,19.95,18.9,19.95,46.603548,6800,224000
2026-08-24 15:20:00,ATM-2,CE,1115.0,1129.5,21.25,22.4,19.95,21.85,55.790052,5600,226400
2026-08-24 15:25:00,ATM-2,CE,1115.0,1130.0,22.45,22.55,18.3,18.65,38.2723,28400,216400
2026-08-24 15:30:00,ATM-2,CE,1115.0,1130.0,19.1,23.75,18.65,23.75,63.297323,14400,219200
2026-08-24 15:35:00,ATM-2,CE,1115.0,1130.0,23.65,24.0,23.4,23.4,61.781524,5600,219600
2026-08-25 09:15:00,ATM-2,CE,1115.0,1130.8,20.05,20.05,16.4,16.65,44.289612,4800,216800
2026-08-25 09:20:00,ATM-2,CE,1100.0,1125.9,16.65,30.8,16.65,29.6,105.939831,3600,1083600
2026-08-25 09:25:00,ATM-2,CE,1100.0,1126.2,24.8,29.6,24.8,28.2,85.168515,14000,1073600
2026-08-25 09:30:00,ATM-2,CE,1100.0,1127.0,26.35,28.2,26.35,26.35,0.0,10400,1069200
2026-08-25 09:35:00,ATM-2,CE,1100.0,1127.2,26.35,27.3,26.35,26.6,0.0,6000,1064000
2026-08-25 09:40:00,ATM-2,CE,1100.0,1125.2,26.9,26.9,26.6,26.75,77.846893,3600,1060400
2026-08-25 09:45:00,ATM-2,CE,1100.0,1124.0,25.35,26.75,24.45,24.45,53.270441,6400,1055600
2026-08-25 09:50:00,ATM-2,CE,1100.0,1123.2,24.8,24.95,24.0,24.15,64.128506,7600,1050000
2026-08-25 09:55:00,ATM-2,CE,1100.0,1125.4,24.15,26.15,23.7,26.05,62.138507,17600,1044800
2026-08-25 10:00:00,ATM-2,CE,1100.0,1127.1,26.05,26.9,25.75,26.9,0.0,5200,1040800
2026-08-25 10:05:00,ATM-2,CE,1100.0,1127.5,27.5,28.2,13.55,27.65,46.717054,5200,1038000
2026-08-25 10:10:00,ATM-2,CE,1115.0,1128.7,14.0,14.35,14.0,14.35,39.951518,400,198000
2026-08-25 10:15:00,ATM-2,CE,1115.0,1127.6,14.35,14.35,14.35,14.35,54.428085,0,198000
2026-08-25 10:20:00,ATM-2,CE,1115.0,1127.6,27.0,27.35,12.9,12.9,30.355747,4000,197600
2026-08-25 10:25:00,ATM-2,CE,1100.0,1126.6,27.05,27.05,26.75,26.75,47.215505,2000,1027600
2026-08-25 10:30:00,ATM-2,CE,1100.0,1127.1,26.75,27.0,24.9,26.65,0.0,7200,1024800
2026-08-25 10:35:00,ATM-2,CE,1100.0,1127.4,27.05,27.05,26.65,26.7,0.0,800,1024800
2026-08-25 10:40:00,ATM-2,CE,1115.0,1128.1,26.85,27.05,13.25,13.6,37.584632,1600,190000
2026-08-25 10:45:00,ATM-2,CE,1115.0,1128.2,13.6,13.6,13.05,13.05,0.0,2000,188800
2026-08-25 10:50:00,ATM-2,CE,1100.0,1127.3,13.05,27.5,13.05,26.8,0.0,1600,1022000
2026-08-25 10:55:00,ATM-2,CE,1100.0,1126.6,26.7,26.85,26.0,26.0,0.0,7600,1020400
2026-08-25 11:00:00,ATM-2,CE,1100.0,1127.0,25.9,26.45,25.25,26.0,0.0,8000,1015200
2026-08-25 11:05:00,ATM-2,CE,1100.0,1125.9,26.15,27.0,25.25,25.4,0.0,5200,1015200
2026-08-25 11:10:00,ATM-2,CE,1100.0,1125.6,25.4,25.4,24.5,24.5,0.0,400,1014400
2026-08-25 11:15:00,ATM-2,CE,1100.0,1127.0,24.5,26.1,24.5,26.1,0.0,400,1014000
2026-08-25 11:20:00,ATM-2,CE,1100.0,1126.4,10.75,26.1,10.75,26.05,0.0,2000,1014000
2026-08-25 11:25:00,ATM-2,CE,1100.0,1126.9,27.0,27.0,26.05,27.0,48.929726,50800,1034400
2026-08-25 11:30:00,ATM-2,CE,1100.0,1126.9,27.0,27.15,27.0,27.0,49.566372,68400,1071600
2026-08-25 11:35:00,ATM-2,CE,1100.0,1127.5,27.0,27.0,27.0,27.0,0.0,13600,1083200
2026-08-25 11:40:00,ATM-2,CE,1100.0,1127.4,12.95,27.55,12.95,27.0,0.0,18400,1099600
2026-08-25 11:45:00,ATM-2,CE,1100.0,1127.4,27.0,27.1,27.0,27.1,0.0,2800,1100800
2026-08-25 11:50:00,ATM-2,CE,1115.0,1128.3,27.1,27.25,12.95,14.7,61.654266,2000,184800
2026-08-25 11:55:00,ATM-2,CE,1115.0,1129.9,14.7,14.7,14.7,14.7,0.0,0,184800
2026-08-25 12:00:00,ATM-2,CE,1115.0,1128.2,14.7,14.7,14.55,14.55,61.948087,400,185200
2026-08-25 12:05:00,ATM-2,CE,1115.0,1128.3,14.55,14.55,13.0,13.0,0.0,800,185200
2026-08-25 12:10:00,ATM-2,CE,1115.0,1128.4,13.0,13.0,13.0,13.0,0.0,0,185200
2026-08-25 12:15:00,ATM-2,CE,1100.0,1127.4,13.0,27.85,12.35,27.85,79.346567,400,982400
2026-08-25 12:20:00,ATM-2,CE,1100.0,1126.7,27.85,27.85,25.45,25.45,0.0,5200,984400
2026-08-25 12:25:00,ATM-2,CE,1100.0,1125.0,25.45,25.45,24.8,25.2,63.32877,2800,984800
2026-08-25 12:30:00,ATM-2,CE,1100.0,1123.8,25.2,25.2,25.2,25.2,101.08057,0,984800
2026-08-25 12:35:00,ATM-2,CE,1100.0,1121.9,23.5,25.2,21.1,21.1,0.0,5600,985600
2026-08-25 12:40:00,ATM-2,CE,1100.0,1123.0,21.1,22.3,21.1,22.3,0.0,800,984800
2026-08-25 12:45:00,ATM-2,CE,1100.0,1123.5,22.3,22.65,22.05,22.05,0.0,3200,983600
2026-08-25 12:50:00,ATM-2,CE,1100.0,1123.7,23.15,23.15,22.05,22.75,0.0,5600,983600
2026-08-25 12:55:00,ATM-2,CE,1100.0,1123.9,22.5,22.75,22.45,22.45,0.0,800,982000
2026-08-25 13:00:00,ATM-2,CE,1100.0,1123.5,22.45,22.45,21.95,22.0,0.0,2800,980400
2026-08-25 13:05:00,ATM-2,CE,1100.0,1124.4,23.0,23.0,22.0,23.0,0.0,400,980000
2026-08-25 13:10:00,ATM-2,CE,1100.0,1123.9,23.0,23.35,23.0,23.35,0.0,400,979600
2026-08-25 13:15:00,ATM-2,CE,1100.0,1123.8,23.35,23.35,23.3,23.3,0.0,3600,978800
2026-08-25 13:20:00,ATM-2,CE,1100.0,1123.3,23.3,23.3,23.3,23.3,0.0,0,978800
2026-08-25 13:25:00,ATM-2,CE,1100.0,1122.6,23.3,23.3,23.3,23.3,95.451827,0,978800
2026-08-25 13:30:00,ATM-2,CE,1100.0,1121.7,23.35,23.35,20.15,20.35,0.0,18000,976400
2026-08-25 13:35:00,ATM-2,CE,1100.0,1121.7,20.35,20.6,20.3,20.5,0.0,4800,972000
2026-08-25 13:40:00,ATM-2,CE,1100.0,1121.9,20.6,21.35,20.4,20.65,0.0,4800,968800
2026-08-25 13:45:00,ATM-2,CE,1100.0,1121.4,20.65,20.65,20.45,20.45,0.0,1200,967600
2026-08-25 13:50:00,ATM-2,CE,1100.0,1126.4,20.45,22.0,20.45,22.0,0.0,400,967600
2026-08-25 13:55:00,ATM-2,CE,1100.0,1124.3,22.0,25.0,22.0,24.65,97.644783,800,967200
2026-08-25 14:00:00,ATM-2,CE,1100.0,1125.0,24.65,24.65,24.15,24.35,0.0,800,966400
2026-08-25 14:05:00,ATM-2,CE,1100.0,1124.9,24.35,24.35,24.35,24.35,0.0,0,966400
2026-08-25 14:10:00,ATM-2,CE,1100.0,1123.8,24.35,24.65,24.35,24.65,129.500158,400,966000
2026-08-25 14:15:00,ATM-2,CE,1100.0,1123.0,24.65,24.65,21.7,21.7,0.0,800,966000
2026-08-25 14:20:00,ATM-2,CE,1100.0,1124.0,22.2,22.2,21.7,22.2,0.0,1200,965200
2026-08-25 14:25:00,ATM-2,CE,1100.0,1125.5,22.2,22.2,22.2,22.2,0.0,0,965200
2026-08-25 14:30:00,ATM-2,CE,1100.0,1126.7,22.2,28.2,9.9,27.55,0.0,2000,964400
2026-08-25 14:35:00,ATM-2,CE,1100.0,1126.4,27.9,27.9,26.0,26.0,0.0,2800,930400
2026-08-25 14:40:00,ATM-2,CE,1100.0,1126.6,27.75,28.35,26.0,27.5,0.0,2400,929200
2026-08-25 14:45:00,ATM-2,CE,1115.0,1128.8,27.65,27.65,11.0,11.0,0.0,400,181200
2026-08-25 14:50:00,ATM-2,CE,1115.0,1129.1,11.0,11.0,11.0,11.0,0.0,0,181200
2026-08-25 14:55:00,ATM-2,CE,1115.0,1129.9,11.0,11.0,11.0,11.0,0.0,0,181200
2026-08-25 15:00:00,ATM-2,CE,1115.0,1130.9,11.0,11.0,11.0,11.0,0.0,0,181200
2026-08-25 15:05:00,ATM-2,CE,1115.0,1130.3,11.0,11.0,11.0,11.0,0.0,0,181200
2026-08-25 15:10:00,ATM-2,CE,1115.0,1131.6,11.0,11.0,11.0,11.0,0.0,0,181200
2026-08-25 15:15:00,ATM-2,CE,1115.0,1131.6,15.0,15.0,11.0,15.0,0.0,2400,181200
2026-08-25 15:20:00,ATM-2,CE,1115.0,1131.6,15.0,15.0,15.0,15.0,0.0,0,181200
2026-08-25 15:25:00,ATM-2,CE,1120.0,1144.0,15.0,24.85,14.0,24.85,0.0,1200,1068000
2026-08-25 15:30:00,ATM-2,CE,1120.0,1144.0,24.85,24.85,16.9,20.3,0.0,16400,1072800
2026-08-25 15:35:00,ATM-2,CE,1120.0,1144.0,20.3,20.5,19.05,20.5,0.0,10400,1076000
2026-08-20 09:15:00,ATM-2,PE,1115.0,1133.0,6.2,6.2,3.3,4.45,21.818026,399200,377600
2026-08-20 09:20:00,ATM-2,PE,1115.0,1136.2,4.4,4.45,3.75,4.0,22.548608,125200,378000
2026-08-20 09:25:00,ATM-2,PE,1115.0,1136.2,3.8,4.0,3.5,3.5,21.305836,86000,334400
2026-08-20 09:30:00,ATM-2,PE,1120.0,1141.2,4.75,4.75,3.85,3.85,22.097483,331200,1916800
2026-08-20 09:35:00,ATM-2,PE,1120.0,1141.4,3.7,4.25,3.7,4.1,22.827113,399200,1932000
2026-08-20 09:40:00,ATM-2,PE,1120.0,1140.3,4.1,4.25,4.05,4.2,22.469282,119200,1939200
2026-08-20 09:45:00,ATM-2,PE,1120.0,1140.6,4.2,4.3,4.1,4.25,22.762868,104800,1954400
2026-08-20 09:50:00,ATM-2,PE,1120.0,1139.3,4.3,4.4,4.25,4.4,22.396934,46000,1950800
2026-08-20 09:55:00,ATM-2,PE,1120.0,1138.8,4.25,4.4,4.25,4.35,22.002494,158000,1910800
2026-08-20 10:00:00,ATM-2,PE,1120.0,1140.5,4.15,4.35,4.15,4.25,22.728036,98400,1950000
2026-08-20 10:05:00,ATM-2,PE,1120.0,1140.7,4.25,4.25,4.0,4.2,22.725729,62000,1951200
2026-08-20 10:10:00,ATM-2,PE,1120.0,1139.4,4.3,4.75,4.2,4.55,22.833193,44400,1947200
2026-08-20 10:15:00,ATM-2,PE,1120.0,1139.3,4.6,4.75,4.5,4.6,22.899884,22000,1946000
2026-08-20 10:20:00,ATM-2,PE,1120.0,1138.9,4.6,4.75,4.55,4.6,22.677485,40800,1933600
2026-08-20 10:25:00,ATM-2,PE,1115.0,1137.2,3.65,4.9,3.65,3.95,23.060916,97200,358000
2026-08-20 10:30:00,ATM-2,PE,1120.0,1137.6,3.9,4.95,3.75,4.65,22.053382,96000,1908400
2026-08-20 10:35:00,ATM-2,PE,1115.0,1136.8,3.85,3.95,3.75,3.9,22.732155,11200,371200
2026-08-20 10:40:00,ATM-2,PE,1115.0,1137.3,3.85,3.9,3.75,3.85,22.885179,23200,372800
2026-08-20 10:45:00,ATM-2,PE,1120.0,1139.3,4.75,4.85,4.2,4.2,21.997618,60400,1930800
2026-08-20 10:50:00,ATM-2,PE,1120.0,1138.9,4.25,4.4,4.1,4.3,22.01527,53600,1928000
2026-08-20 10:55:00,ATM-2,PE,1120.0,1138.8,4.4,4.45,4.3,4.45,22.318024,14800,1921200
2026-08-20 11:00:00,ATM-2,PE,1115.0,1135.5,4.3,4.45,3.5,4.1,22.544351,54800,370400
2026-08-20 11:05:00,ATM-2,PE,1115.0,1133.4,4.2,4.6,4.1,4.55,22.43005,19200,365600
2026-08-20 11:10:00,ATM-2,PE,1115.0,1130.9,4.7,5.4,4.55,5.4,22.868613,42000,351200
2026-08-20 11:15:00,ATM-2,PE,1115.0,1130.6,5.35,5.7,5.25,5.55,23.019859,52000,340400
2026-08-20 11:20:00,ATM-2,PE,1115.0,1129.0,5.55,5.95,5.45,5.95,22.881743,40000,339200
2026-08-20 11:25:00,ATM-2,PE,1115.0,1128.5,5.8,5.95,5.7,5.8,22.246582,22000,336400
2026-08-20 11:30:00,ATM-2,PE,1100.0,1127.1,5.85,6.0,3.35,3.55,25.028221,23600,3128000
2026-08-20 11:35:00,ATM-2,PE,1100.0,1126.7,3.55,3.75,3.5,3.75,25.37097,40000,3109600
2026-08-20 11:40:00,ATM-2,PE,1115.0,1129.7,3.7,6.95,3.7,5.75,22.925857,42800,327600
2026-08-20 11:45:00,ATM-2,PE,1115.0,1130.7,5.75,5.75,5.15,5.15,22.239713,18800,326400
2026-08-20 11:50:00,ATM-2,PE,1115.0,1132.3,5.3,5.3,4.95,5.0,22.880016,15600,321600
2026-08-20 11:55:00,ATM-2,PE,1115.0,1131.0,5.1,5.7,5.0,5.7,23.655246,5600,323600
2026-08-20 12:00:00,ATM-2,PE,1115.0,1130.4,5.65,5.9,5.65,5.9,23.72278,5200,324000
2026-08-20 12:05:00,ATM-2,PE,1115.0,1129.4,5.85,6.1,5.85,5.95,23.201763,5600,323600
2026-08-20 12:10:00,ATM-2,PE,1115.0,1128.3,5.95,6.45,5.95,6.45,23.55877,10400,324400
2026-08-20 12:15:00,ATM-2,PE,1115.0,1129.8,6.2,6.45,5.65,5.95,23.471916,14400,320800
2026-08-20 12:20:00,ATM-2,PE,1115.0,1130.0,5.9,5.95,5.45,5.65,22.954479,25200,314800
2026-08-20 12:25:00,ATM-2,PE,1115.0,1131.1,5.65,5.75,5.65,5.7,23.76155,2800,312400
2026-08-20 12:30:00,ATM-2,PE,1115.0,1130.8,5.55,5.7,5.45,5.6,23.361289,6400,314800
2026-08-20 12:35:00,ATM-2,PE,1115.0,1129.9,5.6,5.65,5.6,5.65,22.912515,6000,315600
2026-08-20 12:40:00,ATM-2,PE,1115.0,1128.7,5.75,6.4,5.65,6.15,23.227874,25600,317200
2026-08-20 12:45:00,ATM-2,PE,1115.0,1128.8,6.1,6.15,5.55,5.55,22.00919,16400,314000
2026-08-20 12:50:00,ATM-2,PE,1115.0,1133.2,5.65,5.65,4.55,4.55,22.458774,41200,309600
2026-08-20 12:55:00,ATM-2,PE,1115.0,1133.7,4.5,4.8,4.5,4.8,23.344763,28800,318400
2026-08-20 13:00:00,ATM-2,PE,1115.0,1134.4,4.8,4.95,4.8,4.85,23.880523,27600,319600
2026-08-20 13:05:00,ATM-2,PE,1115.0,1133.6,4.85,5.1,4.85,5.1,23.995828,7600,328000
2026-08-20 13:10:00,ATM-2,PE,1115.0,1134.8,5.05,5.35,4.9,4.9,24.24734,33600,340400
2026-08-20 13:15:00,ATM-2,PE,1115.0,1135.0,4.9,5.05,4.85,4.9,24.371982,36000,353600
2026-08-20 13:20:00,ATM-2,PE,1115.0,1135.7,4.9,4.9,4.7,4.7,24.311219,10800,364400
2026-08-20 13:25:00,ATM-2,PE,1115.0,1136.1,4.6,4.7,4.45,4.45,23.944766,14000,368400
2026-08-20 13:30:00,ATM-2,PE,1115.0,1135.1,4.5,4.55,4.45,4.55,23.62109,4400,368000
2026-08-20 13:35:00,ATM-2,PE,1115.0,1136.4,4.55,4.55,4.5,4.5,24.252243,2800,370400
2026-08-20 13:40:00,ATM-2,PE,1120.0,1138.0,4.3,5.35,4.3,5.1,23.587797,20000,1990800
2026-08-20 13:45:00,ATM-2,PE,1120.0,1138.3,5.15,5.15,4.85,4.95,23.429685,53200,1992000
2026-08-20 13:50:00,ATM-2,PE,1115.0,1135.3,4.2,4.7,3.95,4.7,24.125793,17600,378400
2026-08-20 13:55:00,ATM-2,PE,1115.0,1134.4,4.9,5.0,4.7,5.0,24.31508,8800,383200
2026-08-20 14:00:00,ATM-2,PE,1115.0,1133.9,4.9,5.1,4.9,5.0,24.02596,14800,385600
2026-08-20 14:05:00,ATM-2,PE,1115.0,1132.5,5.4,5.6,5.0,5.35,23.993298,71600,389200
2026-08-20 14:10:00,ATM-2,PE,1115.0,1134.5,5.35,5.35,5.0,5.0,24.397372,3200,390000
2026-08-20 14:15:00,ATM-2,PE,1115.0,1134.6,5.0,5.05,4.8,4.8,23.993113,10400,390000
2026-08-20 14:20:00,ATM-2,PE,1115.0,1134.0,4.9,5.15,4.8,5.15,24.464935,3600,387600
2026-08-20 14:25:00,ATM-2,PE,1115.0,1132.9,5.35,5.55,5.15,5.55,24.722742,17600,385200
2026-08-20 14:30:00,ATM-2,PE,1115.0,1131.0,5.5,6.0,5.5,5.65,23.773866,21600,387200
2026-08-20 14:35:00,ATM-2,PE,1115.0,1130.6,5.65,5.65,5.4,5.4,22.973314,3600,386000
2026-08-20 14:40:00,ATM-2,PE,1115.0,1129.4,5.4,5.9,5.4,5.9,23.317572,2800,387200
2026-08-20 14:45:00,ATM-2,PE,1115.0,1129.5,6.1,6.1,5.8,5.8,23.171355,10000,388000
2026-08-20 14:50:00,ATM-2,PE,1115.0,1129.8,5.75,5.95,5.45,5.8,23.37168,22400,376400
2026-08-20 14:55:00,ATM-2,PE,1115.0,1129.0,6.1,6.2,5.8,6.05,23.404985,4800,375600
2026-08-20 15:00:00,ATM-2,PE,1115.0,1129.7,6.0,6.05,5.65,5.65,22.992772,7600,376000
2026-08-20 15:05:00,ATM-2,PE,1115.0,1129.1,5.85,5.9,5.65,5.75,22.832698,4400,375600
2026-08-20 15:10:00,ATM-2,PE,1115.0,1129.4,5.7,5.85,5.7,5.85,23.252548,19200,376400
2026-08-20 15:15:00,ATM-2,PE,1115.0,1129.4,5.6,5.85,5.0,5.0,21.380672,10800,381200
2026-08-20 15:20:00,ATM-2,PE,1115.0,1129.4,5.0,5.0,4.85,5.0,21.387391,10400,382400
2026-08-20 15:25:00,ATM-2,PE,1115.0,1130.0,4.85,5.0,4.75,4.75,21.204568,5200,381600
2026-08-20 15:30:00,ATM-2,PE,1115.0,1130.0,5.1,5.1,4.55,4.55,20.754263,23600,392800
2026-08-20 15:35:00,ATM-2,PE,1115.0,1130.0,4.55,4.8,4.55,4.7,21.103982,4800,392800
2026-08-21 09:15:00,ATM-2,PE,1100.0,1121.6,2.4,3.85,2.4,3.65,24.445021,368000,2489200
2026-08-21 09:20:00,ATM-2,PE,1100.0,1124.1,3.35,3.65,2.95,3.05,24.163039,264400,2550400
2026-08-21 09:25:00,ATM-2,PE,1100.0,1122.3,3.05,3.3,2.95,3.3,23.873494,162000,2556800
2026-08-21 09:30:00,ATM-2,PE,1100.0,1119.9,3.4,4.05,3.3,4.0,24.39723,250000,2528400
2026-08-21 09:35:00,ATM-2,PE,1100.0,1120.0,3.8,4.0,3.6,3.7,23.643601,117600,2534400
2026-08-21 09:40:00,ATM-2,PE,1100.0,1122.7,3.75,3.75,3.15,3.15,23.69158,93600,2517600
2026-08-21 09:45:00,ATM-2,PE,1100.0,1123.8,3.2,3.2,3.15,3.15,24.340997,141600,2563600
2026-08-21 09:50:00,ATM-2,PE,1115.0,1129.0,3.15,5.85,2.85,5.05,22.929882,99600,450000
2026-08-21 09:55:00,ATM-2,PE,1115.0,1128.7,5.25,5.55,5.05,5.45,23.68844,39200,446400
2026-08-21 10:00:00,ATM-2,PE,1115.0,1127.6,5.5,6.0,2.75,5.75,23.621161,70000,445600
2026-08-21 10:05:00,ATM-2,PE,1100.0,1126.9,3.0,6.1,2.85,2.95,25.521443,14800,2640000
2026-08-21 10:10:00,ATM-2,PE,1100.0,1127.3,2.95,5.85,2.85,2.85,25.431546,11200,2618800
2026-08-21 10:15:00,ATM-2,PE,1100.0,1126.9,2.9,3.05,2.85,3.0,25.700934,124800,2642800
2026-08-21 10:20:00,ATM-2,PE,1115.0,1130.6,3.0,5.8,3.0,4.8,23.462069,30400,449600
2026-08-21 10:25:00,ATM-2,PE,1115.0,1131.3,4.9,5.0,4.4,4.7,23.689869,46400,454400
2026-08-21 10:30:00,ATM-2,PE,1115.0,1132.7,4.85,4.85,4.55,4.6,24.368057,104800,464400
2026-08-21 10:35:00,ATM-2,PE,1115.0,1131.4,4.85,4.95,4.6,4.95,24.400461,57600,433200
2026-08-21 10:40:00,ATM-2,PE,1115.0,1130.8,5.0,5.3,4.85,5.3,24.867398,85200,444400
2026-08-21 10:45:00,ATM-2,PE,1115.0,1128.2,5.25,5.8,5.05,5.65,23.898247,28000,442400
2026-08-21 10:50:00,ATM-2,PE,1115.0,1130.5,5.8,5.8,5.4,5.7,25.652045,12400,437600
2026-08-21 10:55:00,ATM-2,PE,1115.0,1130.7,5.45,5.85,5.4,5.55,25.437373,27600,431200
2026-08-21 11:00:00,ATM-2,PE,1115.0,1131.6,5.65,5.65,5.4,5.4,25.698636,16000,431200
2026-08-21 11:05:00,ATM-2,PE,1115.0,1130.6,5.5,5.95,5.35,5.5,25.26599,47200,433200
2026-08-21 11:10:00,ATM-2,PE,1115.0,1131.6,5.6,5.6,5.25,5.25,25.347755,8000,433200
2026-08-21 11:15:00,ATM-2,PE,1115.0,1131.5,5.25,5.3,4.75,5.3,25.413255,37200,437600
2026-08-21 11:20:00,ATM-2,PE,1115.0,1132.0,5.3,5.45,5.15,5.2,25.514059,10000,431200
2026-08-21 11:25:00,ATM-2,PE,1115.0,1129.9,5.3,5.6,5.2,5.45,24.696005,16400,423600
2026-08-21 11:30:00,ATM-2,PE,1115.0,1130.7,5.65,5.8,5.4,5.4,25.139608,11200,420800
2026-08-21 11:35:00,ATM-2,PE,1115.0,1130.8,5.4,5.6,5.35,5.35,25.095721,10400,420800
2026-08-21 11:40:00,ATM-2,PE,1115.0,1130.3,5.35,5.65,5.35,5.6,25.368589,8400,418800
2026-08-21 11:45:00,ATM-2,PE,1115.0,1132.4,5.55,5.6,5.1,5.1,25.582501,6400,414000
2026-08-21 11:50:00,ATM-2,PE,1115.0,1132.4,4.85,5.1,4.65,4.75,24.705402,23600,415600
2026-08-21 11:55:00,ATM-2,PE,1115.0,1131.7,4.8,4.95,4.75,4.95,24.753786,4400,416000
2026-08-21 12:00:00,ATM-2,PE,1115.0,1132.0,5.0,5.0,4.8,4.8,24.585583,26400,420800
2026-08-21 12:05:00,ATM-2,PE,1115.0,1132.0,4.8,4.9,4.8,4.8,24.595146,2000,421200
2026-08-21 12:10:00,ATM-2,PE,1115.0,1131.5,4.8,4.85,4.8,4.85,24.395753,1600,420400
2026-08-21 12:15:00,ATM-2,PE,1115.0,1131.5,5.05,5.2,4.85,5.0,24.782803,6800,417600
2026-08-21 12:20:00,ATM-2,PE,1115.0,1132.1,4.8,5.0,4.75,4.8,24.690788,9200,416400
2026-08-21 12:25:00,ATM-2,PE,1115.0,1130.7,4.55,4.85,4.55,4.8,23.756668,28400,416800
2026-08-21 12:30:00,ATM-2,PE,1115.0,1131.4,4.75,4.8,4.65,4.65,23.859355,4400,415200
2026-08-21 12:35:00,ATM-2,PE,1115.0,1131.6,4.8,4.8,4.6,4.6,23.874971,8000,409200
2026-08-21 12:40:00,ATM-2,PE,1115.0,1130.6,4.65,4.95,4.6,4.95,24.091963,2000,408800
2026-08-21 12:45:00,ATM-2,PE,1115.0,1129.0,5.0,5.65,4.95,5.65,24.695826,14000,404400
2026-08-21 12:50:00,ATM-2,PE,1115.0,1129.5,5.6,5.7,5.45,5.45,24.577225,10000,402000
2026-08-21 12:55:00,ATM-2,PE,1115.0,1129.5,5.45,5.6,5.45,5.5,24.708456,8800,402800
2026-08-21 13:00:00,ATM-2,PE,1115.0,1128.5,5.8,6.0,5.5,5.7,24.484959,17600,394800
2026-08-21 13:05:00,ATM-2,PE,1115.0,1129.1,5.7,5.7,5.55,5.55,24.564419,6000,391200
2026-08-21 13:10:00,ATM-2,PE,1115.0,1129.1,5.55,5.65,5.55,5.55,24.574037,7200,389600
2026-08-21 13:15:00,ATM-2,PE,1115.0,1129.9,5.45,5.55,4.95,5.15,24.170575,16800,383600
2026-08-21 13:20:00,ATM-2,PE,1115.0,1128.6,5.2,5.55,5.15,5.55,24.234574,3600,382000
2026-08-21 13:25:00,ATM-2,PE,1115.0,1128.6,5.55,5.65,5.45,5.65,24.485056,7600,380000
2026-08-21 13:30:00,ATM-2,PE,1100.0,1127.3,5.65,5.9,3.15,3.15,26.810984,93200,2741600
2026-08-21 13:35:00,ATM-2,PE,1100.0,1127.0,3.1,3.25,3.1,3.15,26.649189,32400,2736000
2026-08-21 13:40:00,ATM-2,PE,1100.0,1127.5,3.15,3.15,3.05,3.05,26.624699,31600,2524000
2026-08-21 13:45:00,ATM-2,PE,1100.0,1127.3,5.8,5.8,3.0,3.0,26.358838,12800,2521200
2026-08-21 13:50:00,ATM-2,PE,1115.0,1127.6,3.05,5.8,3.0,5.75,24.042957,26800,366800
2026-08-21 13:55:00,ATM-2,PE,1100.0,1126.6,5.75,5.75,2.95,3.05,26.140921,34800,2497200
2026-08-21 14:00:00,ATM-2,PE,1100.0,1125.0,3.1,3.3,3.05,3.25,25.851476,168800,2504000
2026-08-21 14:05:00,ATM-2,PE,1100.0,1125.7,3.3,3.3,3.15,3.2,26.11683,58800,2529600
2026-08-21 14:10:00,ATM-2,PE,1100.0,1125.0,3.2,3.3,3.2,3.3,26.027286,50800,2520800
2026-08-21 14:15:00,ATM-2,PE,1100.0,1124.5,3.35,3.4,3.3,3.4,26.047626,26800,2518000
2026-08-21 14:20:00,ATM-2,PE,1100.0,1124.4,3.35,3.4,3.2,3.2,25.383112,30400,2498800
2026-08-21 14:25:00,ATM-2,PE,1100.0,1122.8,3.25,3.4,3.15,3.35,24.894024,84000,2502000
2026-08-21 14:30:00,ATM-2,PE,1100.0,1122.0,3.35,3.4,3.3,3.3,24.268208,66000,2495200
2026-08-21 14:35:00,ATM-2,PE,1100.0,1121.7,3.35,3.35,3.25,3.25,23.945388,78400,2505200
2026-08-21 14:40:00,ATM-2,PE,1100.0,1120.8,3.3,3.75,3.25,3.75,24.862431,96000,2474400
2026-08-21 14:45:00,ATM-2,PE,1100.0,1120.7,3.55,3.75,3.5,3.6,24.37789,124000,2474400
2026-08-21 14:50:00,ATM-2,PE,1100.0,1120.1,3.6,3.65,3.4,3.5,23.722178,116800,2454800
2026-08-21 14:55:00,ATM-2,PE,1100.0,1120.0,3.45,3.6,3.45,3.6,23.957048,39600,2455200
2026-08-21 15:00:00,ATM-2,PE,1100.0,1120.0,3.6,3.65,3.5,3.6,23.966699,68800,2430000
2026-08-21 15:05:00,ATM-2,PE,1100.0,1118.7,3.6,3.6,3.5,3.55,23.007535,46000,2418000
2026-08-21 15:10:00,ATM-2,PE,1100.0,1119.0,3.7,3.7,3.55,3.65,23.492414,153600,2431600
2026-08-21 15:15:00,ATM-2,PE,1100.0,1119.0,3.5,3.65,3.1,3.1,21.912233,80400,2422400
2026-08-21 15:20:00,ATM-2,PE,1100.0,1119.0,3.1,3.1,2.75,2.75,20.870753,68800,2376800
2026-08-21 15:25:00,ATM-2,PE,1100.0,1121.0,2.7,2.9,2.7,2.9,22.550427,40000,2369600
2026-08-21 15:30:00,ATM-2,PE,1100.0,1121.0,2.9,2.95,2.85,2.95,22.713518,51600,2381600
2026-08-21 15:35:00,ATM-2,PE,1100.0,1121.0,2.85,3.05,2.85,2.9,22.568691,47600,2386400
2026-08-24 09:15:00,ATM-2,PE,1120.0,1139.9,3.5,4.05,1.85,2.3,34.112747,258400,2020400
2026-08-24 09:20:00,ATM-2,PE,1120.0,1142.3,2.15,2.3,1.95,1.95,34.508092,434000,2064400
2026-08-24 09:25:00,ATM-2,PE,1120.0,1139.9,2.1,2.5,1.95,2.3,34.204584,356800,2117200
2026-08-24 09:30:00,ATM-2,PE,1120.0,1137.9,2.25,2.45,2.0,2.45,32.978048,251200,2141600
2026-08-24 09:35:00,ATM-2,PE,1120.0,1138.2,2.4,2.55,2.35,2.35,32.797976,321200,2095200
2026-08-24 09:40:00,ATM-2,PE,1120.0,1138.8,2.25,2.4,2.2,2.25,32.918299,125200,2078400
2026-08-24 09:45:00,ATM-2,PE,1115.0,1135.2,1.8,2.1,1.7,2.1,33.693203,109600,362800
2026-08-24 09:50:00,ATM-2,PE,1115.0,1136.4,2.0,2.1,1.8,1.8,33.114006,35200,359200
2026-08-24 09:55:00,ATM-2,PE,1115.0,1136.3,1.7,1.8,1.6,1.8,33.060847,59200,362000
2026-08-24 10:00:00,ATM-2,PE,1115.0,1135.2,1.7,1.85,1.7,1.75,31.702105,47600,366800
2026-08-24 10:05:00,ATM-2,PE,1115.0,1133.8,1.75,2.15,1.75,2.0,31.846016,40000,377600
2026-08-24 10:10:00,ATM-2,PE,1115.0,1135.6,2.0,2.0,1.75,1.75,32.187101,22800,371600
2026-08-24 10:15:00,ATM-2,PE,1115.0,1134.4,1.75,1.9,1.75,1.85,31.649248,34000,380800
2026-08-24 10:20:00,ATM-2,PE,1115.0,1135.9,2.0,2.0,1.85,1.9,33.518552,32000,374800
2026-08-24 10:25:00,ATM-2,PE,1115.0,1135.1,1.6,1.9,1.6,1.75,31.822265,233600,382000
2026-08-24 10:30:00,ATM-2,PE,1115.0,1134.6,1.8,1.9,1.75,1.9,32.291706,34400,368000
2026-08-24 10:35:00,ATM-2,PE,1115.0,1135.8,1.8,1.9,1.55,1.55,31.304369,61200,361200
2026-08-24 10:40:00,ATM-2,PE,1115.0,1136.3,1.65,1.65,1.55,1.55,31.835837,13600,360800
2026-08-24 10:45:00,ATM-2,PE,1115.0,1135.8,1.55,1.65,1.55,1.65,32.055095,10400,360400
2026-08-24 10:50:00,ATM-2,PE,1115.0,1136.1,1.55,1.65,1.5,1.5,31.391389,35200,389200
2026-08-24 10:55:00,ATM-2,PE,1115.0,1134.0,1.5,1.65,1.5,1.65,30.343899,81200,376000
2026-08-24 11:00:00,ATM-2,PE,1115.0,1132.8,1.65,2.25,1.65,2.25,32.728159,78800,384800
2026-08-24 11:05:00,ATM-2,PE,1115.0,1134.3,2.2,2.25,1.85,1.85,31.994347,48000,358800
2026-08-24 11:10:00,ATM-2,PE,1115.0,1133.5,1.75,1.9,1.65,1.65,29.965081,92400,416000
2026-08-24 11:15:00,ATM-2,PE,1115.0,1137.5,1.65,1.9,1.25,1.25,31.158814,158400,411200
2026-08-24 11:20:00,ATM-2,PE,1115.0,1136.4,1.3,1.5,1.25,1.5,31.955236,36000,387200
2026-08-24 11:25:00,ATM-2,PE,1115.0,1136.2,1.55,1.6,1.5,1.55,32.148621,12800,390000
2026-08-24 11:30:00,ATM-2,PE,1115.0,1135.2,1.7,1.9,1.55,1.9,33.470449,66400,389600
2026-08-24 11:35:00,ATM-2,PE,1115.0,1134.4,1.9,2.0,1.9,1.95,32.995562,7600,387600
2026-08-24 11:40:00,ATM-2,PE,1115.0,1133.1,2.0,2.2,1.95,2.15,32.854962,32000,397200
2026-08-24 11:45:00,ATM-2,PE,1115.0,1134.3,2.2,2.2,2.0,2.0,33.292979,13600,393200
2026-08-24 11:50:00,ATM-2,PE,1115.0,1133.5,2.0,2.2,2.0,2.2,33.679345,8800,392400
2026-08-24 11:55:00,ATM-2,PE,1115.0,1131.7,2.2,2.7,2.2,2.45,33.152411,31600,385600
2026-08-24 12:00:00,ATM-2,PE,1115.0,1133.3,2.5,2.6,2.4,2.45,35.001848,10400,385600
2026-08-24 12:05:00,ATM-2,PE,1115.0,1134.0,2.55,2.65,2.45,2.5,36.11896,100800,387600
2026-08-24 12:10:00,ATM-2,PE,1115.0,1134.9,2.4,2.5,2.35,2.4,36.587729,18800,396400
2026-08-24 12:15:00,ATM-2,PE,1115.0,1135.9,2.4,2.4,2.2,2.2,36.526691,39200,403200
2026-08-24 12:20:00,ATM-2,PE,1115.0,1136.7,2.2,2.25,2.2,2.2,37.434837,12000,395600
2026-08-24 12:25:00,ATM-2,PE,1115.0,1136.9,2.1,2.2,2.05,2.1,37.076416,16400,403200
2026-08-24 12:30:00,ATM-2,PE,1115.0,1136.6,2.1,2.3,2.1,2.3,38.057436,10400,400000
2026-08-24 12:35:00,ATM-2,PE,1115.0,1135.3,2.3,2.4,2.3,2.4,37.303663,13600,398400
2026-08-24 12:40:00,ATM-2,PE,1115.0,1136.2,2.4,2.5,2.25,2.45,38.647418,39200,411200
2026-08-24 12:45:00,ATM-2,PE,1115.0,1135.0,2.4,2.9,2.4,2.8,39.406269,74800,412000
2026-08-24 12:50:00,ATM-2,PE,1115.0,1137.0,2.75,2.8,2.45,2.45,39.641241,20000,409600
2026-08-24 12:55:00,ATM-2,PE,1115.0,1136.2,3.2,3.2,2.25,2.5,39.124505,98400,417200
2026-08-24 13:00:00,ATM-2,PE,1115.0,1136.4,2.5,2.6,2.4,2.4,38.801328,34000,417200
2026-08-24 13:05:00,ATM-2,PE,1115.0,1136.3,2.5,2.5,2.2,2.2,37.518318,24000,420400
2026-08-24 13:10:00,ATM-2,PE,1115.0,1136.9,2.2,2.25,2.1,2.1,37.58853,12400,419600
2026-08-24 13:15:00,ATM-2,PE,1115.0,1137.4,2.1,2.15,2.0,2.0,37.528902,18400,420000
2026-08-24 13:20:00,ATM-2,PE,1115.0,1136.8,1.9,2.75,1.9,1.9,36.292769,20000,420800
2026-08-24 13:25:00,ATM-2,PE,1115.0,1134.5,2.0,2.25,1.9,2.25,36.079725,76000,428000
2026-08-24 13:30:00,ATM-2,PE,1115.0,1128.7,2.4,4.15,2.25,3.9,37.99099,188800,385200
2026-08-24 13:35:00,ATM-2,PE,1115.0,1128.9,4.15,4.2,3.75,3.95,38.561838,56800,388000
2026-08-24 13:40:00,ATM-2,PE,1115.0,1129.1,3.9,4.05,3.85,4.05,39.380771,28800,383600
2026-08-24 13:45:00,ATM-2,PE,1115.0,1128.8,4.0,4.05,3.8,4.05,39.042021,19600,386800
2026-08-24 13:50:00,ATM-2,PE,1115.0,1128.7,4.05,4.05,3.95,3.95,38.477257,18800,377200
2026-08-24 13:55:00,ATM-2,PE,1115.0,1128.5,4.0,4.0,3.85,3.85,37.775981,3200,376800
2026-08-24 14:00:00,ATM-2,PE,1115.0,1129.3,3.75,3.85,3.55,3.65,37.893631,28400,378800
2026-08-24 14:05:00,ATM-2,PE,1115.0,1129.7,3.65,3.7,3.45,3.45,37.452436,19600,377200
2026-08-24 14:10:00,ATM-2,PE,1115.0,1128.6,3.45,3.9,3.45,3.9,38.340001,25200,369200
2026-08-24 14:15:00,ATM-2,PE,1115.0,1128.6,4.0,4.15,3.9,4.05,39.145797,24400,363200
2026-08-24 14:20:00,ATM-2,PE,1115.0,1128.3,4.0,4.15,4.0,4.1,39.047008,14000,360400
2026-08-24 14:25:00,ATM-2,PE,1100.0,1126.0,4.05,4.1,1.8,1.95,42.407291,64000,2038400
2026-08-24 14:30:00,ATM-2,PE,1100.0,1126.0,2.0,2.0,1.9,2.0,42.836543,82000,2044800
2026-08-24 14:35:00,ATM-2,PE,1100.0,1124.5,2.1,2.45,2.0,2.45,44.354951,42800,2038800
2026-08-24 14:40:00,ATM-2,PE,1100.0,1123.7,2.5,2.75,2.45,2.75,45.448497,52400,2031600
2026-08-24 14:45:00,ATM-2,PE,1100.0,1123.6,2.85,3.0,2.75,2.8,45.721752,202800,2070800
2026-08-24 14:50:00,ATM-2,PE,1100.0,1123.9,2.85,3.0,2.8,2.8,46.145229,84800,2003200
2026-08-24 14:55:00,ATM-2,PE,1100.0,1123.5,2.85,3.0,2.8,3.0,46.998602,47600,1995200
2026-08-24 15:00:00,ATM-2,PE,1100.0,1123.8,3.05,3.1,2.65,2.95,47.120989,48800,2005600
2026-08-24 15:05:00,ATM-2,PE,1100.0,1125.9,3.0,3.05,2.55,2.65,47.704834,77600,2003600
2026-08-24 15:10:00,ATM-2,PE,1115.0,1129.5,4.7,4.9,4.0,4.0,40.837753,33600,340000
2026-08-24 15:15:00,ATM-2,PE,1115.0,1129.5,4.05,4.05,3.55,3.55,38.579466,14800,343200
2026-08-24 15:20:00,ATM-2,PE,1115.0,1129.5,3.25,3.55,2.55,2.65,33.782328,63200,341200
2026-08-24 15:25:00,ATM-2,PE,1115.0,1130.0,2.65,3.9,2.55,3.5,39.111561,104400,331200
2026-08-24 15:30:00,ATM-2,PE,1115.0,1130.0,3.3,3.5,1.9,1.9,30.106983,27600,310800
2026-08-24 15:35:00,ATM-2,PE,1115.0,1130.0,1.95,2.25,1.9,2.25,32.274338,13600,309600
2026-08-25 09:15:00,ATM-2,PE,1115.0,1130.8,2.0,2.45,1.7,1.7,57.541443,38400,306800
2026-08-25 09:20:00,ATM-2,PE,1100.0,1125.9,1.6,1.8,0.75,0.75,63.952864,16800,1912800
2026-08-25 09:25:00,ATM-2,PE,1100.0,1126.2,1.15,1.15,0.75,1.1,71.861299,69200,1874400
2026-08-25 09:30:00,ATM-2,PE,1100.0,1127.0,1.05,1.1,0.85,0.85,68.984992,110000,1822000
2026-08-25 09:35:00,ATM-2,PE,1100.0,1127.2,0.85,1.0,0.8,1.0,72.885044,50000,1774000
2026-08-25 09:40:00,ATM-2,PE,1100.0,1125.2,0.95,1.0,0.85,0.85,66.527532,42800,1760000
2026-08-25 09:45:00,ATM-2,PE,1100.0,1124.0,0.9,1.1,0.85,1.1,69.45719,103600,1714000
2026-08-25 09:50:00,ATM-2,PE,1100.0,1123.2,1.25,1.35,1.1,1.3,71.795521,84000,1725200
2026-08-25 09:55:00,ATM-2,PE,1100.0,1125.4,1.3,1.3,0.85,0.95,70.418073,70800,1694400
2026-08-25 10:00:00,ATM-2,PE,1100.0,1127.1,0.9,0.95,0.7,0.7,68.762572,33600,1682400
2026-08-25 10:05:00,ATM-2,PE,1100.0,1127.5,0.65,2.3,0.65,0.65,68.800949,39600,1659600
2026-08-25 10:10:00,ATM-2,PE,1115.0,1128.7,2.05,2.05,1.7,1.7,57.013865,4000,257600
2026-08-25 10:15:00,ATM-2,PE,1115.0,1127.6,1.65,1.7,1.65,1.65,54.012401,1600,257200
2026-08-25 10:20:00,ATM-2,PE,1115.0,1127.6,0.5,1.9,0.45,1.85,57.010354,23200,253600
2026-08-25 10:25:00,ATM-2,PE,1100.0,1126.6,0.5,0.55,0.5,0.55,66.571427,39200,1594400
2026-08-25 10:30:00,ATM-2,PE,1100.0,1127.1,0.55,0.55,0.5,0.5,66.618212,59200,1566800
2026-08-25 10:35:00,ATM-2,PE,1100.0,1127.4,0.5,0.55,0.45,0.45,66.190518,58800,1525600
2026-08-25 10:40:00,ATM-2,PE,1115.0,1128.1,0.5,1.55,0.35,1.45,54.778455,34800,248400
2026-08-25 10:45:00,ATM-2,PE,1115.0,1128.2,1.2,1.45,1.15,1.15,51.041903,1600,247200
2026-08-25 10:50:00,ATM-2,PE,1100.0,1127.3,1.15,1.2,0.2,0.2,57.768558,15200,1408800
2026-08-25 10:55:00,ATM-2,PE,1100.0,1126.6,0.25,0.25,0.15,0.15,54.302281,39600,1403200
2026-08-25 11:00:00,ATM-2,PE,1100.0,1127.0,0.2,0.25,0.15,0.2,58.282744,76000,1405200
2026-08-25 11:05:00,ATM-2,PE,1100.0,1125.9,0.2,0.25,0.2,0.25,59.263697,34400,1381200
2026-08-25 11:10:00,ATM-2,PE,1100.0,1125.6,0.2,0.3,0.2,0.25,59.265333,31600,1363600
2026-08-25 11:15:00,ATM-2,PE,1100.0,1127.0,0.25,0.25,0.2,0.2,59.934514,40000,1337600
2026-08-25 11:20:00,ATM-2,PE,1100.0,1126.4,1.4,1.4,0.2,0.25,61.913057,45600,1314000
2026-08-25 11:25:00,ATM-2,PE,1100.0,1126.9,0.5,0.8,0.25,0.8,81.796562,88000,1298800
2026-08-25 11:30:00,ATM-2,PE,1100.0,1126.9,0.75,0.9,0.7,0.85,83.91496,79200,1299600
2026-08-25 11:35:00,ATM-2,PE,1100.0,1127.5,0.75,0.85,0.55,0.55,77.558801,45200,1280800
2026-08-25 11:40:00,ATM-2,PE,1100.0,1127.4,2.1,2.1,0.3,0.5,76.503073,42000,1272400
2026-08-25 11:45:00,ATM-2,PE,1100.0,1127.4,0.45,0.5,0.3,0.3,69.525284,33200,1256000
2026-08-25 11:50:00,ATM-2,PE,1115.0,1128.3,0.3,1.95,0.3,1.95,71.067771,23600,249600
2026-08-25 11:55:00,ATM-2,PE,1115.0,1129.9,1.95,1.95,1.7,1.7,72.846066,2800,249200
2026-08-25 12:00:00,ATM-2,PE,1115.0,1128.2,1.7,1.7,0.9,0.95,55.522329,11600,246800
2026-08-25 12:05:00,ATM-2,PE,1115.0,1128.3,0.95,0.95,0.65,0.9,55.47392,3200,246400
2026-08-25 12:10:00,ATM-2,PE,1115.0,1128.4,0.9,0.9,0.6,0.6,49.904143,6000,246000
2026-08-25 12:15:00,ATM-2,PE,1100.0,1127.4,0.5,0.6,0.05,0.05,55.903387,9600,1126000
2026-08-25 12:20:00,ATM-2,PE,1100.0,1126.7,0.05,0.1,0.05,0.1,61.137724,27200,1124000
2026-08-25 12:25:00,ATM-2,PE,1100.0,1125.0,0.05,0.1,0.05,0.1,58.632074,11200,1123600
2026-08-25 12:30:00,ATM-2,PE,1100.0,1123.8,0.05,0.2,0.05,0.2,64.144756,29200,1122000
2026-08-25 12:35:00,ATM-2,PE,1100.0,1121.9,0.15,0.25,0.15,0.25,63.484327,6800,1121200
2026-08-25 12:40:00,ATM-2,PE,1100.0,1123.0,0.25,0.25,0.1,0.1,56.995227,15200,1120000
2026-08-25 12:45:00,ATM-2,PE,1100.0,1123.5,0.15,0.2,0.1,0.2,66.227918,3200,1119200
2026-08-25 12:50:00,ATM-2,PE,1100.0,1123.7,0.2,0.2,0.05,0.05,54.371011,20800,1118400
2026-08-25 12:55:00,ATM-2,PE,1100.0,1123.9,0.1,0.15,0.05,0.15,65.758286,10800,1115600
2026-08-25 13:00:00,ATM-2,PE,1100.0,1123.5,0.15,0.2,0.05,0.05,55.689806,75600,1110000
2026-08-25 13:05:00,ATM-2,PE,1100.0,1124.4,0.15,0.15,0.05,0.15,69.068617,8800,1051600
2026-08-25 13:10:00,ATM-2,PE,1100.0,1123.9,0.15,0.15,0.1,0.1,64.628828,6400,1045600
2026-08-25 13:15:00,ATM-2,PE,1100.0,1123.8,0.1,0.2,0.1,0.2,73.712206,7600,1040400
2026-08-25 13:20:00,ATM-2,PE,1100.0,1123.3,0.2,0.2,0.1,0.15,70.104677,7600,1038000
2026-08-25 13:25:00,ATM-2,PE,1100.0,1122.6,0.1,0.15,0.1,0.15,69.681301,2000,1038000
2026-08-25 13:30:00,ATM-2,PE,1100.0,1121.7,0.1,0.2,0.1,0.1,64.233724,22000,1032400
2026-08-25 13:35:00,ATM-2,PE,1100.0,1121.7,0.2,0.5,0.1,0.15,70.159052,7200,1025200
2026-08-25 13:40:00,ATM-2,PE,1100.0,1121.9,0.5,0.5,0.1,0.2,76.055551,4800,1021600
2026-08-25 13:45:00,ATM-2,PE,1100.0,1121.4,0.2,0.2,0.1,0.1,67.678861,800,1021200
2026-08-25 13:50:00,ATM-2,PE,1100.0,1126.4,0.2,0.2,0.1,0.1,82.485576,12000,1021200
2026-08-25 13:55:00,ATM-2,PE,1100.0,1124.3,0.1,0.15,0.1,0.1,78.879678,800,1017200
2026-08-25 14:00:00,ATM-2,PE,1100.0,1125.0,0.1,0.15,0.1,0.15,88.496881,10400,1013600
2026-08-25 14:05:00,ATM-2,PE,1100.0,1124.9,0.15,0.15,0.1,0.1,84.846407,18800,1012400
2026-08-25 14:10:00,ATM-2,PE,1100.0,1123.8,0.05,0.2,0.05,0.2,94.562919,1200,1011600
2026-08-25 14:15:00,ATM-2,PE,1100.0,1123.0,0.2,0.3,0.2,0.3,102.587045,6800,1011200
2026-08-25 14:20:00,ATM-2,PE,1100.0,1124.0,0.2,0.3,0.1,0.25,105.682161,4400,1010800
2026-08-25 14:25:00,ATM-2,PE,1100.0,1125.5,0.25,0.25,0.25,0.25,114.802387,400,1008400
2026-08-25 14:30:00,ATM-2,PE,1100.0,1126.7,0.25,1.15,0.15,0.15,0.0,4400,1007600
2026-08-25 14:35:00,ATM-2,PE,1100.0,1126.4,0.15,0.15,0.1,0.1,0.0,3600,1006000
2026-08-25 14:40:00,ATM-2,PE,1100.0,1126.6,0.15,0.15,0.1,0.15,0.0,400,1004400
2026-08-25 14:45:00,ATM-2,PE,1115.0,1128.8,0.1,1.0,0.1,1.0,120.388013,2000,201600
2026-08-25 14:50:00,ATM-2,PE,1115.0,1129.1,1.0,1.0,1.0,1.0,128.720331,0,201600
2026-08-25 14:55:00,ATM-2,PE,1115.0,1129.9,1.0,1.0,0.6,0.6,121.619493,800,202400
2026-08-25 15:00:00,ATM-2,PE,1115.0,1130.9,0.6,0.6,0.6,0.6,136.224779,0,202400
2026-08-25 15:05:00,ATM-2,PE,1115.0,1130.3,0.6,0.6,0.5,0.5,136.305942,2400,202400
2026-08-25 15:10:00,ATM-2,PE,1115.0,1131.6,0.35,0.5,0.2,0.2,0.0,3600,202000
2026-08-25 15:15:00,ATM-2,PE,1115.0,1131.6,0.1,0.2,0.1,0.1,0.0,2800,201600
2026-08-25 15:20:00,ATM-2,PE,1115.0,1131.6,0.1,0.1,0.1,0.1,0.0,1600,201600
2026-08-25 15:25:00,ATM-2,PE,1120.0,1144.0,0.1,1.0,0.1,0.3,0.0,13600,1217600
2026-08-25 15:30:00,ATM-2,PE,1120.0,1144.0,0.25,0.3,0.1,0.1,0.0,96800,1217200
2026-08-25 15:35:00,ATM-2,PE,1120.0,1144.0,0.1,0.45,0.05,0.05,0.0,64800,1217600
2026-08-20 09:15:00,ATM-1,CE,1120.0,1133.0,14.4,26.05,11.65,22.25,25.446524,1214400,1856000
2026-08-20 09:20:00,ATM-1,CE,1120.0,1136.2,22.8,24.75,22.25,24.6,25.77995,221600,1849200
2026-08-20 09:25:00,ATM-1,CE,1120.0,1136.2,24.85,25.05,24.15,24.15,24.835288,147200,1836400
2026-08-20 09:30:00,ATM-1,CE,1140.0,1141.2,11.35,13.9,11.15,13.9,22.783885,802000,2272800
2026-08-20 09:35:00,ATM-1,CE,1140.0,1141.4,14.2,15.5,12.9,14.4,23.513521,776400,2213600
2026-08-20 09:40:00,ATM-1,CE,1140.0,1140.3,14.3,15.05,13.85,13.85,23.596081,268000,2222400
2026-08-20 09:45:00,ATM-1,CE,1140.0,1140.6,14.55,14.85,13.85,14.1,23.771577,164000,2227600
2026-08-20 09:50:00,ATM-1,CE,1140.0,1139.3,14.0,14.2,13.25,13.3,23.564879,108400,2237600
2026-08-20 09:55:00,ATM-1,CE,1140.0,1138.8,13.55,13.9,12.7,13.0,23.494757,135200,2257200
2026-08-20 10:00:00,ATM-1,CE,1140.0,1140.5,13.05,14.1,13.0,14.0,23.712251,87600,2266000
2026-08-20 10:05:00,ATM-1,CE,1140.0,1140.7,14.0,15.8,14.0,14.15,23.80108,175600,2268000
2026-08-20 10:10:00,ATM-1,CE,1140.0,1139.4,14.15,14.4,13.05,13.65,24.149097,145600,2279200
2026-08-20 10:15:00,ATM-1,CE,1140.0,1139.3,13.65,13.7,13.3,13.6,24.16138,58000,2288000
2026-08-20 10:20:00,ATM-1,CE,1140.0,1138.9,13.7,13.7,13.1,13.35,24.089101,134400,2305200
2026-08-20 10:25:00,ATM-1,CE,1120.0,1137.2,27.15,27.15,12.35,25.6,26.542938,58400,1763200
2026-08-20 10:30:00,ATM-1,CE,1140.0,1137.6,26.0,26.65,11.95,12.45,23.656307,78800,2311200
2026-08-20 10:35:00,ATM-1,CE,1120.0,1136.8,26.0,26.0,24.9,25.95,27.896916,6400,1767200
2026-08-20 10:40:00,ATM-1,CE,1120.0,1137.3,25.45,25.95,25.15,25.4,25.993329,13200,1766800
2026-08-20 10:45:00,ATM-1,CE,1140.0,1139.3,12.3,13.65,12.25,13.6,24.21578,112000,2316800
2026-08-20 10:50:00,ATM-1,CE,1140.0,1138.9,13.6,13.75,13.05,13.5,24.420107,58000,2316800
2026-08-20 10:55:00,ATM-1,CE,1140.0,1138.8,13.3,13.5,13.1,13.25,24.062228,41600,2316400
2026-08-20 11:00:00,ATM-1,CE,1120.0,1135.5,13.35,27.15,13.25,24.7,27.212076,32400,1763200
2026-08-20 11:05:00,ATM-1,CE,1120.0,1133.4,24.7,24.7,23.0,23.0,26.649502,42400,1768000
2026-08-20 11:10:00,ATM-1,CE,1120.0,1130.9,22.9,23.4,21.5,21.5,26.935347,60800,1786000
2026-08-20 11:15:00,ATM-1,CE,1120.0,1130.6,21.35,22.3,20.95,20.95,26.235234,48000,1785200
2026-08-20 11:20:00,ATM-1,CE,1120.0,1129.0,21.55,21.55,20.1,20.5,27.346488,64400,1798000
2026-08-20 11:25:00,ATM-1,CE,1120.0,1128.5,20.4,20.75,20.2,20.2,27.373894,31600,1794800
2026-08-20 11:30:00,ATM-1,CE,1115.0,1127.1,20.2,23.5,19.85,23.0,28.561737,38800,266800
2026-08-20 11:35:00,ATM-1,CE,1115.0,1126.7,22.65,23.0,22.55,22.95,28.987882,17600,268400
2026-08-20 11:40:00,ATM-1,CE,1120.0,1129.7,22.75,22.95,18.9,21.15,27.807806,44000,1807600
2026-08-20 11:45:00,ATM-1,CE,1120.0,1130.7,20.85,22.35,20.85,22.1,28.450171,82800,1803600
2026-08-20 11:50:00,ATM-1,CE,1120.0,1132.3,21.75,22.75,21.75,22.1,26.396515,50000,1796000
2026-08-20 11:55:00,ATM-1,CE,1120.0,1131.0,21.9,22.1,20.45,20.7,25.299183,24000,1787600
2026-08-20 12:00:00,ATM-1,CE,1120.0,1130.4,20.7,20.7,19.7,19.8,24.28385,17600,1789600
2026-08-20 12:05:00,ATM-1,CE,1120.0,1129.4,19.9,20.4,19.45,19.65,25.273415,20800,1793200
2026-08-20 12:10:00,ATM-1,CE,1120.0,1128.3,19.6,19.65,19.05,19.05,25.459484,14800,1790000
2026-08-20 12:15:00,ATM-1,CE,1120.0,1129.8,19.15,20.65,19.05,20.0,25.483664,22800,1794000
2026-08-20 12:20:00,ATM-1,CE,1120.0,1130.0,19.95,20.65,19.9,20.4,26.035685,33600,1790800
2026-08-20 12:25:00,ATM-1,CE,1120.0,1131.1,19.85,20.4,19.85,20.0,23.808864,8800,1789200
2026-08-20 12:30:00,ATM-1,CE,1120.0,1130.8,20.3,20.65,20.0,20.2,24.622952,13200,1790800
2026-08-20 12:35:00,ATM-1,CE,1120.0,1129.9,20.45,20.45,19.5,19.7,24.797647,30800,1788800
2026-08-20 12:40:00,ATM-1,CE,1120.0,1128.7,19.6,19.7,18.6,18.65,24.236218,30400,1788800
2026-08-20 12:45:00,ATM-1,CE,1120.0,1128.8,18.95,20.55,18.65,19.35,25.506183,62800,1776400
2026-08-20 12:50:00,ATM-1,CE,1120.0,1133.2,19.6,22.1,19.35,22.05,25.186781,44000,1776000
2026-08-20 12:55:00,ATM-1,CE,1120.0,1133.7,22.25,22.55,21.75,22.25,24.906415,46000,1771600
2026-08-20 13:00:00,ATM-1,CE,1120.0,1134.4,22.25,23.0,22.05,22.4,24.21632,38400,1761200
2026-08-20 13:05:00,ATM-1,CE,1120.0,1133.6,22.4,22.4,21.75,21.9,24.335918,18800,1760800
2026-08-20 13:10:00,ATM-1,CE,1120.0,1134.8,22.0,22.65,21.35,22.65,24.174418,21600,1752000
2026-08-20 13:15:00,ATM-1,CE,1120.0,1135.0,22.7,22.8,22.2,22.6,23.77478,18400,1748000
2026-08-20 13:20:00,ATM-1,CE,1120.0,1135.7,22.75,23.05,22.6,23.0,23.575041,12000,1744800
2026-08-20 13:25:00,ATM-1,CE,1120.0,1136.1,23.0,23.2,22.5,22.9,22.727496,22400,1744800
2026-08-20 13:30:00,ATM-1,CE,1120.0,1135.1,22.85,22.9,22.2,22.2,22.779193,20800,1740800
2026-08-20 13:35:00,ATM-1,CE,1120.0,1136.4,22.45,23.0,22.2,23.0,22.480916,12400,1741200
2026-08-20 13:40:00,ATM-1,CE,1140.0,1138.0,23.7,23.7,10.85,11.4,21.666392,70000,2266800
2026-08-20 13:45:00,ATM-1,CE,1140.0,1138.3,11.35,12.15,11.3,11.45,21.487238,211600,2251600
2026-08-20 13:50:00,ATM-1,CE,1120.0,1135.3,24.25,24.55,22.25,22.25,22.612073,20800,1734000
2026-08-20 13:55:00,ATM-1,CE,1120.0,1134.4,22.25,22.25,21.3,21.55,22.492795,16800,1729200
2026-08-20 14:00:00,ATM-1,CE,1120.0,1133.9,21.7,21.7,20.95,21.15,22.399574,13600,1729200
2026-08-20 14:05:00,ATM-1,CE,1120.0,1132.5,20.95,21.15,19.9,20.25,22.562735,69600,1724800
2026-08-20 14:10:00,ATM-1,CE,1120.0,1134.5,20.35,21.6,20.25,21.6,22.475254,14800,1729600
2026-08-20 14:15:00,ATM-1,CE,1120.0,1134.6,21.4,21.9,21.05,21.9,22.984459,16000,1732000
2026-08-20 14:20:00,ATM-1,CE,1120.0,1134.0,21.9,21.9,20.75,20.75,21.409669,20000,1725600
2026-08-20 14:25:00,ATM-1,CE,1120.0,1132.9,20.75,20.9,19.85,19.95,21.3679,32800,1728000
2026-08-20 14:30:00,ATM-1,CE,1120.0,1131.0,19.6,20.0,18.6,19.3,22.743039,46400,1725200
2026-08-20 14:35:00,ATM-1,CE,1120.0,1130.6,19.35,19.95,19.2,19.8,24.31984,7600,1726400
2026-08-20 14:40:00,ATM-1,CE,1120.0,1129.4,20.0,20.15,18.75,18.75,23.775074,17200,1726000
2026-08-20 14:45:00,ATM-1,CE,1120.0,1129.5,18.5,19.05,17.95,18.8,23.755913,38800,1726000
2026-08-20 14:50:00,ATM-1,CE,1120.0,1129.8,18.8,19.55,18.35,18.5,22.762093,34800,1722400
2026-08-20 14:55:00,ATM-1,CE,1120.0,1129.0,18.75,18.75,17.65,18.35,23.513253,53600,1737200
2026-08-20 15:00:00,ATM-1,CE,1120.0,1129.7,18.55,19.0,18.35,19.0,23.928876,44400,1734400
2026-08-20 15:05:00,ATM-1,CE,1120.0,1129.1,19.0,19.0,18.15,18.75,24.209138,16800,1732000
2026-08-20 15:10:00,ATM-1,CE,1120.0,1129.4,18.6,18.9,18.1,18.9,24.135501,92400,1712400
2026-08-20 15:15:00,ATM-1,CE,1120.0,1129.4,18.9,20.25,18.5,20.1,26.55506,52400,1705600
2026-08-20 15:20:00,ATM-1,CE,1120.0,1129.4,20.1,20.1,19.55,19.75,25.864952,16000,1707200
2026-08-20 15:25:00,ATM-1,CE,1120.0,1130.0,19.5,19.95,18.85,19.05,23.684211,19200,1708800
2026-08-20 15:30:00,ATM-1,CE,1120.0,1130.0,18.9,19.6,17.4,19.6,24.812011,44000,1709200
2026-08-20 15:35:00,ATM-1,CE,1120.0,1130.0,19.1,19.65,18.95,18.95,23.499301,26400,1702800
2026-08-21 09:15:00,ATM-1,CE,1115.0,1121.6,19.5,19.5,13.7,13.7,19.122247,105200,298000
2026-08-21 09:20:00,ATM-1,CE,1115.0,1124.1,14.15,16.4,13.7,16.3,21.302213,42000,295200
2026-08-21 09:25:00,ATM-1,CE,1115.0,1122.3,16.0,16.55,14.4,14.4,19.695238,28800,295200
2026-08-21 09:30:00,ATM-1,CE,1115.0,1119.9,14.45,14.7,12.5,12.7,19.280317,47200,304000
2026-08-21 09:35:00,ATM-1,CE,1115.0,1120.0,13.15,13.55,12.7,12.85,19.481548,34400,306400
2026-08-21 09:40:00,ATM-1,CE,1115.0,1122.7,13.85,14.9,12.85,14.55,19.479702,26400,305200
2026-08-21 09:45:00,ATM-1,CE,1115.0,1123.8,15.2,15.8,14.55,15.8,20.6733,14400,303600
2026-08-21 09:50:00,ATM-1,CE,1120.0,1129.0,16.0,17.65,13.85,16.05,20.84718,92800,1744400
2026-08-21 09:55:00,ATM-1,CE,1120.0,1128.7,16.15,16.15,15.35,15.7,20.516585,120800,1742800
2026-08-21 10:00:00,ATM-1,CE,1120.0,1127.6,15.5,19.05,14.25,14.7,19.900961,34000,1733600
2026-08-21 10:05:00,ATM-1,CE,1115.0,1126.9,18.1,18.1,14.0,18.0,20.907965,14400,295600
2026-08-21 10:10:00,ATM-1,CE,1115.0,1127.3,17.75,18.45,14.15,18.45,21.319981,22400,294800
2026-08-21 10:15:00,ATM-1,CE,1115.0,1126.9,18.4,18.45,17.3,17.8,20.450059,3200,294400
2026-08-21 10:20:00,ATM-1,CE,1120.0,1130.6,17.8,17.8,14.35,16.95,20.495031,105600,1736400
2026-08-21 10:25:00,ATM-1,CE,1120.0,1131.3,16.6,18.45,16.15,17.9,21.594436,134400,1763600
2026-08-21 10:30:00,ATM-1,CE,1120.0,1132.7,17.85,19.1,17.5,19.1,22.134201,69600,1764000
2026-08-21 10:35:00,ATM-1,CE,1120.0,1131.4,18.65,19.1,18.25,18.25,22.269568,28400,1762800
2026-08-21 10:40:00,ATM-1,CE,1120.0,1130.8,17.85,18.6,17.45,17.55,21.609909,23600,1761200
2026-08-21 10:45:00,ATM-1,CE,1120.0,1128.2,17.55,18.25,15.55,15.8,21.571749,100800,1766000
2026-08-21 10:50:00,ATM-1,CE,1120.0,1130.5,15.8,17.35,15.8,17.35,21.640657,36800,1753600
2026-08-21 10:55:00,ATM-1,CE,1120.0,1130.7,17.4,17.85,17.15,17.7,22.144633,28400,1744800
2026-08-21 11:00:00,ATM-1,CE,1120.0,1131.6,17.7,18.1,17.35,18.05,21.534056,31600,1749600
2026-08-21 11:05:00,ATM-1,CE,1120.0,1130.6,18.2,18.2,17.1,17.7,22.321668,8800,1749200
2026-08-21 11:10:00,ATM-1,CE,1120.0,1131.6,17.55,18.2,17.55,18.2,21.907679,8400,1746400
2026-08-21 11:15:00,ATM-1,CE,1120.0,1131.5,18.25,19.1,18.0,18.0,21.611474,34000,1740800
2026-08-21 11:20:00,ATM-1,CE,1120.0,1132.0,18.15,18.4,18.0,18.35,21.6272,13600,1741200
2026-08-21 11:25:00,ATM-1,CE,1120.0,1129.9,18.0,18.35,17.25,17.25,22.408926,14400,1738800
2026-08-21 11:30:00,ATM-1,CE,1120.0,1130.7,17.0,18.0,16.8,17.7,22.220564,28400,1738800
2026-08-21 11:35:00,ATM-1,CE,1120.0,1130.8,17.7,18.15,17.65,17.65,21.958947,6400,1742400
2026-08-21 11:40:00,ATM-1,CE,1120.0,1130.3,17.65,17.7,17.45,17.55,22.516861,24400,1745600
2026-08-21 11:45:00,ATM-1,CE,1120.0,1132.4,17.4,18.7,17.25,18.7,21.846968,30400,1744000
2026-08-21 11:50:00,ATM-1,CE,1120.0,1132.4,18.5,19.0,18.45,19.0,22.571904,15600,1741200
2026-08-21 11:55:00,ATM-1,CE,1120.0,1131.7,18.6,19.0,18.0,18.0,21.368735,15600,1739600
2026-08-21 12:00:00,ATM-1,CE,1120.0,1132.0,18.25,18.5,18.0,18.1,21.116593,19200,1736800
2026-08-21 12:05:00,ATM-1,CE,1120.0,1132.0,18.3,18.4,18.0,18.15,21.246988,7600,1736000
2026-08-21 12:10:00,ATM-1,CE,1120.0,1131.5,18.25,18.45,17.55,17.75,21.138134,18000,1735600
2026-08-21 12:15:00,ATM-1,CE,1120.0,1131.5,17.85,17.9,17.35,17.9,21.504341,21200,1732800
2026-08-21 12:20:00,ATM-1,CE,1120.0,1132.1,18.1,18.15,17.7,18.0,20.748144,13600,1730800
2026-08-21 12:25:00,ATM-1,CE,1120.0,1130.7,17.95,18.4,17.0,17.0,20.707404,70800,1727600
2026-08-21 12:30:00,ATM-1,CE,1120.0,1131.4,17.1,17.45,17.0,17.35,20.392559,12800,1731600
2026-08-21 12:35:00,ATM-1,CE,1120.0,1131.6,17.25,17.75,17.25,17.75,21.024878,9200,1730400
2026-08-21 12:40:00,ATM-1,CE,1120.0,1130.6,17.4,17.75,16.8,16.8,20.42967,21200,1728000
2026-08-21 12:45:00,ATM-1,CE,1120.0,1129.0,16.85,17.1,16.15,16.25,21.663264,14800,1725600
2026-08-21 12:50:00,ATM-1,CE,1120.0,1129.5,16.15,16.25,15.85,16.15,20.6828,14800,1724400
2026-08-21 12:55:00,ATM-1,CE,1120.0,1129.5,16.15,16.45,16.05,16.2,20.808634,10400,1721200
2026-08-21 13:00:00,ATM-1,CE,1120.0,1128.5,15.75,16.2,14.8,15.65,21.078626,58000,1707600
2026-08-21 13:05:00,ATM-1,CE,1120.0,1129.1,15.55,16.05,15.55,15.85,20.639989,42400,1706800
2026-08-21 13:10:00,ATM-1,CE,1120.0,1129.1,15.85,15.95,15.75,15.75,20.420179,40400,1705600
2026-08-21 13:15:00,ATM-1,CE,1120.0,1129.9,16.05,17.15,15.75,16.5,20.920732,39200,1700000
2026-08-21 13:20:00,ATM-1,CE,1120.0,1128.6,16.35,16.5,15.5,15.5,20.629273,16800,1702400
2026-08-21 13:25:00,ATM-1,CE,1120.0,1128.6,15.65,15.9,15.5,15.8,21.323106,16400,1703200
2026-08-21 13:30:00,ATM-1,CE,1115.0,1127.3,15.65,19.1,14.95,18.15,21.019354,14400,313600
2026-08-21 13:35:00,ATM-1,CE,1115.0,1127.0,18.0,18.15,17.75,17.8,20.694369,3200,314000
2026-08-21 13:40:00,ATM-1,CE,1115.0,1127.5,17.8,17.8,17.8,17.8,19.816678,0,314400
2026-08-21 13:45:00,ATM-1,CE,1115.0,1127.3,14.65,18.05,14.6,18.05,20.80588,4000,315200
2026-08-21 13:50:00,ATM-1,CE,1120.0,1127.6,18.05,18.1,14.4,14.55,20.018905,7200,1696000
2026-08-21 13:55:00,ATM-1,CE,1115.0,1126.6,14.55,18.2,14.55,17.35,20.328728,5200,316400
2026-08-21 14:00:00,ATM-1,CE,1115.0,1125.0,16.95,17.35,16.1,16.1,20.013957,10000,320000
2026-08-21 14:05:00,ATM-1,CE,1115.0,1125.7,16.1,16.55,16.1,16.4,19.579003,2000,320000
2026-08-21 14:10:00,ATM-1,CE,1115.0,1125.0,16.6,16.6,16.4,16.45,20.862894,7200,320000
2026-08-21 14:15:00,ATM-1,CE,1115.0,1124.5,16.25,16.7,15.85,15.85,20.259715,5200,320400
2026-08-21 14:20:00,ATM-1,CE,1115.0,1124.4,15.85,15.85,15.5,15.75,20.194091,6000,319200
2026-08-21 14:25:00,ATM-1,CE,1115.0,1122.8,15.75,15.75,14.65,14.65,20.118848,10800,320400
2026-08-21 14:30:00,ATM-1,CE,1115.0,1122.0,14.65,15.3,14.65,15.1,22.304182,13200,321600
2026-08-21 14:35:00,ATM-1,CE,1115.0,1121.7,14.9,15.35,14.75,14.95,22.399155,9600,322000
2026-08-21 14:40:00,ATM-1,CE,1115.0,1120.8,14.8,14.95,13.85,14.1,21.756743,10400,322000
2026-08-21 14:45:00,ATM-1,CE,1115.0,1120.7,14.2,14.45,13.9,13.9,21.460054,10000,321600
2026-08-21 14:50:00,ATM-1,CE,1115.0,1120.1,13.8,14.15,13.0,13.0,20.289064,14400,321200
2026-08-21 14:55:00,ATM-1,CE,1115.0,1120.0,13.15,13.15,13.0,13.0,20.433628,1200,322000
2026-08-21 15:00:00,ATM-1,CE,1115.0,1120.0,13.05,13.2,13.0,13.0,20.443843,4000,322000
2026-08-21 15:05:00,ATM-1,CE,1115.0,1118.7,13.0,13.35,13.0,13.35,22.907083,400,322000
2026-08-21 15:10:00,ATM-1,CE,1115.0,1119.0,12.45,13.35,12.45,12.6,20.899269,10400,322000
2026-08-21 15:15:00,ATM-1,CE,1115.0,1119.0,13.0,13.35,12.6,13.35,22.549886,11600,320000
2026-08-21 15:20:00,ATM-1,CE,1115.0,1119.0,13.75,14.1,13.35,13.85,23.652263,10000,317200
2026-08-21 15:25:00,ATM-1,CE,1115.0,1121.0,13.9,13.9,13.55,13.75,20.798557,5600,316400
2026-08-21 15:30:00,ATM-1,CE,1115.0,1121.0,13.45,13.75,13.45,13.45,20.136515,5600,316800
2026-08-21 15:35:00,ATM-1,CE,1115.0,1121.0,13.4,13.7,13.2,13.2,19.584454,4800,312800
2026-08-24 09:15:00,ATM-1,CE,1140.0,1139.9,12.0,20.7,5.6,8.05,29.532632,940000,2481200
2026-08-24 09:20:00,ATM-1,CE,1140.0,1142.3,7.9,11.8,7.75,10.25,33.04231,1284400,2346800
2026-08-24 09:25:00,ATM-1,CE,1140.0,1139.9,10.5,11.0,7.6,8.7,32.054545,538800,2348400
2026-08-24 09:30:00,ATM-1,CE,1140.0,1137.9,8.75,10.7,7.0,7.3,30.522246,606000,2366800
2026-08-24 09:35:00,ATM-1,CE,1140.0,1138.2,7.35,8.05,7.25,8.05,32.858662,298800,2333200
2026-08-24 09:40:00,ATM-1,CE,1140.0,1138.8,7.85,8.1,7.35,7.55,29.92886,262400,2331600
2026-08-24 09:45:00,ATM-1,CE,1120.0,1135.2,21.5,22.0,19.85,19.85,38.961757,60400,1532000
2026-08-24 09:50:00,ATM-1,CE,1120.0,1136.4,20.0,20.4,19.5,20.25,36.68522,33200,1530800
2026-08-24 09:55:00,ATM-1,CE,1120.0,1136.3,20.3,21.05,20.25,20.25,37.108102,32400,1527600
2026-08-24 10:00:00,ATM-1,CE,1120.0,1135.2,20.45,20.45,18.9,19.45,37.278996,44400,1528000
2026-08-24 10:05:00,ATM-1,CE,1120.0,1133.8,19.5,19.5,18.1,18.4,37.223222,48000,1527200
2026-08-24 10:10:00,ATM-1,CE,1120.0,1135.6,18.4,19.6,18.35,19.6,36.687204,18400,1521200
2026-08-24 10:15:00,ATM-1,CE,1120.0,1134.4,19.95,19.95,18.75,19.15,38.774468,21200,1515200
2026-08-24 10:20:00,ATM-1,CE,1120.0,1135.9,18.85,19.65,18.6,19.6,35.697813,23600,1507600
2026-08-24 10:25:00,ATM-1,CE,1120.0,1135.1,20.2,20.8,19.45,19.65,38.845029,50800,1497200
2026-08-24 10:30:00,ATM-1,CE,1120.0,1134.6,19.6,19.65,18.8,19.1,38.050316,27200,1488800
2026-08-24 10:35:00,ATM-1,CE,1120.0,1135.8,19.25,20.6,19.1,20.0,38.170692,16000,1484400
2026-08-24 10:40:00,ATM-1,CE,1120.0,1136.3,19.9,20.45,19.35,20.15,37.131192,12000,1478800
2026-08-24 10:45:00,ATM-1,CE,1120.0,1135.8,20.05,20.2,19.5,20.0,38.288402,9200,1473600
2026-08-24 10:50:00,ATM-1,CE,1120.0,1136.1,20.25,20.25,19.7,19.9,36.762346,17200,1464400
2026-08-24 10:55:00,ATM-1,CE,1120.0,1134.0,19.8,19.9,18.2,18.2,36.187101,28000,1453600
2026-08-24 11:00:00,ATM-1,CE,1120.0,1132.8,18.75,19.15,17.2,17.65,37.701923,38000,1444000
2026-08-24 11:05:00,ATM-1,CE,1120.0,1134.3,17.05,18.6,17.05,18.45,36.438055,30000,1439600
2026-08-24 11:10:00,ATM-1,CE,1120.0,1133.5,18.55,18.55,17.85,18.1,37.586942,26000,1441200
2026-08-24 11:15:00,ATM-1,CE,1120.0,1137.5,18.05,20.6,5.0,19.55,29.088429,120000,1444000
2026-08-24 11:20:00,ATM-1,CE,1120.0,1136.4,19.65,19.8,18.25,18.25,26.755925,16000,1439600
2026-08-24 11:25:00,ATM-1,CE,1120.0,1136.2,18.5,18.8,18.0,18.0,26.279187,18800,1437600
2026-08-24 11:30:00,ATM-1,CE,1120.0,1135.2,18.3,18.3,16.95,17.6,28.833344,24400,1433200
2026-08-24 11:35:00,ATM-1,CE,1120.0,1134.4,18.05,18.05,16.85,16.85,28.267687,24000,1425600
2026-08-24 11:40:00,ATM-1,CE,1120.0,1133.1,17.0,17.2,15.7,16.05,29.455324,41600,1416000
2026-08-24 11:45:00,ATM-1,CE,1120.0,1134.3,15.9,17.0,15.9,16.75,28.248775,21200,1413200
2026-08-24 11:50:00,ATM-1,CE,1120.0,1133.5,16.85,16.85,16.0,16.0,27.657786,19200,1419200
2026-08-24 11:55:00,ATM-1,CE,1120.0,1131.7,16.1,16.25,14.1,14.6,27.653975,45200,1412400
2026-08-24 12:00:00,ATM-1,CE,1120.0,1133.3,14.7,15.65,14.6,15.65,26.702546,23200,1402800
2026-08-24 12:05:00,ATM-1,CE,1120.0,1134.0,16.15,16.9,15.65,16.75,29.719826,38400,1394000
2026-08-24 12:10:00,ATM-1,CE,1120.0,1134.9,16.85,17.8,16.65,17.55,30.272544,32800,1392400
2026-08-24 12:15:00,ATM-1,CE,1120.0,1135.9,17.7,18.75,17.3,18.25,29.761804,21600,1388400
2026-08-24 12:20:00,ATM-1,CE,1120.0,1136.7,18.25,19.05,17.95,19.0,30.398338,30000,1380400
2026-08-24 12:25:00,ATM-1,CE,1120.0,1136.9,19.25,19.65,18.85,19.35,31.551737,34400,1377600
2026-08-24 12:30:00,ATM-1,CE,1120.0,1136.6,19.3,19.35,18.7,19.15,31.848971,22800,1369200
2026-08-24 12:35:00,ATM-1,CE,1120.0,1135.3,19.05,19.15,18.2,18.3,32.8938,26000,1369200
2026-08-24 12:40:00,ATM-1,CE,1120.0,1136.2,18.1,19.2,18.1,18.95,32.633511,31600,1367200
2026-08-24 12:45:00,ATM-1,CE,1120.0,1135.0,18.95,19.45,17.9,18.6,35.771194,36400,1360000
2026-08-24 12:50:00,ATM-1,CE,1120.0,1137.0,18.35,19.8,18.35,19.8,33.943488,30000,1357200
2026-08-24 12:55:00,ATM-1,CE,1120.0,1136.2,6.2,20.7,6.05,20.0,38.39735,122000,1354400
2026-08-24 13:00:00,ATM-1,CE,1120.0,1136.4,19.8,20.05,18.75,19.7,36.093369,34800,1349200
2026-08-24 13:05:00,ATM-1,CE,1120.0,1136.3,19.0,19.7,19.0,19.4,34.959266,21200,1348400
2026-08-24 13:10:00,ATM-1,CE,1120.0,1136.9,19.6,19.6,19.2,19.45,32.627897,17200,1346400
2026-08-24 13:15:00,ATM-1,CE,1120.0,1137.4,19.1,20.05,19.0,20.05,33.833269,18400,1341600
2026-08-24 13:20:00,ATM-1,CE,1120.0,1136.8,20.0,20.35,5.8,20.1,36.820502,35600,1342800
2026-08-24 13:25:00,ATM-1,CE,1120.0,1134.5,20.15,20.3,18.55,18.55,37.898836,46000,1338800
2026-08-24 13:30:00,ATM-1,CE,1120.0,1128.7,18.6,18.9,14.4,14.75,39.073922,94400,1331200
2026-08-24 13:35:00,ATM-1,CE,1120.0,1128.9,14.55,14.75,13.95,14.45,37.234929,52400,1328800
2026-08-24 13:40:00,ATM-1,CE,1120.0,1129.1,14.4,14.85,14.1,14.35,36.257273,37200,1324800
2026-08-24 13:45:00,ATM-1,CE,1120.0,1128.8,14.25,14.5,13.75,13.95,35.421956,25200,1314800
2026-08-24 13:50:00,ATM-1,CE,1120.0,1128.7,14.1,14.35,13.75,14.0,36.005033,46000,1308000
2026-08-24 13:55:00,ATM-1,CE,1120.0,1128.5,13.75,14.25,13.7,13.8,35.763935,27600,1302800
2026-08-24 14:00:00,ATM-1,CE,1120.0,1129.3,13.7,14.5,13.7,14.15,34.985618,22000,1297200
2026-08-24 14:05:00,ATM-1,CE,1120.0,1129.7,14.15,14.75,14.0,14.5,35.403171,20800,1293200
2026-08-24 14:10:00,ATM-1,CE,1120.0,1128.6,14.6,14.6,14.05,14.05,36.774966,26000,1287200
2026-08-24 14:15:00,ATM-1,CE,1120.0,1128.6,13.75,14.05,13.35,13.35,33.66936,36000,1278800
2026-08-24 14:20:00,ATM-1,CE,1120.0,1128.3,13.55,13.8,13.35,13.5,35.316743,28800,1275200
2026-08-24 14:25:00,ATM-1,CE,1115.0,1126.0,13.65,17.25,13.5,16.35,40.29191,22400,249200
2026-08-24 14:30:00,ATM-1,CE,1115.0,1126.0,16.6,17.2,16.35,17.2,44.289048,7200,250400
2026-08-24 14:35:00,ATM-1,CE,1115.0,1124.5,16.8,17.2,15.5,15.5,41.156044,8000,246000
2026-08-24 14:40:00,ATM-1,CE,1115.0,1123.7,15.35,15.65,14.9,15.55,43.788949,24800,236000
2026-08-24 14:45:00,ATM-1,CE,1115.0,1123.6,15.55,15.6,15.35,15.6,44.372713,2400,235200
2026-08-24 14:50:00,ATM-1,CE,1115.0,1123.9,15.25,15.65,15.1,15.4,42.692809,20800,234000
2026-08-24 14:55:00,ATM-1,CE,1115.0,1123.5,15.4,15.5,15.1,15.15,42.79998,8000,232400
2026-08-24 15:00:00,ATM-1,CE,1115.0,1123.8,14.95,15.9,14.95,15.7,44.482997,15200,226800
2026-08-24 15:05:00,ATM-1,CE,1115.0,1125.9,15.65,17.3,15.35,17.05,44.451034,14800,226400
2026-08-24 15:10:00,ATM-1,CE,1120.0,1129.5,13.25,15.3,13.25,15.3,40.561718,20800,1230400
2026-08-24 15:15:00,ATM-1,CE,1120.0,1129.5,15.3,16.7,14.95,16.7,46.995772,19200,1230800
2026-08-24 15:20:00,ATM-1,CE,1120.0,1129.5,16.8,18.3,16.7,18.3,54.233095,31600,1228400
2026-08-24 15:25:00,ATM-1,CE,1120.0,1130.0,18.25,18.3,14.25,15.05,38.0526,42800,1223200
2026-08-24 15:30:00,ATM-1,CE,1120.0,1130.0,15.6,19.55,15.05,19.55,58.599031,30800,1227600
2026-08-24 15:35:00,ATM-1,CE,1120.0,1130.0,18.95,20.0,18.75,19.25,57.366736,22800,1226400
2026-08-25 09:15:00,ATM-1,CE,1120.0,1130.8,16.25,16.55,12.15,12.4,43.614238,24400,1226000
2026-08-25 09:20:00,ATM-1,CE,1115.0,1125.9,12.4,16.75,12.35,12.95,49.473481,14800,216800
2026-08-25 09:25:00,ATM-1,CE,1115.0,1126.2,12.6,13.0,12.6,13.0,47.730571,11600,211600
2026-08-25 09:30:00,ATM-1,CE,1115.0,1127.0,12.85,13.0,12.85,12.85,37.465291,2000,210000
2026-08-25 09:35:00,ATM-1,CE,1115.0,1127.2,13.5,13.5,12.85,13.45,43.91787,2000,209200
2026-08-25 09:40:00,ATM-1,CE,1115.0,1125.2,13.45,13.45,13.0,13.0,57.134225,2000,208800
2026-08-25 09:45:00,ATM-1,CE,1115.0,1124.0,13.0,13.0,11.6,11.7,53.128915,6000,205200
2026-08-25 09:50:00,ATM-1,CE,1115.0,1123.2,11.7,11.7,11.3,11.3,55.262108,2000,205200
2026-08-25 09:55:00,ATM-1,CE,1115.0,1125.4,11.3,12.2,11.3,12.2,47.794175,8000,199200
2026-08-25 10:00:00,ATM-1,CE,1115.0,1127.1,12.6,13.55,12.2,13.55,48.059674,3600,198400
2026-08-25 10:05:00,ATM-1,CE,1115.0,1127.5,13.55,14.15,9.8,14.0,50.078756,1200,198000
2026-08-25 10:10:00,ATM-1,CE,1120.0,1128.7,10.25,10.25,9.55,10.2,40.589327,2400,1192400
2026-08-25 10:15:00,ATM-1,CE,1120.0,1127.6,10.2,10.2,9.2,9.2,39.120862,8400,1188400
2026-08-25 10:20:00,ATM-1,CE,1120.0,1127.6,14.35,14.35,8.9,8.95,36.455449,2000,1184800
2026-08-25 10:25:00,ATM-1,CE,1115.0,1126.6,12.9,12.9,12.5,12.5,40.713483,2800,196000
2026-08-25 10:30:00,ATM-1,CE,1115.0,1127.1,12.6,13.35,11.9,13.1,43.834252,7600,191600
2026-08-25 10:35:00,ATM-1,CE,1115.0,1127.4,13.1,13.1,13.0,13.0,37.869977,800,191600
2026-08-25 10:40:00,ATM-1,CE,1120.0,1128.1,13.0,13.25,9.0,9.0,33.005844,4400,1163200
2026-08-25 10:45:00,ATM-1,CE,1120.0,1128.2,9.0,9.15,8.75,9.0,32.061922,7600,1157600
2026-08-25 10:50:00,ATM-1,CE,1115.0,1127.3,9.0,13.4,9.0,13.4,47.501061,16000,188400
2026-08-25 10:55:00,ATM-1,CE,1115.0,1126.6,13.4,13.4,12.95,12.95,49.928661,400,188000
2026-08-25 11:00:00,ATM-1,CE,1115.0,1127.0,12.95,12.95,12.95,12.95,45.169822,0,188000
2026-08-25 11:05:00,ATM-1,CE,1115.0,1125.9,12.95,12.95,11.7,12.15,47.497918,800,187200
2026-08-25 11:10:00,ATM-1,CE,1115.0,1125.6,12.15,12.15,11.0,11.0,31.892241,2000,187200
2026-08-25 11:15:00,ATM-1,CE,1115.0,1127.0,11.0,11.0,10.75,10.75,0.0,400,187200
2026-08-25 11:20:00,ATM-1,CE,1115.0,1126.4,8.25,10.75,8.1,10.75,0.0,1200,186400
2026-08-25 11:25:00,ATM-1,CE,1115.0,1126.9,10.75,10.75,10.75,10.75,0.0,0,186400
2026-08-25 11:30:00,ATM-1,CE,1115.0,1126.9,10.75,13.45,10.75,12.95,49.425601,1600,185600
2026-08-25 11:35:00,ATM-1,CE,1115.0,1127.5,12.95,12.95,12.95,12.95,39.289625,0,185600
2026-08-25 11:40:00,ATM-1,CE,1115.0,1127.4,8.8,12.95,8.8,12.95,41.92758,0,185600
2026-08-25 11:45:00,ATM-1,CE,1115.0,1127.4,12.95,12.95,12.95,12.95,42.403254,0,185600
2026-08-25 11:50:00,ATM-1,CE,1120.0,1128.3,12.95,12.95,9.05,9.55,44.085423,1200,1140800
2026-08-25 11:55:00,ATM-1,CE,1120.0,1129.9,9.6,11.85,9.55,11.85,59.960485,2800,1140400
2026-08-25 12:00:00,ATM-1,CE,1120.0,1128.2,11.7,11.85,9.55,9.55,46.320942,6800,1139600
2026-08-25 12:05:00,ATM-1,CE,1120.0,1128.3,9.55,9.55,8.05,8.15,0.0,7600,1134400
2026-08-25 12:10:00,ATM-1,CE,1120.0,1128.4,8.15,8.5,8.15,8.5,20.490343,3600,1134400
2026-08-25 12:15:00,ATM-1,CE,1115.0,1127.4,8.5,12.35,8.0,12.35,0.0,2800,184400
2026-08-25 12:20:00,ATM-1,CE,1115.0,1126.7,12.35,12.35,12.35,12.35,46.716467,0,184400
2026-08-25 12:25:00,ATM-1,CE,1115.0,1125.0,12.35,12.35,12.35,12.35,71.223072,0,184400
2026-08-25 12:30:00,ATM-1,CE,1115.0,1123.8,12.35,12.35,8.85,8.85,17.690338,800,184400
2026-08-25 12:35:00,ATM-1,CE,1115.0,1121.9,8.85,8.85,7.7,8.15,44.670543,1600,184000
2026-08-25 12:40:00,ATM-1,CE,1115.0,1123.0,8.15,8.15,8.15,8.15,24.42947,0,184000
2026-08-25 12:45:00,ATM-1,CE,1115.0,1123.5,8.15,8.15,8.15,8.15,0.0,0,184000
2026-08-25 12:50:00,ATM-1,CE,1115.0,1123.7,8.15,8.85,8.15,8.85,26.973139,400,182800
2026-08-25 12:55:00,ATM-1,CE,1115.0,1123.9,8.85,8.9,8.85,8.85,0.0,2400,182400
2026-08-25 13:00:00,ATM-1,CE,1115.0,1123.5,8.85,9.35,8.85,9.35,46.625194,1600,181600
2026-08-25 13:05:00,ATM-1,CE,1115.0,1124.4,9.35,9.35,9.35,9.35,0.0,0,181600
2026-08-25 13:10:00,ATM-1,CE,1115.0,1123.9,9.35,9.35,9.35,9.35,40.074643,0,181600
2026-08-25 13:15:00,ATM-1,CE,1115.0,1123.8,9.35,9.35,9.35,9.35,43.163176,0,181600
2026-08-25 13:20:00,ATM-1,CE,1115.0,1123.3,9.35,9.35,9.35,9.35,53.495439,0,181600
2026-08-25 13:25:00,ATM-1,CE,1115.0,1122.6,9.35,9.35,9.35,9.35,64.909346,0,181600
2026-08-25 13:30:00,ATM-1,CE,1115.0,1121.7,9.35,9.35,7.3,7.3,39.314539,400,181600
2026-08-25 13:35:00,ATM-1,CE,1115.0,1121.7,7.3,7.3,6.65,6.65,0.0,400,181600
2026-08-25 13:40:00,ATM-1,CE,1115.0,1121.9,6.65,6.9,6.65,6.9,0.0,400,181600
2026-08-25 13:45:00,ATM-1,CE,1115.0,1121.4,6.9,6.9,6.9,6.9,38.183672,0,181600
2026-08-25 13:50:00,ATM-1,CE,1115.0,1126.4,6.9,11.1,6.6,11.1,0.0,2400,181600
2026-08-25 13:55:00,ATM-1,CE,1115.0,1124.3,11.05,11.2,11.05,11.1,83.638328,1600,181600
2026-08-25 14:00:00,ATM-1,CE,1115.0,1125.0,11.1,11.1,9.95,9.95,0.0,800,182000
2026-08-25 14:05:00,ATM-1,CE,1115.0,1124.9,9.95,9.95,9.95,9.95,32.285973,0,182000
2026-08-25 14:10:00,ATM-1,CE,1115.0,1123.8,9.95,9.95,9.95,9.95,72.652546,0,182000
2026-08-25 14:15:00,ATM-1,CE,1115.0,1123.0,9.95,9.95,7.0,7.8,0.0,2000,181600
2026-08-25 14:20:00,ATM-1,CE,1115.0,1124.0,7.8,9.0,7.8,9.0,0.0,400,181600
2026-08-25 14:25:00,ATM-1,CE,1115.0,1125.5,9.0,9.9,9.0,9.9,0.0,800,181200
2026-08-25 14:30:00,ATM-1,CE,1115.0,1126.7,9.9,11.0,7.9,11.0,0.0,4000,181200
2026-08-25 14:35:00,ATM-1,CE,1115.0,1126.4,11.0,11.0,11.0,11.0,0.0,0,181200
2026-08-25 14:40:00,ATM-1,CE,1115.0,1126.6,11.0,11.0,11.0,11.0,0.0,0,181200
2026-08-25 14:45:00,ATM-1,CE,1120.0,1128.8,11.0,11.5,11.0,11.2,131.500156,1600,1077600
2026-08-25 14:50:00,ATM-1,CE,1120.0,1129.1,11.45,11.5,11.0,11.05,127.551802,10800,1076000
2026-08-25 14:55:00,ATM-1,CE,1120.0,1129.9,11.05,11.15,11.0,11.0,111.641574,3600,1075200
2026-08-25 15:00:00,ATM-1,CE,1120.0,1130.9,12.5,13.35,11.0,13.35,177.131709,4000,1077200
2026-08-25 15:05:00,ATM-1,CE,1120.0,1130.3,13.35,13.35,10.0,10.9,107.521873,8400,1076800
2026-08-25 15:10:00,ATM-1,CE,1120.0,1131.6,11.5,11.5,10.9,11.3,97.542958,5200,1070000
2026-08-25 15:15:00,ATM-1,CE,1120.0,1131.6,10.95,13.5,10.95,13.5,216.363714,8400,1067200
2026-08-25 15:20:00,ATM-1,CE,1120.0,1131.6,15.0,15.0,13.5,15.0,0.0,1600,1067200
2026-08-25 15:25:00,ATM-1,CE,1140.0,1144.0,15.0,15.0,0.05,0.05,0.0,8800,1544400
2026-08-25 15:30:00,ATM-1,CE,1140.0,1144.0,0.05,0.05,0.05,0.05,0.0,2800,1543200
2026-08-25 15:35:00,ATM-1,CE,1140.0,1144.0,0.05,0.05,0.05,0.05,0.0,800,1542800
2026-08-20 09:15:00,ATM-1,PE,1120.0,1133.0,14.6,14.6,4.9,5.7,21.45098,696400,1797200
2026-08-20 09:20:00,ATM-1,PE,1120.0,1136.2,5.35,5.7,4.75,4.85,21.587927,394800,1858400
2026-08-20 09:25:00,ATM-1,PE,1120.0,1136.2,4.6,4.85,4.45,4.65,21.146333,188400,1883600
2026-08-20 09:30:00,ATM-1,PE,1140.0,1141.2,11.6,11.6,9.4,9.4,19.725329,213200,1108400
2026-08-20 09:35:00,ATM-1,PE,1140.0,1141.4,9.0,10.35,8.6,9.55,20.174467,566800,1299200
2026-08-20 09:40:00,ATM-1,PE,1140.0,1140.3,9.6,10.15,9.4,10.15,20.354657,203200,1368400
2026-08-20 09:45:00,ATM-1,PE,1140.0,1140.6,9.75,10.15,9.55,9.95,20.249166,184000,1376800
2026-08-20 09:50:00,ATM-1,PE,1140.0,1139.3,10.0,10.25,9.95,10.25,19.677705,76400,1379200
2026-08-20 09:55:00,ATM-1,PE,1140.0,1138.8,10.15,10.55,9.95,10.3,19.329226,56800,1362000
2026-08-20 10:00:00,ATM-1,PE,1140.0,1140.5,10.3,10.3,9.85,9.9,20.088868,70000,1354000
2026-08-20 10:05:00,ATM-1,PE,1140.0,1140.7,9.9,10.1,9.05,10.1,20.634177,142000,1378000
2026-08-20 10:10:00,ATM-1,PE,1140.0,1139.4,10.1,10.9,10.0,10.55,20.340685,126400,1328000
2026-08-20 10:15:00,ATM-1,PE,1140.0,1139.3,10.55,10.8,10.35,10.6,20.349958,40000,1316000
2026-08-20 10:20:00,ATM-1,PE,1140.0,1138.9,10.45,10.85,10.45,10.6,19.998739,49600,1312400
2026-08-20 10:25:00,ATM-1,PE,1120.0,1137.2,4.5,11.4,4.5,4.9,22.379967,108000,1931600
2026-08-20 10:30:00,ATM-1,PE,1140.0,1137.6,4.8,11.55,4.6,11.1,19.74054,102400,1216400
2026-08-20 10:35:00,ATM-1,PE,1120.0,1136.8,4.7,4.95,4.65,4.75,21.817448,72800,1911200
2026-08-20 10:40:00,ATM-1,PE,1120.0,1137.3,4.75,4.85,4.7,4.85,22.346403,34800,1926400
2026-08-20 10:45:00,ATM-1,PE,1140.0,1139.3,11.25,11.35,10.2,10.2,19.646781,62000,1212800
2026-08-20 10:50:00,ATM-1,PE,1140.0,1138.9,10.2,10.55,10.0,10.4,19.663775,42000,1218400
2026-08-20 10:55:00,ATM-1,PE,1140.0,1138.8,10.55,10.6,10.4,10.6,19.948383,21200,1222400
2026-08-20 11:00:00,ATM-1,PE,1120.0,1135.5,10.4,10.6,4.3,5.15,21.962761,96400,1870800
2026-08-20 11:05:00,ATM-1,PE,1120.0,1133.4,5.15,5.85,5.15,5.85,22.167662,93600,1871200
2026-08-20 11:10:00,ATM-1,PE,1120.0,1130.9,5.9,6.7,5.65,6.7,22.289987,125600,1893600
2026-08-20 11:15:00,ATM-1,PE,1120.0,1130.6,6.6,7.1,6.4,6.95,22.600446,174000,1914000
2026-08-20 11:20:00,ATM-1,PE,1120.0,1129.0,6.75,7.35,6.7,7.15,21.894042,174400,1944000
2026-08-20 11:25:00,ATM-1,PE,1120.0,1128.5,7.2,7.3,7.0,7.25,21.7442,87600,1925200
2026-08-20 11:30:00,ATM-1,PE,1115.0,1127.1,7.2,7.5,6.0,6.1,21.974635,83600,332000
2026-08-20 11:35:00,ATM-1,PE,1115.0,1126.7,6.4,6.65,6.1,6.5,22.548491,14000,328000
2026-08-20 11:40:00,ATM-1,PE,1120.0,1129.7,6.6,8.45,6.5,6.95,22.010776,169200,1922400
2026-08-20 11:45:00,ATM-1,PE,1120.0,1130.7,7.05,7.05,6.35,6.45,21.68902,159200,1926800
2026-08-20 11:50:00,ATM-1,PE,1120.0,1132.3,6.55,6.55,6.0,6.3,22.458049,188800,1892000
2026-08-20 11:55:00,ATM-1,PE,1120.0,1131.0,6.3,7.05,6.2,7.05,23.134055,105600,1850400
2026-08-20 12:00:00,ATM-1,PE,1120.0,1130.4,7.0,7.5,7.0,7.3,23.233503,62800,1839200
2026-08-20 12:05:00,ATM-1,PE,1120.0,1129.4,7.35,7.6,7.15,7.6,23.139412,80000,1843600
2026-08-20 12:10:00,ATM-1,PE,1120.0,1128.3,7.55,7.95,7.55,7.9,22.950694,52800,1839600
2026-08-20 12:15:00,ATM-1,PE,1120.0,1129.8,7.8,7.9,6.85,7.25,22.733444,61200,1838400
2026-08-20 12:20:00,ATM-1,PE,1120.0,1130.0,7.15,7.25,6.7,7.0,22.374978,46000,1829200
2026-08-20 12:25:00,ATM-1,PE,1120.0,1131.1,7.1,7.15,6.95,7.05,23.245213,38800,1835200
2026-08-20 12:30:00,ATM-1,PE,1120.0,1130.8,6.9,7.05,6.8,6.8,22.534848,24800,1832400
2026-08-20 12:35:00,ATM-1,PE,1120.0,1129.9,6.85,7.3,6.8,7.15,22.62932,35600,1832800
2026-08-20 12:40:00,ATM-1,PE,1120.0,1128.7,7.2,7.85,7.15,7.65,22.785898,90800,1841600
2026-08-20 12:45:00,ATM-1,PE,1120.0,1128.8,7.6,7.7,6.9,7.15,21.864019,71200,1828400
2026-08-20 12:50:00,ATM-1,PE,1120.0,1133.2,7.2,7.2,5.9,5.9,22.287299,116800,1834000
2026-08-20 12:55:00,ATM-1,PE,1120.0,1133.7,5.75,6.0,5.65,6.0,22.831326,165600,1903600
2026-08-20 13:00:00,ATM-1,PE,1120.0,1134.4,6.0,6.2,5.8,6.05,23.396654,83600,1918000
2026-08-20 13:05:00,ATM-1,PE,1120.0,1133.6,6.05,6.4,6.05,6.4,23.630157,142400,1934000
2026-08-20 13:10:00,ATM-1,PE,1120.0,1134.8,6.4,6.6,6.0,6.0,23.55988,123200,1959200
2026-08-20 13:15:00,ATM-1,PE,1120.0,1135.0,6.0,6.2,5.95,6.0,23.694832,83200,1942800
2026-08-20 13:20:00,ATM-1,PE,1120.0,1135.7,6.0,6.0,5.75,5.75,23.601152,72000,1982400
2026-08-20 13:25:00,ATM-1,PE,1120.0,1136.1,5.6,5.8,5.55,5.55,23.418155,79200,1975600
2026-08-20 13:30:00,ATM-1,PE,1120.0,1135.1,5.55,5.75,5.55,5.65,23.019504,18000,1974400
2026-08-20 13:35:00,ATM-1,PE,1120.0,1136.4,5.7,5.75,5.5,5.5,23.507861,23600,1976400
2026-08-20 13:40:00,ATM-1,PE,1140.0,1138.0,5.25,12.6,5.25,12.1,22.199418,32800,1064800
2026-08-20 13:45:00,ATM-1,PE,1140.0,1138.3,12.1,12.15,11.4,11.8,21.924938,39600,1074400
2026-08-20 13:50:00,ATM-1,PE,1120.0,1135.3,5.3,5.85,4.95,5.85,23.611574,95200,1960000
2026-08-20 13:55:00,ATM-1,PE,1120.0,1134.4,5.95,6.35,5.85,6.1,23.584414,99200,1948400
2026-08-20 14:00:00,ATM-1,PE,1120.0,1133.9,6.15,6.3,5.95,6.2,23.481706,70400,1937600
2026-08-20 14:05:00,ATM-1,PE,1120.0,1132.5,6.25,6.9,6.2,6.8,23.827505,205200,1950000
2026-08-20 14:10:00,ATM-1,PE,1120.0,1134.5,6.75,6.8,6.15,6.15,23.778809,36000,1953600
2026-08-20 14:15:00,ATM-1,PE,1120.0,1134.6,6.1,6.3,5.95,5.95,23.419002,92400,1953200
2026-08-20 14:20:00,ATM-1,PE,1120.0,1134.0,6.0,6.4,5.95,6.4,24.003703,73200,1928400
2026-08-20 14:25:00,ATM-1,PE,1120.0,1132.9,6.45,6.9,6.35,6.75,24.021919,124000,1911200
2026-08-20 14:30:00,ATM-1,PE,1120.0,1131.0,6.8,7.5,6.75,7.05,23.355957,83600,1924400
2026-08-20 14:35:00,ATM-1,PE,1120.0,1130.6,7.05,7.1,6.7,6.85,22.673341,18800,1924800
2026-08-20 14:40:00,ATM-1,PE,1120.0,1129.4,6.8,7.35,6.7,7.35,22.85469,25600,1926000
2026-08-20 14:45:00,ATM-1,PE,1120.0,1129.5,7.4,7.9,7.1,7.25,22.730322,75600,1916800
2026-08-20 14:50:00,ATM-1,PE,1120.0,1129.8,7.2,7.55,7.05,7.35,23.15483,85600,1901600
2026-08-20 14:55:00,ATM-1,PE,1120.0,1129.0,7.2,7.75,7.2,7.35,22.588142,56400,1902800
2026-08-20 15:00:00,ATM-1,PE,1120.0,1129.7,7.3,7.35,6.95,7.0,22.384183,50800,1916800
2026-08-20 15:05:00,ATM-1,PE,1120.0,1129.1,6.95,7.4,6.95,7.0,21.963661,50800,1919200
2026-08-20 15:10:00,ATM-1,PE,1120.0,1129.4,7.1,7.35,7.0,7.05,22.286791,97600,1948800
2026-08-20 15:15:00,ATM-1,PE,1120.0,1129.4,6.95,7.05,6.15,6.15,20.446458,46800,1948800
2026-08-20 15:20:00,ATM-1,PE,1120.0,1129.4,6.15,6.4,6.1,6.2,20.5561,40800,1954400
2026-08-20 15:25:00,ATM-1,PE,1120.0,1130.0,6.1,6.2,5.9,6.1,20.772413,64800,1971200
2026-08-20 15:30:00,ATM-1,PE,1120.0,1130.0,6.3,6.75,5.7,5.7,19.943109,62800,1979200
2026-08-20 15:35:00,ATM-1,PE,1120.0,1130.0,5.9,6.05,5.7,6.05,20.681157,37600,1982800
2026-08-21 09:15:00,ATM-1,PE,1115.0,1121.6,5.5,8.2,5.05,8.05,24.017856,98000,392400
2026-08-21 09:20:00,ATM-1,PE,1115.0,1124.1,7.8,8.05,6.4,6.4,22.424208,107600,415200
2026-08-21 09:25:00,ATM-1,PE,1115.0,1122.3,6.6,7.25,6.3,7.15,22.661273,78000,436400
2026-08-21 09:30:00,ATM-1,PE,1115.0,1119.9,7.4,8.65,7.0,8.4,23.345703,90800,427200
2026-08-21 09:35:00,ATM-1,PE,1115.0,1120.0,7.8,8.4,7.65,8.0,22.587379,66000,439600
2026-08-21 09:40:00,ATM-1,PE,1115.0,1122.7,7.45,8.0,6.9,6.9,22.461882,47200,444000
2026-08-21 09:45:00,ATM-1,PE,1115.0,1123.8,6.75,6.9,6.45,6.45,22.344467,26800,443200
2026-08-21 09:50:00,ATM-1,PE,1120.0,1129.0,6.45,7.7,5.85,6.9,23.410664,163200,2128400
2026-08-21 09:55:00,ATM-1,PE,1120.0,1128.7,6.9,7.1,6.75,7.0,23.404763,161600,2157200
2026-08-21 10:00:00,ATM-1,PE,1120.0,1127.6,7.0,7.65,5.5,7.35,23.302244,71600,2184400
2026-08-21 10:05:00,ATM-1,PE,1115.0,1126.9,6.05,7.75,5.75,5.85,23.354405,42400,452800
2026-08-21 10:10:00,ATM-1,PE,1115.0,1127.3,5.85,7.5,5.5,5.5,22.836458,61600,451200
2026-08-21 10:15:00,ATM-1,PE,1115.0,1126.9,5.8,6.0,5.5,5.8,23.255862,12800,450000
2026-08-21 10:20:00,ATM-1,PE,1120.0,1130.6,5.8,7.4,5.8,6.15,23.007723,178400,2244000
2026-08-21 10:25:00,ATM-1,PE,1120.0,1131.3,6.2,6.45,5.5,5.85,22.850509,178800,2262800
2026-08-21 10:30:00,ATM-1,PE,1120.0,1132.7,6.1,6.2,5.75,5.85,23.879269,146000,2283600
2026-08-21 10:35:00,ATM-1,PE,1120.0,1131.4,5.95,6.15,5.85,6.15,23.630579,70000,2295600
2026-08-21 10:40:00,ATM-1,PE,1120.0,1130.8,6.35,6.75,6.05,6.7,24.440112,112400,2296400
2026-08-21 10:45:00,ATM-1,PE,1120.0,1128.2,6.6,7.4,6.25,7.2,23.535815,206400,2254800
2026-08-21 10:50:00,ATM-1,PE,1120.0,1130.5,7.2,7.3,6.65,7.05,25.017291,170400,2259200
2026-08-21 10:55:00,ATM-1,PE,1120.0,1130.7,7.0,7.4,6.8,7.1,25.292917,131600,2286400
2026-08-21 11:00:00,ATM-1,PE,1120.0,1131.6,7.1,7.25,6.7,6.7,25.082112,49600,2284000
2026-08-21 11:05:00,ATM-1,PE,1120.0,1130.6,6.7,7.3,6.7,7.05,25.122865,122400,2251600
2026-08-21 11:10:00,ATM-1,PE,1120.0,1131.6,7.05,7.05,6.7,6.7,25.101267,39600,2263600
2026-08-21 11:15:00,ATM-1,PE,1120.0,1131.5,6.55,6.7,6.05,6.55,24.693454,101600,2270800
2026-08-21 11:20:00,ATM-1,PE,1120.0,1132.0,6.5,6.75,6.4,6.45,24.847564,48000,2281200
2026-08-21 11:25:00,ATM-1,PE,1120.0,1129.9,6.6,7.0,6.45,7.0,24.50679,55200,2273200
2026-08-21 11:30:00,ATM-1,PE,1120.0,1130.7,7.1,7.35,6.7,6.75,24.570233,98800,2288800
2026-08-21 11:35:00,ATM-1,PE,1120.0,1130.8,6.8,6.9,6.7,6.9,24.995699,35600,2297200
2026-08-21 11:40:00,ATM-1,PE,1120.0,1130.3,6.95,7.1,6.85,6.9,24.62041,37200,2299200
2026-08-21 11:45:00,ATM-1,PE,1120.0,1132.4,6.9,7.05,6.2,6.3,24.8456,41600,2308800
2026-08-21 11:50:00,ATM-1,PE,1120.0,1132.4,6.35,6.35,5.75,5.75,23.572947,135200,2270400
2026-08-21 11:55:00,ATM-1,PE,1120.0,1131.7,5.95,6.25,5.75,6.25,24.229517,57200,2258800
2026-08-21 12:00:00,ATM-1,PE,1120.0,1132.0,6.2,6.25,5.8,6.1,24.114442,82000,2271600
2026-08-21 12:05:00,ATM-1,PE,1120.0,1132.0,6.05,6.15,6.05,6.05,24.007567,12800,2270000
2026-08-21 12:10:00,ATM-1,PE,1120.0,1131.5,6.15,6.35,6.0,6.25,24.108002,28400,2278400
2026-08-21 12:15:00,ATM-1,PE,1120.0,1131.5,6.3,6.5,6.2,6.2,24.001888,71600,2264800
2026-08-21 12:20:00,ATM-1,PE,1120.0,1132.1,6.2,6.2,5.85,5.95,23.876106,39600,2261600
2026-08-21 12:25:00,ATM-1,PE,1120.0,1130.7,5.95,6.1,5.65,6.1,23.188261,120800,2268800
2026-08-21 12:30:00,ATM-1,PE,1120.0,1131.4,6.05,6.1,5.9,5.95,23.375848,37200,2268400
2026-08-21 12:35:00,ATM-1,PE,1120.0,1131.6,5.95,6.0,5.85,5.85,23.300786,28400,2278000
2026-08-21 12:40:00,ATM-1,PE,1120.0,1130.6,5.95,6.3,5.85,6.3,23.598485,26800,2267600
2026-08-21 12:45:00,ATM-1,PE,1120.0,1129.0,6.4,6.95,6.25,6.95,23.835347,78400,2238400
2026-08-21 12:50:00,ATM-1,PE,1120.0,1129.5,7.05,7.1,6.85,6.9,24.127667,130000,2154800
2026-08-21 12:55:00,ATM-1,PE,1120.0,1129.5,7.0,7.05,6.85,6.85,24.024289,19200,2134800
2026-08-21 13:00:00,ATM-1,PE,1120.0,1128.5,6.85,7.7,6.85,7.2,24.02155,182000,2081600
2026-08-21 13:05:00,ATM-1,PE,1120.0,1129.1,7.25,7.25,6.9,7.15,24.400447,22000,2077600
2026-08-21 13:10:00,ATM-1,PE,1120.0,1129.1,7.0,7.15,7.0,7.05,24.185558,34400,2074400
2026-08-21 13:15:00,ATM-1,PE,1120.0,1129.9,6.8,7.05,6.2,6.5,23.580806,56800,2062400
2026-08-21 13:20:00,ATM-1,PE,1120.0,1128.6,6.5,7.0,6.5,7.0,23.692106,71200,2111200
2026-08-21 13:25:00,ATM-1,PE,1120.0,1128.6,7.1,7.1,6.95,7.0,23.701281,43200,2092800
2026-08-21 13:30:00,ATM-1,PE,1115.0,1127.3,7.1,7.75,5.9,6.05,24.493839,154800,373600
2026-08-21 13:35:00,ATM-1,PE,1115.0,1127.0,6.0,6.1,5.9,6.0,24.161863,11600,370400
2026-08-21 13:40:00,ATM-1,PE,1115.0,1127.5,5.9,6.0,5.75,5.75,23.950484,12000,370000
2026-08-21 13:45:00,ATM-1,PE,1115.0,1127.3,7.45,7.45,5.7,5.75,23.812296,11600,370000
2026-08-21 13:50:00,ATM-1,PE,1120.0,1127.6,5.8,7.5,5.7,7.3,23.602307,18800,2192400
2026-08-21 13:55:00,ATM-1,PE,1115.0,1126.6,7.25,7.3,5.75,5.9,23.664407,12400,368400
2026-08-21 14:00:00,ATM-1,PE,1115.0,1125.0,6.0,6.35,5.9,6.15,23.036629,30000,375600
2026-08-21 14:05:00,ATM-1,PE,1115.0,1125.7,6.2,6.2,6.05,6.05,23.352461,6000,374400
2026-08-21 14:10:00,ATM-1,PE,1115.0,1125.0,6.1,6.25,6.05,6.25,23.285713,10800,372800
2026-08-21 14:15:00,ATM-1,PE,1115.0,1124.5,6.25,6.35,6.05,6.35,23.134034,13200,374800
2026-08-21 14:20:00,ATM-1,PE,1115.0,1124.4,6.45,6.45,5.95,6.1,22.489466,17200,373600
2026-08-21 14:25:00,ATM-1,PE,1115.0,1122.8,6.1,6.45,6.05,6.45,22.020627,26800,362400
2026-08-21 14:30:00,ATM-1,PE,1115.0,1122.0,6.4,6.5,6.3,6.4,21.261242,28800,360000
2026-08-21 14:35:00,ATM-1,PE,1115.0,1121.7,6.35,6.4,6.0,6.3,20.796664,20800,351600
2026-08-21 14:40:00,ATM-1,PE,1115.0,1120.8,6.35,7.2,6.3,7.15,21.940343,28800,340800
2026-08-21 14:45:00,ATM-1,PE,1115.0,1120.7,7.05,7.15,6.7,7.0,21.530622,28800,332800
2026-08-21 14:50:00,ATM-1,PE,1115.0,1120.1,7.0,7.0,6.7,6.9,20.799204,34800,332400
2026-08-21 14:55:00,ATM-1,PE,1115.0,1120.0,6.8,6.95,6.75,6.95,20.830557,6400,332000
2026-08-21 15:00:00,ATM-1,PE,1115.0,1120.0,7.05,7.2,6.8,6.9,20.728174,23600,324400
2026-08-21 15:05:00,ATM-1,PE,1115.0,1118.7,7.15,7.15,6.9,6.9,19.584778,10000,326800
2026-08-21 15:10:00,ATM-1,PE,1115.0,1119.0,7.35,7.35,6.9,7.15,20.409711,36000,322000
2026-08-21 15:15:00,ATM-1,PE,1115.0,1119.0,6.8,7.15,6.05,6.05,17.997504,56800,312400
2026-08-21 15:20:00,ATM-1,PE,1115.0,1119.0,6.05,6.05,5.5,5.5,16.786675,10000,305600
2026-08-21 15:25:00,ATM-1,PE,1115.0,1121.0,5.45,5.6,5.45,5.6,18.715058,18400,303200
2026-08-21 15:30:00,ATM-1,PE,1115.0,1121.0,5.7,5.7,5.5,5.7,18.948297,18000,300800
2026-08-21 15:35:00,ATM-1,PE,1115.0,1121.0,5.85,5.9,5.7,5.8,19.181452,10800,294800
2026-08-24 09:15:00,ATM-1,PE,1140.0,1139.9,4.4,9.1,1.6,7.55,28.765152,278400,915600
2026-08-24 09:20:00,ATM-1,PE,1140.0,1142.3,6.7,7.55,5.85,6.4,28.681798,438000,1050000
2026-08-24 09:25:00,ATM-1,PE,1140.0,1139.9,6.35,8.1,6.2,7.15,27.341136,316800,1062000
2026-08-24 09:30:00,ATM-1,PE,1140.0,1137.9,7.1,8.35,6.25,8.0,26.718453,301200,1088000
2026-08-24 09:35:00,ATM-1,PE,1140.0,1138.2,7.8,8.35,7.8,7.9,26.977876,139600,1048400
2026-08-24 09:40:00,ATM-1,PE,1140.0,1138.8,7.95,8.25,7.65,8.05,28.757821,120400,1064000
2026-08-24 09:45:00,ATM-1,PE,1120.0,1135.2,2.35,2.8,2.25,2.8,31.954688,206400,2088800
2026-08-24 09:50:00,ATM-1,PE,1120.0,1136.4,2.6,2.8,2.4,2.5,31.797035,115200,2078400
2026-08-24 09:55:00,ATM-1,PE,1120.0,1136.3,2.3,2.5,2.1,2.3,30.666285,182000,2074400
2026-08-24 10:00:00,ATM-1,PE,1120.0,1135.2,2.3,2.4,2.3,2.4,30.033593,146000,2077200
2026-08-24 10:05:00,ATM-1,PE,1120.0,1133.8,2.4,2.75,2.4,2.75,30.268193,231600,2082000
2026-08-24 10:10:00,ATM-1,PE,1120.0,1135.6,2.75,2.75,2.3,2.3,30.02823,178800,2097200
2026-08-24 10:15:00,ATM-1,PE,1120.0,1134.4,2.35,2.65,2.3,2.55,30.034528,138400,2088400
2026-08-24 10:20:00,ATM-1,PE,1120.0,1135.9,2.65,2.7,2.5,2.55,31.768231,137600,2086400
2026-08-24 10:25:00,ATM-1,PE,1120.0,1135.1,2.2,2.55,2.15,2.15,28.794858,222400,2096800
2026-08-24 10:30:00,ATM-1,PE,1120.0,1134.6,2.5,2.65,2.15,2.6,30.644586,79600,2077200
2026-08-24 10:35:00,ATM-1,PE,1120.0,1135.8,2.6,2.6,2.1,2.2,29.914609,63600,2078000
2026-08-24 10:40:00,ATM-1,PE,1120.0,1136.3,2.35,2.4,2.15,2.15,30.225231,30400,2074000
2026-08-24 10:45:00,ATM-1,PE,1120.0,1135.8,2.25,2.35,2.15,2.2,29.998547,63600,2072400
2026-08-24 10:50:00,ATM-1,PE,1120.0,1136.1,2.15,2.2,2.15,2.15,30.092778,71200,2080800
2026-08-24 10:55:00,ATM-1,PE,1120.0,1134.0,2.15,2.65,2.15,2.65,30.420926,129200,2073600
2026-08-24 11:00:00,ATM-1,PE,1120.0,1132.8,2.5,3.05,2.45,3.0,30.774183,235200,2090000
2026-08-24 11:05:00,ATM-1,PE,1120.0,1134.3,3.05,3.05,2.6,2.6,30.600409,96400,2056800
2026-08-24 11:10:00,ATM-1,PE,1120.0,1133.5,2.45,2.6,2.4,2.4,28.681484,90800,2070000
2026-08-24 11:15:00,ATM-1,PE,1120.0,1137.5,2.4,7.25,1.85,1.85,30.074629,147600,2094000
2026-08-24 11:20:00,ATM-1,PE,1120.0,1136.4,1.8,2.15,1.8,2.15,30.679757,99200,2108000
2026-08-24 11:25:00,ATM-1,PE,1120.0,1136.2,2.15,2.25,2.15,2.25,31.062662,18400,2097200
2026-08-24 11:30:00,ATM-1,PE,1120.0,1135.2,2.25,2.65,2.25,2.6,31.865855,98800,2056400
2026-08-24 11:35:00,ATM-1,PE,1120.0,1134.4,2.6,2.8,2.55,2.75,31.75684,37600,2040000
2026-08-24 11:40:00,ATM-1,PE,1120.0,1133.1,2.75,3.15,2.75,3.0,31.497153,112400,2020800
2026-08-24 11:45:00,ATM-1,PE,1120.0,1134.3,3.0,3.0,2.75,2.85,32.242468,24400,2014800
2026-08-24 11:50:00,ATM-1,PE,1120.0,1133.5,2.9,3.1,2.85,3.1,32.575862,274400,2014400
2026-08-24 11:55:00,ATM-1,PE,1120.0,1131.7,3.1,3.8,3.1,3.55,32.519745,110000,2009200
2026-08-24 12:00:00,ATM-1,PE,1120.0,1133.3,3.55,3.7,3.4,3.45,34.138054,68000,2001600
2026-08-24 12:05:00,ATM-1,PE,1120.0,1134.0,3.45,3.75,3.45,3.5,35.312684,88800,1992400
2026-08-24 12:10:00,ATM-1,PE,1120.0,1134.9,3.35,3.5,3.2,3.2,34.98863,38000,1981600
2026-08-24 12:15:00,ATM-1,PE,1120.0,1135.9,3.3,3.3,2.95,3.0,35.221524,54400,1960800
2026-08-24 12:20:00,ATM-1,PE,1120.0,1136.7,3.05,3.15,2.9,2.9,35.694747,17600,1958400
2026-08-24 12:25:00,ATM-1,PE,1120.0,1136.9,2.95,3.0,2.85,2.85,35.715639,50800,1958400
2026-08-24 12:30:00,ATM-1,PE,1120.0,1136.6,2.85,3.2,2.85,3.05,36.477431,32000,1945200
2026-08-24 12:35:00,ATM-1,PE,1120.0,1135.3,3.2,3.3,3.05,3.2,35.741243,29600,1944800
2026-08-24 12:40:00,ATM-1,PE,1120.0,1136.2,3.3,3.35,3.05,3.35,37.664758,46400,1920000
2026-08-24 12:45:00,ATM-1,PE,1120.0,1135.0,3.25,3.8,3.25,3.8,38.488664,93600,1914000
2026-08-24 12:50:00,ATM-1,PE,1120.0,1137.0,3.65,3.8,3.2,3.2,37.969882,54800,1921600
2026-08-24 12:55:00,ATM-1,PE,1120.0,1136.2,9.25,9.6,3.0,3.3,37.578654,72800,1910400
2026-08-24 13:00:00,ATM-1,PE,1120.0,1136.4,3.4,3.55,3.25,3.25,37.620714,68000,1902400
2026-08-24 13:05:00,ATM-1,PE,1120.0,1136.3,3.25,3.3,3.05,3.05,36.505829,59200,1904400
2026-08-24 13:10:00,ATM-1,PE,1120.0,1136.9,3.05,3.05,2.8,2.8,35.935034,42000,1916400
2026-08-24 13:15:00,ATM-1,PE,1120.0,1137.4,2.9,3.0,2.7,2.7,36.027396,40800,1910800
2026-08-24 13:20:00,ATM-1,PE,1120.0,1136.8,2.65,8.35,2.55,2.6,34.82348,36800,1912400
2026-08-24 13:25:00,ATM-1,PE,1120.0,1134.5,2.75,3.1,2.6,3.05,34.518765,97200,1913200
2026-08-24 13:30:00,ATM-1,PE,1120.0,1128.7,3.25,5.35,3.05,5.15,36.576184,258000,1913200
2026-08-24 13:35:00,ATM-1,PE,1120.0,1128.9,5.15,5.45,5.05,5.1,36.711795,118800,1898400
2026-08-24 13:40:00,ATM-1,PE,1120.0,1129.1,5.25,5.35,4.95,5.2,37.515638,72800,1887600
2026-08-24 13:45:00,ATM-1,PE,1120.0,1128.8,5.3,5.45,5.1,5.35,37.788819,36400,1878800
2026-08-24 13:50:00,ATM-1,PE,1120.0,1128.7,5.35,5.5,5.25,5.3,37.473576,78400,1895200
2026-08-24 13:55:00,ATM-1,PE,1120.0,1128.5,5.35,5.45,5.05,5.2,36.782001,46400,1884800
2026-08-24 14:00:00,ATM-1,PE,1120.0,1129.3,5.3,5.3,4.9,5.0,37.152916,64000,1867600
2026-08-24 14:05:00,ATM-1,PE,1120.0,1129.7,5.0,5.05,4.75,5.0,37.809297,42400,1868800
2026-08-24 14:10:00,ATM-1,PE,1120.0,1128.6,4.8,5.4,4.8,5.4,38.005063,30000,1862400
2026-08-24 14:15:00,ATM-1,PE,1120.0,1128.6,5.65,5.65,5.4,5.5,38.512495,44000,1876000
2026-08-24 14:20:00,ATM-1,PE,1120.0,1128.3,5.55,5.7,5.5,5.55,38.330442,52000,1860800
2026-08-24 14:25:00,ATM-1,PE,1115.0,1126.0,5.6,5.6,4.05,4.35,37.096252,55600,352800
2026-08-24 14:30:00,ATM-1,PE,1115.0,1126.0,4.35,4.35,4.2,4.25,36.679697,8800,352000
2026-08-24 14:35:00,ATM-1,PE,1115.0,1124.5,4.35,5.1,4.25,5.1,38.501013,24000,348000
2026-08-24 14:40:00,ATM-1,PE,1115.0,1123.7,5.15,5.6,5.1,5.6,39.60458,62800,351600
2026-08-24 14:45:00,ATM-1,PE,1115.0,1123.6,5.65,5.85,5.55,5.65,39.737783,52800,360400
2026-08-24 14:50:00,ATM-1,PE,1115.0,1123.9,5.75,5.95,5.6,5.6,40.048705,32400,356800
2026-08-24 14:55:00,ATM-1,PE,1115.0,1123.5,5.6,5.9,5.55,5.9,40.839405,12000,352800
2026-08-24 15:00:00,ATM-1,PE,1115.0,1123.8,6.0,6.0,5.35,5.55,39.795529,42000,333200
2026-08-24 15:05:00,ATM-1,PE,1115.0,1125.9,5.6,5.75,4.9,4.9,40.061514,42000,332800
2026-08-24 15:10:00,ATM-1,PE,1120.0,1129.5,6.4,6.45,5.1,5.1,38.775552,65600,1848000
2026-08-24 15:15:00,ATM-1,PE,1120.0,1129.5,5.05,5.3,4.25,4.25,34.862637,73600,1849200
2026-08-24 15:20:00,ATM-1,PE,1120.0,1129.5,4.2,4.3,3.4,3.45,31.074123,81600,1844000
2026-08-24 15:25:00,ATM-1,PE,1120.0,1130.0,3.45,5.05,3.4,4.4,36.437566,96400,1819600
2026-08-24 15:30:00,ATM-1,PE,1120.0,1130.0,4.2,4.4,2.7,2.7,28.116208,52000,1822400
2026-08-24 15:35:00,ATM-1,PE,1120.0,1130.0,2.7,3.0,2.6,2.95,29.443888,42800,1819600
2026-08-25 09:15:00,ATM-1,PE,1120.0,1130.8,4.3,4.3,2.15,2.6,55.313598,178800,1838000
2026-08-25 09:20:00,ATM-1,PE,1115.0,1125.9,2.45,2.75,1.75,2.35,53.571364,86400,304800
2026-08-25 09:25:00,ATM-1,PE,1115.0,1126.2,2.65,2.65,2.15,2.6,57.360128,28000,289600
2026-08-25 09:30:00,ATM-1,PE,1115.0,1127.0,2.3,2.6,2.1,2.1,54.377214,46800,261200
2026-08-25 09:35:00,ATM-1,PE,1115.0,1127.2,2.1,2.4,2.1,2.35,58.063524,27600,256400
2026-08-25 09:40:00,ATM-1,PE,1115.0,1125.2,2.45,2.45,2.35,2.45,54.242031,9200,258400
2026-08-25 09:45:00,ATM-1,PE,1115.0,1124.0,2.65,3.35,2.45,3.35,60.456397,14400,258400
2026-08-25 09:50:00,ATM-1,PE,1115.0,1123.2,3.35,3.7,3.35,3.65,61.421585,14400,261600
2026-08-25 09:55:00,ATM-1,PE,1115.0,1125.4,3.5,3.65,2.6,2.6,57.598421,14400,269600
2026-08-25 10:00:00,ATM-1,PE,1115.0,1127.1,2.75,2.75,2.35,2.4,60.480117,11600,262400
2026-08-25 10:05:00,ATM-1,PE,1115.0,1127.5,2.3,3.25,2.05,2.05,57.888812,28000,255600
2026-08-25 10:10:00,ATM-1,PE,1120.0,1128.7,2.7,3.1,2.4,2.45,52.114173,50400,1726800
2026-08-25 10:15:00,ATM-1,PE,1120.0,1127.6,2.4,2.65,2.2,2.65,51.343841,32800,1720800
2026-08-25 10:20:00,ATM-1,PE,1120.0,1127.6,1.65,2.75,1.65,2.75,52.796652,6800,1715600
2026-08-25 10:25:00,ATM-1,PE,1115.0,1126.6,1.85,2.0,1.85,1.9,55.420929,5600,254000
2026-08-25 10:30:00,ATM-1,PE,1115.0,1127.1,1.9,2.0,1.9,1.95,57.857998,25200,244800
2026-08-25 10:35:00,ATM-1,PE,1115.0,1127.4,2.0,2.0,1.9,1.9,58.514987,10000,251200
2026-08-25 10:40:00,ATM-1,PE,1120.0,1128.1,1.6,2.4,1.55,2.05,48.303513,25200,1614400
2026-08-25 10:45:00,ATM-1,PE,1120.0,1128.2,2.0,2.05,1.85,1.95,47.847822,53200,1604800
2026-08-25 10:50:00,ATM-1,PE,1115.0,1127.3,1.85,2.1,1.2,1.2,49.97139,34000,250000
2026-08-25 10:55:00,ATM-1,PE,1115.0,1126.6,1.3,1.3,1.2,1.3,50.065372,4400,248800
2026-08-25 11:00:00,ATM-1,PE,1115.0,1127.0,1.3,1.4,1.3,1.35,52.318669,12000,248800
2026-08-25 11:05:00,ATM-1,PE,1115.0,1125.9,1.35,1.35,1.35,1.35,49.798972,800,248000
2026-08-25 11:10:00,ATM-1,PE,1115.0,1125.6,1.6,1.85,1.35,1.65,53.621498,12000,250800
2026-08-25 11:15:00,ATM-1,PE,1115.0,1127.0,1.65,1.65,1.4,1.4,54.546429,6800,253200
2026-08-25 11:20:00,ATM-1,PE,1115.0,1126.4,2.25,2.35,1.3,1.35,52.643485,9200,252400
2026-08-25 11:25:00,ATM-1,PE,1115.0,1126.9,1.35,2.2,1.35,2.2,66.673181,4800,250800
2026-08-25 11:30:00,ATM-1,PE,1115.0,1126.9,2.2,2.35,2.2,2.35,69.363484,4000,250800
2026-08-25 11:35:00,ATM-1,PE,1115.0,1127.5,2.35,2.35,2.1,2.1,68.523781,4400,250000
2026-08-25 11:40:00,ATM-1,PE,1115.0,1127.4,2.6,2.95,1.55,1.55,60.857135,7200,250000
2026-08-25 11:45:00,ATM-1,PE,1115.0,1127.4,1.55,1.55,1.55,1.55,61.512118,0,250000
2026-08-25 11:50:00,ATM-1,PE,1120.0,1128.3,1.55,2.7,1.55,2.45,61.148169,4000,1522800
2026-08-25 11:55:00,ATM-1,PE,1120.0,1129.9,2.25,2.45,1.9,1.9,59.916393,47200,1534000
2026-08-25 12:00:00,ATM-1,PE,1120.0,1128.2,1.95,1.95,0.8,0.9,39.96613,113600,1554800
2026-08-25 12:05:00,ATM-1,PE,1120.0,1128.3,0.95,1.0,0.8,0.9,40.740086,25600,1543200
2026-08-25 12:10:00,ATM-1,PE,1120.0,1128.4,0.85,0.95,0.45,0.45,32.940272,36800,1543600
2026-08-25 12:15:00,ATM-1,PE,1115.0,1127.4,0.5,0.5,0.2,0.5,45.42484,97200,248400
2026-08-25 12:20:00,ATM-1,PE,1115.0,1126.7,0.4,0.5,0.25,0.25,36.9788,9600,244000
2026-08-25 12:25:00,ATM-1,PE,1115.0,1125.0,0.25,0.25,0.25,0.25,33.267757,400,243200
2026-08-25 12:30:00,ATM-1,PE,1115.0,1123.8,0.25,0.5,0.25,0.5,37.119471,12000,242800
2026-08-25 12:35:00,ATM-1,PE,1115.0,1121.9,0.55,0.95,0.5,0.95,40.340295,2800,240000
2026-08-25 12:40:00,ATM-1,PE,1115.0,1123.0,1.25,1.3,0.95,1.3,50.750287,1600,240000
2026-08-25 12:45:00,ATM-1,PE,1115.0,1123.5,1.3,1.5,1.3,1.5,56.6614,2400,239600
2026-08-25 12:50:00,ATM-1,PE,1115.0,1123.7,1.5,1.75,1.5,1.75,62.388372,5600,236800
2026-08-25 12:55:00,ATM-1,PE,1115.0,1123.9,1.75,2.0,1.7,1.7,63.304594,7200,232000
2026-08-25 13:00:00,ATM-1,PE,1115.0,1123.5,1.7,2.1,1.15,1.15,53.086926,9200,227200
2026-08-25 13:05:00,ATM-1,PE,1115.0,1124.4,1.15,1.4,1.15,1.4,62.01538,800,226000
2026-08-25 13:10:00,ATM-1,PE,1115.0,1123.9,1.4,1.45,1.4,1.45,62.027131,1200,225600
2026-08-25 13:15:00,ATM-1,PE,1115.0,1123.8,1.45,1.45,1.45,1.45,62.716734,400,225200
2026-08-25 13:20:00,ATM-1,PE,1115.0,1123.3,1.75,1.75,1.45,1.55,63.631602,7600,224800
2026-08-25 13:25:00,ATM-1,PE,1115.0,1122.6,1.3,1.55,1.2,1.2,55.239639,15600,225600
2026-08-25 13:30:00,ATM-1,PE,1115.0,1121.7,1.25,1.35,1.2,1.35,55.290991,1600,225200
2026-08-25 13:35:00,ATM-1,PE,1115.0,1121.7,1.35,1.45,1.35,1.45,58.313241,800,225600
2026-08-25 13:40:00,ATM-1,PE,1115.0,1121.9,1.45,1.45,1.45,1.45,60.501054,20000,217600
2026-08-25 13:45:00,ATM-1,PE,1115.0,1121.4,1.45,1.45,1.4,1.45,59.445515,25600,189200
2026-08-25 13:50:00,ATM-1,PE,1115.0,1126.4,1.45,1.45,0.35,0.95,72.069401,49600,165200
2026-08-25 13:55:00,ATM-1,PE,1115.0,1124.3,1.15,1.45,0.95,1.45,76.546068,37600,174400
2026-08-25 14:00:00,ATM-1,PE,1115.0,1125.0,1.45,1.45,1.05,1.05,72.224681,4000,178400
2026-08-25 14:05:00,ATM-1,PE,1115.0,1124.9,1.05,1.05,1.05,1.05,73.735493,0,178400
2026-08-25 14:10:00,ATM-1,PE,1115.0,1123.8,1.25,1.25,0.85,0.85,65.210858,2400,176400
2026-08-25 14:15:00,ATM-1,PE,1115.0,1123.0,0.9,1.4,0.85,1.4,77.380456,28800,180800
2026-08-25 14:20:00,ATM-1,PE,1115.0,1124.0,1.15,1.4,1.15,1.15,78.874634,1200,184000
2026-08-25 14:25:00,ATM-1,PE,1115.0,1125.5,1.15,1.15,1.15,1.15,89.691226,1200,184000
2026-08-25 14:30:00,ATM-1,PE,1115.0,1126.7,1.15,3.25,0.7,0.7,84.296042,30400,186000
2026-08-25 14:35:00,ATM-1,PE,1115.0,1126.4,0.7,1.1,0.7,1.1,100.337265,7200,201600
2026-08-25 14:40:00,ATM-1,PE,1115.0,1126.6,1.1,1.3,0.7,0.7,91.092059,8800,201200
2026-08-25 14:45:00,ATM-1,PE,1120.0,1128.8,1.3,3.8,0.7,3.7,166.218475,13600,1226000
2026-08-25 14:50:00,ATM-1,PE,1120.0,1129.1,3.05,3.7,2.4,2.65,148.477066,11600,1221600
2026-08-25 14:55:00,ATM-1,PE,1120.0,1129.9,2.65,2.7,2.15,2.15,148.374721,16400,1220800
2026-08-25 15:00:00,ATM-1,PE,1120.0,1130.9,2.0,3.0,2.0,3.0,195.777935,27600,1217600
2026-08-25 15:05:00,ATM-1,PE,1120.0,1130.3,2.55,3.0,1.5,1.5,149.577813,30000,1217200
2026-08-25 15:10:00,ATM-1,PE,1120.0,1131.6,1.5,1.5,1.3,1.3,166.323151,9200,1216800
2026-08-25 15:15:00,ATM-1,PE,1120.0,1131.6,1.3,1.5,0.9,1.05,171.98945,16400,1217200
2026-08-25 15:20:00,ATM-1,PE,1120.0,1131.6,0.5,1.05,0.5,0.5,157.087307,10800,1216800
2026-08-25 15:25:00,ATM-1,PE,1140.0,1144.0,0.5,5.0,0.5,5.0,342.956743,3200,679200
2026-08-25 15:30:00,ATM-1,PE,1140.0,1144.0,5.0,5.0,5.0,5.0,485.064721,0,679200
2026-08-25 15:35:00,ATM-1,PE,1140.0,1144.0,5.0,5.0,5.0,5.0,0.0,0,679200
2026-08-20 09:15:00,ATM,CE,1140.0,1133.0,7.7,12.7,1.1,10.3,23.52729,1869600,2397200
2026-08-20 09:20:00,ATM,CE,1140.0,1136.2,10.5,11.85,10.3,11.7,23.409132,701200,2442800
2026-08-20 09:25:00,ATM,CE,1140.0,1136.2,11.75,11.95,11.15,11.15,22.405183,514400,2394800
2026-08-20 09:30:00,ATM,CE,1155.0,1141.2,5.3,7.3,5.3,7.3,22.653249,480400,1074800
2026-08-20 09:35:00,ATM,CE,1155.0,1141.4,7.3,8.2,6.45,7.45,22.816367,546800,1112400
2026-08-20 09:40:00,ATM,CE,1155.0,1140.3,7.6,8.0,7.35,7.75,24.180543,221600,1124400
2026-08-20 09:45:00,ATM,CE,1155.0,1140.6,7.5,7.75,7.15,7.35,23.192403,363200,1026400
2026-08-20 09:50:00,ATM,CE,1155.0,1139.3,7.25,7.35,6.6,6.75,22.888538,170800,1035200
2026-08-20 09:55:00,ATM,CE,1155.0,1138.8,7.1,7.15,6.65,6.7,23.129936,99600,1039200
2026-08-20 10:00:00,ATM,CE,1155.0,1140.5,6.65,7.25,6.65,7.1,22.791212,86000,1050000
2026-08-20 10:05:00,ATM,CE,1155.0,1140.7,7.2,8.45,7.1,7.4,23.25568,240400,1037600
2026-08-20 10:10:00,ATM,CE,1155.0,1139.4,7.4,7.5,6.7,6.9,23.156886,84800,1044000
2026-08-20 10:15:00,ATM,CE,1155.0,1139.3,6.95,7.05,6.7,7.05,23.534652,74800,1054400
2026-08-20 10:20:00,ATM,CE,1155.0,1138.9,6.85,7.05,6.55,6.8,23.307978,42800,1059600
2026-08-20 10:25:00,ATM,CE,1140.0,1137.2,13.4,13.4,6.25,12.55,24.196056,173200,2310400
2026-08-20 10:30:00,ATM,CE,1155.0,1137.6,12.45,12.9,6.0,6.25,23.055813,136800,1072000
2026-08-20 10:35:00,ATM,CE,1140.0,1136.8,12.25,12.5,11.85,12.25,24.021361,117200,2320800
2026-08-20 10:40:00,ATM,CE,1140.0,1137.3,12.1,12.5,12.0,12.25,23.578485,77200,2319200
2026-08-20 10:45:00,ATM,CE,1155.0,1139.3,6.4,7.15,6.05,7.15,23.787325,145200,1092000
2026-08-20 10:50:00,ATM,CE,1155.0,1138.9,7.05,7.3,6.75,6.95,23.663099,45600,1084000
2026-08-20 10:55:00,ATM,CE,1155.0,1138.8,6.9,6.95,6.75,6.9,23.637653,28800,1083200
2026-08-20 11:00:00,ATM,CE,1140.0,1135.5,6.9,13.45,6.9,11.7,24.199945,134000,2318800
2026-08-20 11:05:00,ATM,CE,1140.0,1133.4,11.7,11.75,10.65,10.65,24.043876,218400,2339600
2026-08-20 11:10:00,ATM,CE,1140.0,1130.9,10.55,11.0,9.85,9.9,24.669655,222400,2396800
2026-08-20 11:15:00,ATM,CE,1140.0,1130.6,9.9,10.45,9.6,9.75,24.630277,255600,2423200
2026-08-20 11:20:00,ATM,CE,1140.0,1129.0,9.95,9.95,9.0,9.2,24.825269,202800,2454400
2026-08-20 11:25:00,ATM,CE,1140.0,1128.5,9.2,9.35,9.05,9.1,25.021144,125600,2461200
2026-08-20 11:30:00,ATM,CE,1120.0,1127.1,9.1,20.0,8.9,19.25,27.192156,163600,1808000
2026-08-20 11:35:00,ATM,CE,1120.0,1126.7,19.2,19.45,19.05,19.3,27.75981,34400,1808000
2026-08-20 11:40:00,ATM,CE,1140.0,1129.7,19.5,19.5,8.5,9.75,25.381219,149200,2477600
2026-08-20 11:45:00,ATM,CE,1140.0,1130.7,9.55,10.5,9.55,10.5,26.035599,299600,2356400
2026-08-20 11:50:00,ATM,CE,1140.0,1132.3,10.15,10.55,10.05,10.25,24.279383,268400,2341600
2026-08-20 11:55:00,ATM,CE,1140.0,1131.0,10.2,10.25,9.3,9.35,23.622906,177600,2318000
2026-08-20 12:00:00,ATM,CE,1140.0,1130.4,9.4,9.4,8.8,8.95,23.335897,140400,2322800
2026-08-20 12:05:00,ATM,CE,1140.0,1129.4,9.0,9.25,8.7,8.75,23.730067,149200,2334000
2026-08-20 12:10:00,ATM,CE,1140.0,1128.3,8.7,8.85,8.6,8.6,24.280384,98000,2346400
2026-08-20 12:15:00,ATM,CE,1140.0,1129.8,8.5,9.45,8.5,9.0,23.923839,164000,2360000
2026-08-20 12:20:00,ATM,CE,1140.0,1130.0,9.0,9.45,9.0,9.0,23.777937,144000,2362800
2026-08-20 12:25:00,ATM,CE,1140.0,1131.1,9.0,9.3,8.9,9.1,23.11807,44400,2366400
2026-08-20 12:30:00,ATM,CE,1140.0,1130.8,9.25,9.45,9.1,9.15,23.459224,67600,2360400
2026-08-20 12:35:00,ATM,CE,1140.0,1129.9,9.15,9.15,8.7,8.8,23.49546,85200,2370000
2026-08-20 12:40:00,ATM,CE,1140.0,1128.7,8.85,8.85,8.25,8.25,23.348149,108000,2377600
2026-08-20 12:45:00,ATM,CE,1140.0,1128.8,8.4,9.25,8.25,8.8,24.356175,103600,2370400
2026-08-20 12:50:00,ATM,CE,1140.0,1133.2,8.75,10.3,8.75,10.2,23.550664,224400,2353600
2026-08-20 12:55:00,ATM,CE,1140.0,1133.7,10.2,10.45,9.9,10.25,23.235821,302400,2314000
2026-08-20 13:00:00,ATM,CE,1140.0,1134.4,10.35,10.9,10.2,10.45,23.028373,188400,2306000
2026-08-20 13:05:00,ATM,CE,1140.0,1133.6,10.45,10.5,10.0,10.1,23.054144,90000,2308400
2026-08-20 13:10:00,ATM,CE,1140.0,1134.8,10.2,10.6,9.8,10.6,22.98464,84800,2303200
2026-08-20 13:15:00,ATM,CE,1140.0,1135.0,10.65,10.65,10.35,10.55,22.726678,59200,2299600
2026-08-20 13:20:00,ATM,CE,1140.0,1135.7,10.55,10.8,10.55,10.8,22.593327,154400,2299600
2026-08-20 13:25:00,ATM,CE,1140.0,1136.1,10.9,10.9,10.3,10.6,21.873809,90400,2299200
2026-08-20 13:30:00,ATM,CE,1140.0,1135.1,10.55,10.6,10.05,10.1,21.820163,40000,2289200
2026-08-20 13:35:00,ATM,CE,1140.0,1136.4,10.05,10.6,10.0,10.55,21.52981,61200,2287200
2026-08-20 13:40:00,ATM,CE,1155.0,1138.0,10.7,11.0,5.35,5.65,21.850521,73600,1421200
2026-08-20 13:45:00,ATM,CE,1155.0,1138.3,5.65,6.0,5.55,5.65,21.663511,89600,1416000
2026-08-20 13:50:00,ATM,CE,1140.0,1135.3,11.45,11.45,10.0,10.1,21.680096,182800,2247200
2026-08-20 13:55:00,ATM,CE,1140.0,1134.4,10.05,10.1,9.4,9.65,21.613938,122000,2241600
2026-08-20 14:00:00,ATM,CE,1140.0,1133.9,9.75,9.8,9.2,9.4,21.571441,90800,2254800
2026-08-20 14:05:00,ATM,CE,1140.0,1132.5,9.35,9.4,8.3,8.85,21.687976,246400,2290000
2026-08-20 14:10:00,ATM,CE,1140.0,1134.5,8.9,9.7,8.85,9.7,21.648244,102800,2283600
2026-08-20 14:15:00,ATM,CE,1140.0,1134.6,9.7,9.85,9.35,9.7,21.571145,202800,2270400
2026-08-20 14:20:00,ATM,CE,1140.0,1134.0,9.8,9.85,9.05,9.15,21.045948,72400,2265600
2026-08-20 14:25:00,ATM,CE,1140.0,1132.9,9.1,9.3,8.65,8.75,21.203595,140000,2279200
2026-08-20 14:30:00,ATM,CE,1140.0,1131.0,8.7,8.85,8.05,8.3,21.86724,187200,2312000
2026-08-20 14:35:00,ATM,CE,1140.0,1130.6,8.45,8.8,8.3,8.7,22.966612,71200,2305200
2026-08-20 14:40:00,ATM,CE,1140.0,1129.4,8.8,8.85,8.1,8.1,22.731738,112400,2313200
2026-08-20 14:45:00,ATM,CE,1140.0,1129.5,8.1,8.45,7.75,8.2,22.860561,225600,2322000
2026-08-20 14:50:00,ATM,CE,1140.0,1129.8,8.25,8.55,7.9,8.0,22.24629,158800,2323600
2026-08-20 14:55:00,ATM,CE,1140.0,1129.0,8.15,8.15,7.5,7.9,22.666977,146400,2318400
2026-08-20 15:00:00,ATM,CE,1140.0,1129.7,7.95,8.3,7.9,8.3,22.929452,118400,2318800
2026-08-20 15:05:00,ATM,CE,1140.0,1129.1,8.25,8.3,7.8,8.1,23.003835,133200,2324400
2026-08-20 15:10:00,ATM,CE,1140.0,1129.4,8.0,8.35,7.8,8.2,22.980785,152400,2321200
2026-08-20 15:15:00,ATM,CE,1140.0,1129.4,8.25,9.0,8.0,8.75,24.07126,91600,2296400
2026-08-20 15:20:00,ATM,CE,1140.0,1129.4,8.7,8.75,8.2,8.4,23.392293,94800,2294800
2026-08-20 15:25:00,ATM,CE,1140.0,1130.0,8.25,8.4,7.75,7.75,21.659902,94400,2296800
2026-08-20 15:30:00,ATM,CE,1140.0,1130.0,7.7,7.9,6.7,7.85,21.865217,530800,2652800
2026-08-20 15:35:00,ATM,CE,1140.0,1130.0,7.75,7.95,7.5,7.65,21.479343,117200,2654400
2026-08-21 09:15:00,ATM,CE,1120.0,1121.6,15.6,15.65,11.0,11.6,20.869319,195600,1716400
2026-08-21 09:20:00,ATM,CE,1120.0,1124.1,12.2,13.05,11.1,12.7,20.192092,145200,1723600
2026-08-21 09:25:00,ATM,CE,1120.0,1122.3,12.75,13.25,11.8,11.8,20.493141,141200,1725200
2026-08-21 09:30:00,ATM,CE,1120.0,1119.9,11.35,11.8,9.65,10.25,19.990146,267200,1768800
2026-08-21 09:35:00,ATM,CE,1120.0,1120.0,10.5,10.75,10.25,10.3,19.994255,83200,1775200
2026-08-21 09:40:00,ATM,CE,1120.0,1122.7,10.35,11.9,10.3,11.9,20.256973,189600,1753200
2026-08-21 09:45:00,ATM,CE,1120.0,1123.8,11.85,12.55,11.7,12.55,20.296665,54800,1739600
2026-08-21 09:50:00,ATM,CE,1140.0,1129.0,12.35,14.0,4.95,6.15,21.069777,391600,2571200
2026-08-21 09:55:00,ATM,CE,1140.0,1128.7,6.2,6.2,5.75,5.85,20.650804,188800,2541200
2026-08-21 10:00:00,ATM,CE,1140.0,1127.6,5.55,15.5,5.05,5.2,20.039299,79200,2523600
2026-08-21 10:05:00,ATM,CE,1120.0,1126.9,14.0,14.8,4.85,14.1,19.580459,76800,1732800
2026-08-21 10:10:00,ATM,CE,1120.0,1127.3,14.45,15.0,5.05,15.0,21.008504,62800,1734400
2026-08-21 10:15:00,ATM,CE,1120.0,1126.9,14.7,15.0,14.0,14.25,19.929798,33600,1738800
2026-08-21 10:20:00,ATM,CE,1140.0,1130.6,14.35,14.35,5.05,6.45,20.497503,192000,2513600
2026-08-21 10:25:00,ATM,CE,1140.0,1131.3,6.4,7.15,5.95,6.7,20.468311,271200,2508000
2026-08-21 10:30:00,ATM,CE,1140.0,1132.7,6.75,7.45,6.7,7.45,20.882965,226400,2506400
2026-08-21 10:35:00,ATM,CE,1140.0,1131.4,7.3,7.45,7.0,7.05,21.153849,92000,2506800
2026-08-21 10:40:00,ATM,CE,1140.0,1130.8,6.8,7.25,6.55,6.75,21.019266,90000,2510400
2026-08-21 10:45:00,ATM,CE,1140.0,1128.2,6.65,7.0,5.7,5.7,20.796501,160000,2499200
2026-08-21 10:50:00,ATM,CE,1140.0,1130.5,5.85,6.85,5.7,6.8,21.39438,284400,2537200
2026-08-21 10:55:00,ATM,CE,1140.0,1130.7,6.85,7.15,6.8,7.05,21.778672,408000,2561200
2026-08-21 11:00:00,ATM,CE,1140.0,1131.6,7.1,7.25,6.8,7.2,21.354207,247600,2560400
2026-08-21 11:05:00,ATM,CE,1140.0,1130.6,7.2,7.2,6.65,6.85,21.449226,242000,2567200
2026-08-21 11:10:00,ATM,CE,1140.0,1131.6,6.85,7.2,6.85,7.1,21.15954,88400,2561200
2026-08-21 11:15:00,ATM,CE,1140.0,1131.5,7.05,7.6,6.95,6.95,20.931978,262000,2534000
2026-08-21 11:20:00,ATM,CE,1140.0,1132.0,7.0,7.15,6.8,7.15,20.945104,90800,2540800
2026-08-21 11:25:00,ATM,CE,1140.0,1129.9,6.85,7.15,6.6,6.6,21.519282,95200,2551600
2026-08-21 11:30:00,ATM,CE,1140.0,1130.7,6.55,7.0,6.3,6.95,21.631813,149600,2558400
2026-08-21 11:35:00,ATM,CE,1140.0,1130.8,6.8,7.0,6.65,6.85,21.341792,149600,2540000
2026-08-21 11:40:00,ATM,CE,1140.0,1130.3,6.9,6.9,6.65,6.75,21.548541,121200,2564000
2026-08-21 11:45:00,ATM,CE,1140.0,1132.4,6.7,7.15,6.5,7.15,20.648985,74400,2561200
2026-08-21 11:50:00,ATM,CE,1140.0,1132.4,7.1,7.3,7.0,7.25,20.871991,160400,2537200
2026-08-21 11:55:00,ATM,CE,1140.0,1131.7,7.15,7.25,6.7,6.7,20.300981,88800,2527600
2026-08-21 12:00:00,ATM,CE,1140.0,1132.0,6.9,7.0,6.7,6.85,20.378477,62400,2521200
2026-08-21 12:05:00,ATM,CE,1140.0,1132.0,6.9,6.9,6.7,6.75,20.172863,42800,2535600
2026-08-21 12:10:00,ATM,CE,1140.0,1131.5,6.85,6.9,6.4,6.4,19.848434,148000,2563600
2026-08-21 12:15:00,ATM,CE,1140.0,1131.5,6.5,6.6,6.3,6.6,20.291138,138800,2543200
2026-08-21 12:20:00,ATM,CE,1140.0,1132.1,6.65,6.65,6.45,6.5,19.576992,48800,2547600
2026-08-21 12:25:00,ATM,CE,1140.0,1130.7,6.55,6.8,6.0,6.0,19.664545,259200,2568000
2026-08-21 12:30:00,ATM,CE,1140.0,1131.4,6.0,6.3,6.0,6.3,19.751572,81200,2584800
2026-08-21 12:35:00,ATM,CE,1140.0,1131.6,6.25,6.45,6.25,6.45,19.919182,39600,2577200
2026-08-21 12:40:00,ATM,CE,1140.0,1130.6,6.3,6.45,6.15,6.2,20.213789,93200,2582800
2026-08-21 12:45:00,ATM,CE,1140.0,1129.0,6.2,6.2,6.0,6.0,21.072424,105600,2588000
2026-08-21 12:50:00,ATM,CE,1140.0,1129.5,5.85,6.1,5.85,6.05,20.794174,82400,2593600
2026-08-21 12:55:00,ATM,CE,1140.0,1129.5,5.95,6.1,5.95,6.1,20.915195,68400,2601200
2026-08-21 13:00:00,ATM,CE,1140.0,1128.5,5.85,6.1,5.35,5.85,21.159728,146000,2626400
2026-08-21 13:05:00,ATM,CE,1140.0,1129.1,5.75,5.95,5.7,5.8,20.582737,61600,2629600
2026-08-21 13:10:00,ATM,CE,1140.0,1129.1,5.9,6.0,5.75,6.0,21.041446,42000,2624400
2026-08-21 13:15:00,ATM,CE,1140.0,1129.9,6.0,6.55,6.0,6.25,20.963575,142000,2633200
2026-08-21 13:20:00,ATM,CE,1140.0,1128.6,6.2,6.25,5.75,5.75,20.893764,121600,2666400
2026-08-21 13:25:00,ATM,CE,1140.0,1128.6,5.75,5.85,5.75,5.85,21.129869,71200,2680000
2026-08-21 13:30:00,ATM,CE,1120.0,1127.3,5.8,14.95,5.5,14.7,20.751349,107200,1698400
2026-08-21 13:35:00,ATM,CE,1120.0,1127.0,14.7,14.7,14.2,14.5,20.742124,30400,1696800
2026-08-21 13:40:00,ATM,CE,1120.0,1127.5,14.5,14.8,14.5,14.65,20.370773,5200,1696000
2026-08-21 13:45:00,ATM,CE,1120.0,1127.3,5.45,14.7,5.25,14.7,20.78237,20400,1699200
2026-08-21 13:50:00,ATM,CE,1140.0,1127.6,14.45,14.7,5.15,5.15,20.349436,20000,2680800
2026-08-21 13:55:00,ATM,CE,1120.0,1126.6,5.15,14.65,5.15,14.05,20.344412,75600,1706000
2026-08-21 14:00:00,ATM,CE,1120.0,1125.0,14.2,14.25,12.95,12.95,20.114676,47200,1700000
2026-08-21 14:05:00,ATM,CE,1120.0,1125.7,12.95,13.25,12.95,13.25,19.839084,17200,1702400
2026-08-21 14:10:00,ATM,CE,1120.0,1125.0,13.45,13.45,13.1,13.1,20.463433,29200,1698000
2026-08-21 14:15:00,ATM,CE,1120.0,1124.5,12.9,13.25,12.4,12.4,19.602293,26000,1697200
2026-08-21 14:20:00,ATM,CE,1120.0,1124.4,12.2,12.5,12.0,12.2,19.306243,28000,1701200
2026-08-21 14:25:00,ATM,CE,1120.0,1122.8,12.2,12.2,11.3,11.6,20.050674,119200,1709200
2026-08-21 14:30:00,ATM,CE,1120.0,1122.0,11.6,11.8,11.45,11.55,20.923168,48000,1709600
2026-08-21 14:35:00,ATM,CE,1120.0,1121.7,11.6,12.3,11.45,11.55,21.289427,68000,1706000
2026-08-21 14:40:00,ATM,CE,1120.0,1120.8,11.6,11.7,10.7,10.95,21.063942,84000,1710400
2026-08-21 14:45:00,ATM,CE,1120.0,1120.7,11.05,11.4,10.9,10.95,21.188753,49600,1716400
2026-08-21 14:50:00,ATM,CE,1120.0,1120.1,10.75,10.95,10.0,10.0,19.851088,80400,1723200
2026-08-21 14:55:00,ATM,CE,1120.0,1120.0,10.05,10.15,10.0,10.05,20.079866,88400,1747600
2026-08-21 15:00:00,ATM,CE,1120.0,1120.0,10.2,10.3,10.05,10.2,20.410043,131600,1770800
2026-08-21 15:05:00,ATM,CE,1120.0,1118.7,10.1,10.35,10.05,10.15,21.739743,58400,1772000
2026-08-21 15:10:00,ATM,CE,1120.0,1119.0,9.55,10.15,9.5,9.6,20.251578,180400,1778800
2026-08-21 15:15:00,ATM,CE,1120.0,1119.0,9.6,10.4,9.6,10.35,21.86389,74800,1793600
2026-08-21 15:20:00,ATM,CE,1120.0,1119.0,10.4,10.95,10.35,10.5,22.195109,50400,1783600
2026-08-21 15:25:00,ATM,CE,1120.0,1121.0,10.7,10.75,10.3,10.55,20.067468,62400,1774400
2026-08-21 15:30:00,ATM,CE,1120.0,1121.0,10.5,10.75,10.3,10.35,19.647966,39600,1762000
2026-08-21 15:35:00,ATM,CE,1120.0,1121.0,10.4,10.65,10.0,10.45,19.872528,56800,1748400
2026-08-24 09:15:00,ATM,CE,1155.0,1139.9,2.5,5.7,1.8,2.3,27.682949,928400,679600
2026-08-24 09:20:00,ATM,CE,1155.0,1142.3,2.45,5.0,2.3,4.3,34.051334,1638400,922800
2026-08-24 09:25:00,ATM,CE,1155.0,1139.9,4.3,4.75,2.9,3.55,33.761909,1016800,1125600
2026-08-24 09:30:00,ATM,CE,1155.0,1137.9,3.9,4.65,2.85,3.0,33.544516,975600,1084800
2026-08-24 09:35:00,ATM,CE,1155.0,1138.2,3.15,3.3,2.95,3.3,34.70157,549600,1162800
2026-08-24 09:40:00,ATM,CE,1155.0,1138.8,3.4,3.4,3.1,3.15,33.330651,188400,1141200
2026-08-24 09:45:00,ATM,CE,1140.0,1135.2,7.75,7.75,6.2,6.2,31.03534,326000,2330000
2026-08-24 09:50:00,ATM,CE,1140.0,1136.4,6.3,6.45,5.9,6.3,29.487091,163600,2341600
2026-08-24 09:55:00,ATM,CE,1140.0,1136.3,6.35,6.6,6.05,6.15,29.122027,138400,2336800
2026-08-24 10:00:00,ATM,CE,1140.0,1135.2,6.2,6.4,5.4,5.6,28.838754,169600,2336400
2026-08-24 10:05:00,ATM,CE,1140.0,1133.8,5.65,5.75,4.7,5.0,28.707483,222400,2344400
2026-08-24 10:10:00,ATM,CE,1140.0,1135.6,5.0,5.7,4.95,5.7,28.665978,138800,2339200
2026-08-24 10:15:00,ATM,CE,1140.0,1134.4,5.55,5.7,5.2,5.2,28.660961,190800,2328400
2026-08-24 10:20:00,ATM,CE,1140.0,1135.9,5.25,5.65,5.05,5.55,27.6748,76000,2324000
2026-08-24 10:25:00,ATM,CE,1140.0,1135.1,5.85,6.1,5.25,5.35,28.231146,142400,2315200
2026-08-24 10:30:00,ATM,CE,1140.0,1134.6,5.35,5.45,5.1,5.25,28.672996,82800,2314000
2026-08-24 10:35:00,ATM,CE,1140.0,1135.8,5.25,5.85,5.2,5.65,28.355178,121200,2337200
2026-08-24 10:40:00,ATM,CE,1140.0,1136.3,5.5,5.9,5.4,5.8,28.15059,57200,2331600
2026-08-24 10:45:00,ATM,CE,1140.0,1135.8,5.8,5.8,5.4,5.7,28.636652,85600,2313200
2026-08-24 10:50:00,ATM,CE,1140.0,1136.1,5.7,5.75,5.45,5.5,27.396516,84000,2317600
2026-08-24 10:55:00,ATM,CE,1140.0,1134.0,5.55,5.65,4.8,4.8,28.020894,120800,2304800
2026-08-24 11:00:00,ATM,CE,1140.0,1132.8,4.8,5.25,4.3,4.35,28.034893,191600,2305600
2026-08-24 11:05:00,ATM,CE,1140.0,1134.3,4.25,4.9,4.2,4.85,27.841769,123200,2306000
2026-08-24 11:10:00,ATM,CE,1140.0,1133.5,4.8,4.85,4.3,4.45,27.485141,90800,2298000
2026-08-24 11:15:00,ATM,CE,1140.0,1137.5,4.4,5.65,1.5,5.15,23.8348,245600,2303600
2026-08-24 11:20:00,ATM,CE,1140.0,1136.4,5.2,5.2,4.65,4.75,24.177182,94800,2302400
2026-08-24 11:25:00,ATM,CE,1140.0,1136.2,4.65,5.0,4.65,4.65,24.149609,65200,2297200
2026-08-24 11:30:00,ATM,CE,1140.0,1135.2,4.75,4.75,4.35,4.55,25.412834,106400,2280000
2026-08-24 11:35:00,ATM,CE,1140.0,1134.4,4.85,4.85,4.4,4.4,26.105135,78800,2280400
2026-08-24 11:40:00,ATM,CE,1140.0,1133.1,4.45,4.5,4.05,4.15,27.093202,120000,2280800
2026-08-24 11:45:00,ATM,CE,1140.0,1134.3,4.2,4.55,4.1,4.5,26.753322,74800,2266000
2026-08-24 11:50:00,ATM,CE,1140.0,1133.5,4.5,4.55,4.3,4.3,27.201746,54800,2271600
2026-08-24 11:55:00,ATM,CE,1140.0,1131.7,4.3,4.3,3.5,3.8,27.776408,221200,2257200
2026-08-24 12:00:00,ATM,CE,1140.0,1133.3,3.75,4.25,3.7,4.25,27.381797,84800,2245600
2026-08-24 12:05:00,ATM,CE,1140.0,1134.0,4.3,4.85,4.25,4.85,28.838978,147600,2193200
2026-08-24 12:10:00,ATM,CE,1140.0,1134.9,4.9,5.3,4.85,5.2,28.873669,106800,2174800
2026-08-24 12:15:00,ATM,CE,1140.0,1135.9,5.1,5.7,5.1,5.4,28.06589,60400,2170000
2026-08-24 12:20:00,ATM,CE,1140.0,1136.7,5.4,5.95,5.2,5.85,28.538939,86400,2179200
2026-08-24 12:25:00,ATM,CE,1140.0,1136.9,5.9,6.25,5.7,6.15,29.431754,136800,2160800
2026-08-24 12:30:00,ATM,CE,1140.0,1136.6,6.05,6.15,5.65,5.9,29.006927,90800,2168400
2026-08-24 12:35:00,ATM,CE,1140.0,1135.3,5.85,5.9,5.25,5.25,28.64635,102400,2182400
2026-08-24 12:40:00,ATM,CE,1140.0,1136.2,5.3,6.0,5.2,5.8,29.396254,144000,2186000
2026-08-24 12:45:00,ATM,CE,1140.0,1135.0,5.85,6.15,5.3,5.5,30.265144,122000,2175200
2026-08-24 12:50:00,ATM,CE,1140.0,1137.0,5.45,6.15,5.45,6.1,29.288919,72400,2160400
2026-08-24 12:55:00,ATM,CE,1140.0,1136.2,1.75,6.55,1.65,6.1,30.757205,215600,2177600
2026-08-24 13:00:00,ATM,CE,1140.0,1136.4,6.1,6.25,5.5,5.85,29.440071,155200,2132800
2026-08-24 13:05:00,ATM,CE,1140.0,1136.3,5.7,5.85,5.4,5.7,29.053297,57600,2132800
2026-08-24 13:10:00,ATM,CE,1140.0,1136.9,5.75,5.85,5.5,5.7,28.038281,60000,2124000
2026-08-24 13:15:00,ATM,CE,1140.0,1137.4,5.5,5.8,5.3,5.8,27.586055,62800,2120800
2026-08-24 13:20:00,ATM,CE,1140.0,1136.8,5.9,6.0,1.55,5.85,28.921371,49600,2116800
2026-08-24 13:25:00,ATM,CE,1140.0,1134.5,5.95,5.95,5.25,5.3,30.666016,100400,2100000
2026-08-24 13:30:00,ATM,CE,1140.0,1128.7,5.3,5.4,3.75,3.85,33.171911,277600,2110000
2026-08-24 13:35:00,ATM,CE,1140.0,1128.9,3.85,3.9,3.6,3.85,32.945528,182000,2122800
2026-08-24 13:40:00,ATM,CE,1140.0,1129.1,3.8,3.95,3.65,3.7,32.016701,84000,2108000
2026-08-24 13:45:00,ATM,CE,1140.0,1128.8,3.7,3.9,3.65,3.7,32.490515,99200,2125600
2026-08-24 13:50:00,ATM,CE,1140.0,1128.7,3.7,3.95,3.65,3.75,32.920824,92800,2104400
2026-08-24 13:55:00,ATM,CE,1140.0,1128.5,3.7,3.9,3.65,3.7,33.018854,36800,2110800
2026-08-24 14:00:00,ATM,CE,1140.0,1129.3,3.8,3.9,3.7,3.85,32.651056,58000,2112400
2026-08-24 14:05:00,ATM,CE,1140.0,1129.7,3.85,4.05,3.75,4.0,32.828423,73200,2125600
2026-08-24 14:10:00,ATM,CE,1140.0,1128.6,4.0,4.25,3.85,3.85,33.757945,148000,2122000
2026-08-24 14:15:00,ATM,CE,1140.0,1128.6,3.85,3.85,3.65,3.75,33.339241,60400,2104000
2026-08-24 14:20:00,ATM,CE,1140.0,1128.3,3.75,3.8,3.55,3.7,33.578896,79200,2102800
2026-08-24 14:25:00,ATM,CE,1120.0,1126.0,3.75,13.8,3.7,12.65,38.083218,50800,1274400
2026-08-24 14:30:00,ATM,CE,1120.0,1126.0,12.65,13.7,12.65,13.1,40.095837,29200,1270400
2026-08-24 14:35:00,ATM,CE,1120.0,1124.5,13.15,13.3,12.1,12.1,39.710353,26000,1262800
2026-08-24 14:40:00,ATM,CE,1120.0,1123.7,12.1,12.35,11.7,12.0,41.318196,53200,1261200
2026-08-24 14:45:00,ATM,CE,1120.0,1123.6,12.1,12.1,11.75,12.0,41.631464,31200,1254400
2026-08-24 14:50:00,ATM,CE,1120.0,1123.9,11.8,12.0,11.5,11.95,40.76206,44000,1250000
2026-08-24 14:55:00,ATM,CE,1120.0,1123.5,12.0,12.0,11.5,11.55,40.099573,21600,1245600
2026-08-24 15:00:00,ATM,CE,1120.0,1123.8,11.55,13.0,11.55,12.15,42.005457,42400,1238000
2026-08-24 15:05:00,ATM,CE,1120.0,1125.9,11.95,13.65,11.9,13.35,41.94428,37200,1231600
2026-08-24 15:10:00,ATM,CE,1140.0,1129.5,3.55,4.15,3.55,4.05,34.102123,307200,1936400
2026-08-24 15:15:00,ATM,CE,1140.0,1129.5,3.8,4.45,3.8,4.45,36.04839,163200,1902000
2026-08-24 15:20:00,ATM,CE,1140.0,1129.5,4.5,5.0,4.4,5.0,38.675081,130800,1877200
2026-08-24 15:25:00,ATM,CE,1140.0,1130.0,4.85,5.0,3.4,3.8,32.348662,196000,1873600
2026-08-24 15:30:00,ATM,CE,1140.0,1130.0,3.7,5.3,3.7,5.25,39.186128,112400,1875200
2026-08-24 15:35:00,ATM,CE,1140.0,1130.0,5.25,5.7,5.0,5.1,38.564623,202800,1867600
2026-08-25 09:15:00,ATM,CE,1140.0,1130.8,4.5,5.3,1.9,2.0,44.113029,385600,1822800
2026-08-25 09:20:00,ATM,CE,1120.0,1125.9,1.9,12.4,1.8,10.75,61.657077,84400,1224000
2026-08-25 09:25:00,ATM,CE,1120.0,1126.2,7.95,10.75,7.95,8.4,38.647432,46800,1209200
2026-08-25 09:30:00,ATM,CE,1120.0,1127.0,8.85,9.4,8.4,9.4,43.169018,14000,1212400
2026-08-25 09:35:00,ATM,CE,1120.0,1127.2,9.4,9.4,9.05,9.15,39.471459,10800,1212400
2026-08-25 09:40:00,ATM,CE,1120.0,1125.2,9.55,9.65,9.05,9.05,51.979587,12000,1211200
2026-08-25 09:45:00,ATM,CE,1120.0,1124.0,8.15,9.05,7.9,7.9,48.740555,17600,1203200
2026-08-25 09:50:00,ATM,CE,1120.0,1123.2,7.5,8.0,7.15,7.15,46.712061,5600,1200800
2026-08-25 09:55:00,ATM,CE,1120.0,1125.4,7.15,8.85,7.1,8.85,50.045664,18400,1194000
2026-08-25 10:00:00,ATM,CE,1120.0,1127.1,8.35,8.95,8.35,8.95,39.597827,3200,1193600
2026-08-25 10:05:00,ATM,CE,1120.0,1127.5,8.95,9.85,1.3,9.6,43.756444,5600,1192000
2026-08-25 10:10:00,ATM,CE,1140.0,1128.7,1.35,1.4,0.9,0.9,39.287602,39200,1739200
2026-08-25 10:15:00,ATM,CE,1140.0,1127.6,1.05,1.15,0.9,0.9,42.153582,62000,1731200
2026-08-25 10:20:00,ATM,CE,1140.0,1127.6,9.2,9.2,0.95,0.95,43.26175,6400,1741600
2026-08-25 10:25:00,ATM,CE,1120.0,1126.6,9.0,9.1,8.45,8.45,39.732384,13600,1172000
2026-08-25 10:30:00,ATM,CE,1120.0,1127.1,8.5,9.0,8.45,8.75,39.256833,43200,1177600
2026-08-25 10:35:00,ATM,CE,1120.0,1127.4,8.8,9.2,8.7,8.7,36.208589,5600,1169600
2026-08-25 10:40:00,ATM,CE,1140.0,1128.1,9.0,9.3,0.85,0.85,41.908412,26000,1708800
2026-08-25 10:45:00,ATM,CE,1140.0,1128.2,0.85,0.85,0.65,0.8,41.2049,5200,1706400
2026-08-25 10:50:00,ATM,CE,1120.0,1127.3,0.75,9.0,0.7,8.5,35.602858,6400,1154400
2026-08-25 10:55:00,ATM,CE,1120.0,1126.6,8.5,8.8,8.2,8.2,38.901347,23600,1151600
2026-08-25 11:00:00,ATM,CE,1120.0,1127.0,8.2,8.2,7.95,8.0,32.707565,6800,1148400
2026-08-25 11:05:00,ATM,CE,1120.0,1125.9,8.0,8.5,7.1,7.1,32.508144,15200,1147600
2026-08-25 11:10:00,ATM,CE,1120.0,1125.6,7.55,7.55,6.7,7.2,36.83833,8000,1144000
2026-08-25 11:15:00,ATM,CE,1120.0,1127.0,7.45,8.1,7.2,8.1,35.079944,2800,1142400
2026-08-25 11:20:00,ATM,CE,1120.0,1126.4,0.55,8.25,0.55,7.95,39.545744,4400,1142000
2026-08-25 11:25:00,ATM,CE,1120.0,1126.9,8.1,9.15,7.95,8.95,47.813459,10400,1142400
2026-08-25 11:30:00,ATM,CE,1120.0,1126.9,9.05,9.05,7.9,8.7,45.189512,2000,1142800
2026-08-25 11:35:00,ATM,CE,1120.0,1127.5,9.4,9.4,8.7,8.8,40.930238,1600,1142000
2026-08-25 11:40:00,ATM,CE,1120.0,1127.4,0.55,9.0,0.55,8.3,35.132614,6000,1140000
2026-08-25 11:45:00,ATM,CE,1120.0,1127.4,8.3,8.65,8.05,8.65,40.801924,1600,1140400
2026-08-25 11:50:00,ATM,CE,1140.0,1128.3,9.0,9.05,0.45,0.5,40.379363,6000,1670400
2026-08-25 11:55:00,ATM,CE,1140.0,1129.9,0.4,0.75,0.4,0.75,41.705706,36800,1682400
2026-08-25 12:00:00,ATM,CE,1140.0,1128.2,0.75,0.9,0.65,0.7,45.914623,12400,1683200
2026-08-25 12:05:00,ATM,CE,1140.0,1128.3,0.7,0.7,0.5,0.5,41.804661,19600,1678400
2026-08-25 12:10:00,ATM,CE,1140.0,1128.4,0.6,0.6,0.4,0.45,40.837145,12000,1677200
2026-08-25 12:15:00,ATM,CE,1120.0,1127.4,0.4,8.0,0.15,7.2,0.0,50000,1130400
2026-08-25 12:20:00,ATM,CE,1120.0,1126.7,7.2,7.2,5.3,6.0,0.0,13600,1127600
2026-08-25 12:25:00,ATM,CE,1120.0,1125.0,5.8,6.0,5.0,5.0,0.0,11200,1118400
2026-08-25 12:30:00,ATM,CE,1120.0,1123.8,5.0,5.0,4.0,4.0,14.727608,4800,1114000
2026-08-25 12:35:00,ATM,CE,1120.0,1121.9,4.4,4.4,2.0,2.65,17.92939,28000,1092000
2026-08-25 12:40:00,ATM,CE,1120.0,1123.0,2.7,4.75,2.65,4.1,27.741103,10000,1086800
2026-08-25 12:45:00,ATM,CE,1120.0,1123.5,4.1,4.25,4.1,4.25,24.913966,1200,1086800
2026-08-25 12:50:00,ATM,CE,1120.0,1123.7,5.4,5.4,4.25,5.25,38.114903,6000,1083200
2026-08-25 12:55:00,ATM,CE,1120.0,1123.9,5.25,5.35,4.9,5.35,38.144704,2800,1082800
2026-08-25 13:00:00,ATM,CE,1120.0,1123.5,5.5,5.5,4.4,4.4,28.576868,6000,1082000
2026-08-25 13:05:00,ATM,CE,1120.0,1124.4,4.4,5.95,4.4,5.95,43.196331,2000,1082000
2026-08-25 13:10:00,ATM,CE,1120.0,1123.9,5.95,5.95,5.95,5.95,49.138447,0,1082000
2026-08-25 13:15:00,ATM,CE,1120.0,1123.8,5.95,5.95,5.4,5.4,42.686579,17200,1072400
2026-08-25 13:20:00,ATM,CE,1120.0,1123.3,5.4,5.4,5.4,5.4,48.605808,0,1072400
2026-08-25 13:25:00,ATM,CE,1120.0,1122.6,5.15,5.4,5.15,5.15,52.425465,400,1074000
2026-08-25 13:30:00,ATM,CE,1120.0,1121.7,5.05,5.15,2.95,3.45,36.139943,21600,1071600
2026-08-25 13:35:00,ATM,CE,1120.0,1121.7,3.45,3.45,3.45,3.45,36.895043,400,1071600
2026-08-25 13:40:00,ATM,CE,1120.0,1121.9,3.45,3.55,3.15,3.55,37.331218,5200,1071600
2026-08-25 13:45:00,ATM,CE,1120.0,1121.4,4.8,4.8,3.55,4.75,61.813637,12400,1072400
2026-08-25 13:50:00,ATM,CE,1120.0,1126.4,4.75,8.4,4.75,8.4,70.654541,28800,1076000
2026-08-25 13:55:00,ATM,CE,1120.0,1124.3,9.0,9.5,7.9,7.9,88.584618,8400,1077600
2026-08-25 14:00:00,ATM,CE,1120.0,1125.0,7.85,8.05,7.55,7.55,76.602082,4000,1078000
2026-08-25 14:05:00,ATM,CE,1120.0,1124.9,7.5,7.55,6.5,6.5,59.816151,5600,1077600
2026-08-25 14:10:00,ATM,CE,1120.0,1123.8,7.35,7.35,5.85,5.85,63.700084,4000,1078000
2026-08-25 14:15:00,ATM,CE,1120.0,1123.0,5.0,6.9,5.0,6.3,83.991628,32000,1080000
2026-08-25 14:20:00,ATM,CE,1120.0,1124.0,6.15,6.85,6.15,6.85,85.352008,2000,1078000
2026-08-25 14:25:00,ATM,CE,1120.0,1125.5,6.85,8.3,6.85,7.9,89.559966,1600,1076800
2026-08-25 14:30:00,ATM,CE,1120.0,1126.7,7.9,10.95,0.05,10.95,142.334968,12400,1078800
2026-08-25 14:35:00,ATM,CE,1120.0,1126.4,11.2,11.2,9.2,9.75,125.473731,3600,1077600
2026-08-25 14:40:00,ATM,CE,1120.0,1126.6,10.95,11.5,9.75,10.3,140.995664,13600,1076800
2026-08-25 14:45:00,ATM,CE,1140.0,1128.8,10.3,11.15,0.05,0.05,50.976986,2000,1547600
2026-08-25 14:50:00,ATM,CE,1140.0,1129.1,0.05,0.05,0.05,0.05,52.518067,0,1547600
2026-08-25 14:55:00,ATM,CE,1140.0,1129.9,0.05,0.05,0.05,0.05,52.237326,4800,1547200
2026-08-25 15:00:00,ATM,CE,1140.0,1130.9,0.05,0.05,0.05,0.05,51.163488,4400,1546000
2026-08-25 15:05:00,ATM,CE,1140.0,1130.3,0.05,0.05,0.05,0.05,58.312249,0,1546000
2026-08-25 15:10:00,ATM,CE,1140.0,1131.6,0.05,0.05,0.05,0.05,56.628234,0,1546000
2026-08-25 15:15:00,ATM,CE,1140.0,1131.6,0.05,0.05,0.05,0.05,63.321408,1600,1544800
2026-08-25 15:20:00,ATM,CE,1140.0,1131.6,0.05,0.05,0.05,0.05,73.125578,0,1544800
2026-08-25 15:25:00,ATM,CE,1155.0,1144.0,0.05,0.05,0.05,0.05,110.875427,400,598800
2026-08-25 15:30:00,ATM,CE,1155.0,1144.0,0.05,0.05,0.05,0.05,0.0,3600,598400
2026-08-25 15:35:00,ATM,CE,1155.0,1144.0,0.05,0.05,0.05,0.05,0.0,0,598400
2026-08-20 09:15:00,ATM,PE,1140.0,1133.0,19.4,19.55,11.6,13.45,19.401279,321600,974000
2026-08-20 09:20:00,ATM,PE,1140.0,1136.2,12.85,13.45,11.45,11.6,19.251344,191600,1006800
2026-08-20 09:25:00,ATM,PE,1140.0,1136.2,11.35,11.6,11.0,11.5,19.072334,200400,1070000
2026-08-20 09:30:00,ATM,PE,1155.0,1141.2,20.45,20.45,17.2,17.2,18.172,72800,496000
2026-08-20 09:35:00,ATM,PE,1155.0,1141.4,16.85,18.55,16.1,17.55,19.163269,91600,504000
2026-08-20 09:40:00,ATM,PE,1155.0,1140.3,17.35,18.0,17.25,17.4,17.297455,21600,503200
2026-08-20 09:45:00,ATM,PE,1155.0,1140.6,17.6,18.05,17.35,17.8,18.574574,34800,500000
2026-08-20 09:50:00,ATM,PE,1155.0,1139.3,17.8,18.4,17.8,18.4,17.927698,5200,498400
2026-08-20 09:55:00,ATM,PE,1155.0,1138.8,18.25,18.7,18.0,18.65,17.696953,12400,498400
2026-08-20 10:00:00,ATM,PE,1155.0,1140.5,18.6,18.65,17.8,18.2,19.271461,14800,496400
2026-08-20 10:05:00,ATM,PE,1155.0,1140.7,17.95,18.2,16.65,17.75,18.631429,35600,492000
2026-08-20 10:10:00,ATM,PE,1155.0,1139.4,19.2,19.2,17.75,18.95,19.263029,20000,499200
2026-08-20 10:15:00,ATM,PE,1155.0,1139.3,18.65,19.0,18.65,18.8,18.80333,11200,494800
2026-08-20 10:20:00,ATM,PE,1155.0,1138.9,18.65,19.3,18.65,18.9,18.416265,15600,496800
2026-08-20 10:25:00,ATM,PE,1140.0,1137.2,11.05,20.1,10.6,11.35,19.820053,52800,1306800
2026-08-20 10:30:00,ATM,PE,1155.0,1137.6,11.3,20.5,10.8,19.8,18.34031,270800,497200
2026-08-20 10:35:00,ATM,PE,1140.0,1136.8,11.3,11.65,11.1,11.3,19.357642,40400,1204000
2026-08-20 10:40:00,ATM,PE,1140.0,1137.3,11.4,11.55,11.15,11.35,19.931268,28000,1198400
2026-08-20 10:45:00,ATM,PE,1155.0,1139.3,20.4,20.4,18.5,18.5,18.189938,7600,493600
2026-08-20 10:50:00,ATM,PE,1155.0,1138.9,18.5,19.05,18.25,18.8,18.226478,8000,492000
2026-08-20 10:55:00,ATM,PE,1155.0,1138.8,18.8,19.05,18.8,19.05,18.617394,3200,493200
2026-08-20 11:00:00,ATM,PE,1140.0,1135.5,18.8,19.05,10.35,12.0,19.40709,60400,1222000
2026-08-20 11:05:00,ATM,PE,1140.0,1133.4,12.05,13.35,12.0,13.35,19.760787,124400,1186400
2026-08-20 11:10:00,ATM,PE,1140.0,1130.9,13.25,14.85,12.9,14.65,19.440546,85200,1166000
2026-08-20 11:15:00,ATM,PE,1140.0,1130.6,14.65,15.65,14.35,15.1,19.962701,91200,1138400
2026-08-20 11:20:00,ATM,PE,1140.0,1129.0,15.0,16.05,15.0,15.9,19.58786,57600,1142400
2026-08-20 11:25:00,ATM,PE,1140.0,1128.5,15.85,16.15,15.45,16.05,19.256113,38800,1144800
2026-08-20 11:30:00,ATM,PE,1120.0,1127.1,16.0,16.45,7.4,7.7,21.621299,96800,1986800
2026-08-20 11:35:00,ATM,PE,1120.0,1126.7,7.8,8.1,7.7,8.1,22.112676,110000,1956000
2026-08-20 11:40:00,ATM,PE,1140.0,1129.7,8.05,17.9,8.05,15.55,19.786204,81600,1094800
2026-08-20 11:45:00,ATM,PE,1140.0,1130.7,15.55,15.75,14.25,14.4,18.754782,81600,1084000
2026-08-20 11:50:00,ATM,PE,1140.0,1132.3,14.8,14.8,13.9,14.2,20.219197,27200,1083200
2026-08-20 11:55:00,ATM,PE,1140.0,1131.0,14.3,15.7,14.1,15.55,21.339835,31200,1088800
2026-08-20 12:00:00,ATM,PE,1140.0,1130.4,15.6,16.45,15.5,16.25,22.001864,26000,1084400
2026-08-20 12:05:00,ATM,PE,1140.0,1129.4,16.4,16.65,15.75,16.35,21.015813,32000,1089200
2026-08-20 12:10:00,ATM,PE,1140.0,1128.3,16.8,17.3,16.35,17.05,21.04117,39600,1073200
2026-08-20 12:15:00,ATM,PE,1140.0,1129.8,16.95,17.05,15.3,16.25,21.313786,55600,1053600
2026-08-20 12:20:00,ATM,PE,1140.0,1130.0,16.1,16.25,15.25,15.45,19.997908,22400,1052800
2026-08-20 12:25:00,ATM,PE,1140.0,1131.1,16.15,16.15,15.45,15.8,21.970673,10000,1054000
2026-08-20 12:30:00,ATM,PE,1140.0,1130.8,15.5,15.8,15.5,15.55,21.15056,8800,1053600
2026-08-20 12:35:00,ATM,PE,1140.0,1129.9,15.9,16.15,15.55,16.1,21.164314,14800,1052800
2026-08-20 12:40:00,ATM,PE,1140.0,1128.7,16.1,17.3,16.1,17.2,21.871498,36400,1056000
2026-08-20 12:45:00,ATM,PE,1140.0,1128.8,16.9,17.2,15.65,16.25,20.120746,34000,1050000
2026-08-20 12:50:00,ATM,PE,1140.0,1133.2,16.1,16.25,13.9,13.9,20.70361,44000,1054800
2026-08-20 12:55:00,ATM,PE,1140.0,1133.7,13.7,13.95,13.3,13.8,21.05535,40000,1062800
2026-08-20 13:00:00,ATM,PE,1140.0,1134.4,14.0,14.25,13.45,13.9,21.982683,27200,1064800
2026-08-20 13:05:00,ATM,PE,1140.0,1133.6,13.9,14.5,13.9,14.45,22.190719,17600,1060800
2026-08-20 13:10:00,ATM,PE,1140.0,1134.8,14.45,14.85,14.35,14.35,23.251334,12000,1058800
2026-08-20 13:15:00,ATM,PE,1140.0,1135.0,13.75,14.35,13.7,13.8,22.427878,17200,1057200
2026-08-20 13:20:00,ATM,PE,1140.0,1135.7,13.65,13.8,13.3,13.3,22.19947,18800,1056400
2026-08-20 13:25:00,ATM,PE,1140.0,1136.1,13.0,13.5,12.9,13.05,22.133555,30800,1057600
2026-08-20 13:30:00,ATM,PE,1140.0,1135.1,13.1,13.55,13.05,13.55,22.078926,15600,1060400
2026-08-20 13:35:00,ATM,PE,1140.0,1136.4,13.5,13.55,13.0,13.0,22.347047,10400,1058800
2026-08-20 13:40:00,ATM,PE,1155.0,1138.0,12.9,21.95,12.45,21.35,22.498846,18800,401600
2026-08-20 13:45:00,ATM,PE,1155.0,1138.3,21.15,21.35,20.5,21.2,22.622717,9600,399600
2026-08-20 13:50:00,ATM,PE,1140.0,1135.3,12.35,13.5,11.8,13.4,22.024921,33200,1072000
2026-08-20 13:55:00,ATM,PE,1140.0,1134.4,13.6,14.3,13.4,13.9,22.052755,79200,1065200
2026-08-20 14:00:00,ATM,PE,1140.0,1133.9,13.85,14.5,13.75,14.15,22.009579,18800,1064400
2026-08-20 14:05:00,ATM,PE,1140.0,1132.5,14.25,16.2,14.15,15.25,22.606104,102800,1067200
2026-08-20 14:10:00,ATM,PE,1140.0,1134.5,15.05,15.25,14.05,14.05,22.459137,13600,1065600
2026-08-20 14:15:00,ATM,PE,1140.0,1134.6,14.05,14.45,13.8,14.0,22.474403,78000,1059200
2026-08-20 14:20:00,ATM,PE,1140.0,1134.0,13.9,14.65,13.8,14.55,22.89874,19200,1061200
2026-08-20 14:25:00,ATM,PE,1140.0,1132.9,15.05,15.55,14.4,15.5,23.543931,32400,1051600
2026-08-20 14:30:00,ATM,PE,1140.0,1131.0,15.65,16.7,15.3,16.05,22.496815,52000,1048800
2026-08-20 14:35:00,ATM,PE,1140.0,1130.6,15.85,16.1,15.35,15.6,21.161999,36400,1056000
2026-08-20 14:40:00,ATM,PE,1140.0,1129.4,15.4,16.85,15.25,16.65,21.790553,54800,1056800
2026-08-20 14:45:00,ATM,PE,1140.0,1129.5,16.8,17.55,16.1,16.5,21.622318,66400,1062800
2026-08-20 14:50:00,ATM,PE,1140.0,1129.8,16.5,17.05,15.85,16.7,22.384387,44400,1061600
2026-08-20 14:55:00,ATM,PE,1140.0,1129.0,16.45,17.5,16.45,16.75,21.514984,32800,1060400
2026-08-20 15:00:00,ATM,PE,1140.0,1129.7,16.45,16.75,16.05,16.05,20.994955,34000,1047600
2026-08-20 15:05:00,ATM,PE,1140.0,1129.1,16.05,16.8,16.05,16.35,20.854719,14400,1047200
2026-08-20 15:10:00,ATM,PE,1140.0,1129.4,16.35,16.9,16.15,16.25,21.034534,88000,1035600
2026-08-20 15:15:00,ATM,PE,1140.0,1129.4,16.45,16.7,14.7,14.7,17.932144,17600,1029600
2026-08-20 15:20:00,ATM,PE,1140.0,1129.4,14.65,15.1,14.5,14.55,17.632417,19600,1023600
2026-08-20 15:25:00,ATM,PE,1140.0,1130.0,14.5,14.8,14.2,14.8,18.909932,10000,1018800
2026-08-20 15:30:00,ATM,PE,1140.0,1130.0,14.85,16.1,13.8,13.95,17.207912,24400,1012400
2026-08-20 15:35:00,ATM,PE,1140.0,1130.0,13.9,14.55,13.9,14.25,17.817555,44400,988000
2026-08-21 09:15:00,ATM,PE,1120.0,1121.6,5.7,10.15,5.65,9.65,22.86413,568800,1949600
2026-08-21 09:20:00,ATM,PE,1120.0,1124.1,9.15,9.65,8.25,8.35,22.426781,244000,1988000
2026-08-21 09:25:00,ATM,PE,1120.0,1122.3,8.5,9.05,8.15,9.05,22.282663,243200,2031600
2026-08-21 09:30:00,ATM,PE,1120.0,1119.9,9.2,10.95,8.9,10.1,22.180151,323600,2046000
2026-08-21 09:35:00,ATM,PE,1120.0,1120.0,10.3,10.4,9.75,10.1,22.287159,127200,2053600
2026-08-21 09:40:00,ATM,PE,1120.0,1122.7,9.95,10.1,8.8,8.8,22.151098,106800,2068400
2026-08-21 09:45:00,ATM,PE,1120.0,1123.8,8.7,8.8,8.45,8.45,22.413826,82400,2089600
2026-08-21 09:50:00,ATM,PE,1140.0,1129.0,8.4,18.7,7.6,16.8,23.198866,193600,1011200
2026-08-21 09:55:00,ATM,PE,1140.0,1128.7,16.7,17.25,16.55,17.05,23.339447,47200,1022400
2026-08-21 10:00:00,ATM,PE,1140.0,1127.6,17.05,18.3,7.0,17.85,23.561497,68400,1030000
2026-08-21 10:05:00,ATM,PE,1120.0,1126.9,7.75,18.5,7.15,7.5,23.065789,65200,2209600
2026-08-21 10:10:00,ATM,PE,1120.0,1127.3,7.5,18.05,6.95,6.95,22.204173,32000,2212000
2026-08-21 10:15:00,ATM,PE,1120.0,1126.9,7.3,7.75,6.95,7.45,22.974557,74400,2221600
2026-08-21 10:20:00,ATM,PE,1140.0,1130.6,7.4,18.05,7.4,15.55,22.688221,55600,1046400
2026-08-21 10:25:00,ATM,PE,1140.0,1131.3,15.7,16.2,14.2,14.85,22.107239,55200,1034000
2026-08-21 10:30:00,ATM,PE,1140.0,1132.7,14.75,15.5,13.9,14.0,22.074029,62800,1032000
2026-08-21 10:35:00,ATM,PE,1140.0,1131.4,14.35,14.85,14.0,14.85,22.251177,26400,1033200
2026-08-21 10:40:00,ATM,PE,1140.0,1130.8,15.3,15.8,14.5,15.65,23.194908,24000,1031200
2026-08-21 10:45:00,ATM,PE,1140.0,1128.2,15.55,17.35,15.0,17.0,22.606998,60000,1029600
2026-08-21 10:50:00,ATM,PE,1140.0,1130.5,16.9,17.2,16.35,16.5,24.642676,28800,1036400
2026-08-21 10:55:00,ATM,PE,1140.0,1130.7,16.4,16.85,16.15,16.6,25.121474,14000,1035600
2026-08-21 11:00:00,ATM,PE,1140.0,1131.6,16.6,16.6,15.8,15.8,24.564867,14400,1036000
2026-08-21 11:05:00,ATM,PE,1140.0,1130.6,15.45,16.8,15.45,16.0,23.726834,31600,1044000
2026-08-21 11:10:00,ATM,PE,1140.0,1131.6,16.3,16.3,15.5,15.5,23.945524,8000,1042000
2026-08-21 11:15:00,ATM,PE,1140.0,1131.5,15.3,15.5,14.3,15.35,23.508719,25200,1045200
2026-08-21 11:20:00,ATM,PE,1140.0,1132.0,15.35,15.55,15.1,15.1,23.613821,16000,1047600
2026-08-21 11:25:00,ATM,PE,1140.0,1129.9,15.1,16.25,15.1,16.25,23.376392,16400,1048000
2026-08-21 11:30:00,ATM,PE,1140.0,1130.7,16.25,16.75,15.55,15.75,23.361701,13200,1050000
2026-08-21 11:35:00,ATM,PE,1140.0,1130.8,15.95,16.3,15.45,15.8,23.607582,16800,1055600
2026-08-21 11:40:00,ATM,PE,1140.0,1130.3,15.85,16.2,15.8,15.95,23.283934,26000,1058400
2026-08-21 11:45:00,ATM,PE,1140.0,1132.4,16.0,16.15,14.75,14.8,23.516136,19600,1060000
2026-08-21 11:50:00,ATM,PE,1140.0,1132.4,14.7,14.95,14.05,14.15,22.144521,24800,1050800
2026-08-21 11:55:00,ATM,PE,1140.0,1131.7,14.2,14.85,14.15,14.85,22.761582,38000,1046800
2026-08-21 12:00:00,ATM,PE,1140.0,1132.0,14.55,14.85,14.25,14.65,22.722877,24000,1040400
2026-08-21 12:05:00,ATM,PE,1140.0,1132.0,14.45,14.65,14.4,14.5,22.410731,9200,1038400
2026-08-21 12:10:00,ATM,PE,1140.0,1131.5,14.5,15.0,14.3,15.0,22.851575,59600,1048000
2026-08-21 12:15:00,ATM,PE,1140.0,1131.5,14.95,15.25,14.85,15.0,22.859746,39200,1032000
2026-08-21 12:20:00,ATM,PE,1140.0,1132.1,14.7,15.0,14.4,14.45,22.454494,5200,1030800
2026-08-21 12:25:00,ATM,PE,1140.0,1130.7,13.9,15.0,13.9,14.9,21.610297,74400,1021200
2026-08-21 12:30:00,ATM,PE,1140.0,1131.4,14.85,14.95,14.7,14.8,22.324887,12800,1017600
2026-08-21 12:35:00,ATM,PE,1140.0,1131.6,14.85,14.85,14.45,14.45,21.838152,13200,1021600
2026-08-21 12:40:00,ATM,PE,1140.0,1130.6,14.45,15.3,14.45,15.3,22.370209,10400,1021200
2026-08-21 12:45:00,ATM,PE,1140.0,1129.0,15.55,16.5,15.3,16.5,22.821732,24000,1028800
2026-08-21 12:50:00,ATM,PE,1140.0,1129.5,16.75,16.9,16.5,16.5,23.522531,22000,1018400
2026-08-21 12:55:00,ATM,PE,1140.0,1129.5,16.75,17.0,16.5,16.5,23.530955,10000,1014800
2026-08-21 13:00:00,ATM,PE,1140.0,1128.5,17.2,18.15,16.5,17.15,23.584844,41200,1013200
2026-08-21 13:05:00,ATM,PE,1140.0,1129.1,17.15,17.15,16.9,17.0,24.0988,10800,1012000
2026-08-21 13:10:00,ATM,PE,1140.0,1129.1,16.95,17.1,16.95,17.0,24.107486,29600,1004800
2026-08-21 13:15:00,ATM,PE,1140.0,1129.9,16.65,17.0,15.35,16.0,23.012558,24400,1004400
2026-08-21 13:20:00,ATM,PE,1140.0,1128.6,16.2,17.15,16.0,17.15,23.759939,26000,996000
2026-08-21 13:25:00,ATM,PE,1140.0,1128.6,17.2,17.25,16.95,16.95,23.323001,5600,995200
2026-08-21 13:30:00,ATM,PE,1120.0,1127.3,17.15,18.0,7.7,7.7,24.201597,80000,2216800
2026-08-21 13:35:00,ATM,PE,1120.0,1127.0,7.7,7.75,7.6,7.6,23.739775,50400,2207600
2026-08-21 13:40:00,ATM,PE,1120.0,1127.5,7.5,7.6,7.3,7.35,23.612397,33200,2200400
2026-08-21 13:45:00,ATM,PE,1120.0,1127.3,17.95,18.1,7.35,7.35,23.455935,10000,2196000
2026-08-21 13:50:00,ATM,PE,1140.0,1127.6,7.55,18.1,7.35,18.1,24.508936,22400,971200
2026-08-21 13:55:00,ATM,PE,1120.0,1126.6,17.85,18.1,7.25,7.55,23.329718,66800,2153600
2026-08-21 14:00:00,ATM,PE,1120.0,1125.0,7.7,8.0,7.55,7.95,22.83577,212000,2147200
2026-08-21 14:05:00,ATM,PE,1120.0,1125.7,8.0,8.0,7.65,7.75,23.018051,40800,2135200
2026-08-21 14:10:00,ATM,PE,1120.0,1125.0,7.7,7.85,7.65,7.85,22.635705,32000,2135200
2026-08-21 14:15:00,ATM,PE,1120.0,1124.5,8.0,8.2,7.6,8.0,22.528562,97600,2140000
2026-08-21 14:20:00,ATM,PE,1120.0,1124.4,7.95,8.05,7.5,7.75,21.90537,68000,2160400
2026-08-21 14:25:00,ATM,PE,1120.0,1122.8,7.7,8.25,7.65,8.1,21.216872,155200,2137600
2026-08-21 14:30:00,ATM,PE,1120.0,1122.0,8.15,8.25,7.95,8.2,20.688534,136400,2144400
2026-08-21 14:35:00,ATM,PE,1120.0,1121.7,8.25,8.25,7.6,8.15,20.303072,151200,2095200
2026-08-21 14:40:00,ATM,PE,1120.0,1120.8,8.05,9.25,8.05,9.0,21.252784,210800,2071200
2026-08-21 14:45:00,ATM,PE,1120.0,1120.7,9.0,9.0,8.5,8.85,20.841392,61200,2064400
2026-08-21 14:50:00,ATM,PE,1120.0,1120.1,9.05,9.2,8.65,8.8,20.141992,126000,2030400
2026-08-21 14:55:00,ATM,PE,1120.0,1120.0,8.75,9.05,8.7,9.05,20.582023,47600,2021200
2026-08-21 15:00:00,ATM,PE,1120.0,1120.0,9.05,9.1,8.8,9.0,20.483024,128000,2031600
2026-08-21 15:05:00,ATM,PE,1120.0,1118.7,8.95,9.0,8.8,8.9,18.928311,26400,2033600
2026-08-21 15:10:00,ATM,PE,1120.0,1119.0,9.0,9.35,8.9,9.15,19.786109,71600,2004000
2026-08-21 15:15:00,ATM,PE,1120.0,1119.0,8.7,9.15,7.9,7.9,17.122839,58400,1989200
2026-08-21 15:20:00,ATM,PE,1120.0,1119.0,7.85,7.9,7.1,7.1,15.419123,36400,1988400
2026-08-21 15:25:00,ATM,PE,1120.0,1121.0,7.0,7.3,7.0,7.3,17.874915,30000,1986000
2026-08-21 15:30:00,ATM,PE,1120.0,1121.0,7.35,7.5,7.2,7.45,18.203985,39200,1980400
2026-08-21 15:35:00,ATM,PE,1120.0,1121.0,7.6,7.8,7.4,7.7,18.748214,35600,1962000
2026-08-24 09:15:00,ATM,PE,1155.0,1139.9,16.75,19.3,9.1,17.0,27.682309,88800,304800
2026-08-24 09:20:00,ATM,PE,1155.0,1142.3,16.0,17.0,15.2,15.4,28.765508,66400,312800
2026-08-24 09:25:00,ATM,PE,1155.0,1139.9,15.0,18.0,14.75,16.7,26.199355,86800,341600
2026-08-24 09:30:00,ATM,PE,1155.0,1137.9,16.3,18.9,15.1,18.9,29.445341,118800,358800
2026-08-24 09:35:00,ATM,PE,1155.0,1138.2,18.55,18.9,18.15,18.5,28.623551,21600,353200
2026-08-24 09:40:00,ATM,PE,1155.0,1138.8,18.1,18.7,17.85,18.35,30.348422,26400,355600
2026-08-24 09:45:00,ATM,PE,1140.0,1135.2,8.0,9.2,8.0,9.15,25.35762,94800,1039200
2026-08-24 09:50:00,ATM,PE,1140.0,1136.4,8.75,9.15,8.35,8.35,25.021065,44000,1029200
2026-08-24 09:55:00,ATM,PE,1140.0,1136.3,8.1,8.45,7.7,8.25,24.445215,34800,1026800
2026-08-24 10:00:00,ATM,PE,1140.0,1135.2,8.25,9.1,8.2,8.85,24.277263,38800,1018000
2026-08-24 10:05:00,ATM,PE,1140.0,1133.8,8.65,9.5,8.65,9.45,23.204106,39600,1015200
2026-08-24 10:10:00,ATM,PE,1140.0,1135.6,9.25,9.45,7.9,7.9,21.54517,21200,1018000
2026-08-24 10:15:00,ATM,PE,1140.0,1134.4,8.15,8.95,7.9,8.6,21.368585,22000,1013600
2026-08-24 10:20:00,ATM,PE,1140.0,1135.9,9.0,9.2,8.0,8.0,22.710021,21200,1012000
2026-08-24 10:25:00,ATM,PE,1140.0,1135.1,8.05,8.15,7.35,7.35,18.148472,38000,1015200
2026-08-24 10:30:00,ATM,PE,1140.0,1134.6,8.25,8.8,7.35,8.75,22.5816,15600,1011200
2026-08-24 10:35:00,ATM,PE,1140.0,1135.8,8.45,8.75,7.3,7.85,21.969075,38400,994800
2026-08-24 10:40:00,ATM,PE,1140.0,1136.3,8.0,8.35,7.65,7.85,23.169322,16800,991600
2026-08-24 10:45:00,ATM,PE,1140.0,1135.8,7.8,8.25,7.8,8.0,22.623483,16800,988000
2026-08-24 10:50:00,ATM,PE,1140.0,1136.1,7.85,8.0,7.65,7.8,22.569493,13600,989200
2026-08-24 10:55:00,ATM,PE,1140.0,1134.0,7.85,9.0,7.75,9.0,22.179092,23200,984800
2026-08-24 11:00:00,ATM,PE,1140.0,1132.8,9.1,9.9,8.6,9.9,22.649411,42800,972000
2026-08-24 11:05:00,ATM,PE,1140.0,1134.3,10.0,10.05,8.85,9.0,23.037623,31200,964000
2026-08-24 11:10:00,ATM,PE,1140.0,1133.5,8.95,9.1,8.8,8.85,20.222839,21600,965600
2026-08-24 11:15:00,ATM,PE,1140.0,1137.5,8.9,18.05,7.0,7.25,23.712313,53200,961600
2026-08-24 11:20:00,ATM,PE,1140.0,1136.4,7.3,8.5,7.25,8.35,25.632007,33200,957200
2026-08-24 11:25:00,ATM,PE,1140.0,1136.2,8.7,8.85,8.25,8.85,27.192224,25600,954000
2026-08-24 11:30:00,ATM,PE,1140.0,1135.2,8.75,10.15,8.75,9.9,29.092026,77600,933200
2026-08-24 11:35:00,ATM,PE,1140.0,1134.4,9.55,10.35,9.4,10.35,29.015331,20000,934000
2026-08-24 11:40:00,ATM,PE,1140.0,1133.1,10.3,11.55,10.15,11.2,29.234575,16000,934400
2026-08-24 11:45:00,ATM,PE,1140.0,1134.3,11.15,11.2,10.45,10.45,29.256161,18000,931200
2026-08-24 11:50:00,ATM,PE,1140.0,1133.5,10.4,11.5,10.4,11.2,30.355104,16400,933200
2026-08-24 11:55:00,ATM,PE,1140.0,1131.7,11.2,13.25,11.2,12.55,31.254277,52400,920400
2026-08-24 12:00:00,ATM,PE,1140.0,1133.3,12.55,12.9,11.9,11.95,33.023401,27200,914400
2026-08-24 12:05:00,ATM,PE,1140.0,1134.0,11.85,12.05,11.4,11.4,32.564117,30400,907200
2026-08-24 12:10:00,ATM,PE,1140.0,1134.9,11.45,11.5,10.75,10.9,32.75553,72400,894400
2026-08-24 12:15:00,ATM,PE,1140.0,1135.9,10.95,10.95,10.0,10.2,32.310019,21200,896800
2026-08-24 12:20:00,ATM,PE,1140.0,1136.7,10.35,10.65,9.5,9.6,31.753988,38800,895600
2026-08-24 12:25:00,ATM,PE,1140.0,1136.9,9.6,9.95,9.4,9.65,32.440858,31200,896000
2026-08-24 12:30:00,ATM,PE,1140.0,1136.6,9.75,10.25,9.65,9.7,32.024705,22000,890000
2026-08-24 12:35:00,ATM,PE,1140.0,1135.3,9.9,10.5,9.7,10.25,31.301015,33200,891200
2026-08-24 12:40:00,ATM,PE,1140.0,1136.2,10.5,10.55,9.65,10.25,33.432188,26400,890000
2026-08-24 12:45:00,ATM,PE,1140.0,1135.0,10.2,11.15,9.85,11.1,34.146129,30800,885200
2026-08-24 12:50:00,ATM,PE,1140.0,1137.0,10.85,11.1,9.6,9.6,32.699966,14800,884400
2026-08-24 12:55:00,ATM,PE,1140.0,1136.2,19.65,20.0,8.85,9.45,30.339158,26400,884800
2026-08-24 13:00:00,ATM,PE,1140.0,1136.4,9.9,10.3,9.45,9.5,31.046572,26800,880000
2026-08-24 13:05:00,ATM,PE,1140.0,1136.3,9.6,9.9,9.3,9.3,30.050027,26800,879200
2026-08-24 13:10:00,ATM,PE,1140.0,1136.9,9.15,9.5,8.95,9.0,30.243889,22000,878400
2026-08-24 13:15:00,ATM,PE,1140.0,1137.4,9.35,9.35,8.65,8.65,29.984803,28800,875200
2026-08-24 13:20:00,ATM,PE,1140.0,1136.8,8.4,19.05,8.15,8.45,27.867969,25200,877600
2026-08-24 13:25:00,ATM,PE,1140.0,1134.5,8.5,9.25,8.45,9.05,24.716193,31200,872800
2026-08-24 13:30:00,ATM,PE,1140.0,1128.7,9.75,14.7,9.05,14.25,30.520837,100800,854400
2026-08-24 13:35:00,ATM,PE,1140.0,1128.9,14.4,15.0,14.05,14.2,31.008248,41200,851200
2026-08-24 13:40:00,ATM,PE,1140.0,1129.1,14.55,15.0,14.1,14.85,34.738327,37600,841200
2026-08-24 13:45:00,ATM,PE,1140.0,1128.8,14.85,15.15,14.4,15.05,34.761109,24800,837200
2026-08-24 13:50:00,ATM,PE,1140.0,1128.7,15.0,15.3,14.7,15.2,35.189013,57200,814400
2026-08-24 13:55:00,ATM,PE,1140.0,1128.5,15.25,15.25,14.55,15.1,34.125364,32400,801200
2026-08-24 14:00:00,ATM,PE,1140.0,1129.3,15.1,15.2,14.15,14.6,34.428872,14400,794800
2026-08-24 14:05:00,ATM,PE,1140.0,1129.7,14.5,14.65,13.85,14.4,34.813938,17600,793200
2026-08-24 14:10:00,ATM,PE,1140.0,1128.6,14.3,15.25,14.2,15.25,35.315336,28800,788800
2026-08-24 14:15:00,ATM,PE,1140.0,1128.6,15.5,15.9,15.25,15.45,36.304358,27200,784000
2026-08-24 14:20:00,ATM,PE,1140.0,1128.3,15.75,15.85,15.45,15.45,35.384011,19200,783200
2026-08-24 14:25:00,ATM,PE,1120.0,1126.0,15.6,15.6,5.6,6.1,37.094516,41600,1857600
2026-08-24 14:30:00,ATM,PE,1120.0,1126.0,5.95,6.1,5.55,6.0,36.719795,45200,1841600
2026-08-24 14:35:00,ATM,PE,1120.0,1124.5,5.9,6.7,5.9,6.7,37.229512,41200,1841600
2026-08-24 14:40:00,ATM,PE,1120.0,1123.7,6.7,7.3,6.7,7.3,38.421703,72800,1852400
2026-08-24 14:45:00,ATM,PE,1120.0,1123.6,7.3,7.5,7.25,7.4,38.727971,62000,1870000
2026-08-24 14:50:00,ATM,PE,1120.0,1123.9,7.4,7.75,7.2,7.25,38.696471,112000,1835200
2026-08-24 14:55:00,ATM,PE,1120.0,1123.5,7.15,7.65,7.15,7.65,39.738317,55200,1814000
2026-08-24 15:00:00,ATM,PE,1120.0,1123.8,7.75,7.75,6.5,7.2,38.427198,98400,1827200
2026-08-24 15:05:00,ATM,PE,1120.0,1125.9,7.2,7.4,6.3,6.45,38.946004,76800,1831200
2026-08-24 15:10:00,ATM,PE,1140.0,1129.5,16.4,16.4,14.05,14.05,33.235535,18000,726000
2026-08-24 15:15:00,ATM,PE,1140.0,1129.5,13.95,14.2,11.95,11.95,22.626671,12400,724400
2026-08-24 15:20:00,ATM,PE,1140.0,1129.5,11.75,12.0,10.1,10.4,11.583633,44000,725200
2026-08-24 15:25:00,ATM,PE,1140.0,1130.0,10.2,14.1,10.0,12.9,29.521144,99200,726400
2026-08-24 15:30:00,ATM,PE,1140.0,1130.0,12.55,12.9,8.5,8.9,0.0,56400,726400
2026-08-24 15:35:00,ATM,PE,1140.0,1130.0,9.05,9.45,8.15,9.2,0.0,64800,737600
2026-08-25 09:15:00,ATM,PE,1140.0,1130.8,10.4,13.5,10.4,11.6,48.982004,24000,745600
2026-08-25 09:20:00,ATM,PE,1120.0,1125.9,11.6,12.05,2.75,3.15,47.160312,36000,1852000
2026-08-25 09:25:00,ATM,PE,1120.0,1126.2,4.0,4.7,3.1,3.7,53.433914,97200,1832000
2026-08-25 09:30:00,ATM,PE,1120.0,1127.0,3.5,3.7,3.05,3.05,50.199148,83200,1834000
2026-08-25 09:35:00,ATM,PE,1120.0,1127.2,3.05,3.5,3.05,3.45,54.945029,61600,1814400
2026-08-25 09:40:00,ATM,PE,1120.0,1125.2,3.4,3.55,3.3,3.55,49.92652,48400,1794800
2026-08-25 09:45:00,ATM,PE,1120.0,1124.0,3.9,4.55,3.55,4.55,55.248916,72000,1786800
2026-08-25 09:50:00,ATM,PE,1120.0,1123.2,4.5,5.15,4.5,5.0,56.755934,35600,1772400
2026-08-25 09:55:00,ATM,PE,1120.0,1125.4,4.9,5.0,3.7,3.85,54.482208,115200,1717200
2026-08-25 10:00:00,ATM,PE,1120.0,1127.1,3.7,3.85,3.25,3.45,56.624177,32000,1712400
2026-08-25 10:05:00,ATM,PE,1120.0,1127.5,3.25,14.5,3.1,3.1,54.832103,25600,1716800
2026-08-25 10:10:00,ATM,PE,1140.0,1128.7,13.75,14.25,13.2,13.2,53.160914,7200,696800
2026-08-25 10:15:00,ATM,PE,1140.0,1127.6,13.2,14.25,13.2,14.25,55.915787,2400,695600
2026-08-25 10:20:00,ATM,PE,1140.0,1127.6,2.8,14.5,2.65,14.5,59.379656,19200,695600
2026-08-25 10:25:00,ATM,PE,1120.0,1126.6,2.8,3.1,2.75,2.85,51.078177,28000,1700000
2026-08-25 10:30:00,ATM,PE,1120.0,1127.1,2.9,3.05,2.7,2.95,54.157509,418000,1699600
2026-08-25 10:35:00,ATM,PE,1120.0,1127.4,3.05,3.1,2.7,2.75,53.452024,49200,1679200
2026-08-25 10:40:00,ATM,PE,1140.0,1128.1,2.7,14.0,2.25,14.0,59.897751,72000,694000
2026-08-25 10:45:00,ATM,PE,1140.0,1128.2,14.0,14.0,13.45,13.55,55.71329,3200,693600
2026-08-25 10:50:00,ATM,PE,1120.0,1127.3,13.55,13.55,2.1,2.2,48.379171,5600,1586400
2026-08-25 10:55:00,ATM,PE,1120.0,1126.6,2.25,2.4,2.1,2.4,48.78852,40800,1590400
2026-08-25 11:00:00,ATM,PE,1120.0,1127.0,2.35,2.5,2.15,2.2,48.274911,39200,1586800
2026-08-25 11:05:00,ATM,PE,1120.0,1125.9,2.15,2.65,2.15,2.65,50.062484,54800,1578800
2026-08-25 11:10:00,ATM,PE,1120.0,1125.6,2.6,3.0,2.55,2.8,51.113404,34400,1566400
2026-08-25 11:15:00,ATM,PE,1120.0,1127.0,2.75,2.8,2.35,2.35,51.396309,16800,1553200
2026-08-25 11:20:00,ATM,PE,1120.0,1126.4,14.3,14.35,2.15,2.45,50.989687,22000,1552400
2026-08-25 11:25:00,ATM,PE,1120.0,1126.9,2.2,3.3,2.2,3.15,61.346314,79600,1536000
2026-08-25 11:30:00,ATM,PE,1120.0,1126.9,3.2,3.5,3.05,3.5,65.964377,46400,1525600
2026-08-25 11:35:00,ATM,PE,1120.0,1127.5,3.25,3.5,2.95,2.95,62.454137,10400,1525200
2026-08-25 11:40:00,ATM,PE,1120.0,1127.4,13.7,14.2,2.3,2.5,57.302571,6800,1529600
2026-08-25 11:45:00,ATM,PE,1120.0,1127.4,2.6,2.6,2.25,2.25,54.795418,8800,1526400
2026-08-25 11:50:00,ATM,PE,1140.0,1128.3,2.3,14.15,2.25,13.3,60.556666,6000,681600
2026-08-25 11:55:00,ATM,PE,1140.0,1129.9,12.0,13.3,11.3,11.3,50.109734,4800,682000
2026-08-25 12:00:00,ATM,PE,1140.0,1128.2,11.5,12.5,11.0,12.5,46.852807,4400,680400
2026-08-25 12:05:00,ATM,PE,1140.0,1128.3,13.3,13.3,11.4,12.7,52.752694,8800,679600
2026-08-25 12:10:00,ATM,PE,1140.0,1128.4,12.7,12.75,12.7,12.75,55.709362,400,679600
2026-08-25 12:15:00,ATM,PE,1120.0,1127.4,12.7,12.95,0.3,0.3,27.133816,9600,1509200
2026-08-25 12:20:00,ATM,PE,1120.0,1126.7,0.3,0.35,0.3,0.3,25.59981,24800,1500000
2026-08-25 12:25:00,ATM,PE,1120.0,1125.0,0.35,0.65,0.3,0.5,25.122533,34800,1496400
2026-08-25 12:30:00,ATM,PE,1120.0,1123.8,0.5,1.25,0.4,1.25,32.804088,48400,1476000
2026-08-25 12:35:00,ATM,PE,1120.0,1121.9,1.2,2.0,1.0,2.0,34.625757,65600,1376000
2026-08-25 12:40:00,ATM,PE,1120.0,1123.0,2.1,2.6,2.0,2.6,48.182177,42800,1352800
2026-08-25 12:45:00,ATM,PE,1120.0,1123.5,2.5,2.85,2.5,2.85,54.591195,55600,1347200
2026-08-25 12:50:00,ATM,PE,1120.0,1123.7,2.85,3.15,2.85,3.0,58.387062,42000,1312000
2026-08-25 12:55:00,ATM,PE,1120.0,1123.9,2.95,3.0,2.75,3.0,60.285909,49600,1290400
2026-08-25 13:00:00,ATM,PE,1120.0,1123.5,2.9,3.5,2.5,2.55,53.02879,33200,1264400
2026-08-25 13:05:00,ATM,PE,1120.0,1124.4,2.55,2.6,2.55,2.6,59.115526,8400,1264000
2026-08-25 13:10:00,ATM,PE,1120.0,1123.9,2.6,2.6,2.6,2.6,57.591327,2000,1263200
2026-08-25 13:15:00,ATM,PE,1120.0,1123.8,2.6,2.95,2.6,2.7,59.542152,11600,1262800
2026-08-25 13:20:00,ATM,PE,1120.0,1123.3,2.7,3.1,2.7,2.9,60.852019,1200,1263200
2026-08-25 13:25:00,ATM,PE,1120.0,1122.6,2.85,2.9,2.85,2.85,57.259107,3600,1261600
2026-08-25 13:30:00,ATM,PE,1120.0,1121.7,2.75,3.15,2.55,3.15,57.332747,27200,1252400
2026-08-25 13:35:00,ATM,PE,1120.0,1121.7,3.15,3.3,2.8,3.05,57.00461,3600,1254000
2026-08-25 13:40:00,ATM,PE,1120.0,1121.9,3.05,4.45,3.05,4.45,80.991839,16800,1253600
2026-08-25 13:45:00,ATM,PE,1120.0,1121.4,4.1,4.75,3.8,4.75,83.985752,16000,1260400
2026-08-25 13:50:00,ATM,PE,1120.0,1126.4,5.1,5.7,4.05,4.5,114.697365,195200,1242800
2026-08-25 13:55:00,ATM,PE,1120.0,1124.3,4.3,4.85,3.8,4.0,95.72866,68400,1242400
2026-08-25 14:00:00,ATM,PE,1120.0,1125.0,4.0,4.0,3.75,3.75,98.413556,26000,1242800
2026-08-25 14:05:00,ATM,PE,1120.0,1124.9,3.75,3.75,2.8,3.3,92.283749,47600,1238400
2026-08-25 14:10:00,ATM,PE,1120.0,1123.8,3.25,3.55,3.25,3.55,92.050193,2400,1238000
2026-08-25 14:15:00,ATM,PE,1120.0,1123.0,3.65,5.0,3.55,4.75,111.25494,71600,1228000
2026-08-25 14:20:00,ATM,PE,1120.0,1124.0,4.4,4.75,4.0,4.0,108.244526,6000,1228400
2026-08-25 14:25:00,ATM,PE,1120.0,1125.5,4.4,4.4,3.3,3.3,108.980585,4000,1228400
2026-08-25 14:30:00,ATM,PE,1120.0,1126.7,3.15,15.65,3.05,3.35,123.024724,13200,1230800
2026-08-25 14:35:00,ATM,PE,1120.0,1126.4,3.35,4.0,3.35,3.8,135.984374,9600,1229600
2026-08-25 14:40:00,ATM,PE,1120.0,1126.6,3.9,4.2,3.55,3.7,141.273486,30800,1227200
2026-08-25 14:45:00,ATM,PE,1140.0,1128.8,3.6,12.55,3.6,11.6,78.78373,12400,680400
2026-08-25 14:50:00,ATM,PE,1140.0,1129.1,11.6,11.6,11.6,11.6,95.627494,0,680400
2026-08-25 14:55:00,ATM,PE,1140.0,1129.9,11.6,11.6,11.3,11.3,116.351222,4000,680400
2026-08-25 15:00:00,ATM,PE,1140.0,1130.9,11.3,11.3,11.3,11.3,152.114982,0,680400
2026-08-25 15:05:00,ATM,PE,1140.0,1130.3,11.3,11.3,9.3,9.3,0.0,2000,680000
2026-08-25 15:10:00,ATM,PE,1140.0,1131.6,9.3,9.3,9.3,9.3,117.564805,0,680000
2026-08-25 15:15:00,ATM,PE,1140.0,1131.6,11.15,11.15,8.0,8.0,0.0,2000,679600
2026-08-25 15:20:00,ATM,PE,1140.0,1131.6,5.35,8.0,3.05,3.05,0.0,2000,679200
2026-08-25 15:25:00,ATM,PE,1155.0,1144.0,3.05,27.95,3.05,27.95,0.0,400,249600
2026-08-25 15:30:00,ATM,PE,1155.0,1144.0,27.95,27.95,27.95,27.95,0.0,0,249600
2026-08-25 15:35:00,ATM,PE,1155.0,1144.0,27.95,27.95,27.95,27.95,0.0,0,249600
2026-08-20 09:15:00,ATM+1,CE,1155.0,1133.0,8.0,8.05,4.5,5.3,23.772157,1314800,980800
2026-08-20 09:20:00,ATM+1,CE,1155.0,1136.2,5.3,5.65,5.05,5.5,22.256052,756800,1052000
2026-08-20 09:25:00,ATM+1,CE,1155.0,1136.2,5.7,5.8,5.5,5.75,22.795831,246400,1084000
2026-08-20 09:30:00,ATM+1,CE,1160.0,1141.2,4.15,5.4,4.1,5.4,21.95795,319200,1957600
2026-08-20 09:35:00,ATM+1,CE,1160.0,1141.4,5.5,6.5,5.05,5.75,22.583184,490800,2073200
2026-08-20 09:40:00,ATM+1,CE,1160.0,1140.3,5.8,6.2,5.55,5.55,22.851297,157200,2058800
2026-08-20 09:45:00,ATM+1,CE,1160.0,1140.6,5.85,5.95,5.5,5.65,22.887428,83600,2066000
2026-08-20 09:50:00,ATM+1,CE,1160.0,1139.3,5.65,5.75,5.15,5.15,22.610537,61200,2059200
2026-08-20 09:55:00,ATM+1,CE,1160.0,1138.8,5.4,5.55,5.0,5.15,22.919936,81600,2077200
2026-08-20 10:00:00,ATM+1,CE,1160.0,1140.5,5.15,5.7,5.15,5.7,23.081086,88400,2092800
2026-08-20 10:05:00,ATM+1,CE,1160.0,1140.7,5.6,6.6,5.6,5.7,22.964735,222000,2063600
2026-08-20 10:10:00,ATM+1,CE,1160.0,1139.4,5.65,5.7,5.15,5.4,23.129456,116800,2067200
2026-08-20 10:15:00,ATM+1,CE,1160.0,1139.3,5.4,5.4,5.2,5.3,22.980396,41600,2076000
2026-08-20 10:20:00,ATM+1,CE,1160.0,1138.9,5.35,5.35,5.15,5.2,23.011366,43200,2077600
2026-08-20 10:25:00,ATM+1,CE,1155.0,1137.2,6.85,6.85,4.8,6.4,23.618839,144400,1085600
2026-08-20 10:30:00,ATM+1,CE,1160.0,1137.6,6.2,6.5,4.7,4.9,23.13442,140000,2082400
2026-08-20 10:35:00,ATM+1,CE,1155.0,1136.8,6.35,6.4,5.95,6.15,23.373544,36800,1071600
2026-08-20 10:40:00,ATM+1,CE,1155.0,1137.3,6.1,6.4,6.05,6.05,22.85032,60800,1080400
2026-08-20 10:45:00,ATM+1,CE,1160.0,1139.3,4.9,5.6,4.8,5.6,23.684759,74000,2096000
2026-08-20 10:50:00,ATM+1,CE,1160.0,1138.9,5.5,5.6,5.35,5.4,23.501756,49600,2097200
2026-08-20 10:55:00,ATM+1,CE,1160.0,1138.8,5.25,5.4,5.25,5.25,23.240702,24400,2101600
2026-08-20 11:00:00,ATM+1,CE,1155.0,1135.5,5.45,6.9,5.25,5.95,23.822988,79600,1084000
2026-08-20 11:05:00,ATM+1,CE,1155.0,1133.4,5.8,5.95,5.5,5.5,24.161431,106400,1108800
2026-08-20 11:10:00,ATM+1,CE,1155.0,1130.9,5.4,5.5,4.9,4.9,24.311819,158800,1130800
2026-08-20 11:15:00,ATM+1,CE,1155.0,1130.6,4.85,5.25,4.8,5.0,24.728803,394400,1258000
2026-08-20 11:20:00,ATM+1,CE,1155.0,1129.0,4.9,5.0,4.45,4.6,24.723946,89200,1272400
2026-08-20 11:25:00,ATM+1,CE,1155.0,1128.5,4.6,4.6,4.4,4.5,24.777016,108000,1298400
2026-08-20 11:30:00,ATM+1,CE,1140.0,1127.1,4.5,8.9,4.35,8.5,24.903685,102400,2483200
2026-08-20 11:35:00,ATM+1,CE,1140.0,1126.7,8.5,8.75,8.4,8.65,25.502416,150000,2467600
2026-08-20 11:40:00,ATM+1,CE,1155.0,1129.7,8.65,8.65,4.25,4.8,24.831935,190000,1367200
2026-08-20 11:45:00,ATM+1,CE,1155.0,1130.7,4.8,5.25,4.8,5.15,25.070206,185600,1352000
2026-08-20 11:50:00,ATM+1,CE,1155.0,1132.3,5.0,5.3,5.0,5.2,24.237051,220800,1292800
2026-08-20 11:55:00,ATM+1,CE,1155.0,1131.0,5.2,5.2,4.6,4.65,23.747853,84400,1288800
2026-08-20 12:00:00,ATM+1,CE,1155.0,1130.4,4.65,4.7,4.35,4.5,23.749714,47600,1296800
2026-08-20 12:05:00,ATM+1,CE,1155.0,1129.4,4.5,4.5,4.3,4.4,24.092364,73200,1328800
2026-08-20 12:10:00,ATM+1,CE,1155.0,1128.3,4.4,4.45,4.3,4.3,24.481451,106400,1343600
2026-08-20 12:15:00,ATM+1,CE,1155.0,1129.8,4.3,4.7,4.3,4.5,24.121682,63600,1365200
2026-08-20 12:20:00,ATM+1,CE,1155.0,1130.0,4.5,4.75,4.45,4.6,24.254299,147600,1406400
2026-08-20 12:25:00,ATM+1,CE,1155.0,1131.1,4.45,4.65,4.45,4.6,23.62344,21600,1404800
2026-08-20 12:30:00,ATM+1,CE,1155.0,1130.8,4.6,4.7,4.55,4.65,23.925279,28400,1417200
2026-08-20 12:35:00,ATM+1,CE,1155.0,1129.9,4.65,4.65,4.35,4.35,23.737399,34000,1408800
2026-08-20 12:40:00,ATM+1,CE,1155.0,1128.7,4.45,4.45,4.1,4.1,23.813404,58400,1408800
2026-08-20 12:45:00,ATM+1,CE,1155.0,1128.8,4.1,4.55,4.1,4.5,24.749119,62400,1422800
2026-08-20 12:50:00,ATM+1,CE,1155.0,1133.2,4.4,5.2,4.4,5.2,23.797302,149600,1405200
2026-08-20 12:55:00,ATM+1,CE,1155.0,1133.7,5.2,5.3,4.85,5.15,23.38859,977200,1365200
2026-08-20 13:00:00,ATM+1,CE,1155.0,1134.4,5.2,5.6,5.1,5.35,23.413403,53600,1373200
2026-08-20 13:05:00,ATM+1,CE,1155.0,1133.6,5.25,5.4,5.05,5.15,23.46685,100800,1394000
2026-08-20 13:10:00,ATM+1,CE,1155.0,1134.8,4.95,5.35,4.95,5.35,23.182497,239200,1400000
2026-08-20 13:15:00,ATM+1,CE,1155.0,1135.0,5.3,5.35,5.15,5.25,22.845632,79600,1374800
2026-08-20 13:20:00,ATM+1,CE,1155.0,1135.7,5.35,5.45,5.25,5.35,22.63761,28000,1378800
2026-08-20 13:25:00,ATM+1,CE,1155.0,1136.1,5.45,5.45,4.95,5.2,22.066377,260800,1432400
2026-08-20 13:30:00,ATM+1,CE,1155.0,1135.1,5.2,5.2,4.9,4.9,22.029276,44000,1432800
2026-08-20 13:35:00,ATM+1,CE,1155.0,1136.4,4.9,5.15,4.9,5.15,21.784996,41200,1428400
2026-08-20 13:40:00,ATM+1,CE,1160.0,1138.0,5.25,5.35,4.15,4.35,21.946157,115200,2052000
2026-08-20 13:45:00,ATM+1,CE,1160.0,1138.3,4.35,4.65,4.35,4.45,22.010904,56400,2045600
2026-08-20 13:50:00,ATM+1,CE,1155.0,1135.3,5.35,5.65,4.8,4.85,21.826921,130000,1406400
2026-08-20 13:55:00,ATM+1,CE,1155.0,1134.4,4.6,4.85,4.45,4.5,21.586502,68400,1406000
2026-08-20 14:00:00,ATM+1,CE,1155.0,1133.9,4.6,4.6,4.4,4.45,21.778471,40000,1399600
2026-08-20 14:05:00,ATM+1,CE,1155.0,1132.5,4.45,4.45,4.1,4.35,22.38147,187600,1402800
2026-08-20 14:10:00,ATM+1,CE,1155.0,1134.5,4.25,4.65,4.25,4.65,21.894487,24400,1388400
2026-08-20 14:15:00,ATM+1,CE,1155.0,1134.6,4.65,4.8,4.5,4.8,22.183586,44400,1378000
2026-08-20 14:20:00,ATM+1,CE,1155.0,1134.0,4.75,4.8,4.45,4.5,21.867033,67200,1384800
2026-08-20 14:25:00,ATM+1,CE,1155.0,1132.9,4.5,4.5,4.25,4.3,22.060694,113600,1387600
2026-08-20 14:30:00,ATM+1,CE,1155.0,1131.0,4.25,4.35,4.0,4.2,22.937649,91200,1381600
2026-08-20 14:35:00,ATM+1,CE,1155.0,1130.6,4.15,4.3,4.15,4.3,23.420796,20800,1369600
2026-08-20 14:40:00,ATM+1,CE,1155.0,1129.4,4.3,4.3,4.05,4.05,23.501664,10000,1367200
2026-08-20 14:45:00,ATM+1,CE,1155.0,1129.5,3.95,4.1,3.85,4.1,23.578205,36800,1368800
2026-08-20 14:50:00,ATM+1,CE,1155.0,1129.8,4.1,4.25,3.95,4.0,23.166804,110800,1374400
2026-08-20 14:55:00,ATM+1,CE,1155.0,1129.0,3.8,4.0,3.75,3.8,23.121697,107200,1382400
2026-08-20 15:00:00,ATM+1,CE,1155.0,1129.7,3.9,4.05,3.8,4.0,23.240873,52400,1376000
2026-08-20 15:05:00,ATM+1,CE,1155.0,1129.1,3.9,4.0,3.85,4.0,23.589964,96800,1366800
2026-08-20 15:10:00,ATM+1,CE,1155.0,1129.4,4.0,4.05,3.8,4.0,23.428612,73200,1358400
2026-08-20 15:15:00,ATM+1,CE,1155.0,1129.4,4.0,4.45,4.0,4.3,24.184376,176800,1334400
2026-08-20 15:20:00,ATM+1,CE,1155.0,1129.4,4.25,4.3,4.0,4.0,23.446044,68800,1326400
2026-08-20 15:25:00,ATM+1,CE,1155.0,1130.0,3.95,4.0,3.65,3.65,22.228782,127200,1323600
2026-08-20 15:30:00,ATM+1,CE,1155.0,1130.0,3.6,3.75,3.1,3.75,22.491979,78400,1318400
2026-08-20 15:35:00,ATM+1,CE,1155.0,1130.0,3.65,3.8,3.6,3.75,22.500384,94400,1332400
2026-08-21 09:15:00,ATM+1,CE,1140.0,1121.6,7.8,7.8,4.0,4.15,21.67637,640400,2668400
2026-08-21 09:20:00,ATM+1,CE,1140.0,1124.1,4.45,4.75,3.75,4.6,21.091844,469600,2663200
2026-08-21 09:25:00,ATM+1,CE,1140.0,1122.3,4.45,4.8,4.0,4.0,20.850274,328400,2662000
2026-08-21 09:30:00,ATM+1,CE,1140.0,1119.9,3.9,4.0,3.3,3.4,20.84986,343600,2687200
2026-08-21 09:35:00,ATM+1,CE,1140.0,1120.0,3.5,3.65,3.4,3.4,20.795907,257600,2695200
2026-08-21 09:40:00,ATM+1,CE,1140.0,1122.7,3.45,4.1,3.4,4.1,20.861613,235200,2685600
2026-08-21 09:45:00,ATM+1,CE,1140.0,1123.8,4.05,4.25,3.95,4.25,20.495267,166000,2681200
2026-08-21 09:50:00,ATM+1,CE,1155.0,1129.0,4.2,4.95,2.3,2.75,22.27076,394000,1314000
2026-08-21 09:55:00,ATM+1,CE,1155.0,1128.7,2.75,2.75,2.6,2.6,21.987672,93600,1302000
2026-08-21 10:00:00,ATM+1,CE,1155.0,1127.6,2.5,5.55,2.15,2.25,21.482,171200,1304000
2026-08-21 10:05:00,ATM+1,CE,1140.0,1126.9,4.85,5.25,2.05,5.0,20.110096,92000,2521600
2026-08-21 10:10:00,ATM+1,CE,1140.0,1127.3,5.05,5.6,2.15,5.6,21.192112,254000,2516000
2026-08-21 10:15:00,ATM+1,CE,1140.0,1126.9,5.25,5.6,4.9,5.05,20.243575,85600,2529600
2026-08-21 10:20:00,ATM+1,CE,1155.0,1130.6,5.05,5.05,2.15,2.9,21.853259,302800,1310400
2026-08-21 10:25:00,ATM+1,CE,1155.0,1131.3,2.85,3.2,2.85,3.0,21.743142,224400,1281600
2026-08-21 10:30:00,ATM+1,CE,1155.0,1132.7,2.95,3.35,2.95,3.35,21.90038,236400,1287200
2026-08-21 10:35:00,ATM+1,CE,1155.0,1131.4,3.2,3.35,3.0,3.0,21.702993,131200,1261600
2026-08-21 10:40:00,ATM+1,CE,1155.0,1130.8,3.05,3.25,2.95,3.0,22.068118,142800,1238800
2026-08-21 10:45:00,ATM+1,CE,1155.0,1128.2,3.0,3.1,2.55,2.55,22.209369,234400,1268800
2026-08-21 10:50:00,ATM+1,CE,1155.0,1130.5,2.6,3.05,2.55,3.05,22.411446,32800,1268000
2026-08-21 10:55:00,ATM+1,CE,1155.0,1130.7,3.2,3.35,3.05,3.35,23.166309,32800,1263600
2026-08-21 11:00:00,ATM+1,CE,1155.0,1131.6,3.25,3.35,3.15,3.25,22.348421,90400,1272800
2026-08-21 11:05:00,ATM+1,CE,1155.0,1130.6,3.15,3.25,2.95,3.1,22.527682,116000,1261200
2026-08-21 11:10:00,ATM+1,CE,1155.0,1131.6,3.1,3.2,3.1,3.15,22.083308,14800,1258000
2026-08-21 11:15:00,ATM+1,CE,1155.0,1131.5,3.15,3.25,3.05,3.05,21.865391,169600,1244000
2026-08-21 11:20:00,ATM+1,CE,1155.0,1132.0,3.05,3.15,2.95,3.1,21.718892,114000,1092800
2026-08-21 11:25:00,ATM+1,CE,1155.0,1129.9,3.0,3.1,2.8,2.8,22.089072,48800,1046400
2026-08-21 11:30:00,ATM+1,CE,1155.0,1130.7,2.75,2.95,2.65,2.9,21.930094,57200,1042400
2026-08-21 11:35:00,ATM+1,CE,1155.0,1130.8,2.85,3.0,2.85,2.95,22.028775,36000,1029200
2026-08-21 11:40:00,ATM+1,CE,1155.0,1130.3,2.85,2.95,2.75,2.85,22.035583,17200,1029200
2026-08-21 11:45:00,ATM+1,CE,1155.0,1132.4,2.8,3.0,2.8,3.0,21.239062,45600,1023600
2026-08-21 11:50:00,ATM+1,CE,1155.0,1132.4,3.0,3.05,2.95,2.95,21.104255,75600,1044400
2026-08-21 11:55:00,ATM+1,CE,1155.0,1131.7,2.95,2.95,2.75,2.8,21.091233,36800,1032400
2026-08-21 12:00:00,ATM+1,CE,1155.0,1132.0,2.75,2.9,2.75,2.8,20.923106,58000,1030000
2026-08-21 12:05:00,ATM+1,CE,1155.0,1132.0,2.8,2.8,2.7,2.7,20.635398,41200,1032800
2026-08-21 12:10:00,ATM+1,CE,1155.0,1131.5,2.75,2.75,2.55,2.6,20.636066,28000,1030800
2026-08-21 12:15:00,ATM+1,CE,1155.0,1131.5,2.65,2.65,2.55,2.65,20.797102,11600,1031200
2026-08-21 12:20:00,ATM+1,CE,1155.0,1132.1,2.7,2.7,2.65,2.7,20.604287,18800,1030400
2026-08-21 12:25:00,ATM+1,CE,1155.0,1130.7,2.65,2.75,2.4,2.4,20.50562,153600,1042400
2026-08-21 12:30:00,ATM+1,CE,1155.0,1131.4,2.5,2.55,2.4,2.55,20.578514,11200,1051600
2026-08-21 12:35:00,ATM+1,CE,1155.0,1131.6,2.5,2.55,2.5,2.55,20.471459,5200,1053200
2026-08-21 12:40:00,ATM+1,CE,1155.0,1130.6,2.55,2.55,2.45,2.45,20.748317,10000,1050400
2026-08-21 12:45:00,ATM+1,CE,1155.0,1129.0,2.45,2.5,2.45,2.5,21.831527,13600,1051200
2026-08-21 12:50:00,ATM+1,CE,1155.0,1129.5,2.45,2.5,2.35,2.45,21.396398,27200,1068400
2026-08-21 12:55:00,ATM+1,CE,1155.0,1129.5,2.45,2.45,2.45,2.45,21.406032,8800,1068400
2026-08-21 13:00:00,ATM+1,CE,1155.0,1128.5,2.4,2.45,2.2,2.4,21.821669,25200,1062400
2026-08-21 13:05:00,ATM+1,CE,1155.0,1129.1,2.4,2.45,2.35,2.4,21.491907,6000,1065200
2026-08-21 13:10:00,ATM+1,CE,1155.0,1129.1,2.4,2.45,2.35,2.45,21.663119,5200,1063200
2026-08-21 13:15:00,ATM+1,CE,1155.0,1129.9,2.45,2.65,2.45,2.6,21.689359,5600,1059200
2026-08-21 13:20:00,ATM+1,CE,1155.0,1128.6,2.5,2.6,2.35,2.45,21.967222,7600,1059200
2026-08-21 13:25:00,ATM+1,CE,1155.0,1128.6,2.35,2.45,2.35,2.4,21.814329,2400,1058400
2026-08-21 13:30:00,ATM+1,CE,1140.0,1127.3,2.35,5.5,2.3,5.4,21.119718,106000,2674800
2026-08-21 13:35:00,ATM+1,CE,1140.0,1127.0,5.35,5.4,5.05,5.15,20.775647,103600,2668800
2026-08-21 13:40:00,ATM+1,CE,1140.0,1127.5,5.15,5.35,5.15,5.35,20.870526,46800,2671200
2026-08-21 13:45:00,ATM+1,CE,1140.0,1127.3,2.15,5.4,2.15,5.3,20.917047,16800,2683200
2026-08-21 13:50:00,ATM+1,CE,1155.0,1127.6,5.2,5.3,2.1,2.1,21.411697,103200,1038400
2026-08-21 13:55:00,ATM+1,CE,1140.0,1126.6,2.1,5.25,2.1,5.05,20.880158,121600,2700000
2026-08-21 14:00:00,ATM+1,CE,1140.0,1125.0,5.05,5.05,4.4,4.45,20.620292,321600,2724000
2026-08-21 14:05:00,ATM+1,CE,1140.0,1125.7,4.45,4.6,4.3,4.6,20.4895,82800,2712000
2026-08-21 14:10:00,ATM+1,CE,1140.0,1125.0,4.7,4.7,4.55,4.55,20.884316,94400,2736800
2026-08-21 14:15:00,ATM+1,CE,1140.0,1124.5,4.4,4.7,4.15,4.2,20.386242,181200,2706000
2026-08-21 14:20:00,ATM+1,CE,1140.0,1124.4,4.15,4.2,3.85,3.9,19.711704,273600,2690000
2026-08-21 14:25:00,ATM+1,CE,1140.0,1122.8,3.95,3.95,3.55,3.65,20.171664,288800,2721200
2026-08-21 14:30:00,ATM+1,CE,1140.0,1122.0,3.6,3.75,3.55,3.6,20.585347,220800,2740000
2026-08-21 14:35:00,ATM+1,CE,1140.0,1121.7,3.55,3.8,3.5,3.65,20.928151,266800,2794800
2026-08-21 14:40:00,ATM+1,CE,1140.0,1120.8,3.6,3.65,3.35,3.5,21.129154,272000,2849200
2026-08-21 14:45:00,ATM+1,CE,1140.0,1120.7,3.6,3.65,3.4,3.4,20.930832,121200,2873200
2026-08-21 14:50:00,ATM+1,CE,1140.0,1120.1,3.35,3.4,2.85,2.9,19.919204,793600,2804000
2026-08-21 14:55:00,ATM+1,CE,1140.0,1120.0,2.9,2.9,2.85,2.9,19.991355,151200,2826800
2026-08-21 15:00:00,ATM+1,CE,1140.0,1120.0,2.85,2.9,2.75,2.85,19.855872,357200,2878000
2026-08-21 15:05:00,ATM+1,CE,1140.0,1118.7,2.8,2.85,2.75,2.75,20.378632,159600,2863200
2026-08-21 15:10:00,ATM+1,CE,1140.0,1119.0,2.75,2.75,2.6,2.6,19.753185,440800,2894800
2026-08-21 15:15:00,ATM+1,CE,1140.0,1119.0,2.7,2.8,2.6,2.8,20.360841,132800,2879200
2026-08-21 15:20:00,ATM+1,CE,1140.0,1119.0,2.8,3.0,2.7,2.75,20.221766,170000,2810000
2026-08-21 15:25:00,ATM+1,CE,1140.0,1121.0,2.75,2.9,2.75,2.85,19.270968,116400,2836000
2026-08-21 15:30:00,ATM+1,CE,1140.0,1121.0,2.9,2.95,2.85,2.85,19.279992,64000,2820000
2026-08-21 15:35:00,ATM+1,CE,1140.0,1121.0,2.85,3.05,2.85,3.0,19.7165,115600,2762400
2026-08-24 09:15:00,ATM+1,CE,1160.0,1139.9,1.2,2.0,0.65,1.55,28.553769,404400,1656400
2026-08-24 09:20:00,ATM+1,CE,1160.0,1142.3,1.95,3.6,1.55,3.05,34.225424,1639600,1548400
2026-08-24 09:25:00,ATM+1,CE,1160.0,1139.9,3.1,3.35,2.1,2.4,33.552456,438400,1562400
2026-08-24 09:30:00,ATM+1,CE,1160.0,1137.9,2.6,3.35,2.0,2.1,33.985189,664400,1539200
2026-08-24 09:35:00,ATM+1,CE,1160.0,1138.2,2.2,2.5,2.1,2.5,35.99165,296800,1557600
2026-08-24 09:40:00,ATM+1,CE,1160.0,1138.8,2.45,2.5,2.15,2.2,33.735161,222800,1569200
2026-08-24 09:45:00,ATM+1,CE,1155.0,1135.2,3.0,3.15,2.5,2.5,34.114754,417600,1138000
2026-08-24 09:50:00,ATM+1,CE,1155.0,1136.4,2.3,2.5,2.1,2.25,31.516401,351200,1096400
2026-08-24 09:55:00,ATM+1,CE,1155.0,1136.3,2.2,2.5,2.2,2.3,31.941881,394800,1118800
2026-08-24 10:00:00,ATM+1,CE,1155.0,1135.2,2.4,2.4,2.1,2.1,32.041595,146000,1129200
2026-08-24 10:05:00,ATM+1,CE,1155.0,1133.8,2.05,2.1,1.6,1.7,31.132052,363200,1099600
2026-08-24 10:10:00,ATM+1,CE,1155.0,1135.6,1.6,1.75,1.6,1.75,29.668392,167200,1133200
2026-08-24 10:15:00,ATM+1,CE,1155.0,1134.4,1.8,1.95,1.7,1.7,30.620788,349600,1151200
2026-08-24 10:20:00,ATM+1,CE,1155.0,1135.9,1.65,1.85,1.65,1.85,30.043182,147600,1144000
2026-08-24 10:25:00,ATM+1,CE,1155.0,1135.1,2.1,2.1,1.8,1.8,30.612931,376800,1182000
2026-08-24 10:30:00,ATM+1,CE,1155.0,1134.6,1.85,1.85,1.7,1.75,30.863037,72000,1164800
2026-08-24 10:35:00,ATM+1,CE,1155.0,1135.8,1.8,2.0,1.75,1.9,30.575184,96800,1183200
2026-08-24 10:40:00,ATM+1,CE,1155.0,1136.3,1.8,2.0,1.8,1.9,30.096385,72800,1184000
2026-08-24 10:45:00,ATM+1,CE,1155.0,1135.8,1.9,1.9,1.8,1.85,30.369296,56400,1182000
2026-08-24 10:50:00,ATM+1,CE,1155.0,1136.1,1.95,1.95,1.8,1.8,29.803153,44800,1174000
2026-08-24 10:55:00,ATM+1,CE,1155.0,1134.0,1.8,1.85,1.65,1.65,31.071089,52400,1166800
2026-08-24 11:00:00,ATM+1,CE,1155.0,1132.8,1.55,1.65,1.25,1.25,29.573232,170800,1139200
2026-08-24 11:05:00,ATM+1,CE,1155.0,1134.3,1.3,1.45,1.2,1.4,29.217085,315200,1142000
2026-08-24 11:10:00,ATM+1,CE,1155.0,1133.5,1.4,1.4,1.2,1.25,28.991722,212800,1143600
2026-08-24 11:15:00,ATM+1,CE,1155.0,1137.5,1.25,1.7,0.9,1.6,27.353129,558800,1174400
2026-08-24 11:20:00,ATM+1,CE,1155.0,1136.4,1.5,1.6,1.4,1.4,27.256743,88400,1180800
2026-08-24 11:25:00,ATM+1,CE,1155.0,1136.2,1.45,1.55,1.4,1.5,28.148506,52000,1197200
2026-08-24 11:30:00,ATM+1,CE,1155.0,1135.2,1.55,1.65,1.45,1.6,29.853441,96800,1197600
2026-08-24 11:35:00,ATM+1,CE,1155.0,1134.4,1.65,1.65,1.45,1.55,30.388455,23600,1180800
2026-08-24 11:40:00,ATM+1,CE,1155.0,1133.1,1.55,1.55,1.45,1.45,31.063073,54400,1168400
2026-08-24 11:45:00,ATM+1,CE,1155.0,1134.3,1.5,1.75,1.45,1.7,31.55807,152400,1230800
2026-08-24 11:50:00,ATM+1,CE,1155.0,1133.5,1.75,1.75,1.6,1.6,31.773348,10800,1220000
2026-08-24 11:55:00,ATM+1,CE,1155.0,1131.7,1.6,1.6,1.25,1.35,31.872773,213200,1217600
2026-08-24 12:00:00,ATM+1,CE,1155.0,1133.3,1.3,1.4,1.3,1.4,30.706391,14400,1222800
2026-08-24 12:05:00,ATM+1,CE,1155.0,1134.0,1.65,1.7,1.4,1.65,31.738719,63600,1221200
2026-08-24 12:10:00,ATM+1,CE,1155.0,1134.9,1.7,1.8,1.65,1.75,31.495264,39600,1208000
2026-08-24 12:15:00,ATM+1,CE,1155.0,1135.9,1.75,1.8,1.75,1.8,30.79843,24400,1206400
2026-08-24 12:20:00,ATM+1,CE,1155.0,1136.7,1.8,1.85,1.75,1.85,30.292689,21200,1208800
2026-08-24 12:25:00,ATM+1,CE,1155.0,1136.9,1.9,2.05,1.85,1.95,30.72031,99200,1205600
2026-08-24 12:30:00,ATM+1,CE,1155.0,1136.6,2.0,2.0,1.85,1.9,30.797988,20400,1209600
2026-08-24 12:35:00,ATM+1,CE,1155.0,1135.3,1.85,1.9,1.65,1.7,31.001691,36000,1200800
2026-08-24 12:40:00,ATM+1,CE,1155.0,1136.2,1.7,1.8,1.7,1.8,30.719162,58400,1170400
2026-08-24 12:45:00,ATM+1,CE,1155.0,1135.0,1.9,1.9,1.55,1.55,30.436129,85200,1146400
2026-08-24 12:50:00,ATM+1,CE,1155.0,1137.0,1.65,1.75,1.55,1.7,29.334084,100400,1140000
2026-08-24 12:55:00,ATM+1,CE,1155.0,1136.2,1.0,1.8,0.95,1.75,30.554685,214400,1205200
2026-08-24 13:00:00,ATM+1,CE,1155.0,1136.4,1.7,1.75,1.45,1.5,28.786333,149200,1179200
2026-08-24 13:05:00,ATM+1,CE,1155.0,1136.3,1.5,1.65,1.4,1.5,28.937727,70800,1200000
2026-08-24 13:10:00,ATM+1,CE,1155.0,1136.9,1.55,1.6,1.5,1.55,28.676855,95600,1217600
2026-08-24 13:15:00,ATM+1,CE,1155.0,1137.4,1.55,1.55,1.45,1.55,28.189443,20400,1222400
2026-08-24 13:20:00,ATM+1,CE,1155.0,1136.8,1.6,1.6,0.9,1.6,29.199817,32400,1207200
2026-08-24 13:25:00,ATM+1,CE,1155.0,1134.5,1.6,1.6,1.4,1.45,30.667437,182800,1202800
2026-08-24 13:30:00,ATM+1,CE,1155.0,1128.7,1.45,1.45,1.05,1.05,33.329774,532400,1162800
2026-08-24 13:35:00,ATM+1,CE,1155.0,1128.9,1.05,1.05,1.0,1.05,33.195106,102400,1103200
2026-08-24 13:40:00,ATM+1,CE,1155.0,1129.1,1.05,1.15,1.05,1.15,33.918681,41600,1130800
2026-08-24 13:45:00,ATM+1,CE,1155.0,1128.8,1.05,1.15,1.05,1.1,33.835396,38000,1125200
2026-08-24 13:50:00,ATM+1,CE,1155.0,1128.7,1.1,1.15,1.1,1.15,34.416343,28000,1129600
2026-08-24 13:55:00,ATM+1,CE,1155.0,1128.5,1.15,1.2,1.1,1.1,34.234501,19200,1126800
2026-08-24 14:00:00,ATM+1,CE,1155.0,1129.3,1.2,1.2,1.1,1.2,34.367998,9200,1123200
2026-08-24 14:05:00,ATM+1,CE,1155.0,1129.7,1.15,1.25,1.15,1.25,34.442722,43600,1100800
2026-08-24 14:10:00,ATM+1,CE,1155.0,1128.6,1.25,1.45,1.25,1.35,36.401102,178800,1174400
2026-08-24 14:15:00,ATM+1,CE,1155.0,1128.6,1.3,1.35,1.25,1.25,35.645008,29200,1164800
2026-08-24 14:20:00,ATM+1,CE,1155.0,1128.3,1.3,1.3,1.2,1.25,36.00064,30400,1146800
2026-08-24 14:25:00,ATM+1,CE,1140.0,1126.0,1.25,3.75,1.25,3.25,34.550418,86800,2096400
2026-08-24 14:30:00,ATM+1,CE,1140.0,1126.0,3.35,3.6,3.25,3.5,35.878074,44400,2084400
2026-08-24 14:35:00,ATM+1,CE,1140.0,1124.5,3.5,3.5,3.1,3.15,36.12398,56000,2083600
2026-08-24 14:40:00,ATM+1,CE,1140.0,1123.7,3.15,3.2,3.0,3.05,36.687183,92400,2065600
2026-08-24 14:45:00,ATM+1,CE,1140.0,1123.6,3.05,3.15,3.0,3.1,37.148362,72400,2072800
2026-08-24 14:50:00,ATM+1,CE,1140.0,1123.9,3.1,3.2,3.0,3.15,37.092297,229200,2091600
2026-08-24 14:55:00,ATM+1,CE,1140.0,1123.5,3.1,3.2,2.85,2.95,36.589216,54000,2049200
2026-08-24 15:00:00,ATM+1,CE,1140.0,1123.8,2.9,3.45,2.9,3.1,37.081503,101600,2028800
2026-08-24 15:05:00,ATM+1,CE,1140.0,1125.9,3.05,3.6,3.05,3.6,36.958578,61200,2019600
2026-08-24 15:10:00,ATM+1,CE,1155.0,1129.5,1.2,1.25,1.15,1.2,34.994214,104800,969200
2026-08-24 15:15:00,ATM+1,CE,1155.0,1129.5,1.15,1.3,1.15,1.3,35.889994,84400,981200
2026-08-24 15:20:00,ATM+1,CE,1155.0,1129.5,1.25,1.3,1.1,1.25,35.537957,111600,932800
2026-08-24 15:25:00,ATM+1,CE,1155.0,1130.0,1.35,1.4,1.0,1.0,32.920755,156000,960400
2026-08-24 15:30:00,ATM+1,CE,1155.0,1130.0,1.15,1.35,1.0,1.35,35.973496,48000,928000
2026-08-24 15:35:00,ATM+1,CE,1155.0,1130.0,1.4,1.5,1.2,1.35,36.036996,68400,893600
2026-08-25 09:15:00,ATM+1,CE,1155.0,1130.8,1.3,1.3,0.4,0.4,50.458228,90400,824400
2026-08-25 09:20:00,ATM+1,CE,1140.0,1125.9,0.3,1.8,0.3,1.4,49.398327,71200,1804400
2026-08-25 09:25:00,ATM+1,CE,1140.0,1126.2,0.95,1.4,0.95,1.2,46.414452,246800,1813200
2026-08-25 09:30:00,ATM+1,CE,1140.0,1127.0,1.25,1.35,1.2,1.35,46.89806,82000,1791200
2026-08-25 09:35:00,ATM+1,CE,1140.0,1127.2,1.35,1.35,1.25,1.3,46.112377,19600,1779600
2026-08-25 09:40:00,ATM+1,CE,1140.0,1125.2,1.5,1.5,1.3,1.3,51.041226,46000,1768400
2026-08-25 09:45:00,ATM+1,CE,1140.0,1124.0,1.2,1.3,1.1,1.1,51.203799,41200,1761200
2026-08-25 09:50:00,ATM+1,CE,1140.0,1123.2,1.2,1.2,1.05,1.05,52.553343,25600,1759600
2026-08-25 09:55:00,ATM+1,CE,1140.0,1125.4,1.05,1.25,1.05,1.2,50.278139,86400,1749200
2026-08-25 10:00:00,ATM+1,CE,1140.0,1127.1,1.2,1.25,1.15,1.2,46.683768,33600,1749200
2026-08-25 10:05:00,ATM+1,CE,1140.0,1127.5,1.4,1.5,0.25,1.3,47.45163,22400,1750800
2026-08-25 10:10:00,ATM+1,CE,1155.0,1128.7,0.25,0.25,0.2,0.2,50.96185,3200,687200
2026-08-25 10:15:00,ATM+1,CE,1155.0,1127.6,0.25,0.25,0.15,0.15,50.586344,6400,680800
2026-08-25 10:20:00,ATM+1,CE,1155.0,1127.6,0.9,0.95,0.15,0.15,50.987885,8400,680800
2026-08-25 10:25:00,ATM+1,CE,1140.0,1126.6,1.0,1.0,0.9,0.95,45.963562,7200,1741600
2026-08-25 10:30:00,ATM+1,CE,1140.0,1127.1,0.9,1.05,0.9,1.05,46.709376,33600,1738000
2026-08-25 10:35:00,ATM+1,CE,1140.0,1127.4,0.75,1.05,0.75,0.85,43.209573,89200,1715600
2026-08-25 10:40:00,ATM+1,CE,1155.0,1128.1,0.8,0.9,0.15,0.15,51.879115,2400,681200
2026-08-25 10:45:00,ATM+1,CE,1155.0,1128.2,0.15,0.15,0.1,0.15,52.161419,20800,676400
2026-08-25 10:50:00,ATM+1,CE,1140.0,1127.3,0.15,0.7,0.15,0.65,41.028793,29600,1705600
2026-08-25 10:55:00,ATM+1,CE,1140.0,1126.6,0.75,0.85,0.65,0.7,43.966121,12400,1704800
2026-08-25 11:00:00,ATM+1,CE,1140.0,1127.0,0.65,0.8,0.65,0.75,44.346937,30000,1702800
2026-08-25 11:05:00,ATM+1,CE,1140.0,1125.9,0.7,0.75,0.45,0.45,41.097268,74400,1698000
2026-08-25 11:10:00,ATM+1,CE,1140.0,1125.6,0.5,0.5,0.4,0.5,43.323693,41200,1695600
2026-08-25 11:15:00,ATM+1,CE,1140.0,1127.0,0.5,0.55,0.45,0.55,41.638058,11600,1693600
2026-08-25 11:20:00,ATM+1,CE,1140.0,1126.4,0.1,0.6,0.05,0.6,44.529134,14000,1688800
2026-08-25 11:25:00,ATM+1,CE,1140.0,1126.9,0.6,0.65,0.55,0.55,42.705662,34400,1684000
2026-08-25 11:30:00,ATM+1,CE,1140.0,1126.9,0.5,0.6,0.45,0.6,44.220391,25200,1682800
2026-08-25 11:35:00,ATM+1,CE,1140.0,1127.5,0.5,0.6,0.5,0.6,43.200135,8000,1676400
2026-08-25 11:40:00,ATM+1,CE,1140.0,1127.4,0.05,0.55,0.05,0.55,42.826843,20000,1671600
2026-08-25 11:45:00,ATM+1,CE,1140.0,1127.4,0.5,0.55,0.4,0.55,43.292701,6000,1671600
2026-08-25 11:50:00,ATM+1,CE,1155.0,1128.3,0.45,0.55,0.1,0.1,55.346701,3200,653200
2026-08-25 11:55:00,ATM+1,CE,1155.0,1129.9,0.1,0.1,0.1,0.1,53.08066,12400,654800
2026-08-25 12:00:00,ATM+1,CE,1155.0,1128.2,0.1,0.1,0.05,0.05,51.452969,2000,653200
2026-08-25 12:05:00,ATM+1,CE,1155.0,1128.3,0.05,0.05,0.05,0.05,51.892454,23200,645600
2026-08-25 12:10:00,ATM+1,CE,1155.0,1128.4,0.05,0.05,0.05,0.05,52.350357,2400,645600
2026-08-25 12:15:00,ATM+1,CE,1140.0,1127.4,0.05,0.15,0.05,0.1,31.568725,24000,1660000
2026-08-25 12:20:00,ATM+1,CE,1140.0,1126.7,0.15,0.15,0.05,0.05,29.813735,163200,1646000
2026-08-25 12:25:00,ATM+1,CE,1140.0,1125.0,0.05,0.05,0.05,0.05,33.48674,47200,1604400
2026-08-25 12:30:00,ATM+1,CE,1140.0,1123.8,0.05,0.05,0.05,0.05,36.262596,78000,1603200
2026-08-25 12:35:00,ATM+1,CE,1140.0,1121.9,0.05,0.05,0.05,0.05,40.461921,3200,1600000
2026-08-25 12:40:00,ATM+1,CE,1140.0,1123.0,0.05,0.05,0.05,0.05,38.87209,2000,1598400
2026-08-25 12:45:00,ATM+1,CE,1140.0,1123.5,0.05,0.05,0.05,0.05,38.438371,1200,1597200
2026-08-25 12:50:00,ATM+1,CE,1140.0,1123.7,0.05,0.05,0.05,0.05,38.610427,2800,1596800
2026-08-25 12:55:00,ATM+1,CE,1140.0,1123.9,0.05,0.05,0.05,0.05,38.796319,4400,1590800
2026-08-25 13:00:00,ATM+1,CE,1140.0,1123.5,0.05,0.05,0.05,0.05,40.262153,10400,1582400
2026-08-25 13:05:00,ATM+1,CE,1140.0,1124.4,0.05,0.05,0.05,0.05,38.999379,10000,1571200
2026-08-25 13:10:00,ATM+1,CE,1140.0,1123.9,0.05,0.05,0.05,0.05,40.760586,12400,1557600
2026-08-25 13:15:00,ATM+1,CE,1140.0,1123.8,0.05,0.05,0.05,0.05,41.706228,800,1557200
2026-08-25 13:20:00,ATM+1,CE,1140.0,1123.3,0.05,0.05,0.05,0.05,43.601944,2000,1556000
2026-08-25 13:25:00,ATM+1,CE,1140.0,1122.6,0.05,0.05,0.05,0.05,46.038316,0,1554000
2026-08-25 13:30:00,ATM+1,CE,1140.0,1121.7,0.05,0.05,0.05,0.05,49.04621,2000,1553600
2026-08-25 13:35:00,ATM+1,CE,1140.0,1121.7,0.05,0.05,0.05,0.05,50.059906,400,1553200
2026-08-25 13:40:00,ATM+1,CE,1140.0,1121.9,0.05,0.05,0.05,0.05,50.655107,16000,1552800
2026-08-25 13:45:00,ATM+1,CE,1140.0,1121.4,0.05,0.05,0.05,0.05,53.03255,400,1550800
2026-08-25 13:50:00,ATM+1,CE,1140.0,1126.4,0.05,0.05,0.05,0.05,41.46252,9600,1550400
2026-08-25 13:55:00,ATM+1,CE,1140.0,1124.3,0.05,0.05,0.05,0.05,48.056113,1600,1550400
2026-08-25 14:00:00,ATM+1,CE,1140.0,1125.0,0.05,0.05,0.05,0.05,47.412519,800,1548800
2026-08-25 14:05:00,ATM+1,CE,1140.0,1124.9,0.05,0.05,0.05,0.05,48.993672,6400,1548800
2026-08-25 14:10:00,ATM+1,CE,1140.0,1123.8,0.05,0.05,0.05,0.05,53.558326,0,1548800
2026-08-25 14:15:00,ATM+1,CE,1140.0,1123.0,0.05,0.05,0.05,0.05,57.551986,0,1548800
2026-08-25 14:20:00,ATM+1,CE,1140.0,1124.0,0.05,0.05,0.05,0.05,56.417538,0,1548800
2026-08-25 14:25:00,ATM+1,CE,1140.0,1125.5,0.05,0.05,0.05,0.05,53.667812,15600,1548000
2026-08-25 14:30:00,ATM+1,CE,1140.0,1126.7,0.05,0.05,0.05,0.05,51.731962,3600,1548000
2026-08-25 14:35:00,ATM+1,CE,1140.0,1126.4,0.05,0.05,0.05,0.05,54.8837,3600,1548000
2026-08-25 14:40:00,ATM+1,CE,1140.0,1126.6,0.05,0.05,0.05,0.05,56.606788,12000,1547600
2026-08-25 14:45:00,ATM+1,CE,1155.0,1128.8,0.05,0.05,0.05,0.05,0.0,400,598800
2026-08-25 14:50:00,ATM+1,CE,1155.0,1129.1,0.05,0.05,0.05,0.05,0.0,0,598800
2026-08-25 14:55:00,ATM+1,CE,1155.0,1129.9,0.05,0.05,0.05,0.05,0.0,0,598800
2026-08-25 15:00:00,ATM+1,CE,1155.0,1130.9,0.05,0.05,0.05,0.05,0.0,0,598800
2026-08-25 15:05:00,ATM+1,CE,1155.0,1130.3,0.05,0.05,0.05,0.05,0.0,0,598800
2026-08-25 15:10:00,ATM+1,CE,1155.0,1131.6,0.05,0.05,0.05,0.05,0.0,0,598800
2026-08-25 15:15:00,ATM+1,CE,1155.0,1131.6,0.05,0.05,0.05,0.05,0.0,0,598800
2026-08-25 15:20:00,ATM+1,CE,1155.0,1131.6,0.05,0.05,0.05,0.05,0.0,0,598800
2026-08-25 15:25:00,ATM+1,CE,1160.0,1144.0,0.05,0.05,0.05,0.05,0.0,0,1120400
2026-08-25 15:30:00,ATM+1,CE,1160.0,1144.0,0.05,0.05,0.05,0.05,0.0,6000,1120400
2026-08-25 15:35:00,ATM+1,CE,1160.0,1144.0,0.05,0.05,0.05,0.05,0.0,0,1120400
2026-08-20 09:15:00,ATM+1,PE,1155.0,1133.0,27.0,27.0,19.0,22.45,16.031146,147600,462400
2026-08-20 09:20:00,ATM+1,PE,1155.0,1136.2,22.4,22.6,20.3,21.05,18.770498,51600,469200
2026-08-20 09:25:00,ATM+1,PE,1155.0,1136.2,20.45,21.05,19.55,19.95,16.182465,50000,480800
2026-08-20 09:30:00,ATM+1,PE,1160.0,1141.2,24.45,24.45,20.8,20.8,18.139443,53200,1127600
2026-08-20 09:35:00,ATM+1,PE,1160.0,1141.4,20.3,21.9,19.75,20.7,18.256974,52400,1126400
2026-08-20 09:40:00,ATM+1,PE,1160.0,1140.3,20.95,21.55,20.5,21.55,18.312357,40400,1133600
2026-08-20 09:45:00,ATM+1,PE,1160.0,1140.6,21.0,21.55,20.5,21.35,18.379765,37200,1133600
2026-08-20 09:50:00,ATM+1,PE,1160.0,1139.3,21.45,22.0,21.35,22.0,17.546982,21600,1135200
2026-08-20 09:55:00,ATM+1,PE,1160.0,1138.8,21.6,22.55,21.6,22.05,16.670037,24400,1139200
2026-08-20 10:00:00,ATM+1,PE,1160.0,1140.5,22.25,22.25,21.35,21.6,18.797364,22800,1137600
2026-08-20 10:05:00,ATM+1,PE,1160.0,1140.7,21.4,21.6,19.85,21.2,18.222713,46400,1132000
2026-08-20 10:10:00,ATM+1,PE,1160.0,1139.4,21.5,22.6,21.2,22.25,18.36475,21200,1136800
2026-08-20 10:15:00,ATM+1,PE,1160.0,1139.3,22.05,22.65,22.05,22.25,18.181337,12400,1136000
2026-08-20 10:20:00,ATM+1,PE,1160.0,1138.9,22.15,22.8,22.15,22.7,18.528116,16400,1138400
2026-08-20 10:25:00,ATM+1,PE,1155.0,1137.2,19.0,23.7,18.9,19.9,17.897908,17200,498800
2026-08-20 10:30:00,ATM+1,PE,1160.0,1137.6,20.3,24.1,19.65,23.45,17.847925,26400,1138000
2026-08-20 10:35:00,ATM+1,PE,1155.0,1136.8,20.05,20.65,19.8,20.0,17.447954,6800,494000
2026-08-20 10:40:00,ATM+1,PE,1155.0,1137.3,20.35,20.4,19.85,20.4,19.195927,4000,493600
2026-08-20 10:45:00,ATM+1,PE,1160.0,1139.3,23.7,24.0,22.05,22.05,17.712027,4800,1136800
2026-08-20 10:50:00,ATM+1,PE,1160.0,1138.9,22.05,22.65,21.85,22.2,17.30136,8400,1136000
2026-08-20 10:55:00,ATM+1,PE,1160.0,1138.8,22.55,22.55,22.2,22.55,17.99202,6000,1135200
2026-08-20 11:00:00,ATM+1,PE,1155.0,1135.5,22.55,22.55,18.8,20.9,17.247833,11200,492000
2026-08-20 11:05:00,ATM+1,PE,1155.0,1133.4,21.25,22.55,20.9,22.4,16.849984,47600,460800
2026-08-20 11:10:00,ATM+1,PE,1155.0,1130.9,23.0,24.55,22.35,24.55,17.151519,40000,440800
2026-08-20 11:15:00,ATM+1,PE,1155.0,1130.6,25.05,25.3,24.0,25.0,17.740217,43600,422800
2026-08-20 11:20:00,ATM+1,PE,1155.0,1129.0,25.25,26.05,25.0,26.05,16.850909,10800,420800
2026-08-20 11:25:00,ATM+1,PE,1155.0,1128.5,26.0,26.2,25.9,26.05,15.343514,9600,419600
2026-08-20 11:30:00,ATM+1,PE,1140.0,1127.1,26.3,26.8,16.25,16.8,18.922252,10800,1139600
2026-08-20 11:35:00,ATM+1,PE,1140.0,1126.7,17.0,17.5,16.8,17.5,19.815833,68000,1114400
2026-08-20 11:40:00,ATM+1,PE,1155.0,1129.7,17.45,28.5,17.4,25.7,17.617148,19600,412800
2026-08-20 11:45:00,ATM+1,PE,1155.0,1130.7,25.7,25.7,24.0,24.3,15.893063,8800,413200
2026-08-20 11:50:00,ATM+1,PE,1155.0,1132.3,24.65,24.65,23.9,23.95,18.655671,3200,411600
2026-08-20 11:55:00,ATM+1,PE,1155.0,1131.0,24.4,26.0,23.9,26.0,21.281256,11200,412800
2026-08-20 12:00:00,ATM+1,PE,1155.0,1130.4,25.75,26.8,25.75,26.8,22.118348,8800,411200
2026-08-20 12:05:00,ATM+1,PE,1155.0,1129.4,26.7,27.0,26.1,26.65,19.661403,5600,411200
2026-08-20 12:10:00,ATM+1,PE,1155.0,1128.3,26.65,27.9,26.65,27.9,20.653312,7600,410800
2026-08-20 12:15:00,ATM+1,PE,1155.0,1129.8,27.35,27.9,25.9,26.55,20.276596,12400,412400
2026-08-20 12:20:00,ATM+1,PE,1155.0,1130.0,26.5,26.55,25.4,26.05,19.361448,8800,409200
2026-08-20 12:25:00,ATM+1,PE,1155.0,1131.1,26.05,26.5,26.05,26.5,22.72519,3200,408800
2026-08-20 12:30:00,ATM+1,PE,1155.0,1130.8,25.9,26.5,25.9,25.95,20.795383,7600,407600
2026-08-20 12:35:00,ATM+1,PE,1155.0,1129.9,25.8,26.75,25.8,26.75,21.033247,5200,406400
2026-08-20 12:40:00,ATM+1,PE,1155.0,1128.7,26.6,28.0,26.6,27.95,21.686349,26800,416000
2026-08-20 12:45:00,ATM+1,PE,1155.0,1128.8,27.6,27.95,26.05,26.05,16.316483,10400,413600
2026-08-20 12:50:00,ATM+1,PE,1155.0,1133.2,26.65,26.65,23.5,23.5,19.359656,11600,414000
2026-08-20 12:55:00,ATM+1,PE,1155.0,1133.7,23.2,23.75,23.2,23.7,20.777557,11200,414000
2026-08-20 13:00:00,ATM+1,PE,1155.0,1134.4,23.7,23.9,23.2,23.55,21.647706,4400,413200
2026-08-20 13:05:00,ATM+1,PE,1155.0,1133.6,23.75,24.4,23.55,24.4,22.247051,3200,411600
2026-08-20 13:10:00,ATM+1,PE,1155.0,1134.8,24.5,24.5,23.7,23.7,22.656503,4800,412400
2026-08-20 13:15:00,ATM+1,PE,1155.0,1135.0,23.6,23.9,22.85,23.7,22.982348,27200,408000
2026-08-20 13:20:00,ATM+1,PE,1155.0,1135.7,23.55,23.7,22.95,23.15,22.879812,5600,407600
2026-08-20 13:25:00,ATM+1,PE,1155.0,1136.1,22.8,23.15,22.55,22.55,22.197067,4400,407600
2026-08-20 13:30:00,ATM+1,PE,1155.0,1135.1,22.5,23.25,22.5,23.25,22.16036,4400,406800
2026-08-20 13:35:00,ATM+1,PE,1155.0,1136.4,23.05,23.25,22.8,22.8,23.211336,2800,405600
2026-08-20 13:40:00,ATM+1,PE,1160.0,1138.0,22.0,25.85,21.95,25.2,23.019093,7200,1049200
2026-08-20 13:45:00,ATM+1,PE,1160.0,1138.3,24.85,25.2,24.15,24.55,22.039229,7200,1046400
2026-08-20 13:50:00,ATM+1,PE,1155.0,1135.3,21.2,23.25,21.2,23.15,22.283354,15600,398800
2026-08-20 13:55:00,ATM+1,PE,1155.0,1134.4,23.75,24.5,23.15,24.25,23.292558,6800,398000
2026-08-20 14:00:00,ATM+1,PE,1155.0,1133.9,24.25,24.35,23.7,24.25,22.474327,1200,398000
2026-08-20 14:05:00,ATM+1,PE,1155.0,1132.5,24.4,26.2,24.25,25.5,22.972118,40400,387600
2026-08-20 14:10:00,ATM+1,PE,1155.0,1134.5,25.4,25.5,24.35,24.35,23.694327,5600,388400
2026-08-20 14:15:00,ATM+1,PE,1155.0,1134.6,24.25,24.75,23.55,23.55,22.06693,8800,392000
2026-08-20 14:20:00,ATM+1,PE,1155.0,1134.0,23.55,24.65,23.55,24.65,23.571066,6000,391200
2026-08-20 14:25:00,ATM+1,PE,1155.0,1132.9,25.5,26.0,24.65,26.0,24.819402,9600,389200
2026-08-20 14:30:00,ATM+1,PE,1155.0,1131.0,26.25,26.6,25.95,26.6,22.926392,9200,390800
2026-08-20 14:35:00,ATM+1,PE,1155.0,1130.6,26.6,26.6,25.9,26.1,20.898264,2400,390000
2026-08-20 14:40:00,ATM+1,PE,1155.0,1129.4,25.85,27.2,25.6,27.2,21.295687,9200,384000
2026-08-20 14:45:00,ATM+1,PE,1155.0,1129.5,27.65,28.4,27.05,27.1,21.246404,34400,374400
2026-08-20 14:50:00,ATM+1,PE,1155.0,1129.8,26.25,27.95,26.25,27.5,22.893604,10000,373600
2026-08-20 14:55:00,ATM+1,PE,1155.0,1129.0,28.3,28.5,27.5,28.1,22.83942,4400,372800
2026-08-20 15:00:00,ATM+1,PE,1155.0,1129.7,28.1,28.1,27.0,27.2,21.939728,4400,373200
2026-08-20 15:05:00,ATM+1,PE,1155.0,1129.1,27.55,27.55,27.2,27.25,20.806278,4800,372400
2026-08-20 15:10:00,ATM+1,PE,1155.0,1129.4,27.1,27.8,27.05,27.05,20.922636,25200,376800
2026-08-20 15:15:00,ATM+1,PE,1155.0,1129.4,27.05,27.05,25.5,25.7,16.948955,1200,376800
2026-08-20 15:20:00,ATM+1,PE,1155.0,1129.4,25.25,25.7,25.0,25.05,14.6197,5600,375600
2026-08-20 15:25:00,ATM+1,PE,1155.0,1130.0,25.3,25.3,24.85,24.85,15.825977,3600,376800
2026-08-20 15:30:00,ATM+1,PE,1155.0,1130.0,26.0,27.1,24.85,24.95,16.169744,6800,376400
2026-08-20 15:35:00,ATM+1,PE,1155.0,1130.0,24.65,25.25,24.65,25.15,16.831745,6400,375600
2026-08-21 09:15:00,ATM+1,PE,1140.0,1121.6,15.75,22.75,15.75,22.15,23.981661,129600,999600
2026-08-21 09:20:00,ATM+1,PE,1140.0,1124.1,21.05,22.15,19.85,19.85,22.709089,80400,1002000
2026-08-21 09:25:00,ATM+1,PE,1140.0,1122.3,20.25,21.2,19.5,21.2,22.904509,70800,1008000
2026-08-21 09:30:00,ATM+1,PE,1140.0,1119.9,21.55,24.5,21.05,23.25,23.667539,110000,996800
2026-08-21 09:35:00,ATM+1,PE,1140.0,1120.0,23.1,23.6,22.4,23.15,23.608571,66000,992800
2026-08-21 09:40:00,ATM+1,PE,1140.0,1122.7,23.0,23.15,20.8,20.8,22.649787,59200,990800
2026-08-21 09:45:00,ATM+1,PE,1140.0,1123.8,20.85,21.0,19.9,19.9,22.367353,27200,1000800
2026-08-21 09:50:00,ATM+1,PE,1155.0,1129.0,20.25,30.5,18.1,27.75,23.293862,25600,376800
2026-08-21 09:55:00,ATM+1,PE,1155.0,1128.7,28.6,28.9,27.75,28.8,25.630108,8400,374400
2026-08-21 10:00:00,ATM+1,PE,1155.0,1127.6,29.0,29.0,17.1,29.0,23.669496,13600,374000
2026-08-21 10:05:00,ATM+1,PE,1140.0,1126.9,18.05,29.0,17.4,18.2,23.334831,10800,1036800
2026-08-21 10:10:00,ATM+1,PE,1140.0,1127.3,17.95,30.2,17.05,17.05,21.348442,10400,1039600
2026-08-21 10:15:00,ATM+1,PE,1140.0,1126.9,17.65,18.55,17.05,18.05,23.014091,26000,1042800
2026-08-21 10:20:00,ATM+1,PE,1155.0,1130.6,18.05,30.0,18.05,27.0,24.777352,22800,362000
2026-08-21 10:25:00,ATM+1,PE,1155.0,1131.3,27.25,27.3,25.35,26.15,23.942132,46400,340400
2026-08-21 10:30:00,ATM+1,PE,1155.0,1132.7,26.25,26.25,25.05,25.15,24.137965,22400,330800
2026-08-21 10:35:00,ATM+1,PE,1155.0,1131.4,25.15,26.0,25.15,26.0,23.758586,3600,331600
2026-08-21 10:40:00,ATM+1,PE,1155.0,1130.8,26.1,26.95,25.7,26.95,25.090674,8800,331200
2026-08-21 10:45:00,ATM+1,PE,1155.0,1128.2,27.0,28.9,26.6,28.9,24.871766,12000,334800
2026-08-21 10:50:00,ATM+1,PE,1155.0,1130.5,28.9,28.9,27.65,27.75,26.629804,10400,337600
2026-08-21 10:55:00,ATM+1,PE,1155.0,1130.7,27.45,28.15,27.2,27.65,26.772742,4000,340800
2026-08-21 11:00:00,ATM+1,PE,1155.0,1131.6,27.65,27.65,27.0,27.0,26.844498,2800,338800
2026-08-21 11:05:00,ATM+1,PE,1155.0,1130.6,27.05,28.05,26.9,27.15,25.256722,6000,336800
2026-08-21 11:10:00,ATM+1,PE,1155.0,1131.6,27.3,27.3,26.55,26.55,25.695025,3600,334800
2026-08-21 11:15:00,ATM+1,PE,1155.0,1131.5,26.55,26.55,25.35,26.0,24.029922,8800,329600
2026-08-21 11:20:00,ATM+1,PE,1155.0,1132.0,26.0,26.5,26.0,26.1,25.322981,2000,328800
2026-08-21 11:25:00,ATM+1,PE,1155.0,1129.9,26.5,26.5,26.1,26.5,21.845513,400,329600
2026-08-21 11:30:00,ATM+1,PE,1155.0,1130.7,26.5,27.3,26.5,27.0,25.098976,3600,329600
2026-08-21 11:35:00,ATM+1,PE,1155.0,1130.8,27.0,27.0,27.0,27.0,25.315372,0,326800
2026-08-21 11:40:00,ATM+1,PE,1155.0,1130.3,27.0,27.45,27.0,27.45,25.502647,3600,327600
2026-08-21 11:45:00,ATM+1,PE,1155.0,1132.4,27.45,27.45,25.7,25.7,25.105942,2800,325200
2026-08-21 11:50:00,ATM+1,PE,1155.0,1132.4,25.8,25.95,25.1,25.2,23.788276,6000,322400
2026-08-21 11:55:00,ATM+1,PE,1155.0,1131.7,25.2,25.65,25.2,25.65,23.554544,1200,322000
2026-08-21 12:00:00,ATM+1,PE,1155.0,1132.0,25.85,25.85,25.35,25.35,23.375071,3600,322000
2026-08-21 12:05:00,ATM+1,PE,1155.0,1132.0,25.35,25.5,25.35,25.4,23.519804,1200,322800
2026-08-21 12:10:00,ATM+1,PE,1155.0,1131.5,25.25,25.4,25.25,25.25,22.002195,1600,324400
2026-08-21 12:15:00,ATM+1,PE,1155.0,1131.5,26.35,26.4,25.25,26.2,24.667448,5600,325200
2026-08-21 12:20:00,ATM+1,PE,1155.0,1132.1,26.2,26.2,25.4,25.4,23.753031,400,324800
2026-08-21 12:25:00,ATM+1,PE,1155.0,1130.7,25.0,26.3,25.0,26.3,23.228424,16000,329200
2026-08-21 12:30:00,ATM+1,PE,1155.0,1131.4,26.05,26.4,25.85,25.95,23.79408,8000,323200
2026-08-21 12:35:00,ATM+1,PE,1155.0,1131.6,26.0,26.3,25.65,25.75,23.677088,6000,320400
2026-08-21 12:40:00,ATM+1,PE,1155.0,1130.6,25.75,26.45,25.75,26.45,23.454802,400,320400
2026-08-21 12:45:00,ATM+1,PE,1155.0,1129.0,26.9,27.8,26.45,27.8,23.691779,3200,318800
2026-08-21 12:50:00,ATM+1,PE,1155.0,1129.5,27.8,27.8,27.8,27.8,24.858268,0,318800
2026-08-21 12:55:00,ATM+1,PE,1155.0,1129.5,27.8,27.8,27.8,27.8,24.866273,0,318800
2026-08-21 13:00:00,ATM+1,PE,1155.0,1128.5,28.75,29.85,27.8,29.4,27.18485,4800,322000
2026-08-21 13:05:00,ATM+1,PE,1155.0,1129.1,28.7,29.4,28.25,28.25,25.270972,2400,323200
2026-08-21 13:10:00,ATM+1,PE,1155.0,1129.1,28.25,28.25,28.25,28.25,25.279176,0,323200
2026-08-21 13:15:00,ATM+1,PE,1155.0,1129.9,28.1,28.25,27.2,27.2,24.078021,2800,320800
2026-08-21 13:20:00,ATM+1,PE,1155.0,1128.6,27.2,27.2,27.2,27.2,20.785028,0,320800
2026-08-21 13:25:00,ATM+1,PE,1155.0,1128.6,27.2,27.2,27.2,27.2,20.79068,0,320800
2026-08-21 13:30:00,ATM+1,PE,1140.0,1127.3,28.8,29.1,17.95,18.4,24.713801,6400,990800
2026-08-21 13:35:00,ATM+1,PE,1140.0,1127.0,18.2,18.55,18.1,18.3,24.055714,21200,983200
2026-08-21 13:40:00,ATM+1,PE,1140.0,1127.5,18.3,18.3,17.8,17.95,24.00791,4800,982000
2026-08-21 13:45:00,ATM+1,PE,1140.0,1127.3,29.6,30.35,17.75,17.95,23.722394,4400,979200
2026-08-21 13:50:00,ATM+1,PE,1155.0,1127.6,18.1,30.1,17.9,29.95,26.845236,18800,317200
2026-08-21 13:55:00,ATM+1,PE,1140.0,1126.6,29.85,29.95,17.6,18.45,23.832602,22800,969200
2026-08-21 14:00:00,ATM+1,PE,1140.0,1125.0,18.65,19.35,18.45,19.2,23.077426,18000,966800
2026-08-21 14:05:00,ATM+1,PE,1140.0,1125.7,19.6,19.6,19.0,19.0,23.734402,10000,964400
2026-08-21 14:10:00,ATM+1,PE,1140.0,1125.0,18.65,19.25,18.65,19.2,23.093576,20800,964400
2026-08-21 14:15:00,ATM+1,PE,1140.0,1124.5,19.4,19.65,18.9,19.65,23.353727,16400,962800
2026-08-21 14:20:00,ATM+1,PE,1140.0,1124.4,19.9,19.9,18.95,19.35,22.471129,44800,954000
2026-08-21 14:25:00,ATM+1,PE,1140.0,1122.8,19.35,20.45,19.3,20.1,21.501141,50000,946000
2026-08-21 14:30:00,ATM+1,PE,1140.0,1122.0,19.95,20.2,19.8,20.05,19.814054,18800,947600
2026-08-21 14:35:00,ATM+1,PE,1140.0,1121.7,20.05,20.05,19.25,19.95,18.91134,24800,952400
2026-08-21 14:40:00,ATM+1,PE,1140.0,1120.8,20.05,21.55,19.95,21.5,21.293698,28400,946400
2026-08-21 14:45:00,ATM+1,PE,1140.0,1120.7,20.75,21.5,20.65,21.35,20.6814,30400,943600
2026-08-21 14:50:00,ATM+1,PE,1140.0,1120.1,21.8,21.8,21.25,21.55,19.943346,35200,938000
2026-08-21 14:55:00,ATM+1,PE,1140.0,1120.0,21.5,21.8,21.4,21.7,20.156376,19200,940400
2026-08-21 15:00:00,ATM+1,PE,1140.0,1120.0,21.65,21.75,21.3,21.6,19.873899,22000,939600
2026-08-21 15:05:00,ATM+1,PE,1140.0,1118.7,21.55,21.6,21.45,21.5,16.153087,12000,939600
2026-08-21 15:10:00,ATM+1,PE,1140.0,1119.0,21.9,22.35,21.5,22.1,18.999227,21600,939200
2026-08-21 15:15:00,ATM+1,PE,1140.0,1119.0,22.05,22.1,20.95,20.95,15.052525,14800,933600
2026-08-21 15:20:00,ATM+1,PE,1140.0,1119.0,20.0,20.95,19.2,19.2,0.0,10000,930800
2026-08-21 15:25:00,ATM+1,PE,1140.0,1121.0,19.2,19.6,19.2,19.6,16.242931,5600,926800
2026-08-21 15:30:00,ATM+1,PE,1140.0,1121.0,19.9,20.2,19.6,20.2,18.10966,27600,906000
2026-08-21 15:35:00,ATM+1,PE,1140.0,1121.0,20.2,20.35,20.0,20.3,18.412,25200,924800
2026-08-24 09:15:00,ATM+1,PE,1160.0,1139.9,25.85,25.85,19.3,21.25,28.563765,32800,770400
2026-08-24 09:20:00,ATM+1,PE,1160.0,1142.3,19.35,21.25,17.75,17.75,18.244735,76800,787200
2026-08-24 09:25:00,ATM+1,PE,1160.0,1139.9,18.9,22.25,17.75,21.05,27.350237,73200,783600
2026-08-24 09:30:00,ATM+1,PE,1160.0,1137.9,20.8,23.05,18.9,22.75,27.121435,87200,784400
2026-08-24 09:35:00,ATM+1,PE,1160.0,1138.2,22.55,23.1,22.3,22.45,26.881979,14800,781600
2026-08-24 09:40:00,ATM+1,PE,1160.0,1138.8,22.4,22.75,22.25,22.4,30.122224,36800,782000
2026-08-24 09:45:00,ATM+1,PE,1155.0,1135.2,18.85,20.1,18.35,20.1,22.462203,8800,353200
2026-08-24 09:50:00,ATM+1,PE,1155.0,1136.4,19.7,20.1,19.3,19.55,26.170925,8000,355600
2026-08-24 09:55:00,ATM+1,PE,1155.0,1136.3,19.0,19.55,19.0,19.2,23.158339,2400,354800
2026-08-24 10:00:00,ATM+1,PE,1155.0,1135.2,19.05,20.45,19.05,20.45,25.308856,8000,354800
2026-08-24 10:05:00,ATM+1,PE,1155.0,1133.8,20.1,21.5,20.1,21.2,20.6873,8800,352800
2026-08-24 10:10:00,ATM+1,PE,1155.0,1135.6,20.9,21.2,19.1,19.1,14.518326,6400,350800
2026-08-24 10:15:00,ATM+1,PE,1155.0,1134.4,19.25,20.0,19.1,19.85,0.0,21200,345200
2026-08-24 10:20:00,ATM+1,PE,1155.0,1135.9,19.85,19.85,19.4,19.8,25.133322,1600,344400
2026-08-24 10:25:00,ATM+1,PE,1155.0,1135.1,18.3,19.8,18.1,18.3,0.0,22400,347200
2026-08-24 10:30:00,ATM+1,PE,1155.0,1134.6,19.7,20.1,18.3,20.0,0.0,2800,348000
2026-08-24 10:35:00,ATM+1,PE,1155.0,1135.8,19.85,20.0,18.4,18.9,14.346761,4000,347200
2026-08-24 10:40:00,ATM+1,PE,1155.0,1136.3,18.9,19.5,18.8,18.8,19.897102,4400,347200
2026-08-24 10:45:00,ATM+1,PE,1155.0,1135.8,18.8,19.0,18.8,19.0,16.476251,1600,347600
2026-08-24 10:50:00,ATM+1,PE,1155.0,1136.1,19.0,19.0,18.8,18.8,17.777532,5600,346400
2026-08-24 10:55:00,ATM+1,PE,1155.0,1134.0,18.8,19.7,18.8,19.65,0.0,7200,346400
2026-08-24 11:00:00,ATM+1,PE,1155.0,1132.8,19.65,21.75,19.65,21.75,0.0,6000,345600
2026-08-24 11:05:00,ATM+1,PE,1155.0,1134.3,22.0,22.0,20.25,20.45,16.558103,7600,346000
2026-08-24 11:10:00,ATM+1,PE,1155.0,1133.5,20.2,21.2,20.2,20.9,0.0,4400,344000
2026-08-24 11:15:00,ATM+1,PE,1155.0,1137.5,20.9,22.7,18.0,18.75,27.496234,13600,346000
2026-08-24 11:20:00,ATM+1,PE,1155.0,1136.4,18.45,18.75,18.45,18.45,16.898186,800,344800
2026-08-24 11:25:00,ATM+1,PE,1155.0,1136.2,18.45,18.45,18.45,18.45,11.851758,0,344400
2026-08-24 11:30:00,ATM+1,PE,1155.0,1135.2,18.45,21.95,18.45,21.8,34.459625,12800,347600
2026-08-24 11:35:00,ATM+1,PE,1155.0,1134.4,21.25,22.35,21.25,21.95,31.480509,7600,345200
2026-08-24 11:40:00,ATM+1,PE,1155.0,1133.1,22.25,23.35,21.95,23.35,33.500091,7200,343200
2026-08-24 11:45:00,ATM+1,PE,1155.0,1134.3,23.35,23.35,22.65,22.65,35.300849,6800,342000
2026-08-24 11:50:00,ATM+1,PE,1155.0,1133.5,23.1,23.7,22.65,23.7,37.665107,5600,339600
2026-08-24 11:55:00,ATM+1,PE,1155.0,1131.7,23.7,25.45,23.7,25.05,36.990589,6800,336800
2026-08-24 12:00:00,ATM+1,PE,1155.0,1133.3,24.75,25.05,24.35,24.4,40.779468,5600,333600
2026-08-24 12:05:00,ATM+1,PE,1155.0,1134.0,23.6,24.4,23.55,23.55,39.213931,8800,332400
2026-08-24 12:10:00,ATM+1,PE,1155.0,1134.9,23.0,23.55,22.35,22.35,36.584184,7200,328400
2026-08-24 12:15:00,ATM+1,PE,1155.0,1135.9,22.45,22.45,21.45,21.45,36.045316,4800,325600
2026-08-24 12:20:00,ATM+1,PE,1155.0,1136.7,21.4,21.65,21.2,21.2,38.066395,8000,325600
2026-08-24 12:25:00,ATM+1,PE,1155.0,1136.9,20.2,21.2,20.15,20.5,35.255421,18400,320000
2026-08-24 12:30:00,ATM+1,PE,1155.0,1136.6,20.4,21.3,20.4,20.55,34.289806,13200,323200
2026-08-24 12:35:00,ATM+1,PE,1155.0,1135.3,20.95,21.5,20.55,21.5,33.798282,9600,321200
2026-08-24 12:40:00,ATM+1,PE,1155.0,1136.2,21.5,21.65,20.5,21.1,35.676696,15600,318800
2026-08-24 12:45:00,ATM+1,PE,1155.0,1135.0,20.9,22.15,20.75,22.1,35.977515,8400,317200
2026-08-24 12:50:00,ATM+1,PE,1155.0,1137.0,21.5,22.1,20.0,20.0,33.183419,23600,314400
2026-08-24 12:55:00,ATM+1,PE,1155.0,1136.2,24.1,24.3,19.3,20.25,30.87587,28400,306400
2026-08-24 13:00:00,ATM+1,PE,1155.0,1136.4,20.3,20.95,20.15,20.15,31.315449,9600,305600
2026-08-24 13:05:00,ATM+1,PE,1155.0,1136.3,20.7,20.7,19.9,19.9,29.261764,9200,302400
2026-08-24 13:10:00,ATM+1,PE,1155.0,1136.9,20.3,20.3,19.9,19.9,32.336403,1600,302400
2026-08-24 13:15:00,ATM+1,PE,1155.0,1137.4,20.25,20.25,19.9,20.05,35.437052,4400,302800
2026-08-24 13:20:00,ATM+1,PE,1155.0,1136.8,19.05,23.3,18.75,18.95,25.749812,4400,302000
2026-08-24 13:25:00,ATM+1,PE,1155.0,1134.5,19.1,20.6,18.95,20.6,22.092319,13600,301600
2026-08-24 13:30:00,ATM+1,PE,1155.0,1128.7,21.3,26.75,20.6,26.4,26.966805,26400,300000
2026-08-24 13:35:00,ATM+1,PE,1155.0,1128.9,26.4,27.25,26.25,26.25,27.475856,7200,297200
2026-08-24 13:40:00,ATM+1,PE,1155.0,1129.1,27.0,27.0,26.25,27.0,36.261254,3200,295600
2026-08-24 13:45:00,ATM+1,PE,1155.0,1128.8,27.45,27.45,26.75,27.25,36.223357,4400,294400
2026-08-24 13:50:00,ATM+1,PE,1155.0,1128.7,27.15,27.6,26.75,27.35,36.373953,6400,293200
2026-08-24 13:55:00,ATM+1,PE,1155.0,1128.5,27.35,27.45,27.2,27.45,35.821361,5600,292400
2026-08-24 14:00:00,ATM+1,PE,1155.0,1129.3,27.5,27.5,26.7,27.05,38.13543,3600,290800
2026-08-24 14:05:00,ATM+1,PE,1155.0,1129.7,26.85,27.05,26.3,26.45,36.294527,8400,289600
2026-08-24 14:10:00,ATM+1,PE,1155.0,1128.6,26.45,27.35,26.45,27.2,34.613939,7600,284400
2026-08-24 14:15:00,ATM+1,PE,1155.0,1128.6,27.8,28.35,27.2,28.35,43.209548,5600,284400
2026-08-24 14:20:00,ATM+1,PE,1155.0,1128.3,28.0,28.35,28.0,28.25,40.853303,5200,281600
2026-08-24 14:25:00,ATM+1,PE,1140.0,1126.0,27.9,28.25,15.45,16.6,32.886003,22800,784400
2026-08-24 14:30:00,ATM+1,PE,1140.0,1126.0,16.5,16.6,15.45,15.9,29.164481,27200,774400
2026-08-24 14:35:00,ATM+1,PE,1140.0,1124.5,16.1,17.6,15.9,17.6,32.186742,20400,768000
2026-08-24 14:40:00,ATM+1,PE,1140.0,1123.7,17.55,18.35,17.55,18.35,32.93703,35600,760000
2026-08-24 14:45:00,ATM+1,PE,1140.0,1123.6,18.4,18.65,18.2,18.45,33.10983,19600,755200
2026-08-24 14:50:00,ATM+1,PE,1140.0,1123.9,18.5,19.1,18.25,18.25,33.362688,67200,749600
2026-08-24 14:55:00,ATM+1,PE,1140.0,1123.5,18.6,18.9,18.2,18.9,35.322986,26000,745200
2026-08-24 15:00:00,ATM+1,PE,1140.0,1123.8,18.9,18.9,16.65,17.95,31.254375,65600,736800
2026-08-24 15:05:00,ATM+1,PE,1140.0,1125.9,18.0,18.5,16.2,16.4,31.817695,34400,729600
2026-08-24 15:10:00,ATM+1,PE,1155.0,1129.5,28.35,28.8,25.6,25.6,26.907243,13600,259600
2026-08-24 15:15:00,ATM+1,PE,1155.0,1129.5,26.15,26.15,24.35,24.35,0.0,2800,259200
2026-08-24 15:20:00,ATM+1,PE,1155.0,1129.5,23.15,24.35,21.9,21.9,0.0,2400,259200
2026-08-24 15:25:00,ATM+1,PE,1155.0,1130.0,21.9,26.6,21.6,26.3,37.996285,18000,262800
2026-08-24 15:30:00,ATM+1,PE,1155.0,1130.0,24.35,26.3,19.85,19.85,0.0,11200,260000
2026-08-24 15:35:00,ATM+1,PE,1155.0,1130.0,19.7,20.5,19.65,20.0,0.0,7200,257200
2026-08-25 09:15:00,ATM+1,PE,1155.0,1130.8,22.1,26.4,22.1,24.8,57.165451,5600,258400
2026-08-25 09:20:00,ATM+1,PE,1140.0,1125.9,25.05,25.3,12.05,13.8,0.0,3200,743600
2026-08-25 09:25:00,ATM+1,PE,1140.0,1126.2,16.6,16.6,13.8,15.5,53.754522,16400,729200
2026-08-25 09:30:00,ATM+1,PE,1140.0,1127.0,15.8,15.8,15.05,15.05,56.216413,16000,722800
2026-08-25 09:35:00,ATM+1,PE,1140.0,1127.2,15.05,15.05,15.0,15.0,57.771738,2000,720800
2026-08-25 09:40:00,ATM+1,PE,1140.0,1125.2,15.45,16.3,15.0,15.8,47.872736,6400,720000
2026-08-25 09:45:00,ATM+1,PE,1140.0,1124.0,16.7,17.85,15.8,17.85,62.466899,14800,715600
2026-08-25 09:50:00,ATM+1,PE,1140.0,1123.2,17.9,18.75,17.7,18.75,66.132258,4000,716000
2026-08-25 09:55:00,ATM+1,PE,1140.0,1125.4,18.75,18.75,16.1,16.45,59.876432,8400,715600
2026-08-25 10:00:00,ATM+1,PE,1140.0,1127.1,16.8,16.8,15.4,15.4,63.525361,4800,714000
2026-08-25 10:05:00,ATM+1,PE,1140.0,1127.5,15.4,29.0,13.85,13.85,49.069736,13600,709600
2026-08-25 10:10:00,ATM+1,PE,1155.0,1128.7,28.65,28.65,28.65,28.65,95.7615,0,256400
2026-08-25 10:15:00,ATM+1,PE,1155.0,1127.6,28.65,28.65,27.45,28.5,78.881038,1200,255600
2026-08-25 10:20:00,ATM+1,PE,1155.0,1127.6,14.25,28.5,14.25,28.5,79.485723,1200,255600
2026-08-25 10:25:00,ATM+1,PE,1140.0,1126.6,14.5,15.0,14.5,15.0,56.235066,3200,695200
2026-08-25 10:30:00,ATM+1,PE,1140.0,1127.1,15.05,15.05,14.25,14.25,52.003937,18000,694400
2026-08-25 10:35:00,ATM+1,PE,1140.0,1127.4,14.25,14.55,14.25,14.45,58.25413,800,693200
2026-08-25 10:40:00,ATM+1,PE,1155.0,1128.1,14.55,30.3,14.0,28.65,92.568158,5600,254800
2026-08-25 10:45:00,ATM+1,PE,1155.0,1128.2,28.65,28.65,28.65,28.65,94.749744,0,254800
2026-08-25 10:50:00,ATM+1,PE,1140.0,1127.3,28.65,28.65,13.35,13.9,51.046927,1200,693200
2026-08-25 10:55:00,ATM+1,PE,1140.0,1126.6,14.5,14.55,13.9,14.45,50.988223,4000,693600
2026-08-25 11:00:00,ATM+1,PE,1140.0,1127.0,15.0,15.5,14.45,14.85,61.926386,5600,693200
2026-08-25 11:05:00,ATM+1,PE,1140.0,1125.9,15.05,15.85,14.85,15.85,64.221682,2800,692000
2026-08-25 11:10:00,ATM+1,PE,1140.0,1125.6,15.85,16.25,15.35,15.5,55.777201,7600,690800
2026-08-25 11:15:00,ATM+1,PE,1140.0,1127.0,16.3,16.3,14.35,14.35,56.480819,3200,690400
2026-08-25 11:20:00,ATM+1,PE,1140.0,1126.4,29.3,29.3,14.3,15.05,60.204536,3200,690400
2026-08-25 11:25:00,ATM+1,PE,1140.0,1126.9,15.15,15.15,14.2,14.55,59.374289,16000,688000
2026-08-25 11:30:00,ATM+1,PE,1140.0,1126.9,14.55,15.25,14.05,14.6,60.72006,5600,683200
2026-08-25 11:35:00,ATM+1,PE,1140.0,1127.5,14.6,14.6,14.0,14.2,62.527797,2400,681600
2026-08-25 11:40:00,ATM+1,PE,1140.0,1127.4,28.85,28.85,13.55,15.15,75.31493,1200,681600
2026-08-25 11:45:00,ATM+1,PE,1140.0,1127.4,14.2,15.15,14.15,14.15,61.898722,1200,680800
2026-08-25 11:50:00,ATM+1,PE,1155.0,1128.3,14.15,28.85,14.15,28.0,96.249186,1200,254400
2026-08-25 11:55:00,ATM+1,PE,1155.0,1129.9,28.0,28.0,28.0,28.0,121.537683,400,254400
2026-08-25 12:00:00,ATM+1,PE,1155.0,1128.2,28.0,28.0,24.65,24.65,0.0,800,254800
2026-08-25 12:05:00,ATM+1,PE,1155.0,1128.3,24.65,28.25,24.65,28.25,104.841998,5200,254000
2026-08-25 12:10:00,ATM+1,PE,1155.0,1128.4,28.25,28.25,28.25,28.25,107.856074,0,254000
2026-08-25 12:15:00,ATM+1,PE,1140.0,1127.4,28.25,28.25,12.95,12.95,42.423206,0,680000
2026-08-25 12:20:00,ATM+1,PE,1140.0,1126.7,13.85,14.5,12.95,13.7,46.123569,4000,678400
2026-08-25 12:25:00,ATM+1,PE,1140.0,1125.0,13.7,15.0,13.7,15.0,32.55058,2400,678400
2026-08-25 12:30:00,ATM+1,PE,1140.0,1123.8,15.0,17.0,15.0,17.0,65.424784,1600,678800
2026-08-25 12:35:00,ATM+1,PE,1140.0,1121.9,16.45,19.75,16.45,19.25,79.80856,2400,677200
2026-08-25 12:40:00,ATM+1,PE,1140.0,1123.0,17.85,19.25,17.85,18.8,90.284836,1600,676800
2026-08-25 12:45:00,ATM+1,PE,1140.0,1123.5,18.8,18.8,18.8,18.8,98.771746,0,676800
2026-08-25 12:50:00,ATM+1,PE,1140.0,1123.7,18.8,18.8,17.15,17.15,70.706792,400,676400
2026-08-25 12:55:00,ATM+1,PE,1140.0,1123.9,17.15,18.2,16.6,16.6,61.740722,1600,676000
2026-08-25 13:00:00,ATM+1,PE,1140.0,1123.5,16.6,17.9,16.6,16.65,50.191004,3600,674400
2026-08-25 13:05:00,ATM+1,PE,1140.0,1124.4,17.3,17.3,16.65,17.3,90.347112,400,674400
2026-08-25 13:10:00,ATM+1,PE,1140.0,1123.9,17.3,17.3,17.3,17.3,83.076513,400,674000
2026-08-25 13:15:00,ATM+1,PE,1140.0,1123.8,17.3,17.3,16.65,16.65,64.517591,400,673600
2026-08-25 13:20:00,ATM+1,PE,1140.0,1123.3,17.5,17.5,16.65,17.5,78.000591,400,673600
2026-08-25 13:25:00,ATM+1,PE,1140.0,1122.6,17.5,17.5,17.5,17.5,53.549581,0,673600
2026-08-25 13:30:00,ATM+1,PE,1140.0,1121.7,17.5,18.25,17.5,18.2,0.0,3200,673600
2026-08-25 13:35:00,ATM+1,PE,1140.0,1121.7,18.2,19.95,18.2,19.95,110.603906,800,673600
2026-08-25 13:40:00,ATM+1,PE,1140.0,1121.9,19.95,19.95,19.1,19.45,104.765663,2800,673200
2026-08-25 13:45:00,ATM+1,PE,1140.0,1121.4,19.45,19.7,19.45,19.7,102.257962,1200,673200
2026-08-25 13:50:00,ATM+1,PE,1140.0,1126.4,19.7,19.8,16.05,16.05,115.057655,10400,673200
2026-08-25 13:55:00,ATM+1,PE,1140.0,1124.3,16.05,16.05,14.3,14.7,0.0,9200,677600
2026-08-25 14:00:00,ATM+1,PE,1140.0,1125.0,14.7,15.3,14.7,15.3,66.975485,2000,678000
2026-08-25 14:05:00,ATM+1,PE,1140.0,1124.9,14.8,15.3,14.8,15.3,63.634087,4000,680000
2026-08-25 14:10:00,ATM+1,PE,1140.0,1123.8,15.55,15.9,14.7,15.9,0.0,4800,680000
2026-08-25 14:15:00,ATM+1,PE,1140.0,1123.0,15.9,19.1,15.9,18.7,130.321493,2800,682000
2026-08-25 14:20:00,ATM+1,PE,1140.0,1124.0,18.2,18.7,18.05,18.05,139.023697,1600,682000
2026-08-25 14:25:00,ATM+1,PE,1140.0,1125.5,18.05,18.05,15.65,15.65,109.484209,4000,681600
2026-08-25 14:30:00,ATM+1,PE,1140.0,1126.7,15.65,31.2,11.05,11.05,0.0,800,680000
2026-08-25 14:35:00,ATM+1,PE,1140.0,1126.4,11.05,14.0,11.05,13.5,0.0,1200,680800
2026-08-25 14:40:00,ATM+1,PE,1140.0,1126.6,13.5,13.6,13.5,13.6,73.505584,1600,680800
2026-08-25 14:45:00,ATM+1,PE,1155.0,1128.8,13.6,28.85,12.55,28.1,0.0,3200,250400
2026-08-25 14:50:00,ATM+1,PE,1155.0,1129.1,28.1,28.1,28.1,28.1,0.0,0,250400
2026-08-25 14:55:00,ATM+1,PE,1155.0,1129.9,28.1,28.1,25.65,25.65,0.0,400,250000
2026-08-25 15:00:00,ATM+1,PE,1155.0,1130.9,25.65,25.65,25.65,25.65,0.0,0,250000
2026-08-25 15:05:00,ATM+1,PE,1155.0,1130.3,25.65,25.65,25.65,25.65,0.0,0,250000
2026-08-25 15:10:00,ATM+1,PE,1155.0,1131.6,27.95,27.95,25.65,27.95,0.0,400,249600
2026-08-25 15:15:00,ATM+1,PE,1155.0,1131.6,27.95,27.95,27.95,27.95,0.0,0,249600
2026-08-25 15:20:00,ATM+1,PE,1155.0,1131.6,27.95,27.95,27.95,27.95,0.0,0,249600
2026-08-25 15:25:00,ATM+1,PE,1160.0,1144.0,27.95,28.35,27.95,28.35,0.0,0,708000
2026-08-25 15:30:00,ATM+1,PE,1160.0,1144.0,28.35,28.35,14.55,15.0,0.0,3600,708400
2026-08-25 15:35:00,ATM+1,PE,1160.0,1144.0,21.0,22.0,15.0,22.0,0.0,6000,708800
2026-08-20 09:15:00,ATM+2,CE,1160.0,1133.0,3.5,5.4,2.2,3.85,23.124263,635200,1922800
2026-08-20 09:20:00,ATM+2,CE,1160.0,1136.2,3.95,4.35,3.85,4.3,22.447481,362800,1938000
2026-08-20 09:25:00,ATM+2,CE,1160.0,1136.2,4.2,4.45,4.1,4.1,21.9824,199600,1983600
2026-08-20 09:30:00,ATM+2,CE,1175.0,1141.2,1.8,2.45,1.8,2.45,22.449199,253600,1169600
2026-08-20 09:35:00,ATM+2,CE,1175.0,1141.4,2.4,2.75,2.25,2.45,22.362112,446400,1120000
2026-08-20 09:40:00,ATM+2,CE,1175.0,1140.3,2.75,2.75,2.45,2.65,23.503828,92800,1120400
2026-08-20 09:45:00,ATM+2,CE,1175.0,1140.6,2.55,2.65,2.45,2.45,22.75773,172800,1108800
2026-08-20 09:50:00,ATM+2,CE,1175.0,1139.3,2.45,2.45,2.25,2.3,22.903656,108000,1098800
2026-08-20 09:55:00,ATM+2,CE,1175.0,1138.8,2.45,2.45,2.15,2.15,22.653326,192000,1063600
2026-08-20 10:00:00,ATM+2,CE,1175.0,1140.5,2.2,2.45,2.15,2.4,22.673679,206800,1076000
2026-08-20 10:05:00,ATM+2,CE,1175.0,1140.7,2.5,2.9,2.4,2.55,23.049822,145200,1043600
2026-08-20 10:10:00,ATM+2,CE,1175.0,1139.4,2.5,2.55,2.3,2.35,23.049541,70400,1042000
2026-08-20 10:15:00,ATM+2,CE,1175.0,1139.3,2.3,2.35,2.25,2.35,23.10457,66800,1050400
2026-08-20 10:20:00,ATM+2,CE,1175.0,1138.9,2.3,2.35,2.25,2.3,23.138933,34400,1062800
2026-08-20 10:25:00,ATM+2,CE,1160.0,1137.2,5.3,5.3,2.1,4.9,23.361993,170400,2124000
2026-08-20 10:30:00,ATM+2,CE,1175.0,1137.6,4.9,5.1,2.05,2.15,23.260995,146400,1065600
2026-08-20 10:35:00,ATM+2,CE,1160.0,1136.8,4.8,4.9,4.6,4.8,23.385405,53200,2081600
2026-08-20 10:40:00,ATM+2,CE,1160.0,1137.3,4.8,5.0,4.7,4.8,23.100647,38800,2093200
2026-08-20 10:45:00,ATM+2,CE,1175.0,1139.3,2.15,2.5,2.1,2.5,23.628592,65200,1070800
2026-08-20 10:50:00,ATM+2,CE,1175.0,1138.9,2.45,2.55,2.3,2.4,23.509975,62000,1068800
2026-08-20 10:55:00,ATM+2,CE,1175.0,1138.8,2.4,2.4,2.35,2.35,23.404943,2400,1068000
2026-08-20 11:00:00,ATM+2,CE,1160.0,1135.5,2.4,5.4,2.35,4.55,23.600481,73200,2098800
2026-08-20 11:05:00,ATM+2,CE,1160.0,1133.4,4.55,4.55,4.15,4.15,23.833212,141200,2135200
2026-08-20 11:10:00,ATM+2,CE,1160.0,1130.9,4.15,4.3,3.75,3.75,24.197529,102000,2126800
2026-08-20 11:15:00,ATM+2,CE,1160.0,1130.6,3.85,4.05,3.75,3.8,24.497399,154000,2132800
2026-08-20 11:20:00,ATM+2,CE,1160.0,1129.0,3.9,3.9,3.4,3.5,24.561605,63600,2150800
2026-08-20 11:25:00,ATM+2,CE,1160.0,1128.5,3.5,3.55,3.45,3.45,24.696359,70400,2134800
2026-08-20 11:30:00,ATM+2,CE,1155.0,1127.1,3.4,4.35,3.35,4.1,24.583365,76800,1323600
2026-08-20 11:35:00,ATM+2,CE,1155.0,1126.7,4.1,4.45,4.05,4.3,25.316355,265600,1396800
2026-08-20 11:40:00,ATM+2,CE,1160.0,1129.7,4.35,4.35,3.25,3.8,25.025108,86800,2124800
2026-08-20 11:45:00,ATM+2,CE,1160.0,1130.7,3.7,4.1,3.7,4.1,25.268034,66000,2123200
2026-08-20 11:50:00,ATM+2,CE,1160.0,1132.3,3.9,4.2,3.9,4.2,24.646877,96800,2110800
2026-08-20 11:55:00,ATM+2,CE,1160.0,1131.0,4.05,4.2,3.6,3.6,23.829377,47600,2112800
2026-08-20 12:00:00,ATM+2,CE,1160.0,1130.4,3.65,3.65,3.45,3.45,23.7585,24400,2114400
2026-08-20 12:05:00,ATM+2,CE,1160.0,1129.4,3.45,3.55,3.35,3.35,24.022267,67200,2117600
2026-08-20 12:10:00,ATM+2,CE,1160.0,1128.3,3.35,3.5,3.3,3.3,24.466272,57600,2114000
2026-08-20 12:15:00,ATM+2,CE,1160.0,1129.8,3.3,3.7,3.3,3.5,24.236364,61600,2097200
2026-08-20 12:20:00,ATM+2,CE,1160.0,1130.0,3.5,3.65,3.45,3.6,24.406836,71600,2121200
2026-08-20 12:25:00,ATM+2,CE,1160.0,1131.1,3.5,3.6,3.5,3.5,23.562883,5600,2119200
2026-08-20 12:30:00,ATM+2,CE,1160.0,1130.8,3.6,3.65,3.5,3.65,24.128933,19200,2111200
2026-08-20 12:35:00,ATM+2,CE,1160.0,1129.9,3.5,3.65,3.4,3.45,24.083461,29600,2108000
2026-08-20 12:40:00,ATM+2,CE,1160.0,1128.7,3.5,3.5,3.2,3.25,24.171823,57200,2112000
2026-08-20 12:45:00,ATM+2,CE,1160.0,1128.8,3.2,3.6,3.2,3.45,24.681231,82400,2116000
2026-08-20 12:50:00,ATM+2,CE,1160.0,1133.2,3.6,4.05,3.45,4.05,23.87765,142800,2103200
2026-08-20 12:55:00,ATM+2,CE,1160.0,1133.7,4.1,4.15,3.9,4.1,23.731643,215600,2090400
2026-08-20 13:00:00,ATM+2,CE,1160.0,1134.4,4.1,4.4,4.0,4.2,23.592732,30400,2092400
2026-08-20 13:05:00,ATM+2,CE,1160.0,1133.6,4.2,4.2,4.0,4.0,23.555746,17600,2092400
2026-08-20 13:10:00,ATM+2,CE,1160.0,1134.8,3.95,4.2,3.9,4.2,23.383303,48800,2091600
2026-08-20 13:15:00,ATM+2,CE,1160.0,1135.0,4.2,4.2,4.0,4.1,23.034044,24000,2083200
2026-08-20 13:20:00,ATM+2,CE,1160.0,1135.7,4.1,4.2,4.1,4.15,22.766684,40000,2080400
2026-08-20 13:25:00,ATM+2,CE,1160.0,1136.1,4.2,4.2,3.9,4.0,22.182797,98000,2080400
2026-08-20 13:30:00,ATM+2,CE,1160.0,1135.1,3.95,4.0,3.75,3.75,22.13613,20400,2077600
2026-08-20 13:35:00,ATM+2,CE,1160.0,1136.4,3.8,3.9,3.75,3.9,21.78477,11200,2065200
2026-08-20 13:40:00,ATM+2,CE,1175.0,1138.0,4.0,4.15,1.85,2.05,23.050918,37600,1042000
2026-08-20 13:45:00,ATM+2,CE,1175.0,1138.3,1.95,2.15,1.95,2.0,22.747329,11600,1048800
2026-08-20 13:50:00,ATM+2,CE,1160.0,1135.3,4.1,4.45,3.7,3.75,22.057135,85200,2042400
2026-08-20 13:55:00,ATM+2,CE,1160.0,1134.4,3.65,3.75,3.45,3.5,21.928692,66800,2037600
2026-08-20 14:00:00,ATM+2,CE,1160.0,1133.9,3.6,3.6,3.4,3.45,22.080587,19200,2026000
2026-08-20 14:05:00,ATM+2,CE,1160.0,1132.5,3.5,3.5,3.25,3.35,22.582719,361200,2071600
2026-08-20 14:10:00,ATM+2,CE,1160.0,1134.5,3.4,3.65,3.35,3.65,22.282258,31200,2057600
2026-08-20 14:15:00,ATM+2,CE,1160.0,1134.6,3.6,3.65,3.55,3.65,22.23512,34800,2066400
2026-08-20 14:20:00,ATM+2,CE,1160.0,1134.0,3.65,3.7,3.45,3.45,22.058662,64000,2057600
2026-08-20 14:25:00,ATM+2,CE,1160.0,1132.9,3.35,3.55,3.35,3.4,22.533286,107600,2066400
2026-08-20 14:30:00,ATM+2,CE,1160.0,1131.0,3.3,3.4,3.1,3.3,23.291576,144000,2097200
2026-08-20 14:35:00,ATM+2,CE,1160.0,1130.6,3.25,3.4,3.25,3.35,23.649488,28800,2103600
2026-08-20 14:40:00,ATM+2,CE,1160.0,1129.4,3.35,3.4,3.1,3.1,23.594827,42400,2100800
2026-08-20 14:45:00,ATM+2,CE,1160.0,1129.5,3.1,3.3,3.0,3.2,23.833177,67600,2121600
2026-08-20 14:50:00,ATM+2,CE,1160.0,1129.8,3.2,3.25,3.1,3.15,23.544225,207600,2075200
2026-08-20 14:55:00,ATM+2,CE,1160.0,1129.0,3.05,3.15,2.95,3.05,23.686486,194800,2075200
2026-08-20 15:00:00,ATM+2,CE,1160.0,1129.7,3.1,3.15,3.05,3.15,23.61404,36400,2067600
2026-08-20 15:05:00,ATM+2,CE,1160.0,1129.1,3.2,3.2,3.05,3.05,23.652019,32800,2084800
2026-08-20 15:10:00,ATM+2,CE,1160.0,1129.4,3.1,3.2,3.05,3.2,23.929698,92400,2087200
2026-08-20 15:15:00,ATM+2,CE,1160.0,1129.4,3.25,3.5,3.2,3.3,24.218561,98000,2085200
2026-08-20 15:20:00,ATM+2,CE,1160.0,1129.4,3.25,3.3,3.05,3.1,23.664564,126000,2073200
2026-08-20 15:25:00,ATM+2,CE,1160.0,1130.0,3.1,3.1,2.8,2.8,22.498533,87600,2078800
2026-08-20 15:30:00,ATM+2,CE,1160.0,1130.0,2.8,2.9,2.35,2.9,22.796971,58400,2078400
2026-08-20 15:35:00,ATM+2,CE,1160.0,1130.0,2.95,3.0,2.8,3.0,23.092467,69600,2081200
2026-08-21 09:15:00,ATM+2,CE,1155.0,1121.6,4.05,4.05,1.7,1.75,22.744469,425200,1351200
2026-08-21 09:20:00,ATM+2,CE,1155.0,1124.1,1.8,2.1,1.65,2.1,22.769809,969600,1292400
2026-08-21 09:25:00,ATM+2,CE,1155.0,1122.3,2.0,2.15,1.75,1.75,22.409723,481600,1308400
2026-08-21 09:30:00,ATM+2,CE,1155.0,1119.9,1.7,1.8,1.55,1.6,23.015966,305200,1351200
2026-08-21 09:35:00,ATM+2,CE,1155.0,1120.0,1.7,1.7,1.55,1.55,22.766573,162800,1345200
2026-08-21 09:40:00,ATM+2,CE,1155.0,1122.7,1.6,1.8,1.55,1.8,22.428733,158800,1344400
2026-08-21 09:45:00,ATM+2,CE,1155.0,1123.8,1.85,1.95,1.8,1.9,22.249501,128000,1352800
2026-08-21 09:50:00,ATM+2,CE,1160.0,1129.0,1.9,2.3,1.7,2.3,23.477638,143600,2014000
2026-08-21 09:55:00,ATM+2,CE,1160.0,1128.7,2.05,2.3,2.05,2.05,22.767695,73600,2001200
2026-08-21 10:00:00,ATM+2,CE,1160.0,1127.6,1.95,2.5,1.7,1.75,22.224597,106000,2002400
2026-08-21 10:05:00,ATM+2,CE,1155.0,1126.9,2.05,2.3,1.65,2.2,21.705041,44000,1300800
2026-08-21 10:10:00,ATM+2,CE,1155.0,1127.3,2.1,2.35,1.65,2.3,21.831236,299600,1340000
2026-08-21 10:15:00,ATM+2,CE,1155.0,1126.9,2.2,2.3,2.1,2.15,21.554066,124400,1328400
2026-08-21 10:20:00,ATM+2,CE,1160.0,1130.6,2.15,2.3,1.65,2.3,22.676517,347200,1966800
2026-08-21 10:25:00,ATM+2,CE,1160.0,1131.3,2.2,2.4,2.0,2.35,22.473462,273600,2042400
2026-08-21 10:30:00,ATM+2,CE,1160.0,1132.7,2.25,2.5,2.25,2.5,22.200598,92800,2054800
2026-08-21 10:35:00,ATM+2,CE,1160.0,1131.4,2.4,2.5,2.35,2.4,22.604068,26400,2048800
2026-08-21 10:40:00,ATM+2,CE,1160.0,1130.8,2.3,2.4,2.2,2.2,22.267662,33600,2050800
2026-08-21 10:45:00,ATM+2,CE,1160.0,1128.2,2.3,2.3,1.9,1.95,22.762733,139600,2032000
2026-08-21 10:50:00,ATM+2,CE,1160.0,1130.5,1.95,2.3,1.95,2.3,22.790421,29600,2026400
2026-08-21 10:55:00,ATM+2,CE,1160.0,1130.7,2.4,2.55,2.3,2.5,23.358863,31600,2022800
2026-08-21 11:00:00,ATM+2,CE,1160.0,1131.6,2.45,2.55,2.35,2.45,22.708066,48400,2030800
2026-08-21 11:05:00,ATM+2,CE,1160.0,1130.6,2.4,2.45,2.2,2.3,22.766168,137200,2014000
2026-08-21 11:10:00,ATM+2,CE,1160.0,1131.6,2.35,2.4,2.3,2.4,22.563614,18000,1998800
2026-08-21 11:15:00,ATM+2,CE,1160.0,1131.5,2.4,2.5,2.3,2.3,22.295651,179600,1985600
2026-08-21 11:20:00,ATM+2,CE,1160.0,1132.0,2.3,2.35,2.2,2.3,22.03177,33200,1969600
2026-08-21 11:25:00,ATM+2,CE,1160.0,1129.9,2.25,2.3,2.1,2.1,22.490194,92400,1946800
2026-08-21 11:30:00,ATM+2,CE,1160.0,1130.7,2.05,2.25,2.05,2.15,22.246926,35200,1942000
2026-08-21 11:35:00,ATM+2,CE,1160.0,1130.8,2.15,2.25,2.15,2.2,22.375808,37600,1966400
2026-08-21 11:40:00,ATM+2,CE,1160.0,1130.3,2.15,2.2,2.1,2.15,22.481771,14000,1966000
2026-08-21 11:45:00,ATM+2,CE,1160.0,1132.4,2.1,2.25,2.1,2.25,21.693827,8800,1954800
2026-08-21 11:50:00,ATM+2,CE,1160.0,1132.4,2.25,2.35,2.15,2.3,21.870333,144800,1979200
2026-08-21 11:55:00,ATM+2,CE,1160.0,1131.7,2.25,2.3,2.05,2.1,21.583117,103600,1913600
2026-08-21 12:00:00,ATM+2,CE,1160.0,1132.0,2.15,2.2,2.1,2.15,21.602477,71600,1864800
2026-08-21 12:05:00,ATM+2,CE,1160.0,1132.0,2.15,2.2,2.05,2.1,21.440122,42000,1859200
2026-08-21 12:10:00,ATM+2,CE,1160.0,1131.5,2.05,2.15,1.95,1.95,21.191284,26000,1856800
2026-08-21 12:15:00,ATM+2,CE,1160.0,1131.5,1.95,2.05,1.9,2.0,21.378623,72400,1843200
2026-08-21 12:20:00,ATM+2,CE,1160.0,1132.1,2.0,2.1,2.0,2.0,21.066313,26000,1834800
2026-08-21 12:25:00,ATM+2,CE,1160.0,1130.7,2.1,2.1,1.95,1.95,21.645383,133600,1831600
2026-08-21 12:30:00,ATM+2,CE,1160.0,1131.4,1.9,1.95,1.85,1.85,20.920688,18800,1838000
2026-08-21 12:35:00,ATM+2,CE,1160.0,1131.6,1.9,2.0,1.85,2.0,21.36323,22800,1839600
2026-08-21 12:40:00,ATM+2,CE,1160.0,1130.6,2.0,2.0,1.85,1.85,21.36142,25200,1820400
2026-08-21 12:45:00,ATM+2,CE,1160.0,1129.0,1.95,1.95,1.85,1.85,22.210041,14800,1812800
2026-08-21 12:50:00,ATM+2,CE,1160.0,1129.5,1.85,1.85,1.8,1.8,21.769566,17200,1814000
2026-08-21 12:55:00,ATM+2,CE,1160.0,1129.5,1.85,1.9,1.8,1.9,22.155175,3200,1810800
2026-08-21 13:00:00,ATM+2,CE,1160.0,1128.5,1.8,1.9,1.75,1.75,22.115904,8800,1814400
2026-08-21 13:05:00,ATM+2,CE,1160.0,1129.1,1.75,1.9,1.75,1.8,22.007399,57600,1805600
2026-08-21 13:10:00,ATM+2,CE,1160.0,1129.1,1.85,1.85,1.8,1.85,22.207432,15600,1805200
2026-08-21 13:15:00,ATM+2,CE,1160.0,1129.9,1.85,2.0,1.85,2.0,22.350947,16800,1813200
2026-08-21 13:20:00,ATM+2,CE,1160.0,1128.6,1.9,2.0,1.85,1.85,22.489097,63200,1824000
2026-08-21 13:25:00,ATM+2,CE,1160.0,1128.6,1.85,1.85,1.8,1.8,22.30751,21200,1821200
2026-08-21 13:30:00,ATM+2,CE,1155.0,1127.3,1.8,2.3,1.7,2.25,22.053431,53200,1055200
2026-08-21 13:35:00,ATM+2,CE,1155.0,1127.0,2.15,2.25,2.05,2.1,21.711762,78800,1044400
2026-08-21 13:40:00,ATM+2,CE,1155.0,1127.5,2.1,2.15,2.1,2.15,21.620258,22800,1040000
2026-08-21 13:45:00,ATM+2,CE,1155.0,1127.3,1.7,2.15,1.65,2.15,21.740394,34000,1040000
2026-08-21 13:50:00,ATM+2,CE,1160.0,1127.6,2.1,2.15,1.6,1.6,22.077285,6400,1802800
2026-08-21 13:55:00,ATM+2,CE,1155.0,1126.6,1.6,2.1,1.6,2.1,21.970272,400,1036000
2026-08-21 14:00:00,ATM+2,CE,1155.0,1125.0,2.0,2.1,1.85,1.85,21.931984,94800,1021600
2026-08-21 14:05:00,ATM+2,CE,1155.0,1125.7,1.8,1.85,1.75,1.85,21.569681,20400,1023200
2026-08-21 14:10:00,ATM+2,CE,1155.0,1125.0,1.8,1.85,1.7,1.7,21.376602,84400,1017200
2026-08-21 14:15:00,ATM+2,CE,1155.0,1124.5,1.75,1.8,1.65,1.65,21.450124,56800,1023600
2026-08-21 14:20:00,ATM+2,CE,1155.0,1124.4,1.55,1.65,1.5,1.55,21.108797,102400,1019200
2026-08-21 14:25:00,ATM+2,CE,1155.0,1122.8,1.5,1.55,1.35,1.35,21.07876,112000,998800
2026-08-21 14:30:00,ATM+2,CE,1155.0,1122.0,1.3,1.35,1.3,1.35,21.486244,329200,990400
2026-08-21 14:35:00,ATM+2,CE,1155.0,1121.7,1.35,1.45,1.35,1.35,21.644931,82400,972800
2026-08-21 14:40:00,ATM+2,CE,1155.0,1120.8,1.35,1.35,1.25,1.3,21.871177,202400,934800
2026-08-21 14:45:00,ATM+2,CE,1155.0,1120.7,1.4,1.4,1.3,1.35,22.160103,77200,944800
2026-08-21 14:50:00,ATM+2,CE,1155.0,1120.1,1.3,1.35,1.15,1.15,21.514595,360000,898400
2026-08-21 14:55:00,ATM+2,CE,1155.0,1120.0,1.15,1.15,1.1,1.1,21.322647,79600,875600
2026-08-21 15:00:00,ATM+2,CE,1155.0,1120.0,1.1,1.1,1.05,1.1,21.332348,110400,883200
2026-08-21 15:05:00,ATM+2,CE,1155.0,1118.7,1.1,1.1,1.05,1.05,21.701443,28000,898800
2026-08-21 15:10:00,ATM+2,CE,1155.0,1119.0,1.0,1.05,0.95,0.95,21.033838,132800,897200
2026-08-21 15:15:00,ATM+2,CE,1155.0,1119.0,1.0,1.0,0.95,0.95,21.043427,117200,866400
2026-08-21 15:20:00,ATM+2,CE,1155.0,1119.0,1.05,1.05,0.9,0.9,20.774842,197200,760000
2026-08-21 15:25:00,ATM+2,CE,1155.0,1121.0,0.9,0.95,0.85,0.95,20.12824,43200,758000
2026-08-21 15:30:00,ATM+2,CE,1155.0,1121.0,0.95,1.05,0.95,1.05,20.659123,65200,793600
2026-08-21 15:35:00,ATM+2,CE,1155.0,1121.0,1.05,1.2,1.0,1.2,21.410518,23600,789600
2026-08-24 09:15:00,ATM+2,CE,1175.0,1139.9,0.75,1.1,0.4,0.5,31.791582,196400,929200
2026-08-24 09:20:00,ATM+2,CE,1175.0,1142.3,0.6,1.3,0.5,1.1,36.227543,1017200,892000
2026-08-24 09:25:00,ATM+2,CE,1175.0,1139.9,1.2,1.2,0.75,0.95,36.897821,177200,882800
2026-08-24 09:30:00,ATM+2,CE,1175.0,1137.9,1.05,1.05,0.75,0.75,36.481197,132000,885600
2026-08-24 09:35:00,ATM+2,CE,1175.0,1138.2,0.85,0.95,0.75,0.95,38.388801,132400,890400
2026-08-24 09:40:00,ATM+2,CE,1175.0,1138.8,1.0,1.0,0.8,0.85,36.945564,82000,886400
2026-08-24 09:45:00,ATM+2,CE,1160.0,1135.2,2.2,2.2,1.55,1.55,33.32406,204000,1565600
2026-08-24 09:50:00,ATM+2,CE,1160.0,1136.4,1.6,1.6,1.4,1.5,31.892197,326800,1611200
2026-08-24 09:55:00,ATM+2,CE,1160.0,1136.3,1.55,1.65,1.5,1.5,32.033143,1226800,1592400
2026-08-24 10:00:00,ATM+2,CE,1160.0,1135.2,1.55,1.6,1.35,1.35,32.063849,182400,1554400
2026-08-24 10:05:00,ATM+2,CE,1160.0,1133.8,1.35,1.35,1.05,1.1,31.481637,249600,1554000
2026-08-24 10:10:00,ATM+2,CE,1160.0,1135.6,1.0,1.1,1.0,1.1,29.913497,130800,1553200
2026-08-24 10:15:00,ATM+2,CE,1160.0,1134.4,1.1,1.2,1.05,1.1,31.036056,404000,1575200
2026-08-24 10:20:00,ATM+2,CE,1160.0,1135.9,1.0,1.15,1.0,1.15,30.115081,87600,1570400
2026-08-24 10:25:00,ATM+2,CE,1160.0,1135.1,1.3,1.3,1.1,1.15,30.888178,267200,1562000
2026-08-24 10:30:00,ATM+2,CE,1160.0,1134.6,1.1,1.15,1.0,1.1,30.991959,70000,1568000
2026-08-24 10:35:00,ATM+2,CE,1160.0,1135.8,1.1,1.15,1.1,1.1,29.950851,137200,1566000
2026-08-24 10:40:00,ATM+2,CE,1160.0,1136.3,1.1,1.2,1.1,1.15,29.924626,76000,1547600
2026-08-24 10:45:00,ATM+2,CE,1160.0,1135.8,1.2,1.2,1.05,1.15,30.428676,243200,1532800
2026-08-24 10:50:00,ATM+2,CE,1160.0,1136.1,1.15,1.15,1.05,1.1,29.809673,334400,1527600
2026-08-24 10:55:00,ATM+2,CE,1160.0,1134.0,1.1,1.1,0.95,0.95,30.505805,58000,1544800
2026-08-24 11:00:00,ATM+2,CE,1160.0,1132.8,0.95,1.0,0.8,0.8,30.226479,147600,1544000
2026-08-24 11:05:00,ATM+2,CE,1160.0,1134.3,0.8,0.9,0.75,0.8,28.983579,172400,1506400
2026-08-24 11:10:00,ATM+2,CE,1160.0,1133.5,0.75,0.8,0.7,0.75,29.233937,336400,1534800
2026-08-24 11:15:00,ATM+2,CE,1160.0,1137.5,0.75,1.0,0.2,0.85,26.713305,341200,1487600
2026-08-24 11:20:00,ATM+2,CE,1160.0,1136.4,0.9,0.9,0.85,0.85,27.730335,112800,1501600
2026-08-24 11:25:00,ATM+2,CE,1160.0,1136.2,0.85,0.95,0.85,0.95,28.810218,28000,1495600
2026-08-24 11:30:00,ATM+2,CE,1160.0,1135.2,0.9,1.1,0.9,1.1,30.999628,260800,1614800
2026-08-24 11:35:00,ATM+2,CE,1160.0,1134.4,1.05,1.1,0.95,1.0,30.947676,92000,1612000
2026-08-24 11:40:00,ATM+2,CE,1160.0,1133.1,1.0,1.05,0.9,0.9,31.272563,120800,1621600
2026-08-24 11:45:00,ATM+2,CE,1160.0,1134.3,1.0,1.15,0.9,1.1,31.971064,115200,1580400
2026-08-24 11:50:00,ATM+2,CE,1160.0,1133.5,1.1,1.15,1.05,1.05,32.333697,18400,1575600
2026-08-24 11:55:00,ATM+2,CE,1160.0,1131.7,1.05,1.1,0.8,0.8,31.685731,184800,1528000
2026-08-24 12:00:00,ATM+2,CE,1160.0,1133.3,0.8,0.85,0.8,0.85,30.822626,47200,1528800
2026-08-24 12:05:00,ATM+2,CE,1160.0,1134.0,0.95,1.1,0.85,1.0,31.597471,188400,1567600
2026-08-24 12:10:00,ATM+2,CE,1160.0,1134.9,1.1,1.1,1.0,1.05,31.247584,84000,1577600
2026-08-24 12:15:00,ATM+2,CE,1160.0,1135.9,1.1,1.15,1.05,1.15,31.176308,26000,1572400
2026-08-24 12:20:00,ATM+2,CE,1160.0,1136.7,1.15,1.25,1.05,1.25,31.235258,62000,1566400
2026-08-24 12:25:00,ATM+2,CE,1160.0,1136.9,1.2,1.25,1.15,1.2,30.710921,92800,1570400
2026-08-24 12:30:00,ATM+2,CE,1160.0,1136.6,1.2,1.2,1.1,1.1,30.261714,46800,1562800
2026-08-24 12:35:00,ATM+2,CE,1160.0,1135.3,1.1,1.15,1.0,1.0,30.698108,66000,1568800
2026-08-24 12:40:00,ATM+2,CE,1160.0,1136.2,1.05,1.15,1.0,1.15,31.136275,63200,1563200
2026-08-24 12:45:00,ATM+2,CE,1160.0,1135.0,1.15,1.2,0.95,0.95,30.637593,42800,1542400
2026-08-24 12:50:00,ATM+2,CE,1160.0,1137.0,0.95,1.05,0.95,1.0,29.258376,44800,1537600
2026-08-24 12:55:00,ATM+2,CE,1160.0,1136.2,0.2,1.05,0.15,1.05,30.472787,47600,1500800
2026-08-24 13:00:00,ATM+2,CE,1160.0,1136.4,1.0,1.05,0.85,0.9,29.052863,112800,1492800
2026-08-24 13:05:00,ATM+2,CE,1160.0,1136.3,0.85,0.9,0.8,0.9,29.191693,16800,1499200
2026-08-24 13:10:00,ATM+2,CE,1160.0,1136.9,0.9,0.95,0.85,0.9,28.683826,47200,1503600
2026-08-24 13:15:00,ATM+2,CE,1160.0,1137.4,0.85,0.95,0.85,0.95,28.695233,61600,1499600
2026-08-24 13:20:00,ATM+2,CE,1160.0,1136.8,0.95,0.95,0.2,0.9,28.869641,39600,1501600
2026-08-24 13:25:00,ATM+2,CE,1160.0,1134.5,0.9,0.9,0.85,0.85,30.574743,182800,1516000
2026-08-24 13:30:00,ATM+2,CE,1160.0,1128.7,0.8,0.85,0.65,0.65,33.604515,276000,1505600
2026-08-24 13:35:00,ATM+2,CE,1160.0,1128.9,0.65,0.7,0.65,0.65,33.488888,54000,1520800
2026-08-24 13:40:00,ATM+2,CE,1160.0,1129.1,0.65,0.75,0.65,0.7,33.956052,40400,1511200
2026-08-24 13:45:00,ATM+2,CE,1160.0,1128.8,0.7,0.75,0.7,0.7,34.271129,28000,1526000
2026-08-24 13:50:00,ATM+2,CE,1160.0,1128.7,0.75,0.75,0.7,0.75,34.982545,7600,1526000
2026-08-24 13:55:00,ATM+2,CE,1160.0,1128.5,0.75,0.8,0.75,0.8,35.768334,18400,1508400
2026-08-24 14:00:00,ATM+2,CE,1160.0,1129.3,0.8,0.8,0.8,0.8,35.117922,2000,1508000
2026-08-24 14:05:00,ATM+2,CE,1160.0,1129.7,0.8,0.8,0.8,0.8,34.819948,43200,1509600
2026-08-24 14:10:00,ATM+2,CE,1160.0,1128.6,0.8,0.95,0.8,0.95,37.429745,108000,1534800
2026-08-24 14:15:00,ATM+2,CE,1160.0,1128.6,0.9,0.95,0.85,0.9,36.981343,14400,1529200
2026-08-24 14:20:00,ATM+2,CE,1160.0,1128.3,0.9,0.9,0.85,0.85,36.787952,8400,1527600
2026-08-24 14:25:00,ATM+2,CE,1155.0,1126.0,0.85,1.25,0.85,1.1,36.980221,18800,1140000
2026-08-24 14:30:00,ATM+2,CE,1155.0,1126.0,1.15,1.2,1.1,1.1,37.042618,13200,1131600
2026-08-24 14:35:00,ATM+2,CE,1155.0,1124.5,1.1,1.1,1.05,1.05,38.0612,18000,1128800
2026-08-24 14:40:00,ATM+2,CE,1155.0,1123.7,1.05,1.05,0.95,1.05,38.88085,56400,1090000
2026-08-24 14:45:00,ATM+2,CE,1155.0,1123.6,1.05,1.05,0.95,1.0,38.54704,39600,1082400
2026-08-24 14:50:00,ATM+2,CE,1155.0,1123.9,0.95,1.0,0.95,1.0,38.331473,61600,1066400
2026-08-24 14:55:00,ATM+2,CE,1155.0,1123.5,1.0,1.0,0.9,0.95,38.26459,172000,991600
2026-08-24 15:00:00,ATM+2,CE,1155.0,1123.8,0.95,1.0,0.95,1.0,38.557308,39200,992000
2026-08-24 15:05:00,ATM+2,CE,1155.0,1125.9,0.95,1.15,0.95,1.15,38.045816,44800,1004400
2026-08-24 15:10:00,ATM+2,CE,1160.0,1129.5,0.75,0.75,0.7,0.75,35.220729,43600,1451200
2026-08-24 15:15:00,ATM+2,CE,1160.0,1129.5,0.75,0.75,0.7,0.75,35.28196,32000,1456400
2026-08-24 15:20:00,ATM+2,CE,1160.0,1129.5,0.75,0.75,0.7,0.7,34.765101,53600,1479600
2026-08-24 15:25:00,ATM+2,CE,1160.0,1130.0,0.7,0.75,0.6,0.6,33.164119,40400,1486000
2026-08-24 15:30:00,ATM+2,CE,1160.0,1130.0,0.65,0.85,0.6,0.8,35.570739,43200,1478000
2026-08-24 15:35:00,ATM+2,CE,1160.0,1130.0,0.85,0.85,0.8,0.8,35.63342,78800,1477200
2026-08-25 09:15:00,ATM+2,CE,1160.0,1130.8,0.45,0.6,0.15,0.15,48.766487,231200,1412800
2026-08-25 09:20:00,ATM+2,CE,1155.0,1125.9,0.15,0.3,0.15,0.3,55.610165,62000,822000
2026-08-25 09:25:00,ATM+2,CE,1155.0,1126.2,0.3,0.3,0.25,0.25,53.632027,58400,796400
2026-08-25 09:30:00,ATM+2,CE,1155.0,1127.0,0.25,0.25,0.25,0.25,52.752626,50000,755600
2026-08-25 09:35:00,ATM+2,CE,1155.0,1127.2,0.2,0.3,0.2,0.25,52.804837,36800,740400
2026-08-25 09:40:00,ATM+2,CE,1155.0,1125.2,0.25,0.3,0.25,0.25,56.333894,12400,736400
2026-08-25 09:45:00,ATM+2,CE,1155.0,1124.0,0.2,0.25,0.2,0.2,56.362642,10400,732000
2026-08-25 09:50:00,ATM+2,CE,1155.0,1123.2,0.2,0.25,0.15,0.25,60.328236,24000,718800
2026-08-25 09:55:00,ATM+2,CE,1155.0,1125.4,0.2,0.25,0.2,0.2,55.006232,31600,704000
2026-08-25 10:00:00,ATM+2,CE,1155.0,1127.1,0.2,0.2,0.2,0.2,52.732971,21600,699600
2026-08-25 10:05:00,ATM+2,CE,1155.0,1127.5,0.25,0.25,0.15,0.25,54.670186,36800,686800
2026-08-25 10:10:00,ATM+2,CE,1160.0,1128.7,0.15,0.15,0.15,0.15,55.967747,800,1306400
2026-08-25 10:15:00,ATM+2,CE,1160.0,1127.6,0.15,0.15,0.15,0.15,58.09549,8800,1302800
2026-08-25 10:20:00,ATM+2,CE,1160.0,1127.6,0.15,0.15,0.1,0.1,55.020949,18000,1294000
2026-08-25 10:25:00,ATM+2,CE,1155.0,1126.6,0.15,0.15,0.15,0.15,52.98688,3200,680800
2026-08-25 10:30:00,ATM+2,CE,1155.0,1127.1,0.15,0.2,0.15,0.2,55.276255,28400,681200
2026-08-25 10:35:00,ATM+2,CE,1155.0,1127.4,0.2,0.2,0.15,0.15,52.575495,1200,681600
2026-08-25 10:40:00,ATM+2,CE,1160.0,1128.1,0.15,0.15,0.05,0.1,56.099325,3600,1258400
2026-08-25 10:45:00,ATM+2,CE,1160.0,1128.2,0.1,0.1,0.1,0.1,56.4285,2800,1257200
2026-08-25 10:50:00,ATM+2,CE,1155.0,1127.3,0.1,0.15,0.05,0.15,54.112418,4400,676000
2026-08-25 10:55:00,ATM+2,CE,1155.0,1126.6,0.15,0.2,0.15,0.2,58.56559,7600,676000
2026-08-25 11:00:00,ATM+2,CE,1155.0,1127.0,0.2,0.2,0.15,0.15,55.596912,4400,676000
2026-08-25 11:05:00,ATM+2,CE,1155.0,1125.9,0.2,0.2,0.15,0.15,57.97837,11600,673200
2026-08-25 11:10:00,ATM+2,CE,1155.0,1125.6,0.1,0.15,0.05,0.05,50.272007,51200,667200
2026-08-25 11:15:00,ATM+2,CE,1155.0,1127.0,0.05,0.1,0.05,0.05,48.614695,14000,666800
2026-08-25 11:20:00,ATM+2,CE,1155.0,1126.4,0.1,0.1,0.1,0.1,55.150569,10800,666400
2026-08-25 11:25:00,ATM+2,CE,1155.0,1126.9,0.1,0.1,0.05,0.1,54.8603,8800,666400
2026-08-25 11:30:00,ATM+2,CE,1155.0,1126.9,0.1,0.1,0.05,0.05,50.24362,21200,665600
2026-08-25 11:35:00,ATM+2,CE,1155.0,1127.5,0.05,0.1,0.05,0.1,54.962819,800,665600
2026-08-25 11:40:00,ATM+2,CE,1155.0,1127.4,0.1,0.1,0.05,0.05,50.499411,1600,665200
2026-08-25 11:45:00,ATM+2,CE,1155.0,1127.4,0.05,0.1,0.05,0.1,56.324937,5600,661200
2026-08-25 11:50:00,ATM+2,CE,1160.0,1128.3,0.05,0.1,0.05,0.1,63.912446,22400,1237600
2026-08-25 11:55:00,ATM+2,CE,1160.0,1129.9,0.1,0.1,0.05,0.05,56.103829,2000,1238000
2026-08-25 12:00:00,ATM+2,CE,1160.0,1128.2,0.05,0.05,0.05,0.05,59.583245,1600,1238000
2026-08-25 12:05:00,ATM+2,CE,1160.0,1128.3,0.05,0.05,0.05,0.05,60.121816,400,1238000
2026-08-25 12:10:00,ATM+2,CE,1160.0,1128.4,0.05,0.1,0.05,0.1,66.781904,11600,1228000
2026-08-25 12:15:00,ATM+2,CE,1155.0,1127.4,0.05,0.1,0.05,0.05,54.753047,22000,645600
2026-08-25 12:20:00,ATM+2,CE,1155.0,1126.7,0.05,0.05,0.05,0.05,56.690408,0,645600
2026-08-25 12:25:00,ATM+2,CE,1155.0,1125.0,0.05,0.05,0.05,0.05,60.469481,0,645600
2026-08-25 12:30:00,ATM+2,CE,1155.0,1123.8,0.05,0.05,0.05,0.05,63.446934,2000,645600
2026-08-25 12:35:00,ATM+2,CE,1155.0,1121.9,0.05,0.05,0.05,0.05,67.785068,400,643600
2026-08-25 12:40:00,ATM+2,CE,1155.0,1123.0,0.05,0.05,0.05,0.05,66.718403,0,643600
2026-08-25 12:45:00,ATM+2,CE,1155.0,1123.5,0.05,0.05,0.05,0.05,66.756278,400,643600
2026-08-25 12:50:00,ATM+2,CE,1155.0,1123.7,0.05,0.05,0.05,0.05,67.380916,0,643600
2026-08-25 12:55:00,ATM+2,CE,1155.0,1123.9,0.05,0.05,0.05,0.05,68.040511,0,643600
2026-08-25 13:00:00,ATM+2,CE,1155.0,1123.5,0.05,0.05,0.05,0.05,69.918111,8800,635200
2026-08-25 13:05:00,ATM+2,CE,1155.0,1124.4,0.05,0.05,0.05,0.05,69.275374,10000,625600
2026-08-25 13:10:00,ATM+2,CE,1155.0,1123.9,0.05,0.05,0.05,0.05,71.479748,17200,607200
2026-08-25 13:15:00,ATM+2,CE,1155.0,1123.8,0.05,0.05,0.05,0.05,72.95398,4400,607200
2026-08-25 13:20:00,ATM+2,CE,1155.0,1123.3,0.05,0.05,0.05,0.05,75.348659,1600,602800
2026-08-25 13:25:00,ATM+2,CE,1155.0,1122.6,0.05,0.05,0.05,0.05,78.286802,0,602800
2026-08-25 13:30:00,ATM+2,CE,1155.0,1121.7,0.05,0.05,0.05,0.05,81.804305,0,602800
2026-08-25 13:35:00,ATM+2,CE,1155.0,1121.7,0.05,0.05,0.05,0.05,83.493352,0,602800
2026-08-25 13:40:00,ATM+2,CE,1155.0,1121.9,0.05,0.05,0.05,0.05,84.836822,0,602800
2026-08-25 13:45:00,ATM+2,CE,1155.0,1121.4,0.05,0.05,0.05,0.05,87.907756,2000,601200
2026-08-25 13:50:00,ATM+2,CE,1155.0,1126.4,0.05,0.05,0.05,0.05,78.02464,800,599600
2026-08-25 13:55:00,ATM+2,CE,1155.0,1124.3,0.05,0.05,0.05,0.05,85.116746,0,599600
2026-08-25 14:00:00,ATM+2,CE,1155.0,1125.0,0.05,0.05,0.05,0.05,85.567962,0,599600
2026-08-25 14:05:00,ATM+2,CE,1155.0,1124.9,0.05,0.05,0.05,0.05,88.174781,0,599600
2026-08-25 14:10:00,ATM+2,CE,1155.0,1123.8,0.05,0.05,0.05,0.05,93.658758,0,599600
2026-08-25 14:15:00,ATM+2,CE,1155.0,1123.0,0.05,0.05,0.05,0.05,0.0,0,599600
2026-08-25 14:20:00,ATM+2,CE,1155.0,1124.0,0.05,0.05,0.05,0.05,0.0,400,599600
2026-08-25 14:25:00,ATM+2,CE,1155.0,1125.5,0.05,0.05,0.05,0.05,98.230328,400,599600
2026-08-25 14:30:00,ATM+2,CE,1155.0,1126.7,0.05,0.05,0.05,0.05,98.277024,2800,599600
2026-08-25 14:35:00,ATM+2,CE,1155.0,1126.4,0.05,0.05,0.05,0.05,0.0,0,599600
2026-08-25 14:40:00,ATM+2,CE,1155.0,1126.6,0.05,0.05,0.05,0.05,0.0,400,598800
2026-08-25 14:45:00,ATM+2,CE,1160.0,1128.8,0.05,0.05,0.05,0.05,0.0,0,1130400
2026-08-25 14:50:00,ATM+2,CE,1160.0,1129.1,0.05,0.05,0.05,0.05,0.0,400,1130400
2026-08-25 14:55:00,ATM+2,CE,1160.0,1129.9,0.05,0.05,0.05,0.05,0.0,400,1130000
2026-08-25 15:00:00,ATM+2,CE,1160.0,1130.9,0.05,0.05,0.05,0.05,0.0,4400,1127200
2026-08-25 15:05:00,ATM+2,CE,1160.0,1130.3,0.05,0.05,0.05,0.05,0.0,4400,1125600
2026-08-25 15:10:00,ATM+2,CE,1160.0,1131.6,0.05,0.05,0.05,0.05,0.0,400,1122000
2026-08-25 15:15:00,ATM+2,CE,1160.0,1131.6,0.05,0.05,0.05,0.05,0.0,800,1122000
2026-08-25 15:20:00,ATM+2,CE,1160.0,1131.6,0.05,0.05,0.05,0.05,0.0,400,1122000
2026-08-25 15:25:00,ATM+2,CE,1175.0,1144.0,0.05,0.05,0.05,0.05,0.0,12000,787600
2026-08-25 15:30:00,ATM+2,CE,1175.0,1144.0,0.05,0.05,0.05,0.05,0.0,2000,778400
2026-08-25 15:35:00,ATM+2,CE,1175.0,1144.0,0.05,0.05,0.05,0.05,0.0,0,778400
2026-08-20 09:15:00,ATM+2,PE,1160.0,1133.0,51.95,51.95,24.4,26.95,16.875273,74800,1150400
2026-08-20 09:20:00,ATM+2,PE,1160.0,1136.2,26.15,26.95,24.0,24.0,16.148485,109200,1145200
2026-08-20 09:25:00,ATM+2,PE,1160.0,1136.2,24.0,24.35,23.45,24.35,17.166388,68800,1120800
2026-08-20 09:30:00,ATM+2,PE,1175.0,1141.2,36.45,36.45,32.3,32.3,12.207844,16400,705600
2026-08-20 09:35:00,ATM+2,PE,1175.0,1141.4,32.35,33.65,30.9,33.05,17.775289,10400,700000
2026-08-20 09:40:00,ATM+2,PE,1175.0,1140.3,32.35,33.05,32.0,32.0,0.0,1600,696800
2026-08-20 09:45:00,ATM+2,PE,1175.0,1140.6,32.0,33.0,32.0,33.0,13.34867,2400,696800
2026-08-20 09:50:00,ATM+2,PE,1175.0,1139.3,33.0,33.9,33.0,33.9,0.0,800,696800
2026-08-20 09:55:00,ATM+2,PE,1175.0,1138.8,33.65,33.9,33.65,33.65,0.0,800,696400
2026-08-20 10:00:00,ATM+2,PE,1175.0,1140.5,34.2,34.2,33.2,33.5,16.026183,1200,695600
2026-08-20 10:05:00,ATM+2,PE,1175.0,1140.7,33.5,33.5,31.15,31.15,0.0,4000,693200
2026-08-20 10:10:00,ATM+2,PE,1175.0,1139.4,33.5,34.45,31.15,34.3,14.544209,1200,692000
2026-08-20 10:15:00,ATM+2,PE,1175.0,1139.3,34.3,34.3,34.2,34.2,12.742545,800,691600
2026-08-20 10:20:00,ATM+2,PE,1175.0,1138.9,34.2,34.95,34.2,34.95,15.748548,2400,690800
2026-08-20 10:25:00,ATM+2,PE,1160.0,1137.2,22.45,35.3,22.2,23.8,17.92284,20400,1138000
2026-08-20 10:30:00,ATM+2,PE,1175.0,1137.6,23.9,36.05,23.0,35.5,0.0,12800,689200
2026-08-20 10:35:00,ATM+2,PE,1160.0,1136.8,23.8,24.4,23.45,23.8,17.048643,11600,1136000
2026-08-20 10:40:00,ATM+2,PE,1160.0,1137.3,24.0,24.0,23.45,24.0,18.662463,8000,1137200
2026-08-20 10:45:00,ATM+2,PE,1175.0,1139.3,36.4,36.4,33.85,33.85,0.0,2000,682800
2026-08-20 10:50:00,ATM+2,PE,1175.0,1138.9,33.95,34.7,33.85,34.7,13.855987,2400,680400
2026-08-20 10:55:00,ATM+2,PE,1175.0,1138.8,34.15,34.7,34.15,34.6,11.26161,2400,678000
2026-08-20 11:00:00,ATM+2,PE,1160.0,1135.5,34.6,34.6,22.55,24.9,17.139617,23600,1130400
2026-08-20 11:05:00,ATM+2,PE,1160.0,1133.4,24.7,26.55,24.7,26.55,16.74314,27200,1126400
2026-08-20 11:10:00,ATM+2,PE,1160.0,1130.9,26.7,28.65,26.2,28.65,16.438531,30800,1112000
2026-08-20 11:15:00,ATM+2,PE,1160.0,1130.6,28.65,29.8,28.0,29.8,19.530223,44000,1095600
2026-08-20 11:20:00,ATM+2,PE,1160.0,1129.0,29.2,30.25,29.2,30.25,15.987925,18000,1090400
2026-08-20 11:25:00,ATM+2,PE,1160.0,1128.5,30.05,30.3,29.75,30.25,13.43224,12400,1087200
2026-08-20 11:30:00,ATM+2,PE,1155.0,1127.1,30.3,30.8,26.8,27.4,15.770647,17200,418800
2026-08-20 11:35:00,ATM+2,PE,1155.0,1126.7,27.75,28.1,27.3,27.8,15.947114,10800,414000
2026-08-20 11:40:00,ATM+2,PE,1160.0,1129.7,27.9,32.7,27.8,29.6,15.925276,17600,1098000
2026-08-20 11:45:00,ATM+2,PE,1160.0,1130.7,29.7,29.7,28.15,28.2,13.542104,50400,1078800
2026-08-20 11:50:00,ATM+2,PE,1160.0,1132.3,28.6,28.6,27.3,27.95,18.263747,13600,1079200
2026-08-20 11:55:00,ATM+2,PE,1160.0,1131.0,27.95,29.7,27.9,29.7,20.292148,49600,1076800
2026-08-20 12:00:00,ATM+2,PE,1160.0,1130.4,29.7,30.75,29.7,30.3,20.591712,16400,1079600
2026-08-20 12:05:00,ATM+2,PE,1160.0,1129.4,29.9,31.1,29.9,31.0,20.140433,9600,1070800
2026-08-20 12:10:00,ATM+2,PE,1160.0,1128.3,31.0,32.0,31.0,31.95,20.168378,4800,1070800
2026-08-20 12:15:00,ATM+2,PE,1160.0,1129.8,31.75,31.95,29.45,30.55,19.795032,40000,1049200
2026-08-20 12:20:00,ATM+2,PE,1160.0,1130.0,30.55,30.55,29.3,30.0,18.527309,4000,1050000
2026-08-20 12:25:00,ATM+2,PE,1160.0,1131.1,30.0,30.45,30.0,30.45,22.700491,2400,1050000
2026-08-20 12:30:00,ATM+2,PE,1160.0,1130.8,30.0,30.45,30.0,30.0,20.720341,1200,1050400
2026-08-20 12:35:00,ATM+2,PE,1160.0,1129.9,30.25,30.5,30.0,30.5,19.923723,1200,1050400
2026-08-20 12:40:00,ATM+2,PE,1160.0,1128.7,30.7,31.95,30.5,31.95,21.302145,6800,1050000
2026-08-20 12:45:00,ATM+2,PE,1160.0,1128.8,31.8,31.95,30.15,30.3,15.354321,2000,1050400
2026-08-20 12:50:00,ATM+2,PE,1160.0,1133.2,30.6,30.6,27.7,27.7,19.822558,5600,1050800
2026-08-20 12:55:00,ATM+2,PE,1160.0,1133.7,27.25,27.7,27.25,27.4,20.134555,4800,1056000
2026-08-20 13:00:00,ATM+2,PE,1160.0,1134.4,27.4,28.0,27.0,27.0,20.589544,2800,1055200
2026-08-20 13:05:00,ATM+2,PE,1160.0,1133.6,27.0,28.25,27.0,28.25,22.20876,7200,1055600
2026-08-20 13:10:00,ATM+2,PE,1160.0,1134.8,28.25,28.25,28.0,28.0,23.916447,3600,1052800
2026-08-20 13:15:00,ATM+2,PE,1160.0,1135.0,28.0,28.0,27.15,27.4,22.834694,2800,1051600
2026-08-20 13:20:00,ATM+2,PE,1160.0,1135.7,27.2,27.4,26.7,26.8,22.688319,4400,1050400
2026-08-20 13:25:00,ATM+2,PE,1160.0,1136.1,26.8,27.0,26.35,26.35,22.344713,6800,1049600
2026-08-20 13:30:00,ATM+2,PE,1160.0,1135.1,26.5,26.95,26.35,26.95,21.923888,3600,1050800
2026-08-20 13:35:00,ATM+2,PE,1160.0,1136.4,26.95,26.95,26.4,26.5,23.260214,2000,1049200
2026-08-20 13:40:00,ATM+2,PE,1175.0,1138.0,25.85,39.25,25.85,37.55,23.509939,1600,654000
2026-08-20 13:45:00,ATM+2,PE,1175.0,1138.3,37.4,37.55,36.5,37.3,23.542497,2000,653600
2026-08-20 13:50:00,ATM+2,PE,1160.0,1135.3,24.9,27.1,24.55,27.1,22.704894,10000,1048000
2026-08-20 13:55:00,ATM+2,PE,1160.0,1134.4,27.35,28.15,27.1,28.15,23.589632,5600,1046800
2026-08-20 14:00:00,ATM+2,PE,1160.0,1133.9,27.65,28.3,27.65,28.3,23.001761,2000,1048800
2026-08-20 14:05:00,ATM+2,PE,1160.0,1132.5,28.3,30.15,28.3,29.5,23.263002,34400,1051200
2026-08-20 14:10:00,ATM+2,PE,1160.0,1134.5,29.7,29.7,28.0,28.0,23.427459,2000,1050000
2026-08-20 14:15:00,ATM+2,PE,1160.0,1134.6,28.05,28.4,27.6,27.6,22.628872,4400,1050800
2026-08-20 14:20:00,ATM+2,PE,1160.0,1134.0,27.6,28.9,27.6,28.9,24.705232,2000,1050800
2026-08-20 14:25:00,ATM+2,PE,1160.0,1132.9,29.5,30.1,28.9,29.9,25.09522,12000,1045600
2026-08-20 14:30:00,ATM+2,PE,1160.0,1131.0,30.3,31.1,29.9,31.1,24.371137,4400,1044800
2026-08-20 14:35:00,ATM+2,PE,1160.0,1130.6,31.1,31.1,30.45,30.45,21.67419,400,1044800
2026-08-20 14:40:00,ATM+2,PE,1160.0,1129.4,30.45,31.55,30.45,31.55,21.988165,4000,1044800
2026-08-20 14:45:00,ATM+2,PE,1160.0,1129.5,32.0,32.4,31.55,31.95,23.406489,3200,1046400
2026-08-20 14:50:00,ATM+2,PE,1160.0,1129.8,31.95,32.0,31.2,32.0,24.232576,4800,1046800
2026-08-20 14:55:00,ATM+2,PE,1160.0,1129.0,32.0,32.4,31.95,31.95,22.203453,4000,1047200
2026-08-20 15:00:00,ATM+2,PE,1160.0,1129.7,31.95,31.95,31.05,31.05,21.245072,1600,1046800
2026-08-20 15:05:00,ATM+2,PE,1160.0,1129.1,31.7,31.95,31.05,31.95,22.464775,2400,1046800
2026-08-20 15:10:00,ATM+2,PE,1160.0,1129.4,31.3,31.95,31.3,31.45,21.712033,16000,1049200
2026-08-20 15:15:00,ATM+2,PE,1160.0,1129.4,31.0,31.45,29.4,29.4,13.324677,4400,1052800
2026-08-20 15:20:00,ATM+2,PE,1160.0,1129.4,29.3,29.4,29.2,29.4,13.321979,14400,1050400
2026-08-20 15:25:00,ATM+2,PE,1160.0,1130.0,29.4,29.4,29.0,29.0,14.33291,18000,1059600
2026-08-20 15:30:00,ATM+2,PE,1160.0,1130.0,31.3,31.3,29.0,30.1,18.993135,4400,1059600
2026-08-20 15:35:00,ATM+2,PE,1160.0,1130.0,30.1,30.1,28.95,29.25,15.60974,8400,1052800
2026-08-21 09:15:00,ATM+2,PE,1155.0,1121.6,28.85,35.55,28.8,35.55,28.726791,28000,386000
2026-08-21 09:20:00,ATM+2,PE,1155.0,1124.1,35.35,35.55,32.0,32.15,24.470141,20800,387200
2026-08-21 09:25:00,ATM+2,PE,1155.0,1122.3,32.15,34.4,31.85,34.4,26.93654,13200,387200
2026-08-21 09:30:00,ATM+2,PE,1155.0,1119.9,34.35,37.3,34.35,37.3,29.881503,18000,382400
2026-08-21 09:35:00,ATM+2,PE,1155.0,1120.0,36.2,37.3,36.05,36.35,27.065737,9600,380400
2026-08-21 09:40:00,ATM+2,PE,1155.0,1122.7,36.35,36.35,34.0,34.1,27.053032,11200,379200
2026-08-21 09:45:00,ATM+2,PE,1155.0,1123.8,33.5,34.1,32.55,32.55,24.999592,9600,375200
2026-08-21 09:50:00,ATM+2,PE,1160.0,1129.0,32.2,35.05,30.5,32.95,26.691883,26800,984400
2026-08-21 09:55:00,ATM+2,PE,1160.0,1128.7,33.2,33.2,32.8,33.15,26.5639,21600,977200
2026-08-21 10:00:00,ATM+2,PE,1160.0,1127.6,33.4,34.75,29.0,34.3,27.352103,8000,967200
2026-08-21 10:05:00,ATM+2,PE,1155.0,1126.9,29.0,35.15,29.0,30.2,25.580274,5200,372800
2026-08-21 10:10:00,ATM+2,PE,1155.0,1127.3,30.2,34.75,29.55,29.55,24.612517,8400,370000
2026-08-21 10:15:00,ATM+2,PE,1155.0,1126.9,29.95,30.25,29.55,30.25,25.742808,4400,368400
2026-08-21 10:20:00,ATM+2,PE,1160.0,1130.6,30.05,34.55,30.0,31.1,25.057911,28800,938000
2026-08-21 10:25:00,ATM+2,PE,1160.0,1131.3,31.75,32.4,29.5,30.2,24.047158,56400,930000
2026-08-21 10:30:00,ATM+2,PE,1160.0,1132.7,30.6,30.9,29.2,29.2,24.463952,60400,923200
2026-08-21 10:35:00,ATM+2,PE,1160.0,1131.4,29.6,30.1,29.2,30.1,24.004709,22000,915200
2026-08-21 10:40:00,ATM+2,PE,1160.0,1130.8,30.55,31.6,30.0,31.6,27.063216,27200,894800
2026-08-21 10:45:00,ATM+2,PE,1160.0,1128.2,31.4,33.6,30.75,33.4,26.138309,18800,891600
2026-08-21 10:50:00,ATM+2,PE,1160.0,1130.5,33.5,33.5,32.15,32.15,27.979934,17200,890000
2026-08-21 10:55:00,ATM+2,PE,1160.0,1130.7,31.9,32.55,31.5,31.95,27.868598,8800,884800
2026-08-21 11:00:00,ATM+2,PE,1160.0,1131.6,32.15,32.3,30.95,30.95,27.049982,30400,882400
2026-08-21 11:05:00,ATM+2,PE,1160.0,1130.6,31.7,32.35,30.95,31.85,27.370805,8800,879600
2026-08-21 11:10:00,ATM+2,PE,1160.0,1131.6,31.85,31.85,30.85,30.9,26.924551,12400,874000
2026-08-21 11:15:00,ATM+2,PE,1160.0,1131.5,30.9,30.9,29.6,30.25,24.777895,11200,868000
2026-08-21 11:20:00,ATM+2,PE,1160.0,1132.0,30.35,30.95,30.25,30.85,27.687537,4400,864800
2026-08-21 11:25:00,ATM+2,PE,1160.0,1129.9,30.95,31.8,30.85,31.8,25.556607,4800,864000
2026-08-21 11:30:00,ATM+2,PE,1160.0,1130.7,32.0,32.6,31.0,31.0,25.106857,4400,860800
2026-08-21 11:35:00,ATM+2,PE,1160.0,1130.8,31.0,31.35,30.9,31.35,26.422632,2800,860000
2026-08-21 11:40:00,ATM+2,PE,1160.0,1130.3,31.45,31.8,31.05,31.35,25.194946,6800,858000
2026-08-21 11:45:00,ATM+2,PE,1160.0,1132.4,31.35,31.35,29.95,29.95,26.072207,6400,855600
2026-08-21 11:50:00,ATM+2,PE,1160.0,1132.4,30.15,30.15,29.0,29.1,23.541144,9600,857600
2026-08-21 11:55:00,ATM+2,PE,1160.0,1131.7,29.55,30.25,29.1,30.2,25.178302,2800,858800
2026-08-21 12:00:00,ATM+2,PE,1160.0,1132.0,29.95,30.2,29.5,29.55,23.940066,4400,859600
2026-08-21 12:05:00,ATM+2,PE,1160.0,1132.0,29.55,30.05,29.55,30.05,25.466583,2000,858000
2026-08-21 12:10:00,ATM+2,PE,1160.0,1131.5,30.05,30.65,29.6,30.65,26.067244,26800,852400
2026-08-21 12:15:00,ATM+2,PE,1160.0,1131.5,30.75,31.25,30.4,30.4,25.326671,31200,834400
2026-08-21 12:20:00,ATM+2,PE,1160.0,1132.1,30.3,30.4,29.85,30.0,25.579692,2000,832800
2026-08-21 12:25:00,ATM+2,PE,1160.0,1130.7,29.3,30.8,29.3,30.8,24.560702,15200,825200
2026-08-21 12:30:00,ATM+2,PE,1160.0,1131.4,30.8,30.8,30.4,30.5,25.408941,7600,824800
2026-08-21 12:35:00,ATM+2,PE,1160.0,1131.6,30.5,30.5,30.5,30.5,25.900796,0,824800
2026-08-21 12:40:00,ATM+2,PE,1160.0,1130.6,30.5,31.0,30.5,31.0,24.957833,1600,824400
2026-08-21 12:45:00,ATM+2,PE,1160.0,1129.0,31.4,32.15,31.0,32.1,24.215571,12000,823200
2026-08-21 12:50:00,ATM+2,PE,1160.0,1129.5,32.1,32.1,32.1,32.1,25.600843,0,823200
2026-08-21 12:55:00,ATM+2,PE,1160.0,1129.5,32.1,32.1,32.1,32.1,25.608714,0,823200
2026-08-21 13:00:00,ATM+2,PE,1160.0,1128.5,33.2,34.35,32.1,34.0,28.981258,6400,822400
2026-08-21 13:05:00,ATM+2,PE,1160.0,1129.1,34.0,34.0,34.0,34.0,30.378688,0,822400
2026-08-21 13:10:00,ATM+2,PE,1160.0,1129.1,34.0,34.0,34.0,34.0,30.38905,0,822400
2026-08-21 13:15:00,ATM+2,PE,1160.0,1129.9,34.0,34.0,31.15,31.15,23.591594,4000,818800
2026-08-21 13:20:00,ATM+2,PE,1160.0,1128.6,32.4,32.4,31.15,32.25,23.60121,2800,818000
2026-08-21 13:25:00,ATM+2,PE,1160.0,1128.6,32.25,32.95,32.25,32.95,26.005231,800,817600
2026-08-21 13:30:00,ATM+2,PE,1155.0,1127.3,33.1,33.3,29.1,29.95,26.118869,4000,320400
2026-08-21 13:35:00,ATM+2,PE,1155.0,1127.0,29.95,30.35,29.95,30.35,26.603774,400,320000
2026-08-21 13:40:00,ATM+2,PE,1155.0,1127.5,30.35,30.35,30.35,30.35,27.744984,0,320000
2026-08-21 13:45:00,ATM+2,PE,1155.0,1127.3,34.35,34.85,29.6,29.65,25.246654,3600,317600
2026-08-21 13:50:00,ATM+2,PE,1160.0,1127.6,29.65,34.5,29.65,34.5,28.382563,1200,812800
2026-08-21 13:55:00,ATM+2,PE,1155.0,1126.6,34.5,34.5,29.85,29.85,24.110737,1600,317200
2026-08-21 14:00:00,ATM+2,PE,1155.0,1125.0,29.85,31.75,29.85,31.75,26.003076,800,316400
2026-08-21 14:05:00,ATM+2,PE,1155.0,1125.7,31.75,31.75,31.25,31.25,26.228351,4400,314800
2026-08-21 14:10:00,ATM+2,PE,1155.0,1125.0,31.2,31.6,31.2,31.6,25.538476,6000,310400
2026-08-21 14:15:00,ATM+2,PE,1155.0,1124.5,31.75,31.8,31.45,31.45,23.630595,3600,308800
2026-08-21 14:20:00,ATM+2,PE,1155.0,1124.4,31.45,31.6,31.45,31.6,23.86926,2800,309200
2026-08-21 14:25:00,ATM+2,PE,1155.0,1122.8,31.6,33.15,31.6,33.0,24.021653,6800,310000
2026-08-21 14:30:00,ATM+2,PE,1155.0,1122.0,33.0,33.0,32.3,32.8,20.216817,3600,310400
2026-08-21 14:35:00,ATM+2,PE,1155.0,1121.7,32.8,32.8,32.35,32.5,16.816108,5200,311200
2026-08-21 14:40:00,ATM+2,PE,1155.0,1120.8,32.7,33.55,32.5,33.55,18.245333,800,312000
2026-08-21 14:45:00,ATM+2,PE,1155.0,1120.7,34.25,34.25,33.55,33.8,19.220739,7200,312400
2026-08-21 14:50:00,ATM+2,PE,1155.0,1120.1,33.8,34.45,33.8,34.45,19.787016,4800,311200
2026-08-21 14:55:00,ATM+2,PE,1155.0,1120.0,34.45,34.9,34.45,34.9,21.689808,800,310800
2026-08-21 15:00:00,ATM+2,PE,1155.0,1120.0,34.9,35.25,34.45,34.85,21.446643,2800,308800
2026-08-21 15:05:00,ATM+2,PE,1155.0,1118.7,35.1,35.1,34.75,34.75,0.0,2800,306800
2026-08-21 15:10:00,ATM+2,PE,1155.0,1119.0,35.5,35.5,34.75,35.4,19.370632,6800,306000
2026-08-21 15:15:00,ATM+2,PE,1155.0,1119.0,35.4,35.4,33.6,33.6,0.0,1200,306000
2026-08-21 15:20:00,ATM+2,PE,1155.0,1119.0,32.5,33.6,32.5,32.5,0.0,5600,306000
2026-08-21 15:25:00,ATM+2,PE,1155.0,1121.0,32.15,32.7,32.15,32.7,0.0,4800,307200
2026-08-21 15:30:00,ATM+2,PE,1155.0,1121.0,33.15,33.15,32.7,33.15,16.711343,1600,307600
2026-08-21 15:35:00,ATM+2,PE,1155.0,1121.0,33.7,33.7,33.15,33.7,20.226873,1200,306400
2026-08-24 09:15:00,ATM+2,PE,1175.0,1139.9,34.75,38.35,24.9,36.0,39.966961,14400,545600
2026-08-24 09:20:00,ATM+2,PE,1175.0,1142.3,34.0,36.0,31.45,32.0,0.0,25200,538800
2026-08-24 09:25:00,ATM+2,PE,1175.0,1139.9,31.75,36.0,31.75,34.4,0.0,13600,536800
2026-08-24 09:30:00,ATM+2,PE,1175.0,1137.9,33.95,36.65,33.95,36.65,0.0,36400,538400
2026-08-24 09:35:00,ATM+2,PE,1175.0,1138.2,36.0,36.65,36.0,36.15,0.0,7600,536800
2026-08-24 09:40:00,ATM+2,PE,1175.0,1138.8,36.15,36.15,35.65,36.1,29.743144,5200,538400
2026-08-24 09:45:00,ATM+2,PE,1160.0,1135.2,23.05,24.8,22.4,24.8,23.309821,12800,782000
2026-08-24 09:50:00,ATM+2,PE,1160.0,1136.4,24.1,24.8,23.65,23.65,23.015295,7200,782000
2026-08-24 09:55:00,ATM+2,PE,1160.0,1136.3,23.45,23.9,23.45,23.7,22.509111,6800,782400
2026-08-24 10:00:00,ATM+2,PE,1160.0,1135.2,23.65,24.65,23.55,24.65,21.192738,8800,781200
2026-08-24 10:05:00,ATM+2,PE,1160.0,1133.8,24.3,25.6,24.3,25.55,0.0,19200,783200
2026-08-24 10:10:00,ATM+2,PE,1160.0,1135.6,25.45,25.55,23.3,23.45,0.0,30000,779200
2026-08-24 10:15:00,ATM+2,PE,1160.0,1134.4,23.55,24.75,23.45,24.45,0.0,30400,768400
2026-08-24 10:20:00,ATM+2,PE,1160.0,1135.9,24.65,25.4,23.75,23.75,15.519682,8400,769600
2026-08-24 10:25:00,ATM+2,PE,1160.0,1135.1,22.7,23.95,22.7,22.7,0.0,20000,765200
2026-08-24 10:30:00,ATM+2,PE,1160.0,1134.6,23.75,24.7,22.7,24.35,0.0,19200,766000
2026-08-24 10:35:00,ATM+2,PE,1160.0,1135.8,24.35,24.35,22.9,23.05,0.0,9600,766400
2026-08-24 10:40:00,ATM+2,PE,1160.0,1136.3,23.95,23.95,23.0,23.0,0.0,11200,767600
2026-08-24 10:45:00,ATM+2,PE,1160.0,1135.8,23.15,23.9,23.0,23.45,0.0,12800,766000
2026-08-24 10:50:00,ATM+2,PE,1160.0,1136.1,23.15,23.45,23.0,23.25,0.0,9600,762000
2026-08-24 10:55:00,ATM+2,PE,1160.0,1134.0,23.4,24.5,23.25,24.5,0.0,10400,763600
2026-08-24 11:00:00,ATM+2,PE,1160.0,1132.8,24.7,26.7,24.45,26.7,0.0,15200,762000
2026-08-24 11:05:00,ATM+2,PE,1160.0,1134.3,26.45,26.7,24.8,25.05,0.0,14400,760400
2026-08-24 11:10:00,ATM+2,PE,1160.0,1133.5,24.75,25.5,24.75,25.2,0.0,14800,762400
2026-08-24 11:15:00,ATM+2,PE,1160.0,1137.5,24.95,38.35,22.35,22.85,25.604945,19600,761200
2026-08-24 11:20:00,ATM+2,PE,1160.0,1136.4,23.1,24.6,22.85,24.6,31.85671,8800,760000
2026-08-24 11:25:00,ATM+2,PE,1160.0,1136.2,24.5,25.0,24.3,25.0,33.496131,6000,760800
2026-08-24 11:30:00,ATM+2,PE,1160.0,1135.2,25.15,26.35,25.0,26.35,36.87433,16000,760800
2026-08-24 11:35:00,ATM+2,PE,1160.0,1134.4,25.95,26.95,25.95,26.95,36.392733,16000,758000
2026-08-24 11:40:00,ATM+2,PE,1160.0,1133.1,26.65,28.3,26.65,28.3,38.074113,9600,757600
2026-08-24 11:45:00,ATM+2,PE,1160.0,1134.3,28.3,28.3,27.3,27.55,39.868343,6400,758000
2026-08-24 11:50:00,ATM+2,PE,1160.0,1133.5,27.15,28.1,27.15,27.9,37.777332,7600,759200
2026-08-24 11:55:00,ATM+2,PE,1160.0,1131.7,27.95,30.15,27.9,29.75,39.965869,13200,758800
2026-08-24 12:00:00,ATM+2,PE,1160.0,1133.3,29.75,29.75,28.5,28.5,40.751847,9600,757600
2026-08-24 12:05:00,ATM+2,PE,1160.0,1134.0,28.25,28.55,27.95,28.25,42.870342,12800,762400
2026-08-24 12:10:00,ATM+2,PE,1160.0,1134.9,27.3,28.25,26.7,27.05,40.134558,10000,760000
2026-08-24 12:15:00,ATM+2,PE,1160.0,1135.9,26.7,27.05,25.7,25.75,37.246621,7200,759600
2026-08-24 12:20:00,ATM+2,PE,1160.0,1136.7,25.95,25.95,24.55,24.55,33.8265,20000,757200
2026-08-24 12:25:00,ATM+2,PE,1160.0,1136.9,24.7,25.0,24.35,24.7,35.981888,33200,754400
2026-08-24 12:30:00,ATM+2,PE,1160.0,1136.6,24.9,25.35,24.7,25.1,36.983161,25200,761600
2026-08-24 12:35:00,ATM+2,PE,1160.0,1135.3,25.1,26.05,25.1,25.9,35.018958,20800,769200
2026-08-24 12:40:00,ATM+2,PE,1160.0,1136.2,25.85,26.25,24.9,25.1,34.861405,14000,774400
2026-08-24 12:45:00,ATM+2,PE,1160.0,1135.0,25.35,26.6,25.0,26.35,36.474573,16000,775600
2026-08-24 12:50:00,ATM+2,PE,1160.0,1137.0,26.2,26.35,24.3,24.3,34.139635,19600,783600
2026-08-24 12:55:00,ATM+2,PE,1160.0,1136.2,38.35,38.35,23.3,24.55,30.907592,12000,791600
2026-08-24 13:00:00,ATM+2,PE,1160.0,1136.4,24.4,25.85,24.05,24.5,31.940349,20800,798800
2026-08-24 13:05:00,ATM+2,PE,1160.0,1136.3,25.4,25.4,24.4,24.4,30.48307,14000,798800
2026-08-24 13:10:00,ATM+2,PE,1160.0,1136.9,24.55,24.75,24.0,24.0,31.536885,8400,797600
2026-08-24 13:15:00,ATM+2,PE,1160.0,1137.4,24.75,24.75,23.65,23.65,32.201917,8000,793600
2026-08-24 13:20:00,ATM+2,PE,1160.0,1136.8,23.25,38.45,23.0,23.45,25.960127,8800,794000
2026-08-24 13:25:00,ATM+2,PE,1160.0,1134.5,23.2,24.6,23.2,24.55,0.0,10000,788800
2026-08-24 13:30:00,ATM+2,PE,1160.0,1128.7,25.15,31.45,24.55,30.8,0.0,37600,790000
2026-08-24 13:35:00,ATM+2,PE,1160.0,1128.9,31.25,31.5,30.8,31.0,27.41709,11200,789200
2026-08-24 13:40:00,ATM+2,PE,1160.0,1129.1,31.65,31.75,31.0,31.7,38.439449,22800,781200
2026-08-24 13:45:00,ATM+2,PE,1160.0,1128.8,32.1,32.1,31.2,32.05,39.226753,12400,778800
2026-08-24 13:50:00,ATM+2,PE,1160.0,1128.7,31.9,32.15,31.55,31.8,35.97116,8800,776400
2026-08-24 13:55:00,ATM+2,PE,1160.0,1128.5,32.15,32.25,31.55,32.25,38.694483,6400,775600
2026-08-24 14:00:00,ATM+2,PE,1160.0,1129.3,32.25,32.25,32.25,32.25,44.59117,0,775600
2026-08-24 14:05:00,ATM+2,PE,1160.0,1129.7,32.25,32.25,30.9,31.0,37.210917,13600,764000
2026-08-24 14:10:00,ATM+2,PE,1160.0,1128.6,31.0,32.0,31.0,32.0,37.293483,5600,762000
2026-08-24 14:15:00,ATM+2,PE,1160.0,1128.6,32.9,32.9,32.0,32.65,43.171329,10400,762000
2026-08-24 14:20:00,ATM+2,PE,1160.0,1128.3,32.8,32.9,32.45,32.7,41.431443,6800,760000
2026-08-24 14:25:00,ATM+2,PE,1155.0,1126.0,32.8,32.8,28.05,29.45,33.839442,17200,279600
2026-08-24 14:30:00,ATM+2,PE,1155.0,1126.0,29.45,29.45,28.1,28.3,331.846467,8800,276800
2026-08-24 14:35:00,ATM+2,PE,1155.0,1124.5,29.5,29.5,28.3,29.5,0.0,2400,276400
2026-08-24 14:40:00,ATM+2,PE,1155.0,1123.7,30.7,31.9,29.5,30.85,0.0,11200,271200
2026-08-24 14:45:00,ATM+2,PE,1155.0,1123.6,30.85,30.85,30.85,30.85,0.0,0,269600
2026-08-24 14:50:00,ATM+2,PE,1155.0,1123.9,31.5,31.95,30.85,31.25,32.191333,10800,268000
2026-08-24 14:55:00,ATM+2,PE,1155.0,1123.5,31.25,31.65,30.95,31.65,32.565925,4000,265600
2026-08-24 15:00:00,ATM+2,PE,1155.0,1123.8,31.95,31.95,29.6,30.7,0.0,14400,262000
2026-08-24 15:05:00,ATM+2,PE,1155.0,1125.9,30.7,30.7,28.8,28.8,19.081126,4800,260000
2026-08-24 15:10:00,ATM+2,PE,1160.0,1129.5,33.55,33.55,30.55,30.55,30.200267,11200,731200
2026-08-24 15:15:00,ATM+2,PE,1160.0,1129.5,30.75,30.75,29.0,29.0,0.0,5600,727200
2026-08-24 15:20:00,ATM+2,PE,1160.0,1129.5,27.5,29.0,25.9,25.9,0.0,5600,729600
2026-08-24 15:25:00,ATM+2,PE,1160.0,1130.0,25.9,30.5,25.9,30.5,35.725907,24000,730800
2026-08-24 15:30:00,ATM+2,PE,1160.0,1130.0,28.95,30.5,24.0,24.05,0.0,11600,728400
2026-08-24 15:35:00,ATM+2,PE,1160.0,1130.0,24.15,24.9,23.85,24.65,0.0,36800,727600
2026-08-25 09:15:00,ATM+2,PE,1160.0,1130.8,26.7,31.55,26.65,30.0,70.073054,4800,729200
2026-08-25 09:20:00,ATM+2,PE,1155.0,1125.9,29.5,30.05,25.3,30.05,73.591242,2000,258000
2026-08-25 09:25:00,ATM+2,PE,1155.0,1126.2,32.35,32.35,30.05,31.3,97.451866,1200,258000
2026-08-25 09:30:00,ATM+2,PE,1155.0,1127.0,31.3,31.3,29.45,29.45,81.114087,400,258000
2026-08-25 09:35:00,ATM+2,PE,1155.0,1127.2,28.75,29.6,28.75,29.6,86.66156,2000,256800
2026-08-25 09:40:00,ATM+2,PE,1155.0,1125.2,29.05,29.6,29.05,29.45,0.0,800,256800
2026-08-25 09:45:00,ATM+2,PE,1155.0,1124.0,29.45,31.3,29.45,31.3,63.411867,2400,257200
2026-08-25 09:50:00,ATM+2,PE,1155.0,1123.2,31.3,32.45,31.3,32.45,75.170695,1600,256000
2026-08-25 09:55:00,ATM+2,PE,1155.0,1125.4,32.45,32.45,32.45,32.45,108.25487,0,256000
2026-08-25 10:00:00,ATM+2,PE,1155.0,1127.1,32.45,32.45,29.0,29.0,78.178854,2400,256000
2026-08-25 10:05:00,ATM+2,PE,1155.0,1127.5,29.0,35.95,28.65,28.65,78.84781,1200,256400
2026-08-25 10:10:00,ATM+2,PE,1160.0,1128.7,33.05,33.65,33.05,33.05,97.71378,400,718800
2026-08-25 10:15:00,ATM+2,PE,1160.0,1127.6,33.4,33.4,32.55,32.55,61.969289,7200,716000
2026-08-25 10:20:00,ATM+2,PE,1160.0,1127.6,28.5,34.15,28.5,34.15,101.678634,800,715200
2026-08-25 10:25:00,ATM+2,PE,1155.0,1126.6,28.5,28.5,28.5,28.5,54.006235,0,255600
2026-08-25 10:30:00,ATM+2,PE,1155.0,1127.1,28.5,30.3,28.5,30.3,103.472938,3200,255200
2026-08-25 10:35:00,ATM+2,PE,1155.0,1127.4,30.3,30.3,30.3,30.3,107.927162,0,255200
2026-08-25 10:40:00,ATM+2,PE,1160.0,1128.1,30.3,33.75,30.3,33.5,101.172892,400,712400
2026-08-25 10:45:00,ATM+2,PE,1160.0,1128.2,33.5,33.5,33.25,33.25,98.998752,400,712400
2026-08-25 10:50:00,ATM+2,PE,1155.0,1127.3,33.25,33.25,28.65,28.65,80.984609,1200,254800
2026-08-25 10:55:00,ATM+2,PE,1155.0,1126.6,28.65,28.65,28.65,28.65,63.582836,0,254800
2026-08-25 11:00:00,ATM+2,PE,1155.0,1127.0,29.95,29.95,28.65,29.3,90.279298,800,254800
2026-08-25 11:05:00,ATM+2,PE,1155.0,1125.9,29.35,29.35,29.3,29.3,63.795549,1200,254000
2026-08-25 11:10:00,ATM+2,PE,1155.0,1125.6,29.3,29.3,29.3,29.3,0.0,0,254000
2026-08-25 11:15:00,ATM+2,PE,1155.0,1127.0,29.3,29.3,29.3,29.3,92.788662,400,254000
2026-08-25 11:20:00,ATM+2,PE,1155.0,1126.4,34.5,34.5,29.3,29.3,81.377704,0,254000
2026-08-25 11:25:00,ATM+2,PE,1155.0,1126.9,29.2,29.3,28.85,28.85,82.36044,1600,254800
2026-08-25 11:30:00,ATM+2,PE,1155.0,1126.9,28.85,28.85,28.85,28.85,83.169976,0,254800
2026-08-25 11:35:00,ATM+2,PE,1155.0,1127.5,28.85,28.85,28.85,28.85,96.276932,0,254800
2026-08-25 11:40:00,ATM+2,PE,1155.0,1127.4,33.95,34.4,28.85,28.85,95.437024,400,254800
2026-08-25 11:45:00,ATM+2,PE,1155.0,1127.4,28.85,28.85,28.85,28.85,96.448308,0,254800
2026-08-25 11:50:00,ATM+2,PE,1160.0,1128.3,28.85,34.5,28.85,33.3,115.043996,1200,710400
2026-08-25 11:55:00,ATM+2,PE,1160.0,1129.9,33.0,33.3,30.9,30.9,93.366119,2400,710400
2026-08-25 12:00:00,ATM+2,PE,1160.0,1128.2,30.9,30.9,30.9,30.9,0.0,0,710400
2026-08-25 12:05:00,ATM+2,PE,1160.0,1128.3,30.9,30.9,30.9,30.9,0.0,0,710400
2026-08-25 12:10:00,ATM+2,PE,1160.0,1128.4,30.9,30.9,30.9,30.9,0.0,0,710400
2026-08-25 12:15:00,ATM+2,PE,1155.0,1127.4,30.9,30.9,28.25,28.25,87.583731,0,254000
2026-08-25 12:20:00,ATM+2,PE,1155.0,1126.7,28.25,28.25,28.25,28.25,0.0,0,254000
2026-08-25 12:25:00,ATM+2,PE,1155.0,1125.0,28.25,28.25,28.25,28.25,0.0,0,254000
2026-08-25 12:30:00,ATM+2,PE,1155.0,1123.8,28.25,32.9,28.25,32.9,128.073909,2400,253600
2026-08-25 12:35:00,ATM+2,PE,1155.0,1121.9,32.9,34.1,32.9,34.1,117.367055,1200,251600
2026-08-25 12:40:00,ATM+2,PE,1155.0,1123.0,34.1,34.1,34.1,34.1,142.972947,0,251600
2026-08-25 12:45:00,ATM+2,PE,1155.0,1123.5,34.1,34.1,34.1,34.1,153.901159,0,251600
2026-08-25 12:50:00,ATM+2,PE,1155.0,1123.7,34.1,34.1,34.1,34.1,0.0,0,251600
2026-08-25 12:55:00,ATM+2,PE,1155.0,1123.9,34.1,34.1,34.1,34.1,165.316961,0,251600
2026-08-25 13:00:00,ATM+2,PE,1155.0,1123.5,34.1,34.1,31.5,31.5,66.648246,400,251200
2026-08-25 13:05:00,ATM+2,PE,1155.0,1124.4,31.5,31.5,31.5,31.5,117.836687,0,251200
2026-08-25 13:10:00,ATM+2,PE,1155.0,1123.9,31.5,31.5,31.5,31.5,101.671384,0,251200
2026-08-25 13:15:00,ATM+2,PE,1155.0,1123.8,31.5,31.5,31.5,31.5,98.3453,0,251200
2026-08-25 13:20:00,ATM+2,PE,1155.0,1123.3,33.0,33.0,31.5,33.0,140.220809,400,250800
2026-08-25 13:25:00,ATM+2,PE,1155.0,1122.6,33.0,33.0,33.0,33.0,120.34112,0,250800
2026-08-25 13:30:00,ATM+2,PE,1155.0,1121.7,33.0,34.1,33.0,34.1,133.700165,400,250800
2026-08-25 13:35:00,ATM+2,PE,1155.0,1121.7,34.1,34.1,34.1,34.1,0.0,0,250800
2026-08-25 13:40:00,ATM+2,PE,1155.0,1121.9,34.1,34.1,34.1,34.1,0.0,0,250800
2026-08-25 13:45:00,ATM+2,PE,1155.0,1121.4,34.1,35.0,34.1,35.0,0.0,400,250400
2026-08-25 13:50:00,ATM+2,PE,1155.0,1126.4,35.0,35.0,33.0,33.0,0.0,2000,250400
2026-08-25 13:55:00,ATM+2,PE,1155.0,1124.3,33.0,33.0,29.7,29.7,0.0,400,250400
2026-08-25 14:00:00,ATM+2,PE,1155.0,1125.0,29.7,29.7,29.7,29.7,0.0,0,250400
2026-08-25 14:05:00,ATM+2,PE,1155.0,1124.9,29.7,29.7,29.7,29.7,0.0,0,250400
2026-08-25 14:10:00,ATM+2,PE,1155.0,1123.8,29.7,29.7,29.7,29.7,0.0,0,250400
2026-08-25 14:15:00,ATM+2,PE,1155.0,1123.0,29.7,29.7,29.7,29.7,0.0,0,250400
2026-08-25 14:20:00,ATM+2,PE,1155.0,1124.0,29.7,32.65,29.7,32.65,0.0,400,250400
2026-08-25 14:25:00,ATM+2,PE,1155.0,1125.5,32.65,32.65,32.5,32.5,0.0,400,250400
2026-08-25 14:30:00,ATM+2,PE,1155.0,1126.7,31.2,36.0,30.1,30.1,0.0,8000,250400
2026-08-25 14:35:00,ATM+2,PE,1155.0,1126.4,30.1,30.1,30.1,30.1,0.0,0,250400
2026-08-25 14:40:00,ATM+2,PE,1155.0,1126.6,28.1,30.1,28.1,28.85,0.0,800,250400
2026-08-25 14:45:00,ATM+2,PE,1160.0,1128.8,28.85,32.3,28.85,32.3,0.0,0,708400
2026-08-25 14:50:00,ATM+2,PE,1160.0,1129.1,32.3,32.3,31.0,31.0,0.0,400,709600
2026-08-25 14:55:00,ATM+2,PE,1160.0,1129.9,31.0,31.0,31.0,31.0,0.0,0,709600
2026-08-25 15:00:00,ATM+2,PE,1160.0,1130.9,30.0,31.0,30.0,30.0,0.0,1200,709200
2026-08-25 15:05:00,ATM+2,PE,1160.0,1130.3,30.0,31.25,30.0,31.25,0.0,400,709200
2026-08-25 15:10:00,ATM+2,PE,1160.0,1131.6,31.25,31.25,30.4,30.4,0.0,400,708800
2026-08-25 15:15:00,ATM+2,PE,1160.0,1131.6,30.4,30.4,28.0,28.0,0.0,800,708800
2026-08-25 15:20:00,ATM+2,PE,1160.0,1131.6,26.1,28.35,26.1,28.35,0.0,1600,708400
2026-08-25 15:25:00,ATM+2,PE,1175.0,1144.0,28.35,43.35,26.75,26.75,0.0,2800,412000
2026-08-25 15:30:00,ATM+2,PE,1175.0,1144.0,26.75,32.1,26.75,32.1,0.0,10000,412400
2026-08-25 15:35:00,ATM+2,PE,1175.0,1144.0,32.1,32.1,32.1,32.1,0.0,0,412400
