ts,open,high,low,close,volume
2026-06-01 09:15:00,75203.02,75367.93,75003.07,75073.53,910432.0
2026-06-01 09:20:00,75070.92,75116.38,74943.18,74966.09,453479.0
2026-06-01 09:25:00,74967.16,75012.97,74931.05,74961.78,258324.0
2026-06-01 09:30:00,74960.47,75046.46,74959.69,75027.04,237168.0
2026-06-01 09:35:00,75029.16,75030.86,74886.7,75009.04,321800.0
2026-06-01 09:40:00,75005.87,75059.17,74875.91,74889.05,412235.0
2026-06-01 09:45:00,74892.9,74945.27,74856.92,74890.24,199182.0
2026-06-01 09:50:00,74894.19,74961.37,74894.12,74939.17,183382.0
2026-06-01 09:55:00,74941.18,74943.2,74854.45,74860.3,310724.0
2026-06-01 10:00:00,74862.55,74879.63,74798.99,74804.89,213169.0
2026-06-01 10:05:00,74804.48,74896.62,74802.06,74892.45,156145.0
2026-06-01 10:10:00,74895.04,74895.04,74835.46,74836.74,178865.0
2026-06-01 10:15:00,74829.24,74853.85,74784.72,74840.5,127367.0
2026-06-01 10:20:00,74840.38,74867.13,74810.37,74812.91,137657.0
2026-06-01 10:25:00,74812.71,74841.37,74772.83,74788.59,127288.0
2026-06-01 10:30:00,74786.94,74800.46,74718.85,74745.81,152009.0
2026-06-01 10:35:00,74745.15,74818.07,74715.52,74790.27,111300.0
2026-06-01 10:40:00,74786.73,74818.99,74765.87,74771.4,125356.0
2026-06-01 10:45:00,74771.48,74882.63,74766.45,74868.52,116301.0
2026-06-01 10:50:00,74864.7,74937.11,74849.85,74931.2,195025.0
2026-06-01 10:55:00,74928.37,74939.52,74856.55,74865.38,187228.0
2026-06-01 11:00:00,74869.62,74950.05,74869.62,74935.23,231602.0
2026-06-01 11:05:00,74936.27,75002.72,74925.5,74997.68,102015.0
2026-06-01 11:10:00,75000.34,75008.96,74968.05,74992.93,145820.0
2026-06-01 11:15:00,74995.27,75022.94,74963.83,75002.83,81939.0
2026-06-01 11:20:00,75001.47,75002.49,74910.33,74910.33,108698.0
2026-06-01 11:25:00,74913.42,74924.42,74858.19,74858.26,99149.0
2026-06-01 11:30:00,74858.24,74859.0,74773.37,74794.72,124549.0
2026-06-01 11:35:00,74796.31,74880.41,74787.03,74875.79,136353.0
2026-06-01 11:40:00,74871.28,74880.18,74818.74,74819.43,82210.0
2026-06-01 11:45:00,74817.3,74829.66,74774.58,74827.77,71853.0
2026-06-01 11:50:00,74827.61,74858.27,74823.85,74851.81,85203.0
2026-06-01 11:55:00,74851.7,74854.12,74635.33,74635.33,142934.0
2026-06-01 12:00:00,74641.11,74654.73,74606.77,74645.47,106772.0
2026-06-01 12:05:00,74644.96,74715.46,74644.96,74670.91,178899.0
2026-06-01 12:10:00,74671.48,74738.83,74652.94,74736.86,138301.0
2026-06-01 12:15:00,74737.56,74737.71,74688.51,74729.54,83601.0
2026-06-01 12:20:00,74728.48,74728.48,74671.33,74699.84,64411.0
2026-06-01 12:25:00,74699.84,74720.57,74685.14,74689.55,60363.0
2026-06-01 12:30:00,74692.64,74713.48,74679.99,74696.82,52352.0
2026-06-01 12:35:00,74698.0,74730.96,74689.11,74695.97,65114.0
2026-06-01 12:40:00,74694.31,74702.95,74668.56,74681.89,114990.0
2026-06-01 12:45:00,74682.83,74753.78,74682.7,74732.95,574499.0
2026-06-01 12:50:00,74739.92,74745.46,74707.11,74732.24,507821.0
2026-06-01 12:55:00,74733.78,74743.12,74653.12,74682.31,114146.0
2026-06-01 13:00:00,74685.09,74693.95,74606.6,74627.11,124784.0
2026-06-01 13:05:00,74628.74,74640.38,74567.87,74574.03,111907.0
2026-06-01 13:10:00,74574.62,74582.03,74494.56,74519.75,114095.0
2026-06-01 13:15:00,74521.29,74567.66,74517.53,74567.22,65235.0
2026-06-01 13:20:00,74562.69,74571.16,74542.47,74544.26,68543.0
2026-06-01 13:25:00,74544.63,74565.13,74525.32,74557.0,66851.0
2026-06-01 13:30:00,74562.31,74635.56,74559.57,74606.87,78646.0
2026-06-01 13:35:00,74602.97,74617.91,74568.92,74615.3,109050.0
2026-06-01 13:40:00,74612.86,74612.86,74578.09,74592.29,575598.0
2026-06-01 13:45:00,74592.29,74596.02,74522.43,74529.32,73800.0
2026-06-01 13:50:00,74529.54,74536.25,74485.98,74501.99,177991.0
2026-06-01 13:55:00,74501.93,74531.52,74495.2,74512.28,57121.0
2026-06-01 14:00:00,74514.97,74523.75,74430.08,74468.04,112903.0
2026-06-01 14:05:00,74469.27,74480.16,74410.56,74412.96,143017.0
2026-06-01 14:10:00,74413.77,74429.95,74367.8,74376.19,122306.0
2026-06-01 14:15:00,74375.59,74406.93,74335.21,74406.93,158499.0
2026-06-01 14:20:00,74398.41,74398.41,74303.59,74305.8,253412.0
2026-06-01 14:25:00,74302.69,74346.19,74285.78,74311.79,85034.0
2026-06-01 14:30:00,74312.94,74337.12,74258.72,74299.11,320775.0
2026-06-01 14:35:00,74299.46,74386.51,74295.69,74385.63,97475.0
2026-06-01 14:40:00,74387.48,74394.95,74358.76,74371.55,70359.0
2026-06-01 14:45:00,74373.73,74416.62,74308.25,74326.55,176613.0
2026-06-01 14:50:00,74323.67,74337.1,74242.93,74266.76,122579.0
2026-06-01 14:55:00,74265.98,74268.78,74203.68,74252.48,182609.0
2026-06-01 15:00:00,74245.27,74302.25,74206.26,74302.25,255398.0
2026-06-01 15:05:00,74301.32,74360.78,74257.24,74339.13,184620.0
2026-06-01 15:10:00,74338.29,74373.69,74287.02,74287.66,144508.0
2026-06-01 15:15:00,74287.26,74326.59,74252.1,74258.39,230653.0
2026-06-01 15:20:00,74256.31,74272.57,74216.35,74242.39,271274.0
2026-06-01 15:25:00,74237.1,74297.9,74217.79,74297.9,253176.0
2026-06-02 09:15:00,73945.2,74006.89,73815.12,73957.92,942139.0
2026-06-02 09:20:00,73965.12,73990.34,73919.94,73981.19,480833.0
2026-06-02 09:25:00,73979.27,74030.57,73948.66,73979.37,290890.0
2026-06-02 09:30:00,73979.78,73997.79,73920.94,73977.01,265291.0
2026-06-02 09:35:00,73978.23,74054.55,73978.23,74025.94,2251759.0
2026-06-02 09:40:00,74029.83,74065.32,73958.04,74032.41,384765.0
2026-06-02 09:45:00,74032.91,74044.47,73945.63,73966.28,295917.0
2026-06-02 09:50:00,73965.04,74057.69,73954.66,74054.53,229096.0
2026-06-02 09:55:00,74055.2,74120.26,74039.22,74091.28,214445.0
2026-06-02 10:00:00,74091.9,74113.05,74069.8,74099.26,233841.0
2026-06-02 10:05:00,74093.99,74118.16,74016.19,74036.38,207739.0
2026-06-02 10:10:00,74032.63,74037.16,73974.51,73974.51,281844.0
2026-06-02 10:15:00,73974.55,74075.67,73932.05,74075.67,214190.0
2026-06-02 10:20:00,74075.84,74234.3,74066.99,74207.64,328836.0
2026-06-02 10:25:00,74209.99,74290.48,74190.06,74275.3,201475.0
2026-06-02 10:30:00,74274.53,74282.22,74163.45,74195.2,2693579.0
2026-06-02 10:35:00,74193.54,74225.72,74143.03,74223.78,220935.0
2026-06-02 10:40:00,74226.59,74236.99,74198.27,74215.9,216887.0
2026-06-02 10:45:00,74220.36,74225.28,74143.43,74153.19,231475.0
2026-06-02 10:50:00,74152.35,74161.22,74047.64,74062.55,134674.0
2026-06-02 10:55:00,74064.97,74080.85,74001.43,74066.63,187525.0
2026-06-02 11:00:00,74063.38,74096.93,74054.45,74060.5,134082.0
2026-06-02 11:05:00,74064.34,74091.61,74044.38,74054.72,178875.0
2026-06-02 11:10:00,74050.31,74109.05,74044.69,74096.06,104431.0
2026-06-02 11:15:00,74094.19,74103.11,74049.63,74086.0,122869.0
2026-06-02 11:20:00,74086.41,74265.8,74086.22,74262.75,232737.0
2026-06-02 11:25:00,74266.45,74269.85,74170.91,74197.8,154368.0
2026-06-02 11:30:00,74199.3,74216.8,74176.3,74192.92,113760.0
2026-06-02 11:35:00,74190.82,74194.44,74043.83,74047.45,126196.0
2026-06-02 11:40:00,74048.15,74136.11,74048.15,74074.44,163127.0
2026-06-02 11:45:00,74077.71,74090.62,74040.98,74083.3,176134.0
2026-06-02 11:50:00,74080.4,74110.08,74073.79,74078.48,109870.0
2026-06-02 11:55:00,74075.14,74094.62,74020.29,74025.37,118828.0
2026-06-02 12:00:00,74030.78,74091.62,74012.76,74061.63,607012.0
2026-06-02 12:05:00,74056.05,74106.43,74031.79,74096.68,100382.0
2026-06-02 12:10:00,74098.93,74098.93,74020.34,74028.3,789637.0
2026-06-02 12:15:00,74029.12,74076.42,74016.51,74047.98,161164.0
2026-06-02 12:20:00,74042.89,74076.36,74039.73,74061.08,76185.0
2026-06-02 12:25:00,74059.68,74080.59,73994.03,73998.79,94089.0
2026-06-02 12:30:00,73999.17,74218.39,73983.35,74162.43,140396.0
2026-06-02 12:35:00,74164.12,74203.68,74138.54,74195.78,90713.0
2026-06-02 12:40:00,74194.9,74295.4,74183.15,74291.56,142659.0
2026-06-02 12:45:00,74291.71,74500.05,74291.71,74479.34,228663.0
2026-06-02 12:50:00,74479.8,74553.22,74478.41,74510.97,165253.0
2026-06-02 12:55:00,74508.11,74611.38,74505.76,74580.81,231721.0
2026-06-02 13:00:00,74581.43,74587.75,74536.03,74564.97,118120.0
2026-06-02 13:05:00,74565.38,74603.46,74555.25,74589.73,65983.0
2026-06-02 13:10:00,74590.3,74694.09,74555.18,74618.25,109440.0
2026-06-02 13:15:00,74618.02,74655.28,74608.95,74609.38,103921.0
2026-06-02 13:20:00,74607.75,74647.14,74574.46,74641.97,77499.0
2026-06-02 13:25:00,74645.66,74710.7,74633.84,74710.7,87498.0
2026-06-02 13:30:00,74706.27,74813.35,74706.27,74807.07,308232.0
2026-06-02 13:35:00,74807.07,74807.2,74720.66,74728.3,65078.0
2026-06-02 13:40:00,74729.9,74731.04,74680.91,74699.18,66745.0
2026-06-02 13:45:00,74697.58,74755.89,74697.58,74750.79,69262.0
2026-06-02 13:50:00,74750.87,74773.57,74714.73,74748.38,65158.0
2026-06-02 13:55:00,74747.63,74758.73,74711.13,74739.92,84978.0
2026-06-02 14:00:00,74740.32,74776.36,74735.7,74772.21,77580.0
2026-06-02 14:05:00,74772.21,74827.33,74761.75,74822.61,81913.0
2026-06-02 14:10:00,74821.2,74831.66,74800.12,74819.38,109140.0
2026-06-02 14:15:00,74819.95,74836.07,74735.18,74747.42,67263.0
2026-06-02 14:20:00,74743.91,74862.19,74737.94,74817.19,103968.0
2026-06-02 14:25:00,74813.96,74831.13,74739.2,74758.69,637511.0
2026-06-02 14:30:00,74759.48,74797.34,74714.12,74780.32,179902.0
2026-06-02 14:35:00,74780.49,74786.11,74628.5,74634.93,111755.0
2026-06-02 14:40:00,74634.86,74634.86,74506.3,74538.45,120723.0
2026-06-02 14:45:00,74537.16,74565.83,74479.75,74563.42,88091.0
2026-06-02 14:50:00,74565.5,74622.49,74556.37,74587.75,86458.0
2026-06-02 14:55:00,74585.97,74593.13,74506.67,74514.21,98105.0
2026-06-02 15:00:00,74502.75,74568.27,74454.5,74568.27,173016.0
2026-06-02 15:05:00,74568.9,74656.08,74565.74,74641.44,137608.0
2026-06-02 15:10:00,74647.34,74694.05,74637.92,74658.99,158579.0
2026-06-02 15:15:00,74656.76,74751.86,74646.26,74720.78,180652.0
2026-06-02 15:20:00,74720.86,74748.51,74685.94,74737.96,143074.0
2026-06-02 15:25:00,74735.69,74762.81,74695.38,74743.93,237561.0
2026-06-03 09:15:00,74507.73,74507.73,73927.97,73953.12,808075.0
2026-06-03 09:20:00,73953.07,74006.04,73910.13,73962.71,496298.0
2026-06-03 09:25:00,73967.14,73975.02,73833.75,73909.83,324464.0
2026-06-03 09:30:00,73911.3,73939.21,73778.54,73780.07,390889.0
2026-06-03 09:35:00,73776.12,73875.83,73759.94,73845.89,184312.0
2026-06-03 09:40:00,73845.49,73855.66,73793.74,73833.79,185798.0
2026-06-03 09:45:00,73827.69,73873.38,73794.14,73860.2,136912.0
2026-06-03 09:50:00,73862.42,73944.85,73789.01,73789.01,136303.0
2026-06-03 09:55:00,73782.48,73850.15,73719.36,73807.66,164818.0
2026-06-03 10:00:00,73808.42,73883.39,73787.6,73879.88,160250.0
2026-06-03 10:05:00,73885.85,73910.51,73831.58,73837.65,126669.0
2026-06-03 10:10:00,73833.33,73833.33,73745.58,73776.41,120616.0
2026-06-03 10:15:00,73777.24,73869.06,73738.13,73866.73,420409.0
2026-06-03 10:20:00,73866.41,73924.73,73845.24,73845.43,95536.0
2026-06-03 10:25:00,73841.14,73883.87,73787.47,73809.09,156600.0
2026-06-03 10:30:00,73809.84,73825.74,73696.45,73705.54,132763.0
2026-06-03 10:35:00,73712.84,73783.33,73701.23,73766.61,114703.0
2026-06-03 10:40:00,73766.44,73809.03,73747.57,73759.27,162002.0
2026-06-03 10:45:00,73755.83,73810.79,73726.53,73810.79,77820.0
2026-06-03 10:50:00,73812.0,73821.91,73779.5,73813.2,118662.0
2026-06-03 10:55:00,73813.62,73818.41,73731.54,73750.5,131418.0
2026-06-03 11:00:00,73749.68,73766.18,73706.97,73736.32,114232.0
2026-06-03 11:05:00,73734.62,73735.85,73659.13,73659.68,139005.0
2026-06-03 11:10:00,73663.85,73706.25,73663.85,73672.55,186565.0
2026-06-03 11:15:00,73678.18,73749.14,73664.94,73733.58,374590.0
2026-06-03 11:20:00,73736.18,73798.55,73713.46,73750.39,129199.0
2026-06-03 11:25:00,73751.16,73783.79,73694.13,73716.54,111305.0
2026-06-03 11:30:00,73718.63,73780.74,73699.73,73735.7,84422.0
2026-06-03 11:35:00,73737.23,73742.62,73680.29,73695.09,161507.0
2026-06-03 11:40:00,73700.17,73732.36,73671.32,73709.87,208091.0
2026-06-03 11:45:00,73712.05,73744.18,73692.14,73701.96,75914.0
2026-06-03 11:50:00,73704.77,73743.21,73679.54,73714.53,102754.0
2026-06-03 11:55:00,73711.76,73720.66,73626.35,73627.47,99157.0
2026-06-03 12:00:00,73625.18,73657.14,73492.6,73551.09,133705.0
2026-06-03 12:05:00,73549.6,73598.82,73544.93,73597.64,155091.0
2026-06-03 12:10:00,73592.64,73611.65,73565.98,73579.64,126394.0
2026-06-03 12:15:00,73580.28,73598.63,73567.06,73592.23,147127.0
2026-06-03 12:20:00,73596.18,73649.9,73586.48,73615.55,128017.0
2026-06-03 12:25:00,73619.29,73797.82,73603.53,73773.34,215683.0
2026-06-03 12:30:00,73770.44,73964.71,73770.44,73961.45,250908.0
2026-06-03 12:35:00,73962.63,74116.51,73952.27,74064.15,495009.0
2026-06-03 12:40:00,74060.08,74132.11,74060.08,74082.11,115745.0
2026-06-03 12:45:00,74081.78,74101.65,73967.51,73995.87,256908.0
2026-06-03 12:50:00,73997.05,74036.45,73910.83,73913.65,103662.0
2026-06-03 12:55:00,73915.66,73966.94,73897.98,73949.62,83753.0
2026-06-03 13:00:00,73950.93,74016.87,73935.8,73964.35,80681.0
2026-06-03 13:05:00,73964.32,73977.91,73921.29,73953.2,69072.0
2026-06-03 13:10:00,73952.33,73982.4,73924.86,73979.0,60823.0
2026-06-03 13:15:00,74008.88,74087.76,74008.88,74038.34,235862.0
2026-06-03 13:20:00,74039.76,74144.46,74039.76,74129.11,94983.0
2026-06-03 13:25:00,74128.63,74163.27,74122.6,74141.53,1747886.0
2026-06-03 13:30:00,74147.76,74165.3,74085.94,74134.13,78843.0
2026-06-03 13:35:00,74131.33,74160.03,74114.19,74131.23,83047.0
2026-06-03 13:40:00,74131.23,74171.43,74067.57,74070.68,121199.0
2026-06-03 13:45:00,74069.91,74412.27,74069.91,74307.64,169191.0
2026-06-03 13:50:00,74307.31,74318.0,74211.52,74256.78,87942.0
2026-06-03 13:55:00,74257.92,74257.92,74153.14,74195.22,132994.0
2026-06-03 14:00:00,74197.99,74305.08,74197.99,74305.08,66851.0
2026-06-03 14:05:00,74305.08,74335.97,74259.68,74276.2,101324.0
2026-06-03 14:10:00,74276.25,74302.41,74239.54,74278.05,61175.0
2026-06-03 14:15:00,74276.85,74364.17,74276.85,74336.86,114606.0
2026-06-03 14:20:00,74336.99,74444.22,74320.8,74425.78,152857.0
2026-06-03 14:25:00,74425.99,74426.67,74320.78,74336.82,74943.0
2026-06-03 14:30:00,74335.06,74414.72,74330.59,74404.86,90666.0
2026-06-03 14:35:00,74404.59,74404.59,74306.11,74397.58,613500.0
2026-06-03 14:40:00,74397.58,74460.98,74389.03,74443.72,176464.0
2026-06-03 14:45:00,74442.33,74451.44,74403.73,74428.66,109602.0
2026-06-03 14:50:00,74428.85,74515.65,74413.29,74494.91,208834.0
2026-06-03 14:55:00,74493.7,74494.8,74417.75,74457.77,145630.0
2026-06-03 15:00:00,74458.62,74504.24,74310.89,74434.51,219662.0
2026-06-03 15:05:00,74433.84,74476.93,74269.11,74294.77,204832.0
2026-06-03 15:10:00,74290.84,74315.6,74229.57,74312.61,203416.0
2026-06-03 15:15:00,74313.19,74363.38,74302.92,74330.12,212626.0
2026-06-03 15:20:00,74327.57,74353.63,74311.86,74330.06,182747.0
2026-06-03 15:25:00,74335.79,74361.18,74287.24,74319.7,232000.0
2026-06-03 15:30:00,74319.7,74319.7,74319.7,74319.7,45004.0
2026-06-04 09:15:00,73935.83,74229.8,73807.3,74144.17,740898.0
2026-06-04 09:20:00,74148.2,74185.08,74060.66,74125.15,1149699.0
2026-06-04 09:25:00,74123.94,74183.38,74083.55,74121.95,873033.0
2026-06-04 09:30:00,74119.63,74121.93,74016.58,74097.96,278300.0
2026-06-04 09:35:00,74102.29,74216.05,74080.18,74082.58,182503.0
2026-06-04 09:40:00,74078.79,74179.57,74037.6,74169.91,245552.0
2026-06-04 09:45:00,74167.82,74321.83,74167.82,74278.06,382707.0
2026-06-04 09:50:00,74277.38,74310.35,74238.95,74308.59,219838.0
2026-06-04 09:55:00,74307.34,74478.16,74298.1,74366.33,406511.0
2026-06-04 10:00:00,74364.61,74423.38,74306.75,74404.77,330633.0
2026-06-04 10:05:00,74402.59,74467.01,74401.37,74420.78,292199.0
2026-06-04 10:10:00,74420.79,74469.29,74382.9,74405.37,257031.0
2026-06-04 10:15:00,74407.94,74473.73,74359.3,74471.41,312840.0
2026-06-04 10:20:00,74471.6,74480.66,74434.8,74474.47,534041.0
2026-06-04 10:25:00,74473.18,74480.75,74388.19,74391.84,270213.0
2026-06-04 10:30:00,74394.53,74414.34,74279.62,74281.13,557117.0
2026-06-04 10:35:00,74276.98,74332.77,74235.57,74285.36,222341.0
2026-06-04 10:40:00,74286.93,74358.15,74282.89,74344.33,136900.0
2026-06-04 10:45:00,74347.0,74467.19,74341.7,74410.2,235596.0
2026-06-04 10:50:00,74413.29,74431.72,74367.09,74399.81,143677.0
2026-06-04 10:55:00,74399.44,74443.8,74396.83,74411.36,147477.0
2026-06-04 11:00:00,74406.52,74428.12,74291.42,74326.01,1162944.0
2026-06-04 11:05:00,74323.71,74334.29,74255.7,74277.94,107142.0
2026-06-04 11:10:00,74277.94,74340.07,74264.45,74324.58,102111.0
2026-06-04 11:15:00,74329.39,74337.46,74287.82,74288.99,276989.0
2026-06-04 11:20:00,74287.98,74315.04,74260.29,74303.65,133010.0
2026-06-04 11:25:00,74307.19,74335.07,74266.06,74306.11,337747.0
2026-06-04 11:30:00,74303.74,74340.8,74196.74,74340.8,256454.0
2026-06-04 11:35:00,74339.43,74494.43,74319.58,74493.53,131250.0
2026-06-04 11:40:00,74492.51,74544.24,74468.51,74468.51,153448.0
2026-06-04 11:45:00,74472.13,74494.43,74447.83,74462.51,139832.0
2026-06-04 11:50:00,74462.32,74464.5,74319.1,74345.92,650515.0
2026-06-04 11:55:00,74342.15,74426.02,74307.54,74390.02,250679.0
2026-06-04 12:00:00,74395.44,74467.22,74386.89,74435.72,126434.0
2026-06-04 12:05:00,74432.7,74495.02,74429.0,74479.5,233987.0
2026-06-04 12:10:00,74485.29,74499.33,74423.59,74466.07,125778.0
2026-06-04 12:15:00,74465.06,74493.48,74423.33,74426.71,69792.0
2026-06-04 12:20:00,74424.86,74447.36,74388.71,74408.0,68171.0
2026-06-04 12:25:00,74406.53,74433.49,74388.39,74425.48,332899.0
2026-06-04 12:30:00,74425.13,74425.64,74308.24,74316.58,110369.0
2026-06-04 12:35:00,74316.05,74317.74,74254.89,74309.15,320853.0
2026-06-04 12:40:00,74306.95,74328.47,74276.38,74277.57,89688.0
2026-06-04 12:45:00,74273.56,74329.65,74261.63,74305.13,83929.0
2026-06-04 12:50:00,74305.73,74328.07,74291.8,74328.07,99961.0
2026-06-04 12:55:00,74327.48,74360.25,74323.3,74358.84,202391.0
2026-06-04 13:00:00,74358.87,74390.49,74330.38,74364.44,76044.0
2026-06-04 13:05:00,74364.44,74364.44,74264.69,74329.51,113826.0
2026-06-04 13:10:00,74329.8,74343.89,74107.76,74109.26,192345.0
2026-06-04 13:15:00,74105.44,74151.1,74037.37,74145.77,356814.0
2026-06-04 13:20:00,74144.77,74189.07,74093.44,74167.51,117689.0
2026-06-04 13:25:00,74165.96,74208.68,74129.33,74167.79,96452.0
2026-06-04 13:30:00,74168.27,74194.6,74132.92,74194.6,65495.0
2026-06-04 13:35:00,74192.34,74217.22,74174.0,74207.85,74945.0
2026-06-04 13:40:00,74207.75,74216.05,74118.41,74152.26,177843.0
2026-06-04 13:45:00,74151.84,74214.45,74134.86,74186.26,90935.0
2026-06-04 13:50:00,74185.54,74228.98,74126.74,74172.99,194646.0
2026-06-04 13:55:00,74166.5,74228.18,74136.25,74195.71,164851.0
2026-06-04 14:00:00,74203.79,74379.34,74201.37,74323.87,514503.0
2026-06-04 14:05:00,74322.37,74377.79,74301.45,74374.93,112092.0
2026-06-04 14:10:00,74383.86,74413.94,74317.51,74317.9,100461.0
2026-06-04 14:15:00,74322.51,74389.71,74322.51,74347.88,259413.0
2026-06-04 14:20:00,74347.52,74407.43,74325.3,74344.39,239152.0
2026-06-04 14:25:00,74339.49,74389.89,74339.49,74372.21,75833.0
2026-06-04 14:30:00,74376.14,74445.73,74357.26,74419.33,154319.0
2026-06-04 14:35:00,74417.64,74486.78,74411.87,74473.28,155502.0
2026-06-04 14:40:00,74477.11,74480.59,74431.47,74431.74,74391.0
2026-06-04 14:45:00,74432.11,74520.12,74406.75,74438.81,112079.0
2026-06-04 14:50:00,74436.43,74458.15,74331.9,74335.94,89567.0
2026-06-04 14:55:00,74334.88,74379.11,74305.31,74379.11,103813.0
2026-06-04 15:00:00,74372.52,74378.54,74262.32,74286.36,414356.0
2026-06-04 15:05:00,74283.94,74364.42,74271.7,74356.15,666291.0
2026-06-04 15:10:00,74357.79,74379.65,74344.38,74371.93,169185.0
2026-06-04 15:15:00,74374.75,74408.91,74359.18,74388.34,190429.0
2026-06-04 15:20:00,74382.18,74422.87,74348.18,74419.03,250626.0
2026-06-04 15:25:00,74419.96,74474.9,74401.43,74474.9,223416.0
2026-06-05 09:15:00,74629.94,74717.57,74507.83,74523.53,577551.0
2026-06-05 09:20:00,74526.03,74562.91,74480.73,74487.1,452750.0
2026-06-05 09:25:00,74491.66,74552.38,74486.82,74552.07,300028.0
2026-06-05 09:30:00,74548.73,74594.12,74508.37,74534.46,206019.0
2026-06-05 09:35:00,74533.4,74605.87,74496.19,74534.4,565036.0
2026-06-05 09:40:00,74533.26,74582.86,74484.93,74582.86,459835.0
2026-06-05 09:45:00,74586.64,74592.5,74495.39,74496.29,199128.0
2026-06-05 09:50:00,74498.09,74559.3,74479.87,74535.42,491108.0
2026-06-05 09:55:00,74534.89,74549.13,74491.85,74497.83,216405.0
2026-06-05 10:00:00,74493.65,74600.32,74433.69,74570.47,210795.0
2026-06-05 10:05:00,74570.71,74655.01,74465.83,74645.2,196680.0
2026-06-05 10:10:00,74641.08,74701.37,74576.13,74577.77,216998.0
2026-06-05 10:15:00,74577.14,74633.83,74527.16,74620.3,118819.0
2026-06-05 10:20:00,74619.42,74641.16,74566.29,74639.01,102965.0
2026-06-05 10:25:00,74638.49,74660.09,74556.22,74566.13,143067.0
2026-06-05 10:30:00,74566.19,74586.21,74458.37,74458.37,94517.0
2026-06-05 10:35:00,74457.62,74461.02,74217.82,74223.62,209783.0
2026-06-05 10:40:00,74227.07,74245.03,74167.62,74217.15,215732.0
2026-06-05 10:45:00,74217.05,74253.94,74117.85,74252.46,183872.0
2026-06-05 10:50:00,74253.2,74315.9,74253.2,74295.5,156548.0
2026-06-05 10:55:00,74293.69,74333.73,74285.26,74333.65,131207.0
2026-06-05 11:00:00,74330.93,74497.21,74329.66,74497.21,151994.0
2026-06-05 11:05:00,74496.56,74645.66,74488.56,74580.96,747420.0
2026-06-05 11:10:00,74578.11,74591.56,74486.09,74486.09,94824.0
2026-06-05 11:15:00,74487.52,74514.31,74417.92,74440.48,110230.0
2026-06-05 11:20:00,74439.55,74445.88,74340.88,74396.69,104866.0
2026-06-05 11:25:00,74396.77,74409.57,74366.0,74407.5,77958.0
2026-06-05 11:30:00,74410.63,74463.34,74409.41,74426.54,98232.0
2026-06-05 11:35:00,74426.2,74435.66,74366.46,74395.53,123680.0
2026-06-05 11:40:00,74395.58,74486.51,74383.92,74429.86,108516.0
2026-06-05 11:45:00,74432.41,74488.08,74426.1,74475.45,66371.0
2026-06-05 11:50:00,74475.11,74475.11,74401.76,74401.76,169555.0
2026-06-05 11:55:00,74401.42,74403.88,74354.02,74356.11,118305.0
2026-06-05 12:00:00,74357.02,74456.61,74354.37,74456.61,148774.0
2026-06-05 12:05:00,74455.4,74474.12,74436.33,74450.41,120213.0
2026-06-05 12:10:00,74453.55,74475.06,74394.56,74473.72,64572.0
2026-06-05 12:15:00,74473.72,74501.96,74454.22,74471.66,39870.0
2026-06-05 12:20:00,74470.37,74509.25,74461.21,74507.56,84910.0
2026-06-05 12:25:00,74509.2,74537.47,74480.73,74483.76,75784.0
2026-06-05 12:30:00,74482.56,74486.04,74389.35,74408.1,370755.0
2026-06-05 12:35:00,74407.2,74419.46,74312.8,74373.07,82690.0
2026-06-05 12:40:00,74374.72,74377.43,74272.55,74289.13,157370.0
2026-06-05 12:45:00,74287.96,74321.03,74280.36,74291.53,69241.0
2026-06-05 12:50:00,74291.35,74293.83,74223.3,74279.72,267048.0
2026-06-05 12:55:00,74279.59,74282.52,74254.75,74275.18,78570.0
2026-06-05 13:00:00,74272.35,74295.13,74243.94,74295.13,67296.0
2026-06-05 13:05:00,74291.56,74292.05,74206.38,74213.45,127678.0
2026-06-05 13:10:00,74215.75,74219.72,74172.85,74184.92,94711.0
2026-06-05 13:15:00,74178.28,74240.81,74159.01,74218.5,1927632.0
2026-06-05 13:20:00,74218.16,74222.89,74099.88,74125.45,120512.0
2026-06-05 13:25:00,74125.45,74180.99,74087.86,74087.86,103891.0
2026-06-05 13:30:00,74089.31,74125.34,74034.58,74074.42,88131.0
2026-06-05 13:35:00,74076.42,74111.71,74052.02,74108.73,71912.0
2026-06-05 13:40:00,74108.93,74113.75,73988.75,74033.3,294419.0
2026-06-05 13:45:00,74033.2,74106.11,74033.2,74094.06,79782.0
2026-06-05 13:50:00,74094.97,74109.87,74070.99,74090.71,78684.0
2026-06-05 13:55:00,74091.18,74133.36,74078.1,74133.36,95831.0
2026-06-05 14:00:00,74137.22,74163.56,74116.37,74126.9,70794.0
2026-06-05 14:05:00,74126.9,74171.96,74126.9,74135.1,64685.0
2026-06-05 14:10:00,74137.01,74142.37,74089.8,74096.6,1147490.0
2026-06-05 14:15:00,74096.6,74096.6,74047.57,74058.82,97796.0
2026-06-05 14:20:00,74058.23,74105.25,74036.69,74104.81,71845.0
2026-06-05 14:25:00,74106.21,74200.73,74099.5,74193.28,74855.0
2026-06-05 14:30:00,74192.58,74231.43,74180.18,74180.18,1012438.0
2026-06-05 14:35:00,74179.41,74186.58,74094.31,74143.12,150116.0
2026-06-05 14:40:00,74144.05,74360.31,74131.1,74334.32,172428.0
2026-06-05 14:45:00,74334.48,74392.15,74255.25,74262.48,111103.0
2026-06-05 14:50:00,74265.88,74308.5,74265.88,74293.82,599522.0
2026-06-05 14:55:00,74292.54,74307.25,74212.61,74238.95,79042.0
2026-06-05 15:00:00,74236.94,74249.85,74119.5,74217.66,155090.0
2026-06-05 15:05:00,74219.06,74249.04,74199.13,74226.68,555131.0
2026-06-05 15:10:00,74225.62,74256.45,74203.5,74243.1,249957.0
2026-06-05 15:15:00,74243.6,74301.66,74234.61,74263.71,703827.0
2026-06-05 15:20:00,74259.02,74278.71,74212.52,74259.29,190001.0
2026-06-05 15:25:00,74269.88,74288.89,74242.11,74282.34,303377.0
2026-06-08 09:15:00,73421.61,73533.67,73318.94,73497.07,780775.0
2026-06-08 09:20:00,73499.66,73526.01,73409.32,73506.35,463295.0
2026-06-08 09:25:00,73510.63,73567.45,73480.62,73563.04,363050.0
2026-06-08 09:30:00,73561.47,73660.11,73553.06,73658.9,287612.0
2026-06-08 09:35:00,73656.19,73662.4,73508.05,73564.2,395717.0
2026-06-08 09:40:00,73568.31,73614.42,73542.71,73569.27,229797.0
2026-06-08 09:45:00,73576.5,73639.18,73511.61,73513.37,211207.0
2026-06-08 09:50:00,73508.55,73627.83,73472.75,73627.83,231415.0
2026-06-08 09:55:00,73627.54,73722.75,73621.16,73715.13,169646.0
2026-06-08 10:00:00,73716.28,73717.68,73615.9,73617.46,203300.0
2026-06-08 10:05:00,73619.06,73697.17,73575.28,73683.09,165237.0
2026-06-08 10:10:00,73680.4,73693.92,73639.02,73639.02,109582.0
2026-06-08 10:15:00,73639.58,73663.27,73603.39,73657.21,128523.0
2026-06-08 10:20:00,73657.81,73668.77,73627.35,73652.81,97864.0
2026-06-08 10:25:00,73655.44,73660.05,73597.99,73624.91,99017.0
2026-06-08 10:30:00,73627.74,73748.22,73627.56,73745.48,166080.0
2026-06-08 10:35:00,73749.01,73758.83,73712.43,73734.04,93352.0
2026-06-08 10:40:00,73733.08,73787.83,73694.77,73694.77,81079.0
2026-06-08 10:45:00,73694.47,73725.76,73664.54,73720.77,272323.0
2026-06-08 10:50:00,73720.89,73750.74,73691.94,73699.11,128151.0
2026-06-08 10:55:00,73698.75,73777.06,73683.59,73764.44,74662.0
2026-06-08 11:00:00,73764.8,73772.79,73739.71,73752.3,83736.0
2026-06-08 11:05:00,73751.95,73751.95,73691.43,73729.39,83231.0
2026-06-08 11:10:00,73727.41,73738.16,73687.93,73703.48,87875.0
2026-06-08 11:15:00,73705.47,73715.2,73633.49,73649.67,258737.0
2026-06-08 11:20:00,73652.98,73686.48,73637.37,73657.06,72668.0
2026-06-08 11:25:00,73658.41,73675.44,73646.5,73661.64,89397.0
2026-06-08 11:30:00,73663.05,73715.78,73653.32,73712.66,83477.0
2026-06-08 11:35:00,73712.17,73739.33,73698.29,73734.47,238010.0
2026-06-08 11:40:00,73734.47,73750.96,73718.02,73744.58,95466.0
2026-06-08 11:45:00,73744.05,73774.97,73723.44,73760.97,365321.0
2026-06-08 11:50:00,73759.82,73767.02,73722.11,73736.86,217955.0
2026-06-08 11:55:00,73731.35,73765.16,73721.85,73738.93,96874.0
2026-06-08 12:00:00,73738.17,73750.32,73718.16,73747.03,67618.0
2026-06-08 12:05:00,73747.25,73760.17,73706.54,73733.52,70463.0
2026-06-08 12:10:00,73733.78,73794.58,73733.37,73763.43,91384.0
2026-06-08 12:15:00,73763.63,73773.01,73751.05,73769.09,87642.0
2026-06-08 12:20:00,73769.06,73818.52,73769.06,73811.11,119031.0
2026-06-08 12:25:00,73812.04,73819.88,73787.47,73795.05,93162.0
2026-06-08 12:30:00,73795.05,73815.55,73786.74,73795.69,1129735.0
2026-06-08 12:35:00,73795.96,73809.12,73783.97,73797.21,84566.0
2026-06-08 12:40:00,73796.93,73875.95,73791.96,73857.35,95402.0
2026-06-08 12:45:00,73858.73,73878.67,73831.41,73868.76,228278.0
2026-06-08 12:50:00,73871.6,73934.35,73870.05,73885.01,92522.0
2026-06-08 12:55:00,73881.86,73900.11,73862.04,73867.42,61856.0
2026-06-08 13:00:00,73867.28,73870.62,73796.1,73800.44,62976.0
2026-06-08 13:05:00,73799.92,73808.36,73758.15,73774.63,130340.0
2026-06-08 13:10:00,73775.21,73780.91,73755.68,73770.24,61597.0
2026-06-08 13:15:00,73770.24,73795.83,73763.68,73771.58,61717.0
2026-06-08 13:20:00,73769.96,73774.98,73752.52,73761.42,136798.0
2026-06-08 13:25:00,73761.47,73761.94,73699.48,73745.82,169956.0
2026-06-08 13:30:00,73743.01,73764.57,73691.86,73717.04,88554.0
2026-06-08 13:35:00,73714.57,73725.31,73679.8,73711.62,375956.0
2026-06-08 13:40:00,73711.59,73715.77,73631.42,73636.21,124351.0
2026-06-08 13:45:00,73637.88,73649.76,73570.41,73642.72,275856.0
2026-06-08 13:50:00,73641.3,73654.75,73596.44,73621.49,99340.0
2026-06-08 13:55:00,73622.83,73639.01,73594.84,73638.84,72765.0
2026-06-08 14:00:00,73637.79,73678.89,73637.79,73666.07,191368.0
2026-06-08 14:05:00,73671.81,73679.75,73609.87,73617.64,619580.0
2026-06-08 14:10:00,73616.59,73629.62,73602.46,73607.85,1793632.0
2026-06-08 14:15:00,73605.4,73646.55,73575.54,73642.93,695291.0
2026-06-08 14:20:00,73641.3,73643.22,73591.86,73603.3,168228.0
2026-06-08 14:25:00,73603.17,73608.23,73582.25,73587.68,117544.0
2026-06-08 14:30:00,73582.99,73622.22,73582.92,73618.42,103221.0
2026-06-08 14:35:00,73618.7,73640.25,73603.08,73612.9,143722.0
2026-06-08 14:40:00,73611.44,73679.05,73597.79,73678.83,113935.0
2026-06-08 14:45:00,73680.63,73708.99,73622.75,73678.62,134713.0
2026-06-08 14:50:00,73675.85,73686.65,73649.59,73685.09,145282.0
2026-06-08 14:55:00,73685.68,73728.59,73628.79,73680.18,230211.0
2026-06-08 15:00:00,73678.37,73678.37,73481.52,73500.28,377501.0
2026-06-08 15:05:00,73500.28,73553.39,73462.91,73548.04,952825.0
2026-06-08 15:10:00,73543.46,73562.08,73515.62,73558.93,297994.0
2026-06-08 15:15:00,73557.53,73557.53,73512.33,73523.63,306422.0
2026-06-08 15:20:00,73521.23,73531.98,73444.72,73475.21,309265.0
2026-06-08 15:25:00,73473.92,73489.74,73428.99,73466.85,358558.0
2026-06-09 09:15:00,74035.41,74035.41,73794.14,73878.13,701479.0
2026-06-09 09:20:00,73879.67,73916.77,73848.58,73904.44,325418.0
2026-06-09 09:25:00,73908.28,73910.43,73858.04,73864.37,215831.0
2026-06-09 09:30:00,73860.56,73965.71,73859.92,73918.4,638980.0
2026-06-09 09:35:00,73916.0,73922.1,73805.72,73815.03,186030.0
2026-06-09 09:40:00,73815.68,73835.43,73762.41,73766.75,176430.0
2026-06-09 09:45:00,73762.91,73824.68,73720.28,73725.79,215002.0
2026-06-09 09:50:00,73725.79,73815.14,73717.51,73808.05,117138.0
2026-06-09 09:55:00,73807.54,73811.1,73713.0,73723.71,127731.0
2026-06-09 10:00:00,73726.64,73742.7,73652.22,73652.22,138237.0
2026-06-09 10:05:00,73653.04,73684.57,73627.48,73652.42,437147.0
2026-06-09 10:10:00,73652.62,73658.26,73630.35,73639.36,130160.0
2026-06-09 10:15:00,73643.79,73669.61,73628.51,73653.15,156060.0
2026-06-09 10:20:00,73653.14,73655.72,73583.83,73617.37,158204.0
2026-06-09 10:25:00,73618.19,73653.35,73608.06,73636.06,74165.0
2026-06-09 10:30:00,73641.43,73653.43,73593.67,73619.02,53658.0
2026-06-09 10:35:00,73618.26,73619.62,73577.92,73591.59,95949.0
2026-06-09 10:40:00,73591.59,73625.28,73582.89,73625.28,79794.0
2026-06-09 10:45:00,73626.57,73640.64,73535.68,73535.68,118383.0
2026-06-09 10:50:00,73539.79,73589.77,73510.5,73589.77,130139.0
2026-06-09 10:55:00,73590.53,73603.68,73569.19,73587.61,60285.0
2026-06-09 11:00:00,73585.84,73588.19,73567.64,73577.67,61841.0
2026-06-09 11:05:00,73577.67,73603.67,73563.2,73566.0,176691.0
2026-06-09 11:10:00,73568.24,73576.88,73545.29,73548.47,142759.0
2026-06-09 11:15:00,73545.55,73594.93,73527.08,73578.18,117077.0
2026-06-09 11:20:00,73577.56,73583.56,73440.51,73450.46,147969.0
2026-06-09 11:25:00,73450.97,73534.13,73426.18,73520.87,114693.0
2026-06-09 11:30:00,73519.56,73540.15,73500.16,73534.56,114181.0
2026-06-09 11:35:00,73539.6,73604.56,73536.89,73604.56,287224.0
2026-06-09 11:40:00,73605.16,73606.0,73516.52,73569.11,129156.0
2026-06-09 11:45:00,73569.11,73709.1,73562.83,73647.29,251988.0
2026-06-09 11:50:00,73647.29,73692.79,73622.47,73649.91,266437.0
2026-06-09 11:55:00,73649.69,73673.78,73641.96,73667.96,91470.0
2026-06-09 12:00:00,73666.79,73739.11,73665.2,73687.9,65723.0
2026-06-09 12:05:00,73689.73,73694.53,73658.4,73667.3,94766.0
2026-06-09 12:10:00,73668.35,73709.81,73662.18,73698.76,119377.0
2026-06-09 12:15:00,73704.35,73742.9,73697.83,73742.9,96982.0
2026-06-09 12:20:00,73742.79,73772.13,73723.42,73730.65,81111.0
2026-06-09 12:25:00,73730.95,73767.0,73727.46,73756.09,91385.0
2026-06-09 12:30:00,73757.48,73821.24,73747.56,73799.05,86101.0
2026-06-09 12:35:00,73801.04,73819.73,73777.13,73796.93,89935.0
2026-06-09 12:40:00,73797.22,73809.42,73729.63,73758.02,1217003.0
2026-06-09 12:45:00,73757.98,73787.86,73739.64,73749.67,86312.0
2026-06-09 12:50:00,73749.49,73757.4,73707.71,73739.99,64755.0
2026-06-09 12:55:00,73737.77,73737.77,73677.76,73698.58,94486.0
2026-06-09 13:00:00,73698.76,73772.55,73698.76,73738.79,96998.0
2026-06-09 13:05:00,73737.4,73756.59,73700.71,73720.38,178976.0
2026-06-09 13:10:00,73719.91,73791.22,73713.73,73785.63,102463.0
2026-06-09 13:15:00,73776.68,73831.87,73747.65,73755.38,132596.0
2026-06-09 13:20:00,73758.99,73768.93,73729.54,73739.05,64549.0
2026-06-09 13:25:00,73741.71,73767.94,73733.68,73767.94,82320.0
2026-06-09 13:30:00,73768.98,73768.99,73711.39,73751.86,127382.0
2026-06-09 13:35:00,73747.18,73796.38,73734.94,73792.71,101565.0
2026-06-09 13:40:00,73793.41,73810.89,73750.09,73800.12,113088.0
2026-06-09 13:45:00,73800.12,73807.64,73747.71,73750.18,88600.0
2026-06-09 13:50:00,73750.18,73773.1,73725.1,73725.1,106612.0
2026-06-09 13:55:00,73726.06,73738.52,73672.48,73719.74,188880.0
2026-06-09 14:00:00,73714.41,73724.21,73697.6,73716.11,77451.0
2026-06-09 14:05:00,73716.11,73774.24,73704.71,73774.24,70856.0
2026-06-09 14:10:00,73774.72,73817.44,73763.21,73772.8,84160.0
2026-06-09 14:15:00,73772.8,73782.96,73746.11,73763.09,116328.0
2026-06-09 14:20:00,73762.86,73766.94,73704.89,73743.1,92297.0
2026-06-09 14:25:00,73743.1,73806.51,73741.3,73806.51,110583.0
2026-06-09 14:30:00,73810.3,73829.69,73778.88,73829.69,92137.0
2026-06-09 14:35:00,73832.95,73898.7,73808.31,73898.7,146034.0
2026-06-09 14:40:00,73900.52,73974.43,73897.27,73950.91,124381.0
2026-06-09 14:45:00,73951.72,73960.94,73921.35,73935.99,109686.0
2026-06-09 14:50:00,73936.51,74001.75,73924.96,73999.96,147201.0
2026-06-09 14:55:00,74001.73,74032.01,73990.73,74020.57,133714.0
2026-06-09 15:00:00,74015.54,74015.54,73871.34,73903.53,156690.0
2026-06-09 15:05:00,73896.81,73991.23,73896.17,73991.23,184459.0
2026-06-09 15:10:00,73990.23,73990.23,73910.59,73925.07,147322.0
2026-06-09 15:15:00,73921.39,73922.18,73875.47,73888.47,112422.0
2026-06-09 15:20:00,73886.49,73921.81,73871.72,73918.2,138257.0
2026-06-09 15:25:00,73918.39,73986.53,73910.05,73980.88,197718.0
2026-06-10 09:15:00,73988.27,74354.87,73897.83,74268.52,833434.0
2026-06-10 09:20:00,74269.81,74294.79,74196.07,74253.05,402509.0
2026-06-10 09:25:00,74257.29,74315.56,74241.82,74314.41,311836.0
2026-06-10 09:30:00,74313.28,74356.61,74278.39,74326.12,236469.0
2026-06-10 09:35:00,74330.17,74336.88,74274.98,74289.9,218369.0
2026-06-10 09:40:00,74291.86,74344.74,74284.19,74337.68,202069.0
2026-06-10 09:45:00,74341.4,74432.12,74335.64,74417.64,258440.0
2026-06-10 09:50:00,74420.94,74428.89,74402.17,74422.02,211685.0
2026-06-10 09:55:00,74422.54,74458.45,74396.98,74398.04,301300.0
2026-06-10 10:00:00,74395.59,74411.84,74333.17,74344.76,176556.0
2026-06-10 10:05:00,74346.96,74376.85,74312.1,74355.48,164798.0
2026-06-10 10:10:00,74357.09,74364.12,74241.42,74242.89,154916.0
2026-06-10 10:15:00,74239.84,74292.9,74200.01,74289.53,187040.0
2026-06-10 10:20:00,74284.03,74296.69,74217.2,74239.39,158354.0
2026-06-10 10:25:00,74237.36,74237.36,74202.4,74222.58,125584.0
2026-06-10 10:30:00,74220.98,74286.62,74215.77,74284.0,91676.0
2026-06-10 10:35:00,74285.92,74340.4,74279.14,74284.04,161373.0
2026-06-10 10:40:00,74283.34,74325.26,74268.0,74316.73,133414.0
2026-06-10 10:45:00,74318.14,74351.38,74310.66,74348.55,273087.0
2026-06-10 10:50:00,74352.27,74391.15,74337.09,74391.15,117720.0
2026-06-10 10:55:00,74388.55,74439.84,74351.72,74437.74,122314.0
2026-06-10 11:00:00,74443.23,74451.37,74397.16,74433.29,164759.0
2026-06-10 11:05:00,74435.38,74435.38,74387.49,74427.17,114113.0
2026-06-10 11:10:00,74429.79,74452.07,74413.37,74418.89,213332.0
2026-06-10 11:15:00,74419.65,74453.33,74374.72,74374.72,442282.0
2026-06-10 11:20:00,74378.6,74429.72,74372.29,74426.42,283863.0
2026-06-10 11:25:00,74426.42,74483.25,74416.9,74475.61,120868.0
2026-06-10 11:30:00,74476.79,74492.95,74451.36,74460.02,128574.0
2026-06-10 11:35:00,74462.16,74524.94,74452.33,74518.86,131578.0
2026-06-10 11:40:00,74516.35,74534.56,74496.92,74515.64,101474.0
2026-06-10 11:45:00,74515.34,74521.65,74468.55,74493.73,108691.0
2026-06-10 11:50:00,74494.07,74508.95,74473.13,74483.73,86820.0
2026-06-10 11:55:00,74479.6,74515.49,74476.1,74515.49,480856.0
2026-06-10 12:00:00,74516.07,74522.87,74427.14,74450.18,108377.0
2026-06-10 12:05:00,74449.68,74479.2,74436.17,74465.97,81840.0
2026-06-10 12:10:00,74465.16,74487.21,74445.69,74478.02,148953.0
2026-06-10 12:15:00,74474.45,74493.37,74450.15,74471.52,118129.0
2026-06-10 12:20:00,74469.6,74478.66,74422.69,74434.62,284394.0
2026-06-10 12:25:00,74434.41,74448.72,74418.78,74429.24,130094.0
2026-06-10 12:30:00,74427.55,74446.97,74424.1,74426.33,82375.0
2026-06-10 12:35:00,74426.69,74446.62,74420.76,74423.77,211892.0
2026-06-10 12:40:00,74425.66,74425.98,74335.7,74341.8,131133.0
2026-06-10 12:45:00,74343.02,74404.6,74291.2,74403.13,264220.0
2026-06-10 12:50:00,74401.82,74469.79,74398.67,74453.93,163783.0
2026-06-10 12:55:00,74453.04,74456.68,74392.5,74446.86,122703.0
2026-06-10 13:00:00,74447.35,74588.93,74447.35,74583.77,186737.0
2026-06-10 13:05:00,74583.9,74613.01,74536.39,74569.3,661056.0
2026-06-10 13:10:00,74568.82,74600.49,74527.67,74544.53,169070.0
2026-06-10 13:15:00,74545.06,74556.26,74515.37,74519.55,111623.0
2026-06-10 13:20:00,74520.59,74520.67,74444.71,74448.01,119317.0
2026-06-10 13:25:00,74448.45,74542.1,74440.39,74523.67,2179284.0
2026-06-10 13:30:00,74526.93,74560.91,74475.42,74484.68,240590.0
2026-06-10 13:35:00,74485.93,74507.98,74463.04,74472.03,320350.0
2026-06-10 13:40:00,74474.31,74504.07,74400.6,74415.81,145781.0
2026-06-10 13:45:00,74413.37,74472.87,74413.08,74428.5,126409.0
2026-06-10 13:50:00,74429.86,74442.37,74377.07,74387.34,117110.0
2026-06-10 13:55:00,74380.8,74412.54,74378.58,74395.57,75507.0
2026-06-10 14:00:00,74395.46,74432.49,74361.18,74422.72,63919.0
2026-06-10 14:05:00,74426.0,74434.06,74359.82,74367.22,132878.0
2026-06-10 14:10:00,74365.98,74375.57,74295.67,74306.93,139368.0
2026-06-10 14:15:00,74307.53,74347.11,74282.0,74332.87,95509.0
2026-06-10 14:20:00,74335.41,74383.31,74335.41,74350.24,85081.0
2026-06-10 14:25:00,74347.05,74357.36,74293.81,74309.87,106827.0
2026-06-10 14:30:00,74310.66,74316.5,74214.58,74284.15,216191.0
2026-06-10 14:35:00,74286.61,74309.57,74193.2,74199.8,138586.0
2026-06-10 14:40:00,74199.93,74248.8,74121.07,74123.39,159043.0
2026-06-10 14:45:00,74122.58,74165.67,74077.03,74092.45,192060.0
2026-06-10 14:50:00,74089.94,74110.05,74059.32,74087.63,154863.0
2026-06-10 14:55:00,74089.16,74143.82,74089.16,74111.61,158734.0
2026-06-10 15:00:00,74111.46,74116.79,74038.87,74050.76,221214.0
2026-06-10 15:05:00,74044.93,74059.83,74013.92,74053.56,214558.0
2026-06-10 15:10:00,74053.4,74055.51,73943.14,73945.18,225387.0
2026-06-10 15:15:00,73943.29,73982.48,73903.61,73962.21,283146.0
2026-06-10 15:20:00,73968.79,73983.26,73897.57,73931.19,238702.0
2026-06-10 15:25:00,73944.1,73997.32,73933.39,73986.55,244211.0
2026-06-11 09:15:00,73615.99,73685.96,73518.75,73631.42,933447.0
2026-06-11 09:20:00,73635.91,73736.71,73622.45,73639.87,2125703.0
2026-06-11 09:25:00,73637.94,73667.08,73574.09,73658.3,337685.0
2026-06-11 09:30:00,73658.09,73663.23,73589.63,73611.71,319662.0
2026-06-11 09:35:00,73608.63,73704.01,73572.71,73689.57,415166.0
2026-06-11 09:40:00,73691.5,73751.49,73623.75,73742.22,237105.0
2026-06-11 09:45:00,73738.33,73788.58,73732.04,73781.94,242054.0
2026-06-11 09:50:00,73782.44,73856.16,73753.25,73798.47,230330.0
2026-06-11 09:55:00,73799.29,73799.29,73651.22,73654.23,167518.0
2026-06-11 10:00:00,73658.04,73721.18,73649.43,73650.99,372648.0
2026-06-11 10:05:00,73650.06,73801.49,73624.15,73790.22,119126.0
2026-06-11 10:10:00,73790.05,73816.64,73765.02,73766.53,116342.0
2026-06-11 10:15:00,73766.4,73879.6,73761.96,73876.15,110938.0
2026-06-11 10:20:00,73881.69,73918.63,73854.86,73856.86,134202.0
2026-06-11 10:25:00,73856.0,73964.48,73855.81,73950.41,92028.0
2026-06-11 10:30:00,73949.63,73967.96,73905.25,73953.42,115389.0
2026-06-11 10:35:00,73953.07,73972.38,73918.85,73956.44,98539.0
2026-06-11 10:40:00,73956.56,73982.86,73926.07,73946.98,89455.0
2026-06-11 10:45:00,73948.48,73965.21,73921.7,73921.7,95680.0
2026-06-11 10:50:00,73924.31,73924.31,73836.95,73841.89,70815.0
2026-06-11 10:55:00,73839.95,73879.56,73839.58,73867.08,76439.0
2026-06-11 11:00:00,73866.48,73892.41,73826.52,73882.64,96491.0
2026-06-11 11:05:00,73882.2,73966.91,73882.2,73922.33,105143.0
2026-06-11 11:10:00,73919.76,73928.22,73883.35,73885.22,60154.0
2026-06-11 11:15:00,73886.16,73961.62,73884.83,73948.24,67346.0
2026-06-11 11:20:00,73947.79,74004.44,73942.41,74003.78,109491.0
2026-06-11 11:25:00,73998.62,74062.72,73985.27,74061.67,86651.0
2026-06-11 11:30:00,74061.82,74088.25,74023.62,74045.58,295398.0
2026-06-11 11:35:00,74046.11,74063.12,73994.98,74059.81,292356.0
2026-06-11 11:40:00,74054.52,74132.79,74030.74,74132.79,131133.0
2026-06-11 11:45:00,74133.03,74193.02,74132.51,74190.49,134550.0
2026-06-11 11:50:00,74192.28,74218.97,74182.43,74200.21,86412.0
2026-06-11 11:55:00,74200.91,74270.53,74175.73,74240.38,174814.0
2026-06-11 12:00:00,74240.73,74266.33,74235.14,74254.26,216462.0
2026-06-11 12:05:00,74249.89,74280.73,74228.38,74253.97,173982.0
2026-06-11 12:10:00,74252.95,74273.08,74227.04,74270.32,176338.0
2026-06-11 12:15:00,74271.23,74335.34,74267.61,74267.61,118122.0
2026-06-11 12:20:00,74269.27,74281.6,74248.48,74266.38,388434.0
2026-06-11 12:25:00,74266.74,74314.66,74251.63,74286.78,309380.0
2026-06-11 12:30:00,74293.66,74375.79,74293.66,74375.79,225201.0
2026-06-11 12:35:00,74373.76,74380.22,74279.69,74302.3,356637.0
2026-06-11 12:40:00,74299.42,74311.52,74278.26,74297.86,93431.0
2026-06-11 12:45:00,74292.38,74320.31,74217.35,74221.13,137814.0
2026-06-11 12:50:00,74216.61,74279.99,74215.46,74249.9,162844.0
2026-06-11 12:55:00,74250.5,74325.8,74229.29,74325.44,703504.0
2026-06-11 13:00:00,74326.48,74394.34,74310.07,74314.52,879769.0
2026-06-11 13:05:00,74311.99,74317.38,74256.31,74256.31,62513.0
2026-06-11 13:10:00,74249.91,74254.07,74170.78,74173.52,621824.0
2026-06-11 13:15:00,74176.74,74191.98,74121.7,74151.33,237481.0
2026-06-11 13:20:00,74149.38,74185.2,74067.99,74106.71,254474.0
2026-06-11 13:25:00,74101.38,74121.67,74046.17,74117.98,73244.0
2026-06-11 13:30:00,74117.98,74200.24,74112.26,74124.67,84461.0
2026-06-11 13:35:00,74123.81,74166.79,74091.3,74093.49,58190.0
2026-06-11 13:40:00,74095.66,74135.09,74042.68,74057.13,196525.0
2026-06-11 13:45:00,74057.62,74117.34,74037.61,74094.14,134968.0
2026-06-11 13:50:00,74093.26,74108.91,74059.58,74091.87,58511.0
2026-06-11 13:55:00,74094.45,74140.93,74070.71,74086.11,117086.0
2026-06-11 14:00:00,74089.09,74123.21,74055.11,74108.02,1474118.0
2026-06-11 14:05:00,74106.78,74107.54,74002.08,74022.38,71587.0
2026-06-11 14:10:00,74022.42,74061.7,73999.35,74042.31,73926.0
2026-06-11 14:15:00,74044.38,74048.29,74005.12,74028.61,45291.0
2026-06-11 14:20:00,74030.94,74060.23,74003.13,74005.75,89739.0
2026-06-11 14:25:00,74005.23,74144.17,74005.23,74110.46,253701.0
2026-06-11 14:30:00,74109.46,74121.35,74068.5,74093.67,113191.0
2026-06-11 14:35:00,74096.36,74120.89,73974.92,74052.25,704746.0
2026-06-11 14:40:00,74049.86,74062.68,73965.04,73981.35,1596975.0
2026-06-11 14:45:00,73981.1,74014.67,73886.81,73980.15,361153.0
2026-06-11 14:50:00,73976.12,73976.12,73864.4,73895.03,171167.0
2026-06-11 14:55:00,73894.06,73910.1,73865.95,73908.35,113132.0
2026-06-11 15:00:00,73910.22,73942.4,73758.53,73793.97,1236651.0
2026-06-11 15:05:00,73789.95,73821.41,73732.96,73778.82,861079.0
2026-06-11 15:10:00,73779.43,73854.77,73738.67,73842.21,1897167.0
2026-06-11 15:15:00,73847.62,73931.98,73823.15,73905.07,725606.0
2026-06-11 15:20:00,73902.82,73917.02,73862.39,73892.72,3293057.0
2026-06-11 15:25:00,73890.56,73917.22,73877.22,73909.98,307931.0
2026-06-12 09:15:00,74709.27,74856.35,74663.34,74828.63,964874.0
2026-06-12 09:20:00,74833.47,74859.16,74759.88,74775.9,401572.0
2026-06-12 09:25:00,74773.34,74796.25,74693.86,74704.62,255275.0
2026-06-12 09:30:00,74705.35,74731.96,74658.03,74725.3,278362.0
2026-06-12 09:35:00,74724.61,74736.84,74662.45,74711.17,279026.0
2026-06-12 09:40:00,74708.31,74709.07,74609.49,74614.65,191600.0
2026-06-12 09:45:00,74613.19,74655.67,74593.68,74655.67,150274.0
2026-06-12 09:50:00,74654.13,74654.38,74586.63,74594.69,102270.0
2026-06-12 09:55:00,74600.0,74601.74,74567.29,74567.29,195201.0
2026-06-12 10:00:00,74570.48,74570.48,74486.9,74517.58,129741.0
2026-06-12 10:05:00,74515.95,74576.53,74512.58,74543.67,136630.0
2026-06-12 10:10:00,74545.4,74555.61,74510.35,74531.59,96750.0
2026-06-12 10:15:00,74533.41,74536.34,74453.39,74462.77,128675.0
2026-06-12 10:20:00,74462.78,74559.74,74456.76,74557.39,141463.0
2026-06-12 10:25:00,74557.76,74580.95,74530.23,74547.42,105951.0
2026-06-12 10:30:00,74544.11,74567.63,74523.77,74553.97,85803.0
2026-06-12 10:35:00,74551.95,74563.54,74519.98,74563.21,1033984.0
2026-06-12 10:40:00,74563.23,74572.62,74542.36,74551.28,76483.0
2026-06-12 10:45:00,74549.71,74568.03,74497.58,74552.28,107734.0
2026-06-12 10:50:00,74551.98,74577.56,74521.31,74576.55,78032.0
2026-06-12 10:55:00,74577.9,74593.13,74576.03,74589.63,85442.0
2026-06-12 11:00:00,74587.36,74593.03,74552.89,74576.55,93584.0
2026-06-12 11:05:00,74579.52,74589.81,74540.54,74579.68,294871.0
2026-06-12 11:10:00,74579.86,74649.4,74573.02,74645.48,110142.0
2026-06-12 11:15:00,74647.03,74654.33,74590.44,74590.44,88006.0
2026-06-12 11:20:00,74591.37,74614.4,74570.11,74613.44,162240.0
2026-06-12 11:25:00,74614.5,74618.55,74577.47,74604.15,1696380.0
2026-06-12 11:30:00,74603.84,74649.05,74603.84,74638.29,148348.0
2026-06-12 11:35:00,74638.29,74648.77,74616.18,74644.62,74203.0
2026-06-12 11:40:00,74643.4,74674.91,74641.73,74669.0,194479.0
2026-06-12 11:45:00,74668.35,74698.73,74647.5,74693.6,237536.0
2026-06-12 11:50:00,74693.77,74697.89,74661.4,74682.96,337551.0
2026-06-12 11:55:00,74682.96,74698.95,74674.09,74676.15,97833.0
2026-06-12 12:00:00,74675.4,74680.1,74654.93,74670.41,411494.0
2026-06-12 12:05:00,74670.41,74677.74,74625.22,74625.58,61412.0
2026-06-12 12:10:00,74625.58,74632.32,74556.57,74575.51,84544.0
2026-06-12 12:15:00,74575.89,74593.04,74558.96,74559.72,84391.0
2026-06-12 12:20:00,74560.11,74626.64,74558.19,74623.51,50151.0
2026-06-12 12:25:00,74625.11,74638.47,74620.63,74622.68,50180.0
2026-06-12 12:30:00,74622.95,74625.14,74552.9,74566.73,76191.0
2026-06-12 12:35:00,74566.58,74569.96,74535.97,74544.67,79976.0
2026-06-12 12:40:00,74548.0,74553.59,74485.83,74485.83,151024.0
2026-06-12 12:45:00,74485.45,74494.73,74468.43,74469.9,77746.0
2026-06-12 12:50:00,74468.16,74508.44,74464.2,74508.44,69005.0
2026-06-12 12:55:00,74508.82,74516.34,74494.06,74504.68,67625.0
2026-06-12 13:00:00,74506.85,74534.55,74496.56,74528.47,56186.0
2026-06-12 13:05:00,74528.36,74556.53,74516.66,74528.13,51792.0
2026-06-12 13:10:00,74528.13,74557.57,74519.67,74528.6,48568.0
2026-06-12 13:15:00,74528.04,74569.25,74526.1,74563.0,64490.0
2026-06-12 13:20:00,74564.15,74569.49,74516.05,74518.06,93623.0
2026-06-12 13:25:00,74518.08,74697.98,74486.43,74687.61,176010.0
2026-06-12 13:30:00,74688.35,74831.29,74688.35,74814.81,602773.0
2026-06-12 13:35:00,74812.6,74953.21,74812.6,74948.35,582856.0
2026-06-12 13:40:00,74946.37,75002.72,74925.99,74988.59,655261.0
2026-06-12 13:45:00,74988.59,75065.48,74966.56,75051.09,136964.0
2026-06-12 13:50:00,75050.42,75057.88,74995.06,75025.12,91007.0
2026-06-12 13:55:00,75024.41,75100.62,75024.41,75090.36,138916.0
2026-06-12 14:00:00,75090.48,75136.59,75063.85,75134.18,131653.0
2026-06-12 14:05:00,75136.64,75146.83,75082.39,75098.72,113988.0
2026-06-12 14:10:00,75098.59,75174.58,75060.36,75163.17,159978.0
2026-06-12 14:15:00,75163.82,75220.58,75163.82,75214.0,130511.0
2026-06-12 14:20:00,75212.98,75231.55,75199.63,75207.27,108227.0
2026-06-12 14:25:00,75212.23,75275.69,75186.08,75268.9,155367.0
2026-06-12 14:30:00,75268.25,75300.85,75246.12,75272.33,139651.0
2026-06-12 14:35:00,75272.62,75338.3,75225.56,75335.24,410367.0
2026-06-12 14:40:00,75335.13,75370.67,75301.18,75352.41,172255.0
2026-06-12 14:45:00,75348.51,75428.07,75340.75,75422.88,122823.0
2026-06-12 14:50:00,75422.54,75497.58,75421.36,75492.27,173846.0
2026-06-12 14:55:00,75492.33,75513.03,75465.2,75495.22,185023.0
2026-06-12 15:00:00,75491.7,75579.93,75407.45,75570.84,271247.0
2026-06-12 15:05:00,75568.91,75608.02,75517.62,75520.94,184176.0
2026-06-12 15:10:00,75521.83,75538.75,75486.71,75533.91,209041.0
2026-06-12 15:15:00,75532.98,75579.61,75504.11,75547.41,254575.0
2026-06-12 15:20:00,75545.94,75545.94,75502.73,75523.32,218452.0
2026-06-12 15:25:00,75524.22,75565.8,75501.76,75532.94,305472.0
2026-06-15 09:15:00,76725.27,76821.07,76553.83,76607.08,1558450.0
2026-06-15 09:20:00,76605.89,76658.15,76598.88,76637.14,703472.0
2026-06-15 09:25:00,76632.12,76648.38,76560.26,76578.34,531980.0
2026-06-15 09:30:00,76577.0,76610.98,76524.17,76581.92,739119.0
2026-06-15 09:35:00,76595.63,76605.82,76542.88,76557.55,232440.0
2026-06-15 09:40:00,76557.53,76650.03,76552.71,76650.03,787392.0
2026-06-15 09:45:00,76646.55,76714.44,76641.16,76694.73,329295.0
2026-06-15 09:50:00,76700.84,76711.83,76651.36,76663.63,356939.0
2026-06-15 09:55:00,76659.32,76670.25,76604.97,76620.51,255375.0
2026-06-15 10:00:00,76619.77,76690.56,76619.43,76658.07,196531.0
2026-06-15 10:05:00,76658.57,76666.81,76597.48,76612.88,244750.0
2026-06-15 10:10:00,76618.09,76629.53,76573.83,76615.21,153310.0
2026-06-15 10:15:00,76615.4,76627.06,76584.67,76595.4,146118.0
2026-06-15 10:20:00,76594.71,76638.78,76581.95,76621.85,142531.0
2026-06-15 10:25:00,76621.75,76683.17,76605.0,76668.74,150464.0
2026-06-15 10:30:00,76668.28,76717.94,76668.28,76707.95,151617.0
2026-06-15 10:35:00,76711.35,76722.96,76690.15,76707.08,853519.0
2026-06-15 10:40:00,76708.26,76727.75,76692.7,76713.27,87409.0
2026-06-15 10:45:00,76714.86,76758.36,76707.57,76751.64,111091.0
2026-06-15 10:50:00,76750.09,76808.36,76750.09,76776.31,186650.0
2026-06-15 10:55:00,76780.25,76817.17,76775.13,76798.55,184440.0
2026-06-15 11:00:00,76795.95,76799.25,76691.98,76721.59,479916.0
2026-06-15 11:05:00,76718.17,76731.66,76682.46,76720.65,165891.0
2026-06-15 11:10:00,76718.77,76726.16,76675.61,76677.08,127072.0
2026-06-15 11:15:00,76674.52,76689.91,76653.47,76683.63,99921.0
2026-06-15 11:20:00,76683.47,76698.43,76659.8,76661.81,96526.0
2026-06-15 11:25:00,76664.8,76714.2,76661.72,76708.18,60415.0
2026-06-15 11:30:00,76708.49,76710.93,76644.63,76647.49,88670.0
2026-06-15 11:35:00,76650.51,76664.73,76643.55,76664.73,93136.0
2026-06-15 11:40:00,76666.57,76674.15,76627.04,76629.82,123610.0
2026-06-15 11:45:00,76628.03,76638.24,76598.64,76632.39,124791.0
2026-06-15 11:50:00,76632.28,76658.36,76613.49,76652.34,81657.0
2026-06-15 11:55:00,76649.61,76662.62,76618.95,76629.72,131059.0
2026-06-15 12:00:00,76630.29,76644.22,76600.77,76604.8,150749.0
2026-06-15 12:05:00,76598.1,76603.44,76536.25,76539.33,127994.0
2026-06-15 12:10:00,76540.03,76560.9,76523.83,76532.9,143953.0
2026-06-15 12:15:00,76536.55,76536.55,76444.4,76449.66,133948.0
2026-06-15 12:20:00,76448.11,76490.32,76436.35,76475.54,258279.0
2026-06-15 12:25:00,76477.93,76477.93,76411.45,76420.12,169226.0
2026-06-15 12:30:00,76420.4,76441.97,76405.69,76437.64,148027.0
2026-06-15 12:35:00,76438.66,76483.62,76438.66,76442.34,210882.0
2026-06-15 12:40:00,76441.92,76480.59,76422.23,76480.59,103425.0
2026-06-15 12:45:00,76480.18,76480.49,76421.86,76422.32,96245.0
2026-06-15 12:50:00,76421.74,76460.1,76417.85,76449.76,96207.0
2026-06-15 12:55:00,76449.05,76474.24,76447.15,76458.02,111613.0
2026-06-15 13:00:00,76455.77,76465.46,76411.92,76420.83,664903.0
2026-06-15 13:05:00,76421.74,76469.13,76416.17,76468.95,76225.0
2026-06-15 13:10:00,76472.14,76547.48,76469.78,76484.26,119514.0
2026-06-15 13:15:00,76484.26,76490.34,76430.0,76431.32,104854.0
2026-06-15 13:20:00,76431.0,76471.26,76425.76,76466.69,100503.0
2026-06-15 13:25:00,76466.6,76466.6,76431.01,76439.45,79172.0
2026-06-15 13:30:00,76440.15,76459.82,76420.04,76452.62,81318.0
2026-06-15 13:35:00,76453.46,76466.41,76414.61,76436.29,96232.0
2026-06-15 13:40:00,76436.29,76444.89,76384.56,76408.87,89027.0
2026-06-15 13:45:00,76409.15,76446.46,76403.76,76414.53,95277.0
2026-06-15 13:50:00,76411.45,76430.97,76317.03,76372.29,207571.0
2026-06-15 13:55:00,76371.57,76455.87,76364.86,76433.57,1545494.0
2026-06-15 14:00:00,76436.33,76465.99,76417.5,76417.55,91121.0
2026-06-15 14:05:00,76417.55,76420.82,76373.24,76373.24,183213.0
2026-06-15 14:10:00,76382.21,76417.84,76380.43,76390.06,113967.0
2026-06-15 14:15:00,76388.48,76448.06,76380.31,76438.75,112699.0
2026-06-15 14:20:00,76437.47,76478.76,76424.15,76459.21,350685.0
2026-06-15 14:25:00,76459.8,76485.76,76440.18,76463.75,141836.0
2026-06-15 14:30:00,76463.75,76523.7,76454.82,76518.06,152021.0
2026-06-15 14:35:00,76516.72,76567.9,76514.79,76538.35,166429.0
2026-06-15 14:40:00,76542.32,76552.55,76489.99,76522.07,127447.0
2026-06-15 14:45:00,76519.17,76538.18,76475.15,76510.64,112844.0
2026-06-15 14:50:00,76509.31,76510.01,76401.26,76410.28,95315.0
2026-06-15 14:55:00,76409.92,76430.18,76383.5,76397.61,86342.0
2026-06-15 15:00:00,76404.09,76436.07,76265.5,76304.48,319229.0
2026-06-15 15:05:00,76303.62,76311.03,76239.55,76246.49,144144.0
2026-06-15 15:10:00,76244.97,76254.43,76140.44,76233.36,554476.0
2026-06-15 15:15:00,76229.54,76315.22,76229.54,76292.79,177148.0
2026-06-15 15:20:00,76291.36,76303.32,76267.46,76269.5,224105.0
2026-06-15 15:25:00,76274.29,76287.71,76214.97,76242.71,159351.0
2026-06-15 15:30:00,76242.71,76242.71,76242.71,76242.71,41068.0
2026-06-16 09:15:00,76526.77,76579.98,76443.34,76562.72,1643702.0
2026-06-16 09:20:00,76566.39,76586.09,76487.33,76525.11,264995.0
2026-06-16 09:25:00,76525.58,76606.14,76521.66,76592.69,176171.0
2026-06-16 09:30:00,76598.96,76676.3,76593.05,76634.22,204721.0
2026-06-16 09:35:00,76634.97,76645.1,76588.85,76596.2,173430.0
2026-06-16 09:40:00,76595.61,76600.06,76532.43,76532.43,157370.0
2026-06-16 09:45:00,76533.46,76623.31,76529.0,76606.9,193354.0
2026-06-16 09:50:00,76607.97,76615.11,76538.3,76578.46,151568.0
2026-06-16 09:55:00,76581.38,76600.18,76558.2,76591.73,133883.0
2026-06-16 10:00:00,76593.55,76618.44,76474.63,76477.52,161743.0
2026-06-16 10:05:00,76480.49,76516.09,76450.66,76456.05,116529.0
2026-06-16 10:10:00,76456.67,76506.76,76447.72,76502.75,208934.0
2026-06-16 10:15:00,76502.23,76572.04,76495.15,76561.59,172668.0
2026-06-16 10:20:00,76563.78,76650.59,76560.31,76611.95,230320.0
2026-06-16 10:25:00,76611.95,76626.39,76579.05,76612.2,120065.0
2026-06-16 10:30:00,76611.86,76653.98,76606.6,76633.88,96524.0
2026-06-16 10:35:00,76629.77,76702.33,76629.61,76678.81,607521.0
2026-06-16 10:40:00,76678.81,76695.3,76643.42,76658.26,355162.0
2026-06-16 10:45:00,76659.48,76720.43,76654.44,76715.66,123406.0
2026-06-16 10:50:00,76712.69,76723.01,76688.21,76707.54,150019.0
2026-06-16 10:55:00,76705.19,76724.62,76689.49,76699.74,103954.0
2026-06-16 11:00:00,76697.93,76705.11,76645.14,76646.88,164103.0
2026-06-16 11:05:00,76646.53,76672.34,76628.24,76630.39,114476.0
2026-06-16 11:10:00,76634.43,76638.2,76595.04,76617.94,155230.0
2026-06-16 11:15:00,76618.73,76663.6,76597.77,76602.26,108070.0
2026-06-16 11:20:00,76605.02,76637.31,76573.73,76637.11,64258.0
2026-06-16 11:25:00,76637.11,76652.61,76585.91,76591.62,73372.0
2026-06-16 11:30:00,76591.7,76598.34,76567.49,76597.42,117977.0
2026-06-16 11:35:00,76589.27,76606.56,76551.28,76564.63,127968.0
2026-06-16 11:40:00,76565.33,76587.66,76541.74,76580.09,117576.0
2026-06-16 11:45:00,76584.3,76624.35,76567.2,76602.8,134886.0
2026-06-16 11:50:00,76601.03,76658.15,76601.03,76629.04,83655.0
2026-06-16 11:55:00,76628.69,76638.2,76568.27,76630.74,104299.0
2026-06-16 12:00:00,76629.59,76647.04,76565.91,76596.84,74770.0
2026-06-16 12:05:00,76597.67,76621.74,76581.8,76604.73,53101.0
2026-06-16 12:10:00,76600.6,76620.07,76591.34,76599.99,65890.0
2026-06-16 12:15:00,76602.39,76602.39,76558.1,76559.65,75602.0
2026-06-16 12:20:00,76563.32,76589.49,76531.51,76574.71,80358.0
2026-06-16 12:25:00,76576.25,76653.74,76565.03,76645.01,86716.0
2026-06-16 12:30:00,76645.01,76669.28,76587.84,76599.18,94257.0
2026-06-16 12:35:00,76598.86,76639.67,76586.97,76632.53,88079.0
2026-06-16 12:40:00,76633.09,76638.71,76591.23,76606.46,77332.0
2026-06-16 12:45:00,76606.46,76627.76,76592.18,76627.76,68255.0
2026-06-16 12:50:00,76627.35,76638.68,76587.25,76597.31,67917.0
2026-06-16 12:55:00,76598.26,76650.5,76586.25,76646.93,58706.0
2026-06-16 13:00:00,76648.76,76661.45,76603.58,76628.64,59587.0
2026-06-16 13:05:00,76629.11,76647.55,76619.17,76647.55,45861.0
2026-06-16 13:10:00,76646.74,76681.98,76641.51,76677.28,1062282.0
2026-06-16 13:15:00,76680.02,76681.53,76643.68,76656.52,90580.0
2026-06-16 13:20:00,76654.41,76717.6,76639.67,76703.91,81931.0
2026-06-16 13:25:00,76703.85,76738.03,76701.18,76737.27,586997.0
2026-06-16 13:30:00,76736.75,76744.07,76722.98,76740.47,49707.0
2026-06-16 13:35:00,76740.27,76768.55,76729.51,76749.49,85414.0
2026-06-16 13:40:00,76747.99,76757.02,76723.14,76733.85,77924.0
2026-06-16 13:45:00,76733.85,76749.87,76717.52,76746.0,53859.0
2026-06-16 13:50:00,76747.04,76752.6,76696.99,76704.1,70737.0
2026-06-16 13:55:00,76703.97,76756.93,76703.25,76734.32,61030.0
2026-06-16 14:00:00,76732.04,76767.25,76723.36,76755.25,69418.0
2026-06-16 14:05:00,76756.05,76782.08,76747.8,76781.17,69823.0
2026-06-16 14:10:00,76781.22,76830.9,76775.26,76818.82,115143.0
2026-06-16 14:15:00,76819.79,76834.96,76803.95,76803.95,74297.0
2026-06-16 14:20:00,76804.2,76818.38,76774.59,76797.68,73494.0
2026-06-16 14:25:00,76798.73,76812.84,76779.91,76783.57,77335.0
2026-06-16 14:30:00,76783.97,76833.11,76783.97,76820.21,104083.0
2026-06-16 14:35:00,76820.21,76845.68,76796.22,76845.68,84190.0
2026-06-16 14:40:00,76845.76,76846.74,76746.78,76746.78,143866.0
2026-06-16 14:45:00,76738.3,76803.33,76733.98,76768.92,86887.0
2026-06-16 14:50:00,76767.77,76825.81,76746.38,76816.3,73760.0
2026-06-16 14:55:00,76819.06,76831.68,76772.46,76781.06,116225.0
2026-06-16 15:00:00,76790.95,76832.94,76767.68,76776.65,239003.0
2026-06-16 15:05:00,76772.53,76824.27,76757.81,76811.88,149765.0
2026-06-16 15:10:00,76811.02,76816.26,76780.46,76800.52,143166.0
2026-06-16 15:15:00,76803.33,76818.61,76780.56,76798.82,187873.0
2026-06-16 15:20:00,76801.81,76828.12,76783.92,76796.81,314421.0
2026-06-16 15:25:00,76801.16,76834.15,76784.42,76826.78,310420.0
2026-06-16 15:30:00,76826.78,76826.78,76826.78,76826.78,40980.0
2026-06-17 09:15:00,77080.09,77093.17,76768.49,76781.79,402887.0
2026-06-17 09:20:00,76782.11,76854.75,76776.74,76819.73,264509.0
2026-06-17 09:25:00,76816.09,76927.4,76815.53,76924.78,204108.0
2026-06-17 09:30:00,76925.81,77003.63,76916.04,76971.73,182625.0
2026-06-17 09:35:00,76966.85,77022.04,76947.93,77020.18,562180.0
2026-06-17 09:40:00,77021.23,77053.93,76998.13,77051.98,204476.0
2026-06-17 09:45:00,77050.01,77077.93,77031.53,77071.53,205809.0
2026-06-17 09:50:00,77070.08,77080.35,77045.41,77068.71,141972.0
2026-06-17 09:55:00,77068.69,77093.09,77046.49,77086.5,126645.0
2026-06-17 10:00:00,77087.4,77087.83,77018.15,77019.68,126502.0
2026-06-17 10:05:00,77021.48,77080.87,77010.4,77076.13,809257.0
2026-06-17 10:10:00,77076.34,77079.85,77015.77,77021.96,2089506.0
2026-06-17 10:15:00,77021.48,77085.14,77011.79,77082.66,591269.0
2026-06-17 10:20:00,77082.65,77128.84,77071.45,77125.12,169259.0
2026-06-17 10:25:00,77115.84,77134.72,77077.73,77089.11,171648.0
2026-06-17 10:30:00,77080.47,77106.08,77064.38,77100.52,125589.0
2026-06-17 10:35:00,77104.96,77133.5,77102.73,77110.15,132277.0
2026-06-17 10:40:00,77110.15,77140.82,77103.92,77120.49,101446.0
2026-06-17 10:45:00,77121.26,77137.19,77087.41,77104.75,93613.0
2026-06-17 10:50:00,77107.24,77136.55,77098.15,77127.01,99343.0
2026-06-17 10:55:00,77129.28,77176.51,77116.74,77123.77,390018.0
2026-06-17 11:00:00,77125.1,77130.75,77091.83,77099.62,165483.0
2026-06-17 11:05:00,77093.83,77111.76,77082.73,77083.08,94888.0
2026-06-17 11:10:00,77083.08,77119.05,77061.51,77112.76,83598.0
2026-06-17 11:15:00,77111.6,77150.82,77101.74,77142.5,89962.0
2026-06-17 11:20:00,77140.47,77157.12,77132.17,77141.42,55532.0
2026-06-17 11:25:00,77139.69,77159.25,77120.59,77159.14,89570.0
2026-06-17 11:30:00,77158.97,77218.99,77148.51,77175.53,96923.0
2026-06-17 11:35:00,77175.16,77180.13,77107.18,77107.18,90155.0
2026-06-17 11:40:00,77107.18,77154.91,77081.73,77151.8,98908.0
2026-06-17 11:45:00,77151.68,77151.68,77104.9,77107.32,63385.0
2026-06-17 11:50:00,77107.36,77121.35,77087.97,77087.97,97947.0
2026-06-17 11:55:00,77095.37,77116.27,77063.71,77068.06,70313.0
2026-06-17 12:00:00,77070.67,77094.61,77037.68,77087.42,131904.0
2026-06-17 12:05:00,77088.76,77099.68,77058.4,77068.35,108660.0
2026-06-17 12:10:00,77066.72,77076.41,77035.08,77040.25,116309.0
2026-06-17 12:15:00,77041.77,77055.46,77008.22,77052.74,131241.0
2026-06-17 12:20:00,77053.09,77057.14,77007.52,77008.29,194843.0
2026-06-17 12:25:00,77009.15,77041.14,76976.04,77022.75,118342.0
2026-06-17 12:30:00,77023.89,77023.99,76989.41,77023.99,75703.0
2026-06-17 12:35:00,77024.98,77036.47,76967.64,76987.09,129874.0
2026-06-17 12:40:00,76986.7,77045.98,76984.11,77009.95,154144.0
2026-06-17 12:45:00,77010.84,77055.53,77008.98,77028.69,87741.0
2026-06-17 12:50:00,77028.69,77038.61,76974.15,76974.38,116184.0
2026-06-17 12:55:00,76976.81,77000.9,76966.66,76977.45,64344.0
2026-06-17 13:00:00,76977.6,77001.44,76955.63,76996.59,97757.0
2026-06-17 13:05:00,76997.12,77006.39,76935.42,76935.42,73113.0
2026-06-17 13:10:00,76934.5,76952.85,76915.35,76919.55,107994.0
2026-06-17 13:15:00,76918.26,76971.64,76900.54,76953.89,79675.0
2026-06-17 13:20:00,76954.0,77001.77,76949.59,76989.73,582093.0
2026-06-17 13:25:00,76988.78,77004.43,76972.7,76984.87,408617.0
2026-06-17 13:30:00,76988.36,77012.02,76979.31,77012.02,66315.0
2026-06-17 13:35:00,77012.02,77060.99,77005.61,77053.78,121874.0
2026-06-17 13:40:00,77051.88,77054.78,77020.17,77031.39,151458.0
2026-06-17 13:45:00,77031.39,77055.47,77027.34,77054.63,1620179.0
2026-06-17 13:50:00,77049.6,77060.05,76983.39,77039.58,179453.0
2026-06-17 13:55:00,77039.58,77058.97,77027.87,77052.02,404087.0
2026-06-17 14:00:00,77050.8,77073.35,77046.87,77064.37,197928.0
2026-06-17 14:05:00,77064.37,77067.79,77033.96,77038.79,101848.0
2026-06-17 14:10:00,77037.62,77059.6,77016.72,77048.72,154586.0
2026-06-17 14:15:00,77049.25,77058.67,77010.37,77048.63,79493.0
2026-06-17 14:20:00,77048.63,77049.96,77017.58,77032.95,98004.0
2026-06-17 14:25:00,77032.95,77032.95,76972.46,76978.58,57869.0
2026-06-17 14:30:00,76976.64,77011.39,76952.26,76987.15,1510268.0
2026-06-17 14:35:00,76989.09,77055.78,76977.68,77047.32,109792.0
2026-06-17 14:40:00,77046.74,77048.22,77017.59,77036.28,88009.0
2026-06-17 14:45:00,77035.92,77052.05,77025.83,77035.86,97587.0
2026-06-17 14:50:00,77039.01,77056.38,76988.04,77053.28,88150.0
2026-06-17 14:55:00,77050.81,77130.07,77032.61,77130.07,176420.0
2026-06-17 15:00:00,77127.95,77195.89,77114.52,77173.35,202631.0
2026-06-17 15:05:00,77177.65,77206.86,77139.02,77179.67,370419.0
2026-06-17 15:10:00,77184.33,77189.71,77151.67,77156.63,154281.0
2026-06-17 15:15:00,77153.9,77180.77,77147.6,77179.48,235075.0
2026-06-17 15:20:00,77177.3,77187.84,77139.99,77148.49,164601.0
2026-06-17 15:25:00,77151.79,77157.93,77109.91,77143.39,252796.0
2026-06-18 09:15:00,77131.66,77281.83,77044.39,77120.02,572608.0
2026-06-18 09:20:00,77127.31,77155.55,77093.69,77138.45,237897.0
2026-06-18 09:25:00,77139.16,77154.94,77113.54,77130.41,212358.0
2026-06-18 09:30:00,77131.22,77157.71,77092.49,77099.78,168753.0
2026-06-18 09:35:00,77098.92,77110.8,77054.96,77110.2,177104.0
2026-06-18 09:40:00,77118.76,77226.42,77113.36,77202.53,625712.0
2026-06-18 09:45:00,77203.66,77283.88,77195.26,77268.43,253848.0
2026-06-18 09:50:00,77267.82,77305.33,77249.04,77300.53,148520.0
2026-06-18 09:55:00,77297.05,77320.32,77245.96,77248.61,147470.0
2026-06-18 10:00:00,77248.4,77256.94,77217.53,77227.68,95858.0
2026-06-18 10:05:00,77227.02,77255.3,77211.64,77255.3,81080.0
2026-06-18 10:10:00,77256.73,77304.51,77235.5,77260.12,118511.0
2026-06-18 10:15:00,77259.28,77275.69,77204.06,77224.32,99607.0
2026-06-18 10:20:00,77226.76,77235.09,77211.51,77231.96,52899.0
2026-06-18 10:25:00,77234.14,77237.38,77184.83,77204.43,109174.0
2026-06-18 10:30:00,77203.33,77218.89,77168.53,77205.19,72409.0
2026-06-18 10:35:00,77206.38,77212.97,77098.74,77098.74,127895.0
2026-06-18 10:40:00,77097.26,77115.56,77033.74,77086.26,136768.0
2026-06-18 10:45:00,77081.78,77134.25,77073.7,77078.98,53416.0
2026-06-18 10:50:00,77073.29,77130.55,77049.87,77115.63,83952.0
2026-06-18 10:55:00,77115.26,77151.14,77106.26,77151.14,107379.0
2026-06-18 11:00:00,77153.15,77155.95,77097.48,77111.64,522556.0
2026-06-18 11:05:00,77113.1,77117.19,77070.53,77096.38,297337.0
2026-06-18 11:10:00,77095.34,77106.08,77029.1,77053.39,142039.0
2026-06-18 11:15:00,77053.39,77055.17,76994.4,77003.1,99476.0
2026-06-18 11:20:00,77002.4,77027.25,76953.0,77008.81,108269.0
2026-06-18 11:25:00,77011.1,77023.57,76973.42,77020.14,156587.0
2026-06-18 11:30:00,77025.49,77056.61,77006.77,77051.14,118619.0
2026-06-18 11:35:00,77051.26,77055.76,76997.74,77023.5,144312.0
2026-06-18 11:40:00,77023.47,77057.86,76999.41,77053.79,143282.0
2026-06-18 11:45:00,77058.75,77108.64,77047.74,77061.63,131636.0
2026-06-18 11:50:00,77062.84,77086.55,77027.33,77066.27,166144.0
2026-06-18 11:55:00,77066.68,77101.3,77060.34,77095.21,564346.0
2026-06-18 12:00:00,77095.21,77171.41,77094.79,77170.6,203991.0
2026-06-18 12:05:00,77168.44,77201.22,77153.56,77189.04,112584.0
2026-06-18 12:10:00,77189.26,77189.9,77141.88,77160.98,103811.0
2026-06-18 12:15:00,77161.35,77187.71,77127.71,77184.16,111434.0
2026-06-18 12:20:00,77183.63,77212.79,77161.48,77201.73,76833.0
2026-06-18 12:25:00,77204.45,77267.21,77192.1,77265.33,128021.0
2026-06-18 12:30:00,77266.24,77309.82,77233.42,77309.82,124431.0
2026-06-18 12:35:00,77310.39,77323.75,77257.4,77272.29,83488.0
2026-06-18 12:40:00,77272.29,77303.82,77264.53,77271.45,51447.0
2026-06-18 12:45:00,77276.36,77285.0,77247.51,77276.13,1181708.0
2026-06-18 12:50:00,77275.18,77337.78,77274.6,77296.12,98708.0
2026-06-18 12:55:00,77293.02,77334.6,77284.14,77297.71,147280.0
2026-06-18 13:00:00,77300.31,77320.94,77278.53,77302.93,130859.0
2026-06-18 13:05:00,77304.7,77321.47,77261.52,77308.64,141375.0
2026-06-18 13:10:00,77308.38,77309.55,77286.61,77306.09,66123.0
2026-06-18 13:15:00,77306.37,77323.13,77246.86,77276.19,273647.0
2026-06-18 13:20:00,77275.46,77310.98,77259.65,77267.97,281507.0
2026-06-18 13:25:00,77268.45,77292.71,77221.75,77287.33,73446.0
2026-06-18 13:30:00,77286.68,77326.03,77255.07,77300.2,154754.0
2026-06-18 13:35:00,77299.5,77301.11,77273.26,77284.71,95760.0
2026-06-18 13:40:00,77284.53,77303.57,77258.11,77279.64,90020.0
2026-06-18 13:45:00,77278.88,77302.41,77263.87,77272.07,70199.0
2026-06-18 13:50:00,77272.07,77296.4,77254.92,77274.2,89241.0
2026-06-18 13:55:00,77274.2,77279.85,77237.22,77248.1,151729.0
2026-06-18 14:00:00,77247.06,77253.06,77218.81,77226.24,55378.0
2026-06-18 14:05:00,77226.39,77253.98,77212.39,77218.91,127640.0
2026-06-18 14:10:00,77218.3,77252.97,77204.36,77217.65,148866.0
2026-06-18 14:15:00,77217.51,77224.37,77180.83,77201.96,54573.0
2026-06-18 14:20:00,77204.0,77228.55,77148.93,77222.56,133836.0
2026-06-18 14:25:00,77222.83,77242.48,77170.24,77191.5,86854.0
2026-06-18 14:30:00,77191.53,77203.43,77129.58,77203.06,173585.0
2026-06-18 14:35:00,77204.02,77243.45,77174.63,77182.25,98855.0
2026-06-18 14:40:00,77181.96,77221.71,77181.96,77206.87,74531.0
2026-06-18 14:45:00,77205.24,77257.08,77164.28,77171.85,936300.0
2026-06-18 14:50:00,77171.14,77242.42,77162.94,77212.06,563666.0
2026-06-18 14:55:00,77210.55,77278.95,77198.91,77278.95,385445.0
2026-06-18 15:00:00,77278.72,77377.25,77247.15,77362.14,796263.0
2026-06-18 15:05:00,77362.07,77444.57,77328.9,77440.04,983751.0
2026-06-18 15:10:00,77442.91,77492.33,77360.32,77456.21,2077620.0
2026-06-18 15:15:00,77449.88,77471.27,77444.1,77458.65,308294.0
2026-06-18 15:20:00,77460.28,77471.11,77417.16,77453.2,275313.0
2026-06-18 15:25:00,77452.66,77457.86,77409.31,77446.28,214945.0
2026-06-19 09:15:00,76852.86,76858.8,76605.24,76728.29,981295.0
2026-06-19 09:20:00,76730.29,76730.29,76661.51,76664.47,917965.0
2026-06-19 09:25:00,76660.81,76666.57,76609.83,76638.7,351532.0
2026-06-19 09:30:00,76632.22,76641.93,76578.08,76615.52,332240.0
2026-06-19 09:35:00,76612.26,76685.63,76607.25,76682.7,456866.0
2026-06-19 09:40:00,76686.8,76727.13,76674.12,76696.43,260896.0
2026-06-19 09:45:00,76699.16,76708.5,76655.89,76708.03,201946.0
2026-06-19 09:50:00,76702.45,76746.35,76662.29,76735.31,272317.0
2026-06-19 09:55:00,76744.62,76763.37,76726.87,76744.22,1233680.0
2026-06-19 10:00:00,76744.99,76754.82,76673.19,76696.75,131267.0
2026-06-19 10:05:00,76695.7,76769.97,76695.08,76765.38,184697.0
2026-06-19 10:10:00,76757.95,76818.36,76754.2,76811.31,141535.0
2026-06-19 10:15:00,76810.62,76814.9,76749.29,76765.1,113148.0
2026-06-19 10:20:00,76764.47,76775.0,76711.15,76723.44,137044.0
2026-06-19 10:25:00,76718.83,76722.68,76666.58,76668.32,105720.0
2026-06-19 10:30:00,76667.92,76683.54,76625.72,76651.05,103750.0
2026-06-19 10:35:00,76650.7,76672.61,76636.94,76668.91,137158.0
2026-06-19 10:40:00,76668.91,76678.08,76619.18,76668.61,212716.0
2026-06-19 10:45:00,76671.84,76673.52,76621.0,76621.0,153353.0
2026-06-19 10:50:00,76619.87,76626.55,76577.67,76598.97,206273.0
2026-06-19 10:55:00,76599.11,76614.52,76572.67,76587.51,84192.0
2026-06-19 11:00:00,76587.06,76617.96,76574.36,76589.57,141053.0
2026-06-19 11:05:00,76594.1,76610.33,76557.31,76610.33,144067.0
2026-06-19 11:10:00,76610.76,76653.96,76610.02,76637.62,138828.0
2026-06-19 11:15:00,76637.62,76652.25,76608.05,76642.31,75797.0
2026-06-19 11:20:00,76643.03,76643.03,76591.45,76594.8,83314.0
2026-06-19 11:25:00,76594.89,76608.69,76573.66,76606.21,89995.0
2026-06-19 11:30:00,76607.01,76638.54,76585.97,76633.34,125850.0
2026-06-19 11:35:00,76635.72,76650.07,76616.24,76620.38,199475.0
2026-06-19 11:40:00,76620.05,76635.64,76608.51,76609.83,160301.0
2026-06-19 11:45:00,76609.33,76610.95,76571.11,76577.98,181560.0
2026-06-19 11:50:00,76578.94,76603.65,76576.94,76598.16,99490.0
2026-06-19 11:55:00,76594.28,76625.61,76576.82,76621.22,100099.0
2026-06-19 12:00:00,76620.92,76658.81,76608.86,76619.85,113976.0
2026-06-19 12:05:00,76619.9,76626.54,76599.28,76620.9,1140530.0
2026-06-19 12:10:00,76624.63,76641.26,76609.87,76634.34,81053.0
2026-06-19 12:15:00,76635.03,76653.41,76616.0,76616.48,68514.0
2026-06-19 12:20:00,76622.97,76675.82,76618.65,76659.71,52326.0
2026-06-19 12:25:00,76660.02,76696.36,76653.33,76674.55,50924.0
2026-06-19 12:30:00,76674.55,76688.89,76658.0,76668.98,105591.0
2026-06-19 12:35:00,76667.56,76676.71,76640.02,76675.5,72262.0
2026-06-19 12:40:00,76673.22,76677.25,76558.32,76618.03,156882.0
2026-06-19 12:45:00,76615.56,76661.69,76615.56,76638.37,110130.0
2026-06-19 12:50:00,76638.63,76664.1,76616.38,76625.02,95901.0
2026-06-19 12:55:00,76624.4,76628.37,76562.74,76581.06,88818.0
2026-06-19 13:00:00,76580.11,76585.1,76517.45,76517.45,68861.0
2026-06-19 13:05:00,76520.38,76565.12,76499.22,76553.03,154723.0
2026-06-19 13:10:00,76551.44,76555.96,76525.03,76553.92,118110.0
2026-06-19 13:15:00,76553.92,76560.36,76522.55,76523.36,140791.0
2026-06-19 13:20:00,76525.35,76550.15,76508.24,76508.24,148601.0
2026-06-19 13:25:00,76508.49,76552.66,76503.92,76546.89,82761.0
2026-06-19 13:30:00,76550.42,76570.8,76536.07,76570.64,185974.0
2026-06-19 13:35:00,76571.14,76595.7,76547.23,76576.61,67888.0
2026-06-19 13:40:00,76576.61,76613.15,76575.17,76605.36,66477.0
2026-06-19 13:45:00,76605.0,76655.89,76597.32,76655.49,77178.0
2026-06-19 13:50:00,76659.53,76660.18,76611.18,76622.9,55034.0
2026-06-19 13:55:00,76620.51,76668.69,76618.49,76663.22,158785.0
2026-06-19 14:00:00,76664.17,76699.77,76640.59,76699.77,77641.0
2026-06-19 14:05:00,76698.95,76733.1,76667.53,76676.75,96290.0
2026-06-19 14:10:00,76676.99,76747.07,76670.29,76742.99,89715.0
2026-06-19 14:15:00,76745.32,76776.06,76725.02,76764.85,151946.0
2026-06-19 14:20:00,76768.46,76769.26,76612.41,76647.51,233733.0
2026-06-19 14:25:00,76645.93,76669.12,76630.0,76635.8,1180828.0
2026-06-19 14:30:00,76624.1,76687.03,76624.1,76674.9,113161.0
2026-06-19 14:35:00,76675.99,76758.87,76667.84,76696.88,152002.0
2026-06-19 14:40:00,76703.22,76711.99,76663.75,76683.73,131780.0
2026-06-19 14:45:00,76679.75,76715.42,76674.52,76714.58,134519.0
2026-06-19 14:50:00,76712.65,76712.65,76552.7,76557.55,205607.0
2026-06-19 14:55:00,76562.4,76562.4,76469.72,76489.71,191286.0
2026-06-19 15:00:00,76496.42,76791.2,76480.32,76779.31,536259.0
2026-06-19 15:05:00,76785.39,76849.46,76775.86,76822.66,311160.0
2026-06-19 15:10:00,76823.15,76901.65,76823.15,76837.29,356659.0
2026-06-19 15:15:00,76837.15,76856.05,76793.13,76846.98,353450.0
2026-06-19 15:20:00,76847.08,76884.79,76840.59,76857.86,328862.0
2026-06-19 15:25:00,76853.14,76893.8,76826.38,76871.95,1405921.0
2026-06-22 09:15:00,77160.67,77233.37,77008.02,77166.46,750834.0
2026-06-22 09:20:00,77174.82,77249.27,77164.85,77234.52,433105.0
2026-06-22 09:25:00,77233.61,77243.16,77190.02,77208.48,367793.0
2026-06-22 09:30:00,77212.25,77237.07,77197.37,77215.93,228668.0
2026-06-22 09:35:00,77216.78,77225.65,77143.05,77188.11,205750.0
2026-06-22 09:40:00,77189.91,77190.79,77132.14,77137.61,144816.0
2026-06-22 09:45:00,77133.82,77140.78,77105.08,77130.74,136392.0
2026-06-22 09:50:00,77131.43,77188.78,77131.04,77180.08,1280675.0
2026-06-22 09:55:00,77181.93,77216.3,77174.54,77214.99,240994.0
2026-06-22 10:00:00,77216.11,77232.71,77180.63,77185.86,693222.0
2026-06-22 10:05:00,77180.44,77245.17,77162.49,77241.01,89586.0
2026-06-22 10:10:00,77246.9,77265.28,77217.73,77237.57,131177.0
2026-06-22 10:15:00,77237.61,77255.34,77232.65,77240.79,118305.0
2026-06-22 10:20:00,77241.4,77265.61,77241.4,77249.54,95233.0
2026-06-22 10:25:00,77248.37,77264.22,77239.29,77251.65,106810.0
2026-06-22 10:30:00,77249.57,77275.9,77209.54,77210.94,174448.0
2026-06-22 10:35:00,77209.92,77270.57,77205.51,77264.67,428895.0
2026-06-22 10:40:00,77263.04,77273.66,77244.26,77257.62,68420.0
2026-06-22 10:45:00,77258.39,77276.68,77239.64,77252.17,67659.0
2026-06-22 10:50:00,77252.78,77292.47,77250.12,77275.77,77955.0
2026-06-22 10:55:00,77277.26,77325.56,77267.58,77304.44,123398.0
2026-06-22 11:00:00,77304.7,77308.95,77274.1,77304.4,84495.0
2026-06-22 11:05:00,77301.44,77317.05,77286.76,77311.13,131325.0
2026-06-22 11:10:00,77309.72,77315.58,77276.12,77283.32,72704.0
2026-06-22 11:15:00,77284.25,77292.56,77261.32,77275.03,66688.0
2026-06-22 11:20:00,77275.18,77277.68,77221.46,77256.46,75287.0
2026-06-22 11:25:00,77255.92,77300.73,77249.37,77293.23,83840.0
2026-06-22 11:30:00,77293.16,77309.52,77283.3,77303.61,415284.0
2026-06-22 11:35:00,77302.94,77313.03,77284.79,77288.34,61529.0
2026-06-22 11:40:00,77289.44,77291.18,77245.76,77258.77,572645.0
2026-06-22 11:45:00,77258.77,77264.34,77231.67,77243.06,63902.0
2026-06-22 11:50:00,77243.87,77245.11,77204.4,77214.55,53420.0
2026-06-22 11:55:00,77209.54,77229.1,77191.56,77220.8,48122.0
2026-06-22 12:00:00,77221.17,77235.43,77177.39,77177.9,70670.0
2026-06-22 12:05:00,77177.61,77199.58,77172.54,77187.15,49337.0
2026-06-22 12:10:00,77189.91,77194.79,77151.84,77153.9,50689.0
2026-06-22 12:15:00,77153.61,77182.77,77152.43,77172.59,60837.0
2026-06-22 12:20:00,77172.55,77197.19,77166.21,77188.37,49741.0
2026-06-22 12:25:00,77189.06,77196.7,77147.22,77159.48,54730.0
2026-06-22 12:30:00,77160.2,77185.62,77139.94,77164.86,58031.0
2026-06-22 12:35:00,77169.7,77184.42,77160.07,77168.84,36000.0
2026-06-22 12:40:00,77168.02,77173.4,77153.63,77166.08,88871.0
2026-06-22 12:45:00,77165.44,77171.91,77145.79,77157.32,47197.0
2026-06-22 12:50:00,77160.53,77190.59,77152.84,77154.52,44062.0
2026-06-22 12:55:00,77154.52,77176.69,77149.13,77172.68,69803.0
2026-06-22 13:00:00,77172.77,77181.26,77150.94,77154.16,80273.0
2026-06-22 13:05:00,77158.18,77165.67,77131.16,77134.85,60707.0
2026-06-22 13:10:00,77136.3,77138.24,77105.43,77127.08,62545.0
2026-06-22 13:15:00,77133.44,77181.42,77123.61,77178.48,61496.0
2026-06-22 13:20:00,77174.79,77175.83,77151.15,77168.96,47486.0
2026-06-22 13:25:00,77169.76,77179.26,77152.18,77160.64,52302.0
2026-06-22 13:30:00,77162.5,77175.25,77153.06,77163.61,49415.0
2026-06-22 13:35:00,77162.69,77182.61,77159.63,77164.78,68368.0
2026-06-22 13:40:00,77164.78,77183.84,77113.23,77166.11,81068.0
2026-06-22 13:45:00,77165.71,77182.45,77156.62,77167.11,179002.0
2026-06-22 13:50:00,77167.68,77190.68,77157.99,77186.97,137809.0
2026-06-22 13:55:00,77182.58,77232.26,77179.53,77188.02,137541.0
2026-06-22 14:00:00,77186.8,77208.77,77181.18,77193.99,84296.0
2026-06-22 14:05:00,77193.07,77216.51,77178.22,77178.83,59370.0
2026-06-22 14:10:00,77173.0,77209.85,77165.68,77171.24,91047.0
2026-06-22 14:15:00,77168.96,77198.83,77156.65,77186.78,80078.0
2026-06-22 14:20:00,77183.98,77198.3,77178.49,77186.27,226433.0
2026-06-22 14:25:00,77185.12,77241.8,77178.71,77241.8,105462.0
2026-06-22 14:30:00,77241.8,77251.31,77192.24,77209.5,258219.0
2026-06-22 14:35:00,77215.4,77250.97,77207.44,77232.44,1647660.0
2026-06-22 14:40:00,77238.47,77240.4,77215.37,77219.65,67443.0
2026-06-22 14:45:00,77220.14,77251.55,77219.26,77234.84,88491.0
2026-06-22 14:50:00,77239.14,77248.94,77209.12,77209.12,82719.0
2026-06-22 14:55:00,77209.12,77229.33,77194.35,77220.87,91066.0
2026-06-22 15:00:00,77220.67,77238.22,77136.89,77150.92,194102.0
2026-06-22 15:05:00,77152.85,77158.35,77094.44,77095.69,115291.0
2026-06-22 15:10:00,77096.21,77135.9,77078.87,77102.83,147310.0
2026-06-22 15:15:00,77103.59,77118.25,77061.28,77062.35,145898.0
2026-06-22 15:20:00,77059.36,77076.0,77033.49,77039.06,150375.0
2026-06-22 15:25:00,77039.25,77069.09,77021.24,77042.87,173426.0
2026-06-23 09:15:00,77086.05,77121.81,76878.66,76998.91,642707.0
2026-06-23 09:20:00,76999.82,77058.64,76999.82,77025.69,329710.0
2026-06-23 09:25:00,77024.78,77045.41,77008.59,77040.7,201800.0
2026-06-23 09:30:00,77041.91,77085.82,77036.0,77067.26,162382.0
2026-06-23 09:35:00,77072.35,77153.13,77064.0,77141.43,157381.0
2026-06-23 09:40:00,77147.64,77169.08,77105.98,77126.18,123486.0
2026-06-23 09:45:00,77126.53,77138.52,77101.94,77130.47,108487.0
2026-06-23 09:50:00,77131.4,77152.98,77112.04,77149.22,139069.0
2026-06-23 09:55:00,77148.65,77184.39,77147.19,77182.25,120911.0
2026-06-23 10:00:00,77176.47,77192.63,77141.6,77158.47,96655.0
2026-06-23 10:05:00,77160.58,77176.77,77131.52,77165.49,104718.0
2026-06-23 10:10:00,77165.12,77185.54,77148.4,77159.82,73013.0
2026-06-23 10:15:00,77158.08,77176.78,77129.7,77176.78,83969.0
2026-06-23 10:20:00,77178.68,77185.87,77152.13,77166.21,92039.0
2026-06-23 10:25:00,77162.79,77162.79,77112.7,77126.04,411686.0
2026-06-23 10:30:00,77127.54,77141.56,77104.72,77131.03,623831.0
2026-06-23 10:35:00,77133.46,77158.95,77111.88,77152.93,953624.0
2026-06-23 10:40:00,77153.19,77169.98,77131.82,77132.72,82486.0
2026-06-23 10:45:00,77122.61,77130.58,77091.76,77108.06,86933.0
2026-06-23 10:50:00,77108.36,77129.85,77089.43,77106.62,57778.0
2026-06-23 10:55:00,77107.65,77109.47,77075.68,77079.42,74476.0
2026-06-23 11:00:00,77087.75,77105.69,77052.55,77097.09,86412.0
2026-06-23 11:05:00,77096.51,77135.33,77092.51,77110.38,67744.0
2026-06-23 11:10:00,77109.69,77150.1,77109.69,77140.22,84570.0
2026-06-23 11:15:00,77140.22,77194.56,77139.59,77190.64,93785.0
2026-06-23 11:20:00,77191.07,77194.83,77143.25,77162.79,75701.0
2026-06-23 11:25:00,77164.67,77169.33,77134.3,77138.23,41466.0
2026-06-23 11:30:00,77137.12,77141.4,77102.81,77118.4,106813.0
2026-06-23 11:35:00,77116.37,77116.37,77068.92,77094.61,148968.0
2026-06-23 11:40:00,77097.04,77097.04,77045.35,77050.53,113495.0
2026-06-23 11:45:00,77051.65,77052.33,76848.71,76848.89,170834.0
2026-06-23 11:50:00,76849.3,76862.3,76823.99,76837.45,125038.0
2026-06-23 11:55:00,76835.1,76849.3,76694.23,76712.62,1135783.0
2026-06-23 12:00:00,76712.03,76749.21,76670.16,76671.37,190287.0
2026-06-23 12:05:00,76673.12,76689.98,76631.66,76660.73,86074.0
2026-06-23 12:10:00,76660.83,76662.64,76615.99,76649.92,144712.0
2026-06-23 12:15:00,76649.31,76680.06,76637.01,76663.37,76487.0
2026-06-23 12:20:00,76661.66,76661.91,76501.52,76510.15,155751.0
2026-06-23 12:25:00,76509.82,76617.07,76508.97,76594.53,81962.0
2026-06-23 12:30:00,76596.22,76604.27,76556.9,76561.82,125630.0
2026-06-23 12:35:00,76563.64,76637.6,76560.24,76636.82,52539.0
2026-06-23 12:40:00,76634.48,76634.99,76593.71,76608.42,67400.0
2026-06-23 12:45:00,76608.08,76619.25,76542.56,76546.52,67914.0
2026-06-23 12:50:00,76546.58,76580.73,76541.45,76570.47,63900.0
2026-06-23 12:55:00,76571.06,76589.47,76557.33,76583.72,107776.0
2026-06-23 13:00:00,76583.27,76584.51,76516.42,76538.84,80648.0
2026-06-23 13:05:00,76537.91,76597.54,76533.1,76597.54,87873.0
2026-06-23 13:10:00,76594.05,76596.39,76569.37,76571.66,52087.0
2026-06-23 13:15:00,76569.58,76572.87,76510.06,76560.96,61246.0
2026-06-23 13:20:00,76560.24,76589.22,76554.83,76558.43,56344.0
2026-06-23 13:25:00,76558.59,76562.32,76502.67,76511.43,66766.0
2026-06-23 13:30:00,76509.58,76518.52,76397.93,76410.15,152834.0
2026-06-23 13:35:00,76407.62,76427.6,76371.7,76422.1,80912.0
2026-06-23 13:40:00,76418.67,76473.1,76416.92,76467.64,76288.0
2026-06-23 13:45:00,76467.46,76476.02,76437.31,76467.59,83307.0
2026-06-23 13:50:00,76468.02,76468.84,76382.63,76407.9,123275.0
2026-06-23 13:55:00,76405.8,76418.37,76374.63,76395.73,94440.0
2026-06-23 14:00:00,76398.05,76463.13,76382.43,76463.13,96540.0
2026-06-23 14:05:00,76465.53,76486.78,76423.68,76445.3,78194.0
2026-06-23 14:10:00,76444.71,76540.68,76443.1,76534.58,98374.0
2026-06-23 14:15:00,76533.42,76548.77,76486.55,76488.89,117481.0
2026-06-23 14:20:00,76488.44,76539.75,76475.64,76536.66,222771.0
2026-06-23 14:25:00,76536.84,76550.54,76514.12,76528.98,122084.0
2026-06-23 14:30:00,76529.24,76546.82,76514.81,76517.26,43963.0
2026-06-23 14:35:00,76518.07,76524.72,76495.65,76508.11,265376.0
2026-06-23 14:40:00,76509.11,76571.64,76484.22,76553.82,93228.0
2026-06-23 14:45:00,76556.62,76575.44,76497.63,76528.34,68032.0
2026-06-23 14:50:00,76529.2,76549.76,76498.79,76523.61,95342.0
2026-06-23 14:55:00,76525.08,76556.2,76494.84,76505.73,69601.0
2026-06-23 15:00:00,76503.4,76511.22,76187.83,76245.26,248573.0
2026-06-23 15:05:00,76243.49,76305.32,76241.77,76282.98,150991.0
2026-06-23 15:10:00,76272.5,76319.87,76221.49,76229.14,301782.0
2026-06-23 15:15:00,76226.86,76230.12,76129.46,76156.02,354530.0
2026-06-23 15:20:00,76155.97,76187.08,76105.74,76130.4,283263.0
2026-06-23 15:25:00,76130.2,76131.04,76082.51,76111.93,178959.0
2026-06-24 09:15:00,76173.14,76389.07,76121.59,76320.76,3295028.0
2026-06-24 09:20:00,76320.82,76422.13,76302.76,76395.87,303596.0
2026-06-24 09:25:00,76402.43,76463.98,76374.57,76448.63,382028.0
2026-06-24 09:30:00,76449.04,76478.91,76420.9,76439.84,193065.0
2026-06-24 09:35:00,76440.12,76483.33,76389.29,76458.37,161225.0
2026-06-24 09:40:00,76460.14,76514.79,76441.42,76443.39,148568.0
2026-06-24 09:45:00,76447.93,76476.05,76318.45,76318.45,748589.0
2026-06-24 09:50:00,76313.72,76328.03,76259.49,76308.19,221716.0
2026-06-24 09:55:00,76303.86,76405.69,76303.86,76378.01,310436.0
2026-06-24 10:00:00,76378.54,76564.18,76378.43,76538.56,406849.0
2026-06-24 10:05:00,76542.62,76583.02,76497.79,76578.7,197495.0
2026-06-24 10:10:00,76581.59,76623.43,76567.51,76611.85,90219.0
2026-06-24 10:15:00,76611.85,76669.43,76602.34,76625.75,117074.0
2026-06-24 10:20:00,76624.4,76717.12,76620.09,76712.88,137915.0
2026-06-24 10:25:00,76711.26,76788.88,76705.57,76708.76,203302.0
2026-06-24 10:30:00,76740.98,76773.08,76707.17,76744.9,194086.0
2026-06-24 10:35:00,76750.88,76750.88,76675.04,76703.21,112236.0
2026-06-24 10:40:00,76705.73,76747.01,76641.07,76650.69,174362.0
2026-06-24 10:45:00,76643.11,76754.5,76643.11,76706.57,1114673.0
2026-06-24 10:50:00,76707.61,76732.95,76692.15,76692.15,62800.0
2026-06-24 10:55:00,76695.39,76760.37,76686.86,76729.75,64885.0
2026-06-24 11:00:00,76733.86,76800.36,76733.86,76770.86,364340.0
2026-06-24 11:05:00,76772.35,76867.1,76768.36,76859.48,105745.0
2026-06-24 11:10:00,76859.13,76882.37,76818.73,76872.42,81302.0
2026-06-24 11:15:00,76872.42,76880.52,76807.65,76819.3,76525.0
2026-06-24 11:20:00,76819.95,76862.42,76796.77,76825.69,89631.0
2026-06-24 11:25:00,76826.39,76856.89,76792.2,76841.17,119115.0
2026-06-24 11:30:00,76841.77,76851.04,76776.62,76826.84,1498088.0
2026-06-24 11:35:00,76826.35,76877.63,76809.44,76839.43,125767.0
2026-06-24 11:40:00,76838.3,76948.15,76836.09,76947.09,99959.0
2026-06-24 11:45:00,76948.06,76968.63,76905.47,76937.23,71171.0
2026-06-24 11:50:00,76938.98,76976.37,76913.82,76922.92,75448.0
2026-06-24 11:55:00,76919.97,76969.95,76902.4,76905.38,76833.0
2026-06-24 12:00:00,76905.23,76954.17,76884.58,76945.1,70200.0
2026-06-24 12:05:00,76945.1,76946.77,76868.33,76869.58,62048.0
2026-06-24 12:10:00,76871.0,76896.24,76824.09,76855.22,196969.0
2026-06-24 12:15:00,76855.76,76922.14,76848.25,76918.47,121073.0
2026-06-24 12:20:00,76919.64,76946.28,76894.83,76942.4,101323.0
2026-06-24 12:25:00,76942.58,76947.69,76882.05,76919.89,586663.0
2026-06-24 12:30:00,76921.68,76923.43,76796.27,76828.92,129786.0
2026-06-24 12:35:00,76842.75,76842.75,76787.88,76822.98,148512.0
2026-06-24 12:40:00,76824.69,76868.26,76817.22,76866.8,56900.0
2026-06-24 12:45:00,76867.05,76871.13,76849.04,76849.04,887822.0
2026-06-24 12:50:00,76846.97,76893.45,76830.02,76886.41,186298.0
2026-06-24 12:55:00,76883.5,76937.79,76873.89,76914.2,147533.0
2026-06-24 13:00:00,76913.51,76922.75,76875.93,76879.32,134938.0
2026-06-24 13:05:00,76879.47,76949.57,76879.47,76948.03,185809.0
2026-06-24 13:10:00,76949.42,77023.6,76946.75,77008.76,218266.0
2026-06-24 13:15:00,77007.35,77064.3,76997.63,77064.17,79898.0
2026-06-24 13:20:00,77064.13,77092.08,77015.24,77018.66,82069.0
2026-06-24 13:25:00,77024.16,77080.27,77013.02,77074.09,71567.0
2026-06-24 13:30:00,77073.54,77122.92,77067.18,77122.92,97621.0
2026-06-24 13:35:00,77122.92,77187.0,77084.49,77117.04,167314.0
2026-06-24 13:40:00,77118.47,77170.61,77087.96,77149.19,194594.0
2026-06-24 13:45:00,77149.19,77190.37,77115.88,77150.14,120094.0
2026-06-24 13:50:00,77150.49,77156.07,77086.83,77132.57,86423.0
2026-06-24 13:55:00,77130.6,77136.04,77057.6,77080.07,122100.0
2026-06-24 14:00:00,77081.05,77089.58,77010.86,77016.54,175907.0
2026-06-24 14:05:00,77019.22,77053.96,76976.14,77053.84,159083.0
2026-06-24 14:10:00,77052.28,77102.79,77018.74,77101.77,110168.0
2026-06-24 14:15:00,77102.46,77126.42,77069.85,77099.33,914219.0
2026-06-24 14:20:00,77098.8,77134.07,77066.71,77089.61,114311.0
2026-06-24 14:25:00,77089.72,77115.51,77053.29,77102.92,90291.0
2026-06-24 14:30:00,77105.31,77107.62,77041.78,77072.28,126300.0
2026-06-24 14:35:00,77072.67,77081.27,77018.85,77033.29,380620.0
2026-06-24 14:40:00,77036.06,77120.27,77024.69,77096.91,214764.0
2026-06-24 14:45:00,77097.76,77120.45,77043.66,77081.82,151504.0
2026-06-24 14:50:00,77080.6,77145.11,77074.95,77133.15,142424.0
2026-06-24 14:55:00,77130.91,77145.69,77066.26,77080.04,195190.0
2026-06-24 15:00:00,77077.51,77077.51,76976.5,77045.03,241706.0
2026-06-24 15:05:00,77039.01,77040.87,76957.2,77006.01,128709.0
2026-06-24 15:10:00,77007.37,77008.18,76917.49,76937.51,180839.0
2026-06-24 15:15:00,76934.28,77018.27,76925.6,76962.6,207677.0
2026-06-24 15:20:00,76962.35,77005.85,76938.71,76994.38,248126.0
2026-06-24 15:25:00,76990.09,76994.91,76942.95,76976.82,229788.0
2026-06-24 15:30:00,76976.82,76976.82,76976.82,76976.82,40715.0
2026-06-25 09:15:00,77391.07,77444.87,77280.49,77330.99,605492.0
2026-06-25 09:20:00,77328.84,77438.76,77326.45,77438.76,6233034.0
2026-06-25 09:25:00,77431.56,77481.14,77400.28,77418.43,297211.0
2026-06-25 09:30:00,77425.8,77425.8,77345.9,77393.07,270327.0
2026-06-25 09:35:00,77392.81,77403.89,77354.55,77391.52,6206250.0
2026-06-25 09:40:00,77391.95,77402.37,77353.31,77390.05,1386418.0
2026-06-25 09:45:00,77389.24,77481.28,77385.44,77471.28,191745.0
2026-06-25 09:50:00,77472.16,77542.01,77461.93,77514.66,192610.0
2026-06-25 09:55:00,77514.65,77535.21,77482.22,77509.89,194948.0
2026-06-25 10:00:00,77511.92,77532.03,77467.04,77532.03,915320.0
2026-06-25 10:05:00,77538.23,77548.48,77459.36,77484.97,306237.0
2026-06-25 10:10:00,77484.83,77556.11,77444.24,77554.89,320245.0
2026-06-25 10:15:00,77554.58,77565.13,77507.55,77550.22,216450.0
2026-06-25 10:20:00,77546.7,77546.7,77465.32,77473.58,386873.0
2026-06-25 10:25:00,77468.42,77539.34,77453.93,77522.63,234520.0
2026-06-25 10:30:00,77504.65,77546.81,77474.4,77546.81,371016.0
2026-06-25 10:35:00,77530.94,77545.32,77477.46,77493.74,172754.0
2026-06-25 10:40:00,77489.04,77565.44,77482.68,77544.19,2133320.0
2026-06-25 10:45:00,77546.13,77591.65,77528.37,77586.06,153195.0
2026-06-25 10:50:00,77588.27,77588.27,77516.74,77516.74,306341.0
2026-06-25 10:55:00,77517.17,77567.23,77506.63,77567.23,103170.0
2026-06-25 11:00:00,77570.25,77577.78,77495.08,77514.99,118163.0
2026-06-25 11:05:00,77516.91,77550.99,77477.37,77547.16,118625.0
2026-06-25 11:10:00,77547.16,77560.23,77529.1,77557.26,111939.0
2026-06-25 11:15:00,77560.35,77600.24,77553.31,77560.77,2628716.0
2026-06-25 11:20:00,77560.77,77571.85,77519.43,77519.43,63915.0
2026-06-25 11:25:00,77519.17,77564.23,77514.11,77533.89,72225.0
2026-06-25 11:30:00,77535.06,77541.68,77499.17,77532.91,267040.0
2026-06-25 11:35:00,77534.0,77549.58,77498.33,77549.58,113434.0
2026-06-25 11:40:00,77549.58,77565.28,77522.63,77545.97,354431.0
2026-06-25 11:45:00,77550.25,77603.6,77550.25,77583.09,155114.0
2026-06-25 11:50:00,77577.88,77622.94,77571.72,77603.1,125994.0
2026-06-25 11:55:00,77603.53,77714.49,77598.77,77714.49,249891.0
2026-06-25 12:00:00,77710.23,77761.8,77710.23,77751.72,170441.0
2026-06-25 12:05:00,77745.93,77770.18,77736.35,77759.6,85739.0
2026-06-25 12:10:00,77763.37,77803.18,77729.1,77729.1,149973.0
2026-06-25 12:15:00,77727.82,77770.19,77726.28,77754.71,164047.0
2026-06-25 12:20:00,77757.64,77780.41,77679.73,77679.73,165622.0
2026-06-25 12:25:00,77680.08,77691.52,77585.43,77588.39,98016.0
2026-06-25 12:30:00,77588.65,77624.23,77494.72,77556.96,175186.0
2026-06-25 12:35:00,77556.63,77627.35,77518.48,77590.76,80355.0
2026-06-25 12:40:00,77591.54,77614.57,77532.24,77547.91,88319.0
2026-06-25 12:45:00,77548.82,77587.96,77547.75,77587.96,129167.0
2026-06-25 12:50:00,77586.54,77603.86,77545.68,77599.19,74891.0
2026-06-25 12:55:00,77599.83,77610.45,77563.9,77584.5,52440.0
2026-06-25 13:00:00,77587.43,77644.13,77547.66,77613.41,94838.0
2026-06-25 13:05:00,77616.1,77644.22,77550.99,77587.53,76154.0
2026-06-25 13:10:00,77563.84,77606.43,77476.35,77516.34,122417.0
2026-06-25 13:15:00,77514.99,77568.07,77474.94,77561.88,55039.0
2026-06-25 13:20:00,77562.3,77584.77,77508.67,77539.62,71982.0
2026-06-25 13:25:00,77541.29,77541.74,77485.97,77504.86,90969.0
2026-06-25 13:30:00,77502.34,77550.79,77467.78,77540.5,189540.0
2026-06-25 13:35:00,77539.28,77577.86,77526.56,77560.13,128759.0
2026-06-25 13:40:00,77566.07,77626.41,77556.06,77570.43,62226.0
2026-06-25 13:45:00,77569.33,77609.05,77559.61,77594.56,73135.0
2026-06-25 13:50:00,77596.55,77609.46,77533.5,77555.89,164074.0
2026-06-25 13:55:00,77553.96,77565.67,77483.71,77527.25,267814.0
2026-06-25 14:00:00,77525.67,77530.25,77463.81,77502.57,1275408.0
2026-06-25 14:05:00,77498.26,77539.9,77477.65,77505.0,396184.0
2026-06-25 14:10:00,77502.58,77502.58,77331.3,77361.11,429835.0
2026-06-25 14:15:00,77358.56,77360.24,77284.34,77308.73,95179.0
2026-06-25 14:20:00,77312.86,77331.41,77212.57,77297.52,166938.0
2026-06-25 14:25:00,77297.12,77297.12,77197.99,77285.07,98687.0
2026-06-25 14:30:00,77285.07,77309.6,77231.45,77235.66,150215.0
2026-06-25 14:35:00,77236.15,77366.67,77219.63,77232.29,1478040.0
2026-06-25 14:40:00,77228.57,77310.91,77123.77,77136.85,1468114.0
2026-06-25 14:45:00,77138.96,77267.69,77121.83,77133.23,4121872.0
2026-06-25 14:50:00,77131.14,77315.24,77131.14,77245.95,1334552.0
2026-06-25 14:55:00,77250.32,77297.17,77191.12,77218.44,658649.0
2026-06-25 15:00:00,77222.83,77222.83,77039.75,77098.09,1938528.0
2026-06-25 15:05:00,77095.49,77165.29,76993.16,77083.5,2000655.0
2026-06-25 15:10:00,77091.62,77174.99,77061.65,77090.1,1006300.0
2026-06-25 15:15:00,77090.92,77162.76,77025.83,77102.39,1507993.0
2026-06-25 15:20:00,77103.25,77113.94,77033.88,77093.06,365240.0
2026-06-25 15:25:00,77095.28,77120.03,77073.22,77084.94,524139.0
2026-06-29 09:15:00,77055.21,77228.23,76991.51,77104.46,1248447.0
2026-06-29 09:20:00,77106.05,77196.24,77087.39,77091.51,398162.0
2026-06-29 09:25:00,77091.51,77092.43,76998.56,77037.61,414617.0
2026-06-29 09:30:00,77040.75,77040.75,76892.8,76892.8,396066.0
2026-06-29 09:35:00,76890.92,77039.55,76853.93,77031.52,1085000.0
2026-06-29 09:40:00,77029.81,77149.85,77024.45,77149.85,175056.0
2026-06-29 09:45:00,77146.44,77146.44,77083.91,77116.77,157832.0
2026-06-29 09:50:00,77113.34,77115.76,77064.35,77069.84,1402558.0
2026-06-29 09:55:00,77066.9,77091.5,77038.97,77065.76,280517.0
2026-06-29 10:00:00,77063.24,77119.3,76999.08,76999.08,133806.0
2026-06-29 10:05:00,77002.21,77088.42,76993.91,77059.48,77593.0
2026-06-29 10:10:00,77061.59,77081.01,77023.96,77035.43,296579.0
2026-06-29 10:15:00,77033.22,77041.62,76996.7,77041.62,192821.0
2026-06-29 10:20:00,77042.79,77173.8,77028.16,77173.8,180525.0
2026-06-29 10:25:00,77177.05,77252.78,77172.1,77221.08,118360.0
2026-06-29 10:30:00,77220.6,77244.41,77180.39,77207.95,94072.0
2026-06-29 10:35:00,77209.36,77221.07,77155.69,77188.26,130615.0
2026-06-29 10:40:00,77187.1,77251.32,77176.32,77243.9,115974.0
2026-06-29 10:45:00,77240.84,77245.83,77133.45,77138.22,106892.0
2026-06-29 10:50:00,77142.55,77146.96,77018.3,77041.13,98566.0
2026-06-29 10:55:00,77038.73,77097.83,77030.77,77077.07,82093.0
2026-06-29 11:00:00,77077.07,77148.61,77058.71,77148.3,73327.0
2026-06-29 11:05:00,77147.2,77161.7,77096.48,77126.43,118324.0
2026-06-29 11:10:00,77129.09,77151.0,77098.83,77111.05,94018.0
2026-06-29 11:15:00,77110.26,77148.58,77102.79,77119.82,119609.0
2026-06-29 11:20:00,77122.74,77132.67,77084.36,77085.56,1128927.0
2026-06-29 11:25:00,77084.32,77098.12,77051.08,77067.55,144880.0
2026-06-29 11:30:00,77066.46,77083.24,76931.51,76955.39,212461.0
2026-06-29 11:35:00,76957.07,77004.9,76951.2,76981.95,64820.0
2026-06-29 11:40:00,76984.35,76999.07,76956.24,76956.24,417492.0
2026-06-29 11:45:00,76957.99,76966.67,76936.95,76937.8,194030.0
2026-06-29 11:50:00,76937.99,76945.65,76867.43,76869.22,103689.0
2026-06-29 11:55:00,76862.4,76917.76,76856.74,76897.98,78338.0
2026-06-29 12:00:00,76897.34,76914.31,76879.73,76894.12,61377.0
2026-06-29 12:05:00,76890.78,76914.28,76876.74,76910.98,102433.0
2026-06-29 12:10:00,76909.91,76917.4,76838.04,76850.21,174539.0
2026-06-29 12:15:00,76850.61,76856.12,76776.16,76776.16,116088.0
2026-06-29 12:20:00,76775.55,76800.95,76771.41,76794.21,97291.0
2026-06-29 12:25:00,76792.93,76811.2,76751.47,76765.73,1689833.0
2026-06-29 12:30:00,76764.34,76779.02,76661.98,76677.4,94713.0
2026-06-29 12:35:00,76676.66,76700.0,76644.82,76645.68,95922.0
2026-06-29 12:40:00,76646.17,76681.68,76623.38,76681.68,141871.0
2026-06-29 12:45:00,76684.76,76743.4,76679.09,76696.77,63704.0
2026-06-29 12:50:00,76697.78,76723.75,76674.69,76709.64,107056.0
2026-06-29 12:55:00,76709.64,76766.88,76709.64,76753.59,82055.0
2026-06-29 13:00:00,76749.87,76772.46,76705.16,76751.3,53667.0
2026-06-29 13:05:00,76753.57,76802.47,76723.48,76802.47,145523.0
2026-06-29 13:10:00,76802.47,76804.91,76751.06,76755.49,56384.0
2026-06-29 13:15:00,76756.13,76756.13,76694.36,76712.37,114619.0
2026-06-29 13:20:00,76715.01,76722.35,76691.36,76712.09,79696.0
2026-06-29 13:25:00,76711.65,76758.01,76698.42,76752.54,53597.0
2026-06-29 13:30:00,76754.39,76801.66,76719.48,76720.51,57893.0
2026-06-29 13:35:00,76719.56,76766.43,76703.29,76733.93,188403.0
2026-06-29 13:40:00,76725.92,76748.67,76658.16,76676.57,179130.0
2026-06-29 13:45:00,76674.91,76709.68,76663.19,76667.83,63757.0
2026-06-29 13:50:00,76668.32,76685.84,76621.75,76685.84,54331.0
2026-06-29 13:55:00,76682.08,76719.03,76682.08,76714.46,76555.0
2026-06-29 14:00:00,76713.63,76759.31,76697.11,76716.13,61206.0
2026-06-29 14:05:00,76716.49,76761.89,76716.13,76727.32,49128.0
2026-06-29 14:10:00,76722.21,76754.4,76703.02,76737.11,78611.0
2026-06-29 14:15:00,76737.62,76771.31,76723.55,76765.34,49453.0
2026-06-29 14:20:00,76765.34,76776.92,76714.86,76716.27,63735.0
2026-06-29 14:25:00,76715.19,76734.41,76699.57,76716.18,57326.0
2026-06-29 14:30:00,76715.85,76766.8,76664.22,76754.08,119033.0
2026-06-29 14:35:00,76753.7,76768.23,76700.3,76709.8,66268.0
2026-06-29 14:40:00,76709.8,76772.69,76705.34,76765.67,62840.0
2026-06-29 14:45:00,76766.07,76786.31,76754.11,76764.23,74319.0
2026-06-29 14:50:00,76764.23,76764.23,76683.46,76695.93,379713.0
2026-06-29 14:55:00,76696.99,76708.15,76636.07,76655.57,113874.0
2026-06-29 15:00:00,76658.75,76834.48,76657.41,76703.3,899591.0
2026-06-29 15:05:00,76703.92,76753.95,76670.01,76724.0,364814.0
2026-06-29 15:10:00,76720.36,76720.87,76643.99,76705.5,454567.0
2026-06-29 15:15:00,76706.48,76742.67,76680.45,76711.24,532885.0
2026-06-29 15:20:00,76713.5,76747.51,76677.18,76746.23,696360.0
2026-06-29 15:25:00,76746.64,76843.42,76716.79,76789.56,715000.0
2026-06-30 09:15:00,77005.51,77037.36,76738.91,76757.05,723027.0
2026-06-30 09:20:00,76760.68,76760.68,76609.26,76628.78,373090.0
2026-06-30 09:25:00,76622.3,76655.34,76600.95,76615.08,190234.0
2026-06-30 09:30:00,76618.93,76619.24,76505.93,76523.69,255123.0
2026-06-30 09:35:00,76523.58,76582.66,76512.37,76535.03,215693.0
2026-06-30 09:40:00,76533.04,76561.58,76496.9,76521.27,217630.0
2026-06-30 09:45:00,76521.99,76528.41,76455.49,76482.1,1281597.0
2026-06-30 09:50:00,76483.63,76515.0,76458.7,76499.85,157655.0
2026-06-30 09:55:00,76496.43,76574.93,76491.85,76554.7,171159.0
2026-06-30 10:00:00,76554.48,76667.32,76545.98,76665.1,209417.0
2026-06-30 10:05:00,76668.06,76685.04,76553.82,76553.82,149401.0
2026-06-30 10:10:00,76557.89,76623.21,76551.99,76607.16,612493.0
2026-06-30 10:15:00,76606.14,76612.95,76575.99,76592.05,136401.0
2026-06-30 10:20:00,76591.81,76601.07,76531.11,76596.74,306345.0
2026-06-30 10:25:00,76590.82,76645.34,76590.82,76606.95,141791.0
2026-06-30 10:30:00,76608.69,76624.22,76559.55,76620.33,143638.0
2026-06-30 10:35:00,76619.42,76656.3,76606.52,76606.52,116472.0
2026-06-30 10:40:00,76609.22,76609.22,76541.9,76586.79,120067.0
2026-06-30 10:45:00,76588.97,76655.54,76583.24,76655.51,126790.0
2026-06-30 10:50:00,76653.68,76695.29,76635.09,76635.09,116753.0
2026-06-30 10:55:00,76635.1,76647.88,76551.0,76551.0,431332.0
2026-06-30 11:00:00,76544.25,76583.07,76519.24,76549.48,138029.0
2026-06-30 11:05:00,76550.83,76572.81,76525.74,76572.81,123661.0
2026-06-30 11:10:00,76572.94,76744.78,76568.1,76720.23,151642.0
2026-06-30 11:15:00,76726.59,76742.03,76680.29,76715.75,103232.0
2026-06-30 11:20:00,76711.05,76899.63,76705.65,76898.84,157715.0
2026-06-30 11:25:00,76900.88,76910.28,76840.93,76852.64,163007.0
2026-06-30 11:30:00,76854.75,76854.75,76728.41,76736.15,275018.0
2026-06-30 11:35:00,76737.77,76738.14,76659.1,76730.74,183968.0
2026-06-30 11:40:00,76731.19,76760.6,76678.41,76683.09,127455.0
2026-06-30 11:45:00,76679.33,76692.14,76647.32,76676.07,85530.0
2026-06-30 11:50:00,76676.51,76716.9,76664.82,76716.9,105082.0
2026-06-30 11:55:00,76715.8,76738.05,76703.17,76727.02,183343.0
2026-06-30 12:00:00,76726.15,76736.7,76670.0,76683.26,109265.0
2026-06-30 12:05:00,76685.43,76687.51,76657.37,76662.49,127973.0
2026-06-30 12:10:00,76662.98,76679.68,76648.07,76655.25,81899.0
2026-06-30 12:15:00,76654.57,76675.56,76621.42,76640.15,102989.0
2026-06-30 12:20:00,76637.69,76686.1,76626.71,76684.2,70464.0
2026-06-30 12:25:00,76684.85,76688.85,76663.08,76675.95,84150.0
2026-06-30 12:30:00,76674.48,76679.29,76601.01,76633.71,125493.0
2026-06-30 12:35:00,76635.75,76708.29,76628.62,76703.29,315917.0
2026-06-30 12:40:00,76705.16,76761.94,76704.74,76760.06,78580.0
2026-06-30 12:45:00,76760.03,76769.97,76728.9,76740.45,1421011.0
2026-06-30 12:50:00,76737.55,76737.55,76686.72,76726.87,110985.0
2026-06-30 12:55:00,76726.02,76770.91,76703.21,76738.29,102754.0
2026-06-30 13:00:00,76731.87,76745.33,76700.06,76718.3,79345.0
2026-06-30 13:05:00,76717.66,76725.79,76659.36,76665.77,101574.0
2026-06-30 13:10:00,76665.15,76690.65,76653.18,76665.72,126950.0
2026-06-30 13:15:00,76671.39,76695.49,76645.17,76646.14,87285.0
2026-06-30 13:20:00,76650.21,76652.45,76592.98,76609.05,107898.0
2026-06-30 13:25:00,76603.27,76679.1,76602.92,76669.26,80001.0
2026-06-30 13:30:00,76670.15,76681.08,76648.53,76663.28,70278.0
2026-06-30 13:35:00,76663.75,76680.17,76652.0,76659.79,56890.0
2026-06-30 13:40:00,76659.92,76719.4,76658.0,76703.47,85069.0
2026-06-30 13:45:00,76706.08,76707.93,76659.49,76674.59,112009.0
2026-06-30 13:50:00,76674.64,76698.95,76656.71,76656.71,181687.0
2026-06-30 13:55:00,76650.89,76652.48,76603.15,76622.29,96634.0
2026-06-30 14:00:00,76622.29,76640.14,76479.98,76490.35,105765.0
2026-06-30 14:05:00,76492.17,76535.15,76472.75,76521.97,344494.0
2026-06-30 14:10:00,76521.62,76526.34,76480.36,76486.69,2939969.0
2026-06-30 14:15:00,76487.88,76544.27,76438.34,76480.48,719391.0
2026-06-30 14:20:00,76478.16,76672.07,76454.57,76672.07,317143.0
2026-06-30 14:25:00,76676.43,76768.82,76676.43,76697.97,639945.0
2026-06-30 14:30:00,76687.4,76694.7,76626.46,76680.28,884083.0
2026-06-30 14:35:00,76682.7,76702.64,76660.3,76679.3,91661.0
2026-06-30 14:40:00,76678.64,76724.55,76670.06,76698.72,378619.0
2026-06-30 14:45:00,76698.72,76705.72,76663.52,76684.76,141631.0
2026-06-30 14:50:00,76684.26,76688.22,76628.18,76681.8,103533.0
2026-06-30 14:55:00,76683.98,76693.92,76551.24,76568.84,313445.0
2026-06-30 15:00:00,76564.16,76565.86,76329.39,76363.85,405271.0
2026-06-30 15:05:00,76364.62,76442.63,76341.29,76402.81,258852.0
2026-06-30 15:10:00,76398.53,76472.3,76383.96,76447.83,360123.0
2026-06-30 15:15:00,76447.69,76509.64,76446.31,76504.8,398176.0
2026-06-30 15:20:00,76513.85,76534.65,76502.14,76522.69,509669.0
2026-06-30 15:25:00,76524.01,76643.45,76511.68,76639.4,519957.0
2026-07-01 09:15:00,76545.21,76697.37,76538.37,76648.62,945961.0
2026-07-01 09:20:00,76655.0,76697.63,76622.47,76641.73,933305.0
2026-07-01 09:25:00,76640.62,76677.75,76622.72,76677.75,456858.0
2026-07-01 09:30:00,76675.89,76713.86,76633.59,76656.59,334233.0
2026-07-01 09:35:00,76660.07,76739.67,76651.26,76716.55,376084.0
2026-07-01 09:40:00,76718.25,76751.94,76667.07,76733.15,365822.0
2026-07-01 09:45:00,76729.48,76790.16,76719.86,76744.83,159641.0
2026-07-01 09:50:00,76750.22,76790.54,76724.22,76790.54,153979.0
2026-07-01 09:55:00,76784.21,76847.67,76782.12,76847.45,149220.0
2026-07-01 10:00:00,76844.61,76885.19,76788.79,76804.11,207062.0
2026-07-01 10:05:00,76804.78,76854.8,76789.96,76854.8,207327.0
2026-07-01 10:10:00,76856.54,76879.83,76847.61,76871.07,199466.0
2026-07-01 10:15:00,76872.38,76932.37,76863.96,76927.3,301990.0
2026-07-01 10:20:00,76930.03,76982.65,76906.48,76959.34,165515.0
2026-07-01 10:25:00,76958.86,76959.98,76891.73,76903.66,121256.0
2026-07-01 10:30:00,76903.44,76933.91,76855.42,76872.97,110231.0
2026-07-01 10:35:00,76872.98,76894.9,76822.33,76843.19,124279.0
2026-07-01 10:40:00,76841.74,76844.82,76745.8,76759.31,141219.0
2026-07-01 10:45:00,76758.87,76833.2,76757.37,76809.45,188663.0
2026-07-01 10:50:00,76811.15,76853.2,76772.12,76834.61,115777.0
2026-07-01 10:55:00,76839.36,76850.58,76816.24,76826.82,126250.0
2026-07-01 11:00:00,76826.78,76869.8,76826.78,76856.1,105968.0
2026-07-01 11:05:00,76855.78,76897.47,76853.42,76896.32,185541.0
2026-07-01 11:10:00,76896.44,76979.55,76890.5,76979.3,459866.0
2026-07-01 11:15:00,76979.42,77019.8,76953.9,76986.41,448330.0
2026-07-01 11:20:00,76985.99,77013.09,76952.28,76963.46,199864.0
2026-07-01 11:25:00,76959.81,76977.42,76913.61,76956.75,106192.0
2026-07-01 11:30:00,76956.49,76961.75,76902.33,76909.05,128586.0
2026-07-01 11:35:00,76906.95,76922.85,76871.68,76922.09,173307.0
2026-07-01 11:40:00,76921.52,76959.82,76891.83,76953.1,141759.0
2026-07-01 11:45:00,76950.24,77002.09,76938.26,76996.65,254539.0
2026-07-01 11:50:00,77000.58,77007.11,76926.29,76948.37,156117.0
2026-07-01 11:55:00,76950.61,77043.03,76915.77,77021.84,245485.0
2026-07-01 12:00:00,77020.57,77048.51,77015.08,77020.16,105101.0
2026-07-01 12:05:00,77019.59,77110.08,77019.59,77102.25,186967.0
2026-07-01 12:10:00,77102.32,77102.32,77013.26,77035.56,274506.0
2026-07-01 12:15:00,77034.91,77061.32,76989.78,77040.3,293835.0
2026-07-01 12:20:00,77040.02,77058.82,76991.19,77057.68,195773.0
2026-07-01 12:25:00,77056.48,77065.51,76941.98,76941.98,202990.0
2026-07-01 12:30:00,76943.06,77059.63,76943.06,77043.7,163583.0
2026-07-01 12:35:00,77042.77,77094.33,77038.53,77079.24,170814.0
2026-07-01 12:40:00,77078.92,77080.13,77008.9,77032.94,2212516.0
2026-07-01 12:45:00,77033.53,77047.37,77024.02,77032.88,115748.0
2026-07-01 12:50:00,77034.21,77055.26,77015.68,77020.78,131801.0
2026-07-01 12:55:00,77020.32,77034.62,77007.94,77023.84,99130.0
2026-07-01 13:00:00,77023.78,77036.54,76973.75,76984.01,116323.0
2026-07-01 13:05:00,76986.07,77028.25,76986.07,76999.64,175185.0
2026-07-01 13:10:00,76994.33,77057.09,76993.33,77055.67,169314.0
2026-07-01 13:15:00,77056.85,77062.24,77021.24,77034.87,237312.0
2026-07-01 13:20:00,77034.9,77050.22,76986.64,77011.1,194198.0
2026-07-01 13:25:00,77012.53,77032.09,76961.72,76985.64,136309.0
2026-07-01 13:30:00,76987.14,76992.94,76928.91,76975.9,160643.0
2026-07-01 13:35:00,76976.76,77067.3,76976.76,77058.88,179745.0
2026-07-01 13:40:00,77059.35,77062.64,76989.36,77031.3,167342.0
2026-07-01 13:45:00,77033.81,77042.05,76950.89,76999.82,230090.0
2026-07-01 13:50:00,77000.49,77008.79,76971.49,76992.19,94525.0
2026-07-01 13:55:00,76993.28,77007.83,76973.11,76980.84,120993.0
2026-07-01 14:00:00,76981.07,77022.23,76955.09,77012.08,84431.0
2026-07-01 14:05:00,77012.32,77047.67,76991.74,77047.67,97127.0
2026-07-01 14:10:00,77049.18,77071.07,77019.03,77050.26,208934.0
2026-07-01 14:15:00,77050.29,77053.38,77009.38,77021.79,174824.0
2026-07-01 14:20:00,77020.25,77054.57,77019.67,77041.83,156425.0
2026-07-01 14:25:00,77041.08,77056.8,76988.17,77014.89,113581.0
2026-07-01 14:30:00,77009.91,77019.18,76958.28,76960.23,210057.0
2026-07-01 14:35:00,76959.37,76989.98,76899.59,76911.52,170924.0
2026-07-01 14:40:00,76909.32,76977.59,76881.08,76968.23,267794.0
2026-07-01 14:45:00,76967.65,76981.92,76941.11,76941.62,252942.0
2026-07-01 14:50:00,76941.77,76985.54,76933.85,76984.88,219340.0
2026-07-01 14:55:00,76985.05,77037.21,76965.57,77034.5,147493.0
2026-07-01 15:00:00,77035.66,77061.98,76944.37,76964.92,170529.0
2026-07-01 15:05:00,76967.59,76972.89,76896.53,76909.6,175330.0
2026-07-01 15:10:00,76912.25,76984.92,76910.87,76910.87,303222.0
2026-07-01 15:15:00,76908.54,76936.93,76889.58,76920.4,421840.0
2026-07-01 15:20:00,76916.69,76924.04,76879.54,76915.25,403500.0
2026-07-01 15:25:00,76913.92,76914.58,76835.68,76873.55,497397.0
2026-07-02 09:15:00,77083.14,77219.49,77063.95,77201.49,1330007.0
2026-07-02 09:20:00,77208.06,77351.29,77204.24,77324.02,731100.0
2026-07-02 09:25:00,77323.52,77336.64,77252.86,77285.38,508937.0
2026-07-02 09:30:00,77284.01,77356.23,77277.2,77321.94,348078.0
2026-07-02 09:35:00,77327.84,77414.65,77323.56,77410.53,361171.0
2026-07-02 09:40:00,77409.78,77449.25,77375.12,77415.95,473175.0
2026-07-02 09:45:00,77416.58,77444.32,77379.15,77389.89,433329.0
2026-07-02 09:50:00,77395.99,77424.8,77347.62,77367.24,278232.0
2026-07-02 09:55:00,77372.04,77376.37,77314.88,77331.02,345953.0
2026-07-02 10:00:00,77329.25,77339.07,77261.21,77282.08,244678.0
2026-07-02 10:05:00,77286.9,77296.55,77170.48,77233.17,458497.0
2026-07-02 10:10:00,77237.36,77275.22,77155.58,77155.58,247170.0
2026-07-02 10:15:00,77156.26,77186.56,77131.07,77170.8,177489.0
2026-07-02 10:20:00,77173.28,77248.84,77173.28,77248.84,199622.0
2026-07-02 10:25:00,77247.64,77277.02,77206.54,77248.17,144271.0
2026-07-02 10:30:00,77243.57,77277.11,77186.97,77221.72,145197.0
2026-07-02 10:35:00,77220.48,77293.86,77195.98,77292.31,128914.0
2026-07-02 10:40:00,77293.53,77299.25,77245.52,77260.52,125083.0
2026-07-02 10:45:00,77266.5,77304.9,77236.9,77250.54,117490.0
2026-07-02 10:50:00,77250.98,77294.76,77231.69,77266.52,149680.0
2026-07-02 10:55:00,77268.98,77284.24,77228.41,77274.27,133256.0
2026-07-02 11:00:00,77272.89,77279.54,77232.31,77248.65,103939.0
2026-07-02 11:05:00,77251.01,77261.96,77212.62,77234.15,125737.0
2026-07-02 11:10:00,77236.99,77236.99,77180.08,77236.95,125567.0
2026-07-02 11:15:00,77237.13,77237.13,77201.74,77220.33,107637.0
2026-07-02 11:20:00,77219.02,77239.88,77178.81,77220.35,187603.0
2026-07-02 11:25:00,77220.18,77254.61,77169.61,77191.29,115788.0
2026-07-02 11:30:00,77190.88,77204.25,77138.46,77166.94,143800.0
2026-07-02 11:35:00,77172.89,77179.05,77128.63,77135.58,130631.0
2026-07-02 11:40:00,77137.89,77186.84,77122.46,77186.84,151126.0
2026-07-02 11:45:00,77187.14,77221.72,77157.74,77179.74,106089.0
2026-07-02 11:50:00,77175.09,77239.54,77171.24,77222.76,190280.0
2026-07-02 11:55:00,77220.38,77259.87,77212.39,77226.95,180779.0
2026-07-02 12:00:00,77226.86,77285.58,77205.29,77260.91,166006.0
2026-07-02 12:05:00,77261.03,77280.56,77242.8,77255.58,117778.0
2026-07-02 12:10:00,77255.58,77293.98,77243.05,77274.36,103801.0
2026-07-02 12:15:00,77270.25,77335.55,77255.75,77330.48,112576.0
2026-07-02 12:20:00,77327.46,77351.34,77301.37,77337.37,78422.0
2026-07-02 12:25:00,77336.26,77352.13,77294.58,77345.47,90598.0
2026-07-02 12:30:00,77347.29,77347.44,77298.61,77307.01,70611.0
2026-07-02 12:35:00,77308.44,77365.14,77288.55,77343.36,293257.0
2026-07-02 12:40:00,77346.43,77373.65,77296.56,77321.65,203308.0
2026-07-02 12:45:00,77318.71,77351.6,77295.28,77346.44,122113.0
2026-07-02 12:50:00,77341.82,77355.83,77309.29,77326.4,74538.0
2026-07-02 12:55:00,77323.37,77324.94,77292.52,77306.87,106232.0
2026-07-02 13:00:00,77305.17,77358.76,77293.31,77334.93,104217.0
2026-07-02 13:05:00,77331.28,77394.94,77325.44,77378.33,79023.0
2026-07-02 13:10:00,77376.74,77394.33,77352.61,77359.97,147640.0
2026-07-02 13:15:00,77362.7,77420.65,77361.47,77419.85,145486.0
2026-07-02 13:20:00,77415.23,77432.43,77341.15,77410.79,206682.0
2026-07-02 13:25:00,77410.83,77417.49,77351.72,77385.88,208008.0
2026-07-02 13:30:00,77386.04,77388.77,77345.63,77379.69,108160.0
2026-07-02 13:35:00,77379.18,77402.16,77318.83,77365.96,143606.0
2026-07-02 13:40:00,77369.96,77382.03,77324.88,77340.27,107016.0
2026-07-02 13:45:00,77335.56,77350.46,77315.88,77334.43,113047.0
2026-07-02 13:50:00,77331.46,77365.18,77327.26,77330.54,92842.0
2026-07-02 13:55:00,77334.86,77359.67,77305.14,77320.97,102522.0
2026-07-02 14:00:00,77322.36,77354.79,77321.54,77344.61,62447.0
2026-07-02 14:05:00,77343.71,77368.69,77322.65,77336.61,61468.0
2026-07-02 14:10:00,77336.06,77355.26,77317.57,77348.78,59430.0
2026-07-02 14:15:00,77349.14,77359.27,77296.97,77320.97,1029821.0
2026-07-02 14:20:00,77324.05,77413.19,77315.62,77399.11,117187.0
2026-07-02 14:25:00,77399.11,77400.41,77337.99,77359.81,56629.0
2026-07-02 14:30:00,77357.89,77417.4,77348.78,77410.76,180115.0
2026-07-02 14:35:00,77409.51,77485.67,77401.25,77476.96,145469.0
2026-07-02 14:40:00,77475.81,77533.44,77462.19,77500.18,302130.0
2026-07-02 14:45:00,77496.69,77578.93,77473.19,77494.33,657655.0
2026-07-02 14:50:00,77494.45,77570.57,77490.36,77530.32,659296.0
2026-07-02 14:55:00,77530.42,77554.55,77491.42,77545.02,303783.0
2026-07-02 15:00:00,77546.48,77556.76,77453.61,77494.43,1875193.0
2026-07-02 15:05:00,77487.26,77545.89,77457.74,77508.18,1486786.0
2026-07-02 15:10:00,77503.79,77536.56,77442.07,77476.15,1709495.0
2026-07-02 15:15:00,77478.53,77514.83,77419.72,77419.72,267577.0
2026-07-02 15:20:00,77429.82,77477.41,77420.43,77455.8,1104039.0
2026-07-02 15:25:00,77462.39,77487.07,77434.12,77449.86,560721.0
2026-07-03 09:15:00,78152.34,78157.52,77854.83,77885.22,1225847.0
2026-07-03 09:20:00,77887.33,78022.19,77869.57,78009.37,567780.0
2026-07-03 09:25:00,78006.56,78069.01,77999.98,78052.33,439378.0
2026-07-03 09:30:00,78053.95,78094.9,78043.82,78065.57,394963.0
2026-07-03 09:35:00,78066.24,78085.58,78030.0,78069.99,308613.0
2026-07-03 09:40:00,78073.87,78073.87,77968.6,77981.21,339851.0
2026-07-03 09:45:00,77979.78,77994.1,77941.25,77960.07,297314.0
2026-07-03 09:50:00,77959.49,78007.9,77954.7,77985.06,302175.0
2026-07-03 09:55:00,77983.75,77999.89,77943.0,77975.2,274044.0
2026-07-03 10:00:00,77974.32,78003.4,77910.09,77916.44,214493.0
2026-07-03 10:05:00,77917.75,78011.07,77905.03,77992.18,296617.0
2026-07-03 10:10:00,77993.89,78009.02,77961.7,77971.06,773180.0
2026-07-03 10:15:00,77972.22,77980.03,77927.52,77962.0,161162.0
2026-07-03 10:20:00,77957.47,78013.01,77922.85,77999.87,484543.0
2026-07-03 10:25:00,78002.76,78032.46,77989.82,78016.46,219580.0
2026-07-03 10:30:00,78016.68,78035.76,78001.28,78017.59,195833.0
2026-07-03 10:35:00,78020.99,78047.4,78007.08,78012.51,1471004.0
2026-07-03 10:40:00,78013.23,78021.0,77996.53,78007.44,280729.0
2026-07-03 10:45:00,78004.85,78037.7,77998.23,78034.15,227079.0
2026-07-03 10:50:00,78034.2,78046.5,78017.95,78037.17,112896.0
2026-07-03 10:55:00,78037.55,78046.0,78007.37,78019.73,146875.0
2026-07-03 11:00:00,78019.26,78064.15,78004.54,78035.29,168817.0
2026-07-03 11:05:00,78037.01,78050.37,77995.93,77997.51,379389.0
2026-07-03 11:10:00,77997.76,78000.98,77956.27,77960.79,1114112.0
2026-07-03 11:15:00,77962.0,77994.94,77958.92,77971.18,333158.0
2026-07-03 11:20:00,77973.25,77991.6,77945.37,77953.77,214686.0
2026-07-03 11:25:00,77955.37,77982.64,77951.1,77979.18,357752.0
2026-07-03 11:30:00,77980.02,77997.46,77959.64,77975.73,119811.0
2026-07-03 11:35:00,77974.33,77999.91,77958.28,77999.53,110576.0
2026-07-03 11:40:00,77998.04,78033.37,77998.04,78005.69,148636.0
2026-07-03 11:45:00,78007.4,78034.75,78001.53,78019.98,89281.0
2026-07-03 11:50:00,78020.86,78047.53,78010.44,78036.18,117549.0
2026-07-03 11:55:00,78035.72,78061.58,78029.18,78061.58,149674.0
2026-07-03 12:00:00,78060.73,78071.31,78040.03,78059.52,103932.0
2026-07-03 12:05:00,78059.82,78106.91,78052.32,78084.7,248386.0
2026-07-03 12:10:00,78085.28,78114.63,78067.53,78100.44,191384.0
2026-07-03 12:15:00,78098.39,78104.21,78070.04,78092.4,419144.0
2026-07-03 12:20:00,78096.36,78103.52,78056.75,78074.33,140932.0
2026-07-03 12:25:00,78071.02,78097.25,78053.11,78077.87,165816.0
2026-07-03 12:30:00,78077.59,78081.23,78039.87,78046.89,102936.0
2026-07-03 12:35:00,78048.49,78070.68,78033.62,78041.49,288105.0
2026-07-03 12:40:00,78041.95,78053.91,78015.37,78022.57,100184.0
2026-07-03 12:45:00,78023.64,78051.85,78014.44,78041.65,94818.0
2026-07-03 12:50:00,78046.19,78066.13,78033.97,78041.25,83853.0
2026-07-03 12:55:00,78041.21,78062.31,78028.44,78035.72,98615.0
2026-07-03 13:00:00,78036.17,78043.37,77992.79,77993.03,77157.0
2026-07-03 13:05:00,77992.18,77995.33,77921.16,77931.24,175964.0
2026-07-03 13:10:00,77929.49,77952.78,77905.4,77951.49,168432.0
2026-07-03 13:15:00,77952.94,77957.23,77899.4,77914.3,230755.0
2026-07-03 13:20:00,77912.94,77931.52,77892.04,77900.16,108243.0
2026-07-03 13:25:00,77900.01,77900.82,77865.74,77876.03,122591.0
2026-07-03 13:30:00,77876.39,77879.7,77817.1,77833.94,148661.0
2026-07-03 13:35:00,77833.68,77836.02,77780.04,77829.98,136185.0
2026-07-03 13:40:00,77828.35,77853.03,77821.44,77833.6,102421.0
2026-07-03 13:45:00,77833.97,77833.97,77798.82,77830.55,125080.0
2026-07-03 13:50:00,77827.24,77865.71,77827.24,77861.49,79033.0
2026-07-03 13:55:00,77862.77,77862.77,77828.6,77829.97,89021.0
2026-07-03 14:00:00,77830.74,77856.08,77811.89,77816.58,2216651.0
2026-07-03 14:05:00,77816.74,77868.88,77815.25,77856.48,76978.0
2026-07-03 14:10:00,77856.83,77873.3,77841.54,77849.46,67150.0
2026-07-03 14:15:00,77847.69,77847.69,77814.46,77818.2,97991.0
2026-07-03 14:20:00,77815.83,77818.74,77784.42,77803.67,130852.0
2026-07-03 14:25:00,77800.82,77808.16,77784.85,77791.36,68865.0
2026-07-03 14:30:00,77792.01,77840.56,77785.56,77824.94,92970.0
2026-07-03 14:35:00,77824.19,77843.3,77801.49,77818.93,103459.0
2026-07-03 14:40:00,77818.93,77820.4,77773.18,77779.76,154427.0
2026-07-03 14:45:00,77778.94,77796.25,77740.79,77796.25,121801.0
2026-07-03 14:50:00,77794.74,77799.27,77726.51,77741.11,94683.0
2026-07-03 14:55:00,77738.16,77753.71,77710.01,77714.84,86256.0
2026-07-03 15:00:00,77723.15,77803.13,77723.15,77780.06,694902.0
2026-07-03 15:05:00,77776.19,77808.4,77751.43,77783.42,138066.0
2026-07-03 15:10:00,77781.57,77800.83,77763.28,77770.31,120483.0
2026-07-03 15:15:00,77769.57,77774.2,77748.48,77758.52,218297.0
2026-07-03 15:20:00,77756.84,77778.88,77745.58,77759.74,433011.0
2026-07-03 15:25:00,77754.1,77789.92,77731.54,77788.74,248414.0
2026-07-03 15:30:00,77788.74,77788.74,77788.74,77788.74,64436.0
2026-07-06 09:15:00,77940.9,78092.21,77879.7,78078.17,695074.0
2026-07-06 09:20:00,78076.1,78085.78,78031.4,78036.18,486495.0
2026-07-06 09:25:00,78037.57,78060.26,78013.94,78030.93,396151.0
2026-07-06 09:30:00,78032.18,78109.64,78032.18,78108.72,300385.0
2026-07-06 09:35:00,78106.21,78153.3,78096.06,78126.29,439991.0
2026-07-06 09:40:00,78122.46,78138.95,78092.9,78100.28,335064.0
2026-07-06 09:45:00,78098.2,78194.36,78088.69,78144.33,311959.0
2026-07-06 09:50:00,78145.97,78179.95,78126.53,78128.99,180826.0
2026-07-06 09:55:00,78129.79,78153.5,78124.06,78140.92,195888.0
2026-07-06 10:00:00,78145.62,78173.12,78122.41,78143.41,153387.0
2026-07-06 10:05:00,78146.5,78150.25,78107.64,78136.95,138409.0
2026-07-06 10:10:00,78135.35,78153.4,78073.24,78077.41,117583.0
2026-07-06 10:15:00,78077.49,78157.69,78077.49,78144.55,300595.0
2026-07-06 10:20:00,78145.57,78198.07,78143.3,78179.32,114993.0
2026-07-06 10:25:00,78178.52,78241.27,78171.1,78205.22,3684160.0
2026-07-06 10:30:00,78206.2,78226.2,78196.29,78205.29,205432.0
2026-07-06 10:35:00,78203.74,78209.28,78141.1,78157.06,259872.0
2026-07-06 10:40:00,78148.4,78202.86,78137.7,78202.86,137473.0
2026-07-06 10:45:00,78204.68,78253.11,78192.6,78243.14,159085.0
2026-07-06 10:50:00,78237.99,78278.44,78225.5,78244.53,172512.0
2026-07-06 10:55:00,78240.43,78278.9,78221.21,78277.26,1490702.0
2026-07-06 11:00:00,78278.27,78289.25,78234.92,78247.86,324679.0
2026-07-06 11:05:00,78251.92,78262.24,78228.32,78230.77,103341.0
2026-07-06 11:10:00,78233.75,78254.56,78231.16,78245.3,600409.0
2026-07-06 11:15:00,78246.68,78249.31,78191.85,78206.35,99959.0
2026-07-06 11:20:00,78207.53,78274.72,78192.75,78272.37,349822.0
2026-07-06 11:25:00,78272.96,78284.21,78242.46,78256.05,122980.0
2026-07-06 11:30:00,78254.56,78271.88,78245.79,78259.72,80586.0
2026-07-06 11:35:00,78263.28,78269.23,78237.09,78260.74,213171.0
2026-07-06 11:40:00,78256.04,78262.69,78231.4,78242.77,139959.0
2026-07-06 11:45:00,78245.09,78279.64,78241.82,78269.28,99714.0
2026-07-06 11:50:00,78269.28,78270.68,78226.36,78237.62,70616.0
2026-07-06 11:55:00,78239.02,78283.24,78233.4,78278.98,96302.0
2026-07-06 12:00:00,78278.98,78300.99,78265.28,78274.59,101774.0
2026-07-06 12:05:00,78274.64,78295.11,78261.43,78284.46,106175.0
2026-07-06 12:10:00,78288.49,78328.35,78270.56,78323.97,194133.0
2026-07-06 12:15:00,78317.03,78350.3,78317.03,78327.95,332190.0
2026-07-06 12:20:00,78328.03,78340.61,78317.01,78325.91,80797.0
2026-07-06 12:25:00,78323.82,78340.12,78309.75,78327.6,71131.0
2026-07-06 12:30:00,78332.71,78378.43,78323.33,78365.99,162259.0
2026-07-06 12:35:00,78366.71,78388.24,78345.54,78348.12,152541.0
2026-07-06 12:40:00,78346.75,78362.14,78329.49,78353.84,49079.0
2026-07-06 12:45:00,78353.84,78362.27,78311.2,78321.3,50883.0
2026-07-06 12:50:00,78319.6,78350.9,78291.34,78303.32,84500.0
2026-07-06 12:55:00,78304.23,78340.51,78293.07,78336.15,81768.0
2026-07-06 13:00:00,78335.81,78349.27,78309.75,78344.62,1592026.0
2026-07-06 13:05:00,78343.59,78371.22,78339.65,78371.22,927272.0
2026-07-06 13:10:00,78371.94,78382.72,78355.72,78372.37,67210.0
2026-07-06 13:15:00,78372.37,78377.22,78350.77,78351.69,59429.0
2026-07-06 13:20:00,78348.26,78351.4,78329.6,78341.76,566134.0
2026-07-06 13:25:00,78341.98,78346.15,78318.88,78338.51,58792.0
2026-07-06 13:30:00,78339.8,78360.52,78325.22,78336.93,62149.0
2026-07-06 13:35:00,78336.22,78398.06,78331.79,78391.29,99739.0
2026-07-06 13:40:00,78387.42,78391.76,78337.7,78339.23,64491.0
2026-07-06 13:45:00,78339.23,78343.06,78310.01,78317.2,93769.0
2026-07-06 13:50:00,78318.58,78324.67,78265.91,78272.95,3217814.0
2026-07-06 13:55:00,78270.28,78273.57,78239.61,78249.01,83012.0
2026-07-06 14:00:00,78249.01,78263.69,78238.1,78258.63,90992.0
2026-07-06 14:05:00,78260.02,78284.12,78211.67,78230.68,122413.0
2026-07-06 14:10:00,78230.68,78253.52,78206.68,78214.61,204367.0
2026-07-06 14:15:00,78216.17,78231.71,78207.51,78210.56,86742.0
2026-07-06 14:20:00,78208.79,78234.44,78197.09,78233.17,62634.0
2026-07-06 14:25:00,78234.1,78257.92,78216.19,78217.67,57160.0
2026-07-06 14:30:00,78218.26,78241.43,78209.38,78235.29,177652.0
2026-07-06 14:35:00,78242.15,78271.44,78231.67,78244.14,121235.0
2026-07-06 14:40:00,78243.53,78252.04,78196.74,78201.34,93187.0
2026-07-06 14:45:00,78202.62,78209.97,78145.43,78145.43,75167.0
2026-07-06 14:50:00,78148.18,78232.28,78148.18,78221.77,99578.0
2026-07-06 14:55:00,78223.32,78248.1,78200.7,78211.03,93212.0
2026-07-06 15:00:00,78217.89,78284.92,78217.89,78284.45,142415.0
2026-07-06 15:05:00,78285.56,78349.54,78275.86,78336.04,294026.0
2026-07-06 15:10:00,78333.93,78336.82,78303.26,78308.98,190358.0
2026-07-06 15:15:00,78305.41,78307.05,78277.38,78293.95,130656.0
2026-07-06 15:20:00,78293.14,78312.97,78285.51,78306.8,154823.0
2026-07-06 15:25:00,78303.86,78314.83,78238.45,78255.38,328513.0
2026-07-07 09:15:00,78461.16,78504.01,78340.18,78363.84,1680343.0
2026-07-07 09:20:00,78358.14,78428.32,78332.63,78364.43,430928.0
2026-07-07 09:25:00,78368.37,78374.45,78270.41,78355.23,318515.0
2026-07-07 09:30:00,78360.12,78360.98,78248.31,78253.45,267340.0
2026-07-07 09:35:00,78261.83,78366.95,78255.05,78288.63,249623.0
2026-07-07 09:40:00,78292.12,78381.25,78292.12,78372.87,249726.0
2026-07-07 09:45:00,78369.09,78403.21,78352.64,78389.08,239607.0
2026-07-07 09:50:00,78386.78,78415.23,78374.87,78389.66,166191.0
2026-07-07 09:55:00,78392.67,78430.6,78385.61,78421.64,153859.0
2026-07-07 10:00:00,78420.72,78474.61,78417.95,78457.4,593584.0
2026-07-07 10:05:00,78452.71,78496.36,78426.69,78496.18,164269.0
2026-07-07 10:10:00,78492.81,78518.85,78481.64,78488.37,218971.0
2026-07-07 10:15:00,78488.37,78534.15,78484.28,78520.57,2191043.0
2026-07-07 10:20:00,78521.46,78561.28,78516.99,78528.24,239997.0
2026-07-07 10:25:00,78531.1,78557.13,78511.25,78519.61,159693.0
2026-07-07 10:30:00,78521.74,78543.3,78492.93,78502.29,131280.0
2026-07-07 10:35:00,78506.94,78526.08,78492.92,78494.97,97704.0
2026-07-07 10:40:00,78489.49,78519.28,78448.53,78456.05,115178.0
2026-07-07 10:45:00,78456.05,78510.87,78434.28,78489.48,100742.0
2026-07-07 10:50:00,78490.11,78493.2,78439.36,78459.45,68206.0
2026-07-07 10:55:00,78462.03,78477.07,78431.64,78468.74,97684.0
2026-07-07 11:00:00,78468.45,78533.73,78468.45,78521.45,129670.0
2026-07-07 11:05:00,78521.27,78571.95,78514.29,78548.78,81545.0
2026-07-07 11:10:00,78548.79,78589.29,78545.62,78582.04,141081.0
2026-07-07 11:15:00,78583.98,78585.05,78529.22,78547.87,177797.0
2026-07-07 11:20:00,78547.56,78592.49,78542.13,78561.15,353326.0
2026-07-07 11:25:00,78562.73,78617.97,78562.73,78582.41,331364.0
2026-07-07 11:30:00,78582.26,78607.38,78581.73,78583.0,90217.0
2026-07-07 11:35:00,78584.4,78594.96,78562.84,78576.29,199394.0
2026-07-07 11:40:00,78584.91,78598.29,78573.82,78588.5,262845.0
2026-07-07 11:45:00,78590.21,78612.65,78560.14,78561.12,357986.0
2026-07-07 11:50:00,78563.58,78632.37,78563.58,78628.2,256394.0
2026-07-07 11:55:00,78628.5,78652.56,78626.46,78650.42,449555.0
2026-07-07 12:00:00,78648.87,78664.92,78627.21,78633.25,69412.0
2026-07-07 12:05:00,78632.85,78649.41,78614.88,78635.59,103551.0
2026-07-07 12:10:00,78635.59,78635.76,78552.32,78564.69,85590.0
2026-07-07 12:15:00,78565.29,78585.4,78515.34,78520.63,125886.0
2026-07-07 12:20:00,78516.68,78570.98,78516.68,78531.98,102259.0
2026-07-07 12:25:00,78534.05,78562.02,78532.77,78539.75,136859.0
2026-07-07 12:30:00,78542.2,78546.93,78439.73,78465.04,884322.0
2026-07-07 12:35:00,78464.86,78464.98,78371.14,78403.47,190639.0
2026-07-07 12:40:00,78405.79,78455.3,78405.79,78441.58,118735.0
2026-07-07 12:45:00,78439.84,78467.99,78410.41,78445.56,66622.0
2026-07-07 12:50:00,78445.56,78464.68,78396.22,78416.39,119092.0
2026-07-07 12:55:00,78416.14,78423.5,78375.93,78417.83,129746.0
2026-07-07 13:00:00,78417.3,78424.53,78390.01,78405.27,82437.0
2026-07-07 13:05:00,78401.82,78409.62,78355.53,78359.58,70356.0
2026-07-07 13:10:00,78359.58,78378.36,78282.6,78317.77,141443.0
2026-07-07 13:15:00,78317.77,78324.92,78273.81,78273.85,91992.0
2026-07-07 13:20:00,78274.48,78299.67,78266.93,78287.3,93011.0
2026-07-07 13:25:00,78287.3,78343.15,78277.99,78330.41,64987.0
2026-07-07 13:30:00,78330.26,78337.74,78291.65,78294.5,60416.0
2026-07-07 13:35:00,78296.5,78320.03,78250.28,78274.54,107148.0
2026-07-07 13:40:00,78274.68,78343.86,78274.68,78332.86,59876.0
2026-07-07 13:45:00,78331.64,78361.01,78317.05,78317.05,86039.0
2026-07-07 13:50:00,78317.05,78345.6,78303.59,78312.18,122064.0
2026-07-07 13:55:00,78312.05,78384.83,78311.37,78372.03,116490.0
2026-07-07 14:00:00,78372.11,78381.68,78339.31,78365.83,73201.0
2026-07-07 14:05:00,78373.82,78413.33,78370.57,78402.22,59087.0
2026-07-07 14:10:00,78403.17,78424.18,78388.18,78408.38,100247.0
2026-07-07 14:15:00,78408.53,78411.53,78359.88,78389.03,60199.0
2026-07-07 14:20:00,78389.26,78389.26,78350.2,78351.67,52017.0
2026-07-07 14:25:00,78359.12,78382.09,78352.4,78370.15,69699.0
2026-07-07 14:30:00,78376.01,78398.88,78370.88,78376.82,86321.0
2026-07-07 14:35:00,78375.22,78424.03,78375.22,78417.58,313901.0
2026-07-07 14:40:00,78418.97,78418.97,78372.54,78413.9,119709.0
2026-07-07 14:45:00,78415.64,78429.24,78392.6,78417.94,90744.0
2026-07-07 14:50:00,78419.34,78429.2,78405.02,78409.44,74077.0
2026-07-07 14:55:00,78409.81,78433.72,78375.4,78382.84,132424.0
2026-07-07 15:00:00,78380.16,78393.47,78236.63,78285.0,206652.0
2026-07-07 15:05:00,78287.9,78290.51,78228.12,78229.78,231622.0
2026-07-07 15:10:00,78230.88,78230.88,78169.94,78196.24,139763.0
2026-07-07 15:15:00,78192.11,78211.77,78156.79,78183.14,202503.0
2026-07-07 15:20:00,78181.59,78185.02,78097.38,78104.33,240430.0
2026-07-07 15:25:00,78099.57,78117.96,78031.04,78079.08,213181.0
2026-07-07 15:30:00,78079.08,78079.08,78079.08,78079.08,44371.0
2026-07-08 09:15:00,77816.45,77842.5,77611.91,77833.13,791598.0
2026-07-08 09:20:00,77825.66,77850.46,77692.73,77693.18,408150.0
2026-07-08 09:25:00,77680.05,77683.38,77620.36,77659.04,327761.0
2026-07-08 09:30:00,77657.84,77658.72,77561.31,77590.36,303251.0
2026-07-08 09:35:00,77591.14,77631.14,77555.52,77585.24,206699.0
2026-07-08 09:40:00,77584.47,77644.76,77569.24,77617.94,174650.0
2026-07-08 09:45:00,77615.16,77694.81,77611.74,77694.43,123104.0
2026-07-08 09:50:00,77699.16,77756.7,77688.27,77709.74,177266.0
2026-07-08 09:55:00,77711.5,77750.31,77669.03,77700.41,131995.0
2026-07-08 10:00:00,77705.7,77715.87,77662.01,77668.58,125289.0
2026-07-08 10:05:00,77669.68,77686.68,77646.58,77683.71,194937.0
2026-07-08 10:10:00,77685.02,77745.66,77667.15,77667.46,196455.0
2026-07-08 10:15:00,77668.24,77709.57,77630.63,77699.06,124016.0
2026-07-08 10:20:00,77702.01,77706.16,77627.96,77627.96,606763.0
2026-07-08 10:25:00,77619.48,77695.61,77605.58,77695.61,105919.0
2026-07-08 10:30:00,77691.9,77741.54,77691.9,77709.67,84336.0
2026-07-08 10:35:00,77709.87,77807.31,77703.27,77807.31,102429.0
2026-07-08 10:40:00,77806.91,77844.58,77785.03,77801.38,148238.0
2026-07-08 10:45:00,77800.54,77802.79,77761.54,77784.7,87745.0
2026-07-08 10:50:00,77784.7,77799.87,77770.86,77776.08,300679.0
2026-07-08 10:55:00,77775.98,77835.28,77763.63,77832.1,79998.0
2026-07-08 11:00:00,77833.32,77848.69,77808.35,77823.21,135432.0
2026-07-08 11:05:00,77822.86,77841.33,77794.72,77818.81,114662.0
2026-07-08 11:10:00,77820.43,77851.18,77792.17,77822.42,101748.0
2026-07-08 11:15:00,77822.72,77824.98,77757.25,77819.42,218843.0
2026-07-08 11:20:00,77820.3,77833.08,77757.15,77810.37,263253.0
2026-07-08 11:25:00,77809.44,77837.05,77795.72,77798.38,91428.0
2026-07-08 11:30:00,77801.71,77806.48,77745.18,77754.45,174436.0
2026-07-08 11:35:00,77760.51,77764.26,77720.12,77748.0,75888.0
2026-07-08 11:40:00,77744.14,77761.82,77707.49,77718.35,81296.0
2026-07-08 11:45:00,77718.35,77736.13,77687.6,77687.77,64201.0
2026-07-08 11:50:00,77688.47,77701.97,77676.17,77697.83,53818.0
2026-07-08 11:55:00,77699.05,77720.95,77636.82,77682.92,54683.0
2026-07-08 12:00:00,77682.62,77692.47,77642.79,77650.43,110180.0
2026-07-08 12:05:00,77648.73,77661.28,77605.36,77607.99,111163.0
2026-07-08 12:10:00,77608.69,77629.41,77591.99,77593.24,129458.0
2026-07-08 12:15:00,77589.82,77636.5,77549.98,77627.77,71441.0
2026-07-08 12:20:00,77627.77,77632.8,77560.65,77561.77,48180.0
2026-07-08 12:25:00,77560.86,77576.81,77534.71,77548.96,53635.0
2026-07-08 12:30:00,77551.27,77554.88,77498.7,77507.11,73110.0
2026-07-08 12:35:00,77507.65,77526.2,77497.31,77506.88,55525.0
2026-07-08 12:40:00,77502.71,77537.89,77483.81,77537.89,84902.0
2026-07-08 12:45:00,77537.93,77557.73,77527.5,77534.29,65868.0
2026-07-08 12:50:00,77534.29,77583.87,77533.22,77583.87,64774.0
2026-07-08 12:55:00,77583.56,77604.71,77570.18,77589.28,59629.0
2026-07-08 13:00:00,77591.16,77629.52,77579.9,77622.94,53966.0
2026-07-08 13:05:00,77622.2,77640.21,77587.9,77587.9,65195.0
2026-07-08 13:10:00,77588.89,77601.05,77574.46,77587.0,49454.0
2026-07-08 13:15:00,77590.02,77617.23,77567.33,77617.23,62273.0
2026-07-08 13:20:00,77618.32,77629.68,77584.94,77614.14,79623.0
2026-07-08 13:25:00,77613.79,77632.27,77589.72,77594.23,118659.0
2026-07-08 13:30:00,77594.05,77598.09,77555.43,77566.94,81613.0
2026-07-08 13:35:00,77566.93,77608.48,77562.52,77603.86,72874.0
2026-07-08 13:40:00,77603.9,77607.59,77547.85,77559.32,70166.0
2026-07-08 13:45:00,77559.33,77571.33,77264.37,77277.55,164847.0
2026-07-08 13:50:00,77275.4,77279.85,77070.76,77089.2,174355.0
2026-07-08 13:55:00,77090.2,77132.88,76909.25,76910.64,258179.0
2026-07-08 14:00:00,76913.1,76950.2,76786.99,76803.55,419093.0
2026-07-08 14:05:00,76800.22,76809.51,76606.76,76619.4,444422.0
2026-07-08 14:10:00,76620.6,76645.85,76472.78,76528.56,376158.0
2026-07-08 14:15:00,76525.68,76716.32,76508.75,76551.81,593398.0
2026-07-08 14:20:00,76563.2,76633.3,76525.65,76566.58,231462.0
2026-07-08 14:25:00,76565.0,76591.23,76468.18,76468.18,219672.0
2026-07-08 14:30:00,76463.31,76591.77,76457.73,76499.12,287754.0
2026-07-08 14:35:00,76501.29,76530.05,76382.25,76418.27,244182.0
2026-07-08 14:40:00,76418.46,76445.77,76384.12,76436.57,236581.0
2026-07-08 14:45:00,76433.47,76435.64,76329.52,76366.68,243226.0
2026-07-08 14:50:00,76363.33,76379.19,76259.03,76305.35,252689.0
2026-07-08 14:55:00,76300.61,76354.92,76271.37,76327.45,269811.0
2026-07-08 15:00:00,76319.23,76490.55,76319.23,76407.62,293700.0
2026-07-08 15:05:00,76410.2,76438.38,76366.2,76434.75,156855.0
2026-07-08 15:10:00,76432.69,76501.24,76401.77,76497.84,210254.0
2026-07-08 15:15:00,76494.58,76577.22,76490.59,76551.08,239851.0
2026-07-08 15:20:00,76543.26,76602.64,76529.96,76534.62,266596.0
2026-07-08 15:25:00,76540.13,76540.13,76483.24,76514.28,309476.0
2026-07-09 09:15:00,76576.14,76873.14,76576.14,76867.33,960192.0
2026-07-09 09:20:00,76870.56,76981.02,76816.66,76975.54,559353.0
2026-07-09 09:25:00,76977.82,77019.69,76909.2,76942.42,2538709.0
2026-07-09 09:30:00,76936.05,77018.78,76887.97,76995.12,359941.0
2026-07-09 09:35:00,77002.95,77038.66,76931.95,77037.78,333450.0
2026-07-09 09:40:00,77039.83,77094.23,76986.69,77030.27,389993.0
2026-07-09 09:45:00,77026.07,77095.37,77000.0,77025.06,1093249.0
2026-07-09 09:50:00,77028.4,77076.11,77021.04,77044.93,251809.0
2026-07-09 09:55:00,77047.05,77088.01,76983.56,77041.97,229668.0
2026-07-09 10:00:00,77041.59,77139.07,77034.62,77053.51,232206.0
2026-07-09 10:05:00,77048.42,77118.12,77046.81,77107.19,157420.0
2026-07-09 10:10:00,77109.07,77109.07,77015.62,77033.64,151146.0
2026-07-09 10:15:00,77032.46,77055.32,76973.89,77007.44,163517.0
2026-07-09 10:20:00,77005.63,77074.45,76979.71,77074.45,397791.0
2026-07-09 10:25:00,77074.28,77076.43,77008.03,77028.49,163116.0
2026-07-09 10:30:00,77027.96,77046.99,76972.26,77009.49,469347.0
2026-07-09 10:35:00,77008.55,77044.04,76885.29,77026.27,246098.0
2026-07-09 10:40:00,77025.86,77326.65,77004.99,77144.47,270534.0
2026-07-09 10:45:00,77144.67,77182.61,76946.29,76958.56,664015.0
2026-07-09 10:50:00,76957.49,77007.89,76900.97,77007.89,107936.0
2026-07-09 10:55:00,77003.48,77017.07,76945.19,76970.86,112680.0
2026-07-09 11:00:00,76966.73,76978.63,76857.82,76966.03,140463.0
2026-07-09 11:05:00,76966.31,76982.14,76914.22,76940.57,131461.0
2026-07-09 11:10:00,76942.05,76991.35,76919.11,76979.1,98862.0
2026-07-09 11:15:00,76982.77,77012.06,76948.82,77012.06,64504.0
2026-07-09 11:20:00,77014.36,77040.84,76985.45,77022.87,407705.0
2026-07-09 11:25:00,77016.18,77198.64,77005.39,77174.51,126751.0
2026-07-09 11:30:00,77169.98,77169.98,77067.19,77077.48,143242.0
2026-07-09 11:35:00,77082.63,77113.88,77037.0,77078.41,599607.0
2026-07-09 11:40:00,77079.25,77125.6,77024.21,77074.36,91655.0
2026-07-09 11:45:00,77072.55,77107.5,77010.84,77020.9,141835.0
2026-07-09 11:50:00,77023.37,77064.05,77014.71,77027.56,549627.0
2026-07-09 11:55:00,77025.86,77069.84,77025.86,77045.49,89775.0
2026-07-09 12:00:00,77047.03,77114.42,77013.42,77111.08,92096.0
2026-07-09 12:05:00,77112.91,77129.82,77072.48,77088.21,135114.0
2026-07-09 12:10:00,77090.19,77116.86,77064.33,77076.85,69543.0
2026-07-09 12:15:00,77079.16,77096.28,77044.26,77060.12,77664.0
2026-07-09 12:20:00,77060.01,77091.42,77013.33,77072.08,191527.0
2026-07-09 12:25:00,77073.01,77099.41,77046.9,77064.28,114256.0
2026-07-09 12:30:00,77063.47,77075.33,77000.36,77000.36,78599.0
2026-07-09 12:35:00,76999.85,77003.24,76971.44,76977.57,107627.0
2026-07-09 12:40:00,76977.31,76982.41,76892.11,76904.33,77371.0
2026-07-09 12:45:00,76903.39,76959.22,76897.39,76948.23,96134.0
2026-07-09 12:50:00,76949.02,77045.92,76926.62,77037.13,131455.0
2026-07-09 12:55:00,77037.89,77040.96,76976.46,76981.94,132142.0
2026-07-09 13:00:00,76980.21,77023.2,76949.14,77000.64,149299.0
2026-07-09 13:05:00,77006.0,77027.26,76955.59,76998.34,79947.0
2026-07-09 13:10:00,77000.87,77049.54,76971.2,77010.95,126676.0
2026-07-09 13:15:00,77013.12,77057.62,77006.49,77015.46,146989.0
2026-07-09 13:20:00,77017.81,77049.61,76942.62,76958.92,171768.0
2026-07-09 13:25:00,76954.6,77018.87,76931.42,76960.86,275174.0
2026-07-09 13:30:00,76956.03,77074.36,76956.03,77067.6,1168023.0
2026-07-09 13:35:00,77069.29,77133.77,77026.9,77115.1,96216.0
2026-07-09 13:40:00,77115.92,77121.79,77039.5,77078.45,196146.0
2026-07-09 13:45:00,77081.85,77122.59,77048.34,77104.26,203189.0
2026-07-09 13:50:00,77099.29,77099.29,77020.34,77030.35,2214886.0
2026-07-09 13:55:00,77032.93,77072.67,77018.83,77027.21,74604.0
2026-07-09 14:00:00,77028.36,77071.77,77000.28,77030.16,272741.0
2026-07-09 14:05:00,77043.6,77047.1,76975.77,76975.77,82879.0
2026-07-09 14:10:00,76973.45,77079.77,76931.95,77023.31,422117.0
2026-07-09 14:15:00,77023.6,77107.34,76955.71,76990.26,1552024.0
2026-07-09 14:20:00,76992.09,77052.22,76949.93,77032.38,82799.0
2026-07-09 14:25:00,77030.62,77101.8,76972.47,77092.33,302539.0
2026-07-09 14:30:00,77099.76,77160.97,77040.41,77099.18,216501.0
2026-07-09 14:35:00,77099.98,77157.36,77016.03,77060.11,641801.0
2026-07-09 14:40:00,77063.68,77068.58,76877.01,76968.6,1804371.0
2026-07-09 14:45:00,76963.76,76993.46,76921.89,76946.22,169141.0
2026-07-09 14:50:00,76937.87,77032.59,76922.35,76972.82,402788.0
2026-07-09 14:55:00,76980.53,77041.84,76939.3,76999.27,690088.0
2026-07-09 15:00:00,76996.84,76998.74,76749.73,76784.66,189372.0
2026-07-09 15:05:00,76781.73,76816.38,76595.87,76699.86,2690827.0
2026-07-09 15:10:00,76692.52,76741.92,76635.71,76663.5,2533111.0
2026-07-09 15:15:00,76665.07,76742.16,76665.07,76740.48,193811.0
2026-07-09 15:20:00,76737.03,76810.25,76732.95,76764.43,2052961.0
2026-07-09 15:25:00,76760.25,76828.14,76759.77,76827.2,515526.0
2026-07-10 09:15:00,77395.63,77526.85,77320.56,77443.87,609777.0
2026-07-10 09:20:00,77449.78,77501.36,77412.1,77501.36,339851.0
2026-07-10 09:25:00,77500.02,77500.02,77394.16,77436.11,250146.0
2026-07-10 09:30:00,77437.11,77482.58,77417.81,77479.91,199344.0
2026-07-10 09:35:00,77481.27,77523.45,77453.98,77501.25,227190.0
2026-07-10 09:40:00,77499.11,77558.04,77496.09,77504.63,161944.0
2026-07-10 09:45:00,77507.06,77563.21,77503.88,77543.41,145844.0
2026-07-10 09:50:00,77546.62,77556.4,77507.35,77515.28,141057.0
2026-07-10 09:55:00,77514.67,77557.69,77510.4,77556.58,147048.0
2026-07-10 10:00:00,77556.9,77588.08,77531.39,77538.74,176211.0
2026-07-10 10:05:00,77538.75,77562.55,77514.15,77545.84,95055.0
2026-07-10 10:10:00,77545.73,77587.02,77532.43,77537.32,93355.0
2026-07-10 10:15:00,77537.32,77554.29,77529.8,77530.71,76267.0
2026-07-10 10:20:00,77530.71,77551.43,77511.68,77524.31,79767.0
2026-07-10 10:25:00,77520.29,77556.33,77520.29,77520.56,735186.0
2026-07-10 10:30:00,77519.85,77528.41,77467.4,77481.62,70798.0
2026-07-10 10:35:00,77481.27,77510.68,77473.57,77499.3,75278.0
2026-07-10 10:40:00,77498.1,77545.59,77490.89,77544.78,70148.0
2026-07-10 10:45:00,77545.79,77545.79,77524.3,77532.28,122711.0
2026-07-10 10:50:00,77531.85,77562.63,77526.87,77535.75,99414.0
2026-07-10 10:55:00,77536.58,77547.25,77497.91,77510.1,84925.0
2026-07-10 11:00:00,77516.84,77535.61,77505.94,77509.31,52292.0
2026-07-10 11:05:00,77508.66,77517.02,77457.67,77464.62,103725.0
2026-07-10 11:10:00,77464.62,77468.86,77427.76,77442.0,280916.0
2026-07-10 11:15:00,77444.6,77450.24,77404.6,77425.99,64376.0
2026-07-10 11:20:00,77425.14,77454.18,77410.61,77439.66,48742.0
2026-07-10 11:25:00,77439.66,77446.9,77397.23,77404.81,163211.0
2026-07-10 11:30:00,77399.28,77429.02,77396.77,77421.9,37940.0
2026-07-10 11:35:00,77422.33,77443.2,77387.93,77416.02,359374.0
2026-07-10 11:40:00,77415.73,77432.74,77392.9,77423.88,119672.0
2026-07-10 11:45:00,77424.06,77451.5,77416.76,77449.4,43893.0
2026-07-10 11:50:00,77449.79,77453.28,77376.5,77385.57,47393.0
2026-07-10 11:55:00,77385.57,77424.93,77375.66,77422.21,91329.0
2026-07-10 12:00:00,77422.09,77473.84,77422.09,77452.64,58104.0
2026-07-10 12:05:00,77453.97,77463.54,77433.18,77436.01,44864.0
2026-07-10 12:10:00,77437.52,77440.89,77381.35,77397.67,34700.0
2026-07-10 12:15:00,77396.85,77408.03,77381.06,77393.81,36679.0
2026-07-10 12:20:00,77395.38,77428.06,77392.49,77427.33,43714.0
2026-07-10 12:25:00,77427.61,77492.77,77421.74,77487.1,47462.0
2026-07-10 12:30:00,77483.72,77493.12,77446.89,77473.36,200837.0
2026-07-10 12:35:00,77474.17,77483.41,77460.82,77481.22,240773.0
2026-07-10 12:40:00,77480.09,77517.49,77465.54,77499.6,85231.0
2026-07-10 12:45:00,77500.51,77519.23,77498.37,77505.58,75868.0
2026-07-10 12:50:00,77504.91,77540.07,77494.29,77511.64,48741.0
2026-07-10 12:55:00,77511.16,77529.38,77485.75,77486.03,99228.0
2026-07-10 13:00:00,77485.15,77542.0,77478.66,77525.02,57394.0
2026-07-10 13:05:00,77529.05,77535.81,77485.91,77486.68,71891.0
2026-07-10 13:10:00,77484.0,77507.92,77468.55,77504.32,42696.0
2026-07-10 13:15:00,77503.73,77508.05,77462.39,77463.06,45381.0
2026-07-10 13:20:00,77464.2,77464.26,77420.38,77427.74,314658.0
2026-07-10 13:25:00,77427.74,77472.59,77427.07,77469.75,2763115.0
2026-07-10 13:30:00,77471.85,77495.67,77450.86,77494.28,161112.0
2026-07-10 13:35:00,77492.62,77537.66,77490.13,77536.53,149158.0
2026-07-10 13:40:00,77536.35,77560.07,77532.28,77532.28,122943.0
2026-07-10 13:45:00,77535.58,77566.21,77511.53,77513.52,76093.0
2026-07-10 13:50:00,77513.49,77537.21,77500.7,77522.18,75408.0
2026-07-10 13:55:00,77524.6,77541.69,77515.9,77517.13,30292.0
2026-07-10 14:00:00,77516.37,77534.96,77475.72,77501.33,43382.0
2026-07-10 14:05:00,77501.28,77503.72,77459.47,77459.47,40576.0
2026-07-10 14:10:00,77463.43,77498.23,77452.37,77492.31,41907.0
2026-07-10 14:15:00,77491.64,77502.0,77487.34,77498.55,50911.0
2026-07-10 14:20:00,77502.46,77559.82,77496.87,77540.05,100749.0
2026-07-10 14:25:00,77539.29,77594.43,77539.29,77579.53,61607.0
2026-07-10 14:30:00,77578.79,77597.97,77541.47,77571.46,133574.0
2026-07-10 14:35:00,77568.88,77592.1,77560.92,77589.33,70046.0
2026-07-10 14:40:00,77591.9,77604.15,77575.58,77575.58,86181.0
2026-07-10 14:45:00,77575.58,77642.23,77568.62,77620.33,73519.0
2026-07-10 14:50:00,77620.33,77621.83,77553.19,77555.6,80130.0
2026-07-10 14:55:00,77555.6,77581.37,77510.9,77539.26,74544.0
2026-07-10 15:00:00,77539.92,77602.36,77513.79,77541.38,127622.0
2026-07-10 15:05:00,77536.9,77587.48,77525.33,77586.48,75285.0
2026-07-10 15:10:00,77586.49,77601.0,77564.9,77569.61,144298.0
2026-07-10 15:15:00,77564.57,77571.25,77539.71,77560.41,175411.0
2026-07-10 15:20:00,77555.95,77601.67,77546.69,77569.4,251719.0
2026-07-10 15:25:00,77571.21,77617.66,77559.68,77593.11,186504.0
2026-07-13 09:15:00,76963.35,77002.04,76857.43,76945.06,771370.0
2026-07-13 09:20:00,76940.77,76975.12,76913.12,76931.73,506412.0
2026-07-13 09:25:00,76931.47,76966.43,76903.84,76959.37,353489.0
2026-07-13 09:30:00,76955.85,76992.24,76938.47,76972.69,242210.0
2026-07-13 09:35:00,76969.09,77096.79,76946.15,77095.4,302303.0
2026-07-13 09:40:00,77094.69,77170.78,77083.99,77134.97,172658.0
2026-07-13 09:45:00,77135.33,77239.74,77115.59,77238.44,195677.0
2026-07-13 09:50:00,77238.75,77288.84,77201.86,77276.87,124416.0
2026-07-13 09:55:00,77279.7,77289.79,77241.61,77282.66,106527.0
2026-07-13 10:00:00,77283.26,77301.56,77239.82,77247.06,1594730.0
2026-07-13 10:05:00,77247.5,77288.14,77206.6,77256.03,1011792.0
2026-07-13 10:10:00,77259.59,77288.02,77239.57,77272.81,128606.0
2026-07-13 10:15:00,77274.2,77288.82,77230.73,77267.17,167253.0
2026-07-13 10:20:00,77271.84,77313.06,77257.0,77300.63,583926.0
2026-07-13 10:25:00,77300.24,77428.26,77294.98,77404.12,121853.0
2026-07-13 10:30:00,77404.37,77421.02,77346.17,77418.68,124457.0
2026-07-13 10:35:00,77417.29,77424.31,77338.19,77338.88,102874.0
2026-07-13 10:40:00,77344.53,77396.59,77339.98,77374.74,152399.0
2026-07-13 10:45:00,77373.84,77404.71,77368.54,77383.11,155113.0
2026-07-13 10:50:00,77379.26,77400.88,77328.16,77345.67,293307.0
2026-07-13 10:55:00,77345.16,77394.26,77314.78,77363.06,120655.0
2026-07-13 11:00:00,77363.71,77391.03,77314.53,77391.03,134736.0
2026-07-13 11:05:00,77391.77,77408.04,77358.57,77387.67,319758.0
2026-07-13 11:10:00,77389.92,77437.89,77387.8,77402.55,142342.0
2026-07-13 11:15:00,77399.14,77408.31,77351.11,77356.88,150512.0
2026-07-13 11:20:00,77357.71,77431.74,77357.71,77386.54,108045.0
2026-07-13 11:25:00,77385.5,77404.09,77352.83,77352.87,142257.0
2026-07-13 11:30:00,77350.39,77403.37,77350.39,77402.56,98190.0
2026-07-13 11:35:00,77402.64,77411.56,77357.64,77360.84,280058.0
2026-07-13 11:40:00,77359.3,77377.81,77327.67,77335.16,119063.0
2026-07-13 11:45:00,77335.16,77406.01,77335.16,77378.45,79492.0
2026-07-13 11:50:00,77378.29,77427.49,77378.29,77396.24,252986.0
2026-07-13 11:55:00,77394.54,77403.24,77345.66,77375.97,227754.0
2026-07-13 12:00:00,77382.25,77431.22,77376.8,77415.94,348684.0
2026-07-13 12:05:00,77415.25,77446.39,77412.98,77442.46,196004.0
2026-07-13 12:10:00,77443.99,77558.26,77427.63,77541.38,153641.0
2026-07-13 12:15:00,77540.62,77589.39,77489.19,77572.17,122886.0
2026-07-13 12:20:00,77570.66,77573.02,77520.38,77533.56,120250.0
2026-07-13 12:25:00,77533.58,77542.24,77506.31,77518.41,297310.0
2026-07-13 12:30:00,77518.7,77601.08,77496.27,77591.54,146796.0
2026-07-13 12:35:00,77590.85,77621.55,77573.46,77618.97,130727.0
2026-07-13 12:40:00,77620.81,77647.52,77613.02,77641.87,154935.0
2026-07-13 12:45:00,77641.28,77659.99,77622.33,77654.96,84215.0
2026-07-13 12:50:00,77656.04,77789.29,77642.73,77729.21,1270326.0
2026-07-13 12:55:00,77725.37,77727.25,77663.01,77679.26,103180.0
2026-07-13 13:00:00,77679.64,77679.91,77622.52,77626.62,90613.0
2026-07-13 13:05:00,77629.97,77663.63,77625.65,77661.33,63334.0
2026-07-13 13:10:00,77660.68,77679.93,77637.97,77657.72,114139.0
2026-07-13 13:15:00,77656.8,77664.36,77625.22,77645.87,114686.0
2026-07-13 13:20:00,77641.54,77641.56,77583.41,77595.75,133565.0
2026-07-13 13:25:00,77595.13,77599.68,77474.23,77480.81,130382.0
2026-07-13 13:30:00,77480.16,77565.12,77480.16,77537.97,98479.0
2026-07-13 13:35:00,77537.87,77588.53,77535.61,77587.24,122476.0
2026-07-13 13:40:00,77587.01,77594.75,77543.02,77559.12,192825.0
2026-07-13 13:45:00,77560.4,77582.64,77557.06,77580.02,44073.0
2026-07-13 13:50:00,77581.73,77581.73,77541.07,77553.69,50964.0
2026-07-13 13:55:00,77555.76,77578.35,77540.45,77578.35,61884.0
2026-07-13 14:00:00,77575.35,77599.29,77551.92,77582.5,47744.0
2026-07-13 14:05:00,77583.31,77623.95,77580.78,77589.86,96621.0
2026-07-13 14:10:00,77592.11,77642.1,77586.45,77633.99,79716.0
2026-07-13 14:15:00,77633.53,77653.46,77621.16,77651.28,76739.0
2026-07-13 14:20:00,77651.28,77693.86,77649.44,77675.34,99435.0
2026-07-13 14:25:00,77674.47,77682.9,77649.02,77663.74,72937.0
2026-07-13 14:30:00,77661.68,77683.98,77651.21,77667.78,141124.0
2026-07-13 14:35:00,77668.18,77680.47,77620.63,77630.09,82188.0
2026-07-13 14:40:00,77629.85,77678.46,77629.11,77654.23,85621.0
2026-07-13 14:45:00,77654.23,77704.61,77652.1,77692.31,80720.0
2026-07-13 14:50:00,77696.81,77741.58,77693.45,77738.72,73633.0
2026-07-13 14:55:00,77738.42,77738.42,77668.75,77671.87,95974.0
2026-07-13 15:00:00,77660.03,77685.35,77632.55,77667.42,188253.0
2026-07-13 15:05:00,77665.39,77670.45,77612.1,77619.61,143583.0
2026-07-13 15:10:00,77622.72,77622.72,77571.95,77588.71,246073.0
2026-07-13 15:15:00,77585.77,77585.77,77539.73,77544.35,218092.0
2026-07-13 15:20:00,77545.48,77573.73,77537.73,77573.73,970920.0
2026-07-13 15:25:00,77573.13,77594.41,77551.91,77575.54,292322.0
2026-07-13 15:30:00,77575.96,77575.96,77575.96,77575.96,58039.0
2026-07-14 09:15:00,77272.34,77272.34,77063.41,77224.93,642114.0
2026-07-14 09:20:00,77218.26,77384.22,77206.34,77365.82,365078.0
2026-07-14 09:25:00,77359.88,77402.79,77343.28,77362.01,687780.0
2026-07-14 09:30:00,77359.2,77359.54,77261.79,77301.32,224232.0
2026-07-14 09:35:00,77301.82,77301.82,77183.3,77225.95,190083.0
2026-07-14 09:40:00,77216.16,77221.7,77117.36,77216.27,160745.0
2026-07-14 09:45:00,77215.39,77228.0,77110.33,77146.1,1400350.0
2026-07-14 09:50:00,77146.65,77162.08,77109.46,77111.06,116771.0
2026-07-14 09:55:00,77112.71,77158.97,77108.0,77151.44,126881.0
2026-07-14 10:00:00,77151.5,77192.6,77122.71,77175.12,107828.0
2026-07-14 10:05:00,77175.82,77201.81,77138.26,77198.28,104124.0
2026-07-14 10:10:00,77199.39,77209.37,77149.51,77153.22,1084333.0
2026-07-14 10:15:00,77155.95,77155.95,77001.58,77038.97,83941.0
2026-07-14 10:20:00,77040.27,77114.71,77037.28,77094.18,108352.0
2026-07-14 10:25:00,77091.38,77169.11,77083.49,77156.4,174231.0
2026-07-14 10:30:00,77156.25,77229.98,77156.25,77213.41,203769.0
2026-07-14 10:35:00,77214.7,77217.73,77151.5,77176.87,205885.0
2026-07-14 10:40:00,77177.56,77211.21,77129.55,77208.7,97341.0
2026-07-14 10:45:00,77206.83,77258.45,77180.18,77256.41,204087.0
2026-07-14 10:50:00,77256.41,77274.45,77229.31,77237.71,2095216.0
2026-07-14 10:55:00,77237.71,77310.12,77236.06,77289.16,99815.0
2026-07-14 11:00:00,77290.09,77323.29,77284.04,77288.27,83525.0
2026-07-14 11:05:00,77287.07,77319.58,77284.12,77318.23,74631.0
2026-07-14 11:10:00,77319.26,77365.76,77301.88,77352.45,124495.0
2026-07-14 11:15:00,77347.53,77355.67,77295.25,77323.96,128485.0
2026-07-14 11:20:00,77321.4,77338.56,77281.24,77335.18,89258.0
2026-07-14 11:25:00,77337.96,77355.26,77319.4,77340.57,353547.0
2026-07-14 11:30:00,77338.99,77341.29,77300.46,77303.99,92517.0
2026-07-14 11:35:00,77305.14,77321.34,77249.29,77259.69,401034.0
2026-07-14 11:40:00,77261.89,77279.29,77212.58,77218.62,110056.0
2026-07-14 11:45:00,77218.62,77252.43,77214.66,77234.65,80902.0
2026-07-14 11:50:00,77235.05,77291.87,77234.74,77246.14,64278.0
2026-07-14 11:55:00,77242.65,77243.21,77199.9,77232.98,77741.0
2026-07-14 12:00:00,77233.51,77264.02,77222.58,77242.36,110144.0
2026-07-14 12:05:00,77242.62,77243.43,77188.14,77209.87,208303.0
2026-07-14 12:10:00,77210.31,77223.04,77179.26,77205.79,156683.0
2026-07-14 12:15:00,77203.99,77204.42,77142.77,77183.07,113822.0
2026-07-14 12:20:00,77183.92,77186.36,77139.53,77169.53,119476.0
2026-07-14 12:25:00,77169.88,77174.18,77083.8,77095.19,59736.0
2026-07-14 12:30:00,77095.44,77130.54,77095.44,77125.53,139355.0
2026-07-14 12:35:00,77125.23,77145.73,77103.65,77121.06,46137.0
2026-07-14 12:40:00,77120.36,77161.15,77107.25,77139.18,51069.0
2026-07-14 12:45:00,77139.5,77176.73,77127.88,77164.62,48371.0
2026-07-14 12:50:00,77164.22,77189.7,77153.02,77184.19,91460.0
2026-07-14 12:55:00,77184.24,77215.6,77170.94,77171.02,40178.0
2026-07-14 13:00:00,77170.42,77188.82,77125.8,77186.29,88811.0
2026-07-14 13:05:00,77181.04,77195.48,77168.75,77189.79,52620.0
2026-07-14 13:10:00,77189.64,77197.18,77159.02,77171.26,66074.0
2026-07-14 13:15:00,77172.79,77186.19,77149.35,77185.29,54053.0
2026-07-14 13:20:00,77186.34,77216.83,77185.86,77193.55,145524.0
2026-07-14 13:25:00,77194.6,77200.15,77129.63,77199.92,68063.0
2026-07-14 13:30:00,77195.38,77209.0,77129.36,77143.89,59553.0
2026-07-14 13:35:00,77143.89,77147.65,77036.46,77052.23,116786.0
2026-07-14 13:40:00,77052.23,77082.81,77034.64,77070.32,93930.0
2026-07-14 13:45:00,77070.1,77132.01,77062.34,77128.1,85333.0
2026-07-14 13:50:00,77123.88,77127.1,77094.78,77104.67,106648.0
2026-07-14 13:55:00,77104.67,77147.53,77104.67,77114.87,308131.0
2026-07-14 14:00:00,77115.67,77138.73,77091.33,77113.17,270804.0
2026-07-14 14:05:00,77112.77,77125.54,77085.16,77089.25,54715.0
2026-07-14 14:10:00,77089.7,77139.5,77081.58,77129.93,393460.0
2026-07-14 14:15:00,77129.93,77131.93,77088.51,77104.73,80605.0
2026-07-14 14:20:00,77100.02,77118.62,77071.39,77091.55,115838.0
2026-07-14 14:25:00,77092.75,77106.16,77071.32,77081.83,111059.0
2026-07-14 14:30:00,77082.09,77100.87,77064.0,77097.9,93779.0
2026-07-14 14:35:00,77098.98,77129.21,77075.51,77100.62,116644.0
2026-07-14 14:40:00,77101.97,77112.26,77073.57,77088.87,45552.0
2026-07-14 14:45:00,77087.89,77087.89,77002.51,77018.0,95994.0
2026-07-14 14:50:00,77023.0,77044.95,77005.28,77024.67,68353.0
2026-07-14 14:55:00,77025.85,77088.04,77001.48,77045.98,92651.0
2026-07-14 15:00:00,77043.28,77118.63,77043.28,77105.66,127807.0
2026-07-14 15:05:00,77103.15,77144.49,77090.72,77128.62,480761.0
2026-07-14 15:10:00,77125.53,77150.78,77072.51,77084.36,155821.0
2026-07-14 15:15:00,77081.24,77102.43,77027.17,77049.63,274545.0
2026-07-14 15:20:00,77047.11,77076.46,77037.96,77069.74,227143.0
2026-07-14 15:25:00,77059.75,77065.27,77007.94,77037.99,186027.0
2026-07-15 09:15:00,77192.76,77390.65,77072.53,77381.4,479421.0
2026-07-15 09:20:00,77393.74,77552.99,77389.93,77549.18,325530.0
2026-07-15 09:25:00,77546.73,77640.69,77541.44,77580.16,325381.0
2026-07-15 09:30:00,77575.04,77641.86,77556.43,77572.09,245590.0
2026-07-15 09:35:00,77573.09,77622.53,77542.1,77548.14,536032.0
2026-07-15 09:40:00,77547.93,77567.65,77530.37,77547.87,283559.0
2026-07-15 09:45:00,77547.91,77576.17,77540.2,77551.46,165455.0
2026-07-15 09:50:00,77552.37,77583.56,77537.71,77555.37,124500.0
2026-07-15 09:55:00,77558.12,77575.89,77507.77,77514.7,135413.0
2026-07-15 10:00:00,77512.01,77545.75,77483.2,77526.98,92306.0
2026-07-15 10:05:00,77526.42,77577.0,77522.57,77564.15,135310.0
2026-07-15 10:10:00,77560.4,77592.9,77542.1,77592.57,85382.0
2026-07-15 10:15:00,77591.93,77638.52,77572.03,77619.41,106331.0
2026-07-15 10:20:00,77619.13,77639.53,77601.3,77618.11,79350.0
2026-07-15 10:25:00,77618.51,77633.38,77588.16,77589.56,113131.0
2026-07-15 10:30:00,77590.2,77598.82,77567.72,77576.87,109425.0
2026-07-15 10:35:00,77577.93,77582.95,77535.21,77562.03,72737.0
2026-07-15 10:40:00,77563.52,77619.21,77554.91,77608.51,74293.0
2026-07-15 10:45:00,77609.6,77620.14,77576.71,77601.94,117080.0
2026-07-15 10:50:00,77601.85,77609.6,77566.5,77573.02,146646.0
2026-07-15 10:55:00,77576.09,77583.33,77529.97,77531.14,73504.0
2026-07-15 11:00:00,77530.17,77577.08,77523.46,77571.49,85766.0
2026-07-15 11:05:00,77570.12,77578.89,77547.65,77573.05,70013.0
2026-07-15 11:10:00,77574.81,77588.35,77501.62,77506.09,54091.0
2026-07-15 11:15:00,77504.16,77564.08,77495.77,77552.97,83918.0
2026-07-15 11:20:00,77553.88,77555.73,77510.54,77540.56,305426.0
2026-07-15 11:25:00,77538.91,77616.73,77535.04,77616.68,122142.0
2026-07-15 11:30:00,77617.63,77646.27,77587.82,77636.74,144036.0
2026-07-15 11:35:00,77636.13,77642.81,77561.72,77562.34,67068.0
2026-07-15 11:40:00,77562.34,77571.89,77495.8,77501.79,191587.0
2026-07-15 11:45:00,77499.56,77531.75,77490.77,77494.81,74477.0
2026-07-15 11:50:00,77498.63,77530.45,77475.35,77513.41,350834.0
2026-07-15 11:55:00,77514.46,77552.28,77513.4,77528.53,57826.0
2026-07-15 12:00:00,77523.3,77558.05,77517.17,77543.29,96227.0
2026-07-15 12:05:00,77539.51,77560.22,77533.79,77545.6,56951.0
2026-07-15 12:10:00,77545.6,77571.25,77511.44,77569.87,75542.0
2026-07-15 12:15:00,77568.97,77576.68,77550.19,77575.5,160402.0
2026-07-15 12:20:00,77574.17,77576.48,77528.75,77541.16,57821.0
2026-07-15 12:25:00,77543.61,77564.79,77490.89,77493.18,71057.0
2026-07-15 12:30:00,77488.64,77502.13,77473.1,77502.13,139043.0
2026-07-15 12:35:00,77493.81,77495.97,77418.24,77423.69,119583.0
2026-07-15 12:40:00,77425.1,77467.22,77410.93,77460.36,85667.0
2026-07-15 12:45:00,77458.66,77470.56,77420.83,77426.44,62684.0
2026-07-15 12:50:00,77425.85,77440.18,77332.49,77333.6,180148.0
2026-07-15 12:55:00,77329.9,77345.91,76982.82,77105.3,1042855.0
2026-07-15 13:00:00,77105.73,77185.47,77072.28,77152.25,89154.0
2026-07-15 13:05:00,77151.95,77171.59,77089.87,77091.24,88406.0
2026-07-15 13:10:00,77086.05,77111.94,77075.24,77093.91,81450.0
2026-07-15 13:15:00,77097.41,77234.49,77096.88,77216.21,84584.0
2026-07-15 13:20:00,77215.7,77220.62,77163.83,77177.11,55691.0
2026-07-15 13:25:00,77177.16,77177.43,77149.3,77173.46,52154.0
2026-07-15 13:30:00,77173.31,77179.4,77129.74,77134.8,55355.0
2026-07-15 13:35:00,77134.84,77163.98,77124.78,77137.79,36640.0
2026-07-15 13:40:00,77136.16,77137.83,77094.87,77118.52,34810.0
2026-07-15 13:45:00,77118.56,77169.96,77107.15,77166.2,85822.0
2026-07-15 13:50:00,77166.2,77168.85,77075.02,77103.45,53086.0
2026-07-15 13:55:00,77103.89,77214.83,77082.6,77181.48,121871.0
2026-07-15 14:00:00,77181.26,77227.82,77166.13,77183.83,110649.0
2026-07-15 14:05:00,77183.12,77256.04,77172.31,77233.85,273947.0
2026-07-15 14:10:00,77233.03,77235.43,77207.73,77226.77,108681.0
2026-07-15 14:15:00,77227.36,77260.0,77180.48,77208.31,208674.0
2026-07-15 14:20:00,77208.5,77231.77,77160.75,77173.65,115353.0
2026-07-15 14:25:00,77173.72,77199.67,77151.73,77198.06,63572.0
2026-07-15 14:30:00,77198.77,77214.88,77155.57,77183.44,92076.0
2026-07-15 14:35:00,77183.48,77257.33,77177.66,77257.33,97910.0
2026-07-15 14:40:00,77254.86,77263.21,77227.83,77260.42,377613.0
2026-07-15 14:45:00,77257.26,77273.47,77178.29,77181.33,108375.0
2026-07-15 14:50:00,77183.44,77215.29,77178.68,77200.01,62007.0
2026-07-15 14:55:00,77201.86,77229.89,77138.92,77153.98,182410.0
2026-07-15 15:00:00,77156.3,77210.55,77137.93,77176.25,100318.0
2026-07-15 15:05:00,77174.16,77196.69,77155.05,77168.79,158449.0
2026-07-15 15:10:00,77169.0,77204.31,77147.8,77188.32,206377.0
2026-07-15 15:15:00,77187.59,77197.09,77161.01,77193.26,215720.0
2026-07-15 15:20:00,77193.26,77228.97,77178.77,77222.63,218598.0
2026-07-15 15:25:00,77220.92,77238.03,77166.73,77182.05,192006.0
2026-07-16 09:15:00,77388.42,77475.27,77276.52,77461.79,806638.0
2026-07-16 09:20:00,77470.43,77514.3,77357.88,77405.21,1350282.0
2026-07-16 09:25:00,77403.17,77433.96,77336.21,77398.31,479468.0
2026-07-16 09:30:00,77396.24,77446.47,77335.05,77335.46,443734.0
2026-07-16 09:35:00,77335.75,77384.51,77287.65,77318.29,3308008.0
2026-07-16 09:40:00,77317.64,77454.21,77309.92,77454.21,228764.0
2026-07-16 09:45:00,77453.85,77466.18,77348.49,77351.88,143903.0
2026-07-16 09:50:00,77350.89,77383.73,77334.1,77380.55,142851.0
2026-07-16 09:55:00,77378.62,77434.84,77378.62,77385.6,112902.0
2026-07-16 10:00:00,77390.44,77421.02,77353.94,77396.76,198827.0
2026-07-16 10:05:00,77396.47,77400.18,77339.57,77382.97,141673.0
2026-07-16 10:10:00,77380.08,77389.5,77322.23,77363.66,247405.0
2026-07-16 10:15:00,77363.84,77418.65,77349.91,77371.29,181005.0
2026-07-16 10:20:00,77367.85,77390.33,77343.45,77363.1,84568.0
2026-07-16 10:25:00,77359.95,77375.78,77312.53,77342.22,78406.0
2026-07-16 10:30:00,77342.22,77380.78,77321.33,77322.19,499010.0
2026-07-16 10:35:00,77321.82,77350.6,77313.16,77327.94,409484.0
2026-07-16 10:40:00,77331.15,77370.0,77326.02,77367.62,53527.0
2026-07-16 10:45:00,77365.99,77452.47,77365.86,77438.63,277418.0
2026-07-16 10:50:00,77438.81,77477.18,77438.81,77465.43,266247.0
2026-07-16 10:55:00,77467.74,77519.16,77462.7,77518.88,610112.0
2026-07-16 11:00:00,77517.65,77579.69,77517.65,77542.49,118119.0
2026-07-16 11:05:00,77542.93,77542.93,77477.03,77530.51,66161.0
2026-07-16 11:10:00,77534.19,77541.91,77483.13,77486.03,97278.0
2026-07-16 11:15:00,77485.86,77511.36,77438.58,77445.79,190978.0
2026-07-16 11:20:00,77448.93,77521.41,77448.15,77475.74,127223.0
2026-07-16 11:25:00,77475.04,77476.42,77411.82,77443.01,149620.0
2026-07-16 11:30:00,77431.71,77521.67,77421.26,77466.05,655645.0
2026-07-16 11:35:00,77464.67,77512.61,77443.17,77509.07,203492.0
2026-07-16 11:40:00,77506.7,77539.69,77436.93,77458.8,315409.0
2026-07-16 11:45:00,77478.69,77517.09,77440.11,77463.77,419043.0
2026-07-16 11:50:00,77463.38,77478.57,77430.71,77478.57,1737062.0
2026-07-16 11:55:00,77478.57,77484.23,77455.39,77478.88,93486.0
2026-07-16 12:00:00,77474.95,77480.93,77397.07,77413.06,134111.0
2026-07-16 12:05:00,77417.29,77462.9,77405.32,77429.02,371992.0
2026-07-16 12:10:00,77429.01,77444.8,77386.08,77396.52,108682.0
2026-07-16 12:15:00,77397.86,77442.63,77387.66,77442.59,636091.0
2026-07-16 12:20:00,77441.38,77441.38,77405.5,77427.71,180922.0
2026-07-16 12:25:00,77430.03,77512.68,77424.84,77510.16,138983.0
2026-07-16 12:30:00,77510.16,77510.55,77455.14,77463.99,49012.0
2026-07-16 12:35:00,77465.02,77475.04,77422.44,77441.64,95404.0
2026-07-16 12:40:00,77442.87,77465.88,77377.98,77397.07,155140.0
2026-07-16 12:45:00,77397.17,77442.62,77393.45,77425.84,147087.0
2026-07-16 12:50:00,77425.1,77435.63,77367.35,77412.41,207584.0
2026-07-16 12:55:00,77412.46,77414.47,77368.75,77395.59,72138.0
2026-07-16 13:00:00,77395.59,77413.48,77326.49,77413.48,119763.0
2026-07-16 13:05:00,77413.38,77414.98,77362.18,77401.35,100427.0
2026-07-16 13:10:00,77403.75,77414.27,77368.67,77387.44,75066.0
2026-07-16 13:15:00,77382.01,77393.68,77327.39,77378.49,206068.0
2026-07-16 13:20:00,77374.86,77393.57,77354.44,77371.33,86302.0
2026-07-16 13:25:00,77370.45,77371.17,77317.22,77354.08,102522.0
2026-07-16 13:30:00,77350.72,77356.08,77249.25,77279.88,628665.0
2026-07-16 13:35:00,77278.31,77287.98,77204.97,77210.67,71339.0
2026-07-16 13:40:00,77209.14,77212.02,77163.44,77185.97,135823.0
2026-07-16 13:45:00,77178.51,77216.22,77151.31,77184.81,168336.0
2026-07-16 13:50:00,77184.81,77250.32,77184.81,77214.39,97738.0
2026-07-16 13:55:00,77212.42,77310.65,77211.14,77300.4,267651.0
2026-07-16 14:00:00,77300.23,77312.56,77261.68,77268.0,66889.0
2026-07-16 14:05:00,77267.59,77330.18,77267.59,77302.54,105228.0
2026-07-16 14:10:00,77302.83,77333.51,77245.39,77315.81,87006.0
2026-07-16 14:15:00,77316.08,77361.17,77258.71,77342.12,221090.0
2026-07-16 14:20:00,77345.09,77351.82,77226.07,77297.07,1236877.0
2026-07-16 14:25:00,77294.51,77313.64,77242.02,77274.46,66991.0
2026-07-16 14:30:00,77276.54,77337.17,77261.41,77310.62,119440.0
2026-07-16 14:35:00,77307.36,77338.62,77247.67,77338.62,264908.0
2026-07-16 14:40:00,77340.24,77343.91,77254.98,77295.5,165007.0
2026-07-16 14:45:00,77295.63,77334.32,77278.28,77281.19,63577.0
2026-07-16 14:50:00,77301.47,77320.66,77281.18,77300.88,92079.0
2026-07-16 14:55:00,77300.88,77389.0,77292.54,77349.09,269946.0
2026-07-16 15:00:00,77353.37,77420.79,77179.94,77207.1,331893.0
2026-07-16 15:05:00,77210.59,77278.14,77181.51,77219.67,775267.0
2026-07-16 15:10:00,77225.69,77244.59,77186.14,77200.51,135803.0
2026-07-16 15:15:00,77200.64,77215.63,77168.69,77190.12,166018.0
2026-07-16 15:20:00,77189.17,77193.55,77141.49,77157.3,1013116.0
2026-07-16 15:25:00,77154.02,77325.74,77086.42,77258.32,1575792.0
2026-07-17 09:15:00,77370.77,77651.56,77308.0,77623.77,620937.0
2026-07-17 09:20:00,77617.8,77658.84,77604.81,77658.28,368956.0
2026-07-17 09:25:00,77658.12,77698.74,77639.5,77698.74,271345.0
2026-07-17 09:30:00,77705.4,77718.28,77640.71,77679.58,229830.0
2026-07-17 09:35:00,77683.19,77761.73,77677.43,77733.33,213948.0
2026-07-17 09:40:00,77733.19,77774.45,77723.26,77772.62,217525.0
2026-07-17 09:45:00,77770.99,77828.89,77765.0,77803.6,226379.0
2026-07-17 09:50:00,77798.02,77821.92,77772.6,77813.47,192280.0
2026-07-17 09:55:00,77814.35,77816.17,77740.31,77779.1,203281.0
2026-07-17 10:00:00,77779.29,77794.32,77719.11,77730.49,292166.0
2026-07-17 10:05:00,77728.44,77790.77,77718.63,77788.6,112245.0
2026-07-17 10:10:00,77787.6,77839.88,77773.96,77812.21,106450.0
2026-07-17 10:15:00,77815.23,77945.37,77804.44,77921.95,171341.0
2026-07-17 10:20:00,77922.54,77933.63,77855.02,77871.73,192194.0
2026-07-17 10:25:00,77872.08,77954.29,77861.46,77954.29,442079.0
2026-07-17 10:30:00,77954.29,77989.44,77938.65,77970.82,623042.0
2026-07-17 10:35:00,77964.49,77973.76,77904.04,77914.79,246811.0
2026-07-17 10:40:00,77914.75,77939.18,77873.09,77886.93,85218.0
2026-07-17 10:45:00,77888.89,77903.03,77863.48,77868.02,57411.0
2026-07-17 10:50:00,77870.29,77903.32,77861.63,77886.48,50123.0
2026-07-17 10:55:00,77886.64,77917.3,77880.84,77908.79,275145.0
2026-07-17 11:00:00,77908.75,77920.74,77874.31,77895.61,130958.0
2026-07-17 11:05:00,77896.15,77922.62,77828.42,77852.31,95750.0
2026-07-17 11:10:00,77851.86,77863.35,77835.32,77841.32,101865.0
2026-07-17 11:15:00,77841.19,77867.28,77821.81,77865.56,716225.0
2026-07-17 11:20:00,77863.89,77895.4,77843.52,77877.64,131536.0
2026-07-17 11:25:00,77875.22,77896.37,77852.01,77881.18,71621.0
2026-07-17 11:30:00,77882.35,77910.9,77869.52,77907.12,102352.0
2026-07-17 11:35:00,77906.85,77929.91,77881.21,77915.57,96179.0
2026-07-17 11:40:00,77916.05,77961.21,77911.08,77954.0,251479.0
2026-07-17 11:45:00,77954.23,77974.35,77946.36,77959.51,254396.0
2026-07-17 11:50:00,77962.86,78013.49,77955.77,78005.34,87984.0
2026-07-17 11:55:00,78005.75,78012.4,77975.39,77989.6,65805.0
2026-07-17 12:00:00,77989.61,78000.55,77956.52,77985.63,71886.0
2026-07-17 12:05:00,77979.96,77988.59,77942.11,77980.76,198824.0
2026-07-17 12:10:00,77979.48,77997.75,77967.26,77993.13,84634.0
2026-07-17 12:15:00,77993.13,78010.24,77960.6,77992.25,62696.0
2026-07-17 12:20:00,77988.09,78019.61,77966.47,78006.79,81039.0
2026-07-17 12:25:00,78005.39,78024.73,77989.19,77991.59,117845.0
2026-07-17 12:30:00,77991.72,78011.41,77971.73,78008.32,372719.0
2026-07-17 12:35:00,78010.44,78022.19,77971.51,77981.43,106583.0
2026-07-17 12:40:00,77979.51,77994.53,77944.61,77981.05,324157.0
2026-07-17 12:45:00,77984.21,78044.6,77981.83,78036.91,118919.0
2026-07-17 12:50:00,78032.42,78032.42,77955.27,77966.26,288792.0
2026-07-17 12:55:00,77967.92,78008.99,77950.96,78005.21,86643.0
2026-07-17 13:00:00,78004.53,78006.9,77977.93,77994.48,84137.0
2026-07-17 13:05:00,77992.79,78004.22,77972.72,77985.89,51950.0
2026-07-17 13:10:00,77985.52,78002.56,77976.86,78000.5,87503.0
2026-07-17 13:15:00,78000.9,78000.9,77961.13,77974.18,80147.0
2026-07-17 13:20:00,77975.72,78001.43,77953.56,77956.76,83795.0
2026-07-17 13:25:00,77958.24,77972.39,77921.52,77957.83,88845.0
2026-07-17 13:30:00,77959.54,77972.73,77935.08,77949.64,64187.0
2026-07-17 13:35:00,77950.77,77974.86,77945.01,77957.83,206586.0
2026-07-17 13:40:00,77957.05,77957.63,77878.87,77910.91,143404.0
2026-07-17 13:45:00,77912.08,77913.24,77856.03,77870.25,99283.0
2026-07-17 13:50:00,77871.13,77876.85,77783.58,77837.27,123214.0
2026-07-17 13:55:00,77836.72,77890.11,77827.43,77890.11,89831.0
2026-07-17 14:00:00,77887.96,77897.64,77864.06,77893.19,59622.0
2026-07-17 14:05:00,77888.95,77923.49,77886.91,77913.66,59242.0
2026-07-17 14:10:00,77913.44,78010.98,77910.53,78010.98,89624.0
2026-07-17 14:15:00,78010.84,78282.55,78010.84,78113.12,326643.0
2026-07-17 14:20:00,78110.55,78136.29,78040.25,78055.94,75059.0
2026-07-17 14:25:00,78058.86,78119.25,78018.99,78019.13,135847.0
2026-07-17 14:30:00,78016.82,78083.1,78016.82,78062.95,93636.0
2026-07-17 14:35:00,78052.79,78066.86,78031.09,78045.86,155570.0
2026-07-17 14:40:00,78049.29,78115.58,78047.24,78108.81,227251.0
2026-07-17 14:45:00,78114.03,78142.6,78108.61,78123.24,210574.0
2026-07-17 14:50:00,78123.81,78131.49,78102.34,78114.63,900019.0
2026-07-17 14:55:00,78114.68,78150.74,78077.05,78077.9,146922.0
2026-07-17 15:00:00,78082.54,78147.44,78078.23,78110.15,189087.0
2026-07-17 15:05:00,78108.8,78165.37,78108.8,78160.27,124480.0
2026-07-17 15:10:00,78158.92,78172.08,78138.94,78143.11,210865.0
2026-07-17 15:15:00,78140.41,78154.9,78107.47,78147.73,287062.0
2026-07-17 15:20:00,78155.07,78207.38,78141.45,78194.72,286698.0
2026-07-17 15:25:00,78194.35,78263.89,78187.51,78256.34,545275.0
2026-07-20 09:15:00,78151.45,78151.45,77591.93,77677.97,1074436.0
2026-07-20 09:20:00,77665.04,77673.35,77542.08,77667.63,634319.0
2026-07-20 09:25:00,77665.62,77674.63,77555.95,77586.95,724622.0
2026-07-20 09:30:00,77596.25,77599.14,77499.65,77546.69,275827.0
2026-07-20 09:35:00,77537.84,77583.0,77467.64,77473.27,270378.0
2026-07-20 09:40:00,77470.02,77534.94,77461.72,77515.22,215114.0
2026-07-20 09:45:00,77515.84,77523.87,77444.79,77462.45,245904.0
2026-07-20 09:50:00,77463.56,77534.4,77463.09,77531.98,232634.0
2026-07-20 09:55:00,77533.9,77604.17,77526.17,77567.77,214175.0
2026-07-20 10:00:00,77574.61,77617.51,77538.69,77579.61,208395.0
2026-07-20 10:05:00,77589.7,77647.6,77581.61,77604.8,180816.0
2026-07-20 10:10:00,77604.93,77673.67,77601.91,77628.76,241230.0
2026-07-20 10:15:00,77629.33,77711.71,77620.84,77699.22,209023.0
2026-07-20 10:20:00,77700.44,77700.44,77628.03,77645.86,185750.0
2026-07-20 10:25:00,77643.79,77715.35,77637.9,77710.18,156381.0
2026-07-20 10:30:00,77713.85,77750.2,77704.24,77712.87,255582.0
2026-07-20 10:35:00,77707.45,77709.12,77663.01,77700.42,308389.0
2026-07-20 10:40:00,77702.72,77712.96,77665.05,77680.68,171275.0
2026-07-20 10:45:00,77680.68,77701.84,77669.9,77698.72,110151.0
2026-07-20 10:50:00,77700.97,77718.03,77655.64,77673.3,170738.0
2026-07-20 10:55:00,77671.85,77704.49,77655.06,77693.52,185446.0
2026-07-20 11:00:00,77693.56,77705.6,77663.9,77672.74,150070.0
2026-07-20 11:05:00,77672.95,77721.65,77644.4,77709.58,605286.0
2026-07-20 11:10:00,77705.3,77716.74,77647.73,77651.42,318845.0
2026-07-20 11:15:00,77653.83,77667.01,77614.09,77654.15,93950.0
2026-07-20 11:20:00,77653.78,77684.21,77638.64,77642.37,112237.0
2026-07-20 11:25:00,77643.33,77672.7,77621.02,77626.23,59453.0
2026-07-20 11:30:00,77627.41,77644.9,77600.73,77626.32,72471.0
2026-07-20 11:35:00,77626.84,77648.53,77581.57,77628.83,72952.0
2026-07-20 11:40:00,77622.23,77631.37,77587.35,77588.95,221324.0
2026-07-20 11:45:00,77588.95,77590.6,77560.01,77573.93,88311.0
2026-07-20 11:50:00,77572.18,77577.08,77535.82,77541.54,505121.0
2026-07-20 11:55:00,77541.26,77585.63,77530.63,77578.96,74139.0
2026-07-20 12:00:00,77578.04,77593.12,77522.16,77530.2,63039.0
2026-07-20 12:05:00,77534.45,77560.22,77523.6,77540.97,69724.0
2026-07-20 12:10:00,77543.26,77580.74,77536.79,77553.3,106556.0
2026-07-20 12:15:00,77553.94,77588.36,77553.47,77582.57,66668.0
2026-07-20 12:20:00,77582.45,77597.74,77531.82,77537.46,73011.0
2026-07-20 12:25:00,77540.03,77557.44,77495.84,77505.31,68616.0
2026-07-20 12:30:00,77513.0,77535.5,77501.09,77512.69,67562.0
2026-07-20 12:35:00,77515.09,77524.07,77461.82,77473.4,108318.0
2026-07-20 12:40:00,77473.73,77493.78,77444.84,77444.84,77780.0
2026-07-20 12:45:00,77442.83,77455.43,77368.29,77388.12,134560.0
2026-07-20 12:50:00,77387.52,77478.06,77387.52,77478.06,116599.0
2026-07-20 12:55:00,77478.54,77556.83,77474.53,77551.7,91399.0
2026-07-20 13:00:00,77548.01,77559.36,77521.91,77542.61,62892.0
2026-07-20 13:05:00,77543.18,77546.01,77509.5,77530.49,91609.0
2026-07-20 13:10:00,77529.49,77651.8,77514.95,77651.8,99606.0
2026-07-20 13:15:00,77657.16,77685.72,77640.27,77668.59,278212.0
2026-07-20 13:20:00,77669.68,77721.04,77663.55,77717.2,173301.0
2026-07-20 13:25:00,77717.2,77754.41,77688.97,77743.57,89006.0
2026-07-20 13:30:00,77745.28,77755.26,77717.88,77729.32,92149.0
2026-07-20 13:35:00,77728.92,77759.91,77717.42,77722.97,100684.0
2026-07-20 13:40:00,77722.95,77730.97,77694.34,77706.01,69895.0
2026-07-20 13:45:00,77705.47,77785.47,77697.39,77767.57,584844.0
2026-07-20 13:50:00,77767.42,77773.91,77707.61,77726.6,183309.0
2026-07-20 13:55:00,77725.95,77792.27,77725.95,77788.86,235129.0
2026-07-20 14:00:00,77787.99,77803.1,77759.27,77798.07,106265.0
2026-07-20 14:05:00,77799.48,77816.57,77776.44,77776.44,84839.0
2026-07-20 14:10:00,77776.44,77805.67,77764.55,77775.62,124495.0
2026-07-20 14:15:00,77771.46,77789.35,77730.27,77784.21,115192.0
2026-07-20 14:20:00,77783.62,77789.24,77765.85,77780.33,80374.0
2026-07-20 14:25:00,77783.16,77800.31,77763.38,77782.2,73082.0
2026-07-20 14:30:00,77781.32,77784.14,77734.26,77747.07,339355.0
2026-07-20 14:35:00,77743.74,77747.26,77683.35,77702.78,90150.0
2026-07-20 14:40:00,77703.73,77736.72,77686.92,77724.12,124822.0
2026-07-20 14:45:00,77721.25,77733.34,77705.96,77720.15,90621.0
2026-07-20 14:50:00,77719.84,77755.12,77715.46,77737.2,89322.0
2026-07-20 14:55:00,77738.38,77748.35,77695.57,77700.64,228894.0
2026-07-20 15:00:00,77698.89,77733.74,77679.53,77704.19,200412.0
2026-07-20 15:05:00,77704.79,77722.06,77686.13,77703.99,131199.0
2026-07-20 15:10:00,77704.69,77733.66,77700.19,77711.44,171162.0
2026-07-20 15:15:00,77710.66,77736.47,77697.91,77722.66,773609.0
2026-07-20 15:20:00,77727.69,77741.27,77703.65,77739.1,209576.0
2026-07-20 15:25:00,77741.25,77746.93,77706.73,77717.31,200564.0
2026-07-21 09:15:00,77649.63,77753.18,77541.68,77722.59,699459.0
2026-07-21 09:20:00,77725.82,77740.69,77645.61,77671.18,339619.0
2026-07-21 09:25:00,77672.26,77736.39,77636.39,77713.76,175734.0
2026-07-21 09:30:00,77712.83,77727.22,77615.3,77630.58,178920.0
2026-07-21 09:35:00,77636.46,77664.95,77597.02,77626.1,169708.0
2026-07-21 09:40:00,77630.11,77658.6,77619.12,77656.89,165311.0
2026-07-21 09:45:00,77657.18,77657.18,77587.05,77601.74,191639.0
2026-07-21 09:50:00,77601.74,77663.65,77596.79,77631.23,106241.0
2026-07-21 09:55:00,77632.63,77645.83,77612.45,77636.54,85131.0
2026-07-21 10:00:00,77634.44,77640.01,77589.62,77593.22,69454.0
2026-07-21 10:05:00,77591.21,77635.55,77589.14,77621.87,668633.0
2026-07-21 10:10:00,77616.49,77629.88,77565.22,77572.21,129136.0
2026-07-21 10:15:00,77571.11,77575.49,77537.96,77555.02,817402.0
2026-07-21 10:20:00,77553.72,77562.7,77488.19,77497.86,108609.0
2026-07-21 10:25:00,77495.08,77539.43,77484.32,77534.27,108977.0
2026-07-21 10:30:00,77528.48,77546.06,77498.57,77506.47,67517.0
2026-07-21 10:35:00,77506.51,77521.64,77451.81,77457.88,76834.0
2026-07-21 10:40:00,77459.02,77508.44,77456.51,77504.46,102654.0
2026-07-21 10:45:00,77502.48,77502.48,77455.47,77462.97,66283.0
2026-07-21 10:50:00,77464.09,77466.91,77413.4,77436.63,90672.0
2026-07-21 10:55:00,77432.03,77494.26,77429.37,77486.51,190350.0
2026-07-21 11:00:00,77486.51,77521.92,77478.43,77507.53,107709.0
2026-07-21 11:05:00,77507.13,77535.69,77485.97,77486.57,69954.0
2026-07-21 11:10:00,77482.57,77523.61,77480.57,77497.44,592451.0
2026-07-21 11:15:00,77499.93,77517.18,77473.38,77489.09,86857.0
2026-07-21 11:20:00,77487.49,77500.55,77445.65,77461.15,106318.0
2026-07-21 11:25:00,77466.76,77486.27,77448.22,77459.41,75415.0
2026-07-21 11:30:00,77456.32,77504.21,77445.99,77493.38,222593.0
2026-07-21 11:35:00,77491.71,77505.62,77440.15,77449.87,372410.0
2026-07-21 11:40:00,77446.62,77457.69,77410.23,77418.91,44827.0
2026-07-21 11:45:00,77418.91,77447.06,77409.23,77426.82,37868.0
2026-07-21 11:50:00,77425.77,77449.47,77424.01,77434.86,43255.0
2026-07-21 11:55:00,77433.44,77466.37,77433.44,77454.37,49241.0
2026-07-21 12:00:00,77454.37,77482.28,77445.17,77477.32,75720.0
2026-07-21 12:05:00,77477.06,77491.72,77456.51,77463.01,58963.0
2026-07-21 12:10:00,77459.09,77476.08,77443.01,77450.14,50471.0
2026-07-21 12:15:00,77453.38,77458.51,77434.6,77439.94,1563587.0
2026-07-21 12:20:00,77439.99,77479.92,77434.43,77452.09,81501.0
2026-07-21 12:25:00,77452.09,77469.03,77435.76,77438.72,1458685.0
2026-07-21 12:30:00,77438.07,77489.57,77429.49,77472.16,62051.0
2026-07-21 12:35:00,77474.13,77505.14,77466.61,77467.44,755971.0
2026-07-21 12:40:00,77465.31,77469.75,77431.47,77444.99,97868.0
2026-07-21 12:45:00,77442.11,77456.42,77429.25,77440.98,353544.0
2026-07-21 12:50:00,77440.26,77453.01,77414.78,77433.22,62498.0
2026-07-21 12:55:00,77430.57,77449.46,77379.42,77387.59,56791.0
2026-07-21 13:00:00,77387.77,77396.17,77337.33,77344.32,67848.0
2026-07-21 13:05:00,77346.2,77380.45,77341.72,77370.72,45716.0
2026-07-21 13:10:00,77369.98,77393.4,77363.29,77364.2,61889.0
2026-07-21 13:15:00,77365.32,77386.49,77354.43,77380.55,61886.0
2026-07-21 13:20:00,77380.25,77420.09,77373.56,77416.47,136326.0
2026-07-21 13:25:00,77416.59,77443.11,77411.08,77431.0,269935.0
2026-07-21 13:30:00,77432.05,77454.51,77424.86,77454.51,87318.0
2026-07-21 13:35:00,77453.63,77494.63,77453.02,77491.84,66439.0
2026-07-21 13:40:00,77491.56,77497.07,77449.22,77486.19,189355.0
2026-07-21 13:45:00,77486.72,77486.72,77449.75,77468.7,77606.0
2026-07-21 13:50:00,77469.26,77483.48,77441.29,77453.19,660032.0
2026-07-21 13:55:00,77451.48,77451.48,77384.9,77390.67,104997.0
2026-07-21 14:00:00,77390.67,77445.94,77388.14,77438.08,56041.0
2026-07-21 14:05:00,77438.08,77451.04,77391.32,77398.17,79090.0
2026-07-21 14:10:00,77395.89,77405.98,77382.69,77396.82,64952.0
2026-07-21 14:15:00,77396.16,77441.7,77355.44,77441.7,139766.0
2026-07-21 14:20:00,77439.94,77441.52,77404.42,77432.74,62261.0
2026-07-21 14:25:00,77431.61,77443.66,77411.17,77422.43,53611.0
2026-07-21 14:30:00,77420.1,77430.89,77384.85,77408.39,135044.0
2026-07-21 14:35:00,77405.49,77428.71,77366.31,77375.04,378588.0
2026-07-21 14:40:00,77374.12,77414.97,77369.72,77413.96,107518.0
2026-07-21 14:45:00,77414.61,77455.99,77396.75,77455.7,498012.0
2026-07-21 14:50:00,77463.14,77463.14,77402.96,77444.75,169504.0
2026-07-21 14:55:00,77443.51,77498.23,77433.1,77474.35,123972.0
2026-07-21 15:00:00,77476.96,77508.88,77453.64,77453.64,112689.0
2026-07-21 15:05:00,77457.2,77493.26,77456.16,77462.64,134496.0
2026-07-21 15:10:00,77464.04,77473.54,77451.89,77466.24,782275.0
2026-07-21 15:15:00,77468.77,77495.42,77451.81,77466.95,166689.0
2026-07-21 15:20:00,77468.65,77482.07,77450.82,77466.25,263288.0
2026-07-21 15:25:00,77466.34,77493.22,77447.83,77471.04,189709.0
2026-07-22 09:15:00,77384.95,77384.95,77057.88,77129.71,598729.0
2026-07-22 09:20:00,77126.3,77176.04,77063.6,77119.61,261980.0
2026-07-22 09:25:00,77118.03,77120.4,76960.68,76979.69,1730013.0
2026-07-22 09:30:00,76974.19,77004.01,76888.5,76896.5,210460.0
2026-07-22 09:35:00,76891.04,76914.53,76861.55,76895.47,249230.0
2026-07-22 09:40:00,76894.67,76921.95,76881.26,76900.08,178777.0
2026-07-22 09:45:00,76900.27,76919.42,76854.55,76866.04,124672.0
2026-07-22 09:50:00,76864.7,76919.37,76851.19,76897.73,156996.0
2026-07-22 09:55:00,76896.43,76905.06,76868.25,76897.47,107491.0
2026-07-22 10:00:00,76894.96,76937.83,76864.9,76912.7,88030.0
2026-07-22 10:05:00,76912.51,76999.16,76901.3,76996.81,124132.0
2026-07-22 10:10:00,76996.12,76996.12,76933.12,76933.6,81990.0
2026-07-22 10:15:00,76932.93,76932.93,76884.81,76894.74,108598.0
2026-07-22 10:20:00,76898.54,76901.74,76818.08,76819.38,116332.0
2026-07-22 10:25:00,76818.77,76836.43,76722.21,76836.43,144602.0
2026-07-22 10:30:00,76833.83,76847.24,76794.47,76813.54,273158.0
2026-07-22 10:35:00,76813.25,76825.49,76784.86,76791.61,114854.0
2026-07-22 10:40:00,76792.54,76798.27,76760.09,76760.52,60820.0
2026-07-22 10:45:00,76757.95,76843.98,76754.57,76834.97,78722.0
2026-07-22 10:50:00,76832.9,76858.54,76818.77,76850.86,306794.0
2026-07-22 10:55:00,76850.2,76896.39,76846.18,76888.04,151468.0
2026-07-22 11:00:00,76888.01,76891.34,76837.79,76857.9,60429.0
2026-07-22 11:05:00,76858.38,76870.03,76830.85,76866.46,92181.0
2026-07-22 11:10:00,76873.91,76875.32,76824.01,76826.5,66779.0
2026-07-22 11:15:00,76827.01,76873.54,76819.97,76868.51,49010.0
2026-07-22 11:20:00,76868.23,76911.2,76854.32,76907.65,74749.0
2026-07-22 11:25:00,76908.08,76921.39,76897.62,76914.64,77710.0
2026-07-22 11:30:00,76921.01,76935.94,76912.65,76933.81,77006.0
2026-07-22 11:35:00,76935.35,76941.8,76902.81,76919.1,305240.0
2026-07-22 11:40:00,76918.59,76930.41,76907.24,76922.8,51056.0
2026-07-22 11:45:00,76923.1,76932.27,76902.25,76902.25,34507.0
2026-07-22 11:50:00,76901.65,76919.0,76883.19,76883.69,196079.0
2026-07-22 11:55:00,76881.81,76885.47,76852.6,76860.25,365327.0
2026-07-22 12:00:00,76859.15,76859.15,76776.49,76807.3,337218.0
2026-07-22 12:05:00,76806.08,76838.47,76791.36,76791.36,89655.0
2026-07-22 12:10:00,76790.22,76806.6,76777.29,76777.47,70687.0
2026-07-22 12:15:00,76776.57,76789.2,76721.48,76727.07,44908.0
2026-07-22 12:20:00,76722.1,76747.52,76668.76,76743.02,81850.0
2026-07-22 12:25:00,76743.32,76764.89,76713.78,76719.66,60686.0
2026-07-22 12:30:00,76717.71,76717.71,76660.47,76699.85,171082.0
2026-07-22 12:35:00,76703.06,76704.4,76647.11,76666.37,79046.0
2026-07-22 12:40:00,76665.25,76726.75,76641.19,76723.12,100179.0
2026-07-22 12:45:00,76724.33,76793.49,76709.13,76788.98,53649.0
2026-07-22 12:50:00,76788.09,76821.4,76786.45,76794.88,39951.0
2026-07-22 12:55:00,76793.26,76818.12,76787.7,76789.17,41520.0
2026-07-22 13:00:00,76784.98,76788.61,76719.33,76719.33,70660.0
2026-07-22 13:05:00,76717.84,76751.29,76715.59,76733.33,60215.0
2026-07-22 13:10:00,76734.52,76764.71,76666.67,76696.18,88323.0
2026-07-22 13:15:00,76696.18,76724.32,76695.73,76713.53,44306.0
2026-07-22 13:20:00,76714.45,76725.93,76691.88,76706.68,73328.0
2026-07-22 13:25:00,76708.97,76722.68,76682.76,76709.78,43890.0
2026-07-22 13:30:00,76713.45,76751.03,76706.98,76751.03,70913.0
2026-07-22 13:35:00,76751.03,76802.0,76746.37,76766.54,69710.0
2026-07-22 13:40:00,76766.82,76786.41,76686.6,76750.99,119621.0
2026-07-22 13:45:00,76749.07,76749.07,76695.95,76700.58,57303.0
2026-07-22 13:50:00,76705.53,76711.31,76687.34,76692.89,110030.0
2026-07-22 13:55:00,76690.97,76703.47,76683.79,76697.48,127318.0
2026-07-22 14:00:00,76693.34,76714.77,76682.12,76696.09,64627.0
2026-07-22 14:05:00,76697.71,76708.32,76687.49,76696.06,66082.0
2026-07-22 14:10:00,76697.75,76709.38,76660.41,76683.99,98420.0
2026-07-22 14:15:00,76683.72,76739.61,76682.83,76724.87,48628.0
2026-07-22 14:20:00,76724.77,76734.3,76691.77,76712.18,45350.0
2026-07-22 14:25:00,76711.0,76723.51,76685.82,76693.05,41615.0
2026-07-22 14:30:00,76693.7,76709.88,76669.54,76704.45,40107.0
2026-07-22 14:35:00,76706.87,76763.28,76706.87,76727.25,97854.0
2026-07-22 14:40:00,76726.47,76732.12,76677.78,76694.34,105697.0
2026-07-22 14:45:00,76689.84,76716.32,76689.84,76710.03,64027.0
2026-07-22 14:50:00,76711.06,76763.91,76707.69,76750.43,65651.0
2026-07-22 14:55:00,76750.57,76753.4,76686.52,76701.33,115598.0
2026-07-22 15:00:00,76698.25,76744.77,76675.88,76689.69,586628.0
2026-07-22 15:05:00,76699.97,76783.86,76686.19,76759.0,980496.0
2026-07-22 15:10:00,76757.52,76846.95,76742.15,76837.34,617491.0
2026-07-22 15:15:00,76840.34,76858.79,76795.63,76824.92,468042.0
2026-07-22 15:20:00,76823.78,76840.11,76732.52,76755.41,418176.0
2026-07-22 15:25:00,76755.59,76768.66,76729.04,76744.86,375704.0
2026-07-23 09:15:00,76515.1,76545.82,76344.67,76447.52,759782.0
2026-07-23 09:20:00,76438.51,76566.93,76438.51,76560.31,427128.0
2026-07-23 09:25:00,76559.83,76559.83,76450.68,76461.99,277526.0
2026-07-23 09:30:00,76465.72,76480.83,76402.66,76447.55,239938.0
2026-07-23 09:35:00,76446.0,76475.64,76372.97,76475.47,250029.0
2026-07-23 09:40:00,76470.43,76470.43,76429.42,76450.67,155171.0
2026-07-23 09:45:00,76445.44,76497.71,76438.04,76486.45,200472.0
2026-07-23 09:50:00,76486.07,76523.96,76468.98,76502.49,109677.0
2026-07-23 09:55:00,76500.7,76566.1,76497.93,76560.45,133459.0
2026-07-23 10:00:00,76558.59,76627.71,76550.87,76614.07,296870.0
2026-07-23 10:05:00,76616.08,76662.31,76557.95,76625.39,279224.0
2026-07-23 10:10:00,76636.34,76652.22,76594.01,76622.08,263126.0
2026-07-23 10:15:00,76620.99,76664.57,76584.24,76600.39,1662105.0
2026-07-23 10:20:00,76598.94,76625.94,76562.49,76614.64,138417.0
2026-07-23 10:25:00,76615.44,76666.78,76581.21,76651.01,150801.0
2026-07-23 10:30:00,76650.68,76659.51,76626.61,76639.51,268665.0
2026-07-23 10:35:00,76637.69,76680.07,76637.69,76667.79,131581.0
2026-07-23 10:40:00,76667.09,76678.8,76654.84,76654.84,1603998.0
2026-07-23 10:45:00,76649.73,76701.03,76638.19,76671.64,79366.0
2026-07-23 10:50:00,76668.66,76706.24,76634.76,76650.79,232021.0
2026-07-23 10:55:00,76647.38,76686.48,76637.96,76680.39,95369.0
2026-07-23 11:00:00,76680.19,76720.58,76664.54,76689.44,144285.0
2026-07-23 11:05:00,76689.46,76724.51,76663.17,76698.36,199219.0
2026-07-23 11:10:00,76698.76,76726.66,76650.9,76678.1,252713.0
2026-07-23 11:15:00,76674.53,76680.77,76612.69,76636.76,113317.0
2026-07-23 11:20:00,76638.44,76653.56,76586.05,76608.62,319058.0
2026-07-23 11:25:00,76609.64,76613.54,76561.78,76561.78,241228.0
2026-07-23 11:30:00,76564.42,76609.85,76554.75,76581.07,261143.0
2026-07-23 11:35:00,76590.51,76615.08,76555.19,76580.13,236858.0
2026-07-23 11:40:00,76579.21,76597.27,76563.79,76586.03,89976.0
2026-07-23 11:45:00,76584.95,76602.78,76560.08,76591.97,126720.0
2026-07-23 11:50:00,76586.36,76595.24,76530.46,76563.99,197370.0
2026-07-23 11:55:00,76565.14,76600.1,76535.81,76594.94,122903.0
2026-07-23 12:00:00,76594.3,76636.94,76575.08,76578.25,146798.0
2026-07-23 12:05:00,76580.05,76642.62,76560.61,76641.65,84988.0
2026-07-23 12:10:00,76640.02,76649.02,76539.5,76549.01,285156.0
2026-07-23 12:15:00,76544.09,76585.94,76539.99,76578.98,328464.0
2026-07-23 12:20:00,76578.1,76584.36,76520.55,76550.34,128205.0
2026-07-23 12:25:00,76527.74,76552.17,76497.52,76498.87,183934.0
2026-07-23 12:30:00,76501.57,76501.69,76412.24,76455.15,442206.0
2026-07-23 12:35:00,76454.76,76481.31,76386.75,76386.75,465926.0
2026-07-23 12:40:00,76388.96,76408.3,76315.82,76322.18,174693.0
2026-07-23 12:45:00,76322.2,76343.37,76277.85,76283.84,298620.0
2026-07-23 12:50:00,76296.52,76314.9,76261.07,76311.57,382548.0
2026-07-23 12:55:00,76311.52,76332.25,76279.62,76301.88,192350.0
2026-07-23 13:00:00,76305.27,76311.96,76266.08,76266.08,116166.0
2026-07-23 13:05:00,76269.67,76279.33,76241.8,76245.69,224580.0
2026-07-23 13:10:00,76248.85,76257.93,76213.38,76239.87,187757.0
2026-07-23 13:15:00,76245.32,76270.44,76190.27,76230.5,108051.0
2026-07-23 13:20:00,76229.39,76284.09,76220.6,76284.09,363330.0
2026-07-23 13:25:00,76289.47,76316.86,76241.37,76258.19,1033528.0
2026-07-23 13:30:00,76259.35,76276.05,76205.93,76240.68,429008.0
2026-07-23 13:35:00,76239.49,76329.91,76216.15,76311.69,165668.0
2026-07-23 13:40:00,76310.42,76354.44,76245.54,76308.44,756709.0
2026-07-23 13:45:00,76309.92,76370.82,76306.84,76341.57,163703.0
2026-07-23 13:50:00,76341.5,76379.11,76324.66,76333.45,93226.0
2026-07-23 13:55:00,76332.59,76361.37,76303.61,76339.95,113362.0
2026-07-23 14:00:00,76342.96,76365.49,76312.57,76349.39,104045.0
2026-07-23 14:05:00,76349.39,76370.15,76293.58,76297.22,117691.0
2026-07-23 14:10:00,76301.88,76335.4,76289.09,76291.76,106244.0
2026-07-23 14:15:00,76292.28,76348.08,76278.76,76322.92,85194.0
2026-07-23 14:20:00,76323.37,76371.75,76304.33,76355.09,123733.0
2026-07-23 14:25:00,76334.49,76361.98,76315.97,76335.85,181400.0
2026-07-23 14:30:00,76336.4,76430.66,76291.72,76424.96,279850.0
2026-07-23 14:35:00,76421.75,76433.49,76311.79,76313.97,219291.0
2026-07-23 14:40:00,76313.68,76313.68,76242.72,76272.96,215695.0
2026-07-23 14:45:00,76272.77,76275.66,76187.36,76208.81,219735.0
2026-07-23 14:50:00,76211.14,76228.11,76151.98,76224.57,342134.0
2026-07-23 14:55:00,76228.84,76283.89,76202.7,76259.72,236225.0
2026-07-23 15:00:00,76263.55,76368.97,76239.05,76275.82,428735.0
2026-07-23 15:05:00,76283.55,76404.52,76272.26,76371.7,413202.0
2026-07-23 15:10:00,76370.84,76384.34,76327.08,76354.63,178102.0
2026-07-23 15:15:00,76352.88,76390.99,76319.87,76352.4,217381.0
2026-07-23 15:20:00,76352.44,76413.38,76323.48,76411.33,397328.0
2026-07-23 15:25:00,76414.62,76428.71,76347.12,76377.94,634573.0
2026-07-24 09:15:00,75708.19,75977.32,75613.43,75974.51,3534021.0
2026-07-24 09:20:00,75972.85,75995.73,75897.27,75897.27,402931.0
2026-07-24 09:25:00,75895.33,75899.55,75775.38,75809.52,297841.0
2026-07-24 09:30:00,75809.29,75845.92,75745.96,75745.96,189461.0
2026-07-24 09:35:00,75749.81,75770.94,75675.67,75681.83,510025.0
2026-07-24 09:40:00,75679.48,75701.53,75624.29,75642.14,234104.0
2026-07-24 09:45:00,75641.8,75665.06,75601.74,75630.12,153394.0
2026-07-24 09:50:00,75626.57,75657.1,75569.5,75648.71,916133.0
2026-07-24 09:55:00,75653.69,75685.82,75623.89,75627.24,141989.0
2026-07-24 10:00:00,75623.29,75623.29,75535.39,75556.22,137268.0
2026-07-24 10:05:00,75554.74,75565.51,75513.82,75538.39,331114.0
2026-07-24 10:10:00,75536.54,75549.48,75491.76,75504.42,996699.0
2026-07-24 10:15:00,75500.6,75550.68,75488.91,75503.0,169643.0
2026-07-24 10:20:00,75505.09,75532.09,75474.43,75524.46,169286.0
2026-07-24 10:25:00,75523.45,75538.51,75495.45,75531.06,149098.0
2026-07-24 10:30:00,75533.43,75538.66,75490.8,75507.7,141120.0
2026-07-24 10:35:00,75506.72,75582.63,75498.12,75578.39,77656.0
2026-07-24 10:40:00,75576.08,75612.39,75554.66,75585.81,98015.0
2026-07-24 10:45:00,75588.45,75625.25,75584.84,75617.55,63114.0
2026-07-24 10:50:00,75617.6,75631.53,75570.73,75572.81,211037.0
2026-07-24 10:55:00,75574.76,75578.37,75539.64,75547.51,146836.0
2026-07-24 11:00:00,75552.27,75564.5,75540.43,75564.5,140596.0
2026-07-24 11:05:00,75564.5,75581.14,75540.53,75554.67,258780.0
2026-07-24 11:10:00,75553.68,75562.88,75512.42,75530.67,838084.0
2026-07-24 11:15:00,75529.77,75632.37,75525.85,75621.22,98961.0
2026-07-24 11:20:00,75625.85,75713.94,75624.69,75690.0,143076.0
2026-07-24 11:25:00,75689.94,75707.22,75640.31,75640.31,167352.0
2026-07-24 11:30:00,75643.05,75654.9,75619.72,75637.49,245294.0
2026-07-24 11:35:00,75641.77,75666.84,75629.05,75660.55,150837.0
2026-07-24 11:40:00,75657.95,75746.17,75657.95,75739.81,199605.0
2026-07-24 11:45:00,75739.29,75788.06,75726.91,75775.52,118947.0
2026-07-24 11:50:00,75777.56,75827.47,75777.56,75813.49,1523443.0
2026-07-24 11:55:00,75813.52,75813.52,75775.02,75786.85,125970.0
2026-07-24 12:00:00,75782.72,75831.64,75757.36,75831.64,703999.0
2026-07-24 12:05:00,75835.03,75849.57,75824.22,75846.29,220597.0
2026-07-24 12:10:00,75847.92,75855.27,75800.85,75812.27,199172.0
2026-07-24 12:15:00,75810.95,75863.38,75800.59,75853.49,90756.0
2026-07-24 12:20:00,75855.77,75923.49,75845.92,75917.5,208760.0
2026-07-24 12:25:00,75924.24,76109.75,75916.91,76089.92,298479.0
2026-07-24 12:30:00,76085.53,76124.38,76019.79,76027.25,177201.0
2026-07-24 12:35:00,76028.19,76059.14,75998.41,76036.14,178219.0
2026-07-24 12:40:00,76034.47,76124.93,76026.31,76122.67,159285.0
2026-07-24 12:45:00,76124.21,76149.84,76096.01,76134.95,458220.0
2026-07-24 12:50:00,76141.95,76156.26,76119.38,76133.41,266520.0
2026-07-24 12:55:00,76133.2,76163.83,76108.72,76142.48,191245.0
2026-07-24 13:00:00,76139.47,76145.28,76052.33,76063.67,150018.0
2026-07-24 13:05:00,76061.64,76061.64,76032.11,76037.43,76154.0
2026-07-24 13:10:00,76040.3,76092.73,76039.21,76090.45,56048.0
2026-07-24 13:15:00,76092.09,76127.37,76070.7,76121.7,65788.0
2026-07-24 13:20:00,76125.56,76140.6,76103.51,76129.61,85518.0
2026-07-24 13:25:00,76120.88,76155.87,76113.32,76129.05,83098.0
2026-07-24 13:30:00,76129.05,76129.05,76043.63,76045.09,699664.0
2026-07-24 13:35:00,76045.09,76046.54,76005.2,76036.39,67145.0
2026-07-24 13:40:00,76036.39,76044.99,75940.18,75974.61,135870.0
2026-07-24 13:45:00,75974.61,76006.36,75958.96,76004.88,93071.0
2026-07-24 13:50:00,76008.73,76064.5,75999.0,76055.35,93383.0
2026-07-24 13:55:00,76056.74,76142.94,76054.95,76142.94,177903.0
2026-07-24 14:00:00,76142.52,76210.95,76099.38,76196.19,704966.0
2026-07-24 14:05:00,76188.79,76192.51,76135.11,76139.87,69418.0
2026-07-24 14:10:00,76138.82,76147.45,76116.64,76142.1,103812.0
2026-07-24 14:15:00,76142.1,76159.85,76110.81,76117.73,154510.0
2026-07-24 14:20:00,76118.7,76120.17,76062.72,76080.03,103684.0
2026-07-24 14:25:00,76075.91,76120.45,76061.74,76095.57,66988.0
2026-07-24 14:30:00,76095.57,76112.9,76066.26,76071.69,74158.0
2026-07-24 14:35:00,76071.69,76090.86,76042.07,76087.4,118626.0
2026-07-24 14:40:00,76080.74,76098.14,76036.49,76061.12,123617.0
2026-07-24 14:45:00,76062.39,76087.67,76051.28,76069.06,98642.0
2026-07-24 14:50:00,76072.29,76127.16,76066.72,76121.17,121563.0
2026-07-24 14:55:00,76119.5,76130.03,76075.88,76092.47,127357.0
2026-07-24 15:00:00,76092.71,76098.38,75991.2,76020.07,159482.0
2026-07-24 15:05:00,76018.64,76040.2,76002.12,76031.38,297124.0
2026-07-24 15:10:00,76025.85,76067.75,76004.96,76067.75,129505.0
2026-07-24 15:15:00,76066.11,76129.02,76059.12,76075.64,240544.0
2026-07-24 15:20:00,76076.82,76106.84,76074.0,76093.55,232735.0
2026-07-24 15:25:00,76098.0,76144.07,76081.95,76141.27,205931.0
2026-07-27 09:15:00,76608.98,76696.38,76530.24,76555.23,719356.0
2026-07-27 09:20:00,76554.37,76650.97,76554.37,76631.57,354224.0
2026-07-27 09:25:00,76633.06,76658.17,76567.63,76658.17,288929.0
2026-07-27 09:30:00,76656.63,76686.36,76616.51,76640.83,267843.0
2026-07-27 09:35:00,76644.63,76692.79,76637.58,76665.79,193787.0
2026-07-27 09:40:00,76669.27,76698.07,76655.62,76691.12,252957.0
2026-07-27 09:45:00,76692.4,76715.64,76671.64,76699.8,189958.0
2026-07-27 09:50:00,76701.62,76705.34,76630.6,76641.36,267961.0
2026-07-27 09:55:00,76642.48,76655.11,76597.05,76650.09,134454.0
2026-07-27 10:00:00,76650.09,76655.55,76591.35,76597.85,169502.0
2026-07-27 10:05:00,76599.85,76620.15,76565.93,76571.4,126173.0
2026-07-27 10:10:00,76570.59,76651.18,76568.36,76651.18,475231.0
2026-07-27 10:15:00,76653.04,76661.58,76607.18,76617.33,144328.0
2026-07-27 10:20:00,76618.68,76624.44,76575.68,76583.06,122128.0
2026-07-27 10:25:00,76579.3,76602.89,76570.6,76593.52,150803.0
2026-07-27 10:30:00,76592.53,76619.32,76564.54,76591.81,113330.0
2026-07-27 10:35:00,76591.8,76597.94,76517.85,76528.22,107010.0
2026-07-27 10:40:00,76527.46,76635.45,76523.88,76629.97,129788.0
2026-07-27 10:45:00,76629.63,76631.29,76587.97,76597.64,75542.0
2026-07-27 10:50:00,76597.4,76623.68,76565.37,76603.12,100828.0
2026-07-27 10:55:00,76603.5,76674.31,76576.4,76670.84,117297.0
2026-07-27 11:00:00,76669.86,76685.16,76650.62,76660.14,103226.0
2026-07-27 11:05:00,76657.67,76671.11,76626.28,76670.66,155688.0
2026-07-27 11:10:00,76671.67,76678.22,76631.84,76635.1,74216.0
2026-07-27 11:15:00,76641.15,76690.57,76631.44,76688.75,83934.0
2026-07-27 11:20:00,76688.01,76709.22,76677.1,76707.23,105336.0
2026-07-27 11:25:00,76703.45,76763.99,76702.67,76748.04,125326.0
2026-07-27 11:30:00,76743.57,76765.74,76731.49,76738.26,407303.0
2026-07-27 11:35:00,76738.45,76743.86,76712.29,76722.19,133515.0
2026-07-27 11:40:00,76722.56,76755.36,76716.2,76750.11,281814.0
2026-07-27 11:45:00,76751.02,76763.08,76707.56,76719.14,132141.0
2026-07-27 11:50:00,76718.13,76729.02,76700.33,76726.57,850452.0
2026-07-27 11:55:00,76727.36,76768.13,76726.6,76741.95,152773.0
2026-07-27 12:00:00,76740.87,76745.53,76711.35,76714.56,246050.0
2026-07-27 12:05:00,76714.25,76728.99,76695.73,76705.06,109557.0
2026-07-27 12:10:00,76705.91,76737.62,76692.02,76727.64,1192534.0
2026-07-27 12:15:00,76727.61,76747.63,76716.93,76726.32,76291.0
2026-07-27 12:20:00,76727.03,76737.65,76708.18,76714.13,126923.0
2026-07-27 12:25:00,76715.97,76742.6,76709.2,76715.11,63451.0
2026-07-27 12:30:00,76713.03,76752.78,76697.65,76715.97,491322.0
2026-07-27 12:35:00,76719.12,76723.24,76686.3,76702.27,84915.0
2026-07-27 12:40:00,76703.87,76703.87,76673.01,76696.48,126815.0
2026-07-27 12:45:00,76696.99,76719.58,76690.64,76703.35,63082.0
2026-07-27 12:50:00,76704.34,76722.76,76683.6,76690.36,64843.0
2026-07-27 12:55:00,76690.51,76719.48,76677.81,76708.1,59996.0
2026-07-27 13:00:00,76706.05,76747.05,76686.97,76740.67,147967.0
2026-07-27 13:05:00,76744.55,76762.92,76721.45,76728.37,93321.0
2026-07-27 13:10:00,76730.08,76761.29,76720.82,76759.43,109209.0
2026-07-27 13:15:00,76758.54,76791.99,76748.59,76764.29,98780.0
2026-07-27 13:20:00,76771.36,76778.57,76748.54,76778.57,121353.0
2026-07-27 13:25:00,76778.48,76779.54,76712.56,76712.56,91293.0
2026-07-27 13:30:00,76712.71,76726.53,76663.95,76663.95,337789.0
2026-07-27 13:35:00,76663.39,76727.2,76652.01,76724.63,122733.0
2026-07-27 13:40:00,76721.06,76731.75,76683.62,76712.18,388631.0
2026-07-27 13:45:00,76709.76,76740.14,76705.5,76715.61,83540.0
2026-07-27 13:50:00,76716.83,76748.21,76713.74,76743.71,251267.0
2026-07-27 13:55:00,76739.79,76771.0,76738.02,76768.1,52497.0
2026-07-27 14:00:00,76769.01,76828.42,76768.2,76820.1,70628.0
2026-07-27 14:05:00,76821.34,76847.36,76807.3,76839.89,57143.0
2026-07-27 14:10:00,76839.89,76862.33,76826.09,76850.88,92363.0
2026-07-27 14:15:00,76849.49,76867.89,76816.25,76841.57,86192.0
2026-07-27 14:20:00,76841.57,76857.63,76823.9,76857.63,267444.0
2026-07-27 14:25:00,76857.63,76898.57,76853.87,76887.36,84091.0
2026-07-27 14:30:00,76886.16,76901.51,76856.4,76867.73,123981.0
2026-07-27 14:35:00,76868.45,76877.65,76831.18,76856.1,119904.0
2026-07-27 14:40:00,76857.68,76867.5,76836.21,76843.26,78291.0
2026-07-27 14:45:00,76842.99,76870.18,76822.42,76847.18,121460.0
2026-07-27 14:50:00,76843.81,76864.76,76815.65,76825.7,241795.0
2026-07-27 14:55:00,76825.13,76852.19,76810.35,76823.86,68934.0
2026-07-27 15:00:00,76823.86,76858.75,76809.09,76809.09,201717.0
2026-07-27 15:05:00,76808.59,76842.02,76808.48,76838.35,205220.0
2026-07-27 15:10:00,76836.67,76860.08,76805.89,76822.38,147805.0
2026-07-27 15:15:00,76817.19,76840.43,76805.85,76834.78,228601.0
2026-07-27 15:20:00,76831.9,76869.87,76825.49,76848.75,256421.0
2026-07-27 15:25:00,76851.71,76884.17,76838.94,76847.79,191052.0
2026-07-28 09:15:00,76831.75,76976.58,76738.49,76941.87,959921.0
2026-07-28 09:20:00,76946.63,76988.48,76898.07,76913.44,414468.0
2026-07-28 09:25:00,76915.06,76915.06,76850.44,76888.0,346457.0
2026-07-28 09:30:00,76882.93,76908.39,76809.11,76839.17,284232.0
2026-07-28 09:35:00,76838.68,76921.52,76836.57,76920.09,244816.0
2026-07-28 09:40:00,76921.05,76936.5,76906.57,76910.64,278475.0
2026-07-28 09:45:00,76911.94,76912.82,76856.84,76880.0,322512.0
2026-07-28 09:50:00,76882.05,76894.79,76826.21,76891.88,249636.0
2026-07-28 09:55:00,76892.74,76898.65,76875.07,76891.54,252254.0
2026-07-28 10:00:00,76892.5,76895.14,76737.33,76759.97,249728.0
2026-07-28 10:05:00,76761.49,76766.22,76705.22,76741.38,352376.0
2026-07-28 10:10:00,76737.86,76802.55,76713.73,76797.44,188398.0
2026-07-28 10:15:00,76798.74,76856.65,76797.77,76840.76,224488.0
2026-07-28 10:20:00,76843.04,76843.24,76794.21,76819.95,214247.0
2026-07-28 10:25:00,76820.55,76836.98,76777.28,76782.45,154311.0
2026-07-28 10:30:00,76782.98,76844.93,76779.51,76822.75,224968.0
2026-07-28 10:35:00,76821.76,76866.65,76805.58,76845.7,232391.0
2026-07-28 10:40:00,76848.27,76899.33,76836.92,76886.64,168110.0
2026-07-28 10:45:00,76891.97,76930.11,76886.21,76930.11,206903.0
2026-07-28 10:50:00,76930.05,76943.97,76904.58,76941.61,283257.0
2026-07-28 10:55:00,76944.82,76963.52,76934.91,76957.91,138653.0
2026-07-28 11:00:00,76959.88,76964.6,76894.63,76912.74,146961.0
2026-07-28 11:05:00,76912.57,76924.49,76895.33,76912.54,172354.0
2026-07-28 11:10:00,76911.82,76914.01,76871.27,76883.66,229680.0
2026-07-28 11:15:00,76884.55,76936.76,76884.55,76928.28,284841.0
2026-07-28 11:20:00,76930.94,76930.94,76884.94,76894.71,564832.0
2026-07-28 11:25:00,76890.25,76907.52,76866.63,76891.81,107008.0
2026-07-28 11:30:00,76893.44,76893.44,76841.53,76842.69,161488.0
2026-07-28 11:35:00,76842.4,76875.91,76836.15,76872.17,150644.0
2026-07-28 11:40:00,76876.52,76919.86,76866.62,76909.81,111694.0
2026-07-28 11:45:00,76909.3,76965.62,76898.92,76956.37,125750.0
2026-07-28 11:50:00,76951.87,76954.61,76893.28,76901.85,172219.0
2026-07-28 11:55:00,76901.85,76912.35,76876.38,76907.32,238269.0
2026-07-28 12:00:00,76908.2,76913.1,76878.43,76889.71,1038352.0
2026-07-28 12:05:00,76891.55,76941.75,76889.18,76932.31,98333.0
2026-07-28 12:10:00,76934.59,76966.35,76926.02,76965.23,215971.0
2026-07-28 12:15:00,76966.73,76971.8,76925.18,76936.05,112308.0
2026-07-28 12:20:00,76935.92,76936.41,76901.93,76928.86,89063.0
2026-07-28 12:25:00,76931.25,76966.93,76915.88,76955.2,93910.0
2026-07-28 12:30:00,76954.34,76959.47,76928.29,76929.18,84191.0
2026-07-28 12:35:00,76929.43,76931.75,76894.7,76923.21,63645.0
2026-07-28 12:40:00,76924.28,76942.09,76904.91,76906.47,81630.0
2026-07-28 12:45:00,76906.01,76930.12,76898.86,76912.14,68888.0
2026-07-28 12:50:00,76912.35,76915.31,76883.79,76905.26,585518.0
2026-07-28 12:55:00,76901.95,76920.59,76867.77,76873.04,416367.0
2026-07-28 13:00:00,76873.42,76879.79,76851.86,76861.21,1157718.0
2026-07-28 13:05:00,76865.67,76877.46,76852.72,76867.95,60416.0
2026-07-28 13:10:00,76866.94,76874.05,76800.74,76801.7,336586.0
2026-07-28 13:15:00,76801.51,76803.86,76748.93,76767.62,117770.0
2026-07-28 13:20:00,76769.13,76817.35,76762.83,76807.97,89213.0
2026-07-28 13:25:00,76804.53,76808.89,76784.24,76801.06,293479.0
2026-07-28 13:30:00,76802.8,76806.47,76779.99,76801.44,349862.0
2026-07-28 13:35:00,76801.91,76808.92,76781.66,76789.69,158693.0
2026-07-28 13:40:00,76791.18,76795.42,76767.41,76784.26,112995.0
2026-07-28 13:45:00,76779.55,76788.85,76749.1,76768.13,66538.0
2026-07-28 13:50:00,76768.58,76848.43,76765.76,76838.09,103158.0
2026-07-28 13:55:00,76839.04,76850.59,76808.58,76825.0,71862.0
2026-07-28 14:00:00,76825.49,76834.35,76812.28,76830.77,57442.0
2026-07-28 14:05:00,76831.66,76839.1,76809.25,76822.82,95942.0
2026-07-28 14:10:00,76820.7,76830.58,76777.11,76800.74,53474.0
2026-07-28 14:15:00,76800.74,76822.9,76781.22,76790.55,73411.0
2026-07-28 14:20:00,76791.14,76810.78,76776.55,76777.67,447748.0
2026-07-28 14:25:00,76779.61,76810.71,76779.26,76781.27,81595.0
2026-07-28 14:30:00,76779.6,76780.54,76721.17,76725.72,99046.0
2026-07-28 14:35:00,76726.05,76797.76,76725.05,76797.76,138308.0
2026-07-28 14:40:00,76797.7,76810.92,76763.39,76794.97,98717.0
2026-07-28 14:45:00,76794.88,76801.95,76739.16,76750.08,130164.0
2026-07-28 14:50:00,76750.32,76780.2,76729.68,76776.82,101395.0
2026-07-28 14:55:00,76772.21,76779.91,76745.88,76755.41,103146.0
2026-07-28 15:00:00,76756.09,76760.7,76672.77,76691.93,243423.0
2026-07-28 15:05:00,76693.22,76728.58,76691.49,76707.83,924004.0
2026-07-28 15:10:00,76708.28,76733.95,76692.87,76727.57,189774.0
2026-07-28 15:15:00,76728.01,76857.88,76726.77,76857.88,285578.0
2026-07-28 15:20:00,76864.92,76887.03,76779.82,76787.61,225536.0
2026-07-28 15:25:00,76796.2,76807.9,76737.4,76737.4,314724.0
2026-07-29 09:15:00,77423.77,77559.48,77333.24,77476.69,1209123.0
2026-07-29 09:20:00,77476.51,77491.29,77376.78,77433.97,711185.0
2026-07-29 09:25:00,77431.52,77506.31,77415.56,77423.71,507465.0
2026-07-29 09:30:00,77425.81,77505.59,77425.81,77469.7,683701.0
2026-07-29 09:35:00,77476.16,77564.8,77473.9,77562.31,329348.0
2026-07-29 09:40:00,77559.87,77593.59,77521.88,77567.77,429349.0
2026-07-29 09:45:00,77564.88,77576.98,77527.83,77567.23,413212.0
2026-07-29 09:50:00,77574.7,77589.64,77504.47,77526.07,355592.0
2026-07-29 09:55:00,77521.64,77533.48,77462.09,77465.43,291179.0
2026-07-29 10:00:00,77462.47,77536.75,77462.47,77524.42,1397227.0
2026-07-29 10:05:00,77523.26,77591.41,77516.96,77588.78,237287.0
2026-07-29 10:10:00,77587.79,77600.82,77570.5,77596.62,254564.0
2026-07-29 10:15:00,77593.15,77617.05,77567.22,77590.01,208191.0
2026-07-29 10:20:00,77588.59,77629.21,77588.59,77626.27,449994.0
2026-07-29 10:25:00,77624.17,77641.66,77604.02,77606.85,222946.0
2026-07-29 10:30:00,77606.57,77635.03,77595.82,77630.99,1354445.0
2026-07-29 10:35:00,77628.93,77641.27,77606.69,77613.63,406615.0
2026-07-29 10:40:00,77610.46,77631.75,77595.45,77612.29,1059082.0
2026-07-29 10:45:00,77611.64,77614.28,77546.14,77567.4,336558.0
2026-07-29 10:50:00,77567.77,77579.33,77540.91,77558.29,138686.0
2026-07-29 10:55:00,77557.43,77581.13,77548.66,77573.79,196975.0
2026-07-29 11:00:00,77572.9,77616.76,77555.91,77615.96,200957.0
2026-07-29 11:05:00,77616.59,77645.69,77606.1,77636.91,143431.0
2026-07-29 11:10:00,77637.15,77639.38,77594.82,77613.23,148337.0
2026-07-29 11:15:00,77614.28,77621.01,77585.72,77616.39,1149122.0
2026-07-29 11:20:00,77618.71,77646.09,77603.68,77628.99,244793.0
2026-07-29 11:25:00,77628.51,77639.09,77608.93,77616.43,198119.0
2026-07-29 11:30:00,77616.0,77631.4,77603.04,77607.13,235776.0
2026-07-29 11:35:00,77607.9,77610.94,77579.02,77582.77,251363.0
2026-07-29 11:40:00,77580.84,77619.74,77571.87,77611.92,944101.0
2026-07-29 11:45:00,77613.69,77624.76,77589.36,77610.31,252760.0
2026-07-29 11:50:00,77609.37,77609.37,77573.01,77595.48,180530.0
2026-07-29 11:55:00,77595.12,77596.24,77559.31,77580.24,196749.0
2026-07-29 12:00:00,77579.66,77609.9,77577.0,77589.62,76390.0
2026-07-29 12:05:00,77594.92,77653.01,77594.92,77648.36,156969.0
2026-07-29 12:10:00,77646.29,77653.67,77621.01,77639.92,164221.0
2026-07-29 12:15:00,77637.96,77640.28,77586.68,77594.15,191804.0
2026-07-29 12:20:00,77599.64,77614.66,77589.96,77600.49,386114.0
2026-07-29 12:25:00,77601.62,77602.93,77569.26,77580.44,93780.0
2026-07-29 12:30:00,77582.55,77614.14,77573.12,77604.11,157537.0
2026-07-29 12:35:00,77604.02,77613.38,77582.78,77591.51,133261.0
2026-07-29 12:40:00,77590.72,77598.52,77552.5,77561.88,113137.0
2026-07-29 12:45:00,77561.59,77575.27,77530.66,77531.63,114927.0
2026-07-29 12:50:00,77527.41,77576.74,77520.02,77569.81,116307.0
2026-07-29 12:55:00,77568.54,77592.63,77556.94,77592.63,76222.0
2026-07-29 13:00:00,77592.77,77620.62,77587.54,77616.48,89293.0
2026-07-29 13:05:00,77616.48,77667.25,77609.47,77659.39,116591.0
2026-07-29 13:10:00,77659.39,77675.71,77650.66,77664.44,111336.0
2026-07-29 13:15:00,77659.26,77665.65,77635.2,77659.28,85310.0
2026-07-29 13:20:00,77660.56,77666.4,77627.51,77638.69,87944.0
2026-07-29 13:25:00,77637.74,77658.25,77625.05,77628.6,285875.0
2026-07-29 13:30:00,77624.66,77674.32,77624.66,77666.66,168715.0
2026-07-29 13:35:00,77666.51,77667.68,77626.28,77637.55,108288.0
2026-07-29 13:40:00,77634.63,77661.99,77608.79,77616.94,171601.0
2026-07-29 13:45:00,77613.74,77676.65,77605.52,77646.44,177722.0
2026-07-29 13:50:00,77646.44,77678.82,77628.32,77674.59,107234.0
2026-07-29 13:55:00,77679.33,77684.66,77660.71,77660.71,100409.0
2026-07-29 14:00:00,77660.72,77742.28,77660.72,77728.4,148795.0
2026-07-29 14:05:00,77727.71,77740.23,77695.41,77715.65,111082.0
2026-07-29 14:10:00,77716.51,77733.68,77709.14,77719.31,105631.0
2026-07-29 14:15:00,77719.93,77753.71,77712.05,77744.94,108303.0
2026-07-29 14:20:00,77745.5,77755.64,77723.99,77727.51,144736.0
2026-07-29 14:25:00,77728.51,77759.01,77706.22,77751.67,187594.0
2026-07-29 14:30:00,77746.52,77765.32,77710.13,77720.48,260843.0
2026-07-29 14:35:00,77714.88,77733.67,77699.26,77716.5,159705.0
2026-07-29 14:40:00,77715.0,77731.18,77667.6,77700.62,170938.0
2026-07-29 14:45:00,77705.06,77757.78,77694.38,77717.81,150165.0
2026-07-29 14:50:00,77721.6,77743.74,77713.29,77737.86,122435.0
2026-07-29 14:55:00,77736.72,77765.49,77729.46,77736.15,121275.0
2026-07-29 15:00:00,77733.64,77743.93,77689.81,77691.18,258520.0
2026-07-29 15:05:00,77691.67,77699.44,77654.8,77679.5,209038.0
2026-07-29 15:10:00,77679.45,77698.24,77649.78,77664.11,146747.0
2026-07-29 15:15:00,77668.71,77668.71,77617.05,77631.46,248402.0
2026-07-29 15:20:00,77632.4,77654.45,77605.55,77608.38,189858.0
2026-07-29 15:25:00,77609.15,77652.66,77604.95,77632.89,317097.0
2026-07-30 09:15:00,77638.86,77702.21,77440.91,77668.46,898041.0
2026-07-30 09:20:00,77665.2,77717.9,77639.79,77703.93,382446.0
2026-07-30 09:25:00,77706.08,77735.72,77684.61,77713.3,231044.0
2026-07-30 09:30:00,77694.63,77737.22,77675.8,77690.54,793276.0
2026-07-30 09:35:00,77687.28,77712.39,77622.5,77641.74,234968.0
2026-07-30 09:40:00,77639.71,77656.72,77597.95,77639.41,161312.0
2026-07-30 09:45:00,77636.38,77719.56,77602.77,77672.03,198894.0
2026-07-30 09:50:00,77674.73,77721.67,77629.73,77647.86,312622.0
2026-07-30 09:55:00,77647.7,77715.1,77626.09,77683.47,197096.0
2026-07-30 10:00:00,77682.96,77735.37,77679.74,77721.71,142859.0
2026-07-30 10:05:00,77727.53,77731.96,77645.24,77645.24,162844.0
2026-07-30 10:10:00,77647.3,77678.86,77592.26,77611.44,214773.0
2026-07-30 10:15:00,77613.18,77667.04,77596.78,77616.5,167842.0
2026-07-30 10:20:00,77615.74,77627.99,77568.31,77618.62,171404.0
2026-07-30 10:25:00,77618.61,77633.48,77555.2,77556.79,111993.0
2026-07-30 10:30:00,77559.12,77570.02,77527.64,77570.02,233720.0
2026-07-30 10:35:00,77569.43,77618.62,77555.48,77602.79,98526.0
2026-07-30 10:40:00,77597.41,77659.45,77584.08,77654.04,146176.0
2026-07-30 10:45:00,77654.22,77669.3,77619.69,77645.67,70965.0
2026-07-30 10:50:00,77644.04,77697.33,77639.51,77641.25,179713.0
2026-07-30 10:55:00,77640.61,77675.31,77623.23,77646.1,144279.0
2026-07-30 11:00:00,77641.63,77672.61,77611.27,77672.61,108537.0
2026-07-30 11:05:00,77669.6,77676.5,77615.81,77643.39,71487.0
2026-07-30 11:10:00,77645.53,77702.91,77644.08,77690.04,279134.0
2026-07-30 11:15:00,77689.81,77750.14,77670.11,77696.51,254314.0
2026-07-30 11:20:00,77694.61,77724.25,77655.62,77669.29,506314.0
2026-07-30 11:25:00,77669.11,77732.44,77665.33,77708.33,115601.0
2026-07-30 11:30:00,77709.56,77736.59,77674.45,77718.78,118124.0
2026-07-30 11:35:00,77722.98,77731.52,77692.1,77711.59,149221.0
2026-07-30 11:40:00,77695.09,77720.55,77680.92,77695.93,116654.0
2026-07-30 11:45:00,77695.93,77695.93,77634.81,77657.42,196395.0
2026-07-30 11:50:00,77657.48,77679.72,77632.12,77656.71,153574.0
2026-07-30 11:55:00,77656.71,77695.06,77651.65,77682.39,89754.0
2026-07-30 12:00:00,77682.32,77682.36,77644.5,77674.09,212583.0
2026-07-30 12:05:00,77673.75,77698.16,77650.01,77659.53,155565.0
2026-07-30 12:10:00,77657.62,77675.32,77637.66,77663.14,120110.0
2026-07-30 12:15:00,77664.0,77698.37,77627.0,77679.03,184553.0
2026-07-30 12:20:00,77679.03,77705.96,77659.86,77663.88,159068.0
2026-07-30 12:25:00,77663.88,77704.2,77652.36,77699.64,321534.0
2026-07-30 12:30:00,77698.47,77900.73,77686.09,77847.69,333461.0
2026-07-30 12:35:00,77846.44,77882.65,77784.34,77815.11,199867.0
2026-07-30 12:40:00,77815.46,77872.13,77795.63,77865.82,222185.0
2026-07-30 12:45:00,77865.82,77865.82,77790.07,77811.11,206185.0
2026-07-30 12:50:00,77838.05,77838.9,77780.4,77812.08,2058617.0
2026-07-30 12:55:00,77814.38,77830.88,77790.22,77800.64,375652.0
2026-07-30 13:00:00,77795.84,77801.32,77749.64,77764.57,414842.0
2026-07-30 13:05:00,77765.29,77809.14,77746.65,77766.94,161130.0
2026-07-30 13:10:00,77766.02,77768.15,77656.27,77702.84,569760.0
2026-07-30 13:15:00,77701.62,77712.1,77686.99,77700.56,74141.0
2026-07-30 13:20:00,77700.56,77757.86,77693.53,77753.38,108048.0
2026-07-30 13:25:00,77753.38,77761.06,77713.35,77727.95,187236.0
2026-07-30 13:30:00,77723.92,77748.36,77690.9,77724.26,142035.0
2026-07-30 13:35:00,77724.66,77804.3,77717.6,77778.38,233521.0
2026-07-30 13:40:00,77776.89,77816.51,77774.91,77791.01,85211.0
2026-07-30 13:45:00,77790.5,77790.5,77738.44,77752.2,2301382.0
2026-07-30 13:50:00,77752.2,77793.14,77708.57,77793.14,91735.0
2026-07-30 13:55:00,77794.85,77794.85,77711.52,77757.31,119788.0
2026-07-30 14:00:00,77755.98,77761.93,77711.62,77742.78,192742.0
2026-07-30 14:05:00,77743.64,77745.07,77661.9,77669.86,147049.0
2026-07-30 14:10:00,77672.72,77697.31,77649.61,77649.61,100657.0
2026-07-30 14:15:00,77652.27,77675.55,77610.23,77647.6,132986.0
2026-07-30 14:20:00,77651.46,77652.58,77583.56,77631.88,125933.0
2026-07-30 14:25:00,77629.91,77634.21,77561.62,77603.54,165924.0
2026-07-30 14:30:00,77571.62,77673.43,77554.53,77610.21,119719.0
2026-07-30 14:35:00,77608.92,77704.99,77588.2,77701.55,124688.0
2026-07-30 14:40:00,77704.96,77709.51,77635.34,77679.47,145805.0
2026-07-30 14:45:00,77684.78,77757.68,77633.43,77724.06,225000.0
2026-07-30 14:50:00,77724.31,77739.18,77685.21,77691.48,126701.0
2026-07-30 14:55:00,77690.65,77736.18,77670.17,77724.86,83892.0
2026-07-30 15:00:00,77718.22,77813.2,77691.06,77793.51,255534.0
2026-07-30 15:05:00,77794.62,77907.35,77792.17,77860.4,346811.0
2026-07-30 15:10:00,77861.07,77912.31,77857.14,77884.38,223812.0
2026-07-30 15:15:00,77877.78,77882.73,77827.82,77848.9,268259.0
2026-07-30 15:20:00,77853.77,78007.09,77830.96,77929.52,2126963.0
2026-07-30 15:25:00,77929.27,77979.38,77785.14,77835.43,2634530.0
2026-07-31 09:15:00,77998.66,78069.91,77897.08,77965.53,1137910.0
2026-07-31 09:20:00,77962.71,78018.21,77935.77,77981.51,489787.0
2026-07-31 09:25:00,77979.58,77997.64,77945.22,77966.37,496972.0
2026-07-31 09:30:00,77966.55,77966.69,77837.96,77840.54,296361.0
2026-07-31 09:35:00,77844.84,77858.22,77809.93,77843.58,375211.0
2026-07-31 09:40:00,77842.01,77987.07,77834.69,77980.81,301081.0
2026-07-31 09:45:00,77981.7,78013.67,77939.13,78011.73,263327.0
2026-07-31 09:50:00,78006.57,78006.57,77935.49,77988.26,223943.0
2026-07-31 09:55:00,77993.76,78018.13,77976.8,77994.4,716490.0
2026-07-31 10:00:00,77995.97,78005.65,77958.9,77969.39,166098.0
2026-07-31 10:05:00,77970.05,77975.6,77917.42,77940.86,128559.0
2026-07-31 10:10:00,77939.84,77975.84,77928.75,77954.84,157733.0
2026-07-31 10:15:00,77953.77,77967.05,77922.39,77958.12,130751.0
2026-07-31 10:20:00,77957.97,77985.76,77954.71,77982.22,103034.0
2026-07-31 10:25:00,77979.71,77985.99,77953.78,77978.94,134860.0
2026-07-31 10:30:00,77976.58,77978.22,77927.84,77936.82,115500.0
2026-07-31 10:35:00,77937.85,78002.61,77920.0,77991.85,111998.0
2026-07-31 10:40:00,77992.27,78002.63,77976.82,77992.45,134297.0
2026-07-31 10:45:00,77989.92,78022.47,77983.86,77995.5,143168.0
2026-07-31 10:50:00,77993.87,77998.91,77952.64,77978.13,94378.0
2026-07-31 10:55:00,77976.47,78000.57,77964.19,77993.25,143521.0
2026-07-31 11:00:00,77994.52,78003.15,77964.53,77996.25,78355.0
2026-07-31 11:05:00,77996.26,77998.83,77936.59,77938.68,85256.0
2026-07-31 11:10:00,77939.12,78003.64,77927.92,78002.46,76191.0
2026-07-31 11:15:00,78007.7,78029.36,78001.98,78026.56,114107.0
2026-07-31 11:20:00,78025.65,78049.12,78020.71,78042.68,80694.0
2026-07-31 11:25:00,78042.99,78073.1,78032.47,78041.43,153244.0
2026-07-31 11:30:00,78041.07,78053.67,78015.11,78023.09,73906.0
2026-07-31 11:35:00,78026.73,78045.67,78017.18,78026.25,78718.0
2026-07-31 11:40:00,78026.25,78036.82,78012.15,78034.85,482045.0
2026-07-31 11:45:00,78035.3,78042.54,78016.23,78024.17,68001.0
2026-07-31 11:50:00,78026.34,78044.91,78015.86,78027.2,59053.0
2026-07-31 11:55:00,78031.45,78051.97,78029.65,78036.98,86494.0
2026-07-31 12:00:00,78036.23,78054.74,78027.66,78030.6,90374.0
2026-07-31 12:05:00,78028.68,78070.9,78027.7,78055.93,123943.0
2026-07-31 12:10:00,78054.8,78089.37,78046.43,78083.34,98412.0
2026-07-31 12:15:00,78084.42,78106.95,78076.33,78077.14,88913.0
2026-07-31 12:20:00,78078.93,78100.83,78075.68,78096.2,115600.0
2026-07-31 12:25:00,78095.55,78139.85,78091.98,78129.3,70914.0
2026-07-31 12:30:00,78125.8,78143.6,78093.46,78142.27,216748.0
2026-07-31 12:35:00,78142.57,78159.19,78132.27,78150.91,204099.0
2026-07-31 12:40:00,78151.54,78179.79,78151.54,78175.32,149731.0
2026-07-31 12:45:00,78178.31,78217.0,78169.77,78209.56,520953.0
2026-07-31 12:50:00,78211.64,78212.97,78179.36,78206.09,187035.0
2026-07-31 12:55:00,78206.65,78253.27,78198.72,78224.35,183618.0
2026-07-31 13:00:00,78219.02,78233.21,78204.79,78229.69,123156.0
2026-07-31 13:05:00,78230.51,78272.25,78226.77,78251.89,125206.0
2026-07-31 13:10:00,78253.11,78253.91,78219.06,78224.6,209888.0
2026-07-31 13:15:00,78224.12,78245.53,78217.63,78243.01,321476.0
2026-07-31 13:20:00,78244.33,78253.21,78226.39,78252.72,520682.0
2026-07-31 13:25:00,78255.13,78267.04,78224.68,78242.27,158618.0
2026-07-31 13:30:00,78244.29,78244.29,78172.36,78176.53,219036.0
2026-07-31 13:35:00,78182.95,78210.64,78168.72,78176.23,247016.0
2026-07-31 13:40:00,78180.56,78181.43,78148.8,78167.56,180109.0
2026-07-31 13:45:00,78167.25,78181.61,78142.94,78181.61,117389.0
2026-07-31 13:50:00,78180.49,78187.2,78156.05,78184.49,244120.0
2026-07-31 13:55:00,78185.35,78212.22,78177.95,78205.25,88056.0
2026-07-31 14:00:00,78205.1,78215.35,78157.42,78157.42,139213.0
2026-07-31 14:05:00,78157.42,78160.1,78123.82,78138.06,165786.0
2026-07-31 14:10:00,78135.09,78188.03,78132.34,78174.96,115151.0
2026-07-31 14:15:00,78176.62,78182.05,78135.21,78137.71,136003.0
2026-07-31 14:20:00,78140.02,78162.45,78134.12,78161.57,70275.0
2026-07-31 14:25:00,78162.18,78193.2,78140.7,78153.15,147734.0
2026-07-31 14:30:00,78154.0,78172.63,78076.18,78083.2,181602.0
2026-07-31 14:35:00,78085.09,78096.95,78059.28,78078.52,122920.0
2026-07-31 14:40:00,78077.91,78077.91,78018.75,78039.44,143983.0
2026-07-31 14:45:00,78038.6,78069.28,78029.12,78062.62,178851.0
2026-07-31 14:50:00,78064.01,78076.33,78039.56,78054.38,126260.0
2026-07-31 14:55:00,78053.5,78058.78,78013.15,78021.11,144218.0
2026-07-31 15:00:00,78028.7,78113.11,78028.21,78112.89,389633.0
2026-07-31 15:05:00,78113.3,78154.4,78100.42,78148.66,388756.0
2026-07-31 15:10:00,78152.55,78160.93,78126.26,78134.25,312421.0
2026-07-31 15:15:00,78137.65,78139.78,78085.68,78092.43,315295.0
2026-07-31 15:20:00,78091.73,78094.52,78059.43,78094.52,315329.0
2026-07-31 15:25:00,78087.97,78097.6,78008.58,78034.57,415008.0
2026-08-03 09:15:00,78883.34,78895.1,78497.34,78573.47,877440.0
2026-08-03 09:20:00,78579.62,78609.13,78518.84,78554.46,432987.0
2026-08-03 09:25:00,78556.68,78638.61,78541.84,78638.29,431268.0
2026-08-03 09:30:00,78638.48,78652.78,78590.61,78626.3,415407.0
2026-08-03 09:35:00,78626.55,78646.11,78598.2,78632.75,484263.0
2026-08-03 09:40:00,78630.36,78653.93,78619.76,78641.82,271659.0
2026-08-03 09:45:00,78640.69,78646.66,78610.41,78622.03,513526.0
2026-08-03 09:50:00,78624.51,78662.83,78613.76,78659.7,245850.0
2026-08-03 09:55:00,78657.77,78689.29,78650.42,78661.24,162624.0
2026-08-03 10:00:00,78660.75,78698.58,78646.32,78678.55,245334.0
2026-08-03 10:05:00,78679.03,78699.11,78650.56,78676.62,363872.0
2026-08-03 10:10:00,78678.82,78718.22,78662.22,78711.28,1207206.0
2026-08-03 10:15:00,78711.72,78762.13,78709.28,78756.62,153887.0
2026-08-03 10:20:00,78755.24,78755.24,78687.01,78712.36,801952.0
2026-08-03 10:25:00,78711.85,78733.67,78702.16,78714.74,120079.0
2026-08-03 10:30:00,78707.81,78729.78,78664.83,78678.42,921838.0
2026-08-03 10:35:00,78679.33,78719.81,78644.98,78718.92,112528.0
2026-08-03 10:40:00,78722.53,78727.6,78694.32,78705.35,129415.0
2026-08-03 10:45:00,78701.96,78720.32,78688.69,78720.32,152950.0
2026-08-03 10:50:00,78713.02,78740.96,78712.83,78725.51,113540.0
2026-08-03 10:55:00,78726.86,78747.77,78701.92,78710.82,117062.0
2026-08-03 11:00:00,78712.01,78768.48,78706.45,78758.04,213584.0
2026-08-03 11:05:00,78758.04,78774.38,78744.68,78744.68,102639.0
2026-08-03 11:10:00,78744.59,78758.72,78716.32,78737.35,93798.0
2026-08-03 11:15:00,78737.35,78763.5,78731.28,78747.88,2114852.0
2026-08-03 11:20:00,78745.14,78763.03,78732.35,78754.36,127422.0
2026-08-03 11:25:00,78754.58,78760.6,78731.95,78738.95,1840484.0
2026-08-03 11:30:00,78740.99,78745.05,78703.92,78711.98,359896.0
2026-08-03 11:35:00,78712.77,78749.82,78708.27,78743.51,130957.0
2026-08-03 11:40:00,78743.16,78761.68,78729.18,78732.48,325188.0
2026-08-03 11:45:00,78740.78,78753.1,78705.98,78748.38,86770.0
2026-08-03 11:50:00,78750.07,78774.6,78743.36,78753.86,182180.0
2026-08-03 11:55:00,78754.63,78756.09,78709.27,78729.92,112920.0
2026-08-03 12:00:00,78730.53,78738.98,78708.38,78719.94,81054.0
2026-08-03 12:05:00,78719.94,78755.32,78718.24,78754.36,174578.0
2026-08-03 12:10:00,78755.09,78770.88,78740.44,78770.83,84012.0
2026-08-03 12:15:00,78770.84,78791.63,78758.51,78781.41,76238.0
2026-08-03 12:20:00,78779.94,78785.23,78749.19,78774.7,80647.0
2026-08-03 12:25:00,78776.09,78786.65,78767.0,78767.07,193475.0
2026-08-03 12:30:00,78770.12,78777.24,78734.02,78739.22,220213.0
2026-08-03 12:35:00,78740.26,78744.24,78705.45,78707.75,113042.0
2026-08-03 12:40:00,78707.48,78742.75,78700.74,78736.24,118192.0
2026-08-03 12:45:00,78735.33,78760.25,78668.13,78685.41,220970.0
2026-08-03 12:50:00,78683.43,78723.87,78682.31,78720.98,69697.0
2026-08-03 12:55:00,78719.89,78722.57,78695.31,78701.37,68383.0
2026-08-03 13:00:00,78702.69,78710.29,78678.59,78684.7,56817.0
2026-08-03 13:05:00,78685.99,78702.36,78672.72,78696.44,1355565.0
2026-08-03 13:10:00,78694.29,78704.08,78676.67,78680.96,62079.0
2026-08-03 13:15:00,78682.89,78710.63,78674.05,78710.02,68047.0
2026-08-03 13:20:00,78709.32,78719.07,78695.2,78703.23,153039.0
2026-08-03 13:25:00,78703.23,78731.57,78701.2,78717.16,85448.0
2026-08-03 13:30:00,78717.16,78754.08,78707.7,78744.78,712093.0
2026-08-03 13:35:00,78748.62,78781.26,78738.09,78747.38,91460.0
2026-08-03 13:40:00,78744.91,78768.24,78707.35,78764.99,80493.0
2026-08-03 13:45:00,78758.67,78764.38,78736.75,78746.88,53570.0
2026-08-03 13:50:00,78745.98,78749.36,78713.42,78721.63,73534.0
2026-08-03 13:55:00,78720.27,78732.98,78704.26,78722.48,59094.0
2026-08-03 14:00:00,78722.98,78737.12,78715.58,78725.36,62848.0
2026-08-03 14:05:00,78726.13,78743.5,78724.52,78733.35,52939.0
2026-08-03 14:10:00,78733.12,78751.32,78717.66,78746.09,66817.0
2026-08-03 14:15:00,78749.78,78753.19,78703.42,78707.71,75876.0
2026-08-03 14:20:00,78710.47,78736.99,78702.62,78707.06,519936.0
2026-08-03 14:25:00,78708.89,78743.21,78708.89,78739.98,67873.0
2026-08-03 14:30:00,78739.57,78744.52,78722.48,78742.22,86604.0
2026-08-03 14:35:00,78742.59,78770.31,78733.53,78764.5,78187.0
2026-08-03 14:40:00,78764.46,78775.73,78753.38,78762.93,69792.0
2026-08-03 14:45:00,78764.42,78774.5,78757.38,78766.08,131825.0
2026-08-03 14:50:00,78766.78,78773.76,78739.97,78748.49,149835.0
2026-08-03 14:55:00,78748.33,78771.25,78745.78,78748.35,81753.0
2026-08-03 15:00:00,78743.89,78760.79,78713.75,78725.89,239889.0
2026-08-03 15:05:00,78723.38,78723.38,78630.06,78675.21,495475.0
2026-08-03 15:10:00,78674.42,78712.0,78623.01,78676.1,186654.0
2026-08-03 15:15:00,78677.13,78677.13,78677.13,78677.13,63550.0
2026-08-03 15:20:00,78677.13,78677.13,78677.13,78677.13,63550.0
2026-08-03 15:25:00,78677.13,78677.13,78639.03,78639.03,63550.0
2026-08-03 15:30:00,78639.03,78639.03,78639.03,78639.03,63550.0
2026-08-03 15:35:00,78639.03,78639.03,78639.03,78639.03,50840.0
2026-08-04 09:15:00,79132.97,79143.15,78733.11,78750.21,562422.0
2026-08-04 09:20:00,78752.21,78837.61,78747.42,78814.35,262974.0
2026-08-04 09:25:00,78813.51,78816.06,78729.79,78737.92,229885.0
2026-08-04 09:30:00,78739.16,78746.54,78698.37,78699.02,169835.0
2026-08-04 09:35:00,78698.93,78761.77,78698.11,78753.23,273983.0
2026-08-04 09:40:00,78752.42,78847.0,78750.3,78838.51,149550.0
2026-08-04 09:45:00,78841.08,78864.52,78824.47,78860.48,131109.0
2026-08-04 09:50:00,78859.24,78901.88,78845.55,78849.34,148436.0
2026-08-04 09:55:00,78850.31,78871.94,78833.58,78842.46,94360.0
2026-08-04 10:00:00,78842.75,78855.26,78817.68,78828.53,81737.0
2026-08-04 10:05:00,78827.84,78841.05,78773.54,78774.58,112876.0
2026-08-04 10:10:00,78775.3,78794.6,78760.48,78780.77,62612.0
2026-08-04 10:15:00,78773.31,78797.99,78761.84,78785.23,77927.0
2026-08-04 10:20:00,78787.17,78787.17,78711.64,78719.14,217860.0
2026-08-04 10:25:00,78716.28,78718.04,78699.27,78704.88,85153.0
2026-08-04 10:30:00,78706.04,78712.49,78663.78,78678.41,66207.0
2026-08-04 10:35:00,78677.72,78679.42,78662.33,78670.26,61188.0
2026-08-04 10:40:00,78671.44,78685.31,78661.96,78669.55,49439.0
2026-08-04 10:45:00,78669.27,78675.49,78653.13,78675.11,39035.0
2026-08-04 10:50:00,78673.6,78689.93,78665.6,78668.36,52428.0
2026-08-04 10:55:00,78670.06,78673.6,78627.76,78647.6,83165.0
2026-08-04 11:00:00,78648.3,78695.21,78645.22,78683.87,68251.0
2026-08-04 11:05:00,78683.87,78703.24,78676.49,78690.33,111658.0
2026-08-04 11:10:00,78688.96,78698.42,78673.82,78689.24,86883.0
2026-08-04 11:15:00,78688.71,78719.89,78686.25,78708.97,97333.0
2026-08-04 11:20:00,78707.34,78708.09,78676.77,78678.67,68885.0
2026-08-04 11:25:00,78682.02,78696.23,78651.9,78653.52,76802.0
2026-08-04 11:30:00,78649.02,78668.86,78622.55,78629.49,64863.0
2026-08-04 11:35:00,78628.77,78633.37,78593.4,78620.13,568306.0
2026-08-04 11:40:00,78621.14,78621.37,78575.12,78582.84,53780.0
2026-08-04 11:45:00,78584.14,78586.88,78510.19,78519.82,93965.0
2026-08-04 11:50:00,78519.82,78527.39,78503.1,78508.0,61321.0
2026-08-04 11:55:00,78511.48,78522.94,78480.18,78486.81,74764.0
2026-08-04 12:00:00,78490.33,78503.22,78429.12,78484.59,76605.0
2026-08-04 12:05:00,78484.61,78493.8,78425.83,78437.2,87503.0
2026-08-04 12:10:00,78436.16,78450.71,78401.09,78448.14,84064.0
2026-08-04 12:15:00,78448.12,78486.87,78433.48,78486.87,1360731.0
2026-08-04 12:20:00,78484.65,78492.2,78459.73,78483.06,95274.0
2026-08-04 12:25:00,78483.06,78488.83,78450.87,78470.16,54592.0
2026-08-04 12:30:00,78467.39,78470.21,78441.09,78442.21,54791.0
2026-08-04 12:35:00,78443.34,78446.25,78392.58,78423.93,573064.0
2026-08-04 12:40:00,78423.93,78428.51,78371.75,78394.14,58578.0
2026-08-04 12:45:00,78390.92,78424.59,78390.92,78411.45,58715.0
2026-08-04 12:50:00,78411.45,78435.46,78405.58,78410.5,69814.0
2026-08-04 12:55:00,78410.48,78414.29,78370.19,78370.19,39131.0
2026-08-04 13:00:00,78370.76,78403.9,78362.84,78395.07,61339.0
2026-08-04 13:05:00,78395.33,78398.1,78361.79,78367.67,1275549.0
2026-08-04 13:10:00,78368.66,78378.08,78348.36,78356.82,296288.0
2026-08-04 13:15:00,78355.46,78363.11,78335.84,78350.14,35449.0
2026-08-04 13:20:00,78350.14,78376.67,78319.47,78368.61,63674.0
2026-08-04 13:25:00,78369.21,78378.98,78314.68,78323.83,47532.0
2026-08-04 13:30:00,78323.74,78328.35,78290.28,78305.86,69669.0
2026-08-04 13:35:00,78305.86,78336.22,78296.85,78332.42,60360.0
2026-08-04 13:40:00,78330.84,78334.68,78295.59,78295.59,39452.0
2026-08-04 13:45:00,78293.31,78318.64,78280.88,78312.78,80328.0
2026-08-04 13:50:00,78316.97,78330.61,78253.39,78266.55,57559.0
2026-08-04 13:55:00,78265.03,78276.1,78211.87,78271.08,60461.0
2026-08-04 14:00:00,78271.08,78272.03,78241.71,78258.35,75724.0
2026-08-04 14:05:00,78259.21,78295.43,78254.65,78274.17,440810.0
2026-08-04 14:10:00,78277.39,78318.35,78277.18,78317.45,95598.0
2026-08-04 14:15:00,78317.14,78376.96,78302.75,78376.96,63606.0
2026-08-04 14:20:00,78375.97,78398.11,78334.96,78348.66,115197.0
2026-08-04 14:25:00,78348.66,78376.05,78315.98,78338.02,49941.0
2026-08-04 14:30:00,78338.02,78404.98,78291.88,78300.17,108018.0
2026-08-04 14:35:00,78308.98,78342.89,78302.27,78327.71,37734.0
2026-08-04 14:40:00,78327.62,78334.27,78298.59,78301.97,49589.0
2026-08-04 14:45:00,78301.97,78341.74,78295.28,78328.99,71472.0
2026-08-04 14:50:00,78330.0,78346.62,78314.9,78345.4,99111.0
2026-08-04 14:55:00,78344.97,78357.23,78312.63,78316.62,93588.0
2026-08-04 15:00:00,78314.12,78332.62,78246.15,78246.15,184548.0
2026-08-04 15:05:00,78245.06,78283.87,78237.39,78272.67,137008.0
2026-08-04 15:10:00,78273.4,78324.74,78240.82,78324.56,118948.0
2026-08-04 15:15:00,78324.56,78324.56,78324.56,78324.56,174760.0
2026-08-04 15:20:00,78324.56,78324.56,78324.56,78324.56,174760.0
2026-08-04 15:25:00,78324.56,78428.95,78324.56,78428.95,174760.0
2026-08-04 15:30:00,78428.95,78428.95,78428.95,78428.95,174760.0
2026-08-04 15:35:00,78428.95,78428.95,78428.95,78428.95,139808.0
2026-08-05 09:15:00,79055.38,79055.38,78790.89,78875.69,615935.0
2026-08-05 09:20:00,78878.4,78900.98,78821.63,78835.07,282482.0
2026-08-05 09:25:00,78834.44,78842.6,78791.71,78817.74,164761.0
2026-08-05 09:30:00,78816.92,78816.92,78762.56,78779.34,429657.0
2026-08-05 09:35:00,78781.53,78799.43,78745.61,78798.12,129619.0
2026-08-05 09:40:00,78800.19,78851.27,78796.57,78811.64,137411.0
2026-08-05 09:45:00,78814.15,78828.69,78789.21,78818.49,160038.0
2026-08-05 09:50:00,78814.19,78820.0,78698.64,78701.34,187189.0
2026-08-05 09:55:00,78698.9,78708.36,78664.66,78705.21,130981.0
2026-08-05 10:00:00,78707.76,78790.11,78707.76,78762.53,134893.0
2026-08-05 10:05:00,78765.78,78774.71,78679.31,78747.88,90395.0
2026-08-05 10:10:00,78746.09,78795.19,78735.49,78788.04,149180.0
2026-08-05 10:15:00,78787.29,78787.29,78715.65,78752.94,85721.0
2026-08-05 10:20:00,78754.62,78792.79,78737.59,78786.85,110607.0
2026-08-05 10:25:00,78786.16,78791.18,78646.5,78674.09,99774.0
2026-08-05 10:30:00,78673.88,78673.88,78609.84,78639.33,93937.0
2026-08-05 10:35:00,78640.76,78684.29,78627.86,78654.94,267721.0
2026-08-05 10:40:00,78653.65,78732.7,78638.33,78696.64,68040.0
2026-08-05 10:45:00,78696.64,78749.29,78695.67,78744.8,78758.0
2026-08-05 10:50:00,78745.21,78771.61,78711.4,78759.96,83413.0
2026-08-05 10:55:00,78763.43,78853.63,78762.38,78853.63,213793.0
2026-08-05 11:00:00,78854.53,78895.93,78854.53,78873.39,338283.0
2026-08-05 11:05:00,78873.99,78921.78,78800.57,78806.58,2416089.0
2026-08-05 11:10:00,78807.79,78839.42,78754.99,78793.25,185561.0
2026-08-05 11:15:00,78795.01,78834.35,78781.04,78782.91,347133.0
2026-08-05 11:20:00,78783.22,78792.36,78752.39,78764.69,86445.0
2026-08-05 11:25:00,78766.09,78767.52,78713.87,78740.67,100959.0
2026-08-05 11:30:00,78718.28,78732.96,78663.01,78664.86,100289.0
2026-08-05 11:35:00,78667.38,78706.27,78646.67,78704.36,66449.0
2026-08-05 11:40:00,78707.74,78710.66,78662.41,78676.26,82255.0
2026-08-05 11:45:00,78676.44,78676.44,78630.16,78631.65,48441.0
2026-08-05 11:50:00,78635.46,78639.01,78588.06,78609.67,67569.0
2026-08-05 11:55:00,78610.14,78610.25,78551.85,78593.82,100191.0
2026-08-05 12:00:00,78599.29,78624.4,78573.64,78598.74,71129.0
2026-08-05 12:05:00,78598.74,78617.36,78579.61,78613.57,49881.0
2026-08-05 12:10:00,78614.56,78615.17,78547.83,78596.61,59539.0
2026-08-05 12:15:00,78596.66,78615.65,78564.45,78564.45,66762.0
2026-08-05 12:20:00,78565.18,78613.59,78540.74,78598.83,343278.0
2026-08-05 12:25:00,78591.62,78608.11,78542.98,78564.5,461613.0
2026-08-05 12:30:00,78565.18,78571.02,78481.85,78488.54,189548.0
2026-08-05 12:35:00,78486.74,78489.7,78438.61,78465.74,116635.0
2026-08-05 12:40:00,78465.74,78479.82,78426.63,78438.54,48656.0
2026-08-05 12:45:00,78439.13,78447.94,78407.38,78412.93,52027.0
2026-08-05 12:50:00,78412.93,78419.23,78393.78,78403.89,93272.0
2026-08-05 12:55:00,78403.89,78420.28,78390.89,78391.52,41100.0
2026-08-05 13:00:00,78391.17,78440.8,78374.46,78434.6,89961.0
2026-08-05 13:05:00,78434.0,78454.53,78358.25,78448.53,334804.0
2026-08-05 13:10:00,78445.21,78448.04,78385.56,78428.42,58792.0
2026-08-05 13:15:00,78431.33,78480.24,78421.2,78480.24,106820.0
2026-08-05 13:20:00,78480.24,78516.44,78404.88,78410.76,99684.0
2026-08-05 13:25:00,78410.29,78423.5,78383.88,78411.76,52438.0
2026-08-05 13:30:00,78412.46,78453.08,78352.67,78366.52,439416.0
2026-08-05 13:35:00,78366.06,78414.91,78366.06,78379.57,175479.0
2026-08-05 13:40:00,78380.14,78384.02,78316.57,78346.31,97637.0
2026-08-05 13:45:00,78347.67,78403.43,78311.39,78403.43,196850.0
2026-08-05 13:50:00,78404.03,78417.94,78332.42,78356.57,161953.0
2026-08-05 13:55:00,78359.47,78363.78,78335.51,78359.24,66006.0
2026-08-05 14:00:00,78359.24,78389.86,78352.38,78388.55,102625.0
2026-08-05 14:05:00,78388.15,78412.93,78378.02,78390.52,82835.0
2026-08-05 14:10:00,78388.02,78398.2,78350.44,78352.27,63536.0
2026-08-05 14:15:00,78352.07,78352.66,78292.0,78318.33,107417.0
2026-08-05 14:20:00,78316.49,78345.08,78301.77,78311.02,74346.0
2026-08-05 14:25:00,78310.45,78330.93,78296.64,78310.36,55842.0
2026-08-05 14:30:00,78311.1,78326.08,78301.19,78308.93,93029.0
2026-08-05 14:35:00,78308.93,78366.98,78285.74,78354.47,132495.0
2026-08-05 14:40:00,78354.89,78354.89,78289.44,78320.92,114161.0
2026-08-05 14:45:00,78320.93,78355.11,78307.16,78351.38,175729.0
2026-08-05 14:50:00,78350.33,78355.56,78305.89,78326.54,140586.0
2026-08-05 14:55:00,78326.6,78382.22,78300.79,78362.76,122170.0
2026-08-05 15:00:00,78365.14,78408.62,78343.16,78394.89,276410.0
2026-08-05 15:05:00,78393.99,78438.65,78343.86,78404.18,210650.0
2026-08-05 15:10:00,78404.18,78509.29,78382.31,78509.29,1195853.0
2026-08-05 15:15:00,78501.85,78501.85,78501.85,78501.85,360825.0
2026-08-05 15:20:00,78501.85,78501.85,78501.85,78501.85,360825.0
2026-08-05 15:25:00,78501.85,78581.0,78501.85,78581.0,360825.0
2026-08-05 15:30:00,78581.0,78581.0,78581.0,78581.0,360825.0
2026-08-05 15:35:00,78581.0,78581.0,78581.0,78581.0,288660.0
2026-08-06 09:15:00,78772.4,78772.4,78633.73,78712.78,697071.0
2026-08-06 09:20:00,78713.23,78787.72,78712.41,78753.29,447042.0
2026-08-06 09:25:00,78753.19,78763.56,78722.29,78758.35,310960.0
2026-08-06 09:30:00,78765.45,78800.27,78710.3,78722.9,239209.0
2026-08-06 09:35:00,78725.93,78751.72,78709.29,78735.08,265377.0
2026-08-06 09:40:00,78736.25,78761.58,78732.43,78759.01,291685.0
2026-08-06 09:45:00,78762.59,78839.17,78758.32,78825.26,358477.0
2026-08-06 09:50:00,78825.35,78841.43,78807.23,78836.42,213963.0
2026-08-06 09:55:00,78835.89,78836.73,78753.3,78753.3,166063.0
2026-08-06 10:00:00,78752.03,78753.53,78655.05,78676.77,174685.0
2026-08-06 10:05:00,78679.94,78695.69,78655.29,78688.2,152121.0
2026-08-06 10:10:00,78687.56,78730.13,78685.6,78711.64,148513.0
2026-08-06 10:15:00,78713.64,78721.69,78668.61,78679.8,154908.0
2026-08-06 10:20:00,78678.74,78739.42,78674.03,78735.01,110165.0
2026-08-06 10:25:00,78737.21,78741.78,78694.1,78728.38,204476.0
2026-08-06 10:30:00,78726.49,78752.48,78724.53,78736.18,324397.0
2026-08-06 10:35:00,78735.05,78757.96,78723.21,78744.42,190612.0
2026-08-06 10:40:00,78748.31,78748.58,78718.87,78739.84,129249.0
2026-08-06 10:45:00,78737.1,78737.31,78692.71,78704.46,137884.0
2026-08-06 10:50:00,78705.26,78722.33,78659.03,78713.89,210269.0
2026-08-06 10:55:00,78714.17,78774.57,78672.73,78739.04,220330.0
2026-08-06 11:00:00,78742.8,78746.14,78660.66,78721.03,154234.0
2026-08-06 11:05:00,78725.73,78767.29,78689.25,78738.13,169258.0
2026-08-06 11:10:00,78735.45,78787.66,78735.45,78781.17,609574.0
2026-08-06 11:15:00,78809.03,78854.48,78780.25,78852.95,717376.0
2026-08-06 11:20:00,78851.94,78883.76,78840.36,78857.46,178081.0
2026-08-06 11:25:00,78860.98,78892.16,78816.13,78865.0,170627.0
2026-08-06 11:30:00,78868.84,78904.37,78826.89,78830.57,157836.0
2026-08-06 11:35:00,78829.84,78859.34,78788.5,78818.89,138684.0
2026-08-06 11:40:00,78818.85,78827.99,78720.54,78757.6,255086.0
2026-08-06 11:45:00,78757.6,78759.18,78731.25,78747.49,97726.0
2026-08-06 11:50:00,78751.99,78810.18,78747.86,78797.63,147547.0
2026-08-06 11:55:00,78795.32,78872.5,78795.32,78853.98,192075.0
2026-08-06 12:00:00,78853.91,78861.25,78835.06,78836.25,133683.0
2026-08-06 12:05:00,78835.64,78844.1,78811.68,78830.46,113695.0
2026-08-06 12:10:00,78827.14,78847.06,78787.34,78810.41,395412.0
2026-08-06 12:15:00,78805.71,78859.98,78789.94,78820.35,450747.0
2026-08-06 12:20:00,78824.21,78824.21,78760.2,78782.22,81617.0
2026-08-06 12:25:00,78781.18,78799.67,78776.56,78787.82,67876.0
2026-08-06 12:30:00,78789.14,78828.11,78786.72,78813.83,78848.0
2026-08-06 12:35:00,78813.39,78835.01,78805.07,78809.64,121653.0
2026-08-06 12:40:00,78807.88,78827.41,78803.11,78819.56,92088.0
2026-08-06 12:45:00,78820.46,78830.79,78797.66,78830.79,140537.0
2026-08-06 12:50:00,78823.47,78823.47,78773.54,78780.07,189916.0
2026-08-06 12:55:00,78779.89,78810.64,78753.61,78780.24,328665.0
2026-08-06 13:00:00,78781.11,78841.64,78750.52,78824.25,256933.0
2026-08-06 13:05:00,78824.77,78840.03,78742.73,78758.5,709351.0
2026-08-06 13:10:00,78759.62,78846.07,78757.77,78778.85,188487.0
2026-08-06 13:15:00,78778.75,78851.51,78720.52,78846.43,526972.0
2026-08-06 13:20:00,78849.64,78861.22,78750.02,78752.62,216760.0
2026-08-06 13:25:00,78752.62,78799.86,78736.45,78769.0,232498.0
2026-08-06 13:30:00,78771.9,78850.33,78768.43,78830.94,154875.0
2026-08-06 13:35:00,78831.72,78886.26,78803.09,78803.09,228788.0
2026-08-06 13:40:00,78802.8,78826.46,78763.57,78790.9,120470.0
2026-08-06 13:45:00,78789.14,78804.1,78745.03,78750.51,185457.0
2026-08-06 13:50:00,78751.66,78798.97,78727.17,78781.08,140322.0
2026-08-06 13:55:00,78783.54,78878.28,78714.66,78874.45,1073448.0
2026-08-06 14:00:00,78875.6,78883.16,78797.5,78837.92,741223.0
2026-08-06 14:05:00,78838.73,78870.9,78836.21,78850.21,351988.0
2026-08-06 14:10:00,78852.03,78878.14,78850.36,78864.21,184174.0
2026-08-06 14:15:00,78864.82,78885.6,78859.78,78884.71,108800.0
2026-08-06 14:20:00,78882.12,78892.64,78859.0,78887.62,124172.0
2026-08-06 14:25:00,78887.81,78905.88,78865.75,78869.89,99851.0
2026-08-06 14:30:00,78872.41,78926.11,78772.14,78848.33,1423333.0
2026-08-06 14:35:00,78844.59,78866.45,78837.89,78839.49,127777.0
2026-08-06 14:40:00,78841.99,78909.04,78772.78,78826.09,1175671.0
2026-08-06 14:45:00,78826.15,78846.5,78812.97,78839.86,132674.0
2026-08-06 14:50:00,78836.47,78840.24,78801.86,78808.3,170333.0
2026-08-06 14:55:00,78802.94,78803.71,78755.15,78784.0,287697.0
2026-08-06 15:00:00,78788.25,78842.33,78701.95,78729.81,1173463.0
2026-08-06 15:05:00,78733.4,78856.65,78726.57,78795.54,928633.0
2026-08-06 15:10:00,78794.32,78800.02,78758.14,78783.05,367704.0
2026-08-06 15:15:00,78785.62,78785.62,78785.62,78785.62,242835.0
2026-08-06 15:20:00,78785.62,78785.62,78785.62,78785.62,242835.0
2026-08-06 15:25:00,78785.62,78954.76,78785.62,78954.76,242835.0
2026-08-07 09:15:00,78516.08,78674.59,78451.99,78645.19,752509.0
2026-08-07 09:20:00,78648.64,78757.4,78627.18,78736.07,559882.0
2026-08-07 09:25:00,78733.59,78736.99,78682.31,78700.0,312910.0
2026-08-07 09:30:00,78697.7,78712.68,78658.7,78670.88,271351.0
2026-08-07 09:35:00,78671.67,78695.19,78665.78,78685.53,255939.0
2026-08-07 09:40:00,78685.25,78716.07,78659.73,78716.07,183943.0
2026-08-07 09:45:00,78714.04,78718.57,78655.6,78682.77,204132.0
2026-08-07 09:50:00,78682.23,78737.71,78682.23,78732.92,138210.0
2026-08-07 09:55:00,78735.54,78748.86,78712.81,78737.3,143198.0
2026-08-07 10:00:00,78739.05,78740.42,78677.33,78698.46,127797.0
2026-08-07 10:05:00,78697.77,78709.99,78678.61,78686.56,118070.0
2026-08-07 10:10:00,78687.38,78697.62,78627.21,78642.58,129155.0
2026-08-07 10:15:00,78645.33,78651.18,78554.5,78577.39,168579.0
2026-08-07 10:20:00,78578.65,78605.17,78556.88,78567.78,136881.0
2026-08-07 10:25:00,78565.71,78569.7,78524.77,78533.76,108950.0
2026-08-07 10:30:00,78526.42,78546.21,78508.66,78541.38,112989.0
2026-08-07 10:35:00,78541.66,78560.02,78531.56,78550.16,85851.0
2026-08-07 10:40:00,78551.46,78552.44,78506.09,78531.68,126325.0
2026-08-07 10:45:00,78531.09,78573.87,78531.09,78557.78,81846.0
2026-08-07 10:50:00,78556.88,78574.22,78531.93,78568.58,70018.0
2026-08-07 10:55:00,78568.03,78581.58,78532.05,78534.89,85045.0
2026-08-07 11:00:00,78534.69,78540.68,78474.34,78474.87,129908.0
2026-08-07 11:05:00,78475.57,78536.73,78472.98,78520.27,116922.0
2026-08-07 11:10:00,78517.06,78537.88,78517.05,78534.12,246341.0
2026-08-07 11:15:00,78534.92,78534.92,78496.28,78512.01,108325.0
2026-08-07 11:20:00,78517.57,78564.42,78511.58,78564.42,173248.0
2026-08-07 11:25:00,78562.0,78616.16,78556.89,78596.76,143511.0
2026-08-07 11:30:00,78595.85,78598.98,78561.78,78576.35,266654.0
2026-08-07 11:35:00,78575.02,78600.09,78564.05,78592.16,118573.0
2026-08-07 11:40:00,78590.43,78601.12,78576.65,78585.12,92523.0
2026-08-07 11:45:00,78586.05,78588.34,78538.36,78546.79,84776.0
2026-08-07 11:50:00,78547.0,78547.0,78487.97,78516.75,76356.0
2026-08-07 11:55:00,78512.38,78533.05,78507.09,78530.61,97738.0
2026-08-07 12:00:00,78527.36,78533.19,78498.93,78510.19,79109.0
2026-08-07 12:05:00,78510.04,78523.33,78483.76,78504.71,92663.0
2026-08-07 12:10:00,78500.06,78511.97,78461.01,78468.26,112271.0
2026-08-07 12:15:00,78469.21,78469.49,78432.07,78449.93,126353.0
2026-08-07 12:20:00,78449.65,78481.9,78430.05,78454.32,558794.0
2026-08-07 12:25:00,78456.44,78515.08,78448.96,78496.83,106437.0
2026-08-07 12:30:00,78497.61,78524.8,78468.05,78522.3,100187.0
2026-08-07 12:35:00,78517.52,78534.49,78507.31,78533.95,58098.0
2026-08-07 12:40:00,78534.56,78534.56,78496.53,78519.69,861450.0
2026-08-07 12:45:00,78516.36,78539.45,78504.51,78539.45,66862.0
2026-08-07 12:50:00,78539.36,78539.36,78504.49,78510.79,110815.0
2026-08-07 12:55:00,78512.98,78518.49,78484.42,78488.54,74227.0
2026-08-07 13:00:00,78488.82,78505.38,78465.83,78505.38,72302.0
2026-08-07 13:05:00,78505.01,78534.19,78497.5,78497.65,44636.0
2026-08-07 13:10:00,78499.92,78522.05,78471.86,78473.77,56669.0
2026-08-07 13:15:00,78470.71,78518.15,78463.71,78478.67,97978.0
2026-08-07 13:20:00,78476.92,78535.57,78470.42,78533.31,101750.0
2026-08-07 13:25:00,78533.08,78559.39,78529.29,78541.36,278451.0
2026-08-07 13:30:00,78541.36,78545.39,78471.01,78472.34,97016.0
2026-08-07 13:35:00,78466.52,78504.17,78466.52,78479.67,172811.0
2026-08-07 13:40:00,78479.71,78491.93,78465.86,78485.82,181195.0
2026-08-07 13:45:00,78484.06,78582.88,78474.72,78577.8,240698.0
2026-08-07 13:50:00,78577.28,78635.52,78562.16,78577.96,270437.0
2026-08-07 13:55:00,78579.36,78583.48,78497.73,78541.07,227030.0
2026-08-07 14:00:00,78542.25,78587.11,78507.34,78512.03,480101.0
2026-08-07 14:05:00,78514.34,78526.33,78444.61,78462.6,177172.0
2026-08-07 14:10:00,78461.88,78466.64,78403.15,78420.33,134493.0
2026-08-07 14:15:00,78421.66,78461.15,78404.98,78444.76,146820.0
2026-08-07 14:20:00,78448.87,78458.28,78413.49,78446.0,171513.0
2026-08-07 14:25:00,78446.65,78464.15,78425.58,78425.58,159756.0
2026-08-07 14:30:00,78426.53,78478.37,78396.17,78456.86,305728.0
2026-08-07 14:35:00,78458.57,78466.05,78438.56,78439.09,162508.0
2026-08-07 14:40:00,78440.14,78453.72,78421.72,78438.96,236246.0
2026-08-07 14:45:00,78439.71,78485.99,78426.76,78484.31,239765.0
2026-08-07 14:50:00,78486.37,78486.37,78377.07,78383.65,195794.0
2026-08-07 14:55:00,78383.65,78446.23,78383.65,78426.09,204512.0
2026-08-07 15:00:00,78421.04,78460.82,78421.04,78451.96,245788.0
2026-08-07 15:05:00,78457.82,78469.29,78435.83,78466.95,631051.0
2026-08-07 15:10:00,78474.7,78512.37,78472.08,78491.91,245082.0
2026-08-07 15:15:00,78491.26,78491.26,78491.26,78491.26,206905.0
2026-08-07 15:20:00,78491.26,78491.26,78491.26,78491.26,206905.0
2026-08-07 15:25:00,78491.26,78499.17,78491.26,78499.17,206905.0
2026-08-10 09:15:00,78501.59,78635.73,78494.59,78623.26,674705.0
2026-08-10 09:20:00,78621.7,78676.98,78569.53,78573.59,866468.0
2026-08-10 09:25:00,78578.12,78580.93,78438.48,78455.2,312505.0
2026-08-10 09:30:00,78445.2,78458.53,78365.45,78384.65,328395.0
2026-08-10 09:35:00,78380.85,78380.85,78298.92,78368.08,734612.0
2026-08-10 09:40:00,78369.31,78371.37,78314.8,78347.84,221316.0
2026-08-10 09:45:00,78351.65,78400.21,78335.24,78371.99,181518.0
2026-08-10 09:50:00,78373.64,78411.13,78357.31,78365.14,215229.0
2026-08-10 09:55:00,78362.2,78389.23,78350.54,78382.74,295537.0
2026-08-10 10:00:00,78384.84,78441.66,78382.34,78405.96,241315.0
2026-08-10 10:05:00,78407.82,78440.12,78383.34,78393.16,156101.0
2026-08-10 10:10:00,78391.38,78438.63,78387.65,78437.74,136077.0
2026-08-10 10:15:00,78436.53,78530.69,78426.1,78523.35,181716.0
2026-08-10 10:20:00,78523.74,78589.73,78522.98,78588.82,186730.0
2026-08-10 10:25:00,78588.2,78605.5,78551.26,78596.95,98470.0
2026-08-10 10:30:00,78601.22,78621.36,78575.16,78575.85,125406.0
2026-08-10 10:35:00,78578.49,78603.27,78568.07,78592.87,128400.0
2026-08-10 10:40:00,78590.17,78620.08,78584.88,78618.09,137366.0
2026-08-10 10:45:00,78619.67,78658.02,78607.09,78626.46,281099.0
2026-08-10 10:50:00,78628.26,78628.48,78578.2,78579.54,110876.0
2026-08-10 10:55:00,78579.54,78594.08,78570.32,78580.38,76668.0
2026-08-10 11:00:00,78577.25,78616.81,78577.25,78606.55,123004.0
2026-08-10 11:05:00,78609.28,78617.01,78574.27,78582.6,658126.0
2026-08-10 11:10:00,78580.64,78605.59,78561.73,78602.69,171635.0
2026-08-10 11:15:00,78602.69,78621.73,78584.55,78614.45,156548.0
2026-08-10 11:20:00,78609.56,78626.6,78592.32,78607.24,95776.0
2026-08-10 11:25:00,78607.24,78640.87,78602.37,78631.24,222905.0
2026-08-10 11:30:00,78626.51,78627.76,78550.03,78561.31,238675.0
2026-08-10 11:35:00,78561.88,78609.06,78554.87,78588.19,94551.0
2026-08-10 11:40:00,78588.19,78610.87,78555.49,78555.49,269489.0
2026-08-10 11:45:00,78554.23,78599.01,78532.7,78574.63,229658.0
2026-08-10 11:50:00,78574.93,78606.92,78567.35,78570.73,119242.0
2026-08-10 11:55:00,78569.73,78585.42,78548.01,78567.6,465800.0
2026-08-10 12:00:00,78567.6,78585.36,78547.71,78577.2,93886.0
2026-08-10 12:05:00,78577.2,78584.48,78558.74,78570.95,110987.0
2026-08-10 12:10:00,78573.84,78630.67,78573.84,78621.08,95769.0
2026-08-10 12:15:00,78621.33,78666.41,78613.94,78632.3,84903.0
2026-08-10 12:20:00,78629.74,78641.87,78607.43,78613.78,666644.0
2026-08-10 12:25:00,78608.48,78649.27,78605.63,78635.89,113321.0
2026-08-10 12:30:00,78637.0,78661.24,78629.77,78634.61,106618.0
2026-08-10 12:35:00,78634.14,78655.5,78612.32,78649.0,113673.0
2026-08-10 12:40:00,78646.64,78655.68,78609.14,78609.14,97587.0
2026-08-10 12:45:00,78613.93,78616.26,78587.47,78589.06,69071.0
2026-08-10 12:50:00,78592.39,78603.21,78560.68,78571.15,83635.0
2026-08-10 12:55:00,78573.5,78574.69,78544.42,78557.59,74855.0
2026-08-10 13:00:00,78556.95,78571.91,78534.94,78565.08,83629.0
2026-08-10 13:05:00,78565.27,78581.64,78522.37,78522.37,95431.0
2026-08-10 13:10:00,78524.49,78539.98,78499.79,78507.58,102333.0
2026-08-10 13:15:00,78508.67,78553.26,78503.18,78549.99,47027.0
2026-08-10 13:20:00,78549.79,78552.59,78530.36,78539.1,76091.0
2026-08-10 13:25:00,78539.43,78573.33,78539.07,78558.1,48600.0
2026-08-10 13:30:00,78558.1,78582.45,78551.64,78581.55,52746.0
2026-08-10 13:35:00,78583.08,78594.37,78571.32,78576.71,172716.0
2026-08-10 13:40:00,78576.71,78607.16,78571.08,78607.16,45299.0
2026-08-10 13:45:00,78606.91,78615.3,78569.57,78595.12,4573144.0
2026-08-10 13:50:00,78595.8,78607.51,78586.07,78600.05,107755.0
2026-08-10 13:55:00,78596.97,78602.22,78551.62,78551.72,50089.0
2026-08-10 14:00:00,78550.74,78574.86,78523.78,78538.09,138989.0
2026-08-10 14:05:00,78538.95,78589.32,78538.95,78565.73,71793.0
2026-08-10 14:10:00,78563.99,78571.23,78539.73,78539.73,77843.0
2026-08-10 14:15:00,78540.32,78557.46,78524.87,78529.52,174810.0
2026-08-10 14:20:00,78530.96,78557.22,78530.29,78541.5,101232.0
2026-08-10 14:25:00,78540.11,78575.24,78535.78,78535.78,166329.0
2026-08-10 14:30:00,78538.36,78559.5,78508.7,78520.08,151343.0
2026-08-10 14:35:00,78519.78,78526.02,78492.34,78506.17,106525.0
2026-08-10 14:40:00,78506.68,78517.12,78477.87,78497.95,9795833.0
2026-08-10 14:45:00,78498.62,78498.62,78453.34,78458.02,298649.0
2026-08-10 14:50:00,78456.67,78463.43,78432.08,78456.46,560812.0
2026-08-10 14:55:00,78456.85,78485.95,78447.04,78480.4,219479.0
2026-08-10 15:00:00,78477.96,78508.7,78426.28,78502.36,258972.0
2026-08-10 15:05:00,78502.55,78510.65,78457.22,78458.87,277471.0
2026-08-10 15:10:00,78456.34,78482.69,78424.28,78478.66,137658.0
2026-08-10 15:15:00,78478.66,78478.66,78478.66,78478.66,86350.0
2026-08-10 15:20:00,78478.66,78478.66,78478.66,78478.66,86350.0
2026-08-10 15:25:00,78478.66,78542.44,78478.66,78542.44,86350.0
2026-08-11 09:15:00,78509.77,78509.77,78225.55,78239.55,526583.0
2026-08-11 09:20:00,78240.52,78247.75,78209.22,78233.24,723201.0
2026-08-11 09:25:00,78234.17,78258.8,78196.66,78212.9,242534.0
2026-08-11 09:30:00,78210.16,78232.97,78171.11,78215.75,193445.0
2026-08-11 09:35:00,78216.8,78246.15,78189.89,78197.18,162738.0
2026-08-11 09:40:00,78195.67,78201.63,78145.25,78181.94,212937.0
2026-08-11 09:45:00,78181.02,78197.53,78130.19,78148.2,176077.0
2026-08-11 09:50:00,78153.77,78174.52,78129.3,78138.16,112276.0
2026-08-11 09:55:00,78138.89,78201.88,78114.07,78198.83,143267.0
2026-08-11 10:00:00,78200.33,78221.73,78177.0,78208.37,80420.0
2026-08-11 10:05:00,78206.22,78208.5,78162.85,78174.98,99689.0
2026-08-11 10:10:00,78173.22,78183.09,78155.42,78156.36,136836.0
2026-08-11 10:15:00,78154.82,78172.27,78136.22,78143.31,93858.0
2026-08-11 10:20:00,78142.67,78165.51,78124.83,78154.98,143864.0
2026-08-11 10:25:00,78158.01,78195.33,78145.19,78183.56,93971.0
2026-08-11 10:30:00,78183.42,78194.85,78158.01,78184.58,62306.0
2026-08-11 10:35:00,78183.74,78198.32,78159.54,78189.25,42971.0
2026-08-11 10:40:00,78185.01,78197.51,78170.61,78170.61,167027.0
2026-08-11 10:45:00,78170.49,78176.87,78147.66,78154.91,57327.0
2026-08-11 10:50:00,78154.65,78201.37,78152.42,78186.84,190987.0
2026-08-11 10:55:00,78190.46,78205.86,78156.57,78162.64,110611.0
2026-08-11 11:00:00,78164.23,78170.95,78111.36,78113.46,85543.0
2026-08-11 11:05:00,78116.68,78131.23,78091.4,78091.4,551051.0
2026-08-11 11:10:00,78089.75,78121.74,78077.8,78106.04,62464.0
2026-08-11 11:15:00,78110.62,78124.48,78094.8,78108.12,123683.0
2026-08-11 11:20:00,78103.82,78115.31,78085.71,78092.41,141539.0
2026-08-11 11:25:00,78088.75,78103.61,78071.19,78092.87,64224.0
2026-08-11 11:30:00,78088.39,78099.26,78069.77,78091.46,66014.0
2026-08-11 11:35:00,78089.72,78110.39,78075.75,78107.0,86066.0
2026-08-11 11:40:00,78109.73,78127.52,78103.72,78114.9,165205.0
2026-08-11 11:45:00,78116.19,78136.15,78102.74,78126.81,131922.0
2026-08-11 11:50:00,78127.24,78134.19,78082.25,78083.61,88151.0
2026-08-11 11:55:00,78086.51,78104.08,78070.14,78102.81,103712.0
2026-08-11 12:00:00,78104.01,78104.75,78050.98,78058.83,65664.0
2026-08-11 12:05:00,78057.09,78078.67,78048.26,78068.4,73648.0
2026-08-11 12:10:00,78068.4,78118.3,78064.87,78097.72,107906.0
2026-08-11 12:15:00,78093.73,78103.61,78066.33,78090.38,51766.0
2026-08-11 12:20:00,78090.38,78107.84,78076.59,78082.33,66786.0
2026-08-11 12:25:00,78082.82,78101.2,78065.35,78101.2,1279575.0
2026-08-11 12:30:00,78100.87,78101.48,78082.25,78098.98,95383.0
2026-08-11 12:35:00,78099.27,78109.02,78079.22,78079.22,72120.0
2026-08-11 12:40:00,78079.22,78140.89,78072.05,78128.88,107684.0
2026-08-11 12:45:00,78128.63,78166.46,78121.63,78158.58,1262948.0
2026-08-11 12:50:00,78159.85,78166.19,78128.39,78131.4,365855.0
2026-08-11 12:55:00,78130.79,78133.98,78102.15,78102.39,307269.0
2026-08-11 13:00:00,78103.33,78151.81,78096.66,78150.11,88159.0
2026-08-11 13:05:00,78150.11,78187.32,78132.23,78184.41,106503.0
2026-08-11 13:10:00,78184.41,78188.22,78139.87,78158.96,105992.0
2026-08-11 13:15:00,78158.34,78161.66,78112.38,78145.53,81486.0
2026-08-11 13:20:00,78144.14,78148.91,78120.76,78141.93,141136.0
2026-08-11 13:25:00,78141.27,78211.69,78139.56,78155.17,123066.0
2026-08-11 13:30:00,78156.32,78210.33,78150.67,78200.48,105326.0
2026-08-11 13:35:00,78199.77,78206.07,78139.33,78149.08,245451.0
2026-08-11 13:40:00,78147.67,78184.31,78147.29,78171.8,63352.0
2026-08-11 13:45:00,78171.8,78186.16,78156.9,78156.9,54116.0
2026-08-11 13:50:00,78157.24,78174.2,78133.36,78141.41,80690.0
2026-08-11 13:55:00,78138.31,78143.36,78115.65,78131.85,80504.0
2026-08-11 14:00:00,78133.27,78152.73,78118.47,78134.06,116245.0
2026-08-11 14:05:00,78132.29,78179.77,78114.87,78177.06,102494.0
2026-08-11 14:10:00,78177.37,78194.05,78139.08,78191.81,87269.0
2026-08-11 14:15:00,78192.01,78197.44,78154.29,78154.29,50898.0
2026-08-11 14:20:00,78150.4,78171.47,78137.53,78158.72,106524.0
2026-08-11 14:25:00,78157.82,78195.55,78132.33,78135.9,281200.0
2026-08-11 14:30:00,78136.5,78141.13,78102.88,78122.71,100136.0
2026-08-11 14:35:00,78122.1,78138.18,78095.41,78099.76,96818.0
2026-08-11 14:40:00,78099.76,78140.16,78099.55,78138.04,58572.0
2026-08-11 14:45:00,78138.25,78151.7,78126.32,78149.34,119997.0
2026-08-11 14:50:00,78147.71,78169.17,78139.06,78161.59,3398235.0
2026-08-11 14:55:00,78160.23,78196.5,78154.54,78177.8,105082.0
2026-08-11 15:00:00,78177.36,78218.35,78167.91,78218.35,216260.0
2026-08-11 15:05:00,78219.56,78232.73,78150.99,78169.28,965318.0
2026-08-11 15:10:00,78167.48,78189.9,78118.77,78151.73,904357.0
2026-08-11 15:15:00,78148.22,78148.22,78148.22,78148.22,182075.0
2026-08-11 15:20:00,78148.22,78148.22,78148.22,78148.22,182075.0
2026-08-11 15:25:00,78148.22,78154.25,78148.22,78154.25,182075.0
2026-08-12 09:15:00,78244.92,78244.92,77881.1,77928.71,500801.0
2026-08-12 09:20:00,77927.95,78015.43,77907.8,78014.51,311151.0
2026-08-12 09:25:00,78014.63,78138.19,78014.63,78118.9,186056.0
2026-08-12 09:30:00,78119.95,78125.17,78040.48,78082.54,148760.0
2026-08-12 09:35:00,78082.62,78087.46,78007.0,78020.33,127509.0
2026-08-12 09:40:00,78020.78,78067.16,78018.67,78028.96,249275.0
2026-08-12 09:45:00,78030.26,78030.26,77932.41,77935.75,143200.0
2026-08-12 09:50:00,77933.1,77980.19,77910.28,77977.69,156689.0
2026-08-12 09:55:00,77978.7,77982.16,77872.81,77880.08,156212.0
2026-08-12 10:00:00,77883.25,77886.49,77812.45,77829.39,182580.0
2026-08-12 10:05:00,77831.94,77842.36,77802.03,77817.78,132896.0
2026-08-12 10:10:00,77820.59,77847.0,77803.95,77812.76,116363.0
2026-08-12 10:15:00,77796.6,77872.76,77784.04,77832.52,126826.0
2026-08-12 10:20:00,77831.78,77860.98,77812.04,77834.89,180278.0
2026-08-12 10:25:00,77834.89,77871.18,77820.33,77827.5,51676.0
2026-08-12 10:30:00,77828.75,77938.92,77822.29,77918.74,115263.0
2026-08-12 10:35:00,77919.36,77921.85,77860.45,77894.57,95262.0
2026-08-12 10:40:00,77892.52,77900.87,77810.52,77850.49,135388.0
2026-08-12 10:45:00,77846.19,77846.19,77767.55,77782.59,611556.0
2026-08-12 10:50:00,77783.29,77793.07,77770.76,77781.53,94701.0
2026-08-12 10:55:00,77780.67,77780.94,77636.55,77651.31,455732.0
2026-08-12 11:00:00,77652.37,77660.29,77581.89,77596.25,411852.0
2026-08-12 11:05:00,77594.66,77631.49,77573.8,77622.87,188139.0
2026-08-12 11:10:00,77626.68,77660.3,77586.21,77620.57,177524.0
2026-08-12 11:15:00,77620.02,77632.25,77599.6,77627.51,423021.0
2026-08-12 11:20:00,77626.83,77684.33,77605.3,77645.77,179807.0
2026-08-12 11:25:00,77645.51,77647.06,77602.71,77620.16,219892.0
2026-08-12 11:30:00,77619.9,77644.07,77581.66,77638.14,130329.0
2026-08-12 11:35:00,77637.45,77637.45,77570.87,77584.57,170641.0
2026-08-12 11:40:00,77583.81,77605.97,77545.26,77601.71,87263.0
2026-08-12 11:45:00,77604.4,77608.23,77566.1,77589.56,128432.0
2026-08-12 11:50:00,77589.56,77589.56,77549.04,77552.91,144460.0
2026-08-12 11:55:00,77554.49,77561.48,77525.63,77546.34,60982.0
2026-08-12 12:00:00,77546.34,77557.44,77528.75,77528.75,121767.0
2026-08-12 12:05:00,77527.47,77553.31,77518.52,77529.27,94297.0
2026-08-12 12:10:00,77529.27,77531.59,77497.93,77500.49,205129.0
2026-08-12 12:15:00,77499.96,77539.2,77499.96,77533.13,121973.0
2026-08-12 12:20:00,77531.2,77539.13,77517.8,77525.81,128845.0
2026-08-12 12:25:00,77528.52,77550.57,77521.78,77549.66,92629.0
2026-08-12 12:30:00,77547.98,77587.45,77537.19,77580.33,184659.0
2026-08-12 12:35:00,77581.07,77594.72,77562.08,77587.66,162477.0
2026-08-12 12:40:00,77587.66,77626.58,77560.78,77565.0,239922.0
2026-08-12 12:45:00,77564.59,77581.56,77541.95,77568.93,100526.0
2026-08-12 12:50:00,77568.92,77595.76,77548.4,77548.4,378334.0
2026-08-12 12:55:00,77552.1,77552.49,77517.59,77546.87,164954.0
2026-08-12 13:00:00,77540.75,77573.7,77525.84,77561.26,139828.0
2026-08-12 13:05:00,77560.15,77563.5,77546.0,77557.08,64569.0
2026-08-12 13:10:00,77558.88,77574.98,77539.31,77574.69,131602.0
2026-08-12 13:15:00,77566.15,77615.56,77558.25,77600.2,143379.0
2026-08-12 13:20:00,77600.88,77608.01,77586.0,77600.99,79550.0
2026-08-12 13:25:00,77601.92,77607.57,77555.68,77580.25,75569.0
2026-08-12 13:30:00,77580.98,77597.88,77576.56,77590.2,68013.0
2026-08-12 13:35:00,77592.32,77621.08,77587.1,77594.16,71616.0
2026-08-12 13:40:00,77594.77,77611.33,77576.63,77583.42,96017.0
2026-08-12 13:45:00,77583.33,77591.69,77567.89,77585.62,41616.0
2026-08-12 13:50:00,77581.72,77592.27,77576.46,77582.22,36809.0
2026-08-12 13:55:00,77582.09,77586.39,77554.95,77566.74,36262.0
2026-08-12 14:00:00,77567.1,77579.01,77551.63,77552.39,90830.0
2026-08-12 14:05:00,77554.32,77574.81,77551.75,77569.54,65511.0
2026-08-12 14:10:00,77570.72,77575.45,77547.05,77553.15,98571.0
2026-08-12 14:15:00,77554.98,77595.34,77554.52,77592.63,131980.0
2026-08-12 14:20:00,77592.63,77609.47,77579.17,77598.11,194089.0
2026-08-12 14:25:00,77600.68,77630.67,77591.07,77629.24,193538.0
2026-08-12 14:30:00,77631.76,77729.04,77603.0,77707.21,1321306.0
2026-08-12 14:35:00,77706.98,77712.75,77663.47,77700.05,137476.0
2026-08-12 14:40:00,77698.76,77754.51,77688.74,77731.11,154261.0
2026-08-12 14:45:00,77731.21,77757.56,77703.86,77716.21,125594.0
2026-08-12 14:50:00,77717.94,77864.37,77700.14,77864.37,224579.0
2026-08-12 14:55:00,77862.07,77904.23,77809.86,77868.22,202651.0
2026-08-12 15:00:00,77878.36,77907.93,77849.68,77863.36,239461.0
2026-08-12 15:05:00,77860.68,77867.82,77801.95,77835.79,166353.0
2026-08-12 15:10:00,77840.07,77914.47,77829.97,77889.97,227520.0
2026-08-12 15:15:00,77889.97,77889.97,77889.97,77889.97,248790.0
2026-08-12 15:20:00,77889.97,77889.97,77889.97,77889.97,248790.0
2026-08-12 15:25:00,77889.97,77966.35,77889.97,77966.35,248790.0
2026-08-13 09:15:00,78111.91,78119.39,77781.6,77808.12,446818.0
2026-08-13 09:20:00,77809.74,77839.37,77779.89,77810.19,178898.0
2026-08-13 09:25:00,77808.97,77814.82,77743.38,77787.51,152980.0
2026-08-13 09:30:00,77793.69,77800.44,77709.63,77726.95,207999.0
2026-08-13 09:35:00,77728.29,77795.09,77722.35,77793.45,220141.0
2026-08-13 09:40:00,77792.34,77823.5,77772.92,77802.56,1485185.0
2026-08-13 09:45:00,77804.61,77835.71,77755.39,77810.2,192743.0
2026-08-13 09:50:00,77810.2,77834.18,77772.72,77823.66,153342.0
2026-08-13 09:55:00,77821.55,77833.95,77779.4,77824.47,137337.0
2026-08-13 10:00:00,77823.81,77831.2,77785.23,77790.05,492586.0
2026-08-13 10:05:00,77789.86,77830.7,77757.04,77757.04,193685.0
2026-08-13 10:10:00,77752.68,77814.29,77735.25,77778.2,200949.0
2026-08-13 10:15:00,77779.17,77803.5,77737.05,77766.62,163352.0
2026-08-13 10:20:00,77765.86,77773.87,77713.83,77716.03,124932.0
2026-08-13 10:25:00,77720.78,77753.92,77699.32,77708.58,143572.0
2026-08-13 10:30:00,77709.65,77730.5,77665.89,77727.51,160488.0
2026-08-13 10:35:00,77725.3,77748.79,77678.23,77734.43,149549.0
2026-08-13 10:40:00,77735.14,77763.17,77711.81,77751.34,178911.0
2026-08-13 10:45:00,77754.43,77776.32,77721.1,77776.18,462130.0
2026-08-13 10:50:00,77776.15,77809.29,77757.91,77777.31,156375.0
2026-08-13 10:55:00,77787.16,77795.67,77759.98,77778.13,105932.0
2026-08-13 11:00:00,77778.63,77779.21,77707.62,77734.0,128859.0
2026-08-13 11:05:00,77736.22,77736.86,77681.83,77721.08,49553.0
2026-08-13 11:10:00,77723.01,77742.73,77682.8,77702.14,73727.0
2026-08-13 11:15:00,77702.14,77728.55,77698.3,77728.55,62677.0
2026-08-13 11:20:00,77729.45,77770.89,77679.04,77738.91,373216.0
2026-08-13 11:25:00,77738.84,77785.98,77734.92,77775.41,91964.0
2026-08-13 11:30:00,77775.01,77817.38,77775.01,77810.62,1702041.0
2026-08-13 11:35:00,77809.04,77840.77,77791.28,77838.23,374919.0
2026-08-13 11:40:00,77838.59,77853.86,77801.34,77821.41,311667.0
2026-08-13 11:45:00,77821.75,77850.36,77813.17,77844.34,97244.0
2026-08-13 11:50:00,77842.58,77858.16,77835.19,77843.9,75525.0
2026-08-13 11:55:00,77846.37,77936.01,77823.51,77936.01,110913.0
2026-08-13 12:00:00,77936.86,78028.64,77936.13,78022.47,102045.0
2026-08-13 12:05:00,78020.37,78026.21,77993.98,77998.09,143546.0
2026-08-13 12:10:00,77996.65,78009.41,77955.69,77963.48,481781.0
2026-08-13 12:15:00,77962.99,77983.11,77946.8,77954.2,481254.0
2026-08-13 12:20:00,77954.86,77992.82,77938.1,77992.82,187805.0
2026-08-13 12:25:00,77991.42,78000.18,77961.84,77968.17,119522.0
2026-08-13 12:30:00,77968.17,77985.71,77957.74,77982.86,167912.0
2026-08-13 12:35:00,77982.86,77984.64,77941.45,77968.22,240352.0
2026-08-13 12:40:00,77969.39,77994.3,77958.05,77970.06,170657.0
2026-08-13 12:45:00,77968.77,77973.14,77916.32,77923.86,399625.0
2026-08-13 12:50:00,77920.1,77920.4,77877.4,77895.89,249727.0
2026-08-13 12:55:00,77896.74,77897.54,77867.15,77886.42,62705.0
2026-08-13 13:00:00,77889.4,77909.33,77860.52,77872.34,237854.0
2026-08-13 13:05:00,77880.65,77895.44,77853.8,77877.84,50731.0
2026-08-13 13:10:00,77882.05,77910.99,77838.73,77860.49,166462.0
2026-08-13 13:15:00,77886.24,77920.82,77802.53,77830.18,835011.0
2026-08-13 13:20:00,77832.82,77875.0,77829.44,77869.64,416654.0
2026-08-13 13:25:00,77861.62,77870.87,77795.52,77856.98,290691.0
2026-08-13 13:30:00,77857.13,77897.27,77813.04,77832.88,304979.0
2026-08-13 13:35:00,77828.52,77883.89,77825.11,77859.57,88171.0
2026-08-13 13:40:00,77859.57,77976.38,77854.96,77936.49,178489.0
2026-08-13 13:45:00,77936.16,78016.44,77881.55,77914.52,698858.0
2026-08-13 13:50:00,77916.0,77952.31,77903.15,77947.72,154074.0
2026-08-13 13:55:00,77952.47,78004.3,77935.15,77984.11,129786.0
2026-08-13 14:00:00,77985.54,77985.54,77896.52,77922.2,74555.0
2026-08-13 14:05:00,77923.25,77924.2,77829.1,77862.37,600830.0
2026-08-13 14:10:00,77860.8,77869.84,77815.97,77852.79,287345.0
2026-08-13 14:15:00,77852.05,77860.4,77815.14,77854.79,53226.0
2026-08-13 14:20:00,77856.48,77932.34,77856.48,77896.36,170924.0
2026-08-13 14:25:00,77901.13,77916.67,77851.7,77874.81,599858.0
2026-08-13 14:30:00,77880.95,77951.13,77853.82,77871.79,940156.0
2026-08-13 14:35:00,77855.77,77892.81,77804.46,77864.9,353033.0
2026-08-13 14:40:00,77864.74,77893.0,77845.94,77850.97,100267.0
2026-08-13 14:45:00,77849.56,77855.16,77804.52,77831.67,72751.0
2026-08-13 14:50:00,77833.38,77845.29,77798.51,77827.33,124782.0
2026-08-13 14:55:00,77826.85,77853.33,77763.78,77786.0,311402.0
2026-08-13 15:00:00,77788.96,77894.61,77768.87,77852.47,879450.0
2026-08-13 15:05:00,77849.63,77883.2,77778.12,77834.48,788511.0
2026-08-13 15:10:00,77833.14,77892.99,77772.36,77854.84,538450.0
2026-08-13 15:15:00,77861.48,77861.48,77861.48,77861.48,176640.0
2026-08-13 15:20:00,77861.48,77861.48,77861.48,77861.48,176640.0
2026-08-13 15:25:00,77861.48,78079.96,77861.48,78079.96,176640.0
2026-08-14 09:15:00,77903.43,77923.58,77750.57,77778.41,2420728.0
2026-08-14 09:20:00,77778.04,77815.66,77747.32,77786.31,330911.0
2026-08-14 09:25:00,77787.64,77788.47,77732.98,77740.33,697544.0
2026-08-14 09:30:00,77737.21,77824.65,77722.93,77790.25,291405.0
2026-08-14 09:35:00,77790.14,77847.21,77785.92,77833.03,353367.0
2026-08-14 09:40:00,77832.11,77834.2,77790.56,77814.07,251392.0
2026-08-14 09:45:00,77816.93,77869.27,77816.93,77848.46,737272.0
2026-08-14 09:50:00,77849.08,77855.95,77797.87,77801.34,159458.0
2026-08-14 09:55:00,77800.29,77849.98,77790.08,77842.52,174249.0
2026-08-14 10:00:00,77841.55,77872.83,77837.29,77868.96,135626.0
2026-08-14 10:05:00,77874.05,77885.67,77842.38,77885.67,335166.0
2026-08-14 10:10:00,77889.54,77897.69,77851.44,77856.97,74308.0
2026-08-14 10:15:00,77852.88,77858.15,77811.03,77811.03,112284.0
2026-08-14 10:20:00,77812.33,77827.5,77793.6,77798.17,73716.0
2026-08-14 10:25:00,77797.86,77801.91,77783.22,77787.62,77359.0
2026-08-14 10:30:00,77786.97,77790.6,77684.37,77701.59,229041.0
2026-08-14 10:35:00,77704.26,77755.74,77703.66,77750.21,122545.0
2026-08-14 10:40:00,77749.11,77766.28,77739.21,77764.98,451881.0
2026-08-14 10:45:00,77765.36,77809.35,77762.85,77803.13,102486.0
2026-08-14 10:50:00,77802.74,77822.73,77797.87,77811.57,110417.0
2026-08-14 10:55:00,77813.67,77820.39,77739.07,77745.71,135898.0
2026-08-14 11:00:00,77744.11,77781.28,77726.48,77770.63,132454.0
2026-08-14 11:05:00,77768.38,77776.88,77740.35,77750.3,94775.0
2026-08-14 11:10:00,77750.3,77770.83,77750.3,77766.85,113138.0
2026-08-14 11:15:00,77768.43,77803.04,77754.18,77796.12,98346.0
2026-08-14 11:20:00,77798.3,77819.6,77782.88,77788.96,196985.0
2026-08-14 11:25:00,77788.96,77792.55,77744.32,77747.15,99284.0
2026-08-14 11:30:00,77746.8,77769.45,77726.63,77759.8,76251.0
2026-08-14 11:35:00,77763.05,77772.18,77741.15,77771.77,91677.0
2026-08-14 11:40:00,77771.03,77806.6,77769.26,77798.58,49855.0
2026-08-14 11:45:00,77798.63,77827.08,77781.63,77787.56,110552.0
2026-08-14 11:50:00,77787.56,77818.3,77779.93,77796.25,241794.0
2026-08-14 11:55:00,77796.57,77808.95,77776.21,77794.06,91269.0
2026-08-14 12:00:00,77794.06,77795.07,77766.12,77775.1,294097.0
2026-08-14 12:05:00,77775.1,77830.26,77770.71,77811.24,302962.0
2026-08-14 12:10:00,77811.24,77844.62,77811.24,77832.8,322505.0
2026-08-14 12:15:00,77834.38,77857.15,77833.65,77854.88,91795.0
2026-08-14 12:20:00,77854.52,77873.78,77848.31,77872.89,263763.0
2026-08-14 12:25:00,77872.48,77872.48,77841.44,77858.3,37859.0
2026-08-14 12:30:00,77857.85,77859.9,77833.58,77837.32,38583.0
2026-08-14 12:35:00,77843.34,77853.89,77830.86,77840.22,58668.0
2026-08-14 12:40:00,77843.81,77846.28,77805.3,77815.46,111033.0
2026-08-14 12:45:00,77811.23,77853.89,77810.24,77852.62,127116.0
2026-08-14 12:50:00,77854.67,77872.01,77844.39,77865.34,266851.0
2026-08-14 12:55:00,77869.07,77869.42,77846.92,77848.81,133294.0
2026-08-14 13:00:00,77849.55,77862.02,77842.1,77848.74,76139.0
2026-08-14 13:05:00,77847.26,77853.95,77830.19,77839.5,75050.0
2026-08-14 13:10:00,77836.55,77851.58,77827.16,77847.55,303090.0
2026-08-14 13:15:00,77846.43,77859.37,77828.76,77840.92,64142.0
2026-08-14 13:20:00,77840.92,77853.59,77828.53,77843.7,103788.0
2026-08-14 13:25:00,77845.04,77848.03,77825.6,77841.18,58943.0
2026-08-14 13:30:00,77837.36,77838.67,77789.53,77792.44,53810.0
2026-08-14 13:35:00,77792.67,77860.62,77788.09,77857.22,132670.0
2026-08-14 13:40:00,77861.08,77897.91,77856.53,77894.25,63485.0
2026-08-14 13:45:00,77894.25,78007.49,77893.6,77986.35,140756.0
2026-08-14 13:50:00,77984.77,78004.94,77975.88,77999.94,80366.0
2026-08-14 13:55:00,77999.32,78023.43,77979.47,78018.61,48777.0
2026-08-14 14:00:00,78017.6,78048.91,78013.25,78021.51,81500.0
2026-08-14 14:05:00,78024.76,78030.82,77998.11,78011.12,129023.0
2026-08-14 14:10:00,78013.22,78014.45,77984.14,77989.22,76709.0
2026-08-14 14:15:00,77990.14,78006.43,77972.26,77976.25,78386.0
2026-08-14 14:20:00,77976.38,77984.58,77942.1,77954.65,84448.0
2026-08-14 14:25:00,77955.21,77965.48,77933.34,77941.68,67748.0
2026-08-14 14:30:00,77943.15,77948.87,77929.09,77933.87,58709.0
2026-08-14 14:35:00,77939.15,77950.0,77924.9,77933.25,90800.0
2026-08-14 14:40:00,77935.0,77953.74,77930.61,77934.75,67808.0
2026-08-14 14:45:00,77939.02,77948.22,77914.12,77918.42,103986.0
2026-08-14 14:50:00,77919.33,77982.06,77919.33,77970.26,93219.0
2026-08-14 14:55:00,77978.04,77984.51,77947.01,77947.86,108259.0
2026-08-14 15:00:00,77944.75,77979.39,77937.82,77946.93,131122.0
2026-08-14 15:05:00,77945.13,77962.92,77924.26,77939.85,137953.0
2026-08-14 15:10:00,77939.87,77968.39,77877.44,77921.91,165704.0
2026-08-14 15:15:00,77931.1,77931.1,77931.1,77931.1,151505.0
2026-08-14 15:20:00,77931.1,77931.1,77931.1,77931.1,151505.0
2026-08-14 15:25:00,77931.1,78009.25,77931.1,78009.25,151505.0
2026-08-17 09:15:00,77892.92,77928.68,77655.64,77718.47,355940.0
2026-08-17 09:20:00,77713.37,77733.45,77684.41,77718.49,192325.0
2026-08-17 09:25:00,77722.13,77753.44,77707.65,77742.3,158509.0
2026-08-17 09:30:00,77738.86,77740.92,77640.39,77653.32,132177.0
2026-08-17 09:35:00,77653.32,77701.88,77652.75,77681.95,159827.0
2026-08-17 09:40:00,77682.21,77744.19,77677.51,77712.47,105757.0
2026-08-17 09:45:00,77708.73,77719.31,77677.27,77699.86,79887.0
2026-08-17 09:50:00,77700.31,77722.25,77674.1,77697.35,120847.0
2026-08-17 09:55:00,77700.72,77705.23,77640.81,77640.81,127839.0
2026-08-17 10:00:00,77638.68,77676.57,77630.17,77661.97,69954.0
2026-08-17 10:05:00,77660.65,77685.23,77651.29,77661.7,123671.0
2026-08-17 10:10:00,77666.84,77668.79,77626.88,77641.5,64100.0
2026-08-17 10:15:00,77643.15,77645.8,77564.19,77582.22,75822.0
2026-08-17 10:20:00,77583.98,77588.11,77548.33,77550.92,63447.0
2026-08-17 10:25:00,77547.97,77587.44,77545.99,77583.9,88679.0
2026-08-17 10:30:00,77583.83,77583.83,77544.68,77552.35,82218.0
2026-08-17 10:35:00,77552.04,77563.37,77539.85,77544.29,99011.0
2026-08-17 10:40:00,77544.29,77558.3,77492.8,77508.16,111087.0
2026-08-17 10:45:00,77505.68,77509.82,77468.19,77509.82,64039.0
2026-08-17 10:50:00,77510.75,77529.49,77505.32,77517.28,63472.0
2026-08-17 10:55:00,77517.93,77535.53,77504.48,77509.36,79856.0
2026-08-17 11:00:00,77513.69,77523.84,77487.57,77511.95,89605.0
2026-08-17 11:05:00,77514.52,77516.52,77475.16,77493.29,71065.0
2026-08-17 11:10:00,77490.97,77496.64,77476.15,77486.25,375879.0
2026-08-17 11:15:00,77486.06,77496.59,77472.05,77483.87,72911.0
2026-08-17 11:20:00,77482.29,77489.68,77456.35,77458.94,371848.0
2026-08-17 11:25:00,77456.79,77512.19,77453.75,77492.12,57469.0
2026-08-17 11:30:00,77494.89,77507.18,77470.53,77495.0,36805.0
2026-08-17 11:35:00,77494.15,77517.93,77489.59,77490.11,45882.0
2026-08-17 11:40:00,77489.7,77513.85,77482.91,77503.5,99803.0
2026-08-17 11:45:00,77505.54,77555.28,77495.09,77550.61,116857.0
2026-08-17 11:50:00,77552.01,77607.18,77541.97,77574.45,388779.0
2026-08-17 11:55:00,77574.45,77615.07,77573.36,77600.65,58284.0
2026-08-17 12:00:00,77600.92,77619.4,77584.13,77584.13,74956.0
2026-08-17 12:05:00,77585.42,77600.77,77574.67,77583.22,68601.0
2026-08-17 12:10:00,77583.22,77613.04,77557.23,77610.53,44619.0
2026-08-17 12:15:00,77610.56,77659.7,77600.84,77658.49,42327.0
2026-08-17 12:20:00,77654.86,77659.69,77640.66,77654.53,27083.0
2026-08-17 12:25:00,77655.05,77675.28,77648.79,77662.36,290867.0
2026-08-17 12:30:00,77662.36,77701.69,77653.88,77691.74,61926.0
2026-08-17 12:35:00,77690.93,77726.97,77681.44,77707.7,550942.0
2026-08-17 12:40:00,77708.55,77729.57,77698.89,77721.89,43162.0
2026-08-17 12:45:00,77721.89,77809.08,77721.89,77788.25,134519.0
2026-08-17 12:50:00,77788.4,77831.09,77785.55,77809.28,87753.0
2026-08-17 12:55:00,77809.28,77825.77,77778.91,77824.74,63267.0
2026-08-17 13:00:00,77824.74,77895.67,77824.74,77870.33,88242.0
2026-08-17 13:05:00,77871.73,77882.96,77832.86,77846.19,96646.0
2026-08-17 13:10:00,77841.69,77882.97,77830.55,77876.39,70084.0
2026-08-17 13:15:00,77870.66,77893.87,77856.33,77872.63,105832.0
2026-08-17 13:20:00,77868.77,77877.45,77843.61,77862.4,78293.0
2026-08-17 13:25:00,77863.44,77889.09,77846.23,77884.68,74438.0
2026-08-17 13:30:00,77884.51,77893.07,77859.88,77874.98,90347.0
2026-08-17 13:35:00,77871.12,77878.52,77843.88,77861.93,44522.0
2026-08-17 13:40:00,77861.73,77895.47,77851.62,77888.98,67965.0
2026-08-17 13:45:00,77889.55,77902.59,77840.54,77849.34,27208.0
2026-08-17 13:50:00,77848.64,77855.36,77828.36,77840.39,54003.0
2026-08-17 13:55:00,77839.4,77851.34,77813.42,77839.44,51880.0
2026-08-17 14:00:00,77840.22,77866.8,77827.05,77850.81,85090.0
2026-08-17 14:05:00,77850.47,77863.42,77837.52,77847.99,31187.0
2026-08-17 14:10:00,77847.58,77847.58,77799.97,77806.41,68305.0
2026-08-17 14:15:00,77806.85,77847.43,77795.59,77844.22,132769.0
2026-08-17 14:20:00,77842.49,77843.12,77788.08,77790.07,39756.0
2026-08-17 14:25:00,77790.07,77804.32,77778.58,77788.16,44920.0
2026-08-17 14:30:00,77792.66,77808.21,77789.92,77803.08,32555.0
2026-08-17 14:35:00,77805.06,77806.17,77769.04,77799.01,69544.0
2026-08-17 14:40:00,77801.48,77833.68,77790.7,77820.55,77181.0
2026-08-17 14:45:00,77822.81,77839.28,77804.69,77832.84,58200.0
2026-08-17 14:50:00,77832.35,77857.77,77819.02,77853.9,222506.0
2026-08-17 14:55:00,77853.59,77858.7,77817.2,77841.66,227208.0
2026-08-17 15:00:00,77841.48,77895.06,77819.14,77888.56,500446.0
2026-08-17 15:05:00,77888.56,77889.21,77843.57,77871.8,197468.0
2026-08-17 15:10:00,77869.38,77916.87,77807.46,77844.43,311896.0
2026-08-17 15:15:00,77844.43,77844.43,77844.43,77844.43,293500.0
2026-08-17 15:20:00,77844.43,77844.43,77844.43,77844.43,293500.0
2026-08-17 15:25:00,77844.43,77844.43,77728.16,77728.16,293500.0
2026-08-18 09:15:00,77409.48,77538.48,77362.19,77481.72,457244.0
2026-08-18 09:20:00,77490.56,77505.67,77439.01,77501.57,300698.0
2026-08-18 09:25:00,77500.07,77575.21,77493.39,77505.62,307388.0
2026-08-18 09:30:00,77499.32,77500.54,77419.06,77460.37,196032.0
2026-08-18 09:35:00,77466.43,77514.08,77453.86,77512.27,146440.0
2026-08-18 09:40:00,77512.98,77518.31,77437.89,77438.3,134873.0
2026-08-18 09:45:00,77435.98,77459.16,77407.02,77451.92,141798.0
2026-08-18 09:50:00,77451.52,77479.64,77436.0,77464.4,106305.0
2026-08-18 09:55:00,77464.49,77464.49,77422.97,77452.3,115823.0
2026-08-18 10:00:00,77455.46,77455.46,77382.81,77416.45,348685.0
2026-08-18 10:05:00,77416.04,77427.22,77405.21,77412.95,84868.0
2026-08-18 10:10:00,77412.83,77423.98,77394.32,77408.33,82125.0
2026-08-18 10:15:00,77411.24,77411.24,77375.51,77394.77,93845.0
2026-08-18 10:20:00,77399.96,77408.25,77372.37,77401.09,76718.0
2026-08-18 10:25:00,77399.1,77451.36,77386.57,77444.48,77229.0
2026-08-18 10:30:00,77444.93,77462.04,77430.85,77457.52,58140.0
2026-08-18 10:35:00,77459.12,77463.85,77436.38,77441.34,76747.0
2026-08-18 10:40:00,77438.85,77440.61,77385.65,77400.14,61523.0
2026-08-18 10:45:00,77399.51,77400.31,77344.48,77364.51,80725.0
2026-08-18 10:50:00,77364.51,77383.84,77326.67,77338.78,110112.0
2026-08-18 10:55:00,77336.94,77363.4,77318.86,77359.69,66637.0
2026-08-18 11:00:00,77357.18,77377.46,77343.35,77368.93,82777.0
2026-08-18 11:05:00,77374.18,77398.59,77364.02,77390.64,84196.0
2026-08-18 11:10:00,77391.69,77391.69,77351.7,77371.05,166413.0
2026-08-18 11:15:00,77371.16,77388.39,77338.98,77347.16,302818.0
2026-08-18 11:20:00,77347.69,77351.23,77321.1,77337.89,121094.0
2026-08-18 11:25:00,77338.8,77341.93,77299.42,77307.92,134354.0
2026-08-18 11:30:00,77307.12,77329.17,77275.96,77322.83,104028.0
2026-08-18 11:35:00,77322.03,77364.26,77320.95,77348.9,188461.0
2026-08-18 11:40:00,77345.4,77368.91,77337.76,77353.54,60537.0
2026-08-18 11:45:00,77353.53,77370.73,77351.43,77366.15,52399.0
2026-08-18 11:50:00,77361.4,77407.52,77361.03,77364.2,48782.0
2026-08-18 11:55:00,77364.77,77384.38,77352.36,77383.53,39920.0
2026-08-18 12:00:00,77380.96,77413.32,77373.68,77410.04,62888.0
2026-08-18 12:05:00,77412.45,77432.56,77404.88,77424.91,42653.0
2026-08-18 12:10:00,77421.14,77430.2,77384.69,77402.35,248310.0
2026-08-18 12:15:00,77402.92,77409.71,77374.22,77386.36,148214.0
2026-08-18 12:20:00,77386.54,77401.53,77366.7,77372.6,55629.0
2026-08-18 12:25:00,77372.71,77403.54,77372.19,77390.48,124444.0
2026-08-18 12:30:00,77390.55,77414.93,77386.69,77401.03,44157.0
2026-08-18 12:35:00,77404.89,77411.62,77368.39,77376.04,81724.0
2026-08-18 12:40:00,77371.95,77379.31,77336.1,77336.3,48224.0
2026-08-18 12:45:00,77335.68,77366.56,77333.5,77365.91,38444.0
2026-08-18 12:50:00,77363.42,77385.5,77360.97,77366.39,35693.0
2026-08-18 12:55:00,77368.27,77380.19,77352.57,77359.31,43569.0
2026-08-18 13:00:00,77358.43,77361.37,77321.57,77336.34,34587.0
2026-08-18 13:05:00,77331.37,77360.21,77314.9,77359.02,27644.0
2026-08-18 13:10:00,77355.22,77373.17,77345.45,77361.95,75891.0
2026-08-18 13:15:00,77367.63,77395.84,77366.54,77384.38,212774.0
2026-08-18 13:20:00,77382.96,77395.95,77370.34,77391.19,76936.0
2026-08-18 13:25:00,77390.86,77390.86,77368.47,77384.46,48721.0
2026-08-18 13:30:00,77386.52,77392.63,77367.82,77379.25,130830.0
2026-08-18 13:35:00,77378.71,77381.69,77334.29,77344.18,43111.0
2026-08-18 13:40:00,77342.4,77379.82,77339.17,77376.13,84756.0
2026-08-18 13:45:00,77376.13,77388.62,77362.84,77380.51,48490.0
2026-08-18 13:50:00,77380.44,77389.55,77351.53,77366.11,76010.0
2026-08-18 13:55:00,77364.89,77369.43,77324.76,77347.94,59904.0
2026-08-18 14:00:00,77348.05,77389.06,77341.18,77389.06,60284.0
2026-08-18 14:05:00,77390.05,77394.85,77354.17,77354.81,55190.0
2026-08-18 14:10:00,77352.47,77361.69,77333.71,77355.46,64088.0
2026-08-18 14:15:00,77359.92,77365.53,77337.51,77337.88,67324.0
2026-08-18 14:20:00,77339.82,77358.65,77319.24,77351.54,73691.0
2026-08-18 14:25:00,77357.42,77376.14,77312.08,77365.07,511171.0
2026-08-18 14:30:00,77361.33,77386.88,77357.64,77371.53,82911.0
2026-08-18 14:35:00,77370.24,77390.24,77355.21,77386.37,111591.0
2026-08-18 14:40:00,77386.66,77402.0,77376.73,77397.03,116203.0
2026-08-18 14:45:00,77400.9,77409.5,77379.89,77400.02,106492.0
2026-08-18 14:50:00,77400.73,77430.69,77392.14,77399.31,91252.0
2026-08-18 14:55:00,77397.58,77445.81,77392.43,77425.33,75380.0
2026-08-18 15:00:00,77422.86,77472.8,77400.11,77401.3,116904.0
2026-08-18 15:05:00,77402.09,77409.8,77357.53,77365.43,379039.0
2026-08-18 15:10:00,77366.69,77405.53,77293.26,77313.02,123679.0
2026-08-18 15:15:00,77325.87,77325.87,77325.87,77325.87,164010.0
2026-08-18 15:20:00,77325.87,77325.87,77325.87,77325.87,164010.0
2026-08-18 15:25:00,77325.87,77325.87,77234.36,77235.46,164010.0
2026-08-19 09:15:00,77218.05,77347.81,77095.9,77135.17,494856.0
2026-08-19 09:20:00,77137.09,77149.85,77091.93,77092.95,195749.0
2026-08-19 09:25:00,77098.23,77099.69,77047.45,77067.55,212857.0
2026-08-19 09:30:00,77069.49,77072.2,76991.39,76994.24,167535.0
2026-08-19 09:35:00,76993.82,77021.47,76971.59,77018.68,161214.0
2026-08-19 09:40:00,77018.84,77050.05,76991.35,77035.67,145445.0
2026-08-19 09:45:00,77034.81,77067.66,77012.59,77061.38,226404.0
2026-08-19 09:50:00,77060.75,77102.8,77052.25,77070.11,165087.0
2026-08-19 09:55:00,77069.76,77071.26,77038.09,77043.37,108035.0
2026-08-19 10:00:00,77044.52,77069.62,77027.78,77054.28,283575.0
2026-08-19 10:05:00,77057.6,77069.55,77041.35,77045.84,155894.0
2026-08-19 10:10:00,77043.2,77057.45,77009.71,77025.73,116222.0
2026-08-19 10:15:00,77029.68,77036.48,76959.06,76969.9,88117.0
2026-08-19 10:20:00,76972.91,76973.71,76924.92,76932.73,111997.0
2026-08-19 10:25:00,76932.73,76948.36,76924.81,76935.8,77986.0
2026-08-19 10:30:00,76935.51,76941.11,76902.74,76914.98,159428.0
2026-08-19 10:35:00,76914.6,76929.39,76894.11,76903.08,102554.0
2026-08-19 10:40:00,76902.68,76940.61,76887.96,76932.28,173838.0
2026-08-19 10:45:00,76932.8,76938.54,76895.04,76919.54,150313.0
2026-08-19 10:50:00,76917.95,76941.31,76905.18,76939.71,76705.0
2026-08-19 10:55:00,76940.47,76962.52,76930.88,76935.68,95973.0
2026-08-19 11:00:00,76936.08,76936.08,76883.47,76892.87,71488.0
2026-08-19 11:05:00,76891.77,76899.43,76823.91,76857.83,129299.0
2026-08-19 11:10:00,76857.83,76887.94,76837.95,76879.85,129580.0
2026-08-19 11:15:00,76884.98,76893.77,76864.2,76887.91,65945.0
2026-08-19 11:20:00,76886.38,76913.08,76883.69,76891.3,79203.0
2026-08-19 11:25:00,76891.3,76906.24,76873.08,76893.0,90023.0
2026-08-19 11:30:00,76893.58,76907.86,76880.68,76902.36,126321.0
2026-08-19 11:35:00,76901.7,76905.29,76851.8,76869.96,374411.0
2026-08-19 11:40:00,76873.21,76892.04,76864.79,76891.18,135786.0
2026-08-19 11:45:00,76890.54,76963.93,76884.24,76963.21,244762.0
2026-08-19 11:50:00,76961.43,76992.04,76953.83,76988.12,175251.0
2026-08-19 11:55:00,76988.65,76996.6,76970.61,76990.88,228699.0
2026-08-19 12:00:00,76993.86,76993.86,76907.21,76909.04,178201.0
2026-08-19 12:05:00,76912.68,76935.27,76889.49,76897.2,702433.0
2026-08-19 12:10:00,76898.63,76908.07,76879.92,76892.33,88710.0
2026-08-19 12:15:00,76891.72,76925.59,76883.71,76924.41,130655.0
2026-08-19 12:20:00,76925.28,76934.36,76905.1,76934.36,64324.0
2026-08-19 12:25:00,76933.99,76936.44,76898.95,76923.2,56721.0
2026-08-19 12:30:00,76921.64,76923.05,76892.26,76902.99,62329.0
2026-08-19 12:35:00,76903.1,76927.38,76889.59,76905.68,82059.0
2026-08-19 12:40:00,76908.1,76926.06,76897.53,76915.0,40908.0
2026-08-19 12:45:00,76916.15,76916.65,76883.59,76901.53,100553.0
2026-08-19 12:50:00,76903.31,76921.29,76894.32,76911.16,84718.0
2026-08-19 12:55:00,76912.7,76914.05,76890.19,76908.52,320321.0
2026-08-19 13:00:00,76909.4,76937.74,76900.46,76925.09,84830.0
2026-08-19 13:05:00,76923.86,76937.06,76911.7,76934.32,118965.0
2026-08-19 13:10:00,76935.1,76937.23,76878.51,76879.02,77144.0
2026-08-19 13:15:00,76880.04,76887.71,76850.37,76877.75,37013.0
2026-08-19 13:20:00,76876.45,76876.45,76847.5,76856.52,73174.0
2026-08-19 13:25:00,76855.95,76868.07,76850.68,76857.92,144625.0
2026-08-19 13:30:00,76858.46,76868.27,76848.89,76854.8,56153.0
2026-08-19 13:35:00,76855.41,76882.14,76851.83,76871.03,66907.0
2026-08-19 13:40:00,76873.22,76885.64,76855.71,76864.95,86038.0
2026-08-19 13:45:00,76868.1,76882.57,76848.51,76866.77,74678.0
2026-08-19 13:50:00,76865.41,76869.63,76840.51,76854.02,81730.0
2026-08-19 13:55:00,76853.61,76885.1,76852.87,76874.85,76410.0
2026-08-19 14:00:00,76877.04,76925.43,76869.38,76925.43,73422.0
2026-08-19 14:05:00,76925.43,76938.43,76895.13,76919.94,66970.0
2026-08-19 14:10:00,76919.94,76946.97,76887.43,76901.2,186733.0
2026-08-19 14:15:00,76899.98,76903.53,76864.81,76866.13,104998.0
2026-08-19 14:20:00,76864.85,76867.35,76822.89,76839.58,58222.0
2026-08-19 14:25:00,76839.58,76860.23,76828.84,76858.82,123340.0
2026-08-19 14:30:00,76862.44,76910.05,76850.91,76903.66,137563.0
2026-08-19 14:35:00,76906.28,77010.21,76892.7,76907.01,119565.0
2026-08-19 14:40:00,76907.82,76921.96,76876.93,76911.24,52492.0
2026-08-19 14:45:00,76912.47,76923.12,76877.74,76881.95,74028.0
2026-08-19 14:50:00,76881.06,76925.53,76881.06,76903.93,151964.0
2026-08-19 14:55:00,76900.67,76934.57,76878.69,76922.13,237068.0
2026-08-19 15:00:00,76919.7,76951.17,76906.13,76930.88,152177.0
2026-08-19 15:05:00,76929.59,76929.97,76863.84,76888.01,132747.0
2026-08-19 15:10:00,76885.12,76941.13,76862.75,76908.68,132049.0
2026-08-19 15:15:00,76908.05,76908.05,76908.05,76908.05,104985.0
2026-08-19 15:20:00,76908.05,76908.05,76908.05,76908.05,104985.0
2026-08-19 15:25:00,76908.05,76910.02,76908.05,76909.68,104985.0
2026-08-20 09:15:00,77468.45,77494.79,77375.75,77398.64,528322.0
2026-08-20 09:20:00,77394.61,77410.73,77382.0,77393.34,199740.0
2026-08-20 09:25:00,77393.19,77429.49,77386.87,77399.89,181654.0
2026-08-20 09:30:00,77405.83,77431.57,77390.96,77430.22,1617730.0
2026-08-20 09:35:00,77428.37,77474.58,77424.13,77450.18,257731.0
2026-08-20 09:40:00,77450.57,77489.18,77444.1,77480.26,165980.0
2026-08-20 09:45:00,77482.94,77502.23,77457.82,77470.53,216177.0
2026-08-20 09:50:00,77466.95,77466.95,77426.52,77452.83,126855.0
2026-08-20 09:55:00,77449.22,77492.15,77446.39,77452.34,113825.0
2026-08-20 10:00:00,77452.34,77466.44,77427.38,77448.83,129585.0
2026-08-20 10:05:00,77450.39,77480.65,77432.07,77480.4,154309.0
2026-08-20 10:10:00,77481.48,77510.02,77445.33,77492.38,163452.0
2026-08-20 10:15:00,77493.63,77513.99,77488.0,77492.81,621527.0
2026-08-20 10:20:00,77490.41,77502.96,77474.26,77493.01,82842.0
2026-08-20 10:25:00,77492.61,77494.13,77442.03,77446.68,3265736.0
2026-08-20 10:30:00,77445.94,77470.74,77435.1,77441.21,115426.0
2026-08-20 10:35:00,77438.98,77450.76,77406.06,77421.87,100216.0
2026-08-20 10:40:00,77421.26,77446.51,77413.23,77439.99,56822.0
2026-08-20 10:45:00,77441.76,77451.58,77408.35,77435.99,107642.0
2026-08-20 10:50:00,77433.81,77454.07,77415.92,77421.69,93274.0
2026-08-20 10:55:00,77421.73,77457.31,77420.54,77448.52,2082651.0
2026-08-20 11:00:00,77451.94,77478.06,77439.4,77451.14,78147.0
2026-08-20 11:05:00,77453.71,77459.21,77434.73,77446.82,69854.0
2026-08-20 11:10:00,77446.94,77446.94,77412.01,77424.68,230911.0
2026-08-20 11:15:00,77428.83,77430.15,77398.09,77404.32,112613.0
2026-08-20 11:20:00,77403.1,77407.72,77381.36,77382.09,69617.0
2026-08-20 11:25:00,77382.09,77396.78,77371.0,77396.78,115535.0
2026-08-20 11:30:00,77394.28,77450.31,77394.28,77428.74,132472.0
2026-08-20 11:35:00,77435.22,77438.63,77413.36,77428.15,61158.0
2026-08-20 11:40:00,77427.51,77435.26,77410.95,77426.84,558452.0
2026-08-20 11:45:00,77424.84,77459.13,77423.25,77433.2,76988.0
2026-08-20 11:50:00,77433.08,77444.3,77422.92,77443.51,59248.0
2026-08-20 11:55:00,77444.43,77454.61,77431.63,77449.84,350453.0
2026-08-20 12:00:00,77451.74,77455.17,77427.25,77427.25,64063.0
2026-08-20 12:05:00,77429.82,77444.2,77423.57,77440.72,46816.0
2026-08-20 12:10:00,77441.02,77460.97,77436.32,77450.32,38749.0
2026-08-20 12:15:00,77447.69,77464.91,77439.32,77448.0,51422.0
2026-08-20 12:20:00,77454.02,77457.21,77429.93,77443.74,56948.0
2026-08-20 12:25:00,77443.64,77444.45,77425.06,77433.01,34992.0
2026-08-20 12:30:00,77433.83,77445.4,77424.84,77434.72,60356.0
2026-08-20 12:35:00,77437.94,77443.34,77422.56,77443.34,53612.0
2026-08-20 12:40:00,77443.34,77474.56,77440.61,77459.04,57259.0
2026-08-20 12:45:00,77459.04,77553.93,77455.91,77539.28,70006.0
2026-08-20 12:50:00,77543.34,77609.54,77539.29,77555.8,296324.0
2026-08-20 12:55:00,77553.23,77599.13,77486.23,77574.36,453727.0
2026-08-20 13:00:00,77574.36,77574.36,77512.13,77550.55,151570.0
2026-08-20 13:05:00,77552.02,77570.24,77547.17,77558.25,43805.0
2026-08-20 13:10:00,77559.07,77577.19,77546.83,77576.12,100580.0
2026-08-20 13:15:00,77576.64,77588.28,77519.28,77552.5,145298.0
2026-08-20 13:20:00,77552.82,77593.33,77524.96,77593.33,46929.0
2026-08-20 13:25:00,77593.31,77596.22,77547.04,77556.68,48415.0
2026-08-20 13:30:00,77556.53,77597.35,77554.47,77595.68,56445.0
2026-08-20 13:35:00,77595.15,77599.96,77553.26,77556.84,48946.0
2026-08-20 13:40:00,77556.84,77597.28,77541.19,77563.7,102368.0
2026-08-20 13:45:00,77563.74,77602.32,77554.28,77586.84,75832.0
2026-08-20 13:50:00,77585.69,77588.65,77538.04,77564.39,52425.0
2026-08-20 13:55:00,77567.46,77582.34,77517.16,77517.17,38075.0
2026-08-20 14:00:00,77525.7,77557.69,77506.57,77536.97,35794.0
2026-08-20 14:05:00,77537.64,77550.79,77497.91,77549.38,55978.0
2026-08-20 14:10:00,77550.4,77569.71,77525.4,77560.83,78155.0
2026-08-20 14:15:00,77559.84,77561.24,77489.85,77557.86,68269.0
2026-08-20 14:20:00,77555.6,77572.05,77483.93,77572.05,241354.0
2026-08-20 14:25:00,77573.98,77596.64,77524.67,77583.78,234346.0
2026-08-20 14:30:00,77581.66,77596.2,77548.06,77596.2,253552.0
2026-08-20 14:35:00,77603.78,77611.11,77530.78,77584.28,134320.0
2026-08-20 14:40:00,77583.94,77594.47,77561.35,77566.22,68059.0
2026-08-20 14:45:00,77562.92,77571.06,77544.98,77556.0,88882.0
2026-08-20 14:50:00,77556.0,77570.91,77527.34,77565.92,96879.0
2026-08-20 14:55:00,77564.77,77584.54,77531.3,77553.86,90060.0
2026-08-20 15:00:00,77554.16,77581.99,77489.2,77581.0,417384.0
2026-08-20 15:05:00,77580.85,77580.85,77473.03,77476.59,266307.0
2026-08-20 15:10:00,77478.68,77526.42,77439.6,77488.19,111100.0
2026-08-20 15:15:00,77485.29,77485.29,77485.29,77485.29,120115.0
2026-08-20 15:20:00,77485.29,77485.29,77485.29,77485.29,120115.0
2026-08-20 15:25:00,77485.29,77537.72,77485.29,77537.72,120115.0
2026-08-21 09:15:00,77701.07,77725.67,77538.22,77540.53,464805.0
2026-08-21 09:20:00,77539.17,77539.17,77448.4,77481.72,251883.0
2026-08-21 09:25:00,77491.38,77525.26,77475.27,77511.92,194113.0
2026-08-21 09:30:00,77507.86,77513.64,77447.13,77451.78,161034.0
2026-08-21 09:35:00,77449.15,77500.01,77445.86,77490.64,1165886.0
2026-08-21 09:40:00,77494.11,77584.2,77491.89,77579.13,177844.0
2026-08-21 09:45:00,77579.8,77608.3,77574.32,77590.65,153966.0
2026-08-21 09:50:00,77590.93,77628.36,77587.97,77621.12,100463.0
2026-08-21 09:55:00,77621.86,77622.74,77584.32,77598.93,102208.0
2026-08-21 10:00:00,77600.35,77609.97,77562.71,77567.69,109866.0
2026-08-21 10:05:00,77569.92,77573.64,77529.81,77533.8,440315.0
2026-08-21 10:10:00,77534.2,77566.45,77521.77,77563.47,90610.0
2026-08-21 10:15:00,77563.66,77563.66,77541.73,77546.83,94555.0
2026-08-21 10:20:00,77543.13,77594.25,77536.67,77594.25,1827275.0
2026-08-21 10:25:00,77594.57,77627.73,77578.18,77627.16,313210.0
2026-08-21 10:30:00,77627.73,77632.81,77608.36,77615.13,168730.0
2026-08-21 10:35:00,77615.13,77622.99,77601.43,77617.07,146498.0
2026-08-21 10:40:00,77616.42,77634.16,77609.89,77627.06,117734.0
2026-08-21 10:45:00,77631.14,77640.28,77601.72,77617.47,90389.0
2026-08-21 10:50:00,77616.56,77666.79,77609.28,77661.86,177563.0
2026-08-21 10:55:00,77661.14,77665.91,77621.63,77642.8,253462.0
2026-08-21 11:00:00,77644.94,77666.92,77640.46,77657.44,102585.0
2026-08-21 11:05:00,77654.87,77672.54,77639.03,77643.69,259803.0
2026-08-21 11:10:00,77643.5,77655.19,77629.65,77654.38,73431.0
2026-08-21 11:15:00,77649.85,77664.4,77617.98,77627.66,152349.0
2026-08-21 11:20:00,77628.62,77633.13,77605.41,77624.94,78809.0
2026-08-21 11:25:00,77627.51,77639.77,77618.32,77623.96,68465.0
2026-08-21 11:30:00,77624.25,77654.22,77619.99,77633.63,174699.0
2026-08-21 11:35:00,77638.57,77642.61,77620.51,77629.27,70022.0
2026-08-21 11:40:00,77629.26,77634.14,77598.14,77610.96,86335.0
2026-08-21 11:45:00,77611.65,77630.39,77601.43,77622.1,85527.0
2026-08-21 11:50:00,77622.1,77646.71,77608.2,77608.2,350910.0
2026-08-21 11:55:00,77608.33,77609.2,77571.47,77584.71,812728.0
2026-08-21 12:00:00,77579.67,77600.27,77572.36,77583.91,64149.0
2026-08-21 12:05:00,77583.91,77592.2,77568.6,77573.17,36472.0
2026-08-21 12:10:00,77571.93,77585.53,77557.8,77557.8,53892.0
2026-08-21 12:15:00,77558.09,77573.34,77537.81,77566.05,63433.0
2026-08-21 12:20:00,77566.05,77587.4,77566.05,77581.98,51476.0
2026-08-21 12:25:00,77581.98,77588.46,77561.05,77575.45,29442.0
2026-08-21 12:30:00,77573.52,77595.52,77573.52,77581.35,39528.0
2026-08-21 12:35:00,77581.35,77596.1,77561.11,77561.11,85105.0
2026-08-21 12:40:00,77565.8,77571.12,77531.87,77539.45,58614.0
2026-08-21 12:45:00,77540.13,77566.11,77532.95,77539.68,61132.0
2026-08-21 12:50:00,77540.13,77555.54,77537.86,77545.85,39304.0
2026-08-21 12:55:00,77553.03,77559.76,77532.61,77541.52,50733.0
2026-08-21 13:00:00,77542.57,77570.88,77536.92,77568.02,44421.0
2026-08-21 13:05:00,77565.74,77608.88,77565.71,77598.76,67372.0
2026-08-21 13:10:00,77600.02,77602.02,77576.73,77579.58,73368.0
2026-08-21 13:15:00,77581.07,77593.08,77557.01,77584.0,73771.0
2026-08-21 13:20:00,77583.95,77587.02,77539.35,77556.03,52163.0
2026-08-21 13:25:00,77557.87,77574.8,77543.61,77574.8,35515.0
2026-08-21 13:30:00,77575.33,77588.85,77548.17,77558.35,56106.0
2026-08-21 13:35:00,77555.16,77564.42,77521.31,77538.91,40388.0
2026-08-21 13:40:00,77539.11,77550.99,77524.17,77546.0,39745.0
2026-08-21 13:45:00,77546.94,77554.96,77525.72,77530.9,104711.0
2026-08-21 13:50:00,77526.82,77558.9,77517.91,77542.72,1479762.0
2026-08-21 13:55:00,77542.72,77568.92,77537.93,77548.44,291557.0
2026-08-21 14:00:00,77548.44,77551.5,77516.3,77530.47,59946.0
2026-08-21 14:05:00,77530.47,77533.57,77501.66,77506.99,60734.0
2026-08-21 14:10:00,77506.91,77535.54,77497.51,77529.84,40662.0
2026-08-21 14:15:00,77529.84,77557.2,77521.14,77544.65,57034.0
2026-08-21 14:20:00,77544.68,77564.22,77533.44,77559.97,56815.0
2026-08-21 14:25:00,77559.97,77563.8,77537.3,77560.29,59795.0
2026-08-21 14:30:00,77560.75,77576.25,77538.93,77548.25,105334.0
2026-08-21 14:35:00,77546.32,77549.09,77531.32,77538.24,1672108.0
2026-08-21 14:40:00,77536.88,77545.06,77527.59,77536.92,204905.0
2026-08-21 14:45:00,77535.61,77560.74,77531.99,77549.49,93990.0
2026-08-21 14:50:00,77551.5,77564.06,77540.42,77548.85,70413.0
2026-08-21 14:55:00,77546.04,77559.39,77521.3,77534.16,96433.0
2026-08-21 15:00:00,77530.23,77556.1,77527.52,77538.88,121807.0
2026-08-21 15:05:00,77538.54,77553.98,77516.41,77527.92,140437.0
2026-08-21 15:10:00,77528.04,77529.01,77478.27,77518.89,128282.0
2026-08-21 15:15:00,77522.47,77522.47,77522.47,77522.47,106695.0
2026-08-21 15:20:00,77522.47,77522.47,77522.47,77522.47,106695.0
2026-08-21 15:25:00,77522.47,77540.83,77522.47,77540.83,106695.0
2026-08-24 09:15:00,77629.56,77789.4,77619.83,77745.36,448766.0
2026-08-24 09:20:00,77744.36,77776.18,77733.59,77740.26,180928.0
2026-08-24 09:25:00,77748.12,77757.75,77696.64,77701.6,143929.0
2026-08-24 09:30:00,77702.04,77707.44,77644.27,77649.64,170156.0
2026-08-24 09:35:00,77650.55,77702.0,77649.36,77684.09,112195.0
2026-08-24 09:40:00,77683.13,77685.34,77649.54,77676.77,68939.0
2026-08-24 09:45:00,77675.48,77684.22,77646.27,77646.27,125710.0
2026-08-24 09:50:00,77646.89,77666.91,77626.39,77628.09,90082.0
2026-08-24 09:55:00,77631.77,77647.69,77601.37,77609.19,83800.0
2026-08-24 10:00:00,77609.89,77635.66,77609.49,77622.01,65935.0
2026-08-24 10:05:00,77622.19,77626.37,77601.87,77617.26,72953.0
2026-08-24 10:10:00,77615.51,77632.49,77610.23,77631.25,52766.0
2026-08-24 10:15:00,77631.03,77646.29,77618.98,77629.23,84311.0
2026-08-24 10:20:00,77629.23,77651.98,77626.26,77633.58,48895.0
2026-08-24 10:25:00,77636.48,77643.64,77619.61,77629.32,138389.0
2026-08-24 10:30:00,77626.75,77644.76,77618.74,77636.55,86669.0
2026-08-24 10:35:00,77636.55,77661.86,77625.95,77646.61,67719.0
2026-08-24 10:40:00,77646.46,77646.46,77624.12,77640.59,268590.0
2026-08-24 10:45:00,77637.1,77639.68,77595.09,77601.13,122661.0
2026-08-24 10:50:00,77597.08,77608.32,77576.41,77602.38,57737.0
2026-08-24 10:55:00,77602.38,77610.62,77522.86,77527.09,110150.0
2026-08-24 11:00:00,77525.01,77542.72,77467.16,77472.6,143626.0
2026-08-24 11:05:00,77471.81,77480.25,77435.54,77438.76,70796.0
2026-08-24 11:10:00,77438.76,77455.81,77408.24,77410.01,155213.0
2026-08-24 11:15:00,77415.42,77440.36,77398.16,77436.83,71209.0
2026-08-24 11:20:00,77437.81,77446.37,77385.81,77398.44,78764.0
2026-08-24 11:25:00,77389.01,77400.31,77366.43,77399.9,50498.0
2026-08-24 11:30:00,77399.36,77399.53,77311.57,77320.87,68562.0
2026-08-24 11:35:00,77321.48,77333.62,77305.56,77330.78,60023.0
2026-08-24 11:40:00,77330.93,77361.18,77318.54,77337.47,75732.0
2026-08-24 11:45:00,77338.22,77375.05,77337.76,77358.53,138825.0
2026-08-24 11:50:00,77359.14,77371.05,77336.21,77345.25,54918.0
2026-08-24 11:55:00,77346.45,77359.04,77313.58,77317.41,345629.0
2026-08-24 12:00:00,77318.23,77343.11,77311.02,77336.92,59559.0
2026-08-24 12:05:00,77337.08,77353.15,77318.63,77349.96,57201.0
2026-08-24 12:10:00,77351.35,77367.16,77336.56,77352.5,37878.0
2026-08-24 12:15:00,77352.48,77359.92,77327.77,77341.11,41777.0
2026-08-24 12:20:00,77341.19,77356.25,77332.75,77352.19,31469.0
2026-08-24 12:25:00,77350.83,77361.33,77318.17,77318.17,105025.0
2026-08-24 12:30:00,77316.88,77330.9,77307.18,77312.02,57508.0
2026-08-24 12:35:00,77312.02,77327.45,77291.26,77294.26,42059.0
2026-08-24 12:40:00,77298.11,77298.85,77278.06,77287.93,37749.0
2026-08-24 12:45:00,77285.6,77313.06,77284.92,77305.36,507006.0
2026-08-24 12:50:00,77305.36,77312.18,77287.02,77299.57,38694.0
2026-08-24 12:55:00,77299.61,77318.85,77293.41,77299.66,51388.0
2026-08-24 13:00:00,77299.74,77306.77,77231.03,77254.02,101171.0
2026-08-24 13:05:00,77256.94,77256.94,77201.66,77230.8,67957.0
2026-08-24 13:10:00,77230.8,77255.18,77219.23,77252.38,74512.0
2026-08-24 13:15:00,77252.86,77276.06,77235.11,77270.45,124075.0
2026-08-24 13:20:00,77277.37,77295.2,77270.5,77288.05,31333.0
2026-08-24 13:25:00,77288.26,77312.39,77276.93,77303.31,428916.0
2026-08-24 13:30:00,77304.44,77312.52,77255.1,77261.27,56224.0
2026-08-24 13:35:00,77267.69,77286.45,77259.28,77279.62,30225.0
2026-08-24 13:40:00,77280.15,77285.78,77258.96,77265.78,48799.0
2026-08-24 13:45:00,77265.13,77278.06,77256.42,77266.2,36296.0
2026-08-24 13:50:00,77261.6,77281.84,77243.54,77243.59,34980.0
2026-08-24 13:55:00,77239.85,77255.23,77234.76,77250.71,42871.0
2026-08-24 14:00:00,77250.48,77272.13,77239.81,77263.44,187269.0
2026-08-24 14:05:00,77262.22,77269.11,77249.88,77257.4,57748.0
2026-08-24 14:10:00,77256.8,77259.93,77218.43,77220.91,87629.0
2026-08-24 14:15:00,77220.91,77229.91,77209.83,77221.94,109148.0
2026-08-24 14:20:00,77222.99,77243.68,77209.52,77215.39,62737.0
2026-08-24 14:25:00,77217.57,77261.27,77217.57,77240.9,427602.0
2026-08-24 14:30:00,77239.68,77296.86,77239.68,77290.45,91334.0
2026-08-24 14:35:00,77290.5,77300.42,77269.98,77275.48,113745.0
2026-08-24 14:40:00,77279.03,77279.94,77241.41,77269.91,180291.0
2026-08-24 14:45:00,77269.55,77276.47,77246.15,77247.68,99772.0
2026-08-24 14:50:00,77252.28,77290.56,77245.37,77282.49,93909.0
2026-08-24 14:55:00,77285.5,77295.8,77271.61,77289.29,129333.0
2026-08-24 15:00:00,77291.61,77322.02,77290.48,77305.52,372803.0
2026-08-24 15:05:00,77306.95,77317.81,77258.01,77316.84,196743.0
2026-08-24 15:10:00,77317.04,77331.84,77282.43,77328.1,102986.0
2026-08-24 15:15:00,77328.1,77328.1,77328.1,77328.1,147710.0
2026-08-24 15:20:00,77328.1,77328.1,77328.1,77328.1,147710.0
2026-08-24 15:25:00,77328.1,77370.13,77328.1,77370.13,147710.0
2026-08-25 09:15:00,77295.49,77325.46,77146.03,77325.46,394182.0
2026-08-25 09:20:00,77327.12,77379.16,77309.33,77311.69,179993.0
2026-08-25 09:25:00,77311.74,77356.4,77299.27,77338.61,128767.0
2026-08-25 09:30:00,77337.82,77390.72,77333.92,77371.36,143652.0
2026-08-25 09:35:00,77373.8,77380.5,77296.2,77310.83,115764.0
2026-08-25 09:40:00,77309.79,77309.79,77242.75,77245.92,58734.0
2026-08-25 09:45:00,77244.92,77273.98,77220.58,77233.47,87610.0
2026-08-25 09:50:00,77233.47,77242.97,77165.79,77185.13,65203.0
2026-08-25 09:55:00,77185.7,77211.29,77172.78,77192.47,66241.0
2026-08-25 10:00:00,77193.17,77207.81,77169.8,77207.81,46910.0
2026-08-25 10:05:00,77207.81,77225.09,77183.14,77183.14,38589.0
2026-08-25 10:10:00,77184.74,77210.42,77183.34,77203.4,48637.0
2026-08-25 10:15:00,77203.95,77206.97,77165.8,77168.94,41618.0
2026-08-25 10:20:00,77174.09,77178.82,77131.86,77138.85,65244.0
2026-08-25 10:25:00,77138.03,77158.11,77125.91,77149.71,51432.0
2026-08-25 10:30:00,77148.85,77180.96,77145.77,77178.16,36716.0
2026-08-25 10:35:00,77177.14,77182.13,77156.92,77181.32,37623.0
2026-08-25 10:40:00,77181.32,77201.33,77162.25,77198.47,41480.0
2026-08-25 10:45:00,77200.03,77261.93,77193.53,77259.8,86848.0
2026-08-25 10:50:00,77259.95,77295.01,77243.68,77252.89,310347.0
2026-08-25 10:55:00,77252.59,77264.37,77207.58,77218.13,313265.0
2026-08-25 11:00:00,77216.43,77231.85,77192.17,77193.47,294030.0
2026-08-25 11:05:00,77193.97,77222.2,77192.68,77198.6,34078.0
2026-08-25 11:10:00,77199.51,77207.66,77170.16,77202.96,105938.0
2026-08-25 11:15:00,77202.66,77225.73,77202.66,77212.34,57669.0
2026-08-25 11:20:00,77212.34,77252.96,77207.31,77238.2,48374.0
2026-08-25 11:25:00,77238.95,77247.78,77223.93,77228.05,42679.0
2026-08-25 11:30:00,77228.48,77261.26,77222.94,77238.29,45148.0
2026-08-25 11:35:00,77237.64,77237.92,77203.97,77233.6,34257.0
2026-08-25 11:40:00,77233.6,77243.74,77225.29,77238.58,45660.0
2026-08-25 11:45:00,77234.68,77245.92,77186.97,77211.33,99066.0
2026-08-25 11:50:00,77211.33,77267.9,77194.67,77267.9,42846.0
2026-08-25 11:55:00,77267.9,77361.55,77259.76,77337.57,42185.0
2026-08-25 12:00:00,77336.87,77352.67,77286.66,77343.34,120554.0
2026-08-25 12:05:00,77343.7,77343.7,77307.12,77309.1,79700.0
2026-08-25 12:10:00,77309.1,77321.34,77294.46,77317.05,21519.0
2026-08-25 12:15:00,77317.16,77342.56,77317.16,77332.75,117701.0
2026-08-25 12:20:00,77332.75,77340.77,77299.42,77304.62,76550.0
2026-08-25 12:25:00,77304.19,77328.12,77287.43,77308.84,66822.0
2026-08-25 12:30:00,77308.04,77311.69,77281.22,77307.69,105375.0
2026-08-25 12:35:00,77307.69,77307.69,77263.63,77278.15,76039.0
2026-08-25 12:40:00,77276.21,77280.1,77252.28,77267.45,32667.0
2026-08-25 12:45:00,77267.45,77279.88,77245.39,77267.21,75649.0
2026-08-25 12:50:00,77271.71,77281.12,77253.93,77262.45,137687.0
2026-08-25 12:55:00,77259.19,77276.7,77247.28,77267.4,41208.0
2026-08-25 13:00:00,77267.86,77269.47,77206.08,77216.08,44893.0
2026-08-25 13:05:00,77217.54,77223.41,77198.1,77203.53,54969.0
2026-08-25 13:10:00,77204.58,77218.37,77170.95,77171.78,75945.0
2026-08-25 13:15:00,77171.33,77183.93,77156.87,77165.85,30773.0
2026-08-25 13:20:00,77165.85,77176.16,77142.19,77142.68,33188.0
2026-08-25 13:25:00,77141.8,77168.41,77134.85,77163.05,65186.0
2026-08-25 13:30:00,77163.12,77174.82,77157.9,77168.73,56546.0
2026-08-25 13:35:00,77168.73,77186.82,77155.12,77186.47,66666.0
2026-08-25 13:40:00,77186.47,77210.01,77180.38,77193.71,72970.0
2026-08-25 13:45:00,77193.71,77198.25,77171.89,77178.05,48522.0
2026-08-25 13:50:00,77177.8,77301.97,77166.07,77301.97,79742.0
2026-08-25 13:55:00,77302.98,77308.53,77238.88,77248.17,46248.0
2026-08-25 14:00:00,77247.0,77252.99,77194.76,77245.77,65648.0
2026-08-25 14:05:00,77247.73,77265.27,77234.94,77241.48,66233.0
2026-08-25 14:10:00,77241.48,77265.29,77238.43,77248.23,32738.0
2026-08-25 14:15:00,77247.0,77258.7,77237.83,77255.23,40973.0
2026-08-25 14:20:00,77255.23,77284.36,77244.31,77257.55,81686.0
2026-08-25 14:25:00,77252.64,77331.7,77252.05,77327.33,53524.0
2026-08-25 14:30:00,77327.02,77424.96,77312.04,77381.56,81730.0
2026-08-25 14:35:00,77380.32,77421.21,77353.91,77377.09,68264.0
2026-08-25 14:40:00,77375.28,77417.28,77371.3,77399.46,60077.0
2026-08-25 14:45:00,77400.64,77460.94,77400.64,77456.43,63271.0
2026-08-25 14:50:00,77456.21,77530.33,77439.96,77501.57,171499.0
2026-08-25 14:55:00,77507.01,77545.31,77494.6,77539.74,108396.0
2026-08-25 15:00:00,77536.05,77547.94,77500.27,77545.11,109951.0
2026-08-25 15:05:00,77545.11,77545.11,77502.77,77517.67,127254.0
2026-08-25 15:10:00,77520.54,77587.56,77512.81,77526.75,187410.0
2026-08-25 15:15:00,77529.94,77529.94,77529.94,77529.94,139020.0
2026-08-25 15:20:00,77529.94,77529.94,77529.94,77529.94,139020.0
2026-08-25 15:25:00,77529.94,77666.39,77529.94,77656.09,139020.0
2026-08-26 09:15:00,77892.1,77929.64,77805.62,77827.42,325589.0
2026-08-26 09:20:00,77824.83,77934.7,77818.2,77934.7,199737.0
2026-08-26 09:25:00,77935.1,77949.55,77900.91,77906.72,133686.0
2026-08-26 09:30:00,77907.69,77928.65,77879.77,77895.65,187905.0
2026-08-26 09:35:00,77891.34,77915.76,77864.12,77910.31,151626.0
2026-08-26 09:40:00,77907.34,77970.02,77907.34,77960.57,316375.0
2026-08-26 09:45:00,77963.2,77986.84,77956.1,77961.97,124153.0
2026-08-26 09:50:00,77964.77,77965.39,77929.24,77934.63,84835.0
2026-08-26 09:55:00,77934.74,77972.46,77931.72,77955.12,82274.0
2026-08-26 10:00:00,77955.1,77956.07,77911.42,77921.89,85482.0
2026-08-26 10:05:00,77921.59,77932.13,77871.93,77877.01,59808.0
2026-08-26 10:10:00,77876.41,77882.06,77830.78,77859.61,73720.0
2026-08-26 10:15:00,77862.03,77869.53,77772.81,77779.79,141648.0
2026-08-26 10:20:00,77778.97,77789.38,77712.15,77729.5,104630.0
2026-08-26 10:25:00,77730.27,77736.85,77701.18,77730.39,58019.0
2026-08-26 10:30:00,77730.56,77798.46,77730.56,77786.4,106168.0
2026-08-26 10:35:00,77786.09,77801.68,77774.58,77790.21,70354.0
2026-08-26 10:40:00,77790.94,77825.68,77777.24,77810.61,57330.0
2026-08-26 10:45:00,77810.29,77814.15,77768.47,77784.0,85325.0
2026-08-26 10:50:00,77782.8,77791.48,77759.39,77787.71,1044429.0
2026-08-26 10:55:00,77788.73,77812.95,77775.22,77787.42,31757.0
2026-08-26 11:00:00,77787.1,77790.12,77752.61,77760.74,258243.0
2026-08-26 11:05:00,77762.11,77777.9,77742.46,77776.6,72376.0
2026-08-26 11:10:00,77780.55,77812.89,77777.25,77812.58,100191.0
2026-08-26 11:15:00,77813.79,77826.44,77731.63,77755.16,75906.0
2026-08-26 11:20:00,77755.16,77765.73,77709.72,77720.05,86177.0
2026-08-26 11:25:00,77720.29,77747.28,77720.29,77737.2,46442.0
2026-08-26 11:30:00,77732.66,77742.28,77704.1,77717.57,63836.0
2026-08-26 11:35:00,77718.38,77768.64,77718.38,77750.39,56453.0
2026-08-26 11:40:00,77750.39,77760.01,77742.49,77750.2,34181.0
2026-08-26 11:45:00,77754.06,77756.33,77717.51,77724.25,40375.0
2026-08-26 11:50:00,77723.35,77730.88,77670.34,77678.87,54866.0
2026-08-26 11:55:00,77682.08,77710.59,77674.04,77691.36,39467.0
2026-08-26 12:00:00,77692.9,77698.75,77636.93,77650.07,41270.0
2026-08-26 12:05:00,77650.07,77677.61,77638.41,77638.41,56702.0
2026-08-26 12:10:00,77638.11,77671.32,77625.73,77671.32,59936.0
2026-08-26 12:15:00,77670.48,77701.96,77659.44,77692.11,262884.0
2026-08-26 12:20:00,77692.11,77712.53,77674.27,77705.53,57517.0
2026-08-26 12:25:00,77708.78,77711.37,77661.02,77679.02,34956.0
2026-08-26 12:30:00,77679.64,77679.64,77646.35,77675.41,175902.0
2026-08-26 12:35:00,77675.59,77693.1,77668.78,77674.9,147022.0
2026-08-26 12:40:00,77675.21,77687.44,77647.76,77679.43,33835.0
2026-08-26 12:45:00,77683.11,77687.37,77651.44,77669.81,44265.0
2026-08-26 12:50:00,77669.81,77669.81,77638.74,77649.61,30992.0
2026-08-26 12:55:00,77652.46,77672.7,77651.65,77669.16,34716.0
2026-08-26 13:00:00,77669.22,77669.99,77621.48,77649.87,33696.0
2026-08-26 13:05:00,77649.87,77668.99,77641.03,77642.51,52747.0
2026-08-26 13:10:00,77640.88,77645.52,77621.12,77626.14,32734.0
2026-08-26 13:15:00,77627.86,77627.86,77580.57,77604.98,53078.0
2026-08-26 13:20:00,77604.95,77607.07,77570.33,77583.99,26880.0
2026-08-26 13:25:00,77584.4,77605.09,77566.77,77587.18,122870.0
2026-08-26 13:30:00,77592.23,77602.05,77579.37,77590.28,34236.0
2026-08-26 13:35:00,77590.28,77603.92,77581.17,77603.92,34402.0
2026-08-26 13:40:00,77603.41,77627.97,77577.99,77584.72,117582.0
2026-08-26 13:45:00,77584.72,77585.84,77565.65,77575.89,32853.0
2026-08-26 13:50:00,77578.71,77618.05,77569.19,77585.49,150506.0
2026-08-26 13:55:00,77587.28,77607.05,77565.55,77594.28,52521.0
2026-08-26 14:00:00,77595.05,77632.27,77545.07,77612.73,305244.0
2026-08-26 14:05:00,77610.3,77620.44,77569.83,77609.76,81161.0
2026-08-26 14:10:00,77611.46,77653.15,77574.39,77614.25,143455.0
2026-08-26 14:15:00,77614.39,77638.94,77607.96,77633.51,28384.0
2026-08-26 14:20:00,77634.21,77639.47,77611.86,77615.08,1065683.0
2026-08-26 14:25:00,77615.08,77619.31,77589.01,77605.27,47258.0
2026-08-26 14:30:00,77604.63,77655.71,77585.09,77637.06,1299547.0
2026-08-26 14:35:00,77633.7,77640.06,77614.47,77628.69,101409.0
2026-08-26 14:40:00,77627.18,77642.64,77619.41,77626.18,54722.0
2026-08-26 14:45:00,77626.23,77673.49,77617.74,77666.87,149519.0
2026-08-26 14:50:00,77667.45,77677.08,77649.32,77668.85,227119.0
2026-08-26 14:55:00,77668.73,77691.79,77625.76,77656.56,373230.0
2026-08-26 15:00:00,77665.53,77665.53,77607.17,77652.77,198225.0
2026-08-26 15:05:00,77658.42,77658.42,77590.53,77611.36,118045.0
2026-08-26 15:10:00,77618.3,77645.7,77593.52,77604.38,161102.0
2026-08-26 15:15:00,77614.31,77614.31,77614.31,77614.31,91035.0
2026-08-26 15:20:00,77614.31,77614.31,77614.31,77614.31,91035.0
2026-08-26 15:25:00,77614.31,77614.31,77472.94,77472.94,91035.0
2026-08-26 17:00:00,77472.94,77472.94,77472.94,77472.94,0.0
